기준_날짜,승차_역,하차_역,승차시간,인원수
20250528,강남,강남,0,11
20250528,강남,강남,4,1
20250528,강남,강남,5,6
20250528,강남,강남,6,2
20250528,강남,강남,7,3
20250528,강남,강남,8,13
20250528,강남,강남,9,19
20250528,강남,강남,10,22
20250528,강남,강남,11,30
20250528,강남,강남,12,33
20250528,강남,강남,13,27
20250528,강남,강남,14,40
20250528,강남,강남,15,41
20250528,강남,강남,16,39
20250528,강남,강남,17,55
20250528,강남,강남,18,46
20250528,강남,강남,19,45
20250528,강남,강남,20,29
20250528,강남,강남,21,54
20250528,강남,강남,22,47
20250528,강남,강남,23,22
20250528,강남,강변(동서울터미널),0,11
20250528,강남,강변(동서울터미널),5,3
20250528,강남,강변(동서울터미널),6,7
20250528,강남,강변(동서울터미널),7,18
20250528,강남,강변(동서울터미널),8,16
20250528,강남,강변(동서울터미널),9,17
20250528,강남,강변(동서울터미널),10,21
20250528,강남,강변(동서울터미널),11,36
20250528,강남,강변(동서울터미널),12,37
20250528,강남,강변(동서울터미널),13,41
20250528,강남,강변(동서울터미널),14,65
20250528,강남,강변(동서울터미널),15,53
20250528,강남,강변(동서울터미널),16,75
20250528,강남,강변(동서울터미널),17,159
20250528,강남,강변(동서울터미널),18,250
20250528,강남,강변(동서울터미널),19,107
20250528,강남,강변(동서울터미널),20,91
20250528,강남,강변(동서울터미널),21,110
20250528,강남,강변(동서울터미널),22,126
20250528,강남,강변(동서울터미널),23,30
20250528,강남,건대입구,0,31
20250528,강남,건대입구,5,2
20250528,강남,건대입구,6,11
20250528,강남,건대입구,7,15
20250528,강남,건대입구,8,36
20250528,강남,건대입구,9,28
20250528,강남,건대입구,10,24
20250528,강남,건대입구,11,30
20250528,강남,건대입구,12,42
20250528,강남,건대입구,13,57
20250528,강남,건대입구,14,50
20250528,강남,건대입구,15,54
20250528,강남,건대입구,16,68
20250528,강남,건대입구,17,127
20250528,강남,건대입구,18,220
20250528,강남,건대입구,19,121
20250528,강남,건대입구,20,95
20250528,강남,건대입구,21,120
20250528,강남,건대입구,22,115
20250528,강남,건대입구,23,45
20250528,강남,교대(법원.검찰청),0,7
20250528,강남,교대(법원.검찰청),5,5
20250528,강남,교대(법원.검찰청),6,16
20250528,강남,교대(법원.검찰청),7,57
20250528,강남,교대(법원.검찰청),8,136
20250528,강남,교대(법원.검찰청),9,118
20250528,강남,교대(법원.검찰청),10,104
20250528,강남,교대(법원.검찰청),11,101
20250528,강남,교대(법원.검찰청),12,91
20250528,강남,교대(법원.검찰청),13,125
20250528,강남,교대(법원.검찰청),14,104
20250528,강남,교대(법원.검찰청),15,84
20250528,강남,교대(법원.검찰청),16,83
20250528,강남,교대(법원.검찰청),17,105
20250528,강남,교대(법원.검찰청),18,105
20250528,강남,교대(법원.검찰청),19,72
20250528,강남,교대(법원.검찰청),20,58
20250528,강남,교대(법원.검찰청),21,58
20250528,강남,교대(법원.검찰청),22,46
20250528,강남,교대(법원.검찰청),23,23
20250528,강남,구로디지털단지,0,19
20250528,강남,구로디지털단지,5,7
20250528,강남,구로디지털단지,6,28
20250528,강남,구로디지털단지,7,85
20250528,강남,구로디지털단지,8,114
20250528,강남,구로디지털단지,9,55
20250528,강남,구로디지털단지,10,52
20250528,강남,구로디지털단지,11,36
20250528,강남,구로디지털단지,12,57
20250528,강남,구로디지털단지,13,80
20250528,강남,구로디지털단지,14,98
20250528,강남,구로디지털단지,15,110
20250528,강남,구로디지털단지,16,152
20250528,강남,구로디지털단지,17,242
20250528,강남,구로디지털단지,18,389
20250528,강남,구로디지털단지,19,252
20250528,강남,구로디지털단지,20,245
20250528,강남,구로디지털단지,21,249
20250528,강남,구로디지털단지,22,226
20250528,강남,구로디지털단지,23,109
20250528,강남,구의(광진구청),0,17
20250528,강남,구의(광진구청),5,3
20250528,강남,구의(광진구청),6,10
20250528,강남,구의(광진구청),7,16
20250528,강남,구의(광진구청),8,26
20250528,강남,구의(광진구청),9,22
20250528,강남,구의(광진구청),10,16
20250528,강남,구의(광진구청),11,26
20250528,강남,구의(광진구청),12,28
20250528,강남,구의(광진구청),13,35
20250528,강남,구의(광진구청),14,39
20250528,강남,구의(광진구청),15,82
20250528,강남,구의(광진구청),16,84
20250528,강남,구의(광진구청),17,159
20250528,강남,구의(광진구청),18,241
20250528,강남,구의(광진구청),19,160
20250528,강남,구의(광진구청),20,101
20250528,강남,구의(광진구청),21,140
20250528,강남,구의(광진구청),22,100
20250528,강남,구의(광진구청),23,59
20250528,강남,낙성대,0,36
20250528,강남,낙성대,5,9
20250528,강남,낙성대,6,16
20250528,강남,낙성대,7,24
20250528,강남,낙성대,8,57
20250528,강남,낙성대,9,28
20250528,강남,낙성대,10,38
20250528,강남,낙성대,11,35
20250528,강남,낙성대,12,44
20250528,강남,낙성대,13,62
20250528,강남,낙성대,14,66
20250528,강남,낙성대,15,107
20250528,강남,낙성대,16,96
20250528,강남,낙성대,17,220
20250528,강남,낙성대,18,321
20250528,강남,낙성대,19,280
20250528,강남,낙성대,20,213
20250528,강남,낙성대,21,208
20250528,강남,낙성대,22,203
20250528,강남,낙성대,23,115
20250528,강남,당산,0,2
20250528,강남,당산,5,1
20250528,강남,당산,6,4
20250528,강남,당산,7,4
20250528,강남,당산,8,3
20250528,강남,당산,9,4
20250528,강남,당산,10,2
20250528,강남,당산,11,14
20250528,강남,당산,12,14
20250528,강남,당산,13,13
20250528,강남,당산,14,14
20250528,강남,당산,15,12
20250528,강남,당산,16,19
20250528,강남,당산,17,51
20250528,강남,당산,18,44
20250528,강남,당산,19,43
20250528,강남,당산,20,24
20250528,강남,당산,21,26
20250528,강남,당산,22,17
20250528,강남,당산,23,7
20250528,강남,대림(구로구청),0,7
20250528,강남,대림(구로구청),5,5
20250528,강남,대림(구로구청),6,10
20250528,강남,대림(구로구청),7,23
20250528,강남,대림(구로구청),8,11
20250528,강남,대림(구로구청),9,17
20250528,강남,대림(구로구청),10,24
20250528,강남,대림(구로구청),11,18
20250528,강남,대림(구로구청),12,14
20250528,강남,대림(구로구청),13,20
20250528,강남,대림(구로구청),14,47
20250528,강남,대림(구로구청),15,52
20250528,강남,대림(구로구청),16,57
20250528,강남,대림(구로구청),17,77
20250528,강남,대림(구로구청),18,111
20250528,강남,대림(구로구청),19,87
20250528,강남,대림(구로구청),20,79
20250528,강남,대림(구로구청),21,131
20250528,강남,대림(구로구청),22,100
20250528,강남,대림(구로구청),23,44
20250528,강남,동대문역사문화공원,6,1
20250528,강남,동대문역사문화공원,9,2
20250528,강남,동대문역사문화공원,10,4
20250528,강남,동대문역사문화공원,11,4
20250528,강남,동대문역사문화공원,12,5
20250528,강남,동대문역사문화공원,13,7
20250528,강남,동대문역사문화공원,14,7
20250528,강남,동대문역사문화공원,15,13
20250528,강남,동대문역사문화공원,16,8
20250528,강남,동대문역사문화공원,17,13
20250528,강남,동대문역사문화공원,18,18
20250528,강남,동대문역사문화공원,19,7
20250528,강남,동대문역사문화공원,20,8
20250528,강남,동대문역사문화공원,21,9
20250528,강남,동대문역사문화공원,22,2
20250528,강남,동대문역사문화공원,23,5
20250528,강남,뚝섬,0,2
20250528,강남,뚝섬,5,1
20250528,강남,뚝섬,6,4
20250528,강남,뚝섬,7,16
20250528,강남,뚝섬,8,30
20250528,강남,뚝섬,9,19
20250528,강남,뚝섬,10,10
20250528,강남,뚝섬,11,10
20250528,강남,뚝섬,12,18
20250528,강남,뚝섬,13,22
20250528,강남,뚝섬,14,9
20250528,강남,뚝섬,15,14
20250528,강남,뚝섬,16,20
20250528,강남,뚝섬,17,36
20250528,강남,뚝섬,18,41
20250528,강남,뚝섬,19,15
20250528,강남,뚝섬,20,17
20250528,강남,뚝섬,21,16
20250528,강남,뚝섬,22,19
20250528,강남,뚝섬,23,2
20250528,강남,문래,0,2
20250528,강남,문래,5,1
20250528,강남,문래,6,4
20250528,강남,문래,7,26
20250528,강남,문래,8,17
20250528,강남,문래,9,11
20250528,강남,문래,10,10
20250528,강남,문래,11,8
20250528,강남,문래,12,19
20250528,강남,문래,13,15
20250528,강남,문래,14,22
20250528,강남,문래,15,28
20250528,강남,문래,16,26
20250528,강남,문래,17,77
20250528,강남,문래,18,81
20250528,강남,문래,19,57
20250528,강남,문래,20,38
20250528,강남,문래,21,33
20250528,강남,문래,22,32
20250528,강남,문래,23,10
20250528,강남,방배,0,15
20250528,강남,방배,5,4
20250528,강남,방배,6,12
20250528,강남,방배,7,45
20250528,강남,방배,8,96
20250528,강남,방배,9,72
20250528,강남,방배,10,70
20250528,강남,방배,11,49
20250528,강남,방배,12,75
20250528,강남,방배,13,76
20250528,강남,방배,14,63
20250528,강남,방배,15,59
20250528,강남,방배,16,88
20250528,강남,방배,17,95
20250528,강남,방배,18,90
20250528,강남,방배,19,79
20250528,강남,방배,20,62
20250528,강남,방배,21,88
20250528,강남,방배,22,98
20250528,강남,방배,23,23
20250528,강남,봉천,0,21
20250528,강남,봉천,5,3
20250528,강남,봉천,6,6
20250528,강남,봉천,7,18
20250528,강남,봉천,8,14
20250528,강남,봉천,9,14
20250528,강남,봉천,10,19
20250528,강남,봉천,11,25
20250528,강남,봉천,12,38
20250528,강남,봉천,13,42
20250528,강남,봉천,14,64
20250528,강남,봉천,15,89
20250528,강남,봉천,16,94
20250528,강남,봉천,17,191
20250528,강남,봉천,18,247
20250528,강남,봉천,19,227
20250528,강남,봉천,20,154
20250528,강남,봉천,21,173
20250528,강남,봉천,22,172
20250528,강남,봉천,23,76
20250528,강남,사당,0,35
20250528,강남,사당,5,11
20250528,강남,사당,6,19
20250528,강남,사당,7,37
20250528,강남,사당,8,44
20250528,강남,사당,9,51
20250528,강남,사당,10,71
20250528,강남,사당,11,83
20250528,강남,사당,12,100
20250528,강남,사당,13,95
20250528,강남,사당,14,127
20250528,강남,사당,15,168
20250528,강남,사당,16,248
20250528,강남,사당,17,396
20250528,강남,사당,18,541
20250528,강남,사당,19,381
20250528,강남,사당,20,266
20250528,강남,사당,21,324
20250528,강남,사당,22,259
20250528,강남,사당,23,111
20250528,강남,삼성(무역센터),0,5
20250528,강남,삼성(무역센터),5,10
20250528,강남,삼성(무역센터),6,66
20250528,강남,삼성(무역센터),7,228
20250528,강남,삼성(무역센터),8,441
20250528,강남,삼성(무역센터),9,285
20250528,강남,삼성(무역센터),10,169
20250528,강남,삼성(무역센터),11,147
20250528,강남,삼성(무역센터),12,208
20250528,강남,삼성(무역센터),13,180
20250528,강남,삼성(무역센터),14,158
20250528,강남,삼성(무역센터),15,159
20250528,강남,삼성(무역센터),16,176
20250528,강남,삼성(무역센터),17,267
20250528,강남,삼성(무역센터),18,289
20250528,강남,삼성(무역센터),19,115
20250528,강남,삼성(무역센터),20,57
20250528,강남,삼성(무역센터),21,50
20250528,강남,삼성(무역센터),22,46
20250528,강남,삼성(무역센터),23,18
20250528,강남,상왕십리,0,3
20250528,강남,상왕십리,6,2
20250528,강남,상왕십리,7,1
20250528,강남,상왕십리,8,4
20250528,강남,상왕십리,9,3
20250528,강남,상왕십리,10,3
20250528,강남,상왕십리,11,4
20250528,강남,상왕십리,12,8
20250528,강남,상왕십리,13,7
20250528,강남,상왕십리,14,17
20250528,강남,상왕십리,15,9
20250528,강남,상왕십리,16,19
20250528,강남,상왕십리,17,47
20250528,강남,상왕십리,18,59
20250528,강남,상왕십리,19,34
20250528,강남,상왕십리,20,28
20250528,강남,상왕십리,21,21
20250528,강남,상왕십리,22,25
20250528,강남,상왕십리,23,13
20250528,강남,서울대입구(관악구청),0,62
20250528,강남,서울대입구(관악구청),5,8
20250528,강남,서울대입구(관악구청),6,22
20250528,강남,서울대입구(관악구청),7,41
20250528,강남,서울대입구(관악구청),8,82
20250528,강남,서울대입구(관악구청),9,65
20250528,강남,서울대입구(관악구청),10,61
20250528,강남,서울대입구(관악구청),11,65
20250528,강남,서울대입구(관악구청),12,80
20250528,강남,서울대입구(관악구청),13,128
20250528,강남,서울대입구(관악구청),14,131
20250528,강남,서울대입구(관악구청),15,200
20250528,강남,서울대입구(관악구청),16,212
20250528,강남,서울대입구(관악구청),17,397
20250528,강남,서울대입구(관악구청),18,578
20250528,강남,서울대입구(관악구청),19,466
20250528,강남,서울대입구(관악구청),20,319
20250528,강남,서울대입구(관악구청),21,378
20250528,강남,서울대입구(관악구청),22,364
20250528,강남,서울대입구(관악구청),23,158
20250528,강남,서초,0,6
20250528,강남,서초,5,7
20250528,강남,서초,6,26
20250528,강남,서초,7,72
20250528,강남,서초,8,139
20250528,강남,서초,9,100
20250528,강남,서초,10,81
20250528,강남,서초,11,58
20250528,강남,서초,12,66
20250528,강남,서초,13,67
20250528,강남,서초,14,77
20250528,강남,서초,15,52
20250528,강남,서초,16,62
20250528,강남,서초,17,62
20250528,강남,서초,18,112
20250528,강남,서초,19,61
20250528,강남,서초,20,43
20250528,강남,서초,21,55
20250528,강남,서초,22,66
20250528,강남,서초,23,24
20250528,강남,선릉,0,9
20250528,강남,선릉,5,7
20250528,강남,선릉,6,43
20250528,강남,선릉,7,185
20250528,강남,선릉,8,366
20250528,강남,선릉,9,280
20250528,강남,선릉,10,147
20250528,강남,선릉,11,177
20250528,강남,선릉,12,187
20250528,강남,선릉,13,218
20250528,강남,선릉,14,166
20250528,강남,선릉,15,191
20250528,강남,선릉,16,147
20250528,강남,선릉,17,219
20250528,강남,선릉,18,255
20250528,강남,선릉,19,176
20250528,강남,선릉,20,107
20250528,강남,선릉,21,95
20250528,강남,선릉,22,90
20250528,강남,선릉,23,43
20250528,강남,성수,0,7
20250528,강남,성수,5,2
20250528,강남,성수,6,17
20250528,강남,성수,7,60
20250528,강남,성수,8,83
20250528,강남,성수,9,65
20250528,강남,성수,10,50
20250528,강남,성수,11,60
20250528,강남,성수,12,73
20250528,강남,성수,13,71
20250528,강남,성수,14,79
20250528,강남,성수,15,96
20250528,강남,성수,16,80
20250528,강남,성수,17,97
20250528,강남,성수,18,113
20250528,강남,성수,19,48
20250528,강남,성수,20,24
20250528,강남,성수,21,26
20250528,강남,성수,22,27
20250528,강남,성수,23,10
20250528,강남,시청,5,1
20250528,강남,시청,7,9
20250528,강남,시청,8,10
20250528,강남,시청,9,1
20250528,강남,시청,10,5
20250528,강남,시청,11,3
20250528,강남,시청,12,5
20250528,강남,시청,13,7
20250528,강남,시청,14,13
20250528,강남,시청,15,1
20250528,강남,시청,16,9
20250528,강남,시청,17,6
20250528,강남,시청,18,5
20250528,강남,시청,19,11
20250528,강남,시청,20,1
20250528,강남,시청,22,2
20250528,강남,신당,0,4
20250528,강남,신당,6,2
20250528,강남,신당,7,2
20250528,강남,신당,8,2
20250528,강남,신당,9,5
20250528,강남,신당,10,1
20250528,강남,신당,11,7
20250528,강남,신당,12,6
20250528,강남,신당,13,10
20250528,강남,신당,14,15
20250528,강남,신당,15,12
20250528,강남,신당,16,8
20250528,강남,신당,17,35
20250528,강남,신당,18,38
20250528,강남,신당,19,28
20250528,강남,신당,20,13
20250528,강남,신당,21,18
20250528,강남,신당,22,13
20250528,강남,신당,23,9
20250528,강남,신대방,0,11
20250528,강남,신대방,5,2
20250528,강남,신대방,6,17
20250528,강남,신대방,7,13
20250528,강남,신대방,8,12
20250528,강남,신대방,9,11
20250528,강남,신대방,10,11
20250528,강남,신대방,11,18
20250528,강남,신대방,12,17
20250528,강남,신대방,13,31
20250528,강남,신대방,14,66
20250528,강남,신대방,15,89
20250528,강남,신대방,16,75
20250528,강남,신대방,17,133
20250528,강남,신대방,18,240
20250528,강남,신대방,19,183
20250528,강남,신대방,20,159
20250528,강남,신대방,21,170
20250528,강남,신대방,22,147
20250528,강남,신대방,23,75
20250528,강남,신도림,0,18
20250528,강남,신도림,5,2
20250528,강남,신도림,6,7
20250528,강남,신도림,7,18
20250528,강남,신도림,8,15
20250528,강남,신도림,9,13
20250528,강남,신도림,10,19
20250528,강남,신도림,11,31
20250528,강남,신도림,12,26
20250528,강남,신도림,13,44
20250528,강남,신도림,14,51
20250528,강남,신도림,15,61
20250528,강남,신도림,16,74
20250528,강남,신도림,17,186
20250528,강남,신도림,18,273
20250528,강남,신도림,19,154
20250528,강남,신도림,20,140
20250528,강남,신도림,21,151
20250528,강남,신도림,22,131
20250528,강남,신도림,23,74
20250528,강남,신림,0,57
20250528,강남,신림,4,1
20250528,강남,신림,5,14
20250528,강남,신림,6,34
20250528,강남,신림,7,54
20250528,강남,신림,8,45
20250528,강남,신림,9,30
20250528,강남,신림,10,39
20250528,강남,신림,11,50
20250528,강남,신림,12,73
20250528,강남,신림,13,103
20250528,강남,신림,14,139
20250528,강남,신림,15,205
20250528,강남,신림,16,249
20250528,강남,신림,17,442
20250528,강남,신림,18,617
20250528,강남,신림,19,598
20250528,강남,신림,20,419
20250528,강남,신림,21,427
20250528,강남,신림,22,437
20250528,강남,신림,23,207
20250528,강남,신촌,0,2
20250528,강남,신촌,5,2
20250528,강남,신촌,8,11
20250528,강남,신촌,9,9
20250528,강남,신촌,10,12
20250528,강남,신촌,11,19
20250528,강남,신촌,12,17
20250528,강남,신촌,13,21
20250528,강남,신촌,14,11
20250528,강남,신촌,15,15
20250528,강남,신촌,16,31
20250528,강남,신촌,17,52
20250528,강남,신촌,18,61
20250528,강남,신촌,19,37
20250528,강남,신촌,20,28
20250528,강남,신촌,21,17
20250528,강남,신촌,22,20
20250528,강남,신촌,23,17
20250528,강남,아현,5,1
20250528,강남,아현,6,1
20250528,강남,아현,9,1
20250528,강남,아현,10,1
20250528,강남,아현,12,4
20250528,강남,아현,13,5
20250528,강남,아현,14,4
20250528,강남,아현,15,3
20250528,강남,아현,16,3
20250528,강남,아현,17,10
20250528,강남,아현,18,24
20250528,강남,아현,19,13
20250528,강남,아현,20,14
20250528,강남,아현,21,14
20250528,강남,아현,22,9
20250528,강남,아현,23,2
20250528,강남,역삼,0,7
20250528,강남,역삼,5,5
20250528,강남,역삼,6,50
20250528,강남,역삼,7,140
20250528,강남,역삼,8,241
20250528,강남,역삼,9,168
20250528,강남,역삼,10,106
20250528,강남,역삼,11,85
20250528,강남,역삼,12,108
20250528,강남,역삼,13,112
20250528,강남,역삼,14,86
20250528,강남,역삼,15,95
20250528,강남,역삼,16,74
20250528,강남,역삼,17,86
20250528,강남,역삼,18,114
20250528,강남,역삼,19,68
20250528,강남,역삼,20,44
20250528,강남,역삼,21,32
20250528,강남,역삼,22,34
20250528,강남,역삼,23,18
20250528,강남,영등포구청,0,2
20250528,강남,영등포구청,5,2
20250528,강남,영등포구청,6,5
20250528,강남,영등포구청,7,12
20250528,강남,영등포구청,8,14
20250528,강남,영등포구청,9,6
20250528,강남,영등포구청,10,8
20250528,강남,영등포구청,11,3
20250528,강남,영등포구청,12,12
20250528,강남,영등포구청,13,11
20250528,강남,영등포구청,14,12
20250528,강남,영등포구청,15,12
20250528,강남,영등포구청,16,17
20250528,강남,영등포구청,17,62
20250528,강남,영등포구청,18,67
20250528,강남,영등포구청,19,36
20250528,강남,영등포구청,20,23
20250528,강남,영등포구청,21,42
20250528,강남,영등포구청,22,22
20250528,강남,영등포구청,23,16
20250528,강남,왕십리(성동구청),0,2
20250528,강남,왕십리(성동구청),6,2
20250528,강남,왕십리(성동구청),8,1
20250528,강남,왕십리(성동구청),9,3
20250528,강남,왕십리(성동구청),10,1
20250528,강남,왕십리(성동구청),11,4
20250528,강남,왕십리(성동구청),12,6
20250528,강남,왕십리(성동구청),13,8
20250528,강남,왕십리(성동구청),14,9
20250528,강남,왕십리(성동구청),15,6
20250528,강남,왕십리(성동구청),16,13
20250528,강남,왕십리(성동구청),17,28
20250528,강남,왕십리(성동구청),18,28
20250528,강남,왕십리(성동구청),19,14
20250528,강남,왕십리(성동구청),20,6
20250528,강남,왕십리(성동구청),21,9
20250528,강남,왕십리(성동구청),22,17
20250528,강남,왕십리(성동구청),23,11
20250528,강남,용두(동대문구청),5,1
20250528,강남,용두(동대문구청),6,1
20250528,강남,용두(동대문구청),7,1
20250528,강남,용두(동대문구청),10,3
20250528,강남,용두(동대문구청),11,2
20250528,강남,용두(동대문구청),12,1
20250528,강남,용두(동대문구청),13,3
20250528,강남,용두(동대문구청),14,1
20250528,강남,용두(동대문구청),15,4
20250528,강남,용두(동대문구청),16,7
20250528,강남,용두(동대문구청),17,9
20250528,강남,용두(동대문구청),18,18
20250528,강남,용두(동대문구청),19,16
20250528,강남,용두(동대문구청),20,6
20250528,강남,용두(동대문구청),21,6
20250528,강남,용두(동대문구청),22,3
20250528,강남,용두(동대문구청),23,1
20250528,강남,을지로3가,8,2
20250528,강남,을지로3가,9,3
20250528,강남,을지로3가,10,2
20250528,강남,을지로3가,11,2
20250528,강남,을지로3가,12,2
20250528,강남,을지로3가,13,3
20250528,강남,을지로3가,14,3
20250528,강남,을지로3가,15,3
20250528,강남,을지로3가,16,7
20250528,강남,을지로3가,17,11
20250528,강남,을지로3가,18,2
20250528,강남,을지로3가,19,3
20250528,강남,을지로3가,20,7
20250528,강남,을지로3가,22,6
20250528,강남,을지로3가,23,2
20250528,강남,을지로4가,0,1
20250528,강남,을지로4가,7,2
20250528,강남,을지로4가,8,2
20250528,강남,을지로4가,9,1
20250528,강남,을지로4가,11,4
20250528,강남,을지로4가,12,4
20250528,강남,을지로4가,13,3
20250528,강남,을지로4가,14,10
20250528,강남,을지로4가,15,6
20250528,강남,을지로4가,16,2
20250528,강남,을지로4가,17,4
20250528,강남,을지로4가,18,2
20250528,강남,을지로4가,20,2
20250528,강남,을지로4가,21,2
20250528,강남,을지로4가,22,1
20250528,강남,을지로4가,23,2
20250528,강남,을지로입구,7,10
20250528,강남,을지로입구,8,2
20250528,강남,을지로입구,9,2
20250528,강남,을지로입구,10,5
20250528,강남,을지로입구,11,8
20250528,강남,을지로입구,12,14
20250528,강남,을지로입구,13,9
20250528,강남,을지로입구,14,10
20250528,강남,을지로입구,15,17
20250528,강남,을지로입구,16,12
20250528,강남,을지로입구,17,17
20250528,강남,을지로입구,18,15
20250528,강남,을지로입구,19,8
20250528,강남,을지로입구,20,1
20250528,강남,을지로입구,21,10
20250528,강남,을지로입구,22,1
20250528,강남,을지로입구,23,1
20250528,강남,이대,0,2
20250528,강남,이대,6,1
20250528,강남,이대,7,5
20250528,강남,이대,8,4
20250528,강남,이대,9,3
20250528,강남,이대,10,4
20250528,강남,이대,11,4
20250528,강남,이대,12,9
20250528,강남,이대,13,10
20250528,강남,이대,14,7
20250528,강남,이대,15,11
20250528,강남,이대,16,17
20250528,강남,이대,17,32
20250528,강남,이대,18,25
20250528,강남,이대,19,16
20250528,강남,이대,20,23
20250528,강남,이대,21,18
20250528,강남,이대,22,12
20250528,강남,이대,23,3
20250528,강남,잠실(송파구청),0,25
20250528,강남,잠실(송파구청),5,12
20250528,강남,잠실(송파구청),6,57
20250528,강남,잠실(송파구청),7,165
20250528,강남,잠실(송파구청),8,220
20250528,강남,잠실(송파구청),9,137
20250528,강남,잠실(송파구청),10,124
20250528,강남,잠실(송파구청),11,158
20250528,강남,잠실(송파구청),12,191
20250528,강남,잠실(송파구청),13,229
20250528,강남,잠실(송파구청),14,220
20250528,강남,잠실(송파구청),15,291
20250528,강남,잠실(송파구청),16,355
20250528,강남,잠실(송파구청),17,690
20250528,강남,잠실(송파구청),18,859
20250528,강남,잠실(송파구청),19,526
20250528,강남,잠실(송파구청),20,376
20250528,강남,잠실(송파구청),21,436
20250528,강남,잠실(송파구청),22,384
20250528,강남,잠실(송파구청),23,124
20250528,강남,잠실나루,0,5
20250528,강남,잠실나루,5,4
20250528,강남,잠실나루,6,15
20250528,강남,잠실나루,7,16
20250528,강남,잠실나루,8,16
20250528,강남,잠실나루,9,13
20250528,강남,잠실나루,10,12
20250528,강남,잠실나루,11,18
20250528,강남,잠실나루,12,28
20250528,강남,잠실나루,13,27
20250528,강남,잠실나루,14,23
20250528,강남,잠실나루,15,24
20250528,강남,잠실나루,16,29
20250528,강남,잠실나루,17,67
20250528,강남,잠실나루,18,93
20250528,강남,잠실나루,19,60
20250528,강남,잠실나루,20,41
20250528,강남,잠실나루,21,55
20250528,강남,잠실나루,22,52
20250528,강남,잠실나루,23,15
20250528,강남,잠실새내,0,10
20250528,강남,잠실새내,6,3
20250528,강남,잠실새내,7,22
20250528,강남,잠실새내,8,12
20250528,강남,잠실새내,9,28
20250528,강남,잠실새내,10,19
20250528,강남,잠실새내,11,38
20250528,강남,잠실새내,12,38
20250528,강남,잠실새내,13,53
20250528,강남,잠실새내,14,49
20250528,강남,잠실새내,15,75
20250528,강남,잠실새내,16,104
20250528,강남,잠실새내,17,213
20250528,강남,잠실새내,18,268
20250528,강남,잠실새내,19,155
20250528,강남,잠실새내,20,123
20250528,강남,잠실새내,21,174
20250528,강남,잠실새내,22,123
20250528,강남,잠실새내,23,36
20250528,강남,종합운동장,0,3
20250528,강남,종합운동장,6,3
20250528,강남,종합운동장,7,21
20250528,강남,종합운동장,8,8
20250528,강남,종합운동장,9,6
20250528,강남,종합운동장,10,11
20250528,강남,종합운동장,11,14
20250528,강남,종합운동장,12,18
20250528,강남,종합운동장,13,23
20250528,강남,종합운동장,14,22
20250528,강남,종합운동장,15,32
20250528,강남,종합운동장,16,124
20250528,강남,종합운동장,17,361
20250528,강남,종합운동장,18,258
20250528,강남,종합운동장,19,76
20250528,강남,종합운동장,20,40
20250528,강남,종합운동장,21,60
20250528,강남,종합운동장,22,48
20250528,강남,종합운동장,23,15
20250528,강남,충정로(경기대입구),7,3
20250528,강남,충정로(경기대입구),10,2
20250528,강남,충정로(경기대입구),11,1
20250528,강남,충정로(경기대입구),12,1
20250528,강남,충정로(경기대입구),13,3
20250528,강남,충정로(경기대입구),15,4
20250528,강남,충정로(경기대입구),16,1
20250528,강남,충정로(경기대입구),17,8
20250528,강남,충정로(경기대입구),18,10
20250528,강남,충정로(경기대입구),19,6
20250528,강남,충정로(경기대입구),20,4
20250528,강남,충정로(경기대입구),21,5
20250528,강남,충정로(경기대입구),22,4
20250528,강남,충정로(경기대입구),23,7
20250528,강남,한양대,0,1
20250528,강남,한양대,6,3
20250528,강남,한양대,7,6
20250528,강남,한양대,8,31
20250528,강남,한양대,9,22
20250528,강남,한양대,10,20
20250528,강남,한양대,11,17
20250528,강남,한양대,12,26
20250528,강남,한양대,13,17
20250528,강남,한양대,14,4
20250528,강남,한양대,15,7
20250528,강남,한양대,16,4
20250528,강남,한양대,17,27
20250528,강남,한양대,18,14
20250528,강남,한양대,19,14
20250528,강남,한양대,20,4
20250528,강남,한양대,21,4
20250528,강남,한양대,22,7
20250528,강남,한양대,23,2
20250528,강남,합정,0,4
20250528,강남,합정,5,1
20250528,강남,합정,6,1
20250528,강남,합정,7,5
20250528,강남,합정,8,16
20250528,강남,합정,9,13
20250528,강남,합정,10,11
20250528,강남,합정,11,15
20250528,강남,합정,12,20
20250528,강남,합정,13,17
20250528,강남,합정,14,12
20250528,강남,합정,15,25
20250528,강남,합정,16,37
20250528,강남,합정,17,64
20250528,강남,합정,18,90
20250528,강남,합정,19,48
20250528,강남,합정,20,25
20250528,강남,합정,21,40
20250528,강남,합정,22,35
20250528,강남,합정,23,19
20250528,강남,홍대입구,0,11
20250528,강남,홍대입구,5,3
20250528,강남,홍대입구,6,1
20250528,강남,홍대입구,7,5
20250528,강남,홍대입구,8,17
20250528,강남,홍대입구,9,15
20250528,강남,홍대입구,10,14
20250528,강남,홍대입구,11,36
20250528,강남,홍대입구,12,47
20250528,강남,홍대입구,13,45
20250528,강남,홍대입구,14,47
20250528,강남,홍대입구,15,76
20250528,강남,홍대입구,16,73
20250528,강남,홍대입구,17,97
20250528,강남,홍대입구,18,149
20250528,강남,홍대입구,19,76
20250528,강남,홍대입구,20,50
20250528,강남,홍대입구,21,47
20250528,강남,홍대입구,22,49
20250528,강남,홍대입구,23,28
20250528,강변(동서울터미널),강남,0,2
20250528,강변(동서울터미널),강남,5,19
20250528,강변(동서울터미널),강남,6,69
20250528,강변(동서울터미널),강남,7,248
20250528,강변(동서울터미널),강남,8,311
20250528,강변(동서울터미널),강남,9,211
20250528,강변(동서울터미널),강남,10,86
20250528,강변(동서울터미널),강남,11,64
20250528,강변(동서울터미널),강남,12,50
20250528,강변(동서울터미널),강남,13,41
20250528,강변(동서울터미널),강남,14,43
20250528,강변(동서울터미널),강남,15,46
20250528,강변(동서울터미널),강남,16,34
20250528,강변(동서울터미널),강남,17,57
20250528,강변(동서울터미널),강남,18,60
20250528,강변(동서울터미널),강남,19,20
20250528,강변(동서울터미널),강남,20,11
20250528,강변(동서울터미널),강남,21,16
20250528,강변(동서울터미널),강남,22,13
20250528,강변(동서울터미널),강남,23,2
20250528,강변(동서울터미널),강변(동서울터미널),0,2
20250528,강변(동서울터미널),강변(동서울터미널),5,1
20250528,강변(동서울터미널),강변(동서울터미널),6,1
20250528,강변(동서울터미널),강변(동서울터미널),7,7
20250528,강변(동서울터미널),강변(동서울터미널),8,8
20250528,강변(동서울터미널),강변(동서울터미널),9,13
20250528,강변(동서울터미널),강변(동서울터미널),10,12
20250528,강변(동서울터미널),강변(동서울터미널),11,13
20250528,강변(동서울터미널),강변(동서울터미널),12,8
20250528,강변(동서울터미널),강변(동서울터미널),13,11
20250528,강변(동서울터미널),강변(동서울터미널),14,14
20250528,강변(동서울터미널),강변(동서울터미널),15,12
20250528,강변(동서울터미널),강변(동서울터미널),16,7
20250528,강변(동서울터미널),강변(동서울터미널),17,11
20250528,강변(동서울터미널),강변(동서울터미널),18,12
20250528,강변(동서울터미널),강변(동서울터미널),19,7
20250528,강변(동서울터미널),강변(동서울터미널),20,6
20250528,강변(동서울터미널),강변(동서울터미널),21,10
20250528,강변(동서울터미널),강변(동서울터미널),22,3
20250528,강변(동서울터미널),강변(동서울터미널),23,2
20250528,강변(동서울터미널),건대입구,0,4
20250528,강변(동서울터미널),건대입구,5,4
20250528,강변(동서울터미널),건대입구,6,18
20250528,강변(동서울터미널),건대입구,7,73
20250528,강변(동서울터미널),건대입구,8,117
20250528,강변(동서울터미널),건대입구,9,79
20250528,강변(동서울터미널),건대입구,10,77
20250528,강변(동서울터미널),건대입구,11,62
20250528,강변(동서울터미널),건대입구,12,57
20250528,강변(동서울터미널),건대입구,13,65
20250528,강변(동서울터미널),건대입구,14,46
20250528,강변(동서울터미널),건대입구,15,60
20250528,강변(동서울터미널),건대입구,16,67
20250528,강변(동서울터미널),건대입구,17,80
20250528,강변(동서울터미널),건대입구,18,111
20250528,강변(동서울터미널),건대입구,19,72
20250528,강변(동서울터미널),건대입구,20,37
20250528,강변(동서울터미널),건대입구,21,30
20250528,강변(동서울터미널),건대입구,22,26
20250528,강변(동서울터미널),건대입구,23,16
20250528,강변(동서울터미널),교대(법원.검찰청),5,7
20250528,강변(동서울터미널),교대(법원.검찰청),6,18
20250528,강변(동서울터미널),교대(법원.검찰청),7,56
20250528,강변(동서울터미널),교대(법원.검찰청),8,107
20250528,강변(동서울터미널),교대(법원.검찰청),9,54
20250528,강변(동서울터미널),교대(법원.검찰청),10,32
20250528,강변(동서울터미널),교대(법원.검찰청),11,16
20250528,강변(동서울터미널),교대(법원.검찰청),12,14
20250528,강변(동서울터미널),교대(법원.검찰청),13,21
20250528,강변(동서울터미널),교대(법원.검찰청),14,12
20250528,강변(동서울터미널),교대(법원.검찰청),15,19
20250528,강변(동서울터미널),교대(법원.검찰청),16,12
20250528,강변(동서울터미널),교대(법원.검찰청),17,18
20250528,강변(동서울터미널),교대(법원.검찰청),18,10
20250528,강변(동서울터미널),교대(법원.검찰청),19,7
20250528,강변(동서울터미널),교대(법원.검찰청),20,4
20250528,강변(동서울터미널),교대(법원.검찰청),21,2
20250528,강변(동서울터미널),교대(법원.검찰청),22,1
20250528,강변(동서울터미널),구로디지털단지,5,3
20250528,강변(동서울터미널),구로디지털단지,6,26
20250528,강변(동서울터미널),구로디지털단지,7,57
20250528,강변(동서울터미널),구로디지털단지,8,33
20250528,강변(동서울터미널),구로디지털단지,9,21
20250528,강변(동서울터미널),구로디지털단지,10,9
20250528,강변(동서울터미널),구로디지털단지,11,11
20250528,강변(동서울터미널),구로디지털단지,12,15
20250528,강변(동서울터미널),구로디지털단지,13,4
20250528,강변(동서울터미널),구로디지털단지,14,5
20250528,강변(동서울터미널),구로디지털단지,15,17
20250528,강변(동서울터미널),구로디지털단지,16,16
20250528,강변(동서울터미널),구로디지털단지,17,17
20250528,강변(동서울터미널),구로디지털단지,18,17
20250528,강변(동서울터미널),구로디지털단지,19,14
20250528,강변(동서울터미널),구로디지털단지,20,11
20250528,강변(동서울터미널),구로디지털단지,21,10
20250528,강변(동서울터미널),구로디지털단지,22,6
20250528,강변(동서울터미널),구로디지털단지,23,3
20250528,강변(동서울터미널),구의(광진구청),0,1
20250528,강변(동서울터미널),구의(광진구청),5,1
20250528,강변(동서울터미널),구의(광진구청),6,7
20250528,강변(동서울터미널),구의(광진구청),7,12
20250528,강변(동서울터미널),구의(광진구청),8,43
20250528,강변(동서울터미널),구의(광진구청),9,27
20250528,강변(동서울터미널),구의(광진구청),10,31
20250528,강변(동서울터미널),구의(광진구청),11,27
20250528,강변(동서울터미널),구의(광진구청),12,29
20250528,강변(동서울터미널),구의(광진구청),13,27
20250528,강변(동서울터미널),구의(광진구청),14,37
20250528,강변(동서울터미널),구의(광진구청),15,32
20250528,강변(동서울터미널),구의(광진구청),16,29
20250528,강변(동서울터미널),구의(광진구청),17,32
20250528,강변(동서울터미널),구의(광진구청),18,37
20250528,강변(동서울터미널),구의(광진구청),19,27
20250528,강변(동서울터미널),구의(광진구청),20,25
20250528,강변(동서울터미널),구의(광진구청),21,14
20250528,강변(동서울터미널),구의(광진구청),22,14
20250528,강변(동서울터미널),구의(광진구청),23,7
20250528,강변(동서울터미널),낙성대,5,2
20250528,강변(동서울터미널),낙성대,6,3
20250528,강변(동서울터미널),낙성대,7,11
20250528,강변(동서울터미널),낙성대,8,20
20250528,강변(동서울터미널),낙성대,9,7
20250528,강변(동서울터미널),낙성대,10,7
20250528,강변(동서울터미널),낙성대,11,7
20250528,강변(동서울터미널),낙성대,12,12
20250528,강변(동서울터미널),낙성대,14,4
20250528,강변(동서울터미널),낙성대,15,2
20250528,강변(동서울터미널),낙성대,16,3
20250528,강변(동서울터미널),낙성대,17,6
20250528,강변(동서울터미널),낙성대,18,17
20250528,강변(동서울터미널),낙성대,19,6
20250528,강변(동서울터미널),낙성대,20,7
20250528,강변(동서울터미널),낙성대,21,6
20250528,강변(동서울터미널),낙성대,22,8
20250528,강변(동서울터미널),당산,5,3
20250528,강변(동서울터미널),당산,6,8
20250528,강변(동서울터미널),당산,7,9
20250528,강변(동서울터미널),당산,8,5
20250528,강변(동서울터미널),당산,9,2
20250528,강변(동서울터미널),당산,10,4
20250528,강변(동서울터미널),당산,11,1
20250528,강변(동서울터미널),당산,12,7
20250528,강변(동서울터미널),당산,15,8
20250528,강변(동서울터미널),당산,16,6
20250528,강변(동서울터미널),당산,17,4
20250528,강변(동서울터미널),당산,18,12
20250528,강변(동서울터미널),당산,19,7
20250528,강변(동서울터미널),당산,20,3
20250528,강변(동서울터미널),당산,21,3
20250528,강변(동서울터미널),당산,22,1
20250528,강변(동서울터미널),대림(구로구청),6,2
20250528,강변(동서울터미널),대림(구로구청),7,7
20250528,강변(동서울터미널),대림(구로구청),8,4
20250528,강변(동서울터미널),대림(구로구청),9,7
20250528,강변(동서울터미널),대림(구로구청),10,14
20250528,강변(동서울터미널),대림(구로구청),11,4
20250528,강변(동서울터미널),대림(구로구청),12,10
20250528,강변(동서울터미널),대림(구로구청),13,4
20250528,강변(동서울터미널),대림(구로구청),14,5
20250528,강변(동서울터미널),대림(구로구청),15,6
20250528,강변(동서울터미널),대림(구로구청),16,11
20250528,강변(동서울터미널),대림(구로구청),17,12
20250528,강변(동서울터미널),대림(구로구청),18,7
20250528,강변(동서울터미널),대림(구로구청),19,10
20250528,강변(동서울터미널),대림(구로구청),20,3
20250528,강변(동서울터미널),대림(구로구청),21,4
20250528,강변(동서울터미널),대림(구로구청),23,1
20250528,강변(동서울터미널),동대문역사문화공원,0,1
20250528,강변(동서울터미널),동대문역사문화공원,6,14
20250528,강변(동서울터미널),동대문역사문화공원,7,27
20250528,강변(동서울터미널),동대문역사문화공원,8,31
20250528,강변(동서울터미널),동대문역사문화공원,9,27
20250528,강변(동서울터미널),동대문역사문화공원,10,23
20250528,강변(동서울터미널),동대문역사문화공원,11,15
20250528,강변(동서울터미널),동대문역사문화공원,12,14
20250528,강변(동서울터미널),동대문역사문화공원,13,12
20250528,강변(동서울터미널),동대문역사문화공원,14,12
20250528,강변(동서울터미널),동대문역사문화공원,15,12
20250528,강변(동서울터미널),동대문역사문화공원,16,9
20250528,강변(동서울터미널),동대문역사문화공원,17,10
20250528,강변(동서울터미널),동대문역사문화공원,18,9
20250528,강변(동서울터미널),동대문역사문화공원,19,14
20250528,강변(동서울터미널),동대문역사문화공원,20,4
20250528,강변(동서울터미널),동대문역사문화공원,21,7
20250528,강변(동서울터미널),뚝섬,5,11
20250528,강변(동서울터미널),뚝섬,6,25
20250528,강변(동서울터미널),뚝섬,7,72
20250528,강변(동서울터미널),뚝섬,8,187
20250528,강변(동서울터미널),뚝섬,9,93
20250528,강변(동서울터미널),뚝섬,10,38
20250528,강변(동서울터미널),뚝섬,11,36
20250528,강변(동서울터미널),뚝섬,12,29
20250528,강변(동서울터미널),뚝섬,13,21
20250528,강변(동서울터미널),뚝섬,14,16
20250528,강변(동서울터미널),뚝섬,15,23
20250528,강변(동서울터미널),뚝섬,16,18
20250528,강변(동서울터미널),뚝섬,17,23
20250528,강변(동서울터미널),뚝섬,18,30
20250528,강변(동서울터미널),뚝섬,19,12
20250528,강변(동서울터미널),뚝섬,20,9
20250528,강변(동서울터미널),뚝섬,21,10
20250528,강변(동서울터미널),뚝섬,22,7
20250528,강변(동서울터미널),뚝섬,23,3
20250528,강변(동서울터미널),문래,6,3
20250528,강변(동서울터미널),문래,7,19
20250528,강변(동서울터미널),문래,8,10
20250528,강변(동서울터미널),문래,9,2
20250528,강변(동서울터미널),문래,10,2
20250528,강변(동서울터미널),문래,11,1
20250528,강변(동서울터미널),문래,12,2
20250528,강변(동서울터미널),문래,13,3
20250528,강변(동서울터미널),문래,14,3
20250528,강변(동서울터미널),문래,15,4
20250528,강변(동서울터미널),문래,16,3
20250528,강변(동서울터미널),문래,17,3
20250528,강변(동서울터미널),문래,18,2
20250528,강변(동서울터미널),문래,20,3
20250528,강변(동서울터미널),문래,22,1
20250528,강변(동서울터미널),방배,5,4
20250528,강변(동서울터미널),방배,6,11
20250528,강변(동서울터미널),방배,7,31
20250528,강변(동서울터미널),방배,8,43
20250528,강변(동서울터미널),방배,9,24
20250528,강변(동서울터미널),방배,10,16
20250528,강변(동서울터미널),방배,11,4
20250528,강변(동서울터미널),방배,12,14
20250528,강변(동서울터미널),방배,13,7
20250528,강변(동서울터미널),방배,14,5
20250528,강변(동서울터미널),방배,15,4
20250528,강변(동서울터미널),방배,16,9
20250528,강변(동서울터미널),방배,17,4
20250528,강변(동서울터미널),방배,18,5
20250528,강변(동서울터미널),방배,19,5
20250528,강변(동서울터미널),방배,20,4
20250528,강변(동서울터미널),방배,21,1
20250528,강변(동서울터미널),방배,22,1
20250528,강변(동서울터미널),방배,23,1
20250528,강변(동서울터미널),봉천,5,2
20250528,강변(동서울터미널),봉천,6,2
20250528,강변(동서울터미널),봉천,7,1
20250528,강변(동서울터미널),봉천,8,4
20250528,강변(동서울터미널),봉천,9,3
20250528,강변(동서울터미널),봉천,10,1
20250528,강변(동서울터미널),봉천,11,2
20250528,강변(동서울터미널),봉천,12,2
20250528,강변(동서울터미널),봉천,13,3
20250528,강변(동서울터미널),봉천,14,2
20250528,강변(동서울터미널),봉천,15,3
20250528,강변(동서울터미널),봉천,16,4
20250528,강변(동서울터미널),봉천,17,7
20250528,강변(동서울터미널),봉천,18,14
20250528,강변(동서울터미널),봉천,19,11
20250528,강변(동서울터미널),봉천,20,2
20250528,강변(동서울터미널),봉천,21,2
20250528,강변(동서울터미널),봉천,22,3
20250528,강변(동서울터미널),봉천,23,1
20250528,강변(동서울터미널),사당,5,2
20250528,강변(동서울터미널),사당,6,15
20250528,강변(동서울터미널),사당,7,32
20250528,강변(동서울터미널),사당,8,34
20250528,강변(동서울터미널),사당,9,33
20250528,강변(동서울터미널),사당,10,13
20250528,강변(동서울터미널),사당,11,22
20250528,강변(동서울터미널),사당,12,11
20250528,강변(동서울터미널),사당,13,11
20250528,강변(동서울터미널),사당,14,17
20250528,강변(동서울터미널),사당,15,23
20250528,강변(동서울터미널),사당,16,14
20250528,강변(동서울터미널),사당,17,13
20250528,강변(동서울터미널),사당,18,28
20250528,강변(동서울터미널),사당,19,15
20250528,강변(동서울터미널),사당,20,7
20250528,강변(동서울터미널),사당,21,9
20250528,강변(동서울터미널),사당,22,11
20250528,강변(동서울터미널),사당,23,3
20250528,강변(동서울터미널),삼성(무역센터),0,4
20250528,강변(동서울터미널),삼성(무역센터),5,30
20250528,강변(동서울터미널),삼성(무역센터),6,55
20250528,강변(동서울터미널),삼성(무역센터),7,157
20250528,강변(동서울터미널),삼성(무역센터),8,298
20250528,강변(동서울터미널),삼성(무역센터),9,186
20250528,강변(동서울터미널),삼성(무역센터),10,88
20250528,강변(동서울터미널),삼성(무역센터),11,48
20250528,강변(동서울터미널),삼성(무역센터),12,40
20250528,강변(동서울터미널),삼성(무역센터),13,33
20250528,강변(동서울터미널),삼성(무역센터),14,28
20250528,강변(동서울터미널),삼성(무역센터),15,29
20250528,강변(동서울터미널),삼성(무역센터),16,26
20250528,강변(동서울터미널),삼성(무역센터),17,42
20250528,강변(동서울터미널),삼성(무역센터),18,33
20250528,강변(동서울터미널),삼성(무역센터),19,12
20250528,강변(동서울터미널),삼성(무역센터),20,8
20250528,강변(동서울터미널),삼성(무역센터),21,12
20250528,강변(동서울터미널),삼성(무역센터),22,6
20250528,강변(동서울터미널),삼성(무역센터),23,2
20250528,강변(동서울터미널),상왕십리,5,2
20250528,강변(동서울터미널),상왕십리,7,9
20250528,강변(동서울터미널),상왕십리,8,20
20250528,강변(동서울터미널),상왕십리,9,15
20250528,강변(동서울터미널),상왕십리,10,9
20250528,강변(동서울터미널),상왕십리,11,3
20250528,강변(동서울터미널),상왕십리,12,4
20250528,강변(동서울터미널),상왕십리,13,9
20250528,강변(동서울터미널),상왕십리,14,9
20250528,강변(동서울터미널),상왕십리,15,14
20250528,강변(동서울터미널),상왕십리,16,13
20250528,강변(동서울터미널),상왕십리,17,4
20250528,강변(동서울터미널),상왕십리,18,13
20250528,강변(동서울터미널),상왕십리,19,9
20250528,강변(동서울터미널),상왕십리,20,5
20250528,강변(동서울터미널),상왕십리,21,3
20250528,강변(동서울터미널),상왕십리,22,4
20250528,강변(동서울터미널),상왕십리,23,6
20250528,강변(동서울터미널),서울대입구(관악구청),0,2
20250528,강변(동서울터미널),서울대입구(관악구청),5,4
20250528,강변(동서울터미널),서울대입구(관악구청),6,9
20250528,강변(동서울터미널),서울대입구(관악구청),7,26
20250528,강변(동서울터미널),서울대입구(관악구청),8,34
20250528,강변(동서울터미널),서울대입구(관악구청),9,28
20250528,강변(동서울터미널),서울대입구(관악구청),10,17
20250528,강변(동서울터미널),서울대입구(관악구청),11,14
20250528,강변(동서울터미널),서울대입구(관악구청),12,10
20250528,강변(동서울터미널),서울대입구(관악구청),13,7
20250528,강변(동서울터미널),서울대입구(관악구청),14,12
20250528,강변(동서울터미널),서울대입구(관악구청),15,7
20250528,강변(동서울터미널),서울대입구(관악구청),16,7
20250528,강변(동서울터미널),서울대입구(관악구청),17,14
20250528,강변(동서울터미널),서울대입구(관악구청),18,20
20250528,강변(동서울터미널),서울대입구(관악구청),19,6
20250528,강변(동서울터미널),서울대입구(관악구청),20,8
20250528,강변(동서울터미널),서울대입구(관악구청),21,12
20250528,강변(동서울터미널),서울대입구(관악구청),22,10
20250528,강변(동서울터미널),서울대입구(관악구청),23,1
20250528,강변(동서울터미널),서초,5,4
20250528,강변(동서울터미널),서초,6,12
20250528,강변(동서울터미널),서초,7,46
20250528,강변(동서울터미널),서초,8,83
20250528,강변(동서울터미널),서초,9,37
20250528,강변(동서울터미널),서초,10,16
20250528,강변(동서울터미널),서초,11,6
20250528,강변(동서울터미널),서초,12,3
20250528,강변(동서울터미널),서초,13,8
20250528,강변(동서울터미널),서초,14,8
20250528,강변(동서울터미널),서초,15,11
20250528,강변(동서울터미널),서초,16,6
20250528,강변(동서울터미널),서초,17,7
20250528,강변(동서울터미널),서초,18,6
20250528,강변(동서울터미널),서초,19,6
20250528,강변(동서울터미널),서초,20,2
20250528,강변(동서울터미널),서초,21,3
20250528,강변(동서울터미널),서초,22,1
20250528,강변(동서울터미널),서초,23,1
20250528,강변(동서울터미널),선릉,0,1
20250528,강변(동서울터미널),선릉,5,17
20250528,강변(동서울터미널),선릉,6,46
20250528,강변(동서울터미널),선릉,7,165
20250528,강변(동서울터미널),선릉,8,227
20250528,강변(동서울터미널),선릉,9,121
20250528,강변(동서울터미널),선릉,10,68
20250528,강변(동서울터미널),선릉,11,47
20250528,강변(동서울터미널),선릉,12,32
20250528,강변(동서울터미널),선릉,13,40
20250528,강변(동서울터미널),선릉,14,28
20250528,강변(동서울터미널),선릉,15,25
20250528,강변(동서울터미널),선릉,16,26
20250528,강변(동서울터미널),선릉,17,40
20250528,강변(동서울터미널),선릉,18,24
20250528,강변(동서울터미널),선릉,19,7
20250528,강변(동서울터미널),선릉,20,14
20250528,강변(동서울터미널),선릉,21,6
20250528,강변(동서울터미널),선릉,22,12
20250528,강변(동서울터미널),선릉,23,3
20250528,강변(동서울터미널),성수,0,3
20250528,강변(동서울터미널),성수,5,15
20250528,강변(동서울터미널),성수,6,52
20250528,강변(동서울터미널),성수,7,155
20250528,강변(동서울터미널),성수,8,383
20250528,강변(동서울터미널),성수,9,190
20250528,강변(동서울터미널),성수,10,95
20250528,강변(동서울터미널),성수,11,61
20250528,강변(동서울터미널),성수,12,55
20250528,강변(동서울터미널),성수,13,36
20250528,강변(동서울터미널),성수,14,29
20250528,강변(동서울터미널),성수,15,47
20250528,강변(동서울터미널),성수,16,44
20250528,강변(동서울터미널),성수,17,49
20250528,강변(동서울터미널),성수,18,42
20250528,강변(동서울터미널),성수,19,23
20250528,강변(동서울터미널),성수,20,13
20250528,강변(동서울터미널),성수,21,13
20250528,강변(동서울터미널),성수,22,7
20250528,강변(동서울터미널),성수,23,6
20250528,강변(동서울터미널),시청,5,4
20250528,강변(동서울터미널),시청,6,34
20250528,강변(동서울터미널),시청,7,96
20250528,강변(동서울터미널),시청,8,110
20250528,강변(동서울터미널),시청,9,46
20250528,강변(동서울터미널),시청,10,19
20250528,강변(동서울터미널),시청,11,18
20250528,강변(동서울터미널),시청,12,11
20250528,강변(동서울터미널),시청,13,10
20250528,강변(동서울터미널),시청,14,4
20250528,강변(동서울터미널),시청,15,5
20250528,강변(동서울터미널),시청,16,6
20250528,강변(동서울터미널),시청,17,8
20250528,강변(동서울터미널),시청,18,3
20250528,강변(동서울터미널),시청,19,3
20250528,강변(동서울터미널),시청,21,1
20250528,강변(동서울터미널),시청,22,1
20250528,강변(동서울터미널),신당,0,1
20250528,강변(동서울터미널),신당,5,3
20250528,강변(동서울터미널),신당,6,1
20250528,강변(동서울터미널),신당,7,8
20250528,강변(동서울터미널),신당,8,18
20250528,강변(동서울터미널),신당,9,11
20250528,강변(동서울터미널),신당,10,9
20250528,강변(동서울터미널),신당,11,4
20250528,강변(동서울터미널),신당,12,5
20250528,강변(동서울터미널),신당,13,5
20250528,강변(동서울터미널),신당,14,8
20250528,강변(동서울터미널),신당,15,7
20250528,강변(동서울터미널),신당,16,7
20250528,강변(동서울터미널),신당,17,14
20250528,강변(동서울터미널),신당,18,9
20250528,강변(동서울터미널),신당,19,8
20250528,강변(동서울터미널),신당,20,4
20250528,강변(동서울터미널),신당,21,6
20250528,강변(동서울터미널),신당,22,5
20250528,강변(동서울터미널),신당,23,5
20250528,강변(동서울터미널),신대방,0,2
20250528,강변(동서울터미널),신대방,5,1
20250528,강변(동서울터미널),신대방,6,1
20250528,강변(동서울터미널),신대방,7,4
20250528,강변(동서울터미널),신대방,8,5
20250528,강변(동서울터미널),신대방,9,7
20250528,강변(동서울터미널),신대방,10,6
20250528,강변(동서울터미널),신대방,11,6
20250528,강변(동서울터미널),신대방,12,1
20250528,강변(동서울터미널),신대방,13,2
20250528,강변(동서울터미널),신대방,14,4
20250528,강변(동서울터미널),신대방,15,2
20250528,강변(동서울터미널),신대방,16,7
20250528,강변(동서울터미널),신대방,17,6
20250528,강변(동서울터미널),신대방,18,8
20250528,강변(동서울터미널),신대방,19,9
20250528,강변(동서울터미널),신대방,20,11
20250528,강변(동서울터미널),신대방,21,3
20250528,강변(동서울터미널),신대방,22,4
20250528,강변(동서울터미널),신대방,23,2
20250528,강변(동서울터미널),신도림,0,1
20250528,강변(동서울터미널),신도림,6,3
20250528,강변(동서울터미널),신도림,7,14
20250528,강변(동서울터미널),신도림,8,12
20250528,강변(동서울터미널),신도림,9,3
20250528,강변(동서울터미널),신도림,10,11
20250528,강변(동서울터미널),신도림,11,5
20250528,강변(동서울터미널),신도림,12,5
20250528,강변(동서울터미널),신도림,13,6
20250528,강변(동서울터미널),신도림,14,8
20250528,강변(동서울터미널),신도림,15,6
20250528,강변(동서울터미널),신도림,16,4
20250528,강변(동서울터미널),신도림,17,14
20250528,강변(동서울터미널),신도림,18,9
20250528,강변(동서울터미널),신도림,19,4
20250528,강변(동서울터미널),신도림,20,5
20250528,강변(동서울터미널),신도림,21,5
20250528,강변(동서울터미널),신도림,22,3
20250528,강변(동서울터미널),신림,0,1
20250528,강변(동서울터미널),신림,5,4
20250528,강변(동서울터미널),신림,6,8
20250528,강변(동서울터미널),신림,7,11
20250528,강변(동서울터미널),신림,8,9
20250528,강변(동서울터미널),신림,9,10
20250528,강변(동서울터미널),신림,10,14
20250528,강변(동서울터미널),신림,11,4
20250528,강변(동서울터미널),신림,12,7
20250528,강변(동서울터미널),신림,13,11
20250528,강변(동서울터미널),신림,14,2
20250528,강변(동서울터미널),신림,15,11
20250528,강변(동서울터미널),신림,16,19
20250528,강변(동서울터미널),신림,17,17
20250528,강변(동서울터미널),신림,18,32
20250528,강변(동서울터미널),신림,19,19
20250528,강변(동서울터미널),신림,20,9
20250528,강변(동서울터미널),신림,21,11
20250528,강변(동서울터미널),신림,22,12
20250528,강변(동서울터미널),신림,23,5
20250528,강변(동서울터미널),신촌,5,2
20250528,강변(동서울터미널),신촌,6,4
20250528,강변(동서울터미널),신촌,7,26
20250528,강변(동서울터미널),신촌,8,50
20250528,강변(동서울터미널),신촌,9,45
20250528,강변(동서울터미널),신촌,10,32
20250528,강변(동서울터미널),신촌,11,17
20250528,강변(동서울터미널),신촌,12,28
20250528,강변(동서울터미널),신촌,13,25
20250528,강변(동서울터미널),신촌,14,15
20250528,강변(동서울터미널),신촌,15,5
20250528,강변(동서울터미널),신촌,16,14
20250528,강변(동서울터미널),신촌,17,22
20250528,강변(동서울터미널),신촌,18,17
20250528,강변(동서울터미널),신촌,19,8
20250528,강변(동서울터미널),신촌,20,7
20250528,강변(동서울터미널),신촌,21,6
20250528,강변(동서울터미널),신촌,22,3
20250528,강변(동서울터미널),신촌,23,1
20250528,강변(동서울터미널),아현,6,1
20250528,강변(동서울터미널),아현,7,2
20250528,강변(동서울터미널),아현,8,7
20250528,강변(동서울터미널),아현,9,3
20250528,강변(동서울터미널),아현,10,4
20250528,강변(동서울터미널),아현,11,1
20250528,강변(동서울터미널),아현,12,1
20250528,강변(동서울터미널),아현,13,2
20250528,강변(동서울터미널),아현,14,4
20250528,강변(동서울터미널),아현,15,5
20250528,강변(동서울터미널),아현,16,4
20250528,강변(동서울터미널),아현,17,1
20250528,강변(동서울터미널),아현,18,6
20250528,강변(동서울터미널),아현,19,5
20250528,강변(동서울터미널),아현,20,1
20250528,강변(동서울터미널),아현,22,3
20250528,강변(동서울터미널),역삼,0,1
20250528,강변(동서울터미널),역삼,5,9
20250528,강변(동서울터미널),역삼,6,33
20250528,강변(동서울터미널),역삼,7,167
20250528,강변(동서울터미널),역삼,8,289
20250528,강변(동서울터미널),역삼,9,148
20250528,강변(동서울터미널),역삼,10,51
20250528,강변(동서울터미널),역삼,11,34
20250528,강변(동서울터미널),역삼,12,20
20250528,강변(동서울터미널),역삼,13,17
20250528,강변(동서울터미널),역삼,14,13
20250528,강변(동서울터미널),역삼,15,15
20250528,강변(동서울터미널),역삼,16,13
20250528,강변(동서울터미널),역삼,17,16
20250528,강변(동서울터미널),역삼,18,22
20250528,강변(동서울터미널),역삼,19,9
20250528,강변(동서울터미널),역삼,20,6
20250528,강변(동서울터미널),역삼,21,5
20250528,강변(동서울터미널),역삼,22,7
20250528,강변(동서울터미널),역삼,23,2
20250528,강변(동서울터미널),영등포구청,5,2
20250528,강변(동서울터미널),영등포구청,6,7
20250528,강변(동서울터미널),영등포구청,7,12
20250528,강변(동서울터미널),영등포구청,8,4
20250528,강변(동서울터미널),영등포구청,9,5
20250528,강변(동서울터미널),영등포구청,10,2
20250528,강변(동서울터미널),영등포구청,11,1
20250528,강변(동서울터미널),영등포구청,14,2
20250528,강변(동서울터미널),영등포구청,15,1
20250528,강변(동서울터미널),영등포구청,16,2
20250528,강변(동서울터미널),영등포구청,17,6
20250528,강변(동서울터미널),영등포구청,18,3
20250528,강변(동서울터미널),영등포구청,20,1
20250528,강변(동서울터미널),영등포구청,21,5
20250528,강변(동서울터미널),영등포구청,22,1
20250528,강변(동서울터미널),왕십리(성동구청),5,4
20250528,강변(동서울터미널),왕십리(성동구청),6,2
20250528,강변(동서울터미널),왕십리(성동구청),7,15
20250528,강변(동서울터미널),왕십리(성동구청),8,21
20250528,강변(동서울터미널),왕십리(성동구청),9,10
20250528,강변(동서울터미널),왕십리(성동구청),10,14
20250528,강변(동서울터미널),왕십리(성동구청),11,15
20250528,강변(동서울터미널),왕십리(성동구청),12,9
20250528,강변(동서울터미널),왕십리(성동구청),13,8
20250528,강변(동서울터미널),왕십리(성동구청),14,6
20250528,강변(동서울터미널),왕십리(성동구청),15,9
20250528,강변(동서울터미널),왕십리(성동구청),16,10
20250528,강변(동서울터미널),왕십리(성동구청),17,17
20250528,강변(동서울터미널),왕십리(성동구청),18,16
20250528,강변(동서울터미널),왕십리(성동구청),19,11
20250528,강변(동서울터미널),왕십리(성동구청),20,3
20250528,강변(동서울터미널),왕십리(성동구청),21,6
20250528,강변(동서울터미널),왕십리(성동구청),22,1
20250528,강변(동서울터미널),왕십리(성동구청),23,3
20250528,강변(동서울터미널),용두(동대문구청),7,5
20250528,강변(동서울터미널),용두(동대문구청),8,11
20250528,강변(동서울터미널),용두(동대문구청),10,9
20250528,강변(동서울터미널),용두(동대문구청),11,6
20250528,강변(동서울터미널),용두(동대문구청),12,4
20250528,강변(동서울터미널),용두(동대문구청),13,2
20250528,강변(동서울터미널),용두(동대문구청),14,1
20250528,강변(동서울터미널),용두(동대문구청),15,6
20250528,강변(동서울터미널),용두(동대문구청),16,5
20250528,강변(동서울터미널),용두(동대문구청),17,4
20250528,강변(동서울터미널),용두(동대문구청),18,6
20250528,강변(동서울터미널),용두(동대문구청),19,2
20250528,강변(동서울터미널),용두(동대문구청),20,2
20250528,강변(동서울터미널),용두(동대문구청),21,2
20250528,강변(동서울터미널),용두(동대문구청),22,1
20250528,강변(동서울터미널),을지로3가,5,4
20250528,강변(동서울터미널),을지로3가,6,26
20250528,강변(동서울터미널),을지로3가,7,69
20250528,강변(동서울터미널),을지로3가,8,72
20250528,강변(동서울터미널),을지로3가,9,33
20250528,강변(동서울터미널),을지로3가,10,16
20250528,강변(동서울터미널),을지로3가,11,10
20250528,강변(동서울터미널),을지로3가,12,10
20250528,강변(동서울터미널),을지로3가,13,6
20250528,강변(동서울터미널),을지로3가,14,10
20250528,강변(동서울터미널),을지로3가,15,5
20250528,강변(동서울터미널),을지로3가,16,6
20250528,강변(동서울터미널),을지로3가,17,11
20250528,강변(동서울터미널),을지로3가,18,8
20250528,강변(동서울터미널),을지로3가,19,5
20250528,강변(동서울터미널),을지로3가,20,1
20250528,강변(동서울터미널),을지로4가,5,4
20250528,강변(동서울터미널),을지로4가,6,13
20250528,강변(동서울터미널),을지로4가,7,38
20250528,강변(동서울터미널),을지로4가,8,45
20250528,강변(동서울터미널),을지로4가,9,28
20250528,강변(동서울터미널),을지로4가,10,10
20250528,강변(동서울터미널),을지로4가,11,10
20250528,강변(동서울터미널),을지로4가,12,12
20250528,강변(동서울터미널),을지로4가,13,8
20250528,강변(동서울터미널),을지로4가,14,7
20250528,강변(동서울터미널),을지로4가,15,4
20250528,강변(동서울터미널),을지로4가,16,7
20250528,강변(동서울터미널),을지로4가,17,5
20250528,강변(동서울터미널),을지로4가,18,5
20250528,강변(동서울터미널),을지로4가,19,2
20250528,강변(동서울터미널),을지로4가,20,1
20250528,강변(동서울터미널),을지로입구,0,1
20250528,강변(동서울터미널),을지로입구,5,10
20250528,강변(동서울터미널),을지로입구,6,25
20250528,강변(동서울터미널),을지로입구,7,139
20250528,강변(동서울터미널),을지로입구,8,180
20250528,강변(동서울터미널),을지로입구,9,47
20250528,강변(동서울터미널),을지로입구,10,39
20250528,강변(동서울터미널),을지로입구,11,29
20250528,강변(동서울터미널),을지로입구,12,7
20250528,강변(동서울터미널),을지로입구,13,8
20250528,강변(동서울터미널),을지로입구,14,20
20250528,강변(동서울터미널),을지로입구,15,12
20250528,강변(동서울터미널),을지로입구,16,13
20250528,강변(동서울터미널),을지로입구,17,14
20250528,강변(동서울터미널),을지로입구,18,11
20250528,강변(동서울터미널),을지로입구,19,3
20250528,강변(동서울터미널),을지로입구,20,4
20250528,강변(동서울터미널),을지로입구,21,1
20250528,강변(동서울터미널),을지로입구,22,2
20250528,강변(동서울터미널),을지로입구,23,1
20250528,강변(동서울터미널),이대,5,1
20250528,강변(동서울터미널),이대,6,4
20250528,강변(동서울터미널),이대,7,9
20250528,강변(동서울터미널),이대,8,33
20250528,강변(동서울터미널),이대,9,26
20250528,강변(동서울터미널),이대,10,18
20250528,강변(동서울터미널),이대,11,23
20250528,강변(동서울터미널),이대,12,4
20250528,강변(동서울터미널),이대,13,10
20250528,강변(동서울터미널),이대,14,6
20250528,강변(동서울터미널),이대,15,6
20250528,강변(동서울터미널),이대,16,7
20250528,강변(동서울터미널),이대,17,6
20250528,강변(동서울터미널),이대,18,8
20250528,강변(동서울터미널),이대,19,7
20250528,강변(동서울터미널),이대,20,4
20250528,강변(동서울터미널),이대,21,2
20250528,강변(동서울터미널),이대,22,3
20250528,강변(동서울터미널),잠실(송파구청),0,2
20250528,강변(동서울터미널),잠실(송파구청),5,30
20250528,강변(동서울터미널),잠실(송파구청),6,54
20250528,강변(동서울터미널),잠실(송파구청),7,85
20250528,강변(동서울터미널),잠실(송파구청),8,207
20250528,강변(동서울터미널),잠실(송파구청),9,127
20250528,강변(동서울터미널),잠실(송파구청),10,122
20250528,강변(동서울터미널),잠실(송파구청),11,111
20250528,강변(동서울터미널),잠실(송파구청),12,131
20250528,강변(동서울터미널),잠실(송파구청),13,119
20250528,강변(동서울터미널),잠실(송파구청),14,92
20250528,강변(동서울터미널),잠실(송파구청),15,95
20250528,강변(동서울터미널),잠실(송파구청),16,101
20250528,강변(동서울터미널),잠실(송파구청),17,109
20250528,강변(동서울터미널),잠실(송파구청),18,158
20250528,강변(동서울터미널),잠실(송파구청),19,95
20250528,강변(동서울터미널),잠실(송파구청),20,69
20250528,강변(동서울터미널),잠실(송파구청),21,36
20250528,강변(동서울터미널),잠실(송파구청),22,37
20250528,강변(동서울터미널),잠실(송파구청),23,12
20250528,강변(동서울터미널),잠실나루,0,1
20250528,강변(동서울터미널),잠실나루,5,17
20250528,강변(동서울터미널),잠실나루,6,16
20250528,강변(동서울터미널),잠실나루,7,31
20250528,강변(동서울터미널),잠실나루,8,106
20250528,강변(동서울터미널),잠실나루,9,76
20250528,강변(동서울터미널),잠실나루,10,50
20250528,강변(동서울터미널),잠실나루,11,41
20250528,강변(동서울터미널),잠실나루,12,52
20250528,강변(동서울터미널),잠실나루,13,39
20250528,강변(동서울터미널),잠실나루,14,35
20250528,강변(동서울터미널),잠실나루,15,34
20250528,강변(동서울터미널),잠실나루,16,26
20250528,강변(동서울터미널),잠실나루,17,23
20250528,강변(동서울터미널),잠실나루,18,34
20250528,강변(동서울터미널),잠실나루,19,28
20250528,강변(동서울터미널),잠실나루,20,23
20250528,강변(동서울터미널),잠실나루,21,13
20250528,강변(동서울터미널),잠실나루,22,10
20250528,강변(동서울터미널),잠실나루,23,4
20250528,강변(동서울터미널),잠실새내,0,4
20250528,강변(동서울터미널),잠실새내,5,7
20250528,강변(동서울터미널),잠실새내,6,5
20250528,강변(동서울터미널),잠실새내,7,18
20250528,강변(동서울터미널),잠실새내,8,41
20250528,강변(동서울터미널),잠실새내,9,28
20250528,강변(동서울터미널),잠실새내,10,24
20250528,강변(동서울터미널),잠실새내,11,27
20250528,강변(동서울터미널),잠실새내,12,17
20250528,강변(동서울터미널),잠실새내,13,32
20250528,강변(동서울터미널),잠실새내,14,27
20250528,강변(동서울터미널),잠실새내,15,26
20250528,강변(동서울터미널),잠실새내,16,38
20250528,강변(동서울터미널),잠실새내,17,36
20250528,강변(동서울터미널),잠실새내,18,68
20250528,강변(동서울터미널),잠실새내,19,31
20250528,강변(동서울터미널),잠실새내,20,12
20250528,강변(동서울터미널),잠실새내,21,12
20250528,강변(동서울터미널),잠실새내,22,16
20250528,강변(동서울터미널),잠실새내,23,4
20250528,강변(동서울터미널),종합운동장,4,1
20250528,강변(동서울터미널),종합운동장,5,3
20250528,강변(동서울터미널),종합운동장,6,5
20250528,강변(동서울터미널),종합운동장,7,18
20250528,강변(동서울터미널),종합운동장,8,17
20250528,강변(동서울터미널),종합운동장,9,10
20250528,강변(동서울터미널),종합운동장,10,10
20250528,강변(동서울터미널),종합운동장,11,9
20250528,강변(동서울터미널),종합운동장,12,1
20250528,강변(동서울터미널),종합운동장,13,8
20250528,강변(동서울터미널),종합운동장,14,2
20250528,강변(동서울터미널),종합운동장,15,6
20250528,강변(동서울터미널),종합운동장,16,29
20250528,강변(동서울터미널),종합운동장,17,47
20250528,강변(동서울터미널),종합운동장,18,32
20250528,강변(동서울터미널),종합운동장,19,4
20250528,강변(동서울터미널),종합운동장,20,5
20250528,강변(동서울터미널),종합운동장,21,4
20250528,강변(동서울터미널),종합운동장,22,6
20250528,강변(동서울터미널),충정로(경기대입구),6,2
20250528,강변(동서울터미널),충정로(경기대입구),7,26
20250528,강변(동서울터미널),충정로(경기대입구),8,18
20250528,강변(동서울터미널),충정로(경기대입구),9,7
20250528,강변(동서울터미널),충정로(경기대입구),10,5
20250528,강변(동서울터미널),충정로(경기대입구),11,1
20250528,강변(동서울터미널),충정로(경기대입구),12,1
20250528,강변(동서울터미널),충정로(경기대입구),13,2
20250528,강변(동서울터미널),충정로(경기대입구),14,1
20250528,강변(동서울터미널),충정로(경기대입구),15,1
20250528,강변(동서울터미널),충정로(경기대입구),16,1
20250528,강변(동서울터미널),충정로(경기대입구),18,3
20250528,강변(동서울터미널),충정로(경기대입구),19,4
20250528,강변(동서울터미널),충정로(경기대입구),21,4
20250528,강변(동서울터미널),충정로(경기대입구),22,2
20250528,강변(동서울터미널),한양대,0,1
20250528,강변(동서울터미널),한양대,5,3
20250528,강변(동서울터미널),한양대,6,9
20250528,강변(동서울터미널),한양대,7,16
20250528,강변(동서울터미널),한양대,8,60
20250528,강변(동서울터미널),한양대,9,60
20250528,강변(동서울터미널),한양대,10,51
20250528,강변(동서울터미널),한양대,11,16
20250528,강변(동서울터미널),한양대,12,32
20250528,강변(동서울터미널),한양대,13,10
20250528,강변(동서울터미널),한양대,14,13
20250528,강변(동서울터미널),한양대,15,6
20250528,강변(동서울터미널),한양대,16,5
20250528,강변(동서울터미널),한양대,17,6
20250528,강변(동서울터미널),한양대,18,8
20250528,강변(동서울터미널),한양대,19,3
20250528,강변(동서울터미널),한양대,20,2
20250528,강변(동서울터미널),한양대,21,3
20250528,강변(동서울터미널),한양대,22,1
20250528,강변(동서울터미널),합정,6,5
20250528,강변(동서울터미널),합정,7,8
20250528,강변(동서울터미널),합정,8,12
20250528,강변(동서울터미널),합정,9,10
20250528,강변(동서울터미널),합정,10,12
20250528,강변(동서울터미널),합정,11,5
20250528,강변(동서울터미널),합정,12,9
20250528,강변(동서울터미널),합정,13,6
20250528,강변(동서울터미널),합정,14,5
20250528,강변(동서울터미널),합정,15,6
20250528,강변(동서울터미널),합정,16,8
20250528,강변(동서울터미널),합정,17,7
20250528,강변(동서울터미널),합정,18,4
20250528,강변(동서울터미널),합정,19,6
20250528,강변(동서울터미널),합정,20,6
20250528,강변(동서울터미널),합정,21,2
20250528,강변(동서울터미널),합정,22,1
20250528,강변(동서울터미널),홍대입구,5,3
20250528,강변(동서울터미널),홍대입구,6,8
20250528,강변(동서울터미널),홍대입구,7,15
20250528,강변(동서울터미널),홍대입구,8,30
20250528,강변(동서울터미널),홍대입구,9,37
20250528,강변(동서울터미널),홍대입구,10,42
20250528,강변(동서울터미널),홍대입구,11,19
20250528,강변(동서울터미널),홍대입구,12,23
20250528,강변(동서울터미널),홍대입구,13,18
20250528,강변(동서울터미널),홍대입구,14,18
20250528,강변(동서울터미널),홍대입구,15,19
20250528,강변(동서울터미널),홍대입구,16,35
20250528,강변(동서울터미널),홍대입구,17,23
20250528,강변(동서울터미널),홍대입구,18,32
20250528,강변(동서울터미널),홍대입구,19,11
20250528,강변(동서울터미널),홍대입구,20,11
20250528,강변(동서울터미널),홍대입구,21,8
20250528,강변(동서울터미널),홍대입구,22,7
20250528,강변(동서울터미널),홍대입구,23,2
20250528,건대입구,강남,0,4
20250528,건대입구,강남,5,23
20250528,건대입구,강남,6,28
20250528,건대입구,강남,7,103
20250528,건대입구,강남,8,204
20250528,건대입구,강남,9,136
20250528,건대입구,강남,10,47
20250528,건대입구,강남,11,40
20250528,건대입구,강남,12,39
20250528,건대입구,강남,13,42
20250528,건대입구,강남,14,50
20250528,건대입구,강남,15,52
20250528,건대입구,강남,16,63
20250528,건대입구,강남,17,65
20250528,건대입구,강남,18,71
20250528,건대입구,강남,19,49
20250528,건대입구,강남,20,29
20250528,건대입구,강남,21,28
20250528,건대입구,강남,22,34
20250528,건대입구,강남,23,28
20250528,건대입구,강변(동서울터미널),0,8
20250528,건대입구,강변(동서울터미널),4,1
20250528,건대입구,강변(동서울터미널),5,18
20250528,건대입구,강변(동서울터미널),6,30
20250528,건대입구,강변(동서울터미널),7,43
20250528,건대입구,강변(동서울터미널),8,46
20250528,건대입구,강변(동서울터미널),9,54
20250528,건대입구,강변(동서울터미널),10,33
20250528,건대입구,강변(동서울터미널),11,46
20250528,건대입구,강변(동서울터미널),12,46
20250528,건대입구,강변(동서울터미널),13,48
20250528,건대입구,강변(동서울터미널),14,49
20250528,건대입구,강변(동서울터미널),15,61
20250528,건대입구,강변(동서울터미널),16,66
20250528,건대입구,강변(동서울터미널),17,100
20250528,건대입구,강변(동서울터미널),18,96
20250528,건대입구,강변(동서울터미널),19,73
20250528,건대입구,강변(동서울터미널),20,74
20250528,건대입구,강변(동서울터미널),21,77
20250528,건대입구,강변(동서울터미널),22,55
20250528,건대입구,강변(동서울터미널),23,38
20250528,건대입구,건대입구,0,17
20250528,건대입구,건대입구,1,1
20250528,건대입구,건대입구,5,6
20250528,건대입구,건대입구,6,8
20250528,건대입구,건대입구,7,12
20250528,건대입구,건대입구,8,9
20250528,건대입구,건대입구,9,23
20250528,건대입구,건대입구,10,24
20250528,건대입구,건대입구,11,30
20250528,건대입구,건대입구,12,26
20250528,건대입구,건대입구,13,26
20250528,건대입구,건대입구,14,29
20250528,건대입구,건대입구,15,50
20250528,건대입구,건대입구,16,29
20250528,건대입구,건대입구,17,42
20250528,건대입구,건대입구,18,57
20250528,건대입구,건대입구,19,37
20250528,건대입구,건대입구,20,43
20250528,건대입구,건대입구,21,34
20250528,건대입구,건대입구,22,41
20250528,건대입구,건대입구,23,37
20250528,건대입구,교대(법원.검찰청),0,2
20250528,건대입구,교대(법원.검찰청),4,1
20250528,건대입구,교대(법원.검찰청),5,6
20250528,건대입구,교대(법원.검찰청),6,16
20250528,건대입구,교대(법원.검찰청),7,22
20250528,건대입구,교대(법원.검찰청),8,61
20250528,건대입구,교대(법원.검찰청),9,35
20250528,건대입구,교대(법원.검찰청),10,16
20250528,건대입구,교대(법원.검찰청),11,13
20250528,건대입구,교대(법원.검찰청),12,14
20250528,건대입구,교대(법원.검찰청),13,14
20250528,건대입구,교대(법원.검찰청),14,10
20250528,건대입구,교대(법원.검찰청),15,13
20250528,건대입구,교대(법원.검찰청),16,19
20250528,건대입구,교대(법원.검찰청),17,12
20250528,건대입구,교대(법원.검찰청),18,13
20250528,건대입구,교대(법원.검찰청),19,10
20250528,건대입구,교대(법원.검찰청),20,5
20250528,건대입구,교대(법원.검찰청),21,9
20250528,건대입구,교대(법원.검찰청),22,7
20250528,건대입구,교대(법원.검찰청),23,6
20250528,건대입구,구로디지털단지,0,1
20250528,건대입구,구로디지털단지,5,2
20250528,건대입구,구로디지털단지,6,8
20250528,건대입구,구로디지털단지,7,39
20250528,건대입구,구로디지털단지,8,24
20250528,건대입구,구로디지털단지,9,13
20250528,건대입구,구로디지털단지,10,3
20250528,건대입구,구로디지털단지,11,4
20250528,건대입구,구로디지털단지,12,7
20250528,건대입구,구로디지털단지,13,2
20250528,건대입구,구로디지털단지,14,6
20250528,건대입구,구로디지털단지,15,6
20250528,건대입구,구로디지털단지,16,11
20250528,건대입구,구로디지털단지,17,14
20250528,건대입구,구로디지털단지,18,24
20250528,건대입구,구로디지털단지,19,9
20250528,건대입구,구로디지털단지,20,18
20250528,건대입구,구로디지털단지,21,19
20250528,건대입구,구로디지털단지,22,11
20250528,건대입구,구로디지털단지,23,5
20250528,건대입구,구의(광진구청),0,9
20250528,건대입구,구의(광진구청),5,4
20250528,건대입구,구의(광진구청),6,13
20250528,건대입구,구의(광진구청),7,31
20250528,건대입구,구의(광진구청),8,47
20250528,건대입구,구의(광진구청),9,61
20250528,건대입구,구의(광진구청),10,62
20250528,건대입구,구의(광진구청),11,67
20250528,건대입구,구의(광진구청),12,45
20250528,건대입구,구의(광진구청),13,51
20250528,건대입구,구의(광진구청),14,63
20250528,건대입구,구의(광진구청),15,77
20250528,건대입구,구의(광진구청),16,81
20250528,건대입구,구의(광진구청),17,111
20250528,건대입구,구의(광진구청),18,129
20250528,건대입구,구의(광진구청),19,114
20250528,건대입구,구의(광진구청),20,66
20250528,건대입구,구의(광진구청),21,74
20250528,건대입구,구의(광진구청),22,67
20250528,건대입구,구의(광진구청),23,43
20250528,건대입구,낙성대,0,2
20250528,건대입구,낙성대,5,2
20250528,건대입구,낙성대,6,2
20250528,건대입구,낙성대,7,11
20250528,건대입구,낙성대,8,7
20250528,건대입구,낙성대,9,4
20250528,건대입구,낙성대,10,6
20250528,건대입구,낙성대,11,8
20250528,건대입구,낙성대,12,3
20250528,건대입구,낙성대,13,1
20250528,건대입구,낙성대,14,8
20250528,건대입구,낙성대,15,4
20250528,건대입구,낙성대,16,5
20250528,건대입구,낙성대,17,13
20250528,건대입구,낙성대,18,21
20250528,건대입구,낙성대,19,9
20250528,건대입구,낙성대,20,9
20250528,건대입구,낙성대,21,10
20250528,건대입구,낙성대,22,17
20250528,건대입구,낙성대,23,9
20250528,건대입구,당산,0,4
20250528,건대입구,당산,5,4
20250528,건대입구,당산,6,7
20250528,건대입구,당산,7,16
20250528,건대입구,당산,8,19
20250528,건대입구,당산,9,1
20250528,건대입구,당산,11,2
20250528,건대입구,당산,12,11
20250528,건대입구,당산,13,7
20250528,건대입구,당산,14,9
20250528,건대입구,당산,15,10
20250528,건대입구,당산,16,14
20250528,건대입구,당산,17,18
20250528,건대입구,당산,18,15
20250528,건대입구,당산,19,7
20250528,건대입구,당산,20,10
20250528,건대입구,당산,21,16
20250528,건대입구,당산,22,14
20250528,건대입구,당산,23,9
20250528,건대입구,대림(구로구청),0,1
20250528,건대입구,대림(구로구청),5,1
20250528,건대입구,대림(구로구청),6,3
20250528,건대입구,대림(구로구청),8,2
20250528,건대입구,대림(구로구청),9,5
20250528,건대입구,대림(구로구청),10,5
20250528,건대입구,대림(구로구청),11,5
20250528,건대입구,대림(구로구청),12,1
20250528,건대입구,대림(구로구청),14,4
20250528,건대입구,대림(구로구청),15,3
20250528,건대입구,대림(구로구청),16,4
20250528,건대입구,대림(구로구청),17,4
20250528,건대입구,대림(구로구청),18,8
20250528,건대입구,대림(구로구청),19,2
20250528,건대입구,대림(구로구청),20,7
20250528,건대입구,대림(구로구청),21,5
20250528,건대입구,대림(구로구청),22,4
20250528,건대입구,대림(구로구청),23,1
20250528,건대입구,동대문역사문화공원,0,1
20250528,건대입구,동대문역사문화공원,4,1
20250528,건대입구,동대문역사문화공원,5,6
20250528,건대입구,동대문역사문화공원,6,13
20250528,건대입구,동대문역사문화공원,7,44
20250528,건대입구,동대문역사문화공원,8,75
20250528,건대입구,동대문역사문화공원,9,47
20250528,건대입구,동대문역사문화공원,10,34
20250528,건대입구,동대문역사문화공원,11,24
20250528,건대입구,동대문역사문화공원,12,19
20250528,건대입구,동대문역사문화공원,13,28
20250528,건대입구,동대문역사문화공원,14,22
20250528,건대입구,동대문역사문화공원,15,30
20250528,건대입구,동대문역사문화공원,16,18
20250528,건대입구,동대문역사문화공원,17,26
20250528,건대입구,동대문역사문화공원,18,27
20250528,건대입구,동대문역사문화공원,19,24
20250528,건대입구,동대문역사문화공원,20,15
20250528,건대입구,동대문역사문화공원,21,16
20250528,건대입구,동대문역사문화공원,22,12
20250528,건대입구,동대문역사문화공원,23,11
20250528,건대입구,뚝섬,0,3
20250528,건대입구,뚝섬,5,7
20250528,건대입구,뚝섬,6,16
20250528,건대입구,뚝섬,7,54
20250528,건대입구,뚝섬,8,167
20250528,건대입구,뚝섬,9,109
20250528,건대입구,뚝섬,10,53
20250528,건대입구,뚝섬,11,33
20250528,건대입구,뚝섬,12,31
20250528,건대입구,뚝섬,13,65
20250528,건대입구,뚝섬,14,30
20250528,건대입구,뚝섬,15,49
20250528,건대입구,뚝섬,16,57
20250528,건대입구,뚝섬,17,60
20250528,건대입구,뚝섬,18,49
20250528,건대입구,뚝섬,19,34
20250528,건대입구,뚝섬,20,29
20250528,건대입구,뚝섬,21,31
20250528,건대입구,뚝섬,22,18
20250528,건대입구,뚝섬,23,12
20250528,건대입구,문래,0,1
20250528,건대입구,문래,6,11
20250528,건대입구,문래,7,26
20250528,건대입구,문래,8,17
20250528,건대입구,문래,9,6
20250528,건대입구,문래,10,3
20250528,건대입구,문래,11,2
20250528,건대입구,문래,12,1
20250528,건대입구,문래,13,2
20250528,건대입구,문래,14,8
20250528,건대입구,문래,15,2
20250528,건대입구,문래,16,7
20250528,건대입구,문래,17,9
20250528,건대입구,문래,18,5
20250528,건대입구,문래,19,6
20250528,건대입구,문래,20,4
20250528,건대입구,문래,21,3
20250528,건대입구,문래,22,4
20250528,건대입구,문래,23,2
20250528,건대입구,방배,5,6
20250528,건대입구,방배,7,7
20250528,건대입구,방배,8,17
20250528,건대입구,방배,9,9
20250528,건대입구,방배,10,9
20250528,건대입구,방배,11,2
20250528,건대입구,방배,12,5
20250528,건대입구,방배,13,8
20250528,건대입구,방배,14,5
20250528,건대입구,방배,15,7
20250528,건대입구,방배,16,4
20250528,건대입구,방배,17,4
20250528,건대입구,방배,18,3
20250528,건대입구,방배,19,1
20250528,건대입구,방배,20,4
20250528,건대입구,방배,21,5
20250528,건대입구,방배,22,3
20250528,건대입구,방배,23,4
20250528,건대입구,봉천,5,1
20250528,건대입구,봉천,7,5
20250528,건대입구,봉천,8,4
20250528,건대입구,봉천,9,1
20250528,건대입구,봉천,10,1
20250528,건대입구,봉천,11,3
20250528,건대입구,봉천,12,3
20250528,건대입구,봉천,13,1
20250528,건대입구,봉천,14,1
20250528,건대입구,봉천,15,4
20250528,건대입구,봉천,16,3
20250528,건대입구,봉천,17,3
20250528,건대입구,봉천,18,15
20250528,건대입구,봉천,19,10
20250528,건대입구,봉천,20,7
20250528,건대입구,봉천,21,8
20250528,건대입구,봉천,22,11
20250528,건대입구,봉천,23,5
20250528,건대입구,사당,0,4
20250528,건대입구,사당,5,1
20250528,건대입구,사당,6,8
20250528,건대입구,사당,7,12
20250528,건대입구,사당,8,14
20250528,건대입구,사당,9,14
20250528,건대입구,사당,10,10
20250528,건대입구,사당,11,4
20250528,건대입구,사당,12,8
20250528,건대입구,사당,13,8
20250528,건대입구,사당,14,16
20250528,건대입구,사당,15,17
20250528,건대입구,사당,16,24
20250528,건대입구,사당,17,24
20250528,건대입구,사당,18,27
20250528,건대입구,사당,19,27
20250528,건대입구,사당,20,23
20250528,건대입구,사당,21,33
20250528,건대입구,사당,22,24
20250528,건대입구,사당,23,13
20250528,건대입구,삼성(무역센터),0,1
20250528,건대입구,삼성(무역센터),5,19
20250528,건대입구,삼성(무역센터),6,32
20250528,건대입구,삼성(무역센터),7,77
20250528,건대입구,삼성(무역센터),8,192
20250528,건대입구,삼성(무역센터),9,124
20250528,건대입구,삼성(무역센터),10,36
20250528,건대입구,삼성(무역센터),11,31
20250528,건대입구,삼성(무역센터),12,22
20250528,건대입구,삼성(무역센터),13,29
20250528,건대입구,삼성(무역센터),14,22
20250528,건대입구,삼성(무역센터),15,16
20250528,건대입구,삼성(무역센터),16,28
20250528,건대입구,삼성(무역센터),17,31
20250528,건대입구,삼성(무역센터),18,22
20250528,건대입구,삼성(무역센터),19,21
20250528,건대입구,삼성(무역센터),20,9
20250528,건대입구,삼성(무역센터),21,12
20250528,건대입구,삼성(무역센터),22,13
20250528,건대입구,삼성(무역센터),23,4
20250528,건대입구,상왕십리,0,6
20250528,건대입구,상왕십리,5,3
20250528,건대입구,상왕십리,6,6
20250528,건대입구,상왕십리,7,7
20250528,건대입구,상왕십리,8,29
20250528,건대입구,상왕십리,9,21
20250528,건대입구,상왕십리,10,10
20250528,건대입구,상왕십리,11,13
20250528,건대입구,상왕십리,12,17
20250528,건대입구,상왕십리,13,10
20250528,건대입구,상왕십리,14,14
20250528,건대입구,상왕십리,15,18
20250528,건대입구,상왕십리,16,21
20250528,건대입구,상왕십리,17,15
20250528,건대입구,상왕십리,18,17
20250528,건대입구,상왕십리,19,18
20250528,건대입구,상왕십리,20,14
20250528,건대입구,상왕십리,21,16
20250528,건대입구,상왕십리,22,21
20250528,건대입구,상왕십리,23,18
20250528,건대입구,서울대입구(관악구청),0,7
20250528,건대입구,서울대입구(관악구청),5,7
20250528,건대입구,서울대입구(관악구청),6,2
20250528,건대입구,서울대입구(관악구청),7,15
20250528,건대입구,서울대입구(관악구청),8,17
20250528,건대입구,서울대입구(관악구청),9,13
20250528,건대입구,서울대입구(관악구청),10,11
20250528,건대입구,서울대입구(관악구청),11,5
20250528,건대입구,서울대입구(관악구청),12,7
20250528,건대입구,서울대입구(관악구청),13,14
20250528,건대입구,서울대입구(관악구청),14,6
20250528,건대입구,서울대입구(관악구청),15,17
20250528,건대입구,서울대입구(관악구청),16,12
20250528,건대입구,서울대입구(관악구청),17,28
20250528,건대입구,서울대입구(관악구청),18,29
20250528,건대입구,서울대입구(관악구청),19,17
20250528,건대입구,서울대입구(관악구청),20,23
20250528,건대입구,서울대입구(관악구청),21,24
20250528,건대입구,서울대입구(관악구청),22,27
20250528,건대입구,서울대입구(관악구청),23,13
20250528,건대입구,서초,4,1
20250528,건대입구,서초,5,7
20250528,건대입구,서초,6,6
20250528,건대입구,서초,7,20
20250528,건대입구,서초,8,39
20250528,건대입구,서초,9,25
20250528,건대입구,서초,10,8
20250528,건대입구,서초,11,3
20250528,건대입구,서초,12,5
20250528,건대입구,서초,13,1
20250528,건대입구,서초,14,3
20250528,건대입구,서초,15,3
20250528,건대입구,서초,16,4
20250528,건대입구,서초,17,8
20250528,건대입구,서초,18,6
20250528,건대입구,서초,19,2
20250528,건대입구,서초,20,4
20250528,건대입구,서초,21,7
20250528,건대입구,서초,22,7
20250528,건대입구,서초,23,2
20250528,건대입구,선릉,0,4
20250528,건대입구,선릉,5,9
20250528,건대입구,선릉,6,23
20250528,건대입구,선릉,7,79
20250528,건대입구,선릉,8,140
20250528,건대입구,선릉,9,94
20250528,건대입구,선릉,10,32
20250528,건대입구,선릉,11,15
20250528,건대입구,선릉,12,17
20250528,건대입구,선릉,13,16
20250528,건대입구,선릉,14,16
20250528,건대입구,선릉,15,28
20250528,건대입구,선릉,16,31
20250528,건대입구,선릉,17,36
20250528,건대입구,선릉,18,32
20250528,건대입구,선릉,19,7
20250528,건대입구,선릉,20,6
20250528,건대입구,선릉,21,10
20250528,건대입구,선릉,22,7
20250528,건대입구,선릉,23,18
20250528,건대입구,성수,0,6
20250528,건대입구,성수,5,5
20250528,건대입구,성수,6,15
20250528,건대입구,성수,7,44
20250528,건대입구,성수,8,170
20250528,건대입구,성수,9,125
20250528,건대입구,성수,10,69
20250528,건대입구,성수,11,48
20250528,건대입구,성수,12,68
20250528,건대입구,성수,13,63
20250528,건대입구,성수,14,77
20250528,건대입구,성수,15,85
20250528,건대입구,성수,16,87
20250528,건대입구,성수,17,94
20250528,건대입구,성수,18,79
20250528,건대입구,성수,19,52
20250528,건대입구,성수,20,37
20250528,건대입구,성수,21,22
20250528,건대입구,성수,22,15
20250528,건대입구,성수,23,7
20250528,건대입구,시청,0,1
20250528,건대입구,시청,5,7
20250528,건대입구,시청,6,17
20250528,건대입구,시청,7,64
20250528,건대입구,시청,8,113
20250528,건대입구,시청,9,28
20250528,건대입구,시청,10,17
20250528,건대입구,시청,11,11
20250528,건대입구,시청,12,20
20250528,건대입구,시청,13,12
20250528,건대입구,시청,14,6
20250528,건대입구,시청,15,12
20250528,건대입구,시청,16,15
20250528,건대입구,시청,17,25
20250528,건대입구,시청,18,13
20250528,건대입구,시청,19,6
20250528,건대입구,시청,20,3
20250528,건대입구,시청,21,5
20250528,건대입구,시청,22,7
20250528,건대입구,시청,23,4
20250528,건대입구,신당,0,3
20250528,건대입구,신당,5,3
20250528,건대입구,신당,6,6
20250528,건대입구,신당,7,16
20250528,건대입구,신당,8,24
20250528,건대입구,신당,9,24
20250528,건대입구,신당,10,13
20250528,건대입구,신당,11,17
20250528,건대입구,신당,12,7
20250528,건대입구,신당,13,8
20250528,건대입구,신당,14,17
20250528,건대입구,신당,15,15
20250528,건대입구,신당,16,18
20250528,건대입구,신당,17,29
20250528,건대입구,신당,18,27
20250528,건대입구,신당,19,16
20250528,건대입구,신당,20,17
20250528,건대입구,신당,21,23
20250528,건대입구,신당,22,14
20250528,건대입구,신당,23,13
20250528,건대입구,신대방,0,2
20250528,건대입구,신대방,6,1
20250528,건대입구,신대방,7,3
20250528,건대입구,신대방,8,3
20250528,건대입구,신대방,9,4
20250528,건대입구,신대방,11,2
20250528,건대입구,신대방,13,4
20250528,건대입구,신대방,14,7
20250528,건대입구,신대방,15,3
20250528,건대입구,신대방,16,4
20250528,건대입구,신대방,17,4
20250528,건대입구,신대방,18,17
20250528,건대입구,신대방,19,5
20250528,건대입구,신대방,20,17
20250528,건대입구,신대방,21,14
20250528,건대입구,신대방,22,14
20250528,건대입구,신대방,23,8
20250528,건대입구,신도림,0,1
20250528,건대입구,신도림,5,1
20250528,건대입구,신도림,6,1
20250528,건대입구,신도림,7,8
20250528,건대입구,신도림,8,9
20250528,건대입구,신도림,9,6
20250528,건대입구,신도림,10,2
20250528,건대입구,신도림,11,2
20250528,건대입구,신도림,12,1
20250528,건대입구,신도림,13,3
20250528,건대입구,신도림,14,3
20250528,건대입구,신도림,15,6
20250528,건대입구,신도림,16,17
20250528,건대입구,신도림,17,11
20250528,건대입구,신도림,18,13
20250528,건대입구,신도림,19,9
20250528,건대입구,신도림,20,9
20250528,건대입구,신도림,21,14
20250528,건대입구,신도림,22,16
20250528,건대입구,신도림,23,12
20250528,건대입구,신림,0,3
20250528,건대입구,신림,5,3
20250528,건대입구,신림,6,6
20250528,건대입구,신림,7,11
20250528,건대입구,신림,8,7
20250528,건대입구,신림,9,5
20250528,건대입구,신림,10,7
20250528,건대입구,신림,11,1
20250528,건대입구,신림,12,12
20250528,건대입구,신림,13,6
20250528,건대입구,신림,14,13
20250528,건대입구,신림,15,14
20250528,건대입구,신림,16,21
20250528,건대입구,신림,17,30
20250528,건대입구,신림,18,30
20250528,건대입구,신림,19,23
20250528,건대입구,신림,20,30
20250528,건대입구,신림,21,40
20250528,건대입구,신림,22,24
20250528,건대입구,신림,23,21
20250528,건대입구,신촌,0,3
20250528,건대입구,신촌,5,4
20250528,건대입구,신촌,6,11
20250528,건대입구,신촌,7,26
20250528,건대입구,신촌,8,49
20250528,건대입구,신촌,9,53
20250528,건대입구,신촌,10,28
20250528,건대입구,신촌,11,25
20250528,건대입구,신촌,12,29
20250528,건대입구,신촌,13,19
20250528,건대입구,신촌,14,28
20250528,건대입구,신촌,15,18
20250528,건대입구,신촌,16,26
20250528,건대입구,신촌,17,39
20250528,건대입구,신촌,18,43
20250528,건대입구,신촌,19,23
20250528,건대입구,신촌,20,22
20250528,건대입구,신촌,21,26
20250528,건대입구,신촌,22,29
20250528,건대입구,신촌,23,14
20250528,건대입구,아현,0,1
20250528,건대입구,아현,5,1
20250528,건대입구,아현,6,2
20250528,건대입구,아현,7,4
20250528,건대입구,아현,8,5
20250528,건대입구,아현,9,4
20250528,건대입구,아현,10,5
20250528,건대입구,아현,11,3
20250528,건대입구,아현,12,4
20250528,건대입구,아현,13,4
20250528,건대입구,아현,14,7
20250528,건대입구,아현,15,10
20250528,건대입구,아현,16,4
20250528,건대입구,아현,17,9
20250528,건대입구,아현,18,14
20250528,건대입구,아현,19,7
20250528,건대입구,아현,20,13
20250528,건대입구,아현,21,10
20250528,건대입구,아현,22,4
20250528,건대입구,아현,23,8
20250528,건대입구,역삼,0,1
20250528,건대입구,역삼,5,20
20250528,건대입구,역삼,6,21
20250528,건대입구,역삼,7,97
20250528,건대입구,역삼,8,181
20250528,건대입구,역삼,9,130
20250528,건대입구,역삼,10,31
20250528,건대입구,역삼,11,20
20250528,건대입구,역삼,12,26
20250528,건대입구,역삼,13,22
20250528,건대입구,역삼,14,25
20250528,건대입구,역삼,15,17
20250528,건대입구,역삼,16,12
20250528,건대입구,역삼,17,18
20250528,건대입구,역삼,18,16
20250528,건대입구,역삼,19,10
20250528,건대입구,역삼,20,9
20250528,건대입구,역삼,21,19
20250528,건대입구,역삼,22,8
20250528,건대입구,역삼,23,4
20250528,건대입구,영등포구청,5,2
20250528,건대입구,영등포구청,6,2
20250528,건대입구,영등포구청,7,20
20250528,건대입구,영등포구청,8,13
20250528,건대입구,영등포구청,9,2
20250528,건대입구,영등포구청,10,6
20250528,건대입구,영등포구청,11,4
20250528,건대입구,영등포구청,12,2
20250528,건대입구,영등포구청,13,6
20250528,건대입구,영등포구청,14,1
20250528,건대입구,영등포구청,15,1
20250528,건대입구,영등포구청,16,7
20250528,건대입구,영등포구청,17,5
20250528,건대입구,영등포구청,18,5
20250528,건대입구,영등포구청,19,5
20250528,건대입구,영등포구청,20,7
20250528,건대입구,영등포구청,21,8
20250528,건대입구,영등포구청,22,2
20250528,건대입구,영등포구청,23,3
20250528,건대입구,왕십리(성동구청),0,4
20250528,건대입구,왕십리(성동구청),5,6
20250528,건대입구,왕십리(성동구청),6,8
20250528,건대입구,왕십리(성동구청),7,14
20250528,건대입구,왕십리(성동구청),8,36
20250528,건대입구,왕십리(성동구청),9,18
20250528,건대입구,왕십리(성동구청),10,12
20250528,건대입구,왕십리(성동구청),11,19
20250528,건대입구,왕십리(성동구청),12,10
20250528,건대입구,왕십리(성동구청),13,13
20250528,건대입구,왕십리(성동구청),14,15
20250528,건대입구,왕십리(성동구청),15,31
20250528,건대입구,왕십리(성동구청),16,31
20250528,건대입구,왕십리(성동구청),17,21
20250528,건대입구,왕십리(성동구청),18,39
20250528,건대입구,왕십리(성동구청),19,17
20250528,건대입구,왕십리(성동구청),20,20
20250528,건대입구,왕십리(성동구청),21,21
20250528,건대입구,왕십리(성동구청),22,26
20250528,건대입구,왕십리(성동구청),23,11
20250528,건대입구,용두(동대문구청),6,1
20250528,건대입구,용두(동대문구청),7,7
20250528,건대입구,용두(동대문구청),8,15
20250528,건대입구,용두(동대문구청),9,5
20250528,건대입구,용두(동대문구청),10,7
20250528,건대입구,용두(동대문구청),11,7
20250528,건대입구,용두(동대문구청),12,6
20250528,건대입구,용두(동대문구청),13,6
20250528,건대입구,용두(동대문구청),14,3
20250528,건대입구,용두(동대문구청),15,6
20250528,건대입구,용두(동대문구청),16,7
20250528,건대입구,용두(동대문구청),17,15
20250528,건대입구,용두(동대문구청),18,7
20250528,건대입구,용두(동대문구청),19,6
20250528,건대입구,용두(동대문구청),20,5
20250528,건대입구,용두(동대문구청),21,6
20250528,건대입구,용두(동대문구청),22,2
20250528,건대입구,용두(동대문구청),23,1
20250528,건대입구,을지로3가,0,1
20250528,건대입구,을지로3가,5,2
20250528,건대입구,을지로3가,6,10
20250528,건대입구,을지로3가,7,52
20250528,건대입구,을지로3가,8,100
20250528,건대입구,을지로3가,9,36
20250528,건대입구,을지로3가,10,14
20250528,건대입구,을지로3가,11,11
20250528,건대입구,을지로3가,12,17
20250528,건대입구,을지로3가,13,16
20250528,건대입구,을지로3가,14,7
20250528,건대입구,을지로3가,15,21
20250528,건대입구,을지로3가,16,17
20250528,건대입구,을지로3가,17,11
20250528,건대입구,을지로3가,18,34
20250528,건대입구,을지로3가,19,10
20250528,건대입구,을지로3가,20,9
20250528,건대입구,을지로3가,21,13
20250528,건대입구,을지로3가,22,4
20250528,건대입구,을지로3가,23,4
20250528,건대입구,을지로4가,5,3
20250528,건대입구,을지로4가,6,8
20250528,건대입구,을지로4가,7,32
20250528,건대입구,을지로4가,8,69
20250528,건대입구,을지로4가,9,26
20250528,건대입구,을지로4가,10,18
20250528,건대입구,을지로4가,11,14
20250528,건대입구,을지로4가,12,11
20250528,건대입구,을지로4가,13,4
20250528,건대입구,을지로4가,14,15
20250528,건대입구,을지로4가,15,15
20250528,건대입구,을지로4가,16,10
20250528,건대입구,을지로4가,17,14
20250528,건대입구,을지로4가,18,13
20250528,건대입구,을지로4가,19,9
20250528,건대입구,을지로4가,20,11
20250528,건대입구,을지로4가,21,6
20250528,건대입구,을지로4가,22,7
20250528,건대입구,을지로4가,23,8
20250528,건대입구,을지로입구,0,2
20250528,건대입구,을지로입구,5,6
20250528,건대입구,을지로입구,6,23
20250528,건대입구,을지로입구,7,116
20250528,건대입구,을지로입구,8,184
20250528,건대입구,을지로입구,9,101
20250528,건대입구,을지로입구,10,57
20250528,건대입구,을지로입구,11,33
20250528,건대입구,을지로입구,12,30
20250528,건대입구,을지로입구,13,26
20250528,건대입구,을지로입구,14,25
20250528,건대입구,을지로입구,15,36
20250528,건대입구,을지로입구,16,30
20250528,건대입구,을지로입구,17,44
20250528,건대입구,을지로입구,18,24
20250528,건대입구,을지로입구,19,17
20250528,건대입구,을지로입구,20,11
20250528,건대입구,을지로입구,21,9
20250528,건대입구,을지로입구,22,5
20250528,건대입구,을지로입구,23,5
20250528,건대입구,이대,0,3
20250528,건대입구,이대,5,2
20250528,건대입구,이대,6,3
20250528,건대입구,이대,7,16
20250528,건대입구,이대,8,21
20250528,건대입구,이대,9,7
20250528,건대입구,이대,10,16
20250528,건대입구,이대,11,14
20250528,건대입구,이대,12,9
20250528,건대입구,이대,13,15
20250528,건대입구,이대,14,14
20250528,건대입구,이대,15,10
20250528,건대입구,이대,16,14
20250528,건대입구,이대,17,14
20250528,건대입구,이대,18,13
20250528,건대입구,이대,19,7
20250528,건대입구,이대,20,15
20250528,건대입구,이대,21,10
20250528,건대입구,이대,22,17
20250528,건대입구,이대,23,9
20250528,건대입구,잠실(송파구청),0,19
20250528,건대입구,잠실(송파구청),5,25
20250528,건대입구,잠실(송파구청),6,41
20250528,건대입구,잠실(송파구청),7,78
20250528,건대입구,잠실(송파구청),8,145
20250528,건대입구,잠실(송파구청),9,94
20250528,건대입구,잠실(송파구청),10,83
20250528,건대입구,잠실(송파구청),11,81
20250528,건대입구,잠실(송파구청),12,68
20250528,건대입구,잠실(송파구청),13,82
20250528,건대입구,잠실(송파구청),14,102
20250528,건대입구,잠실(송파구청),15,100
20250528,건대입구,잠실(송파구청),16,105
20250528,건대입구,잠실(송파구청),17,137
20250528,건대입구,잠실(송파구청),18,200
20250528,건대입구,잠실(송파구청),19,158
20250528,건대입구,잠실(송파구청),20,112
20250528,건대입구,잠실(송파구청),21,140
20250528,건대입구,잠실(송파구청),22,134
20250528,건대입구,잠실(송파구청),23,83
20250528,건대입구,잠실나루,0,4
20250528,건대입구,잠실나루,4,1
20250528,건대입구,잠실나루,5,19
20250528,건대입구,잠실나루,6,11
20250528,건대입구,잠실나루,7,24
20250528,건대입구,잠실나루,8,46
20250528,건대입구,잠실나루,9,22
20250528,건대입구,잠실나루,10,14
20250528,건대입구,잠실나루,11,16
20250528,건대입구,잠실나루,12,20
20250528,건대입구,잠실나루,13,21
20250528,건대입구,잠실나루,14,20
20250528,건대입구,잠실나루,15,19
20250528,건대입구,잠실나루,16,33
20250528,건대입구,잠실나루,17,29
20250528,건대입구,잠실나루,18,41
20250528,건대입구,잠실나루,19,23
20250528,건대입구,잠실나루,20,26
20250528,건대입구,잠실나루,21,19
20250528,건대입구,잠실나루,22,20
20250528,건대입구,잠실나루,23,4
20250528,건대입구,잠실새내,0,9
20250528,건대입구,잠실새내,5,7
20250528,건대입구,잠실새내,6,10
20250528,건대입구,잠실새내,7,13
20250528,건대입구,잠실새내,8,34
20250528,건대입구,잠실새내,9,31
20250528,건대입구,잠실새내,10,22
20250528,건대입구,잠실새내,11,20
20250528,건대입구,잠실새내,12,26
20250528,건대입구,잠실새내,13,23
20250528,건대입구,잠실새내,14,20
20250528,건대입구,잠실새내,15,30
20250528,건대입구,잠실새내,16,40
20250528,건대입구,잠실새내,17,41
20250528,건대입구,잠실새내,18,42
20250528,건대입구,잠실새내,19,19
20250528,건대입구,잠실새내,20,34
20250528,건대입구,잠실새내,21,33
20250528,건대입구,잠실새내,22,33
20250528,건대입구,잠실새내,23,22
20250528,건대입구,종합운동장,0,5
20250528,건대입구,종합운동장,5,2
20250528,건대입구,종합운동장,6,3
20250528,건대입구,종합운동장,7,19
20250528,건대입구,종합운동장,8,6
20250528,건대입구,종합운동장,9,5
20250528,건대입구,종합운동장,10,2
20250528,건대입구,종합운동장,11,3
20250528,건대입구,종합운동장,12,5
20250528,건대입구,종합운동장,13,2
20250528,건대입구,종합운동장,14,7
20250528,건대입구,종합운동장,15,9
20250528,건대입구,종합운동장,16,43
20250528,건대입구,종합운동장,17,93
20250528,건대입구,종합운동장,18,46
20250528,건대입구,종합운동장,19,11
20250528,건대입구,종합운동장,20,9
20250528,건대입구,종합운동장,21,4
20250528,건대입구,종합운동장,22,7
20250528,건대입구,충정로(경기대입구),5,1
20250528,건대입구,충정로(경기대입구),6,8
20250528,건대입구,충정로(경기대입구),7,11
20250528,건대입구,충정로(경기대입구),8,25
20250528,건대입구,충정로(경기대입구),9,12
20250528,건대입구,충정로(경기대입구),10,5
20250528,건대입구,충정로(경기대입구),11,4
20250528,건대입구,충정로(경기대입구),12,3
20250528,건대입구,충정로(경기대입구),13,3
20250528,건대입구,충정로(경기대입구),14,4
20250528,건대입구,충정로(경기대입구),15,4
20250528,건대입구,충정로(경기대입구),16,5
20250528,건대입구,충정로(경기대입구),17,5
20250528,건대입구,충정로(경기대입구),18,4
20250528,건대입구,충정로(경기대입구),19,3
20250528,건대입구,충정로(경기대입구),20,6
20250528,건대입구,충정로(경기대입구),21,4
20250528,건대입구,충정로(경기대입구),22,2
20250528,건대입구,충정로(경기대입구),23,3
20250528,건대입구,한양대,0,1
20250528,건대입구,한양대,5,1
20250528,건대입구,한양대,6,6
20250528,건대입구,한양대,7,16
20250528,건대입구,한양대,8,90
20250528,건대입구,한양대,9,75
20250528,건대입구,한양대,10,89
20250528,건대입구,한양대,11,35
20250528,건대입구,한양대,12,92
20250528,건대입구,한양대,13,29
20250528,건대입구,한양대,14,30
20250528,건대입구,한양대,15,22
20250528,건대입구,한양대,16,26
20250528,건대입구,한양대,17,23
20250528,건대입구,한양대,18,25
20250528,건대입구,한양대,19,22
20250528,건대입구,한양대,20,12
20250528,건대입구,한양대,21,24
20250528,건대입구,한양대,22,15
20250528,건대입구,한양대,23,8
20250528,건대입구,합정,0,3
20250528,건대입구,합정,6,3
20250528,건대입구,합정,7,15
20250528,건대입구,합정,8,28
20250528,건대입구,합정,9,29
20250528,건대입구,합정,10,9
20250528,건대입구,합정,11,11
20250528,건대입구,합정,12,20
20250528,건대입구,합정,13,17
20250528,건대입구,합정,14,16
20250528,건대입구,합정,15,20
20250528,건대입구,합정,16,25
20250528,건대입구,합정,17,22
20250528,건대입구,합정,18,29
20250528,건대입구,합정,19,19
20250528,건대입구,합정,20,11
20250528,건대입구,합정,21,12
20250528,건대입구,합정,22,12
20250528,건대입구,합정,23,5
20250528,건대입구,홍대입구,0,11
20250528,건대입구,홍대입구,5,2
20250528,건대입구,홍대입구,6,10
20250528,건대입구,홍대입구,7,23
20250528,건대입구,홍대입구,8,49
20250528,건대입구,홍대입구,9,43
20250528,건대입구,홍대입구,10,38
20250528,건대입구,홍대입구,11,33
20250528,건대입구,홍대입구,12,52
20250528,건대입구,홍대입구,13,35
20250528,건대입구,홍대입구,14,33
20250528,건대입구,홍대입구,15,44
20250528,건대입구,홍대입구,16,50
20250528,건대입구,홍대입구,17,61
20250528,건대입구,홍대입구,18,52
20250528,건대입구,홍대입구,19,46
20250528,건대입구,홍대입구,20,30
20250528,건대입구,홍대입구,21,36
20250528,건대입구,홍대입구,22,42
20250528,건대입구,홍대입구,23,37
20250528,교대(법원.검찰청),강남,0,9
20250528,교대(법원.검찰청),강남,5,2
20250528,교대(법원.검찰청),강남,6,6
20250528,교대(법원.검찰청),강남,7,24
20250528,교대(법원.검찰청),강남,8,59
20250528,교대(법원.검찰청),강남,9,91
20250528,교대(법원.검찰청),강남,10,95
20250528,교대(법원.검찰청),강남,11,115
20250528,교대(법원.검찰청),강남,12,79
20250528,교대(법원.검찰청),강남,13,91
20250528,교대(법원.검찰청),강남,14,132
20250528,교대(법원.검찰청),강남,15,112
20250528,교대(법원.검찰청),강남,16,111
20250528,교대(법원.검찰청),강남,17,180
20250528,교대(법원.검찰청),강남,18,239
20250528,교대(법원.검찰청),강남,19,113
20250528,교대(법원.검찰청),강남,20,80
20250528,교대(법원.검찰청),강남,21,51
20250528,교대(법원.검찰청),강남,22,46
20250528,교대(법원.검찰청),강남,23,20
20250528,교대(법원.검찰청),강변(동서울터미널),0,1
20250528,교대(법원.검찰청),강변(동서울터미널),6,3
20250528,교대(법원.검찰청),강변(동서울터미널),7,4
20250528,교대(법원.검찰청),강변(동서울터미널),8,10
20250528,교대(법원.검찰청),강변(동서울터미널),9,7
20250528,교대(법원.검찰청),강변(동서울터미널),10,7
20250528,교대(법원.검찰청),강변(동서울터미널),11,6
20250528,교대(법원.검찰청),강변(동서울터미널),12,12
20250528,교대(법원.검찰청),강변(동서울터미널),13,14
20250528,교대(법원.검찰청),강변(동서울터미널),14,22
20250528,교대(법원.검찰청),강변(동서울터미널),15,31
20250528,교대(법원.검찰청),강변(동서울터미널),16,27
20250528,교대(법원.검찰청),강변(동서울터미널),17,44
20250528,교대(법원.검찰청),강변(동서울터미널),18,74
20250528,교대(법원.검찰청),강변(동서울터미널),19,31
20250528,교대(법원.검찰청),강변(동서울터미널),20,31
20250528,교대(법원.검찰청),강변(동서울터미널),21,27
20250528,교대(법원.검찰청),강변(동서울터미널),22,19
20250528,교대(법원.검찰청),강변(동서울터미널),23,10
20250528,교대(법원.검찰청),건대입구,0,1
20250528,교대(법원.검찰청),건대입구,6,2
20250528,교대(법원.검찰청),건대입구,7,5
20250528,교대(법원.검찰청),건대입구,8,9
20250528,교대(법원.검찰청),건대입구,9,10
20250528,교대(법원.검찰청),건대입구,10,10
20250528,교대(법원.검찰청),건대입구,11,12
20250528,교대(법원.검찰청),건대입구,12,8
20250528,교대(법원.검찰청),건대입구,13,21
20250528,교대(법원.검찰청),건대입구,14,11
20250528,교대(법원.검찰청),건대입구,15,13
20250528,교대(법원.검찰청),건대입구,16,26
20250528,교대(법원.검찰청),건대입구,17,34
20250528,교대(법원.검찰청),건대입구,18,66
20250528,교대(법원.검찰청),건대입구,19,30
20250528,교대(법원.검찰청),건대입구,20,20
20250528,교대(법원.검찰청),건대입구,21,16
20250528,교대(법원.검찰청),건대입구,22,20
20250528,교대(법원.검찰청),건대입구,23,12
20250528,교대(법원.검찰청),교대(법원.검찰청),0,4
20250528,교대(법원.검찰청),교대(법원.검찰청),4,1
20250528,교대(법원.검찰청),교대(법원.검찰청),6,1
20250528,교대(법원.검찰청),교대(법원.검찰청),7,4
20250528,교대(법원.검찰청),교대(법원.검찰청),8,7
20250528,교대(법원.검찰청),교대(법원.검찰청),9,8
20250528,교대(법원.검찰청),교대(법원.검찰청),10,13
20250528,교대(법원.검찰청),교대(법원.검찰청),11,17
20250528,교대(법원.검찰청),교대(법원.검찰청),12,25
20250528,교대(법원.검찰청),교대(법원.검찰청),13,17
20250528,교대(법원.검찰청),교대(법원.검찰청),14,31
20250528,교대(법원.검찰청),교대(법원.검찰청),15,21
20250528,교대(법원.검찰청),교대(법원.검찰청),16,17
20250528,교대(법원.검찰청),교대(법원.검찰청),17,21
20250528,교대(법원.검찰청),교대(법원.검찰청),18,27
20250528,교대(법원.검찰청),교대(법원.검찰청),19,19
20250528,교대(법원.검찰청),교대(법원.검찰청),20,30
20250528,교대(법원.검찰청),교대(법원.검찰청),21,13
20250528,교대(법원.검찰청),교대(법원.검찰청),22,15
20250528,교대(법원.검찰청),교대(법원.검찰청),23,12
20250528,교대(법원.검찰청),구로디지털단지,0,9
20250528,교대(법원.검찰청),구로디지털단지,5,2
20250528,교대(법원.검찰청),구로디지털단지,6,10
20250528,교대(법원.검찰청),구로디지털단지,7,18
20250528,교대(법원.검찰청),구로디지털단지,8,35
20250528,교대(법원.검찰청),구로디지털단지,9,23
20250528,교대(법원.검찰청),구로디지털단지,10,11
20250528,교대(법원.검찰청),구로디지털단지,11,24
20250528,교대(법원.검찰청),구로디지털단지,12,24
20250528,교대(법원.검찰청),구로디지털단지,13,20
20250528,교대(법원.검찰청),구로디지털단지,14,21
20250528,교대(법원.검찰청),구로디지털단지,15,50
20250528,교대(법원.검찰청),구로디지털단지,16,48
20250528,교대(법원.검찰청),구로디지털단지,17,80
20250528,교대(법원.검찰청),구로디지털단지,18,149
20250528,교대(법원.검찰청),구로디지털단지,19,61
20250528,교대(법원.검찰청),구로디지털단지,20,83
20250528,교대(법원.검찰청),구로디지털단지,21,72
20250528,교대(법원.검찰청),구로디지털단지,22,50
20250528,교대(법원.검찰청),구로디지털단지,23,27
20250528,교대(법원.검찰청),구의(광진구청),0,4
20250528,교대(법원.검찰청),구의(광진구청),5,1
20250528,교대(법원.검찰청),구의(광진구청),6,4
20250528,교대(법원.검찰청),구의(광진구청),7,4
20250528,교대(법원.검찰청),구의(광진구청),8,7
20250528,교대(법원.검찰청),구의(광진구청),9,5
20250528,교대(법원.검찰청),구의(광진구청),10,10
20250528,교대(법원.검찰청),구의(광진구청),11,11
20250528,교대(법원.검찰청),구의(광진구청),12,12
20250528,교대(법원.검찰청),구의(광진구청),13,10
20250528,교대(법원.검찰청),구의(광진구청),14,23
20250528,교대(법원.검찰청),구의(광진구청),15,20
20250528,교대(법원.검찰청),구의(광진구청),16,22
20250528,교대(법원.검찰청),구의(광진구청),17,32
20250528,교대(법원.검찰청),구의(광진구청),18,68
20250528,교대(법원.검찰청),구의(광진구청),19,28
20250528,교대(법원.검찰청),구의(광진구청),20,29
20250528,교대(법원.검찰청),구의(광진구청),21,36
20250528,교대(법원.검찰청),구의(광진구청),22,32
20250528,교대(법원.검찰청),구의(광진구청),23,11
20250528,교대(법원.검찰청),낙성대,0,10
20250528,교대(법원.검찰청),낙성대,5,4
20250528,교대(법원.검찰청),낙성대,6,6
20250528,교대(법원.검찰청),낙성대,7,14
20250528,교대(법원.검찰청),낙성대,8,35
20250528,교대(법원.검찰청),낙성대,9,21
20250528,교대(법원.검찰청),낙성대,10,18
20250528,교대(법원.검찰청),낙성대,11,31
20250528,교대(법원.검찰청),낙성대,12,16
20250528,교대(법원.검찰청),낙성대,13,28
20250528,교대(법원.검찰청),낙성대,14,33
20250528,교대(법원.검찰청),낙성대,15,38
20250528,교대(법원.검찰청),낙성대,16,44
20250528,교대(법원.검찰청),낙성대,17,80
20250528,교대(법원.검찰청),낙성대,18,119
20250528,교대(법원.검찰청),낙성대,19,60
20250528,교대(법원.검찰청),낙성대,20,72
20250528,교대(법원.검찰청),낙성대,21,68
20250528,교대(법원.검찰청),낙성대,22,72
20250528,교대(법원.검찰청),낙성대,23,27
20250528,교대(법원.검찰청),당산,0,3
20250528,교대(법원.검찰청),당산,5,2
20250528,교대(법원.검찰청),당산,7,4
20250528,교대(법원.검찰청),당산,8,1
20250528,교대(법원.검찰청),당산,10,1
20250528,교대(법원.검찰청),당산,11,2
20250528,교대(법원.검찰청),당산,12,8
20250528,교대(법원.검찰청),당산,13,5
20250528,교대(법원.검찰청),당산,14,6
20250528,교대(법원.검찰청),당산,15,5
20250528,교대(법원.검찰청),당산,16,5
20250528,교대(법원.검찰청),당산,17,14
20250528,교대(법원.검찰청),당산,18,23
20250528,교대(법원.검찰청),당산,19,2
20250528,교대(법원.검찰청),당산,20,9
20250528,교대(법원.검찰청),당산,21,11
20250528,교대(법원.검찰청),당산,22,7
20250528,교대(법원.검찰청),대림(구로구청),0,3
20250528,교대(법원.검찰청),대림(구로구청),6,5
20250528,교대(법원.검찰청),대림(구로구청),7,9
20250528,교대(법원.검찰청),대림(구로구청),8,11
20250528,교대(법원.검찰청),대림(구로구청),9,11
20250528,교대(법원.검찰청),대림(구로구청),10,5
20250528,교대(법원.검찰청),대림(구로구청),11,11
20250528,교대(법원.검찰청),대림(구로구청),12,10
20250528,교대(법원.검찰청),대림(구로구청),13,7
20250528,교대(법원.검찰청),대림(구로구청),14,26
20250528,교대(법원.검찰청),대림(구로구청),15,28
20250528,교대(법원.검찰청),대림(구로구청),16,26
20250528,교대(법원.검찰청),대림(구로구청),17,31
20250528,교대(법원.검찰청),대림(구로구청),18,47
20250528,교대(법원.검찰청),대림(구로구청),19,33
20250528,교대(법원.검찰청),대림(구로구청),20,36
20250528,교대(법원.검찰청),대림(구로구청),21,52
20250528,교대(법원.검찰청),대림(구로구청),22,34
20250528,교대(법원.검찰청),대림(구로구청),23,12
20250528,교대(법원.검찰청),동대문역사문화공원,0,1
20250528,교대(법원.검찰청),동대문역사문화공원,12,4
20250528,교대(법원.검찰청),동대문역사문화공원,13,2
20250528,교대(법원.검찰청),동대문역사문화공원,14,3
20250528,교대(법원.검찰청),동대문역사문화공원,15,3
20250528,교대(법원.검찰청),동대문역사문화공원,18,1
20250528,교대(법원.검찰청),뚝섬,6,2
20250528,교대(법원.검찰청),뚝섬,7,7
20250528,교대(법원.검찰청),뚝섬,8,10
20250528,교대(법원.검찰청),뚝섬,9,7
20250528,교대(법원.검찰청),뚝섬,10,5
20250528,교대(법원.검찰청),뚝섬,11,5
20250528,교대(법원.검찰청),뚝섬,12,7
20250528,교대(법원.검찰청),뚝섬,13,2
20250528,교대(법원.검찰청),뚝섬,14,3
20250528,교대(법원.검찰청),뚝섬,15,3
20250528,교대(법원.검찰청),뚝섬,16,8
20250528,교대(법원.검찰청),뚝섬,17,16
20250528,교대(법원.검찰청),뚝섬,18,12
20250528,교대(법원.검찰청),뚝섬,19,3
20250528,교대(법원.검찰청),뚝섬,20,2
20250528,교대(법원.검찰청),뚝섬,21,3
20250528,교대(법원.검찰청),뚝섬,22,3
20250528,교대(법원.검찰청),문래,0,1
20250528,교대(법원.검찰청),문래,6,3
20250528,교대(법원.검찰청),문래,7,8
20250528,교대(법원.검찰청),문래,8,13
20250528,교대(법원.검찰청),문래,9,8
20250528,교대(법원.검찰청),문래,10,5
20250528,교대(법원.검찰청),문래,11,4
20250528,교대(법원.검찰청),문래,12,4
20250528,교대(법원.검찰청),문래,13,7
20250528,교대(법원.검찰청),문래,14,9
20250528,교대(법원.검찰청),문래,15,8
20250528,교대(법원.검찰청),문래,16,15
20250528,교대(법원.검찰청),문래,17,25
20250528,교대(법원.검찰청),문래,18,39
20250528,교대(법원.검찰청),문래,19,13
20250528,교대(법원.검찰청),문래,20,16
20250528,교대(법원.검찰청),문래,21,13
20250528,교대(법원.검찰청),문래,22,4
20250528,교대(법원.검찰청),문래,23,2
20250528,교대(법원.검찰청),방배,0,3
20250528,교대(법원.검찰청),방배,5,2
20250528,교대(법원.검찰청),방배,6,4
20250528,교대(법원.검찰청),방배,7,9
20250528,교대(법원.검찰청),방배,8,22
20250528,교대(법원.검찰청),방배,9,23
20250528,교대(법원.검찰청),방배,10,23
20250528,교대(법원.검찰청),방배,11,35
20250528,교대(법원.검찰청),방배,12,23
20250528,교대(법원.검찰청),방배,13,29
20250528,교대(법원.검찰청),방배,14,40
20250528,교대(법원.검찰청),방배,15,38
20250528,교대(법원.검찰청),방배,16,41
20250528,교대(법원.검찰청),방배,17,40
20250528,교대(법원.검찰청),방배,18,40
20250528,교대(법원.검찰청),방배,19,36
20250528,교대(법원.검찰청),방배,20,28
20250528,교대(법원.검찰청),방배,21,38
20250528,교대(법원.검찰청),방배,22,28
20250528,교대(법원.검찰청),방배,23,10
20250528,교대(법원.검찰청),봉천,0,1
20250528,교대(법원.검찰청),봉천,4,1
20250528,교대(법원.검찰청),봉천,5,1
20250528,교대(법원.검찰청),봉천,6,3
20250528,교대(법원.검찰청),봉천,7,7
20250528,교대(법원.검찰청),봉천,8,12
20250528,교대(법원.검찰청),봉천,9,10
20250528,교대(법원.검찰청),봉천,10,8
20250528,교대(법원.검찰청),봉천,11,5
20250528,교대(법원.검찰청),봉천,12,13
20250528,교대(법원.검찰청),봉천,13,21
20250528,교대(법원.검찰청),봉천,14,38
20250528,교대(법원.검찰청),봉천,15,44
20250528,교대(법원.검찰청),봉천,16,38
20250528,교대(법원.검찰청),봉천,17,78
20250528,교대(법원.검찰청),봉천,18,134
20250528,교대(법원.검찰청),봉천,19,59
20250528,교대(법원.검찰청),봉천,20,52
20250528,교대(법원.검찰청),봉천,21,52
20250528,교대(법원.검찰청),봉천,22,49
20250528,교대(법원.검찰청),봉천,23,29
20250528,교대(법원.검찰청),사당,0,9
20250528,교대(법원.검찰청),사당,5,3
20250528,교대(법원.검찰청),사당,6,12
20250528,교대(법원.검찰청),사당,7,28
20250528,교대(법원.검찰청),사당,8,34
20250528,교대(법원.검찰청),사당,9,17
20250528,교대(법원.검찰청),사당,10,29
20250528,교대(법원.검찰청),사당,11,48
20250528,교대(법원.검찰청),사당,12,57
20250528,교대(법원.검찰청),사당,13,57
20250528,교대(법원.검찰청),사당,14,80
20250528,교대(법원.검찰청),사당,15,79
20250528,교대(법원.검찰청),사당,16,95
20250528,교대(법원.검찰청),사당,17,194
20250528,교대(법원.검찰청),사당,18,264
20250528,교대(법원.검찰청),사당,19,98
20250528,교대(법원.검찰청),사당,20,82
20250528,교대(법원.검찰청),사당,21,110
20250528,교대(법원.검찰청),사당,22,78
20250528,교대(법원.검찰청),사당,23,33
20250528,교대(법원.검찰청),삼성(무역센터),0,1
20250528,교대(법원.검찰청),삼성(무역센터),5,1
20250528,교대(법원.검찰청),삼성(무역센터),6,26
20250528,교대(법원.검찰청),삼성(무역센터),7,79
20250528,교대(법원.검찰청),삼성(무역센터),8,134
20250528,교대(법원.검찰청),삼성(무역센터),9,97
20250528,교대(법원.검찰청),삼성(무역센터),10,71
20250528,교대(법원.검찰청),삼성(무역센터),11,55
20250528,교대(법원.검찰청),삼성(무역센터),12,71
20250528,교대(법원.검찰청),삼성(무역센터),13,87
20250528,교대(법원.검찰청),삼성(무역센터),14,63
20250528,교대(법원.검찰청),삼성(무역센터),15,77
20250528,교대(법원.검찰청),삼성(무역센터),16,65
20250528,교대(법원.검찰청),삼성(무역센터),17,74
20250528,교대(법원.검찰청),삼성(무역센터),18,60
20250528,교대(법원.검찰청),삼성(무역센터),19,21
20250528,교대(법원.검찰청),삼성(무역센터),20,20
20250528,교대(법원.검찰청),삼성(무역센터),21,11
20250528,교대(법원.검찰청),삼성(무역센터),22,18
20250528,교대(법원.검찰청),삼성(무역센터),23,5
20250528,교대(법원.검찰청),상왕십리,7,2
20250528,교대(법원.검찰청),상왕십리,8,1
20250528,교대(법원.검찰청),상왕십리,9,2
20250528,교대(법원.검찰청),상왕십리,10,2
20250528,교대(법원.검찰청),상왕십리,11,1
20250528,교대(법원.검찰청),상왕십리,12,1
20250528,교대(법원.검찰청),상왕십리,13,6
20250528,교대(법원.검찰청),상왕십리,14,4
20250528,교대(법원.검찰청),상왕십리,15,3
20250528,교대(법원.검찰청),상왕십리,16,10
20250528,교대(법원.검찰청),상왕십리,17,6
20250528,교대(법원.검찰청),상왕십리,18,14
20250528,교대(법원.검찰청),상왕십리,19,9
20250528,교대(법원.검찰청),상왕십리,20,9
20250528,교대(법원.검찰청),상왕십리,21,5
20250528,교대(법원.검찰청),상왕십리,22,6
20250528,교대(법원.검찰청),상왕십리,23,2
20250528,교대(법원.검찰청),서울대입구(관악구청),0,24
20250528,교대(법원.검찰청),서울대입구(관악구청),5,2
20250528,교대(법원.검찰청),서울대입구(관악구청),6,11
20250528,교대(법원.검찰청),서울대입구(관악구청),7,11
20250528,교대(법원.검찰청),서울대입구(관악구청),8,62
20250528,교대(법원.검찰청),서울대입구(관악구청),9,41
20250528,교대(법원.검찰청),서울대입구(관악구청),10,25
20250528,교대(법원.검찰청),서울대입구(관악구청),11,37
20250528,교대(법원.검찰청),서울대입구(관악구청),12,29
20250528,교대(법원.검찰청),서울대입구(관악구청),13,39
20250528,교대(법원.검찰청),서울대입구(관악구청),14,49
20250528,교대(법원.검찰청),서울대입구(관악구청),15,78
20250528,교대(법원.검찰청),서울대입구(관악구청),16,75
20250528,교대(법원.검찰청),서울대입구(관악구청),17,121
20250528,교대(법원.검찰청),서울대입구(관악구청),18,264
20250528,교대(법원.검찰청),서울대입구(관악구청),19,105
20250528,교대(법원.검찰청),서울대입구(관악구청),20,104
20250528,교대(법원.검찰청),서울대입구(관악구청),21,96
20250528,교대(법원.검찰청),서울대입구(관악구청),22,109
20250528,교대(법원.검찰청),서울대입구(관악구청),23,47
20250528,교대(법원.검찰청),서초,0,2
20250528,교대(법원.검찰청),서초,5,1
20250528,교대(법원.검찰청),서초,6,4
20250528,교대(법원.검찰청),서초,7,30
20250528,교대(법원.검찰청),서초,8,27
20250528,교대(법원.검찰청),서초,9,32
20250528,교대(법원.검찰청),서초,10,41
20250528,교대(법원.검찰청),서초,11,26
20250528,교대(법원.검찰청),서초,12,27
20250528,교대(법원.검찰청),서초,13,21
20250528,교대(법원.검찰청),서초,14,28
20250528,교대(법원.검찰청),서초,15,22
20250528,교대(법원.검찰청),서초,16,19
20250528,교대(법원.검찰청),서초,17,17
20250528,교대(법원.검찰청),서초,18,16
20250528,교대(법원.검찰청),서초,19,14
20250528,교대(법원.검찰청),서초,20,9
20250528,교대(법원.검찰청),서초,21,10
20250528,교대(법원.검찰청),서초,22,10
20250528,교대(법원.검찰청),서초,23,2
20250528,교대(법원.검찰청),선릉,0,3
20250528,교대(법원.검찰청),선릉,5,6
20250528,교대(법원.검찰청),선릉,6,25
20250528,교대(법원.검찰청),선릉,7,74
20250528,교대(법원.검찰청),선릉,8,161
20250528,교대(법원.검찰청),선릉,9,92
20250528,교대(법원.검찰청),선릉,10,73
20250528,교대(법원.검찰청),선릉,11,64
20250528,교대(법원.검찰청),선릉,12,63
20250528,교대(법원.검찰청),선릉,13,91
20250528,교대(법원.검찰청),선릉,14,89
20250528,교대(법원.검찰청),선릉,15,83
20250528,교대(법원.검찰청),선릉,16,67
20250528,교대(법원.검찰청),선릉,17,80
20250528,교대(법원.검찰청),선릉,18,89
20250528,교대(법원.검찰청),선릉,19,50
20250528,교대(법원.검찰청),선릉,20,36
20250528,교대(법원.검찰청),선릉,21,33
20250528,교대(법원.검찰청),선릉,22,39
20250528,교대(법원.검찰청),선릉,23,14
20250528,교대(법원.검찰청),성수,0,1
20250528,교대(법원.검찰청),성수,5,1
20250528,교대(법원.검찰청),성수,6,4
20250528,교대(법원.검찰청),성수,7,11
20250528,교대(법원.검찰청),성수,8,13
20250528,교대(법원.검찰청),성수,9,17
20250528,교대(법원.검찰청),성수,10,7
20250528,교대(법원.검찰청),성수,11,11
20250528,교대(법원.검찰청),성수,12,9
20250528,교대(법원.검찰청),성수,13,12
20250528,교대(법원.검찰청),성수,14,11
20250528,교대(법원.검찰청),성수,15,14
20250528,교대(법원.검찰청),성수,16,14
20250528,교대(법원.검찰청),성수,17,24
20250528,교대(법원.검찰청),성수,18,27
20250528,교대(법원.검찰청),성수,19,12
20250528,교대(법원.검찰청),성수,20,5
20250528,교대(법원.검찰청),성수,21,5
20250528,교대(법원.검찰청),성수,22,9
20250528,교대(법원.검찰청),성수,23,2
20250528,교대(법원.검찰청),시청,5,1
20250528,교대(법원.검찰청),시청,6,2
20250528,교대(법원.검찰청),시청,7,7
20250528,교대(법원.검찰청),시청,8,11
20250528,교대(법원.검찰청),시청,9,5
20250528,교대(법원.검찰청),시청,11,4
20250528,교대(법원.검찰청),시청,12,5
20250528,교대(법원.검찰청),시청,13,2
20250528,교대(법원.검찰청),시청,14,3
20250528,교대(법원.검찰청),시청,15,5
20250528,교대(법원.검찰청),시청,16,1
20250528,교대(법원.검찰청),시청,17,9
20250528,교대(법원.검찰청),시청,18,1
20250528,교대(법원.검찰청),시청,20,2
20250528,교대(법원.검찰청),신당,6,1
20250528,교대(법원.검찰청),신당,8,1
20250528,교대(법원.검찰청),신당,9,1
20250528,교대(법원.검찰청),신당,10,1
20250528,교대(법원.검찰청),신당,11,1
20250528,교대(법원.검찰청),신당,13,1
20250528,교대(법원.검찰청),신당,14,2
20250528,교대(법원.검찰청),신당,16,1
20250528,교대(법원.검찰청),신당,17,3
20250528,교대(법원.검찰청),신당,18,10
20250528,교대(법원.검찰청),신당,19,4
20250528,교대(법원.검찰청),신당,20,1
20250528,교대(법원.검찰청),신당,21,5
20250528,교대(법원.검찰청),신당,22,4
20250528,교대(법원.검찰청),신대방,0,10
20250528,교대(법원.검찰청),신대방,5,1
20250528,교대(법원.검찰청),신대방,6,1
20250528,교대(법원.검찰청),신대방,7,11
20250528,교대(법원.검찰청),신대방,8,7
20250528,교대(법원.검찰청),신대방,9,10
20250528,교대(법원.검찰청),신대방,10,8
20250528,교대(법원.검찰청),신대방,11,9
20250528,교대(법원.검찰청),신대방,12,12
20250528,교대(법원.검찰청),신대방,13,15
20250528,교대(법원.검찰청),신대방,14,17
20250528,교대(법원.검찰청),신대방,15,24
20250528,교대(법원.검찰청),신대방,16,26
20250528,교대(법원.검찰청),신대방,17,56
20250528,교대(법원.검찰청),신대방,18,90
20250528,교대(법원.검찰청),신대방,19,38
20250528,교대(법원.검찰청),신대방,20,48
20250528,교대(법원.검찰청),신대방,21,60
20250528,교대(법원.검찰청),신대방,22,33
20250528,교대(법원.검찰청),신대방,23,12
20250528,교대(법원.검찰청),신도림,0,5
20250528,교대(법원.검찰청),신도림,6,4
20250528,교대(법원.검찰청),신도림,7,7
20250528,교대(법원.검찰청),신도림,8,9
20250528,교대(법원.검찰청),신도림,9,7
20250528,교대(법원.검찰청),신도림,10,15
20250528,교대(법원.검찰청),신도림,11,5
20250528,교대(법원.검찰청),신도림,12,22
20250528,교대(법원.검찰청),신도림,13,20
20250528,교대(법원.검찰청),신도림,14,22
20250528,교대(법원.검찰청),신도림,15,28
20250528,교대(법원.검찰청),신도림,16,40
20250528,교대(법원.검찰청),신도림,17,77
20250528,교대(법원.검찰청),신도림,18,100
20250528,교대(법원.검찰청),신도림,19,39
20250528,교대(법원.검찰청),신도림,20,38
20250528,교대(법원.검찰청),신도림,21,36
20250528,교대(법원.검찰청),신도림,22,26
20250528,교대(법원.검찰청),신도림,23,20
20250528,교대(법원.검찰청),신림,0,9
20250528,교대(법원.검찰청),신림,5,2
20250528,교대(법원.검찰청),신림,6,8
20250528,교대(법원.검찰청),신림,7,12
20250528,교대(법원.검찰청),신림,8,26
20250528,교대(법원.검찰청),신림,9,14
20250528,교대(법원.검찰청),신림,10,19
20250528,교대(법원.검찰청),신림,11,21
20250528,교대(법원.검찰청),신림,12,19
20250528,교대(법원.검찰청),신림,13,43
20250528,교대(법원.검찰청),신림,14,77
20250528,교대(법원.검찰청),신림,15,83
20250528,교대(법원.검찰청),신림,16,81
20250528,교대(법원.검찰청),신림,17,138
20250528,교대(법원.검찰청),신림,18,271
20250528,교대(법원.검찰청),신림,19,129
20250528,교대(법원.검찰청),신림,20,121
20250528,교대(법원.검찰청),신림,21,136
20250528,교대(법원.검찰청),신림,22,103
20250528,교대(법원.검찰청),신림,23,53
20250528,교대(법원.검찰청),신촌,0,1
20250528,교대(법원.검찰청),신촌,7,4
20250528,교대(법원.검찰청),신촌,8,6
20250528,교대(법원.검찰청),신촌,9,9
20250528,교대(법원.검찰청),신촌,10,11
20250528,교대(법원.검찰청),신촌,11,3
20250528,교대(법원.검찰청),신촌,12,8
20250528,교대(법원.검찰청),신촌,13,7
20250528,교대(법원.검찰청),신촌,14,5
20250528,교대(법원.검찰청),신촌,15,5
20250528,교대(법원.검찰청),신촌,16,11
20250528,교대(법원.검찰청),신촌,17,17
20250528,교대(법원.검찰청),신촌,18,14
20250528,교대(법원.검찰청),신촌,19,11
20250528,교대(법원.검찰청),신촌,20,6
20250528,교대(법원.검찰청),신촌,21,5
20250528,교대(법원.검찰청),신촌,22,1
20250528,교대(법원.검찰청),아현,8,1
20250528,교대(법원.검찰청),아현,12,2
20250528,교대(법원.검찰청),아현,13,2
20250528,교대(법원.검찰청),아현,14,4
20250528,교대(법원.검찰청),아현,15,5
20250528,교대(법원.검찰청),아현,17,1
20250528,교대(법원.검찰청),아현,18,1
20250528,교대(법원.검찰청),아현,19,2
20250528,교대(법원.검찰청),아현,20,4
20250528,교대(법원.검찰청),아현,21,1
20250528,교대(법원.검찰청),아현,22,2
20250528,교대(법원.검찰청),역삼,0,5
20250528,교대(법원.검찰청),역삼,5,3
20250528,교대(법원.검찰청),역삼,6,27
20250528,교대(법원.검찰청),역삼,7,78
20250528,교대(법원.검찰청),역삼,8,115
20250528,교대(법원.검찰청),역삼,9,98
20250528,교대(법원.검찰청),역삼,10,59
20250528,교대(법원.검찰청),역삼,11,58
20250528,교대(법원.검찰청),역삼,12,60
20250528,교대(법원.검찰청),역삼,13,68
20250528,교대(법원.검찰청),역삼,14,67
20250528,교대(법원.검찰청),역삼,15,63
20250528,교대(법원.검찰청),역삼,16,50
20250528,교대(법원.검찰청),역삼,17,72
20250528,교대(법원.검찰청),역삼,18,77
20250528,교대(법원.검찰청),역삼,19,32
20250528,교대(법원.검찰청),역삼,20,33
20250528,교대(법원.검찰청),역삼,21,36
20250528,교대(법원.검찰청),역삼,22,22
20250528,교대(법원.검찰청),역삼,23,15
20250528,교대(법원.검찰청),영등포구청,0,1
20250528,교대(법원.검찰청),영등포구청,6,1
20250528,교대(법원.검찰청),영등포구청,7,6
20250528,교대(법원.검찰청),영등포구청,8,4
20250528,교대(법원.검찰청),영등포구청,9,5
20250528,교대(법원.검찰청),영등포구청,10,6
20250528,교대(법원.검찰청),영등포구청,11,4
20250528,교대(법원.검찰청),영등포구청,12,1
20250528,교대(법원.검찰청),영등포구청,13,5
20250528,교대(법원.검찰청),영등포구청,14,9
20250528,교대(법원.검찰청),영등포구청,15,10
20250528,교대(법원.검찰청),영등포구청,16,12
20250528,교대(법원.검찰청),영등포구청,17,12
20250528,교대(법원.검찰청),영등포구청,18,22
20250528,교대(법원.검찰청),영등포구청,19,8
20250528,교대(법원.검찰청),영등포구청,20,10
20250528,교대(법원.검찰청),영등포구청,21,15
20250528,교대(법원.검찰청),영등포구청,22,11
20250528,교대(법원.검찰청),영등포구청,23,6
20250528,교대(법원.검찰청),왕십리(성동구청),8,1
20250528,교대(법원.검찰청),왕십리(성동구청),9,1
20250528,교대(법원.검찰청),왕십리(성동구청),11,2
20250528,교대(법원.검찰청),왕십리(성동구청),12,1
20250528,교대(법원.검찰청),왕십리(성동구청),13,1
20250528,교대(법원.검찰청),왕십리(성동구청),14,1
20250528,교대(법원.검찰청),왕십리(성동구청),15,3
20250528,교대(법원.검찰청),왕십리(성동구청),16,6
20250528,교대(법원.검찰청),왕십리(성동구청),17,9
20250528,교대(법원.검찰청),왕십리(성동구청),18,13
20250528,교대(법원.검찰청),왕십리(성동구청),19,3
20250528,교대(법원.검찰청),왕십리(성동구청),20,2
20250528,교대(법원.검찰청),왕십리(성동구청),21,6
20250528,교대(법원.검찰청),왕십리(성동구청),22,2
20250528,교대(법원.검찰청),용두(동대문구청),7,1
20250528,교대(법원.검찰청),용두(동대문구청),8,2
20250528,교대(법원.검찰청),용두(동대문구청),9,1
20250528,교대(법원.검찰청),용두(동대문구청),13,3
20250528,교대(법원.검찰청),용두(동대문구청),14,2
20250528,교대(법원.검찰청),용두(동대문구청),15,6
20250528,교대(법원.검찰청),용두(동대문구청),16,3
20250528,교대(법원.검찰청),용두(동대문구청),17,2
20250528,교대(법원.검찰청),용두(동대문구청),18,7
20250528,교대(법원.검찰청),용두(동대문구청),19,1
20250528,교대(법원.검찰청),용두(동대문구청),20,2
20250528,교대(법원.검찰청),용두(동대문구청),22,2
20250528,교대(법원.검찰청),용두(동대문구청),23,1
20250528,교대(법원.검찰청),을지로3가,5,1
20250528,교대(법원.검찰청),을지로3가,7,3
20250528,교대(법원.검찰청),을지로3가,8,1
20250528,교대(법원.검찰청),을지로3가,9,1
20250528,교대(법원.검찰청),을지로3가,10,1
20250528,교대(법원.검찰청),을지로3가,11,3
20250528,교대(법원.검찰청),을지로3가,12,2
20250528,교대(법원.검찰청),을지로3가,13,2
20250528,교대(법원.검찰청),을지로3가,17,1
20250528,교대(법원.검찰청),을지로3가,22,1
20250528,교대(법원.검찰청),을지로4가,6,1
20250528,교대(법원.검찰청),을지로4가,7,3
20250528,교대(법원.검찰청),을지로4가,9,1
20250528,교대(법원.검찰청),을지로4가,12,2
20250528,교대(법원.검찰청),을지로4가,14,1
20250528,교대(법원.검찰청),을지로4가,15,1
20250528,교대(법원.검찰청),을지로4가,17,1
20250528,교대(법원.검찰청),을지로입구,0,1
20250528,교대(법원.검찰청),을지로입구,6,2
20250528,교대(법원.검찰청),을지로입구,7,14
20250528,교대(법원.검찰청),을지로입구,8,13
20250528,교대(법원.검찰청),을지로입구,9,5
20250528,교대(법원.검찰청),을지로입구,10,2
20250528,교대(법원.검찰청),을지로입구,11,3
20250528,교대(법원.검찰청),을지로입구,12,1
20250528,교대(법원.검찰청),을지로입구,13,2
20250528,교대(법원.검찰청),을지로입구,14,3
20250528,교대(법원.검찰청),을지로입구,15,1
20250528,교대(법원.검찰청),을지로입구,16,2
20250528,교대(법원.검찰청),을지로입구,17,1
20250528,교대(법원.검찰청),을지로입구,18,2
20250528,교대(법원.검찰청),을지로입구,23,2
20250528,교대(법원.검찰청),이대,6,1
20250528,교대(법원.검찰청),이대,7,1
20250528,교대(법원.검찰청),이대,8,7
20250528,교대(법원.검찰청),이대,9,5
20250528,교대(법원.검찰청),이대,10,3
20250528,교대(법원.검찰청),이대,11,9
20250528,교대(법원.검찰청),이대,12,5
20250528,교대(법원.검찰청),이대,13,1
20250528,교대(법원.검찰청),이대,14,4
20250528,교대(법원.검찰청),이대,15,5
20250528,교대(법원.검찰청),이대,16,5
20250528,교대(법원.검찰청),이대,17,7
20250528,교대(법원.검찰청),이대,18,12
20250528,교대(법원.검찰청),이대,19,2
20250528,교대(법원.검찰청),이대,20,4
20250528,교대(법원.검찰청),이대,21,1
20250528,교대(법원.검찰청),이대,22,2
20250528,교대(법원.검찰청),잠실(송파구청),0,7
20250528,교대(법원.검찰청),잠실(송파구청),5,2
20250528,교대(법원.검찰청),잠실(송파구청),6,27
20250528,교대(법원.검찰청),잠실(송파구청),7,48
20250528,교대(법원.검찰청),잠실(송파구청),8,56
20250528,교대(법원.검찰청),잠실(송파구청),9,29
20250528,교대(법원.검찰청),잠실(송파구청),10,40
20250528,교대(법원.검찰청),잠실(송파구청),11,45
20250528,교대(법원.검찰청),잠실(송파구청),12,51
20250528,교대(법원.검찰청),잠실(송파구청),13,65
20250528,교대(법원.검찰청),잠실(송파구청),14,76
20250528,교대(법원.검찰청),잠실(송파구청),15,78
20250528,교대(법원.검찰청),잠실(송파구청),16,102
20250528,교대(법원.검찰청),잠실(송파구청),17,171
20250528,교대(법원.검찰청),잠실(송파구청),18,276
20250528,교대(법원.검찰청),잠실(송파구청),19,101
20250528,교대(법원.검찰청),잠실(송파구청),20,91
20250528,교대(법원.검찰청),잠실(송파구청),21,99
20250528,교대(법원.검찰청),잠실(송파구청),22,81
20250528,교대(법원.검찰청),잠실(송파구청),23,29
20250528,교대(법원.검찰청),잠실나루,0,2
20250528,교대(법원.검찰청),잠실나루,5,2
20250528,교대(법원.검찰청),잠실나루,6,7
20250528,교대(법원.검찰청),잠실나루,7,10
20250528,교대(법원.검찰청),잠실나루,8,3
20250528,교대(법원.검찰청),잠실나루,9,7
20250528,교대(법원.검찰청),잠실나루,10,6
20250528,교대(법원.검찰청),잠실나루,11,7
20250528,교대(법원.검찰청),잠실나루,12,12
20250528,교대(법원.검찰청),잠실나루,13,12
20250528,교대(법원.검찰청),잠실나루,14,12
20250528,교대(법원.검찰청),잠실나루,15,9
20250528,교대(법원.검찰청),잠실나루,16,6
20250528,교대(법원.검찰청),잠실나루,17,18
20250528,교대(법원.검찰청),잠실나루,18,35
20250528,교대(법원.검찰청),잠실나루,19,15
20250528,교대(법원.검찰청),잠실나루,20,17
20250528,교대(법원.검찰청),잠실나루,21,18
20250528,교대(법원.검찰청),잠실나루,22,16
20250528,교대(법원.검찰청),잠실나루,23,2
20250528,교대(법원.검찰청),잠실새내,0,2
20250528,교대(법원.검찰청),잠실새내,5,1
20250528,교대(법원.검찰청),잠실새내,6,5
20250528,교대(법원.검찰청),잠실새내,7,1
20250528,교대(법원.검찰청),잠실새내,8,12
20250528,교대(법원.검찰청),잠실새내,9,5
20250528,교대(법원.검찰청),잠실새내,10,6
20250528,교대(법원.검찰청),잠실새내,11,10
20250528,교대(법원.검찰청),잠실새내,12,19
20250528,교대(법원.검찰청),잠실새내,13,25
20250528,교대(법원.검찰청),잠실새내,14,18
20250528,교대(법원.검찰청),잠실새내,15,26
20250528,교대(법원.검찰청),잠실새내,16,37
20250528,교대(법원.검찰청),잠실새내,17,57
20250528,교대(법원.검찰청),잠실새내,18,86
20250528,교대(법원.검찰청),잠실새내,19,32
20250528,교대(법원.검찰청),잠실새내,20,25
20250528,교대(법원.검찰청),잠실새내,21,35
20250528,교대(법원.검찰청),잠실새내,22,29
20250528,교대(법원.검찰청),잠실새내,23,11
20250528,교대(법원.검찰청),종합운동장,0,1
20250528,교대(법원.검찰청),종합운동장,5,1
20250528,교대(법원.검찰청),종합운동장,6,6
20250528,교대(법원.검찰청),종합운동장,7,4
20250528,교대(법원.검찰청),종합운동장,8,7
20250528,교대(법원.검찰청),종합운동장,9,11
20250528,교대(법원.검찰청),종합운동장,10,3
20250528,교대(법원.검찰청),종합운동장,11,8
20250528,교대(법원.검찰청),종합운동장,12,6
20250528,교대(법원.검찰청),종합운동장,13,6
20250528,교대(법원.검찰청),종합운동장,14,14
20250528,교대(법원.검찰청),종합운동장,15,14
20250528,교대(법원.검찰청),종합운동장,16,39
20250528,교대(법원.검찰청),종합운동장,17,105
20250528,교대(법원.검찰청),종합운동장,18,84
20250528,교대(법원.검찰청),종합운동장,19,23
20250528,교대(법원.검찰청),종합운동장,20,17
20250528,교대(법원.검찰청),종합운동장,21,24
20250528,교대(법원.검찰청),종합운동장,22,18
20250528,교대(법원.검찰청),종합운동장,23,9
20250528,교대(법원.검찰청),충정로(경기대입구),5,1
20250528,교대(법원.검찰청),충정로(경기대입구),6,2
20250528,교대(법원.검찰청),충정로(경기대입구),7,1
20250528,교대(법원.검찰청),충정로(경기대입구),8,1
20250528,교대(법원.검찰청),충정로(경기대입구),9,1
20250528,교대(법원.검찰청),충정로(경기대입구),10,3
20250528,교대(법원.검찰청),충정로(경기대입구),16,1
20250528,교대(법원.검찰청),충정로(경기대입구),17,2
20250528,교대(법원.검찰청),충정로(경기대입구),18,2
20250528,교대(법원.검찰청),충정로(경기대입구),19,4
20250528,교대(법원.검찰청),충정로(경기대입구),20,1
20250528,교대(법원.검찰청),한양대,6,2
20250528,교대(법원.검찰청),한양대,7,4
20250528,교대(법원.검찰청),한양대,8,11
20250528,교대(법원.검찰청),한양대,9,9
20250528,교대(법원.검찰청),한양대,10,11
20250528,교대(법원.검찰청),한양대,11,4
20250528,교대(법원.검찰청),한양대,12,3
20250528,교대(법원.검찰청),한양대,13,3
20250528,교대(법원.검찰청),한양대,14,5
20250528,교대(법원.검찰청),한양대,15,2
20250528,교대(법원.검찰청),한양대,16,1
20250528,교대(법원.검찰청),한양대,17,4
20250528,교대(법원.검찰청),한양대,18,4
20250528,교대(법원.검찰청),한양대,19,1
20250528,교대(법원.검찰청),한양대,20,4
20250528,교대(법원.검찰청),한양대,21,2
20250528,교대(법원.검찰청),한양대,22,1
20250528,교대(법원.검찰청),합정,7,5
20250528,교대(법원.검찰청),합정,8,7
20250528,교대(법원.검찰청),합정,9,6
20250528,교대(법원.검찰청),합정,10,5
20250528,교대(법원.검찰청),합정,11,6
20250528,교대(법원.검찰청),합정,12,6
20250528,교대(법원.검찰청),합정,13,10
20250528,교대(법원.검찰청),합정,14,5
20250528,교대(법원.검찰청),합정,15,5
20250528,교대(법원.검찰청),합정,16,9
20250528,교대(법원.검찰청),합정,17,24
20250528,교대(법원.검찰청),합정,18,33
20250528,교대(법원.검찰청),합정,19,13
20250528,교대(법원.검찰청),합정,20,10
20250528,교대(법원.검찰청),합정,21,8
20250528,교대(법원.검찰청),합정,22,2
20250528,교대(법원.검찰청),합정,23,2
20250528,교대(법원.검찰청),홍대입구,0,2
20250528,교대(법원.검찰청),홍대입구,7,8
20250528,교대(법원.검찰청),홍대입구,8,5
20250528,교대(법원.검찰청),홍대입구,9,9
20250528,교대(법원.검찰청),홍대입구,10,9
20250528,교대(법원.검찰청),홍대입구,11,11
20250528,교대(법원.검찰청),홍대입구,12,14
20250528,교대(법원.검찰청),홍대입구,13,10
20250528,교대(법원.검찰청),홍대입구,14,11
20250528,교대(법원.검찰청),홍대입구,15,21
20250528,교대(법원.검찰청),홍대입구,16,10
20250528,교대(법원.검찰청),홍대입구,17,38
20250528,교대(법원.검찰청),홍대입구,18,33
20250528,교대(법원.검찰청),홍대입구,19,12
20250528,교대(법원.검찰청),홍대입구,20,11
20250528,교대(법원.검찰청),홍대입구,21,6
20250528,교대(법원.검찰청),홍대입구,22,7
20250528,교대(법원.검찰청),홍대입구,23,2
20250528,구로디지털단지,강남,0,2
20250528,구로디지털단지,강남,4,4
20250528,구로디지털단지,강남,5,90
20250528,구로디지털단지,강남,6,112
20250528,구로디지털단지,강남,7,385
20250528,구로디지털단지,강남,8,568
20250528,구로디지털단지,강남,9,363
20250528,구로디지털단지,강남,10,142
20250528,구로디지털단지,강남,11,64
20250528,구로디지털단지,강남,12,102
20250528,구로디지털단지,강남,13,83
20250528,구로디지털단지,강남,14,72
20250528,구로디지털단지,강남,15,47
20250528,구로디지털단지,강남,16,67
20250528,구로디지털단지,강남,17,131
20250528,구로디지털단지,강남,18,218
20250528,구로디지털단지,강남,19,84
20250528,구로디지털단지,강남,20,41
20250528,구로디지털단지,강남,21,33
20250528,구로디지털단지,강남,22,21
20250528,구로디지털단지,강남,23,22
20250528,구로디지털단지,강변(동서울터미널),5,19
20250528,구로디지털단지,강변(동서울터미널),6,6
20250528,구로디지털단지,강변(동서울터미널),7,12
20250528,구로디지털단지,강변(동서울터미널),8,14
20250528,구로디지털단지,강변(동서울터미널),9,13
20250528,구로디지털단지,강변(동서울터미널),10,10
20250528,구로디지털단지,강변(동서울터미널),11,12
20250528,구로디지털단지,강변(동서울터미널),12,15
20250528,구로디지털단지,강변(동서울터미널),13,12
20250528,구로디지털단지,강변(동서울터미널),14,12
20250528,구로디지털단지,강변(동서울터미널),15,13
20250528,구로디지털단지,강변(동서울터미널),16,16
20250528,구로디지털단지,강변(동서울터미널),17,30
20250528,구로디지털단지,강변(동서울터미널),18,35
20250528,구로디지털단지,강변(동서울터미널),19,23
20250528,구로디지털단지,강변(동서울터미널),20,18
20250528,구로디지털단지,강변(동서울터미널),21,7
20250528,구로디지털단지,강변(동서울터미널),22,8
20250528,구로디지털단지,강변(동서울터미널),23,4
20250528,구로디지털단지,건대입구,0,1
20250528,구로디지털단지,건대입구,5,1
20250528,구로디지털단지,건대입구,6,10
20250528,구로디지털단지,건대입구,7,18
20250528,구로디지털단지,건대입구,8,14
20250528,구로디지털단지,건대입구,9,15
20250528,구로디지털단지,건대입구,10,9
20250528,구로디지털단지,건대입구,11,7
20250528,구로디지털단지,건대입구,12,7
20250528,구로디지털단지,건대입구,13,6
20250528,구로디지털단지,건대입구,14,4
20250528,구로디지털단지,건대입구,15,7
20250528,구로디지털단지,건대입구,16,7
20250528,구로디지털단지,건대입구,17,30
20250528,구로디지털단지,건대입구,18,31
20250528,구로디지털단지,건대입구,19,11
20250528,구로디지털단지,건대입구,20,5
20250528,구로디지털단지,건대입구,21,11
20250528,구로디지털단지,건대입구,22,4
20250528,구로디지털단지,건대입구,23,6
20250528,구로디지털단지,교대(법원.검찰청),0,1
20250528,구로디지털단지,교대(법원.검찰청),5,28
20250528,구로디지털단지,교대(법원.검찰청),6,42
20250528,구로디지털단지,교대(법원.검찰청),7,110
20250528,구로디지털단지,교대(법원.검찰청),8,187
20250528,구로디지털단지,교대(법원.검찰청),9,104
20250528,구로디지털단지,교대(법원.검찰청),10,35
20250528,구로디지털단지,교대(법원.검찰청),11,19
20250528,구로디지털단지,교대(법원.검찰청),12,28
20250528,구로디지털단지,교대(법원.검찰청),13,27
20250528,구로디지털단지,교대(법원.검찰청),14,27
20250528,구로디지털단지,교대(법원.검찰청),15,24
20250528,구로디지털단지,교대(법원.검찰청),16,17
20250528,구로디지털단지,교대(법원.검찰청),17,38
20250528,구로디지털단지,교대(법원.검찰청),18,53
20250528,구로디지털단지,교대(법원.검찰청),19,18
20250528,구로디지털단지,교대(법원.검찰청),20,13
20250528,구로디지털단지,교대(법원.검찰청),21,6
20250528,구로디지털단지,교대(법원.검찰청),22,7
20250528,구로디지털단지,교대(법원.검찰청),23,4
20250528,구로디지털단지,구로디지털단지,0,10
20250528,구로디지털단지,구로디지털단지,4,1
20250528,구로디지털단지,구로디지털단지,5,4
20250528,구로디지털단지,구로디지털단지,6,11
20250528,구로디지털단지,구로디지털단지,7,14
20250528,구로디지털단지,구로디지털단지,8,23
20250528,구로디지털단지,구로디지털단지,9,25
20250528,구로디지털단지,구로디지털단지,10,26
20250528,구로디지털단지,구로디지털단지,11,14
20250528,구로디지털단지,구로디지털단지,12,37
20250528,구로디지털단지,구로디지털단지,13,34
20250528,구로디지털단지,구로디지털단지,14,26
20250528,구로디지털단지,구로디지털단지,15,33
20250528,구로디지털단지,구로디지털단지,16,34
20250528,구로디지털단지,구로디지털단지,17,37
20250528,구로디지털단지,구로디지털단지,18,40
20250528,구로디지털단지,구로디지털단지,19,24
20250528,구로디지털단지,구로디지털단지,20,41
20250528,구로디지털단지,구로디지털단지,21,25
20250528,구로디지털단지,구로디지털단지,22,27
20250528,구로디지털단지,구로디지털단지,23,19
20250528,구로디지털단지,구의(광진구청),0,1
20250528,구로디지털단지,구의(광진구청),5,4
20250528,구로디지털단지,구의(광진구청),6,7
20250528,구로디지털단지,구의(광진구청),7,19
20250528,구로디지털단지,구의(광진구청),8,13
20250528,구로디지털단지,구의(광진구청),9,3
20250528,구로디지털단지,구의(광진구청),10,9
20250528,구로디지털단지,구의(광진구청),11,6
20250528,구로디지털단지,구의(광진구청),12,3
20250528,구로디지털단지,구의(광진구청),13,5
20250528,구로디지털단지,구의(광진구청),14,5
20250528,구로디지털단지,구의(광진구청),15,9
20250528,구로디지털단지,구의(광진구청),16,12
20250528,구로디지털단지,구의(광진구청),17,30
20250528,구로디지털단지,구의(광진구청),18,41
20250528,구로디지털단지,구의(광진구청),19,21
20250528,구로디지털단지,구의(광진구청),20,23
20250528,구로디지털단지,구의(광진구청),21,18
20250528,구로디지털단지,구의(광진구청),22,7
20250528,구로디지털단지,구의(광진구청),23,5
20250528,구로디지털단지,낙성대,0,4
20250528,구로디지털단지,낙성대,5,7
20250528,구로디지털단지,낙성대,6,18
20250528,구로디지털단지,낙성대,7,29
20250528,구로디지털단지,낙성대,8,41
20250528,구로디지털단지,낙성대,9,29
20250528,구로디지털단지,낙성대,10,19
20250528,구로디지털단지,낙성대,11,20
20250528,구로디지털단지,낙성대,12,17
20250528,구로디지털단지,낙성대,13,17
20250528,구로디지털단지,낙성대,14,18
20250528,구로디지털단지,낙성대,15,24
20250528,구로디지털단지,낙성대,16,38
20250528,구로디지털단지,낙성대,17,53
20250528,구로디지털단지,낙성대,18,137
20250528,구로디지털단지,낙성대,19,60
20250528,구로디지털단지,낙성대,20,45
20250528,구로디지털단지,낙성대,21,36
20250528,구로디지털단지,낙성대,22,35
20250528,구로디지털단지,낙성대,23,16
20250528,구로디지털단지,당산,0,5
20250528,구로디지털단지,당산,5,22
20250528,구로디지털단지,당산,6,50
20250528,구로디지털단지,당산,7,117
20250528,구로디지털단지,당산,8,172
20250528,구로디지털단지,당산,9,56
20250528,구로디지털단지,당산,10,27
20250528,구로디지털단지,당산,11,36
20250528,구로디지털단지,당산,12,38
20250528,구로디지털단지,당산,13,37
20250528,구로디지털단지,당산,14,22
20250528,구로디지털단지,당산,15,42
20250528,구로디지털단지,당산,16,61
20250528,구로디지털단지,당산,17,124
20250528,구로디지털단지,당산,18,192
20250528,구로디지털단지,당산,19,100
20250528,구로디지털단지,당산,20,83
20250528,구로디지털단지,당산,21,60
20250528,구로디지털단지,당산,22,47
20250528,구로디지털단지,당산,23,28
20250528,구로디지털단지,대림(구로구청),0,6
20250528,구로디지털단지,대림(구로구청),5,7
20250528,구로디지털단지,대림(구로구청),6,12
20250528,구로디지털단지,대림(구로구청),7,31
20250528,구로디지털단지,대림(구로구청),8,67
20250528,구로디지털단지,대림(구로구청),9,48
20250528,구로디지털단지,대림(구로구청),10,41
20250528,구로디지털단지,대림(구로구청),11,56
20250528,구로디지털단지,대림(구로구청),12,54
20250528,구로디지털단지,대림(구로구청),13,32
20250528,구로디지털단지,대림(구로구청),14,53
20250528,구로디지털단지,대림(구로구청),15,52
20250528,구로디지털단지,대림(구로구청),16,45
20250528,구로디지털단지,대림(구로구청),17,73
20250528,구로디지털단지,대림(구로구청),18,48
20250528,구로디지털단지,대림(구로구청),19,43
20250528,구로디지털단지,대림(구로구청),20,30
20250528,구로디지털단지,대림(구로구청),21,40
20250528,구로디지털단지,대림(구로구청),22,29
20250528,구로디지털단지,대림(구로구청),23,19
20250528,구로디지털단지,동대문역사문화공원,5,8
20250528,구로디지털단지,동대문역사문화공원,6,23
20250528,구로디지털단지,동대문역사문화공원,7,43
20250528,구로디지털단지,동대문역사문화공원,8,45
20250528,구로디지털단지,동대문역사문화공원,9,33
20250528,구로디지털단지,동대문역사문화공원,10,35
20250528,구로디지털단지,동대문역사문화공원,11,31
20250528,구로디지털단지,동대문역사문화공원,12,14
20250528,구로디지털단지,동대문역사문화공원,13,10
20250528,구로디지털단지,동대문역사문화공원,14,11
20250528,구로디지털단지,동대문역사문화공원,15,9
20250528,구로디지털단지,동대문역사문화공원,16,8
20250528,구로디지털단지,동대문역사문화공원,17,11
20250528,구로디지털단지,동대문역사문화공원,18,16
20250528,구로디지털단지,동대문역사문화공원,19,26
20250528,구로디지털단지,동대문역사문화공원,20,12
20250528,구로디지털단지,동대문역사문화공원,21,7
20250528,구로디지털단지,동대문역사문화공원,22,3
20250528,구로디지털단지,동대문역사문화공원,23,1
20250528,구로디지털단지,뚝섬,5,4
20250528,구로디지털단지,뚝섬,6,17
20250528,구로디지털단지,뚝섬,7,59
20250528,구로디지털단지,뚝섬,8,53
20250528,구로디지털단지,뚝섬,9,28
20250528,구로디지털단지,뚝섬,10,9
20250528,구로디지털단지,뚝섬,11,6
20250528,구로디지털단지,뚝섬,12,9
20250528,구로디지털단지,뚝섬,13,6
20250528,구로디지털단지,뚝섬,14,5
20250528,구로디지털단지,뚝섬,15,2
20250528,구로디지털단지,뚝섬,16,3
20250528,구로디지털단지,뚝섬,17,9
20250528,구로디지털단지,뚝섬,18,8
20250528,구로디지털단지,뚝섬,19,3
20250528,구로디지털단지,뚝섬,20,1
20250528,구로디지털단지,뚝섬,21,2
20250528,구로디지털단지,뚝섬,22,1
20250528,구로디지털단지,문래,0,1
20250528,구로디지털단지,문래,5,11
20250528,구로디지털단지,문래,6,25
20250528,구로디지털단지,문래,7,124
20250528,구로디지털단지,문래,8,280
20250528,구로디지털단지,문래,9,145
20250528,구로디지털단지,문래,10,49
20250528,구로디지털단지,문래,11,34
20250528,구로디지털단지,문래,12,33
20250528,구로디지털단지,문래,13,40
20250528,구로디지털단지,문래,14,42
20250528,구로디지털단지,문래,15,25
20250528,구로디지털단지,문래,16,35
20250528,구로디지털단지,문래,17,60
20250528,구로디지털단지,문래,18,154
20250528,구로디지털단지,문래,19,74
20250528,구로디지털단지,문래,20,18
20250528,구로디지털단지,문래,21,25
20250528,구로디지털단지,문래,22,17
20250528,구로디지털단지,문래,23,6
20250528,구로디지털단지,방배,0,2
20250528,구로디지털단지,방배,5,22
20250528,구로디지털단지,방배,6,26
20250528,구로디지털단지,방배,7,83
20250528,구로디지털단지,방배,8,143
20250528,구로디지털단지,방배,9,66
20250528,구로디지털단지,방배,10,29
20250528,구로디지털단지,방배,11,27
20250528,구로디지털단지,방배,12,22
20250528,구로디지털단지,방배,13,11
20250528,구로디지털단지,방배,14,14
20250528,구로디지털단지,방배,15,13
20250528,구로디지털단지,방배,16,22
20250528,구로디지털단지,방배,17,27
20250528,구로디지털단지,방배,18,38
20250528,구로디지털단지,방배,19,22
20250528,구로디지털단지,방배,20,10
20250528,구로디지털단지,방배,21,13
20250528,구로디지털단지,방배,22,8
20250528,구로디지털단지,방배,23,2
20250528,구로디지털단지,봉천,0,3
20250528,구로디지털단지,봉천,5,4
20250528,구로디지털단지,봉천,6,7
20250528,구로디지털단지,봉천,7,13
20250528,구로디지털단지,봉천,8,32
20250528,구로디지털단지,봉천,9,32
20250528,구로디지털단지,봉천,10,23
20250528,구로디지털단지,봉천,11,24
20250528,구로디지털단지,봉천,12,45
20250528,구로디지털단지,봉천,13,26
20250528,구로디지털단지,봉천,14,23
20250528,구로디지털단지,봉천,15,46
20250528,구로디지털단지,봉천,16,58
20250528,구로디지털단지,봉천,17,87
20250528,구로디지털단지,봉천,18,138
20250528,구로디지털단지,봉천,19,66
20250528,구로디지털단지,봉천,20,47
20250528,구로디지털단지,봉천,21,36
20250528,구로디지털단지,봉천,22,46
20250528,구로디지털단지,봉천,23,25
20250528,구로디지털단지,사당,0,5
20250528,구로디지털단지,사당,5,22
20250528,구로디지털단지,사당,6,27
20250528,구로디지털단지,사당,7,81
20250528,구로디지털단지,사당,8,78
20250528,구로디지털단지,사당,9,58
20250528,구로디지털단지,사당,10,50
20250528,구로디지털단지,사당,11,39
20250528,구로디지털단지,사당,12,28
20250528,구로디지털단지,사당,13,31
20250528,구로디지털단지,사당,14,23
20250528,구로디지털단지,사당,15,34
20250528,구로디지털단지,사당,16,49
20250528,구로디지털단지,사당,17,119
20250528,구로디지털단지,사당,18,214
20250528,구로디지털단지,사당,19,90
20250528,구로디지털단지,사당,20,42
20250528,구로디지털단지,사당,21,28
20250528,구로디지털단지,사당,22,25
20250528,구로디지털단지,사당,23,12
20250528,구로디지털단지,삼성(무역센터),0,1
20250528,구로디지털단지,삼성(무역센터),4,2
20250528,구로디지털단지,삼성(무역센터),5,76
20250528,구로디지털단지,삼성(무역센터),6,98
20250528,구로디지털단지,삼성(무역센터),7,289
20250528,구로디지털단지,삼성(무역센터),8,388
20250528,구로디지털단지,삼성(무역센터),9,178
20250528,구로디지털단지,삼성(무역센터),10,70
20250528,구로디지털단지,삼성(무역센터),11,44
20250528,구로디지털단지,삼성(무역센터),12,52
20250528,구로디지털단지,삼성(무역센터),13,46
20250528,구로디지털단지,삼성(무역센터),14,29
20250528,구로디지털단지,삼성(무역센터),15,25
20250528,구로디지털단지,삼성(무역센터),16,24
20250528,구로디지털단지,삼성(무역센터),17,26
20250528,구로디지털단지,삼성(무역센터),18,34
20250528,구로디지털단지,삼성(무역센터),19,14
20250528,구로디지털단지,삼성(무역센터),20,12
20250528,구로디지털단지,삼성(무역센터),21,5
20250528,구로디지털단지,삼성(무역센터),22,4
20250528,구로디지털단지,삼성(무역센터),23,2
20250528,구로디지털단지,상왕십리,5,3
20250528,구로디지털단지,상왕십리,6,5
20250528,구로디지털단지,상왕십리,7,16
20250528,구로디지털단지,상왕십리,8,10
20250528,구로디지털단지,상왕십리,9,8
20250528,구로디지털단지,상왕십리,10,1
20250528,구로디지털단지,상왕십리,11,3
20250528,구로디지털단지,상왕십리,12,4
20250528,구로디지털단지,상왕십리,13,3
20250528,구로디지털단지,상왕십리,14,3
20250528,구로디지털단지,상왕십리,15,7
20250528,구로디지털단지,상왕십리,16,6
20250528,구로디지털단지,상왕십리,17,15
20250528,구로디지털단지,상왕십리,18,26
20250528,구로디지털단지,상왕십리,19,7
20250528,구로디지털단지,상왕십리,20,7
20250528,구로디지털단지,상왕십리,21,4
20250528,구로디지털단지,상왕십리,22,4
20250528,구로디지털단지,상왕십리,23,2
20250528,구로디지털단지,서울대입구(관악구청),0,13
20250528,구로디지털단지,서울대입구(관악구청),5,17
20250528,구로디지털단지,서울대입구(관악구청),6,16
20250528,구로디지털단지,서울대입구(관악구청),7,48
20250528,구로디지털단지,서울대입구(관악구청),8,84
20250528,구로디지털단지,서울대입구(관악구청),9,49
20250528,구로디지털단지,서울대입구(관악구청),10,49
20250528,구로디지털단지,서울대입구(관악구청),11,42
20250528,구로디지털단지,서울대입구(관악구청),12,37
20250528,구로디지털단지,서울대입구(관악구청),13,43
20250528,구로디지털단지,서울대입구(관악구청),14,37
20250528,구로디지털단지,서울대입구(관악구청),15,62
20250528,구로디지털단지,서울대입구(관악구청),16,78
20250528,구로디지털단지,서울대입구(관악구청),17,137
20250528,구로디지털단지,서울대입구(관악구청),18,251
20250528,구로디지털단지,서울대입구(관악구청),19,118
20250528,구로디지털단지,서울대입구(관악구청),20,76
20250528,구로디지털단지,서울대입구(관악구청),21,64
20250528,구로디지털단지,서울대입구(관악구청),22,54
20250528,구로디지털단지,서울대입구(관악구청),23,27
20250528,구로디지털단지,서초,0,2
20250528,구로디지털단지,서초,5,25
20250528,구로디지털단지,서초,6,40
20250528,구로디지털단지,서초,7,120
20250528,구로디지털단지,서초,8,175
20250528,구로디지털단지,서초,9,70
20250528,구로디지털단지,서초,10,32
20250528,구로디지털단지,서초,11,15
20250528,구로디지털단지,서초,12,18
20250528,구로디지털단지,서초,13,15
20250528,구로디지털단지,서초,14,17
20250528,구로디지털단지,서초,15,10
20250528,구로디지털단지,서초,16,22
20250528,구로디지털단지,서초,17,25
20250528,구로디지털단지,서초,18,38
20250528,구로디지털단지,서초,19,10
20250528,구로디지털단지,서초,20,14
20250528,구로디지털단지,서초,21,15
20250528,구로디지털단지,서초,22,9
20250528,구로디지털단지,서초,23,3
20250528,구로디지털단지,선릉,4,2
20250528,구로디지털단지,선릉,5,44
20250528,구로디지털단지,선릉,6,79
20250528,구로디지털단지,선릉,7,271
20250528,구로디지털단지,선릉,8,356
20250528,구로디지털단지,선릉,9,217
20250528,구로디지털단지,선릉,10,88
20250528,구로디지털단지,선릉,11,51
20250528,구로디지털단지,선릉,12,75
20250528,구로디지털단지,선릉,13,71
20250528,구로디지털단지,선릉,14,42
20250528,구로디지털단지,선릉,15,60
20250528,구로디지털단지,선릉,16,61
20250528,구로디지털단지,선릉,17,48
20250528,구로디지털단지,선릉,18,60
20250528,구로디지털단지,선릉,19,29
20250528,구로디지털단지,선릉,20,18
20250528,구로디지털단지,선릉,21,11
20250528,구로디지털단지,선릉,22,9
20250528,구로디지털단지,선릉,23,3
20250528,구로디지털단지,성수,0,2
20250528,구로디지털단지,성수,5,20
20250528,구로디지털단지,성수,6,27
20250528,구로디지털단지,성수,7,108
20250528,구로디지털단지,성수,8,79
20250528,구로디지털단지,성수,9,36
20250528,구로디지털단지,성수,10,16
20250528,구로디지털단지,성수,11,10
20250528,구로디지털단지,성수,12,15
20250528,구로디지털단지,성수,13,10
20250528,구로디지털단지,성수,14,17
20250528,구로디지털단지,성수,15,8
20250528,구로디지털단지,성수,16,9
20250528,구로디지털단지,성수,17,23
20250528,구로디지털단지,성수,18,14
20250528,구로디지털단지,성수,19,8
20250528,구로디지털단지,성수,20,3
20250528,구로디지털단지,성수,21,1
20250528,구로디지털단지,성수,22,3
20250528,구로디지털단지,성수,23,1
20250528,구로디지털단지,시청,5,15
20250528,구로디지털단지,시청,6,40
20250528,구로디지털단지,시청,7,124
20250528,구로디지털단지,시청,8,224
20250528,구로디지털단지,시청,9,65
20250528,구로디지털단지,시청,10,17
20250528,구로디지털단지,시청,11,18
20250528,구로디지털단지,시청,12,20
20250528,구로디지털단지,시청,13,25
20250528,구로디지털단지,시청,14,12
20250528,구로디지털단지,시청,15,7
20250528,구로디지털단지,시청,16,9
20250528,구로디지털단지,시청,17,21
20250528,구로디지털단지,시청,18,13
20250528,구로디지털단지,시청,19,6
20250528,구로디지털단지,시청,21,1
20250528,구로디지털단지,시청,22,2
20250528,구로디지털단지,신당,5,5
20250528,구로디지털단지,신당,6,2
20250528,구로디지털단지,신당,7,15
20250528,구로디지털단지,신당,8,22
20250528,구로디지털단지,신당,9,9
20250528,구로디지털단지,신당,10,8
20250528,구로디지털단지,신당,11,3
20250528,구로디지털단지,신당,12,9
20250528,구로디지털단지,신당,13,7
20250528,구로디지털단지,신당,14,9
20250528,구로디지털단지,신당,15,4
20250528,구로디지털단지,신당,16,11
20250528,구로디지털단지,신당,17,15
20250528,구로디지털단지,신당,18,23
20250528,구로디지털단지,신당,19,18
20250528,구로디지털단지,신당,20,13
20250528,구로디지털단지,신당,21,10
20250528,구로디지털단지,신당,22,4
20250528,구로디지털단지,신당,23,2
20250528,구로디지털단지,신대방,0,1
20250528,구로디지털단지,신대방,5,8
20250528,구로디지털단지,신대방,6,9
20250528,구로디지털단지,신대방,7,10
20250528,구로디지털단지,신대방,8,16
20250528,구로디지털단지,신대방,9,13
20250528,구로디지털단지,신대방,10,21
20250528,구로디지털단지,신대방,11,26
20250528,구로디지털단지,신대방,12,22
20250528,구로디지털단지,신대방,13,46
20250528,구로디지털단지,신대방,14,49
20250528,구로디지털단지,신대방,15,55
20250528,구로디지털단지,신대방,16,33
20250528,구로디지털단지,신대방,17,57
20250528,구로디지털단지,신대방,18,77
20250528,구로디지털단지,신대방,19,56
20250528,구로디지털단지,신대방,20,32
20250528,구로디지털단지,신대방,21,31
20250528,구로디지털단지,신대방,22,21
20250528,구로디지털단지,신대방,23,22
20250528,구로디지털단지,신도림,0,19
20250528,구로디지털단지,신도림,5,9
20250528,구로디지털단지,신도림,6,30
20250528,구로디지털단지,신도림,7,67
20250528,구로디지털단지,신도림,8,171
20250528,구로디지털단지,신도림,9,117
20250528,구로디지털단지,신도림,10,84
20250528,구로디지털단지,신도림,11,71
20250528,구로디지털단지,신도림,12,55
20250528,구로디지털단지,신도림,13,83
20250528,구로디지털단지,신도림,14,81
20250528,구로디지털단지,신도림,15,91
20250528,구로디지털단지,신도림,16,101
20250528,구로디지털단지,신도림,17,158
20250528,구로디지털단지,신도림,18,216
20250528,구로디지털단지,신도림,19,105
20250528,구로디지털단지,신도림,20,81
20250528,구로디지털단지,신도림,21,72
20250528,구로디지털단지,신도림,22,57
20250528,구로디지털단지,신도림,23,34
20250528,구로디지털단지,신림,0,13
20250528,구로디지털단지,신림,5,10
20250528,구로디지털단지,신림,6,14
20250528,구로디지털단지,신림,7,29
20250528,구로디지털단지,신림,8,29
20250528,구로디지털단지,신림,9,35
20250528,구로디지털단지,신림,10,53
20250528,구로디지털단지,신림,11,52
20250528,구로디지털단지,신림,12,48
20250528,구로디지털단지,신림,13,41
20250528,구로디지털단지,신림,14,62
20250528,구로디지털단지,신림,15,82
20250528,구로디지털단지,신림,16,95
20250528,구로디지털단지,신림,17,180
20250528,구로디지털단지,신림,18,366
20250528,구로디지털단지,신림,19,189
20250528,구로디지털단지,신림,20,122
20250528,구로디지털단지,신림,21,95
20250528,구로디지털단지,신림,22,73
20250528,구로디지털단지,신림,23,65
20250528,구로디지털단지,신촌,0,3
20250528,구로디지털단지,신촌,5,12
20250528,구로디지털단지,신촌,6,26
20250528,구로디지털단지,신촌,7,106
20250528,구로디지털단지,신촌,8,133
20250528,구로디지털단지,신촌,9,107
20250528,구로디지털단지,신촌,10,47
20250528,구로디지털단지,신촌,11,46
20250528,구로디지털단지,신촌,12,51
20250528,구로디지털단지,신촌,13,39
20250528,구로디지털단지,신촌,14,41
20250528,구로디지털단지,신촌,15,38
20250528,구로디지털단지,신촌,16,26
20250528,구로디지털단지,신촌,17,69
20250528,구로디지털단지,신촌,18,86
20250528,구로디지털단지,신촌,19,44
20250528,구로디지털단지,신촌,20,27
20250528,구로디지털단지,신촌,21,24
20250528,구로디지털단지,신촌,22,19
20250528,구로디지털단지,신촌,23,7
20250528,구로디지털단지,아현,4,1
20250528,구로디지털단지,아현,5,8
20250528,구로디지털단지,아현,6,8
20250528,구로디지털단지,아현,7,17
20250528,구로디지털단지,아현,8,25
20250528,구로디지털단지,아현,9,18
20250528,구로디지털단지,아현,10,11
20250528,구로디지털단지,아현,11,7
20250528,구로디지털단지,아현,12,4
20250528,구로디지털단지,아현,13,8
20250528,구로디지털단지,아현,14,8
20250528,구로디지털단지,아현,15,6
20250528,구로디지털단지,아현,16,13
20250528,구로디지털단지,아현,17,13
20250528,구로디지털단지,아현,18,35
20250528,구로디지털단지,아현,19,16
20250528,구로디지털단지,아현,20,11
20250528,구로디지털단지,아현,21,18
20250528,구로디지털단지,아현,22,6
20250528,구로디지털단지,아현,23,2
20250528,구로디지털단지,역삼,4,1
20250528,구로디지털단지,역삼,5,37
20250528,구로디지털단지,역삼,6,82
20250528,구로디지털단지,역삼,7,336
20250528,구로디지털단지,역삼,8,466
20250528,구로디지털단지,역삼,9,248
20250528,구로디지털단지,역삼,10,66
20250528,구로디지털단지,역삼,11,41
20250528,구로디지털단지,역삼,12,52
20250528,구로디지털단지,역삼,13,46
20250528,구로디지털단지,역삼,14,40
20250528,구로디지털단지,역삼,15,25
20250528,구로디지털단지,역삼,16,26
20250528,구로디지털단지,역삼,17,42
20250528,구로디지털단지,역삼,18,40
20250528,구로디지털단지,역삼,19,30
20250528,구로디지털단지,역삼,20,19
20250528,구로디지털단지,역삼,21,15
20250528,구로디지털단지,역삼,22,13
20250528,구로디지털단지,역삼,23,4
20250528,구로디지털단지,영등포구청,0,2
20250528,구로디지털단지,영등포구청,5,18
20250528,구로디지털단지,영등포구청,6,38
20250528,구로디지털단지,영등포구청,7,112
20250528,구로디지털단지,영등포구청,8,284
20250528,구로디지털단지,영등포구청,9,129
20250528,구로디지털단지,영등포구청,10,44
20250528,구로디지털단지,영등포구청,11,35
20250528,구로디지털단지,영등포구청,12,40
20250528,구로디지털단지,영등포구청,13,40
20250528,구로디지털단지,영등포구청,14,36
20250528,구로디지털단지,영등포구청,15,34
20250528,구로디지털단지,영등포구청,16,46
20250528,구로디지털단지,영등포구청,17,48
20250528,구로디지털단지,영등포구청,18,110
20250528,구로디지털단지,영등포구청,19,51
20250528,구로디지털단지,영등포구청,20,32
20250528,구로디지털단지,영등포구청,21,24
20250528,구로디지털단지,영등포구청,22,24
20250528,구로디지털단지,영등포구청,23,14
20250528,구로디지털단지,왕십리(성동구청),4,1
20250528,구로디지털단지,왕십리(성동구청),5,10
20250528,구로디지털단지,왕십리(성동구청),6,8
20250528,구로디지털단지,왕십리(성동구청),7,8
20250528,구로디지털단지,왕십리(성동구청),8,7
20250528,구로디지털단지,왕십리(성동구청),9,9
20250528,구로디지털단지,왕십리(성동구청),10,3
20250528,구로디지털단지,왕십리(성동구청),11,4
20250528,구로디지털단지,왕십리(성동구청),12,6
20250528,구로디지털단지,왕십리(성동구청),13,10
20250528,구로디지털단지,왕십리(성동구청),14,5
20250528,구로디지털단지,왕십리(성동구청),15,6
20250528,구로디지털단지,왕십리(성동구청),16,8
20250528,구로디지털단지,왕십리(성동구청),17,14
20250528,구로디지털단지,왕십리(성동구청),18,25
20250528,구로디지털단지,왕십리(성동구청),19,11
20250528,구로디지털단지,왕십리(성동구청),20,4
20250528,구로디지털단지,왕십리(성동구청),21,4
20250528,구로디지털단지,왕십리(성동구청),22,6
20250528,구로디지털단지,왕십리(성동구청),23,1
20250528,구로디지털단지,용두(동대문구청),6,2
20250528,구로디지털단지,용두(동대문구청),11,1
20250528,구로디지털단지,용두(동대문구청),12,2
20250528,구로디지털단지,용두(동대문구청),18,1
20250528,구로디지털단지,을지로3가,5,24
20250528,구로디지털단지,을지로3가,6,35
20250528,구로디지털단지,을지로3가,7,119
20250528,구로디지털단지,을지로3가,8,110
20250528,구로디지털단지,을지로3가,9,36
20250528,구로디지털단지,을지로3가,10,18
20250528,구로디지털단지,을지로3가,11,13
20250528,구로디지털단지,을지로3가,12,19
20250528,구로디지털단지,을지로3가,13,12
20250528,구로디지털단지,을지로3가,14,12
20250528,구로디지털단지,을지로3가,15,12
20250528,구로디지털단지,을지로3가,16,10
20250528,구로디지털단지,을지로3가,17,10
20250528,구로디지털단지,을지로3가,18,24
20250528,구로디지털단지,을지로3가,19,7
20250528,구로디지털단지,을지로3가,20,4
20250528,구로디지털단지,을지로3가,22,3
20250528,구로디지털단지,을지로3가,23,1
20250528,구로디지털단지,을지로4가,5,10
20250528,구로디지털단지,을지로4가,6,24
20250528,구로디지털단지,을지로4가,7,64
20250528,구로디지털단지,을지로4가,8,65
20250528,구로디지털단지,을지로4가,9,27
20250528,구로디지털단지,을지로4가,10,15
20250528,구로디지털단지,을지로4가,11,11
20250528,구로디지털단지,을지로4가,12,12
20250528,구로디지털단지,을지로4가,13,7
20250528,구로디지털단지,을지로4가,14,6
20250528,구로디지털단지,을지로4가,15,3
20250528,구로디지털단지,을지로4가,16,6
20250528,구로디지털단지,을지로4가,17,7
20250528,구로디지털단지,을지로4가,18,7
20250528,구로디지털단지,을지로4가,19,2
20250528,구로디지털단지,을지로4가,20,5
20250528,구로디지털단지,을지로4가,22,2
20250528,구로디지털단지,을지로입구,5,24
20250528,구로디지털단지,을지로입구,6,65
20250528,구로디지털단지,을지로입구,7,223
20250528,구로디지털단지,을지로입구,8,276
20250528,구로디지털단지,을지로입구,9,112
20250528,구로디지털단지,을지로입구,10,52
20250528,구로디지털단지,을지로입구,11,29
20250528,구로디지털단지,을지로입구,12,46
20250528,구로디지털단지,을지로입구,13,39
20250528,구로디지털단지,을지로입구,14,15
20250528,구로디지털단지,을지로입구,15,15
20250528,구로디지털단지,을지로입구,16,25
20250528,구로디지털단지,을지로입구,17,24
20250528,구로디지털단지,을지로입구,18,29
20250528,구로디지털단지,을지로입구,19,12
20250528,구로디지털단지,을지로입구,20,2
20250528,구로디지털단지,을지로입구,21,4
20250528,구로디지털단지,을지로입구,22,3
20250528,구로디지털단지,을지로입구,23,1
20250528,구로디지털단지,이대,0,1
20250528,구로디지털단지,이대,5,4
20250528,구로디지털단지,이대,6,12
20250528,구로디지털단지,이대,7,38
20250528,구로디지털단지,이대,8,50
20250528,구로디지털단지,이대,9,38
20250528,구로디지털단지,이대,10,42
20250528,구로디지털단지,이대,11,28
20250528,구로디지털단지,이대,12,15
20250528,구로디지털단지,이대,13,24
20250528,구로디지털단지,이대,14,15
20250528,구로디지털단지,이대,15,12
20250528,구로디지털단지,이대,16,17
20250528,구로디지털단지,이대,17,32
20250528,구로디지털단지,이대,18,43
20250528,구로디지털단지,이대,19,21
20250528,구로디지털단지,이대,20,12
20250528,구로디지털단지,이대,21,7
20250528,구로디지털단지,이대,22,11
20250528,구로디지털단지,이대,23,2
20250528,구로디지털단지,잠실(송파구청),0,1
20250528,구로디지털단지,잠실(송파구청),4,1
20250528,구로디지털단지,잠실(송파구청),5,25
20250528,구로디지털단지,잠실(송파구청),6,69
20250528,구로디지털단지,잠실(송파구청),7,135
20250528,구로디지털단지,잠실(송파구청),8,103
20250528,구로디지털단지,잠실(송파구청),9,74
20250528,구로디지털단지,잠실(송파구청),10,38
20250528,구로디지털단지,잠실(송파구청),11,44
20250528,구로디지털단지,잠실(송파구청),12,25
20250528,구로디지털단지,잠실(송파구청),13,40
20250528,구로디지털단지,잠실(송파구청),14,30
20250528,구로디지털단지,잠실(송파구청),15,30
20250528,구로디지털단지,잠실(송파구청),16,54
20250528,구로디지털단지,잠실(송파구청),17,118
20250528,구로디지털단지,잠실(송파구청),18,154
20250528,구로디지털단지,잠실(송파구청),19,63
20250528,구로디지털단지,잠실(송파구청),20,47
20250528,구로디지털단지,잠실(송파구청),21,36
20250528,구로디지털단지,잠실(송파구청),22,23
20250528,구로디지털단지,잠실(송파구청),23,6
20250528,구로디지털단지,잠실나루,4,1
20250528,구로디지털단지,잠실나루,5,36
20250528,구로디지털단지,잠실나루,6,16
20250528,구로디지털단지,잠실나루,7,12
20250528,구로디지털단지,잠실나루,8,10
20250528,구로디지털단지,잠실나루,9,9
20250528,구로디지털단지,잠실나루,10,3
20250528,구로디지털단지,잠실나루,11,7
20250528,구로디지털단지,잠실나루,12,7
20250528,구로디지털단지,잠실나루,13,7
20250528,구로디지털단지,잠실나루,14,4
20250528,구로디지털단지,잠실나루,15,6
20250528,구로디지털단지,잠실나루,16,6
20250528,구로디지털단지,잠실나루,17,14
20250528,구로디지털단지,잠실나루,18,16
20250528,구로디지털단지,잠실나루,19,4
20250528,구로디지털단지,잠실나루,20,7
20250528,구로디지털단지,잠실나루,21,2
20250528,구로디지털단지,잠실나루,22,4
20250528,구로디지털단지,잠실나루,23,4
20250528,구로디지털단지,잠실새내,5,2
20250528,구로디지털단지,잠실새내,6,7
20250528,구로디지털단지,잠실새내,7,14
20250528,구로디지털단지,잠실새내,8,14
20250528,구로디지털단지,잠실새내,9,8
20250528,구로디지털단지,잠실새내,10,8
20250528,구로디지털단지,잠실새내,11,10
20250528,구로디지털단지,잠실새내,12,12
20250528,구로디지털단지,잠실새내,13,6
20250528,구로디지털단지,잠실새내,14,8
20250528,구로디지털단지,잠실새내,15,12
20250528,구로디지털단지,잠실새내,16,17
20250528,구로디지털단지,잠실새내,17,37
20250528,구로디지털단지,잠실새내,18,30
20250528,구로디지털단지,잠실새내,19,16
20250528,구로디지털단지,잠실새내,20,12
20250528,구로디지털단지,잠실새내,21,6
20250528,구로디지털단지,잠실새내,22,8
20250528,구로디지털단지,잠실새내,23,1
20250528,구로디지털단지,종합운동장,5,24
20250528,구로디지털단지,종합운동장,6,16
20250528,구로디지털단지,종합운동장,7,24
20250528,구로디지털단지,종합운동장,8,8
20250528,구로디지털단지,종합운동장,9,5
20250528,구로디지털단지,종합운동장,10,1
20250528,구로디지털단지,종합운동장,11,8
20250528,구로디지털단지,종합운동장,12,4
20250528,구로디지털단지,종합운동장,13,2
20250528,구로디지털단지,종합운동장,14,4
20250528,구로디지털단지,종합운동장,15,13
20250528,구로디지털단지,종합운동장,16,26
20250528,구로디지털단지,종합운동장,17,69
20250528,구로디지털단지,종합운동장,18,60
20250528,구로디지털단지,종합운동장,19,13
20250528,구로디지털단지,종합운동장,20,8
20250528,구로디지털단지,종합운동장,21,9
20250528,구로디지털단지,종합운동장,22,4
20250528,구로디지털단지,종합운동장,23,3
20250528,구로디지털단지,충정로(경기대입구),0,1
20250528,구로디지털단지,충정로(경기대입구),5,3
20250528,구로디지털단지,충정로(경기대입구),6,15
20250528,구로디지털단지,충정로(경기대입구),7,56
20250528,구로디지털단지,충정로(경기대입구),8,60
20250528,구로디지털단지,충정로(경기대입구),9,18
20250528,구로디지털단지,충정로(경기대입구),10,2
20250528,구로디지털단지,충정로(경기대입구),11,1
20250528,구로디지털단지,충정로(경기대입구),12,8
20250528,구로디지털단지,충정로(경기대입구),13,8
20250528,구로디지털단지,충정로(경기대입구),14,7
20250528,구로디지털단지,충정로(경기대입구),15,6
20250528,구로디지털단지,충정로(경기대입구),16,4
20250528,구로디지털단지,충정로(경기대입구),17,10
20250528,구로디지털단지,충정로(경기대입구),18,11
20250528,구로디지털단지,충정로(경기대입구),19,7
20250528,구로디지털단지,충정로(경기대입구),20,8
20250528,구로디지털단지,충정로(경기대입구),21,8
20250528,구로디지털단지,충정로(경기대입구),22,10
20250528,구로디지털단지,충정로(경기대입구),23,3
20250528,구로디지털단지,한양대,5,4
20250528,구로디지털단지,한양대,6,2
20250528,구로디지털단지,한양대,7,29
20250528,구로디지털단지,한양대,8,24
20250528,구로디지털단지,한양대,9,19
20250528,구로디지털단지,한양대,10,13
20250528,구로디지털단지,한양대,11,11
20250528,구로디지털단지,한양대,12,15
20250528,구로디지털단지,한양대,13,7
20250528,구로디지털단지,한양대,14,4
20250528,구로디지털단지,한양대,15,3
20250528,구로디지털단지,한양대,16,2
20250528,구로디지털단지,한양대,17,10
20250528,구로디지털단지,한양대,18,7
20250528,구로디지털단지,한양대,19,3
20250528,구로디지털단지,한양대,20,2
20250528,구로디지털단지,한양대,22,2
20250528,구로디지털단지,합정,0,3
20250528,구로디지털단지,합정,5,16
20250528,구로디지털단지,합정,6,49
20250528,구로디지털단지,합정,7,121
20250528,구로디지털단지,합정,8,223
20250528,구로디지털단지,합정,9,168
20250528,구로디지털단지,합정,10,76
20250528,구로디지털단지,합정,11,64
20250528,구로디지털단지,합정,12,40
20250528,구로디지털단지,합정,13,54
20250528,구로디지털단지,합정,14,37
20250528,구로디지털단지,합정,15,39
20250528,구로디지털단지,합정,16,56
20250528,구로디지털단지,합정,17,105
20250528,구로디지털단지,합정,18,179
20250528,구로디지털단지,합정,19,80
20250528,구로디지털단지,합정,20,51
20250528,구로디지털단지,합정,21,40
20250528,구로디지털단지,합정,22,28
20250528,구로디지털단지,합정,23,15
20250528,구로디지털단지,홍대입구,0,10
20250528,구로디지털단지,홍대입구,4,1
20250528,구로디지털단지,홍대입구,5,15
20250528,구로디지털단지,홍대입구,6,44
20250528,구로디지털단지,홍대입구,7,87
20250528,구로디지털단지,홍대입구,8,203
20250528,구로디지털단지,홍대입구,9,251
20250528,구로디지털단지,홍대입구,10,120
20250528,구로디지털단지,홍대입구,11,93
20250528,구로디지털단지,홍대입구,12,105
20250528,구로디지털단지,홍대입구,13,107
20250528,구로디지털단지,홍대입구,14,97
20250528,구로디지털단지,홍대입구,15,84
20250528,구로디지털단지,홍대입구,16,97
20250528,구로디지털단지,홍대입구,17,186
20250528,구로디지털단지,홍대입구,18,248
20250528,구로디지털단지,홍대입구,19,104
20250528,구로디지털단지,홍대입구,20,66
20250528,구로디지털단지,홍대입구,21,47
20250528,구로디지털단지,홍대입구,22,56
20250528,구로디지털단지,홍대입구,23,21
20250528,구의(광진구청),강남,0,1
20250528,구의(광진구청),강남,5,25
20250528,구의(광진구청),강남,6,64
20250528,구의(광진구청),강남,7,196
20250528,구의(광진구청),강남,8,292
20250528,구의(광진구청),강남,9,190
20250528,구의(광진구청),강남,10,90
20250528,구의(광진구청),강남,11,40
20250528,구의(광진구청),강남,12,35
20250528,구의(광진구청),강남,13,55
20250528,구의(광진구청),강남,14,33
20250528,구의(광진구청),강남,15,38
20250528,구의(광진구청),강남,16,48
20250528,구의(광진구청),강남,17,48
20250528,구의(광진구청),강남,18,50
20250528,구의(광진구청),강남,19,30
20250528,구의(광진구청),강남,20,24
20250528,구의(광진구청),강남,21,17
20250528,구의(광진구청),강남,22,12
20250528,구의(광진구청),강남,23,3
20250528,구의(광진구청),강변(동서울터미널),0,1
20250528,구의(광진구청),강변(동서울터미널),5,3
20250528,구의(광진구청),강변(동서울터미널),6,14
20250528,구의(광진구청),강변(동서울터미널),7,29
20250528,구의(광진구청),강변(동서울터미널),8,32
20250528,구의(광진구청),강변(동서울터미널),9,34
20250528,구의(광진구청),강변(동서울터미널),10,20
20250528,구의(광진구청),강변(동서울터미널),11,33
20250528,구의(광진구청),강변(동서울터미널),12,23
20250528,구의(광진구청),강변(동서울터미널),13,42
20250528,구의(광진구청),강변(동서울터미널),14,43
20250528,구의(광진구청),강변(동서울터미널),15,34
20250528,구의(광진구청),강변(동서울터미널),16,33
20250528,구의(광진구청),강변(동서울터미널),17,44
20250528,구의(광진구청),강변(동서울터미널),18,46
20250528,구의(광진구청),강변(동서울터미널),19,23
20250528,구의(광진구청),강변(동서울터미널),20,27
20250528,구의(광진구청),강변(동서울터미널),21,16
20250528,구의(광진구청),강변(동서울터미널),22,17
20250528,구의(광진구청),강변(동서울터미널),23,8
20250528,구의(광진구청),건대입구,0,10
20250528,구의(광진구청),건대입구,5,9
20250528,구의(광진구청),건대입구,6,23
20250528,구의(광진구청),건대입구,7,36
20250528,구의(광진구청),건대입구,8,98
20250528,구의(광진구청),건대입구,9,78
20250528,구의(광진구청),건대입구,10,79
20250528,구의(광진구청),건대입구,11,68
20250528,구의(광진구청),건대입구,12,68
20250528,구의(광진구청),건대입구,13,92
20250528,구의(광진구청),건대입구,14,74
20250528,구의(광진구청),건대입구,15,73
20250528,구의(광진구청),건대입구,16,102
20250528,구의(광진구청),건대입구,17,100
20250528,구의(광진구청),건대입구,18,102
20250528,구의(광진구청),건대입구,19,73
20250528,구의(광진구청),건대입구,20,40
20250528,구의(광진구청),건대입구,21,52
20250528,구의(광진구청),건대입구,22,31
20250528,구의(광진구청),건대입구,23,20
20250528,구의(광진구청),교대(법원.검찰청),0,1
20250528,구의(광진구청),교대(법원.검찰청),5,9
20250528,구의(광진구청),교대(법원.검찰청),6,22
20250528,구의(광진구청),교대(법원.검찰청),7,58
20250528,구의(광진구청),교대(법원.검찰청),8,104
20250528,구의(광진구청),교대(법원.검찰청),9,47
20250528,구의(광진구청),교대(법원.검찰청),10,28
20250528,구의(광진구청),교대(법원.검찰청),11,9
20250528,구의(광진구청),교대(법원.검찰청),12,14
20250528,구의(광진구청),교대(법원.검찰청),13,15
20250528,구의(광진구청),교대(법원.검찰청),14,10
20250528,구의(광진구청),교대(법원.검찰청),15,12
20250528,구의(광진구청),교대(법원.검찰청),16,17
20250528,구의(광진구청),교대(법원.검찰청),17,15
20250528,구의(광진구청),교대(법원.검찰청),18,9
20250528,구의(광진구청),교대(법원.검찰청),19,5
20250528,구의(광진구청),교대(법원.검찰청),20,5
20250528,구의(광진구청),교대(법원.검찰청),21,5
20250528,구의(광진구청),교대(법원.검찰청),22,3
20250528,구의(광진구청),교대(법원.검찰청),23,1
20250528,구의(광진구청),구로디지털단지,0,1
20250528,구의(광진구청),구로디지털단지,5,2
20250528,구의(광진구청),구로디지털단지,6,22
20250528,구의(광진구청),구로디지털단지,7,71
20250528,구의(광진구청),구로디지털단지,8,42
20250528,구의(광진구청),구로디지털단지,9,23
20250528,구의(광진구청),구로디지털단지,10,8
20250528,구의(광진구청),구로디지털단지,11,1
20250528,구의(광진구청),구로디지털단지,12,3
20250528,구의(광진구청),구로디지털단지,13,3
20250528,구의(광진구청),구로디지털단지,14,10
20250528,구의(광진구청),구로디지털단지,15,4
20250528,구의(광진구청),구로디지털단지,16,12
20250528,구의(광진구청),구로디지털단지,17,14
20250528,구의(광진구청),구로디지털단지,18,18
20250528,구의(광진구청),구로디지털단지,19,8
20250528,구의(광진구청),구로디지털단지,20,7
20250528,구의(광진구청),구로디지털단지,21,9
20250528,구의(광진구청),구로디지털단지,22,5
20250528,구의(광진구청),구로디지털단지,23,1
20250528,구의(광진구청),구의(광진구청),0,4
20250528,구의(광진구청),구의(광진구청),5,9
20250528,구의(광진구청),구의(광진구청),6,6
20250528,구의(광진구청),구의(광진구청),7,11
20250528,구의(광진구청),구의(광진구청),8,17
20250528,구의(광진구청),구의(광진구청),9,12
20250528,구의(광진구청),구의(광진구청),10,34
20250528,구의(광진구청),구의(광진구청),11,23
20250528,구의(광진구청),구의(광진구청),12,19
20250528,구의(광진구청),구의(광진구청),13,19
20250528,구의(광진구청),구의(광진구청),14,33
20250528,구의(광진구청),구의(광진구청),15,34
20250528,구의(광진구청),구의(광진구청),16,28
20250528,구의(광진구청),구의(광진구청),17,35
20250528,구의(광진구청),구의(광진구청),18,21
20250528,구의(광진구청),구의(광진구청),19,25
20250528,구의(광진구청),구의(광진구청),20,14
20250528,구의(광진구청),구의(광진구청),21,13
20250528,구의(광진구청),구의(광진구청),22,16
20250528,구의(광진구청),구의(광진구청),23,9
20250528,구의(광진구청),낙성대,0,1
20250528,구의(광진구청),낙성대,5,3
20250528,구의(광진구청),낙성대,6,5
20250528,구의(광진구청),낙성대,7,13
20250528,구의(광진구청),낙성대,8,12
20250528,구의(광진구청),낙성대,9,11
20250528,구의(광진구청),낙성대,10,8
20250528,구의(광진구청),낙성대,11,4
20250528,구의(광진구청),낙성대,12,4
20250528,구의(광진구청),낙성대,13,4
20250528,구의(광진구청),낙성대,14,5
20250528,구의(광진구청),낙성대,15,1
20250528,구의(광진구청),낙성대,16,3
20250528,구의(광진구청),낙성대,17,5
20250528,구의(광진구청),낙성대,18,9
20250528,구의(광진구청),낙성대,19,6
20250528,구의(광진구청),낙성대,20,4
20250528,구의(광진구청),낙성대,21,3
20250528,구의(광진구청),낙성대,22,2
20250528,구의(광진구청),낙성대,23,3
20250528,구의(광진구청),당산,5,1
20250528,구의(광진구청),당산,6,8
20250528,구의(광진구청),당산,7,16
20250528,구의(광진구청),당산,8,10
20250528,구의(광진구청),당산,9,5
20250528,구의(광진구청),당산,10,7
20250528,구의(광진구청),당산,11,8
20250528,구의(광진구청),당산,12,4
20250528,구의(광진구청),당산,13,1
20250528,구의(광진구청),당산,14,6
20250528,구의(광진구청),당산,15,3
20250528,구의(광진구청),당산,16,10
20250528,구의(광진구청),당산,17,7
20250528,구의(광진구청),당산,18,14
20250528,구의(광진구청),당산,19,7
20250528,구의(광진구청),당산,20,4
20250528,구의(광진구청),당산,21,3
20250528,구의(광진구청),당산,22,4
20250528,구의(광진구청),당산,23,1
20250528,구의(광진구청),대림(구로구청),5,1
20250528,구의(광진구청),대림(구로구청),6,5
20250528,구의(광진구청),대림(구로구청),7,10
20250528,구의(광진구청),대림(구로구청),8,2
20250528,구의(광진구청),대림(구로구청),10,4
20250528,구의(광진구청),대림(구로구청),11,10
20250528,구의(광진구청),대림(구로구청),12,2
20250528,구의(광진구청),대림(구로구청),13,1
20250528,구의(광진구청),대림(구로구청),14,1
20250528,구의(광진구청),대림(구로구청),15,4
20250528,구의(광진구청),대림(구로구청),16,8
20250528,구의(광진구청),대림(구로구청),17,2
20250528,구의(광진구청),대림(구로구청),18,6
20250528,구의(광진구청),대림(구로구청),19,5
20250528,구의(광진구청),대림(구로구청),20,1
20250528,구의(광진구청),대림(구로구청),21,6
20250528,구의(광진구청),대림(구로구청),22,2
20250528,구의(광진구청),동대문역사문화공원,5,5
20250528,구의(광진구청),동대문역사문화공원,6,11
20250528,구의(광진구청),동대문역사문화공원,7,37
20250528,구의(광진구청),동대문역사문화공원,8,82
20250528,구의(광진구청),동대문역사문화공원,9,36
20250528,구의(광진구청),동대문역사문화공원,10,28
20250528,구의(광진구청),동대문역사문화공원,11,16
20250528,구의(광진구청),동대문역사문화공원,12,18
20250528,구의(광진구청),동대문역사문화공원,13,13
20250528,구의(광진구청),동대문역사문화공원,14,19
20250528,구의(광진구청),동대문역사문화공원,15,13
20250528,구의(광진구청),동대문역사문화공원,16,2
20250528,구의(광진구청),동대문역사문화공원,17,13
20250528,구의(광진구청),동대문역사문화공원,18,20
20250528,구의(광진구청),동대문역사문화공원,19,15
20250528,구의(광진구청),동대문역사문화공원,20,6
20250528,구의(광진구청),동대문역사문화공원,21,1
20250528,구의(광진구청),동대문역사문화공원,22,10
20250528,구의(광진구청),뚝섬,0,1
20250528,구의(광진구청),뚝섬,5,15
20250528,구의(광진구청),뚝섬,6,23
20250528,구의(광진구청),뚝섬,7,96
20250528,구의(광진구청),뚝섬,8,253
20250528,구의(광진구청),뚝섬,9,161
20250528,구의(광진구청),뚝섬,10,74
20250528,구의(광진구청),뚝섬,11,39
20250528,구의(광진구청),뚝섬,12,34
20250528,구의(광진구청),뚝섬,13,35
20250528,구의(광진구청),뚝섬,14,25
20250528,구의(광진구청),뚝섬,15,17
20250528,구의(광진구청),뚝섬,16,37
20250528,구의(광진구청),뚝섬,17,42
20250528,구의(광진구청),뚝섬,18,45
20250528,구의(광진구청),뚝섬,19,13
20250528,구의(광진구청),뚝섬,20,10
20250528,구의(광진구청),뚝섬,21,12
20250528,구의(광진구청),뚝섬,22,10
20250528,구의(광진구청),뚝섬,23,7
20250528,구의(광진구청),문래,5,2
20250528,구의(광진구청),문래,6,5
20250528,구의(광진구청),문래,7,38
20250528,구의(광진구청),문래,8,14
20250528,구의(광진구청),문래,9,6
20250528,구의(광진구청),문래,11,1
20250528,구의(광진구청),문래,12,3
20250528,구의(광진구청),문래,13,2
20250528,구의(광진구청),문래,14,2
20250528,구의(광진구청),문래,16,3
20250528,구의(광진구청),문래,17,7
20250528,구의(광진구청),문래,18,8
20250528,구의(광진구청),문래,19,3
20250528,구의(광진구청),문래,20,1
20250528,구의(광진구청),문래,21,1
20250528,구의(광진구청),문래,22,1
20250528,구의(광진구청),문래,23,3
20250528,구의(광진구청),방배,4,1
20250528,구의(광진구청),방배,5,7
20250528,구의(광진구청),방배,6,8
20250528,구의(광진구청),방배,7,24
20250528,구의(광진구청),방배,8,37
20250528,구의(광진구청),방배,9,16
20250528,구의(광진구청),방배,10,7
20250528,구의(광진구청),방배,11,3
20250528,구의(광진구청),방배,12,6
20250528,구의(광진구청),방배,13,4
20250528,구의(광진구청),방배,14,1
20250528,구의(광진구청),방배,15,1
20250528,구의(광진구청),방배,16,5
20250528,구의(광진구청),방배,17,3
20250528,구의(광진구청),방배,18,4
20250528,구의(광진구청),방배,20,3
20250528,구의(광진구청),방배,22,1
20250528,구의(광진구청),방배,23,1
20250528,구의(광진구청),봉천,5,2
20250528,구의(광진구청),봉천,6,3
20250528,구의(광진구청),봉천,7,7
20250528,구의(광진구청),봉천,8,4
20250528,구의(광진구청),봉천,9,2
20250528,구의(광진구청),봉천,10,3
20250528,구의(광진구청),봉천,11,1
20250528,구의(광진구청),봉천,12,1
20250528,구의(광진구청),봉천,13,2
20250528,구의(광진구청),봉천,14,6
20250528,구의(광진구청),봉천,15,5
20250528,구의(광진구청),봉천,16,8
20250528,구의(광진구청),봉천,17,2
20250528,구의(광진구청),봉천,18,7
20250528,구의(광진구청),봉천,19,4
20250528,구의(광진구청),봉천,20,4
20250528,구의(광진구청),봉천,21,3
20250528,구의(광진구청),봉천,22,3
20250528,구의(광진구청),봉천,23,1
20250528,구의(광진구청),사당,0,3
20250528,구의(광진구청),사당,5,4
20250528,구의(광진구청),사당,6,16
20250528,구의(광진구청),사당,7,41
20250528,구의(광진구청),사당,8,19
20250528,구의(광진구청),사당,9,18
20250528,구의(광진구청),사당,10,17
20250528,구의(광진구청),사당,11,11
20250528,구의(광진구청),사당,12,12
20250528,구의(광진구청),사당,13,3
20250528,구의(광진구청),사당,14,15
20250528,구의(광진구청),사당,15,17
20250528,구의(광진구청),사당,16,24
20250528,구의(광진구청),사당,17,21
20250528,구의(광진구청),사당,18,33
20250528,구의(광진구청),사당,19,13
20250528,구의(광진구청),사당,20,7
20250528,구의(광진구청),사당,21,16
20250528,구의(광진구청),사당,22,7
20250528,구의(광진구청),사당,23,4
20250528,구의(광진구청),삼성(무역센터),0,2
20250528,구의(광진구청),삼성(무역센터),5,31
20250528,구의(광진구청),삼성(무역센터),6,74
20250528,구의(광진구청),삼성(무역센터),7,212
20250528,구의(광진구청),삼성(무역센터),8,423
20250528,구의(광진구청),삼성(무역센터),9,235
20250528,구의(광진구청),삼성(무역센터),10,82
20250528,구의(광진구청),삼성(무역센터),11,37
20250528,구의(광진구청),삼성(무역센터),12,37
20250528,구의(광진구청),삼성(무역센터),13,32
20250528,구의(광진구청),삼성(무역센터),14,22
20250528,구의(광진구청),삼성(무역센터),15,21
20250528,구의(광진구청),삼성(무역센터),16,27
20250528,구의(광진구청),삼성(무역센터),17,19
20250528,구의(광진구청),삼성(무역센터),18,22
20250528,구의(광진구청),삼성(무역센터),19,13
20250528,구의(광진구청),삼성(무역센터),20,8
20250528,구의(광진구청),삼성(무역센터),21,9
20250528,구의(광진구청),삼성(무역센터),22,4
20250528,구의(광진구청),삼성(무역센터),23,2
20250528,구의(광진구청),상왕십리,0,2
20250528,구의(광진구청),상왕십리,5,3
20250528,구의(광진구청),상왕십리,6,4
20250528,구의(광진구청),상왕십리,7,11
20250528,구의(광진구청),상왕십리,8,34
20250528,구의(광진구청),상왕십리,9,11
20250528,구의(광진구청),상왕십리,10,4
20250528,구의(광진구청),상왕십리,11,8
20250528,구의(광진구청),상왕십리,12,8
20250528,구의(광진구청),상왕십리,13,11
20250528,구의(광진구청),상왕십리,14,8
20250528,구의(광진구청),상왕십리,15,12
20250528,구의(광진구청),상왕십리,16,18
20250528,구의(광진구청),상왕십리,17,16
20250528,구의(광진구청),상왕십리,18,17
20250528,구의(광진구청),상왕십리,19,11
20250528,구의(광진구청),상왕십리,20,8
20250528,구의(광진구청),상왕십리,21,6
20250528,구의(광진구청),상왕십리,22,8
20250528,구의(광진구청),상왕십리,23,6
20250528,구의(광진구청),서울대입구(관악구청),6,6
20250528,구의(광진구청),서울대입구(관악구청),7,15
20250528,구의(광진구청),서울대입구(관악구청),8,15
20250528,구의(광진구청),서울대입구(관악구청),9,10
20250528,구의(광진구청),서울대입구(관악구청),10,7
20250528,구의(광진구청),서울대입구(관악구청),11,5
20250528,구의(광진구청),서울대입구(관악구청),12,4
20250528,구의(광진구청),서울대입구(관악구청),13,10
20250528,구의(광진구청),서울대입구(관악구청),14,4
20250528,구의(광진구청),서울대입구(관악구청),15,9
20250528,구의(광진구청),서울대입구(관악구청),16,11
20250528,구의(광진구청),서울대입구(관악구청),17,14
20250528,구의(광진구청),서울대입구(관악구청),18,17
20250528,구의(광진구청),서울대입구(관악구청),19,10
20250528,구의(광진구청),서울대입구(관악구청),20,7
20250528,구의(광진구청),서울대입구(관악구청),21,10
20250528,구의(광진구청),서울대입구(관악구청),22,8
20250528,구의(광진구청),서울대입구(관악구청),23,2
20250528,구의(광진구청),서초,5,8
20250528,구의(광진구청),서초,6,12
20250528,구의(광진구청),서초,7,24
20250528,구의(광진구청),서초,8,74
20250528,구의(광진구청),서초,9,32
20250528,구의(광진구청),서초,10,16
20250528,구의(광진구청),서초,11,3
20250528,구의(광진구청),서초,12,7
20250528,구의(광진구청),서초,13,10
20250528,구의(광진구청),서초,14,5
20250528,구의(광진구청),서초,15,5
20250528,구의(광진구청),서초,16,4
20250528,구의(광진구청),서초,17,4
20250528,구의(광진구청),서초,18,8
20250528,구의(광진구청),서초,19,2
20250528,구의(광진구청),서초,20,3
20250528,구의(광진구청),서초,21,3
20250528,구의(광진구청),서초,22,1
20250528,구의(광진구청),서초,23,1
20250528,구의(광진구청),선릉,5,21
20250528,구의(광진구청),선릉,6,48
20250528,구의(광진구청),선릉,7,150
20250528,구의(광진구청),선릉,8,248
20250528,구의(광진구청),선릉,9,163
20250528,구의(광진구청),선릉,10,53
20250528,구의(광진구청),선릉,11,33
20250528,구의(광진구청),선릉,12,34
20250528,구의(광진구청),선릉,13,26
20250528,구의(광진구청),선릉,14,21
20250528,구의(광진구청),선릉,15,14
20250528,구의(광진구청),선릉,16,7
20250528,구의(광진구청),선릉,17,26
20250528,구의(광진구청),선릉,18,18
20250528,구의(광진구청),선릉,19,12
20250528,구의(광진구청),선릉,20,5
20250528,구의(광진구청),선릉,21,9
20250528,구의(광진구청),선릉,22,4
20250528,구의(광진구청),선릉,23,5
20250528,구의(광진구청),성수,0,6
20250528,구의(광진구청),성수,5,21
20250528,구의(광진구청),성수,6,38
20250528,구의(광진구청),성수,7,98
20250528,구의(광진구청),성수,8,380
20250528,구의(광진구청),성수,9,228
20250528,구의(광진구청),성수,10,101
20250528,구의(광진구청),성수,11,68
20250528,구의(광진구청),성수,12,73
20250528,구의(광진구청),성수,13,42
20250528,구의(광진구청),성수,14,54
20250528,구의(광진구청),성수,15,50
20250528,구의(광진구청),성수,16,55
20250528,구의(광진구청),성수,17,63
20250528,구의(광진구청),성수,18,59
20250528,구의(광진구청),성수,19,49
20250528,구의(광진구청),성수,20,21
20250528,구의(광진구청),성수,21,24
20250528,구의(광진구청),성수,22,13
20250528,구의(광진구청),성수,23,7
20250528,구의(광진구청),시청,5,5
20250528,구의(광진구청),시청,6,30
20250528,구의(광진구청),시청,7,80
20250528,구의(광진구청),시청,8,139
20250528,구의(광진구청),시청,9,40
20250528,구의(광진구청),시청,10,21
20250528,구의(광진구청),시청,11,8
20250528,구의(광진구청),시청,12,8
20250528,구의(광진구청),시청,13,3
20250528,구의(광진구청),시청,14,5
20250528,구의(광진구청),시청,15,11
20250528,구의(광진구청),시청,16,5
20250528,구의(광진구청),시청,17,10
20250528,구의(광진구청),시청,18,7
20250528,구의(광진구청),시청,20,1
20250528,구의(광진구청),시청,21,3
20250528,구의(광진구청),시청,22,1
20250528,구의(광진구청),시청,23,1
20250528,구의(광진구청),신당,5,6
20250528,구의(광진구청),신당,6,10
20250528,구의(광진구청),신당,7,25
20250528,구의(광진구청),신당,8,34
20250528,구의(광진구청),신당,9,25
20250528,구의(광진구청),신당,10,17
20250528,구의(광진구청),신당,11,10
20250528,구의(광진구청),신당,12,5
20250528,구의(광진구청),신당,13,8
20250528,구의(광진구청),신당,14,6
20250528,구의(광진구청),신당,15,16
20250528,구의(광진구청),신당,16,10
20250528,구의(광진구청),신당,17,7
20250528,구의(광진구청),신당,18,17
20250528,구의(광진구청),신당,19,11
20250528,구의(광진구청),신당,20,12
20250528,구의(광진구청),신당,21,6
20250528,구의(광진구청),신당,22,7
20250528,구의(광진구청),신당,23,5
20250528,구의(광진구청),신대방,6,2
20250528,구의(광진구청),신대방,7,3
20250528,구의(광진구청),신대방,8,1
20250528,구의(광진구청),신대방,9,2
20250528,구의(광진구청),신대방,10,4
20250528,구의(광진구청),신대방,11,3
20250528,구의(광진구청),신대방,12,3
20250528,구의(광진구청),신대방,13,1
20250528,구의(광진구청),신대방,14,5
20250528,구의(광진구청),신대방,15,1
20250528,구의(광진구청),신대방,17,9
20250528,구의(광진구청),신대방,18,6
20250528,구의(광진구청),신대방,19,7
20250528,구의(광진구청),신대방,20,6
20250528,구의(광진구청),신대방,21,5
20250528,구의(광진구청),신대방,22,3
20250528,구의(광진구청),신대방,23,1
20250528,구의(광진구청),신도림,5,1
20250528,구의(광진구청),신도림,6,5
20250528,구의(광진구청),신도림,7,16
20250528,구의(광진구청),신도림,8,8
20250528,구의(광진구청),신도림,9,11
20250528,구의(광진구청),신도림,10,5
20250528,구의(광진구청),신도림,11,1
20250528,구의(광진구청),신도림,12,4
20250528,구의(광진구청),신도림,13,5
20250528,구의(광진구청),신도림,14,6
20250528,구의(광진구청),신도림,15,7
20250528,구의(광진구청),신도림,16,13
20250528,구의(광진구청),신도림,17,5
20250528,구의(광진구청),신도림,18,9
20250528,구의(광진구청),신도림,19,7
20250528,구의(광진구청),신도림,20,3
20250528,구의(광진구청),신도림,21,4
20250528,구의(광진구청),신도림,22,3
20250528,구의(광진구청),신도림,23,5
20250528,구의(광진구청),신림,0,1
20250528,구의(광진구청),신림,5,5
20250528,구의(광진구청),신림,6,8
20250528,구의(광진구청),신림,7,15
20250528,구의(광진구청),신림,8,6
20250528,구의(광진구청),신림,9,6
20250528,구의(광진구청),신림,10,8
20250528,구의(광진구청),신림,11,2
20250528,구의(광진구청),신림,12,5
20250528,구의(광진구청),신림,13,2
20250528,구의(광진구청),신림,14,4
20250528,구의(광진구청),신림,15,12
20250528,구의(광진구청),신림,16,16
20250528,구의(광진구청),신림,17,13
20250528,구의(광진구청),신림,18,19
20250528,구의(광진구청),신림,19,14
20250528,구의(광진구청),신림,20,7
20250528,구의(광진구청),신림,21,15
20250528,구의(광진구청),신림,22,7
20250528,구의(광진구청),신림,23,5
20250528,구의(광진구청),신촌,0,1
20250528,구의(광진구청),신촌,5,7
20250528,구의(광진구청),신촌,6,10
20250528,구의(광진구청),신촌,7,29
20250528,구의(광진구청),신촌,8,31
20250528,구의(광진구청),신촌,9,32
20250528,구의(광진구청),신촌,10,18
20250528,구의(광진구청),신촌,11,19
20250528,구의(광진구청),신촌,12,19
20250528,구의(광진구청),신촌,13,19
20250528,구의(광진구청),신촌,14,16
20250528,구의(광진구청),신촌,15,8
20250528,구의(광진구청),신촌,16,6
20250528,구의(광진구청),신촌,17,8
20250528,구의(광진구청),신촌,18,19
20250528,구의(광진구청),신촌,19,10
20250528,구의(광진구청),신촌,20,3
20250528,구의(광진구청),신촌,21,7
20250528,구의(광진구청),신촌,22,4
20250528,구의(광진구청),신촌,23,1
20250528,구의(광진구청),아현,6,1
20250528,구의(광진구청),아현,7,11
20250528,구의(광진구청),아현,8,11
20250528,구의(광진구청),아현,9,2
20250528,구의(광진구청),아현,10,3
20250528,구의(광진구청),아현,11,2
20250528,구의(광진구청),아현,12,1
20250528,구의(광진구청),아현,13,3
20250528,구의(광진구청),아현,14,4
20250528,구의(광진구청),아현,15,4
20250528,구의(광진구청),아현,16,2
20250528,구의(광진구청),아현,17,5
20250528,구의(광진구청),아현,18,6
20250528,구의(광진구청),아현,19,5
20250528,구의(광진구청),아현,20,4
20250528,구의(광진구청),아현,21,2
20250528,구의(광진구청),아현,22,4
20250528,구의(광진구청),역삼,5,20
20250528,구의(광진구청),역삼,6,39
20250528,구의(광진구청),역삼,7,194
20250528,구의(광진구청),역삼,8,348
20250528,구의(광진구청),역삼,9,189
20250528,구의(광진구청),역삼,10,51
20250528,구의(광진구청),역삼,11,26
20250528,구의(광진구청),역삼,12,23
20250528,구의(광진구청),역삼,13,28
20250528,구의(광진구청),역삼,14,25
20250528,구의(광진구청),역삼,15,14
20250528,구의(광진구청),역삼,16,20
20250528,구의(광진구청),역삼,17,19
20250528,구의(광진구청),역삼,18,15
20250528,구의(광진구청),역삼,19,9
20250528,구의(광진구청),역삼,20,12
20250528,구의(광진구청),역삼,21,7
20250528,구의(광진구청),역삼,22,2
20250528,구의(광진구청),역삼,23,1
20250528,구의(광진구청),영등포구청,6,2
20250528,구의(광진구청),영등포구청,7,20
20250528,구의(광진구청),영등포구청,8,12
20250528,구의(광진구청),영등포구청,9,4
20250528,구의(광진구청),영등포구청,12,3
20250528,구의(광진구청),영등포구청,13,1
20250528,구의(광진구청),영등포구청,15,2
20250528,구의(광진구청),영등포구청,16,1
20250528,구의(광진구청),영등포구청,17,3
20250528,구의(광진구청),영등포구청,18,1
20250528,구의(광진구청),영등포구청,19,2
20250528,구의(광진구청),영등포구청,20,1
20250528,구의(광진구청),영등포구청,21,1
20250528,구의(광진구청),영등포구청,22,2
20250528,구의(광진구청),영등포구청,23,1
20250528,구의(광진구청),왕십리(성동구청),5,4
20250528,구의(광진구청),왕십리(성동구청),6,5
20250528,구의(광진구청),왕십리(성동구청),7,27
20250528,구의(광진구청),왕십리(성동구청),8,43
20250528,구의(광진구청),왕십리(성동구청),9,31
20250528,구의(광진구청),왕십리(성동구청),10,9
20250528,구의(광진구청),왕십리(성동구청),11,8
20250528,구의(광진구청),왕십리(성동구청),12,15
20250528,구의(광진구청),왕십리(성동구청),13,14
20250528,구의(광진구청),왕십리(성동구청),14,11
20250528,구의(광진구청),왕십리(성동구청),15,24
20250528,구의(광진구청),왕십리(성동구청),16,28
20250528,구의(광진구청),왕십리(성동구청),17,28
20250528,구의(광진구청),왕십리(성동구청),18,29
20250528,구의(광진구청),왕십리(성동구청),19,10
20250528,구의(광진구청),왕십리(성동구청),20,15
20250528,구의(광진구청),왕십리(성동구청),21,14
20250528,구의(광진구청),왕십리(성동구청),22,4
20250528,구의(광진구청),왕십리(성동구청),23,6
20250528,구의(광진구청),용두(동대문구청),6,5
20250528,구의(광진구청),용두(동대문구청),7,6
20250528,구의(광진구청),용두(동대문구청),8,15
20250528,구의(광진구청),용두(동대문구청),9,8
20250528,구의(광진구청),용두(동대문구청),10,6
20250528,구의(광진구청),용두(동대문구청),11,3
20250528,구의(광진구청),용두(동대문구청),12,4
20250528,구의(광진구청),용두(동대문구청),13,8
20250528,구의(광진구청),용두(동대문구청),14,1
20250528,구의(광진구청),용두(동대문구청),15,5
20250528,구의(광진구청),용두(동대문구청),16,3
20250528,구의(광진구청),용두(동대문구청),17,7
20250528,구의(광진구청),용두(동대문구청),18,3
20250528,구의(광진구청),용두(동대문구청),19,3
20250528,구의(광진구청),용두(동대문구청),20,4
20250528,구의(광진구청),용두(동대문구청),22,2
20250528,구의(광진구청),용두(동대문구청),23,2
20250528,구의(광진구청),을지로3가,5,7
20250528,구의(광진구청),을지로3가,6,24
20250528,구의(광진구청),을지로3가,7,73
20250528,구의(광진구청),을지로3가,8,127
20250528,구의(광진구청),을지로3가,9,47
20250528,구의(광진구청),을지로3가,10,7
20250528,구의(광진구청),을지로3가,11,10
20250528,구의(광진구청),을지로3가,12,7
20250528,구의(광진구청),을지로3가,13,14
20250528,구의(광진구청),을지로3가,14,16
20250528,구의(광진구청),을지로3가,15,8
20250528,구의(광진구청),을지로3가,16,8
20250528,구의(광진구청),을지로3가,17,11
20250528,구의(광진구청),을지로3가,18,14
20250528,구의(광진구청),을지로3가,19,4
20250528,구의(광진구청),을지로3가,20,2
20250528,구의(광진구청),을지로3가,22,2
20250528,구의(광진구청),을지로3가,23,1
20250528,구의(광진구청),을지로4가,4,1
20250528,구의(광진구청),을지로4가,5,10
20250528,구의(광진구청),을지로4가,6,18
20250528,구의(광진구청),을지로4가,7,52
20250528,구의(광진구청),을지로4가,8,68
20250528,구의(광진구청),을지로4가,9,23
20250528,구의(광진구청),을지로4가,10,23
20250528,구의(광진구청),을지로4가,11,10
20250528,구의(광진구청),을지로4가,12,11
20250528,구의(광진구청),을지로4가,13,7
20250528,구의(광진구청),을지로4가,14,8
20250528,구의(광진구청),을지로4가,15,5
20250528,구의(광진구청),을지로4가,16,4
20250528,구의(광진구청),을지로4가,17,7
20250528,구의(광진구청),을지로4가,18,7
20250528,구의(광진구청),을지로4가,19,3
20250528,구의(광진구청),을지로4가,20,3
20250528,구의(광진구청),을지로4가,21,3
20250528,구의(광진구청),을지로4가,22,2
20250528,구의(광진구청),을지로4가,23,1
20250528,구의(광진구청),을지로입구,5,9
20250528,구의(광진구청),을지로입구,6,29
20250528,구의(광진구청),을지로입구,7,123
20250528,구의(광진구청),을지로입구,8,216
20250528,구의(광진구청),을지로입구,9,69
20250528,구의(광진구청),을지로입구,10,42
20250528,구의(광진구청),을지로입구,11,20
20250528,구의(광진구청),을지로입구,12,18
20250528,구의(광진구청),을지로입구,13,18
20250528,구의(광진구청),을지로입구,14,17
20250528,구의(광진구청),을지로입구,15,13
20250528,구의(광진구청),을지로입구,16,11
20250528,구의(광진구청),을지로입구,17,19
20250528,구의(광진구청),을지로입구,18,10
20250528,구의(광진구청),을지로입구,19,6
20250528,구의(광진구청),을지로입구,20,2
20250528,구의(광진구청),을지로입구,21,4
20250528,구의(광진구청),을지로입구,22,3
20250528,구의(광진구청),이대,6,4
20250528,구의(광진구청),이대,7,11
20250528,구의(광진구청),이대,8,20
20250528,구의(광진구청),이대,9,8
20250528,구의(광진구청),이대,10,14
20250528,구의(광진구청),이대,11,9
20250528,구의(광진구청),이대,12,11
20250528,구의(광진구청),이대,13,6
20250528,구의(광진구청),이대,14,4
20250528,구의(광진구청),이대,15,5
20250528,구의(광진구청),이대,16,7
20250528,구의(광진구청),이대,17,8
20250528,구의(광진구청),이대,18,7
20250528,구의(광진구청),이대,20,2
20250528,구의(광진구청),이대,21,3
20250528,구의(광진구청),이대,22,5
20250528,구의(광진구청),잠실(송파구청),5,21
20250528,구의(광진구청),잠실(송파구청),6,40
20250528,구의(광진구청),잠실(송파구청),7,82
20250528,구의(광진구청),잠실(송파구청),8,213
20250528,구의(광진구청),잠실(송파구청),9,140
20250528,구의(광진구청),잠실(송파구청),10,50
20250528,구의(광진구청),잠실(송파구청),11,46
20250528,구의(광진구청),잠실(송파구청),12,39
20250528,구의(광진구청),잠실(송파구청),13,38
20250528,구의(광진구청),잠실(송파구청),14,50
20250528,구의(광진구청),잠실(송파구청),15,53
20250528,구의(광진구청),잠실(송파구청),16,63
20250528,구의(광진구청),잠실(송파구청),17,57
20250528,구의(광진구청),잠실(송파구청),18,79
20250528,구의(광진구청),잠실(송파구청),19,38
20250528,구의(광진구청),잠실(송파구청),20,28
20250528,구의(광진구청),잠실(송파구청),21,29
20250528,구의(광진구청),잠실(송파구청),22,30
20250528,구의(광진구청),잠실(송파구청),23,14
20250528,구의(광진구청),잠실나루,0,1
20250528,구의(광진구청),잠실나루,5,12
20250528,구의(광진구청),잠실나루,6,25
20250528,구의(광진구청),잠실나루,7,29
20250528,구의(광진구청),잠실나루,8,56
20250528,구의(광진구청),잠실나루,9,31
20250528,구의(광진구청),잠실나루,10,13
20250528,구의(광진구청),잠실나루,11,18
20250528,구의(광진구청),잠실나루,12,17
20250528,구의(광진구청),잠실나루,13,14
20250528,구의(광진구청),잠실나루,14,24
20250528,구의(광진구청),잠실나루,15,21
20250528,구의(광진구청),잠실나루,16,22
20250528,구의(광진구청),잠실나루,17,20
20250528,구의(광진구청),잠실나루,18,30
20250528,구의(광진구청),잠실나루,19,22
20250528,구의(광진구청),잠실나루,20,12
20250528,구의(광진구청),잠실나루,21,12
20250528,구의(광진구청),잠실나루,22,3
20250528,구의(광진구청),잠실나루,23,3
20250528,구의(광진구청),잠실새내,0,1
20250528,구의(광진구청),잠실새내,5,14
20250528,구의(광진구청),잠실새내,6,16
20250528,구의(광진구청),잠실새내,7,17
20250528,구의(광진구청),잠실새내,8,48
20250528,구의(광진구청),잠실새내,9,40
20250528,구의(광진구청),잠실새내,10,25
20250528,구의(광진구청),잠실새내,11,13
20250528,구의(광진구청),잠실새내,12,16
20250528,구의(광진구청),잠실새내,13,15
20250528,구의(광진구청),잠실새내,14,11
20250528,구의(광진구청),잠실새내,15,28
20250528,구의(광진구청),잠실새내,16,27
20250528,구의(광진구청),잠실새내,17,18
20250528,구의(광진구청),잠실새내,18,29
20250528,구의(광진구청),잠실새내,19,21
20250528,구의(광진구청),잠실새내,20,5
20250528,구의(광진구청),잠실새내,21,15
20250528,구의(광진구청),잠실새내,22,2
20250528,구의(광진구청),잠실새내,23,7
20250528,구의(광진구청),종합운동장,5,2
20250528,구의(광진구청),종합운동장,6,8
20250528,구의(광진구청),종합운동장,7,10
20250528,구의(광진구청),종합운동장,8,23
20250528,구의(광진구청),종합운동장,9,7
20250528,구의(광진구청),종합운동장,10,6
20250528,구의(광진구청),종합운동장,11,2
20250528,구의(광진구청),종합운동장,12,8
20250528,구의(광진구청),종합운동장,13,8
20250528,구의(광진구청),종합운동장,14,4
20250528,구의(광진구청),종합운동장,15,9
20250528,구의(광진구청),종합운동장,16,22
20250528,구의(광진구청),종합운동장,17,75
20250528,구의(광진구청),종합운동장,18,44
20250528,구의(광진구청),종합운동장,19,7
20250528,구의(광진구청),종합운동장,20,2
20250528,구의(광진구청),종합운동장,21,2
20250528,구의(광진구청),종합운동장,23,1
20250528,구의(광진구청),충정로(경기대입구),0,1
20250528,구의(광진구청),충정로(경기대입구),6,5
20250528,구의(광진구청),충정로(경기대입구),7,13
20250528,구의(광진구청),충정로(경기대입구),8,22
20250528,구의(광진구청),충정로(경기대입구),9,8
20250528,구의(광진구청),충정로(경기대입구),10,3
20250528,구의(광진구청),충정로(경기대입구),11,3
20250528,구의(광진구청),충정로(경기대입구),12,5
20250528,구의(광진구청),충정로(경기대입구),13,4
20250528,구의(광진구청),충정로(경기대입구),14,3
20250528,구의(광진구청),충정로(경기대입구),15,4
20250528,구의(광진구청),충정로(경기대입구),16,1
20250528,구의(광진구청),충정로(경기대입구),17,4
20250528,구의(광진구청),충정로(경기대입구),18,1
20250528,구의(광진구청),충정로(경기대입구),21,1
20250528,구의(광진구청),충정로(경기대입구),22,1
20250528,구의(광진구청),충정로(경기대입구),23,2
20250528,구의(광진구청),한양대,0,1
20250528,구의(광진구청),한양대,5,3
20250528,구의(광진구청),한양대,6,4
20250528,구의(광진구청),한양대,7,15
20250528,구의(광진구청),한양대,8,67
20250528,구의(광진구청),한양대,9,51
20250528,구의(광진구청),한양대,10,38
20250528,구의(광진구청),한양대,11,13
20250528,구의(광진구청),한양대,12,15
20250528,구의(광진구청),한양대,13,10
20250528,구의(광진구청),한양대,14,8
20250528,구의(광진구청),한양대,15,9
20250528,구의(광진구청),한양대,16,9
20250528,구의(광진구청),한양대,17,7
20250528,구의(광진구청),한양대,18,13
20250528,구의(광진구청),한양대,19,7
20250528,구의(광진구청),한양대,20,5
20250528,구의(광진구청),한양대,21,6
20250528,구의(광진구청),한양대,22,3
20250528,구의(광진구청),한양대,23,1
20250528,구의(광진구청),합정,0,1
20250528,구의(광진구청),합정,5,3
20250528,구의(광진구청),합정,6,3
20250528,구의(광진구청),합정,7,13
20250528,구의(광진구청),합정,8,25
20250528,구의(광진구청),합정,9,12
20250528,구의(광진구청),합정,10,11
20250528,구의(광진구청),합정,11,5
20250528,구의(광진구청),합정,12,3
20250528,구의(광진구청),합정,13,2
20250528,구의(광진구청),합정,14,7
20250528,구의(광진구청),합정,15,12
20250528,구의(광진구청),합정,16,7
20250528,구의(광진구청),합정,17,12
20250528,구의(광진구청),합정,18,12
20250528,구의(광진구청),합정,19,11
20250528,구의(광진구청),합정,20,4
20250528,구의(광진구청),합정,21,7
20250528,구의(광진구청),합정,22,3
20250528,구의(광진구청),합정,23,2
20250528,구의(광진구청),홍대입구,5,5
20250528,구의(광진구청),홍대입구,6,7
20250528,구의(광진구청),홍대입구,7,29
20250528,구의(광진구청),홍대입구,8,41
20250528,구의(광진구청),홍대입구,9,36
20250528,구의(광진구청),홍대입구,10,21
20250528,구의(광진구청),홍대입구,11,18
20250528,구의(광진구청),홍대입구,12,20
20250528,구의(광진구청),홍대입구,13,16
20250528,구의(광진구청),홍대입구,14,42
20250528,구의(광진구청),홍대입구,15,19
20250528,구의(광진구청),홍대입구,16,12
20250528,구의(광진구청),홍대입구,17,19
20250528,구의(광진구청),홍대입구,18,26
20250528,구의(광진구청),홍대입구,19,13
20250528,구의(광진구청),홍대입구,20,13
20250528,구의(광진구청),홍대입구,21,10
20250528,구의(광진구청),홍대입구,22,10
20250528,구의(광진구청),홍대입구,23,9
20250528,낙성대,강남,0,2
20250528,낙성대,강남,5,51
20250528,낙성대,강남,6,74
20250528,낙성대,강남,7,262
20250528,낙성대,강남,8,488
20250528,낙성대,강남,9,402
20250528,낙성대,강남,10,142
20250528,낙성대,강남,11,66
20250528,낙성대,강남,12,61
20250528,낙성대,강남,13,57
20250528,낙성대,강남,14,59
20250528,낙성대,강남,15,57
20250528,낙성대,강남,16,58
20250528,낙성대,강남,17,74
20250528,낙성대,강남,18,125
20250528,낙성대,강남,19,46
20250528,낙성대,강남,20,26
20250528,낙성대,강남,21,30
20250528,낙성대,강남,22,20
20250528,낙성대,강남,23,12
20250528,낙성대,강변(동서울터미널),0,2
20250528,낙성대,강변(동서울터미널),5,1
20250528,낙성대,강변(동서울터미널),6,3
20250528,낙성대,강변(동서울터미널),7,7
20250528,낙성대,강변(동서울터미널),8,8
20250528,낙성대,강변(동서울터미널),9,9
20250528,낙성대,강변(동서울터미널),10,7
20250528,낙성대,강변(동서울터미널),11,3
20250528,낙성대,강변(동서울터미널),12,3
20250528,낙성대,강변(동서울터미널),13,7
20250528,낙성대,강변(동서울터미널),14,6
20250528,낙성대,강변(동서울터미널),15,8
20250528,낙성대,강변(동서울터미널),16,7
20250528,낙성대,강변(동서울터미널),17,8
20250528,낙성대,강변(동서울터미널),18,14
20250528,낙성대,강변(동서울터미널),19,8
20250528,낙성대,강변(동서울터미널),20,4
20250528,낙성대,강변(동서울터미널),21,7
20250528,낙성대,강변(동서울터미널),22,5
20250528,낙성대,강변(동서울터미널),23,2
20250528,낙성대,건대입구,0,2
20250528,낙성대,건대입구,5,2
20250528,낙성대,건대입구,6,4
20250528,낙성대,건대입구,7,13
20250528,낙성대,건대입구,8,17
20250528,낙성대,건대입구,9,8
20250528,낙성대,건대입구,10,7
20250528,낙성대,건대입구,11,2
20250528,낙성대,건대입구,12,4
20250528,낙성대,건대입구,13,2
20250528,낙성대,건대입구,14,4
20250528,낙성대,건대입구,15,8
20250528,낙성대,건대입구,16,8
20250528,낙성대,건대입구,17,13
20250528,낙성대,건대입구,18,23
20250528,낙성대,건대입구,19,4
20250528,낙성대,건대입구,20,7
20250528,낙성대,건대입구,21,5
20250528,낙성대,건대입구,22,2
20250528,낙성대,건대입구,23,5
20250528,낙성대,교대(법원.검찰청),0,5
20250528,낙성대,교대(법원.검찰청),5,23
20250528,낙성대,교대(법원.검찰청),6,22
20250528,낙성대,교대(법원.검찰청),7,82
20250528,낙성대,교대(법원.검찰청),8,181
20250528,낙성대,교대(법원.검찰청),9,103
20250528,낙성대,교대(법원.검찰청),10,48
20250528,낙성대,교대(법원.검찰청),11,24
20250528,낙성대,교대(법원.검찰청),12,36
20250528,낙성대,교대(법원.검찰청),13,45
20250528,낙성대,교대(법원.검찰청),14,25
20250528,낙성대,교대(법원.검찰청),15,26
20250528,낙성대,교대(법원.검찰청),16,27
20250528,낙성대,교대(법원.검찰청),17,27
20250528,낙성대,교대(법원.검찰청),18,39
20250528,낙성대,교대(법원.검찰청),19,29
20250528,낙성대,교대(법원.검찰청),20,18
20250528,낙성대,교대(법원.검찰청),21,8
20250528,낙성대,교대(법원.검찰청),22,7
20250528,낙성대,교대(법원.검찰청),23,5
20250528,낙성대,구로디지털단지,0,2
20250528,낙성대,구로디지털단지,5,3
20250528,낙성대,구로디지털단지,6,17
20250528,낙성대,구로디지털단지,7,68
20250528,낙성대,구로디지털단지,8,213
20250528,낙성대,구로디지털단지,9,108
20250528,낙성대,구로디지털단지,10,37
20250528,낙성대,구로디지털단지,11,13
20250528,낙성대,구로디지털단지,12,37
20250528,낙성대,구로디지털단지,13,28
20250528,낙성대,구로디지털단지,14,19
20250528,낙성대,구로디지털단지,15,20
20250528,낙성대,구로디지털단지,16,23
20250528,낙성대,구로디지털단지,17,28
20250528,낙성대,구로디지털단지,18,39
20250528,낙성대,구로디지털단지,19,29
20250528,낙성대,구로디지털단지,20,27
20250528,낙성대,구로디지털단지,21,25
20250528,낙성대,구로디지털단지,22,14
20250528,낙성대,구로디지털단지,23,8
20250528,낙성대,구의(광진구청),0,1
20250528,낙성대,구의(광진구청),5,3
20250528,낙성대,구의(광진구청),6,4
20250528,낙성대,구의(광진구청),7,12
20250528,낙성대,구의(광진구청),8,3
20250528,낙성대,구의(광진구청),9,4
20250528,낙성대,구의(광진구청),10,3
20250528,낙성대,구의(광진구청),11,3
20250528,낙성대,구의(광진구청),12,3
20250528,낙성대,구의(광진구청),13,4
20250528,낙성대,구의(광진구청),14,3
20250528,낙성대,구의(광진구청),15,6
20250528,낙성대,구의(광진구청),16,4
20250528,낙성대,구의(광진구청),17,8
20250528,낙성대,구의(광진구청),18,5
20250528,낙성대,구의(광진구청),19,10
20250528,낙성대,구의(광진구청),20,5
20250528,낙성대,구의(광진구청),21,6
20250528,낙성대,구의(광진구청),22,5
20250528,낙성대,구의(광진구청),23,5
20250528,낙성대,낙성대,0,8
20250528,낙성대,낙성대,5,8
20250528,낙성대,낙성대,6,5
20250528,낙성대,낙성대,7,16
20250528,낙성대,낙성대,8,18
20250528,낙성대,낙성대,9,12
20250528,낙성대,낙성대,10,14
20250528,낙성대,낙성대,11,12
20250528,낙성대,낙성대,12,14
20250528,낙성대,낙성대,13,12
20250528,낙성대,낙성대,14,20
20250528,낙성대,낙성대,15,14
20250528,낙성대,낙성대,16,19
20250528,낙성대,낙성대,17,15
20250528,낙성대,낙성대,18,12
20250528,낙성대,낙성대,19,14
20250528,낙성대,낙성대,20,16
20250528,낙성대,낙성대,21,15
20250528,낙성대,낙성대,22,9
20250528,낙성대,낙성대,23,5
20250528,낙성대,당산,0,1
20250528,낙성대,당산,5,2
20250528,낙성대,당산,6,5
20250528,낙성대,당산,7,24
20250528,낙성대,당산,8,42
20250528,낙성대,당산,9,15
20250528,낙성대,당산,10,7
20250528,낙성대,당산,11,7
20250528,낙성대,당산,12,1
20250528,낙성대,당산,13,8
20250528,낙성대,당산,14,7
20250528,낙성대,당산,15,14
20250528,낙성대,당산,16,9
20250528,낙성대,당산,17,11
20250528,낙성대,당산,18,16
20250528,낙성대,당산,19,15
20250528,낙성대,당산,20,9
20250528,낙성대,당산,21,14
20250528,낙성대,당산,22,4
20250528,낙성대,당산,23,4
20250528,낙성대,대림(구로구청),0,6
20250528,낙성대,대림(구로구청),5,2
20250528,낙성대,대림(구로구청),6,3
20250528,낙성대,대림(구로구청),7,17
20250528,낙성대,대림(구로구청),8,43
20250528,낙성대,대림(구로구청),9,13
20250528,낙성대,대림(구로구청),10,10
20250528,낙성대,대림(구로구청),11,8
20250528,낙성대,대림(구로구청),12,10
20250528,낙성대,대림(구로구청),13,15
20250528,낙성대,대림(구로구청),14,12
20250528,낙성대,대림(구로구청),15,14
20250528,낙성대,대림(구로구청),16,12
20250528,낙성대,대림(구로구청),17,17
20250528,낙성대,대림(구로구청),18,21
20250528,낙성대,대림(구로구청),19,11
20250528,낙성대,대림(구로구청),20,7
20250528,낙성대,대림(구로구청),21,13
20250528,낙성대,대림(구로구청),22,3
20250528,낙성대,대림(구로구청),23,2
20250528,낙성대,동대문역사문화공원,5,1
20250528,낙성대,동대문역사문화공원,6,1
20250528,낙성대,동대문역사문화공원,7,4
20250528,낙성대,동대문역사문화공원,8,1
20250528,낙성대,동대문역사문화공원,9,4
20250528,낙성대,동대문역사문화공원,10,3
20250528,낙성대,동대문역사문화공원,11,1
20250528,낙성대,동대문역사문화공원,12,2
20250528,낙성대,동대문역사문화공원,17,1
20250528,낙성대,동대문역사문화공원,18,1
20250528,낙성대,동대문역사문화공원,19,3
20250528,낙성대,동대문역사문화공원,21,1
20250528,낙성대,뚝섬,6,3
20250528,낙성대,뚝섬,7,18
20250528,낙성대,뚝섬,8,25
20250528,낙성대,뚝섬,9,17
20250528,낙성대,뚝섬,10,3
20250528,낙성대,뚝섬,11,3
20250528,낙성대,뚝섬,12,1
20250528,낙성대,뚝섬,14,3
20250528,낙성대,뚝섬,15,3
20250528,낙성대,뚝섬,16,3
20250528,낙성대,뚝섬,17,7
20250528,낙성대,뚝섬,18,6
20250528,낙성대,뚝섬,19,2
20250528,낙성대,뚝섬,20,1
20250528,낙성대,뚝섬,21,1
20250528,낙성대,뚝섬,23,1
20250528,낙성대,문래,5,1
20250528,낙성대,문래,6,3
20250528,낙성대,문래,7,35
20250528,낙성대,문래,8,73
20250528,낙성대,문래,9,24
20250528,낙성대,문래,10,12
20250528,낙성대,문래,11,5
20250528,낙성대,문래,12,9
20250528,낙성대,문래,13,10
20250528,낙성대,문래,14,2
20250528,낙성대,문래,15,5
20250528,낙성대,문래,16,8
20250528,낙성대,문래,17,8
20250528,낙성대,문래,18,17
20250528,낙성대,문래,19,6
20250528,낙성대,문래,20,4
20250528,낙성대,문래,21,6
20250528,낙성대,문래,22,1
20250528,낙성대,문래,23,2
20250528,낙성대,방배,0,1
20250528,낙성대,방배,5,17
20250528,낙성대,방배,6,13
20250528,낙성대,방배,7,56
20250528,낙성대,방배,8,152
20250528,낙성대,방배,9,85
20250528,낙성대,방배,10,53
20250528,낙성대,방배,11,39
20250528,낙성대,방배,12,60
20250528,낙성대,방배,13,23
20250528,낙성대,방배,14,42
20250528,낙성대,방배,15,34
20250528,낙성대,방배,16,13
20250528,낙성대,방배,17,25
20250528,낙성대,방배,18,34
20250528,낙성대,방배,19,33
20250528,낙성대,방배,20,19
20250528,낙성대,방배,21,15
20250528,낙성대,방배,22,1
20250528,낙성대,방배,23,6
20250528,낙성대,봉천,0,3
20250528,낙성대,봉천,5,4
20250528,낙성대,봉천,6,16
20250528,낙성대,봉천,7,35
20250528,낙성대,봉천,8,44
20250528,낙성대,봉천,9,48
20250528,낙성대,봉천,10,29
20250528,낙성대,봉천,11,38
20250528,낙성대,봉천,12,31
20250528,낙성대,봉천,13,45
20250528,낙성대,봉천,14,44
20250528,낙성대,봉천,15,45
20250528,낙성대,봉천,16,42
20250528,낙성대,봉천,17,50
20250528,낙성대,봉천,18,47
20250528,낙성대,봉천,19,40
20250528,낙성대,봉천,20,28
20250528,낙성대,봉천,21,25
20250528,낙성대,봉천,22,22
20250528,낙성대,봉천,23,6
20250528,낙성대,사당,0,6
20250528,낙성대,사당,5,11
20250528,낙성대,사당,6,42
20250528,낙성대,사당,7,93
20250528,낙성대,사당,8,86
20250528,낙성대,사당,9,58
20250528,낙성대,사당,10,51
20250528,낙성대,사당,11,52
20250528,낙성대,사당,12,39
20250528,낙성대,사당,13,32
20250528,낙성대,사당,14,34
20250528,낙성대,사당,15,44
20250528,낙성대,사당,16,37
20250528,낙성대,사당,17,78
20250528,낙성대,사당,18,89
20250528,낙성대,사당,19,58
20250528,낙성대,사당,20,22
20250528,낙성대,사당,21,31
20250528,낙성대,사당,22,18
20250528,낙성대,사당,23,14
20250528,낙성대,삼성(무역센터),0,4
20250528,낙성대,삼성(무역센터),5,27
20250528,낙성대,삼성(무역센터),6,64
20250528,낙성대,삼성(무역센터),7,187
20250528,낙성대,삼성(무역센터),8,303
20250528,낙성대,삼성(무역센터),9,177
20250528,낙성대,삼성(무역센터),10,73
20250528,낙성대,삼성(무역센터),11,32
20250528,낙성대,삼성(무역센터),12,31
20250528,낙성대,삼성(무역센터),13,35
20250528,낙성대,삼성(무역센터),14,22
20250528,낙성대,삼성(무역센터),15,25
20250528,낙성대,삼성(무역센터),16,22
20250528,낙성대,삼성(무역센터),17,23
20250528,낙성대,삼성(무역센터),18,23
20250528,낙성대,삼성(무역센터),19,21
20250528,낙성대,삼성(무역센터),20,12
20250528,낙성대,삼성(무역센터),21,4
20250528,낙성대,삼성(무역센터),22,3
20250528,낙성대,삼성(무역센터),23,3
20250528,낙성대,상왕십리,7,4
20250528,낙성대,상왕십리,8,1
20250528,낙성대,상왕십리,9,2
20250528,낙성대,상왕십리,12,1
20250528,낙성대,상왕십리,13,1
20250528,낙성대,상왕십리,14,1
20250528,낙성대,상왕십리,17,1
20250528,낙성대,상왕십리,18,1
20250528,낙성대,상왕십리,20,2
20250528,낙성대,서울대입구(관악구청),0,7
20250528,낙성대,서울대입구(관악구청),5,3
20250528,낙성대,서울대입구(관악구청),6,14
20250528,낙성대,서울대입구(관악구청),7,39
20250528,낙성대,서울대입구(관악구청),8,76
20250528,낙성대,서울대입구(관악구청),9,94
20250528,낙성대,서울대입구(관악구청),10,76
20250528,낙성대,서울대입구(관악구청),11,64
20250528,낙성대,서울대입구(관악구청),12,75
20250528,낙성대,서울대입구(관악구청),13,68
20250528,낙성대,서울대입구(관악구청),14,76
20250528,낙성대,서울대입구(관악구청),15,71
20250528,낙성대,서울대입구(관악구청),16,66
20250528,낙성대,서울대입구(관악구청),17,83
20250528,낙성대,서울대입구(관악구청),18,91
20250528,낙성대,서울대입구(관악구청),19,72
20250528,낙성대,서울대입구(관악구청),20,47
20250528,낙성대,서울대입구(관악구청),21,45
20250528,낙성대,서울대입구(관악구청),22,30
20250528,낙성대,서울대입구(관악구청),23,17
20250528,낙성대,서초,5,17
20250528,낙성대,서초,6,41
20250528,낙성대,서초,7,105
20250528,낙성대,서초,8,183
20250528,낙성대,서초,9,95
20250528,낙성대,서초,10,49
20250528,낙성대,서초,11,21
20250528,낙성대,서초,12,32
20250528,낙성대,서초,13,21
20250528,낙성대,서초,14,17
20250528,낙성대,서초,15,16
20250528,낙성대,서초,16,11
20250528,낙성대,서초,17,9
20250528,낙성대,서초,18,16
20250528,낙성대,서초,19,9
20250528,낙성대,서초,20,11
20250528,낙성대,서초,21,8
20250528,낙성대,서초,22,6
20250528,낙성대,서초,23,5
20250528,낙성대,선릉,0,1
20250528,낙성대,선릉,5,27
20250528,낙성대,선릉,6,57
20250528,낙성대,선릉,7,181
20250528,낙성대,선릉,8,308
20250528,낙성대,선릉,9,212
20250528,낙성대,선릉,10,75
20250528,낙성대,선릉,11,40
20250528,낙성대,선릉,12,42
20250528,낙성대,선릉,13,34
20250528,낙성대,선릉,14,40
20250528,낙성대,선릉,15,21
20250528,낙성대,선릉,16,19
20250528,낙성대,선릉,17,32
20250528,낙성대,선릉,18,26
20250528,낙성대,선릉,19,15
20250528,낙성대,선릉,20,13
20250528,낙성대,선릉,21,14
20250528,낙성대,선릉,22,6
20250528,낙성대,선릉,23,7
20250528,낙성대,성수,5,6
20250528,낙성대,성수,6,11
20250528,낙성대,성수,7,47
20250528,낙성대,성수,8,45
20250528,낙성대,성수,9,29
20250528,낙성대,성수,10,10
20250528,낙성대,성수,11,6
20250528,낙성대,성수,12,7
20250528,낙성대,성수,13,11
20250528,낙성대,성수,14,7
20250528,낙성대,성수,15,7
20250528,낙성대,성수,16,3
20250528,낙성대,성수,17,5
20250528,낙성대,성수,18,5
20250528,낙성대,성수,19,3
20250528,낙성대,성수,21,2
20250528,낙성대,성수,23,3
20250528,낙성대,시청,6,7
20250528,낙성대,시청,7,54
20250528,낙성대,시청,8,27
20250528,낙성대,시청,9,7
20250528,낙성대,시청,10,4
20250528,낙성대,시청,11,3
20250528,낙성대,시청,12,2
20250528,낙성대,시청,14,2
20250528,낙성대,시청,15,4
20250528,낙성대,시청,16,4
20250528,낙성대,시청,17,1
20250528,낙성대,시청,20,2
20250528,낙성대,시청,21,1
20250528,낙성대,신당,6,1
20250528,낙성대,신당,7,4
20250528,낙성대,신당,8,4
20250528,낙성대,신당,9,2
20250528,낙성대,신당,10,1
20250528,낙성대,신당,11,2
20250528,낙성대,신당,12,2
20250528,낙성대,신당,13,1
20250528,낙성대,신당,14,1
20250528,낙성대,신당,16,2
20250528,낙성대,신당,18,3
20250528,낙성대,신당,19,1
20250528,낙성대,신당,20,2
20250528,낙성대,신당,21,3
20250528,낙성대,신당,23,1
20250528,낙성대,신대방,0,1
20250528,낙성대,신대방,5,4
20250528,낙성대,신대방,6,7
20250528,낙성대,신대방,7,21
20250528,낙성대,신대방,8,25
20250528,낙성대,신대방,9,19
20250528,낙성대,신대방,10,16
20250528,낙성대,신대방,11,15
20250528,낙성대,신대방,12,17
20250528,낙성대,신대방,13,29
20250528,낙성대,신대방,14,21
20250528,낙성대,신대방,15,38
20250528,낙성대,신대방,16,26
20250528,낙성대,신대방,17,30
20250528,낙성대,신대방,18,55
20250528,낙성대,신대방,19,21
20250528,낙성대,신대방,20,25
20250528,낙성대,신대방,21,35
20250528,낙성대,신대방,22,16
20250528,낙성대,신대방,23,4
20250528,낙성대,신도림,0,4
20250528,낙성대,신도림,5,2
20250528,낙성대,신도림,6,7
20250528,낙성대,신도림,7,19
20250528,낙성대,신도림,8,44
20250528,낙성대,신도림,9,21
20250528,낙성대,신도림,10,9
20250528,낙성대,신도림,11,13
20250528,낙성대,신도림,12,14
20250528,낙성대,신도림,13,15
20250528,낙성대,신도림,14,17
20250528,낙성대,신도림,15,19
20250528,낙성대,신도림,16,19
20250528,낙성대,신도림,17,24
20250528,낙성대,신도림,18,38
20250528,낙성대,신도림,19,16
20250528,낙성대,신도림,20,15
20250528,낙성대,신도림,21,17
20250528,낙성대,신도림,22,12
20250528,낙성대,신도림,23,8
20250528,낙성대,신림,0,11
20250528,낙성대,신림,5,7
20250528,낙성대,신림,6,25
20250528,낙성대,신림,7,54
20250528,낙성대,신림,8,79
20250528,낙성대,신림,9,62
20250528,낙성대,신림,10,54
20250528,낙성대,신림,11,51
20250528,낙성대,신림,12,48
20250528,낙성대,신림,13,42
20250528,낙성대,신림,14,57
20250528,낙성대,신림,15,70
20250528,낙성대,신림,16,78
20250528,낙성대,신림,17,72
20250528,낙성대,신림,18,118
20250528,낙성대,신림,19,70
20250528,낙성대,신림,20,56
20250528,낙성대,신림,21,67
20250528,낙성대,신림,22,32
20250528,낙성대,신림,23,15
20250528,낙성대,신촌,0,2
20250528,낙성대,신촌,6,6
20250528,낙성대,신촌,7,23
20250528,낙성대,신촌,8,26
20250528,낙성대,신촌,9,25
20250528,낙성대,신촌,10,21
20250528,낙성대,신촌,11,18
20250528,낙성대,신촌,12,9
20250528,낙성대,신촌,13,18
20250528,낙성대,신촌,14,12
20250528,낙성대,신촌,15,10
20250528,낙성대,신촌,16,9
20250528,낙성대,신촌,17,10
20250528,낙성대,신촌,18,19
20250528,낙성대,신촌,19,5
20250528,낙성대,신촌,20,7
20250528,낙성대,신촌,21,5
20250528,낙성대,신촌,22,2
20250528,낙성대,신촌,23,1
20250528,낙성대,아현,5,1
20250528,낙성대,아현,6,2
20250528,낙성대,아현,7,4
20250528,낙성대,아현,8,6
20250528,낙성대,아현,9,4
20250528,낙성대,아현,10,4
20250528,낙성대,아현,11,1
20250528,낙성대,아현,12,1
20250528,낙성대,아현,13,1
20250528,낙성대,아현,14,4
20250528,낙성대,아현,15,4
20250528,낙성대,아현,16,2
20250528,낙성대,아현,17,3
20250528,낙성대,아현,18,3
20250528,낙성대,아현,19,2
20250528,낙성대,아현,20,3
20250528,낙성대,역삼,4,1
20250528,낙성대,역삼,5,26
20250528,낙성대,역삼,6,54
20250528,낙성대,역삼,7,226
20250528,낙성대,역삼,8,393
20250528,낙성대,역삼,9,276
20250528,낙성대,역삼,10,84
20250528,낙성대,역삼,11,44
20250528,낙성대,역삼,12,37
20250528,낙성대,역삼,13,29
20250528,낙성대,역삼,14,28
20250528,낙성대,역삼,15,21
20250528,낙성대,역삼,16,15
20250528,낙성대,역삼,17,24
20250528,낙성대,역삼,18,21
20250528,낙성대,역삼,19,13
20250528,낙성대,역삼,20,12
20250528,낙성대,역삼,21,8
20250528,낙성대,역삼,22,3
20250528,낙성대,역삼,23,3
20250528,낙성대,영등포구청,0,1
20250528,낙성대,영등포구청,6,7
20250528,낙성대,영등포구청,7,24
20250528,낙성대,영등포구청,8,57
20250528,낙성대,영등포구청,9,20
20250528,낙성대,영등포구청,10,4
20250528,낙성대,영등포구청,11,9
20250528,낙성대,영등포구청,12,8
20250528,낙성대,영등포구청,13,7
20250528,낙성대,영등포구청,14,8
20250528,낙성대,영등포구청,15,6
20250528,낙성대,영등포구청,16,6
20250528,낙성대,영등포구청,17,7
20250528,낙성대,영등포구청,18,13
20250528,낙성대,영등포구청,19,5
20250528,낙성대,영등포구청,20,3
20250528,낙성대,영등포구청,21,5
20250528,낙성대,영등포구청,22,5
20250528,낙성대,영등포구청,23,2
20250528,낙성대,왕십리(성동구청),7,3
20250528,낙성대,왕십리(성동구청),8,2
20250528,낙성대,왕십리(성동구청),9,1
20250528,낙성대,왕십리(성동구청),11,3
20250528,낙성대,왕십리(성동구청),13,1
20250528,낙성대,왕십리(성동구청),15,1
20250528,낙성대,왕십리(성동구청),16,3
20250528,낙성대,왕십리(성동구청),17,2
20250528,낙성대,왕십리(성동구청),18,3
20250528,낙성대,왕십리(성동구청),21,1
20250528,낙성대,왕십리(성동구청),22,1
20250528,낙성대,왕십리(성동구청),23,1
20250528,낙성대,용두(동대문구청),6,1
20250528,낙성대,용두(동대문구청),9,1
20250528,낙성대,용두(동대문구청),10,1
20250528,낙성대,용두(동대문구청),12,4
20250528,낙성대,용두(동대문구청),13,1
20250528,낙성대,용두(동대문구청),15,1
20250528,낙성대,용두(동대문구청),16,1
20250528,낙성대,용두(동대문구청),17,2
20250528,낙성대,용두(동대문구청),19,1
20250528,낙성대,용두(동대문구청),22,1
20250528,낙성대,을지로3가,6,5
20250528,낙성대,을지로3가,7,19
20250528,낙성대,을지로3가,8,10
20250528,낙성대,을지로3가,9,2
20250528,낙성대,을지로3가,10,1
20250528,낙성대,을지로3가,12,3
20250528,낙성대,을지로3가,13,5
20250528,낙성대,을지로3가,14,2
20250528,낙성대,을지로3가,15,1
20250528,낙성대,을지로3가,16,3
20250528,낙성대,을지로3가,17,1
20250528,낙성대,을지로3가,18,3
20250528,낙성대,을지로3가,19,2
20250528,낙성대,을지로4가,6,6
20250528,낙성대,을지로4가,7,9
20250528,낙성대,을지로4가,8,5
20250528,낙성대,을지로4가,9,4
20250528,낙성대,을지로4가,10,3
20250528,낙성대,을지로4가,12,3
20250528,낙성대,을지로4가,13,3
20250528,낙성대,을지로4가,14,1
20250528,낙성대,을지로4가,15,2
20250528,낙성대,을지로4가,19,1
20250528,낙성대,을지로입구,6,13
20250528,낙성대,을지로입구,7,50
20250528,낙성대,을지로입구,8,40
20250528,낙성대,을지로입구,9,8
20250528,낙성대,을지로입구,10,5
20250528,낙성대,을지로입구,11,3
20250528,낙성대,을지로입구,12,3
20250528,낙성대,을지로입구,13,3
20250528,낙성대,을지로입구,14,1
20250528,낙성대,을지로입구,15,3
20250528,낙성대,을지로입구,18,4
20250528,낙성대,이대,5,1
20250528,낙성대,이대,6,1
20250528,낙성대,이대,7,11
20250528,낙성대,이대,8,16
20250528,낙성대,이대,9,9
20250528,낙성대,이대,10,4
20250528,낙성대,이대,11,9
20250528,낙성대,이대,12,5
20250528,낙성대,이대,13,10
20250528,낙성대,이대,14,4
20250528,낙성대,이대,15,5
20250528,낙성대,이대,16,4
20250528,낙성대,이대,17,3
20250528,낙성대,이대,18,12
20250528,낙성대,이대,19,4
20250528,낙성대,이대,21,5
20250528,낙성대,이대,22,2
20250528,낙성대,잠실(송파구청),0,3
20250528,낙성대,잠실(송파구청),5,7
20250528,낙성대,잠실(송파구청),6,19
20250528,낙성대,잠실(송파구청),7,76
20250528,낙성대,잠실(송파구청),8,84
20250528,낙성대,잠실(송파구청),9,72
20250528,낙성대,잠실(송파구청),10,17
20250528,낙성대,잠실(송파구청),11,26
20250528,낙성대,잠실(송파구청),12,22
20250528,낙성대,잠실(송파구청),13,28
20250528,낙성대,잠실(송파구청),14,21
20250528,낙성대,잠실(송파구청),15,27
20250528,낙성대,잠실(송파구청),16,38
20250528,낙성대,잠실(송파구청),17,30
20250528,낙성대,잠실(송파구청),18,66
20250528,낙성대,잠실(송파구청),19,20
20250528,낙성대,잠실(송파구청),20,27
20250528,낙성대,잠실(송파구청),21,21
20250528,낙성대,잠실(송파구청),22,13
20250528,낙성대,잠실(송파구청),23,4
20250528,낙성대,잠실나루,0,1
20250528,낙성대,잠실나루,5,4
20250528,낙성대,잠실나루,6,5
20250528,낙성대,잠실나루,7,6
20250528,낙성대,잠실나루,8,10
20250528,낙성대,잠실나루,9,9
20250528,낙성대,잠실나루,10,2
20250528,낙성대,잠실나루,11,1
20250528,낙성대,잠실나루,12,3
20250528,낙성대,잠실나루,13,2
20250528,낙성대,잠실나루,14,6
20250528,낙성대,잠실나루,15,5
20250528,낙성대,잠실나루,16,4
20250528,낙성대,잠실나루,17,4
20250528,낙성대,잠실나루,18,4
20250528,낙성대,잠실나루,19,8
20250528,낙성대,잠실나루,20,5
20250528,낙성대,잠실나루,21,5
20250528,낙성대,잠실나루,22,2
20250528,낙성대,잠실나루,23,1
20250528,낙성대,잠실새내,0,2
20250528,낙성대,잠실새내,5,1
20250528,낙성대,잠실새내,6,3
20250528,낙성대,잠실새내,7,6
20250528,낙성대,잠실새내,8,15
20250528,낙성대,잠실새내,9,10
20250528,낙성대,잠실새내,10,5
20250528,낙성대,잠실새내,11,3
20250528,낙성대,잠실새내,12,2
20250528,낙성대,잠실새내,13,7
20250528,낙성대,잠실새내,14,5
20250528,낙성대,잠실새내,15,15
20250528,낙성대,잠실새내,16,11
20250528,낙성대,잠실새내,17,14
20250528,낙성대,잠실새내,18,14
20250528,낙성대,잠실새내,19,10
20250528,낙성대,잠실새내,20,12
20250528,낙성대,잠실새내,21,3
20250528,낙성대,잠실새내,22,4
20250528,낙성대,잠실새내,23,8
20250528,낙성대,종합운동장,5,2
20250528,낙성대,종합운동장,6,3
20250528,낙성대,종합운동장,7,15
20250528,낙성대,종합운동장,8,14
20250528,낙성대,종합운동장,9,10
20250528,낙성대,종합운동장,10,5
20250528,낙성대,종합운동장,11,2
20250528,낙성대,종합운동장,12,1
20250528,낙성대,종합운동장,13,7
20250528,낙성대,종합운동장,14,1
20250528,낙성대,종합운동장,15,5
20250528,낙성대,종합운동장,16,14
20250528,낙성대,종합운동장,17,34
20250528,낙성대,종합운동장,18,29
20250528,낙성대,종합운동장,19,3
20250528,낙성대,종합운동장,20,7
20250528,낙성대,종합운동장,21,6
20250528,낙성대,종합운동장,22,2
20250528,낙성대,종합운동장,23,3
20250528,낙성대,충정로(경기대입구),6,2
20250528,낙성대,충정로(경기대입구),7,22
20250528,낙성대,충정로(경기대입구),8,16
20250528,낙성대,충정로(경기대입구),9,2
20250528,낙성대,충정로(경기대입구),10,1
20250528,낙성대,충정로(경기대입구),12,6
20250528,낙성대,충정로(경기대입구),13,2
20250528,낙성대,충정로(경기대입구),14,2
20250528,낙성대,충정로(경기대입구),16,1
20250528,낙성대,충정로(경기대입구),20,3
20250528,낙성대,충정로(경기대입구),22,1
20250528,낙성대,한양대,5,1
20250528,낙성대,한양대,7,10
20250528,낙성대,한양대,8,9
20250528,낙성대,한양대,9,7
20250528,낙성대,한양대,10,3
20250528,낙성대,한양대,11,1
20250528,낙성대,한양대,12,6
20250528,낙성대,한양대,13,1
20250528,낙성대,한양대,14,2
20250528,낙성대,한양대,15,5
20250528,낙성대,한양대,16,3
20250528,낙성대,한양대,17,5
20250528,낙성대,한양대,18,2
20250528,낙성대,한양대,19,1
20250528,낙성대,한양대,20,1
20250528,낙성대,한양대,21,2
20250528,낙성대,한양대,22,1
20250528,낙성대,합정,0,1
20250528,낙성대,합정,6,7
20250528,낙성대,합정,7,23
20250528,낙성대,합정,8,59
20250528,낙성대,합정,9,36
20250528,낙성대,합정,10,17
20250528,낙성대,합정,11,12
20250528,낙성대,합정,12,11
20250528,낙성대,합정,13,6
20250528,낙성대,합정,14,7
20250528,낙성대,합정,15,12
20250528,낙성대,합정,16,9
20250528,낙성대,합정,17,24
20250528,낙성대,합정,18,43
20250528,낙성대,합정,19,12
20250528,낙성대,합정,20,11
20250528,낙성대,합정,21,6
20250528,낙성대,합정,22,5
20250528,낙성대,합정,23,2
20250528,낙성대,홍대입구,0,1
20250528,낙성대,홍대입구,6,5
20250528,낙성대,홍대입구,7,35
20250528,낙성대,홍대입구,8,44
20250528,낙성대,홍대입구,9,31
20250528,낙성대,홍대입구,10,33
20250528,낙성대,홍대입구,11,17
20250528,낙성대,홍대입구,12,29
20250528,낙성대,홍대입구,13,19
20250528,낙성대,홍대입구,14,21
20250528,낙성대,홍대입구,15,23
20250528,낙성대,홍대입구,16,25
20250528,낙성대,홍대입구,17,20
20250528,낙성대,홍대입구,18,37
20250528,낙성대,홍대입구,19,10
20250528,낙성대,홍대입구,20,13
20250528,낙성대,홍대입구,21,8
20250528,낙성대,홍대입구,22,10
20250528,낙성대,홍대입구,23,3
20250528,당산,강남,0,1
20250528,당산,강남,5,8
20250528,당산,강남,6,24
20250528,당산,강남,7,41
20250528,당산,강남,8,24
20250528,당산,강남,9,36
20250528,당산,강남,10,15
20250528,당산,강남,11,7
20250528,당산,강남,12,12
20250528,당산,강남,13,6
20250528,당산,강남,14,10
20250528,당산,강남,15,13
20250528,당산,강남,16,10
20250528,당산,강남,17,14
20250528,당산,강남,18,9
20250528,당산,강남,19,7
20250528,당산,강남,20,2
20250528,당산,강남,23,1
20250528,당산,강변(동서울터미널),5,5
20250528,당산,강변(동서울터미널),6,5
20250528,당산,강변(동서울터미널),7,4
20250528,당산,강변(동서울터미널),8,8
20250528,당산,강변(동서울터미널),9,5
20250528,당산,강변(동서울터미널),10,5
20250528,당산,강변(동서울터미널),11,4
20250528,당산,강변(동서울터미널),12,3
20250528,당산,강변(동서울터미널),13,2
20250528,당산,강변(동서울터미널),14,9
20250528,당산,강변(동서울터미널),16,3
20250528,당산,강변(동서울터미널),17,7
20250528,당산,강변(동서울터미널),18,6
20250528,당산,강변(동서울터미널),19,3
20250528,당산,강변(동서울터미널),20,7
20250528,당산,강변(동서울터미널),21,1
20250528,당산,강변(동서울터미널),22,1
20250528,당산,강변(동서울터미널),23,1
20250528,당산,건대입구,0,1
20250528,당산,건대입구,5,1
20250528,당산,건대입구,6,3
20250528,당산,건대입구,7,13
20250528,당산,건대입구,8,17
20250528,당산,건대입구,9,20
20250528,당산,건대입구,10,9
20250528,당산,건대입구,11,11
20250528,당산,건대입구,12,8
20250528,당산,건대입구,13,6
20250528,당산,건대입구,14,5
20250528,당산,건대입구,15,7
20250528,당산,건대입구,16,6
20250528,당산,건대입구,17,12
20250528,당산,건대입구,18,19
20250528,당산,건대입구,19,5
20250528,당산,건대입구,20,7
20250528,당산,건대입구,21,4
20250528,당산,건대입구,22,8
20250528,당산,건대입구,23,1
20250528,당산,교대(법원.검찰청),5,2
20250528,당산,교대(법원.검찰청),6,7
20250528,당산,교대(법원.검찰청),7,14
20250528,당산,교대(법원.검찰청),8,17
20250528,당산,교대(법원.검찰청),9,9
20250528,당산,교대(법원.검찰청),10,5
20250528,당산,교대(법원.검찰청),11,10
20250528,당산,교대(법원.검찰청),12,9
20250528,당산,교대(법원.검찰청),13,8
20250528,당산,교대(법원.검찰청),14,3
20250528,당산,교대(법원.검찰청),15,8
20250528,당산,교대(법원.검찰청),16,1
20250528,당산,교대(법원.검찰청),17,6
20250528,당산,교대(법원.검찰청),18,7
20250528,당산,교대(법원.검찰청),20,5
20250528,당산,교대(법원.검찰청),22,1
20250528,당산,구로디지털단지,0,8
20250528,당산,구로디지털단지,5,18
20250528,당산,구로디지털단지,6,44
20250528,당산,구로디지털단지,7,131
20250528,당산,구로디지털단지,8,185
20250528,당산,구로디지털단지,9,101
20250528,당산,구로디지털단지,10,39
20250528,당산,구로디지털단지,11,36
20250528,당산,구로디지털단지,12,27
20250528,당산,구로디지털단지,13,29
20250528,당산,구로디지털단지,14,25
20250528,당산,구로디지털단지,15,39
20250528,당산,구로디지털단지,16,38
20250528,당산,구로디지털단지,17,70
20250528,당산,구로디지털단지,18,121
20250528,당산,구로디지털단지,19,66
20250528,당산,구로디지털단지,20,44
20250528,당산,구로디지털단지,21,48
20250528,당산,구로디지털단지,22,37
20250528,당산,구로디지털단지,23,30
20250528,당산,구의(광진구청),5,3
20250528,당산,구의(광진구청),6,4
20250528,당산,구의(광진구청),7,11
20250528,당산,구의(광진구청),8,9
20250528,당산,구의(광진구청),9,5
20250528,당산,구의(광진구청),10,2
20250528,당산,구의(광진구청),12,6
20250528,당산,구의(광진구청),13,2
20250528,당산,구의(광진구청),14,5
20250528,당산,구의(광진구청),15,5
20250528,당산,구의(광진구청),16,5
20250528,당산,구의(광진구청),17,21
20250528,당산,구의(광진구청),18,16
20250528,당산,구의(광진구청),19,14
20250528,당산,구의(광진구청),20,2
20250528,당산,구의(광진구청),21,4
20250528,당산,구의(광진구청),22,8
20250528,당산,구의(광진구청),23,1
20250528,당산,낙성대,5,5
20250528,당산,낙성대,6,5
20250528,당산,낙성대,7,23
20250528,당산,낙성대,8,16
20250528,당산,낙성대,9,14
20250528,당산,낙성대,10,8
20250528,당산,낙성대,11,6
20250528,당산,낙성대,12,5
20250528,당산,낙성대,13,6
20250528,당산,낙성대,14,2
20250528,당산,낙성대,15,3
20250528,당산,낙성대,16,12
20250528,당산,낙성대,17,21
20250528,당산,낙성대,18,26
20250528,당산,낙성대,19,14
20250528,당산,낙성대,20,9
20250528,당산,낙성대,21,8
20250528,당산,낙성대,22,10
20250528,당산,낙성대,23,8
20250528,당산,당산,0,3
20250528,당산,당산,5,7
20250528,당산,당산,6,13
20250528,당산,당산,7,17
20250528,당산,당산,8,17
20250528,당산,당산,9,18
20250528,당산,당산,10,16
20250528,당산,당산,11,13
20250528,당산,당산,12,15
20250528,당산,당산,13,12
20250528,당산,당산,14,19
20250528,당산,당산,15,24
20250528,당산,당산,16,14
20250528,당산,당산,17,27
20250528,당산,당산,18,36
20250528,당산,당산,19,31
20250528,당산,당산,20,36
20250528,당산,당산,21,31
20250528,당산,당산,22,17
20250528,당산,당산,23,18
20250528,당산,대림(구로구청),0,3
20250528,당산,대림(구로구청),5,4
20250528,당산,대림(구로구청),6,5
20250528,당산,대림(구로구청),7,31
20250528,당산,대림(구로구청),8,42
20250528,당산,대림(구로구청),9,23
20250528,당산,대림(구로구청),10,21
20250528,당산,대림(구로구청),11,18
20250528,당산,대림(구로구청),12,17
20250528,당산,대림(구로구청),13,13
20250528,당산,대림(구로구청),14,19
20250528,당산,대림(구로구청),15,35
20250528,당산,대림(구로구청),16,37
20250528,당산,대림(구로구청),17,33
20250528,당산,대림(구로구청),18,30
20250528,당산,대림(구로구청),19,26
20250528,당산,대림(구로구청),20,19
20250528,당산,대림(구로구청),21,30
20250528,당산,대림(구로구청),22,17
20250528,당산,대림(구로구청),23,11
20250528,당산,동대문역사문화공원,5,3
20250528,당산,동대문역사문화공원,6,4
20250528,당산,동대문역사문화공원,7,29
20250528,당산,동대문역사문화공원,8,18
20250528,당산,동대문역사문화공원,9,27
20250528,당산,동대문역사문화공원,10,7
20250528,당산,동대문역사문화공원,11,10
20250528,당산,동대문역사문화공원,12,14
20250528,당산,동대문역사문화공원,13,8
20250528,당산,동대문역사문화공원,14,5
20250528,당산,동대문역사문화공원,15,10
20250528,당산,동대문역사문화공원,16,5
20250528,당산,동대문역사문화공원,17,6
20250528,당산,동대문역사문화공원,18,5
20250528,당산,동대문역사문화공원,19,10
20250528,당산,동대문역사문화공원,20,6
20250528,당산,동대문역사문화공원,21,3
20250528,당산,동대문역사문화공원,22,4
20250528,당산,동대문역사문화공원,23,2
20250528,당산,뚝섬,5,3
20250528,당산,뚝섬,6,11
20250528,당산,뚝섬,7,20
20250528,당산,뚝섬,8,36
20250528,당산,뚝섬,9,22
20250528,당산,뚝섬,10,11
20250528,당산,뚝섬,11,9
20250528,당산,뚝섬,12,7
20250528,당산,뚝섬,13,6
20250528,당산,뚝섬,14,3
20250528,당산,뚝섬,15,3
20250528,당산,뚝섬,16,13
20250528,당산,뚝섬,17,5
20250528,당산,뚝섬,18,9
20250528,당산,뚝섬,19,7
20250528,당산,뚝섬,20,2
20250528,당산,뚝섬,21,4
20250528,당산,뚝섬,22,2
20250528,당산,뚝섬,23,1
20250528,당산,문래,0,1
20250528,당산,문래,5,5
20250528,당산,문래,6,17
20250528,당산,문래,7,40
20250528,당산,문래,8,100
20250528,당산,문래,9,37
20250528,당산,문래,10,25
20250528,당산,문래,11,17
20250528,당산,문래,12,23
20250528,당산,문래,13,13
20250528,당산,문래,14,14
20250528,당산,문래,15,28
20250528,당산,문래,16,24
20250528,당산,문래,17,21
20250528,당산,문래,18,34
20250528,당산,문래,19,14
20250528,당산,문래,20,14
20250528,당산,문래,21,15
20250528,당산,문래,22,12
20250528,당산,문래,23,3
20250528,당산,방배,5,1
20250528,당산,방배,6,12
20250528,당산,방배,7,31
20250528,당산,방배,8,23
20250528,당산,방배,9,14
20250528,당산,방배,10,12
20250528,당산,방배,11,12
20250528,당산,방배,12,16
20250528,당산,방배,13,11
20250528,당산,방배,14,12
20250528,당산,방배,15,4
20250528,당산,방배,16,3
20250528,당산,방배,17,6
20250528,당산,방배,18,5
20250528,당산,방배,19,4
20250528,당산,방배,20,5
20250528,당산,방배,22,4
20250528,당산,방배,23,2
20250528,당산,봉천,0,6
20250528,당산,봉천,5,1
20250528,당산,봉천,6,5
20250528,당산,봉천,7,11
20250528,당산,봉천,8,11
20250528,당산,봉천,9,2
20250528,당산,봉천,10,3
20250528,당산,봉천,11,6
20250528,당산,봉천,12,7
20250528,당산,봉천,13,12
20250528,당산,봉천,14,10
20250528,당산,봉천,15,9
20250528,당산,봉천,16,8
20250528,당산,봉천,17,19
20250528,당산,봉천,18,22
20250528,당산,봉천,19,16
20250528,당산,봉천,20,5
20250528,당산,봉천,21,11
20250528,당산,봉천,22,12
20250528,당산,봉천,23,8
20250528,당산,사당,5,7
20250528,당산,사당,6,12
20250528,당산,사당,7,24
20250528,당산,사당,8,22
20250528,당산,사당,9,9
20250528,당산,사당,10,15
20250528,당산,사당,11,13
20250528,당산,사당,12,15
20250528,당산,사당,13,10
20250528,당산,사당,14,10
20250528,당산,사당,15,8
20250528,당산,사당,16,14
20250528,당산,사당,17,32
20250528,당산,사당,18,38
20250528,당산,사당,19,8
20250528,당산,사당,20,8
20250528,당산,사당,21,13
20250528,당산,사당,22,10
20250528,당산,사당,23,9
20250528,당산,삼성(무역센터),0,1
20250528,당산,삼성(무역센터),5,4
20250528,당산,삼성(무역센터),6,10
20250528,당산,삼성(무역센터),7,29
20250528,당산,삼성(무역센터),8,20
20250528,당산,삼성(무역센터),9,15
20250528,당산,삼성(무역센터),10,7
20250528,당산,삼성(무역센터),11,4
20250528,당산,삼성(무역센터),12,4
20250528,당산,삼성(무역센터),13,2
20250528,당산,삼성(무역센터),14,1
20250528,당산,삼성(무역센터),15,4
20250528,당산,삼성(무역센터),16,2
20250528,당산,삼성(무역센터),17,1
20250528,당산,삼성(무역센터),18,2
20250528,당산,삼성(무역센터),20,1
20250528,당산,상왕십리,0,1
20250528,당산,상왕십리,5,3
20250528,당산,상왕십리,6,3
20250528,당산,상왕십리,7,12
20250528,당산,상왕십리,8,8
20250528,당산,상왕십리,9,5
20250528,당산,상왕십리,10,1
20250528,당산,상왕십리,11,3
20250528,당산,상왕십리,12,3
20250528,당산,상왕십리,13,3
20250528,당산,상왕십리,14,1
20250528,당산,상왕십리,15,8
20250528,당산,상왕십리,16,8
20250528,당산,상왕십리,17,13
20250528,당산,상왕십리,18,11
20250528,당산,상왕십리,19,8
20250528,당산,상왕십리,20,3
20250528,당산,상왕십리,21,9
20250528,당산,상왕십리,22,5
20250528,당산,상왕십리,23,3
20250528,당산,서울대입구(관악구청),0,2
20250528,당산,서울대입구(관악구청),5,3
20250528,당산,서울대입구(관악구청),6,10
20250528,당산,서울대입구(관악구청),7,21
20250528,당산,서울대입구(관악구청),8,28
20250528,당산,서울대입구(관악구청),9,35
20250528,당산,서울대입구(관악구청),10,31
20250528,당산,서울대입구(관악구청),11,30
20250528,당산,서울대입구(관악구청),12,12
20250528,당산,서울대입구(관악구청),13,13
20250528,당산,서울대입구(관악구청),14,6
20250528,당산,서울대입구(관악구청),15,20
20250528,당산,서울대입구(관악구청),16,17
20250528,당산,서울대입구(관악구청),17,25
20250528,당산,서울대입구(관악구청),18,38
20250528,당산,서울대입구(관악구청),19,21
20250528,당산,서울대입구(관악구청),20,25
20250528,당산,서울대입구(관악구청),21,26
20250528,당산,서울대입구(관악구청),22,18
20250528,당산,서울대입구(관악구청),23,12
20250528,당산,서초,5,3
20250528,당산,서초,6,8
20250528,당산,서초,7,25
20250528,당산,서초,8,30
20250528,당산,서초,9,10
20250528,당산,서초,10,8
20250528,당산,서초,11,6
20250528,당산,서초,12,6
20250528,당산,서초,13,3
20250528,당산,서초,14,3
20250528,당산,서초,15,2
20250528,당산,서초,16,1
20250528,당산,서초,17,10
20250528,당산,서초,18,4
20250528,당산,서초,19,1
20250528,당산,서초,21,1
20250528,당산,서초,23,2
20250528,당산,선릉,0,1
20250528,당산,선릉,5,6
20250528,당산,선릉,6,19
20250528,당산,선릉,7,29
20250528,당산,선릉,8,23
20250528,당산,선릉,9,8
20250528,당산,선릉,10,4
20250528,당산,선릉,11,9
20250528,당산,선릉,12,8
20250528,당산,선릉,13,2
20250528,당산,선릉,14,6
20250528,당산,선릉,15,6
20250528,당산,선릉,16,2
20250528,당산,선릉,17,4
20250528,당산,선릉,18,1
20250528,당산,선릉,21,2
20250528,당산,성수,5,10
20250528,당산,성수,6,19
20250528,당산,성수,7,58
20250528,당산,성수,8,63
20250528,당산,성수,9,28
20250528,당산,성수,10,19
20250528,당산,성수,11,8
20250528,당산,성수,12,8
20250528,당산,성수,13,11
20250528,당산,성수,14,11
20250528,당산,성수,15,7
20250528,당산,성수,16,3
20250528,당산,성수,17,10
20250528,당산,성수,18,5
20250528,당산,성수,19,3
20250528,당산,성수,20,1
20250528,당산,성수,22,2
20250528,당산,성수,23,3
20250528,당산,시청,5,10
20250528,당산,시청,6,40
20250528,당산,시청,7,173
20250528,당산,시청,8,291
20250528,당산,시청,9,76
20250528,당산,시청,10,30
20250528,당산,시청,11,20
20250528,당산,시청,12,25
20250528,당산,시청,13,17
20250528,당산,시청,14,12
20250528,당산,시청,15,17
20250528,당산,시청,16,9
20250528,당산,시청,17,14
20250528,당산,시청,18,15
20250528,당산,시청,19,2
20250528,당산,시청,20,4
20250528,당산,시청,21,4
20250528,당산,시청,22,2
20250528,당산,신당,5,2
20250528,당산,신당,6,2
20250528,당산,신당,7,9
20250528,당산,신당,8,10
20250528,당산,신당,9,3
20250528,당산,신당,10,3
20250528,당산,신당,11,6
20250528,당산,신당,12,6
20250528,당산,신당,13,5
20250528,당산,신당,14,3
20250528,당산,신당,15,6
20250528,당산,신당,16,5
20250528,당산,신당,17,15
20250528,당산,신당,18,16
20250528,당산,신당,19,5
20250528,당산,신당,20,6
20250528,당산,신당,21,7
20250528,당산,신당,22,5
20250528,당산,신당,23,5
20250528,당산,신대방,0,1
20250528,당산,신대방,5,3
20250528,당산,신대방,6,8
20250528,당산,신대방,7,19
20250528,당산,신대방,8,7
20250528,당산,신대방,9,12
20250528,당산,신대방,10,9
20250528,당산,신대방,11,12
20250528,당산,신대방,12,10
20250528,당산,신대방,13,10
20250528,당산,신대방,14,6
20250528,당산,신대방,15,19
20250528,당산,신대방,16,19
20250528,당산,신대방,17,35
20250528,당산,신대방,18,63
20250528,당산,신대방,19,28
20250528,당산,신대방,20,19
20250528,당산,신대방,21,20
20250528,당산,신대방,22,17
20250528,당산,신대방,23,9
20250528,당산,신도림,0,8
20250528,당산,신도림,5,8
20250528,당산,신도림,6,16
20250528,당산,신도림,7,49
20250528,당산,신도림,8,54
20250528,당산,신도림,9,27
20250528,당산,신도림,10,31
20250528,당산,신도림,11,18
20250528,당산,신도림,12,24
20250528,당산,신도림,13,23
20250528,당산,신도림,14,22
20250528,당산,신도림,15,31
20250528,당산,신도림,16,50
20250528,당산,신도림,17,47
20250528,당산,신도림,18,77
20250528,당산,신도림,19,43
20250528,당산,신도림,20,27
20250528,당산,신도림,21,19
20250528,당산,신도림,22,25
20250528,당산,신도림,23,24
20250528,당산,신림,0,3
20250528,당산,신림,5,2
20250528,당산,신림,6,8
20250528,당산,신림,7,26
20250528,당산,신림,8,25
20250528,당산,신림,9,18
20250528,당산,신림,10,16
20250528,당산,신림,11,16
20250528,당산,신림,12,15
20250528,당산,신림,13,16
20250528,당산,신림,14,18
20250528,당산,신림,15,18
20250528,당산,신림,16,26
20250528,당산,신림,17,45
20250528,당산,신림,18,85
20250528,당산,신림,19,37
20250528,당산,신림,20,44
20250528,당산,신림,21,35
20250528,당산,신림,22,28
20250528,당산,신림,23,22
20250528,당산,신촌,0,2
20250528,당산,신촌,6,21
20250528,당산,신촌,7,38
20250528,당산,신촌,8,75
20250528,당산,신촌,9,66
20250528,당산,신촌,10,34
20250528,당산,신촌,11,37
20250528,당산,신촌,12,15
20250528,당산,신촌,13,28
20250528,당산,신촌,14,12
20250528,당산,신촌,15,18
20250528,당산,신촌,16,12
20250528,당산,신촌,17,31
20250528,당산,신촌,18,37
20250528,당산,신촌,19,23
20250528,당산,신촌,20,15
20250528,당산,신촌,21,16
20250528,당산,신촌,22,13
20250528,당산,신촌,23,4
20250528,당산,아현,0,3
20250528,당산,아현,5,2
20250528,당산,아현,6,4
20250528,당산,아현,7,13
20250528,당산,아현,8,6
20250528,당산,아현,9,8
20250528,당산,아현,10,6
20250528,당산,아현,11,7
20250528,당산,아현,12,2
20250528,당산,아현,13,5
20250528,당산,아현,14,5
20250528,당산,아현,15,3
20250528,당산,아현,16,10
20250528,당산,아현,17,8
20250528,당산,아현,18,14
20250528,당산,아현,19,7
20250528,당산,아현,20,6
20250528,당산,아현,21,7
20250528,당산,아현,22,11
20250528,당산,아현,23,3
20250528,당산,역삼,0,1
20250528,당산,역삼,5,8
20250528,당산,역삼,6,41
20250528,당산,역삼,7,71
20250528,당산,역삼,8,63
20250528,당산,역삼,9,42
20250528,당산,역삼,10,20
20250528,당산,역삼,11,13
20250528,당산,역삼,12,11
20250528,당산,역삼,13,7
20250528,당산,역삼,14,3
20250528,당산,역삼,15,2
20250528,당산,역삼,16,3
20250528,당산,역삼,17,6
20250528,당산,역삼,18,2
20250528,당산,역삼,19,1
20250528,당산,역삼,20,2
20250528,당산,역삼,22,2
20250528,당산,역삼,23,1
20250528,당산,영등포구청,0,1
20250528,당산,영등포구청,5,4
20250528,당산,영등포구청,6,1
20250528,당산,영등포구청,7,20
20250528,당산,영등포구청,8,38
20250528,당산,영등포구청,9,20
20250528,당산,영등포구청,10,11
20250528,당산,영등포구청,11,19
20250528,당산,영등포구청,12,10
20250528,당산,영등포구청,13,11
20250528,당산,영등포구청,14,12
20250528,당산,영등포구청,15,14
20250528,당산,영등포구청,16,19
20250528,당산,영등포구청,17,29
20250528,당산,영등포구청,18,19
20250528,당산,영등포구청,19,7
20250528,당산,영등포구청,20,5
20250528,당산,영등포구청,21,8
20250528,당산,영등포구청,22,5
20250528,당산,영등포구청,23,3
20250528,당산,왕십리(성동구청),0,1
20250528,당산,왕십리(성동구청),5,1
20250528,당산,왕십리(성동구청),6,2
20250528,당산,왕십리(성동구청),7,6
20250528,당산,왕십리(성동구청),8,7
20250528,당산,왕십리(성동구청),9,7
20250528,당산,왕십리(성동구청),10,4
20250528,당산,왕십리(성동구청),11,3
20250528,당산,왕십리(성동구청),12,2
20250528,당산,왕십리(성동구청),13,2
20250528,당산,왕십리(성동구청),14,3
20250528,당산,왕십리(성동구청),15,6
20250528,당산,왕십리(성동구청),16,7
20250528,당산,왕십리(성동구청),17,9
20250528,당산,왕십리(성동구청),18,8
20250528,당산,왕십리(성동구청),19,4
20250528,당산,왕십리(성동구청),20,2
20250528,당산,왕십리(성동구청),21,3
20250528,당산,왕십리(성동구청),22,5
20250528,당산,용두(동대문구청),22,1
20250528,당산,을지로3가,5,11
20250528,당산,을지로3가,6,34
20250528,당산,을지로3가,7,118
20250528,당산,을지로3가,8,154
20250528,당산,을지로3가,9,26
20250528,당산,을지로3가,10,17
20250528,당산,을지로3가,11,8
20250528,당산,을지로3가,12,10
20250528,당산,을지로3가,13,8
20250528,당산,을지로3가,14,6
20250528,당산,을지로3가,15,5
20250528,당산,을지로3가,16,14
20250528,당산,을지로3가,17,11
20250528,당산,을지로3가,18,22
20250528,당산,을지로3가,19,3
20250528,당산,을지로3가,20,2
20250528,당산,을지로3가,22,4
20250528,당산,을지로3가,23,1
20250528,당산,을지로4가,5,4
20250528,당산,을지로4가,6,19
20250528,당산,을지로4가,7,56
20250528,당산,을지로4가,8,46
20250528,당산,을지로4가,9,16
20250528,당산,을지로4가,10,11
20250528,당산,을지로4가,11,14
20250528,당산,을지로4가,12,7
20250528,당산,을지로4가,13,13
20250528,당산,을지로4가,14,11
20250528,당산,을지로4가,15,3
20250528,당산,을지로4가,16,7
20250528,당산,을지로4가,17,9
20250528,당산,을지로4가,18,2
20250528,당산,을지로4가,19,4
20250528,당산,을지로4가,20,2
20250528,당산,을지로4가,21,1
20250528,당산,을지로4가,22,3
20250528,당산,을지로4가,23,2
20250528,당산,을지로입구,0,2
20250528,당산,을지로입구,5,21
20250528,당산,을지로입구,6,75
20250528,당산,을지로입구,7,302
20250528,당산,을지로입구,8,378
20250528,당산,을지로입구,9,112
20250528,당산,을지로입구,10,49
20250528,당산,을지로입구,11,47
20250528,당산,을지로입구,12,30
20250528,당산,을지로입구,13,37
20250528,당산,을지로입구,14,20
20250528,당산,을지로입구,15,18
20250528,당산,을지로입구,16,21
20250528,당산,을지로입구,17,29
20250528,당산,을지로입구,18,23
20250528,당산,을지로입구,19,9
20250528,당산,을지로입구,20,8
20250528,당산,을지로입구,21,7
20250528,당산,을지로입구,22,3
20250528,당산,을지로입구,23,1
20250528,당산,이대,5,1
20250528,당산,이대,6,2
20250528,당산,이대,7,14
20250528,당산,이대,8,40
20250528,당산,이대,9,28
20250528,당산,이대,10,33
20250528,당산,이대,11,19
20250528,당산,이대,12,16
20250528,당산,이대,13,17
20250528,당산,이대,14,12
20250528,당산,이대,15,13
20250528,당산,이대,16,13
20250528,당산,이대,17,13
20250528,당산,이대,18,20
20250528,당산,이대,19,8
20250528,당산,이대,20,8
20250528,당산,이대,21,8
20250528,당산,이대,22,11
20250528,당산,이대,23,5
20250528,당산,잠실(송파구청),5,2
20250528,당산,잠실(송파구청),6,14
20250528,당산,잠실(송파구청),7,23
20250528,당산,잠실(송파구청),8,20
20250528,당산,잠실(송파구청),9,4
20250528,당산,잠실(송파구청),10,6
20250528,당산,잠실(송파구청),11,1
20250528,당산,잠실(송파구청),12,5
20250528,당산,잠실(송파구청),13,5
20250528,당산,잠실(송파구청),14,2
20250528,당산,잠실(송파구청),15,6
20250528,당산,잠실(송파구청),16,2
20250528,당산,잠실(송파구청),17,7
20250528,당산,잠실(송파구청),18,13
20250528,당산,잠실(송파구청),19,4
20250528,당산,잠실(송파구청),20,2
20250528,당산,잠실(송파구청),21,1
20250528,당산,잠실(송파구청),22,4
20250528,당산,잠실(송파구청),23,1
20250528,당산,잠실나루,5,4
20250528,당산,잠실나루,6,6
20250528,당산,잠실나루,7,14
20250528,당산,잠실나루,8,3
20250528,당산,잠실나루,9,1
20250528,당산,잠실나루,10,2
20250528,당산,잠실나루,11,2
20250528,당산,잠실나루,12,2
20250528,당산,잠실나루,13,2
20250528,당산,잠실나루,14,4
20250528,당산,잠실나루,15,2
20250528,당산,잠실나루,16,4
20250528,당산,잠실나루,17,3
20250528,당산,잠실나루,18,1
20250528,당산,잠실나루,20,3
20250528,당산,잠실나루,21,2
20250528,당산,잠실나루,22,1
20250528,당산,잠실나루,23,2
20250528,당산,잠실새내,9,2
20250528,당산,잠실새내,11,1
20250528,당산,잠실새내,14,1
20250528,당산,잠실새내,16,2
20250528,당산,잠실새내,17,4
20250528,당산,잠실새내,18,3
20250528,당산,잠실새내,19,1
20250528,당산,잠실새내,20,1
20250528,당산,잠실새내,21,1
20250528,당산,잠실새내,22,3
20250528,당산,잠실새내,23,1
20250528,당산,종합운동장,8,1
20250528,당산,종합운동장,15,2
20250528,당산,종합운동장,16,4
20250528,당산,종합운동장,17,7
20250528,당산,종합운동장,18,1
20250528,당산,종합운동장,20,2
20250528,당산,충정로(경기대입구),5,3
20250528,당산,충정로(경기대입구),6,8
20250528,당산,충정로(경기대입구),7,34
20250528,당산,충정로(경기대입구),8,56
20250528,당산,충정로(경기대입구),9,25
20250528,당산,충정로(경기대입구),10,1
20250528,당산,충정로(경기대입구),11,5
20250528,당산,충정로(경기대입구),12,3
20250528,당산,충정로(경기대입구),13,3
20250528,당산,충정로(경기대입구),14,4
20250528,당산,충정로(경기대입구),15,3
20250528,당산,충정로(경기대입구),16,5
20250528,당산,충정로(경기대입구),17,7
20250528,당산,충정로(경기대입구),18,4
20250528,당산,충정로(경기대입구),19,3
20250528,당산,충정로(경기대입구),20,2
20250528,당산,충정로(경기대입구),22,1
20250528,당산,충정로(경기대입구),23,1
20250528,당산,한양대,5,2
20250528,당산,한양대,6,5
20250528,당산,한양대,7,27
20250528,당산,한양대,8,33
20250528,당산,한양대,9,36
20250528,당산,한양대,10,18
20250528,당산,한양대,11,10
20250528,당산,한양대,12,26
20250528,당산,한양대,13,11
20250528,당산,한양대,14,2
20250528,당산,한양대,15,1
20250528,당산,한양대,16,4
20250528,당산,한양대,17,9
20250528,당산,한양대,18,2
20250528,당산,한양대,19,1
20250528,당산,한양대,21,2
20250528,당산,한양대,22,1
20250528,당산,한양대,23,2
20250528,당산,합정,0,8
20250528,당산,합정,5,2
20250528,당산,합정,6,8
20250528,당산,합정,7,31
20250528,당산,합정,8,61
20250528,당산,합정,9,44
20250528,당산,합정,10,31
20250528,당산,합정,11,31
20250528,당산,합정,12,35
20250528,당산,합정,13,17
20250528,당산,합정,14,11
20250528,당산,합정,15,25
20250528,당산,합정,16,17
20250528,당산,합정,17,42
20250528,당산,합정,18,68
20250528,당산,합정,19,31
20250528,당산,합정,20,22
20250528,당산,합정,21,10
20250528,당산,합정,22,17
20250528,당산,합정,23,7
20250528,당산,홍대입구,0,1
20250528,당산,홍대입구,5,3
20250528,당산,홍대입구,6,3
20250528,당산,홍대입구,7,16
20250528,당산,홍대입구,8,59
20250528,당산,홍대입구,9,57
20250528,당산,홍대입구,10,27
20250528,당산,홍대입구,11,33
20250528,당산,홍대입구,12,32
20250528,당산,홍대입구,13,29
20250528,당산,홍대입구,14,28
20250528,당산,홍대입구,15,31
20250528,당산,홍대입구,16,49
20250528,당산,홍대입구,17,56
20250528,당산,홍대입구,18,78
20250528,당산,홍대입구,19,35
20250528,당산,홍대입구,20,33
20250528,당산,홍대입구,21,18
20250528,당산,홍대입구,22,17
20250528,당산,홍대입구,23,4
20250528,대림(구로구청),강남,4,3
20250528,대림(구로구청),강남,5,42
20250528,대림(구로구청),강남,6,52
20250528,대림(구로구청),강남,7,144
20250528,대림(구로구청),강남,8,215
20250528,대림(구로구청),강남,9,159
20250528,대림(구로구청),강남,10,42
20250528,대림(구로구청),강남,11,30
20250528,대림(구로구청),강남,12,41
20250528,대림(구로구청),강남,13,26
20250528,대림(구로구청),강남,14,20
20250528,대림(구로구청),강남,15,23
20250528,대림(구로구청),강남,16,28
20250528,대림(구로구청),강남,17,29
20250528,대림(구로구청),강남,18,36
20250528,대림(구로구청),강남,19,10
20250528,대림(구로구청),강남,20,11
20250528,대림(구로구청),강남,21,3
20250528,대림(구로구청),강남,22,6
20250528,대림(구로구청),강남,23,2
20250528,대림(구로구청),강변(동서울터미널),5,14
20250528,대림(구로구청),강변(동서울터미널),6,12
20250528,대림(구로구청),강변(동서울터미널),7,9
20250528,대림(구로구청),강변(동서울터미널),8,9
20250528,대림(구로구청),강변(동서울터미널),9,9
20250528,대림(구로구청),강변(동서울터미널),10,2
20250528,대림(구로구청),강변(동서울터미널),11,7
20250528,대림(구로구청),강변(동서울터미널),12,7
20250528,대림(구로구청),강변(동서울터미널),13,8
20250528,대림(구로구청),강변(동서울터미널),14,8
20250528,대림(구로구청),강변(동서울터미널),15,9
20250528,대림(구로구청),강변(동서울터미널),16,2
20250528,대림(구로구청),강변(동서울터미널),17,3
20250528,대림(구로구청),강변(동서울터미널),18,9
20250528,대림(구로구청),강변(동서울터미널),19,4
20250528,대림(구로구청),강변(동서울터미널),20,3
20250528,대림(구로구청),강변(동서울터미널),21,1
20250528,대림(구로구청),강변(동서울터미널),22,1
20250528,대림(구로구청),강변(동서울터미널),23,3
20250528,대림(구로구청),건대입구,5,3
20250528,대림(구로구청),건대입구,6,2
20250528,대림(구로구청),건대입구,7,5
20250528,대림(구로구청),건대입구,8,8
20250528,대림(구로구청),건대입구,9,5
20250528,대림(구로구청),건대입구,11,1
20250528,대림(구로구청),건대입구,13,1
20250528,대림(구로구청),건대입구,14,3
20250528,대림(구로구청),건대입구,15,6
20250528,대림(구로구청),건대입구,16,1
20250528,대림(구로구청),건대입구,17,6
20250528,대림(구로구청),건대입구,18,3
20250528,대림(구로구청),건대입구,19,1
20250528,대림(구로구청),건대입구,20,1
20250528,대림(구로구청),건대입구,21,3
20250528,대림(구로구청),교대(법원.검찰청),0,1
20250528,대림(구로구청),교대(법원.검찰청),4,1
20250528,대림(구로구청),교대(법원.검찰청),5,27
20250528,대림(구로구청),교대(법원.검찰청),6,24
20250528,대림(구로구청),교대(법원.검찰청),7,49
20250528,대림(구로구청),교대(법원.검찰청),8,103
20250528,대림(구로구청),교대(법원.검찰청),9,51
20250528,대림(구로구청),교대(법원.검찰청),10,22
20250528,대림(구로구청),교대(법원.검찰청),11,19
20250528,대림(구로구청),교대(법원.검찰청),12,8
20250528,대림(구로구청),교대(법원.검찰청),13,16
20250528,대림(구로구청),교대(법원.검찰청),14,8
20250528,대림(구로구청),교대(법원.검찰청),15,4
20250528,대림(구로구청),교대(법원.검찰청),16,11
20250528,대림(구로구청),교대(법원.검찰청),17,14
20250528,대림(구로구청),교대(법원.검찰청),18,7
20250528,대림(구로구청),교대(법원.검찰청),19,4
20250528,대림(구로구청),교대(법원.검찰청),20,9
20250528,대림(구로구청),교대(법원.검찰청),21,1
20250528,대림(구로구청),교대(법원.검찰청),22,2
20250528,대림(구로구청),구로디지털단지,0,3
20250528,대림(구로구청),구로디지털단지,5,8
20250528,대림(구로구청),구로디지털단지,6,23
20250528,대림(구로구청),구로디지털단지,7,33
20250528,대림(구로구청),구로디지털단지,8,62
20250528,대림(구로구청),구로디지털단지,9,53
20250528,대림(구로구청),구로디지털단지,10,64
20250528,대림(구로구청),구로디지털단지,11,40
20250528,대림(구로구청),구로디지털단지,12,40
20250528,대림(구로구청),구로디지털단지,13,54
20250528,대림(구로구청),구로디지털단지,14,41
20250528,대림(구로구청),구로디지털단지,15,58
20250528,대림(구로구청),구로디지털단지,16,65
20250528,대림(구로구청),구로디지털단지,17,57
20250528,대림(구로구청),구로디지털단지,18,79
20250528,대림(구로구청),구로디지털단지,19,46
20250528,대림(구로구청),구로디지털단지,20,24
20250528,대림(구로구청),구로디지털단지,21,16
20250528,대림(구로구청),구로디지털단지,22,18
20250528,대림(구로구청),구로디지털단지,23,10
20250528,대림(구로구청),구의(광진구청),5,6
20250528,대림(구로구청),구의(광진구청),6,4
20250528,대림(구로구청),구의(광진구청),7,6
20250528,대림(구로구청),구의(광진구청),8,5
20250528,대림(구로구청),구의(광진구청),9,3
20250528,대림(구로구청),구의(광진구청),10,1
20250528,대림(구로구청),구의(광진구청),12,2
20250528,대림(구로구청),구의(광진구청),13,2
20250528,대림(구로구청),구의(광진구청),14,12
20250528,대림(구로구청),구의(광진구청),15,4
20250528,대림(구로구청),구의(광진구청),16,3
20250528,대림(구로구청),구의(광진구청),17,1
20250528,대림(구로구청),구의(광진구청),18,3
20250528,대림(구로구청),구의(광진구청),19,2
20250528,대림(구로구청),구의(광진구청),20,3
20250528,대림(구로구청),구의(광진구청),21,2
20250528,대림(구로구청),구의(광진구청),22,1
20250528,대림(구로구청),구의(광진구청),23,2
20250528,대림(구로구청),낙성대,5,10
20250528,대림(구로구청),낙성대,6,16
20250528,대림(구로구청),낙성대,7,18
20250528,대림(구로구청),낙성대,8,23
20250528,대림(구로구청),낙성대,9,18
20250528,대림(구로구청),낙성대,10,9
20250528,대림(구로구청),낙성대,11,16
20250528,대림(구로구청),낙성대,12,7
20250528,대림(구로구청),낙성대,13,5
20250528,대림(구로구청),낙성대,14,11
20250528,대림(구로구청),낙성대,15,9
20250528,대림(구로구청),낙성대,16,14
20250528,대림(구로구청),낙성대,17,16
20250528,대림(구로구청),낙성대,18,26
20250528,대림(구로구청),낙성대,19,13
20250528,대림(구로구청),낙성대,20,19
20250528,대림(구로구청),낙성대,21,4
20250528,대림(구로구청),낙성대,22,4
20250528,대림(구로구청),낙성대,23,3
20250528,대림(구로구청),당산,5,28
20250528,대림(구로구청),당산,6,29
20250528,대림(구로구청),당산,7,46
20250528,대림(구로구청),당산,8,61
20250528,대림(구로구청),당산,9,35
20250528,대림(구로구청),당산,10,30
20250528,대림(구로구청),당산,11,10
20250528,대림(구로구청),당산,12,20
20250528,대림(구로구청),당산,13,15
20250528,대림(구로구청),당산,14,17
20250528,대림(구로구청),당산,15,17
20250528,대림(구로구청),당산,16,28
20250528,대림(구로구청),당산,17,33
20250528,대림(구로구청),당산,18,44
20250528,대림(구로구청),당산,19,18
20250528,대림(구로구청),당산,20,15
20250528,대림(구로구청),당산,21,8
20250528,대림(구로구청),당산,22,11
20250528,대림(구로구청),당산,23,6
20250528,대림(구로구청),대림(구로구청),0,5
20250528,대림(구로구청),대림(구로구청),4,2
20250528,대림(구로구청),대림(구로구청),5,6
20250528,대림(구로구청),대림(구로구청),6,14
20250528,대림(구로구청),대림(구로구청),7,10
20250528,대림(구로구청),대림(구로구청),8,23
20250528,대림(구로구청),대림(구로구청),9,31
20250528,대림(구로구청),대림(구로구청),10,32
20250528,대림(구로구청),대림(구로구청),11,24
20250528,대림(구로구청),대림(구로구청),12,19
20250528,대림(구로구청),대림(구로구청),13,38
20250528,대림(구로구청),대림(구로구청),14,34
20250528,대림(구로구청),대림(구로구청),15,31
20250528,대림(구로구청),대림(구로구청),16,32
20250528,대림(구로구청),대림(구로구청),17,32
20250528,대림(구로구청),대림(구로구청),18,29
20250528,대림(구로구청),대림(구로구청),19,17
20250528,대림(구로구청),대림(구로구청),20,19
20250528,대림(구로구청),대림(구로구청),21,12
20250528,대림(구로구청),대림(구로구청),22,12
20250528,대림(구로구청),대림(구로구청),23,5
20250528,대림(구로구청),동대문역사문화공원,4,1
20250528,대림(구로구청),동대문역사문화공원,5,6
20250528,대림(구로구청),동대문역사문화공원,6,6
20250528,대림(구로구청),동대문역사문화공원,7,21
20250528,대림(구로구청),동대문역사문화공원,8,22
20250528,대림(구로구청),동대문역사문화공원,9,14
20250528,대림(구로구청),동대문역사문화공원,10,16
20250528,대림(구로구청),동대문역사문화공원,11,14
20250528,대림(구로구청),동대문역사문화공원,12,2
20250528,대림(구로구청),동대문역사문화공원,13,11
20250528,대림(구로구청),동대문역사문화공원,14,14
20250528,대림(구로구청),동대문역사문화공원,15,3
20250528,대림(구로구청),동대문역사문화공원,16,5
20250528,대림(구로구청),동대문역사문화공원,17,6
20250528,대림(구로구청),동대문역사문화공원,18,10
20250528,대림(구로구청),동대문역사문화공원,19,21
20250528,대림(구로구청),동대문역사문화공원,20,3
20250528,대림(구로구청),동대문역사문화공원,21,3
20250528,대림(구로구청),동대문역사문화공원,22,2
20250528,대림(구로구청),동대문역사문화공원,23,1
20250528,대림(구로구청),뚝섬,5,5
20250528,대림(구로구청),뚝섬,6,7
20250528,대림(구로구청),뚝섬,7,21
20250528,대림(구로구청),뚝섬,8,22
20250528,대림(구로구청),뚝섬,9,10
20250528,대림(구로구청),뚝섬,10,3
20250528,대림(구로구청),뚝섬,11,2
20250528,대림(구로구청),뚝섬,12,4
20250528,대림(구로구청),뚝섬,14,3
20250528,대림(구로구청),뚝섬,15,1
20250528,대림(구로구청),뚝섬,17,5
20250528,대림(구로구청),뚝섬,18,3
20250528,대림(구로구청),뚝섬,20,1
20250528,대림(구로구청),문래,0,1
20250528,대림(구로구청),문래,5,17
20250528,대림(구로구청),문래,6,7
20250528,대림(구로구청),문래,7,43
20250528,대림(구로구청),문래,8,86
20250528,대림(구로구청),문래,9,66
20250528,대림(구로구청),문래,10,36
20250528,대림(구로구청),문래,11,27
20250528,대림(구로구청),문래,12,28
20250528,대림(구로구청),문래,13,16
20250528,대림(구로구청),문래,14,13
20250528,대림(구로구청),문래,15,20
20250528,대림(구로구청),문래,16,26
20250528,대림(구로구청),문래,17,21
20250528,대림(구로구청),문래,18,38
20250528,대림(구로구청),문래,19,14
20250528,대림(구로구청),문래,20,7
20250528,대림(구로구청),문래,21,4
20250528,대림(구로구청),문래,23,1
20250528,대림(구로구청),방배,5,28
20250528,대림(구로구청),방배,6,13
20250528,대림(구로구청),방배,7,26
20250528,대림(구로구청),방배,8,42
20250528,대림(구로구청),방배,9,33
20250528,대림(구로구청),방배,10,7
20250528,대림(구로구청),방배,11,10
20250528,대림(구로구청),방배,12,8
20250528,대림(구로구청),방배,13,7
20250528,대림(구로구청),방배,14,7
20250528,대림(구로구청),방배,15,6
20250528,대림(구로구청),방배,16,6
20250528,대림(구로구청),방배,17,7
20250528,대림(구로구청),방배,18,4
20250528,대림(구로구청),방배,19,1
20250528,대림(구로구청),방배,20,7
20250528,대림(구로구청),방배,21,3
20250528,대림(구로구청),방배,22,2
20250528,대림(구로구청),봉천,0,1
20250528,대림(구로구청),봉천,5,5
20250528,대림(구로구청),봉천,6,5
20250528,대림(구로구청),봉천,7,26
20250528,대림(구로구청),봉천,8,40
20250528,대림(구로구청),봉천,9,22
20250528,대림(구로구청),봉천,10,17
20250528,대림(구로구청),봉천,11,9
20250528,대림(구로구청),봉천,12,17
20250528,대림(구로구청),봉천,13,16
20250528,대림(구로구청),봉천,14,15
20250528,대림(구로구청),봉천,15,26
20250528,대림(구로구청),봉천,16,33
20250528,대림(구로구청),봉천,17,25
20250528,대림(구로구청),봉천,18,30
20250528,대림(구로구청),봉천,19,24
20250528,대림(구로구청),봉천,20,12
20250528,대림(구로구청),봉천,21,21
20250528,대림(구로구청),봉천,22,7
20250528,대림(구로구청),봉천,23,9
20250528,대림(구로구청),사당,4,1
20250528,대림(구로구청),사당,5,37
20250528,대림(구로구청),사당,6,17
20250528,대림(구로구청),사당,7,42
20250528,대림(구로구청),사당,8,41
20250528,대림(구로구청),사당,9,51
20250528,대림(구로구청),사당,10,28
20250528,대림(구로구청),사당,11,24
20250528,대림(구로구청),사당,12,10
20250528,대림(구로구청),사당,13,24
20250528,대림(구로구청),사당,14,10
20250528,대림(구로구청),사당,15,17
20250528,대림(구로구청),사당,16,31
20250528,대림(구로구청),사당,17,33
20250528,대림(구로구청),사당,18,41
20250528,대림(구로구청),사당,19,14
20250528,대림(구로구청),사당,20,16
20250528,대림(구로구청),사당,21,5
20250528,대림(구로구청),사당,22,5
20250528,대림(구로구청),사당,23,3
20250528,대림(구로구청),삼성(무역센터),0,1
20250528,대림(구로구청),삼성(무역센터),4,1
20250528,대림(구로구청),삼성(무역센터),5,56
20250528,대림(구로구청),삼성(무역센터),6,51
20250528,대림(구로구청),삼성(무역센터),7,107
20250528,대림(구로구청),삼성(무역센터),8,130
20250528,대림(구로구청),삼성(무역센터),9,61
20250528,대림(구로구청),삼성(무역센터),10,28
20250528,대림(구로구청),삼성(무역센터),11,17
20250528,대림(구로구청),삼성(무역센터),12,12
20250528,대림(구로구청),삼성(무역센터),13,15
20250528,대림(구로구청),삼성(무역센터),14,8
20250528,대림(구로구청),삼성(무역센터),15,10
20250528,대림(구로구청),삼성(무역센터),16,7
20250528,대림(구로구청),삼성(무역센터),17,7
20250528,대림(구로구청),삼성(무역센터),18,3
20250528,대림(구로구청),삼성(무역센터),19,1
20250528,대림(구로구청),삼성(무역센터),20,3
20250528,대림(구로구청),삼성(무역센터),21,4
20250528,대림(구로구청),삼성(무역센터),22,1
20250528,대림(구로구청),상왕십리,5,4
20250528,대림(구로구청),상왕십리,6,4
20250528,대림(구로구청),상왕십리,7,11
20250528,대림(구로구청),상왕십리,8,10
20250528,대림(구로구청),상왕십리,9,2
20250528,대림(구로구청),상왕십리,10,1
20250528,대림(구로구청),상왕십리,11,2
20250528,대림(구로구청),상왕십리,13,1
20250528,대림(구로구청),상왕십리,14,1
20250528,대림(구로구청),상왕십리,15,2
20250528,대림(구로구청),상왕십리,16,6
20250528,대림(구로구청),상왕십리,17,3
20250528,대림(구로구청),상왕십리,18,8
20250528,대림(구로구청),상왕십리,19,3
20250528,대림(구로구청),상왕십리,20,1
20250528,대림(구로구청),상왕십리,21,2
20250528,대림(구로구청),상왕십리,22,1
20250528,대림(구로구청),서울대입구(관악구청),0,1
20250528,대림(구로구청),서울대입구(관악구청),5,13
20250528,대림(구로구청),서울대입구(관악구청),6,17
20250528,대림(구로구청),서울대입구(관악구청),7,23
20250528,대림(구로구청),서울대입구(관악구청),8,67
20250528,대림(구로구청),서울대입구(관악구청),9,37
20250528,대림(구로구청),서울대입구(관악구청),10,32
20250528,대림(구로구청),서울대입구(관악구청),11,26
20250528,대림(구로구청),서울대입구(관악구청),12,23
20250528,대림(구로구청),서울대입구(관악구청),13,10
20250528,대림(구로구청),서울대입구(관악구청),14,25
20250528,대림(구로구청),서울대입구(관악구청),15,23
20250528,대림(구로구청),서울대입구(관악구청),16,31
20250528,대림(구로구청),서울대입구(관악구청),17,29
20250528,대림(구로구청),서울대입구(관악구청),18,39
20250528,대림(구로구청),서울대입구(관악구청),19,11
20250528,대림(구로구청),서울대입구(관악구청),20,22
20250528,대림(구로구청),서울대입구(관악구청),21,5
20250528,대림(구로구청),서울대입구(관악구청),22,8
20250528,대림(구로구청),서울대입구(관악구청),23,5
20250528,대림(구로구청),서초,5,33
20250528,대림(구로구청),서초,6,19
20250528,대림(구로구청),서초,7,38
20250528,대림(구로구청),서초,8,84
20250528,대림(구로구청),서초,9,40
20250528,대림(구로구청),서초,10,4
20250528,대림(구로구청),서초,11,10
20250528,대림(구로구청),서초,12,10
20250528,대림(구로구청),서초,13,4
20250528,대림(구로구청),서초,14,6
20250528,대림(구로구청),서초,15,1
20250528,대림(구로구청),서초,17,5
20250528,대림(구로구청),서초,18,2
20250528,대림(구로구청),서초,19,6
20250528,대림(구로구청),서초,20,2
20250528,대림(구로구청),서초,22,3
20250528,대림(구로구청),선릉,4,4
20250528,대림(구로구청),선릉,5,26
20250528,대림(구로구청),선릉,6,45
20250528,대림(구로구청),선릉,7,99
20250528,대림(구로구청),선릉,8,148
20250528,대림(구로구청),선릉,9,86
20250528,대림(구로구청),선릉,10,41
20250528,대림(구로구청),선릉,11,15
20250528,대림(구로구청),선릉,12,21
20250528,대림(구로구청),선릉,13,21
20250528,대림(구로구청),선릉,14,7
20250528,대림(구로구청),선릉,15,13
20250528,대림(구로구청),선릉,16,8
20250528,대림(구로구청),선릉,17,11
20250528,대림(구로구청),선릉,18,11
20250528,대림(구로구청),선릉,19,4
20250528,대림(구로구청),선릉,21,3
20250528,대림(구로구청),선릉,22,1
20250528,대림(구로구청),선릉,23,1
20250528,대림(구로구청),성수,4,2
20250528,대림(구로구청),성수,5,22
20250528,대림(구로구청),성수,6,9
20250528,대림(구로구청),성수,7,34
20250528,대림(구로구청),성수,8,31
20250528,대림(구로구청),성수,9,12
20250528,대림(구로구청),성수,10,7
20250528,대림(구로구청),성수,11,5
20250528,대림(구로구청),성수,12,3
20250528,대림(구로구청),성수,13,3
20250528,대림(구로구청),성수,14,1
20250528,대림(구로구청),성수,15,3
20250528,대림(구로구청),성수,17,9
20250528,대림(구로구청),성수,18,3
20250528,대림(구로구청),성수,19,1
20250528,대림(구로구청),시청,5,13
20250528,대림(구로구청),시청,6,21
20250528,대림(구로구청),시청,7,61
20250528,대림(구로구청),시청,8,102
20250528,대림(구로구청),시청,9,46
20250528,대림(구로구청),시청,10,8
20250528,대림(구로구청),시청,11,6
20250528,대림(구로구청),시청,12,3
20250528,대림(구로구청),시청,13,9
20250528,대림(구로구청),시청,14,13
20250528,대림(구로구청),시청,15,13
20250528,대림(구로구청),시청,16,1
20250528,대림(구로구청),시청,17,1
20250528,대림(구로구청),시청,18,5
20250528,대림(구로구청),시청,19,2
20250528,대림(구로구청),시청,22,1
20250528,대림(구로구청),시청,23,1
20250528,대림(구로구청),신당,6,1
20250528,대림(구로구청),신당,7,5
20250528,대림(구로구청),신당,8,3
20250528,대림(구로구청),신당,9,6
20250528,대림(구로구청),신당,10,2
20250528,대림(구로구청),신당,11,3
20250528,대림(구로구청),신당,12,1
20250528,대림(구로구청),신당,13,6
20250528,대림(구로구청),신당,14,6
20250528,대림(구로구청),신당,15,1
20250528,대림(구로구청),신당,16,4
20250528,대림(구로구청),신당,17,5
20250528,대림(구로구청),신당,18,4
20250528,대림(구로구청),신당,19,4
20250528,대림(구로구청),신당,20,3
20250528,대림(구로구청),신당,21,2
20250528,대림(구로구청),신대방,0,3
20250528,대림(구로구청),신대방,5,11
20250528,대림(구로구청),신대방,6,11
20250528,대림(구로구청),신대방,7,17
20250528,대림(구로구청),신대방,8,34
20250528,대림(구로구청),신대방,9,20
20250528,대림(구로구청),신대방,10,33
20250528,대림(구로구청),신대방,11,45
20250528,대림(구로구청),신대방,12,39
20250528,대림(구로구청),신대방,13,25
20250528,대림(구로구청),신대방,14,35
20250528,대림(구로구청),신대방,15,41
20250528,대림(구로구청),신대방,16,44
20250528,대림(구로구청),신대방,17,52
20250528,대림(구로구청),신대방,18,43
20250528,대림(구로구청),신대방,19,28
20250528,대림(구로구청),신대방,20,27
20250528,대림(구로구청),신대방,21,20
20250528,대림(구로구청),신대방,22,15
20250528,대림(구로구청),신대방,23,7
20250528,대림(구로구청),신도림,0,5
20250528,대림(구로구청),신도림,5,9
20250528,대림(구로구청),신도림,6,19
20250528,대림(구로구청),신도림,7,16
20250528,대림(구로구청),신도림,8,54
20250528,대림(구로구청),신도림,9,51
20250528,대림(구로구청),신도림,10,65
20250528,대림(구로구청),신도림,11,47
20250528,대림(구로구청),신도림,12,43
20250528,대림(구로구청),신도림,13,53
20250528,대림(구로구청),신도림,14,45
20250528,대림(구로구청),신도림,15,41
20250528,대림(구로구청),신도림,16,35
20250528,대림(구로구청),신도림,17,42
20250528,대림(구로구청),신도림,18,53
20250528,대림(구로구청),신도림,19,22
20250528,대림(구로구청),신도림,20,17
20250528,대림(구로구청),신도림,21,12
20250528,대림(구로구청),신도림,22,9
20250528,대림(구로구청),신도림,23,7
20250528,대림(구로구청),신림,0,1
20250528,대림(구로구청),신림,4,1
20250528,대림(구로구청),신림,5,8
20250528,대림(구로구청),신림,6,32
20250528,대림(구로구청),신림,7,32
20250528,대림(구로구청),신림,8,43
20250528,대림(구로구청),신림,9,44
20250528,대림(구로구청),신림,10,42
20250528,대림(구로구청),신림,11,54
20250528,대림(구로구청),신림,12,38
20250528,대림(구로구청),신림,13,49
20250528,대림(구로구청),신림,14,30
20250528,대림(구로구청),신림,15,28
20250528,대림(구로구청),신림,16,57
20250528,대림(구로구청),신림,17,59
20250528,대림(구로구청),신림,18,87
20250528,대림(구로구청),신림,19,48
20250528,대림(구로구청),신림,20,34
20250528,대림(구로구청),신림,21,35
20250528,대림(구로구청),신림,22,18
20250528,대림(구로구청),신림,23,16
20250528,대림(구로구청),신촌,0,3
20250528,대림(구로구청),신촌,5,6
20250528,대림(구로구청),신촌,6,19
20250528,대림(구로구청),신촌,7,52
20250528,대림(구로구청),신촌,8,63
20250528,대림(구로구청),신촌,9,54
20250528,대림(구로구청),신촌,10,28
20250528,대림(구로구청),신촌,11,28
20250528,대림(구로구청),신촌,12,26
20250528,대림(구로구청),신촌,13,23
20250528,대림(구로구청),신촌,14,21
20250528,대림(구로구청),신촌,15,8
20250528,대림(구로구청),신촌,16,17
20250528,대림(구로구청),신촌,17,29
20250528,대림(구로구청),신촌,18,19
20250528,대림(구로구청),신촌,19,6
20250528,대림(구로구청),신촌,20,4
20250528,대림(구로구청),신촌,21,8
20250528,대림(구로구청),신촌,22,9
20250528,대림(구로구청),아현,5,6
20250528,대림(구로구청),아현,6,8
20250528,대림(구로구청),아현,7,20
20250528,대림(구로구청),아현,8,12
20250528,대림(구로구청),아현,9,7
20250528,대림(구로구청),아현,10,3
20250528,대림(구로구청),아현,11,3
20250528,대림(구로구청),아현,12,6
20250528,대림(구로구청),아현,13,6
20250528,대림(구로구청),아현,14,4
20250528,대림(구로구청),아현,15,1
20250528,대림(구로구청),아현,16,5
20250528,대림(구로구청),아현,17,6
20250528,대림(구로구청),아현,18,16
20250528,대림(구로구청),아현,19,1
20250528,대림(구로구청),아현,20,10
20250528,대림(구로구청),아현,21,9
20250528,대림(구로구청),아현,22,3
20250528,대림(구로구청),아현,23,1
20250528,대림(구로구청),역삼,5,25
20250528,대림(구로구청),역삼,6,34
20250528,대림(구로구청),역삼,7,128
20250528,대림(구로구청),역삼,8,180
20250528,대림(구로구청),역삼,9,89
20250528,대림(구로구청),역삼,10,23
20250528,대림(구로구청),역삼,11,15
20250528,대림(구로구청),역삼,12,15
20250528,대림(구로구청),역삼,13,15
20250528,대림(구로구청),역삼,14,8
20250528,대림(구로구청),역삼,15,7
20250528,대림(구로구청),역삼,16,10
20250528,대림(구로구청),역삼,17,14
20250528,대림(구로구청),역삼,18,5
20250528,대림(구로구청),역삼,19,4
20250528,대림(구로구청),역삼,20,5
20250528,대림(구로구청),역삼,21,3
20250528,대림(구로구청),역삼,23,1
20250528,대림(구로구청),영등포구청,5,20
20250528,대림(구로구청),영등포구청,6,18
20250528,대림(구로구청),영등포구청,7,49
20250528,대림(구로구청),영등포구청,8,163
20250528,대림(구로구청),영등포구청,9,71
20250528,대림(구로구청),영등포구청,10,32
20250528,대림(구로구청),영등포구청,11,32
20250528,대림(구로구청),영등포구청,12,36
20250528,대림(구로구청),영등포구청,13,20
20250528,대림(구로구청),영등포구청,14,32
20250528,대림(구로구청),영등포구청,15,30
20250528,대림(구로구청),영등포구청,16,27
20250528,대림(구로구청),영등포구청,17,28
20250528,대림(구로구청),영등포구청,18,24
20250528,대림(구로구청),영등포구청,19,19
20250528,대림(구로구청),영등포구청,20,11
20250528,대림(구로구청),영등포구청,21,5
20250528,대림(구로구청),영등포구청,22,2
20250528,대림(구로구청),영등포구청,23,7
20250528,대림(구로구청),왕십리(성동구청),5,7
20250528,대림(구로구청),왕십리(성동구청),6,1
20250528,대림(구로구청),왕십리(성동구청),7,6
20250528,대림(구로구청),왕십리(성동구청),8,9
20250528,대림(구로구청),왕십리(성동구청),9,4
20250528,대림(구로구청),왕십리(성동구청),10,2
20250528,대림(구로구청),왕십리(성동구청),11,1
20250528,대림(구로구청),왕십리(성동구청),12,1
20250528,대림(구로구청),왕십리(성동구청),13,3
20250528,대림(구로구청),왕십리(성동구청),14,3
20250528,대림(구로구청),왕십리(성동구청),16,5
20250528,대림(구로구청),왕십리(성동구청),17,6
20250528,대림(구로구청),왕십리(성동구청),18,6
20250528,대림(구로구청),왕십리(성동구청),19,1
20250528,대림(구로구청),왕십리(성동구청),20,1
20250528,대림(구로구청),왕십리(성동구청),21,3
20250528,대림(구로구청),왕십리(성동구청),22,1
20250528,대림(구로구청),용두(동대문구청),5,1
20250528,대림(구로구청),용두(동대문구청),15,4
20250528,대림(구로구청),을지로3가,5,16
20250528,대림(구로구청),을지로3가,6,17
20250528,대림(구로구청),을지로3가,7,37
20250528,대림(구로구청),을지로3가,8,47
20250528,대림(구로구청),을지로3가,9,19
20250528,대림(구로구청),을지로3가,10,8
20250528,대림(구로구청),을지로3가,11,7
20250528,대림(구로구청),을지로3가,12,9
20250528,대림(구로구청),을지로3가,13,5
20250528,대림(구로구청),을지로3가,14,3
20250528,대림(구로구청),을지로3가,15,1
20250528,대림(구로구청),을지로3가,16,5
20250528,대림(구로구청),을지로3가,17,8
20250528,대림(구로구청),을지로3가,18,10
20250528,대림(구로구청),을지로3가,20,1
20250528,대림(구로구청),을지로3가,21,1
20250528,대림(구로구청),을지로4가,5,13
20250528,대림(구로구청),을지로4가,6,6
20250528,대림(구로구청),을지로4가,7,31
20250528,대림(구로구청),을지로4가,8,31
20250528,대림(구로구청),을지로4가,9,10
20250528,대림(구로구청),을지로4가,10,7
20250528,대림(구로구청),을지로4가,11,7
20250528,대림(구로구청),을지로4가,12,10
20250528,대림(구로구청),을지로4가,13,8
20250528,대림(구로구청),을지로4가,14,6
20250528,대림(구로구청),을지로4가,15,2
20250528,대림(구로구청),을지로4가,16,5
20250528,대림(구로구청),을지로4가,17,4
20250528,대림(구로구청),을지로4가,18,2
20250528,대림(구로구청),을지로4가,19,1
20250528,대림(구로구청),을지로4가,20,1
20250528,대림(구로구청),을지로입구,5,10
20250528,대림(구로구청),을지로입구,6,25
20250528,대림(구로구청),을지로입구,7,84
20250528,대림(구로구청),을지로입구,8,140
20250528,대림(구로구청),을지로입구,9,92
20250528,대림(구로구청),을지로입구,10,51
20250528,대림(구로구청),을지로입구,11,24
20250528,대림(구로구청),을지로입구,12,16
20250528,대림(구로구청),을지로입구,13,18
20250528,대림(구로구청),을지로입구,14,12
20250528,대림(구로구청),을지로입구,15,7
20250528,대림(구로구청),을지로입구,16,9
20250528,대림(구로구청),을지로입구,17,6
20250528,대림(구로구청),을지로입구,18,4
20250528,대림(구로구청),을지로입구,19,1
20250528,대림(구로구청),을지로입구,20,4
20250528,대림(구로구청),을지로입구,21,3
20250528,대림(구로구청),을지로입구,22,2
20250528,대림(구로구청),이대,6,5
20250528,대림(구로구청),이대,7,12
20250528,대림(구로구청),이대,8,18
20250528,대림(구로구청),이대,9,18
20250528,대림(구로구청),이대,10,15
20250528,대림(구로구청),이대,11,6
20250528,대림(구로구청),이대,12,3
20250528,대림(구로구청),이대,13,9
20250528,대림(구로구청),이대,14,9
20250528,대림(구로구청),이대,15,2
20250528,대림(구로구청),이대,16,10
20250528,대림(구로구청),이대,17,12
20250528,대림(구로구청),이대,18,21
20250528,대림(구로구청),이대,19,5
20250528,대림(구로구청),이대,20,3
20250528,대림(구로구청),이대,21,3
20250528,대림(구로구청),이대,22,3
20250528,대림(구로구청),이대,23,1
20250528,대림(구로구청),잠실(송파구청),0,1
20250528,대림(구로구청),잠실(송파구청),5,21
20250528,대림(구로구청),잠실(송파구청),6,22
20250528,대림(구로구청),잠실(송파구청),7,57
20250528,대림(구로구청),잠실(송파구청),8,55
20250528,대림(구로구청),잠실(송파구청),9,36
20250528,대림(구로구청),잠실(송파구청),10,13
20250528,대림(구로구청),잠실(송파구청),11,19
20250528,대림(구로구청),잠실(송파구청),12,14
20250528,대림(구로구청),잠실(송파구청),13,12
20250528,대림(구로구청),잠실(송파구청),14,8
20250528,대림(구로구청),잠실(송파구청),15,10
20250528,대림(구로구청),잠실(송파구청),16,20
20250528,대림(구로구청),잠실(송파구청),17,17
20250528,대림(구로구청),잠실(송파구청),18,24
20250528,대림(구로구청),잠실(송파구청),19,9
20250528,대림(구로구청),잠실(송파구청),20,15
20250528,대림(구로구청),잠실(송파구청),21,6
20250528,대림(구로구청),잠실(송파구청),22,2
20250528,대림(구로구청),잠실(송파구청),23,1
20250528,대림(구로구청),잠실나루,0,1
20250528,대림(구로구청),잠실나루,5,22
20250528,대림(구로구청),잠실나루,6,3
20250528,대림(구로구청),잠실나루,7,6
20250528,대림(구로구청),잠실나루,8,6
20250528,대림(구로구청),잠실나루,9,4
20250528,대림(구로구청),잠실나루,11,2
20250528,대림(구로구청),잠실나루,12,3
20250528,대림(구로구청),잠실나루,13,2
20250528,대림(구로구청),잠실나루,14,1
20250528,대림(구로구청),잠실나루,15,1
20250528,대림(구로구청),잠실나루,16,1
20250528,대림(구로구청),잠실나루,17,4
20250528,대림(구로구청),잠실나루,18,3
20250528,대림(구로구청),잠실나루,19,2
20250528,대림(구로구청),잠실나루,21,2
20250528,대림(구로구청),잠실나루,22,1
20250528,대림(구로구청),잠실나루,23,1
20250528,대림(구로구청),잠실새내,5,4
20250528,대림(구로구청),잠실새내,6,3
20250528,대림(구로구청),잠실새내,7,8
20250528,대림(구로구청),잠실새내,8,17
20250528,대림(구로구청),잠실새내,9,6
20250528,대림(구로구청),잠실새내,10,2
20250528,대림(구로구청),잠실새내,11,3
20250528,대림(구로구청),잠실새내,12,6
20250528,대림(구로구청),잠실새내,13,2
20250528,대림(구로구청),잠실새내,14,5
20250528,대림(구로구청),잠실새내,15,2
20250528,대림(구로구청),잠실새내,16,7
20250528,대림(구로구청),잠실새내,17,7
20250528,대림(구로구청),잠실새내,18,10
20250528,대림(구로구청),잠실새내,19,3
20250528,대림(구로구청),잠실새내,20,7
20250528,대림(구로구청),잠실새내,21,3
20250528,대림(구로구청),잠실새내,22,1
20250528,대림(구로구청),잠실새내,23,1
20250528,대림(구로구청),종합운동장,4,1
20250528,대림(구로구청),종합운동장,5,31
20250528,대림(구로구청),종합운동장,6,4
20250528,대림(구로구청),종합운동장,7,7
20250528,대림(구로구청),종합운동장,8,5
20250528,대림(구로구청),종합운동장,9,5
20250528,대림(구로구청),종합운동장,10,1
20250528,대림(구로구청),종합운동장,11,1
20250528,대림(구로구청),종합운동장,12,1
20250528,대림(구로구청),종합운동장,13,1
20250528,대림(구로구청),종합운동장,14,2
20250528,대림(구로구청),종합운동장,15,4
20250528,대림(구로구청),종합운동장,16,16
20250528,대림(구로구청),종합운동장,17,19
20250528,대림(구로구청),종합운동장,18,17
20250528,대림(구로구청),종합운동장,19,3
20250528,대림(구로구청),종합운동장,20,2
20250528,대림(구로구청),종합운동장,23,1
20250528,대림(구로구청),충정로(경기대입구),5,1
20250528,대림(구로구청),충정로(경기대입구),6,6
20250528,대림(구로구청),충정로(경기대입구),7,21
20250528,대림(구로구청),충정로(경기대입구),8,40
20250528,대림(구로구청),충정로(경기대입구),9,8
20250528,대림(구로구청),충정로(경기대입구),10,1
20250528,대림(구로구청),충정로(경기대입구),11,1
20250528,대림(구로구청),충정로(경기대입구),12,2
20250528,대림(구로구청),충정로(경기대입구),13,3
20250528,대림(구로구청),충정로(경기대입구),14,2
20250528,대림(구로구청),충정로(경기대입구),16,1
20250528,대림(구로구청),충정로(경기대입구),17,3
20250528,대림(구로구청),충정로(경기대입구),18,5
20250528,대림(구로구청),충정로(경기대입구),19,1
20250528,대림(구로구청),충정로(경기대입구),20,2
20250528,대림(구로구청),충정로(경기대입구),21,1
20250528,대림(구로구청),충정로(경기대입구),22,2
20250528,대림(구로구청),한양대,5,3
20250528,대림(구로구청),한양대,6,1
20250528,대림(구로구청),한양대,7,7
20250528,대림(구로구청),한양대,8,11
20250528,대림(구로구청),한양대,9,9
20250528,대림(구로구청),한양대,10,5
20250528,대림(구로구청),한양대,12,4
20250528,대림(구로구청),한양대,13,1
20250528,대림(구로구청),한양대,15,1
20250528,대림(구로구청),한양대,18,2
20250528,대림(구로구청),합정,5,11
20250528,대림(구로구청),합정,6,9
20250528,대림(구로구청),합정,7,44
20250528,대림(구로구청),합정,8,78
20250528,대림(구로구청),합정,9,57
20250528,대림(구로구청),합정,10,31
20250528,대림(구로구청),합정,11,19
20250528,대림(구로구청),합정,12,18
20250528,대림(구로구청),합정,13,14
20250528,대림(구로구청),합정,14,9
20250528,대림(구로구청),합정,15,8
20250528,대림(구로구청),합정,16,24
20250528,대림(구로구청),합정,17,28
20250528,대림(구로구청),합정,18,43
20250528,대림(구로구청),합정,19,30
20250528,대림(구로구청),합정,20,8
20250528,대림(구로구청),합정,21,5
20250528,대림(구로구청),합정,22,6
20250528,대림(구로구청),합정,23,5
20250528,대림(구로구청),홍대입구,0,4
20250528,대림(구로구청),홍대입구,5,8
20250528,대림(구로구청),홍대입구,6,19
20250528,대림(구로구청),홍대입구,7,42
20250528,대림(구로구청),홍대입구,8,69
20250528,대림(구로구청),홍대입구,9,75
20250528,대림(구로구청),홍대입구,10,52
20250528,대림(구로구청),홍대입구,11,23
20250528,대림(구로구청),홍대입구,12,37
20250528,대림(구로구청),홍대입구,13,23
20250528,대림(구로구청),홍대입구,14,20
20250528,대림(구로구청),홍대입구,15,32
20250528,대림(구로구청),홍대입구,16,33
20250528,대림(구로구청),홍대입구,17,44
20250528,대림(구로구청),홍대입구,18,58
20250528,대림(구로구청),홍대입구,19,22
20250528,대림(구로구청),홍대입구,20,12
20250528,대림(구로구청),홍대입구,21,7
20250528,대림(구로구청),홍대입구,22,9
20250528,대림(구로구청),홍대입구,23,3
20250528,동대문역사문화공원,강남,4,1
20250528,동대문역사문화공원,강남,5,2
20250528,동대문역사문화공원,강남,7,6
20250528,동대문역사문화공원,강남,8,4
20250528,동대문역사문화공원,강남,9,10
20250528,동대문역사문화공원,강남,10,10
20250528,동대문역사문화공원,강남,11,3
20250528,동대문역사문화공원,강남,12,3
20250528,동대문역사문화공원,강남,13,4
20250528,동대문역사문화공원,강남,14,5
20250528,동대문역사문화공원,강남,15,14
20250528,동대문역사문화공원,강남,16,10
20250528,동대문역사문화공원,강남,17,15
20250528,동대문역사문화공원,강남,18,10
20250528,동대문역사문화공원,강남,19,7
20250528,동대문역사문화공원,강남,21,4
20250528,동대문역사문화공원,강변(동서울터미널),5,5
20250528,동대문역사문화공원,강변(동서울터미널),7,2
20250528,동대문역사문화공원,강변(동서울터미널),8,5
20250528,동대문역사문화공원,강변(동서울터미널),9,2
20250528,동대문역사문화공원,강변(동서울터미널),10,6
20250528,동대문역사문화공원,강변(동서울터미널),11,15
20250528,동대문역사문화공원,강변(동서울터미널),12,15
20250528,동대문역사문화공원,강변(동서울터미널),13,17
20250528,동대문역사문화공원,강변(동서울터미널),14,16
20250528,동대문역사문화공원,강변(동서울터미널),15,17
20250528,동대문역사문화공원,강변(동서울터미널),16,24
20250528,동대문역사문화공원,강변(동서울터미널),17,38
20250528,동대문역사문화공원,강변(동서울터미널),18,19
20250528,동대문역사문화공원,강변(동서울터미널),19,13
20250528,동대문역사문화공원,강변(동서울터미널),20,11
20250528,동대문역사문화공원,강변(동서울터미널),21,12
20250528,동대문역사문화공원,강변(동서울터미널),22,10
20250528,동대문역사문화공원,강변(동서울터미널),23,5
20250528,동대문역사문화공원,건대입구,0,5
20250528,동대문역사문화공원,건대입구,5,10
20250528,동대문역사문화공원,건대입구,6,3
20250528,동대문역사문화공원,건대입구,7,3
20250528,동대문역사문화공원,건대입구,8,3
20250528,동대문역사문화공원,건대입구,9,6
20250528,동대문역사문화공원,건대입구,10,11
20250528,동대문역사문화공원,건대입구,11,19
20250528,동대문역사문화공원,건대입구,12,19
20250528,동대문역사문화공원,건대입구,13,32
20250528,동대문역사문화공원,건대입구,14,20
20250528,동대문역사문화공원,건대입구,15,40
20250528,동대문역사문화공원,건대입구,16,34
20250528,동대문역사문화공원,건대입구,17,63
20250528,동대문역사문화공원,건대입구,18,58
20250528,동대문역사문화공원,건대입구,19,31
20250528,동대문역사문화공원,건대입구,20,18
20250528,동대문역사문화공원,건대입구,21,32
20250528,동대문역사문화공원,건대입구,22,29
20250528,동대문역사문화공원,건대입구,23,19
20250528,동대문역사문화공원,교대(법원.검찰청),8,2
20250528,동대문역사문화공원,교대(법원.검찰청),11,2
20250528,동대문역사문화공원,교대(법원.검찰청),12,2
20250528,동대문역사문화공원,교대(법원.검찰청),13,1
20250528,동대문역사문화공원,교대(법원.검찰청),15,1
20250528,동대문역사문화공원,교대(법원.검찰청),16,2
20250528,동대문역사문화공원,교대(법원.검찰청),17,1
20250528,동대문역사문화공원,교대(법원.검찰청),20,1
20250528,동대문역사문화공원,구로디지털단지,0,3
20250528,동대문역사문화공원,구로디지털단지,5,9
20250528,동대문역사문화공원,구로디지털단지,6,7
20250528,동대문역사문화공원,구로디지털단지,7,10
20250528,동대문역사문화공원,구로디지털단지,8,7
20250528,동대문역사문화공원,구로디지털단지,9,3
20250528,동대문역사문화공원,구로디지털단지,10,5
20250528,동대문역사문화공원,구로디지털단지,11,8
20250528,동대문역사문화공원,구로디지털단지,12,6
20250528,동대문역사문화공원,구로디지털단지,13,14
20250528,동대문역사문화공원,구로디지털단지,14,11
20250528,동대문역사문화공원,구로디지털단지,15,34
20250528,동대문역사문화공원,구로디지털단지,16,19
20250528,동대문역사문화공원,구로디지털단지,17,49
20250528,동대문역사문화공원,구로디지털단지,18,35
20250528,동대문역사문화공원,구로디지털단지,19,16
20250528,동대문역사문화공원,구로디지털단지,20,18
20250528,동대문역사문화공원,구로디지털단지,21,36
20250528,동대문역사문화공원,구로디지털단지,22,11
20250528,동대문역사문화공원,구로디지털단지,23,10
20250528,동대문역사문화공원,구의(광진구청),0,3
20250528,동대문역사문화공원,구의(광진구청),4,1
20250528,동대문역사문화공원,구의(광진구청),5,4
20250528,동대문역사문화공원,구의(광진구청),6,6
20250528,동대문역사문화공원,구의(광진구청),7,4
20250528,동대문역사문화공원,구의(광진구청),8,5
20250528,동대문역사문화공원,구의(광진구청),9,6
20250528,동대문역사문화공원,구의(광진구청),10,11
20250528,동대문역사문화공원,구의(광진구청),11,14
20250528,동대문역사문화공원,구의(광진구청),12,14
20250528,동대문역사문화공원,구의(광진구청),13,8
20250528,동대문역사문화공원,구의(광진구청),14,15
20250528,동대문역사문화공원,구의(광진구청),15,20
20250528,동대문역사문화공원,구의(광진구청),16,29
20250528,동대문역사문화공원,구의(광진구청),17,48
20250528,동대문역사문화공원,구의(광진구청),18,47
20250528,동대문역사문화공원,구의(광진구청),19,22
20250528,동대문역사문화공원,구의(광진구청),20,14
20250528,동대문역사문화공원,구의(광진구청),21,16
20250528,동대문역사문화공원,구의(광진구청),22,13
20250528,동대문역사문화공원,구의(광진구청),23,8
20250528,동대문역사문화공원,낙성대,8,1
20250528,동대문역사문화공원,낙성대,9,1
20250528,동대문역사문화공원,낙성대,13,1
20250528,동대문역사문화공원,낙성대,15,4
20250528,동대문역사문화공원,낙성대,16,3
20250528,동대문역사문화공원,낙성대,17,4
20250528,동대문역사문화공원,낙성대,18,1
20250528,동대문역사문화공원,낙성대,19,3
20250528,동대문역사문화공원,낙성대,21,1
20250528,동대문역사문화공원,낙성대,22,1
20250528,동대문역사문화공원,당산,0,2
20250528,동대문역사문화공원,당산,5,5
20250528,동대문역사문화공원,당산,6,4
20250528,동대문역사문화공원,당산,7,5
20250528,동대문역사문화공원,당산,8,1
20250528,동대문역사문화공원,당산,9,8
20250528,동대문역사문화공원,당산,10,1
20250528,동대문역사문화공원,당산,11,6
20250528,동대문역사문화공원,당산,12,4
20250528,동대문역사문화공원,당산,13,8
20250528,동대문역사문화공원,당산,14,11
20250528,동대문역사문화공원,당산,15,8
20250528,동대문역사문화공원,당산,16,8
20250528,동대문역사문화공원,당산,17,21
20250528,동대문역사문화공원,당산,18,20
20250528,동대문역사문화공원,당산,19,13
20250528,동대문역사문화공원,당산,20,8
20250528,동대문역사문화공원,당산,21,12
20250528,동대문역사문화공원,당산,22,12
20250528,동대문역사문화공원,당산,23,6
20250528,동대문역사문화공원,대림(구로구청),0,1
20250528,동대문역사문화공원,대림(구로구청),4,1
20250528,동대문역사문화공원,대림(구로구청),5,5
20250528,동대문역사문화공원,대림(구로구청),6,6
20250528,동대문역사문화공원,대림(구로구청),7,1
20250528,동대문역사문화공원,대림(구로구청),8,2
20250528,동대문역사문화공원,대림(구로구청),9,3
20250528,동대문역사문화공원,대림(구로구청),10,5
20250528,동대문역사문화공원,대림(구로구청),11,5
20250528,동대문역사문화공원,대림(구로구청),12,9
20250528,동대문역사문화공원,대림(구로구청),13,9
20250528,동대문역사문화공원,대림(구로구청),14,12
20250528,동대문역사문화공원,대림(구로구청),15,7
20250528,동대문역사문화공원,대림(구로구청),16,16
20250528,동대문역사문화공원,대림(구로구청),17,19
20250528,동대문역사문화공원,대림(구로구청),18,20
20250528,동대문역사문화공원,대림(구로구청),19,9
20250528,동대문역사문화공원,대림(구로구청),20,13
20250528,동대문역사문화공원,대림(구로구청),21,21
20250528,동대문역사문화공원,대림(구로구청),22,11
20250528,동대문역사문화공원,대림(구로구청),23,4
20250528,동대문역사문화공원,동대문역사문화공원,4,2
20250528,동대문역사문화공원,동대문역사문화공원,5,5
20250528,동대문역사문화공원,동대문역사문화공원,6,4
20250528,동대문역사문화공원,동대문역사문화공원,7,10
20250528,동대문역사문화공원,동대문역사문화공원,8,9
20250528,동대문역사문화공원,동대문역사문화공원,9,10
20250528,동대문역사문화공원,동대문역사문화공원,10,11
20250528,동대문역사문화공원,동대문역사문화공원,11,18
20250528,동대문역사문화공원,동대문역사문화공원,12,19
20250528,동대문역사문화공원,동대문역사문화공원,13,12
20250528,동대문역사문화공원,동대문역사문화공원,14,19
20250528,동대문역사문화공원,동대문역사문화공원,15,18
20250528,동대문역사문화공원,동대문역사문화공원,16,19
20250528,동대문역사문화공원,동대문역사문화공원,17,23
20250528,동대문역사문화공원,동대문역사문화공원,18,23
20250528,동대문역사문화공원,동대문역사문화공원,19,27
20250528,동대문역사문화공원,동대문역사문화공원,20,27
20250528,동대문역사문화공원,동대문역사문화공원,21,6
20250528,동대문역사문화공원,동대문역사문화공원,22,23
20250528,동대문역사문화공원,동대문역사문화공원,23,7
20250528,동대문역사문화공원,뚝섬,0,2
20250528,동대문역사문화공원,뚝섬,5,1
20250528,동대문역사문화공원,뚝섬,6,4
20250528,동대문역사문화공원,뚝섬,7,9
20250528,동대문역사문화공원,뚝섬,8,14
20250528,동대문역사문화공원,뚝섬,9,28
20250528,동대문역사문화공원,뚝섬,10,21
20250528,동대문역사문화공원,뚝섬,11,22
20250528,동대문역사문화공원,뚝섬,12,19
20250528,동대문역사문화공원,뚝섬,13,32
20250528,동대문역사문화공원,뚝섬,14,20
20250528,동대문역사문화공원,뚝섬,15,31
20250528,동대문역사문화공원,뚝섬,16,27
20250528,동대문역사문화공원,뚝섬,17,35
20250528,동대문역사문화공원,뚝섬,18,33
20250528,동대문역사문화공원,뚝섬,19,11
20250528,동대문역사문화공원,뚝섬,20,7
20250528,동대문역사문화공원,뚝섬,21,9
20250528,동대문역사문화공원,뚝섬,22,7
20250528,동대문역사문화공원,뚝섬,23,3
20250528,동대문역사문화공원,문래,5,1
20250528,동대문역사문화공원,문래,6,1
20250528,동대문역사문화공원,문래,8,5
20250528,동대문역사문화공원,문래,11,2
20250528,동대문역사문화공원,문래,12,2
20250528,동대문역사문화공원,문래,13,2
20250528,동대문역사문화공원,문래,14,4
20250528,동대문역사문화공원,문래,15,4
20250528,동대문역사문화공원,문래,16,9
20250528,동대문역사문화공원,문래,17,20
20250528,동대문역사문화공원,문래,18,14
20250528,동대문역사문화공원,문래,19,5
20250528,동대문역사문화공원,문래,20,3
20250528,동대문역사문화공원,문래,21,7
20250528,동대문역사문화공원,문래,22,4
20250528,동대문역사문화공원,방배,11,1
20250528,동대문역사문화공원,방배,14,2
20250528,동대문역사문화공원,방배,15,2
20250528,동대문역사문화공원,방배,17,4
20250528,동대문역사문화공원,방배,22,1
20250528,동대문역사문화공원,봉천,0,2
20250528,동대문역사문화공원,봉천,5,1
20250528,동대문역사문화공원,봉천,9,1
20250528,동대문역사문화공원,봉천,11,1
20250528,동대문역사문화공원,봉천,13,5
20250528,동대문역사문화공원,봉천,15,2
20250528,동대문역사문화공원,봉천,16,9
20250528,동대문역사문화공원,봉천,17,5
20250528,동대문역사문화공원,봉천,18,9
20250528,동대문역사문화공원,봉천,19,14
20250528,동대문역사문화공원,봉천,20,4
20250528,동대문역사문화공원,봉천,21,4
20250528,동대문역사문화공원,봉천,22,3
20250528,동대문역사문화공원,봉천,23,3
20250528,동대문역사문화공원,사당,9,1
20250528,동대문역사문화공원,사당,10,1
20250528,동대문역사문화공원,사당,12,1
20250528,동대문역사문화공원,사당,13,4
20250528,동대문역사문화공원,사당,18,3
20250528,동대문역사문화공원,사당,20,2
20250528,동대문역사문화공원,사당,21,2
20250528,동대문역사문화공원,사당,22,6
20250528,동대문역사문화공원,사당,23,1
20250528,동대문역사문화공원,삼성(무역센터),5,4
20250528,동대문역사문화공원,삼성(무역센터),6,4
20250528,동대문역사문화공원,삼성(무역센터),7,7
20250528,동대문역사문화공원,삼성(무역센터),8,22
20250528,동대문역사문화공원,삼성(무역센터),9,40
20250528,동대문역사문화공원,삼성(무역센터),10,26
20250528,동대문역사문화공원,삼성(무역센터),11,23
20250528,동대문역사문화공원,삼성(무역센터),12,19
20250528,동대문역사문화공원,삼성(무역센터),13,15
20250528,동대문역사문화공원,삼성(무역센터),14,16
20250528,동대문역사문화공원,삼성(무역센터),15,28
20250528,동대문역사문화공원,삼성(무역센터),16,22
20250528,동대문역사문화공원,삼성(무역센터),17,22
20250528,동대문역사문화공원,삼성(무역센터),18,18
20250528,동대문역사문화공원,삼성(무역센터),19,6
20250528,동대문역사문화공원,삼성(무역센터),20,5
20250528,동대문역사문화공원,삼성(무역센터),21,6
20250528,동대문역사문화공원,삼성(무역센터),23,7
20250528,동대문역사문화공원,상왕십리,0,1
20250528,동대문역사문화공원,상왕십리,6,7
20250528,동대문역사문화공원,상왕십리,7,4
20250528,동대문역사문화공원,상왕십리,8,3
20250528,동대문역사문화공원,상왕십리,9,2
20250528,동대문역사문화공원,상왕십리,10,8
20250528,동대문역사문화공원,상왕십리,11,9
20250528,동대문역사문화공원,상왕십리,12,12
20250528,동대문역사문화공원,상왕십리,13,17
20250528,동대문역사문화공원,상왕십리,14,19
20250528,동대문역사문화공원,상왕십리,15,34
20250528,동대문역사문화공원,상왕십리,16,23
20250528,동대문역사문화공원,상왕십리,17,30
20250528,동대문역사문화공원,상왕십리,18,40
20250528,동대문역사문화공원,상왕십리,19,23
20250528,동대문역사문화공원,상왕십리,20,7
20250528,동대문역사문화공원,상왕십리,21,14
20250528,동대문역사문화공원,상왕십리,22,10
20250528,동대문역사문화공원,상왕십리,23,10
20250528,동대문역사문화공원,서울대입구(관악구청),0,4
20250528,동대문역사문화공원,서울대입구(관악구청),5,1
20250528,동대문역사문화공원,서울대입구(관악구청),7,1
20250528,동대문역사문화공원,서울대입구(관악구청),8,1
20250528,동대문역사문화공원,서울대입구(관악구청),10,1
20250528,동대문역사문화공원,서울대입구(관악구청),11,3
20250528,동대문역사문화공원,서울대입구(관악구청),12,1
20250528,동대문역사문화공원,서울대입구(관악구청),13,2
20250528,동대문역사문화공원,서울대입구(관악구청),15,6
20250528,동대문역사문화공원,서울대입구(관악구청),16,5
20250528,동대문역사문화공원,서울대입구(관악구청),17,4
20250528,동대문역사문화공원,서울대입구(관악구청),18,10
20250528,동대문역사문화공원,서울대입구(관악구청),19,3
20250528,동대문역사문화공원,서울대입구(관악구청),20,2
20250528,동대문역사문화공원,서울대입구(관악구청),21,5
20250528,동대문역사문화공원,서울대입구(관악구청),22,5
20250528,동대문역사문화공원,서울대입구(관악구청),23,4
20250528,동대문역사문화공원,서초,8,2
20250528,동대문역사문화공원,서초,9,1
20250528,동대문역사문화공원,서초,10,1
20250528,동대문역사문화공원,서초,12,1
20250528,동대문역사문화공원,서초,14,1
20250528,동대문역사문화공원,서초,16,1
20250528,동대문역사문화공원,서초,17,2
20250528,동대문역사문화공원,서초,19,1
20250528,동대문역사문화공원,서초,20,3
20250528,동대문역사문화공원,선릉,5,3
20250528,동대문역사문화공원,선릉,6,1
20250528,동대문역사문화공원,선릉,7,4
20250528,동대문역사문화공원,선릉,8,3
20250528,동대문역사문화공원,선릉,9,4
20250528,동대문역사문화공원,선릉,10,2
20250528,동대문역사문화공원,선릉,11,5
20250528,동대문역사문화공원,선릉,12,3
20250528,동대문역사문화공원,선릉,13,6
20250528,동대문역사문화공원,선릉,14,6
20250528,동대문역사문화공원,선릉,15,3
20250528,동대문역사문화공원,선릉,16,5
20250528,동대문역사문화공원,선릉,17,8
20250528,동대문역사문화공원,선릉,18,5
20250528,동대문역사문화공원,선릉,20,6
20250528,동대문역사문화공원,선릉,21,3
20250528,동대문역사문화공원,성수,0,5
20250528,동대문역사문화공원,성수,5,4
20250528,동대문역사문화공원,성수,6,4
20250528,동대문역사문화공원,성수,7,10
20250528,동대문역사문화공원,성수,8,31
20250528,동대문역사문화공원,성수,9,45
20250528,동대문역사문화공원,성수,10,57
20250528,동대문역사문화공원,성수,11,64
20250528,동대문역사문화공원,성수,12,69
20250528,동대문역사문화공원,성수,13,58
20250528,동대문역사문화공원,성수,14,66
20250528,동대문역사문화공원,성수,15,60
20250528,동대문역사문화공원,성수,16,58
20250528,동대문역사문화공원,성수,17,47
20250528,동대문역사문화공원,성수,18,54
20250528,동대문역사문화공원,성수,19,27
20250528,동대문역사문화공원,성수,20,10
20250528,동대문역사문화공원,성수,21,13
20250528,동대문역사문화공원,성수,22,7
20250528,동대문역사문화공원,성수,23,2
20250528,동대문역사문화공원,시청,5,5
20250528,동대문역사문화공원,시청,6,5
20250528,동대문역사문화공원,시청,7,7
20250528,동대문역사문화공원,시청,8,26
20250528,동대문역사문화공원,시청,9,23
20250528,동대문역사문화공원,시청,10,10
20250528,동대문역사문화공원,시청,11,2
20250528,동대문역사문화공원,시청,12,23
20250528,동대문역사문화공원,시청,13,20
20250528,동대문역사문화공원,시청,14,6
20250528,동대문역사문화공원,시청,15,20
20250528,동대문역사문화공원,시청,16,24
20250528,동대문역사문화공원,시청,17,13
20250528,동대문역사문화공원,시청,18,16
20250528,동대문역사문화공원,시청,19,15
20250528,동대문역사문화공원,시청,20,9
20250528,동대문역사문화공원,시청,21,16
20250528,동대문역사문화공원,시청,22,18
20250528,동대문역사문화공원,시청,23,8
20250528,동대문역사문화공원,신당,0,2
20250528,동대문역사문화공원,신당,6,2
20250528,동대문역사문화공원,신당,7,6
20250528,동대문역사문화공원,신당,8,10
20250528,동대문역사문화공원,신당,9,10
20250528,동대문역사문화공원,신당,10,21
20250528,동대문역사문화공원,신당,11,18
20250528,동대문역사문화공원,신당,12,13
20250528,동대문역사문화공원,신당,13,23
20250528,동대문역사문화공원,신당,14,26
20250528,동대문역사문화공원,신당,15,38
20250528,동대문역사문화공원,신당,16,31
20250528,동대문역사문화공원,신당,17,46
20250528,동대문역사문화공원,신당,18,37
20250528,동대문역사문화공원,신당,19,14
20250528,동대문역사문화공원,신당,20,27
20250528,동대문역사문화공원,신당,21,16
20250528,동대문역사문화공원,신당,22,12
20250528,동대문역사문화공원,신당,23,3
20250528,동대문역사문화공원,신대방,0,1
20250528,동대문역사문화공원,신대방,5,8
20250528,동대문역사문화공원,신대방,6,1
20250528,동대문역사문화공원,신대방,7,1
20250528,동대문역사문화공원,신대방,8,4
20250528,동대문역사문화공원,신대방,9,3
20250528,동대문역사문화공원,신대방,11,1
20250528,동대문역사문화공원,신대방,12,6
20250528,동대문역사문화공원,신대방,13,4
20250528,동대문역사문화공원,신대방,14,4
20250528,동대문역사문화공원,신대방,15,5
20250528,동대문역사문화공원,신대방,16,9
20250528,동대문역사문화공원,신대방,17,16
20250528,동대문역사문화공원,신대방,18,28
20250528,동대문역사문화공원,신대방,19,6
20250528,동대문역사문화공원,신대방,20,6
20250528,동대문역사문화공원,신대방,21,11
20250528,동대문역사문화공원,신대방,22,10
20250528,동대문역사문화공원,신대방,23,4
20250528,동대문역사문화공원,신도림,0,2
20250528,동대문역사문화공원,신도림,5,6
20250528,동대문역사문화공원,신도림,6,1
20250528,동대문역사문화공원,신도림,7,5
20250528,동대문역사문화공원,신도림,9,2
20250528,동대문역사문화공원,신도림,10,2
20250528,동대문역사문화공원,신도림,11,2
20250528,동대문역사문화공원,신도림,12,4
20250528,동대문역사문화공원,신도림,13,7
20250528,동대문역사문화공원,신도림,14,6
20250528,동대문역사문화공원,신도림,15,14
20250528,동대문역사문화공원,신도림,16,22
20250528,동대문역사문화공원,신도림,17,31
20250528,동대문역사문화공원,신도림,18,33
20250528,동대문역사문화공원,신도림,19,13
20250528,동대문역사문화공원,신도림,20,23
20250528,동대문역사문화공원,신도림,21,17
20250528,동대문역사문화공원,신도림,22,8
20250528,동대문역사문화공원,신도림,23,10
20250528,동대문역사문화공원,신림,0,3
20250528,동대문역사문화공원,신림,5,4
20250528,동대문역사문화공원,신림,7,1
20250528,동대문역사문화공원,신림,8,8
20250528,동대문역사문화공원,신림,9,3
20250528,동대문역사문화공원,신림,11,1
20250528,동대문역사문화공원,신림,12,4
20250528,동대문역사문화공원,신림,13,4
20250528,동대문역사문화공원,신림,14,6
20250528,동대문역사문화공원,신림,15,7
20250528,동대문역사문화공원,신림,16,17
20250528,동대문역사문화공원,신림,17,18
20250528,동대문역사문화공원,신림,18,33
20250528,동대문역사문화공원,신림,19,16
20250528,동대문역사문화공원,신림,20,15
20250528,동대문역사문화공원,신림,21,16
20250528,동대문역사문화공원,신림,22,10
20250528,동대문역사문화공원,신림,23,5
20250528,동대문역사문화공원,신촌,0,5
20250528,동대문역사문화공원,신촌,5,5
20250528,동대문역사문화공원,신촌,6,5
20250528,동대문역사문화공원,신촌,7,11
20250528,동대문역사문화공원,신촌,8,18
20250528,동대문역사문화공원,신촌,9,11
20250528,동대문역사문화공원,신촌,10,11
20250528,동대문역사문화공원,신촌,11,21
20250528,동대문역사문화공원,신촌,12,13
20250528,동대문역사문화공원,신촌,13,25
20250528,동대문역사문화공원,신촌,14,32
20250528,동대문역사문화공원,신촌,15,38
20250528,동대문역사문화공원,신촌,16,38
20250528,동대문역사문화공원,신촌,17,59
20250528,동대문역사문화공원,신촌,18,49
20250528,동대문역사문화공원,신촌,19,35
20250528,동대문역사문화공원,신촌,20,28
20250528,동대문역사문화공원,신촌,21,34
20250528,동대문역사문화공원,신촌,22,32
20250528,동대문역사문화공원,신촌,23,20
20250528,동대문역사문화공원,아현,0,2
20250528,동대문역사문화공원,아현,6,2
20250528,동대문역사문화공원,아현,7,2
20250528,동대문역사문화공원,아현,8,2
20250528,동대문역사문화공원,아현,10,4
20250528,동대문역사문화공원,아현,11,1
20250528,동대문역사문화공원,아현,12,9
20250528,동대문역사문화공원,아현,13,6
20250528,동대문역사문화공원,아현,14,11
20250528,동대문역사문화공원,아현,15,14
20250528,동대문역사문화공원,아현,16,10
20250528,동대문역사문화공원,아현,17,21
20250528,동대문역사문화공원,아현,18,33
20250528,동대문역사문화공원,아현,19,11
20250528,동대문역사문화공원,아현,20,10
20250528,동대문역사문화공원,아현,21,10
20250528,동대문역사문화공원,아현,22,10
20250528,동대문역사문화공원,아현,23,5
20250528,동대문역사문화공원,역삼,5,1
20250528,동대문역사문화공원,역삼,6,2
20250528,동대문역사문화공원,역삼,7,11
20250528,동대문역사문화공원,역삼,8,7
20250528,동대문역사문화공원,역삼,9,14
20250528,동대문역사문화공원,역삼,10,10
20250528,동대문역사문화공원,역삼,11,6
20250528,동대문역사문화공원,역삼,12,5
20250528,동대문역사문화공원,역삼,13,2
20250528,동대문역사문화공원,역삼,14,6
20250528,동대문역사문화공원,역삼,15,6
20250528,동대문역사문화공원,역삼,16,3
20250528,동대문역사문화공원,역삼,17,9
20250528,동대문역사문화공원,역삼,18,1
20250528,동대문역사문화공원,역삼,19,6
20250528,동대문역사문화공원,역삼,20,2
20250528,동대문역사문화공원,역삼,21,2
20250528,동대문역사문화공원,역삼,22,5
20250528,동대문역사문화공원,역삼,23,5
20250528,동대문역사문화공원,영등포구청,0,1
20250528,동대문역사문화공원,영등포구청,5,6
20250528,동대문역사문화공원,영등포구청,7,2
20250528,동대문역사문화공원,영등포구청,8,4
20250528,동대문역사문화공원,영등포구청,9,2
20250528,동대문역사문화공원,영등포구청,10,1
20250528,동대문역사문화공원,영등포구청,11,3
20250528,동대문역사문화공원,영등포구청,13,5
20250528,동대문역사문화공원,영등포구청,14,5
20250528,동대문역사문화공원,영등포구청,15,2
20250528,동대문역사문화공원,영등포구청,16,6
20250528,동대문역사문화공원,영등포구청,17,10
20250528,동대문역사문화공원,영등포구청,18,10
20250528,동대문역사문화공원,영등포구청,19,5
20250528,동대문역사문화공원,영등포구청,20,3
20250528,동대문역사문화공원,영등포구청,21,3
20250528,동대문역사문화공원,영등포구청,22,2
20250528,동대문역사문화공원,영등포구청,23,3
20250528,동대문역사문화공원,왕십리(성동구청),0,2
20250528,동대문역사문화공원,왕십리(성동구청),6,2
20250528,동대문역사문화공원,왕십리(성동구청),7,3
20250528,동대문역사문화공원,왕십리(성동구청),8,4
20250528,동대문역사문화공원,왕십리(성동구청),9,4
20250528,동대문역사문화공원,왕십리(성동구청),10,9
20250528,동대문역사문화공원,왕십리(성동구청),11,7
20250528,동대문역사문화공원,왕십리(성동구청),12,10
20250528,동대문역사문화공원,왕십리(성동구청),13,6
20250528,동대문역사문화공원,왕십리(성동구청),14,17
20250528,동대문역사문화공원,왕십리(성동구청),15,23
20250528,동대문역사문화공원,왕십리(성동구청),16,30
20250528,동대문역사문화공원,왕십리(성동구청),17,45
20250528,동대문역사문화공원,왕십리(성동구청),18,40
20250528,동대문역사문화공원,왕십리(성동구청),19,25
20250528,동대문역사문화공원,왕십리(성동구청),20,31
20250528,동대문역사문화공원,왕십리(성동구청),21,21
20250528,동대문역사문화공원,왕십리(성동구청),22,15
20250528,동대문역사문화공원,왕십리(성동구청),23,6
20250528,동대문역사문화공원,용두(동대문구청),13,1
20250528,동대문역사문화공원,용두(동대문구청),16,1
20250528,동대문역사문화공원,을지로3가,0,8
20250528,동대문역사문화공원,을지로3가,6,2
20250528,동대문역사문화공원,을지로3가,7,7
20250528,동대문역사문화공원,을지로3가,8,12
20250528,동대문역사문화공원,을지로3가,9,13
20250528,동대문역사문화공원,을지로3가,10,9
20250528,동대문역사문화공원,을지로3가,11,14
20250528,동대문역사문화공원,을지로3가,12,18
20250528,동대문역사문화공원,을지로3가,13,23
20250528,동대문역사문화공원,을지로3가,14,14
20250528,동대문역사문화공원,을지로3가,15,7
20250528,동대문역사문화공원,을지로3가,16,31
20250528,동대문역사문화공원,을지로3가,17,31
20250528,동대문역사문화공원,을지로3가,18,26
20250528,동대문역사문화공원,을지로3가,19,25
20250528,동대문역사문화공원,을지로3가,20,16
20250528,동대문역사문화공원,을지로3가,21,18
20250528,동대문역사문화공원,을지로3가,22,8
20250528,동대문역사문화공원,을지로3가,23,10
20250528,동대문역사문화공원,을지로4가,5,1
20250528,동대문역사문화공원,을지로4가,6,1
20250528,동대문역사문화공원,을지로4가,7,7
20250528,동대문역사문화공원,을지로4가,8,10
20250528,동대문역사문화공원,을지로4가,9,8
20250528,동대문역사문화공원,을지로4가,10,8
20250528,동대문역사문화공원,을지로4가,11,7
20250528,동대문역사문화공원,을지로4가,12,15
20250528,동대문역사문화공원,을지로4가,13,8
20250528,동대문역사문화공원,을지로4가,14,10
20250528,동대문역사문화공원,을지로4가,15,2
20250528,동대문역사문화공원,을지로4가,16,8
20250528,동대문역사문화공원,을지로4가,17,8
20250528,동대문역사문화공원,을지로4가,18,3
20250528,동대문역사문화공원,을지로4가,19,13
20250528,동대문역사문화공원,을지로4가,20,9
20250528,동대문역사문화공원,을지로4가,21,3
20250528,동대문역사문화공원,을지로4가,22,6
20250528,동대문역사문화공원,을지로4가,23,15
20250528,동대문역사문화공원,을지로입구,0,5
20250528,동대문역사문화공원,을지로입구,5,3
20250528,동대문역사문화공원,을지로입구,6,5
20250528,동대문역사문화공원,을지로입구,7,14
20250528,동대문역사문화공원,을지로입구,8,34
20250528,동대문역사문화공원,을지로입구,9,35
20250528,동대문역사문화공원,을지로입구,10,48
20250528,동대문역사문화공원,을지로입구,11,43
20250528,동대문역사문화공원,을지로입구,12,61
20250528,동대문역사문화공원,을지로입구,13,40
20250528,동대문역사문화공원,을지로입구,14,45
20250528,동대문역사문화공원,을지로입구,15,64
20250528,동대문역사문화공원,을지로입구,16,68
20250528,동대문역사문화공원,을지로입구,17,89
20250528,동대문역사문화공원,을지로입구,18,67
20250528,동대문역사문화공원,을지로입구,19,48
20250528,동대문역사문화공원,을지로입구,20,45
20250528,동대문역사문화공원,을지로입구,21,20
20250528,동대문역사문화공원,을지로입구,22,30
20250528,동대문역사문화공원,을지로입구,23,24
20250528,동대문역사문화공원,이대,0,1
20250528,동대문역사문화공원,이대,5,1
20250528,동대문역사문화공원,이대,7,5
20250528,동대문역사문화공원,이대,8,3
20250528,동대문역사문화공원,이대,9,12
20250528,동대문역사문화공원,이대,10,6
20250528,동대문역사문화공원,이대,11,5
20250528,동대문역사문화공원,이대,12,9
20250528,동대문역사문화공원,이대,13,7
20250528,동대문역사문화공원,이대,14,11
20250528,동대문역사문화공원,이대,15,15
20250528,동대문역사문화공원,이대,16,13
20250528,동대문역사문화공원,이대,17,23
20250528,동대문역사문화공원,이대,18,24
20250528,동대문역사문화공원,이대,19,13
20250528,동대문역사문화공원,이대,20,11
20250528,동대문역사문화공원,이대,21,10
20250528,동대문역사문화공원,이대,22,7
20250528,동대문역사문화공원,이대,23,13
20250528,동대문역사문화공원,잠실(송파구청),0,2
20250528,동대문역사문화공원,잠실(송파구청),4,4
20250528,동대문역사문화공원,잠실(송파구청),5,6
20250528,동대문역사문화공원,잠실(송파구청),6,1
20250528,동대문역사문화공원,잠실(송파구청),7,13
20250528,동대문역사문화공원,잠실(송파구청),8,17
20250528,동대문역사문화공원,잠실(송파구청),9,24
20250528,동대문역사문화공원,잠실(송파구청),10,27
20250528,동대문역사문화공원,잠실(송파구청),11,16
20250528,동대문역사문화공원,잠실(송파구청),12,23
20250528,동대문역사문화공원,잠실(송파구청),13,35
20250528,동대문역사문화공원,잠실(송파구청),14,45
20250528,동대문역사문화공원,잠실(송파구청),15,44
20250528,동대문역사문화공원,잠실(송파구청),16,43
20250528,동대문역사문화공원,잠실(송파구청),17,64
20250528,동대문역사문화공원,잠실(송파구청),18,64
20250528,동대문역사문화공원,잠실(송파구청),19,34
20250528,동대문역사문화공원,잠실(송파구청),20,34
20250528,동대문역사문화공원,잠실(송파구청),21,20
20250528,동대문역사문화공원,잠실(송파구청),22,27
20250528,동대문역사문화공원,잠실(송파구청),23,9
20250528,동대문역사문화공원,잠실나루,0,1
20250528,동대문역사문화공원,잠실나루,5,8
20250528,동대문역사문화공원,잠실나루,6,2
20250528,동대문역사문화공원,잠실나루,7,4
20250528,동대문역사문화공원,잠실나루,8,4
20250528,동대문역사문화공원,잠실나루,9,2
20250528,동대문역사문화공원,잠실나루,10,5
20250528,동대문역사문화공원,잠실나루,11,8
20250528,동대문역사문화공원,잠실나루,12,8
20250528,동대문역사문화공원,잠실나루,13,10
20250528,동대문역사문화공원,잠실나루,14,6
20250528,동대문역사문화공원,잠실나루,15,5
20250528,동대문역사문화공원,잠실나루,16,17
20250528,동대문역사문화공원,잠실나루,17,14
20250528,동대문역사문화공원,잠실나루,18,17
20250528,동대문역사문화공원,잠실나루,19,8
20250528,동대문역사문화공원,잠실나루,20,6
20250528,동대문역사문화공원,잠실나루,21,3
20250528,동대문역사문화공원,잠실나루,22,4
20250528,동대문역사문화공원,잠실나루,23,4
20250528,동대문역사문화공원,잠실새내,5,1
20250528,동대문역사문화공원,잠실새내,7,3
20250528,동대문역사문화공원,잠실새내,8,2
20250528,동대문역사문화공원,잠실새내,9,4
20250528,동대문역사문화공원,잠실새내,10,7
20250528,동대문역사문화공원,잠실새내,11,4
20250528,동대문역사문화공원,잠실새내,12,4
20250528,동대문역사문화공원,잠실새내,13,13
20250528,동대문역사문화공원,잠실새내,14,10
20250528,동대문역사문화공원,잠실새내,15,11
20250528,동대문역사문화공원,잠실새내,16,29
20250528,동대문역사문화공원,잠실새내,17,27
20250528,동대문역사문화공원,잠실새내,18,25
20250528,동대문역사문화공원,잠실새내,19,9
20250528,동대문역사문화공원,잠실새내,20,6
20250528,동대문역사문화공원,잠실새내,21,15
20250528,동대문역사문화공원,잠실새내,22,7
20250528,동대문역사문화공원,잠실새내,23,4
20250528,동대문역사문화공원,종합운동장,5,1
20250528,동대문역사문화공원,종합운동장,6,2
20250528,동대문역사문화공원,종합운동장,8,1
20250528,동대문역사문화공원,종합운동장,10,1
20250528,동대문역사문화공원,종합운동장,11,4
20250528,동대문역사문화공원,종합운동장,12,1
20250528,동대문역사문화공원,종합운동장,13,4
20250528,동대문역사문화공원,종합운동장,14,3
20250528,동대문역사문화공원,종합운동장,15,10
20250528,동대문역사문화공원,종합운동장,16,18
20250528,동대문역사문화공원,종합운동장,17,42
20250528,동대문역사문화공원,종합운동장,18,20
20250528,동대문역사문화공원,종합운동장,19,3
20250528,동대문역사문화공원,종합운동장,20,3
20250528,동대문역사문화공원,종합운동장,21,1
20250528,동대문역사문화공원,종합운동장,22,2
20250528,동대문역사문화공원,종합운동장,23,1
20250528,동대문역사문화공원,충정로(경기대입구),0,2
20250528,동대문역사문화공원,충정로(경기대입구),6,1
20250528,동대문역사문화공원,충정로(경기대입구),7,6
20250528,동대문역사문화공원,충정로(경기대입구),8,6
20250528,동대문역사문화공원,충정로(경기대입구),9,2
20250528,동대문역사문화공원,충정로(경기대입구),10,3
20250528,동대문역사문화공원,충정로(경기대입구),11,3
20250528,동대문역사문화공원,충정로(경기대입구),12,4
20250528,동대문역사문화공원,충정로(경기대입구),13,5
20250528,동대문역사문화공원,충정로(경기대입구),14,3
20250528,동대문역사문화공원,충정로(경기대입구),15,16
20250528,동대문역사문화공원,충정로(경기대입구),16,4
20250528,동대문역사문화공원,충정로(경기대입구),17,12
20250528,동대문역사문화공원,충정로(경기대입구),18,12
20250528,동대문역사문화공원,충정로(경기대입구),19,8
20250528,동대문역사문화공원,충정로(경기대입구),20,3
20250528,동대문역사문화공원,충정로(경기대입구),21,7
20250528,동대문역사문화공원,충정로(경기대입구),22,6
20250528,동대문역사문화공원,충정로(경기대입구),23,5
20250528,동대문역사문화공원,한양대,0,1
20250528,동대문역사문화공원,한양대,6,2
20250528,동대문역사문화공원,한양대,7,2
20250528,동대문역사문화공원,한양대,8,13
20250528,동대문역사문화공원,한양대,9,6
20250528,동대문역사문화공원,한양대,10,9
20250528,동대문역사문화공원,한양대,11,5
20250528,동대문역사문화공원,한양대,12,9
20250528,동대문역사문화공원,한양대,13,5
20250528,동대문역사문화공원,한양대,14,8
20250528,동대문역사문화공원,한양대,15,13
20250528,동대문역사문화공원,한양대,16,5
20250528,동대문역사문화공원,한양대,17,13
20250528,동대문역사문화공원,한양대,18,2
20250528,동대문역사문화공원,한양대,19,11
20250528,동대문역사문화공원,한양대,20,1
20250528,동대문역사문화공원,한양대,22,2
20250528,동대문역사문화공원,한양대,23,1
20250528,동대문역사문화공원,합정,0,6
20250528,동대문역사문화공원,합정,5,2
20250528,동대문역사문화공원,합정,6,2
20250528,동대문역사문화공원,합정,7,2
20250528,동대문역사문화공원,합정,8,5
20250528,동대문역사문화공원,합정,9,2
20250528,동대문역사문화공원,합정,10,4
20250528,동대문역사문화공원,합정,11,8
20250528,동대문역사문화공원,합정,12,13
20250528,동대문역사문화공원,합정,13,4
20250528,동대문역사문화공원,합정,14,6
20250528,동대문역사문화공원,합정,15,16
20250528,동대문역사문화공원,합정,16,22
20250528,동대문역사문화공원,합정,17,31
20250528,동대문역사문화공원,합정,18,32
20250528,동대문역사문화공원,합정,19,35
20250528,동대문역사문화공원,합정,20,11
20250528,동대문역사문화공원,합정,21,11
20250528,동대문역사문화공원,합정,22,15
20250528,동대문역사문화공원,합정,23,14
20250528,동대문역사문화공원,홍대입구,0,6
20250528,동대문역사문화공원,홍대입구,5,4
20250528,동대문역사문화공원,홍대입구,6,3
20250528,동대문역사문화공원,홍대입구,7,9
20250528,동대문역사문화공원,홍대입구,8,22
20250528,동대문역사문화공원,홍대입구,9,33
20250528,동대문역사문화공원,홍대입구,10,46
20250528,동대문역사문화공원,홍대입구,11,37
20250528,동대문역사문화공원,홍대입구,12,30
20250528,동대문역사문화공원,홍대입구,13,41
20250528,동대문역사문화공원,홍대입구,14,51
20250528,동대문역사문화공원,홍대입구,15,55
20250528,동대문역사문화공원,홍대입구,16,73
20250528,동대문역사문화공원,홍대입구,17,74
20250528,동대문역사문화공원,홍대입구,18,121
20250528,동대문역사문화공원,홍대입구,19,70
20250528,동대문역사문화공원,홍대입구,20,63
20250528,동대문역사문화공원,홍대입구,21,73
20250528,동대문역사문화공원,홍대입구,22,41
20250528,동대문역사문화공원,홍대입구,23,41
20250528,뚝섬,강남,0,2
20250528,뚝섬,강남,5,4
20250528,뚝섬,강남,6,3
20250528,뚝섬,강남,7,22
20250528,뚝섬,강남,8,26
20250528,뚝섬,강남,9,19
20250528,뚝섬,강남,10,9
20250528,뚝섬,강남,11,11
20250528,뚝섬,강남,12,10
20250528,뚝섬,강남,13,10
20250528,뚝섬,강남,14,19
20250528,뚝섬,강남,15,26
20250528,뚝섬,강남,16,33
20250528,뚝섬,강남,17,41
20250528,뚝섬,강남,18,72
20250528,뚝섬,강남,19,30
20250528,뚝섬,강남,20,21
20250528,뚝섬,강남,21,17
20250528,뚝섬,강남,22,19
20250528,뚝섬,강남,23,7
20250528,뚝섬,강변(동서울터미널),0,1
20250528,뚝섬,강변(동서울터미널),5,5
20250528,뚝섬,강변(동서울터미널),6,11
20250528,뚝섬,강변(동서울터미널),7,14
20250528,뚝섬,강변(동서울터미널),8,19
20250528,뚝섬,강변(동서울터미널),9,5
20250528,뚝섬,강변(동서울터미널),10,14
20250528,뚝섬,강변(동서울터미널),11,10
20250528,뚝섬,강변(동서울터미널),12,13
20250528,뚝섬,강변(동서울터미널),13,24
20250528,뚝섬,강변(동서울터미널),14,24
20250528,뚝섬,강변(동서울터미널),15,31
20250528,뚝섬,강변(동서울터미널),16,41
20250528,뚝섬,강변(동서울터미널),17,67
20250528,뚝섬,강변(동서울터미널),18,119
20250528,뚝섬,강변(동서울터미널),19,56
20250528,뚝섬,강변(동서울터미널),20,48
20250528,뚝섬,강변(동서울터미널),21,39
20250528,뚝섬,강변(동서울터미널),22,33
20250528,뚝섬,강변(동서울터미널),23,6
20250528,뚝섬,건대입구,5,3
20250528,뚝섬,건대입구,6,13
20250528,뚝섬,건대입구,7,12
20250528,뚝섬,건대입구,8,21
20250528,뚝섬,건대입구,9,25
20250528,뚝섬,건대입구,10,34
20250528,뚝섬,건대입구,11,28
20250528,뚝섬,건대입구,12,26
20250528,뚝섬,건대입구,13,34
20250528,뚝섬,건대입구,14,56
20250528,뚝섬,건대입구,15,66
20250528,뚝섬,건대입구,16,49
20250528,뚝섬,건대입구,17,129
20250528,뚝섬,건대입구,18,239
20250528,뚝섬,건대입구,19,116
20250528,뚝섬,건대입구,20,73
20250528,뚝섬,건대입구,21,78
20250528,뚝섬,건대입구,22,45
20250528,뚝섬,건대입구,23,16
20250528,뚝섬,교대(법원.검찰청),6,4
20250528,뚝섬,교대(법원.검찰청),7,9
20250528,뚝섬,교대(법원.검찰청),8,13
20250528,뚝섬,교대(법원.검찰청),9,2
20250528,뚝섬,교대(법원.검찰청),10,2
20250528,뚝섬,교대(법원.검찰청),11,4
20250528,뚝섬,교대(법원.검찰청),12,3
20250528,뚝섬,교대(법원.검찰청),13,4
20250528,뚝섬,교대(법원.검찰청),14,5
20250528,뚝섬,교대(법원.검찰청),15,3
20250528,뚝섬,교대(법원.검찰청),16,2
20250528,뚝섬,교대(법원.검찰청),17,7
20250528,뚝섬,교대(법원.검찰청),18,17
20250528,뚝섬,교대(법원.검찰청),19,6
20250528,뚝섬,교대(법원.검찰청),20,2
20250528,뚝섬,교대(법원.검찰청),21,3
20250528,뚝섬,교대(법원.검찰청),22,3
20250528,뚝섬,교대(법원.검찰청),23,1
20250528,뚝섬,구로디지털단지,5,2
20250528,뚝섬,구로디지털단지,6,2
20250528,뚝섬,구로디지털단지,7,8
20250528,뚝섬,구로디지털단지,8,6
20250528,뚝섬,구로디지털단지,9,1
20250528,뚝섬,구로디지털단지,10,4
20250528,뚝섬,구로디지털단지,11,6
20250528,뚝섬,구로디지털단지,12,2
20250528,뚝섬,구로디지털단지,13,6
20250528,뚝섬,구로디지털단지,14,3
20250528,뚝섬,구로디지털단지,15,7
20250528,뚝섬,구로디지털단지,16,13
20250528,뚝섬,구로디지털단지,17,29
20250528,뚝섬,구로디지털단지,18,54
20250528,뚝섬,구로디지털단지,19,25
20250528,뚝섬,구로디지털단지,20,23
20250528,뚝섬,구로디지털단지,21,15
20250528,뚝섬,구로디지털단지,22,13
20250528,뚝섬,구로디지털단지,23,6
20250528,뚝섬,구의(광진구청),0,2
20250528,뚝섬,구의(광진구청),5,4
20250528,뚝섬,구의(광진구청),6,7
20250528,뚝섬,구의(광진구청),7,15
20250528,뚝섬,구의(광진구청),8,30
20250528,뚝섬,구의(광진구청),9,15
20250528,뚝섬,구의(광진구청),10,14
20250528,뚝섬,구의(광진구청),11,29
20250528,뚝섬,구의(광진구청),12,21
20250528,뚝섬,구의(광진구청),13,21
20250528,뚝섬,구의(광진구청),14,40
20250528,뚝섬,구의(광진구청),15,47
20250528,뚝섬,구의(광진구청),16,43
20250528,뚝섬,구의(광진구청),17,95
20250528,뚝섬,구의(광진구청),18,174
20250528,뚝섬,구의(광진구청),19,104
20250528,뚝섬,구의(광진구청),20,52
20250528,뚝섬,구의(광진구청),21,72
20250528,뚝섬,구의(광진구청),22,36
20250528,뚝섬,구의(광진구청),23,14
20250528,뚝섬,낙성대,0,1
20250528,뚝섬,낙성대,5,1
20250528,뚝섬,낙성대,6,1
20250528,뚝섬,낙성대,7,2
20250528,뚝섬,낙성대,8,2
20250528,뚝섬,낙성대,9,1
20250528,뚝섬,낙성대,10,1
20250528,뚝섬,낙성대,14,6
20250528,뚝섬,낙성대,15,3
20250528,뚝섬,낙성대,16,5
20250528,뚝섬,낙성대,17,16
20250528,뚝섬,낙성대,18,27
20250528,뚝섬,낙성대,19,13
20250528,뚝섬,낙성대,20,6
20250528,뚝섬,낙성대,21,11
20250528,뚝섬,낙성대,22,9
20250528,뚝섬,낙성대,23,2
20250528,뚝섬,당산,0,1
20250528,뚝섬,당산,5,4
20250528,뚝섬,당산,6,4
20250528,뚝섬,당산,7,10
20250528,뚝섬,당산,8,6
20250528,뚝섬,당산,9,5
20250528,뚝섬,당산,10,2
20250528,뚝섬,당산,11,5
20250528,뚝섬,당산,12,7
20250528,뚝섬,당산,13,4
20250528,뚝섬,당산,14,4
20250528,뚝섬,당산,15,7
20250528,뚝섬,당산,16,16
20250528,뚝섬,당산,17,26
20250528,뚝섬,당산,18,35
20250528,뚝섬,당산,19,13
20250528,뚝섬,당산,20,14
20250528,뚝섬,당산,21,17
20250528,뚝섬,당산,22,12
20250528,뚝섬,당산,23,2
20250528,뚝섬,대림(구로구청),5,2
20250528,뚝섬,대림(구로구청),6,4
20250528,뚝섬,대림(구로구청),7,3
20250528,뚝섬,대림(구로구청),9,1
20250528,뚝섬,대림(구로구청),10,3
20250528,뚝섬,대림(구로구청),11,1
20250528,뚝섬,대림(구로구청),12,1
20250528,뚝섬,대림(구로구청),15,5
20250528,뚝섬,대림(구로구청),16,6
20250528,뚝섬,대림(구로구청),17,11
20250528,뚝섬,대림(구로구청),18,12
20250528,뚝섬,대림(구로구청),19,5
20250528,뚝섬,대림(구로구청),20,3
20250528,뚝섬,대림(구로구청),21,7
20250528,뚝섬,대림(구로구청),22,3
20250528,뚝섬,대림(구로구청),23,2
20250528,뚝섬,동대문역사문화공원,6,5
20250528,뚝섬,동대문역사문화공원,7,14
20250528,뚝섬,동대문역사문화공원,8,26
20250528,뚝섬,동대문역사문화공원,9,11
20250528,뚝섬,동대문역사문화공원,10,20
20250528,뚝섬,동대문역사문화공원,11,10
20250528,뚝섬,동대문역사문화공원,12,12
20250528,뚝섬,동대문역사문화공원,13,19
20250528,뚝섬,동대문역사문화공원,14,16
20250528,뚝섬,동대문역사문화공원,15,26
20250528,뚝섬,동대문역사문화공원,16,19
20250528,뚝섬,동대문역사문화공원,17,34
20250528,뚝섬,동대문역사문화공원,18,51
20250528,뚝섬,동대문역사문화공원,19,34
20250528,뚝섬,동대문역사문화공원,20,18
20250528,뚝섬,동대문역사문화공원,21,16
20250528,뚝섬,동대문역사문화공원,22,8
20250528,뚝섬,동대문역사문화공원,23,1
20250528,뚝섬,뚝섬,0,1
20250528,뚝섬,뚝섬,5,2
20250528,뚝섬,뚝섬,6,1
20250528,뚝섬,뚝섬,7,2
20250528,뚝섬,뚝섬,8,5
20250528,뚝섬,뚝섬,9,5
20250528,뚝섬,뚝섬,10,5
20250528,뚝섬,뚝섬,11,6
20250528,뚝섬,뚝섬,12,9
20250528,뚝섬,뚝섬,13,21
20250528,뚝섬,뚝섬,14,24
20250528,뚝섬,뚝섬,15,21
20250528,뚝섬,뚝섬,16,45
20250528,뚝섬,뚝섬,17,37
20250528,뚝섬,뚝섬,18,44
20250528,뚝섬,뚝섬,19,23
20250528,뚝섬,뚝섬,20,16
20250528,뚝섬,뚝섬,21,25
20250528,뚝섬,뚝섬,22,21
20250528,뚝섬,뚝섬,23,6
20250528,뚝섬,문래,5,2
20250528,뚝섬,문래,6,1
20250528,뚝섬,문래,7,12
20250528,뚝섬,문래,8,5
20250528,뚝섬,문래,9,4
20250528,뚝섬,문래,10,1
20250528,뚝섬,문래,11,1
20250528,뚝섬,문래,12,2
20250528,뚝섬,문래,13,2
20250528,뚝섬,문래,14,3
20250528,뚝섬,문래,15,3
20250528,뚝섬,문래,16,4
20250528,뚝섬,문래,17,16
20250528,뚝섬,문래,18,20
20250528,뚝섬,문래,19,11
20250528,뚝섬,문래,20,2
20250528,뚝섬,문래,21,3
20250528,뚝섬,문래,22,9
20250528,뚝섬,문래,23,3
20250528,뚝섬,방배,7,3
20250528,뚝섬,방배,8,4
20250528,뚝섬,방배,9,2
20250528,뚝섬,방배,10,1
20250528,뚝섬,방배,11,1
20250528,뚝섬,방배,12,2
20250528,뚝섬,방배,13,6
20250528,뚝섬,방배,14,4
20250528,뚝섬,방배,15,5
20250528,뚝섬,방배,16,3
20250528,뚝섬,방배,17,2
20250528,뚝섬,방배,18,8
20250528,뚝섬,방배,19,2
20250528,뚝섬,방배,20,1
20250528,뚝섬,방배,21,5
20250528,뚝섬,방배,22,1
20250528,뚝섬,방배,23,1
20250528,뚝섬,봉천,6,1
20250528,뚝섬,봉천,12,1
20250528,뚝섬,봉천,13,1
20250528,뚝섬,봉천,14,2
20250528,뚝섬,봉천,15,3
20250528,뚝섬,봉천,16,8
20250528,뚝섬,봉천,17,10
20250528,뚝섬,봉천,18,26
20250528,뚝섬,봉천,19,8
20250528,뚝섬,봉천,20,10
20250528,뚝섬,봉천,21,6
20250528,뚝섬,봉천,22,7
20250528,뚝섬,사당,5,2
20250528,뚝섬,사당,6,4
20250528,뚝섬,사당,7,7
20250528,뚝섬,사당,8,4
20250528,뚝섬,사당,9,8
20250528,뚝섬,사당,10,2
20250528,뚝섬,사당,11,2
20250528,뚝섬,사당,12,5
20250528,뚝섬,사당,13,6
20250528,뚝섬,사당,14,4
20250528,뚝섬,사당,15,8
20250528,뚝섬,사당,16,18
20250528,뚝섬,사당,17,28
20250528,뚝섬,사당,18,42
20250528,뚝섬,사당,19,22
20250528,뚝섬,사당,20,11
20250528,뚝섬,사당,21,18
20250528,뚝섬,사당,22,16
20250528,뚝섬,사당,23,2
20250528,뚝섬,삼성(무역센터),5,2
20250528,뚝섬,삼성(무역센터),6,4
20250528,뚝섬,삼성(무역센터),7,22
20250528,뚝섬,삼성(무역센터),8,38
20250528,뚝섬,삼성(무역센터),9,12
20250528,뚝섬,삼성(무역센터),10,8
20250528,뚝섬,삼성(무역센터),11,11
20250528,뚝섬,삼성(무역센터),12,6
20250528,뚝섬,삼성(무역센터),13,19
20250528,뚝섬,삼성(무역센터),14,25
20250528,뚝섬,삼성(무역센터),15,15
20250528,뚝섬,삼성(무역센터),16,10
20250528,뚝섬,삼성(무역센터),17,27
20250528,뚝섬,삼성(무역센터),18,21
20250528,뚝섬,삼성(무역센터),19,4
20250528,뚝섬,삼성(무역센터),20,8
20250528,뚝섬,삼성(무역센터),21,5
20250528,뚝섬,삼성(무역센터),22,4
20250528,뚝섬,삼성(무역센터),23,2
20250528,뚝섬,상왕십리,0,3
20250528,뚝섬,상왕십리,5,3
20250528,뚝섬,상왕십리,6,4
20250528,뚝섬,상왕십리,7,13
20250528,뚝섬,상왕십리,8,12
20250528,뚝섬,상왕십리,9,9
20250528,뚝섬,상왕십리,10,10
20250528,뚝섬,상왕십리,11,16
20250528,뚝섬,상왕십리,12,16
20250528,뚝섬,상왕십리,13,11
20250528,뚝섬,상왕십리,14,17
20250528,뚝섬,상왕십리,15,24
20250528,뚝섬,상왕십리,16,32
20250528,뚝섬,상왕십리,17,27
20250528,뚝섬,상왕십리,18,73
20250528,뚝섬,상왕십리,19,35
20250528,뚝섬,상왕십리,20,36
20250528,뚝섬,상왕십리,21,24
20250528,뚝섬,상왕십리,22,19
20250528,뚝섬,상왕십리,23,8
20250528,뚝섬,서울대입구(관악구청),0,1
20250528,뚝섬,서울대입구(관악구청),6,1
20250528,뚝섬,서울대입구(관악구청),7,3
20250528,뚝섬,서울대입구(관악구청),8,2
20250528,뚝섬,서울대입구(관악구청),10,3
20250528,뚝섬,서울대입구(관악구청),11,2
20250528,뚝섬,서울대입구(관악구청),12,1
20250528,뚝섬,서울대입구(관악구청),13,1
20250528,뚝섬,서울대입구(관악구청),14,2
20250528,뚝섬,서울대입구(관악구청),15,3
20250528,뚝섬,서울대입구(관악구청),16,12
20250528,뚝섬,서울대입구(관악구청),17,27
20250528,뚝섬,서울대입구(관악구청),18,45
20250528,뚝섬,서울대입구(관악구청),19,17
20250528,뚝섬,서울대입구(관악구청),20,16
20250528,뚝섬,서울대입구(관악구청),21,12
20250528,뚝섬,서울대입구(관악구청),22,6
20250528,뚝섬,서울대입구(관악구청),23,3
20250528,뚝섬,서초,6,1
20250528,뚝섬,서초,7,5
20250528,뚝섬,서초,8,2
20250528,뚝섬,서초,9,6
20250528,뚝섬,서초,10,2
20250528,뚝섬,서초,12,1
20250528,뚝섬,서초,13,1
20250528,뚝섬,서초,14,5
20250528,뚝섬,서초,15,9
20250528,뚝섬,서초,16,4
20250528,뚝섬,서초,17,2
20250528,뚝섬,서초,18,9
20250528,뚝섬,서초,19,5
20250528,뚝섬,서초,20,2
20250528,뚝섬,서초,21,1
20250528,뚝섬,서초,22,1
20250528,뚝섬,선릉,0,1
20250528,뚝섬,선릉,5,4
20250528,뚝섬,선릉,6,3
20250528,뚝섬,선릉,7,8
20250528,뚝섬,선릉,8,13
20250528,뚝섬,선릉,9,10
20250528,뚝섬,선릉,10,5
20250528,뚝섬,선릉,11,5
20250528,뚝섬,선릉,12,6
20250528,뚝섬,선릉,13,5
20250528,뚝섬,선릉,14,10
20250528,뚝섬,선릉,15,7
20250528,뚝섬,선릉,16,10
20250528,뚝섬,선릉,17,8
20250528,뚝섬,선릉,18,10
20250528,뚝섬,선릉,19,10
20250528,뚝섬,선릉,20,3
20250528,뚝섬,선릉,21,2
20250528,뚝섬,선릉,23,3
20250528,뚝섬,성수,0,1
20250528,뚝섬,성수,5,2
20250528,뚝섬,성수,6,4
20250528,뚝섬,성수,7,9
20250528,뚝섬,성수,8,23
20250528,뚝섬,성수,9,20
20250528,뚝섬,성수,10,18
20250528,뚝섬,성수,11,34
20250528,뚝섬,성수,12,46
20250528,뚝섬,성수,13,70
20250528,뚝섬,성수,14,65
20250528,뚝섬,성수,15,60
20250528,뚝섬,성수,16,43
20250528,뚝섬,성수,17,54
20250528,뚝섬,성수,18,46
20250528,뚝섬,성수,19,48
20250528,뚝섬,성수,20,33
20250528,뚝섬,성수,21,13
20250528,뚝섬,성수,22,10
20250528,뚝섬,시청,6,11
20250528,뚝섬,시청,7,37
20250528,뚝섬,시청,8,47
20250528,뚝섬,시청,9,24
20250528,뚝섬,시청,10,10
20250528,뚝섬,시청,11,9
20250528,뚝섬,시청,12,8
20250528,뚝섬,시청,13,14
20250528,뚝섬,시청,14,18
20250528,뚝섬,시청,15,12
20250528,뚝섬,시청,16,13
20250528,뚝섬,시청,17,16
20250528,뚝섬,시청,18,16
20250528,뚝섬,시청,19,12
20250528,뚝섬,시청,20,12
20250528,뚝섬,시청,21,5
20250528,뚝섬,시청,22,5
20250528,뚝섬,시청,23,1
20250528,뚝섬,신당,0,2
20250528,뚝섬,신당,5,4
20250528,뚝섬,신당,6,7
20250528,뚝섬,신당,7,8
20250528,뚝섬,신당,8,16
20250528,뚝섬,신당,9,15
20250528,뚝섬,신당,10,9
20250528,뚝섬,신당,11,9
20250528,뚝섬,신당,12,13
20250528,뚝섬,신당,13,19
20250528,뚝섬,신당,14,14
20250528,뚝섬,신당,15,14
20250528,뚝섬,신당,16,25
20250528,뚝섬,신당,17,20
20250528,뚝섬,신당,18,66
20250528,뚝섬,신당,19,31
20250528,뚝섬,신당,20,21
20250528,뚝섬,신당,21,16
20250528,뚝섬,신당,22,9
20250528,뚝섬,신당,23,3
20250528,뚝섬,신대방,6,1
20250528,뚝섬,신대방,8,1
20250528,뚝섬,신대방,10,1
20250528,뚝섬,신대방,11,1
20250528,뚝섬,신대방,14,2
20250528,뚝섬,신대방,15,2
20250528,뚝섬,신대방,16,7
20250528,뚝섬,신대방,17,8
20250528,뚝섬,신대방,18,23
20250528,뚝섬,신대방,19,20
20250528,뚝섬,신대방,20,11
20250528,뚝섬,신대방,21,4
20250528,뚝섬,신대방,22,3
20250528,뚝섬,신대방,23,5
20250528,뚝섬,신도림,0,1
20250528,뚝섬,신도림,6,2
20250528,뚝섬,신도림,7,11
20250528,뚝섬,신도림,8,5
20250528,뚝섬,신도림,9,2
20250528,뚝섬,신도림,10,1
20250528,뚝섬,신도림,11,3
20250528,뚝섬,신도림,12,4
20250528,뚝섬,신도림,13,5
20250528,뚝섬,신도림,14,5
20250528,뚝섬,신도림,15,6
20250528,뚝섬,신도림,16,12
20250528,뚝섬,신도림,17,29
20250528,뚝섬,신도림,18,60
20250528,뚝섬,신도림,19,24
20250528,뚝섬,신도림,20,20
20250528,뚝섬,신도림,21,20
20250528,뚝섬,신도림,22,10
20250528,뚝섬,신도림,23,11
20250528,뚝섬,신림,5,1
20250528,뚝섬,신림,6,2
20250528,뚝섬,신림,7,1
20250528,뚝섬,신림,8,1
20250528,뚝섬,신림,10,1
20250528,뚝섬,신림,11,3
20250528,뚝섬,신림,12,1
20250528,뚝섬,신림,13,3
20250528,뚝섬,신림,14,11
20250528,뚝섬,신림,15,5
20250528,뚝섬,신림,16,16
20250528,뚝섬,신림,17,24
20250528,뚝섬,신림,18,61
20250528,뚝섬,신림,19,36
20250528,뚝섬,신림,20,28
20250528,뚝섬,신림,21,24
20250528,뚝섬,신림,22,15
20250528,뚝섬,신림,23,2
20250528,뚝섬,신촌,0,2
20250528,뚝섬,신촌,6,9
20250528,뚝섬,신촌,7,9
20250528,뚝섬,신촌,8,15
20250528,뚝섬,신촌,9,18
20250528,뚝섬,신촌,10,5
20250528,뚝섬,신촌,11,11
20250528,뚝섬,신촌,12,8
20250528,뚝섬,신촌,13,11
20250528,뚝섬,신촌,14,12
20250528,뚝섬,신촌,15,16
20250528,뚝섬,신촌,16,25
20250528,뚝섬,신촌,17,37
20250528,뚝섬,신촌,18,55
20250528,뚝섬,신촌,19,32
20250528,뚝섬,신촌,20,24
20250528,뚝섬,신촌,21,23
20250528,뚝섬,신촌,22,16
20250528,뚝섬,신촌,23,5
20250528,뚝섬,아현,0,2
20250528,뚝섬,아현,6,2
20250528,뚝섬,아현,7,4
20250528,뚝섬,아현,8,4
20250528,뚝섬,아현,9,2
20250528,뚝섬,아현,10,1
20250528,뚝섬,아현,12,3
20250528,뚝섬,아현,13,1
20250528,뚝섬,아현,14,9
20250528,뚝섬,아현,15,2
20250528,뚝섬,아현,16,10
20250528,뚝섬,아현,17,18
20250528,뚝섬,아현,18,22
20250528,뚝섬,아현,19,11
20250528,뚝섬,아현,20,7
20250528,뚝섬,아현,21,7
20250528,뚝섬,아현,22,5
20250528,뚝섬,아현,23,2
20250528,뚝섬,역삼,0,1
20250528,뚝섬,역삼,5,2
20250528,뚝섬,역삼,6,2
20250528,뚝섬,역삼,7,10
20250528,뚝섬,역삼,8,25
20250528,뚝섬,역삼,9,19
20250528,뚝섬,역삼,10,9
20250528,뚝섬,역삼,11,5
20250528,뚝섬,역삼,12,4
20250528,뚝섬,역삼,13,4
20250528,뚝섬,역삼,14,8
20250528,뚝섬,역삼,15,5
20250528,뚝섬,역삼,16,8
20250528,뚝섬,역삼,17,12
20250528,뚝섬,역삼,18,11
20250528,뚝섬,역삼,19,13
20250528,뚝섬,역삼,20,8
20250528,뚝섬,역삼,21,6
20250528,뚝섬,역삼,22,2
20250528,뚝섬,역삼,23,2
20250528,뚝섬,영등포구청,0,1
20250528,뚝섬,영등포구청,6,5
20250528,뚝섬,영등포구청,7,5
20250528,뚝섬,영등포구청,8,7
20250528,뚝섬,영등포구청,10,1
20250528,뚝섬,영등포구청,11,2
20250528,뚝섬,영등포구청,12,3
20250528,뚝섬,영등포구청,14,2
20250528,뚝섬,영등포구청,15,5
20250528,뚝섬,영등포구청,16,1
20250528,뚝섬,영등포구청,17,17
20250528,뚝섬,영등포구청,18,16
20250528,뚝섬,영등포구청,19,18
20250528,뚝섬,영등포구청,20,4
20250528,뚝섬,영등포구청,21,4
20250528,뚝섬,영등포구청,22,1
20250528,뚝섬,영등포구청,23,1
20250528,뚝섬,왕십리(성동구청),0,3
20250528,뚝섬,왕십리(성동구청),6,7
20250528,뚝섬,왕십리(성동구청),7,9
20250528,뚝섬,왕십리(성동구청),8,22
20250528,뚝섬,왕십리(성동구청),9,9
20250528,뚝섬,왕십리(성동구청),10,11
20250528,뚝섬,왕십리(성동구청),11,15
20250528,뚝섬,왕십리(성동구청),12,20
20250528,뚝섬,왕십리(성동구청),13,18
20250528,뚝섬,왕십리(성동구청),14,32
20250528,뚝섬,왕십리(성동구청),15,11
20250528,뚝섬,왕십리(성동구청),16,44
20250528,뚝섬,왕십리(성동구청),17,52
20250528,뚝섬,왕십리(성동구청),18,78
20250528,뚝섬,왕십리(성동구청),19,28
20250528,뚝섬,왕십리(성동구청),20,21
20250528,뚝섬,왕십리(성동구청),21,19
20250528,뚝섬,왕십리(성동구청),22,17
20250528,뚝섬,왕십리(성동구청),23,8
20250528,뚝섬,용두(동대문구청),6,1
20250528,뚝섬,용두(동대문구청),8,10
20250528,뚝섬,용두(동대문구청),10,5
20250528,뚝섬,용두(동대문구청),11,1
20250528,뚝섬,용두(동대문구청),12,1
20250528,뚝섬,용두(동대문구청),13,4
20250528,뚝섬,용두(동대문구청),14,3
20250528,뚝섬,용두(동대문구청),15,4
20250528,뚝섬,용두(동대문구청),16,2
20250528,뚝섬,용두(동대문구청),17,2
20250528,뚝섬,용두(동대문구청),18,16
20250528,뚝섬,용두(동대문구청),19,3
20250528,뚝섬,용두(동대문구청),20,2
20250528,뚝섬,용두(동대문구청),21,6
20250528,뚝섬,용두(동대문구청),22,4
20250528,뚝섬,을지로3가,5,3
20250528,뚝섬,을지로3가,6,10
20250528,뚝섬,을지로3가,7,32
20250528,뚝섬,을지로3가,8,41
20250528,뚝섬,을지로3가,9,14
20250528,뚝섬,을지로3가,10,14
20250528,뚝섬,을지로3가,11,14
20250528,뚝섬,을지로3가,12,16
20250528,뚝섬,을지로3가,13,9
20250528,뚝섬,을지로3가,14,20
20250528,뚝섬,을지로3가,15,14
20250528,뚝섬,을지로3가,16,28
20250528,뚝섬,을지로3가,17,28
20250528,뚝섬,을지로3가,18,55
20250528,뚝섬,을지로3가,19,14
20250528,뚝섬,을지로3가,20,14
20250528,뚝섬,을지로3가,21,11
20250528,뚝섬,을지로3가,22,9
20250528,뚝섬,을지로3가,23,1
20250528,뚝섬,을지로4가,0,1
20250528,뚝섬,을지로4가,5,6
20250528,뚝섬,을지로4가,6,5
20250528,뚝섬,을지로4가,7,14
20250528,뚝섬,을지로4가,8,36
20250528,뚝섬,을지로4가,9,11
20250528,뚝섬,을지로4가,10,9
20250528,뚝섬,을지로4가,11,9
20250528,뚝섬,을지로4가,12,8
20250528,뚝섬,을지로4가,13,8
20250528,뚝섬,을지로4가,14,13
20250528,뚝섬,을지로4가,15,7
20250528,뚝섬,을지로4가,16,14
20250528,뚝섬,을지로4가,17,17
20250528,뚝섬,을지로4가,18,17
20250528,뚝섬,을지로4가,19,16
20250528,뚝섬,을지로4가,20,10
20250528,뚝섬,을지로4가,21,7
20250528,뚝섬,을지로4가,22,2
20250528,뚝섬,을지로4가,23,4
20250528,뚝섬,을지로입구,0,1
20250528,뚝섬,을지로입구,5,3
20250528,뚝섬,을지로입구,6,5
20250528,뚝섬,을지로입구,7,38
20250528,뚝섬,을지로입구,8,91
20250528,뚝섬,을지로입구,9,37
20250528,뚝섬,을지로입구,10,13
20250528,뚝섬,을지로입구,11,18
20250528,뚝섬,을지로입구,12,24
20250528,뚝섬,을지로입구,13,25
20250528,뚝섬,을지로입구,14,31
20250528,뚝섬,을지로입구,15,39
20250528,뚝섬,을지로입구,16,55
20250528,뚝섬,을지로입구,17,44
20250528,뚝섬,을지로입구,18,65
20250528,뚝섬,을지로입구,19,25
20250528,뚝섬,을지로입구,20,27
20250528,뚝섬,을지로입구,21,16
20250528,뚝섬,을지로입구,22,4
20250528,뚝섬,이대,5,1
20250528,뚝섬,이대,6,2
20250528,뚝섬,이대,7,8
20250528,뚝섬,이대,8,10
20250528,뚝섬,이대,9,6
20250528,뚝섬,이대,10,4
20250528,뚝섬,이대,11,6
20250528,뚝섬,이대,12,8
20250528,뚝섬,이대,13,6
20250528,뚝섬,이대,14,1
20250528,뚝섬,이대,15,7
20250528,뚝섬,이대,16,7
20250528,뚝섬,이대,17,17
20250528,뚝섬,이대,18,23
20250528,뚝섬,이대,19,11
20250528,뚝섬,이대,20,9
20250528,뚝섬,이대,21,11
20250528,뚝섬,이대,22,8
20250528,뚝섬,이대,23,4
20250528,뚝섬,잠실(송파구청),0,5
20250528,뚝섬,잠실(송파구청),5,4
20250528,뚝섬,잠실(송파구청),6,11
20250528,뚝섬,잠실(송파구청),7,25
20250528,뚝섬,잠실(송파구청),8,51
20250528,뚝섬,잠실(송파구청),9,23
20250528,뚝섬,잠실(송파구청),10,25
20250528,뚝섬,잠실(송파구청),11,22
20250528,뚝섬,잠실(송파구청),12,33
20250528,뚝섬,잠실(송파구청),13,32
20250528,뚝섬,잠실(송파구청),14,63
20250528,뚝섬,잠실(송파구청),15,54
20250528,뚝섬,잠실(송파구청),16,71
20250528,뚝섬,잠실(송파구청),17,117
20250528,뚝섬,잠실(송파구청),18,270
20250528,뚝섬,잠실(송파구청),19,99
20250528,뚝섬,잠실(송파구청),20,73
20250528,뚝섬,잠실(송파구청),21,76
20250528,뚝섬,잠실(송파구청),22,39
20250528,뚝섬,잠실(송파구청),23,8
20250528,뚝섬,잠실나루,0,1
20250528,뚝섬,잠실나루,5,5
20250528,뚝섬,잠실나루,6,2
20250528,뚝섬,잠실나루,7,7
20250528,뚝섬,잠실나루,8,13
20250528,뚝섬,잠실나루,9,5
20250528,뚝섬,잠실나루,10,3
20250528,뚝섬,잠실나루,11,3
20250528,뚝섬,잠실나루,12,6
20250528,뚝섬,잠실나루,13,5
20250528,뚝섬,잠실나루,14,6
20250528,뚝섬,잠실나루,15,9
20250528,뚝섬,잠실나루,16,9
20250528,뚝섬,잠실나루,17,25
20250528,뚝섬,잠실나루,18,27
20250528,뚝섬,잠실나루,19,18
20250528,뚝섬,잠실나루,20,16
20250528,뚝섬,잠실나루,21,15
20250528,뚝섬,잠실나루,22,5
20250528,뚝섬,잠실나루,23,6
20250528,뚝섬,잠실새내,6,4
20250528,뚝섬,잠실새내,7,5
20250528,뚝섬,잠실새내,8,2
20250528,뚝섬,잠실새내,9,3
20250528,뚝섬,잠실새내,10,7
20250528,뚝섬,잠실새내,11,5
20250528,뚝섬,잠실새내,12,5
20250528,뚝섬,잠실새내,13,11
20250528,뚝섬,잠실새내,14,17
20250528,뚝섬,잠실새내,15,11
20250528,뚝섬,잠실새내,16,17
20250528,뚝섬,잠실새내,17,20
20250528,뚝섬,잠실새내,18,37
20250528,뚝섬,잠실새내,19,35
20250528,뚝섬,잠실새내,20,17
20250528,뚝섬,잠실새내,21,18
20250528,뚝섬,잠실새내,22,8
20250528,뚝섬,잠실새내,23,5
20250528,뚝섬,종합운동장,6,3
20250528,뚝섬,종합운동장,7,2
20250528,뚝섬,종합운동장,9,1
20250528,뚝섬,종합운동장,11,4
20250528,뚝섬,종합운동장,13,2
20250528,뚝섬,종합운동장,14,2
20250528,뚝섬,종합운동장,15,1
20250528,뚝섬,종합운동장,16,12
20250528,뚝섬,종합운동장,17,35
20250528,뚝섬,종합운동장,18,33
20250528,뚝섬,종합운동장,19,5
20250528,뚝섬,종합운동장,21,3
20250528,뚝섬,종합운동장,22,4
20250528,뚝섬,종합운동장,23,2
20250528,뚝섬,충정로(경기대입구),0,1
20250528,뚝섬,충정로(경기대입구),6,1
20250528,뚝섬,충정로(경기대입구),7,8
20250528,뚝섬,충정로(경기대입구),8,13
20250528,뚝섬,충정로(경기대입구),9,7
20250528,뚝섬,충정로(경기대입구),10,3
20250528,뚝섬,충정로(경기대입구),11,4
20250528,뚝섬,충정로(경기대입구),12,2
20250528,뚝섬,충정로(경기대입구),13,3
20250528,뚝섬,충정로(경기대입구),14,3
20250528,뚝섬,충정로(경기대입구),15,5
20250528,뚝섬,충정로(경기대입구),16,6
20250528,뚝섬,충정로(경기대입구),17,23
20250528,뚝섬,충정로(경기대입구),18,21
20250528,뚝섬,충정로(경기대입구),19,6
20250528,뚝섬,충정로(경기대입구),20,3
20250528,뚝섬,충정로(경기대입구),21,7
20250528,뚝섬,충정로(경기대입구),22,8
20250528,뚝섬,한양대,0,3
20250528,뚝섬,한양대,5,1
20250528,뚝섬,한양대,6,3
20250528,뚝섬,한양대,7,2
20250528,뚝섬,한양대,8,13
20250528,뚝섬,한양대,9,10
20250528,뚝섬,한양대,10,22
20250528,뚝섬,한양대,11,7
20250528,뚝섬,한양대,12,24
20250528,뚝섬,한양대,13,15
20250528,뚝섬,한양대,14,14
20250528,뚝섬,한양대,15,15
20250528,뚝섬,한양대,16,15
20250528,뚝섬,한양대,17,19
20250528,뚝섬,한양대,18,28
20250528,뚝섬,한양대,19,11
20250528,뚝섬,한양대,20,8
20250528,뚝섬,한양대,21,8
20250528,뚝섬,한양대,22,5
20250528,뚝섬,합정,0,1
20250528,뚝섬,합정,5,2
20250528,뚝섬,합정,6,4
20250528,뚝섬,합정,7,9
20250528,뚝섬,합정,8,11
20250528,뚝섬,합정,9,5
20250528,뚝섬,합정,10,3
20250528,뚝섬,합정,11,5
20250528,뚝섬,합정,12,6
20250528,뚝섬,합정,13,5
20250528,뚝섬,합정,14,5
20250528,뚝섬,합정,15,5
20250528,뚝섬,합정,16,18
20250528,뚝섬,합정,17,29
20250528,뚝섬,합정,18,56
20250528,뚝섬,합정,19,23
20250528,뚝섬,합정,20,27
20250528,뚝섬,합정,21,18
20250528,뚝섬,합정,22,6
20250528,뚝섬,합정,23,5
20250528,뚝섬,홍대입구,0,2
20250528,뚝섬,홍대입구,6,4
20250528,뚝섬,홍대입구,7,10
20250528,뚝섬,홍대입구,8,19
20250528,뚝섬,홍대입구,9,18
20250528,뚝섬,홍대입구,10,9
20250528,뚝섬,홍대입구,11,14
20250528,뚝섬,홍대입구,12,17
20250528,뚝섬,홍대입구,13,29
20250528,뚝섬,홍대입구,14,21
20250528,뚝섬,홍대입구,15,42
20250528,뚝섬,홍대입구,16,51
20250528,뚝섬,홍대입구,17,83
20250528,뚝섬,홍대입구,18,121
20250528,뚝섬,홍대입구,19,56
20250528,뚝섬,홍대입구,20,68
20250528,뚝섬,홍대입구,21,36
20250528,뚝섬,홍대입구,22,18
20250528,뚝섬,홍대입구,23,8
20250528,문래,강남,5,4
20250528,문래,강남,6,41
20250528,문래,강남,7,94
20250528,문래,강남,8,85
20250528,문래,강남,9,44
20250528,문래,강남,10,19
20250528,문래,강남,11,8
20250528,문래,강남,12,13
20250528,문래,강남,13,22
20250528,문래,강남,14,12
20250528,문래,강남,15,14
20250528,문래,강남,16,16
20250528,문래,강남,17,34
20250528,문래,강남,18,42
20250528,문래,강남,19,12
20250528,문래,강남,20,8
20250528,문래,강남,21,11
20250528,문래,강남,22,10
20250528,문래,강남,23,6
20250528,문래,강변(동서울터미널),5,1
20250528,문래,강변(동서울터미널),7,4
20250528,문래,강변(동서울터미널),8,2
20250528,문래,강변(동서울터미널),9,1
20250528,문래,강변(동서울터미널),10,3
20250528,문래,강변(동서울터미널),11,1
20250528,문래,강변(동서울터미널),12,2
20250528,문래,강변(동서울터미널),13,1
20250528,문래,강변(동서울터미널),14,1
20250528,문래,강변(동서울터미널),15,2
20250528,문래,강변(동서울터미널),16,3
20250528,문래,강변(동서울터미널),17,2
20250528,문래,강변(동서울터미널),18,14
20250528,문래,강변(동서울터미널),19,2
20250528,문래,강변(동서울터미널),20,6
20250528,문래,강변(동서울터미널),21,3
20250528,문래,강변(동서울터미널),22,4
20250528,문래,강변(동서울터미널),23,1
20250528,문래,건대입구,5,1
20250528,문래,건대입구,7,4
20250528,문래,건대입구,8,7
20250528,문래,건대입구,9,10
20250528,문래,건대입구,10,2
20250528,문래,건대입구,11,1
20250528,문래,건대입구,12,5
20250528,문래,건대입구,13,6
20250528,문래,건대입구,15,4
20250528,문래,건대입구,16,6
20250528,문래,건대입구,17,11
20250528,문래,건대입구,18,24
20250528,문래,건대입구,19,10
20250528,문래,건대입구,20,5
20250528,문래,건대입구,21,5
20250528,문래,건대입구,22,4
20250528,문래,건대입구,23,3
20250528,문래,교대(법원.검찰청),5,1
20250528,문래,교대(법원.검찰청),6,7
20250528,문래,교대(법원.검찰청),7,19
20250528,문래,교대(법원.검찰청),8,34
20250528,문래,교대(법원.검찰청),9,19
20250528,문래,교대(법원.검찰청),10,6
20250528,문래,교대(법원.검찰청),11,11
20250528,문래,교대(법원.검찰청),12,3
20250528,문래,교대(법원.검찰청),13,6
20250528,문래,교대(법원.검찰청),14,6
20250528,문래,교대(법원.검찰청),15,4
20250528,문래,교대(법원.검찰청),16,6
20250528,문래,교대(법원.검찰청),17,23
20250528,문래,교대(법원.검찰청),18,13
20250528,문래,교대(법원.검찰청),19,4
20250528,문래,교대(법원.검찰청),20,2
20250528,문래,교대(법원.검찰청),21,4
20250528,문래,교대(법원.검찰청),22,2
20250528,문래,구로디지털단지,0,8
20250528,문래,구로디지털단지,5,7
20250528,문래,구로디지털단지,6,19
20250528,문래,구로디지털단지,7,40
20250528,문래,구로디지털단지,8,105
20250528,문래,구로디지털단지,9,36
20250528,문래,구로디지털단지,10,28
20250528,문래,구로디지털단지,11,19
20250528,문래,구로디지털단지,12,29
20250528,문래,구로디지털단지,13,53
20250528,문래,구로디지털단지,14,45
20250528,문래,구로디지털단지,15,41
20250528,문래,구로디지털단지,16,65
20250528,문래,구로디지털단지,17,112
20250528,문래,구로디지털단지,18,226
20250528,문래,구로디지털단지,19,91
20250528,문래,구로디지털단지,20,82
20250528,문래,구로디지털단지,21,126
20250528,문래,구로디지털단지,22,68
20250528,문래,구로디지털단지,23,13
20250528,문래,구의(광진구청),5,1
20250528,문래,구의(광진구청),6,3
20250528,문래,구의(광진구청),7,2
20250528,문래,구의(광진구청),8,4
20250528,문래,구의(광진구청),9,4
20250528,문래,구의(광진구청),10,3
20250528,문래,구의(광진구청),11,3
20250528,문래,구의(광진구청),12,1
20250528,문래,구의(광진구청),13,2
20250528,문래,구의(광진구청),14,2
20250528,문래,구의(광진구청),15,2
20250528,문래,구의(광진구청),16,4
20250528,문래,구의(광진구청),17,15
20250528,문래,구의(광진구청),18,29
20250528,문래,구의(광진구청),19,5
20250528,문래,구의(광진구청),20,2
20250528,문래,구의(광진구청),21,5
20250528,문래,구의(광진구청),22,1
20250528,문래,구의(광진구청),23,2
20250528,문래,낙성대,5,1
20250528,문래,낙성대,6,1
20250528,문래,낙성대,7,6
20250528,문래,낙성대,8,7
20250528,문래,낙성대,9,4
20250528,문래,낙성대,10,2
20250528,문래,낙성대,11,5
20250528,문래,낙성대,12,4
20250528,문래,낙성대,13,6
20250528,문래,낙성대,14,7
20250528,문래,낙성대,15,2
20250528,문래,낙성대,16,16
20250528,문래,낙성대,17,18
20250528,문래,낙성대,18,52
20250528,문래,낙성대,19,18
20250528,문래,낙성대,20,9
20250528,문래,낙성대,21,17
20250528,문래,낙성대,22,13
20250528,문래,낙성대,23,11
20250528,문래,당산,5,4
20250528,문래,당산,6,7
20250528,문래,당산,7,20
20250528,문래,당산,8,33
20250528,문래,당산,9,13
20250528,문래,당산,10,18
20250528,문래,당산,11,15
20250528,문래,당산,12,22
20250528,문래,당산,13,21
20250528,문래,당산,14,28
20250528,문래,당산,15,36
20250528,문래,당산,16,40
20250528,문래,당산,17,64
20250528,문래,당산,18,116
20250528,문래,당산,19,38
20250528,문래,당산,20,26
20250528,문래,당산,21,48
20250528,문래,당산,22,19
20250528,문래,당산,23,11
20250528,문래,대림(구로구청),0,9
20250528,문래,대림(구로구청),5,3
20250528,문래,대림(구로구청),6,3
20250528,문래,대림(구로구청),7,15
20250528,문래,대림(구로구청),8,26
20250528,문래,대림(구로구청),9,21
20250528,문래,대림(구로구청),10,19
20250528,문래,대림(구로구청),11,16
20250528,문래,대림(구로구청),12,27
20250528,문래,대림(구로구청),13,17
20250528,문래,대림(구로구청),14,40
20250528,문래,대림(구로구청),15,33
20250528,문래,대림(구로구청),16,33
20250528,문래,대림(구로구청),17,37
20250528,문래,대림(구로구청),18,66
20250528,문래,대림(구로구청),19,38
20250528,문래,대림(구로구청),20,20
20250528,문래,대림(구로구청),21,36
20250528,문래,대림(구로구청),22,17
20250528,문래,대림(구로구청),23,7
20250528,문래,동대문역사문화공원,6,4
20250528,문래,동대문역사문화공원,7,13
20250528,문래,동대문역사문화공원,8,10
20250528,문래,동대문역사문화공원,9,8
20250528,문래,동대문역사문화공원,10,7
20250528,문래,동대문역사문화공원,11,6
20250528,문래,동대문역사문화공원,12,2
20250528,문래,동대문역사문화공원,13,7
20250528,문래,동대문역사문화공원,14,3
20250528,문래,동대문역사문화공원,15,1
20250528,문래,동대문역사문화공원,16,2
20250528,문래,동대문역사문화공원,17,12
20250528,문래,동대문역사문화공원,18,13
20250528,문래,동대문역사문화공원,19,2
20250528,문래,동대문역사문화공원,20,1
20250528,문래,동대문역사문화공원,21,4
20250528,문래,동대문역사문화공원,22,3
20250528,문래,동대문역사문화공원,23,1
20250528,문래,뚝섬,0,2
20250528,문래,뚝섬,6,2
20250528,문래,뚝섬,7,23
20250528,문래,뚝섬,8,16
20250528,문래,뚝섬,9,9
20250528,문래,뚝섬,10,4
20250528,문래,뚝섬,12,6
20250528,문래,뚝섬,13,3
20250528,문래,뚝섬,14,6
20250528,문래,뚝섬,15,3
20250528,문래,뚝섬,16,5
20250528,문래,뚝섬,17,6
20250528,문래,뚝섬,18,12
20250528,문래,뚝섬,19,5
20250528,문래,뚝섬,20,7
20250528,문래,뚝섬,22,3
20250528,문래,뚝섬,23,1
20250528,문래,문래,0,1
20250528,문래,문래,6,1
20250528,문래,문래,7,5
20250528,문래,문래,8,6
20250528,문래,문래,9,6
20250528,문래,문래,10,14
20250528,문래,문래,11,7
20250528,문래,문래,12,12
20250528,문래,문래,13,7
20250528,문래,문래,14,14
20250528,문래,문래,15,15
20250528,문래,문래,16,11
20250528,문래,문래,17,5
20250528,문래,문래,18,23
20250528,문래,문래,19,12
20250528,문래,문래,20,12
20250528,문래,문래,21,20
20250528,문래,문래,22,7
20250528,문래,문래,23,8
20250528,문래,방배,5,1
20250528,문래,방배,6,10
20250528,문래,방배,7,13
20250528,문래,방배,8,17
20250528,문래,방배,9,12
20250528,문래,방배,10,8
20250528,문래,방배,11,6
20250528,문래,방배,12,4
20250528,문래,방배,13,8
20250528,문래,방배,14,6
20250528,문래,방배,15,5
20250528,문래,방배,16,7
20250528,문래,방배,17,17
20250528,문래,방배,18,22
20250528,문래,방배,19,6
20250528,문래,방배,20,3
20250528,문래,방배,21,3
20250528,문래,방배,22,3
20250528,문래,방배,23,5
20250528,문래,봉천,0,1
20250528,문래,봉천,6,1
20250528,문래,봉천,7,3
20250528,문래,봉천,8,6
20250528,문래,봉천,9,7
20250528,문래,봉천,10,3
20250528,문래,봉천,11,4
20250528,문래,봉천,12,8
20250528,문래,봉천,13,5
20250528,문래,봉천,14,9
20250528,문래,봉천,15,12
20250528,문래,봉천,16,16
20250528,문래,봉천,17,26
20250528,문래,봉천,18,51
20250528,문래,봉천,19,16
20250528,문래,봉천,20,16
20250528,문래,봉천,21,22
20250528,문래,봉천,22,12
20250528,문래,봉천,23,10
20250528,문래,사당,0,4
20250528,문래,사당,5,5
20250528,문래,사당,6,8
20250528,문래,사당,7,32
20250528,문래,사당,8,26
20250528,문래,사당,9,6
20250528,문래,사당,10,5
20250528,문래,사당,11,11
20250528,문래,사당,12,7
20250528,문래,사당,13,10
20250528,문래,사당,14,8
20250528,문래,사당,15,12
20250528,문래,사당,16,19
20250528,문래,사당,17,36
20250528,문래,사당,18,87
20250528,문래,사당,19,23
20250528,문래,사당,20,13
20250528,문래,사당,21,18
20250528,문래,사당,22,12
20250528,문래,사당,23,6
20250528,문래,삼성(무역센터),5,6
20250528,문래,삼성(무역센터),6,11
20250528,문래,삼성(무역센터),7,76
20250528,문래,삼성(무역센터),8,49
20250528,문래,삼성(무역센터),9,40
20250528,문래,삼성(무역센터),10,15
20250528,문래,삼성(무역센터),11,10
20250528,문래,삼성(무역센터),12,16
20250528,문래,삼성(무역센터),13,12
20250528,문래,삼성(무역센터),14,2
20250528,문래,삼성(무역센터),15,5
20250528,문래,삼성(무역센터),16,6
20250528,문래,삼성(무역센터),17,5
20250528,문래,삼성(무역센터),18,10
20250528,문래,삼성(무역센터),19,1
20250528,문래,삼성(무역센터),20,3
20250528,문래,삼성(무역센터),21,1
20250528,문래,삼성(무역센터),22,4
20250528,문래,상왕십리,6,1
20250528,문래,상왕십리,7,3
20250528,문래,상왕십리,8,4
20250528,문래,상왕십리,9,2
20250528,문래,상왕십리,10,2
20250528,문래,상왕십리,11,1
20250528,문래,상왕십리,12,3
20250528,문래,상왕십리,13,1
20250528,문래,상왕십리,14,2
20250528,문래,상왕십리,15,1
20250528,문래,상왕십리,16,5
20250528,문래,상왕십리,17,5
20250528,문래,상왕십리,18,5
20250528,문래,상왕십리,19,6
20250528,문래,상왕십리,20,2
20250528,문래,상왕십리,21,4
20250528,문래,상왕십리,22,2
20250528,문래,상왕십리,23,2
20250528,문래,서울대입구(관악구청),0,5
20250528,문래,서울대입구(관악구청),5,1
20250528,문래,서울대입구(관악구청),6,10
20250528,문래,서울대입구(관악구청),7,14
20250528,문래,서울대입구(관악구청),8,18
20250528,문래,서울대입구(관악구청),9,20
20250528,문래,서울대입구(관악구청),10,9
20250528,문래,서울대입구(관악구청),11,9
20250528,문래,서울대입구(관악구청),12,10
20250528,문래,서울대입구(관악구청),13,10
20250528,문래,서울대입구(관악구청),14,8
20250528,문래,서울대입구(관악구청),15,9
20250528,문래,서울대입구(관악구청),16,16
20250528,문래,서울대입구(관악구청),17,34
20250528,문래,서울대입구(관악구청),18,96
20250528,문래,서울대입구(관악구청),19,25
20250528,문래,서울대입구(관악구청),20,17
20250528,문래,서울대입구(관악구청),21,23
20250528,문래,서울대입구(관악구청),22,29
20250528,문래,서울대입구(관악구청),23,16
20250528,문래,서초,5,7
20250528,문래,서초,6,12
20250528,문래,서초,7,48
20250528,문래,서초,8,59
20250528,문래,서초,9,18
20250528,문래,서초,10,8
20250528,문래,서초,11,8
20250528,문래,서초,12,4
20250528,문래,서초,13,2
20250528,문래,서초,14,6
20250528,문래,서초,15,4
20250528,문래,서초,16,9
20250528,문래,서초,17,12
20250528,문래,서초,18,7
20250528,문래,서초,19,4
20250528,문래,서초,21,3
20250528,문래,서초,22,4
20250528,문래,선릉,5,5
20250528,문래,선릉,6,24
20250528,문래,선릉,7,65
20250528,문래,선릉,8,43
20250528,문래,선릉,9,30
20250528,문래,선릉,10,15
20250528,문래,선릉,11,14
20250528,문래,선릉,12,9
20250528,문래,선릉,13,12
20250528,문래,선릉,14,9
20250528,문래,선릉,15,6
20250528,문래,선릉,16,11
20250528,문래,선릉,17,10
20250528,문래,선릉,18,10
20250528,문래,선릉,19,4
20250528,문래,선릉,20,3
20250528,문래,선릉,21,4
20250528,문래,선릉,23,1
20250528,문래,성수,5,1
20250528,문래,성수,6,5
20250528,문래,성수,7,20
20250528,문래,성수,8,28
20250528,문래,성수,9,9
20250528,문래,성수,10,7
20250528,문래,성수,11,4
20250528,문래,성수,12,2
20250528,문래,성수,13,4
20250528,문래,성수,14,5
20250528,문래,성수,15,3
20250528,문래,성수,16,5
20250528,문래,성수,17,7
20250528,문래,성수,18,13
20250528,문래,성수,19,2
20250528,문래,성수,21,2
20250528,문래,성수,22,3
20250528,문래,시청,5,4
20250528,문래,시청,6,16
20250528,문래,시청,7,75
20250528,문래,시청,8,126
20250528,문래,시청,9,37
20250528,문래,시청,10,28
20250528,문래,시청,11,11
20250528,문래,시청,12,16
20250528,문래,시청,13,19
20250528,문래,시청,14,11
20250528,문래,시청,15,6
20250528,문래,시청,16,7
20250528,문래,시청,17,12
20250528,문래,시청,18,3
20250528,문래,시청,19,4
20250528,문래,시청,21,3
20250528,문래,시청,22,1
20250528,문래,시청,23,2
20250528,문래,신당,5,1
20250528,문래,신당,6,3
20250528,문래,신당,7,3
20250528,문래,신당,8,8
20250528,문래,신당,9,2
20250528,문래,신당,10,1
20250528,문래,신당,12,5
20250528,문래,신당,13,1
20250528,문래,신당,14,3
20250528,문래,신당,15,4
20250528,문래,신당,17,14
20250528,문래,신당,18,15
20250528,문래,신당,19,5
20250528,문래,신당,20,4
20250528,문래,신당,21,2
20250528,문래,신당,22,6
20250528,문래,신당,23,1
20250528,문래,신대방,0,3
20250528,문래,신대방,5,1
20250528,문래,신대방,6,4
20250528,문래,신대방,7,5
20250528,문래,신대방,8,9
20250528,문래,신대방,9,9
20250528,문래,신대방,10,8
20250528,문래,신대방,11,12
20250528,문래,신대방,12,11
20250528,문래,신대방,13,11
20250528,문래,신대방,14,21
20250528,문래,신대방,15,29
20250528,문래,신대방,16,21
20250528,문래,신대방,17,48
20250528,문래,신대방,18,94
20250528,문래,신대방,19,40
20250528,문래,신대방,20,33
20250528,문래,신대방,21,46
20250528,문래,신대방,22,32
20250528,문래,신대방,23,17
20250528,문래,신도림,0,6
20250528,문래,신도림,5,1
20250528,문래,신도림,6,9
20250528,문래,신도림,7,12
20250528,문래,신도림,8,30
20250528,문래,신도림,9,21
20250528,문래,신도림,10,28
20250528,문래,신도림,11,20
20250528,문래,신도림,12,38
20250528,문래,신도림,13,38
20250528,문래,신도림,14,32
20250528,문래,신도림,15,48
20250528,문래,신도림,16,57
20250528,문래,신도림,17,46
20250528,문래,신도림,18,88
20250528,문래,신도림,19,48
20250528,문래,신도림,20,32
20250528,문래,신도림,21,54
20250528,문래,신도림,22,26
20250528,문래,신도림,23,14
20250528,문래,신림,0,7
20250528,문래,신림,6,5
20250528,문래,신림,7,10
20250528,문래,신림,8,6
20250528,문래,신림,9,19
20250528,문래,신림,10,13
20250528,문래,신림,11,19
20250528,문래,신림,12,10
20250528,문래,신림,13,18
20250528,문래,신림,14,17
20250528,문래,신림,15,28
20250528,문래,신림,16,33
20250528,문래,신림,17,97
20250528,문래,신림,18,191
20250528,문래,신림,19,77
20250528,문래,신림,20,43
20250528,문래,신림,21,49
20250528,문래,신림,22,52
20250528,문래,신림,23,31
20250528,문래,신촌,0,1
20250528,문래,신촌,5,2
20250528,문래,신촌,6,15
20250528,문래,신촌,7,49
20250528,문래,신촌,8,69
20250528,문래,신촌,9,48
20250528,문래,신촌,10,34
20250528,문래,신촌,11,22
20250528,문래,신촌,12,24
20250528,문래,신촌,13,27
20250528,문래,신촌,14,16
20250528,문래,신촌,15,30
20250528,문래,신촌,16,31
20250528,문래,신촌,17,33
20250528,문래,신촌,18,81
20250528,문래,신촌,19,19
20250528,문래,신촌,20,19
20250528,문래,신촌,21,23
20250528,문래,신촌,22,15
20250528,문래,신촌,23,11
20250528,문래,아현,5,1
20250528,문래,아현,6,2
20250528,문래,아현,7,8
20250528,문래,아현,8,11
20250528,문래,아현,9,5
20250528,문래,아현,10,6
20250528,문래,아현,12,2
20250528,문래,아현,13,2
20250528,문래,아현,14,7
20250528,문래,아현,15,4
20250528,문래,아현,16,9
20250528,문래,아현,17,12
20250528,문래,아현,18,20
20250528,문래,아현,19,8
20250528,문래,아현,20,2
20250528,문래,아현,21,5
20250528,문래,아현,22,6
20250528,문래,아현,23,3
20250528,문래,역삼,0,2
20250528,문래,역삼,5,7
20250528,문래,역삼,6,23
20250528,문래,역삼,7,79
20250528,문래,역삼,8,70
20250528,문래,역삼,9,45
20250528,문래,역삼,10,18
20250528,문래,역삼,11,11
20250528,문래,역삼,12,23
20250528,문래,역삼,13,9
20250528,문래,역삼,14,7
20250528,문래,역삼,15,11
20250528,문래,역삼,16,5
20250528,문래,역삼,17,9
20250528,문래,역삼,18,13
20250528,문래,역삼,19,7
20250528,문래,역삼,20,2
20250528,문래,역삼,21,6
20250528,문래,역삼,22,2
20250528,문래,역삼,23,1
20250528,문래,영등포구청,5,2
20250528,문래,영등포구청,6,2
20250528,문래,영등포구청,7,18
20250528,문래,영등포구청,8,38
20250528,문래,영등포구청,9,28
20250528,문래,영등포구청,10,25
20250528,문래,영등포구청,11,34
20250528,문래,영등포구청,12,34
20250528,문래,영등포구청,13,29
20250528,문래,영등포구청,14,33
20250528,문래,영등포구청,15,31
20250528,문래,영등포구청,16,23
20250528,문래,영등포구청,17,33
20250528,문래,영등포구청,18,21
20250528,문래,영등포구청,19,16
20250528,문래,영등포구청,20,15
20250528,문래,영등포구청,21,14
20250528,문래,영등포구청,22,9
20250528,문래,영등포구청,23,8
20250528,문래,왕십리(성동구청),6,1
20250528,문래,왕십리(성동구청),7,2
20250528,문래,왕십리(성동구청),8,2
20250528,문래,왕십리(성동구청),9,1
20250528,문래,왕십리(성동구청),11,2
20250528,문래,왕십리(성동구청),12,3
20250528,문래,왕십리(성동구청),13,4
20250528,문래,왕십리(성동구청),14,1
20250528,문래,왕십리(성동구청),15,4
20250528,문래,왕십리(성동구청),16,5
20250528,문래,왕십리(성동구청),17,6
20250528,문래,왕십리(성동구청),18,25
20250528,문래,왕십리(성동구청),19,5
20250528,문래,왕십리(성동구청),20,3
20250528,문래,왕십리(성동구청),21,4
20250528,문래,왕십리(성동구청),22,1
20250528,문래,왕십리(성동구청),23,1
20250528,문래,용두(동대문구청),12,1
20250528,문래,용두(동대문구청),18,1
20250528,문래,을지로3가,5,2
20250528,문래,을지로3가,6,11
20250528,문래,을지로3가,7,43
20250528,문래,을지로3가,8,75
20250528,문래,을지로3가,9,19
20250528,문래,을지로3가,10,13
20250528,문래,을지로3가,11,4
20250528,문래,을지로3가,12,4
20250528,문래,을지로3가,13,5
20250528,문래,을지로3가,14,8
20250528,문래,을지로3가,15,8
20250528,문래,을지로3가,16,8
20250528,문래,을지로3가,17,12
20250528,문래,을지로3가,18,8
20250528,문래,을지로3가,19,3
20250528,문래,을지로3가,20,6
20250528,문래,을지로3가,21,1
20250528,문래,을지로4가,0,1
20250528,문래,을지로4가,5,1
20250528,문래,을지로4가,6,6
20250528,문래,을지로4가,7,22
20250528,문래,을지로4가,8,17
20250528,문래,을지로4가,9,8
20250528,문래,을지로4가,10,3
20250528,문래,을지로4가,11,4
20250528,문래,을지로4가,12,5
20250528,문래,을지로4가,13,2
20250528,문래,을지로4가,14,6
20250528,문래,을지로4가,15,8
20250528,문래,을지로4가,16,3
20250528,문래,을지로4가,17,1
20250528,문래,을지로4가,18,7
20250528,문래,을지로4가,19,3
20250528,문래,을지로4가,21,2
20250528,문래,을지로4가,22,3
20250528,문래,을지로입구,5,6
20250528,문래,을지로입구,6,27
20250528,문래,을지로입구,7,130
20250528,문래,을지로입구,8,139
20250528,문래,을지로입구,9,39
20250528,문래,을지로입구,10,20
20250528,문래,을지로입구,11,17
20250528,문래,을지로입구,12,20
20250528,문래,을지로입구,13,28
20250528,문래,을지로입구,14,18
20250528,문래,을지로입구,15,14
20250528,문래,을지로입구,16,14
20250528,문래,을지로입구,17,19
20250528,문래,을지로입구,18,26
20250528,문래,을지로입구,19,4
20250528,문래,을지로입구,20,4
20250528,문래,을지로입구,21,6
20250528,문래,을지로입구,22,4
20250528,문래,을지로입구,23,4
20250528,문래,이대,6,3
20250528,문래,이대,7,11
20250528,문래,이대,8,15
20250528,문래,이대,9,19
20250528,문래,이대,10,14
20250528,문래,이대,11,14
20250528,문래,이대,12,14
20250528,문래,이대,13,5
20250528,문래,이대,14,8
20250528,문래,이대,15,8
20250528,문래,이대,16,10
20250528,문래,이대,17,12
20250528,문래,이대,18,34
20250528,문래,이대,19,5
20250528,문래,이대,20,7
20250528,문래,이대,21,15
20250528,문래,이대,22,7
20250528,문래,이대,23,7
20250528,문래,잠실(송파구청),6,15
20250528,문래,잠실(송파구청),7,59
20250528,문래,잠실(송파구청),8,140
20250528,문래,잠실(송파구청),9,11
20250528,문래,잠실(송파구청),10,3
20250528,문래,잠실(송파구청),11,2
20250528,문래,잠실(송파구청),12,7
20250528,문래,잠실(송파구청),13,3
20250528,문래,잠실(송파구청),14,8
20250528,문래,잠실(송파구청),15,7
20250528,문래,잠실(송파구청),16,11
20250528,문래,잠실(송파구청),17,12
20250528,문래,잠실(송파구청),18,28
20250528,문래,잠실(송파구청),19,13
20250528,문래,잠실(송파구청),20,10
20250528,문래,잠실(송파구청),21,11
20250528,문래,잠실(송파구청),22,10
20250528,문래,잠실(송파구청),23,1
20250528,문래,잠실나루,6,4
20250528,문래,잠실나루,7,5
20250528,문래,잠실나루,8,1
20250528,문래,잠실나루,10,1
20250528,문래,잠실나루,11,1
20250528,문래,잠실나루,12,2
20250528,문래,잠실나루,13,2
20250528,문래,잠실나루,14,2
20250528,문래,잠실나루,16,1
20250528,문래,잠실나루,17,4
20250528,문래,잠실나루,18,4
20250528,문래,잠실나루,19,1
20250528,문래,잠실나루,20,4
20250528,문래,잠실나루,21,3
20250528,문래,잠실나루,22,1
20250528,문래,잠실나루,23,1
20250528,문래,잠실새내,7,1
20250528,문래,잠실새내,8,1
20250528,문래,잠실새내,9,2
20250528,문래,잠실새내,10,3
20250528,문래,잠실새내,11,1
20250528,문래,잠실새내,13,1
20250528,문래,잠실새내,14,2
20250528,문래,잠실새내,15,4
20250528,문래,잠실새내,16,6
20250528,문래,잠실새내,17,8
20250528,문래,잠실새내,18,13
20250528,문래,잠실새내,19,5
20250528,문래,잠실새내,20,6
20250528,문래,잠실새내,21,5
20250528,문래,잠실새내,22,3
20250528,문래,종합운동장,5,1
20250528,문래,종합운동장,6,2
20250528,문래,종합운동장,7,4
20250528,문래,종합운동장,8,1
20250528,문래,종합운동장,10,1
20250528,문래,종합운동장,12,3
20250528,문래,종합운동장,13,2
20250528,문래,종합운동장,14,1
20250528,문래,종합운동장,15,3
20250528,문래,종합운동장,16,16
20250528,문래,종합운동장,17,21
20250528,문래,종합운동장,18,36
20250528,문래,종합운동장,20,3
20250528,문래,종합운동장,21,4
20250528,문래,충정로(경기대입구),6,10
20250528,문래,충정로(경기대입구),7,20
20250528,문래,충정로(경기대입구),8,52
20250528,문래,충정로(경기대입구),9,12
20250528,문래,충정로(경기대입구),10,3
20250528,문래,충정로(경기대입구),11,4
20250528,문래,충정로(경기대입구),12,2
20250528,문래,충정로(경기대입구),13,3
20250528,문래,충정로(경기대입구),15,5
20250528,문래,충정로(경기대입구),16,3
20250528,문래,충정로(경기대입구),17,6
20250528,문래,충정로(경기대입구),18,11
20250528,문래,충정로(경기대입구),19,2
20250528,문래,충정로(경기대입구),20,1
20250528,문래,충정로(경기대입구),21,4
20250528,문래,충정로(경기대입구),22,2
20250528,문래,한양대,6,3
20250528,문래,한양대,7,11
20250528,문래,한양대,8,10
20250528,문래,한양대,9,5
20250528,문래,한양대,10,2
20250528,문래,한양대,11,4
20250528,문래,한양대,12,4
20250528,문래,한양대,14,1
20250528,문래,한양대,15,5
20250528,문래,한양대,17,3
20250528,문래,한양대,18,6
20250528,문래,한양대,21,3
20250528,문래,한양대,22,1
20250528,문래,합정,0,4
20250528,문래,합정,5,3
20250528,문래,합정,6,8
20250528,문래,합정,7,32
20250528,문래,합정,8,64
20250528,문래,합정,9,46
20250528,문래,합정,10,23
20250528,문래,합정,11,16
20250528,문래,합정,12,24
20250528,문래,합정,13,28
20250528,문래,합정,14,29
20250528,문래,합정,15,20
20250528,문래,합정,16,21
20250528,문래,합정,17,66
20250528,문래,합정,18,121
20250528,문래,합정,19,46
20250528,문래,합정,20,22
20250528,문래,합정,21,38
20250528,문래,합정,22,28
20250528,문래,합정,23,8
20250528,문래,홍대입구,0,3
20250528,문래,홍대입구,6,5
20250528,문래,홍대입구,7,32
20250528,문래,홍대입구,8,47
20250528,문래,홍대입구,9,41
20250528,문래,홍대입구,10,36
20250528,문래,홍대입구,11,28
20250528,문래,홍대입구,12,29
20250528,문래,홍대입구,13,43
20250528,문래,홍대입구,14,31
20250528,문래,홍대입구,15,36
20250528,문래,홍대입구,16,46
20250528,문래,홍대입구,17,97
20250528,문래,홍대입구,18,149
20250528,문래,홍대입구,19,50
20250528,문래,홍대입구,20,28
20250528,문래,홍대입구,21,53
20250528,문래,홍대입구,22,36
20250528,문래,홍대입구,23,13
20250528,방배,강남,0,3
20250528,방배,강남,5,6
20250528,방배,강남,6,35
20250528,방배,강남,7,87
20250528,방배,강남,8,130
20250528,방배,강남,9,107
20250528,방배,강남,10,56
20250528,방배,강남,11,64
20250528,방배,강남,12,76
20250528,방배,강남,13,61
20250528,방배,강남,14,59
20250528,방배,강남,15,86
20250528,방배,강남,16,131
20250528,방배,강남,17,164
20250528,방배,강남,18,164
20250528,방배,강남,19,89
20250528,방배,강남,20,53
20250528,방배,강남,21,38
20250528,방배,강남,22,24
20250528,방배,강남,23,17
20250528,방배,강변(동서울터미널),0,1
20250528,방배,강변(동서울터미널),5,2
20250528,방배,강변(동서울터미널),6,1
20250528,방배,강변(동서울터미널),7,5
20250528,방배,강변(동서울터미널),8,8
20250528,방배,강변(동서울터미널),9,3
20250528,방배,강변(동서울터미널),10,4
20250528,방배,강변(동서울터미널),11,6
20250528,방배,강변(동서울터미널),12,7
20250528,방배,강변(동서울터미널),13,4
20250528,방배,강변(동서울터미널),14,10
20250528,방배,강변(동서울터미널),15,8
20250528,방배,강변(동서울터미널),16,9
20250528,방배,강변(동서울터미널),17,13
20250528,방배,강변(동서울터미널),18,32
20250528,방배,강변(동서울터미널),19,10
20250528,방배,강변(동서울터미널),20,7
20250528,방배,강변(동서울터미널),21,6
20250528,방배,강변(동서울터미널),22,5
20250528,방배,강변(동서울터미널),23,2
20250528,방배,건대입구,0,1
20250528,방배,건대입구,6,1
20250528,방배,건대입구,7,1
20250528,방배,건대입구,8,3
20250528,방배,건대입구,10,2
20250528,방배,건대입구,11,5
20250528,방배,건대입구,12,3
20250528,방배,건대입구,13,2
20250528,방배,건대입구,14,7
20250528,방배,건대입구,15,14
20250528,방배,건대입구,16,14
20250528,방배,건대입구,17,26
20250528,방배,건대입구,18,11
20250528,방배,건대입구,19,3
20250528,방배,건대입구,20,5
20250528,방배,건대입구,21,12
20250528,방배,건대입구,22,2
20250528,방배,건대입구,23,2
20250528,방배,교대(법원.검찰청),5,4
20250528,방배,교대(법원.검찰청),6,11
20250528,방배,교대(법원.검찰청),7,33
20250528,방배,교대(법원.검찰청),8,50
20250528,방배,교대(법원.검찰청),9,39
20250528,방배,교대(법원.검찰청),10,34
20250528,방배,교대(법원.검찰청),11,34
20250528,방배,교대(법원.검찰청),12,42
20250528,방배,교대(법원.검찰청),13,28
20250528,방배,교대(법원.검찰청),14,33
20250528,방배,교대(법원.검찰청),15,65
20250528,방배,교대(법원.검찰청),16,36
20250528,방배,교대(법원.검찰청),17,61
20250528,방배,교대(법원.검찰청),18,47
20250528,방배,교대(법원.검찰청),19,20
20250528,방배,교대(법원.검찰청),20,10
20250528,방배,교대(법원.검찰청),21,15
20250528,방배,교대(법원.검찰청),22,15
20250528,방배,교대(법원.검찰청),23,6
20250528,방배,구로디지털단지,0,2
20250528,방배,구로디지털단지,5,1
20250528,방배,구로디지털단지,6,9
20250528,방배,구로디지털단지,7,32
20250528,방배,구로디지털단지,8,61
20250528,방배,구로디지털단지,9,25
20250528,방배,구로디지털단지,10,13
20250528,방배,구로디지털단지,11,10
20250528,방배,구로디지털단지,12,19
20250528,방배,구로디지털단지,13,20
20250528,방배,구로디지털단지,14,20
20250528,방배,구로디지털단지,15,29
20250528,방배,구로디지털단지,16,45
20250528,방배,구로디지털단지,17,58
20250528,방배,구로디지털단지,18,74
20250528,방배,구로디지털단지,19,46
20250528,방배,구로디지털단지,20,29
20250528,방배,구로디지털단지,21,28
20250528,방배,구로디지털단지,22,30
20250528,방배,구로디지털단지,23,6
20250528,방배,구의(광진구청),6,1
20250528,방배,구의(광진구청),7,1
20250528,방배,구의(광진구청),8,7
20250528,방배,구의(광진구청),9,4
20250528,방배,구의(광진구청),10,4
20250528,방배,구의(광진구청),11,1
20250528,방배,구의(광진구청),12,1
20250528,방배,구의(광진구청),13,6
20250528,방배,구의(광진구청),14,7
20250528,방배,구의(광진구청),15,10
20250528,방배,구의(광진구청),16,16
20250528,방배,구의(광진구청),17,18
20250528,방배,구의(광진구청),18,33
20250528,방배,구의(광진구청),19,6
20250528,방배,구의(광진구청),20,6
20250528,방배,구의(광진구청),21,2
20250528,방배,구의(광진구청),22,3
20250528,방배,구의(광진구청),23,3
20250528,방배,낙성대,0,6
20250528,방배,낙성대,5,2
20250528,방배,낙성대,6,1
20250528,방배,낙성대,7,7
20250528,방배,낙성대,8,26
20250528,방배,낙성대,9,30
20250528,방배,낙성대,10,28
20250528,방배,낙성대,11,38
20250528,방배,낙성대,12,33
20250528,방배,낙성대,13,38
20250528,방배,낙성대,14,30
20250528,방배,낙성대,15,45
20250528,방배,낙성대,16,50
20250528,방배,낙성대,17,47
20250528,방배,낙성대,18,82
20250528,방배,낙성대,19,59
20250528,방배,낙성대,20,39
20250528,방배,낙성대,21,31
20250528,방배,낙성대,22,56
20250528,방배,낙성대,23,34
20250528,방배,당산,0,1
20250528,방배,당산,6,2
20250528,방배,당산,7,10
20250528,방배,당산,8,12
20250528,방배,당산,9,8
20250528,방배,당산,11,2
20250528,방배,당산,12,6
20250528,방배,당산,13,3
20250528,방배,당산,14,11
20250528,방배,당산,15,13
20250528,방배,당산,16,22
20250528,방배,당산,17,31
20250528,방배,당산,18,25
20250528,방배,당산,19,11
20250528,방배,당산,20,17
20250528,방배,당산,21,8
20250528,방배,당산,22,10
20250528,방배,당산,23,2
20250528,방배,대림(구로구청),5,1
20250528,방배,대림(구로구청),6,5
20250528,방배,대림(구로구청),7,11
20250528,방배,대림(구로구청),8,8
20250528,방배,대림(구로구청),9,4
20250528,방배,대림(구로구청),10,2
20250528,방배,대림(구로구청),11,4
20250528,방배,대림(구로구청),12,1
20250528,방배,대림(구로구청),13,6
20250528,방배,대림(구로구청),14,6
20250528,방배,대림(구로구청),15,20
20250528,방배,대림(구로구청),16,38
20250528,방배,대림(구로구청),17,16
20250528,방배,대림(구로구청),18,27
20250528,방배,대림(구로구청),19,15
20250528,방배,대림(구로구청),20,10
20250528,방배,대림(구로구청),21,30
20250528,방배,대림(구로구청),22,19
20250528,방배,동대문역사문화공원,13,1
20250528,방배,동대문역사문화공원,14,1
20250528,방배,동대문역사문화공원,15,1
20250528,방배,동대문역사문화공원,18,1
20250528,방배,뚝섬,5,1
20250528,방배,뚝섬,6,2
20250528,방배,뚝섬,7,1
20250528,방배,뚝섬,8,7
20250528,방배,뚝섬,9,3
20250528,방배,뚝섬,10,1
20250528,방배,뚝섬,11,5
20250528,방배,뚝섬,12,3
20250528,방배,뚝섬,13,2
20250528,방배,뚝섬,14,2
20250528,방배,뚝섬,15,3
20250528,방배,뚝섬,16,3
20250528,방배,뚝섬,17,5
20250528,방배,뚝섬,18,8
20250528,방배,뚝섬,20,2
20250528,방배,뚝섬,22,1
20250528,방배,문래,5,1
20250528,방배,문래,6,4
20250528,방배,문래,7,15
20250528,방배,문래,8,24
20250528,방배,문래,9,6
20250528,방배,문래,10,5
20250528,방배,문래,11,7
20250528,방배,문래,12,8
20250528,방배,문래,13,2
20250528,방배,문래,14,3
20250528,방배,문래,15,11
20250528,방배,문래,16,10
20250528,방배,문래,17,21
20250528,방배,문래,18,20
20250528,방배,문래,19,14
20250528,방배,문래,20,9
20250528,방배,문래,21,7
20250528,방배,문래,22,3
20250528,방배,문래,23,2
20250528,방배,방배,0,2
20250528,방배,방배,5,1
20250528,방배,방배,6,2
20250528,방배,방배,7,1
20250528,방배,방배,8,5
20250528,방배,방배,9,6
20250528,방배,방배,10,4
20250528,방배,방배,11,4
20250528,방배,방배,12,12
20250528,방배,방배,13,10
20250528,방배,방배,14,11
20250528,방배,방배,15,11
20250528,방배,방배,16,9
20250528,방배,방배,17,33
20250528,방배,방배,18,17
20250528,방배,방배,19,5
20250528,방배,방배,20,5
20250528,방배,방배,21,12
20250528,방배,방배,22,7
20250528,방배,방배,23,7
20250528,방배,봉천,0,6
20250528,방배,봉천,6,6
20250528,방배,봉천,7,9
20250528,방배,봉천,8,17
20250528,방배,봉천,9,5
20250528,방배,봉천,10,5
20250528,방배,봉천,11,16
20250528,방배,봉천,12,11
20250528,방배,봉천,13,18
20250528,방배,봉천,14,28
20250528,방배,봉천,15,28
20250528,방배,봉천,16,52
20250528,방배,봉천,17,57
20250528,방배,봉천,18,73
20250528,방배,봉천,19,49
20250528,방배,봉천,20,20
20250528,방배,봉천,21,30
20250528,방배,봉천,22,23
20250528,방배,봉천,23,11
20250528,방배,사당,0,8
20250528,방배,사당,5,5
20250528,방배,사당,6,22
20250528,방배,사당,7,40
20250528,방배,사당,8,35
20250528,방배,사당,9,34
20250528,방배,사당,10,38
20250528,방배,사당,11,61
20250528,방배,사당,12,42
20250528,방배,사당,13,61
20250528,방배,사당,14,70
20250528,방배,사당,15,83
20250528,방배,사당,16,105
20250528,방배,사당,17,149
20250528,방배,사당,18,156
20250528,방배,사당,19,58
20250528,방배,사당,20,79
20250528,방배,사당,21,63
20250528,방배,사당,22,72
20250528,방배,사당,23,28
20250528,방배,삼성(무역센터),0,1
20250528,방배,삼성(무역센터),5,4
20250528,방배,삼성(무역센터),6,19
20250528,방배,삼성(무역센터),7,58
20250528,방배,삼성(무역센터),8,113
20250528,방배,삼성(무역센터),9,64
20250528,방배,삼성(무역센터),10,34
20250528,방배,삼성(무역센터),11,25
20250528,방배,삼성(무역센터),12,25
20250528,방배,삼성(무역센터),13,25
20250528,방배,삼성(무역센터),14,20
20250528,방배,삼성(무역센터),15,25
20250528,방배,삼성(무역센터),16,22
20250528,방배,삼성(무역센터),17,28
20250528,방배,삼성(무역센터),18,20
20250528,방배,삼성(무역센터),19,17
20250528,방배,삼성(무역센터),20,3
20250528,방배,삼성(무역센터),21,6
20250528,방배,삼성(무역센터),22,2
20250528,방배,상왕십리,0,1
20250528,방배,상왕십리,8,1
20250528,방배,상왕십리,13,1
20250528,방배,상왕십리,15,2
20250528,방배,상왕십리,16,5
20250528,방배,상왕십리,17,7
20250528,방배,상왕십리,18,8
20250528,방배,상왕십리,19,1
20250528,방배,상왕십리,20,2
20250528,방배,상왕십리,21,2
20250528,방배,상왕십리,22,3
20250528,방배,상왕십리,23,1
20250528,방배,서울대입구(관악구청),0,7
20250528,방배,서울대입구(관악구청),5,1
20250528,방배,서울대입구(관악구청),6,11
20250528,방배,서울대입구(관악구청),7,18
20250528,방배,서울대입구(관악구청),8,56
20250528,방배,서울대입구(관악구청),9,30
20250528,방배,서울대입구(관악구청),10,29
20250528,방배,서울대입구(관악구청),11,30
20250528,방배,서울대입구(관악구청),12,27
20250528,방배,서울대입구(관악구청),13,38
20250528,방배,서울대입구(관악구청),14,43
20250528,방배,서울대입구(관악구청),15,51
20250528,방배,서울대입구(관악구청),16,64
20250528,방배,서울대입구(관악구청),17,113
20250528,방배,서울대입구(관악구청),18,136
20250528,방배,서울대입구(관악구청),19,82
20250528,방배,서울대입구(관악구청),20,60
20250528,방배,서울대입구(관악구청),21,64
20250528,방배,서울대입구(관악구청),22,53
20250528,방배,서울대입구(관악구청),23,25
20250528,방배,서초,0,5
20250528,방배,서초,5,3
20250528,방배,서초,6,7
20250528,방배,서초,7,13
20250528,방배,서초,8,24
20250528,방배,서초,9,28
20250528,방배,서초,10,32
20250528,방배,서초,11,21
20250528,방배,서초,12,24
20250528,방배,서초,13,18
20250528,방배,서초,14,14
20250528,방배,서초,15,16
20250528,방배,서초,16,21
20250528,방배,서초,17,38
20250528,방배,서초,18,36
20250528,방배,서초,19,24
20250528,방배,서초,20,10
20250528,방배,서초,21,16
20250528,방배,서초,22,14
20250528,방배,서초,23,8
20250528,방배,선릉,0,2
20250528,방배,선릉,5,10
20250528,방배,선릉,6,21
20250528,방배,선릉,7,51
20250528,방배,선릉,8,98
20250528,방배,선릉,9,68
20250528,방배,선릉,10,30
20250528,방배,선릉,11,28
20250528,방배,선릉,12,21
20250528,방배,선릉,13,20
20250528,방배,선릉,14,29
20250528,방배,선릉,15,29
20250528,방배,선릉,16,24
20250528,방배,선릉,17,43
20250528,방배,선릉,18,36
20250528,방배,선릉,19,9
20250528,방배,선릉,20,6
20250528,방배,선릉,21,10
20250528,방배,선릉,22,3
20250528,방배,선릉,23,4
20250528,방배,성수,7,8
20250528,방배,성수,8,9
20250528,방배,성수,9,7
20250528,방배,성수,10,1
20250528,방배,성수,11,8
20250528,방배,성수,12,5
20250528,방배,성수,13,10
20250528,방배,성수,14,8
20250528,방배,성수,15,4
20250528,방배,성수,16,6
20250528,방배,성수,17,9
20250528,방배,성수,18,7
20250528,방배,성수,19,5
20250528,방배,성수,20,3
20250528,방배,성수,23,1
20250528,방배,시청,6,2
20250528,방배,시청,7,2
20250528,방배,시청,8,8
20250528,방배,시청,9,1
20250528,방배,시청,10,4
20250528,방배,시청,11,2
20250528,방배,시청,12,3
20250528,방배,시청,14,2
20250528,방배,시청,15,1
20250528,방배,시청,16,1
20250528,방배,시청,17,1
20250528,방배,시청,18,1
20250528,방배,신당,5,1
20250528,방배,신당,11,1
20250528,방배,신당,13,2
20250528,방배,신당,14,1
20250528,방배,신당,15,1
20250528,방배,신당,16,2
20250528,방배,신당,18,1
20250528,방배,신당,19,2
20250528,방배,신당,20,1
20250528,방배,신당,21,1
20250528,방배,신대방,0,4
20250528,방배,신대방,6,4
20250528,방배,신대방,7,3
20250528,방배,신대방,8,13
20250528,방배,신대방,9,14
20250528,방배,신대방,10,6
20250528,방배,신대방,11,7
20250528,방배,신대방,12,11
20250528,방배,신대방,13,14
20250528,방배,신대방,14,20
20250528,방배,신대방,15,26
20250528,방배,신대방,16,27
20250528,방배,신대방,17,37
20250528,방배,신대방,18,63
20250528,방배,신대방,19,29
20250528,방배,신대방,20,31
20250528,방배,신대방,21,37
20250528,방배,신대방,22,30
20250528,방배,신대방,23,5
20250528,방배,신도림,0,2
20250528,방배,신도림,6,4
20250528,방배,신도림,7,15
20250528,방배,신도림,8,16
20250528,방배,신도림,9,7
20250528,방배,신도림,10,5
20250528,방배,신도림,11,10
20250528,방배,신도림,12,7
20250528,방배,신도림,13,12
20250528,방배,신도림,14,21
20250528,방배,신도림,15,21
20250528,방배,신도림,16,25
20250528,방배,신도림,17,38
20250528,방배,신도림,18,54
20250528,방배,신도림,19,21
20250528,방배,신도림,20,15
20250528,방배,신도림,21,20
20250528,방배,신도림,22,16
20250528,방배,신도림,23,8
20250528,방배,신림,0,12
20250528,방배,신림,5,2
20250528,방배,신림,6,13
20250528,방배,신림,7,25
20250528,방배,신림,8,28
20250528,방배,신림,9,22
20250528,방배,신림,10,19
20250528,방배,신림,11,20
20250528,방배,신림,12,31
20250528,방배,신림,13,32
20250528,방배,신림,14,51
20250528,방배,신림,15,79
20250528,방배,신림,16,79
20250528,방배,신림,17,105
20250528,방배,신림,18,193
20250528,방배,신림,19,101
20250528,방배,신림,20,71
20250528,방배,신림,21,84
20250528,방배,신림,22,62
20250528,방배,신림,23,29
20250528,방배,신촌,6,1
20250528,방배,신촌,7,12
20250528,방배,신촌,8,10
20250528,방배,신촌,9,21
20250528,방배,신촌,10,10
20250528,방배,신촌,11,6
20250528,방배,신촌,12,9
20250528,방배,신촌,13,5
20250528,방배,신촌,14,13
20250528,방배,신촌,15,7
20250528,방배,신촌,16,19
20250528,방배,신촌,17,17
20250528,방배,신촌,18,14
20250528,방배,신촌,19,2
20250528,방배,신촌,20,6
20250528,방배,신촌,21,2
20250528,방배,신촌,22,6
20250528,방배,신촌,23,1
20250528,방배,아현,6,1
20250528,방배,아현,7,1
20250528,방배,아현,8,1
20250528,방배,아현,10,2
20250528,방배,아현,12,1
20250528,방배,아현,13,2
20250528,방배,아현,14,3
20250528,방배,아현,15,3
20250528,방배,아현,16,2
20250528,방배,아현,17,6
20250528,방배,아현,18,9
20250528,방배,아현,21,2
20250528,방배,아현,22,1
20250528,방배,역삼,0,3
20250528,방배,역삼,5,5
20250528,방배,역삼,6,12
20250528,방배,역삼,7,64
20250528,방배,역삼,8,109
20250528,방배,역삼,9,81
20250528,방배,역삼,10,31
20250528,방배,역삼,11,22
20250528,방배,역삼,12,26
20250528,방배,역삼,13,22
20250528,방배,역삼,14,12
20250528,방배,역삼,15,13
20250528,방배,역삼,16,18
20250528,방배,역삼,17,24
20250528,방배,역삼,18,29
20250528,방배,역삼,19,11
20250528,방배,역삼,20,9
20250528,방배,역삼,21,14
20250528,방배,역삼,22,9
20250528,방배,역삼,23,5
20250528,방배,영등포구청,6,3
20250528,방배,영등포구청,7,7
20250528,방배,영등포구청,8,6
20250528,방배,영등포구청,9,6
20250528,방배,영등포구청,10,5
20250528,방배,영등포구청,11,3
20250528,방배,영등포구청,12,5
20250528,방배,영등포구청,13,4
20250528,방배,영등포구청,14,7
20250528,방배,영등포구청,15,9
20250528,방배,영등포구청,16,12
20250528,방배,영등포구청,17,17
20250528,방배,영등포구청,18,18
20250528,방배,영등포구청,19,9
20250528,방배,영등포구청,20,10
20250528,방배,영등포구청,21,6
20250528,방배,영등포구청,22,5
20250528,방배,영등포구청,23,2
20250528,방배,왕십리(성동구청),0,1
20250528,방배,왕십리(성동구청),8,1
20250528,방배,왕십리(성동구청),9,2
20250528,방배,왕십리(성동구청),11,1
20250528,방배,왕십리(성동구청),12,1
20250528,방배,왕십리(성동구청),15,1
20250528,방배,왕십리(성동구청),16,4
20250528,방배,왕십리(성동구청),17,1
20250528,방배,왕십리(성동구청),18,8
20250528,방배,왕십리(성동구청),19,1
20250528,방배,왕십리(성동구청),21,2
20250528,방배,왕십리(성동구청),23,1
20250528,방배,용두(동대문구청),8,1
20250528,방배,용두(동대문구청),9,1
20250528,방배,용두(동대문구청),17,1
20250528,방배,용두(동대문구청),18,2
20250528,방배,용두(동대문구청),22,1
20250528,방배,을지로3가,8,1
20250528,방배,을지로3가,9,1
20250528,방배,을지로3가,11,1
20250528,방배,을지로3가,16,3
20250528,방배,을지로4가,6,1
20250528,방배,을지로4가,7,2
20250528,방배,을지로4가,10,3
20250528,방배,을지로4가,11,1
20250528,방배,을지로입구,7,3
20250528,방배,을지로입구,8,1
20250528,방배,을지로입구,9,2
20250528,방배,을지로입구,10,1
20250528,방배,을지로입구,11,2
20250528,방배,을지로입구,13,2
20250528,방배,을지로입구,14,1
20250528,방배,을지로입구,15,1
20250528,방배,을지로입구,16,1
20250528,방배,을지로입구,17,1
20250528,방배,을지로입구,18,2
20250528,방배,을지로입구,22,1
20250528,방배,이대,5,1
20250528,방배,이대,6,2
20250528,방배,이대,7,9
20250528,방배,이대,8,11
20250528,방배,이대,9,8
20250528,방배,이대,10,8
20250528,방배,이대,11,11
20250528,방배,이대,13,8
20250528,방배,이대,14,4
20250528,방배,이대,15,4
20250528,방배,이대,16,3
20250528,방배,이대,17,7
20250528,방배,이대,18,4
20250528,방배,이대,19,3
20250528,방배,이대,20,1
20250528,방배,이대,21,3
20250528,방배,이대,22,1
20250528,방배,잠실(송파구청),0,3
20250528,방배,잠실(송파구청),6,13
20250528,방배,잠실(송파구청),7,35
20250528,방배,잠실(송파구청),8,141
20250528,방배,잠실(송파구청),9,31
20250528,방배,잠실(송파구청),10,17
20250528,방배,잠실(송파구청),11,27
20250528,방배,잠실(송파구청),12,22
20250528,방배,잠실(송파구청),13,37
20250528,방배,잠실(송파구청),14,46
20250528,방배,잠실(송파구청),15,45
20250528,방배,잠실(송파구청),16,77
20250528,방배,잠실(송파구청),17,104
20250528,방배,잠실(송파구청),18,124
20250528,방배,잠실(송파구청),19,57
20250528,방배,잠실(송파구청),20,34
20250528,방배,잠실(송파구청),21,44
20250528,방배,잠실(송파구청),22,42
20250528,방배,잠실(송파구청),23,16
20250528,방배,잠실나루,0,1
20250528,방배,잠실나루,6,1
20250528,방배,잠실나루,7,12
20250528,방배,잠실나루,8,6
20250528,방배,잠실나루,9,8
20250528,방배,잠실나루,10,1
20250528,방배,잠실나루,11,6
20250528,방배,잠실나루,12,4
20250528,방배,잠실나루,13,2
20250528,방배,잠실나루,14,3
20250528,방배,잠실나루,15,1
20250528,방배,잠실나루,16,5
20250528,방배,잠실나루,17,10
20250528,방배,잠실나루,18,16
20250528,방배,잠실나루,19,4
20250528,방배,잠실나루,20,2
20250528,방배,잠실나루,21,1
20250528,방배,잠실나루,22,2
20250528,방배,잠실나루,23,1
20250528,방배,잠실새내,0,1
20250528,방배,잠실새내,6,1
20250528,방배,잠실새내,7,6
20250528,방배,잠실새내,8,7
20250528,방배,잠실새내,9,1
20250528,방배,잠실새내,10,2
20250528,방배,잠실새내,11,7
20250528,방배,잠실새내,12,8
20250528,방배,잠실새내,13,7
20250528,방배,잠실새내,14,12
20250528,방배,잠실새내,15,10
20250528,방배,잠실새내,16,13
20250528,방배,잠실새내,17,27
20250528,방배,잠실새내,18,24
20250528,방배,잠실새내,19,10
20250528,방배,잠실새내,20,14
20250528,방배,잠실새내,21,10
20250528,방배,잠실새내,22,8
20250528,방배,종합운동장,5,1
20250528,방배,종합운동장,6,3
20250528,방배,종합운동장,7,5
20250528,방배,종합운동장,8,8
20250528,방배,종합운동장,9,1
20250528,방배,종합운동장,10,13
20250528,방배,종합운동장,11,5
20250528,방배,종합운동장,12,1
20250528,방배,종합운동장,13,7
20250528,방배,종합운동장,14,6
20250528,방배,종합운동장,15,8
20250528,방배,종합운동장,16,13
20250528,방배,종합운동장,17,44
20250528,방배,종합운동장,18,27
20250528,방배,종합운동장,19,10
20250528,방배,종합운동장,20,7
20250528,방배,종합운동장,21,2
20250528,방배,종합운동장,22,5
20250528,방배,충정로(경기대입구),6,1
20250528,방배,충정로(경기대입구),7,1
20250528,방배,충정로(경기대입구),8,4
20250528,방배,충정로(경기대입구),9,1
20250528,방배,충정로(경기대입구),10,1
20250528,방배,충정로(경기대입구),12,2
20250528,방배,충정로(경기대입구),14,2
20250528,방배,충정로(경기대입구),15,2
20250528,방배,충정로(경기대입구),17,3
20250528,방배,충정로(경기대입구),18,2
20250528,방배,충정로(경기대입구),19,1
20250528,방배,충정로(경기대입구),20,3
20250528,방배,충정로(경기대입구),21,1
20250528,방배,충정로(경기대입구),22,2
20250528,방배,한양대,6,1
20250528,방배,한양대,7,4
20250528,방배,한양대,8,10
20250528,방배,한양대,9,10
20250528,방배,한양대,10,7
20250528,방배,한양대,11,2
20250528,방배,한양대,12,4
20250528,방배,한양대,13,3
20250528,방배,한양대,14,3
20250528,방배,한양대,16,1
20250528,방배,한양대,17,2
20250528,방배,한양대,18,2
20250528,방배,한양대,22,1
20250528,방배,합정,0,3
20250528,방배,합정,6,1
20250528,방배,합정,7,11
20250528,방배,합정,8,17
20250528,방배,합정,9,11
20250528,방배,합정,10,7
20250528,방배,합정,11,8
20250528,방배,합정,12,5
20250528,방배,합정,13,7
20250528,방배,합정,14,14
20250528,방배,합정,15,14
20250528,방배,합정,16,28
20250528,방배,합정,17,31
20250528,방배,합정,18,28
20250528,방배,합정,19,14
20250528,방배,합정,20,9
20250528,방배,합정,21,6
20250528,방배,합정,22,3
20250528,방배,합정,23,4
20250528,방배,홍대입구,0,2
20250528,방배,홍대입구,5,1
20250528,방배,홍대입구,6,1
20250528,방배,홍대입구,7,11
20250528,방배,홍대입구,8,18
20250528,방배,홍대입구,9,14
20250528,방배,홍대입구,10,11
20250528,방배,홍대입구,11,6
20250528,방배,홍대입구,12,19
20250528,방배,홍대입구,13,18
20250528,방배,홍대입구,14,27
20250528,방배,홍대입구,15,24
20250528,방배,홍대입구,16,34
20250528,방배,홍대입구,17,46
20250528,방배,홍대입구,18,36
20250528,방배,홍대입구,19,20
20250528,방배,홍대입구,20,7
20250528,방배,홍대입구,21,3
20250528,방배,홍대입구,22,16
20250528,방배,홍대입구,23,5
20250528,봉천,강남,0,9
20250528,봉천,강남,5,46
20250528,봉천,강남,6,92
20250528,봉천,강남,7,298
20250528,봉천,강남,8,487
20250528,봉천,강남,9,292
20250528,봉천,강남,10,94
20250528,봉천,강남,11,54
20250528,봉천,강남,12,39
20250528,봉천,강남,13,75
20250528,봉천,강남,14,50
20250528,봉천,강남,15,45
20250528,봉천,강남,16,25
20250528,봉천,강남,17,60
20250528,봉천,강남,18,61
20250528,봉천,강남,19,17
20250528,봉천,강남,20,18
20250528,봉천,강남,21,7
20250528,봉천,강남,22,11
20250528,봉천,강남,23,7
20250528,봉천,강변(동서울터미널),6,4
20250528,봉천,강변(동서울터미널),7,10
20250528,봉천,강변(동서울터미널),8,19
20250528,봉천,강변(동서울터미널),9,5
20250528,봉천,강변(동서울터미널),10,1
20250528,봉천,강변(동서울터미널),11,3
20250528,봉천,강변(동서울터미널),12,3
20250528,봉천,강변(동서울터미널),13,3
20250528,봉천,강변(동서울터미널),14,4
20250528,봉천,강변(동서울터미널),15,3
20250528,봉천,강변(동서울터미널),16,4
20250528,봉천,강변(동서울터미널),17,4
20250528,봉천,강변(동서울터미널),18,1
20250528,봉천,강변(동서울터미널),21,6
20250528,봉천,강변(동서울터미널),22,2
20250528,봉천,강변(동서울터미널),23,2
20250528,봉천,건대입구,0,1
20250528,봉천,건대입구,5,4
20250528,봉천,건대입구,6,1
20250528,봉천,건대입구,7,17
20250528,봉천,건대입구,8,6
20250528,봉천,건대입구,9,9
20250528,봉천,건대입구,10,3
20250528,봉천,건대입구,11,2
20250528,봉천,건대입구,12,5
20250528,봉천,건대입구,13,1
20250528,봉천,건대입구,14,3
20250528,봉천,건대입구,15,7
20250528,봉천,건대입구,16,3
20250528,봉천,건대입구,17,4
20250528,봉천,건대입구,18,7
20250528,봉천,건대입구,19,2
20250528,봉천,건대입구,20,2
20250528,봉천,건대입구,21,1
20250528,봉천,건대입구,23,1
20250528,봉천,교대(법원.검찰청),5,24
20250528,봉천,교대(법원.검찰청),6,40
20250528,봉천,교대(법원.검찰청),7,77
20250528,봉천,교대(법원.검찰청),8,175
20250528,봉천,교대(법원.검찰청),9,97
20250528,봉천,교대(법원.검찰청),10,35
20250528,봉천,교대(법원.검찰청),11,22
20250528,봉천,교대(법원.검찰청),12,19
20250528,봉천,교대(법원.검찰청),13,25
20250528,봉천,교대(법원.검찰청),14,25
20250528,봉천,교대(법원.검찰청),15,8
20250528,봉천,교대(법원.검찰청),16,13
20250528,봉천,교대(법원.검찰청),17,19
20250528,봉천,교대(법원.검찰청),18,17
20250528,봉천,교대(법원.검찰청),19,4
20250528,봉천,교대(법원.검찰청),20,8
20250528,봉천,교대(법원.검찰청),21,8
20250528,봉천,교대(법원.검찰청),22,2
20250528,봉천,구로디지털단지,0,4
20250528,봉천,구로디지털단지,5,7
20250528,봉천,구로디지털단지,6,17
20250528,봉천,구로디지털단지,7,67
20250528,봉천,구로디지털단지,8,215
20250528,봉천,구로디지털단지,9,101
20250528,봉천,구로디지털단지,10,47
20250528,봉천,구로디지털단지,11,33
20250528,봉천,구로디지털단지,12,35
20250528,봉천,구로디지털단지,13,42
20250528,봉천,구로디지털단지,14,28
20250528,봉천,구로디지털단지,15,24
20250528,봉천,구로디지털단지,16,39
20250528,봉천,구로디지털단지,17,43
20250528,봉천,구로디지털단지,18,39
20250528,봉천,구로디지털단지,19,23
20250528,봉천,구로디지털단지,20,25
20250528,봉천,구로디지털단지,21,26
20250528,봉천,구로디지털단지,22,13
20250528,봉천,구로디지털단지,23,8
20250528,봉천,구의(광진구청),5,1
20250528,봉천,구의(광진구청),6,3
20250528,봉천,구의(광진구청),7,10
20250528,봉천,구의(광진구청),8,7
20250528,봉천,구의(광진구청),9,4
20250528,봉천,구의(광진구청),10,4
20250528,봉천,구의(광진구청),11,2
20250528,봉천,구의(광진구청),12,3
20250528,봉천,구의(광진구청),13,2
20250528,봉천,구의(광진구청),14,4
20250528,봉천,구의(광진구청),15,2
20250528,봉천,구의(광진구청),16,2
20250528,봉천,구의(광진구청),17,1
20250528,봉천,구의(광진구청),18,6
20250528,봉천,구의(광진구청),20,2
20250528,봉천,구의(광진구청),21,3
20250528,봉천,구의(광진구청),22,2
20250528,봉천,구의(광진구청),23,2
20250528,봉천,낙성대,0,3
20250528,봉천,낙성대,5,10
20250528,봉천,낙성대,6,14
20250528,봉천,낙성대,7,37
20250528,봉천,낙성대,8,59
20250528,봉천,낙성대,9,51
20250528,봉천,낙성대,10,47
20250528,봉천,낙성대,11,39
20250528,봉천,낙성대,12,32
20250528,봉천,낙성대,13,45
20250528,봉천,낙성대,14,29
20250528,봉천,낙성대,15,40
20250528,봉천,낙성대,16,53
20250528,봉천,낙성대,17,49
20250528,봉천,낙성대,18,50
20250528,봉천,낙성대,19,31
20250528,봉천,낙성대,20,33
20250528,봉천,낙성대,21,22
20250528,봉천,낙성대,22,20
20250528,봉천,낙성대,23,6
20250528,봉천,당산,0,2
20250528,봉천,당산,5,7
20250528,봉천,당산,6,13
20250528,봉천,당산,7,29
20250528,봉천,당산,8,39
20250528,봉천,당산,9,18
20250528,봉천,당산,10,8
20250528,봉천,당산,11,6
20250528,봉천,당산,12,7
20250528,봉천,당산,13,10
20250528,봉천,당산,14,10
20250528,봉천,당산,15,9
20250528,봉천,당산,16,8
20250528,봉천,당산,17,20
20250528,봉천,당산,18,12
20250528,봉천,당산,19,11
20250528,봉천,당산,20,5
20250528,봉천,당산,21,9
20250528,봉천,당산,22,5
20250528,봉천,당산,23,3
20250528,봉천,대림(구로구청),0,4
20250528,봉천,대림(구로구청),5,9
20250528,봉천,대림(구로구청),6,10
20250528,봉천,대림(구로구청),7,24
20250528,봉천,대림(구로구청),8,52
20250528,봉천,대림(구로구청),9,21
20250528,봉천,대림(구로구청),10,18
20250528,봉천,대림(구로구청),11,26
20250528,봉천,대림(구로구청),12,22
20250528,봉천,대림(구로구청),13,20
20250528,봉천,대림(구로구청),14,19
20250528,봉천,대림(구로구청),15,25
20250528,봉천,대림(구로구청),16,22
20250528,봉천,대림(구로구청),17,16
20250528,봉천,대림(구로구청),18,24
20250528,봉천,대림(구로구청),19,11
20250528,봉천,대림(구로구청),20,13
20250528,봉천,대림(구로구청),21,15
20250528,봉천,대림(구로구청),22,15
20250528,봉천,대림(구로구청),23,9
20250528,봉천,동대문역사문화공원,5,1
20250528,봉천,동대문역사문화공원,6,3
20250528,봉천,동대문역사문화공원,7,13
20250528,봉천,동대문역사문화공원,8,8
20250528,봉천,동대문역사문화공원,9,7
20250528,봉천,동대문역사문화공원,10,1
20250528,봉천,동대문역사문화공원,11,4
20250528,봉천,동대문역사문화공원,12,5
20250528,봉천,동대문역사문화공원,13,3
20250528,봉천,동대문역사문화공원,14,2
20250528,봉천,동대문역사문화공원,15,2
20250528,봉천,동대문역사문화공원,16,1
20250528,봉천,동대문역사문화공원,17,1
20250528,봉천,동대문역사문화공원,19,1
20250528,봉천,동대문역사문화공원,20,1
20250528,봉천,동대문역사문화공원,21,3
20250528,봉천,동대문역사문화공원,22,2
20250528,봉천,뚝섬,6,7
20250528,봉천,뚝섬,7,17
20250528,봉천,뚝섬,8,25
20250528,봉천,뚝섬,9,6
20250528,봉천,뚝섬,10,3
20250528,봉천,뚝섬,11,6
20250528,봉천,뚝섬,12,2
20250528,봉천,뚝섬,14,1
20250528,봉천,뚝섬,17,1
20250528,봉천,뚝섬,18,1
20250528,봉천,뚝섬,19,2
20250528,봉천,뚝섬,20,1
20250528,봉천,뚝섬,22,1
20250528,봉천,문래,5,4
20250528,봉천,문래,6,8
20250528,봉천,문래,7,35
20250528,봉천,문래,8,97
20250528,봉천,문래,9,30
20250528,봉천,문래,10,16
20250528,봉천,문래,11,8
20250528,봉천,문래,12,10
20250528,봉천,문래,13,6
20250528,봉천,문래,14,12
20250528,봉천,문래,15,5
20250528,봉천,문래,16,14
20250528,봉천,문래,17,11
20250528,봉천,문래,18,13
20250528,봉천,문래,19,8
20250528,봉천,문래,20,4
20250528,봉천,문래,21,6
20250528,봉천,문래,22,2
20250528,봉천,문래,23,2
20250528,봉천,방배,0,1
20250528,봉천,방배,4,1
20250528,봉천,방배,5,11
20250528,봉천,방배,6,25
20250528,봉천,방배,7,55
20250528,봉천,방배,8,108
20250528,봉천,방배,9,94
20250528,봉천,방배,10,34
20250528,봉천,방배,11,26
20250528,봉천,방배,12,29
20250528,봉천,방배,13,16
20250528,봉천,방배,14,19
20250528,봉천,방배,15,6
20250528,봉천,방배,16,9
20250528,봉천,방배,17,15
20250528,봉천,방배,18,8
20250528,봉천,방배,19,5
20250528,봉천,방배,20,7
20250528,봉천,방배,21,4
20250528,봉천,방배,22,1
20250528,봉천,방배,23,3
20250528,봉천,봉천,0,2
20250528,봉천,봉천,1,1
20250528,봉천,봉천,4,3
20250528,봉천,봉천,5,5
20250528,봉천,봉천,6,3
20250528,봉천,봉천,7,4
20250528,봉천,봉천,8,8
20250528,봉천,봉천,9,10
20250528,봉천,봉천,10,7
20250528,봉천,봉천,11,10
20250528,봉천,봉천,12,12
20250528,봉천,봉천,13,12
20250528,봉천,봉천,14,15
20250528,봉천,봉천,15,12
20250528,봉천,봉천,16,12
20250528,봉천,봉천,17,9
20250528,봉천,봉천,18,6
20250528,봉천,봉천,19,9
20250528,봉천,봉천,20,10
20250528,봉천,봉천,21,7
20250528,봉천,봉천,22,7
20250528,봉천,봉천,23,3
20250528,봉천,사당,5,21
20250528,봉천,사당,6,57
20250528,봉천,사당,7,116
20250528,봉천,사당,8,120
20250528,봉천,사당,9,58
20250528,봉천,사당,10,26
20250528,봉천,사당,11,41
20250528,봉천,사당,12,37
20250528,봉천,사당,13,34
20250528,봉천,사당,14,34
20250528,봉천,사당,15,26
20250528,봉천,사당,16,37
20250528,봉천,사당,17,48
20250528,봉천,사당,18,50
20250528,봉천,사당,19,30
20250528,봉천,사당,20,18
20250528,봉천,사당,21,17
20250528,봉천,사당,22,14
20250528,봉천,사당,23,5
20250528,봉천,삼성(무역센터),0,1
20250528,봉천,삼성(무역센터),5,28
20250528,봉천,삼성(무역센터),6,44
20250528,봉천,삼성(무역센터),7,217
20250528,봉천,삼성(무역센터),8,320
20250528,봉천,삼성(무역센터),9,144
20250528,봉천,삼성(무역센터),10,41
20250528,봉천,삼성(무역센터),11,21
20250528,봉천,삼성(무역센터),12,26
20250528,봉천,삼성(무역센터),13,21
20250528,봉천,삼성(무역센터),14,11
20250528,봉천,삼성(무역센터),15,17
20250528,봉천,삼성(무역센터),16,12
20250528,봉천,삼성(무역센터),17,10
20250528,봉천,삼성(무역센터),18,6
20250528,봉천,삼성(무역센터),19,4
20250528,봉천,삼성(무역센터),20,4
20250528,봉천,삼성(무역센터),21,3
20250528,봉천,삼성(무역센터),23,1
20250528,봉천,상왕십리,6,3
20250528,봉천,상왕십리,7,5
20250528,봉천,상왕십리,8,3
20250528,봉천,상왕십리,9,1
20250528,봉천,상왕십리,14,1
20250528,봉천,상왕십리,15,3
20250528,봉천,상왕십리,18,1
20250528,봉천,상왕십리,19,2
20250528,봉천,서울대입구(관악구청),0,5
20250528,봉천,서울대입구(관악구청),5,3
20250528,봉천,서울대입구(관악구청),6,10
20250528,봉천,서울대입구(관악구청),7,25
20250528,봉천,서울대입구(관악구청),8,56
20250528,봉천,서울대입구(관악구청),9,65
20250528,봉천,서울대입구(관악구청),10,57
20250528,봉천,서울대입구(관악구청),11,40
20250528,봉천,서울대입구(관악구청),12,52
20250528,봉천,서울대입구(관악구청),13,77
20250528,봉천,서울대입구(관악구청),14,66
20250528,봉천,서울대입구(관악구청),15,77
20250528,봉천,서울대입구(관악구청),16,53
20250528,봉천,서울대입구(관악구청),17,51
20250528,봉천,서울대입구(관악구청),18,44
20250528,봉천,서울대입구(관악구청),19,29
20250528,봉천,서울대입구(관악구청),20,31
20250528,봉천,서울대입구(관악구청),21,22
20250528,봉천,서울대입구(관악구청),22,20
20250528,봉천,서울대입구(관악구청),23,7
20250528,봉천,서초,5,18
20250528,봉천,서초,6,42
20250528,봉천,서초,7,91
20250528,봉천,서초,8,185
20250528,봉천,서초,9,87
20250528,봉천,서초,10,26
20250528,봉천,서초,11,14
20250528,봉천,서초,12,11
20250528,봉천,서초,13,15
20250528,봉천,서초,14,14
20250528,봉천,서초,15,17
20250528,봉천,서초,16,6
20250528,봉천,서초,17,9
20250528,봉천,서초,18,11
20250528,봉천,서초,19,8
20250528,봉천,서초,20,9
20250528,봉천,서초,21,7
20250528,봉천,서초,22,3
20250528,봉천,서초,23,2
20250528,봉천,선릉,5,24
20250528,봉천,선릉,6,55
20250528,봉천,선릉,7,191
20250528,봉천,선릉,8,299
20250528,봉천,선릉,9,156
20250528,봉천,선릉,10,78
20250528,봉천,선릉,11,37
20250528,봉천,선릉,12,40
20250528,봉천,선릉,13,46
20250528,봉천,선릉,14,27
20250528,봉천,선릉,15,27
20250528,봉천,선릉,16,22
20250528,봉천,선릉,17,13
20250528,봉천,선릉,18,19
20250528,봉천,선릉,19,6
20250528,봉천,선릉,20,6
20250528,봉천,선릉,21,5
20250528,봉천,선릉,22,5
20250528,봉천,선릉,23,4
20250528,봉천,성수,5,7
20250528,봉천,성수,6,11
20250528,봉천,성수,7,39
20250528,봉천,성수,8,43
20250528,봉천,성수,9,31
20250528,봉천,성수,10,7
20250528,봉천,성수,11,7
20250528,봉천,성수,12,7
20250528,봉천,성수,13,4
20250528,봉천,성수,14,4
20250528,봉천,성수,15,5
20250528,봉천,성수,16,5
20250528,봉천,성수,18,3
20250528,봉천,성수,19,1
20250528,봉천,성수,20,2
20250528,봉천,성수,21,2
20250528,봉천,시청,5,2
20250528,봉천,시청,6,19
20250528,봉천,시청,7,50
20250528,봉천,시청,8,60
20250528,봉천,시청,9,22
20250528,봉천,시청,10,6
20250528,봉천,시청,11,5
20250528,봉천,시청,12,5
20250528,봉천,시청,13,3
20250528,봉천,시청,14,2
20250528,봉천,시청,15,6
20250528,봉천,시청,16,1
20250528,봉천,시청,17,1
20250528,봉천,시청,18,2
20250528,봉천,신당,5,1
20250528,봉천,신당,6,1
20250528,봉천,신당,7,5
20250528,봉천,신당,8,4
20250528,봉천,신당,10,2
20250528,봉천,신당,12,1
20250528,봉천,신당,13,2
20250528,봉천,신당,14,1
20250528,봉천,신당,15,2
20250528,봉천,신당,17,3
20250528,봉천,신당,20,1
20250528,봉천,신당,22,1
20250528,봉천,신대방,0,1
20250528,봉천,신대방,5,8
20250528,봉천,신대방,6,4
20250528,봉천,신대방,7,20
20250528,봉천,신대방,8,46
20250528,봉천,신대방,9,20
20250528,봉천,신대방,10,31
20250528,봉천,신대방,11,34
20250528,봉천,신대방,12,29
20250528,봉천,신대방,13,31
20250528,봉천,신대방,14,37
20250528,봉천,신대방,15,42
20250528,봉천,신대방,16,38
20250528,봉천,신대방,17,26
20250528,봉천,신대방,18,31
20250528,봉천,신대방,19,24
20250528,봉천,신대방,20,27
20250528,봉천,신대방,21,22
20250528,봉천,신대방,22,16
20250528,봉천,신대방,23,7
20250528,봉천,신도림,0,1
20250528,봉천,신도림,5,3
20250528,봉천,신도림,6,12
20250528,봉천,신도림,7,26
20250528,봉천,신도림,8,67
20250528,봉천,신도림,9,37
20250528,봉천,신도림,10,24
20250528,봉천,신도림,11,24
20250528,봉천,신도림,12,19
20250528,봉천,신도림,13,28
20250528,봉천,신도림,14,19
20250528,봉천,신도림,15,16
20250528,봉천,신도림,16,16
20250528,봉천,신도림,17,28
20250528,봉천,신도림,18,32
20250528,봉천,신도림,19,13
20250528,봉천,신도림,20,19
20250528,봉천,신도림,21,12
20250528,봉천,신도림,22,14
20250528,봉천,신도림,23,3
20250528,봉천,신림,0,3
20250528,봉천,신림,5,11
20250528,봉천,신림,6,24
20250528,봉천,신림,7,27
20250528,봉천,신림,8,45
20250528,봉천,신림,9,70
20250528,봉천,신림,10,71
20250528,봉천,신림,11,66
20250528,봉천,신림,12,72
20250528,봉천,신림,13,47
20250528,봉천,신림,14,64
20250528,봉천,신림,15,100
20250528,봉천,신림,16,76
20250528,봉천,신림,17,70
20250528,봉천,신림,18,78
20250528,봉천,신림,19,48
20250528,봉천,신림,20,50
20250528,봉천,신림,21,40
20250528,봉천,신림,22,28
20250528,봉천,신림,23,17
20250528,봉천,신촌,0,1
20250528,봉천,신촌,5,6
20250528,봉천,신촌,6,13
20250528,봉천,신촌,7,29
20250528,봉천,신촌,8,33
20250528,봉천,신촌,9,30
20250528,봉천,신촌,10,15
20250528,봉천,신촌,11,8
20250528,봉천,신촌,12,17
20250528,봉천,신촌,13,10
20250528,봉천,신촌,14,8
20250528,봉천,신촌,15,6
20250528,봉천,신촌,16,9
20250528,봉천,신촌,17,10
20250528,봉천,신촌,18,9
20250528,봉천,신촌,19,3
20250528,봉천,신촌,20,7
20250528,봉천,신촌,21,2
20250528,봉천,신촌,22,2
20250528,봉천,아현,6,3
20250528,봉천,아현,7,2
20250528,봉천,아현,8,3
20250528,봉천,아현,9,3
20250528,봉천,아현,10,4
20250528,봉천,아현,11,2
20250528,봉천,아현,12,1
20250528,봉천,아현,13,3
20250528,봉천,아현,14,1
20250528,봉천,아현,15,1
20250528,봉천,아현,16,2
20250528,봉천,아현,17,3
20250528,봉천,아현,18,7
20250528,봉천,아현,19,1
20250528,봉천,아현,22,3
20250528,봉천,역삼,0,1
20250528,봉천,역삼,5,29
20250528,봉천,역삼,6,52
20250528,봉천,역삼,7,216
20250528,봉천,역삼,8,364
20250528,봉천,역삼,9,258
20250528,봉천,역삼,10,76
20250528,봉천,역삼,11,33
20250528,봉천,역삼,12,27
20250528,봉천,역삼,13,21
20250528,봉천,역삼,14,16
20250528,봉천,역삼,15,16
20250528,봉천,역삼,16,8
20250528,봉천,역삼,17,17
20250528,봉천,역삼,18,6
20250528,봉천,역삼,19,15
20250528,봉천,역삼,20,16
20250528,봉천,역삼,21,4
20250528,봉천,역삼,22,5
20250528,봉천,역삼,23,1
20250528,봉천,영등포구청,5,8
20250528,봉천,영등포구청,6,7
20250528,봉천,영등포구청,7,31
20250528,봉천,영등포구청,8,87
20250528,봉천,영등포구청,9,40
20250528,봉천,영등포구청,10,10
20250528,봉천,영등포구청,11,8
20250528,봉천,영등포구청,12,15
20250528,봉천,영등포구청,13,9
20250528,봉천,영등포구청,14,7
20250528,봉천,영등포구청,15,4
20250528,봉천,영등포구청,16,5
20250528,봉천,영등포구청,17,6
20250528,봉천,영등포구청,18,10
20250528,봉천,영등포구청,19,8
20250528,봉천,영등포구청,20,6
20250528,봉천,영등포구청,21,6
20250528,봉천,영등포구청,22,7
20250528,봉천,영등포구청,23,2
20250528,봉천,왕십리(성동구청),6,1
20250528,봉천,왕십리(성동구청),7,5
20250528,봉천,왕십리(성동구청),8,6
20250528,봉천,왕십리(성동구청),9,1
20250528,봉천,왕십리(성동구청),12,2
20250528,봉천,왕십리(성동구청),13,2
20250528,봉천,왕십리(성동구청),14,1
20250528,봉천,왕십리(성동구청),18,1
20250528,봉천,왕십리(성동구청),19,2
20250528,봉천,용두(동대문구청),7,1
20250528,봉천,용두(동대문구청),11,2
20250528,봉천,용두(동대문구청),12,2
20250528,봉천,용두(동대문구청),22,1
20250528,봉천,을지로3가,5,3
20250528,봉천,을지로3가,6,4
20250528,봉천,을지로3가,7,37
20250528,봉천,을지로3가,8,33
20250528,봉천,을지로3가,9,17
20250528,봉천,을지로3가,10,6
20250528,봉천,을지로3가,11,10
20250528,봉천,을지로3가,12,6
20250528,봉천,을지로3가,13,3
20250528,봉천,을지로3가,14,2
20250528,봉천,을지로3가,15,2
20250528,봉천,을지로3가,16,2
20250528,봉천,을지로3가,17,3
20250528,봉천,을지로3가,18,2
20250528,봉천,을지로4가,4,1
20250528,봉천,을지로4가,5,3
20250528,봉천,을지로4가,6,5
20250528,봉천,을지로4가,7,24
20250528,봉천,을지로4가,8,22
20250528,봉천,을지로4가,9,4
20250528,봉천,을지로4가,10,2
20250528,봉천,을지로4가,11,2
20250528,봉천,을지로4가,12,10
20250528,봉천,을지로4가,13,5
20250528,봉천,을지로4가,15,3
20250528,봉천,을지로4가,17,1
20250528,봉천,을지로4가,18,2
20250528,봉천,을지로4가,23,1
20250528,봉천,을지로입구,5,6
20250528,봉천,을지로입구,6,26
20250528,봉천,을지로입구,7,75
20250528,봉천,을지로입구,8,62
20250528,봉천,을지로입구,9,27
20250528,봉천,을지로입구,10,11
20250528,봉천,을지로입구,11,6
20250528,봉천,을지로입구,12,8
20250528,봉천,을지로입구,13,7
20250528,봉천,을지로입구,14,3
20250528,봉천,을지로입구,15,4
20250528,봉천,을지로입구,16,2
20250528,봉천,을지로입구,17,7
20250528,봉천,을지로입구,18,6
20250528,봉천,을지로입구,19,2
20250528,봉천,을지로입구,21,1
20250528,봉천,이대,0,1
20250528,봉천,이대,5,1
20250528,봉천,이대,6,5
20250528,봉천,이대,7,6
20250528,봉천,이대,8,32
20250528,봉천,이대,9,15
20250528,봉천,이대,10,4
20250528,봉천,이대,11,11
20250528,봉천,이대,12,2
20250528,봉천,이대,13,6
20250528,봉천,이대,14,2
20250528,봉천,이대,16,6
20250528,봉천,이대,17,4
20250528,봉천,이대,18,3
20250528,봉천,이대,19,1
20250528,봉천,이대,20,2
20250528,봉천,이대,21,2
20250528,봉천,이대,22,2
20250528,봉천,잠실(송파구청),5,8
20250528,봉천,잠실(송파구청),6,22
20250528,봉천,잠실(송파구청),7,75
20250528,봉천,잠실(송파구청),8,124
20250528,봉천,잠실(송파구청),9,52
20250528,봉천,잠실(송파구청),10,25
20250528,봉천,잠실(송파구청),11,22
20250528,봉천,잠실(송파구청),12,20
20250528,봉천,잠실(송파구청),13,7
20250528,봉천,잠실(송파구청),14,20
20250528,봉천,잠실(송파구청),15,17
20250528,봉천,잠실(송파구청),16,23
20250528,봉천,잠실(송파구청),17,23
20250528,봉천,잠실(송파구청),18,18
20250528,봉천,잠실(송파구청),19,13
20250528,봉천,잠실(송파구청),20,6
20250528,봉천,잠실(송파구청),21,9
20250528,봉천,잠실(송파구청),22,8
20250528,봉천,잠실나루,5,8
20250528,봉천,잠실나루,6,8
20250528,봉천,잠실나루,7,11
20250528,봉천,잠실나루,8,9
20250528,봉천,잠실나루,9,4
20250528,봉천,잠실나루,10,3
20250528,봉천,잠실나루,11,2
20250528,봉천,잠실나루,12,4
20250528,봉천,잠실나루,14,1
20250528,봉천,잠실나루,15,2
20250528,봉천,잠실나루,16,4
20250528,봉천,잠실나루,17,1
20250528,봉천,잠실나루,18,1
20250528,봉천,잠실나루,19,1
20250528,봉천,잠실나루,20,2
20250528,봉천,잠실나루,21,2
20250528,봉천,잠실새내,0,2
20250528,봉천,잠실새내,5,1
20250528,봉천,잠실새내,6,6
20250528,봉천,잠실새내,7,18
20250528,봉천,잠실새내,8,12
20250528,봉천,잠실새내,9,2
20250528,봉천,잠실새내,10,6
20250528,봉천,잠실새내,11,2
20250528,봉천,잠실새내,12,5
20250528,봉천,잠실새내,13,2
20250528,봉천,잠실새내,14,8
20250528,봉천,잠실새내,15,4
20250528,봉천,잠실새내,16,9
20250528,봉천,잠실새내,17,8
20250528,봉천,잠실새내,18,5
20250528,봉천,잠실새내,19,1
20250528,봉천,잠실새내,20,2
20250528,봉천,잠실새내,21,1
20250528,봉천,잠실새내,22,7
20250528,봉천,잠실새내,23,1
20250528,봉천,종합운동장,5,1
20250528,봉천,종합운동장,6,6
20250528,봉천,종합운동장,7,18
20250528,봉천,종합운동장,8,13
20250528,봉천,종합운동장,9,9
20250528,봉천,종합운동장,10,3
20250528,봉천,종합운동장,11,2
20250528,봉천,종합운동장,12,3
20250528,봉천,종합운동장,13,2
20250528,봉천,종합운동장,14,4
20250528,봉천,종합운동장,15,1
20250528,봉천,종합운동장,16,20
20250528,봉천,종합운동장,17,27
20250528,봉천,종합운동장,18,12
20250528,봉천,종합운동장,19,3
20250528,봉천,종합운동장,20,3
20250528,봉천,종합운동장,21,1
20250528,봉천,충정로(경기대입구),5,2
20250528,봉천,충정로(경기대입구),6,1
20250528,봉천,충정로(경기대입구),7,16
20250528,봉천,충정로(경기대입구),8,31
20250528,봉천,충정로(경기대입구),9,5
20250528,봉천,충정로(경기대입구),12,1
20250528,봉천,충정로(경기대입구),17,2
20250528,봉천,충정로(경기대입구),18,2
20250528,봉천,충정로(경기대입구),21,2
20250528,봉천,충정로(경기대입구),22,1
20250528,봉천,한양대,5,1
20250528,봉천,한양대,6,5
20250528,봉천,한양대,7,8
20250528,봉천,한양대,8,9
20250528,봉천,한양대,9,11
20250528,봉천,한양대,10,4
20250528,봉천,한양대,11,3
20250528,봉천,한양대,12,7
20250528,봉천,한양대,13,3
20250528,봉천,한양대,14,1
20250528,봉천,합정,0,1
20250528,봉천,합정,5,5
20250528,봉천,합정,6,13
20250528,봉천,합정,7,36
20250528,봉천,합정,8,63
20250528,봉천,합정,9,44
20250528,봉천,합정,10,21
20250528,봉천,합정,11,13
20250528,봉천,합정,12,16
20250528,봉천,합정,13,12
20250528,봉천,합정,14,7
20250528,봉천,합정,15,12
20250528,봉천,합정,16,5
20250528,봉천,합정,17,22
20250528,봉천,합정,18,18
20250528,봉천,합정,19,6
20250528,봉천,합정,20,5
20250528,봉천,합정,21,2
20250528,봉천,합정,22,3
20250528,봉천,합정,23,5
20250528,봉천,홍대입구,0,1
20250528,봉천,홍대입구,5,2
20250528,봉천,홍대입구,6,14
20250528,봉천,홍대입구,7,20
20250528,봉천,홍대입구,8,63
20250528,봉천,홍대입구,9,46
20250528,봉천,홍대입구,10,27
20250528,봉천,홍대입구,11,18
20250528,봉천,홍대입구,12,26
20250528,봉천,홍대입구,13,27
20250528,봉천,홍대입구,14,23
20250528,봉천,홍대입구,15,17
20250528,봉천,홍대입구,16,13
20250528,봉천,홍대입구,17,21
20250528,봉천,홍대입구,18,26
20250528,봉천,홍대입구,19,16
20250528,봉천,홍대입구,20,11
20250528,봉천,홍대입구,21,8
20250528,봉천,홍대입구,22,7
20250528,봉천,홍대입구,23,6
20250528,사당,강남,0,12
20250528,사당,강남,4,1
20250528,사당,강남,5,37
20250528,사당,강남,6,87
20250528,사당,강남,7,250
20250528,사당,강남,8,367
20250528,사당,강남,9,304
20250528,사당,강남,10,162
20250528,사당,강남,11,104
20250528,사당,강남,12,81
20250528,사당,강남,13,96
20250528,사당,강남,14,71
20250528,사당,강남,15,73
20250528,사당,강남,16,98
20250528,사당,강남,17,96
20250528,사당,강남,18,117
20250528,사당,강남,19,69
20250528,사당,강남,20,55
20250528,사당,강남,21,52
20250528,사당,강남,22,61
20250528,사당,강남,23,27
20250528,사당,강변(동서울터미널),0,3
20250528,사당,강변(동서울터미널),5,3
20250528,사당,강변(동서울터미널),6,6
20250528,사당,강변(동서울터미널),7,10
20250528,사당,강변(동서울터미널),8,12
20250528,사당,강변(동서울터미널),9,7
20250528,사당,강변(동서울터미널),10,7
20250528,사당,강변(동서울터미널),11,5
20250528,사당,강변(동서울터미널),12,4
20250528,사당,강변(동서울터미널),13,11
20250528,사당,강변(동서울터미널),14,7
20250528,사당,강변(동서울터미널),15,14
20250528,사당,강변(동서울터미널),16,10
20250528,사당,강변(동서울터미널),17,7
20250528,사당,강변(동서울터미널),18,17
20250528,사당,강변(동서울터미널),19,17
20250528,사당,강변(동서울터미널),20,12
20250528,사당,강변(동서울터미널),21,19
20250528,사당,강변(동서울터미널),22,15
20250528,사당,강변(동서울터미널),23,4
20250528,사당,건대입구,0,2
20250528,사당,건대입구,6,3
20250528,사당,건대입구,7,9
20250528,사당,건대입구,8,5
20250528,사당,건대입구,9,12
20250528,사당,건대입구,10,2
20250528,사당,건대입구,11,4
20250528,사당,건대입구,12,6
20250528,사당,건대입구,13,7
20250528,사당,건대입구,14,4
20250528,사당,건대입구,15,8
20250528,사당,건대입구,16,9
20250528,사당,건대입구,17,7
20250528,사당,건대입구,18,12
20250528,사당,건대입구,19,6
20250528,사당,건대입구,20,17
20250528,사당,건대입구,21,17
20250528,사당,건대입구,22,18
20250528,사당,건대입구,23,10
20250528,사당,교대(법원.검찰청),0,1
20250528,사당,교대(법원.검찰청),5,18
20250528,사당,교대(법원.검찰청),6,27
20250528,사당,교대(법원.검찰청),7,82
20250528,사당,교대(법원.검찰청),8,130
20250528,사당,교대(법원.검찰청),9,104
20250528,사당,교대(법원.검찰청),10,52
20250528,사당,교대(법원.검찰청),11,42
20250528,사당,교대(법원.검찰청),12,45
20250528,사당,교대(법원.검찰청),13,50
20250528,사당,교대(법원.검찰청),14,52
20250528,사당,교대(법원.검찰청),15,40
20250528,사당,교대(법원.검찰청),16,33
20250528,사당,교대(법원.검찰청),17,48
20250528,사당,교대(법원.검찰청),18,32
20250528,사당,교대(법원.검찰청),19,19
20250528,사당,교대(법원.검찰청),20,17
20250528,사당,교대(법원.검찰청),21,27
20250528,사당,교대(법원.검찰청),22,34
20250528,사당,교대(법원.검찰청),23,18
20250528,사당,구로디지털단지,0,8
20250528,사당,구로디지털단지,5,4
20250528,사당,구로디지털단지,6,31
20250528,사당,구로디지털단지,7,154
20250528,사당,구로디지털단지,8,260
20250528,사당,구로디지털단지,9,126
20250528,사당,구로디지털단지,10,45
20250528,사당,구로디지털단지,11,38
20250528,사당,구로디지털단지,12,48
20250528,사당,구로디지털단지,13,56
20250528,사당,구로디지털단지,14,37
20250528,사당,구로디지털단지,15,33
20250528,사당,구로디지털단지,16,52
20250528,사당,구로디지털단지,17,86
20250528,사당,구로디지털단지,18,132
20250528,사당,구로디지털단지,19,79
20250528,사당,구로디지털단지,20,65
20250528,사당,구로디지털단지,21,90
20250528,사당,구로디지털단지,22,73
20250528,사당,구로디지털단지,23,56
20250528,사당,구의(광진구청),0,2
20250528,사당,구의(광진구청),5,3
20250528,사당,구의(광진구청),6,5
20250528,사당,구의(광진구청),7,11
20250528,사당,구의(광진구청),8,7
20250528,사당,구의(광진구청),9,10
20250528,사당,구의(광진구청),10,8
20250528,사당,구의(광진구청),11,2
20250528,사당,구의(광진구청),12,6
20250528,사당,구의(광진구청),13,5
20250528,사당,구의(광진구청),14,9
20250528,사당,구의(광진구청),15,7
20250528,사당,구의(광진구청),16,9
20250528,사당,구의(광진구청),17,7
20250528,사당,구의(광진구청),18,16
20250528,사당,구의(광진구청),19,14
20250528,사당,구의(광진구청),20,11
20250528,사당,구의(광진구청),21,17
20250528,사당,구의(광진구청),22,18
20250528,사당,구의(광진구청),23,14
20250528,사당,낙성대,0,17
20250528,사당,낙성대,5,5
20250528,사당,낙성대,6,16
20250528,사당,낙성대,7,41
20250528,사당,낙성대,8,83
20250528,사당,낙성대,9,39
20250528,사당,낙성대,10,42
20250528,사당,낙성대,11,29
20250528,사당,낙성대,12,52
20250528,사당,낙성대,13,49
20250528,사당,낙성대,14,70
20250528,사당,낙성대,15,62
20250528,사당,낙성대,16,69
20250528,사당,낙성대,17,110
20250528,사당,낙성대,18,153
20250528,사당,낙성대,19,132
20250528,사당,낙성대,20,126
20250528,사당,낙성대,21,113
20250528,사당,낙성대,22,90
20250528,사당,낙성대,23,65
20250528,사당,당산,0,5
20250528,사당,당산,5,4
20250528,사당,당산,6,15
20250528,사당,당산,7,31
20250528,사당,당산,8,38
20250528,사당,당산,9,11
20250528,사당,당산,10,2
20250528,사당,당산,11,8
20250528,사당,당산,12,18
20250528,사당,당산,13,17
20250528,사당,당산,14,20
20250528,사당,당산,15,21
20250528,사당,당산,16,17
20250528,사당,당산,17,22
20250528,사당,당산,18,30
20250528,사당,당산,19,26
20250528,사당,당산,20,27
20250528,사당,당산,21,27
20250528,사당,당산,22,39
20250528,사당,당산,23,8
20250528,사당,대림(구로구청),0,4
20250528,사당,대림(구로구청),6,4
20250528,사당,대림(구로구청),7,20
20250528,사당,대림(구로구청),8,27
20250528,사당,대림(구로구청),9,19
20250528,사당,대림(구로구청),10,24
20250528,사당,대림(구로구청),11,16
20250528,사당,대림(구로구청),12,18
20250528,사당,대림(구로구청),13,20
20250528,사당,대림(구로구청),14,23
20250528,사당,대림(구로구청),15,24
20250528,사당,대림(구로구청),16,32
20250528,사당,대림(구로구청),17,40
20250528,사당,대림(구로구청),18,46
20250528,사당,대림(구로구청),19,30
20250528,사당,대림(구로구청),20,40
20250528,사당,대림(구로구청),21,45
20250528,사당,대림(구로구청),22,35
20250528,사당,대림(구로구청),23,22
20250528,사당,동대문역사문화공원,5,1
20250528,사당,동대문역사문화공원,6,4
20250528,사당,동대문역사문화공원,7,3
20250528,사당,동대문역사문화공원,8,2
20250528,사당,동대문역사문화공원,10,2
20250528,사당,동대문역사문화공원,11,2
20250528,사당,동대문역사문화공원,12,1
20250528,사당,동대문역사문화공원,16,2
20250528,사당,동대문역사문화공원,21,3
20250528,사당,뚝섬,5,3
20250528,사당,뚝섬,6,5
20250528,사당,뚝섬,7,16
20250528,사당,뚝섬,8,13
20250528,사당,뚝섬,9,6
20250528,사당,뚝섬,10,10
20250528,사당,뚝섬,11,7
20250528,사당,뚝섬,12,5
20250528,사당,뚝섬,13,3
20250528,사당,뚝섬,14,5
20250528,사당,뚝섬,15,5
20250528,사당,뚝섬,16,5
20250528,사당,뚝섬,17,5
20250528,사당,뚝섬,18,3
20250528,사당,뚝섬,19,1
20250528,사당,뚝섬,21,3
20250528,사당,뚝섬,22,4
20250528,사당,뚝섬,23,3
20250528,사당,문래,0,3
20250528,사당,문래,5,3
20250528,사당,문래,6,16
20250528,사당,문래,7,60
20250528,사당,문래,8,66
20250528,사당,문래,9,26
20250528,사당,문래,10,12
20250528,사당,문래,11,6
20250528,사당,문래,12,11
20250528,사당,문래,13,15
20250528,사당,문래,14,9
20250528,사당,문래,15,9
20250528,사당,문래,16,15
20250528,사당,문래,17,28
20250528,사당,문래,18,41
20250528,사당,문래,19,28
20250528,사당,문래,20,17
20250528,사당,문래,21,20
20250528,사당,문래,22,22
20250528,사당,문래,23,7
20250528,사당,방배,0,10
20250528,사당,방배,5,4
20250528,사당,방배,6,20
20250528,사당,방배,7,36
20250528,사당,방배,8,87
20250528,사당,방배,9,58
20250528,사당,방배,10,58
20250528,사당,방배,11,33
20250528,사당,방배,12,70
20250528,사당,방배,13,46
20250528,사당,방배,14,49
20250528,사당,방배,15,42
20250528,사당,방배,16,49
20250528,사당,방배,17,68
20250528,사당,방배,18,53
20250528,사당,방배,19,41
20250528,사당,방배,20,19
20250528,사당,방배,21,32
20250528,사당,방배,22,18
20250528,사당,방배,23,25
20250528,사당,봉천,0,10
20250528,사당,봉천,5,2
20250528,사당,봉천,6,10
20250528,사당,봉천,7,18
20250528,사당,봉천,8,51
20250528,사당,봉천,9,30
20250528,사당,봉천,10,23
20250528,사당,봉천,11,31
20250528,사당,봉천,12,38
20250528,사당,봉천,13,44
20250528,사당,봉천,14,46
20250528,사당,봉천,15,45
20250528,사당,봉천,16,48
20250528,사당,봉천,17,91
20250528,사당,봉천,18,164
20250528,사당,봉천,19,116
20250528,사당,봉천,20,109
20250528,사당,봉천,21,83
20250528,사당,봉천,22,82
20250528,사당,봉천,23,36
20250528,사당,사당,0,10
20250528,사당,사당,5,6
20250528,사당,사당,6,8
20250528,사당,사당,7,9
20250528,사당,사당,8,21
20250528,사당,사당,9,20
20250528,사당,사당,10,21
20250528,사당,사당,11,41
20250528,사당,사당,12,24
20250528,사당,사당,13,34
20250528,사당,사당,14,37
20250528,사당,사당,15,38
20250528,사당,사당,16,35
20250528,사당,사당,17,35
20250528,사당,사당,18,38
20250528,사당,사당,19,32
20250528,사당,사당,20,21
20250528,사당,사당,21,45
20250528,사당,사당,22,32
20250528,사당,사당,23,24
20250528,사당,삼성(무역센터),0,4
20250528,사당,삼성(무역센터),5,23
20250528,사당,삼성(무역센터),6,67
20250528,사당,삼성(무역센터),7,200
20250528,사당,삼성(무역센터),8,283
20250528,사당,삼성(무역센터),9,210
20250528,사당,삼성(무역센터),10,87
20250528,사당,삼성(무역센터),11,55
20250528,사당,삼성(무역센터),12,36
20250528,사당,삼성(무역센터),13,51
20250528,사당,삼성(무역센터),14,37
20250528,사당,삼성(무역센터),15,21
20250528,사당,삼성(무역센터),16,27
20250528,사당,삼성(무역센터),17,17
20250528,사당,삼성(무역센터),18,27
20250528,사당,삼성(무역센터),19,25
20250528,사당,삼성(무역센터),20,10
20250528,사당,삼성(무역센터),21,14
20250528,사당,삼성(무역센터),22,9
20250528,사당,삼성(무역센터),23,5
20250528,사당,상왕십리,5,1
20250528,사당,상왕십리,6,1
20250528,사당,상왕십리,7,3
20250528,사당,상왕십리,8,4
20250528,사당,상왕십리,9,1
20250528,사당,상왕십리,11,2
20250528,사당,상왕십리,12,2
20250528,사당,상왕십리,15,3
20250528,사당,상왕십리,16,2
20250528,사당,상왕십리,17,8
20250528,사당,상왕십리,18,3
20250528,사당,상왕십리,19,2
20250528,사당,상왕십리,20,1
20250528,사당,상왕십리,21,4
20250528,사당,상왕십리,22,6
20250528,사당,상왕십리,23,1
20250528,사당,서울대입구(관악구청),0,32
20250528,사당,서울대입구(관악구청),5,2
20250528,사당,서울대입구(관악구청),6,26
20250528,사당,서울대입구(관악구청),7,76
20250528,사당,서울대입구(관악구청),8,131
20250528,사당,서울대입구(관악구청),9,83
20250528,사당,서울대입구(관악구청),10,68
20250528,사당,서울대입구(관악구청),11,59
20250528,사당,서울대입구(관악구청),12,108
20250528,사당,서울대입구(관악구청),13,91
20250528,사당,서울대입구(관악구청),14,90
20250528,사당,서울대입구(관악구청),15,82
20250528,사당,서울대입구(관악구청),16,112
20250528,사당,서울대입구(관악구청),17,175
20250528,사당,서울대입구(관악구청),18,304
20250528,사당,서울대입구(관악구청),19,206
20250528,사당,서울대입구(관악구청),20,174
20250528,사당,서울대입구(관악구청),21,142
20250528,사당,서울대입구(관악구청),22,137
20250528,사당,서울대입구(관악구청),23,91
20250528,사당,서초,5,15
20250528,사당,서초,6,21
20250528,사당,서초,7,81
20250528,사당,서초,8,111
20250528,사당,서초,9,91
20250528,사당,서초,10,48
20250528,사당,서초,11,25
20250528,사당,서초,12,26
20250528,사당,서초,13,29
20250528,사당,서초,14,19
20250528,사당,서초,15,24
20250528,사당,서초,16,19
20250528,사당,서초,17,29
20250528,사당,서초,18,24
20250528,사당,서초,19,25
20250528,사당,서초,20,16
20250528,사당,서초,21,21
20250528,사당,서초,22,25
20250528,사당,서초,23,10
20250528,사당,선릉,0,9
20250528,사당,선릉,5,32
20250528,사당,선릉,6,69
20250528,사당,선릉,7,261
20250528,사당,선릉,8,267
20250528,사당,선릉,9,185
20250528,사당,선릉,10,103
20250528,사당,선릉,11,54
20250528,사당,선릉,12,61
20250528,사당,선릉,13,66
20250528,사당,선릉,14,49
20250528,사당,선릉,15,46
20250528,사당,선릉,16,43
20250528,사당,선릉,17,53
20250528,사당,선릉,18,40
20250528,사당,선릉,19,30
20250528,사당,선릉,20,22
20250528,사당,선릉,21,20
20250528,사당,선릉,22,18
20250528,사당,선릉,23,14
20250528,사당,성수,0,1
20250528,사당,성수,5,4
20250528,사당,성수,6,12
20250528,사당,성수,7,47
20250528,사당,성수,8,49
20250528,사당,성수,9,40
20250528,사당,성수,10,15
20250528,사당,성수,11,12
20250528,사당,성수,12,12
20250528,사당,성수,13,10
20250528,사당,성수,14,9
20250528,사당,성수,15,5
20250528,사당,성수,16,11
20250528,사당,성수,17,6
20250528,사당,성수,18,11
20250528,사당,성수,19,4
20250528,사당,성수,20,3
20250528,사당,성수,21,4
20250528,사당,성수,22,5
20250528,사당,시청,5,1
20250528,사당,시청,6,1
20250528,사당,시청,7,7
20250528,사당,시청,8,7
20250528,사당,시청,9,3
20250528,사당,시청,10,1
20250528,사당,시청,11,2
20250528,사당,시청,12,4
20250528,사당,시청,13,3
20250528,사당,시청,14,3
20250528,사당,시청,15,1
20250528,사당,시청,18,4
20250528,사당,신당,7,1
20250528,사당,신당,8,3
20250528,사당,신당,9,2
20250528,사당,신당,13,1
20250528,사당,신당,14,2
20250528,사당,신당,15,2
20250528,사당,신당,16,1
20250528,사당,신당,17,1
20250528,사당,신당,18,5
20250528,사당,신당,19,2
20250528,사당,신당,21,4
20250528,사당,신당,23,2
20250528,사당,신대방,0,8
20250528,사당,신대방,5,4
20250528,사당,신대방,6,11
20250528,사당,신대방,7,24
20250528,사당,신대방,8,21
20250528,사당,신대방,9,24
20250528,사당,신대방,10,18
20250528,사당,신대방,11,21
20250528,사당,신대방,12,35
20250528,사당,신대방,13,34
20250528,사당,신대방,14,39
20250528,사당,신대방,15,36
20250528,사당,신대방,16,52
20250528,사당,신대방,17,72
20250528,사당,신대방,18,96
20250528,사당,신대방,19,80
20250528,사당,신대방,20,63
20250528,사당,신대방,21,81
20250528,사당,신대방,22,70
20250528,사당,신대방,23,35
20250528,사당,신도림,0,12
20250528,사당,신도림,5,3
20250528,사당,신도림,6,13
20250528,사당,신도림,7,30
20250528,사당,신도림,8,65
20250528,사당,신도림,9,34
20250528,사당,신도림,10,14
20250528,사당,신도림,11,22
20250528,사당,신도림,12,23
20250528,사당,신도림,13,22
20250528,사당,신도림,14,20
20250528,사당,신도림,15,26
20250528,사당,신도림,16,41
20250528,사당,신도림,17,77
20250528,사당,신도림,18,112
20250528,사당,신도림,19,55
20250528,사당,신도림,20,50
20250528,사당,신도림,21,78
20250528,사당,신도림,22,63
20250528,사당,신도림,23,44
20250528,사당,신림,0,25
20250528,사당,신림,5,2
20250528,사당,신림,6,34
20250528,사당,신림,7,54
20250528,사당,신림,8,92
20250528,사당,신림,9,42
20250528,사당,신림,10,62
20250528,사당,신림,11,47
20250528,사당,신림,12,68
20250528,사당,신림,13,66
20250528,사당,신림,14,77
20250528,사당,신림,15,78
20250528,사당,신림,16,104
20250528,사당,신림,17,188
20250528,사당,신림,18,315
20250528,사당,신림,19,175
20250528,사당,신림,20,155
20250528,사당,신림,21,178
20250528,사당,신림,22,171
20250528,사당,신림,23,112
20250528,사당,신촌,5,2
20250528,사당,신촌,6,13
20250528,사당,신촌,7,40
20250528,사당,신촌,8,43
20250528,사당,신촌,9,48
20250528,사당,신촌,10,20
20250528,사당,신촌,11,23
20250528,사당,신촌,12,20
20250528,사당,신촌,13,16
20250528,사당,신촌,14,21
20250528,사당,신촌,15,22
20250528,사당,신촌,16,12
20250528,사당,신촌,17,22
20250528,사당,신촌,18,28
20250528,사당,신촌,19,18
20250528,사당,신촌,20,14
20250528,사당,신촌,21,21
20250528,사당,신촌,22,14
20250528,사당,신촌,23,9
20250528,사당,아현,6,3
20250528,사당,아현,7,2
20250528,사당,아현,8,7
20250528,사당,아현,9,7
20250528,사당,아현,10,1
20250528,사당,아현,11,4
20250528,사당,아현,12,1
20250528,사당,아현,13,2
20250528,사당,아현,14,1
20250528,사당,아현,15,1
20250528,사당,아현,16,3
20250528,사당,아현,17,4
20250528,사당,아현,18,6
20250528,사당,아현,19,3
20250528,사당,아현,20,2
20250528,사당,아현,21,5
20250528,사당,아현,22,7
20250528,사당,아현,23,4
20250528,사당,역삼,0,3
20250528,사당,역삼,5,37
20250528,사당,역삼,6,48
20250528,사당,역삼,7,210
20250528,사당,역삼,8,293
20250528,사당,역삼,9,245
20250528,사당,역삼,10,77
20250528,사당,역삼,11,43
20250528,사당,역삼,12,57
20250528,사당,역삼,13,38
20250528,사당,역삼,14,35
20250528,사당,역삼,15,27
20250528,사당,역삼,16,27
20250528,사당,역삼,17,37
20250528,사당,역삼,18,43
20250528,사당,역삼,19,18
20250528,사당,역삼,20,19
20250528,사당,역삼,21,28
20250528,사당,역삼,22,27
20250528,사당,역삼,23,16
20250528,사당,영등포구청,0,2
20250528,사당,영등포구청,5,3
20250528,사당,영등포구청,6,23
20250528,사당,영등포구청,7,63
20250528,사당,영등포구청,8,39
20250528,사당,영등포구청,9,26
20250528,사당,영등포구청,10,13
20250528,사당,영등포구청,11,12
20250528,사당,영등포구청,12,17
20250528,사당,영등포구청,13,14
20250528,사당,영등포구청,14,12
20250528,사당,영등포구청,15,17
20250528,사당,영등포구청,16,15
20250528,사당,영등포구청,17,17
20250528,사당,영등포구청,18,32
20250528,사당,영등포구청,19,25
20250528,사당,영등포구청,20,16
20250528,사당,영등포구청,21,17
20250528,사당,영등포구청,22,32
20250528,사당,영등포구청,23,14
20250528,사당,왕십리(성동구청),7,4
20250528,사당,왕십리(성동구청),8,1
20250528,사당,왕십리(성동구청),9,1
20250528,사당,왕십리(성동구청),11,1
20250528,사당,왕십리(성동구청),12,6
20250528,사당,왕십리(성동구청),13,3
20250528,사당,왕십리(성동구청),14,3
20250528,사당,왕십리(성동구청),15,2
20250528,사당,왕십리(성동구청),17,1
20250528,사당,왕십리(성동구청),18,2
20250528,사당,왕십리(성동구청),19,1
20250528,사당,왕십리(성동구청),21,2
20250528,사당,왕십리(성동구청),22,3
20250528,사당,왕십리(성동구청),23,1
20250528,사당,용두(동대문구청),7,1
20250528,사당,용두(동대문구청),8,1
20250528,사당,용두(동대문구청),10,1
20250528,사당,용두(동대문구청),12,5
20250528,사당,용두(동대문구청),16,1
20250528,사당,용두(동대문구청),19,1
20250528,사당,을지로3가,7,6
20250528,사당,을지로3가,8,2
20250528,사당,을지로3가,11,1
20250528,사당,을지로3가,13,1
20250528,사당,을지로3가,20,2
20250528,사당,을지로4가,6,2
20250528,사당,을지로4가,7,6
20250528,사당,을지로4가,8,5
20250528,사당,을지로4가,9,1
20250528,사당,을지로4가,10,2
20250528,사당,을지로4가,14,1
20250528,사당,을지로4가,15,1
20250528,사당,을지로4가,16,2
20250528,사당,을지로4가,17,1
20250528,사당,을지로4가,22,1
20250528,사당,을지로입구,0,1
20250528,사당,을지로입구,6,4
20250528,사당,을지로입구,7,11
20250528,사당,을지로입구,8,4
20250528,사당,을지로입구,9,2
20250528,사당,을지로입구,12,1
20250528,사당,을지로입구,14,3
20250528,사당,을지로입구,15,2
20250528,사당,을지로입구,16,1
20250528,사당,을지로입구,17,1
20250528,사당,을지로입구,18,1
20250528,사당,이대,5,1
20250528,사당,이대,6,5
20250528,사당,이대,7,18
20250528,사당,이대,8,25
20250528,사당,이대,9,21
20250528,사당,이대,10,23
20250528,사당,이대,11,22
20250528,사당,이대,12,16
20250528,사당,이대,13,12
20250528,사당,이대,14,7
20250528,사당,이대,15,7
20250528,사당,이대,16,5
20250528,사당,이대,17,7
20250528,사당,이대,18,11
20250528,사당,이대,19,4
20250528,사당,이대,20,5
20250528,사당,이대,21,9
20250528,사당,이대,22,13
20250528,사당,이대,23,4
20250528,사당,잠실(송파구청),0,7
20250528,사당,잠실(송파구청),5,15
20250528,사당,잠실(송파구청),6,41
20250528,사당,잠실(송파구청),7,120
20250528,사당,잠실(송파구청),8,191
20250528,사당,잠실(송파구청),9,77
20250528,사당,잠실(송파구청),10,60
20250528,사당,잠실(송파구청),11,38
20250528,사당,잠실(송파구청),12,34
20250528,사당,잠실(송파구청),13,40
20250528,사당,잠실(송파구청),14,47
20250528,사당,잠실(송파구청),15,44
20250528,사당,잠실(송파구청),16,55
20250528,사당,잠실(송파구청),17,61
20250528,사당,잠실(송파구청),18,71
20250528,사당,잠실(송파구청),19,53
20250528,사당,잠실(송파구청),20,54
20250528,사당,잠실(송파구청),21,67
20250528,사당,잠실(송파구청),22,72
20250528,사당,잠실(송파구청),23,32
20250528,사당,잠실나루,0,1
20250528,사당,잠실나루,5,14
20250528,사당,잠실나루,6,10
20250528,사당,잠실나루,7,11
20250528,사당,잠실나루,8,18
20250528,사당,잠실나루,9,10
20250528,사당,잠실나루,10,7
20250528,사당,잠실나루,11,11
20250528,사당,잠실나루,12,3
20250528,사당,잠실나루,13,7
20250528,사당,잠실나루,14,1
20250528,사당,잠실나루,15,7
20250528,사당,잠실나루,16,7
20250528,사당,잠실나루,17,6
20250528,사당,잠실나루,18,12
20250528,사당,잠실나루,19,4
20250528,사당,잠실나루,20,13
20250528,사당,잠실나루,21,9
20250528,사당,잠실나루,22,7
20250528,사당,잠실나루,23,3
20250528,사당,잠실새내,0,3
20250528,사당,잠실새내,5,3
20250528,사당,잠실새내,6,2
20250528,사당,잠실새내,7,9
20250528,사당,잠실새내,8,10
20250528,사당,잠실새내,9,9
20250528,사당,잠실새내,10,10
20250528,사당,잠실새내,11,13
20250528,사당,잠실새내,12,18
20250528,사당,잠실새내,13,7
20250528,사당,잠실새내,14,13
20250528,사당,잠실새내,15,19
20250528,사당,잠실새내,16,17
20250528,사당,잠실새내,17,25
20250528,사당,잠실새내,18,21
20250528,사당,잠실새내,19,13
20250528,사당,잠실새내,20,16
20250528,사당,잠실새내,21,19
20250528,사당,잠실새내,22,20
20250528,사당,잠실새내,23,8
20250528,사당,종합운동장,5,6
20250528,사당,종합운동장,6,10
20250528,사당,종합운동장,7,12
20250528,사당,종합운동장,8,10
20250528,사당,종합운동장,9,15
20250528,사당,종합운동장,10,8
20250528,사당,종합운동장,11,4
20250528,사당,종합운동장,12,5
20250528,사당,종합운동장,13,6
20250528,사당,종합운동장,14,10
20250528,사당,종합운동장,15,11
20250528,사당,종합운동장,16,29
20250528,사당,종합운동장,17,75
20250528,사당,종합운동장,18,29
20250528,사당,종합운동장,19,11
20250528,사당,종합운동장,20,13
20250528,사당,종합운동장,21,14
20250528,사당,종합운동장,22,8
20250528,사당,종합운동장,23,6
20250528,사당,충정로(경기대입구),0,1
20250528,사당,충정로(경기대입구),6,5
20250528,사당,충정로(경기대입구),7,9
20250528,사당,충정로(경기대입구),8,2
20250528,사당,충정로(경기대입구),9,2
20250528,사당,충정로(경기대입구),10,2
20250528,사당,충정로(경기대입구),13,1
20250528,사당,충정로(경기대입구),15,2
20250528,사당,충정로(경기대입구),18,2
20250528,사당,충정로(경기대입구),20,2
20250528,사당,충정로(경기대입구),22,4
20250528,사당,한양대,6,1
20250528,사당,한양대,7,8
20250528,사당,한양대,8,10
20250528,사당,한양대,9,14
20250528,사당,한양대,10,9
20250528,사당,한양대,11,6
20250528,사당,한양대,12,3
20250528,사당,한양대,13,2
20250528,사당,한양대,14,2
20250528,사당,한양대,15,2
20250528,사당,한양대,16,3
20250528,사당,한양대,17,1
20250528,사당,한양대,18,4
20250528,사당,한양대,19,2
20250528,사당,한양대,20,1
20250528,사당,한양대,22,1
20250528,사당,합정,0,3
20250528,사당,합정,5,4
20250528,사당,합정,6,15
20250528,사당,합정,7,42
20250528,사당,합정,8,54
20250528,사당,합정,9,28
20250528,사당,합정,10,16
20250528,사당,합정,11,21
20250528,사당,합정,12,25
20250528,사당,합정,13,12
20250528,사당,합정,14,20
20250528,사당,합정,15,18
20250528,사당,합정,16,20
20250528,사당,합정,17,29
20250528,사당,합정,18,31
20250528,사당,합정,19,25
20250528,사당,합정,20,24
20250528,사당,합정,21,21
20250528,사당,합정,22,25
20250528,사당,합정,23,13
20250528,사당,홍대입구,0,6
20250528,사당,홍대입구,5,5
20250528,사당,홍대입구,6,13
20250528,사당,홍대입구,7,45
20250528,사당,홍대입구,8,48
20250528,사당,홍대입구,9,65
20250528,사당,홍대입구,10,35
20250528,사당,홍대입구,11,35
20250528,사당,홍대입구,12,47
20250528,사당,홍대입구,13,52
20250528,사당,홍대입구,14,53
20250528,사당,홍대입구,15,32
20250528,사당,홍대입구,16,33
20250528,사당,홍대입구,17,59
20250528,사당,홍대입구,18,74
20250528,사당,홍대입구,19,38
20250528,사당,홍대입구,20,24
20250528,사당,홍대입구,21,24
20250528,사당,홍대입구,22,29
20250528,사당,홍대입구,23,22
20250528,삼성(무역센터),강남,0,2
20250528,삼성(무역센터),강남,5,7
20250528,삼성(무역센터),강남,6,21
20250528,삼성(무역센터),강남,7,60
20250528,삼성(무역센터),강남,8,75
20250528,삼성(무역센터),강남,9,84
20250528,삼성(무역센터),강남,10,57
20250528,삼성(무역센터),강남,11,104
20250528,삼성(무역센터),강남,12,124
20250528,삼성(무역센터),강남,13,185
20250528,삼성(무역센터),강남,14,185
20250528,삼성(무역센터),강남,15,215
20250528,삼성(무역센터),강남,16,302
20250528,삼성(무역센터),강남,17,564
20250528,삼성(무역센터),강남,18,737
20250528,삼성(무역센터),강남,19,321
20250528,삼성(무역센터),강남,20,182
20250528,삼성(무역센터),강남,21,188
20250528,삼성(무역센터),강남,22,102
20250528,삼성(무역센터),강남,23,19
20250528,삼성(무역센터),강변(동서울터미널),0,2
20250528,삼성(무역센터),강변(동서울터미널),5,4
20250528,삼성(무역센터),강변(동서울터미널),6,6
20250528,삼성(무역센터),강변(동서울터미널),7,10
20250528,삼성(무역센터),강변(동서울터미널),8,9
20250528,삼성(무역센터),강변(동서울터미널),9,15
20250528,삼성(무역센터),강변(동서울터미널),10,15
20250528,삼성(무역센터),강변(동서울터미널),11,29
20250528,삼성(무역센터),강변(동서울터미널),12,18
20250528,삼성(무역센터),강변(동서울터미널),13,41
20250528,삼성(무역센터),강변(동서울터미널),14,45
20250528,삼성(무역센터),강변(동서울터미널),15,75
20250528,삼성(무역센터),강변(동서울터미널),16,75
20250528,삼성(무역센터),강변(동서울터미널),17,149
20250528,삼성(무역센터),강변(동서울터미널),18,212
20250528,삼성(무역센터),강변(동서울터미널),19,94
20250528,삼성(무역센터),강변(동서울터미널),20,69
20250528,삼성(무역센터),강변(동서울터미널),21,73
20250528,삼성(무역센터),강변(동서울터미널),22,68
20250528,삼성(무역센터),강변(동서울터미널),23,15
20250528,삼성(무역센터),건대입구,0,6
20250528,삼성(무역센터),건대입구,5,5
20250528,삼성(무역센터),건대입구,6,3
20250528,삼성(무역센터),건대입구,7,7
20250528,삼성(무역센터),건대입구,8,11
20250528,삼성(무역센터),건대입구,9,5
20250528,삼성(무역센터),건대입구,10,16
20250528,삼성(무역센터),건대입구,11,9
20250528,삼성(무역센터),건대입구,12,15
20250528,삼성(무역센터),건대입구,13,34
20250528,삼성(무역센터),건대입구,14,60
20250528,삼성(무역센터),건대입구,15,50
20250528,삼성(무역센터),건대입구,16,78
20250528,삼성(무역센터),건대입구,17,147
20250528,삼성(무역센터),건대입구,18,197
20250528,삼성(무역센터),건대입구,19,94
20250528,삼성(무역센터),건대입구,20,78
20250528,삼성(무역센터),건대입구,21,64
20250528,삼성(무역센터),건대입구,22,44
20250528,삼성(무역센터),건대입구,23,10
20250528,삼성(무역센터),교대(법원.검찰청),5,5
20250528,삼성(무역센터),교대(법원.검찰청),6,7
20250528,삼성(무역센터),교대(법원.검찰청),7,18
20250528,삼성(무역센터),교대(법원.검찰청),8,30
20250528,삼성(무역센터),교대(법원.검찰청),9,29
20250528,삼성(무역센터),교대(법원.검찰청),10,36
20250528,삼성(무역센터),교대(법원.검찰청),11,49
20250528,삼성(무역센터),교대(법원.검찰청),12,34
20250528,삼성(무역센터),교대(법원.검찰청),13,80
20250528,삼성(무역센터),교대(법원.검찰청),14,66
20250528,삼성(무역센터),교대(법원.검찰청),15,73
20250528,삼성(무역센터),교대(법원.검찰청),16,83
20250528,삼성(무역센터),교대(법원.검찰청),17,124
20250528,삼성(무역센터),교대(법원.검찰청),18,153
20250528,삼성(무역센터),교대(법원.검찰청),19,65
20250528,삼성(무역센터),교대(법원.검찰청),20,49
20250528,삼성(무역센터),교대(법원.검찰청),21,48
20250528,삼성(무역센터),교대(법원.검찰청),22,25
20250528,삼성(무역센터),교대(법원.검찰청),23,10
20250528,삼성(무역센터),구로디지털단지,0,2
20250528,삼성(무역센터),구로디지털단지,5,8
20250528,삼성(무역센터),구로디지털단지,6,14
20250528,삼성(무역센터),구로디지털단지,7,19
20250528,삼성(무역센터),구로디지털단지,8,18
20250528,삼성(무역센터),구로디지털단지,9,14
20250528,삼성(무역센터),구로디지털단지,10,11
20250528,삼성(무역센터),구로디지털단지,11,11
20250528,삼성(무역센터),구로디지털단지,12,24
20250528,삼성(무역센터),구로디지털단지,13,27
20250528,삼성(무역센터),구로디지털단지,14,53
20250528,삼성(무역센터),구로디지털단지,15,68
20250528,삼성(무역센터),구로디지털단지,16,106
20250528,삼성(무역센터),구로디지털단지,17,205
20250528,삼성(무역센터),구로디지털단지,18,269
20250528,삼성(무역센터),구로디지털단지,19,146
20250528,삼성(무역센터),구로디지털단지,20,137
20250528,삼성(무역센터),구로디지털단지,21,103
20250528,삼성(무역센터),구로디지털단지,22,63
20250528,삼성(무역센터),구로디지털단지,23,25
20250528,삼성(무역센터),구의(광진구청),0,7
20250528,삼성(무역센터),구의(광진구청),5,4
20250528,삼성(무역센터),구의(광진구청),6,6
20250528,삼성(무역센터),구의(광진구청),7,7
20250528,삼성(무역센터),구의(광진구청),8,16
20250528,삼성(무역센터),구의(광진구청),9,11
20250528,삼성(무역센터),구의(광진구청),10,18
20250528,삼성(무역센터),구의(광진구청),11,22
20250528,삼성(무역센터),구의(광진구청),12,14
20250528,삼성(무역센터),구의(광진구청),13,29
20250528,삼성(무역센터),구의(광진구청),14,46
20250528,삼성(무역센터),구의(광진구청),15,50
20250528,삼성(무역센터),구의(광진구청),16,76
20250528,삼성(무역센터),구의(광진구청),17,172
20250528,삼성(무역센터),구의(광진구청),18,258
20250528,삼성(무역센터),구의(광진구청),19,131
20250528,삼성(무역센터),구의(광진구청),20,120
20250528,삼성(무역센터),구의(광진구청),21,112
20250528,삼성(무역센터),구의(광진구청),22,75
20250528,삼성(무역센터),구의(광진구청),23,27
20250528,삼성(무역센터),낙성대,0,2
20250528,삼성(무역센터),낙성대,4,1
20250528,삼성(무역센터),낙성대,5,6
20250528,삼성(무역센터),낙성대,6,2
20250528,삼성(무역센터),낙성대,7,11
20250528,삼성(무역센터),낙성대,8,10
20250528,삼성(무역센터),낙성대,9,10
20250528,삼성(무역센터),낙성대,10,10
20250528,삼성(무역센터),낙성대,11,13
20250528,삼성(무역센터),낙성대,12,18
20250528,삼성(무역센터),낙성대,13,19
20250528,삼성(무역센터),낙성대,14,25
20250528,삼성(무역센터),낙성대,15,27
20250528,삼성(무역센터),낙성대,16,73
20250528,삼성(무역센터),낙성대,17,162
20250528,삼성(무역센터),낙성대,18,213
20250528,삼성(무역센터),낙성대,19,119
20250528,삼성(무역센터),낙성대,20,108
20250528,삼성(무역센터),낙성대,21,83
20250528,삼성(무역센터),낙성대,22,61
20250528,삼성(무역센터),낙성대,23,16
20250528,삼성(무역센터),당산,7,1
20250528,삼성(무역센터),당산,8,1
20250528,삼성(무역센터),당산,10,1
20250528,삼성(무역센터),당산,11,1
20250528,삼성(무역센터),당산,12,2
20250528,삼성(무역센터),당산,13,2
20250528,삼성(무역센터),당산,14,7
20250528,삼성(무역센터),당산,15,7
20250528,삼성(무역센터),당산,16,13
20250528,삼성(무역센터),당산,17,17
20250528,삼성(무역센터),당산,18,25
20250528,삼성(무역센터),당산,19,12
20250528,삼성(무역센터),당산,20,16
20250528,삼성(무역센터),당산,21,7
20250528,삼성(무역센터),당산,22,6
20250528,삼성(무역센터),당산,23,3
20250528,삼성(무역센터),대림(구로구청),0,4
20250528,삼성(무역센터),대림(구로구청),5,1
20250528,삼성(무역센터),대림(구로구청),6,7
20250528,삼성(무역센터),대림(구로구청),7,7
20250528,삼성(무역센터),대림(구로구청),8,5
20250528,삼성(무역센터),대림(구로구청),9,3
20250528,삼성(무역센터),대림(구로구청),10,3
20250528,삼성(무역센터),대림(구로구청),11,6
20250528,삼성(무역센터),대림(구로구청),12,5
20250528,삼성(무역센터),대림(구로구청),13,17
20250528,삼성(무역센터),대림(구로구청),14,24
20250528,삼성(무역센터),대림(구로구청),15,36
20250528,삼성(무역센터),대림(구로구청),16,46
20250528,삼성(무역센터),대림(구로구청),17,48
20250528,삼성(무역센터),대림(구로구청),18,73
20250528,삼성(무역센터),대림(구로구청),19,46
20250528,삼성(무역센터),대림(구로구청),20,60
20250528,삼성(무역센터),대림(구로구청),21,73
20250528,삼성(무역센터),대림(구로구청),22,33
20250528,삼성(무역센터),대림(구로구청),23,10
20250528,삼성(무역센터),동대문역사문화공원,6,1
20250528,삼성(무역센터),동대문역사문화공원,7,3
20250528,삼성(무역센터),동대문역사문화공원,8,9
20250528,삼성(무역센터),동대문역사문화공원,9,6
20250528,삼성(무역센터),동대문역사문화공원,10,6
20250528,삼성(무역센터),동대문역사문화공원,11,3
20250528,삼성(무역센터),동대문역사문화공원,12,17
20250528,삼성(무역센터),동대문역사문화공원,13,41
20250528,삼성(무역센터),동대문역사문화공원,14,24
20250528,삼성(무역센터),동대문역사문화공원,15,35
20250528,삼성(무역센터),동대문역사문화공원,16,36
20250528,삼성(무역센터),동대문역사문화공원,17,45
20250528,삼성(무역센터),동대문역사문화공원,18,45
20250528,삼성(무역센터),동대문역사문화공원,19,34
20250528,삼성(무역센터),동대문역사문화공원,20,21
20250528,삼성(무역센터),동대문역사문화공원,21,12
20250528,삼성(무역센터),동대문역사문화공원,22,23
20250528,삼성(무역센터),동대문역사문화공원,23,1
20250528,삼성(무역센터),뚝섬,7,4
20250528,삼성(무역센터),뚝섬,8,18
20250528,삼성(무역센터),뚝섬,9,6
20250528,삼성(무역센터),뚝섬,10,7
20250528,삼성(무역센터),뚝섬,11,11
20250528,삼성(무역센터),뚝섬,12,20
20250528,삼성(무역센터),뚝섬,13,22
20250528,삼성(무역센터),뚝섬,14,25
20250528,삼성(무역센터),뚝섬,15,14
20250528,삼성(무역센터),뚝섬,16,27
20250528,삼성(무역센터),뚝섬,17,46
20250528,삼성(무역센터),뚝섬,18,51
20250528,삼성(무역센터),뚝섬,19,9
20250528,삼성(무역센터),뚝섬,20,12
20250528,삼성(무역센터),뚝섬,21,5
20250528,삼성(무역센터),뚝섬,22,15
20250528,삼성(무역센터),뚝섬,23,2
20250528,삼성(무역센터),문래,6,3
20250528,삼성(무역센터),문래,7,13
20250528,삼성(무역센터),문래,8,1
20250528,삼성(무역센터),문래,10,4
20250528,삼성(무역센터),문래,11,6
20250528,삼성(무역센터),문래,12,9
20250528,삼성(무역센터),문래,13,6
20250528,삼성(무역센터),문래,14,12
20250528,삼성(무역센터),문래,15,14
20250528,삼성(무역센터),문래,16,39
20250528,삼성(무역센터),문래,17,62
20250528,삼성(무역센터),문래,18,61
20250528,삼성(무역센터),문래,19,29
20250528,삼성(무역센터),문래,20,18
20250528,삼성(무역센터),문래,21,11
20250528,삼성(무역센터),문래,22,14
20250528,삼성(무역센터),문래,23,4
20250528,삼성(무역센터),방배,6,2
20250528,삼성(무역센터),방배,7,6
20250528,삼성(무역센터),방배,8,11
20250528,삼성(무역센터),방배,9,11
20250528,삼성(무역센터),방배,10,5
20250528,삼성(무역센터),방배,11,14
20250528,삼성(무역센터),방배,12,17
20250528,삼성(무역센터),방배,13,19
20250528,삼성(무역센터),방배,14,19
20250528,삼성(무역센터),방배,15,28
20250528,삼성(무역센터),방배,16,32
20250528,삼성(무역센터),방배,17,71
20250528,삼성(무역센터),방배,18,82
20250528,삼성(무역센터),방배,19,44
20250528,삼성(무역센터),방배,20,32
20250528,삼성(무역센터),방배,21,31
20250528,삼성(무역센터),방배,22,22
20250528,삼성(무역센터),방배,23,6
20250528,삼성(무역센터),봉천,0,3
20250528,삼성(무역센터),봉천,5,2
20250528,삼성(무역센터),봉천,6,6
20250528,삼성(무역센터),봉천,7,5
20250528,삼성(무역센터),봉천,8,7
20250528,삼성(무역센터),봉천,9,4
20250528,삼성(무역센터),봉천,10,4
20250528,삼성(무역센터),봉천,11,8
20250528,삼성(무역센터),봉천,12,9
20250528,삼성(무역센터),봉천,13,13
20250528,삼성(무역센터),봉천,14,31
20250528,삼성(무역센터),봉천,15,42
20250528,삼성(무역센터),봉천,16,46
20250528,삼성(무역센터),봉천,17,134
20250528,삼성(무역센터),봉천,18,185
20250528,삼성(무역센터),봉천,19,106
20250528,삼성(무역센터),봉천,20,80
20250528,삼성(무역센터),봉천,21,47
20250528,삼성(무역센터),봉천,22,38
20250528,삼성(무역센터),봉천,23,14
20250528,삼성(무역센터),사당,0,7
20250528,삼성(무역센터),사당,5,10
20250528,삼성(무역센터),사당,6,10
20250528,삼성(무역센터),사당,7,19
20250528,삼성(무역센터),사당,8,12
20250528,삼성(무역센터),사당,9,12
20250528,삼성(무역센터),사당,10,23
20250528,삼성(무역센터),사당,11,30
20250528,삼성(무역센터),사당,12,50
20250528,삼성(무역센터),사당,13,50
20250528,삼성(무역센터),사당,14,60
20250528,삼성(무역센터),사당,15,109
20250528,삼성(무역센터),사당,16,212
20250528,삼성(무역센터),사당,17,378
20250528,삼성(무역센터),사당,18,564
20250528,삼성(무역센터),사당,19,263
20250528,삼성(무역센터),사당,20,177
20250528,삼성(무역센터),사당,21,149
20250528,삼성(무역센터),사당,22,108
20250528,삼성(무역센터),사당,23,27
20250528,삼성(무역센터),삼성(무역센터),5,1
20250528,삼성(무역센터),삼성(무역센터),6,1
20250528,삼성(무역센터),삼성(무역센터),7,1
20250528,삼성(무역센터),삼성(무역센터),8,3
20250528,삼성(무역센터),삼성(무역센터),9,5
20250528,삼성(무역센터),삼성(무역센터),10,7
20250528,삼성(무역센터),삼성(무역센터),11,15
20250528,삼성(무역센터),삼성(무역센터),12,19
20250528,삼성(무역센터),삼성(무역센터),13,9
20250528,삼성(무역센터),삼성(무역센터),14,13
20250528,삼성(무역센터),삼성(무역센터),15,14
20250528,삼성(무역센터),삼성(무역센터),16,19
20250528,삼성(무역센터),삼성(무역센터),17,27
20250528,삼성(무역센터),삼성(무역센터),18,17
20250528,삼성(무역센터),삼성(무역센터),19,16
20250528,삼성(무역센터),삼성(무역센터),20,12
20250528,삼성(무역센터),삼성(무역센터),21,14
20250528,삼성(무역센터),삼성(무역센터),22,19
20250528,삼성(무역센터),삼성(무역센터),23,12
20250528,삼성(무역센터),상왕십리,0,2
20250528,삼성(무역센터),상왕십리,7,4
20250528,삼성(무역센터),상왕십리,8,3
20250528,삼성(무역센터),상왕십리,9,2
20250528,삼성(무역센터),상왕십리,10,3
20250528,삼성(무역센터),상왕십리,11,2
20250528,삼성(무역센터),상왕십리,12,6
20250528,삼성(무역센터),상왕십리,13,5
20250528,삼성(무역센터),상왕십리,14,8
20250528,삼성(무역센터),상왕십리,15,11
20250528,삼성(무역센터),상왕십리,16,31
20250528,삼성(무역센터),상왕십리,17,61
20250528,삼성(무역센터),상왕십리,18,78
20250528,삼성(무역센터),상왕십리,19,34
20250528,삼성(무역센터),상왕십리,20,19
20250528,삼성(무역센터),상왕십리,21,17
20250528,삼성(무역센터),상왕십리,22,15
20250528,삼성(무역센터),상왕십리,23,6
20250528,삼성(무역센터),서울대입구(관악구청),0,8
20250528,삼성(무역센터),서울대입구(관악구청),5,3
20250528,삼성(무역센터),서울대입구(관악구청),6,8
20250528,삼성(무역센터),서울대입구(관악구청),7,18
20250528,삼성(무역센터),서울대입구(관악구청),8,20
20250528,삼성(무역센터),서울대입구(관악구청),9,15
20250528,삼성(무역센터),서울대입구(관악구청),10,13
20250528,삼성(무역센터),서울대입구(관악구청),11,27
20250528,삼성(무역센터),서울대입구(관악구청),12,30
20250528,삼성(무역센터),서울대입구(관악구청),13,35
20250528,삼성(무역센터),서울대입구(관악구청),14,59
20250528,삼성(무역센터),서울대입구(관악구청),15,64
20250528,삼성(무역센터),서울대입구(관악구청),16,114
20250528,삼성(무역센터),서울대입구(관악구청),17,292
20250528,삼성(무역센터),서울대입구(관악구청),18,400
20250528,삼성(무역센터),서울대입구(관악구청),19,192
20250528,삼성(무역센터),서울대입구(관악구청),20,176
20250528,삼성(무역센터),서울대입구(관악구청),21,155
20250528,삼성(무역센터),서울대입구(관악구청),22,117
20250528,삼성(무역센터),서울대입구(관악구청),23,29
20250528,삼성(무역센터),서초,0,2
20250528,삼성(무역센터),서초,5,3
20250528,삼성(무역센터),서초,6,2
20250528,삼성(무역센터),서초,7,6
20250528,삼성(무역센터),서초,8,29
20250528,삼성(무역센터),서초,9,24
20250528,삼성(무역센터),서초,10,33
20250528,삼성(무역센터),서초,11,21
20250528,삼성(무역센터),서초,12,19
20250528,삼성(무역센터),서초,13,36
20250528,삼성(무역센터),서초,14,42
20250528,삼성(무역센터),서초,15,45
20250528,삼성(무역센터),서초,16,41
20250528,삼성(무역센터),서초,17,66
20250528,삼성(무역센터),서초,18,78
20250528,삼성(무역센터),서초,19,41
20250528,삼성(무역센터),서초,20,36
20250528,삼성(무역센터),서초,21,23
20250528,삼성(무역센터),서초,22,17
20250528,삼성(무역센터),서초,23,10
20250528,삼성(무역센터),선릉,0,5
20250528,삼성(무역센터),선릉,6,5
20250528,삼성(무역센터),선릉,7,22
20250528,삼성(무역센터),선릉,8,22
20250528,삼성(무역센터),선릉,9,37
20250528,삼성(무역센터),선릉,10,42
20250528,삼성(무역센터),선릉,11,52
20250528,삼성(무역센터),선릉,12,85
20250528,삼성(무역센터),선릉,13,77
20250528,삼성(무역센터),선릉,14,61
20250528,삼성(무역센터),선릉,15,75
20250528,삼성(무역센터),선릉,16,83
20250528,삼성(무역센터),선릉,17,136
20250528,삼성(무역센터),선릉,18,163
20250528,삼성(무역센터),선릉,19,72
20250528,삼성(무역센터),선릉,20,32
20250528,삼성(무역센터),선릉,21,37
20250528,삼성(무역센터),선릉,22,18
20250528,삼성(무역센터),선릉,23,7
20250528,삼성(무역센터),성수,5,1
20250528,삼성(무역센터),성수,6,2
20250528,삼성(무역센터),성수,7,13
20250528,삼성(무역센터),성수,8,32
20250528,삼성(무역센터),성수,9,23
20250528,삼성(무역센터),성수,10,19
20250528,삼성(무역센터),성수,11,50
20250528,삼성(무역센터),성수,12,50
20250528,삼성(무역센터),성수,13,52
20250528,삼성(무역센터),성수,14,73
20250528,삼성(무역센터),성수,15,80
20250528,삼성(무역센터),성수,16,77
20250528,삼성(무역센터),성수,17,95
20250528,삼성(무역센터),성수,18,91
20250528,삼성(무역센터),성수,19,27
20250528,삼성(무역센터),성수,20,17
20250528,삼성(무역센터),성수,21,13
20250528,삼성(무역센터),성수,22,10
20250528,삼성(무역센터),성수,23,4
20250528,삼성(무역센터),시청,6,8
20250528,삼성(무역센터),시청,7,16
20250528,삼성(무역센터),시청,8,19
20250528,삼성(무역센터),시청,9,4
20250528,삼성(무역센터),시청,10,8
20250528,삼성(무역센터),시청,11,9
20250528,삼성(무역센터),시청,12,8
20250528,삼성(무역센터),시청,13,20
20250528,삼성(무역센터),시청,14,11
20250528,삼성(무역센터),시청,15,24
20250528,삼성(무역센터),시청,16,26
20250528,삼성(무역센터),시청,17,35
20250528,삼성(무역센터),시청,18,17
20250528,삼성(무역센터),시청,19,7
20250528,삼성(무역센터),시청,20,10
20250528,삼성(무역센터),시청,21,5
20250528,삼성(무역센터),시청,22,2
20250528,삼성(무역센터),신당,0,1
20250528,삼성(무역센터),신당,5,2
20250528,삼성(무역센터),신당,6,1
20250528,삼성(무역센터),신당,7,2
20250528,삼성(무역센터),신당,8,3
20250528,삼성(무역센터),신당,9,1
20250528,삼성(무역센터),신당,10,1
20250528,삼성(무역센터),신당,11,1
20250528,삼성(무역센터),신당,12,2
20250528,삼성(무역센터),신당,13,6
20250528,삼성(무역센터),신당,14,8
20250528,삼성(무역센터),신당,15,10
20250528,삼성(무역센터),신당,16,18
20250528,삼성(무역센터),신당,17,33
20250528,삼성(무역센터),신당,18,59
20250528,삼성(무역센터),신당,19,33
20250528,삼성(무역센터),신당,20,15
20250528,삼성(무역센터),신당,21,15
20250528,삼성(무역센터),신당,22,13
20250528,삼성(무역센터),신당,23,4
20250528,삼성(무역센터),신대방,0,8
20250528,삼성(무역센터),신대방,5,3
20250528,삼성(무역센터),신대방,6,5
20250528,삼성(무역센터),신대방,7,8
20250528,삼성(무역센터),신대방,8,5
20250528,삼성(무역센터),신대방,9,9
20250528,삼성(무역센터),신대방,10,6
20250528,삼성(무역센터),신대방,11,10
20250528,삼성(무역센터),신대방,12,7
20250528,삼성(무역센터),신대방,13,11
20250528,삼성(무역센터),신대방,14,25
20250528,삼성(무역센터),신대방,15,36
20250528,삼성(무역센터),신대방,16,47
20250528,삼성(무역센터),신대방,17,87
20250528,삼성(무역센터),신대방,18,112
20250528,삼성(무역센터),신대방,19,78
20250528,삼성(무역센터),신대방,20,75
20250528,삼성(무역센터),신대방,21,73
20250528,삼성(무역센터),신대방,22,52
20250528,삼성(무역센터),신대방,23,13
20250528,삼성(무역센터),신도림,0,2
20250528,삼성(무역센터),신도림,5,2
20250528,삼성(무역센터),신도림,6,1
20250528,삼성(무역센터),신도림,7,8
20250528,삼성(무역센터),신도림,8,9
20250528,삼성(무역센터),신도림,9,7
20250528,삼성(무역센터),신도림,10,5
20250528,삼성(무역센터),신도림,11,9
20250528,삼성(무역센터),신도림,12,17
20250528,삼성(무역센터),신도림,13,22
20250528,삼성(무역센터),신도림,14,24
20250528,삼성(무역센터),신도림,15,42
20250528,삼성(무역센터),신도림,16,65
20250528,삼성(무역센터),신도림,17,148
20250528,삼성(무역센터),신도림,18,181
20250528,삼성(무역센터),신도림,19,76
20250528,삼성(무역센터),신도림,20,62
20250528,삼성(무역센터),신도림,21,52
20250528,삼성(무역센터),신도림,22,51
20250528,삼성(무역센터),신도림,23,18
20250528,삼성(무역센터),신림,5,8
20250528,삼성(무역센터),신림,6,7
20250528,삼성(무역센터),신림,7,17
20250528,삼성(무역센터),신림,8,13
20250528,삼성(무역센터),신림,9,6
20250528,삼성(무역센터),신림,10,10
20250528,삼성(무역센터),신림,11,21
20250528,삼성(무역센터),신림,12,20
20250528,삼성(무역센터),신림,13,34
20250528,삼성(무역센터),신림,14,57
20250528,삼성(무역센터),신림,15,80
20250528,삼성(무역센터),신림,16,164
20250528,삼성(무역센터),신림,17,266
20250528,삼성(무역센터),신림,18,455
20250528,삼성(무역센터),신림,19,244
20250528,삼성(무역센터),신림,20,206
20250528,삼성(무역센터),신림,21,176
20250528,삼성(무역센터),신림,22,141
20250528,삼성(무역센터),신림,23,48
20250528,삼성(무역센터),신촌,0,1
20250528,삼성(무역센터),신촌,6,1
20250528,삼성(무역센터),신촌,7,6
20250528,삼성(무역센터),신촌,8,6
20250528,삼성(무역센터),신촌,9,4
20250528,삼성(무역센터),신촌,10,2
20250528,삼성(무역센터),신촌,11,12
20250528,삼성(무역센터),신촌,12,11
20250528,삼성(무역센터),신촌,13,8
20250528,삼성(무역센터),신촌,14,12
20250528,삼성(무역센터),신촌,15,25
20250528,삼성(무역센터),신촌,16,38
20250528,삼성(무역센터),신촌,17,60
20250528,삼성(무역센터),신촌,18,55
20250528,삼성(무역센터),신촌,19,27
20250528,삼성(무역센터),신촌,20,21
20250528,삼성(무역센터),신촌,21,15
20250528,삼성(무역센터),신촌,22,9
20250528,삼성(무역센터),신촌,23,1
20250528,삼성(무역센터),아현,0,1
20250528,삼성(무역센터),아현,7,1
20250528,삼성(무역센터),아현,8,2
20250528,삼성(무역센터),아현,10,1
20250528,삼성(무역센터),아현,11,1
20250528,삼성(무역센터),아현,13,3
20250528,삼성(무역센터),아현,14,3
20250528,삼성(무역센터),아현,15,3
20250528,삼성(무역센터),아현,16,12
20250528,삼성(무역센터),아현,17,20
20250528,삼성(무역센터),아현,18,31
20250528,삼성(무역센터),아현,19,9
20250528,삼성(무역센터),아현,20,7
20250528,삼성(무역센터),아현,21,10
20250528,삼성(무역센터),아현,22,5
20250528,삼성(무역센터),아현,23,2
20250528,삼성(무역센터),역삼,5,5
20250528,삼성(무역센터),역삼,6,15
20250528,삼성(무역센터),역삼,7,44
20250528,삼성(무역센터),역삼,8,83
20250528,삼성(무역센터),역삼,9,79
20250528,삼성(무역센터),역삼,10,71
20250528,삼성(무역센터),역삼,11,82
20250528,삼성(무역센터),역삼,12,78
20250528,삼성(무역센터),역삼,13,101
20250528,삼성(무역센터),역삼,14,107
20250528,삼성(무역센터),역삼,15,97
20250528,삼성(무역센터),역삼,16,86
20250528,삼성(무역센터),역삼,17,173
20250528,삼성(무역센터),역삼,18,203
20250528,삼성(무역센터),역삼,19,75
20250528,삼성(무역센터),역삼,20,61
20250528,삼성(무역센터),역삼,21,51
20250528,삼성(무역센터),역삼,22,38
20250528,삼성(무역센터),역삼,23,14
20250528,삼성(무역센터),영등포구청,5,1
20250528,삼성(무역센터),영등포구청,6,3
20250528,삼성(무역센터),영등포구청,7,5
20250528,삼성(무역센터),영등포구청,8,1
20250528,삼성(무역센터),영등포구청,9,2
20250528,삼성(무역센터),영등포구청,10,6
20250528,삼성(무역센터),영등포구청,11,3
20250528,삼성(무역센터),영등포구청,12,6
20250528,삼성(무역센터),영등포구청,13,6
20250528,삼성(무역센터),영등포구청,14,3
20250528,삼성(무역센터),영등포구청,15,11
20250528,삼성(무역센터),영등포구청,16,14
20250528,삼성(무역센터),영등포구청,17,26
20250528,삼성(무역센터),영등포구청,18,52
20250528,삼성(무역센터),영등포구청,19,24
20250528,삼성(무역센터),영등포구청,20,12
20250528,삼성(무역센터),영등포구청,21,6
20250528,삼성(무역센터),영등포구청,22,8
20250528,삼성(무역센터),영등포구청,23,3
20250528,삼성(무역센터),왕십리(성동구청),6,2
20250528,삼성(무역센터),왕십리(성동구청),8,3
20250528,삼성(무역센터),왕십리(성동구청),9,3
20250528,삼성(무역센터),왕십리(성동구청),10,4
20250528,삼성(무역센터),왕십리(성동구청),11,3
20250528,삼성(무역센터),왕십리(성동구청),12,3
20250528,삼성(무역센터),왕십리(성동구청),13,3
20250528,삼성(무역센터),왕십리(성동구청),14,8
20250528,삼성(무역센터),왕십리(성동구청),15,11
20250528,삼성(무역센터),왕십리(성동구청),16,14
20250528,삼성(무역센터),왕십리(성동구청),17,34
20250528,삼성(무역센터),왕십리(성동구청),18,34
20250528,삼성(무역센터),왕십리(성동구청),19,15
20250528,삼성(무역센터),왕십리(성동구청),20,11
20250528,삼성(무역센터),왕십리(성동구청),21,17
20250528,삼성(무역센터),왕십리(성동구청),22,7
20250528,삼성(무역센터),왕십리(성동구청),23,1
20250528,삼성(무역센터),용두(동대문구청),0,2
20250528,삼성(무역센터),용두(동대문구청),6,1
20250528,삼성(무역센터),용두(동대문구청),7,1
20250528,삼성(무역센터),용두(동대문구청),10,2
20250528,삼성(무역센터),용두(동대문구청),11,4
20250528,삼성(무역센터),용두(동대문구청),12,4
20250528,삼성(무역센터),용두(동대문구청),13,5
20250528,삼성(무역센터),용두(동대문구청),14,6
20250528,삼성(무역센터),용두(동대문구청),15,18
20250528,삼성(무역센터),용두(동대문구청),16,16
20250528,삼성(무역센터),용두(동대문구청),17,19
20250528,삼성(무역센터),용두(동대문구청),18,25
20250528,삼성(무역센터),용두(동대문구청),19,11
20250528,삼성(무역센터),용두(동대문구청),20,6
20250528,삼성(무역센터),용두(동대문구청),21,8
20250528,삼성(무역센터),용두(동대문구청),22,5
20250528,삼성(무역센터),용두(동대문구청),23,3
20250528,삼성(무역센터),을지로3가,6,2
20250528,삼성(무역센터),을지로3가,7,6
20250528,삼성(무역센터),을지로3가,8,3
20250528,삼성(무역센터),을지로3가,9,1
20250528,삼성(무역센터),을지로3가,10,3
20250528,삼성(무역센터),을지로3가,11,9
20250528,삼성(무역센터),을지로3가,12,11
20250528,삼성(무역센터),을지로3가,13,8
20250528,삼성(무역센터),을지로3가,14,21
20250528,삼성(무역센터),을지로3가,15,22
20250528,삼성(무역센터),을지로3가,16,28
20250528,삼성(무역센터),을지로3가,17,31
20250528,삼성(무역센터),을지로3가,18,40
20250528,삼성(무역센터),을지로3가,19,19
20250528,삼성(무역센터),을지로3가,20,19
20250528,삼성(무역센터),을지로3가,21,10
20250528,삼성(무역센터),을지로3가,22,7
20250528,삼성(무역센터),을지로4가,6,3
20250528,삼성(무역센터),을지로4가,7,2
20250528,삼성(무역센터),을지로4가,8,2
20250528,삼성(무역센터),을지로4가,9,10
20250528,삼성(무역센터),을지로4가,10,6
20250528,삼성(무역센터),을지로4가,11,11
20250528,삼성(무역센터),을지로4가,12,11
20250528,삼성(무역센터),을지로4가,13,10
20250528,삼성(무역센터),을지로4가,14,10
20250528,삼성(무역센터),을지로4가,15,17
20250528,삼성(무역센터),을지로4가,16,21
20250528,삼성(무역센터),을지로4가,17,31
20250528,삼성(무역센터),을지로4가,18,21
20250528,삼성(무역센터),을지로4가,19,23
20250528,삼성(무역센터),을지로4가,20,25
20250528,삼성(무역센터),을지로4가,21,14
20250528,삼성(무역센터),을지로4가,22,2
20250528,삼성(무역센터),을지로4가,23,1
20250528,삼성(무역센터),을지로입구,5,1
20250528,삼성(무역센터),을지로입구,6,1
20250528,삼성(무역센터),을지로입구,7,19
20250528,삼성(무역센터),을지로입구,8,18
20250528,삼성(무역센터),을지로입구,9,14
20250528,삼성(무역센터),을지로입구,10,17
20250528,삼성(무역센터),을지로입구,11,19
20250528,삼성(무역센터),을지로입구,12,35
20250528,삼성(무역센터),을지로입구,13,48
20250528,삼성(무역센터),을지로입구,14,49
20250528,삼성(무역센터),을지로입구,15,79
20250528,삼성(무역센터),을지로입구,16,74
20250528,삼성(무역센터),을지로입구,17,81
20250528,삼성(무역센터),을지로입구,18,47
20250528,삼성(무역센터),을지로입구,19,36
20250528,삼성(무역센터),을지로입구,20,24
20250528,삼성(무역센터),을지로입구,21,7
20250528,삼성(무역센터),을지로입구,22,10
20250528,삼성(무역센터),을지로입구,23,1
20250528,삼성(무역센터),이대,6,3
20250528,삼성(무역센터),이대,7,3
20250528,삼성(무역센터),이대,8,6
20250528,삼성(무역센터),이대,9,5
20250528,삼성(무역센터),이대,10,5
20250528,삼성(무역센터),이대,11,7
20250528,삼성(무역센터),이대,12,4
20250528,삼성(무역센터),이대,13,3
20250528,삼성(무역센터),이대,14,5
20250528,삼성(무역센터),이대,15,8
20250528,삼성(무역센터),이대,16,20
20250528,삼성(무역센터),이대,17,23
20250528,삼성(무역센터),이대,18,34
20250528,삼성(무역센터),이대,19,15
20250528,삼성(무역센터),이대,20,17
20250528,삼성(무역센터),이대,21,10
20250528,삼성(무역센터),이대,22,9
20250528,삼성(무역센터),이대,23,3
20250528,삼성(무역센터),잠실(송파구청),0,3
20250528,삼성(무역센터),잠실(송파구청),5,4
20250528,삼성(무역센터),잠실(송파구청),6,10
20250528,삼성(무역센터),잠실(송파구청),7,25
20250528,삼성(무역센터),잠실(송파구청),8,60
20250528,삼성(무역센터),잠실(송파구청),9,59
20250528,삼성(무역센터),잠실(송파구청),10,78
20250528,삼성(무역센터),잠실(송파구청),11,138
20250528,삼성(무역센터),잠실(송파구청),12,142
20250528,삼성(무역센터),잠실(송파구청),13,188
20250528,삼성(무역센터),잠실(송파구청),14,211
20250528,삼성(무역센터),잠실(송파구청),15,266
20250528,삼성(무역센터),잠실(송파구청),16,320
20250528,삼성(무역센터),잠실(송파구청),17,576
20250528,삼성(무역센터),잠실(송파구청),18,742
20250528,삼성(무역센터),잠실(송파구청),19,331
20250528,삼성(무역센터),잠실(송파구청),20,278
20250528,삼성(무역센터),잠실(송파구청),21,198
20250528,삼성(무역센터),잠실(송파구청),22,150
20250528,삼성(무역센터),잠실(송파구청),23,37
20250528,삼성(무역센터),잠실나루,0,3
20250528,삼성(무역센터),잠실나루,5,1
20250528,삼성(무역센터),잠실나루,6,4
20250528,삼성(무역센터),잠실나루,7,6
20250528,삼성(무역센터),잠실나루,8,12
20250528,삼성(무역센터),잠실나루,9,3
20250528,삼성(무역센터),잠실나루,10,7
20250528,삼성(무역센터),잠실나루,11,17
20250528,삼성(무역센터),잠실나루,12,14
20250528,삼성(무역센터),잠실나루,13,25
20250528,삼성(무역센터),잠실나루,14,19
20250528,삼성(무역센터),잠실나루,15,23
20250528,삼성(무역센터),잠실나루,16,39
20250528,삼성(무역센터),잠실나루,17,53
20250528,삼성(무역센터),잠실나루,18,75
20250528,삼성(무역센터),잠실나루,19,49
20250528,삼성(무역센터),잠실나루,20,34
20250528,삼성(무역센터),잠실나루,21,31
20250528,삼성(무역센터),잠실나루,22,42
20250528,삼성(무역센터),잠실나루,23,8
20250528,삼성(무역센터),잠실새내,0,2
20250528,삼성(무역센터),잠실새내,5,2
20250528,삼성(무역센터),잠실새내,6,3
20250528,삼성(무역센터),잠실새내,7,7
20250528,삼성(무역센터),잠실새내,8,6
20250528,삼성(무역센터),잠실새내,9,9
20250528,삼성(무역센터),잠실새내,10,29
20250528,삼성(무역센터),잠실새내,11,34
20250528,삼성(무역센터),잠실새내,12,39
20250528,삼성(무역센터),잠실새내,13,45
20250528,삼성(무역센터),잠실새내,14,53
20250528,삼성(무역센터),잠실새내,15,65
20250528,삼성(무역센터),잠실새내,16,91
20250528,삼성(무역센터),잠실새내,17,146
20250528,삼성(무역센터),잠실새내,18,180
20250528,삼성(무역센터),잠실새내,19,99
20250528,삼성(무역센터),잠실새내,20,82
20250528,삼성(무역센터),잠실새내,21,67
20250528,삼성(무역센터),잠실새내,22,50
20250528,삼성(무역센터),잠실새내,23,15
20250528,삼성(무역센터),종합운동장,0,1
20250528,삼성(무역센터),종합운동장,6,2
20250528,삼성(무역센터),종합운동장,7,2
20250528,삼성(무역센터),종합운동장,8,3
20250528,삼성(무역센터),종합운동장,9,6
20250528,삼성(무역센터),종합운동장,10,8
20250528,삼성(무역센터),종합운동장,11,11
20250528,삼성(무역센터),종합운동장,12,19
20250528,삼성(무역센터),종합운동장,13,30
20250528,삼성(무역센터),종합운동장,14,26
20250528,삼성(무역센터),종합운동장,15,34
20250528,삼성(무역센터),종합운동장,16,67
20250528,삼성(무역센터),종합운동장,17,142
20250528,삼성(무역센터),종합운동장,18,115
20250528,삼성(무역센터),종합운동장,19,67
20250528,삼성(무역센터),종합운동장,20,37
20250528,삼성(무역센터),종합운동장,21,22
20250528,삼성(무역센터),종합운동장,22,18
20250528,삼성(무역센터),종합운동장,23,11
20250528,삼성(무역센터),충정로(경기대입구),6,1
20250528,삼성(무역센터),충정로(경기대입구),7,2
20250528,삼성(무역센터),충정로(경기대입구),8,3
20250528,삼성(무역센터),충정로(경기대입구),9,2
20250528,삼성(무역센터),충정로(경기대입구),10,2
20250528,삼성(무역센터),충정로(경기대입구),11,2
20250528,삼성(무역센터),충정로(경기대입구),12,4
20250528,삼성(무역센터),충정로(경기대입구),13,6
20250528,삼성(무역센터),충정로(경기대입구),14,5
20250528,삼성(무역센터),충정로(경기대입구),15,10
20250528,삼성(무역센터),충정로(경기대입구),16,10
20250528,삼성(무역센터),충정로(경기대입구),17,29
20250528,삼성(무역센터),충정로(경기대입구),18,10
20250528,삼성(무역센터),충정로(경기대입구),19,10
20250528,삼성(무역센터),충정로(경기대입구),20,5
20250528,삼성(무역센터),충정로(경기대입구),21,6
20250528,삼성(무역센터),한양대,0,1
20250528,삼성(무역센터),한양대,6,2
20250528,삼성(무역센터),한양대,7,1
20250528,삼성(무역센터),한양대,8,13
20250528,삼성(무역센터),한양대,9,13
20250528,삼성(무역센터),한양대,10,8
20250528,삼성(무역센터),한양대,11,4
20250528,삼성(무역센터),한양대,12,4
20250528,삼성(무역센터),한양대,13,6
20250528,삼성(무역센터),한양대,14,13
20250528,삼성(무역센터),한양대,15,15
20250528,삼성(무역센터),한양대,16,2
20250528,삼성(무역센터),한양대,17,16
20250528,삼성(무역센터),한양대,18,15
20250528,삼성(무역센터),한양대,19,6
20250528,삼성(무역센터),한양대,20,4
20250528,삼성(무역센터),한양대,21,4
20250528,삼성(무역센터),한양대,22,1
20250528,삼성(무역센터),한양대,23,1
20250528,삼성(무역센터),합정,6,4
20250528,삼성(무역센터),합정,7,3
20250528,삼성(무역센터),합정,8,4
20250528,삼성(무역센터),합정,9,4
20250528,삼성(무역센터),합정,10,4
20250528,삼성(무역센터),합정,11,12
20250528,삼성(무역센터),합정,12,4
20250528,삼성(무역센터),합정,13,11
20250528,삼성(무역센터),합정,14,17
20250528,삼성(무역센터),합정,15,18
20250528,삼성(무역센터),합정,16,28
20250528,삼성(무역센터),합정,17,52
20250528,삼성(무역센터),합정,18,60
20250528,삼성(무역센터),합정,19,29
20250528,삼성(무역센터),합정,20,26
20250528,삼성(무역센터),합정,21,15
20250528,삼성(무역센터),합정,22,11
20250528,삼성(무역센터),합정,23,5
20250528,삼성(무역센터),홍대입구,6,3
20250528,삼성(무역센터),홍대입구,7,4
20250528,삼성(무역센터),홍대입구,8,2
20250528,삼성(무역센터),홍대입구,9,4
20250528,삼성(무역센터),홍대입구,10,12
20250528,삼성(무역센터),홍대입구,11,9
20250528,삼성(무역센터),홍대입구,12,21
20250528,삼성(무역센터),홍대입구,13,18
20250528,삼성(무역센터),홍대입구,14,30
20250528,삼성(무역센터),홍대입구,15,35
20250528,삼성(무역센터),홍대입구,16,64
20250528,삼성(무역센터),홍대입구,17,116
20250528,삼성(무역센터),홍대입구,18,101
20250528,삼성(무역센터),홍대입구,19,46
20250528,삼성(무역센터),홍대입구,20,40
20250528,삼성(무역센터),홍대입구,21,28
20250528,삼성(무역센터),홍대입구,22,21
20250528,삼성(무역센터),홍대입구,23,3
20250528,상왕십리,강남,5,2
20250528,상왕십리,강남,6,18
20250528,상왕십리,강남,7,84
20250528,상왕십리,강남,8,84
20250528,상왕십리,강남,9,42
20250528,상왕십리,강남,10,10
20250528,상왕십리,강남,11,3
20250528,상왕십리,강남,12,10
20250528,상왕십리,강남,13,6
20250528,상왕십리,강남,14,9
20250528,상왕십리,강남,15,10
20250528,상왕십리,강남,16,7
20250528,상왕십리,강남,17,12
20250528,상왕십리,강남,18,11
20250528,상왕십리,강남,19,4
20250528,상왕십리,강남,20,1
20250528,상왕십리,강남,23,1
20250528,상왕십리,강변(동서울터미널),5,7
20250528,상왕십리,강변(동서울터미널),6,10
20250528,상왕십리,강변(동서울터미널),7,12
20250528,상왕십리,강변(동서울터미널),8,18
20250528,상왕십리,강변(동서울터미널),9,7
20250528,상왕십리,강변(동서울터미널),10,5
20250528,상왕십리,강변(동서울터미널),11,2
20250528,상왕십리,강변(동서울터미널),12,7
20250528,상왕십리,강변(동서울터미널),13,6
20250528,상왕십리,강변(동서울터미널),14,8
20250528,상왕십리,강변(동서울터미널),15,8
20250528,상왕십리,강변(동서울터미널),16,9
20250528,상왕십리,강변(동서울터미널),17,14
20250528,상왕십리,강변(동서울터미널),18,5
20250528,상왕십리,강변(동서울터미널),19,7
20250528,상왕십리,강변(동서울터미널),20,4
20250528,상왕십리,강변(동서울터미널),21,5
20250528,상왕십리,강변(동서울터미널),22,7
20250528,상왕십리,강변(동서울터미널),23,2
20250528,상왕십리,건대입구,0,1
20250528,상왕십리,건대입구,5,2
20250528,상왕십리,건대입구,6,5
20250528,상왕십리,건대입구,7,14
20250528,상왕십리,건대입구,8,36
20250528,상왕십리,건대입구,9,30
20250528,상왕십리,건대입구,10,23
20250528,상왕십리,건대입구,11,15
20250528,상왕십리,건대입구,12,13
20250528,상왕십리,건대입구,13,21
20250528,상왕십리,건대입구,14,14
20250528,상왕십리,건대입구,15,5
20250528,상왕십리,건대입구,16,21
20250528,상왕십리,건대입구,17,26
20250528,상왕십리,건대입구,18,35
20250528,상왕십리,건대입구,19,18
20250528,상왕십리,건대입구,20,14
20250528,상왕십리,건대입구,21,18
20250528,상왕십리,건대입구,22,14
20250528,상왕십리,건대입구,23,4
20250528,상왕십리,교대(법원.검찰청),5,2
20250528,상왕십리,교대(법원.검찰청),6,4
20250528,상왕십리,교대(법원.검찰청),7,11
20250528,상왕십리,교대(법원.검찰청),8,28
20250528,상왕십리,교대(법원.검찰청),9,9
20250528,상왕십리,교대(법원.검찰청),10,9
20250528,상왕십리,교대(법원.검찰청),11,2
20250528,상왕십리,교대(법원.검찰청),12,2
20250528,상왕십리,교대(법원.검찰청),13,4
20250528,상왕십리,교대(법원.검찰청),14,2
20250528,상왕십리,교대(법원.검찰청),15,2
20250528,상왕십리,교대(법원.검찰청),16,3
20250528,상왕십리,교대(법원.검찰청),17,5
20250528,상왕십리,교대(법원.검찰청),18,3
20250528,상왕십리,교대(법원.검찰청),19,2
20250528,상왕십리,교대(법원.검찰청),21,5
20250528,상왕십리,교대(법원.검찰청),22,1
20250528,상왕십리,구로디지털단지,5,3
20250528,상왕십리,구로디지털단지,6,5
20250528,상왕십리,구로디지털단지,7,39
20250528,상왕십리,구로디지털단지,8,20
20250528,상왕십리,구로디지털단지,9,14
20250528,상왕십리,구로디지털단지,10,4
20250528,상왕십리,구로디지털단지,11,2
20250528,상왕십리,구로디지털단지,12,5
20250528,상왕십리,구로디지털단지,13,1
20250528,상왕십리,구로디지털단지,15,2
20250528,상왕십리,구로디지털단지,16,9
20250528,상왕십리,구로디지털단지,17,7
20250528,상왕십리,구로디지털단지,18,11
20250528,상왕십리,구로디지털단지,19,7
20250528,상왕십리,구로디지털단지,20,5
20250528,상왕십리,구로디지털단지,21,3
20250528,상왕십리,구로디지털단지,22,4
20250528,상왕십리,구의(광진구청),5,5
20250528,상왕십리,구의(광진구청),6,9
20250528,상왕십리,구의(광진구청),7,14
20250528,상왕십리,구의(광진구청),8,21
20250528,상왕십리,구의(광진구청),9,16
20250528,상왕십리,구의(광진구청),10,8
20250528,상왕십리,구의(광진구청),11,7
20250528,상왕십리,구의(광진구청),12,5
20250528,상왕십리,구의(광진구청),13,11
20250528,상왕십리,구의(광진구청),14,7
20250528,상왕십리,구의(광진구청),15,9
20250528,상왕십리,구의(광진구청),16,15
20250528,상왕십리,구의(광진구청),17,13
20250528,상왕십리,구의(광진구청),18,27
20250528,상왕십리,구의(광진구청),19,20
20250528,상왕십리,구의(광진구청),20,10
20250528,상왕십리,구의(광진구청),21,17
20250528,상왕십리,구의(광진구청),22,5
20250528,상왕십리,구의(광진구청),23,2
20250528,상왕십리,낙성대,6,1
20250528,상왕십리,낙성대,7,2
20250528,상왕십리,낙성대,8,1
20250528,상왕십리,낙성대,9,2
20250528,상왕십리,낙성대,10,1
20250528,상왕십리,낙성대,11,1
20250528,상왕십리,낙성대,12,1
20250528,상왕십리,낙성대,13,1
20250528,상왕십리,낙성대,15,2
20250528,상왕십리,낙성대,17,1
20250528,상왕십리,낙성대,18,5
20250528,상왕십리,낙성대,19,1
20250528,상왕십리,낙성대,20,2
20250528,상왕십리,낙성대,22,2
20250528,상왕십리,당산,5,5
20250528,상왕십리,당산,6,10
20250528,상왕십리,당산,7,17
20250528,상왕십리,당산,8,22
20250528,상왕십리,당산,9,3
20250528,상왕십리,당산,10,4
20250528,상왕십리,당산,11,3
20250528,상왕십리,당산,12,3
20250528,상왕십리,당산,13,7
20250528,상왕십리,당산,14,3
20250528,상왕십리,당산,15,2
20250528,상왕십리,당산,16,7
20250528,상왕십리,당산,17,7
20250528,상왕십리,당산,18,10
20250528,상왕십리,당산,19,5
20250528,상왕십리,당산,20,8
20250528,상왕십리,당산,21,4
20250528,상왕십리,당산,22,6
20250528,상왕십리,대림(구로구청),5,2
20250528,상왕십리,대림(구로구청),6,1
20250528,상왕십리,대림(구로구청),7,10
20250528,상왕십리,대림(구로구청),8,7
20250528,상왕십리,대림(구로구청),10,2
20250528,상왕십리,대림(구로구청),11,3
20250528,상왕십리,대림(구로구청),12,1
20250528,상왕십리,대림(구로구청),13,2
20250528,상왕십리,대림(구로구청),14,3
20250528,상왕십리,대림(구로구청),15,2
20250528,상왕십리,대림(구로구청),16,4
20250528,상왕십리,대림(구로구청),18,6
20250528,상왕십리,대림(구로구청),19,7
20250528,상왕십리,대림(구로구청),21,4
20250528,상왕십리,동대문역사문화공원,5,5
20250528,상왕십리,동대문역사문화공원,6,12
20250528,상왕십리,동대문역사문화공원,7,18
20250528,상왕십리,동대문역사문화공원,8,53
20250528,상왕십리,동대문역사문화공원,9,30
20250528,상왕십리,동대문역사문화공원,10,19
20250528,상왕십리,동대문역사문화공원,11,18
20250528,상왕십리,동대문역사문화공원,12,19
20250528,상왕십리,동대문역사문화공원,13,21
20250528,상왕십리,동대문역사문화공원,14,8
20250528,상왕십리,동대문역사문화공원,15,14
20250528,상왕십리,동대문역사문화공원,16,10
20250528,상왕십리,동대문역사문화공원,17,7
20250528,상왕십리,동대문역사문화공원,18,8
20250528,상왕십리,동대문역사문화공원,19,13
20250528,상왕십리,동대문역사문화공원,20,5
20250528,상왕십리,동대문역사문화공원,21,6
20250528,상왕십리,동대문역사문화공원,22,3
20250528,상왕십리,동대문역사문화공원,23,2
20250528,상왕십리,뚝섬,5,8
20250528,상왕십리,뚝섬,6,14
20250528,상왕십리,뚝섬,7,39
20250528,상왕십리,뚝섬,8,107
20250528,상왕십리,뚝섬,9,58
20250528,상왕십리,뚝섬,10,25
20250528,상왕십리,뚝섬,11,16
20250528,상왕십리,뚝섬,12,22
20250528,상왕십리,뚝섬,13,11
20250528,상왕십리,뚝섬,14,9
20250528,상왕십리,뚝섬,15,12
20250528,상왕십리,뚝섬,16,14
20250528,상왕십리,뚝섬,17,16
20250528,상왕십리,뚝섬,18,27
20250528,상왕십리,뚝섬,19,16
20250528,상왕십리,뚝섬,20,7
20250528,상왕십리,뚝섬,21,8
20250528,상왕십리,뚝섬,22,5
20250528,상왕십리,뚝섬,23,2
20250528,상왕십리,문래,5,3
20250528,상왕십리,문래,6,2
20250528,상왕십리,문래,7,12
20250528,상왕십리,문래,8,13
20250528,상왕십리,문래,9,5
20250528,상왕십리,문래,10,1
20250528,상왕십리,문래,11,3
20250528,상왕십리,문래,12,1
20250528,상왕십리,문래,13,1
20250528,상왕십리,문래,14,3
20250528,상왕십리,문래,16,2
20250528,상왕십리,문래,17,5
20250528,상왕십리,문래,18,2
20250528,상왕십리,문래,19,3
20250528,상왕십리,문래,20,2
20250528,상왕십리,문래,21,3
20250528,상왕십리,방배,5,2
20250528,상왕십리,방배,6,1
20250528,상왕십리,방배,7,5
20250528,상왕십리,방배,8,5
20250528,상왕십리,방배,9,4
20250528,상왕십리,방배,10,1
20250528,상왕십리,방배,12,1
20250528,상왕십리,방배,14,2
20250528,상왕십리,방배,15,1
20250528,상왕십리,방배,16,1
20250528,상왕십리,방배,17,2
20250528,상왕십리,봉천,8,2
20250528,상왕십리,봉천,13,1
20250528,상왕십리,봉천,16,3
20250528,상왕십리,봉천,17,3
20250528,상왕십리,봉천,18,6
20250528,상왕십리,봉천,19,4
20250528,상왕십리,봉천,20,4
20250528,상왕십리,봉천,23,1
20250528,상왕십리,사당,5,2
20250528,상왕십리,사당,6,7
20250528,상왕십리,사당,7,7
20250528,상왕십리,사당,8,2
20250528,상왕십리,사당,9,3
20250528,상왕십리,사당,11,2
20250528,상왕십리,사당,12,1
20250528,상왕십리,사당,13,1
20250528,상왕십리,사당,14,1
20250528,상왕십리,사당,15,2
20250528,상왕십리,사당,16,3
20250528,상왕십리,사당,17,4
20250528,상왕십리,사당,18,1
20250528,상왕십리,사당,19,1
20250528,상왕십리,사당,20,1
20250528,상왕십리,사당,21,2
20250528,상왕십리,사당,22,1
20250528,상왕십리,삼성(무역센터),5,8
20250528,상왕십리,삼성(무역센터),6,29
20250528,상왕십리,삼성(무역센터),7,86
20250528,상왕십리,삼성(무역센터),8,109
20250528,상왕십리,삼성(무역센터),9,66
20250528,상왕십리,삼성(무역센터),10,13
20250528,상왕십리,삼성(무역센터),11,10
20250528,상왕십리,삼성(무역센터),12,13
20250528,상왕십리,삼성(무역센터),13,7
20250528,상왕십리,삼성(무역센터),14,11
20250528,상왕십리,삼성(무역센터),15,5
20250528,상왕십리,삼성(무역센터),16,5
20250528,상왕십리,삼성(무역센터),17,7
20250528,상왕십리,삼성(무역센터),18,2
20250528,상왕십리,삼성(무역센터),19,2
20250528,상왕십리,삼성(무역센터),20,1
20250528,상왕십리,상왕십리,0,2
20250528,상왕십리,상왕십리,5,3
20250528,상왕십리,상왕십리,6,1
20250528,상왕십리,상왕십리,7,6
20250528,상왕십리,상왕십리,8,5
20250528,상왕십리,상왕십리,9,6
20250528,상왕십리,상왕십리,10,5
20250528,상왕십리,상왕십리,11,9
20250528,상왕십리,상왕십리,12,7
20250528,상왕십리,상왕십리,13,5
20250528,상왕십리,상왕십리,14,10
20250528,상왕십리,상왕십리,15,5
20250528,상왕십리,상왕십리,16,8
20250528,상왕십리,상왕십리,17,5
20250528,상왕십리,상왕십리,18,5
20250528,상왕십리,상왕십리,19,4
20250528,상왕십리,상왕십리,20,5
20250528,상왕십리,상왕십리,21,5
20250528,상왕십리,상왕십리,22,7
20250528,상왕십리,서울대입구(관악구청),5,1
20250528,상왕십리,서울대입구(관악구청),7,5
20250528,상왕십리,서울대입구(관악구청),9,7
20250528,상왕십리,서울대입구(관악구청),10,1
20250528,상왕십리,서울대입구(관악구청),11,2
20250528,상왕십리,서울대입구(관악구청),12,2
20250528,상왕십리,서울대입구(관악구청),13,1
20250528,상왕십리,서울대입구(관악구청),14,2
20250528,상왕십리,서울대입구(관악구청),16,2
20250528,상왕십리,서울대입구(관악구청),17,6
20250528,상왕십리,서울대입구(관악구청),18,4
20250528,상왕십리,서울대입구(관악구청),19,1
20250528,상왕십리,서울대입구(관악구청),20,1
20250528,상왕십리,서울대입구(관악구청),21,1
20250528,상왕십리,서울대입구(관악구청),22,1
20250528,상왕십리,서초,6,4
20250528,상왕십리,서초,7,7
20250528,상왕십리,서초,8,6
20250528,상왕십리,서초,9,9
20250528,상왕십리,서초,10,3
20250528,상왕십리,서초,11,2
20250528,상왕십리,서초,12,2
20250528,상왕십리,서초,13,1
20250528,상왕십리,서초,14,1
20250528,상왕십리,서초,15,1
20250528,상왕십리,서초,17,2
20250528,상왕십리,서초,18,2
20250528,상왕십리,서초,19,1
20250528,상왕십리,서초,21,1
20250528,상왕십리,서초,22,1
20250528,상왕십리,선릉,0,1
20250528,상왕십리,선릉,5,5
20250528,상왕십리,선릉,6,11
20250528,상왕십리,선릉,7,18
20250528,상왕십리,선릉,8,36
20250528,상왕십리,선릉,9,13
20250528,상왕십리,선릉,10,6
20250528,상왕십리,선릉,11,1
20250528,상왕십리,선릉,12,2
20250528,상왕십리,선릉,13,3
20250528,상왕십리,선릉,14,1
20250528,상왕십리,선릉,15,4
20250528,상왕십리,선릉,16,2
20250528,상왕십리,선릉,17,2
20250528,상왕십리,선릉,18,2
20250528,상왕십리,선릉,19,2
20250528,상왕십리,선릉,20,2
20250528,상왕십리,선릉,22,1
20250528,상왕십리,성수,0,2
20250528,상왕십리,성수,5,12
20250528,상왕십리,성수,6,18
20250528,상왕십리,성수,7,43
20250528,상왕십리,성수,8,119
20250528,상왕십리,성수,9,77
20250528,상왕십리,성수,10,31
20250528,상왕십리,성수,11,17
20250528,상왕십리,성수,12,25
20250528,상왕십리,성수,13,20
20250528,상왕십리,성수,14,20
20250528,상왕십리,성수,15,25
20250528,상왕십리,성수,16,14
20250528,상왕십리,성수,17,28
20250528,상왕십리,성수,18,29
20250528,상왕십리,성수,19,14
20250528,상왕십리,성수,20,2
20250528,상왕십리,성수,21,7
20250528,상왕십리,성수,22,3
20250528,상왕십리,성수,23,2
20250528,상왕십리,시청,5,5
20250528,상왕십리,시청,6,11
20250528,상왕십리,시청,7,50
20250528,상왕십리,시청,8,145
20250528,상왕십리,시청,9,56
20250528,상왕십리,시청,10,16
20250528,상왕십리,시청,11,10
20250528,상왕십리,시청,12,15
20250528,상왕십리,시청,13,5
20250528,상왕십리,시청,14,8
20250528,상왕십리,시청,15,3
20250528,상왕십리,시청,16,6
20250528,상왕십리,시청,17,5
20250528,상왕십리,시청,18,4
20250528,상왕십리,시청,19,1
20250528,상왕십리,시청,20,5
20250528,상왕십리,시청,21,1
20250528,상왕십리,시청,22,1
20250528,상왕십리,신당,6,3
20250528,상왕십리,신당,7,5
20250528,상왕십리,신당,8,16
20250528,상왕십리,신당,9,15
20250528,상왕십리,신당,10,20
20250528,상왕십리,신당,11,21
20250528,상왕십리,신당,12,23
20250528,상왕십리,신당,13,16
20250528,상왕십리,신당,14,16
20250528,상왕십리,신당,15,17
20250528,상왕십리,신당,16,16
20250528,상왕십리,신당,17,14
20250528,상왕십리,신당,18,20
20250528,상왕십리,신당,19,14
20250528,상왕십리,신당,20,5
20250528,상왕십리,신당,21,5
20250528,상왕십리,신당,22,4
20250528,상왕십리,신당,23,1
20250528,상왕십리,신대방,0,1
20250528,상왕십리,신대방,6,2
20250528,상왕십리,신대방,7,1
20250528,상왕십리,신대방,8,1
20250528,상왕십리,신대방,9,2
20250528,상왕십리,신대방,11,1
20250528,상왕십리,신대방,12,1
20250528,상왕십리,신대방,13,2
20250528,상왕십리,신대방,14,1
20250528,상왕십리,신대방,15,2
20250528,상왕십리,신대방,16,2
20250528,상왕십리,신대방,17,6
20250528,상왕십리,신대방,18,5
20250528,상왕십리,신대방,19,2
20250528,상왕십리,신대방,20,5
20250528,상왕십리,신대방,21,6
20250528,상왕십리,신대방,23,1
20250528,상왕십리,신도림,0,1
20250528,상왕십리,신도림,6,1
20250528,상왕십리,신도림,7,7
20250528,상왕십리,신도림,8,7
20250528,상왕십리,신도림,9,7
20250528,상왕십리,신도림,10,4
20250528,상왕십리,신도림,11,4
20250528,상왕십리,신도림,12,5
20250528,상왕십리,신도림,13,2
20250528,상왕십리,신도림,14,2
20250528,상왕십리,신도림,15,7
20250528,상왕십리,신도림,16,2
20250528,상왕십리,신도림,17,7
20250528,상왕십리,신도림,18,7
20250528,상왕십리,신도림,19,11
20250528,상왕십리,신도림,20,3
20250528,상왕십리,신도림,21,5
20250528,상왕십리,신도림,22,6
20250528,상왕십리,신도림,23,3
20250528,상왕십리,신림,5,2
20250528,상왕십리,신림,7,3
20250528,상왕십리,신림,8,2
20250528,상왕십리,신림,9,2
20250528,상왕십리,신림,10,3
20250528,상왕십리,신림,11,1
20250528,상왕십리,신림,12,1
20250528,상왕십리,신림,13,3
20250528,상왕십리,신림,14,1
20250528,상왕십리,신림,16,1
20250528,상왕십리,신림,17,8
20250528,상왕십리,신림,18,9
20250528,상왕십리,신림,19,7
20250528,상왕십리,신림,20,3
20250528,상왕십리,신림,21,2
20250528,상왕십리,신림,23,2
20250528,상왕십리,신촌,6,7
20250528,상왕십리,신촌,7,19
20250528,상왕십리,신촌,8,28
20250528,상왕십리,신촌,9,29
20250528,상왕십리,신촌,10,23
20250528,상왕십리,신촌,11,22
20250528,상왕십리,신촌,12,21
20250528,상왕십리,신촌,13,16
20250528,상왕십리,신촌,14,12
20250528,상왕십리,신촌,15,14
20250528,상왕십리,신촌,16,12
20250528,상왕십리,신촌,17,17
20250528,상왕십리,신촌,18,21
20250528,상왕십리,신촌,19,9
20250528,상왕십리,신촌,20,4
20250528,상왕십리,신촌,21,7
20250528,상왕십리,신촌,22,4
20250528,상왕십리,아현,5,2
20250528,상왕십리,아현,6,3
20250528,상왕십리,아현,7,7
20250528,상왕십리,아현,8,8
20250528,상왕십리,아현,9,3
20250528,상왕십리,아현,10,1
20250528,상왕십리,아현,12,2
20250528,상왕십리,아현,13,6
20250528,상왕십리,아현,14,3
20250528,상왕십리,아현,15,1
20250528,상왕십리,아현,16,4
20250528,상왕십리,아현,17,6
20250528,상왕십리,아현,18,13
20250528,상왕십리,아현,19,7
20250528,상왕십리,아현,20,5
20250528,상왕십리,아현,21,2
20250528,상왕십리,아현,22,3
20250528,상왕십리,아현,23,1
20250528,상왕십리,역삼,5,2
20250528,상왕십리,역삼,6,5
20250528,상왕십리,역삼,7,47
20250528,상왕십리,역삼,8,79
20250528,상왕십리,역삼,9,43
20250528,상왕십리,역삼,10,12
20250528,상왕십리,역삼,11,5
20250528,상왕십리,역삼,12,5
20250528,상왕십리,역삼,13,5
20250528,상왕십리,역삼,14,5
20250528,상왕십리,역삼,15,6
20250528,상왕십리,역삼,16,1
20250528,상왕십리,역삼,17,5
20250528,상왕십리,역삼,18,3
20250528,상왕십리,영등포구청,5,2
20250528,상왕십리,영등포구청,6,3
20250528,상왕십리,영등포구청,7,16
20250528,상왕십리,영등포구청,8,16
20250528,상왕십리,영등포구청,9,6
20250528,상왕십리,영등포구청,12,2
20250528,상왕십리,영등포구청,13,1
20250528,상왕십리,영등포구청,14,1
20250528,상왕십리,영등포구청,15,8
20250528,상왕십리,영등포구청,16,4
20250528,상왕십리,영등포구청,17,6
20250528,상왕십리,영등포구청,18,8
20250528,상왕십리,영등포구청,19,2
20250528,상왕십리,영등포구청,20,1
20250528,상왕십리,영등포구청,21,1
20250528,상왕십리,영등포구청,22,1
20250528,상왕십리,영등포구청,23,1
20250528,상왕십리,왕십리(성동구청),5,3
20250528,상왕십리,왕십리(성동구청),6,3
20250528,상왕십리,왕십리(성동구청),7,33
20250528,상왕십리,왕십리(성동구청),8,81
20250528,상왕십리,왕십리(성동구청),9,21
20250528,상왕십리,왕십리(성동구청),10,13
20250528,상왕십리,왕십리(성동구청),11,22
20250528,상왕십리,왕십리(성동구청),12,15
20250528,상왕십리,왕십리(성동구청),13,18
20250528,상왕십리,왕십리(성동구청),14,27
20250528,상왕십리,왕십리(성동구청),15,18
20250528,상왕십리,왕십리(성동구청),16,32
20250528,상왕십리,왕십리(성동구청),17,38
20250528,상왕십리,왕십리(성동구청),18,31
20250528,상왕십리,왕십리(성동구청),19,17
20250528,상왕십리,왕십리(성동구청),20,11
20250528,상왕십리,왕십리(성동구청),21,6
20250528,상왕십리,왕십리(성동구청),22,6
20250528,상왕십리,왕십리(성동구청),23,1
20250528,상왕십리,용두(동대문구청),15,1
20250528,상왕십리,을지로3가,0,1
20250528,상왕십리,을지로3가,5,4
20250528,상왕십리,을지로3가,6,16
20250528,상왕십리,을지로3가,7,76
20250528,상왕십리,을지로3가,8,144
20250528,상왕십리,을지로3가,9,42
20250528,상왕십리,을지로3가,10,15
20250528,상왕십리,을지로3가,11,19
20250528,상왕십리,을지로3가,12,9
20250528,상왕십리,을지로3가,13,17
20250528,상왕십리,을지로3가,14,12
20250528,상왕십리,을지로3가,15,10
20250528,상왕십리,을지로3가,16,11
20250528,상왕십리,을지로3가,17,24
20250528,상왕십리,을지로3가,18,22
20250528,상왕십리,을지로3가,19,8
20250528,상왕십리,을지로3가,20,2
20250528,상왕십리,을지로3가,21,1
20250528,상왕십리,을지로3가,22,4
20250528,상왕십리,을지로3가,23,3
20250528,상왕십리,을지로4가,0,1
20250528,상왕십리,을지로4가,5,3
20250528,상왕십리,을지로4가,6,13
20250528,상왕십리,을지로4가,7,36
20250528,상왕십리,을지로4가,8,74
20250528,상왕십리,을지로4가,9,28
20250528,상왕십리,을지로4가,10,16
20250528,상왕십리,을지로4가,11,12
20250528,상왕십리,을지로4가,12,12
20250528,상왕십리,을지로4가,13,5
20250528,상왕십리,을지로4가,14,10
20250528,상왕십리,을지로4가,15,6
20250528,상왕십리,을지로4가,16,6
20250528,상왕십리,을지로4가,17,4
20250528,상왕십리,을지로4가,18,5
20250528,상왕십리,을지로4가,19,5
20250528,상왕십리,을지로4가,20,6
20250528,상왕십리,을지로4가,21,1
20250528,상왕십리,을지로4가,22,4
20250528,상왕십리,을지로4가,23,1
20250528,상왕십리,을지로입구,5,4
20250528,상왕십리,을지로입구,6,29
20250528,상왕십리,을지로입구,7,93
20250528,상왕십리,을지로입구,8,199
20250528,상왕십리,을지로입구,9,113
20250528,상왕십리,을지로입구,10,36
20250528,상왕십리,을지로입구,11,29
20250528,상왕십리,을지로입구,12,38
20250528,상왕십리,을지로입구,13,13
20250528,상왕십리,을지로입구,14,16
20250528,상왕십리,을지로입구,15,10
20250528,상왕십리,을지로입구,16,23
20250528,상왕십리,을지로입구,17,31
20250528,상왕십리,을지로입구,18,21
20250528,상왕십리,을지로입구,19,11
20250528,상왕십리,을지로입구,20,4
20250528,상왕십리,을지로입구,21,2
20250528,상왕십리,을지로입구,22,3
20250528,상왕십리,을지로입구,23,1
20250528,상왕십리,이대,0,1
20250528,상왕십리,이대,5,1
20250528,상왕십리,이대,6,5
20250528,상왕십리,이대,7,11
20250528,상왕십리,이대,8,29
20250528,상왕십리,이대,9,12
20250528,상왕십리,이대,10,15
20250528,상왕십리,이대,11,9
20250528,상왕십리,이대,12,11
20250528,상왕십리,이대,13,9
20250528,상왕십리,이대,14,6
20250528,상왕십리,이대,15,6
20250528,상왕십리,이대,16,6
20250528,상왕십리,이대,17,4
20250528,상왕십리,이대,18,5
20250528,상왕십리,이대,19,5
20250528,상왕십리,이대,20,2
20250528,상왕십리,이대,21,5
20250528,상왕십리,이대,22,3
20250528,상왕십리,이대,23,3
20250528,상왕십리,잠실(송파구청),0,1
20250528,상왕십리,잠실(송파구청),5,9
20250528,상왕십리,잠실(송파구청),6,19
20250528,상왕십리,잠실(송파구청),7,49
20250528,상왕십리,잠실(송파구청),8,80
20250528,상왕십리,잠실(송파구청),9,31
20250528,상왕십리,잠실(송파구청),10,22
20250528,상왕십리,잠실(송파구청),11,15
20250528,상왕십리,잠실(송파구청),12,29
20250528,상왕십리,잠실(송파구청),13,15
20250528,상왕십리,잠실(송파구청),14,25
20250528,상왕십리,잠실(송파구청),15,20
20250528,상왕십리,잠실(송파구청),16,20
20250528,상왕십리,잠실(송파구청),17,23
20250528,상왕십리,잠실(송파구청),18,32
20250528,상왕십리,잠실(송파구청),19,8
20250528,상왕십리,잠실(송파구청),20,5
20250528,상왕십리,잠실(송파구청),21,11
20250528,상왕십리,잠실(송파구청),22,6
20250528,상왕십리,잠실(송파구청),23,4
20250528,상왕십리,잠실나루,5,1
20250528,상왕십리,잠실나루,6,10
20250528,상왕십리,잠실나루,7,23
20250528,상왕십리,잠실나루,8,26
20250528,상왕십리,잠실나루,9,6
20250528,상왕십리,잠실나루,10,5
20250528,상왕십리,잠실나루,11,6
20250528,상왕십리,잠실나루,12,5
20250528,상왕십리,잠실나루,13,4
20250528,상왕십리,잠실나루,14,5
20250528,상왕십리,잠실나루,15,3
20250528,상왕십리,잠실나루,16,7
20250528,상왕십리,잠실나루,17,5
20250528,상왕십리,잠실나루,18,10
20250528,상왕십리,잠실나루,19,5
20250528,상왕십리,잠실나루,20,5
20250528,상왕십리,잠실나루,21,2
20250528,상왕십리,잠실나루,22,4
20250528,상왕십리,잠실나루,23,1
20250528,상왕십리,잠실새내,0,1
20250528,상왕십리,잠실새내,5,4
20250528,상왕십리,잠실새내,6,5
20250528,상왕십리,잠실새내,7,4
20250528,상왕십리,잠실새내,8,4
20250528,상왕십리,잠실새내,9,13
20250528,상왕십리,잠실새내,10,7
20250528,상왕십리,잠실새내,11,4
20250528,상왕십리,잠실새내,12,10
20250528,상왕십리,잠실새내,13,11
20250528,상왕십리,잠실새내,14,8
20250528,상왕십리,잠실새내,15,15
20250528,상왕십리,잠실새내,16,8
20250528,상왕십리,잠실새내,17,8
20250528,상왕십리,잠실새내,18,11
20250528,상왕십리,잠실새내,19,5
20250528,상왕십리,잠실새내,20,5
20250528,상왕십리,잠실새내,21,7
20250528,상왕십리,잠실새내,22,1
20250528,상왕십리,잠실새내,23,1
20250528,상왕십리,종합운동장,0,1
20250528,상왕십리,종합운동장,6,4
20250528,상왕십리,종합운동장,8,6
20250528,상왕십리,종합운동장,9,1
20250528,상왕십리,종합운동장,10,3
20250528,상왕십리,종합운동장,11,3
20250528,상왕십리,종합운동장,13,3
20250528,상왕십리,종합운동장,14,2
20250528,상왕십리,종합운동장,15,6
20250528,상왕십리,종합운동장,16,6
20250528,상왕십리,종합운동장,17,24
20250528,상왕십리,종합운동장,18,11
20250528,상왕십리,종합운동장,20,1
20250528,상왕십리,종합운동장,21,1
20250528,상왕십리,종합운동장,22,2
20250528,상왕십리,충정로(경기대입구),5,1
20250528,상왕십리,충정로(경기대입구),6,3
20250528,상왕십리,충정로(경기대입구),7,17
20250528,상왕십리,충정로(경기대입구),8,28
20250528,상왕십리,충정로(경기대입구),9,5
20250528,상왕십리,충정로(경기대입구),10,3
20250528,상왕십리,충정로(경기대입구),11,6
20250528,상왕십리,충정로(경기대입구),12,2
20250528,상왕십리,충정로(경기대입구),13,6
20250528,상왕십리,충정로(경기대입구),14,1
20250528,상왕십리,충정로(경기대입구),16,1
20250528,상왕십리,충정로(경기대입구),17,6
20250528,상왕십리,충정로(경기대입구),18,1
20250528,상왕십리,충정로(경기대입구),19,3
20250528,상왕십리,충정로(경기대입구),20,5
20250528,상왕십리,충정로(경기대입구),21,1
20250528,상왕십리,한양대,6,3
20250528,상왕십리,한양대,7,21
20250528,상왕십리,한양대,8,108
20250528,상왕십리,한양대,9,41
20250528,상왕십리,한양대,10,53
20250528,상왕십리,한양대,11,20
20250528,상왕십리,한양대,12,36
20250528,상왕십리,한양대,13,30
20250528,상왕십리,한양대,14,14
20250528,상왕십리,한양대,15,7
20250528,상왕십리,한양대,16,9
20250528,상왕십리,한양대,17,10
20250528,상왕십리,한양대,18,7
20250528,상왕십리,한양대,19,4
20250528,상왕십리,한양대,20,4
20250528,상왕십리,한양대,21,1
20250528,상왕십리,한양대,22,2
20250528,상왕십리,합정,5,7
20250528,상왕십리,합정,6,10
20250528,상왕십리,합정,7,14
20250528,상왕십리,합정,8,25
20250528,상왕십리,합정,9,16
20250528,상왕십리,합정,10,13
20250528,상왕십리,합정,11,4
20250528,상왕십리,합정,12,4
20250528,상왕십리,합정,13,8
20250528,상왕십리,합정,14,9
20250528,상왕십리,합정,15,3
20250528,상왕십리,합정,16,9
20250528,상왕십리,합정,17,10
20250528,상왕십리,합정,18,13
20250528,상왕십리,합정,19,8
20250528,상왕십리,합정,20,3
20250528,상왕십리,합정,21,7
20250528,상왕십리,합정,22,5
20250528,상왕십리,합정,23,1
20250528,상왕십리,홍대입구,0,1
20250528,상왕십리,홍대입구,5,2
20250528,상왕십리,홍대입구,6,7
20250528,상왕십리,홍대입구,7,24
20250528,상왕십리,홍대입구,8,31
20250528,상왕십리,홍대입구,9,21
20250528,상왕십리,홍대입구,10,29
20250528,상왕십리,홍대입구,11,32
20250528,상왕십리,홍대입구,12,23
20250528,상왕십리,홍대입구,13,15
20250528,상왕십리,홍대입구,14,15
20250528,상왕십리,홍대입구,15,17
20250528,상왕십리,홍대입구,16,16
20250528,상왕십리,홍대입구,17,42
20250528,상왕십리,홍대입구,18,27
20250528,상왕십리,홍대입구,19,19
20250528,상왕십리,홍대입구,20,11
20250528,상왕십리,홍대입구,21,9
20250528,상왕십리,홍대입구,22,12
20250528,상왕십리,홍대입구,23,2
20250528,서울대입구(관악구청),강남,0,11
20250528,서울대입구(관악구청),강남,4,51
20250528,서울대입구(관악구청),강남,5,112
20250528,서울대입구(관악구청),강남,6,118
20250528,서울대입구(관악구청),강남,7,515
20250528,서울대입구(관악구청),강남,8,721
20250528,서울대입구(관악구청),강남,9,606
20250528,서울대입구(관악구청),강남,10,213
20250528,서울대입구(관악구청),강남,11,126
20250528,서울대입구(관악구청),강남,12,112
20250528,서울대입구(관악구청),강남,13,111
20250528,서울대입구(관악구청),강남,14,131
20250528,서울대입구(관악구청),강남,15,124
20250528,서울대입구(관악구청),강남,16,115
20250528,서울대입구(관악구청),강남,17,175
20250528,서울대입구(관악구청),강남,18,207
20250528,서울대입구(관악구청),강남,19,96
20250528,서울대입구(관악구청),강남,20,60
20250528,서울대입구(관악구청),강남,21,49
20250528,서울대입구(관악구청),강남,22,52
20250528,서울대입구(관악구청),강남,23,39
20250528,서울대입구(관악구청),강변(동서울터미널),0,5
20250528,서울대입구(관악구청),강변(동서울터미널),5,6
20250528,서울대입구(관악구청),강변(동서울터미널),6,6
20250528,서울대입구(관악구청),강변(동서울터미널),7,15
20250528,서울대입구(관악구청),강변(동서울터미널),8,8
20250528,서울대입구(관악구청),강변(동서울터미널),9,15
20250528,서울대입구(관악구청),강변(동서울터미널),10,5
20250528,서울대입구(관악구청),강변(동서울터미널),11,10
20250528,서울대입구(관악구청),강변(동서울터미널),12,8
20250528,서울대입구(관악구청),강변(동서울터미널),13,9
20250528,서울대입구(관악구청),강변(동서울터미널),14,20
20250528,서울대입구(관악구청),강변(동서울터미널),15,12
20250528,서울대입구(관악구청),강변(동서울터미널),16,14
20250528,서울대입구(관악구청),강변(동서울터미널),17,14
20250528,서울대입구(관악구청),강변(동서울터미널),18,19
20250528,서울대입구(관악구청),강변(동서울터미널),19,13
20250528,서울대입구(관악구청),강변(동서울터미널),20,8
20250528,서울대입구(관악구청),강변(동서울터미널),21,20
20250528,서울대입구(관악구청),강변(동서울터미널),22,13
20250528,서울대입구(관악구청),강변(동서울터미널),23,1
20250528,서울대입구(관악구청),건대입구,0,3
20250528,서울대입구(관악구청),건대입구,4,1
20250528,서울대입구(관악구청),건대입구,5,4
20250528,서울대입구(관악구청),건대입구,6,4
20250528,서울대입구(관악구청),건대입구,7,29
20250528,서울대입구(관악구청),건대입구,8,21
20250528,서울대입구(관악구청),건대입구,9,25
20250528,서울대입구(관악구청),건대입구,10,14
20250528,서울대입구(관악구청),건대입구,11,5
20250528,서울대입구(관악구청),건대입구,12,16
20250528,서울대입구(관악구청),건대입구,13,10
20250528,서울대입구(관악구청),건대입구,14,15
20250528,서울대입구(관악구청),건대입구,15,13
20250528,서울대입구(관악구청),건대입구,16,21
20250528,서울대입구(관악구청),건대입구,17,21
20250528,서울대입구(관악구청),건대입구,18,22
20250528,서울대입구(관악구청),건대입구,19,12
20250528,서울대입구(관악구청),건대입구,20,9
20250528,서울대입구(관악구청),건대입구,21,17
20250528,서울대입구(관악구청),건대입구,22,8
20250528,서울대입구(관악구청),건대입구,23,9
20250528,서울대입구(관악구청),교대(법원.검찰청),0,3
20250528,서울대입구(관악구청),교대(법원.검찰청),4,15
20250528,서울대입구(관악구청),교대(법원.검찰청),5,49
20250528,서울대입구(관악구청),교대(법원.검찰청),6,37
20250528,서울대입구(관악구청),교대(법원.검찰청),7,130
20250528,서울대입구(관악구청),교대(법원.검찰청),8,300
20250528,서울대입구(관악구청),교대(법원.검찰청),9,187
20250528,서울대입구(관악구청),교대(법원.검찰청),10,85
20250528,서울대입구(관악구청),교대(법원.검찰청),11,44
20250528,서울대입구(관악구청),교대(법원.검찰청),12,49
20250528,서울대입구(관악구청),교대(법원.검찰청),13,54
20250528,서울대입구(관악구청),교대(법원.검찰청),14,47
20250528,서울대입구(관악구청),교대(법원.검찰청),15,47
20250528,서울대입구(관악구청),교대(법원.검찰청),16,37
20250528,서울대입구(관악구청),교대(법원.검찰청),17,57
20250528,서울대입구(관악구청),교대(법원.검찰청),18,63
20250528,서울대입구(관악구청),교대(법원.검찰청),19,49
20250528,서울대입구(관악구청),교대(법원.검찰청),20,22
20250528,서울대입구(관악구청),교대(법원.검찰청),21,34
20250528,서울대입구(관악구청),교대(법원.검찰청),22,26
20250528,서울대입구(관악구청),교대(법원.검찰청),23,13
20250528,서울대입구(관악구청),구로디지털단지,0,4
20250528,서울대입구(관악구청),구로디지털단지,4,1
20250528,서울대입구(관악구청),구로디지털단지,5,8
20250528,서울대입구(관악구청),구로디지털단지,6,21
20250528,서울대입구(관악구청),구로디지털단지,7,83
20250528,서울대입구(관악구청),구로디지털단지,8,293
20250528,서울대입구(관악구청),구로디지털단지,9,158
20250528,서울대입구(관악구청),구로디지털단지,10,41
20250528,서울대입구(관악구청),구로디지털단지,11,44
20250528,서울대입구(관악구청),구로디지털단지,12,60
20250528,서울대입구(관악구청),구로디지털단지,13,44
20250528,서울대입구(관악구청),구로디지털단지,14,56
20250528,서울대입구(관악구청),구로디지털단지,15,45
20250528,서울대입구(관악구청),구로디지털단지,16,53
20250528,서울대입구(관악구청),구로디지털단지,17,59
20250528,서울대입구(관악구청),구로디지털단지,18,89
20250528,서울대입구(관악구청),구로디지털단지,19,63
20250528,서울대입구(관악구청),구로디지털단지,20,52
20250528,서울대입구(관악구청),구로디지털단지,21,49
20250528,서울대입구(관악구청),구로디지털단지,22,33
20250528,서울대입구(관악구청),구로디지털단지,23,29
20250528,서울대입구(관악구청),구의(광진구청),4,3
20250528,서울대입구(관악구청),구의(광진구청),5,4
20250528,서울대입구(관악구청),구의(광진구청),6,6
20250528,서울대입구(관악구청),구의(광진구청),7,13
20250528,서울대입구(관악구청),구의(광진구청),8,12
20250528,서울대입구(관악구청),구의(광진구청),9,9
20250528,서울대입구(관악구청),구의(광진구청),10,8
20250528,서울대입구(관악구청),구의(광진구청),11,2
20250528,서울대입구(관악구청),구의(광진구청),12,7
20250528,서울대입구(관악구청),구의(광진구청),13,8
20250528,서울대입구(관악구청),구의(광진구청),14,4
20250528,서울대입구(관악구청),구의(광진구청),15,8
20250528,서울대입구(관악구청),구의(광진구청),16,12
20250528,서울대입구(관악구청),구의(광진구청),17,17
20250528,서울대입구(관악구청),구의(광진구청),18,23
20250528,서울대입구(관악구청),구의(광진구청),19,8
20250528,서울대입구(관악구청),구의(광진구청),20,15
20250528,서울대입구(관악구청),구의(광진구청),21,14
20250528,서울대입구(관악구청),구의(광진구청),22,11
20250528,서울대입구(관악구청),구의(광진구청),23,5
20250528,서울대입구(관악구청),낙성대,0,6
20250528,서울대입구(관악구청),낙성대,5,8
20250528,서울대입구(관악구청),낙성대,6,8
20250528,서울대입구(관악구청),낙성대,7,15
20250528,서울대입구(관악구청),낙성대,8,25
20250528,서울대입구(관악구청),낙성대,9,46
20250528,서울대입구(관악구청),낙성대,10,56
20250528,서울대입구(관악구청),낙성대,11,66
20250528,서울대입구(관악구청),낙성대,12,101
20250528,서울대입구(관악구청),낙성대,13,63
20250528,서울대입구(관악구청),낙성대,14,72
20250528,서울대입구(관악구청),낙성대,15,63
20250528,서울대입구(관악구청),낙성대,16,85
20250528,서울대입구(관악구청),낙성대,17,59
20250528,서울대입구(관악구청),낙성대,18,73
20250528,서울대입구(관악구청),낙성대,19,62
20250528,서울대입구(관악구청),낙성대,20,62
20250528,서울대입구(관악구청),낙성대,21,64
20250528,서울대입구(관악구청),낙성대,22,57
20250528,서울대입구(관악구청),낙성대,23,32
20250528,서울대입구(관악구청),당산,0,2
20250528,서울대입구(관악구청),당산,5,7
20250528,서울대입구(관악구청),당산,6,15
20250528,서울대입구(관악구청),당산,7,36
20250528,서울대입구(관악구청),당산,8,47
20250528,서울대입구(관악구청),당산,9,14
20250528,서울대입구(관악구청),당산,10,11
20250528,서울대입구(관악구청),당산,11,10
20250528,서울대입구(관악구청),당산,12,15
20250528,서울대입구(관악구청),당산,13,19
20250528,서울대입구(관악구청),당산,14,12
20250528,서울대입구(관악구청),당산,15,26
20250528,서울대입구(관악구청),당산,16,30
20250528,서울대입구(관악구청),당산,17,25
20250528,서울대입구(관악구청),당산,18,46
20250528,서울대입구(관악구청),당산,19,21
20250528,서울대입구(관악구청),당산,20,25
20250528,서울대입구(관악구청),당산,21,29
20250528,서울대입구(관악구청),당산,22,34
20250528,서울대입구(관악구청),당산,23,13
20250528,서울대입구(관악구청),대림(구로구청),0,5
20250528,서울대입구(관악구청),대림(구로구청),5,7
20250528,서울대입구(관악구청),대림(구로구청),6,15
20250528,서울대입구(관악구청),대림(구로구청),7,31
20250528,서울대입구(관악구청),대림(구로구청),8,47
20250528,서울대입구(관악구청),대림(구로구청),9,24
20250528,서울대입구(관악구청),대림(구로구청),10,15
20250528,서울대입구(관악구청),대림(구로구청),11,18
20250528,서울대입구(관악구청),대림(구로구청),12,53
20250528,서울대입구(관악구청),대림(구로구청),13,9
20250528,서울대입구(관악구청),대림(구로구청),14,11
20250528,서울대입구(관악구청),대림(구로구청),15,23
20250528,서울대입구(관악구청),대림(구로구청),16,32
20250528,서울대입구(관악구청),대림(구로구청),17,28
20250528,서울대입구(관악구청),대림(구로구청),18,46
20250528,서울대입구(관악구청),대림(구로구청),19,23
20250528,서울대입구(관악구청),대림(구로구청),20,19
20250528,서울대입구(관악구청),대림(구로구청),21,31
20250528,서울대입구(관악구청),대림(구로구청),22,13
20250528,서울대입구(관악구청),대림(구로구청),23,12
20250528,서울대입구(관악구청),동대문역사문화공원,5,3
20250528,서울대입구(관악구청),동대문역사문화공원,6,2
20250528,서울대입구(관악구청),동대문역사문화공원,7,2
20250528,서울대입구(관악구청),동대문역사문화공원,8,4
20250528,서울대입구(관악구청),동대문역사문화공원,9,4
20250528,서울대입구(관악구청),동대문역사문화공원,10,6
20250528,서울대입구(관악구청),동대문역사문화공원,11,4
20250528,서울대입구(관악구청),동대문역사문화공원,12,3
20250528,서울대입구(관악구청),동대문역사문화공원,13,4
20250528,서울대입구(관악구청),동대문역사문화공원,15,3
20250528,서울대입구(관악구청),동대문역사문화공원,16,1
20250528,서울대입구(관악구청),동대문역사문화공원,17,1
20250528,서울대입구(관악구청),동대문역사문화공원,18,3
20250528,서울대입구(관악구청),동대문역사문화공원,19,2
20250528,서울대입구(관악구청),동대문역사문화공원,20,1
20250528,서울대입구(관악구청),동대문역사문화공원,22,1
20250528,서울대입구(관악구청),뚝섬,4,1
20250528,서울대입구(관악구청),뚝섬,5,3
20250528,서울대입구(관악구청),뚝섬,6,6
20250528,서울대입구(관악구청),뚝섬,7,37
20250528,서울대입구(관악구청),뚝섬,8,40
20250528,서울대입구(관악구청),뚝섬,9,16
20250528,서울대입구(관악구청),뚝섬,10,7
20250528,서울대입구(관악구청),뚝섬,11,4
20250528,서울대입구(관악구청),뚝섬,12,2
20250528,서울대입구(관악구청),뚝섬,13,5
20250528,서울대입구(관악구청),뚝섬,14,3
20250528,서울대입구(관악구청),뚝섬,15,6
20250528,서울대입구(관악구청),뚝섬,16,5
20250528,서울대입구(관악구청),뚝섬,17,5
20250528,서울대입구(관악구청),뚝섬,18,3
20250528,서울대입구(관악구청),뚝섬,19,3
20250528,서울대입구(관악구청),뚝섬,20,1
20250528,서울대입구(관악구청),뚝섬,21,4
20250528,서울대입구(관악구청),뚝섬,23,2
20250528,서울대입구(관악구청),문래,0,5
20250528,서울대입구(관악구청),문래,5,3
20250528,서울대입구(관악구청),문래,6,14
20250528,서울대입구(관악구청),문래,7,45
20250528,서울대입구(관악구청),문래,8,89
20250528,서울대입구(관악구청),문래,9,40
20250528,서울대입구(관악구청),문래,10,8
20250528,서울대입구(관악구청),문래,11,6
20250528,서울대입구(관악구청),문래,12,13
20250528,서울대입구(관악구청),문래,13,11
20250528,서울대입구(관악구청),문래,14,20
20250528,서울대입구(관악구청),문래,15,12
20250528,서울대입구(관악구청),문래,16,16
20250528,서울대입구(관악구청),문래,17,21
20250528,서울대입구(관악구청),문래,18,50
20250528,서울대입구(관악구청),문래,19,16
20250528,서울대입구(관악구청),문래,20,5
20250528,서울대입구(관악구청),문래,21,11
20250528,서울대입구(관악구청),문래,22,10
20250528,서울대입구(관악구청),문래,23,3
20250528,서울대입구(관악구청),방배,0,5
20250528,서울대입구(관악구청),방배,4,1
20250528,서울대입구(관악구청),방배,5,13
20250528,서울대입구(관악구청),방배,6,30
20250528,서울대입구(관악구청),방배,7,72
20250528,서울대입구(관악구청),방배,8,169
20250528,서울대입구(관악구청),방배,9,118
20250528,서울대입구(관악구청),방배,10,57
20250528,서울대입구(관악구청),방배,11,27
20250528,서울대입구(관악구청),방배,12,56
20250528,서울대입구(관악구청),방배,13,44
20250528,서울대입구(관악구청),방배,14,37
20250528,서울대입구(관악구청),방배,15,47
20250528,서울대입구(관악구청),방배,16,44
20250528,서울대입구(관악구청),방배,17,65
20250528,서울대입구(관악구청),방배,18,69
20250528,서울대입구(관악구청),방배,19,41
20250528,서울대입구(관악구청),방배,20,35
20250528,서울대입구(관악구청),방배,21,27
20250528,서울대입구(관악구청),방배,22,28
20250528,서울대입구(관악구청),방배,23,15
20250528,서울대입구(관악구청),봉천,0,8
20250528,서울대입구(관악구청),봉천,5,4
20250528,서울대입구(관악구청),봉천,6,11
20250528,서울대입구(관악구청),봉천,7,21
20250528,서울대입구(관악구청),봉천,8,34
20250528,서울대입구(관악구청),봉천,9,48
20250528,서울대입구(관악구청),봉천,10,43
20250528,서울대입구(관악구청),봉천,11,58
20250528,서울대입구(관악구청),봉천,12,68
20250528,서울대입구(관악구청),봉천,13,48
20250528,서울대입구(관악구청),봉천,14,68
20250528,서울대입구(관악구청),봉천,15,77
20250528,서울대입구(관악구청),봉천,16,73
20250528,서울대입구(관악구청),봉천,17,72
20250528,서울대입구(관악구청),봉천,18,70
20250528,서울대입구(관악구청),봉천,19,36
20250528,서울대입구(관악구청),봉천,20,23
20250528,서울대입구(관악구청),봉천,21,44
20250528,서울대입구(관악구청),봉천,22,34
20250528,서울대입구(관악구청),봉천,23,25
20250528,서울대입구(관악구청),사당,0,5
20250528,서울대입구(관악구청),사당,4,1
20250528,서울대입구(관악구청),사당,5,25
20250528,서울대입구(관악구청),사당,6,85
20250528,서울대입구(관악구청),사당,7,170
20250528,서울대입구(관악구청),사당,8,147
20250528,서울대입구(관악구청),사당,9,75
20250528,서울대입구(관악구청),사당,10,63
20250528,서울대입구(관악구청),사당,11,61
20250528,서울대입구(관악구청),사당,12,73
20250528,서울대입구(관악구청),사당,13,50
20250528,서울대입구(관악구청),사당,14,54
20250528,서울대입구(관악구청),사당,15,67
20250528,서울대입구(관악구청),사당,16,84
20250528,서울대입구(관악구청),사당,17,130
20250528,서울대입구(관악구청),사당,18,176
20250528,서울대입구(관악구청),사당,19,71
20250528,서울대입구(관악구청),사당,20,49
20250528,서울대입구(관악구청),사당,21,46
20250528,서울대입구(관악구청),사당,22,32
20250528,서울대입구(관악구청),사당,23,24
20250528,서울대입구(관악구청),삼성(무역센터),0,6
20250528,서울대입구(관악구청),삼성(무역센터),4,28
20250528,서울대입구(관악구청),삼성(무역센터),5,67
20250528,서울대입구(관악구청),삼성(무역센터),6,91
20250528,서울대입구(관악구청),삼성(무역센터),7,367
20250528,서울대입구(관악구청),삼성(무역센터),8,547
20250528,서울대입구(관악구청),삼성(무역센터),9,258
20250528,서울대입구(관악구청),삼성(무역센터),10,106
20250528,서울대입구(관악구청),삼성(무역센터),11,49
20250528,서울대입구(관악구청),삼성(무역센터),12,59
20250528,서울대입구(관악구청),삼성(무역센터),13,44
20250528,서울대입구(관악구청),삼성(무역센터),14,47
20250528,서울대입구(관악구청),삼성(무역센터),15,34
20250528,서울대입구(관악구청),삼성(무역센터),16,45
20250528,서울대입구(관악구청),삼성(무역센터),17,47
20250528,서울대입구(관악구청),삼성(무역센터),18,41
20250528,서울대입구(관악구청),삼성(무역센터),19,29
20250528,서울대입구(관악구청),삼성(무역센터),20,16
20250528,서울대입구(관악구청),삼성(무역센터),21,20
20250528,서울대입구(관악구청),삼성(무역센터),22,17
20250528,서울대입구(관악구청),삼성(무역센터),23,11
20250528,서울대입구(관악구청),상왕십리,4,1
20250528,서울대입구(관악구청),상왕십리,7,7
20250528,서울대입구(관악구청),상왕십리,10,5
20250528,서울대입구(관악구청),상왕십리,11,1
20250528,서울대입구(관악구청),상왕십리,12,1
20250528,서울대입구(관악구청),상왕십리,13,1
20250528,서울대입구(관악구청),상왕십리,14,2
20250528,서울대입구(관악구청),상왕십리,15,3
20250528,서울대입구(관악구청),상왕십리,16,5
20250528,서울대입구(관악구청),상왕십리,17,2
20250528,서울대입구(관악구청),상왕십리,18,6
20250528,서울대입구(관악구청),상왕십리,19,1
20250528,서울대입구(관악구청),상왕십리,20,5
20250528,서울대입구(관악구청),상왕십리,21,1
20250528,서울대입구(관악구청),상왕십리,22,4
20250528,서울대입구(관악구청),상왕십리,23,1
20250528,서울대입구(관악구청),서울대입구(관악구청),0,7
20250528,서울대입구(관악구청),서울대입구(관악구청),4,7
20250528,서울대입구(관악구청),서울대입구(관악구청),5,9
20250528,서울대입구(관악구청),서울대입구(관악구청),6,8
20250528,서울대입구(관악구청),서울대입구(관악구청),7,7
20250528,서울대입구(관악구청),서울대입구(관악구청),8,12
20250528,서울대입구(관악구청),서울대입구(관악구청),9,11
20250528,서울대입구(관악구청),서울대입구(관악구청),10,22
20250528,서울대입구(관악구청),서울대입구(관악구청),11,14
20250528,서울대입구(관악구청),서울대입구(관악구청),12,21
20250528,서울대입구(관악구청),서울대입구(관악구청),13,27
20250528,서울대입구(관악구청),서울대입구(관악구청),14,28
20250528,서울대입구(관악구청),서울대입구(관악구청),15,29
20250528,서울대입구(관악구청),서울대입구(관악구청),16,21
20250528,서울대입구(관악구청),서울대입구(관악구청),17,33
20250528,서울대입구(관악구청),서울대입구(관악구청),18,32
20250528,서울대입구(관악구청),서울대입구(관악구청),19,27
20250528,서울대입구(관악구청),서울대입구(관악구청),20,18
20250528,서울대입구(관악구청),서울대입구(관악구청),21,29
20250528,서울대입구(관악구청),서울대입구(관악구청),22,23
20250528,서울대입구(관악구청),서울대입구(관악구청),23,27
20250528,서울대입구(관악구청),서초,0,3
20250528,서울대입구(관악구청),서초,4,9
20250528,서울대입구(관악구청),서초,5,44
20250528,서울대입구(관악구청),서초,6,61
20250528,서울대입구(관악구청),서초,7,153
20250528,서울대입구(관악구청),서초,8,239
20250528,서울대입구(관악구청),서초,9,175
20250528,서울대입구(관악구청),서초,10,64
20250528,서울대입구(관악구청),서초,11,25
20250528,서울대입구(관악구청),서초,12,27
20250528,서울대입구(관악구청),서초,13,30
20250528,서울대입구(관악구청),서초,14,30
20250528,서울대입구(관악구청),서초,15,20
20250528,서울대입구(관악구청),서초,16,28
20250528,서울대입구(관악구청),서초,17,52
20250528,서울대입구(관악구청),서초,18,54
20250528,서울대입구(관악구청),서초,19,34
20250528,서울대입구(관악구청),서초,20,21
20250528,서울대입구(관악구청),서초,21,12
20250528,서울대입구(관악구청),서초,22,19
20250528,서울대입구(관악구청),서초,23,7
20250528,서울대입구(관악구청),선릉,0,11
20250528,서울대입구(관악구청),선릉,4,32
20250528,서울대입구(관악구청),선릉,5,76
20250528,서울대입구(관악구청),선릉,6,115
20250528,서울대입구(관악구청),선릉,7,334
20250528,서울대입구(관악구청),선릉,8,462
20250528,서울대입구(관악구청),선릉,9,305
20250528,서울대입구(관악구청),선릉,10,141
20250528,서울대입구(관악구청),선릉,11,61
20250528,서울대입구(관악구청),선릉,12,91
20250528,서울대입구(관악구청),선릉,13,69
20250528,서울대입구(관악구청),선릉,14,44
20250528,서울대입구(관악구청),선릉,15,69
20250528,서울대입구(관악구청),선릉,16,50
20250528,서울대입구(관악구청),선릉,17,60
20250528,서울대입구(관악구청),선릉,18,69
20250528,서울대입구(관악구청),선릉,19,31
20250528,서울대입구(관악구청),선릉,20,37
20250528,서울대입구(관악구청),선릉,21,26
20250528,서울대입구(관악구청),선릉,22,25
20250528,서울대입구(관악구청),선릉,23,21
20250528,서울대입구(관악구청),성수,0,2
20250528,서울대입구(관악구청),성수,4,3
20250528,서울대입구(관악구청),성수,5,8
20250528,서울대입구(관악구청),성수,6,15
20250528,서울대입구(관악구청),성수,7,74
20250528,서울대입구(관악구청),성수,8,80
20250528,서울대입구(관악구청),성수,9,51
20250528,서울대입구(관악구청),성수,10,20
20250528,서울대입구(관악구청),성수,11,11
20250528,서울대입구(관악구청),성수,12,20
20250528,서울대입구(관악구청),성수,13,10
20250528,서울대입구(관악구청),성수,14,9
20250528,서울대입구(관악구청),성수,15,26
20250528,서울대입구(관악구청),성수,16,12
20250528,서울대입구(관악구청),성수,17,18
20250528,서울대입구(관악구청),성수,18,14
20250528,서울대입구(관악구청),성수,19,4
20250528,서울대입구(관악구청),성수,20,3
20250528,서울대입구(관악구청),성수,21,2
20250528,서울대입구(관악구청),성수,22,3
20250528,서울대입구(관악구청),시청,4,1
20250528,서울대입구(관악구청),시청,5,1
20250528,서울대입구(관악구청),시청,6,15
20250528,서울대입구(관악구청),시청,7,55
20250528,서울대입구(관악구청),시청,8,71
20250528,서울대입구(관악구청),시청,9,17
20250528,서울대입구(관악구청),시청,10,7
20250528,서울대입구(관악구청),시청,11,7
20250528,서울대입구(관악구청),시청,12,8
20250528,서울대입구(관악구청),시청,13,3
20250528,서울대입구(관악구청),시청,14,3
20250528,서울대입구(관악구청),시청,15,1
20250528,서울대입구(관악구청),시청,16,2
20250528,서울대입구(관악구청),시청,17,3
20250528,서울대입구(관악구청),시청,18,5
20250528,서울대입구(관악구청),시청,20,1
20250528,서울대입구(관악구청),시청,21,1
20250528,서울대입구(관악구청),신당,5,3
20250528,서울대입구(관악구청),신당,6,1
20250528,서울대입구(관악구청),신당,7,5
20250528,서울대입구(관악구청),신당,8,3
20250528,서울대입구(관악구청),신당,9,2
20250528,서울대입구(관악구청),신당,10,3
20250528,서울대입구(관악구청),신당,11,3
20250528,서울대입구(관악구청),신당,12,4
20250528,서울대입구(관악구청),신당,13,2
20250528,서울대입구(관악구청),신당,14,7
20250528,서울대입구(관악구청),신당,15,3
20250528,서울대입구(관악구청),신당,16,1
20250528,서울대입구(관악구청),신당,17,2
20250528,서울대입구(관악구청),신당,18,1
20250528,서울대입구(관악구청),신당,19,1
20250528,서울대입구(관악구청),신당,20,1
20250528,서울대입구(관악구청),신당,21,2
20250528,서울대입구(관악구청),신당,22,3
20250528,서울대입구(관악구청),신당,23,2
20250528,서울대입구(관악구청),신대방,0,9
20250528,서울대입구(관악구청),신대방,5,5
20250528,서울대입구(관악구청),신대방,6,14
20250528,서울대입구(관악구청),신대방,7,22
20250528,서울대입구(관악구청),신대방,8,42
20250528,서울대입구(관악구청),신대방,9,39
20250528,서울대입구(관악구청),신대방,10,40
20250528,서울대입구(관악구청),신대방,11,58
20250528,서울대입구(관악구청),신대방,12,46
20250528,서울대입구(관악구청),신대방,13,37
20250528,서울대입구(관악구청),신대방,14,30
20250528,서울대입구(관악구청),신대방,15,53
20250528,서울대입구(관악구청),신대방,16,44
20250528,서울대입구(관악구청),신대방,17,47
20250528,서울대입구(관악구청),신대방,18,87
20250528,서울대입구(관악구청),신대방,19,52
20250528,서울대입구(관악구청),신대방,20,59
20250528,서울대입구(관악구청),신대방,21,52
20250528,서울대입구(관악구청),신대방,22,44
20250528,서울대입구(관악구청),신대방,23,23
20250528,서울대입구(관악구청),신도림,0,6
20250528,서울대입구(관악구청),신도림,5,5
20250528,서울대입구(관악구청),신도림,6,16
20250528,서울대입구(관악구청),신도림,7,31
20250528,서울대입구(관악구청),신도림,8,75
20250528,서울대입구(관악구청),신도림,9,36
20250528,서울대입구(관악구청),신도림,10,37
20250528,서울대입구(관악구청),신도림,11,16
20250528,서울대입구(관악구청),신도림,12,28
20250528,서울대입구(관악구청),신도림,13,35
20250528,서울대입구(관악구청),신도림,14,31
20250528,서울대입구(관악구청),신도림,15,39
20250528,서울대입구(관악구청),신도림,16,55
20250528,서울대입구(관악구청),신도림,17,59
20250528,서울대입구(관악구청),신도림,18,86
20250528,서울대입구(관악구청),신도림,19,52
20250528,서울대입구(관악구청),신도림,20,52
20250528,서울대입구(관악구청),신도림,21,43
20250528,서울대입구(관악구청),신도림,22,23
20250528,서울대입구(관악구청),신도림,23,27
20250528,서울대입구(관악구청),신림,0,18
20250528,서울대입구(관악구청),신림,5,9
20250528,서울대입구(관악구청),신림,6,23
20250528,서울대입구(관악구청),신림,7,45
20250528,서울대입구(관악구청),신림,8,71
20250528,서울대입구(관악구청),신림,9,82
20250528,서울대입구(관악구청),신림,10,105
20250528,서울대입구(관악구청),신림,11,137
20250528,서울대입구(관악구청),신림,12,122
20250528,서울대입구(관악구청),신림,13,131
20250528,서울대입구(관악구청),신림,14,122
20250528,서울대입구(관악구청),신림,15,139
20250528,서울대입구(관악구청),신림,16,151
20250528,서울대입구(관악구청),신림,17,147
20250528,서울대입구(관악구청),신림,18,218
20250528,서울대입구(관악구청),신림,19,132
20250528,서울대입구(관악구청),신림,20,128
20250528,서울대입구(관악구청),신림,21,111
20250528,서울대입구(관악구청),신림,22,99
20250528,서울대입구(관악구청),신림,23,66
20250528,서울대입구(관악구청),신촌,0,6
20250528,서울대입구(관악구청),신촌,5,6
20250528,서울대입구(관악구청),신촌,6,9
20250528,서울대입구(관악구청),신촌,7,27
20250528,서울대입구(관악구청),신촌,8,49
20250528,서울대입구(관악구청),신촌,9,45
20250528,서울대입구(관악구청),신촌,10,25
20250528,서울대입구(관악구청),신촌,11,16
20250528,서울대입구(관악구청),신촌,12,16
20250528,서울대입구(관악구청),신촌,13,13
20250528,서울대입구(관악구청),신촌,14,23
20250528,서울대입구(관악구청),신촌,15,24
20250528,서울대입구(관악구청),신촌,16,21
20250528,서울대입구(관악구청),신촌,17,39
20250528,서울대입구(관악구청),신촌,18,36
20250528,서울대입구(관악구청),신촌,19,16
20250528,서울대입구(관악구청),신촌,20,13
20250528,서울대입구(관악구청),신촌,21,16
20250528,서울대입구(관악구청),신촌,22,19
20250528,서울대입구(관악구청),신촌,23,6
20250528,서울대입구(관악구청),아현,0,1
20250528,서울대입구(관악구청),아현,6,2
20250528,서울대입구(관악구청),아현,7,16
20250528,서울대입구(관악구청),아현,8,8
20250528,서울대입구(관악구청),아현,9,2
20250528,서울대입구(관악구청),아현,10,4
20250528,서울대입구(관악구청),아현,11,4
20250528,서울대입구(관악구청),아현,12,4
20250528,서울대입구(관악구청),아현,13,3
20250528,서울대입구(관악구청),아현,14,5
20250528,서울대입구(관악구청),아현,15,4
20250528,서울대입구(관악구청),아현,16,4
20250528,서울대입구(관악구청),아현,17,9
20250528,서울대입구(관악구청),아현,18,5
20250528,서울대입구(관악구청),아현,19,4
20250528,서울대입구(관악구청),아현,20,7
20250528,서울대입구(관악구청),아현,21,8
20250528,서울대입구(관악구청),아현,22,4
20250528,서울대입구(관악구청),아현,23,3
20250528,서울대입구(관악구청),역삼,0,10
20250528,서울대입구(관악구청),역삼,4,43
20250528,서울대입구(관악구청),역삼,5,65
20250528,서울대입구(관악구청),역삼,6,81
20250528,서울대입구(관악구청),역삼,7,376
20250528,서울대입구(관악구청),역삼,8,595
20250528,서울대입구(관악구청),역삼,9,452
20250528,서울대입구(관악구청),역삼,10,167
20250528,서울대입구(관악구청),역삼,11,66
20250528,서울대입구(관악구청),역삼,12,67
20250528,서울대입구(관악구청),역삼,13,70
20250528,서울대입구(관악구청),역삼,14,39
20250528,서울대입구(관악구청),역삼,15,40
20250528,서울대입구(관악구청),역삼,16,23
20250528,서울대입구(관악구청),역삼,17,44
20250528,서울대입구(관악구청),역삼,18,61
20250528,서울대입구(관악구청),역삼,19,32
20250528,서울대입구(관악구청),역삼,20,21
20250528,서울대입구(관악구청),역삼,21,29
20250528,서울대입구(관악구청),역삼,22,22
20250528,서울대입구(관악구청),역삼,23,10
20250528,서울대입구(관악구청),영등포구청,0,1
20250528,서울대입구(관악구청),영등포구청,5,6
20250528,서울대입구(관악구청),영등포구청,6,8
20250528,서울대입구(관악구청),영등포구청,7,37
20250528,서울대입구(관악구청),영등포구청,8,74
20250528,서울대입구(관악구청),영등포구청,9,27
20250528,서울대입구(관악구청),영등포구청,10,23
20250528,서울대입구(관악구청),영등포구청,11,13
20250528,서울대입구(관악구청),영등포구청,12,13
20250528,서울대입구(관악구청),영등포구청,13,16
20250528,서울대입구(관악구청),영등포구청,14,13
20250528,서울대입구(관악구청),영등포구청,15,18
20250528,서울대입구(관악구청),영등포구청,16,16
20250528,서울대입구(관악구청),영등포구청,17,19
20250528,서울대입구(관악구청),영등포구청,18,34
20250528,서울대입구(관악구청),영등포구청,19,14
20250528,서울대입구(관악구청),영등포구청,20,13
20250528,서울대입구(관악구청),영등포구청,21,16
20250528,서울대입구(관악구청),영등포구청,22,8
20250528,서울대입구(관악구청),영등포구청,23,8
20250528,서울대입구(관악구청),왕십리(성동구청),5,1
20250528,서울대입구(관악구청),왕십리(성동구청),7,3
20250528,서울대입구(관악구청),왕십리(성동구청),8,4
20250528,서울대입구(관악구청),왕십리(성동구청),9,4
20250528,서울대입구(관악구청),왕십리(성동구청),11,1
20250528,서울대입구(관악구청),왕십리(성동구청),12,1
20250528,서울대입구(관악구청),왕십리(성동구청),13,1
20250528,서울대입구(관악구청),왕십리(성동구청),14,3
20250528,서울대입구(관악구청),왕십리(성동구청),15,9
20250528,서울대입구(관악구청),왕십리(성동구청),16,4
20250528,서울대입구(관악구청),왕십리(성동구청),17,3
20250528,서울대입구(관악구청),왕십리(성동구청),18,4
20250528,서울대입구(관악구청),왕십리(성동구청),19,3
20250528,서울대입구(관악구청),왕십리(성동구청),20,1
20250528,서울대입구(관악구청),왕십리(성동구청),21,6
20250528,서울대입구(관악구청),왕십리(성동구청),22,1
20250528,서울대입구(관악구청),용두(동대문구청),6,1
20250528,서울대입구(관악구청),용두(동대문구청),7,2
20250528,서울대입구(관악구청),용두(동대문구청),9,1
20250528,서울대입구(관악구청),용두(동대문구청),10,1
20250528,서울대입구(관악구청),용두(동대문구청),12,1
20250528,서울대입구(관악구청),용두(동대문구청),16,2
20250528,서울대입구(관악구청),용두(동대문구청),17,3
20250528,서울대입구(관악구청),용두(동대문구청),18,1
20250528,서울대입구(관악구청),용두(동대문구청),19,2
20250528,서울대입구(관악구청),용두(동대문구청),21,2
20250528,서울대입구(관악구청),을지로3가,5,3
20250528,서울대입구(관악구청),을지로3가,6,7
20250528,서울대입구(관악구청),을지로3가,7,50
20250528,서울대입구(관악구청),을지로3가,8,28
20250528,서울대입구(관악구청),을지로3가,9,10
20250528,서울대입구(관악구청),을지로3가,10,7
20250528,서울대입구(관악구청),을지로3가,11,1
20250528,서울대입구(관악구청),을지로3가,12,4
20250528,서울대입구(관악구청),을지로3가,13,2
20250528,서울대입구(관악구청),을지로3가,14,4
20250528,서울대입구(관악구청),을지로3가,15,2
20250528,서울대입구(관악구청),을지로3가,16,4
20250528,서울대입구(관악구청),을지로3가,17,3
20250528,서울대입구(관악구청),을지로3가,18,4
20250528,서울대입구(관악구청),을지로3가,19,1
20250528,서울대입구(관악구청),을지로3가,22,1
20250528,서울대입구(관악구청),을지로3가,23,1
20250528,서울대입구(관악구청),을지로4가,5,1
20250528,서울대입구(관악구청),을지로4가,6,6
20250528,서울대입구(관악구청),을지로4가,7,23
20250528,서울대입구(관악구청),을지로4가,8,12
20250528,서울대입구(관악구청),을지로4가,9,5
20250528,서울대입구(관악구청),을지로4가,10,6
20250528,서울대입구(관악구청),을지로4가,11,1
20250528,서울대입구(관악구청),을지로4가,12,1
20250528,서울대입구(관악구청),을지로4가,13,2
20250528,서울대입구(관악구청),을지로4가,14,4
20250528,서울대입구(관악구청),을지로4가,15,1
20250528,서울대입구(관악구청),을지로4가,16,1
20250528,서울대입구(관악구청),을지로4가,17,1
20250528,서울대입구(관악구청),을지로4가,18,2
20250528,서울대입구(관악구청),을지로입구,0,1
20250528,서울대입구(관악구청),을지로입구,4,1
20250528,서울대입구(관악구청),을지로입구,5,5
20250528,서울대입구(관악구청),을지로입구,6,19
20250528,서울대입구(관악구청),을지로입구,7,93
20250528,서울대입구(관악구청),을지로입구,8,92
20250528,서울대입구(관악구청),을지로입구,9,21
20250528,서울대입구(관악구청),을지로입구,10,14
20250528,서울대입구(관악구청),을지로입구,11,8
20250528,서울대입구(관악구청),을지로입구,12,5
20250528,서울대입구(관악구청),을지로입구,13,7
20250528,서울대입구(관악구청),을지로입구,14,4
20250528,서울대입구(관악구청),을지로입구,15,10
20250528,서울대입구(관악구청),을지로입구,16,1
20250528,서울대입구(관악구청),을지로입구,17,5
20250528,서울대입구(관악구청),을지로입구,18,7
20250528,서울대입구(관악구청),을지로입구,19,1
20250528,서울대입구(관악구청),을지로입구,20,1
20250528,서울대입구(관악구청),을지로입구,21,2
20250528,서울대입구(관악구청),을지로입구,22,1
20250528,서울대입구(관악구청),이대,0,2
20250528,서울대입구(관악구청),이대,5,1
20250528,서울대입구(관악구청),이대,6,5
20250528,서울대입구(관악구청),이대,7,13
20250528,서울대입구(관악구청),이대,8,26
20250528,서울대입구(관악구청),이대,9,16
20250528,서울대입구(관악구청),이대,10,18
20250528,서울대입구(관악구청),이대,11,15
20250528,서울대입구(관악구청),이대,12,11
20250528,서울대입구(관악구청),이대,13,13
20250528,서울대입구(관악구청),이대,14,9
20250528,서울대입구(관악구청),이대,15,9
20250528,서울대입구(관악구청),이대,16,7
20250528,서울대입구(관악구청),이대,17,16
20250528,서울대입구(관악구청),이대,18,18
20250528,서울대입구(관악구청),이대,19,8
20250528,서울대입구(관악구청),이대,20,6
20250528,서울대입구(관악구청),이대,21,12
20250528,서울대입구(관악구청),이대,22,11
20250528,서울대입구(관악구청),이대,23,5
20250528,서울대입구(관악구청),잠실(송파구청),0,9
20250528,서울대입구(관악구청),잠실(송파구청),4,5
20250528,서울대입구(관악구청),잠실(송파구청),5,18
20250528,서울대입구(관악구청),잠실(송파구청),6,56
20250528,서울대입구(관악구청),잠실(송파구청),7,167
20250528,서울대입구(관악구청),잠실(송파구청),8,180
20250528,서울대입구(관악구청),잠실(송파구청),9,100
20250528,서울대입구(관악구청),잠실(송파구청),10,60
20250528,서울대입구(관악구청),잠실(송파구청),11,43
20250528,서울대입구(관악구청),잠실(송파구청),12,56
20250528,서울대입구(관악구청),잠실(송파구청),13,37
20250528,서울대입구(관악구청),잠실(송파구청),14,42
20250528,서울대입구(관악구청),잠실(송파구청),15,67
20250528,서울대입구(관악구청),잠실(송파구청),16,66
20250528,서울대입구(관악구청),잠실(송파구청),17,97
20250528,서울대입구(관악구청),잠실(송파구청),18,94
20250528,서울대입구(관악구청),잠실(송파구청),19,47
20250528,서울대입구(관악구청),잠실(송파구청),20,53
20250528,서울대입구(관악구청),잠실(송파구청),21,59
20250528,서울대입구(관악구청),잠실(송파구청),22,44
20250528,서울대입구(관악구청),잠실(송파구청),23,27
20250528,서울대입구(관악구청),잠실나루,0,2
20250528,서울대입구(관악구청),잠실나루,4,3
20250528,서울대입구(관악구청),잠실나루,5,18
20250528,서울대입구(관악구청),잠실나루,6,9
20250528,서울대입구(관악구청),잠실나루,7,26
20250528,서울대입구(관악구청),잠실나루,8,9
20250528,서울대입구(관악구청),잠실나루,9,8
20250528,서울대입구(관악구청),잠실나루,10,3
20250528,서울대입구(관악구청),잠실나루,11,4
20250528,서울대입구(관악구청),잠실나루,12,5
20250528,서울대입구(관악구청),잠실나루,13,7
20250528,서울대입구(관악구청),잠실나루,14,6
20250528,서울대입구(관악구청),잠실나루,15,6
20250528,서울대입구(관악구청),잠실나루,16,5
20250528,서울대입구(관악구청),잠실나루,17,14
20250528,서울대입구(관악구청),잠실나루,18,10
20250528,서울대입구(관악구청),잠실나루,19,8
20250528,서울대입구(관악구청),잠실나루,20,6
20250528,서울대입구(관악구청),잠실나루,21,10
20250528,서울대입구(관악구청),잠실나루,22,5
20250528,서울대입구(관악구청),잠실나루,23,7
20250528,서울대입구(관악구청),잠실새내,0,5
20250528,서울대입구(관악구청),잠실새내,4,1
20250528,서울대입구(관악구청),잠실새내,5,2
20250528,서울대입구(관악구청),잠실새내,6,12
20250528,서울대입구(관악구청),잠실새내,7,17
20250528,서울대입구(관악구청),잠실새내,8,17
20250528,서울대입구(관악구청),잠실새내,9,13
20250528,서울대입구(관악구청),잠실새내,10,15
20250528,서울대입구(관악구청),잠실새내,11,16
20250528,서울대입구(관악구청),잠실새내,12,17
20250528,서울대입구(관악구청),잠실새내,13,19
20250528,서울대입구(관악구청),잠실새내,14,16
20250528,서울대입구(관악구청),잠실새내,15,20
20250528,서울대입구(관악구청),잠실새내,16,27
20250528,서울대입구(관악구청),잠실새내,17,41
20250528,서울대입구(관악구청),잠실새내,18,45
20250528,서울대입구(관악구청),잠실새내,19,22
20250528,서울대입구(관악구청),잠실새내,20,18
20250528,서울대입구(관악구청),잠실새내,21,24
20250528,서울대입구(관악구청),잠실새내,22,16
20250528,서울대입구(관악구청),잠실새내,23,9
20250528,서울대입구(관악구청),종합운동장,0,2
20250528,서울대입구(관악구청),종합운동장,4,5
20250528,서울대입구(관악구청),종합운동장,5,12
20250528,서울대입구(관악구청),종합운동장,6,8
20250528,서울대입구(관악구청),종합운동장,7,32
20250528,서울대입구(관악구청),종합운동장,8,16
20250528,서울대입구(관악구청),종합운동장,9,18
20250528,서울대입구(관악구청),종합운동장,10,6
20250528,서울대입구(관악구청),종합운동장,11,6
20250528,서울대입구(관악구청),종합운동장,12,8
20250528,서울대입구(관악구청),종합운동장,13,3
20250528,서울대입구(관악구청),종합운동장,14,4
20250528,서울대입구(관악구청),종합운동장,15,15
20250528,서울대입구(관악구청),종합운동장,16,30
20250528,서울대입구(관악구청),종합운동장,17,80
20250528,서울대입구(관악구청),종합운동장,18,33
20250528,서울대입구(관악구청),종합운동장,19,14
20250528,서울대입구(관악구청),종합운동장,20,8
20250528,서울대입구(관악구청),종합운동장,21,12
20250528,서울대입구(관악구청),종합운동장,22,9
20250528,서울대입구(관악구청),종합운동장,23,6
20250528,서울대입구(관악구청),충정로(경기대입구),0,1
20250528,서울대입구(관악구청),충정로(경기대입구),5,4
20250528,서울대입구(관악구청),충정로(경기대입구),6,2
20250528,서울대입구(관악구청),충정로(경기대입구),7,20
20250528,서울대입구(관악구청),충정로(경기대입구),8,15
20250528,서울대입구(관악구청),충정로(경기대입구),9,4
20250528,서울대입구(관악구청),충정로(경기대입구),10,1
20250528,서울대입구(관악구청),충정로(경기대입구),11,2
20250528,서울대입구(관악구청),충정로(경기대입구),12,3
20250528,서울대입구(관악구청),충정로(경기대입구),13,2
20250528,서울대입구(관악구청),충정로(경기대입구),14,3
20250528,서울대입구(관악구청),충정로(경기대입구),15,2
20250528,서울대입구(관악구청),충정로(경기대입구),16,1
20250528,서울대입구(관악구청),충정로(경기대입구),17,4
20250528,서울대입구(관악구청),충정로(경기대입구),18,2
20250528,서울대입구(관악구청),충정로(경기대입구),19,1
20250528,서울대입구(관악구청),충정로(경기대입구),20,3
20250528,서울대입구(관악구청),충정로(경기대입구),22,4
20250528,서울대입구(관악구청),충정로(경기대입구),23,1
20250528,서울대입구(관악구청),한양대,5,2
20250528,서울대입구(관악구청),한양대,6,3
20250528,서울대입구(관악구청),한양대,7,10
20250528,서울대입구(관악구청),한양대,8,15
20250528,서울대입구(관악구청),한양대,9,16
20250528,서울대입구(관악구청),한양대,10,2
20250528,서울대입구(관악구청),한양대,11,9
20250528,서울대입구(관악구청),한양대,12,9
20250528,서울대입구(관악구청),한양대,13,5
20250528,서울대입구(관악구청),한양대,14,3
20250528,서울대입구(관악구청),한양대,15,3
20250528,서울대입구(관악구청),한양대,16,2
20250528,서울대입구(관악구청),한양대,17,6
20250528,서울대입구(관악구청),한양대,18,2
20250528,서울대입구(관악구청),한양대,19,1
20250528,서울대입구(관악구청),한양대,20,2
20250528,서울대입구(관악구청),한양대,21,3
20250528,서울대입구(관악구청),한양대,22,1
20250528,서울대입구(관악구청),합정,0,9
20250528,서울대입구(관악구청),합정,4,1
20250528,서울대입구(관악구청),합정,5,4
20250528,서울대입구(관악구청),합정,6,11
20250528,서울대입구(관악구청),합정,7,49
20250528,서울대입구(관악구청),합정,8,91
20250528,서울대입구(관악구청),합정,9,45
20250528,서울대입구(관악구청),합정,10,28
20250528,서울대입구(관악구청),합정,11,19
20250528,서울대입구(관악구청),합정,12,27
20250528,서울대입구(관악구청),합정,13,34
20250528,서울대입구(관악구청),합정,14,28
20250528,서울대입구(관악구청),합정,15,49
20250528,서울대입구(관악구청),합정,16,38
20250528,서울대입구(관악구청),합정,17,67
20250528,서울대입구(관악구청),합정,18,72
20250528,서울대입구(관악구청),합정,19,37
20250528,서울대입구(관악구청),합정,20,18
20250528,서울대입구(관악구청),합정,21,13
20250528,서울대입구(관악구청),합정,22,16
20250528,서울대입구(관악구청),합정,23,9
20250528,서울대입구(관악구청),홍대입구,0,9
20250528,서울대입구(관악구청),홍대입구,5,3
20250528,서울대입구(관악구청),홍대입구,6,13
20250528,서울대입구(관악구청),홍대입구,7,52
20250528,서울대입구(관악구청),홍대입구,8,82
20250528,서울대입구(관악구청),홍대입구,9,74
20250528,서울대입구(관악구청),홍대입구,10,34
20250528,서울대입구(관악구청),홍대입구,11,49
20250528,서울대입구(관악구청),홍대입구,12,45
20250528,서울대입구(관악구청),홍대입구,13,46
20250528,서울대입구(관악구청),홍대입구,14,44
20250528,서울대입구(관악구청),홍대입구,15,45
20250528,서울대입구(관악구청),홍대입구,16,55
20250528,서울대입구(관악구청),홍대입구,17,71
20250528,서울대입구(관악구청),홍대입구,18,71
20250528,서울대입구(관악구청),홍대입구,19,33
20250528,서울대입구(관악구청),홍대입구,20,28
20250528,서울대입구(관악구청),홍대입구,21,22
20250528,서울대입구(관악구청),홍대입구,22,21
20250528,서울대입구(관악구청),홍대입구,23,26
20250528,서초,강남,0,1
20250528,서초,강남,5,2
20250528,서초,강남,6,19
20250528,서초,강남,7,54
20250528,서초,강남,8,89
20250528,서초,강남,9,103
20250528,서초,강남,10,67
20250528,서초,강남,11,74
20250528,서초,강남,12,75
20250528,서초,강남,13,81
20250528,서초,강남,14,69
20250528,서초,강남,15,102
20250528,서초,강남,16,91
20250528,서초,강남,17,133
20250528,서초,강남,18,228
20250528,서초,강남,19,75
20250528,서초,강남,20,53
20250528,서초,강남,21,42
20250528,서초,강남,22,22
20250528,서초,강남,23,8
20250528,서초,강변(동서울터미널),0,3
20250528,서초,강변(동서울터미널),6,4
20250528,서초,강변(동서울터미널),7,4
20250528,서초,강변(동서울터미널),8,7
20250528,서초,강변(동서울터미널),9,10
20250528,서초,강변(동서울터미널),10,4
20250528,서초,강변(동서울터미널),11,5
20250528,서초,강변(동서울터미널),12,6
20250528,서초,강변(동서울터미널),13,9
20250528,서초,강변(동서울터미널),14,7
20250528,서초,강변(동서울터미널),15,15
20250528,서초,강변(동서울터미널),16,17
20250528,서초,강변(동서울터미널),17,31
20250528,서초,강변(동서울터미널),18,46
20250528,서초,강변(동서울터미널),19,27
20250528,서초,강변(동서울터미널),20,11
20250528,서초,강변(동서울터미널),21,15
20250528,서초,강변(동서울터미널),22,2
20250528,서초,강변(동서울터미널),23,5
20250528,서초,건대입구,0,3
20250528,서초,건대입구,6,3
20250528,서초,건대입구,7,8
20250528,서초,건대입구,8,6
20250528,서초,건대입구,9,4
20250528,서초,건대입구,10,8
20250528,서초,건대입구,11,8
20250528,서초,건대입구,12,14
20250528,서초,건대입구,13,8
20250528,서초,건대입구,14,7
20250528,서초,건대입구,15,9
20250528,서초,건대입구,16,20
20250528,서초,건대입구,17,31
20250528,서초,건대입구,18,46
20250528,서초,건대입구,19,18
20250528,서초,건대입구,20,12
20250528,서초,건대입구,21,19
20250528,서초,건대입구,22,8
20250528,서초,건대입구,23,1
20250528,서초,교대(법원.검찰청),0,1
20250528,서초,교대(법원.검찰청),5,1
20250528,서초,교대(법원.검찰청),6,4
20250528,서초,교대(법원.검찰청),7,4
20250528,서초,교대(법원.검찰청),8,14
20250528,서초,교대(법원.검찰청),9,23
20250528,서초,교대(법원.검찰청),10,17
20250528,서초,교대(법원.검찰청),11,23
20250528,서초,교대(법원.검찰청),12,32
20250528,서초,교대(법원.검찰청),13,21
20250528,서초,교대(법원.검찰청),14,44
20250528,서초,교대(법원.검찰청),15,68
20250528,서초,교대(법원.검찰청),16,35
20250528,서초,교대(법원.검찰청),17,27
20250528,서초,교대(법원.검찰청),18,33
20250528,서초,교대(법원.검찰청),19,19
20250528,서초,교대(법원.검찰청),20,13
20250528,서초,교대(법원.검찰청),21,10
20250528,서초,교대(법원.검찰청),22,9
20250528,서초,교대(법원.검찰청),23,5
20250528,서초,구로디지털단지,5,2
20250528,서초,구로디지털단지,6,6
20250528,서초,구로디지털단지,7,21
20250528,서초,구로디지털단지,8,35
20250528,서초,구로디지털단지,9,18
20250528,서초,구로디지털단지,10,12
20250528,서초,구로디지털단지,11,16
20250528,서초,구로디지털단지,12,11
20250528,서초,구로디지털단지,13,11
20250528,서초,구로디지털단지,14,24
20250528,서초,구로디지털단지,15,45
20250528,서초,구로디지털단지,16,38
20250528,서초,구로디지털단지,17,81
20250528,서초,구로디지털단지,18,111
20250528,서초,구로디지털단지,19,48
20250528,서초,구로디지털단지,20,32
20250528,서초,구로디지털단지,21,50
20250528,서초,구로디지털단지,22,22
20250528,서초,구로디지털단지,23,6
20250528,서초,구의(광진구청),0,3
20250528,서초,구의(광진구청),5,2
20250528,서초,구의(광진구청),6,2
20250528,서초,구의(광진구청),7,7
20250528,서초,구의(광진구청),8,5
20250528,서초,구의(광진구청),9,3
20250528,서초,구의(광진구청),10,3
20250528,서초,구의(광진구청),11,2
20250528,서초,구의(광진구청),12,6
20250528,서초,구의(광진구청),13,6
20250528,서초,구의(광진구청),14,10
20250528,서초,구의(광진구청),15,17
20250528,서초,구의(광진구청),16,23
20250528,서초,구의(광진구청),17,29
20250528,서초,구의(광진구청),18,44
20250528,서초,구의(광진구청),19,16
20250528,서초,구의(광진구청),20,17
20250528,서초,구의(광진구청),21,15
20250528,서초,구의(광진구청),22,10
20250528,서초,구의(광진구청),23,5
20250528,서초,낙성대,0,4
20250528,서초,낙성대,5,2
20250528,서초,낙성대,6,5
20250528,서초,낙성대,7,13
20250528,서초,낙성대,8,22
20250528,서초,낙성대,9,20
20250528,서초,낙성대,10,20
20250528,서초,낙성대,11,15
20250528,서초,낙성대,12,16
20250528,서초,낙성대,13,20
20250528,서초,낙성대,14,26
20250528,서초,낙성대,15,39
20250528,서초,낙성대,16,40
20250528,서초,낙성대,17,74
20250528,서초,낙성대,18,88
20250528,서초,낙성대,19,57
20250528,서초,낙성대,20,50
20250528,서초,낙성대,21,52
20250528,서초,낙성대,22,22
20250528,서초,낙성대,23,17
20250528,서초,당산,6,2
20250528,서초,당산,7,3
20250528,서초,당산,8,1
20250528,서초,당산,9,1
20250528,서초,당산,10,1
20250528,서초,당산,12,2
20250528,서초,당산,13,10
20250528,서초,당산,14,7
20250528,서초,당산,15,4
20250528,서초,당산,16,15
20250528,서초,당산,17,17
20250528,서초,당산,18,21
20250528,서초,당산,19,13
20250528,서초,당산,20,6
20250528,서초,당산,21,10
20250528,서초,당산,22,2
20250528,서초,당산,23,4
20250528,서초,대림(구로구청),0,1
20250528,서초,대림(구로구청),6,3
20250528,서초,대림(구로구청),7,2
20250528,서초,대림(구로구청),8,6
20250528,서초,대림(구로구청),9,8
20250528,서초,대림(구로구청),10,3
20250528,서초,대림(구로구청),11,2
20250528,서초,대림(구로구청),12,7
20250528,서초,대림(구로구청),13,18
20250528,서초,대림(구로구청),14,21
20250528,서초,대림(구로구청),15,15
20250528,서초,대림(구로구청),16,21
20250528,서초,대림(구로구청),17,21
20250528,서초,대림(구로구청),18,40
20250528,서초,대림(구로구청),19,6
20250528,서초,대림(구로구청),20,24
20250528,서초,대림(구로구청),21,37
20250528,서초,대림(구로구청),22,15
20250528,서초,대림(구로구청),23,7
20250528,서초,동대문역사문화공원,6,1
20250528,서초,동대문역사문화공원,13,1
20250528,서초,동대문역사문화공원,14,3
20250528,서초,동대문역사문화공원,15,2
20250528,서초,동대문역사문화공원,17,1
20250528,서초,동대문역사문화공원,18,5
20250528,서초,동대문역사문화공원,20,1
20250528,서초,동대문역사문화공원,21,2
20250528,서초,뚝섬,5,2
20250528,서초,뚝섬,6,3
20250528,서초,뚝섬,7,12
20250528,서초,뚝섬,8,11
20250528,서초,뚝섬,9,4
20250528,서초,뚝섬,10,1
20250528,서초,뚝섬,11,1
20250528,서초,뚝섬,12,6
20250528,서초,뚝섬,13,2
20250528,서초,뚝섬,14,5
20250528,서초,뚝섬,15,5
20250528,서초,뚝섬,16,5
20250528,서초,뚝섬,17,7
20250528,서초,뚝섬,18,9
20250528,서초,뚝섬,19,5
20250528,서초,뚝섬,20,2
20250528,서초,뚝섬,21,2
20250528,서초,뚝섬,22,2
20250528,서초,뚝섬,23,1
20250528,서초,문래,7,9
20250528,서초,문래,8,10
20250528,서초,문래,9,6
20250528,서초,문래,10,1
20250528,서초,문래,11,5
20250528,서초,문래,12,4
20250528,서초,문래,13,5
20250528,서초,문래,14,4
20250528,서초,문래,15,14
20250528,서초,문래,16,9
20250528,서초,문래,17,19
20250528,서초,문래,18,60
20250528,서초,문래,19,14
20250528,서초,문래,20,8
20250528,서초,문래,21,7
20250528,서초,문래,22,10
20250528,서초,방배,0,4
20250528,서초,방배,5,2
20250528,서초,방배,6,7
20250528,서초,방배,7,9
20250528,서초,방배,8,34
20250528,서초,방배,9,29
20250528,서초,방배,10,29
20250528,서초,방배,11,26
20250528,서초,방배,12,33
20250528,서초,방배,13,28
20250528,서초,방배,14,40
20250528,서초,방배,15,34
20250528,서초,방배,16,24
20250528,서초,방배,17,28
20250528,서초,방배,18,14
20250528,서초,방배,19,25
20250528,서초,방배,20,13
20250528,서초,방배,21,20
20250528,서초,방배,22,10
20250528,서초,방배,23,3
20250528,서초,봉천,0,2
20250528,서초,봉천,6,2
20250528,서초,봉천,7,8
20250528,서초,봉천,8,10
20250528,서초,봉천,9,7
20250528,서초,봉천,10,10
20250528,서초,봉천,11,11
20250528,서초,봉천,12,15
20250528,서초,봉천,13,8
20250528,서초,봉천,14,31
20250528,서초,봉천,15,36
20250528,서초,봉천,16,49
20250528,서초,봉천,17,71
20250528,서초,봉천,18,76
20250528,서초,봉천,19,41
20250528,서초,봉천,20,33
20250528,서초,봉천,21,36
20250528,서초,봉천,22,25
20250528,서초,봉천,23,13
20250528,서초,사당,0,2
20250528,서초,사당,5,3
20250528,서초,사당,6,7
20250528,서초,사당,7,22
20250528,서초,사당,8,26
20250528,서초,사당,9,23
20250528,서초,사당,10,19
20250528,서초,사당,11,38
20250528,서초,사당,12,33
20250528,서초,사당,13,50
20250528,서초,사당,14,35
20250528,서초,사당,15,83
20250528,서초,사당,16,88
20250528,서초,사당,17,168
20250528,서초,사당,18,165
20250528,서초,사당,19,70
20250528,서초,사당,20,62
20250528,서초,사당,21,59
20250528,서초,사당,22,33
20250528,서초,사당,23,14
20250528,서초,삼성(무역센터),5,1
20250528,서초,삼성(무역센터),6,35
20250528,서초,삼성(무역센터),7,105
20250528,서초,삼성(무역센터),8,166
20250528,서초,삼성(무역센터),9,122
20250528,서초,삼성(무역센터),10,50
20250528,서초,삼성(무역센터),11,42
20250528,서초,삼성(무역센터),12,48
20250528,서초,삼성(무역센터),13,46
20250528,서초,삼성(무역센터),14,45
20250528,서초,삼성(무역센터),15,48
20250528,서초,삼성(무역센터),16,44
20250528,서초,삼성(무역센터),17,48
20250528,서초,삼성(무역센터),18,71
20250528,서초,삼성(무역센터),19,26
20250528,서초,삼성(무역센터),20,12
20250528,서초,삼성(무역센터),21,8
20250528,서초,삼성(무역센터),22,2
20250528,서초,삼성(무역센터),23,2
20250528,서초,상왕십리,8,1
20250528,서초,상왕십리,9,1
20250528,서초,상왕십리,10,3
20250528,서초,상왕십리,11,1
20250528,서초,상왕십리,12,2
20250528,서초,상왕십리,13,2
20250528,서초,상왕십리,14,2
20250528,서초,상왕십리,15,5
20250528,서초,상왕십리,16,3
20250528,서초,상왕십리,17,5
20250528,서초,상왕십리,18,5
20250528,서초,상왕십리,19,3
20250528,서초,상왕십리,20,1
20250528,서초,상왕십리,22,2
20250528,서초,서울대입구(관악구청),0,8
20250528,서초,서울대입구(관악구청),5,3
20250528,서초,서울대입구(관악구청),6,8
20250528,서초,서울대입구(관악구청),7,24
20250528,서초,서울대입구(관악구청),8,43
20250528,서초,서울대입구(관악구청),9,20
20250528,서초,서울대입구(관악구청),10,32
20250528,서초,서울대입구(관악구청),11,31
20250528,서초,서울대입구(관악구청),12,35
20250528,서초,서울대입구(관악구청),13,43
20250528,서초,서울대입구(관악구청),14,36
20250528,서초,서울대입구(관악구청),15,67
20250528,서초,서울대입구(관악구청),16,85
20250528,서초,서울대입구(관악구청),17,116
20250528,서초,서울대입구(관악구청),18,166
20250528,서초,서울대입구(관악구청),19,78
20250528,서초,서울대입구(관악구청),20,67
20250528,서초,서울대입구(관악구청),21,55
20250528,서초,서울대입구(관악구청),22,48
20250528,서초,서울대입구(관악구청),23,21
20250528,서초,서초,0,2
20250528,서초,서초,4,1
20250528,서초,서초,6,2
20250528,서초,서초,7,1
20250528,서초,서초,8,11
20250528,서초,서초,9,12
20250528,서초,서초,10,7
20250528,서초,서초,11,8
20250528,서초,서초,12,7
20250528,서초,서초,13,9
20250528,서초,서초,14,14
20250528,서초,서초,15,15
20250528,서초,서초,16,15
20250528,서초,서초,17,21
20250528,서초,서초,18,21
20250528,서초,서초,19,5
20250528,서초,서초,20,4
20250528,서초,서초,21,9
20250528,서초,서초,22,8
20250528,서초,서초,23,5
20250528,서초,선릉,0,2
20250528,서초,선릉,5,1
20250528,서초,선릉,6,37
20250528,서초,선릉,7,82
20250528,서초,선릉,8,146
20250528,서초,선릉,9,108
20250528,서초,선릉,10,51
20250528,서초,선릉,11,40
20250528,서초,선릉,12,46
20250528,서초,선릉,13,40
20250528,서초,선릉,14,61
20250528,서초,선릉,15,65
20250528,서초,선릉,16,46
20250528,서초,선릉,17,51
20250528,서초,선릉,18,67
20250528,서초,선릉,19,27
20250528,서초,선릉,20,20
20250528,서초,선릉,21,18
20250528,서초,선릉,22,10
20250528,서초,선릉,23,7
20250528,서초,성수,5,3
20250528,서초,성수,6,6
20250528,서초,성수,7,26
20250528,서초,성수,8,18
20250528,서초,성수,9,17
20250528,서초,성수,10,8
20250528,서초,성수,11,11
20250528,서초,성수,12,11
20250528,서초,성수,13,13
20250528,서초,성수,14,7
20250528,서초,성수,15,15
20250528,서초,성수,16,12
20250528,서초,성수,17,14
20250528,서초,성수,18,20
20250528,서초,성수,19,3
20250528,서초,성수,20,3
20250528,서초,성수,21,4
20250528,서초,시청,6,1
20250528,서초,시청,7,2
20250528,서초,시청,8,2
20250528,서초,시청,9,2
20250528,서초,시청,10,3
20250528,서초,시청,12,2
20250528,서초,시청,13,3
20250528,서초,시청,14,2
20250528,서초,시청,15,2
20250528,서초,시청,16,2
20250528,서초,시청,17,1
20250528,서초,시청,18,4
20250528,서초,시청,19,1
20250528,서초,신당,7,1
20250528,서초,신당,10,1
20250528,서초,신당,12,1
20250528,서초,신당,13,4
20250528,서초,신당,14,3
20250528,서초,신당,16,1
20250528,서초,신당,17,6
20250528,서초,신당,18,2
20250528,서초,신당,19,2
20250528,서초,신당,20,3
20250528,서초,신당,23,1
20250528,서초,신대방,0,1
20250528,서초,신대방,6,1
20250528,서초,신대방,7,9
20250528,서초,신대방,8,6
20250528,서초,신대방,9,5
20250528,서초,신대방,10,9
20250528,서초,신대방,11,16
20250528,서초,신대방,12,7
20250528,서초,신대방,13,11
20250528,서초,신대방,14,23
20250528,서초,신대방,15,33
20250528,서초,신대방,16,37
20250528,서초,신대방,17,53
20250528,서초,신대방,18,57
20250528,서초,신대방,19,23
20250528,서초,신대방,20,26
20250528,서초,신대방,21,34
20250528,서초,신대방,22,7
20250528,서초,신대방,23,7
20250528,서초,신도림,0,2
20250528,서초,신도림,6,6
20250528,서초,신도림,7,2
20250528,서초,신도림,8,8
20250528,서초,신도림,9,4
20250528,서초,신도림,10,10
20250528,서초,신도림,11,9
20250528,서초,신도림,12,10
20250528,서초,신도림,13,13
20250528,서초,신도림,14,22
20250528,서초,신도림,15,37
20250528,서초,신도림,16,30
20250528,서초,신도림,17,59
20250528,서초,신도림,18,82
20250528,서초,신도림,19,37
20250528,서초,신도림,20,22
20250528,서초,신도림,21,37
20250528,서초,신도림,22,13
20250528,서초,신도림,23,13
20250528,서초,신림,0,8
20250528,서초,신림,4,1
20250528,서초,신림,5,1
20250528,서초,신림,6,13
20250528,서초,신림,7,17
20250528,서초,신림,8,11
20250528,서초,신림,9,14
20250528,서초,신림,10,13
20250528,서초,신림,11,13
20250528,서초,신림,12,20
20250528,서초,신림,13,22
20250528,서초,신림,14,49
20250528,서초,신림,15,74
20250528,서초,신림,16,66
20250528,서초,신림,17,157
20250528,서초,신림,18,178
20250528,서초,신림,19,96
20250528,서초,신림,20,66
20250528,서초,신림,21,71
20250528,서초,신림,22,55
20250528,서초,신림,23,25
20250528,서초,신촌,5,1
20250528,서초,신촌,6,2
20250528,서초,신촌,7,4
20250528,서초,신촌,8,2
20250528,서초,신촌,9,7
20250528,서초,신촌,10,12
20250528,서초,신촌,11,3
20250528,서초,신촌,12,10
20250528,서초,신촌,13,7
20250528,서초,신촌,14,7
20250528,서초,신촌,15,2
20250528,서초,신촌,16,6
20250528,서초,신촌,17,14
20250528,서초,신촌,18,17
20250528,서초,신촌,19,5
20250528,서초,신촌,21,4
20250528,서초,신촌,22,7
20250528,서초,신촌,23,3
20250528,서초,아현,12,1
20250528,서초,아현,14,4
20250528,서초,아현,15,1
20250528,서초,아현,16,1
20250528,서초,아현,17,3
20250528,서초,아현,18,3
20250528,서초,아현,19,2
20250528,서초,아현,20,2
20250528,서초,아현,21,1
20250528,서초,역삼,0,4
20250528,서초,역삼,6,22
20250528,서초,역삼,7,73
20250528,서초,역삼,8,142
20250528,서초,역삼,9,126
20250528,서초,역삼,10,49
20250528,서초,역삼,11,43
20250528,서초,역삼,12,35
20250528,서초,역삼,13,52
20250528,서초,역삼,14,35
20250528,서초,역삼,15,31
20250528,서초,역삼,16,31
20250528,서초,역삼,17,41
20250528,서초,역삼,18,60
20250528,서초,역삼,19,21
20250528,서초,역삼,20,20
20250528,서초,역삼,21,18
20250528,서초,역삼,22,7
20250528,서초,역삼,23,2
20250528,서초,영등포구청,6,5
20250528,서초,영등포구청,7,5
20250528,서초,영등포구청,8,8
20250528,서초,영등포구청,9,4
20250528,서초,영등포구청,10,4
20250528,서초,영등포구청,11,3
20250528,서초,영등포구청,12,8
20250528,서초,영등포구청,13,7
20250528,서초,영등포구청,14,6
20250528,서초,영등포구청,15,7
20250528,서초,영등포구청,16,10
20250528,서초,영등포구청,17,12
20250528,서초,영등포구청,18,29
20250528,서초,영등포구청,19,9
20250528,서초,영등포구청,20,6
20250528,서초,영등포구청,21,2
20250528,서초,영등포구청,22,4
20250528,서초,왕십리(성동구청),7,2
20250528,서초,왕십리(성동구청),8,1
20250528,서초,왕십리(성동구청),10,2
20250528,서초,왕십리(성동구청),12,1
20250528,서초,왕십리(성동구청),14,5
20250528,서초,왕십리(성동구청),15,1
20250528,서초,왕십리(성동구청),16,3
20250528,서초,왕십리(성동구청),17,4
20250528,서초,왕십리(성동구청),18,3
20250528,서초,왕십리(성동구청),19,2
20250528,서초,왕십리(성동구청),20,1
20250528,서초,왕십리(성동구청),21,3
20250528,서초,왕십리(성동구청),22,1
20250528,서초,왕십리(성동구청),23,1
20250528,서초,용두(동대문구청),9,1
20250528,서초,용두(동대문구청),10,2
20250528,서초,용두(동대문구청),11,1
20250528,서초,용두(동대문구청),12,1
20250528,서초,용두(동대문구청),14,1
20250528,서초,용두(동대문구청),15,1
20250528,서초,용두(동대문구청),16,2
20250528,서초,용두(동대문구청),17,3
20250528,서초,용두(동대문구청),18,2
20250528,서초,용두(동대문구청),19,3
20250528,서초,을지로3가,6,1
20250528,서초,을지로3가,7,1
20250528,서초,을지로3가,8,1
20250528,서초,을지로3가,10,1
20250528,서초,을지로3가,11,1
20250528,서초,을지로3가,12,1
20250528,서초,을지로3가,13,1
20250528,서초,을지로3가,14,1
20250528,서초,을지로3가,17,1
20250528,서초,을지로3가,18,1
20250528,서초,을지로4가,10,1
20250528,서초,을지로4가,12,3
20250528,서초,을지로4가,14,1
20250528,서초,을지로4가,15,1
20250528,서초,을지로4가,16,1
20250528,서초,을지로4가,17,1
20250528,서초,을지로입구,6,2
20250528,서초,을지로입구,7,8
20250528,서초,을지로입구,9,2
20250528,서초,을지로입구,11,1
20250528,서초,을지로입구,12,3
20250528,서초,을지로입구,14,4
20250528,서초,을지로입구,15,1
20250528,서초,을지로입구,16,3
20250528,서초,을지로입구,17,3
20250528,서초,이대,7,3
20250528,서초,이대,8,5
20250528,서초,이대,9,5
20250528,서초,이대,10,3
20250528,서초,이대,11,5
20250528,서초,이대,12,3
20250528,서초,이대,13,3
20250528,서초,이대,14,3
20250528,서초,이대,15,3
20250528,서초,이대,16,3
20250528,서초,이대,17,8
20250528,서초,이대,18,5
20250528,서초,이대,19,5
20250528,서초,이대,20,1
20250528,서초,이대,21,2
20250528,서초,이대,22,4
20250528,서초,잠실(송파구청),0,2
20250528,서초,잠실(송파구청),5,2
20250528,서초,잠실(송파구청),6,35
20250528,서초,잠실(송파구청),7,58
20250528,서초,잠실(송파구청),8,94
20250528,서초,잠실(송파구청),9,61
20250528,서초,잠실(송파구청),10,32
20250528,서초,잠실(송파구청),11,42
20250528,서초,잠실(송파구청),12,43
20250528,서초,잠실(송파구청),13,50
20250528,서초,잠실(송파구청),14,53
20250528,서초,잠실(송파구청),15,81
20250528,서초,잠실(송파구청),16,72
20250528,서초,잠실(송파구청),17,156
20250528,서초,잠실(송파구청),18,187
20250528,서초,잠실(송파구청),19,73
20250528,서초,잠실(송파구청),20,60
20250528,서초,잠실(송파구청),21,39
20250528,서초,잠실(송파구청),22,35
20250528,서초,잠실(송파구청),23,14
20250528,서초,잠실나루,5,3
20250528,서초,잠실나루,6,6
20250528,서초,잠실나루,7,6
20250528,서초,잠실나루,8,2
20250528,서초,잠실나루,9,4
20250528,서초,잠실나루,10,3
20250528,서초,잠실나루,11,2
20250528,서초,잠실나루,12,9
20250528,서초,잠실나루,13,6
20250528,서초,잠실나루,14,7
20250528,서초,잠실나루,15,15
20250528,서초,잠실나루,16,6
20250528,서초,잠실나루,17,21
20250528,서초,잠실나루,18,23
20250528,서초,잠실나루,19,14
20250528,서초,잠실나루,20,6
20250528,서초,잠실나루,21,8
20250528,서초,잠실나루,22,2
20250528,서초,잠실나루,23,1
20250528,서초,잠실새내,6,2
20250528,서초,잠실새내,7,9
20250528,서초,잠실새내,8,4
20250528,서초,잠실새내,9,8
20250528,서초,잠실새내,10,15
20250528,서초,잠실새내,11,9
20250528,서초,잠실새내,12,8
20250528,서초,잠실새내,13,18
20250528,서초,잠실새내,14,17
20250528,서초,잠실새내,15,17
20250528,서초,잠실새내,16,29
20250528,서초,잠실새내,17,38
20250528,서초,잠실새내,18,57
20250528,서초,잠실새내,19,27
20250528,서초,잠실새내,20,21
20250528,서초,잠실새내,21,19
20250528,서초,잠실새내,22,12
20250528,서초,잠실새내,23,2
20250528,서초,종합운동장,5,1
20250528,서초,종합운동장,6,3
20250528,서초,종합운동장,7,7
20250528,서초,종합운동장,8,6
20250528,서초,종합운동장,9,5
20250528,서초,종합운동장,10,1
20250528,서초,종합운동장,11,2
20250528,서초,종합운동장,12,4
20250528,서초,종합운동장,13,7
20250528,서초,종합운동장,14,5
20250528,서초,종합운동장,15,13
20250528,서초,종합운동장,16,27
20250528,서초,종합운동장,17,102
20250528,서초,종합운동장,18,86
20250528,서초,종합운동장,19,14
20250528,서초,종합운동장,20,8
20250528,서초,종합운동장,21,11
20250528,서초,종합운동장,22,5
20250528,서초,종합운동장,23,3
20250528,서초,충정로(경기대입구),6,1
20250528,서초,충정로(경기대입구),8,1
20250528,서초,충정로(경기대입구),11,1
20250528,서초,충정로(경기대입구),12,6
20250528,서초,충정로(경기대입구),14,1
20250528,서초,충정로(경기대입구),15,1
20250528,서초,충정로(경기대입구),16,1
20250528,서초,충정로(경기대입구),17,1
20250528,서초,충정로(경기대입구),18,1
20250528,서초,충정로(경기대입구),21,1
20250528,서초,한양대,6,3
20250528,서초,한양대,7,4
20250528,서초,한양대,8,6
20250528,서초,한양대,9,8
20250528,서초,한양대,10,4
20250528,서초,한양대,11,3
20250528,서초,한양대,12,11
20250528,서초,한양대,13,3
20250528,서초,한양대,14,2
20250528,서초,한양대,15,4
20250528,서초,한양대,16,4
20250528,서초,한양대,17,3
20250528,서초,한양대,18,5
20250528,서초,한양대,20,2
20250528,서초,한양대,22,1
20250528,서초,합정,0,1
20250528,서초,합정,6,2
20250528,서초,합정,7,3
20250528,서초,합정,8,6
20250528,서초,합정,9,5
20250528,서초,합정,10,2
20250528,서초,합정,11,1
20250528,서초,합정,12,6
20250528,서초,합정,13,8
20250528,서초,합정,14,11
20250528,서초,합정,15,9
20250528,서초,합정,16,14
20250528,서초,합정,17,27
20250528,서초,합정,18,22
20250528,서초,합정,19,12
20250528,서초,합정,20,3
20250528,서초,합정,21,9
20250528,서초,합정,22,4
20250528,서초,합정,23,4
20250528,서초,홍대입구,0,3
20250528,서초,홍대입구,6,1
20250528,서초,홍대입구,7,3
20250528,서초,홍대입구,8,5
20250528,서초,홍대입구,9,8
20250528,서초,홍대입구,10,10
20250528,서초,홍대입구,11,3
20250528,서초,홍대입구,12,5
20250528,서초,홍대입구,13,7
20250528,서초,홍대입구,14,5
20250528,서초,홍대입구,15,14
20250528,서초,홍대입구,16,11
20250528,서초,홍대입구,17,30
20250528,서초,홍대입구,18,27
20250528,서초,홍대입구,19,16
20250528,서초,홍대입구,20,6
20250528,서초,홍대입구,21,12
20250528,서초,홍대입구,22,1
20250528,서초,홍대입구,23,1
20250528,선릉,강남,0,7
20250528,선릉,강남,5,3
20250528,선릉,강남,6,42
20250528,선릉,강남,7,83
20250528,선릉,강남,8,139
20250528,선릉,강남,9,170
20250528,선릉,강남,10,132
20250528,선릉,강남,11,157
20250528,선릉,강남,12,141
20250528,선릉,강남,13,199
20250528,선릉,강남,14,167
20250528,선릉,강남,15,257
20250528,선릉,강남,16,310
20250528,선릉,강남,17,446
20250528,선릉,강남,18,605
20250528,선릉,강남,19,338
20250528,선릉,강남,20,197
20250528,선릉,강남,21,145
20250528,선릉,강남,22,122
20250528,선릉,강남,23,64
20250528,선릉,강변(동서울터미널),0,2
20250528,선릉,강변(동서울터미널),5,3
20250528,선릉,강변(동서울터미널),6,12
20250528,선릉,강변(동서울터미널),7,7
20250528,선릉,강변(동서울터미널),8,13
20250528,선릉,강변(동서울터미널),9,13
20250528,선릉,강변(동서울터미널),10,16
20250528,선릉,강변(동서울터미널),11,22
20250528,선릉,강변(동서울터미널),12,21
20250528,선릉,강변(동서울터미널),13,33
20250528,선릉,강변(동서울터미널),14,33
20250528,선릉,강변(동서울터미널),15,55
20250528,선릉,강변(동서울터미널),16,69
20250528,선릉,강변(동서울터미널),17,109
20250528,선릉,강변(동서울터미널),18,192
20250528,선릉,강변(동서울터미널),19,76
20250528,선릉,강변(동서울터미널),20,54
20250528,선릉,강변(동서울터미널),21,58
20250528,선릉,강변(동서울터미널),22,49
20250528,선릉,강변(동서울터미널),23,14
20250528,선릉,건대입구,0,6
20250528,선릉,건대입구,6,3
20250528,선릉,건대입구,7,4
20250528,선릉,건대입구,8,19
20250528,선릉,건대입구,9,11
20250528,선릉,건대입구,10,15
20250528,선릉,건대입구,11,8
20250528,선릉,건대입구,12,15
20250528,선릉,건대입구,13,29
20250528,선릉,건대입구,14,38
20250528,선릉,건대입구,15,35
20250528,선릉,건대입구,16,47
20250528,선릉,건대입구,17,102
20250528,선릉,건대입구,18,143
20250528,선릉,건대입구,19,80
20250528,선릉,건대입구,20,45
20250528,선릉,건대입구,21,62
20250528,선릉,건대입구,22,50
20250528,선릉,건대입구,23,14
20250528,선릉,교대(법원.검찰청),0,3
20250528,선릉,교대(법원.검찰청),5,4
20250528,선릉,교대(법원.검찰청),6,10
20250528,선릉,교대(법원.검찰청),7,32
20250528,선릉,교대(법원.검찰청),8,67
20250528,선릉,교대(법원.검찰청),9,55
20250528,선릉,교대(법원.검찰청),10,63
20250528,선릉,교대(법원.검찰청),11,69
20250528,선릉,교대(법원.검찰청),12,65
20250528,선릉,교대(법원.검찰청),13,84
20250528,선릉,교대(법원.검찰청),14,71
20250528,선릉,교대(법원.검찰청),15,105
20250528,선릉,교대(법원.검찰청),16,101
20250528,선릉,교대(법원.검찰청),17,117
20250528,선릉,교대(법원.검찰청),18,184
20250528,선릉,교대(법원.검찰청),19,66
20250528,선릉,교대(법원.검찰청),20,49
20250528,선릉,교대(법원.검찰청),21,45
20250528,선릉,교대(법원.검찰청),22,37
20250528,선릉,교대(법원.검찰청),23,9
20250528,선릉,구로디지털단지,0,5
20250528,선릉,구로디지털단지,5,2
20250528,선릉,구로디지털단지,6,15
20250528,선릉,구로디지털단지,7,26
20250528,선릉,구로디지털단지,8,50
20250528,선릉,구로디지털단지,9,23
20250528,선릉,구로디지털단지,10,30
20250528,선릉,구로디지털단지,11,31
20250528,선릉,구로디지털단지,12,53
20250528,선릉,구로디지털단지,13,50
20250528,선릉,구로디지털단지,14,53
20250528,선릉,구로디지털단지,15,98
20250528,선릉,구로디지털단지,16,103
20250528,선릉,구로디지털단지,17,171
20250528,선릉,구로디지털단지,18,301
20250528,선릉,구로디지털단지,19,152
20250528,선릉,구로디지털단지,20,93
20250528,선릉,구로디지털단지,21,112
20250528,선릉,구로디지털단지,22,101
20250528,선릉,구로디지털단지,23,29
20250528,선릉,구의(광진구청),0,11
20250528,선릉,구의(광진구청),5,1
20250528,선릉,구의(광진구청),6,7
20250528,선릉,구의(광진구청),7,11
20250528,선릉,구의(광진구청),8,14
20250528,선릉,구의(광진구청),9,15
20250528,선릉,구의(광진구청),10,16
20250528,선릉,구의(광진구청),11,18
20250528,선릉,구의(광진구청),12,25
20250528,선릉,구의(광진구청),13,26
20250528,선릉,구의(광진구청),14,39
20250528,선릉,구의(광진구청),15,52
20250528,선릉,구의(광진구청),16,66
20250528,선릉,구의(광진구청),17,117
20250528,선릉,구의(광진구청),18,191
20250528,선릉,구의(광진구청),19,92
20250528,선릉,구의(광진구청),20,74
20250528,선릉,구의(광진구청),21,69
20250528,선릉,구의(광진구청),22,59
20250528,선릉,구의(광진구청),23,32
20250528,선릉,낙성대,0,11
20250528,선릉,낙성대,5,2
20250528,선릉,낙성대,6,13
20250528,선릉,낙성대,7,15
20250528,선릉,낙성대,8,21
20250528,선릉,낙성대,9,14
20250528,선릉,낙성대,10,18
20250528,선릉,낙성대,11,17
20250528,선릉,낙성대,12,22
20250528,선릉,낙성대,13,26
20250528,선릉,낙성대,14,51
20250528,선릉,낙성대,15,43
20250528,선릉,낙성대,16,71
20250528,선릉,낙성대,17,123
20250528,선릉,낙성대,18,251
20250528,선릉,낙성대,19,118
20250528,선릉,낙성대,20,106
20250528,선릉,낙성대,21,89
20250528,선릉,낙성대,22,79
20250528,선릉,낙성대,23,35
20250528,선릉,당산,5,1
20250528,선릉,당산,6,2
20250528,선릉,당산,7,2
20250528,선릉,당산,8,3
20250528,선릉,당산,9,2
20250528,선릉,당산,10,4
20250528,선릉,당산,11,4
20250528,선릉,당산,12,2
20250528,선릉,당산,13,2
20250528,선릉,당산,14,12
20250528,선릉,당산,15,7
20250528,선릉,당산,16,19
20250528,선릉,당산,17,23
20250528,선릉,당산,18,28
20250528,선릉,당산,19,18
20250528,선릉,당산,20,18
20250528,선릉,당산,21,13
20250528,선릉,당산,22,11
20250528,선릉,당산,23,5
20250528,선릉,대림(구로구청),0,2
20250528,선릉,대림(구로구청),5,2
20250528,선릉,대림(구로구청),6,2
20250528,선릉,대림(구로구청),7,7
20250528,선릉,대림(구로구청),8,18
20250528,선릉,대림(구로구청),9,8
20250528,선릉,대림(구로구청),10,10
20250528,선릉,대림(구로구청),11,11
20250528,선릉,대림(구로구청),12,15
20250528,선릉,대림(구로구청),13,21
20250528,선릉,대림(구로구청),14,41
20250528,선릉,대림(구로구청),15,48
20250528,선릉,대림(구로구청),16,37
20250528,선릉,대림(구로구청),17,58
20250528,선릉,대림(구로구청),18,74
20250528,선릉,대림(구로구청),19,54
20250528,선릉,대림(구로구청),20,55
20250528,선릉,대림(구로구청),21,72
20250528,선릉,대림(구로구청),22,58
20250528,선릉,대림(구로구청),23,13
20250528,선릉,동대문역사문화공원,6,1
20250528,선릉,동대문역사문화공원,7,5
20250528,선릉,동대문역사문화공원,8,4
20250528,선릉,동대문역사문화공원,9,4
20250528,선릉,동대문역사문화공원,10,2
20250528,선릉,동대문역사문화공원,11,4
20250528,선릉,동대문역사문화공원,12,9
20250528,선릉,동대문역사문화공원,13,6
20250528,선릉,동대문역사문화공원,14,2
20250528,선릉,동대문역사문화공원,15,14
20250528,선릉,동대문역사문화공원,16,6
20250528,선릉,동대문역사문화공원,17,21
20250528,선릉,동대문역사문화공원,18,10
20250528,선릉,동대문역사문화공원,19,6
20250528,선릉,동대문역사문화공원,20,3
20250528,선릉,동대문역사문화공원,21,4
20250528,선릉,동대문역사문화공원,22,3
20250528,선릉,동대문역사문화공원,23,2
20250528,선릉,뚝섬,0,1
20250528,선릉,뚝섬,6,1
20250528,선릉,뚝섬,7,4
20250528,선릉,뚝섬,8,10
20250528,선릉,뚝섬,9,6
20250528,선릉,뚝섬,10,7
20250528,선릉,뚝섬,11,5
20250528,선릉,뚝섬,12,6
20250528,선릉,뚝섬,13,13
20250528,선릉,뚝섬,14,7
20250528,선릉,뚝섬,15,16
20250528,선릉,뚝섬,16,10
20250528,선릉,뚝섬,17,17
20250528,선릉,뚝섬,18,16
20250528,선릉,뚝섬,19,10
20250528,선릉,뚝섬,20,1
20250528,선릉,뚝섬,21,7
20250528,선릉,뚝섬,22,4
20250528,선릉,뚝섬,23,3
20250528,선릉,문래,6,1
20250528,선릉,문래,7,11
20250528,선릉,문래,8,8
20250528,선릉,문래,9,8
20250528,선릉,문래,10,2
20250528,선릉,문래,11,3
20250528,선릉,문래,12,9
20250528,선릉,문래,13,11
20250528,선릉,문래,14,12
20250528,선릉,문래,15,7
20250528,선릉,문래,16,15
20250528,선릉,문래,17,53
20250528,선릉,문래,18,63
20250528,선릉,문래,19,26
20250528,선릉,문래,20,12
20250528,선릉,문래,21,13
20250528,선릉,문래,22,9
20250528,선릉,문래,23,5
20250528,선릉,방배,0,4
20250528,선릉,방배,5,2
20250528,선릉,방배,6,2
20250528,선릉,방배,7,14
20250528,선릉,방배,8,26
20250528,선릉,방배,9,17
20250528,선릉,방배,10,16
20250528,선릉,방배,11,20
20250528,선릉,방배,12,28
20250528,선릉,방배,13,23
20250528,선릉,방배,14,25
20250528,선릉,방배,15,30
20250528,선릉,방배,16,50
20250528,선릉,방배,17,67
20250528,선릉,방배,18,73
20250528,선릉,방배,19,41
20250528,선릉,방배,20,31
20250528,선릉,방배,21,40
20250528,선릉,방배,22,48
20250528,선릉,방배,23,11
20250528,선릉,봉천,0,12
20250528,선릉,봉천,4,1
20250528,선릉,봉천,5,2
20250528,선릉,봉천,6,7
20250528,선릉,봉천,7,7
20250528,선릉,봉천,8,5
20250528,선릉,봉천,9,10
20250528,선릉,봉천,10,11
20250528,선릉,봉천,11,14
20250528,선릉,봉천,12,15
20250528,선릉,봉천,13,25
20250528,선릉,봉천,14,31
20250528,선릉,봉천,15,80
20250528,선릉,봉천,16,83
20250528,선릉,봉천,17,147
20250528,선릉,봉천,18,196
20250528,선릉,봉천,19,113
20250528,선릉,봉천,20,83
20250528,선릉,봉천,21,65
20250528,선릉,봉천,22,62
20250528,선릉,봉천,23,23
20250528,선릉,사당,0,11
20250528,선릉,사당,5,15
20250528,선릉,사당,6,16
20250528,선릉,사당,7,36
20250528,선릉,사당,8,34
20250528,선릉,사당,9,25
20250528,선릉,사당,10,36
20250528,선릉,사당,11,58
20250528,선릉,사당,12,63
20250528,선릉,사당,13,78
20250528,선릉,사당,14,79
20250528,선릉,사당,15,142
20250528,선릉,사당,16,193
20250528,선릉,사당,17,358
20250528,선릉,사당,18,511
20250528,선릉,사당,19,231
20250528,선릉,사당,20,159
20250528,선릉,사당,21,181
20250528,선릉,사당,22,137
20250528,선릉,사당,23,49
20250528,선릉,삼성(무역센터),0,3
20250528,선릉,삼성(무역센터),5,2
20250528,선릉,삼성(무역센터),6,10
20250528,선릉,삼성(무역센터),7,26
20250528,선릉,삼성(무역센터),8,108
20250528,선릉,삼성(무역센터),9,83
20250528,선릉,삼성(무역센터),10,82
20250528,선릉,삼성(무역센터),11,106
20250528,선릉,삼성(무역센터),12,90
20250528,선릉,삼성(무역센터),13,115
20250528,선릉,삼성(무역센터),14,77
20250528,선릉,삼성(무역센터),15,76
20250528,선릉,삼성(무역센터),16,73
20250528,선릉,삼성(무역센터),17,93
20250528,선릉,삼성(무역센터),18,122
20250528,선릉,삼성(무역센터),19,51
20250528,선릉,삼성(무역센터),20,26
20250528,선릉,삼성(무역센터),21,24
20250528,선릉,삼성(무역센터),22,14
20250528,선릉,삼성(무역센터),23,6
20250528,선릉,상왕십리,0,1
20250528,선릉,상왕십리,5,1
20250528,선릉,상왕십리,9,3
20250528,선릉,상왕십리,11,3
20250528,선릉,상왕십리,12,6
20250528,선릉,상왕십리,13,3
20250528,선릉,상왕십리,14,3
20250528,선릉,상왕십리,15,7
20250528,선릉,상왕십리,16,15
20250528,선릉,상왕십리,17,31
20250528,선릉,상왕십리,18,33
20250528,선릉,상왕십리,19,13
20250528,선릉,상왕십리,20,8
20250528,선릉,상왕십리,21,9
20250528,선릉,상왕십리,22,12
20250528,선릉,상왕십리,23,3
20250528,선릉,서울대입구(관악구청),0,22
20250528,선릉,서울대입구(관악구청),5,6
20250528,선릉,서울대입구(관악구청),6,12
20250528,선릉,서울대입구(관악구청),7,14
20250528,선릉,서울대입구(관악구청),8,60
20250528,선릉,서울대입구(관악구청),9,37
20250528,선릉,서울대입구(관악구청),10,34
20250528,선릉,서울대입구(관악구청),11,51
20250528,선릉,서울대입구(관악구청),12,68
20250528,선릉,서울대입구(관악구청),13,55
20250528,선릉,서울대입구(관악구청),14,64
20250528,선릉,서울대입구(관악구청),15,119
20250528,선릉,서울대입구(관악구청),16,133
20250528,선릉,서울대입구(관악구청),17,272
20250528,선릉,서울대입구(관악구청),18,435
20250528,선릉,서울대입구(관악구청),19,215
20250528,선릉,서울대입구(관악구청),20,163
20250528,선릉,서울대입구(관악구청),21,162
20250528,선릉,서울대입구(관악구청),22,135
20250528,선릉,서울대입구(관악구청),23,43
20250528,선릉,서초,0,3
20250528,선릉,서초,5,2
20250528,선릉,서초,6,11
20250528,선릉,서초,7,24
20250528,선릉,서초,8,47
20250528,선릉,서초,9,43
20250528,선릉,서초,10,39
20250528,선릉,서초,11,37
20250528,선릉,서초,12,31
20250528,선릉,서초,13,50
20250528,선릉,서초,14,50
20250528,선릉,서초,15,46
20250528,선릉,서초,16,45
20250528,선릉,서초,17,50
20250528,선릉,서초,18,99
20250528,선릉,서초,19,47
20250528,선릉,서초,20,28
20250528,선릉,서초,21,26
20250528,선릉,서초,22,17
20250528,선릉,서초,23,10
20250528,선릉,선릉,0,9
20250528,선릉,선릉,4,1
20250528,선릉,선릉,5,7
20250528,선릉,선릉,6,7
20250528,선릉,선릉,7,5
20250528,선릉,선릉,8,16
20250528,선릉,선릉,9,20
20250528,선릉,선릉,10,27
20250528,선릉,선릉,11,35
20250528,선릉,선릉,12,38
20250528,선릉,선릉,13,43
20250528,선릉,선릉,14,53
20250528,선릉,선릉,15,53
20250528,선릉,선릉,16,75
20250528,선릉,선릉,17,55
20250528,선릉,선릉,18,67
20250528,선릉,선릉,19,39
20250528,선릉,선릉,20,44
20250528,선릉,선릉,21,39
20250528,선릉,선릉,22,32
20250528,선릉,선릉,23,15
20250528,선릉,성수,6,5
20250528,선릉,성수,7,10
20250528,선릉,성수,8,39
20250528,선릉,성수,9,28
20250528,선릉,성수,10,19
20250528,선릉,성수,11,32
20250528,선릉,성수,12,29
20250528,선릉,성수,13,38
20250528,선릉,성수,14,31
20250528,선릉,성수,15,26
20250528,선릉,성수,16,28
20250528,선릉,성수,17,43
20250528,선릉,성수,18,51
20250528,선릉,성수,19,32
20250528,선릉,성수,20,13
20250528,선릉,성수,21,10
20250528,선릉,성수,22,8
20250528,선릉,성수,23,3
20250528,선릉,시청,6,5
20250528,선릉,시청,7,14
20250528,선릉,시청,8,9
20250528,선릉,시청,9,2
20250528,선릉,시청,10,8
20250528,선릉,시청,11,9
20250528,선릉,시청,12,6
20250528,선릉,시청,13,15
20250528,선릉,시청,14,7
20250528,선릉,시청,15,7
20250528,선릉,시청,16,9
20250528,선릉,시청,17,11
20250528,선릉,시청,18,14
20250528,선릉,시청,19,4
20250528,선릉,시청,20,8
20250528,선릉,신당,8,1
20250528,선릉,신당,10,5
20250528,선릉,신당,11,2
20250528,선릉,신당,12,1
20250528,선릉,신당,13,8
20250528,선릉,신당,14,4
20250528,선릉,신당,15,7
20250528,선릉,신당,16,10
20250528,선릉,신당,17,26
20250528,선릉,신당,18,39
20250528,선릉,신당,19,15
20250528,선릉,신당,20,11
20250528,선릉,신당,21,7
20250528,선릉,신당,22,10
20250528,선릉,신당,23,8
20250528,선릉,신대방,0,8
20250528,선릉,신대방,5,3
20250528,선릉,신대방,6,3
20250528,선릉,신대방,7,11
20250528,선릉,신대방,8,10
20250528,선릉,신대방,9,7
20250528,선릉,신대방,10,9
20250528,선릉,신대방,11,12
20250528,선릉,신대방,12,9
20250528,선릉,신대방,13,18
20250528,선릉,신대방,14,31
20250528,선릉,신대방,15,44
20250528,선릉,신대방,16,60
20250528,선릉,신대방,17,80
20250528,선릉,신대방,18,165
20250528,선릉,신대방,19,91
20250528,선릉,신대방,20,47
20250528,선릉,신대방,21,100
20250528,선릉,신대방,22,54
20250528,선릉,신대방,23,21
20250528,선릉,신도림,0,6
20250528,선릉,신도림,5,1
20250528,선릉,신도림,6,3
20250528,선릉,신도림,7,10
20250528,선릉,신도림,8,17
20250528,선릉,신도림,9,7
20250528,선릉,신도림,10,13
20250528,선릉,신도림,11,12
20250528,선릉,신도림,12,11
20250528,선릉,신도림,13,20
20250528,선릉,신도림,14,38
20250528,선릉,신도림,15,43
20250528,선릉,신도림,16,63
20250528,선릉,신도림,17,127
20250528,선릉,신도림,18,211
20250528,선릉,신도림,19,86
20250528,선릉,신도림,20,58
20250528,선릉,신도림,21,55
20250528,선릉,신도림,22,44
20250528,선릉,신도림,23,31
20250528,선릉,신림,0,14
20250528,선릉,신림,5,13
20250528,선릉,신림,6,7
20250528,선릉,신림,7,11
20250528,선릉,신림,8,15
20250528,선릉,신림,9,18
20250528,선릉,신림,10,19
20250528,선릉,신림,11,19
20250528,선릉,신림,12,44
20250528,선릉,신림,13,45
20250528,선릉,신림,14,79
20250528,선릉,신림,15,109
20250528,선릉,신림,16,151
20250528,선릉,신림,17,242
20250528,선릉,신림,18,416
20250528,선릉,신림,19,252
20250528,선릉,신림,20,160
20250528,선릉,신림,21,153
20250528,선릉,신림,22,148
20250528,선릉,신림,23,71
20250528,선릉,신촌,6,2
20250528,선릉,신촌,7,5
20250528,선릉,신촌,8,7
20250528,선릉,신촌,9,13
20250528,선릉,신촌,10,8
20250528,선릉,신촌,11,9
20250528,선릉,신촌,12,9
20250528,선릉,신촌,13,21
20250528,선릉,신촌,14,16
20250528,선릉,신촌,15,11
20250528,선릉,신촌,16,18
20250528,선릉,신촌,17,24
20250528,선릉,신촌,18,36
20250528,선릉,신촌,19,12
20250528,선릉,신촌,20,12
20250528,선릉,신촌,21,10
20250528,선릉,신촌,22,11
20250528,선릉,신촌,23,4
20250528,선릉,아현,0,1
20250528,선릉,아현,8,1
20250528,선릉,아현,9,1
20250528,선릉,아현,10,1
20250528,선릉,아현,11,1
20250528,선릉,아현,12,1
20250528,선릉,아현,13,2
20250528,선릉,아현,14,1
20250528,선릉,아현,15,3
20250528,선릉,아현,16,10
20250528,선릉,아현,17,7
20250528,선릉,아현,18,25
20250528,선릉,아현,19,5
20250528,선릉,아현,20,7
20250528,선릉,아현,21,9
20250528,선릉,아현,22,2
20250528,선릉,아현,23,2
20250528,선릉,역삼,0,3
20250528,선릉,역삼,5,5
20250528,선릉,역삼,6,13
20250528,선릉,역삼,7,45
20250528,선릉,역삼,8,76
20250528,선릉,역삼,9,94
20250528,선릉,역삼,10,79
20250528,선릉,역삼,11,107
20250528,선릉,역삼,12,127
20250528,선릉,역삼,13,172
20250528,선릉,역삼,14,129
20250528,선릉,역삼,15,150
20250528,선릉,역삼,16,139
20250528,선릉,역삼,17,134
20250528,선릉,역삼,18,136
20250528,선릉,역삼,19,61
20250528,선릉,역삼,20,52
20250528,선릉,역삼,21,29
20250528,선릉,역삼,22,28
20250528,선릉,역삼,23,19
20250528,선릉,영등포구청,5,1
20250528,선릉,영등포구청,6,2
20250528,선릉,영등포구청,7,14
20250528,선릉,영등포구청,8,9
20250528,선릉,영등포구청,9,3
20250528,선릉,영등포구청,10,8
20250528,선릉,영등포구청,11,7
20250528,선릉,영등포구청,12,17
20250528,선릉,영등포구청,13,15
20250528,선릉,영등포구청,14,8
20250528,선릉,영등포구청,15,10
20250528,선릉,영등포구청,16,10
20250528,선릉,영등포구청,17,26
20250528,선릉,영등포구청,18,58
20250528,선릉,영등포구청,19,24
20250528,선릉,영등포구청,20,13
20250528,선릉,영등포구청,21,17
20250528,선릉,영등포구청,22,14
20250528,선릉,영등포구청,23,3
20250528,선릉,왕십리(성동구청),0,1
20250528,선릉,왕십리(성동구청),5,1
20250528,선릉,왕십리(성동구청),6,1
20250528,선릉,왕십리(성동구청),7,1
20250528,선릉,왕십리(성동구청),8,1
20250528,선릉,왕십리(성동구청),9,1
20250528,선릉,왕십리(성동구청),10,5
20250528,선릉,왕십리(성동구청),12,2
20250528,선릉,왕십리(성동구청),13,2
20250528,선릉,왕십리(성동구청),14,1
20250528,선릉,왕십리(성동구청),15,6
20250528,선릉,왕십리(성동구청),16,8
20250528,선릉,왕십리(성동구청),17,7
20250528,선릉,왕십리(성동구청),18,23
20250528,선릉,왕십리(성동구청),19,10
20250528,선릉,왕십리(성동구청),20,3
20250528,선릉,왕십리(성동구청),21,7
20250528,선릉,왕십리(성동구청),22,7
20250528,선릉,왕십리(성동구청),23,2
20250528,선릉,용두(동대문구청),8,1
20250528,선릉,용두(동대문구청),11,3
20250528,선릉,용두(동대문구청),12,3
20250528,선릉,용두(동대문구청),13,1
20250528,선릉,용두(동대문구청),14,3
20250528,선릉,용두(동대문구청),15,3
20250528,선릉,용두(동대문구청),16,3
20250528,선릉,용두(동대문구청),17,10
20250528,선릉,용두(동대문구청),18,9
20250528,선릉,용두(동대문구청),19,5
20250528,선릉,용두(동대문구청),20,1
20250528,선릉,용두(동대문구청),21,3
20250528,선릉,용두(동대문구청),22,1
20250528,선릉,용두(동대문구청),23,4
20250528,선릉,을지로3가,0,1
20250528,선릉,을지로3가,6,2
20250528,선릉,을지로3가,7,12
20250528,선릉,을지로3가,8,7
20250528,선릉,을지로3가,9,4
20250528,선릉,을지로3가,10,4
20250528,선릉,을지로3가,11,3
20250528,선릉,을지로3가,12,7
20250528,선릉,을지로3가,13,10
20250528,선릉,을지로3가,14,1
20250528,선릉,을지로3가,15,10
20250528,선릉,을지로3가,16,10
20250528,선릉,을지로3가,17,19
20250528,선릉,을지로3가,18,12
20250528,선릉,을지로3가,19,1
20250528,선릉,을지로3가,20,4
20250528,선릉,을지로3가,21,2
20250528,선릉,을지로3가,22,2
20250528,선릉,을지로4가,5,1
20250528,선릉,을지로4가,7,4
20250528,선릉,을지로4가,8,10
20250528,선릉,을지로4가,9,3
20250528,선릉,을지로4가,10,8
20250528,선릉,을지로4가,11,7
20250528,선릉,을지로4가,12,18
20250528,선릉,을지로4가,13,11
20250528,선릉,을지로4가,14,9
20250528,선릉,을지로4가,15,4
20250528,선릉,을지로4가,16,5
20250528,선릉,을지로4가,17,11
20250528,선릉,을지로4가,18,6
20250528,선릉,을지로4가,19,3
20250528,선릉,을지로4가,20,3
20250528,선릉,을지로4가,21,1
20250528,선릉,을지로4가,22,1
20250528,선릉,을지로입구,6,3
20250528,선릉,을지로입구,7,29
20250528,선릉,을지로입구,8,20
20250528,선릉,을지로입구,9,10
20250528,선릉,을지로입구,10,15
20250528,선릉,을지로입구,11,10
20250528,선릉,을지로입구,12,17
20250528,선릉,을지로입구,13,18
20250528,선릉,을지로입구,14,12
20250528,선릉,을지로입구,15,6
20250528,선릉,을지로입구,16,13
20250528,선릉,을지로입구,17,19
20250528,선릉,을지로입구,18,20
20250528,선릉,을지로입구,19,7
20250528,선릉,을지로입구,21,2
20250528,선릉,을지로입구,22,1
20250528,선릉,이대,0,1
20250528,선릉,이대,7,5
20250528,선릉,이대,8,11
20250528,선릉,이대,9,4
20250528,선릉,이대,10,4
20250528,선릉,이대,11,8
20250528,선릉,이대,12,4
20250528,선릉,이대,13,3
20250528,선릉,이대,14,3
20250528,선릉,이대,15,4
20250528,선릉,이대,16,6
20250528,선릉,이대,17,13
20250528,선릉,이대,18,25
20250528,선릉,이대,19,7
20250528,선릉,이대,20,11
20250528,선릉,이대,21,4
20250528,선릉,이대,22,9
20250528,선릉,이대,23,1
20250528,선릉,잠실(송파구청),0,8
20250528,선릉,잠실(송파구청),5,8
20250528,선릉,잠실(송파구청),6,22
20250528,선릉,잠실(송파구청),7,46
20250528,선릉,잠실(송파구청),8,87
20250528,선릉,잠실(송파구청),9,60
20250528,선릉,잠실(송파구청),10,80
20250528,선릉,잠실(송파구청),11,95
20250528,선릉,잠실(송파구청),12,116
20250528,선릉,잠실(송파구청),13,146
20250528,선릉,잠실(송파구청),14,112
20250528,선릉,잠실(송파구청),15,201
20250528,선릉,잠실(송파구청),16,238
20250528,선릉,잠실(송파구청),17,476
20250528,선릉,잠실(송파구청),18,768
20250528,선릉,잠실(송파구청),19,337
20250528,선릉,잠실(송파구청),20,170
20250528,선릉,잠실(송파구청),21,155
20250528,선릉,잠실(송파구청),22,151
20250528,선릉,잠실(송파구청),23,48
20250528,선릉,잠실나루,0,2
20250528,선릉,잠실나루,5,1
20250528,선릉,잠실나루,6,7
20250528,선릉,잠실나루,7,17
20250528,선릉,잠실나루,8,10
20250528,선릉,잠실나루,9,12
20250528,선릉,잠실나루,10,7
20250528,선릉,잠실나루,11,17
20250528,선릉,잠실나루,12,11
20250528,선릉,잠실나루,13,13
20250528,선릉,잠실나루,14,12
20250528,선릉,잠실나루,15,22
20250528,선릉,잠실나루,16,39
20250528,선릉,잠실나루,17,44
20250528,선릉,잠실나루,18,77
20250528,선릉,잠실나루,19,35
20250528,선릉,잠실나루,20,21
20250528,선릉,잠실나루,21,26
20250528,선릉,잠실나루,22,23
20250528,선릉,잠실나루,23,10
20250528,선릉,잠실새내,0,1
20250528,선릉,잠실새내,5,1
20250528,선릉,잠실새내,6,6
20250528,선릉,잠실새내,7,8
20250528,선릉,잠실새내,8,7
20250528,선릉,잠실새내,9,15
20250528,선릉,잠실새내,10,12
20250528,선릉,잠실새내,11,33
20250528,선릉,잠실새내,12,42
20250528,선릉,잠실새내,13,27
20250528,선릉,잠실새내,14,62
20250528,선릉,잠실새내,15,61
20250528,선릉,잠실새내,16,70
20250528,선릉,잠실새내,17,150
20250528,선릉,잠실새내,18,175
20250528,선릉,잠실새내,19,81
20250528,선릉,잠실새내,20,42
20250528,선릉,잠실새내,21,77
20250528,선릉,잠실새내,22,59
20250528,선릉,잠실새내,23,10
20250528,선릉,종합운동장,0,2
20250528,선릉,종합운동장,5,1
20250528,선릉,종합운동장,6,8
20250528,선릉,종합운동장,7,9
20250528,선릉,종합운동장,8,6
20250528,선릉,종합운동장,9,9
20250528,선릉,종합운동장,10,6
20250528,선릉,종합운동장,11,8
20250528,선릉,종합운동장,12,8
20250528,선릉,종합운동장,13,19
20250528,선릉,종합운동장,14,14
20250528,선릉,종합운동장,15,20
20250528,선릉,종합운동장,16,43
20250528,선릉,종합운동장,17,179
20250528,선릉,종합운동장,18,190
20250528,선릉,종합운동장,19,46
20250528,선릉,종합운동장,20,33
20250528,선릉,종합운동장,21,20
20250528,선릉,종합운동장,22,23
20250528,선릉,종합운동장,23,11
20250528,선릉,충정로(경기대입구),6,1
20250528,선릉,충정로(경기대입구),7,5
20250528,선릉,충정로(경기대입구),8,1
20250528,선릉,충정로(경기대입구),12,4
20250528,선릉,충정로(경기대입구),13,2
20250528,선릉,충정로(경기대입구),14,3
20250528,선릉,충정로(경기대입구),15,1
20250528,선릉,충정로(경기대입구),16,6
20250528,선릉,충정로(경기대입구),17,5
20250528,선릉,충정로(경기대입구),18,13
20250528,선릉,충정로(경기대입구),19,5
20250528,선릉,충정로(경기대입구),20,1
20250528,선릉,충정로(경기대입구),21,1
20250528,선릉,충정로(경기대입구),22,3
20250528,선릉,한양대,7,3
20250528,선릉,한양대,8,8
20250528,선릉,한양대,9,7
20250528,선릉,한양대,10,4
20250528,선릉,한양대,11,5
20250528,선릉,한양대,12,5
20250528,선릉,한양대,13,3
20250528,선릉,한양대,14,2
20250528,선릉,한양대,15,3
20250528,선릉,한양대,16,5
20250528,선릉,한양대,17,8
20250528,선릉,한양대,18,8
20250528,선릉,한양대,20,1
20250528,선릉,한양대,22,1
20250528,선릉,한양대,23,1
20250528,선릉,합정,6,3
20250528,선릉,합정,7,2
20250528,선릉,합정,8,6
20250528,선릉,합정,9,6
20250528,선릉,합정,10,6
20250528,선릉,합정,11,6
20250528,선릉,합정,12,8
20250528,선릉,합정,13,13
20250528,선릉,합정,14,5
20250528,선릉,합정,15,13
20250528,선릉,합정,16,16
20250528,선릉,합정,17,36
20250528,선릉,합정,18,65
20250528,선릉,합정,19,30
20250528,선릉,합정,20,6
20250528,선릉,합정,21,15
20250528,선릉,합정,22,13
20250528,선릉,합정,23,2
20250528,선릉,홍대입구,0,2
20250528,선릉,홍대입구,6,5
20250528,선릉,홍대입구,7,4
20250528,선릉,홍대입구,8,19
20250528,선릉,홍대입구,9,10
20250528,선릉,홍대입구,10,17
20250528,선릉,홍대입구,11,8
20250528,선릉,홍대입구,12,15
20250528,선릉,홍대입구,13,16
20250528,선릉,홍대입구,14,19
20250528,선릉,홍대입구,15,19
20250528,선릉,홍대입구,16,26
20250528,선릉,홍대입구,17,62
20250528,선릉,홍대입구,18,71
20250528,선릉,홍대입구,19,44
20250528,선릉,홍대입구,20,18
20250528,선릉,홍대입구,21,21
20250528,선릉,홍대입구,22,10
20250528,선릉,홍대입구,23,10
20250528,성수,강남,0,5
20250528,성수,강남,5,11
20250528,성수,강남,6,7
20250528,성수,강남,7,34
20250528,성수,강남,8,47
20250528,성수,강남,9,34
20250528,성수,강남,10,18
20250528,성수,강남,11,20
20250528,성수,강남,12,30
20250528,성수,강남,13,42
20250528,성수,강남,14,50
20250528,성수,강남,15,49
20250528,성수,강남,16,106
20250528,성수,강남,17,105
20250528,성수,강남,18,180
20250528,성수,강남,19,83
20250528,성수,강남,20,71
20250528,성수,강남,21,61
20250528,성수,강남,22,32
20250528,성수,강남,23,9
20250528,성수,강변(동서울터미널),0,4
20250528,성수,강변(동서울터미널),5,3
20250528,성수,강변(동서울터미널),6,12
20250528,성수,강변(동서울터미널),7,11
20250528,성수,강변(동서울터미널),8,23
20250528,성수,강변(동서울터미널),9,12
20250528,성수,강변(동서울터미널),10,20
20250528,성수,강변(동서울터미널),11,17
20250528,성수,강변(동서울터미널),12,16
20250528,성수,강변(동서울터미널),13,33
20250528,성수,강변(동서울터미널),14,42
20250528,성수,강변(동서울터미널),15,51
20250528,성수,강변(동서울터미널),16,78
20250528,성수,강변(동서울터미널),17,150
20250528,성수,강변(동서울터미널),18,288
20250528,성수,강변(동서울터미널),19,119
20250528,성수,강변(동서울터미널),20,103
20250528,성수,강변(동서울터미널),21,76
20250528,성수,강변(동서울터미널),22,60
20250528,성수,강변(동서울터미널),23,15
20250528,성수,건대입구,0,9
20250528,성수,건대입구,4,2
20250528,성수,건대입구,5,2
20250528,성수,건대입구,6,12
20250528,성수,건대입구,7,12
20250528,성수,건대입구,8,28
20250528,성수,건대입구,9,20
20250528,성수,건대입구,10,34
20250528,성수,건대입구,11,41
20250528,성수,건대입구,12,61
20250528,성수,건대입구,13,49
20250528,성수,건대입구,14,81
20250528,성수,건대입구,15,74
20250528,성수,건대입구,16,83
20250528,성수,건대입구,17,142
20250528,성수,건대입구,18,284
20250528,성수,건대입구,19,152
20250528,성수,건대입구,20,108
20250528,성수,건대입구,21,99
20250528,성수,건대입구,22,81
20250528,성수,건대입구,23,19
20250528,성수,교대(법원.검찰청),5,1
20250528,성수,교대(법원.검찰청),6,1
20250528,성수,교대(법원.검찰청),7,15
20250528,성수,교대(법원.검찰청),8,14
20250528,성수,교대(법원.검찰청),9,10
20250528,성수,교대(법원.검찰청),10,9
20250528,성수,교대(법원.검찰청),11,10
20250528,성수,교대(법원.검찰청),12,7
20250528,성수,교대(법원.검찰청),13,8
20250528,성수,교대(법원.검찰청),14,12
20250528,성수,교대(법원.검찰청),15,10
20250528,성수,교대(법원.검찰청),16,12
20250528,성수,교대(법원.검찰청),17,17
20250528,성수,교대(법원.검찰청),18,23
20250528,성수,교대(법원.검찰청),19,18
20250528,성수,교대(법원.검찰청),20,21
20250528,성수,교대(법원.검찰청),21,6
20250528,성수,교대(법원.검찰청),22,4
20250528,성수,교대(법원.검찰청),23,3
20250528,성수,구로디지털단지,5,1
20250528,성수,구로디지털단지,6,3
20250528,성수,구로디지털단지,7,17
20250528,성수,구로디지털단지,8,5
20250528,성수,구로디지털단지,9,4
20250528,성수,구로디지털단지,10,4
20250528,성수,구로디지털단지,11,6
20250528,성수,구로디지털단지,12,5
20250528,성수,구로디지털단지,13,5
20250528,성수,구로디지털단지,14,5
20250528,성수,구로디지털단지,15,4
20250528,성수,구로디지털단지,16,30
20250528,성수,구로디지털단지,17,49
20250528,성수,구로디지털단지,18,102
20250528,성수,구로디지털단지,19,39
20250528,성수,구로디지털단지,20,37
20250528,성수,구로디지털단지,21,25
20250528,성수,구로디지털단지,22,18
20250528,성수,구로디지털단지,23,9
20250528,성수,구의(광진구청),0,12
20250528,성수,구의(광진구청),5,4
20250528,성수,구의(광진구청),6,8
20250528,성수,구의(광진구청),7,12
20250528,성수,구의(광진구청),8,22
20250528,성수,구의(광진구청),9,29
20250528,성수,구의(광진구청),10,30
20250528,성수,구의(광진구청),11,36
20250528,성수,구의(광진구청),12,24
20250528,성수,구의(광진구청),13,56
20250528,성수,구의(광진구청),14,60
20250528,성수,구의(광진구청),15,50
20250528,성수,구의(광진구청),16,79
20250528,성수,구의(광진구청),17,150
20250528,성수,구의(광진구청),18,280
20250528,성수,구의(광진구청),19,120
20250528,성수,구의(광진구청),20,101
20250528,성수,구의(광진구청),21,89
20250528,성수,구의(광진구청),22,67
20250528,성수,구의(광진구청),23,31
20250528,성수,낙성대,0,2
20250528,성수,낙성대,5,1
20250528,성수,낙성대,7,3
20250528,성수,낙성대,8,3
20250528,성수,낙성대,9,1
20250528,성수,낙성대,10,1
20250528,성수,낙성대,11,2
20250528,성수,낙성대,12,4
20250528,성수,낙성대,13,2
20250528,성수,낙성대,14,2
20250528,성수,낙성대,15,5
20250528,성수,낙성대,16,11
20250528,성수,낙성대,17,24
20250528,성수,낙성대,18,57
20250528,성수,낙성대,19,28
20250528,성수,낙성대,20,29
20250528,성수,낙성대,21,28
20250528,성수,낙성대,22,20
20250528,성수,낙성대,23,7
20250528,성수,당산,0,1
20250528,성수,당산,5,4
20250528,성수,당산,6,1
20250528,성수,당산,7,3
20250528,성수,당산,8,6
20250528,성수,당산,9,1
20250528,성수,당산,10,3
20250528,성수,당산,11,3
20250528,성수,당산,12,4
20250528,성수,당산,13,8
20250528,성수,당산,14,9
20250528,성수,당산,15,6
20250528,성수,당산,16,16
20250528,성수,당산,17,47
20250528,성수,당산,18,70
20250528,성수,당산,19,25
20250528,성수,당산,20,36
20250528,성수,당산,21,18
20250528,성수,당산,22,15
20250528,성수,당산,23,4
20250528,성수,대림(구로구청),6,1
20250528,성수,대림(구로구청),7,3
20250528,성수,대림(구로구청),8,2
20250528,성수,대림(구로구청),9,2
20250528,성수,대림(구로구청),10,2
20250528,성수,대림(구로구청),11,2
20250528,성수,대림(구로구청),12,1
20250528,성수,대림(구로구청),13,1
20250528,성수,대림(구로구청),14,2
20250528,성수,대림(구로구청),15,5
20250528,성수,대림(구로구청),16,16
20250528,성수,대림(구로구청),17,26
20250528,성수,대림(구로구청),18,22
20250528,성수,대림(구로구청),19,18
20250528,성수,대림(구로구청),20,8
20250528,성수,대림(구로구청),21,9
20250528,성수,대림(구로구청),23,1
20250528,성수,동대문역사문화공원,0,3
20250528,성수,동대문역사문화공원,4,1
20250528,성수,동대문역사문화공원,5,3
20250528,성수,동대문역사문화공원,6,4
20250528,성수,동대문역사문화공원,7,22
20250528,성수,동대문역사문화공원,8,25
20250528,성수,동대문역사문화공원,9,13
20250528,성수,동대문역사문화공원,10,20
20250528,성수,동대문역사문화공원,11,19
20250528,성수,동대문역사문화공원,12,21
20250528,성수,동대문역사문화공원,13,50
20250528,성수,동대문역사문화공원,14,64
20250528,성수,동대문역사문화공원,15,50
20250528,성수,동대문역사문화공원,16,56
20250528,성수,동대문역사문화공원,17,96
20250528,성수,동대문역사문화공원,18,96
20250528,성수,동대문역사문화공원,19,77
20250528,성수,동대문역사문화공원,20,61
20250528,성수,동대문역사문화공원,21,55
20250528,성수,동대문역사문화공원,22,28
20250528,성수,동대문역사문화공원,23,9
20250528,성수,뚝섬,0,2
20250528,성수,뚝섬,5,5
20250528,성수,뚝섬,6,6
20250528,성수,뚝섬,7,2
20250528,성수,뚝섬,8,11
20250528,성수,뚝섬,9,19
20250528,성수,뚝섬,10,24
20250528,성수,뚝섬,11,27
20250528,성수,뚝섬,12,26
20250528,성수,뚝섬,13,50
20250528,성수,뚝섬,14,36
20250528,성수,뚝섬,15,65
20250528,성수,뚝섬,16,46
20250528,성수,뚝섬,17,53
20250528,성수,뚝섬,18,60
20250528,성수,뚝섬,19,50
20250528,성수,뚝섬,20,25
20250528,성수,뚝섬,21,16
20250528,성수,뚝섬,22,12
20250528,성수,뚝섬,23,3
20250528,성수,문래,5,2
20250528,성수,문래,6,1
20250528,성수,문래,7,9
20250528,성수,문래,8,4
20250528,성수,문래,9,1
20250528,성수,문래,10,2
20250528,성수,문래,11,3
20250528,성수,문래,12,5
20250528,성수,문래,13,3
20250528,성수,문래,14,5
20250528,성수,문래,15,6
20250528,성수,문래,16,10
20250528,성수,문래,17,11
20250528,성수,문래,18,39
20250528,성수,문래,19,18
20250528,성수,문래,20,13
20250528,성수,문래,21,6
20250528,성수,문래,22,4
20250528,성수,문래,23,4
20250528,성수,방배,0,2
20250528,성수,방배,6,1
20250528,성수,방배,7,6
20250528,성수,방배,8,3
20250528,성수,방배,9,4
20250528,성수,방배,10,3
20250528,성수,방배,12,5
20250528,성수,방배,13,4
20250528,성수,방배,14,2
20250528,성수,방배,15,10
20250528,성수,방배,16,6
20250528,성수,방배,17,10
20250528,성수,방배,18,8
20250528,성수,방배,19,6
20250528,성수,방배,20,3
20250528,성수,방배,21,5
20250528,성수,방배,22,2
20250528,성수,봉천,6,1
20250528,성수,봉천,7,1
20250528,성수,봉천,8,3
20250528,성수,봉천,9,2
20250528,성수,봉천,11,2
20250528,성수,봉천,12,2
20250528,성수,봉천,13,2
20250528,성수,봉천,14,2
20250528,성수,봉천,15,6
20250528,성수,봉천,16,11
20250528,성수,봉천,17,20
20250528,성수,봉천,18,42
20250528,성수,봉천,19,16
20250528,성수,봉천,20,18
20250528,성수,봉천,21,13
20250528,성수,봉천,22,9
20250528,성수,봉천,23,9
20250528,성수,사당,0,1
20250528,성수,사당,5,1
20250528,성수,사당,6,3
20250528,성수,사당,7,8
20250528,성수,사당,8,7
20250528,성수,사당,9,3
20250528,성수,사당,10,4
20250528,성수,사당,11,7
20250528,성수,사당,12,7
20250528,성수,사당,13,9
20250528,성수,사당,14,15
20250528,성수,사당,15,28
20250528,성수,사당,16,39
20250528,성수,사당,17,68
20250528,성수,사당,18,117
20250528,성수,사당,19,86
20250528,성수,사당,20,56
20250528,성수,사당,21,52
20250528,성수,사당,22,27
20250528,성수,사당,23,14
20250528,성수,삼성(무역센터),0,3
20250528,성수,삼성(무역센터),5,3
20250528,성수,삼성(무역센터),6,7
20250528,성수,삼성(무역센터),7,17
20250528,성수,삼성(무역센터),8,32
20250528,성수,삼성(무역센터),9,42
20250528,성수,삼성(무역센터),10,16
20250528,성수,삼성(무역센터),11,23
20250528,성수,삼성(무역센터),12,30
20250528,성수,삼성(무역센터),13,54
20250528,성수,삼성(무역센터),14,35
20250528,성수,삼성(무역센터),15,47
20250528,성수,삼성(무역센터),16,41
20250528,성수,삼성(무역센터),17,60
20250528,성수,삼성(무역센터),18,56
20250528,성수,삼성(무역센터),19,35
20250528,성수,삼성(무역센터),20,8
20250528,성수,삼성(무역센터),21,9
20250528,성수,삼성(무역센터),22,11
20250528,성수,삼성(무역센터),23,2
20250528,성수,상왕십리,0,4
20250528,성수,상왕십리,5,3
20250528,성수,상왕십리,6,3
20250528,성수,상왕십리,7,4
20250528,성수,상왕십리,8,17
20250528,성수,상왕십리,9,8
20250528,성수,상왕십리,10,9
20250528,성수,상왕십리,11,8
20250528,성수,상왕십리,12,8
20250528,성수,상왕십리,13,14
20250528,성수,상왕십리,14,18
20250528,성수,상왕십리,15,28
20250528,성수,상왕십리,16,29
20250528,성수,상왕십리,17,67
20250528,성수,상왕십리,18,103
20250528,성수,상왕십리,19,51
20250528,성수,상왕십리,20,38
20250528,성수,상왕십리,21,32
20250528,성수,상왕십리,22,19
20250528,성수,상왕십리,23,8
20250528,성수,서울대입구(관악구청),0,2
20250528,성수,서울대입구(관악구청),5,1
20250528,성수,서울대입구(관악구청),7,2
20250528,성수,서울대입구(관악구청),8,11
20250528,성수,서울대입구(관악구청),9,2
20250528,성수,서울대입구(관악구청),10,2
20250528,성수,서울대입구(관악구청),11,3
20250528,성수,서울대입구(관악구청),12,5
20250528,성수,서울대입구(관악구청),13,6
20250528,성수,서울대입구(관악구청),14,9
20250528,성수,서울대입구(관악구청),15,8
20250528,성수,서울대입구(관악구청),16,21
20250528,성수,서울대입구(관악구청),17,47
20250528,성수,서울대입구(관악구청),18,78
20250528,성수,서울대입구(관악구청),19,65
20250528,성수,서울대입구(관악구청),20,43
20250528,성수,서울대입구(관악구청),21,32
20250528,성수,서울대입구(관악구청),22,26
20250528,성수,서울대입구(관악구청),23,8
20250528,성수,서초,6,2
20250528,성수,서초,7,12
20250528,성수,서초,8,7
20250528,성수,서초,9,6
20250528,성수,서초,10,3
20250528,성수,서초,11,1
20250528,성수,서초,12,3
20250528,성수,서초,13,6
20250528,성수,서초,14,10
20250528,성수,서초,15,5
20250528,성수,서초,16,8
20250528,성수,서초,17,13
20250528,성수,서초,18,20
20250528,성수,서초,19,11
20250528,성수,서초,20,3
20250528,성수,서초,21,3
20250528,성수,서초,22,2
20250528,성수,선릉,0,2
20250528,성수,선릉,5,6
20250528,성수,선릉,6,6
20250528,성수,선릉,7,17
20250528,성수,선릉,8,35
20250528,성수,선릉,9,22
20250528,성수,선릉,10,12
20250528,성수,선릉,11,12
20250528,성수,선릉,12,15
20250528,성수,선릉,13,10
20250528,성수,선릉,14,17
20250528,성수,선릉,15,22
20250528,성수,선릉,16,23
20250528,성수,선릉,17,30
20250528,성수,선릉,18,49
20250528,성수,선릉,19,20
20250528,성수,선릉,20,14
20250528,성수,선릉,21,14
20250528,성수,선릉,22,15
20250528,성수,선릉,23,2
20250528,성수,성수,0,9
20250528,성수,성수,4,2
20250528,성수,성수,6,4
20250528,성수,성수,7,1
20250528,성수,성수,8,7
20250528,성수,성수,9,7
20250528,성수,성수,10,17
20250528,성수,성수,11,15
20250528,성수,성수,12,16
20250528,성수,성수,13,20
20250528,성수,성수,14,21
20250528,성수,성수,15,23
20250528,성수,성수,16,18
20250528,성수,성수,17,33
20250528,성수,성수,18,33
20250528,성수,성수,19,22
20250528,성수,성수,20,21
20250528,성수,성수,21,27
20250528,성수,성수,22,8
20250528,성수,성수,23,19
20250528,성수,시청,0,1
20250528,성수,시청,5,3
20250528,성수,시청,6,6
20250528,성수,시청,7,26
20250528,성수,시청,8,42
20250528,성수,시청,9,13
20250528,성수,시청,10,17
20250528,성수,시청,11,13
20250528,성수,시청,12,16
20250528,성수,시청,13,15
20250528,성수,시청,14,19
20250528,성수,시청,15,26
20250528,성수,시청,16,20
20250528,성수,시청,17,42
20250528,성수,시청,18,30
20250528,성수,시청,19,23
20250528,성수,시청,20,20
20250528,성수,시청,21,23
20250528,성수,시청,22,13
20250528,성수,시청,23,7
20250528,성수,신당,0,2
20250528,성수,신당,5,1
20250528,성수,신당,6,3
20250528,성수,신당,7,1
20250528,성수,신당,8,13
20250528,성수,신당,9,11
20250528,성수,신당,10,5
20250528,성수,신당,11,9
20250528,성수,신당,12,13
20250528,성수,신당,13,13
20250528,성수,신당,14,22
20250528,성수,신당,15,21
20250528,성수,신당,16,24
20250528,성수,신당,17,43
20250528,성수,신당,18,97
20250528,성수,신당,19,30
20250528,성수,신당,20,36
20250528,성수,신당,21,25
20250528,성수,신당,22,33
20250528,성수,신당,23,5
20250528,성수,신대방,0,1
20250528,성수,신대방,5,1
20250528,성수,신대방,9,1
20250528,성수,신대방,10,2
20250528,성수,신대방,12,1
20250528,성수,신대방,13,3
20250528,성수,신대방,14,3
20250528,성수,신대방,15,6
20250528,성수,신대방,16,13
20250528,성수,신대방,17,10
20250528,성수,신대방,18,49
20250528,성수,신대방,19,16
20250528,성수,신대방,20,27
20250528,성수,신대방,21,13
20250528,성수,신대방,22,14
20250528,성수,신대방,23,5
20250528,성수,신도림,0,3
20250528,성수,신도림,7,7
20250528,성수,신도림,8,2
20250528,성수,신도림,9,3
20250528,성수,신도림,10,4
20250528,성수,신도림,11,5
20250528,성수,신도림,12,9
20250528,성수,신도림,13,4
20250528,성수,신도림,14,6
20250528,성수,신도림,15,13
20250528,성수,신도림,16,26
20250528,성수,신도림,17,41
20250528,성수,신도림,18,77
20250528,성수,신도림,19,34
20250528,성수,신도림,20,28
20250528,성수,신도림,21,25
20250528,성수,신도림,22,19
20250528,성수,신도림,23,9
20250528,성수,신림,0,2
20250528,성수,신림,6,1
20250528,성수,신림,7,1
20250528,성수,신림,8,1
20250528,성수,신림,9,5
20250528,성수,신림,11,5
20250528,성수,신림,12,5
20250528,성수,신림,13,8
20250528,성수,신림,14,15
20250528,성수,신림,15,18
20250528,성수,신림,16,35
20250528,성수,신림,17,66
20250528,성수,신림,18,126
20250528,성수,신림,19,71
20250528,성수,신림,20,55
20250528,성수,신림,21,44
20250528,성수,신림,22,25
20250528,성수,신림,23,10
20250528,성수,신촌,0,3
20250528,성수,신촌,6,2
20250528,성수,신촌,7,9
20250528,성수,신촌,8,8
20250528,성수,신촌,9,12
20250528,성수,신촌,10,14
20250528,성수,신촌,11,11
20250528,성수,신촌,12,20
20250528,성수,신촌,13,16
20250528,성수,신촌,14,24
20250528,성수,신촌,15,35
20250528,성수,신촌,16,30
20250528,성수,신촌,17,69
20250528,성수,신촌,18,91
20250528,성수,신촌,19,52
20250528,성수,신촌,20,40
20250528,성수,신촌,21,59
20250528,성수,신촌,22,44
20250528,성수,신촌,23,11
20250528,성수,아현,0,2
20250528,성수,아현,5,3
20250528,성수,아현,7,3
20250528,성수,아현,8,2
20250528,성수,아현,9,1
20250528,성수,아현,10,2
20250528,성수,아현,11,1
20250528,성수,아현,12,2
20250528,성수,아현,13,4
20250528,성수,아현,14,9
20250528,성수,아현,15,5
20250528,성수,아현,16,9
20250528,성수,아현,17,21
20250528,성수,아현,18,28
20250528,성수,아현,19,19
20250528,성수,아현,20,14
20250528,성수,아현,21,11
20250528,성수,아현,22,8
20250528,성수,아현,23,4
20250528,성수,역삼,0,3
20250528,성수,역삼,5,3
20250528,성수,역삼,6,1
20250528,성수,역삼,7,17
20250528,성수,역삼,8,32
20250528,성수,역삼,9,20
20250528,성수,역삼,10,15
20250528,성수,역삼,11,11
20250528,성수,역삼,12,10
20250528,성수,역삼,13,14
20250528,성수,역삼,14,23
20250528,성수,역삼,15,11
20250528,성수,역삼,16,27
20250528,성수,역삼,17,25
20250528,성수,역삼,18,41
20250528,성수,역삼,19,22
20250528,성수,역삼,20,18
20250528,성수,역삼,21,10
20250528,성수,역삼,22,15
20250528,성수,역삼,23,2
20250528,성수,영등포구청,0,1
20250528,성수,영등포구청,6,3
20250528,성수,영등포구청,7,10
20250528,성수,영등포구청,8,2
20250528,성수,영등포구청,9,2
20250528,성수,영등포구청,11,1
20250528,성수,영등포구청,12,4
20250528,성수,영등포구청,13,3
20250528,성수,영등포구청,14,1
20250528,성수,영등포구청,15,7
20250528,성수,영등포구청,16,8
20250528,성수,영등포구청,17,18
20250528,성수,영등포구청,18,31
20250528,성수,영등포구청,19,10
20250528,성수,영등포구청,20,9
20250528,성수,영등포구청,21,10
20250528,성수,영등포구청,22,5
20250528,성수,영등포구청,23,6
20250528,성수,왕십리(성동구청),0,3
20250528,성수,왕십리(성동구청),5,1
20250528,성수,왕십리(성동구청),6,2
20250528,성수,왕십리(성동구청),7,8
20250528,성수,왕십리(성동구청),8,16
20250528,성수,왕십리(성동구청),9,18
20250528,성수,왕십리(성동구청),10,16
20250528,성수,왕십리(성동구청),11,28
20250528,성수,왕십리(성동구청),12,16
20250528,성수,왕십리(성동구청),13,26
20250528,성수,왕십리(성동구청),14,28
20250528,성수,왕십리(성동구청),15,34
20250528,성수,왕십리(성동구청),16,55
20250528,성수,왕십리(성동구청),17,93
20250528,성수,왕십리(성동구청),18,127
20250528,성수,왕십리(성동구청),19,72
20250528,성수,왕십리(성동구청),20,39
20250528,성수,왕십리(성동구청),21,44
20250528,성수,왕십리(성동구청),22,25
20250528,성수,왕십리(성동구청),23,15
20250528,성수,용두(동대문구청),0,7
20250528,성수,용두(동대문구청),5,2
20250528,성수,용두(동대문구청),6,3
20250528,성수,용두(동대문구청),7,4
20250528,성수,용두(동대문구청),8,11
20250528,성수,용두(동대문구청),9,5
20250528,성수,용두(동대문구청),10,10
20250528,성수,용두(동대문구청),11,6
20250528,성수,용두(동대문구청),12,18
20250528,성수,용두(동대문구청),13,20
20250528,성수,용두(동대문구청),14,17
20250528,성수,용두(동대문구청),15,34
20250528,성수,용두(동대문구청),16,26
20250528,성수,용두(동대문구청),17,50
20250528,성수,용두(동대문구청),18,81
20250528,성수,용두(동대문구청),19,51
20250528,성수,용두(동대문구청),20,44
20250528,성수,용두(동대문구청),21,35
20250528,성수,용두(동대문구청),22,20
20250528,성수,용두(동대문구청),23,12
20250528,성수,을지로3가,0,1
20250528,성수,을지로3가,5,2
20250528,성수,을지로3가,6,3
20250528,성수,을지로3가,7,19
20250528,성수,을지로3가,8,34
20250528,성수,을지로3가,9,14
20250528,성수,을지로3가,10,12
20250528,성수,을지로3가,11,18
20250528,성수,을지로3가,12,19
20250528,성수,을지로3가,13,22
20250528,성수,을지로3가,14,17
20250528,성수,을지로3가,15,41
20250528,성수,을지로3가,16,41
20250528,성수,을지로3가,17,65
20250528,성수,을지로3가,18,54
20250528,성수,을지로3가,19,41
20250528,성수,을지로3가,20,36
20250528,성수,을지로3가,21,42
20250528,성수,을지로3가,22,39
20250528,성수,을지로3가,23,3
20250528,성수,을지로4가,0,2
20250528,성수,을지로4가,6,7
20250528,성수,을지로4가,7,18
20250528,성수,을지로4가,8,20
20250528,성수,을지로4가,9,24
20250528,성수,을지로4가,10,13
20250528,성수,을지로4가,11,19
20250528,성수,을지로4가,12,18
20250528,성수,을지로4가,13,28
20250528,성수,을지로4가,14,31
20250528,성수,을지로4가,15,24
20250528,성수,을지로4가,16,44
20250528,성수,을지로4가,17,47
20250528,성수,을지로4가,18,49
20250528,성수,을지로4가,19,27
20250528,성수,을지로4가,20,23
20250528,성수,을지로4가,21,21
20250528,성수,을지로4가,22,14
20250528,성수,을지로입구,5,2
20250528,성수,을지로입구,6,8
20250528,성수,을지로입구,7,27
20250528,성수,을지로입구,8,56
20250528,성수,을지로입구,9,20
20250528,성수,을지로입구,10,42
20250528,성수,을지로입구,11,44
20250528,성수,을지로입구,12,38
20250528,성수,을지로입구,13,50
20250528,성수,을지로입구,14,68
20250528,성수,을지로입구,15,77
20250528,성수,을지로입구,16,99
20250528,성수,을지로입구,17,124
20250528,성수,을지로입구,18,152
20250528,성수,을지로입구,19,97
20250528,성수,을지로입구,20,86
20250528,성수,을지로입구,21,45
20250528,성수,을지로입구,22,28
20250528,성수,을지로입구,23,8
20250528,성수,이대,0,1
20250528,성수,이대,5,1
20250528,성수,이대,6,1
20250528,성수,이대,7,9
20250528,성수,이대,8,5
20250528,성수,이대,9,4
20250528,성수,이대,10,6
20250528,성수,이대,11,4
20250528,성수,이대,12,8
20250528,성수,이대,13,8
20250528,성수,이대,14,9
20250528,성수,이대,15,13
20250528,성수,이대,16,9
20250528,성수,이대,17,33
20250528,성수,이대,18,41
20250528,성수,이대,19,23
20250528,성수,이대,20,29
20250528,성수,이대,21,28
20250528,성수,이대,22,14
20250528,성수,이대,23,4
20250528,성수,잠실(송파구청),0,14
20250528,성수,잠실(송파구청),5,5
20250528,성수,잠실(송파구청),6,7
20250528,성수,잠실(송파구청),7,28
20250528,성수,잠실(송파구청),8,45
20250528,성수,잠실(송파구청),9,26
20250528,성수,잠실(송파구청),10,35
20250528,성수,잠실(송파구청),11,50
20250528,성수,잠실(송파구청),12,61
20250528,성수,잠실(송파구청),13,84
20250528,성수,잠실(송파구청),14,96
20250528,성수,잠실(송파구청),15,116
20250528,성수,잠실(송파구청),16,174
20250528,성수,잠실(송파구청),17,291
20250528,성수,잠실(송파구청),18,489
20250528,성수,잠실(송파구청),19,253
20250528,성수,잠실(송파구청),20,179
20250528,성수,잠실(송파구청),21,161
20250528,성수,잠실(송파구청),22,101
20250528,성수,잠실(송파구청),23,42
20250528,성수,잠실나루,0,3
20250528,성수,잠실나루,5,6
20250528,성수,잠실나루,6,5
20250528,성수,잠실나루,7,12
20250528,성수,잠실나루,8,17
20250528,성수,잠실나루,9,10
20250528,성수,잠실나루,10,4
20250528,성수,잠실나루,11,10
20250528,성수,잠실나루,12,12
20250528,성수,잠실나루,13,26
20250528,성수,잠실나루,14,18
20250528,성수,잠실나루,15,9
20250528,성수,잠실나루,16,15
20250528,성수,잠실나루,17,29
20250528,성수,잠실나루,18,58
20250528,성수,잠실나루,19,29
20250528,성수,잠실나루,20,29
20250528,성수,잠실나루,21,24
20250528,성수,잠실나루,22,10
20250528,성수,잠실나루,23,7
20250528,성수,잠실새내,0,1
20250528,성수,잠실새내,5,2
20250528,성수,잠실새내,6,1
20250528,성수,잠실새내,7,3
20250528,성수,잠실새내,8,8
20250528,성수,잠실새내,9,8
20250528,성수,잠실새내,10,9
20250528,성수,잠실새내,11,3
20250528,성수,잠실새내,12,13
20250528,성수,잠실새내,13,13
20250528,성수,잠실새내,14,22
20250528,성수,잠실새내,15,25
20250528,성수,잠실새내,16,26
20250528,성수,잠실새내,17,45
20250528,성수,잠실새내,18,95
20250528,성수,잠실새내,19,43
20250528,성수,잠실새내,20,29
20250528,성수,잠실새내,21,22
20250528,성수,잠실새내,22,18
20250528,성수,잠실새내,23,8
20250528,성수,종합운동장,5,2
20250528,성수,종합운동장,6,1
20250528,성수,종합운동장,7,2
20250528,성수,종합운동장,8,2
20250528,성수,종합운동장,9,1
20250528,성수,종합운동장,10,4
20250528,성수,종합운동장,11,1
20250528,성수,종합운동장,12,2
20250528,성수,종합운동장,13,1
20250528,성수,종합운동장,14,3
20250528,성수,종합운동장,15,17
20250528,성수,종합운동장,16,31
20250528,성수,종합운동장,17,58
20250528,성수,종합운동장,18,62
20250528,성수,종합운동장,19,18
20250528,성수,종합운동장,20,5
20250528,성수,종합운동장,21,5
20250528,성수,종합운동장,22,4
20250528,성수,종합운동장,23,1
20250528,성수,충정로(경기대입구),7,3
20250528,성수,충정로(경기대입구),8,5
20250528,성수,충정로(경기대입구),9,1
20250528,성수,충정로(경기대입구),10,4
20250528,성수,충정로(경기대입구),11,3
20250528,성수,충정로(경기대입구),12,5
20250528,성수,충정로(경기대입구),13,7
20250528,성수,충정로(경기대입구),14,2
20250528,성수,충정로(경기대입구),15,10
20250528,성수,충정로(경기대입구),16,15
20250528,성수,충정로(경기대입구),17,14
20250528,성수,충정로(경기대입구),18,20
20250528,성수,충정로(경기대입구),19,12
20250528,성수,충정로(경기대입구),20,10
20250528,성수,충정로(경기대입구),21,17
20250528,성수,충정로(경기대입구),22,7
20250528,성수,충정로(경기대입구),23,3
20250528,성수,한양대,0,2
20250528,성수,한양대,6,2
20250528,성수,한양대,7,8
20250528,성수,한양대,8,18
20250528,성수,한양대,9,16
20250528,성수,한양대,10,18
20250528,성수,한양대,11,10
20250528,성수,한양대,12,26
20250528,성수,한양대,13,23
20250528,성수,한양대,14,19
20250528,성수,한양대,15,15
20250528,성수,한양대,16,7
20250528,성수,한양대,17,22
20250528,성수,한양대,18,27
20250528,성수,한양대,19,18
20250528,성수,한양대,20,27
20250528,성수,한양대,21,17
20250528,성수,한양대,22,13
20250528,성수,한양대,23,2
20250528,성수,합정,5,1
20250528,성수,합정,6,1
20250528,성수,합정,7,9
20250528,성수,합정,8,12
20250528,성수,합정,9,10
20250528,성수,합정,10,8
20250528,성수,합정,11,16
20250528,성수,합정,12,5
20250528,성수,합정,13,15
20250528,성수,합정,14,18
20250528,성수,합정,15,17
20250528,성수,합정,16,16
20250528,성수,합정,17,58
20250528,성수,합정,18,82
20250528,성수,합정,19,37
20250528,성수,합정,20,30
20250528,성수,합정,21,34
20250528,성수,합정,22,16
20250528,성수,합정,23,9
20250528,성수,홍대입구,0,6
20250528,성수,홍대입구,7,6
20250528,성수,홍대입구,8,14
20250528,성수,홍대입구,9,10
20250528,성수,홍대입구,10,8
20250528,성수,홍대입구,11,12
20250528,성수,홍대입구,12,45
20250528,성수,홍대입구,13,46
20250528,성수,홍대입구,14,68
20250528,성수,홍대입구,15,99
20250528,성수,홍대입구,16,135
20250528,성수,홍대입구,17,190
20250528,성수,홍대입구,18,271
20250528,성수,홍대입구,19,184
20250528,성수,홍대입구,20,153
20250528,성수,홍대입구,21,117
20250528,성수,홍대입구,22,64
20250528,성수,홍대입구,23,21
20250528,시청,강남,4,1
20250528,시청,강남,6,1
20250528,시청,강남,7,3
20250528,시청,강남,8,3
20250528,시청,강남,9,7
20250528,시청,강남,10,22
20250528,시청,강남,11,9
20250528,시청,강남,12,15
20250528,시청,강남,13,17
20250528,시청,강남,14,12
20250528,시청,강남,15,15
20250528,시청,강남,16,23
20250528,시청,강남,17,22
20250528,시청,강남,18,31
20250528,시청,강남,19,6
20250528,시청,강남,20,4
20250528,시청,강남,21,3
20250528,시청,강변(동서울터미널),0,1
20250528,시청,강변(동서울터미널),6,1
20250528,시청,강변(동서울터미널),8,2
20250528,시청,강변(동서울터미널),9,2
20250528,시청,강변(동서울터미널),10,1
20250528,시청,강변(동서울터미널),11,9
20250528,시청,강변(동서울터미널),12,7
20250528,시청,강변(동서울터미널),13,15
20250528,시청,강변(동서울터미널),14,10
20250528,시청,강변(동서울터미널),15,22
20250528,시청,강변(동서울터미널),16,25
20250528,시청,강변(동서울터미널),17,60
20250528,시청,강변(동서울터미널),18,98
20250528,시청,강변(동서울터미널),19,24
20250528,시청,강변(동서울터미널),20,16
20250528,시청,강변(동서울터미널),21,22
20250528,시청,강변(동서울터미널),22,13
20250528,시청,강변(동서울터미널),23,9
20250528,시청,건대입구,0,1
20250528,시청,건대입구,5,1
20250528,시청,건대입구,6,1
20250528,시청,건대입구,7,2
20250528,시청,건대입구,8,7
20250528,시청,건대입구,9,6
20250528,시청,건대입구,10,3
20250528,시청,건대입구,11,12
20250528,시청,건대입구,12,9
20250528,시청,건대입구,13,18
20250528,시청,건대입구,14,18
20250528,시청,건대입구,15,28
20250528,시청,건대입구,16,35
20250528,시청,건대입구,17,90
20250528,시청,건대입구,18,152
20250528,시청,건대입구,19,42
20250528,시청,건대입구,20,31
20250528,시청,건대입구,21,25
20250528,시청,건대입구,22,19
20250528,시청,건대입구,23,8
20250528,시청,교대(법원.검찰청),8,1
20250528,시청,교대(법원.검찰청),9,1
20250528,시청,교대(법원.검찰청),10,5
20250528,시청,교대(법원.검찰청),11,7
20250528,시청,교대(법원.검찰청),12,9
20250528,시청,교대(법원.검찰청),13,13
20250528,시청,교대(법원.검찰청),14,7
20250528,시청,교대(법원.검찰청),15,4
20250528,시청,교대(법원.검찰청),16,10
20250528,시청,교대(법원.검찰청),17,16
20250528,시청,교대(법원.검찰청),18,14
20250528,시청,교대(법원.검찰청),19,6
20250528,시청,교대(법원.검찰청),20,3
20250528,시청,교대(법원.검찰청),21,5
20250528,시청,교대(법원.검찰청),22,2
20250528,시청,교대(법원.검찰청),23,1
20250528,시청,구로디지털단지,0,2
20250528,시청,구로디지털단지,5,2
20250528,시청,구로디지털단지,6,4
20250528,시청,구로디지털단지,7,12
20250528,시청,구로디지털단지,8,13
20250528,시청,구로디지털단지,9,5
20250528,시청,구로디지털단지,10,10
20250528,시청,구로디지털단지,11,14
20250528,시청,구로디지털단지,12,20
20250528,시청,구로디지털단지,13,16
20250528,시청,구로디지털단지,14,22
20250528,시청,구로디지털단지,15,27
20250528,시청,구로디지털단지,16,39
20250528,시청,구로디지털단지,17,94
20250528,시청,구로디지털단지,18,145
20250528,시청,구로디지털단지,19,39
20250528,시청,구로디지털단지,20,44
20250528,시청,구로디지털단지,21,43
20250528,시청,구로디지털단지,22,26
20250528,시청,구로디지털단지,23,9
20250528,시청,구의(광진구청),0,2
20250528,시청,구의(광진구청),6,1
20250528,시청,구의(광진구청),8,1
20250528,시청,구의(광진구청),9,5
20250528,시청,구의(광진구청),10,5
20250528,시청,구의(광진구청),11,10
20250528,시청,구의(광진구청),12,12
20250528,시청,구의(광진구청),13,11
20250528,시청,구의(광진구청),14,9
20250528,시청,구의(광진구청),15,8
20250528,시청,구의(광진구청),16,26
20250528,시청,구의(광진구청),17,55
20250528,시청,구의(광진구청),18,106
20250528,시청,구의(광진구청),19,47
20250528,시청,구의(광진구청),20,24
20250528,시청,구의(광진구청),21,27
20250528,시청,구의(광진구청),22,18
20250528,시청,구의(광진구청),23,6
20250528,시청,낙성대,7,1
20250528,시청,낙성대,8,1
20250528,시청,낙성대,12,3
20250528,시청,낙성대,13,4
20250528,시청,낙성대,14,3
20250528,시청,낙성대,15,7
20250528,시청,낙성대,16,5
20250528,시청,낙성대,17,21
20250528,시청,낙성대,18,34
20250528,시청,낙성대,19,11
20250528,시청,낙성대,20,11
20250528,시청,낙성대,21,10
20250528,시청,낙성대,22,8
20250528,시청,낙성대,23,2
20250528,시청,당산,0,2
20250528,시청,당산,5,2
20250528,시청,당산,7,5
20250528,시청,당산,8,5
20250528,시청,당산,9,3
20250528,시청,당산,10,7
20250528,시청,당산,11,13
20250528,시청,당산,12,16
20250528,시청,당산,13,16
20250528,시청,당산,14,27
20250528,시청,당산,15,31
20250528,시청,당산,16,55
20250528,시청,당산,17,143
20250528,시청,당산,18,223
20250528,시청,당산,19,81
20250528,시청,당산,20,69
20250528,시청,당산,21,68
20250528,시청,당산,22,36
20250528,시청,당산,23,12
20250528,시청,대림(구로구청),5,1
20250528,시청,대림(구로구청),6,2
20250528,시청,대림(구로구청),8,2
20250528,시청,대림(구로구청),9,4
20250528,시청,대림(구로구청),10,2
20250528,시청,대림(구로구청),11,9
20250528,시청,대림(구로구청),12,2
20250528,시청,대림(구로구청),13,11
20250528,시청,대림(구로구청),14,16
20250528,시청,대림(구로구청),15,20
20250528,시청,대림(구로구청),16,24
20250528,시청,대림(구로구청),17,36
20250528,시청,대림(구로구청),18,48
20250528,시청,대림(구로구청),19,17
20250528,시청,대림(구로구청),20,28
20250528,시청,대림(구로구청),21,28
20250528,시청,대림(구로구청),22,21
20250528,시청,대림(구로구청),23,1
20250528,시청,동대문역사문화공원,0,1
20250528,시청,동대문역사문화공원,6,3
20250528,시청,동대문역사문화공원,7,1
20250528,시청,동대문역사문화공원,8,5
20250528,시청,동대문역사문화공원,9,14
20250528,시청,동대문역사문화공원,10,12
20250528,시청,동대문역사문화공원,11,10
20250528,시청,동대문역사문화공원,12,15
20250528,시청,동대문역사문화공원,13,31
20250528,시청,동대문역사문화공원,14,17
20250528,시청,동대문역사문화공원,15,28
20250528,시청,동대문역사문화공원,16,36
20250528,시청,동대문역사문화공원,17,40
20250528,시청,동대문역사문화공원,18,61
20250528,시청,동대문역사문화공원,19,24
20250528,시청,동대문역사문화공원,20,22
20250528,시청,동대문역사문화공원,21,6
20250528,시청,동대문역사문화공원,22,6
20250528,시청,동대문역사문화공원,23,2
20250528,시청,뚝섬,0,1
20250528,시청,뚝섬,5,1
20250528,시청,뚝섬,6,1
20250528,시청,뚝섬,7,2
20250528,시청,뚝섬,8,9
20250528,시청,뚝섬,9,14
20250528,시청,뚝섬,10,17
20250528,시청,뚝섬,11,19
20250528,시청,뚝섬,12,20
20250528,시청,뚝섬,13,35
20250528,시청,뚝섬,14,17
20250528,시청,뚝섬,15,16
20250528,시청,뚝섬,16,24
20250528,시청,뚝섬,17,56
20250528,시청,뚝섬,18,65
20250528,시청,뚝섬,19,19
20250528,시청,뚝섬,20,3
20250528,시청,뚝섬,21,12
20250528,시청,뚝섬,22,6
20250528,시청,뚝섬,23,5
20250528,시청,문래,0,2
20250528,시청,문래,7,5
20250528,시청,문래,8,5
20250528,시청,문래,9,3
20250528,시청,문래,10,11
20250528,시청,문래,11,11
20250528,시청,문래,12,4
20250528,시청,문래,13,14
20250528,시청,문래,14,23
20250528,시청,문래,15,27
20250528,시청,문래,16,20
20250528,시청,문래,17,53
20250528,시청,문래,18,87
20250528,시청,문래,19,37
20250528,시청,문래,20,25
20250528,시청,문래,21,25
20250528,시청,문래,22,14
20250528,시청,문래,23,7
20250528,시청,방배,9,2
20250528,시청,방배,10,2
20250528,시청,방배,11,1
20250528,시청,방배,12,1
20250528,시청,방배,13,2
20250528,시청,방배,14,3
20250528,시청,방배,15,4
20250528,시청,방배,16,3
20250528,시청,방배,17,3
20250528,시청,방배,18,3
20250528,시청,방배,19,1
20250528,시청,방배,20,3
20250528,시청,방배,21,1
20250528,시청,방배,22,2
20250528,시청,봉천,7,2
20250528,시청,봉천,11,1
20250528,시청,봉천,12,5
20250528,시청,봉천,13,5
20250528,시청,봉천,14,5
20250528,시청,봉천,15,7
20250528,시청,봉천,16,17
20250528,시청,봉천,17,19
20250528,시청,봉천,18,49
20250528,시청,봉천,19,17
20250528,시청,봉천,20,22
20250528,시청,봉천,21,13
20250528,시청,봉천,22,7
20250528,시청,봉천,23,3
20250528,시청,사당,9,2
20250528,시청,사당,10,1
20250528,시청,사당,13,1
20250528,시청,사당,14,4
20250528,시청,사당,15,3
20250528,시청,사당,16,6
20250528,시청,사당,17,5
20250528,시청,사당,18,5
20250528,시청,사당,19,4
20250528,시청,사당,20,3
20250528,시청,사당,21,1
20250528,시청,사당,23,1
20250528,시청,삼성(무역센터),6,5
20250528,시청,삼성(무역센터),7,8
20250528,시청,삼성(무역센터),8,8
20250528,시청,삼성(무역센터),9,15
20250528,시청,삼성(무역센터),10,21
20250528,시청,삼성(무역센터),11,27
20250528,시청,삼성(무역센터),12,28
20250528,시청,삼성(무역센터),13,31
20250528,시청,삼성(무역센터),14,19
20250528,시청,삼성(무역센터),15,21
20250528,시청,삼성(무역센터),16,26
20250528,시청,삼성(무역센터),17,40
20250528,시청,삼성(무역센터),18,31
20250528,시청,삼성(무역센터),19,7
20250528,시청,삼성(무역센터),20,7
20250528,시청,삼성(무역센터),21,4
20250528,시청,삼성(무역센터),22,7
20250528,시청,상왕십리,0,2
20250528,시청,상왕십리,6,1
20250528,시청,상왕십리,7,1
20250528,시청,상왕십리,8,3
20250528,시청,상왕십리,9,4
20250528,시청,상왕십리,10,8
20250528,시청,상왕십리,11,9
20250528,시청,상왕십리,12,4
20250528,시청,상왕십리,13,18
20250528,시청,상왕십리,14,6
20250528,시청,상왕십리,15,21
20250528,시청,상왕십리,16,23
20250528,시청,상왕십리,17,66
20250528,시청,상왕십리,18,96
20250528,시청,상왕십리,19,34
20250528,시청,상왕십리,20,26
20250528,시청,상왕십리,21,31
20250528,시청,상왕십리,22,22
20250528,시청,상왕십리,23,4
20250528,시청,서울대입구(관악구청),7,1
20250528,시청,서울대입구(관악구청),9,6
20250528,시청,서울대입구(관악구청),10,1
20250528,시청,서울대입구(관악구청),11,2
20250528,시청,서울대입구(관악구청),12,4
20250528,시청,서울대입구(관악구청),13,11
20250528,시청,서울대입구(관악구청),14,8
20250528,시청,서울대입구(관악구청),15,18
20250528,시청,서울대입구(관악구청),16,24
20250528,시청,서울대입구(관악구청),17,33
20250528,시청,서울대입구(관악구청),18,74
20250528,시청,서울대입구(관악구청),19,16
20250528,시청,서울대입구(관악구청),20,18
20250528,시청,서울대입구(관악구청),21,21
20250528,시청,서울대입구(관악구청),22,5
20250528,시청,서울대입구(관악구청),23,1
20250528,시청,서초,7,1
20250528,시청,서초,9,1
20250528,시청,서초,10,2
20250528,시청,서초,11,2
20250528,시청,서초,12,4
20250528,시청,서초,13,5
20250528,시청,서초,14,3
20250528,시청,서초,15,4
20250528,시청,서초,16,4
20250528,시청,서초,18,5
20250528,시청,서초,19,1
20250528,시청,서초,20,2
20250528,시청,선릉,5,2
20250528,시청,선릉,6,2
20250528,시청,선릉,7,4
20250528,시청,선릉,8,1
20250528,시청,선릉,9,4
20250528,시청,선릉,10,3
20250528,시청,선릉,11,6
20250528,시청,선릉,12,18
20250528,시청,선릉,13,6
20250528,시청,선릉,14,6
20250528,시청,선릉,15,14
20250528,시청,선릉,16,8
20250528,시청,선릉,17,22
20250528,시청,선릉,18,8
20250528,시청,선릉,19,4
20250528,시청,선릉,20,2
20250528,시청,선릉,21,3
20250528,시청,선릉,22,3
20250528,시청,성수,0,3
20250528,시청,성수,5,2
20250528,시청,성수,6,4
20250528,시청,성수,7,6
20250528,시청,성수,8,28
20250528,시청,성수,9,37
20250528,시청,성수,10,42
20250528,시청,성수,11,43
20250528,시청,성수,12,33
20250528,시청,성수,13,44
20250528,시청,성수,14,48
20250528,시청,성수,15,39
20250528,시청,성수,16,28
20250528,시청,성수,17,49
20250528,시청,성수,18,52
20250528,시청,성수,19,23
20250528,시청,성수,20,9
20250528,시청,성수,21,22
20250528,시청,성수,22,16
20250528,시청,시청,0,3
20250528,시청,시청,5,2
20250528,시청,시청,7,5
20250528,시청,시청,8,10
20250528,시청,시청,9,8
20250528,시청,시청,10,8
20250528,시청,시청,11,7
20250528,시청,시청,12,15
20250528,시청,시청,13,15
20250528,시청,시청,14,15
20250528,시청,시청,15,8
20250528,시청,시청,16,16
20250528,시청,시청,17,10
20250528,시청,시청,18,11
20250528,시청,시청,19,11
20250528,시청,시청,20,7
20250528,시청,시청,21,11
20250528,시청,시청,22,4
20250528,시청,시청,23,5
20250528,시청,신당,0,2
20250528,시청,신당,5,2
20250528,시청,신당,6,1
20250528,시청,신당,7,2
20250528,시청,신당,8,7
20250528,시청,신당,9,7
20250528,시청,신당,10,6
20250528,시청,신당,11,16
20250528,시청,신당,12,11
20250528,시청,신당,13,15
20250528,시청,신당,14,27
20250528,시청,신당,15,29
20250528,시청,신당,16,24
20250528,시청,신당,17,75
20250528,시청,신당,18,108
20250528,시청,신당,19,33
20250528,시청,신당,20,23
20250528,시청,신당,21,26
20250528,시청,신당,22,13
20250528,시청,신당,23,9
20250528,시청,신대방,0,1
20250528,시청,신대방,5,1
20250528,시청,신대방,6,1
20250528,시청,신대방,7,1
20250528,시청,신대방,8,2
20250528,시청,신대방,9,7
20250528,시청,신대방,10,3
20250528,시청,신대방,11,6
20250528,시청,신대방,12,7
20250528,시청,신대방,13,5
20250528,시청,신대방,14,11
20250528,시청,신대방,15,16
20250528,시청,신대방,16,19
20250528,시청,신대방,17,52
20250528,시청,신대방,18,81
20250528,시청,신대방,19,27
20250528,시청,신대방,20,27
20250528,시청,신대방,21,28
20250528,시청,신대방,22,23
20250528,시청,신대방,23,4
20250528,시청,신도림,0,2
20250528,시청,신도림,7,1
20250528,시청,신도림,9,3
20250528,시청,신도림,10,3
20250528,시청,신도림,11,4
20250528,시청,신도림,12,7
20250528,시청,신도림,13,12
20250528,시청,신도림,14,11
20250528,시청,신도림,15,18
20250528,시청,신도림,16,40
20250528,시청,신도림,17,83
20250528,시청,신도림,18,118
20250528,시청,신도림,19,43
20250528,시청,신도림,20,22
20250528,시청,신도림,21,31
20250528,시청,신도림,22,23
20250528,시청,신도림,23,3
20250528,시청,신림,5,1
20250528,시청,신림,6,2
20250528,시청,신림,7,3
20250528,시청,신림,8,5
20250528,시청,신림,9,5
20250528,시청,신림,10,2
20250528,시청,신림,11,8
20250528,시청,신림,12,6
20250528,시청,신림,13,11
20250528,시청,신림,14,19
20250528,시청,신림,15,22
20250528,시청,신림,16,34
20250528,시청,신림,17,71
20250528,시청,신림,18,112
20250528,시청,신림,19,35
20250528,시청,신림,20,42
20250528,시청,신림,21,47
20250528,시청,신림,22,30
20250528,시청,신림,23,9
20250528,시청,신촌,6,1
20250528,시청,신촌,7,4
20250528,시청,신촌,8,10
20250528,시청,신촌,9,15
20250528,시청,신촌,10,14
20250528,시청,신촌,11,23
20250528,시청,신촌,12,32
20250528,시청,신촌,13,62
20250528,시청,신촌,14,54
20250528,시청,신촌,15,33
20250528,시청,신촌,16,55
20250528,시청,신촌,17,142
20250528,시청,신촌,18,206
20250528,시청,신촌,19,78
20250528,시청,신촌,20,36
20250528,시청,신촌,21,46
20250528,시청,신촌,22,32
20250528,시청,신촌,23,4
20250528,시청,아현,0,1
20250528,시청,아현,7,4
20250528,시청,아현,8,2
20250528,시청,아현,9,7
20250528,시청,아현,10,2
20250528,시청,아현,11,9
20250528,시청,아현,12,11
20250528,시청,아현,13,12
20250528,시청,아현,14,16
20250528,시청,아현,15,23
20250528,시청,아현,16,26
20250528,시청,아현,17,35
20250528,시청,아현,18,54
20250528,시청,아현,19,29
20250528,시청,아현,20,33
20250528,시청,아현,21,34
20250528,시청,아현,22,11
20250528,시청,아현,23,8
20250528,시청,역삼,7,5
20250528,시청,역삼,8,2
20250528,시청,역삼,9,6
20250528,시청,역삼,10,3
20250528,시청,역삼,11,11
20250528,시청,역삼,12,4
20250528,시청,역삼,13,13
20250528,시청,역삼,14,4
20250528,시청,역삼,15,6
20250528,시청,역삼,16,9
20250528,시청,역삼,17,16
20250528,시청,역삼,18,15
20250528,시청,역삼,19,2
20250528,시청,역삼,20,3
20250528,시청,역삼,21,1
20250528,시청,역삼,22,1
20250528,시청,역삼,23,1
20250528,시청,영등포구청,0,1
20250528,시청,영등포구청,5,1
20250528,시청,영등포구청,6,1
20250528,시청,영등포구청,7,2
20250528,시청,영등포구청,8,4
20250528,시청,영등포구청,9,4
20250528,시청,영등포구청,10,1
20250528,시청,영등포구청,11,4
20250528,시청,영등포구청,12,15
20250528,시청,영등포구청,13,18
20250528,시청,영등포구청,14,23
20250528,시청,영등포구청,15,20
20250528,시청,영등포구청,16,28
20250528,시청,영등포구청,17,56
20250528,시청,영등포구청,18,98
20250528,시청,영등포구청,19,33
20250528,시청,영등포구청,20,23
20250528,시청,영등포구청,21,21
20250528,시청,영등포구청,22,15
20250528,시청,영등포구청,23,3
20250528,시청,왕십리(성동구청),0,1
20250528,시청,왕십리(성동구청),5,1
20250528,시청,왕십리(성동구청),6,2
20250528,시청,왕십리(성동구청),7,2
20250528,시청,왕십리(성동구청),8,1
20250528,시청,왕십리(성동구청),9,5
20250528,시청,왕십리(성동구청),10,6
20250528,시청,왕십리(성동구청),11,5
20250528,시청,왕십리(성동구청),12,5
20250528,시청,왕십리(성동구청),13,9
20250528,시청,왕십리(성동구청),14,18
20250528,시청,왕십리(성동구청),15,12
20250528,시청,왕십리(성동구청),16,23
20250528,시청,왕십리(성동구청),17,62
20250528,시청,왕십리(성동구청),18,112
20250528,시청,왕십리(성동구청),19,25
20250528,시청,왕십리(성동구청),20,22
20250528,시청,왕십리(성동구청),21,14
20250528,시청,왕십리(성동구청),22,10
20250528,시청,왕십리(성동구청),23,5
20250528,시청,용두(동대문구청),9,3
20250528,시청,을지로3가,0,1
20250528,시청,을지로3가,6,1
20250528,시청,을지로3가,7,6
20250528,시청,을지로3가,8,12
20250528,시청,을지로3가,9,20
20250528,시청,을지로3가,10,30
20250528,시청,을지로3가,11,37
20250528,시청,을지로3가,12,20
20250528,시청,을지로3가,13,30
20250528,시청,을지로3가,14,21
20250528,시청,을지로3가,15,26
20250528,시청,을지로3가,16,34
20250528,시청,을지로3가,17,49
20250528,시청,을지로3가,18,54
20250528,시청,을지로3가,19,28
20250528,시청,을지로3가,20,23
20250528,시청,을지로3가,21,9
20250528,시청,을지로3가,22,8
20250528,시청,을지로3가,23,2
20250528,시청,을지로4가,6,1
20250528,시청,을지로4가,8,4
20250528,시청,을지로4가,9,10
20250528,시청,을지로4가,10,18
20250528,시청,을지로4가,11,20
20250528,시청,을지로4가,12,15
20250528,시청,을지로4가,13,25
20250528,시청,을지로4가,14,24
20250528,시청,을지로4가,15,18
20250528,시청,을지로4가,16,28
20250528,시청,을지로4가,17,22
20250528,시청,을지로4가,18,34
20250528,시청,을지로4가,19,10
20250528,시청,을지로4가,20,16
20250528,시청,을지로4가,21,6
20250528,시청,을지로4가,22,10
20250528,시청,을지로4가,23,3
20250528,시청,을지로입구,6,1
20250528,시청,을지로입구,7,8
20250528,시청,을지로입구,8,12
20250528,시청,을지로입구,9,22
20250528,시청,을지로입구,10,28
20250528,시청,을지로입구,11,36
20250528,시청,을지로입구,12,24
20250528,시청,을지로입구,13,33
20250528,시청,을지로입구,14,30
20250528,시청,을지로입구,15,26
20250528,시청,을지로입구,16,19
20250528,시청,을지로입구,17,38
20250528,시청,을지로입구,18,57
20250528,시청,을지로입구,19,28
20250528,시청,을지로입구,20,15
20250528,시청,을지로입구,21,9
20250528,시청,을지로입구,22,9
20250528,시청,이대,0,3
20250528,시청,이대,6,1
20250528,시청,이대,7,2
20250528,시청,이대,8,5
20250528,시청,이대,9,1
20250528,시청,이대,10,13
20250528,시청,이대,11,22
20250528,시청,이대,12,16
20250528,시청,이대,13,16
20250528,시청,이대,14,21
20250528,시청,이대,15,18
20250528,시청,이대,16,31
20250528,시청,이대,17,58
20250528,시청,이대,18,98
20250528,시청,이대,19,31
20250528,시청,이대,20,32
20250528,시청,이대,21,27
20250528,시청,이대,22,19
20250528,시청,이대,23,7
20250528,시청,잠실(송파구청),0,3
20250528,시청,잠실(송파구청),5,4
20250528,시청,잠실(송파구청),6,4
20250528,시청,잠실(송파구청),7,16
20250528,시청,잠실(송파구청),8,16
20250528,시청,잠실(송파구청),9,28
20250528,시청,잠실(송파구청),10,26
20250528,시청,잠실(송파구청),11,31
20250528,시청,잠실(송파구청),12,25
20250528,시청,잠실(송파구청),13,51
20250528,시청,잠실(송파구청),14,48
20250528,시청,잠실(송파구청),15,42
20250528,시청,잠실(송파구청),16,68
20250528,시청,잠실(송파구청),17,116
20250528,시청,잠실(송파구청),18,197
20250528,시청,잠실(송파구청),19,45
20250528,시청,잠실(송파구청),20,55
20250528,시청,잠실(송파구청),21,42
20250528,시청,잠실(송파구청),22,28
20250528,시청,잠실(송파구청),23,7
20250528,시청,잠실나루,0,1
20250528,시청,잠실나루,5,3
20250528,시청,잠실나루,6,2
20250528,시청,잠실나루,7,1
20250528,시청,잠실나루,8,7
20250528,시청,잠실나루,9,7
20250528,시청,잠실나루,10,7
20250528,시청,잠실나루,11,11
20250528,시청,잠실나루,12,4
20250528,시청,잠실나루,13,8
20250528,시청,잠실나루,14,13
20250528,시청,잠실나루,15,17
20250528,시청,잠실나루,16,18
20250528,시청,잠실나루,17,41
20250528,시청,잠실나루,18,67
20250528,시청,잠실나루,19,32
20250528,시청,잠실나루,20,22
20250528,시청,잠실나루,21,18
20250528,시청,잠실나루,22,5
20250528,시청,잠실나루,23,4
20250528,시청,잠실새내,6,1
20250528,시청,잠실새내,8,1
20250528,시청,잠실새내,9,1
20250528,시청,잠실새내,10,7
20250528,시청,잠실새내,11,6
20250528,시청,잠실새내,12,6
20250528,시청,잠실새내,13,8
20250528,시청,잠실새내,14,13
20250528,시청,잠실새내,15,20
20250528,시청,잠실새내,16,49
20250528,시청,잠실새내,17,58
20250528,시청,잠실새내,18,88
20250528,시청,잠실새내,19,46
20250528,시청,잠실새내,20,20
20250528,시청,잠실새내,21,18
20250528,시청,잠실새내,22,11
20250528,시청,잠실새내,23,4
20250528,시청,종합운동장,7,1
20250528,시청,종합운동장,9,1
20250528,시청,종합운동장,10,2
20250528,시청,종합운동장,11,2
20250528,시청,종합운동장,12,6
20250528,시청,종합운동장,13,6
20250528,시청,종합운동장,14,1
20250528,시청,종합운동장,15,14
20250528,시청,종합운동장,16,80
20250528,시청,종합운동장,17,154
20250528,시청,종합운동장,18,62
20250528,시청,종합운동장,19,12
20250528,시청,종합운동장,20,5
20250528,시청,종합운동장,21,5
20250528,시청,종합운동장,22,6
20250528,시청,종합운동장,23,1
20250528,시청,충정로(경기대입구),6,3
20250528,시청,충정로(경기대입구),7,3
20250528,시청,충정로(경기대입구),8,7
20250528,시청,충정로(경기대입구),9,7
20250528,시청,충정로(경기대입구),10,7
20250528,시청,충정로(경기대입구),11,13
20250528,시청,충정로(경기대입구),12,4
20250528,시청,충정로(경기대입구),13,19
20250528,시청,충정로(경기대입구),14,9
20250528,시청,충정로(경기대입구),15,23
20250528,시청,충정로(경기대입구),16,13
20250528,시청,충정로(경기대입구),17,18
20250528,시청,충정로(경기대입구),18,25
20250528,시청,충정로(경기대입구),19,14
20250528,시청,충정로(경기대입구),20,12
20250528,시청,충정로(경기대입구),21,15
20250528,시청,충정로(경기대입구),22,6
20250528,시청,충정로(경기대입구),23,4
20250528,시청,한양대,6,3
20250528,시청,한양대,7,4
20250528,시청,한양대,8,7
20250528,시청,한양대,9,6
20250528,시청,한양대,10,6
20250528,시청,한양대,11,5
20250528,시청,한양대,12,6
20250528,시청,한양대,13,16
20250528,시청,한양대,14,8
20250528,시청,한양대,15,5
20250528,시청,한양대,16,5
20250528,시청,한양대,17,11
20250528,시청,한양대,18,37
20250528,시청,한양대,19,8
20250528,시청,한양대,20,4
20250528,시청,한양대,21,5
20250528,시청,한양대,22,3
20250528,시청,한양대,23,2
20250528,시청,합정,0,3
20250528,시청,합정,5,2
20250528,시청,합정,7,3
20250528,시청,합정,8,8
20250528,시청,합정,9,8
20250528,시청,합정,10,25
20250528,시청,합정,11,23
20250528,시청,합정,12,47
20250528,시청,합정,13,27
20250528,시청,합정,14,39
20250528,시청,합정,15,42
20250528,시청,합정,16,44
20250528,시청,합정,17,115
20250528,시청,합정,18,164
20250528,시청,합정,19,61
20250528,시청,합정,20,34
20250528,시청,합정,21,36
20250528,시청,합정,22,28
20250528,시청,합정,23,6
20250528,시청,홍대입구,0,6
20250528,시청,홍대입구,6,1
20250528,시청,홍대입구,7,8
20250528,시청,홍대입구,8,16
20250528,시청,홍대입구,9,22
20250528,시청,홍대입구,10,47
20250528,시청,홍대입구,11,73
20250528,시청,홍대입구,12,75
20250528,시청,홍대입구,13,64
20250528,시청,홍대입구,14,106
20250528,시청,홍대입구,15,96
20250528,시청,홍대입구,16,140
20250528,시청,홍대입구,17,213
20250528,시청,홍대입구,18,270
20250528,시청,홍대입구,19,147
20250528,시청,홍대입구,20,100
20250528,시청,홍대입구,21,55
20250528,시청,홍대입구,22,41
20250528,시청,홍대입구,23,18
20250528,신당,강남,5,6
20250528,신당,강남,6,6
20250528,신당,강남,7,34
20250528,신당,강남,8,42
20250528,신당,강남,9,19
20250528,신당,강남,10,11
20250528,신당,강남,11,4
20250528,신당,강남,12,5
20250528,신당,강남,13,9
20250528,신당,강남,14,11
20250528,신당,강남,15,11
20250528,신당,강남,16,5
20250528,신당,강남,17,5
20250528,신당,강남,18,6
20250528,신당,강남,19,4
20250528,신당,강남,20,6
20250528,신당,강남,21,2
20250528,신당,강남,23,1
20250528,신당,강변(동서울터미널),0,1
20250528,신당,강변(동서울터미널),5,1
20250528,신당,강변(동서울터미널),6,2
20250528,신당,강변(동서울터미널),7,4
20250528,신당,강변(동서울터미널),8,9
20250528,신당,강변(동서울터미널),9,10
20250528,신당,강변(동서울터미널),10,3
20250528,신당,강변(동서울터미널),11,9
20250528,신당,강변(동서울터미널),12,6
20250528,신당,강변(동서울터미널),13,3
20250528,신당,강변(동서울터미널),14,8
20250528,신당,강변(동서울터미널),15,7
20250528,신당,강변(동서울터미널),16,12
20250528,신당,강변(동서울터미널),17,12
20250528,신당,강변(동서울터미널),18,10
20250528,신당,강변(동서울터미널),19,3
20250528,신당,강변(동서울터미널),20,8
20250528,신당,강변(동서울터미널),21,9
20250528,신당,강변(동서울터미널),22,7
20250528,신당,강변(동서울터미널),23,1
20250528,신당,건대입구,5,4
20250528,신당,건대입구,6,7
20250528,신당,건대입구,7,12
20250528,신당,건대입구,8,22
20250528,신당,건대입구,9,11
20250528,신당,건대입구,10,15
20250528,신당,건대입구,11,12
20250528,신당,건대입구,12,12
20250528,신당,건대입구,13,21
20250528,신당,건대입구,14,22
20250528,신당,건대입구,15,22
20250528,신당,건대입구,16,15
20250528,신당,건대입구,17,19
20250528,신당,건대입구,18,31
20250528,신당,건대입구,19,15
20250528,신당,건대입구,20,21
20250528,신당,건대입구,21,12
20250528,신당,건대입구,22,16
20250528,신당,건대입구,23,11
20250528,신당,교대(법원.검찰청),5,3
20250528,신당,교대(법원.검찰청),6,2
20250528,신당,교대(법원.검찰청),7,5
20250528,신당,교대(법원.검찰청),8,7
20250528,신당,교대(법원.검찰청),9,5
20250528,신당,교대(법원.검찰청),10,1
20250528,신당,교대(법원.검찰청),11,2
20250528,신당,교대(법원.검찰청),12,2
20250528,신당,교대(법원.검찰청),13,1
20250528,신당,교대(법원.검찰청),14,1
20250528,신당,교대(법원.검찰청),16,2
20250528,신당,교대(법원.검찰청),17,5
20250528,신당,교대(법원.검찰청),18,2
20250528,신당,교대(법원.검찰청),20,4
20250528,신당,교대(법원.검찰청),21,1
20250528,신당,구로디지털단지,5,5
20250528,신당,구로디지털단지,6,12
20250528,신당,구로디지털단지,7,32
20250528,신당,구로디지털단지,8,26
20250528,신당,구로디지털단지,9,10
20250528,신당,구로디지털단지,10,4
20250528,신당,구로디지털단지,11,1
20250528,신당,구로디지털단지,12,12
20250528,신당,구로디지털단지,13,5
20250528,신당,구로디지털단지,14,3
20250528,신당,구로디지털단지,15,5
20250528,신당,구로디지털단지,16,9
20250528,신당,구로디지털단지,17,12
20250528,신당,구로디지털단지,18,25
20250528,신당,구로디지털단지,19,8
20250528,신당,구로디지털단지,20,7
20250528,신당,구로디지털단지,21,2
20250528,신당,구로디지털단지,22,1
20250528,신당,구로디지털단지,23,5
20250528,신당,구의(광진구청),0,4
20250528,신당,구의(광진구청),5,4
20250528,신당,구의(광진구청),6,5
20250528,신당,구의(광진구청),7,9
20250528,신당,구의(광진구청),8,22
20250528,신당,구의(광진구청),9,6
20250528,신당,구의(광진구청),10,10
20250528,신당,구의(광진구청),11,5
20250528,신당,구의(광진구청),12,6
20250528,신당,구의(광진구청),13,18
20250528,신당,구의(광진구청),14,11
20250528,신당,구의(광진구청),15,10
20250528,신당,구의(광진구청),16,12
20250528,신당,구의(광진구청),17,21
20250528,신당,구의(광진구청),18,33
20250528,신당,구의(광진구청),19,23
20250528,신당,구의(광진구청),20,12
20250528,신당,구의(광진구청),21,14
20250528,신당,구의(광진구청),22,11
20250528,신당,구의(광진구청),23,6
20250528,신당,낙성대,7,4
20250528,신당,낙성대,8,1
20250528,신당,낙성대,9,2
20250528,신당,낙성대,10,2
20250528,신당,낙성대,14,1
20250528,신당,낙성대,15,1
20250528,신당,낙성대,16,2
20250528,신당,낙성대,17,3
20250528,신당,낙성대,18,4
20250528,신당,낙성대,19,1
20250528,신당,낙성대,21,2
20250528,신당,낙성대,22,3
20250528,신당,당산,0,1
20250528,신당,당산,5,2
20250528,신당,당산,6,2
20250528,신당,당산,7,17
20250528,신당,당산,8,13
20250528,신당,당산,9,4
20250528,신당,당산,10,4
20250528,신당,당산,12,4
20250528,신당,당산,13,4
20250528,신당,당산,14,4
20250528,신당,당산,15,7
20250528,신당,당산,16,8
20250528,신당,당산,17,7
20250528,신당,당산,18,6
20250528,신당,당산,19,8
20250528,신당,당산,20,8
20250528,신당,당산,21,8
20250528,신당,당산,22,9
20250528,신당,대림(구로구청),6,2
20250528,신당,대림(구로구청),7,8
20250528,신당,대림(구로구청),8,7
20250528,신당,대림(구로구청),9,5
20250528,신당,대림(구로구청),10,2
20250528,신당,대림(구로구청),11,4
20250528,신당,대림(구로구청),12,6
20250528,신당,대림(구로구청),14,4
20250528,신당,대림(구로구청),15,4
20250528,신당,대림(구로구청),16,4
20250528,신당,대림(구로구청),17,4
20250528,신당,대림(구로구청),18,5
20250528,신당,대림(구로구청),19,2
20250528,신당,대림(구로구청),20,8
20250528,신당,대림(구로구청),21,6
20250528,신당,대림(구로구청),22,5
20250528,신당,대림(구로구청),23,3
20250528,신당,동대문역사문화공원,4,1
20250528,신당,동대문역사문화공원,5,1
20250528,신당,동대문역사문화공원,6,4
20250528,신당,동대문역사문화공원,7,8
20250528,신당,동대문역사문화공원,8,38
20250528,신당,동대문역사문화공원,9,19
20250528,신당,동대문역사문화공원,10,26
20250528,신당,동대문역사문화공원,11,31
20250528,신당,동대문역사문화공원,12,19
20250528,신당,동대문역사문화공원,13,13
20250528,신당,동대문역사문화공원,14,21
20250528,신당,동대문역사문화공원,15,16
20250528,신당,동대문역사문화공원,16,10
20250528,신당,동대문역사문화공원,17,11
20250528,신당,동대문역사문화공원,18,13
20250528,신당,동대문역사문화공원,19,18
20250528,신당,동대문역사문화공원,20,11
20250528,신당,동대문역사문화공원,21,9
20250528,신당,동대문역사문화공원,22,3
20250528,신당,동대문역사문화공원,23,1
20250528,신당,뚝섬,0,1
20250528,신당,뚝섬,5,3
20250528,신당,뚝섬,6,6
20250528,신당,뚝섬,7,12
20250528,신당,뚝섬,8,60
20250528,신당,뚝섬,9,44
20250528,신당,뚝섬,10,10
20250528,신당,뚝섬,11,15
20250528,신당,뚝섬,12,14
20250528,신당,뚝섬,13,14
20250528,신당,뚝섬,14,9
20250528,신당,뚝섬,15,10
20250528,신당,뚝섬,16,10
20250528,신당,뚝섬,17,22
20250528,신당,뚝섬,18,14
20250528,신당,뚝섬,19,15
20250528,신당,뚝섬,20,7
20250528,신당,뚝섬,21,10
20250528,신당,뚝섬,22,6
20250528,신당,뚝섬,23,3
20250528,신당,문래,5,2
20250528,신당,문래,6,4
20250528,신당,문래,7,11
20250528,신당,문래,8,10
20250528,신당,문래,9,3
20250528,신당,문래,10,1
20250528,신당,문래,11,2
20250528,신당,문래,12,1
20250528,신당,문래,13,4
20250528,신당,문래,14,4
20250528,신당,문래,15,3
20250528,신당,문래,16,2
20250528,신당,문래,17,3
20250528,신당,문래,18,8
20250528,신당,문래,19,4
20250528,신당,문래,20,5
20250528,신당,문래,23,1
20250528,신당,방배,5,2
20250528,신당,방배,8,3
20250528,신당,방배,10,1
20250528,신당,방배,11,2
20250528,신당,방배,13,1
20250528,신당,방배,14,1
20250528,신당,방배,15,2
20250528,신당,방배,16,3
20250528,신당,방배,18,1
20250528,신당,봉천,6,1
20250528,신당,봉천,8,1
20250528,신당,봉천,11,4
20250528,신당,봉천,12,1
20250528,신당,봉천,13,2
20250528,신당,봉천,14,2
20250528,신당,봉천,15,1
20250528,신당,봉천,16,5
20250528,신당,봉천,17,1
20250528,신당,봉천,18,7
20250528,신당,봉천,19,5
20250528,신당,봉천,20,1
20250528,신당,봉천,21,2
20250528,신당,봉천,22,2
20250528,신당,봉천,23,1
20250528,신당,사당,6,2
20250528,신당,사당,7,2
20250528,신당,사당,8,3
20250528,신당,사당,9,3
20250528,신당,사당,10,3
20250528,신당,사당,12,2
20250528,신당,사당,13,1
20250528,신당,사당,15,2
20250528,신당,사당,16,2
20250528,신당,사당,17,2
20250528,신당,사당,18,5
20250528,신당,사당,19,3
20250528,신당,사당,20,2
20250528,신당,사당,21,1
20250528,신당,사당,22,1
20250528,신당,삼성(무역센터),0,2
20250528,신당,삼성(무역센터),5,4
20250528,신당,삼성(무역센터),6,12
20250528,신당,삼성(무역센터),7,28
20250528,신당,삼성(무역센터),8,77
20250528,신당,삼성(무역센터),9,30
20250528,신당,삼성(무역센터),10,15
20250528,신당,삼성(무역센터),11,11
20250528,신당,삼성(무역센터),12,9
20250528,신당,삼성(무역센터),13,5
20250528,신당,삼성(무역센터),14,6
20250528,신당,삼성(무역센터),15,6
20250528,신당,삼성(무역센터),16,2
20250528,신당,삼성(무역센터),17,4
20250528,신당,삼성(무역센터),18,7
20250528,신당,삼성(무역센터),19,1
20250528,신당,삼성(무역센터),20,4
20250528,신당,상왕십리,0,1
20250528,신당,상왕십리,5,1
20250528,신당,상왕십리,6,2
20250528,신당,상왕십리,7,3
20250528,신당,상왕십리,8,8
20250528,신당,상왕십리,9,14
20250528,신당,상왕십리,10,21
20250528,신당,상왕십리,11,23
20250528,신당,상왕십리,12,13
20250528,신당,상왕십리,13,21
20250528,신당,상왕십리,14,20
20250528,신당,상왕십리,15,18
20250528,신당,상왕십리,16,21
20250528,신당,상왕십리,17,13
20250528,신당,상왕십리,18,19
20250528,신당,상왕십리,19,15
20250528,신당,상왕십리,20,8
20250528,신당,상왕십리,21,7
20250528,신당,상왕십리,22,8
20250528,신당,상왕십리,23,2
20250528,신당,서울대입구(관악구청),5,1
20250528,신당,서울대입구(관악구청),6,1
20250528,신당,서울대입구(관악구청),7,7
20250528,신당,서울대입구(관악구청),8,4
20250528,신당,서울대입구(관악구청),9,1
20250528,신당,서울대입구(관악구청),10,2
20250528,신당,서울대입구(관악구청),11,2
20250528,신당,서울대입구(관악구청),12,2
20250528,신당,서울대입구(관악구청),13,1
20250528,신당,서울대입구(관악구청),14,2
20250528,신당,서울대입구(관악구청),15,3
20250528,신당,서울대입구(관악구청),16,4
20250528,신당,서울대입구(관악구청),17,3
20250528,신당,서울대입구(관악구청),18,5
20250528,신당,서울대입구(관악구청),19,2
20250528,신당,서울대입구(관악구청),20,5
20250528,신당,서울대입구(관악구청),21,2
20250528,신당,서울대입구(관악구청),22,1
20250528,신당,서초,7,2
20250528,신당,서초,8,4
20250528,신당,서초,9,4
20250528,신당,서초,12,1
20250528,신당,서초,14,1
20250528,신당,서초,16,2
20250528,신당,서초,17,1
20250528,신당,서초,18,1
20250528,신당,선릉,0,1
20250528,신당,선릉,5,4
20250528,신당,선릉,6,5
20250528,신당,선릉,7,26
20250528,신당,선릉,8,27
20250528,신당,선릉,9,17
20250528,신당,선릉,10,3
20250528,신당,선릉,11,5
20250528,신당,선릉,12,3
20250528,신당,선릉,13,5
20250528,신당,선릉,14,2
20250528,신당,선릉,15,5
20250528,신당,선릉,17,2
20250528,신당,선릉,18,3
20250528,신당,선릉,19,1
20250528,신당,선릉,20,3
20250528,신당,선릉,22,1
20250528,신당,성수,0,2
20250528,신당,성수,5,8
20250528,신당,성수,6,16
20250528,신당,성수,7,28
20250528,신당,성수,8,73
20250528,신당,성수,9,45
20250528,신당,성수,10,22
20250528,신당,성수,11,18
20250528,신당,성수,12,27
20250528,신당,성수,13,33
20250528,신당,성수,14,12
20250528,신당,성수,15,14
20250528,신당,성수,16,15
20250528,신당,성수,17,10
20250528,신당,성수,18,20
20250528,신당,성수,19,5
20250528,신당,성수,20,3
20250528,신당,성수,22,4
20250528,신당,성수,23,4
20250528,신당,시청,5,3
20250528,신당,시청,6,14
20250528,신당,시청,7,57
20250528,신당,시청,8,160
20250528,신당,시청,9,54
20250528,신당,시청,10,19
20250528,신당,시청,11,13
20250528,신당,시청,12,15
20250528,신당,시청,13,17
20250528,신당,시청,14,13
20250528,신당,시청,15,11
20250528,신당,시청,16,14
20250528,신당,시청,17,10
20250528,신당,시청,18,13
20250528,신당,시청,19,2
20250528,신당,시청,20,2
20250528,신당,시청,21,2
20250528,신당,시청,23,2
20250528,신당,신당,0,3
20250528,신당,신당,5,1
20250528,신당,신당,6,4
20250528,신당,신당,7,5
20250528,신당,신당,8,4
20250528,신당,신당,9,8
20250528,신당,신당,10,13
20250528,신당,신당,11,9
20250528,신당,신당,12,10
20250528,신당,신당,13,17
20250528,신당,신당,14,16
20250528,신당,신당,15,12
20250528,신당,신당,16,9
20250528,신당,신당,17,16
20250528,신당,신당,18,15
20250528,신당,신당,19,12
20250528,신당,신당,20,9
20250528,신당,신당,21,8
20250528,신당,신당,22,16
20250528,신당,신당,23,5
20250528,신당,신대방,5,2
20250528,신당,신대방,6,1
20250528,신당,신대방,8,2
20250528,신당,신대방,9,1
20250528,신당,신대방,10,1
20250528,신당,신대방,11,1
20250528,신당,신대방,14,4
20250528,신당,신대방,15,3
20250528,신당,신대방,16,2
20250528,신당,신대방,17,10
20250528,신당,신대방,18,6
20250528,신당,신대방,19,5
20250528,신당,신대방,20,3
20250528,신당,신대방,21,2
20250528,신당,신대방,22,3
20250528,신당,신도림,0,2
20250528,신당,신도림,5,1
20250528,신당,신도림,6,6
20250528,신당,신도림,7,9
20250528,신당,신도림,8,7
20250528,신당,신도림,9,6
20250528,신당,신도림,10,2
20250528,신당,신도림,11,5
20250528,신당,신도림,13,5
20250528,신당,신도림,14,4
20250528,신당,신도림,15,3
20250528,신당,신도림,16,4
20250528,신당,신도림,17,6
20250528,신당,신도림,18,14
20250528,신당,신도림,19,11
20250528,신당,신도림,20,6
20250528,신당,신도림,21,6
20250528,신당,신도림,22,4
20250528,신당,신도림,23,8
20250528,신당,신림,0,1
20250528,신당,신림,5,1
20250528,신당,신림,6,4
20250528,신당,신림,7,1
20250528,신당,신림,9,4
20250528,신당,신림,10,1
20250528,신당,신림,11,5
20250528,신당,신림,12,3
20250528,신당,신림,13,3
20250528,신당,신림,14,3
20250528,신당,신림,15,4
20250528,신당,신림,16,3
20250528,신당,신림,17,6
20250528,신당,신림,18,13
20250528,신당,신림,19,5
20250528,신당,신림,20,3
20250528,신당,신림,21,3
20250528,신당,신림,22,5
20250528,신당,신림,23,5
20250528,신당,신촌,0,3
20250528,신당,신촌,5,3
20250528,신당,신촌,6,15
20250528,신당,신촌,7,20
20250528,신당,신촌,8,33
20250528,신당,신촌,9,38
20250528,신당,신촌,10,30
20250528,신당,신촌,11,20
20250528,신당,신촌,12,11
20250528,신당,신촌,13,19
20250528,신당,신촌,14,10
20250528,신당,신촌,15,9
20250528,신당,신촌,16,13
20250528,신당,신촌,17,21
20250528,신당,신촌,18,27
20250528,신당,신촌,19,10
20250528,신당,신촌,20,8
20250528,신당,신촌,21,7
20250528,신당,신촌,22,14
20250528,신당,신촌,23,12
20250528,신당,아현,5,1
20250528,신당,아현,6,1
20250528,신당,아현,7,5
20250528,신당,아현,8,9
20250528,신당,아현,9,8
20250528,신당,아현,10,5
20250528,신당,아현,11,6
20250528,신당,아현,12,6
20250528,신당,아현,13,7
20250528,신당,아현,14,2
20250528,신당,아현,15,11
20250528,신당,아현,16,5
20250528,신당,아현,17,12
20250528,신당,아현,18,11
20250528,신당,아현,19,9
20250528,신당,아현,20,10
20250528,신당,아현,21,6
20250528,신당,아현,22,10
20250528,신당,아현,23,5
20250528,신당,역삼,5,2
20250528,신당,역삼,6,4
20250528,신당,역삼,7,37
20250528,신당,역삼,8,48
20250528,신당,역삼,9,26
20250528,신당,역삼,10,8
20250528,신당,역삼,11,1
20250528,신당,역삼,12,2
20250528,신당,역삼,14,3
20250528,신당,역삼,15,2
20250528,신당,역삼,16,4
20250528,신당,역삼,17,5
20250528,신당,역삼,18,1
20250528,신당,역삼,19,1
20250528,신당,역삼,20,2
20250528,신당,역삼,22,1
20250528,신당,역삼,23,1
20250528,신당,영등포구청,5,1
20250528,신당,영등포구청,7,6
20250528,신당,영등포구청,8,7
20250528,신당,영등포구청,9,2
20250528,신당,영등포구청,10,1
20250528,신당,영등포구청,11,3
20250528,신당,영등포구청,12,2
20250528,신당,영등포구청,13,3
20250528,신당,영등포구청,14,2
20250528,신당,영등포구청,15,2
20250528,신당,영등포구청,16,1
20250528,신당,영등포구청,17,4
20250528,신당,영등포구청,18,6
20250528,신당,영등포구청,19,5
20250528,신당,영등포구청,20,2
20250528,신당,영등포구청,21,4
20250528,신당,영등포구청,22,2
20250528,신당,영등포구청,23,1
20250528,신당,왕십리(성동구청),0,4
20250528,신당,왕십리(성동구청),6,4
20250528,신당,왕십리(성동구청),7,13
20250528,신당,왕십리(성동구청),8,27
20250528,신당,왕십리(성동구청),9,14
20250528,신당,왕십리(성동구청),10,15
20250528,신당,왕십리(성동구청),11,12
20250528,신당,왕십리(성동구청),12,16
20250528,신당,왕십리(성동구청),13,10
20250528,신당,왕십리(성동구청),14,13
20250528,신당,왕십리(성동구청),15,17
20250528,신당,왕십리(성동구청),16,24
20250528,신당,왕십리(성동구청),17,26
20250528,신당,왕십리(성동구청),18,22
20250528,신당,왕십리(성동구청),19,20
20250528,신당,왕십리(성동구청),20,18
20250528,신당,왕십리(성동구청),21,7
20250528,신당,왕십리(성동구청),22,9
20250528,신당,왕십리(성동구청),23,5
20250528,신당,용두(동대문구청),11,1
20250528,신당,용두(동대문구청),14,1
20250528,신당,을지로3가,0,1
20250528,신당,을지로3가,5,11
20250528,신당,을지로3가,6,16
20250528,신당,을지로3가,7,83
20250528,신당,을지로3가,8,157
20250528,신당,을지로3가,9,66
20250528,신당,을지로3가,10,23
20250528,신당,을지로3가,11,21
20250528,신당,을지로3가,12,21
20250528,신당,을지로3가,13,16
20250528,신당,을지로3가,14,16
20250528,신당,을지로3가,15,16
20250528,신당,을지로3가,16,10
20250528,신당,을지로3가,17,25
20250528,신당,을지로3가,18,17
20250528,신당,을지로3가,19,9
20250528,신당,을지로3가,20,8
20250528,신당,을지로3가,21,2
20250528,신당,을지로3가,22,6
20250528,신당,을지로3가,23,5
20250528,신당,을지로4가,0,1
20250528,신당,을지로4가,5,2
20250528,신당,을지로4가,6,12
20250528,신당,을지로4가,7,52
20250528,신당,을지로4가,8,102
20250528,신당,을지로4가,9,38
20250528,신당,을지로4가,10,15
20250528,신당,을지로4가,11,14
20250528,신당,을지로4가,12,24
20250528,신당,을지로4가,13,18
20250528,신당,을지로4가,14,14
20250528,신당,을지로4가,15,22
20250528,신당,을지로4가,16,10
20250528,신당,을지로4가,17,10
20250528,신당,을지로4가,18,11
20250528,신당,을지로4가,19,1
20250528,신당,을지로4가,20,9
20250528,신당,을지로4가,21,2
20250528,신당,을지로4가,22,6
20250528,신당,을지로4가,23,3
20250528,신당,을지로입구,0,3
20250528,신당,을지로입구,5,5
20250528,신당,을지로입구,6,20
20250528,신당,을지로입구,7,104
20250528,신당,을지로입구,8,290
20250528,신당,을지로입구,9,91
20250528,신당,을지로입구,10,45
20250528,신당,을지로입구,11,33
20250528,신당,을지로입구,12,28
20250528,신당,을지로입구,13,54
20250528,신당,을지로입구,14,27
20250528,신당,을지로입구,15,24
20250528,신당,을지로입구,16,23
20250528,신당,을지로입구,17,34
20250528,신당,을지로입구,18,30
20250528,신당,을지로입구,19,16
20250528,신당,을지로입구,20,17
20250528,신당,을지로입구,21,10
20250528,신당,을지로입구,22,5
20250528,신당,을지로입구,23,2
20250528,신당,이대,0,4
20250528,신당,이대,5,1
20250528,신당,이대,6,1
20250528,신당,이대,7,14
20250528,신당,이대,8,18
20250528,신당,이대,9,11
20250528,신당,이대,10,11
20250528,신당,이대,11,11
20250528,신당,이대,12,11
20250528,신당,이대,13,6
20250528,신당,이대,14,7
20250528,신당,이대,15,1
20250528,신당,이대,16,3
20250528,신당,이대,17,11
20250528,신당,이대,18,9
20250528,신당,이대,19,10
20250528,신당,이대,20,3
20250528,신당,이대,21,6
20250528,신당,이대,22,6
20250528,신당,이대,23,3
20250528,신당,잠실(송파구청),0,5
20250528,신당,잠실(송파구청),5,3
20250528,신당,잠실(송파구청),6,12
20250528,신당,잠실(송파구청),7,24
20250528,신당,잠실(송파구청),8,52
20250528,신당,잠실(송파구청),9,30
20250528,신당,잠실(송파구청),10,14
20250528,신당,잠실(송파구청),11,14
20250528,신당,잠실(송파구청),12,20
20250528,신당,잠실(송파구청),13,18
20250528,신당,잠실(송파구청),14,6
20250528,신당,잠실(송파구청),15,24
20250528,신당,잠실(송파구청),16,11
20250528,신당,잠실(송파구청),17,21
20250528,신당,잠실(송파구청),18,32
20250528,신당,잠실(송파구청),19,16
20250528,신당,잠실(송파구청),20,24
20250528,신당,잠실(송파구청),21,21
20250528,신당,잠실(송파구청),22,19
20250528,신당,잠실(송파구청),23,3
20250528,신당,잠실나루,0,2
20250528,신당,잠실나루,5,4
20250528,신당,잠실나루,6,3
20250528,신당,잠실나루,7,9
20250528,신당,잠실나루,8,17
20250528,신당,잠실나루,9,4
20250528,신당,잠실나루,10,2
20250528,신당,잠실나루,11,3
20250528,신당,잠실나루,12,3
20250528,신당,잠실나루,13,6
20250528,신당,잠실나루,14,3
20250528,신당,잠실나루,15,7
20250528,신당,잠실나루,16,2
20250528,신당,잠실나루,17,6
20250528,신당,잠실나루,18,6
20250528,신당,잠실나루,19,5
20250528,신당,잠실나루,20,4
20250528,신당,잠실나루,21,5
20250528,신당,잠실나루,22,1
20250528,신당,잠실나루,23,4
20250528,신당,잠실새내,0,1
20250528,신당,잠실새내,5,3
20250528,신당,잠실새내,6,2
20250528,신당,잠실새내,7,5
20250528,신당,잠실새내,8,4
20250528,신당,잠실새내,9,5
20250528,신당,잠실새내,10,5
20250528,신당,잠실새내,11,6
20250528,신당,잠실새내,12,1
20250528,신당,잠실새내,13,10
20250528,신당,잠실새내,14,10
20250528,신당,잠실새내,15,6
20250528,신당,잠실새내,16,11
20250528,신당,잠실새내,17,16
20250528,신당,잠실새내,18,11
20250528,신당,잠실새내,19,10
20250528,신당,잠실새내,20,4
20250528,신당,잠실새내,21,5
20250528,신당,잠실새내,22,1
20250528,신당,종합운동장,0,1
20250528,신당,종합운동장,5,1
20250528,신당,종합운동장,6,2
20250528,신당,종합운동장,7,2
20250528,신당,종합운동장,8,3
20250528,신당,종합운동장,9,2
20250528,신당,종합운동장,13,5
20250528,신당,종합운동장,15,2
20250528,신당,종합운동장,16,10
20250528,신당,종합운동장,17,21
20250528,신당,종합운동장,18,13
20250528,신당,종합운동장,21,1
20250528,신당,충정로(경기대입구),0,1
20250528,신당,충정로(경기대입구),5,1
20250528,신당,충정로(경기대입구),6,3
20250528,신당,충정로(경기대입구),7,9
20250528,신당,충정로(경기대입구),8,35
20250528,신당,충정로(경기대입구),9,19
20250528,신당,충정로(경기대입구),10,9
20250528,신당,충정로(경기대입구),11,14
20250528,신당,충정로(경기대입구),12,10
20250528,신당,충정로(경기대입구),13,17
20250528,신당,충정로(경기대입구),14,10
20250528,신당,충정로(경기대입구),15,10
20250528,신당,충정로(경기대입구),16,12
20250528,신당,충정로(경기대입구),17,4
20250528,신당,충정로(경기대입구),18,10
20250528,신당,충정로(경기대입구),19,9
20250528,신당,충정로(경기대입구),20,1
20250528,신당,충정로(경기대입구),21,11
20250528,신당,충정로(경기대입구),22,12
20250528,신당,충정로(경기대입구),23,3
20250528,신당,한양대,0,1
20250528,신당,한양대,6,3
20250528,신당,한양대,7,9
20250528,신당,한양대,8,44
20250528,신당,한양대,9,25
20250528,신당,한양대,10,31
20250528,신당,한양대,11,11
20250528,신당,한양대,12,22
20250528,신당,한양대,13,8
20250528,신당,한양대,14,12
20250528,신당,한양대,15,15
20250528,신당,한양대,16,5
20250528,신당,한양대,17,3
20250528,신당,한양대,18,8
20250528,신당,한양대,19,5
20250528,신당,한양대,20,6
20250528,신당,한양대,21,5
20250528,신당,한양대,22,1
20250528,신당,한양대,23,3
20250528,신당,합정,0,2
20250528,신당,합정,5,2
20250528,신당,합정,6,4
20250528,신당,합정,7,9
20250528,신당,합정,8,23
20250528,신당,합정,9,10
20250528,신당,합정,10,8
20250528,신당,합정,11,2
20250528,신당,합정,12,4
20250528,신당,합정,13,14
20250528,신당,합정,14,7
20250528,신당,합정,15,8
20250528,신당,합정,16,10
20250528,신당,합정,17,7
20250528,신당,합정,18,14
20250528,신당,합정,19,9
20250528,신당,합정,20,8
20250528,신당,합정,21,3
20250528,신당,합정,22,2
20250528,신당,합정,23,5
20250528,신당,홍대입구,0,6
20250528,신당,홍대입구,5,5
20250528,신당,홍대입구,6,10
20250528,신당,홍대입구,7,10
20250528,신당,홍대입구,8,39
20250528,신당,홍대입구,9,34
20250528,신당,홍대입구,10,26
20250528,신당,홍대입구,11,22
20250528,신당,홍대입구,12,19
20250528,신당,홍대입구,13,12
20250528,신당,홍대입구,14,14
20250528,신당,홍대입구,15,16
20250528,신당,홍대입구,16,21
20250528,신당,홍대입구,17,20
20250528,신당,홍대입구,18,32
20250528,신당,홍대입구,19,18
20250528,신당,홍대입구,20,23
20250528,신당,홍대입구,21,14
20250528,신당,홍대입구,22,15
20250528,신당,홍대입구,23,7
20250528,신대방,강남,0,2
20250528,신대방,강남,5,46
20250528,신대방,강남,6,69
20250528,신대방,강남,7,188
20250528,신대방,강남,8,396
20250528,신대방,강남,9,288
20250528,신대방,강남,10,75
20250528,신대방,강남,11,52
20250528,신대방,강남,12,46
20250528,신대방,강남,13,45
20250528,신대방,강남,14,43
20250528,신대방,강남,15,29
20250528,신대방,강남,16,45
20250528,신대방,강남,17,28
20250528,신대방,강남,18,29
20250528,신대방,강남,19,26
20250528,신대방,강남,20,14
20250528,신대방,강남,21,13
20250528,신대방,강남,22,6
20250528,신대방,강남,23,1
20250528,신대방,강변(동서울터미널),5,5
20250528,신대방,강변(동서울터미널),6,7
20250528,신대방,강변(동서울터미널),7,9
20250528,신대방,강변(동서울터미널),8,3
20250528,신대방,강변(동서울터미널),9,5
20250528,신대방,강변(동서울터미널),10,2
20250528,신대방,강변(동서울터미널),11,4
20250528,신대방,강변(동서울터미널),12,3
20250528,신대방,강변(동서울터미널),13,7
20250528,신대방,강변(동서울터미널),14,3
20250528,신대방,강변(동서울터미널),15,7
20250528,신대방,강변(동서울터미널),16,9
20250528,신대방,강변(동서울터미널),17,2
20250528,신대방,강변(동서울터미널),18,4
20250528,신대방,강변(동서울터미널),19,4
20250528,신대방,강변(동서울터미널),20,3
20250528,신대방,강변(동서울터미널),22,1
20250528,신대방,강변(동서울터미널),23,1
20250528,신대방,건대입구,0,1
20250528,신대방,건대입구,4,1
20250528,신대방,건대입구,5,4
20250528,신대방,건대입구,6,3
20250528,신대방,건대입구,7,22
20250528,신대방,건대입구,8,13
20250528,신대방,건대입구,9,16
20250528,신대방,건대입구,10,9
20250528,신대방,건대입구,11,3
20250528,신대방,건대입구,12,6
20250528,신대방,건대입구,13,2
20250528,신대방,건대입구,14,2
20250528,신대방,건대입구,15,6
20250528,신대방,건대입구,16,5
20250528,신대방,건대입구,17,5
20250528,신대방,건대입구,18,3
20250528,신대방,건대입구,19,3
20250528,신대방,건대입구,21,1
20250528,신대방,건대입구,22,3
20250528,신대방,교대(법원.검찰청),5,30
20250528,신대방,교대(법원.검찰청),6,31
20250528,신대방,교대(법원.검찰청),7,65
20250528,신대방,교대(법원.검찰청),8,138
20250528,신대방,교대(법원.검찰청),9,77
20250528,신대방,교대(법원.검찰청),10,24
20250528,신대방,교대(법원.검찰청),11,24
20250528,신대방,교대(법원.검찰청),12,15
20250528,신대방,교대(법원.검찰청),13,15
20250528,신대방,교대(법원.검찰청),14,13
20250528,신대방,교대(법원.검찰청),15,9
20250528,신대방,교대(법원.검찰청),16,11
20250528,신대방,교대(법원.검찰청),17,7
20250528,신대방,교대(법원.검찰청),18,12
20250528,신대방,교대(법원.검찰청),19,3
20250528,신대방,교대(법원.검찰청),20,6
20250528,신대방,교대(법원.검찰청),21,3
20250528,신대방,교대(법원.검찰청),23,1
20250528,신대방,구로디지털단지,0,1
20250528,신대방,구로디지털단지,5,6
20250528,신대방,구로디지털단지,6,15
20250528,신대방,구로디지털단지,7,31
20250528,신대방,구로디지털단지,8,121
20250528,신대방,구로디지털단지,9,78
20250528,신대방,구로디지털단지,10,36
20250528,신대방,구로디지털단지,11,25
20250528,신대방,구로디지털단지,12,31
20250528,신대방,구로디지털단지,13,46
20250528,신대방,구로디지털단지,14,29
20250528,신대방,구로디지털단지,15,38
20250528,신대방,구로디지털단지,16,46
20250528,신대방,구로디지털단지,17,35
20250528,신대방,구로디지털단지,18,30
20250528,신대방,구로디지털단지,19,26
20250528,신대방,구로디지털단지,20,29
20250528,신대방,구로디지털단지,21,13
20250528,신대방,구로디지털단지,22,13
20250528,신대방,구로디지털단지,23,4
20250528,신대방,구의(광진구청),5,5
20250528,신대방,구의(광진구청),6,2
20250528,신대방,구의(광진구청),7,7
20250528,신대방,구의(광진구청),8,6
20250528,신대방,구의(광진구청),9,10
20250528,신대방,구의(광진구청),10,6
20250528,신대방,구의(광진구청),11,1
20250528,신대방,구의(광진구청),12,3
20250528,신대방,구의(광진구청),13,3
20250528,신대방,구의(광진구청),14,5
20250528,신대방,구의(광진구청),16,2
20250528,신대방,구의(광진구청),17,7
20250528,신대방,구의(광진구청),18,1
20250528,신대방,구의(광진구청),19,2
20250528,신대방,구의(광진구청),20,1
20250528,신대방,구의(광진구청),22,2
20250528,신대방,구의(광진구청),23,1
20250528,신대방,낙성대,0,1
20250528,신대방,낙성대,5,9
20250528,신대방,낙성대,6,9
20250528,신대방,낙성대,7,33
20250528,신대방,낙성대,8,48
20250528,신대방,낙성대,9,26
20250528,신대방,낙성대,10,13
20250528,신대방,낙성대,11,18
20250528,신대방,낙성대,12,12
20250528,신대방,낙성대,13,34
20250528,신대방,낙성대,14,21
20250528,신대방,낙성대,15,20
20250528,신대방,낙성대,16,39
20250528,신대방,낙성대,17,26
20250528,신대방,낙성대,18,25
20250528,신대방,낙성대,19,20
20250528,신대방,낙성대,20,16
20250528,신대방,낙성대,21,20
20250528,신대방,낙성대,22,10
20250528,신대방,낙성대,23,10
20250528,신대방,당산,0,4
20250528,신대방,당산,5,12
20250528,신대방,당산,6,27
20250528,신대방,당산,7,37
20250528,신대방,당산,8,82
20250528,신대방,당산,9,35
20250528,신대방,당산,10,9
20250528,신대방,당산,11,9
20250528,신대방,당산,12,8
20250528,신대방,당산,13,18
20250528,신대방,당산,14,14
20250528,신대방,당산,15,16
20250528,신대방,당산,16,24
20250528,신대방,당산,17,18
20250528,신대방,당산,18,22
20250528,신대방,당산,19,18
20250528,신대방,당산,20,9
20250528,신대방,당산,21,15
20250528,신대방,당산,22,6
20250528,신대방,당산,23,1
20250528,신대방,대림(구로구청),0,1
20250528,신대방,대림(구로구청),5,12
20250528,신대방,대림(구로구청),6,14
20250528,신대방,대림(구로구청),7,38
20250528,신대방,대림(구로구청),8,71
20250528,신대방,대림(구로구청),9,50
20250528,신대방,대림(구로구청),10,36
20250528,신대방,대림(구로구청),11,28
20250528,신대방,대림(구로구청),12,28
20250528,신대방,대림(구로구청),13,43
20250528,신대방,대림(구로구청),14,42
20250528,신대방,대림(구로구청),15,32
20250528,신대방,대림(구로구청),16,46
20250528,신대방,대림(구로구청),17,33
20250528,신대방,대림(구로구청),18,32
20250528,신대방,대림(구로구청),19,29
20250528,신대방,대림(구로구청),20,22
20250528,신대방,대림(구로구청),21,28
20250528,신대방,대림(구로구청),22,16
20250528,신대방,대림(구로구청),23,8
20250528,신대방,동대문역사문화공원,0,1
20250528,신대방,동대문역사문화공원,5,2
20250528,신대방,동대문역사문화공원,6,8
20250528,신대방,동대문역사문화공원,7,17
20250528,신대방,동대문역사문화공원,8,28
20250528,신대방,동대문역사문화공원,9,17
20250528,신대방,동대문역사문화공원,10,10
20250528,신대방,동대문역사문화공원,11,14
20250528,신대방,동대문역사문화공원,12,8
20250528,신대방,동대문역사문화공원,13,2
20250528,신대방,동대문역사문화공원,14,4
20250528,신대방,동대문역사문화공원,15,2
20250528,신대방,동대문역사문화공원,16,2
20250528,신대방,동대문역사문화공원,17,6
20250528,신대방,동대문역사문화공원,18,4
20250528,신대방,동대문역사문화공원,19,11
20250528,신대방,동대문역사문화공원,20,6
20250528,신대방,동대문역사문화공원,21,1
20250528,신대방,동대문역사문화공원,22,2
20250528,신대방,동대문역사문화공원,23,1
20250528,신대방,뚝섬,5,2
20250528,신대방,뚝섬,6,7
20250528,신대방,뚝섬,7,22
20250528,신대방,뚝섬,8,23
20250528,신대방,뚝섬,9,12
20250528,신대방,뚝섬,10,5
20250528,신대방,뚝섬,11,2
20250528,신대방,뚝섬,12,6
20250528,신대방,뚝섬,13,1
20250528,신대방,뚝섬,14,3
20250528,신대방,뚝섬,17,1
20250528,신대방,뚝섬,20,1
20250528,신대방,문래,0,1
20250528,신대방,문래,5,4
20250528,신대방,문래,6,24
20250528,신대방,문래,7,56
20250528,신대방,문래,8,152
20250528,신대방,문래,9,65
20250528,신대방,문래,10,9
20250528,신대방,문래,11,14
20250528,신대방,문래,12,11
20250528,신대방,문래,13,21
20250528,신대방,문래,14,11
20250528,신대방,문래,15,16
20250528,신대방,문래,16,13
20250528,신대방,문래,17,14
20250528,신대방,문래,18,27
20250528,신대방,문래,19,10
20250528,신대방,문래,20,2
20250528,신대방,문래,21,9
20250528,신대방,문래,22,10
20250528,신대방,문래,23,2
20250528,신대방,방배,0,1
20250528,신대방,방배,4,1
20250528,신대방,방배,5,15
20250528,신대방,방배,6,15
20250528,신대방,방배,7,58
20250528,신대방,방배,8,104
20250528,신대방,방배,9,33
20250528,신대방,방배,10,30
20250528,신대방,방배,11,13
20250528,신대방,방배,12,30
20250528,신대방,방배,13,9
20250528,신대방,방배,14,15
20250528,신대방,방배,15,15
20250528,신대방,방배,16,9
20250528,신대방,방배,17,10
20250528,신대방,방배,18,18
20250528,신대방,방배,19,8
20250528,신대방,방배,20,6
20250528,신대방,방배,21,5
20250528,신대방,방배,22,2
20250528,신대방,봉천,0,1
20250528,신대방,봉천,5,6
20250528,신대방,봉천,6,9
20250528,신대방,봉천,7,21
20250528,신대방,봉천,8,32
20250528,신대방,봉천,9,39
20250528,신대방,봉천,10,31
20250528,신대방,봉천,11,20
20250528,신대방,봉천,12,27
20250528,신대방,봉천,13,29
20250528,신대방,봉천,14,26
20250528,신대방,봉천,15,27
20250528,신대방,봉천,16,35
20250528,신대방,봉천,17,21
20250528,신대방,봉천,18,33
20250528,신대방,봉천,19,18
20250528,신대방,봉천,20,19
20250528,신대방,봉천,21,12
20250528,신대방,봉천,22,7
20250528,신대방,봉천,23,5
20250528,신대방,사당,0,1
20250528,신대방,사당,4,1
20250528,신대방,사당,5,24
20250528,신대방,사당,6,24
20250528,신대방,사당,7,56
20250528,신대방,사당,8,63
20250528,신대방,사당,9,57
20250528,신대방,사당,10,42
20250528,신대방,사당,11,29
20250528,신대방,사당,12,26
20250528,신대방,사당,13,18
20250528,신대방,사당,14,18
20250528,신대방,사당,15,20
20250528,신대방,사당,16,37
20250528,신대방,사당,17,39
20250528,신대방,사당,18,35
20250528,신대방,사당,19,12
20250528,신대방,사당,20,16
20250528,신대방,사당,21,9
20250528,신대방,사당,22,8
20250528,신대방,사당,23,7
20250528,신대방,삼성(무역센터),0,1
20250528,신대방,삼성(무역센터),5,50
20250528,신대방,삼성(무역센터),6,58
20250528,신대방,삼성(무역센터),7,151
20250528,신대방,삼성(무역센터),8,214
20250528,신대방,삼성(무역센터),9,100
20250528,신대방,삼성(무역센터),10,44
20250528,신대방,삼성(무역센터),11,24
20250528,신대방,삼성(무역센터),12,18
20250528,신대방,삼성(무역센터),13,12
20250528,신대방,삼성(무역센터),14,9
20250528,신대방,삼성(무역센터),15,12
20250528,신대방,삼성(무역센터),16,13
20250528,신대방,삼성(무역센터),17,9
20250528,신대방,삼성(무역센터),18,9
20250528,신대방,삼성(무역센터),19,4
20250528,신대방,삼성(무역센터),20,4
20250528,신대방,삼성(무역센터),22,2
20250528,신대방,상왕십리,5,1
20250528,신대방,상왕십리,6,2
20250528,신대방,상왕십리,7,12
20250528,신대방,상왕십리,8,8
20250528,신대방,상왕십리,9,1
20250528,신대방,상왕십리,10,3
20250528,신대방,상왕십리,11,1
20250528,신대방,상왕십리,12,1
20250528,신대방,상왕십리,13,1
20250528,신대방,상왕십리,14,2
20250528,신대방,상왕십리,16,3
20250528,신대방,상왕십리,18,2
20250528,신대방,상왕십리,21,3
20250528,신대방,상왕십리,22,3
20250528,신대방,서울대입구(관악구청),0,4
20250528,신대방,서울대입구(관악구청),5,7
20250528,신대방,서울대입구(관악구청),6,18
20250528,신대방,서울대입구(관악구청),7,50
20250528,신대방,서울대입구(관악구청),8,98
20250528,신대방,서울대입구(관악구청),9,96
20250528,신대방,서울대입구(관악구청),10,54
20250528,신대방,서울대입구(관악구청),11,45
20250528,신대방,서울대입구(관악구청),12,38
20250528,신대방,서울대입구(관악구청),13,44
20250528,신대방,서울대입구(관악구청),14,44
20250528,신대방,서울대입구(관악구청),15,44
20250528,신대방,서울대입구(관악구청),16,52
20250528,신대방,서울대입구(관악구청),17,44
20250528,신대방,서울대입구(관악구청),18,47
20250528,신대방,서울대입구(관악구청),19,34
20250528,신대방,서울대입구(관악구청),20,15
20250528,신대방,서울대입구(관악구청),21,15
20250528,신대방,서울대입구(관악구청),22,18
20250528,신대방,서울대입구(관악구청),23,5
20250528,신대방,서초,5,23
20250528,신대방,서초,6,30
20250528,신대방,서초,7,65
20250528,신대방,서초,8,131
20250528,신대방,서초,9,66
20250528,신대방,서초,10,23
20250528,신대방,서초,11,12
20250528,신대방,서초,12,10
20250528,신대방,서초,13,8
20250528,신대방,서초,14,9
20250528,신대방,서초,15,4
20250528,신대방,서초,16,6
20250528,신대방,서초,17,8
20250528,신대방,서초,18,6
20250528,신대방,서초,19,4
20250528,신대방,서초,20,2
20250528,신대방,서초,21,3
20250528,신대방,서초,22,3
20250528,신대방,선릉,0,3
20250528,신대방,선릉,5,38
20250528,신대방,선릉,6,49
20250528,신대방,선릉,7,131
20250528,신대방,선릉,8,228
20250528,신대방,선릉,9,135
20250528,신대방,선릉,10,44
20250528,신대방,선릉,11,28
20250528,신대방,선릉,12,33
20250528,신대방,선릉,13,23
20250528,신대방,선릉,14,8
20250528,신대방,선릉,15,14
20250528,신대방,선릉,16,15
20250528,신대방,선릉,17,9
20250528,신대방,선릉,18,12
20250528,신대방,선릉,19,9
20250528,신대방,선릉,20,6
20250528,신대방,선릉,21,2
20250528,신대방,선릉,22,1
20250528,신대방,선릉,23,4
20250528,신대방,성수,5,12
20250528,신대방,성수,6,12
20250528,신대방,성수,7,54
20250528,신대방,성수,8,33
20250528,신대방,성수,9,16
20250528,신대방,성수,10,7
20250528,신대방,성수,11,8
20250528,신대방,성수,12,7
20250528,신대방,성수,13,9
20250528,신대방,성수,14,5
20250528,신대방,성수,15,10
20250528,신대방,성수,16,4
20250528,신대방,성수,17,6
20250528,신대방,성수,18,3
20250528,신대방,성수,21,3
20250528,신대방,시청,5,6
20250528,신대방,시청,6,18
20250528,신대방,시청,7,77
20250528,신대방,시청,8,125
20250528,신대방,시청,9,34
20250528,신대방,시청,10,12
20250528,신대방,시청,11,7
20250528,신대방,시청,12,9
20250528,신대방,시청,13,5
20250528,신대방,시청,14,6
20250528,신대방,시청,15,2
20250528,신대방,시청,16,4
20250528,신대방,시청,17,2
20250528,신대방,시청,18,1
20250528,신대방,시청,19,3
20250528,신대방,시청,20,3
20250528,신대방,시청,21,1
20250528,신대방,시청,22,1
20250528,신대방,신당,5,1
20250528,신대방,신당,6,4
20250528,신대방,신당,7,14
20250528,신대방,신당,8,14
20250528,신대방,신당,9,7
20250528,신대방,신당,10,2
20250528,신대방,신당,11,5
20250528,신대방,신당,12,2
20250528,신대방,신당,14,3
20250528,신대방,신당,15,1
20250528,신대방,신당,16,1
20250528,신대방,신당,17,3
20250528,신대방,신당,18,3
20250528,신대방,신당,19,5
20250528,신대방,신당,21,2
20250528,신대방,신당,22,2
20250528,신대방,신당,23,1
20250528,신대방,신대방,0,6
20250528,신대방,신대방,4,2
20250528,신대방,신대방,5,2
20250528,신대방,신대방,6,8
20250528,신대방,신대방,7,9
20250528,신대방,신대방,8,9
20250528,신대방,신대방,9,13
20250528,신대방,신대방,10,14
20250528,신대방,신대방,11,19
20250528,신대방,신대방,12,14
20250528,신대방,신대방,13,17
20250528,신대방,신대방,14,27
20250528,신대방,신대방,15,28
20250528,신대방,신대방,16,18
20250528,신대방,신대방,17,18
20250528,신대방,신대방,18,23
20250528,신대방,신대방,19,28
20250528,신대방,신대방,20,21
20250528,신대방,신대방,21,13
20250528,신대방,신대방,22,14
20250528,신대방,신대방,23,10
20250528,신대방,신도림,0,2
20250528,신대방,신도림,5,8
20250528,신대방,신도림,6,14
20250528,신대방,신도림,7,51
20250528,신대방,신도림,8,112
20250528,신대방,신도림,9,67
20250528,신대방,신도림,10,47
20250528,신대방,신도림,11,39
20250528,신대방,신도림,12,41
20250528,신대방,신도림,13,45
20250528,신대방,신도림,14,33
20250528,신대방,신도림,15,54
20250528,신대방,신도림,16,46
20250528,신대방,신도림,17,51
20250528,신대방,신도림,18,43
20250528,신대방,신도림,19,17
20250528,신대방,신도림,20,15
20250528,신대방,신도림,21,20
20250528,신대방,신도림,22,12
20250528,신대방,신도림,23,8
20250528,신대방,신림,0,6
20250528,신대방,신림,5,2
20250528,신대방,신림,6,16
20250528,신대방,신림,7,25
20250528,신대방,신림,8,53
20250528,신대방,신림,9,36
20250528,신대방,신림,10,42
20250528,신대방,신림,11,30
20250528,신대방,신림,12,37
20250528,신대방,신림,13,38
20250528,신대방,신림,14,33
20250528,신대방,신림,15,43
20250528,신대방,신림,16,41
20250528,신대방,신림,17,51
20250528,신대방,신림,18,69
20250528,신대방,신림,19,52
20250528,신대방,신림,20,35
20250528,신대방,신림,21,30
20250528,신대방,신림,22,28
20250528,신대방,신림,23,8
20250528,신대방,신촌,5,7
20250528,신대방,신촌,6,27
20250528,신대방,신촌,7,58
20250528,신대방,신촌,8,48
20250528,신대방,신촌,9,60
20250528,신대방,신촌,10,32
20250528,신대방,신촌,11,18
20250528,신대방,신촌,12,23
20250528,신대방,신촌,13,25
20250528,신대방,신촌,14,15
20250528,신대방,신촌,15,10
20250528,신대방,신촌,16,11
20250528,신대방,신촌,17,10
20250528,신대방,신촌,18,10
20250528,신대방,신촌,19,6
20250528,신대방,신촌,20,6
20250528,신대방,신촌,21,6
20250528,신대방,신촌,22,6
20250528,신대방,신촌,23,6
20250528,신대방,아현,5,2
20250528,신대방,아현,6,5
20250528,신대방,아현,7,24
20250528,신대방,아현,8,25
20250528,신대방,아현,9,3
20250528,신대방,아현,10,3
20250528,신대방,아현,11,1
20250528,신대방,아현,12,2
20250528,신대방,아현,13,3
20250528,신대방,아현,14,1
20250528,신대방,아현,15,1
20250528,신대방,아현,16,2
20250528,신대방,아현,17,6
20250528,신대방,아현,18,1
20250528,신대방,아현,19,4
20250528,신대방,아현,20,4
20250528,신대방,아현,21,5
20250528,신대방,아현,22,4
20250528,신대방,역삼,5,36
20250528,신대방,역삼,6,39
20250528,신대방,역삼,7,158
20250528,신대방,역삼,8,268
20250528,신대방,역삼,9,160
20250528,신대방,역삼,10,45
20250528,신대방,역삼,11,25
20250528,신대방,역삼,12,13
20250528,신대방,역삼,13,15
20250528,신대방,역삼,14,16
20250528,신대방,역삼,15,13
20250528,신대방,역삼,16,7
20250528,신대방,역삼,17,8
20250528,신대방,역삼,18,6
20250528,신대방,역삼,19,7
20250528,신대방,역삼,20,9
20250528,신대방,역삼,21,4
20250528,신대방,역삼,22,5
20250528,신대방,영등포구청,5,9
20250528,신대방,영등포구청,6,12
20250528,신대방,영등포구청,7,59
20250528,신대방,영등포구청,8,129
20250528,신대방,영등포구청,9,63
20250528,신대방,영등포구청,10,15
20250528,신대방,영등포구청,11,11
20250528,신대방,영등포구청,12,11
20250528,신대방,영등포구청,13,16
20250528,신대방,영등포구청,14,12
20250528,신대방,영등포구청,15,14
20250528,신대방,영등포구청,16,20
20250528,신대방,영등포구청,17,20
20250528,신대방,영등포구청,18,21
20250528,신대방,영등포구청,19,9
20250528,신대방,영등포구청,20,13
20250528,신대방,영등포구청,21,3
20250528,신대방,영등포구청,22,7
20250528,신대방,영등포구청,23,4
20250528,신대방,왕십리(성동구청),5,1
20250528,신대방,왕십리(성동구청),6,3
20250528,신대방,왕십리(성동구청),7,5
20250528,신대방,왕십리(성동구청),8,6
20250528,신대방,왕십리(성동구청),9,7
20250528,신대방,왕십리(성동구청),10,2
20250528,신대방,왕십리(성동구청),11,3
20250528,신대방,왕십리(성동구청),12,1
20250528,신대방,왕십리(성동구청),14,1
20250528,신대방,왕십리(성동구청),15,4
20250528,신대방,왕십리(성동구청),16,7
20250528,신대방,왕십리(성동구청),17,2
20250528,신대방,왕십리(성동구청),19,1
20250528,신대방,왕십리(성동구청),20,1
20250528,신대방,용두(동대문구청),7,1
20250528,신대방,용두(동대문구청),9,1
20250528,신대방,용두(동대문구청),16,1
20250528,신대방,용두(동대문구청),18,1
20250528,신대방,용두(동대문구청),19,1
20250528,신대방,을지로3가,5,6
20250528,신대방,을지로3가,6,12
20250528,신대방,을지로3가,7,63
20250528,신대방,을지로3가,8,67
20250528,신대방,을지로3가,9,23
20250528,신대방,을지로3가,10,8
20250528,신대방,을지로3가,11,3
20250528,신대방,을지로3가,12,9
20250528,신대방,을지로3가,13,6
20250528,신대방,을지로3가,14,3
20250528,신대방,을지로3가,15,3
20250528,신대방,을지로3가,16,7
20250528,신대방,을지로3가,17,5
20250528,신대방,을지로3가,18,5
20250528,신대방,을지로3가,19,1
20250528,신대방,을지로3가,20,2
20250528,신대방,을지로3가,22,1
20250528,신대방,을지로4가,5,5
20250528,신대방,을지로4가,6,6
20250528,신대방,을지로4가,7,43
20250528,신대방,을지로4가,8,30
20250528,신대방,을지로4가,9,17
20250528,신대방,을지로4가,10,4
20250528,신대방,을지로4가,11,3
20250528,신대방,을지로4가,12,4
20250528,신대방,을지로4가,13,1
20250528,신대방,을지로4가,14,2
20250528,신대방,을지로4가,15,2
20250528,신대방,을지로4가,16,3
20250528,신대방,을지로4가,18,2
20250528,신대방,을지로입구,5,3
20250528,신대방,을지로입구,6,27
20250528,신대방,을지로입구,7,108
20250528,신대방,을지로입구,8,149
20250528,신대방,을지로입구,9,54
20250528,신대방,을지로입구,10,26
20250528,신대방,을지로입구,11,17
20250528,신대방,을지로입구,12,21
20250528,신대방,을지로입구,13,13
20250528,신대방,을지로입구,14,6
20250528,신대방,을지로입구,15,8
20250528,신대방,을지로입구,16,8
20250528,신대방,을지로입구,17,9
20250528,신대방,을지로입구,18,5
20250528,신대방,을지로입구,19,3
20250528,신대방,을지로입구,20,2
20250528,신대방,을지로입구,21,1
20250528,신대방,을지로입구,22,2
20250528,신대방,을지로입구,23,1
20250528,신대방,이대,5,2
20250528,신대방,이대,6,6
20250528,신대방,이대,7,18
20250528,신대방,이대,8,32
20250528,신대방,이대,9,20
20250528,신대방,이대,10,16
20250528,신대방,이대,11,17
20250528,신대방,이대,12,9
20250528,신대방,이대,13,10
20250528,신대방,이대,14,5
20250528,신대방,이대,15,4
20250528,신대방,이대,16,5
20250528,신대방,이대,17,10
20250528,신대방,이대,18,6
20250528,신대방,이대,19,6
20250528,신대방,이대,20,2
20250528,신대방,이대,22,1
20250528,신대방,잠실(송파구청),5,9
20250528,신대방,잠실(송파구청),6,22
20250528,신대방,잠실(송파구청),7,67
20250528,신대방,잠실(송파구청),8,71
20250528,신대방,잠실(송파구청),9,37
20250528,신대방,잠실(송파구청),10,28
20250528,신대방,잠실(송파구청),11,17
20250528,신대방,잠실(송파구청),12,10
20250528,신대방,잠실(송파구청),13,18
20250528,신대방,잠실(송파구청),14,15
20250528,신대방,잠실(송파구청),15,13
20250528,신대방,잠실(송파구청),16,10
20250528,신대방,잠실(송파구청),17,19
20250528,신대방,잠실(송파구청),18,20
20250528,신대방,잠실(송파구청),19,6
20250528,신대방,잠실(송파구청),20,13
20250528,신대방,잠실(송파구청),21,6
20250528,신대방,잠실(송파구청),22,6
20250528,신대방,잠실(송파구청),23,4
20250528,신대방,잠실나루,5,11
20250528,신대방,잠실나루,6,3
20250528,신대방,잠실나루,7,16
20250528,신대방,잠실나루,8,12
20250528,신대방,잠실나루,9,5
20250528,신대방,잠실나루,10,1
20250528,신대방,잠실나루,11,5
20250528,신대방,잠실나루,12,7
20250528,신대방,잠실나루,13,3
20250528,신대방,잠실나루,14,5
20250528,신대방,잠실나루,15,2
20250528,신대방,잠실나루,16,1
20250528,신대방,잠실나루,18,2
20250528,신대방,잠실나루,19,1
20250528,신대방,잠실나루,20,1
20250528,신대방,잠실새내,5,2
20250528,신대방,잠실새내,6,5
20250528,신대방,잠실새내,7,8
20250528,신대방,잠실새내,8,14
20250528,신대방,잠실새내,9,4
20250528,신대방,잠실새내,10,4
20250528,신대방,잠실새내,11,6
20250528,신대방,잠실새내,12,4
20250528,신대방,잠실새내,13,3
20250528,신대방,잠실새내,15,6
20250528,신대방,잠실새내,16,2
20250528,신대방,잠실새내,17,10
20250528,신대방,잠실새내,18,6
20250528,신대방,잠실새내,19,4
20250528,신대방,잠실새내,20,1
20250528,신대방,잠실새내,21,2
20250528,신대방,잠실새내,22,3
20250528,신대방,잠실새내,23,2
20250528,신대방,종합운동장,5,13
20250528,신대방,종합운동장,6,5
20250528,신대방,종합운동장,7,11
20250528,신대방,종합운동장,8,11
20250528,신대방,종합운동장,9,4
20250528,신대방,종합운동장,11,1
20250528,신대방,종합운동장,12,3
20250528,신대방,종합운동장,13,2
20250528,신대방,종합운동장,14,2
20250528,신대방,종합운동장,15,4
20250528,신대방,종합운동장,16,17
20250528,신대방,종합운동장,17,21
20250528,신대방,종합운동장,18,4
20250528,신대방,종합운동장,20,3
20250528,신대방,종합운동장,21,1
20250528,신대방,종합운동장,22,3
20250528,신대방,충정로(경기대입구),6,5
20250528,신대방,충정로(경기대입구),7,35
20250528,신대방,충정로(경기대입구),8,37
20250528,신대방,충정로(경기대입구),9,6
20250528,신대방,충정로(경기대입구),10,2
20250528,신대방,충정로(경기대입구),11,4
20250528,신대방,충정로(경기대입구),12,2
20250528,신대방,충정로(경기대입구),13,1
20250528,신대방,충정로(경기대입구),14,1
20250528,신대방,충정로(경기대입구),17,1
20250528,신대방,충정로(경기대입구),18,1
20250528,신대방,충정로(경기대입구),20,2
20250528,신대방,충정로(경기대입구),21,2
20250528,신대방,충정로(경기대입구),22,1
20250528,신대방,한양대,5,2
20250528,신대방,한양대,6,2
20250528,신대방,한양대,7,10
20250528,신대방,한양대,8,13
20250528,신대방,한양대,9,11
20250528,신대방,한양대,10,3
20250528,신대방,한양대,11,2
20250528,신대방,한양대,12,8
20250528,신대방,한양대,13,3
20250528,신대방,한양대,14,2
20250528,신대방,한양대,15,1
20250528,신대방,한양대,18,1
20250528,신대방,한양대,19,2
20250528,신대방,한양대,20,1
20250528,신대방,한양대,21,1
20250528,신대방,합정,0,1
20250528,신대방,합정,5,10
20250528,신대방,합정,6,23
20250528,신대방,합정,7,47
20250528,신대방,합정,8,96
20250528,신대방,합정,9,90
20250528,신대방,합정,10,25
20250528,신대방,합정,11,23
20250528,신대방,합정,12,16
20250528,신대방,합정,13,18
20250528,신대방,합정,14,22
20250528,신대방,합정,15,15
20250528,신대방,합정,16,28
20250528,신대방,합정,17,27
20250528,신대방,합정,18,31
20250528,신대방,합정,19,13
20250528,신대방,합정,20,9
20250528,신대방,합정,21,10
20250528,신대방,합정,22,6
20250528,신대방,합정,23,4
20250528,신대방,홍대입구,0,2
20250528,신대방,홍대입구,4,1
20250528,신대방,홍대입구,5,5
20250528,신대방,홍대입구,6,14
20250528,신대방,홍대입구,7,37
20250528,신대방,홍대입구,8,107
20250528,신대방,홍대입구,9,109
20250528,신대방,홍대입구,10,45
20250528,신대방,홍대입구,11,39
20250528,신대방,홍대입구,12,51
20250528,신대방,홍대입구,13,48
20250528,신대방,홍대입구,14,37
20250528,신대방,홍대입구,15,37
20250528,신대방,홍대입구,16,44
20250528,신대방,홍대입구,17,43
20250528,신대방,홍대입구,18,40
20250528,신대방,홍대입구,19,20
20250528,신대방,홍대입구,20,10
20250528,신대방,홍대입구,21,21
20250528,신대방,홍대입구,22,8
20250528,신대방,홍대입구,23,5
20250528,신도림,강남,0,1
20250528,신도림,강남,4,10
20250528,신도림,강남,5,65
20250528,신도림,강남,6,130
20250528,신도림,강남,7,377
20250528,신도림,강남,8,280
20250528,신도림,강남,9,185
20250528,신도림,강남,10,69
20250528,신도림,강남,11,41
20250528,신도림,강남,12,52
20250528,신도림,강남,13,49
20250528,신도림,강남,14,33
20250528,신도림,강남,15,27
20250528,신도림,강남,16,43
20250528,신도림,강남,17,49
20250528,신도림,강남,18,52
20250528,신도림,강남,19,17
20250528,신도림,강남,20,15
20250528,신도림,강남,21,9
20250528,신도림,강남,22,16
20250528,신도림,강남,23,8
20250528,신도림,강변(동서울터미널),5,11
20250528,신도림,강변(동서울터미널),6,4
20250528,신도림,강변(동서울터미널),7,9
20250528,신도림,강변(동서울터미널),8,9
20250528,신도림,강변(동서울터미널),9,7
20250528,신도림,강변(동서울터미널),10,7
20250528,신도림,강변(동서울터미널),11,4
20250528,신도림,강변(동서울터미널),12,2
20250528,신도림,강변(동서울터미널),13,3
20250528,신도림,강변(동서울터미널),14,11
20250528,신도림,강변(동서울터미널),15,7
20250528,신도림,강변(동서울터미널),16,7
20250528,신도림,강변(동서울터미널),17,6
20250528,신도림,강변(동서울터미널),18,17
20250528,신도림,강변(동서울터미널),19,2
20250528,신도림,강변(동서울터미널),20,1
20250528,신도림,강변(동서울터미널),21,2
20250528,신도림,강변(동서울터미널),22,4
20250528,신도림,건대입구,0,1
20250528,신도림,건대입구,4,1
20250528,신도림,건대입구,5,3
20250528,신도림,건대입구,6,7
20250528,신도림,건대입구,7,19
20250528,신도림,건대입구,8,7
20250528,신도림,건대입구,9,20
20250528,신도림,건대입구,10,7
20250528,신도림,건대입구,11,8
20250528,신도림,건대입구,12,11
20250528,신도림,건대입구,13,4
20250528,신도림,건대입구,14,7
20250528,신도림,건대입구,15,7
20250528,신도림,건대입구,16,8
20250528,신도림,건대입구,17,10
20250528,신도림,건대입구,18,11
20250528,신도림,건대입구,19,10
20250528,신도림,건대입구,20,5
20250528,신도림,건대입구,21,4
20250528,신도림,건대입구,22,7
20250528,신도림,건대입구,23,1
20250528,신도림,교대(법원.검찰청),0,1
20250528,신도림,교대(법원.검찰청),4,2
20250528,신도림,교대(법원.검찰청),5,22
20250528,신도림,교대(법원.검찰청),6,28
20250528,신도림,교대(법원.검찰청),7,113
20250528,신도림,교대(법원.검찰청),8,97
20250528,신도림,교대(법원.검찰청),9,44
20250528,신도림,교대(법원.검찰청),10,23
20250528,신도림,교대(법원.검찰청),11,22
20250528,신도림,교대(법원.검찰청),12,21
20250528,신도림,교대(법원.검찰청),13,21
20250528,신도림,교대(법원.검찰청),14,15
20250528,신도림,교대(법원.검찰청),15,19
20250528,신도림,교대(법원.검찰청),16,21
20250528,신도림,교대(법원.검찰청),17,24
20250528,신도림,교대(법원.검찰청),18,15
20250528,신도림,교대(법원.검찰청),19,10
20250528,신도림,교대(법원.검찰청),20,9
20250528,신도림,교대(법원.검찰청),21,2
20250528,신도림,교대(법원.검찰청),22,1
20250528,신도림,교대(법원.검찰청),23,2
20250528,신도림,구로디지털단지,0,9
20250528,신도림,구로디지털단지,5,21
20250528,신도림,구로디지털단지,6,28
20250528,신도림,구로디지털단지,7,88
20250528,신도림,구로디지털단지,8,238
20250528,신도림,구로디지털단지,9,150
20250528,신도림,구로디지털단지,10,61
20250528,신도림,구로디지털단지,11,68
20250528,신도림,구로디지털단지,12,63
20250528,신도림,구로디지털단지,13,83
20250528,신도림,구로디지털단지,14,76
20250528,신도림,구로디지털단지,15,95
20250528,신도림,구로디지털단지,16,102
20250528,신도림,구로디지털단지,17,139
20250528,신도림,구로디지털단지,18,183
20250528,신도림,구로디지털단지,19,108
20250528,신도림,구로디지털단지,20,88
20250528,신도림,구로디지털단지,21,86
20250528,신도림,구로디지털단지,22,62
20250528,신도림,구로디지털단지,23,25
20250528,신도림,구의(광진구청),5,4
20250528,신도림,구의(광진구청),6,5
20250528,신도림,구의(광진구청),7,11
20250528,신도림,구의(광진구청),8,7
20250528,신도림,구의(광진구청),9,7
20250528,신도림,구의(광진구청),10,5
20250528,신도림,구의(광진구청),11,5
20250528,신도림,구의(광진구청),12,6
20250528,신도림,구의(광진구청),13,4
20250528,신도림,구의(광진구청),14,4
20250528,신도림,구의(광진구청),15,7
20250528,신도림,구의(광진구청),16,5
20250528,신도림,구의(광진구청),17,9
20250528,신도림,구의(광진구청),18,11
20250528,신도림,구의(광진구청),19,6
20250528,신도림,구의(광진구청),20,9
20250528,신도림,구의(광진구청),21,6
20250528,신도림,구의(광진구청),22,5
20250528,신도림,낙성대,0,1
20250528,신도림,낙성대,4,1
20250528,신도림,낙성대,5,5
20250528,신도림,낙성대,6,12
20250528,신도림,낙성대,7,27
20250528,신도림,낙성대,8,34
20250528,신도림,낙성대,9,25
20250528,신도림,낙성대,10,11
20250528,신도림,낙성대,11,14
20250528,신도림,낙성대,12,11
20250528,신도림,낙성대,13,10
20250528,신도림,낙성대,14,21
20250528,신도림,낙성대,15,17
20250528,신도림,낙성대,16,20
20250528,신도림,낙성대,17,47
20250528,신도림,낙성대,18,45
20250528,신도림,낙성대,19,24
20250528,신도림,낙성대,20,11
20250528,신도림,낙성대,21,28
20250528,신도림,낙성대,22,11
20250528,신도림,낙성대,23,10
20250528,신도림,당산,0,6
20250528,신도림,당산,4,1
20250528,신도림,당산,5,21
20250528,신도림,당산,6,29
20250528,신도림,당산,7,69
20250528,신도림,당산,8,126
20250528,신도림,당산,9,32
20250528,신도림,당산,10,20
20250528,신도림,당산,11,18
20250528,신도림,당산,12,24
20250528,신도림,당산,13,36
20250528,신도림,당산,14,26
20250528,신도림,당산,15,33
20250528,신도림,당산,16,46
20250528,신도림,당산,17,57
20250528,신도림,당산,18,86
20250528,신도림,당산,19,42
20250528,신도림,당산,20,37
20250528,신도림,당산,21,26
20250528,신도림,당산,22,35
20250528,신도림,당산,23,15
20250528,신도림,대림(구로구청),0,6
20250528,신도림,대림(구로구청),4,2
20250528,신도림,대림(구로구청),5,12
20250528,신도림,대림(구로구청),6,4
20250528,신도림,대림(구로구청),7,21
20250528,신도림,대림(구로구청),8,44
20250528,신도림,대림(구로구청),9,36
20250528,신도림,대림(구로구청),10,56
20250528,신도림,대림(구로구청),11,54
20250528,신도림,대림(구로구청),12,48
20250528,신도림,대림(구로구청),13,45
20250528,신도림,대림(구로구청),14,56
20250528,신도림,대림(구로구청),15,67
20250528,신도림,대림(구로구청),16,64
20250528,신도림,대림(구로구청),17,79
20250528,신도림,대림(구로구청),18,55
20250528,신도림,대림(구로구청),19,56
20250528,신도림,대림(구로구청),20,46
20250528,신도림,대림(구로구청),21,27
20250528,신도림,대림(구로구청),22,23
20250528,신도림,대림(구로구청),23,12
20250528,신도림,동대문역사문화공원,5,4
20250528,신도림,동대문역사문화공원,6,23
20250528,신도림,동대문역사문화공원,7,33
20250528,신도림,동대문역사문화공원,8,22
20250528,신도림,동대문역사문화공원,9,19
20250528,신도림,동대문역사문화공원,10,17
20250528,신도림,동대문역사문화공원,11,14
20250528,신도림,동대문역사문화공원,12,9
20250528,신도림,동대문역사문화공원,13,6
20250528,신도림,동대문역사문화공원,14,13
20250528,신도림,동대문역사문화공원,15,5
20250528,신도림,동대문역사문화공원,16,6
20250528,신도림,동대문역사문화공원,17,8
20250528,신도림,동대문역사문화공원,18,11
20250528,신도림,동대문역사문화공원,19,16
20250528,신도림,동대문역사문화공원,20,6
20250528,신도림,동대문역사문화공원,21,2
20250528,신도림,동대문역사문화공원,22,5
20250528,신도림,뚝섬,5,20
20250528,신도림,뚝섬,6,11
20250528,신도림,뚝섬,7,43
20250528,신도림,뚝섬,8,61
20250528,신도림,뚝섬,9,34
20250528,신도림,뚝섬,10,6
20250528,신도림,뚝섬,11,9
20250528,신도림,뚝섬,12,8
20250528,신도림,뚝섬,13,3
20250528,신도림,뚝섬,14,6
20250528,신도림,뚝섬,15,9
20250528,신도림,뚝섬,16,5
20250528,신도림,뚝섬,17,10
20250528,신도림,뚝섬,18,5
20250528,신도림,뚝섬,19,4
20250528,신도림,뚝섬,20,1
20250528,신도림,뚝섬,21,2
20250528,신도림,뚝섬,22,1
20250528,신도림,뚝섬,23,2
20250528,신도림,문래,0,3
20250528,신도림,문래,4,1
20250528,신도림,문래,5,17
20250528,신도림,문래,6,16
20250528,신도림,문래,7,31
20250528,신도림,문래,8,88
20250528,신도림,문래,9,54
20250528,신도림,문래,10,26
20250528,신도림,문래,11,28
20250528,신도림,문래,12,39
20250528,신도림,문래,13,29
20250528,신도림,문래,14,26
20250528,신도림,문래,15,41
20250528,신도림,문래,16,42
20250528,신도림,문래,17,38
20250528,신도림,문래,18,64
20250528,신도림,문래,19,27
20250528,신도림,문래,20,30
20250528,신도림,문래,21,16
20250528,신도림,문래,22,10
20250528,신도림,문래,23,8
20250528,신도림,방배,4,1
20250528,신도림,방배,5,13
20250528,신도림,방배,6,26
20250528,신도림,방배,7,56
20250528,신도림,방배,8,55
20250528,신도림,방배,9,29
20250528,신도림,방배,10,24
20250528,신도림,방배,11,15
20250528,신도림,방배,12,19
20250528,신도림,방배,13,14
20250528,신도림,방배,14,10
20250528,신도림,방배,15,3
20250528,신도림,방배,16,9
20250528,신도림,방배,17,17
20250528,신도림,방배,18,16
20250528,신도림,방배,19,8
20250528,신도림,방배,20,4
20250528,신도림,방배,21,3
20250528,신도림,방배,22,7
20250528,신도림,방배,23,3
20250528,신도림,봉천,0,5
20250528,신도림,봉천,5,5
20250528,신도림,봉천,6,8
20250528,신도림,봉천,7,21
20250528,신도림,봉천,8,33
20250528,신도림,봉천,9,13
20250528,신도림,봉천,10,15
20250528,신도림,봉천,11,9
20250528,신도림,봉천,12,24
20250528,신도림,봉천,13,14
20250528,신도림,봉천,14,18
20250528,신도림,봉천,15,31
20250528,신도림,봉천,16,33
20250528,신도림,봉천,17,46
20250528,신도림,봉천,18,69
20250528,신도림,봉천,19,39
20250528,신도림,봉천,20,25
20250528,신도림,봉천,21,24
20250528,신도림,봉천,22,10
20250528,신도림,봉천,23,8
20250528,신도림,사당,0,1
20250528,신도림,사당,4,2
20250528,신도림,사당,5,17
20250528,신도림,사당,6,44
20250528,신도림,사당,7,78
20250528,신도림,사당,8,52
20250528,신도림,사당,9,28
20250528,신도림,사당,10,32
20250528,신도림,사당,11,21
20250528,신도림,사당,12,37
20250528,신도림,사당,13,18
20250528,신도림,사당,14,18
20250528,신도림,사당,15,33
20250528,신도림,사당,16,44
20250528,신도림,사당,17,52
20250528,신도림,사당,18,68
20250528,신도림,사당,19,37
20250528,신도림,사당,20,27
20250528,신도림,사당,21,18
20250528,신도림,사당,22,23
20250528,신도림,사당,23,14
20250528,신도림,삼성(무역센터),0,1
20250528,신도림,삼성(무역센터),4,10
20250528,신도림,삼성(무역센터),5,52
20250528,신도림,삼성(무역센터),6,110
20250528,신도림,삼성(무역센터),7,283
20250528,신도림,삼성(무역센터),8,183
20250528,신도림,삼성(무역센터),9,90
20250528,신도림,삼성(무역센터),10,31
20250528,신도림,삼성(무역센터),11,19
20250528,신도림,삼성(무역센터),12,27
20250528,신도림,삼성(무역센터),13,17
20250528,신도림,삼성(무역센터),14,13
20250528,신도림,삼성(무역센터),15,10
20250528,신도림,삼성(무역센터),16,9
20250528,신도림,삼성(무역센터),17,10
20250528,신도림,삼성(무역센터),18,11
20250528,신도림,삼성(무역센터),19,5
20250528,신도림,삼성(무역센터),20,5
20250528,신도림,삼성(무역센터),21,2
20250528,신도림,삼성(무역센터),22,4
20250528,신도림,삼성(무역센터),23,3
20250528,신도림,상왕십리,5,1
20250528,신도림,상왕십리,6,7
20250528,신도림,상왕십리,7,19
20250528,신도림,상왕십리,8,3
20250528,신도림,상왕십리,9,7
20250528,신도림,상왕십리,10,1
20250528,신도림,상왕십리,11,1
20250528,신도림,상왕십리,12,3
20250528,신도림,상왕십리,13,8
20250528,신도림,상왕십리,14,7
20250528,신도림,상왕십리,15,3
20250528,신도림,상왕십리,16,6
20250528,신도림,상왕십리,17,10
20250528,신도림,상왕십리,18,9
20250528,신도림,상왕십리,19,6
20250528,신도림,상왕십리,20,2
20250528,신도림,상왕십리,21,5
20250528,신도림,상왕십리,22,3
20250528,신도림,상왕십리,23,4
20250528,신도림,서울대입구(관악구청),0,7
20250528,신도림,서울대입구(관악구청),5,14
20250528,신도림,서울대입구(관악구청),6,17
20250528,신도림,서울대입구(관악구청),7,52
20250528,신도림,서울대입구(관악구청),8,81
20250528,신도림,서울대입구(관악구청),9,55
20250528,신도림,서울대입구(관악구청),10,28
20250528,신도림,서울대입구(관악구청),11,32
20250528,신도림,서울대입구(관악구청),12,36
20250528,신도림,서울대입구(관악구청),13,37
20250528,신도림,서울대입구(관악구청),14,26
20250528,신도림,서울대입구(관악구청),15,44
20250528,신도림,서울대입구(관악구청),16,32
20250528,신도림,서울대입구(관악구청),17,52
20250528,신도림,서울대입구(관악구청),18,76
20250528,신도림,서울대입구(관악구청),19,46
20250528,신도림,서울대입구(관악구청),20,29
20250528,신도림,서울대입구(관악구청),21,36
20250528,신도림,서울대입구(관악구청),22,30
20250528,신도림,서울대입구(관악구청),23,26
20250528,신도림,서초,0,1
20250528,신도림,서초,4,5
20250528,신도림,서초,5,34
20250528,신도림,서초,6,45
20250528,신도림,서초,7,107
20250528,신도림,서초,8,104
20250528,신도림,서초,9,56
20250528,신도림,서초,10,27
20250528,신도림,서초,11,10
20250528,신도림,서초,12,11
20250528,신도림,서초,13,8
20250528,신도림,서초,14,11
20250528,신도림,서초,15,10
20250528,신도림,서초,16,9
20250528,신도림,서초,17,11
20250528,신도림,서초,18,11
20250528,신도림,서초,19,7
20250528,신도림,서초,20,7
20250528,신도림,서초,21,2
20250528,신도림,서초,22,6
20250528,신도림,선릉,4,6
20250528,신도림,선릉,5,45
20250528,신도림,선릉,6,72
20250528,신도림,선릉,7,242
20250528,신도림,선릉,8,159
20250528,신도림,선릉,9,94
20250528,신도림,선릉,10,44
20250528,신도림,선릉,11,24
20250528,신도림,선릉,12,15
20250528,신도림,선릉,13,34
20250528,신도림,선릉,14,15
20250528,신도림,선릉,15,18
20250528,신도림,선릉,16,12
20250528,신도림,선릉,17,22
20250528,신도림,선릉,18,8
20250528,신도림,선릉,19,12
20250528,신도림,선릉,20,3
20250528,신도림,선릉,21,3
20250528,신도림,선릉,22,4
20250528,신도림,선릉,23,2
20250528,신도림,성수,4,2
20250528,신도림,성수,5,27
20250528,신도림,성수,6,23
20250528,신도림,성수,7,90
20250528,신도림,성수,8,61
20250528,신도림,성수,9,31
20250528,신도림,성수,10,16
20250528,신도림,성수,11,16
20250528,신도림,성수,12,8
20250528,신도림,성수,13,11
20250528,신도림,성수,14,11
20250528,신도림,성수,15,4
20250528,신도림,성수,16,4
20250528,신도림,성수,17,8
20250528,신도림,성수,18,5
20250528,신도림,성수,19,5
20250528,신도림,성수,21,2
20250528,신도림,성수,23,1
20250528,신도림,시청,4,1
20250528,신도림,시청,5,14
20250528,신도림,시청,6,43
20250528,신도림,시청,7,152
20250528,신도림,시청,8,182
20250528,신도림,시청,9,51
20250528,신도림,시청,10,22
20250528,신도림,시청,11,5
20250528,신도림,시청,12,11
20250528,신도림,시청,13,15
20250528,신도림,시청,14,12
20250528,신도림,시청,15,11
20250528,신도림,시청,16,1
20250528,신도림,시청,17,5
20250528,신도림,시청,18,5
20250528,신도림,시청,19,2
20250528,신도림,시청,20,3
20250528,신도림,시청,21,1
20250528,신도림,시청,22,1
20250528,신도림,시청,23,1
20250528,신도림,신당,5,1
20250528,신도림,신당,6,6
20250528,신도림,신당,7,10
20250528,신도림,신당,8,16
20250528,신도림,신당,9,3
20250528,신도림,신당,10,5
20250528,신도림,신당,11,7
20250528,신도림,신당,12,2
20250528,신도림,신당,13,3
20250528,신도림,신당,14,3
20250528,신도림,신당,15,8
20250528,신도림,신당,16,10
20250528,신도림,신당,17,9
20250528,신도림,신당,18,10
20250528,신도림,신당,19,4
20250528,신도림,신당,20,3
20250528,신도림,신당,21,5
20250528,신도림,신당,22,1
20250528,신도림,신당,23,3
20250528,신도림,신대방,0,5
20250528,신도림,신대방,5,12
20250528,신도림,신대방,6,14
20250528,신도림,신대방,7,27
20250528,신도림,신대방,8,43
20250528,신도림,신대방,9,27
20250528,신도림,신대방,10,21
20250528,신도림,신대방,11,26
20250528,신도림,신대방,12,28
20250528,신도림,신대방,13,30
20250528,신도림,신대방,14,45
20250528,신도림,신대방,15,45
20250528,신도림,신대방,16,57
20250528,신도림,신대방,17,78
20250528,신도림,신대방,18,115
20250528,신도림,신대방,19,58
20250528,신도림,신대방,20,61
20250528,신도림,신대방,21,42
20250528,신도림,신대방,22,44
20250528,신도림,신대방,23,16
20250528,신도림,신도림,0,16
20250528,신도림,신도림,1,1
20250528,신도림,신도림,4,2
20250528,신도림,신도림,5,5
20250528,신도림,신도림,6,10
20250528,신도림,신도림,7,14
20250528,신도림,신도림,8,16
20250528,신도림,신도림,9,22
20250528,신도림,신도림,10,38
20250528,신도림,신도림,11,44
20250528,신도림,신도림,12,30
20250528,신도림,신도림,13,33
20250528,신도림,신도림,14,27
20250528,신도림,신도림,15,46
20250528,신도림,신도림,16,36
20250528,신도림,신도림,17,31
20250528,신도림,신도림,18,47
20250528,신도림,신도림,19,28
20250528,신도림,신도림,20,29
20250528,신도림,신도림,21,25
20250528,신도림,신도림,22,36
20250528,신도림,신도림,23,18
20250528,신도림,신림,0,10
20250528,신도림,신림,4,2
20250528,신도림,신림,5,8
20250528,신도림,신림,6,11
20250528,신도림,신림,7,37
20250528,신도림,신림,8,43
20250528,신도림,신림,9,38
20250528,신도림,신림,10,44
20250528,신도림,신림,11,30
20250528,신도림,신림,12,48
20250528,신도림,신림,13,54
20250528,신도림,신림,14,58
20250528,신도림,신림,15,65
20250528,신도림,신림,16,73
20250528,신도림,신림,17,87
20250528,신도림,신림,18,155
20250528,신도림,신림,19,100
20250528,신도림,신림,20,84
20250528,신도림,신림,21,71
20250528,신도림,신림,22,65
20250528,신도림,신림,23,39
20250528,신도림,신촌,0,1
20250528,신도림,신촌,5,10
20250528,신도림,신촌,6,37
20250528,신도림,신촌,7,101
20250528,신도림,신촌,8,130
20250528,신도림,신촌,9,130
20250528,신도림,신촌,10,82
20250528,신도림,신촌,11,69
20250528,신도림,신촌,12,57
20250528,신도림,신촌,13,52
20250528,신도림,신촌,14,48
20250528,신도림,신촌,15,40
20250528,신도림,신촌,16,39
20250528,신도림,신촌,17,49
20250528,신도림,신촌,18,58
20250528,신도림,신촌,19,19
20250528,신도림,신촌,20,19
20250528,신도림,신촌,21,12
20250528,신도림,신촌,22,8
20250528,신도림,신촌,23,7
20250528,신도림,아현,5,6
20250528,신도림,아현,6,7
20250528,신도림,아현,7,20
20250528,신도림,아현,8,18
20250528,신도림,아현,9,23
20250528,신도림,아현,10,8
20250528,신도림,아현,11,7
20250528,신도림,아현,12,6
20250528,신도림,아현,13,3
20250528,신도림,아현,14,10
20250528,신도림,아현,15,5
20250528,신도림,아현,16,5
20250528,신도림,아현,17,14
20250528,신도림,아현,18,9
20250528,신도림,아현,19,8
20250528,신도림,아현,20,9
20250528,신도림,아현,21,12
20250528,신도림,아현,22,5
20250528,신도림,아현,23,2
20250528,신도림,역삼,0,1
20250528,신도림,역삼,4,2
20250528,신도림,역삼,5,46
20250528,신도림,역삼,6,100
20250528,신도림,역삼,7,288
20250528,신도림,역삼,8,192
20250528,신도림,역삼,9,150
20250528,신도림,역삼,10,42
20250528,신도림,역삼,11,25
20250528,신도림,역삼,12,23
20250528,신도림,역삼,13,29
20250528,신도림,역삼,14,19
20250528,신도림,역삼,15,10
20250528,신도림,역삼,16,8
20250528,신도림,역삼,17,17
20250528,신도림,역삼,18,19
20250528,신도림,역삼,19,10
20250528,신도림,역삼,20,9
20250528,신도림,역삼,21,8
20250528,신도림,역삼,22,2
20250528,신도림,역삼,23,3
20250528,신도림,영등포구청,0,2
20250528,신도림,영등포구청,5,11
20250528,신도림,영등포구청,6,22
20250528,신도림,영등포구청,7,78
20250528,신도림,영등포구청,8,191
20250528,신도림,영등포구청,9,77
20250528,신도림,영등포구청,10,54
20250528,신도림,영등포구청,11,35
20250528,신도림,영등포구청,12,33
20250528,신도림,영등포구청,13,31
20250528,신도림,영등포구청,14,47
20250528,신도림,영등포구청,15,42
20250528,신도림,영등포구청,16,47
20250528,신도림,영등포구청,17,38
20250528,신도림,영등포구청,18,56
20250528,신도림,영등포구청,19,34
20250528,신도림,영등포구청,20,11
20250528,신도림,영등포구청,21,15
20250528,신도림,영등포구청,22,13
20250528,신도림,영등포구청,23,7
20250528,신도림,왕십리(성동구청),0,1
20250528,신도림,왕십리(성동구청),5,8
20250528,신도림,왕십리(성동구청),6,7
20250528,신도림,왕십리(성동구청),7,13
20250528,신도림,왕십리(성동구청),8,6
20250528,신도림,왕십리(성동구청),9,6
20250528,신도림,왕십리(성동구청),10,1
20250528,신도림,왕십리(성동구청),11,3
20250528,신도림,왕십리(성동구청),12,1
20250528,신도림,왕십리(성동구청),13,3
20250528,신도림,왕십리(성동구청),14,3
20250528,신도림,왕십리(성동구청),15,5
20250528,신도림,왕십리(성동구청),16,15
20250528,신도림,왕십리(성동구청),17,14
20250528,신도림,왕십리(성동구청),18,16
20250528,신도림,왕십리(성동구청),19,3
20250528,신도림,왕십리(성동구청),20,3
20250528,신도림,왕십리(성동구청),21,10
20250528,신도림,왕십리(성동구청),22,5
20250528,신도림,왕십리(성동구청),23,1
20250528,신도림,용두(동대문구청),6,1
20250528,신도림,용두(동대문구청),7,1
20250528,신도림,용두(동대문구청),16,1
20250528,신도림,을지로3가,5,19
20250528,신도림,을지로3가,6,48
20250528,신도림,을지로3가,7,156
20250528,신도림,을지로3가,8,148
20250528,신도림,을지로3가,9,51
20250528,신도림,을지로3가,10,16
20250528,신도림,을지로3가,11,6
20250528,신도림,을지로3가,12,11
20250528,신도림,을지로3가,13,15
20250528,신도림,을지로3가,14,9
20250528,신도림,을지로3가,15,6
20250528,신도림,을지로3가,16,14
20250528,신도림,을지로3가,17,6
20250528,신도림,을지로3가,18,10
20250528,신도림,을지로3가,19,9
20250528,신도림,을지로3가,20,1
20250528,신도림,을지로3가,21,2
20250528,신도림,을지로3가,22,2
20250528,신도림,을지로4가,4,1
20250528,신도림,을지로4가,5,7
20250528,신도림,을지로4가,6,31
20250528,신도림,을지로4가,7,68
20250528,신도림,을지로4가,8,54
20250528,신도림,을지로4가,9,17
20250528,신도림,을지로4가,10,9
20250528,신도림,을지로4가,11,5
20250528,신도림,을지로4가,12,7
20250528,신도림,을지로4가,13,9
20250528,신도림,을지로4가,14,10
20250528,신도림,을지로4가,15,3
20250528,신도림,을지로4가,16,7
20250528,신도림,을지로4가,17,6
20250528,신도림,을지로4가,18,3
20250528,신도림,을지로4가,19,3
20250528,신도림,을지로4가,20,1
20250528,신도림,을지로4가,21,1
20250528,신도림,을지로4가,22,4
20250528,신도림,을지로입구,0,2
20250528,신도림,을지로입구,5,26
20250528,신도림,을지로입구,6,66
20250528,신도림,을지로입구,7,260
20250528,신도림,을지로입구,8,288
20250528,신도림,을지로입구,9,90
20250528,신도림,을지로입구,10,42
20250528,신도림,을지로입구,11,25
20250528,신도림,을지로입구,12,25
20250528,신도림,을지로입구,13,26
20250528,신도림,을지로입구,14,19
20250528,신도림,을지로입구,15,15
20250528,신도림,을지로입구,16,16
20250528,신도림,을지로입구,17,14
20250528,신도림,을지로입구,18,11
20250528,신도림,을지로입구,19,6
20250528,신도림,을지로입구,20,3
20250528,신도림,을지로입구,21,1
20250528,신도림,을지로입구,22,2
20250528,신도림,을지로입구,23,1
20250528,신도림,이대,0,2
20250528,신도림,이대,5,7
20250528,신도림,이대,6,16
20250528,신도림,이대,7,31
20250528,신도림,이대,8,92
20250528,신도림,이대,9,34
20250528,신도림,이대,10,33
20250528,신도림,이대,11,44
20250528,신도림,이대,12,28
20250528,신도림,이대,13,21
20250528,신도림,이대,14,24
20250528,신도림,이대,15,13
20250528,신도림,이대,16,19
20250528,신도림,이대,17,15
20250528,신도림,이대,18,18
20250528,신도림,이대,19,10
20250528,신도림,이대,20,10
20250528,신도림,이대,21,6
20250528,신도림,이대,22,4
20250528,신도림,이대,23,6
20250528,신도림,잠실(송파구청),4,1
20250528,신도림,잠실(송파구청),5,29
20250528,신도림,잠실(송파구청),6,52
20250528,신도림,잠실(송파구청),7,121
20250528,신도림,잠실(송파구청),8,98
20250528,신도림,잠실(송파구청),9,55
20250528,신도림,잠실(송파구청),10,23
20250528,신도림,잠실(송파구청),11,19
20250528,신도림,잠실(송파구청),12,18
20250528,신도림,잠실(송파구청),13,18
20250528,신도림,잠실(송파구청),14,20
20250528,신도림,잠실(송파구청),15,24
20250528,신도림,잠실(송파구청),16,22
20250528,신도림,잠실(송파구청),17,28
20250528,신도림,잠실(송파구청),18,37
20250528,신도림,잠실(송파구청),19,12
20250528,신도림,잠실(송파구청),20,8
20250528,신도림,잠실(송파구청),21,10
20250528,신도림,잠실(송파구청),22,9
20250528,신도림,잠실(송파구청),23,5
20250528,신도림,잠실나루,4,4
20250528,신도림,잠실나루,5,23
20250528,신도림,잠실나루,6,13
20250528,신도림,잠실나루,7,16
20250528,신도림,잠실나루,8,4
20250528,신도림,잠실나루,9,3
20250528,신도림,잠실나루,10,1
20250528,신도림,잠실나루,11,1
20250528,신도림,잠실나루,12,8
20250528,신도림,잠실나루,13,6
20250528,신도림,잠실나루,14,1
20250528,신도림,잠실나루,15,1
20250528,신도림,잠실나루,17,8
20250528,신도림,잠실나루,18,6
20250528,신도림,잠실나루,19,1
20250528,신도림,잠실나루,21,1
20250528,신도림,잠실나루,22,3
20250528,신도림,잠실나루,23,1
20250528,신도림,잠실새내,5,3
20250528,신도림,잠실새내,6,5
20250528,신도림,잠실새내,7,11
20250528,신도림,잠실새내,8,4
20250528,신도림,잠실새내,9,3
20250528,신도림,잠실새내,10,4
20250528,신도림,잠실새내,11,2
20250528,신도림,잠실새내,12,8
20250528,신도림,잠실새내,13,8
20250528,신도림,잠실새내,14,5
20250528,신도림,잠실새내,15,2
20250528,신도림,잠실새내,16,12
20250528,신도림,잠실새내,17,17
20250528,신도림,잠실새내,18,15
20250528,신도림,잠실새내,19,3
20250528,신도림,잠실새내,20,7
20250528,신도림,잠실새내,21,1
20250528,신도림,잠실새내,22,2
20250528,신도림,잠실새내,23,3
20250528,신도림,종합운동장,5,19
20250528,신도림,종합운동장,6,10
20250528,신도림,종합운동장,7,23
20250528,신도림,종합운동장,8,3
20250528,신도림,종합운동장,9,4
20250528,신도림,종합운동장,11,3
20250528,신도림,종합운동장,12,3
20250528,신도림,종합운동장,13,4
20250528,신도림,종합운동장,14,1
20250528,신도림,종합운동장,15,6
20250528,신도림,종합운동장,16,32
20250528,신도림,종합운동장,17,47
20250528,신도림,종합운동장,18,18
20250528,신도림,종합운동장,20,1
20250528,신도림,종합운동장,21,2
20250528,신도림,종합운동장,22,3
20250528,신도림,종합운동장,23,2
20250528,신도림,충정로(경기대입구),0,1
20250528,신도림,충정로(경기대입구),5,3
20250528,신도림,충정로(경기대입구),6,12
20250528,신도림,충정로(경기대입구),7,58
20250528,신도림,충정로(경기대입구),8,93
20250528,신도림,충정로(경기대입구),9,15
20250528,신도림,충정로(경기대입구),10,5
20250528,신도림,충정로(경기대입구),11,6
20250528,신도림,충정로(경기대입구),12,5
20250528,신도림,충정로(경기대입구),13,5
20250528,신도림,충정로(경기대입구),14,2
20250528,신도림,충정로(경기대입구),15,4
20250528,신도림,충정로(경기대입구),16,2
20250528,신도림,충정로(경기대입구),17,11
20250528,신도림,충정로(경기대입구),18,7
20250528,신도림,충정로(경기대입구),19,3
20250528,신도림,충정로(경기대입구),20,4
20250528,신도림,충정로(경기대입구),21,4
20250528,신도림,충정로(경기대입구),23,1
20250528,신도림,한양대,5,8
20250528,신도림,한양대,6,11
20250528,신도림,한양대,7,21
20250528,신도림,한양대,8,22
20250528,신도림,한양대,9,24
20250528,신도림,한양대,10,21
20250528,신도림,한양대,11,19
20250528,신도림,한양대,12,20
20250528,신도림,한양대,13,5
20250528,신도림,한양대,15,3
20250528,신도림,한양대,16,1
20250528,신도림,한양대,17,8
20250528,신도림,한양대,18,1
20250528,신도림,한양대,19,2
20250528,신도림,한양대,21,2
20250528,신도림,한양대,23,1
20250528,신도림,합정,0,1
20250528,신도림,합정,5,15
20250528,신도림,합정,6,21
20250528,신도림,합정,7,90
20250528,신도림,합정,8,169
20250528,신도림,합정,9,115
20250528,신도림,합정,10,65
20250528,신도림,합정,11,45
20250528,신도림,합정,12,51
20250528,신도림,합정,13,30
20250528,신도림,합정,14,36
20250528,신도림,합정,15,48
20250528,신도림,합정,16,61
20250528,신도림,합정,17,68
20250528,신도림,합정,18,90
20250528,신도림,합정,19,38
20250528,신도림,합정,20,34
20250528,신도림,합정,21,17
20250528,신도림,합정,22,16
20250528,신도림,합정,23,8
20250528,신도림,홍대입구,0,9
20250528,신도림,홍대입구,4,1
20250528,신도림,홍대입구,5,15
20250528,신도림,홍대입구,6,38
20250528,신도림,홍대입구,7,77
20250528,신도림,홍대입구,8,174
20250528,신도림,홍대입구,9,178
20250528,신도림,홍대입구,10,105
20250528,신도림,홍대입구,11,66
20250528,신도림,홍대입구,12,76
20250528,신도림,홍대입구,13,99
20250528,신도림,홍대입구,14,80
20250528,신도림,홍대입구,15,60
20250528,신도림,홍대입구,16,95
20250528,신도림,홍대입구,17,149
20250528,신도림,홍대입구,18,134
20250528,신도림,홍대입구,19,79
20250528,신도림,홍대입구,20,47
20250528,신도림,홍대입구,21,36
20250528,신도림,홍대입구,22,27
20250528,신도림,홍대입구,23,30
20250528,신림,강남,0,5
20250528,신림,강남,4,1
20250528,신림,강남,5,113
20250528,신림,강남,6,204
20250528,신림,강남,7,582
20250528,신림,강남,8,997
20250528,신림,강남,9,731
20250528,신림,강남,10,242
20250528,신림,강남,11,126
20250528,신림,강남,12,141
20250528,신림,강남,13,139
20250528,신림,강남,14,125
20250528,신림,강남,15,120
20250528,신림,강남,16,104
20250528,신림,강남,17,103
20250528,신림,강남,18,107
20250528,신림,강남,19,62
20250528,신림,강남,20,45
20250528,신림,강남,21,31
20250528,신림,강남,22,29
20250528,신림,강남,23,13
20250528,신림,강변(동서울터미널),0,1
20250528,신림,강변(동서울터미널),5,8
20250528,신림,강변(동서울터미널),6,11
20250528,신림,강변(동서울터미널),7,24
20250528,신림,강변(동서울터미널),8,24
20250528,신림,강변(동서울터미널),9,16
20250528,신림,강변(동서울터미널),10,13
20250528,신림,강변(동서울터미널),11,12
20250528,신림,강변(동서울터미널),12,8
20250528,신림,강변(동서울터미널),13,6
20250528,신림,강변(동서울터미널),14,8
20250528,신림,강변(동서울터미널),15,17
20250528,신림,강변(동서울터미널),16,17
20250528,신림,강변(동서울터미널),17,9
20250528,신림,강변(동서울터미널),18,9
20250528,신림,강변(동서울터미널),19,4
20250528,신림,강변(동서울터미널),20,2
20250528,신림,강변(동서울터미널),21,3
20250528,신림,강변(동서울터미널),22,8
20250528,신림,강변(동서울터미널),23,3
20250528,신림,건대입구,0,2
20250528,신림,건대입구,5,3
20250528,신림,건대입구,6,9
20250528,신림,건대입구,7,24
20250528,신림,건대입구,8,43
20250528,신림,건대입구,9,29
20250528,신림,건대입구,10,9
20250528,신림,건대입구,11,20
20250528,신림,건대입구,12,13
20250528,신림,건대입구,13,5
20250528,신림,건대입구,14,9
20250528,신림,건대입구,15,6
20250528,신림,건대입구,16,14
20250528,신림,건대입구,17,13
20250528,신림,건대입구,18,22
20250528,신림,건대입구,19,10
20250528,신림,건대입구,20,5
20250528,신림,건대입구,21,10
20250528,신림,건대입구,22,6
20250528,신림,건대입구,23,9
20250528,신림,교대(법원.검찰청),0,1
20250528,신림,교대(법원.검찰청),5,45
20250528,신림,교대(법원.검찰청),6,72
20250528,신림,교대(법원.검찰청),7,180
20250528,신림,교대(법원.검찰청),8,399
20250528,신림,교대(법원.검찰청),9,186
20250528,신림,교대(법원.검찰청),10,64
20250528,신림,교대(법원.검찰청),11,33
20250528,신림,교대(법원.검찰청),12,51
20250528,신림,교대(법원.검찰청),13,54
20250528,신림,교대(법원.검찰청),14,43
20250528,신림,교대(법원.검찰청),15,25
20250528,신림,교대(법원.검찰청),16,29
20250528,신림,교대(법원.검찰청),17,28
20250528,신림,교대(법원.검찰청),18,28
20250528,신림,교대(법원.검찰청),19,13
20250528,신림,교대(법원.검찰청),20,26
20250528,신림,교대(법원.검찰청),21,12
20250528,신림,교대(법원.검찰청),22,9
20250528,신림,교대(법원.검찰청),23,7
20250528,신림,구로디지털단지,0,13
20250528,신림,구로디지털단지,5,11
20250528,신림,구로디지털단지,6,25
20250528,신림,구로디지털단지,7,128
20250528,신림,구로디지털단지,8,422
20250528,신림,구로디지털단지,9,209
20250528,신림,구로디지털단지,10,88
20250528,신림,구로디지털단지,11,52
20250528,신림,구로디지털단지,12,50
20250528,신림,구로디지털단지,13,60
20250528,신림,구로디지털단지,14,63
20250528,신림,구로디지털단지,15,51
20250528,신림,구로디지털단지,16,70
20250528,신림,구로디지털단지,17,91
20250528,신림,구로디지털단지,18,87
20250528,신림,구로디지털단지,19,75
20250528,신림,구로디지털단지,20,53
20250528,신림,구로디지털단지,21,57
20250528,신림,구로디지털단지,22,42
20250528,신림,구로디지털단지,23,27
20250528,신림,구의(광진구청),0,2
20250528,신림,구의(광진구청),5,15
20250528,신림,구의(광진구청),6,8
20250528,신림,구의(광진구청),7,22
20250528,신림,구의(광진구청),8,21
20250528,신림,구의(광진구청),9,12
20250528,신림,구의(광진구청),10,15
20250528,신림,구의(광진구청),11,3
20250528,신림,구의(광진구청),12,12
20250528,신림,구의(광진구청),13,5
20250528,신림,구의(광진구청),14,8
20250528,신림,구의(광진구청),15,7
20250528,신림,구의(광진구청),16,10
20250528,신림,구의(광진구청),17,5
20250528,신림,구의(광진구청),18,10
20250528,신림,구의(광진구청),19,5
20250528,신림,구의(광진구청),20,13
20250528,신림,구의(광진구청),21,10
20250528,신림,구의(광진구청),22,5
20250528,신림,구의(광진구청),23,2
20250528,신림,낙성대,0,5
20250528,신림,낙성대,5,15
20250528,신림,낙성대,6,25
20250528,신림,낙성대,7,53
20250528,신림,낙성대,8,103
20250528,신림,낙성대,9,63
20250528,신림,낙성대,10,38
20250528,신림,낙성대,11,56
20250528,신림,낙성대,12,50
20250528,신림,낙성대,13,51
20250528,신림,낙성대,14,59
20250528,신림,낙성대,15,43
20250528,신림,낙성대,16,62
20250528,신림,낙성대,17,54
20250528,신림,낙성대,18,80
20250528,신림,낙성대,19,50
20250528,신림,낙성대,20,62
20250528,신림,낙성대,21,61
20250528,신림,낙성대,22,39
20250528,신림,낙성대,23,23
20250528,신림,당산,0,3
20250528,신림,당산,5,12
20250528,신림,당산,6,20
20250528,신림,당산,7,56
20250528,신림,당산,8,117
20250528,신림,당산,9,45
20250528,신림,당산,10,18
20250528,신림,당산,11,18
20250528,신림,당산,12,14
20250528,신림,당산,13,23
20250528,신림,당산,14,21
20250528,신림,당산,15,16
20250528,신림,당산,16,25
20250528,신림,당산,17,31
20250528,신림,당산,18,34
20250528,신림,당산,19,25
20250528,신림,당산,20,19
20250528,신림,당산,21,17
20250528,신림,당산,22,27
20250528,신림,당산,23,8
20250528,신림,대림(구로구청),0,9
20250528,신림,대림(구로구청),5,10
20250528,신림,대림(구로구청),6,19
20250528,신림,대림(구로구청),7,62
20250528,신림,대림(구로구청),8,93
20250528,신림,대림(구로구청),9,38
20250528,신림,대림(구로구청),10,32
20250528,신림,대림(구로구청),11,28
20250528,신림,대림(구로구청),12,35
20250528,신림,대림(구로구청),13,34
20250528,신림,대림(구로구청),14,41
20250528,신림,대림(구로구청),15,35
20250528,신림,대림(구로구청),16,52
20250528,신림,대림(구로구청),17,52
20250528,신림,대림(구로구청),18,59
20250528,신림,대림(구로구청),19,32
20250528,신림,대림(구로구청),20,30
20250528,신림,대림(구로구청),21,43
20250528,신림,대림(구로구청),22,28
20250528,신림,대림(구로구청),23,21
20250528,신림,동대문역사문화공원,4,1
20250528,신림,동대문역사문화공원,5,8
20250528,신림,동대문역사문화공원,6,10
20250528,신림,동대문역사문화공원,7,19
20250528,신림,동대문역사문화공원,8,20
20250528,신림,동대문역사문화공원,9,18
20250528,신림,동대문역사문화공원,10,11
20250528,신림,동대문역사문화공원,11,13
20250528,신림,동대문역사문화공원,12,12
20250528,신림,동대문역사문화공원,13,4
20250528,신림,동대문역사문화공원,14,10
20250528,신림,동대문역사문화공원,15,7
20250528,신림,동대문역사문화공원,16,10
20250528,신림,동대문역사문화공원,17,4
20250528,신림,동대문역사문화공원,18,6
20250528,신림,동대문역사문화공원,19,8
20250528,신림,동대문역사문화공원,20,6
20250528,신림,동대문역사문화공원,21,3
20250528,신림,동대문역사문화공원,22,2
20250528,신림,동대문역사문화공원,23,2
20250528,신림,뚝섬,0,1
20250528,신림,뚝섬,5,6
20250528,신림,뚝섬,6,7
20250528,신림,뚝섬,7,60
20250528,신림,뚝섬,8,59
20250528,신림,뚝섬,9,32
20250528,신림,뚝섬,10,14
20250528,신림,뚝섬,11,9
20250528,신림,뚝섬,12,9
20250528,신림,뚝섬,13,4
20250528,신림,뚝섬,14,6
20250528,신림,뚝섬,15,4
20250528,신림,뚝섬,16,7
20250528,신림,뚝섬,17,6
20250528,신림,뚝섬,18,1
20250528,신림,뚝섬,19,3
20250528,신림,뚝섬,20,1
20250528,신림,문래,0,2
20250528,신림,문래,5,8
20250528,신림,문래,6,22
20250528,신림,문래,7,88
20250528,신림,문래,8,239
20250528,신림,문래,9,94
20250528,신림,문래,10,27
20250528,신림,문래,11,22
20250528,신림,문래,12,20
20250528,신림,문래,13,22
20250528,신림,문래,14,16
20250528,신림,문래,15,18
20250528,신림,문래,16,14
20250528,신림,문래,17,24
20250528,신림,문래,18,33
20250528,신림,문래,19,16
20250528,신림,문래,20,12
20250528,신림,문래,21,10
20250528,신림,문래,22,15
20250528,신림,문래,23,5
20250528,신림,방배,5,22
20250528,신림,방배,6,53
20250528,신림,방배,7,126
20250528,신림,방배,8,282
20250528,신림,방배,9,152
20250528,신림,방배,10,89
20250528,신림,방배,11,45
20250528,신림,방배,12,64
20250528,신림,방배,13,41
20250528,신림,방배,14,35
20250528,신림,방배,15,34
20250528,신림,방배,16,24
20250528,신림,방배,17,41
20250528,신림,방배,18,32
20250528,신림,방배,19,26
20250528,신림,방배,20,13
20250528,신림,방배,21,14
20250528,신림,방배,22,10
20250528,신림,방배,23,6
20250528,신림,봉천,0,5
20250528,신림,봉천,5,3
20250528,신림,봉천,6,14
20250528,신림,봉천,7,34
20250528,신림,봉천,8,59
20250528,신림,봉천,9,59
20250528,신림,봉천,10,60
20250528,신림,봉천,11,57
20250528,신림,봉천,12,49
20250528,신림,봉천,13,66
20250528,신림,봉천,14,65
20250528,신림,봉천,15,93
20250528,신림,봉천,16,81
20250528,신림,봉천,17,65
20250528,신림,봉천,18,80
20250528,신림,봉천,19,79
20250528,신림,봉천,20,36
20250528,신림,봉천,21,47
20250528,신림,봉천,22,27
20250528,신림,봉천,23,18
20250528,신림,사당,0,5
20250528,신림,사당,5,24
20250528,신림,사당,6,84
20250528,신림,사당,7,165
20250528,신림,사당,8,200
20250528,신림,사당,9,89
20250528,신림,사당,10,66
20250528,신림,사당,11,70
20250528,신림,사당,12,65
20250528,신림,사당,13,54
20250528,신림,사당,14,46
20250528,신림,사당,15,64
20250528,신림,사당,16,93
20250528,신림,사당,17,92
20250528,신림,사당,18,89
20250528,신림,사당,19,58
20250528,신림,사당,20,48
20250528,신림,사당,21,42
20250528,신림,사당,22,35
20250528,신림,사당,23,20
20250528,신림,삼성(무역센터),0,1
20250528,신림,삼성(무역센터),5,72
20250528,신림,삼성(무역센터),6,131
20250528,신림,삼성(무역센터),7,407
20250528,신림,삼성(무역센터),8,614
20250528,신림,삼성(무역센터),9,287
20250528,신림,삼성(무역센터),10,113
20250528,신림,삼성(무역센터),11,69
20250528,신림,삼성(무역센터),12,56
20250528,신림,삼성(무역센터),13,40
20250528,신림,삼성(무역센터),14,38
20250528,신림,삼성(무역센터),15,32
20250528,신림,삼성(무역센터),16,38
20250528,신림,삼성(무역센터),17,29
20250528,신림,삼성(무역센터),18,32
20250528,신림,삼성(무역센터),19,11
20250528,신림,삼성(무역센터),20,14
20250528,신림,삼성(무역센터),21,6
20250528,신림,삼성(무역센터),22,9
20250528,신림,삼성(무역센터),23,5
20250528,신림,상왕십리,0,1
20250528,신림,상왕십리,5,2
20250528,신림,상왕십리,6,3
20250528,신림,상왕십리,7,17
20250528,신림,상왕십리,8,7
20250528,신림,상왕십리,9,4
20250528,신림,상왕십리,10,1
20250528,신림,상왕십리,11,2
20250528,신림,상왕십리,12,2
20250528,신림,상왕십리,13,4
20250528,신림,상왕십리,15,3
20250528,신림,상왕십리,16,2
20250528,신림,상왕십리,17,4
20250528,신림,상왕십리,18,3
20250528,신림,상왕십리,19,2
20250528,신림,상왕십리,20,2
20250528,신림,상왕십리,21,2
20250528,신림,상왕십리,22,1
20250528,신림,상왕십리,23,1
20250528,신림,서울대입구(관악구청),0,22
20250528,신림,서울대입구(관악구청),5,10
20250528,신림,서울대입구(관악구청),6,23
20250528,신림,서울대입구(관악구청),7,48
20250528,신림,서울대입구(관악구청),8,191
20250528,신림,서울대입구(관악구청),9,165
20250528,신림,서울대입구(관악구청),10,98
20250528,신림,서울대입구(관악구청),11,117
20250528,신림,서울대입구(관악구청),12,91
20250528,신림,서울대입구(관악구청),13,106
20250528,신림,서울대입구(관악구청),14,111
20250528,신림,서울대입구(관악구청),15,109
20250528,신림,서울대입구(관악구청),16,111
20250528,신림,서울대입구(관악구청),17,129
20250528,신림,서울대입구(관악구청),18,124
20250528,신림,서울대입구(관악구청),19,91
20250528,신림,서울대입구(관악구청),20,57
20250528,신림,서울대입구(관악구청),21,74
20250528,신림,서울대입구(관악구청),22,51
20250528,신림,서울대입구(관악구청),23,34
20250528,신림,서초,5,35
20250528,신림,서초,6,60
20250528,신림,서초,7,208
20250528,신림,서초,8,317
20250528,신림,서초,9,179
20250528,신림,서초,10,48
20250528,신림,서초,11,29
20250528,신림,서초,12,21
20250528,신림,서초,13,24
20250528,신림,서초,14,20
20250528,신림,서초,15,12
20250528,신림,서초,16,26
20250528,신림,서초,17,22
20250528,신림,서초,18,25
20250528,신림,서초,19,21
20250528,신림,서초,20,10
20250528,신림,서초,21,6
20250528,신림,서초,22,9
20250528,신림,서초,23,4
20250528,신림,선릉,0,3
20250528,신림,선릉,5,62
20250528,신림,선릉,6,130
20250528,신림,선릉,7,348
20250528,신림,선릉,8,597
20250528,신림,선릉,9,372
20250528,신림,선릉,10,113
20250528,신림,선릉,11,64
20250528,신림,선릉,12,77
20250528,신림,선릉,13,71
20250528,신림,선릉,14,43
20250528,신림,선릉,15,39
20250528,신림,선릉,16,35
20250528,신림,선릉,17,18
20250528,신림,선릉,18,38
20250528,신림,선릉,19,22
20250528,신림,선릉,20,13
20250528,신림,선릉,21,10
20250528,신림,선릉,22,11
20250528,신림,선릉,23,6
20250528,신림,성수,5,20
20250528,신림,성수,6,29
20250528,신림,성수,7,131
20250528,신림,성수,8,135
20250528,신림,성수,9,61
20250528,신림,성수,10,24
20250528,신림,성수,11,22
20250528,신림,성수,12,22
20250528,신림,성수,13,28
20250528,신림,성수,14,13
20250528,신림,성수,15,14
20250528,신림,성수,16,10
20250528,신림,성수,17,10
20250528,신림,성수,18,5
20250528,신림,성수,19,4
20250528,신림,성수,20,2
20250528,신림,성수,22,2
20250528,신림,성수,23,3
20250528,신림,시청,5,11
20250528,신림,시청,6,30
20250528,신림,시청,7,120
20250528,신림,시청,8,164
20250528,신림,시청,9,45
20250528,신림,시청,10,5
20250528,신림,시청,11,16
20250528,신림,시청,12,13
20250528,신림,시청,13,9
20250528,신림,시청,14,10
20250528,신림,시청,15,6
20250528,신림,시청,16,7
20250528,신림,시청,17,5
20250528,신림,시청,18,4
20250528,신림,시청,19,4
20250528,신림,시청,21,2
20250528,신림,시청,22,1
20250528,신림,시청,23,1
20250528,신림,신당,6,3
20250528,신림,신당,7,16
20250528,신림,신당,8,9
20250528,신림,신당,9,4
20250528,신림,신당,10,2
20250528,신림,신당,11,1
20250528,신림,신당,12,4
20250528,신림,신당,13,3
20250528,신림,신당,14,7
20250528,신림,신당,15,3
20250528,신림,신당,16,3
20250528,신림,신당,17,3
20250528,신림,신당,18,4
20250528,신림,신당,19,1
20250528,신림,신당,20,4
20250528,신림,신당,23,1
20250528,신림,신대방,0,6
20250528,신림,신대방,5,6
20250528,신림,신대방,6,8
20250528,신림,신대방,7,16
20250528,신림,신대방,8,29
20250528,신림,신대방,9,22
20250528,신림,신대방,10,26
20250528,신림,신대방,11,31
20250528,신림,신대방,12,40
20250528,신림,신대방,13,22
20250528,신림,신대방,14,42
20250528,신림,신대방,15,41
20250528,신림,신대방,16,56
20250528,신림,신대방,17,38
20250528,신림,신대방,18,76
20250528,신림,신대방,19,58
20250528,신림,신대방,20,55
20250528,신림,신대방,21,53
20250528,신림,신대방,22,56
20250528,신림,신대방,23,19
20250528,신림,신도림,0,20
20250528,신림,신도림,5,13
20250528,신림,신도림,6,24
20250528,신림,신도림,7,64
20250528,신림,신도림,8,146
20250528,신림,신도림,9,80
20250528,신림,신도림,10,59
20250528,신림,신도림,11,36
20250528,신림,신도림,12,42
20250528,신림,신도림,13,47
20250528,신림,신도림,14,40
20250528,신림,신도림,15,54
20250528,신림,신도림,16,56
20250528,신림,신도림,17,71
20250528,신림,신도림,18,81
20250528,신림,신도림,19,55
20250528,신림,신도림,20,37
20250528,신림,신도림,21,44
20250528,신림,신도림,22,37
20250528,신림,신도림,23,30
20250528,신림,신림,0,13
20250528,신림,신림,4,3
20250528,신림,신림,5,19
20250528,신림,신림,6,14
20250528,신림,신림,7,12
20250528,신림,신림,8,22
20250528,신림,신림,9,20
20250528,신림,신림,10,22
20250528,신림,신림,11,30
20250528,신림,신림,12,34
20250528,신림,신림,13,20
20250528,신림,신림,14,33
20250528,신림,신림,15,36
20250528,신림,신림,16,31
20250528,신림,신림,17,22
20250528,신림,신림,18,39
20250528,신림,신림,19,30
20250528,신림,신림,20,26
20250528,신림,신림,21,31
20250528,신림,신림,22,24
20250528,신림,신림,23,23
20250528,신림,신촌,0,3
20250528,신림,신촌,5,7
20250528,신림,신촌,6,20
20250528,신림,신촌,7,52
20250528,신림,신촌,8,90
20250528,신림,신촌,9,74
20250528,신림,신촌,10,47
20250528,신림,신촌,11,33
20250528,신림,신촌,12,38
20250528,신림,신촌,13,35
20250528,신림,신촌,14,25
20250528,신림,신촌,15,32
20250528,신림,신촌,16,21
20250528,신림,신촌,17,28
20250528,신림,신촌,18,28
20250528,신림,신촌,19,23
20250528,신림,신촌,20,15
20250528,신림,신촌,21,9
20250528,신림,신촌,22,15
20250528,신림,신촌,23,9
20250528,신림,아현,5,4
20250528,신림,아현,6,7
20250528,신림,아현,7,21
20250528,신림,아현,8,19
20250528,신림,아현,9,4
20250528,신림,아현,10,6
20250528,신림,아현,11,4
20250528,신림,아현,12,2
20250528,신림,아현,13,4
20250528,신림,아현,14,4
20250528,신림,아현,15,5
20250528,신림,아현,16,6
20250528,신림,아현,17,5
20250528,신림,아현,18,6
20250528,신림,아현,19,6
20250528,신림,아현,20,3
20250528,신림,아현,21,5
20250528,신림,아현,22,2
20250528,신림,아현,23,3
20250528,신림,역삼,0,1
20250528,신림,역삼,5,58
20250528,신림,역삼,6,152
20250528,신림,역삼,7,491
20250528,신림,역삼,8,762
20250528,신림,역삼,9,471
20250528,신림,역삼,10,150
20250528,신림,역삼,11,91
20250528,신림,역삼,12,67
20250528,신림,역삼,13,57
20250528,신림,역삼,14,44
20250528,신림,역삼,15,29
20250528,신림,역삼,16,28
20250528,신림,역삼,17,28
20250528,신림,역삼,18,32
20250528,신림,역삼,19,18
20250528,신림,역삼,20,19
20250528,신림,역삼,21,20
20250528,신림,역삼,22,11
20250528,신림,역삼,23,6
20250528,신림,영등포구청,0,2
20250528,신림,영등포구청,5,12
20250528,신림,영등포구청,6,15
20250528,신림,영등포구청,7,86
20250528,신림,영등포구청,8,170
20250528,신림,영등포구청,9,68
20250528,신림,영등포구청,10,24
20250528,신림,영등포구청,11,9
20250528,신림,영등포구청,12,39
20250528,신림,영등포구청,13,15
20250528,신림,영등포구청,14,14
20250528,신림,영등포구청,15,15
20250528,신림,영등포구청,16,26
20250528,신림,영등포구청,17,34
20250528,신림,영등포구청,18,29
20250528,신림,영등포구청,19,7
20250528,신림,영등포구청,20,12
20250528,신림,영등포구청,21,7
20250528,신림,영등포구청,22,11
20250528,신림,영등포구청,23,6
20250528,신림,왕십리(성동구청),0,1
20250528,신림,왕십리(성동구청),6,4
20250528,신림,왕십리(성동구청),7,4
20250528,신림,왕십리(성동구청),8,8
20250528,신림,왕십리(성동구청),9,5
20250528,신림,왕십리(성동구청),10,1
20250528,신림,왕십리(성동구청),11,6
20250528,신림,왕십리(성동구청),12,2
20250528,신림,왕십리(성동구청),13,1
20250528,신림,왕십리(성동구청),14,4
20250528,신림,왕십리(성동구청),15,4
20250528,신림,왕십리(성동구청),16,1
20250528,신림,왕십리(성동구청),17,2
20250528,신림,왕십리(성동구청),18,2
20250528,신림,왕십리(성동구청),19,1
20250528,신림,왕십리(성동구청),20,1
20250528,신림,왕십리(성동구청),21,2
20250528,신림,왕십리(성동구청),22,2
20250528,신림,용두(동대문구청),7,1
20250528,신림,용두(동대문구청),8,1
20250528,신림,용두(동대문구청),9,2
20250528,신림,용두(동대문구청),11,1
20250528,신림,을지로3가,0,1
20250528,신림,을지로3가,5,12
20250528,신림,을지로3가,6,13
20250528,신림,을지로3가,7,88
20250528,신림,을지로3가,8,80
20250528,신림,을지로3가,9,25
20250528,신림,을지로3가,10,11
20250528,신림,을지로3가,11,10
20250528,신림,을지로3가,12,8
20250528,신림,을지로3가,13,7
20250528,신림,을지로3가,14,5
20250528,신림,을지로3가,15,3
20250528,신림,을지로3가,16,5
20250528,신림,을지로3가,17,7
20250528,신림,을지로3가,18,5
20250528,신림,을지로3가,19,2
20250528,신림,을지로3가,20,2
20250528,신림,을지로3가,21,2
20250528,신림,을지로4가,5,11
20250528,신림,을지로4가,6,10
20250528,신림,을지로4가,7,47
20250528,신림,을지로4가,8,49
20250528,신림,을지로4가,9,9
20250528,신림,을지로4가,10,4
20250528,신림,을지로4가,11,6
20250528,신림,을지로4가,12,10
20250528,신림,을지로4가,13,3
20250528,신림,을지로4가,14,4
20250528,신림,을지로4가,15,2
20250528,신림,을지로4가,16,3
20250528,신림,을지로4가,18,2
20250528,신림,을지로4가,19,2
20250528,신림,을지로4가,21,1
20250528,신림,을지로4가,22,2
20250528,신림,을지로4가,23,1
20250528,신림,을지로입구,0,2
20250528,신림,을지로입구,5,4
20250528,신림,을지로입구,6,48
20250528,신림,을지로입구,7,159
20250528,신림,을지로입구,8,188
20250528,신림,을지로입구,9,69
20250528,신림,을지로입구,10,29
20250528,신림,을지로입구,11,25
20250528,신림,을지로입구,12,33
20250528,신림,을지로입구,13,20
20250528,신림,을지로입구,14,2
20250528,신림,을지로입구,15,12
20250528,신림,을지로입구,16,24
20250528,신림,을지로입구,17,8
20250528,신림,을지로입구,18,3
20250528,신림,을지로입구,19,5
20250528,신림,을지로입구,20,1
20250528,신림,을지로입구,21,1
20250528,신림,을지로입구,22,2
20250528,신림,이대,0,3
20250528,신림,이대,5,1
20250528,신림,이대,6,3
20250528,신림,이대,7,19
20250528,신림,이대,8,34
20250528,신림,이대,9,27
20250528,신림,이대,10,15
20250528,신림,이대,11,13
20250528,신림,이대,12,14
20250528,신림,이대,13,11
20250528,신림,이대,14,8
20250528,신림,이대,15,7
20250528,신림,이대,16,3
20250528,신림,이대,17,4
20250528,신림,이대,18,10
20250528,신림,이대,19,4
20250528,신림,이대,20,9
20250528,신림,이대,21,6
20250528,신림,이대,22,6
20250528,신림,이대,23,2
20250528,신림,잠실(송파구청),0,3
20250528,신림,잠실(송파구청),4,3
20250528,신림,잠실(송파구청),5,36
20250528,신림,잠실(송파구청),6,96
20250528,신림,잠실(송파구청),7,201
20250528,신림,잠실(송파구청),8,205
20250528,신림,잠실(송파구청),9,112
20250528,신림,잠실(송파구청),10,70
20250528,신림,잠실(송파구청),11,51
20250528,신림,잠실(송파구청),12,53
20250528,신림,잠실(송파구청),13,36
20250528,신림,잠실(송파구청),14,36
20250528,신림,잠실(송파구청),15,37
20250528,신림,잠실(송파구청),16,54
20250528,신림,잠실(송파구청),17,50
20250528,신림,잠실(송파구청),18,53
20250528,신림,잠실(송파구청),19,24
20250528,신림,잠실(송파구청),20,25
20250528,신림,잠실(송파구청),21,29
20250528,신림,잠실(송파구청),22,22
20250528,신림,잠실(송파구청),23,14
20250528,신림,잠실나루,5,15
20250528,신림,잠실나루,6,10
20250528,신림,잠실나루,7,28
20250528,신림,잠실나루,8,20
20250528,신림,잠실나루,9,5
20250528,신림,잠실나루,10,5
20250528,신림,잠실나루,11,9
20250528,신림,잠실나루,12,7
20250528,신림,잠실나루,13,6
20250528,신림,잠실나루,14,1
20250528,신림,잠실나루,15,2
20250528,신림,잠실나루,16,2
20250528,신림,잠실나루,17,2
20250528,신림,잠실나루,18,5
20250528,신림,잠실나루,19,1
20250528,신림,잠실나루,21,6
20250528,신림,잠실새내,5,2
20250528,신림,잠실새내,6,13
20250528,신림,잠실새내,7,25
20250528,신림,잠실새내,8,23
20250528,신림,잠실새내,9,17
20250528,신림,잠실새내,10,16
20250528,신림,잠실새내,11,6
20250528,신림,잠실새내,12,10
20250528,신림,잠실새내,13,12
20250528,신림,잠실새내,14,10
20250528,신림,잠실새내,15,18
20250528,신림,잠실새내,16,16
20250528,신림,잠실새내,17,18
20250528,신림,잠실새내,18,17
20250528,신림,잠실새내,19,8
20250528,신림,잠실새내,20,7
20250528,신림,잠실새내,21,4
20250528,신림,잠실새내,22,5
20250528,신림,잠실새내,23,8
20250528,신림,종합운동장,0,1
20250528,신림,종합운동장,5,12
20250528,신림,종합운동장,6,17
20250528,신림,종합운동장,7,37
20250528,신림,종합운동장,8,28
20250528,신림,종합운동장,9,20
20250528,신림,종합운동장,10,8
20250528,신림,종합운동장,11,7
20250528,신림,종합운동장,12,1
20250528,신림,종합운동장,13,6
20250528,신림,종합운동장,14,11
20250528,신림,종합운동장,15,4
20250528,신림,종합운동장,16,43
20250528,신림,종합운동장,17,46
20250528,신림,종합운동장,18,32
20250528,신림,종합운동장,19,7
20250528,신림,종합운동장,20,1
20250528,신림,종합운동장,21,5
20250528,신림,종합운동장,22,6
20250528,신림,종합운동장,23,2
20250528,신림,충정로(경기대입구),5,5
20250528,신림,충정로(경기대입구),6,9
20250528,신림,충정로(경기대입구),7,45
20250528,신림,충정로(경기대입구),8,44
20250528,신림,충정로(경기대입구),9,7
20250528,신림,충정로(경기대입구),10,4
20250528,신림,충정로(경기대입구),11,6
20250528,신림,충정로(경기대입구),12,6
20250528,신림,충정로(경기대입구),13,2
20250528,신림,충정로(경기대입구),14,1
20250528,신림,충정로(경기대입구),15,2
20250528,신림,충정로(경기대입구),16,3
20250528,신림,충정로(경기대입구),17,2
20250528,신림,충정로(경기대입구),18,4
20250528,신림,충정로(경기대입구),19,1
20250528,신림,충정로(경기대입구),20,4
20250528,신림,충정로(경기대입구),21,1
20250528,신림,충정로(경기대입구),22,1
20250528,신림,충정로(경기대입구),23,3
20250528,신림,한양대,5,2
20250528,신림,한양대,6,6
20250528,신림,한양대,7,22
20250528,신림,한양대,8,24
20250528,신림,한양대,9,14
20250528,신림,한양대,11,6
20250528,신림,한양대,12,10
20250528,신림,한양대,13,1
20250528,신림,한양대,14,5
20250528,신림,한양대,15,3
20250528,신림,한양대,16,2
20250528,신림,한양대,18,1
20250528,신림,한양대,19,2
20250528,신림,한양대,21,1
20250528,신림,한양대,22,1
20250528,신림,합정,0,7
20250528,신림,합정,5,17
20250528,신림,합정,6,30
20250528,신림,합정,7,88
20250528,신림,합정,8,186
20250528,신림,합정,9,117
20250528,신림,합정,10,58
20250528,신림,합정,11,43
20250528,신림,합정,12,39
20250528,신림,합정,13,38
20250528,신림,합정,14,35
20250528,신림,합정,15,40
20250528,신림,합정,16,44
20250528,신림,합정,17,47
20250528,신림,합정,18,58
20250528,신림,합정,19,24
20250528,신림,합정,20,25
20250528,신림,합정,21,25
20250528,신림,합정,22,19
20250528,신림,합정,23,20
20250528,신림,홍대입구,0,12
20250528,신림,홍대입구,5,13
20250528,신림,홍대입구,6,28
20250528,신림,홍대입구,7,86
20250528,신림,홍대입구,8,166
20250528,신림,홍대입구,9,167
20250528,신림,홍대입구,10,82
20250528,신림,홍대입구,11,91
20250528,신림,홍대입구,12,80
20250528,신림,홍대입구,13,86
20250528,신림,홍대입구,14,70
20250528,신림,홍대입구,15,76
20250528,신림,홍대입구,16,81
20250528,신림,홍대입구,17,80
20250528,신림,홍대입구,18,84
20250528,신림,홍대입구,19,45
20250528,신림,홍대입구,20,43
20250528,신림,홍대입구,21,30
20250528,신림,홍대입구,22,24
20250528,신림,홍대입구,23,18
20250528,신촌,강남,0,1
20250528,신촌,강남,4,1
20250528,신촌,강남,5,3
20250528,신촌,강남,6,13
20250528,신촌,강남,7,52
20250528,신촌,강남,8,50
20250528,신촌,강남,9,26
20250528,신촌,강남,10,18
20250528,신촌,강남,11,19
20250528,신촌,강남,12,27
20250528,신촌,강남,13,28
20250528,신촌,강남,14,20
20250528,신촌,강남,15,23
20250528,신촌,강남,16,33
20250528,신촌,강남,17,39
20250528,신촌,강남,18,32
20250528,신촌,강남,19,14
20250528,신촌,강남,20,10
20250528,신촌,강남,21,4
20250528,신촌,강남,22,9
20250528,신촌,강남,23,4
20250528,신촌,강변(동서울터미널),0,4
20250528,신촌,강변(동서울터미널),5,3
20250528,신촌,강변(동서울터미널),6,6
20250528,신촌,강변(동서울터미널),7,6
20250528,신촌,강변(동서울터미널),8,5
20250528,신촌,강변(동서울터미널),9,9
20250528,신촌,강변(동서울터미널),10,9
20250528,신촌,강변(동서울터미널),11,21
20250528,신촌,강변(동서울터미널),12,26
20250528,신촌,강변(동서울터미널),13,17
20250528,신촌,강변(동서울터미널),14,16
20250528,신촌,강변(동서울터미널),15,19
20250528,신촌,강변(동서울터미널),16,34
20250528,신촌,강변(동서울터미널),17,30
20250528,신촌,강변(동서울터미널),18,26
20250528,신촌,강변(동서울터미널),19,22
20250528,신촌,강변(동서울터미널),20,16
20250528,신촌,강변(동서울터미널),21,14
20250528,신촌,강변(동서울터미널),22,14
20250528,신촌,강변(동서울터미널),23,10
20250528,신촌,건대입구,0,1
20250528,신촌,건대입구,4,1
20250528,신촌,건대입구,5,2
20250528,신촌,건대입구,6,7
20250528,신촌,건대입구,7,13
20250528,신촌,건대입구,8,17
20250528,신촌,건대입구,9,15
20250528,신촌,건대입구,10,17
20250528,신촌,건대입구,11,27
20250528,신촌,건대입구,12,19
20250528,신촌,건대입구,13,18
20250528,신촌,건대입구,14,18
20250528,신촌,건대입구,15,22
20250528,신촌,건대입구,16,42
20250528,신촌,건대입구,17,67
20250528,신촌,건대입구,18,46
20250528,신촌,건대입구,19,33
20250528,신촌,건대입구,20,33
20250528,신촌,건대입구,21,30
20250528,신촌,건대입구,22,42
20250528,신촌,건대입구,23,17
20250528,신촌,교대(법원.검찰청),7,8
20250528,신촌,교대(법원.검찰청),8,9
20250528,신촌,교대(법원.검찰청),9,10
20250528,신촌,교대(법원.검찰청),10,5
20250528,신촌,교대(법원.검찰청),11,3
20250528,신촌,교대(법원.검찰청),12,8
20250528,신촌,교대(법원.검찰청),13,7
20250528,신촌,교대(법원.검찰청),14,7
20250528,신촌,교대(법원.검찰청),15,10
20250528,신촌,교대(법원.검찰청),16,8
20250528,신촌,교대(법원.검찰청),17,16
20250528,신촌,교대(법원.검찰청),18,11
20250528,신촌,교대(법원.검찰청),19,5
20250528,신촌,교대(법원.검찰청),20,2
20250528,신촌,교대(법원.검찰청),21,8
20250528,신촌,교대(법원.검찰청),22,9
20250528,신촌,교대(법원.검찰청),23,8
20250528,신촌,구로디지털단지,0,7
20250528,신촌,구로디지털단지,5,2
20250528,신촌,구로디지털단지,6,15
20250528,신촌,구로디지털단지,7,73
20250528,신촌,구로디지털단지,8,59
20250528,신촌,구로디지털단지,9,42
20250528,신촌,구로디지털단지,10,28
20250528,신촌,구로디지털단지,11,29
20250528,신촌,구로디지털단지,12,32
20250528,신촌,구로디지털단지,13,31
20250528,신촌,구로디지털단지,14,36
20250528,신촌,구로디지털단지,15,61
20250528,신촌,구로디지털단지,16,80
20250528,신촌,구로디지털단지,17,100
20250528,신촌,구로디지털단지,18,104
20250528,신촌,구로디지털단지,19,64
20250528,신촌,구로디지털단지,20,54
20250528,신촌,구로디지털단지,21,80
20250528,신촌,구로디지털단지,22,68
20250528,신촌,구로디지털단지,23,42
20250528,신촌,구의(광진구청),0,3
20250528,신촌,구의(광진구청),6,1
20250528,신촌,구의(광진구청),7,12
20250528,신촌,구의(광진구청),8,15
20250528,신촌,구의(광진구청),9,9
20250528,신촌,구의(광진구청),10,3
20250528,신촌,구의(광진구청),11,10
20250528,신촌,구의(광진구청),12,6
20250528,신촌,구의(광진구청),13,14
20250528,신촌,구의(광진구청),14,5
20250528,신촌,구의(광진구청),15,10
20250528,신촌,구의(광진구청),16,21
20250528,신촌,구의(광진구청),17,31
20250528,신촌,구의(광진구청),18,30
20250528,신촌,구의(광진구청),19,30
20250528,신촌,구의(광진구청),20,23
20250528,신촌,구의(광진구청),21,20
20250528,신촌,구의(광진구청),22,29
20250528,신촌,구의(광진구청),23,10
20250528,신촌,낙성대,0,1
20250528,신촌,낙성대,5,2
20250528,신촌,낙성대,6,3
20250528,신촌,낙성대,7,6
20250528,신촌,낙성대,8,4
20250528,신촌,낙성대,9,4
20250528,신촌,낙성대,10,3
20250528,신촌,낙성대,11,4
20250528,신촌,낙성대,12,11
20250528,신촌,낙성대,13,5
20250528,신촌,낙성대,14,6
20250528,신촌,낙성대,15,14
20250528,신촌,낙성대,16,17
20250528,신촌,낙성대,17,30
20250528,신촌,낙성대,18,31
20250528,신촌,낙성대,19,17
20250528,신촌,낙성대,20,26
20250528,신촌,낙성대,21,27
20250528,신촌,낙성대,22,18
20250528,신촌,낙성대,23,15
20250528,신촌,당산,0,14
20250528,신촌,당산,6,6
20250528,신촌,당산,7,18
20250528,신촌,당산,8,11
20250528,신촌,당산,9,18
20250528,신촌,당산,10,18
20250528,신촌,당산,11,15
20250528,신촌,당산,12,23
20250528,신촌,당산,13,28
20250528,신촌,당산,14,16
20250528,신촌,당산,15,29
20250528,신촌,당산,16,58
20250528,신촌,당산,17,64
20250528,신촌,당산,18,58
20250528,신촌,당산,19,37
20250528,신촌,당산,20,49
20250528,신촌,당산,21,57
20250528,신촌,당산,22,39
20250528,신촌,당산,23,28
20250528,신촌,대림(구로구청),0,3
20250528,신촌,대림(구로구청),5,1
20250528,신촌,대림(구로구청),6,5
20250528,신촌,대림(구로구청),7,14
20250528,신촌,대림(구로구청),8,10
20250528,신촌,대림(구로구청),9,8
20250528,신촌,대림(구로구청),10,16
20250528,신촌,대림(구로구청),11,9
20250528,신촌,대림(구로구청),12,16
20250528,신촌,대림(구로구청),13,17
20250528,신촌,대림(구로구청),14,19
20250528,신촌,대림(구로구청),15,19
20250528,신촌,대림(구로구청),16,41
20250528,신촌,대림(구로구청),17,33
20250528,신촌,대림(구로구청),18,49
20250528,신촌,대림(구로구청),19,28
20250528,신촌,대림(구로구청),20,31
20250528,신촌,대림(구로구청),21,32
20250528,신촌,대림(구로구청),22,35
20250528,신촌,대림(구로구청),23,13
20250528,신촌,동대문역사문화공원,0,4
20250528,신촌,동대문역사문화공원,5,2
20250528,신촌,동대문역사문화공원,6,11
20250528,신촌,동대문역사문화공원,7,23
20250528,신촌,동대문역사문화공원,8,36
20250528,신촌,동대문역사문화공원,9,25
20250528,신촌,동대문역사문화공원,10,16
20250528,신촌,동대문역사문화공원,11,29
20250528,신촌,동대문역사문화공원,12,24
20250528,신촌,동대문역사문화공원,13,26
20250528,신촌,동대문역사문화공원,14,29
20250528,신촌,동대문역사문화공원,15,45
20250528,신촌,동대문역사문화공원,16,29
20250528,신촌,동대문역사문화공원,17,35
20250528,신촌,동대문역사문화공원,18,31
20250528,신촌,동대문역사문화공원,19,43
20250528,신촌,동대문역사문화공원,20,17
20250528,신촌,동대문역사문화공원,21,20
20250528,신촌,동대문역사문화공원,22,12
20250528,신촌,동대문역사문화공원,23,3
20250528,신촌,뚝섬,0,3
20250528,신촌,뚝섬,5,4
20250528,신촌,뚝섬,6,9
20250528,신촌,뚝섬,7,33
20250528,신촌,뚝섬,8,35
20250528,신촌,뚝섬,9,31
20250528,신촌,뚝섬,10,20
20250528,신촌,뚝섬,11,12
20250528,신촌,뚝섬,12,18
20250528,신촌,뚝섬,13,21
20250528,신촌,뚝섬,14,13
20250528,신촌,뚝섬,15,16
20250528,신촌,뚝섬,16,24
20250528,신촌,뚝섬,17,25
20250528,신촌,뚝섬,18,18
20250528,신촌,뚝섬,19,14
20250528,신촌,뚝섬,20,8
20250528,신촌,뚝섬,21,6
20250528,신촌,뚝섬,22,6
20250528,신촌,뚝섬,23,5
20250528,신촌,문래,0,5
20250528,신촌,문래,5,1
20250528,신촌,문래,6,2
20250528,신촌,문래,7,22
20250528,신촌,문래,8,41
20250528,신촌,문래,9,17
20250528,신촌,문래,10,14
20250528,신촌,문래,11,19
20250528,신촌,문래,12,20
20250528,신촌,문래,13,17
20250528,신촌,문래,14,20
20250528,신촌,문래,15,34
20250528,신촌,문래,16,36
20250528,신촌,문래,17,56
20250528,신촌,문래,18,56
20250528,신촌,문래,19,43
20250528,신촌,문래,20,28
20250528,신촌,문래,21,21
20250528,신촌,문래,22,31
20250528,신촌,문래,23,11
20250528,신촌,방배,5,2
20250528,신촌,방배,6,4
20250528,신촌,방배,7,9
20250528,신촌,방배,8,8
20250528,신촌,방배,9,2
20250528,신촌,방배,10,6
20250528,신촌,방배,11,7
20250528,신촌,방배,12,7
20250528,신촌,방배,13,6
20250528,신촌,방배,14,12
20250528,신촌,방배,15,11
20250528,신촌,방배,16,9
20250528,신촌,방배,17,18
20250528,신촌,방배,18,12
20250528,신촌,방배,19,17
20250528,신촌,방배,20,6
20250528,신촌,방배,21,13
20250528,신촌,방배,22,10
20250528,신촌,방배,23,13
20250528,신촌,봉천,0,2
20250528,신촌,봉천,7,3
20250528,신촌,봉천,8,4
20250528,신촌,봉천,9,8
20250528,신촌,봉천,10,5
20250528,신촌,봉천,11,6
20250528,신촌,봉천,12,7
20250528,신촌,봉천,13,7
20250528,신촌,봉천,14,4
20250528,신촌,봉천,15,14
20250528,신촌,봉천,16,19
20250528,신촌,봉천,17,26
20250528,신촌,봉천,18,30
20250528,신촌,봉천,19,17
20250528,신촌,봉천,20,17
20250528,신촌,봉천,21,18
20250528,신촌,봉천,22,30
20250528,신촌,봉천,23,4
20250528,신촌,사당,0,5
20250528,신촌,사당,5,2
20250528,신촌,사당,6,6
20250528,신촌,사당,7,6
20250528,신촌,사당,8,5
20250528,신촌,사당,9,2
20250528,신촌,사당,10,7
20250528,신촌,사당,11,4
20250528,신촌,사당,12,10
20250528,신촌,사당,13,17
20250528,신촌,사당,14,12
20250528,신촌,사당,15,8
20250528,신촌,사당,16,30
20250528,신촌,사당,17,46
20250528,신촌,사당,18,30
20250528,신촌,사당,19,14
20250528,신촌,사당,20,15
20250528,신촌,사당,21,27
20250528,신촌,사당,22,27
20250528,신촌,사당,23,15
20250528,신촌,삼성(무역센터),0,3
20250528,신촌,삼성(무역센터),5,2
20250528,신촌,삼성(무역센터),6,15
20250528,신촌,삼성(무역센터),7,43
20250528,신촌,삼성(무역센터),8,47
20250528,신촌,삼성(무역센터),9,33
20250528,신촌,삼성(무역센터),10,21
20250528,신촌,삼성(무역센터),11,26
20250528,신촌,삼성(무역센터),12,10
20250528,신촌,삼성(무역센터),13,16
20250528,신촌,삼성(무역센터),14,13
20250528,신촌,삼성(무역센터),15,17
20250528,신촌,삼성(무역센터),16,20
20250528,신촌,삼성(무역센터),17,18
20250528,신촌,삼성(무역센터),18,5
20250528,신촌,삼성(무역센터),19,4
20250528,신촌,삼성(무역센터),20,4
20250528,신촌,삼성(무역센터),21,8
20250528,신촌,삼성(무역센터),22,1
20250528,신촌,삼성(무역센터),23,4
20250528,신촌,상왕십리,0,3
20250528,신촌,상왕십리,5,1
20250528,신촌,상왕십리,6,4
20250528,신촌,상왕십리,7,7
20250528,신촌,상왕십리,8,12
20250528,신촌,상왕십리,9,6
20250528,신촌,상왕십리,10,5
20250528,신촌,상왕십리,11,6
20250528,신촌,상왕십리,12,14
20250528,신촌,상왕십리,13,9
20250528,신촌,상왕십리,14,7
20250528,신촌,상왕십리,15,18
20250528,신촌,상왕십리,16,23
20250528,신촌,상왕십리,17,37
20250528,신촌,상왕십리,18,33
20250528,신촌,상왕십리,19,11
20250528,신촌,상왕십리,20,18
20250528,신촌,상왕십리,21,24
20250528,신촌,상왕십리,22,29
20250528,신촌,상왕십리,23,14
20250528,신촌,서울대입구(관악구청),0,8
20250528,신촌,서울대입구(관악구청),5,1
20250528,신촌,서울대입구(관악구청),6,4
20250528,신촌,서울대입구(관악구청),7,10
20250528,신촌,서울대입구(관악구청),8,16
20250528,신촌,서울대입구(관악구청),9,13
20250528,신촌,서울대입구(관악구청),10,6
20250528,신촌,서울대입구(관악구청),11,22
20250528,신촌,서울대입구(관악구청),12,21
20250528,신촌,서울대입구(관악구청),13,24
20250528,신촌,서울대입구(관악구청),14,13
20250528,신촌,서울대입구(관악구청),15,25
20250528,신촌,서울대입구(관악구청),16,30
20250528,신촌,서울대입구(관악구청),17,49
20250528,신촌,서울대입구(관악구청),18,52
20250528,신촌,서울대입구(관악구청),19,40
20250528,신촌,서울대입구(관악구청),20,33
20250528,신촌,서울대입구(관악구청),21,37
20250528,신촌,서울대입구(관악구청),22,37
20250528,신촌,서울대입구(관악구청),23,16
20250528,신촌,서초,6,3
20250528,신촌,서초,7,15
20250528,신촌,서초,8,8
20250528,신촌,서초,9,4
20250528,신촌,서초,10,5
20250528,신촌,서초,12,4
20250528,신촌,서초,13,4
20250528,신촌,서초,14,2
20250528,신촌,서초,15,6
20250528,신촌,서초,16,7
20250528,신촌,서초,17,8
20250528,신촌,서초,18,9
20250528,신촌,서초,19,5
20250528,신촌,서초,20,5
20250528,신촌,서초,21,4
20250528,신촌,서초,22,2
20250528,신촌,서초,23,4
20250528,신촌,선릉,5,2
20250528,신촌,선릉,6,12
20250528,신촌,선릉,7,36
20250528,신촌,선릉,8,23
20250528,신촌,선릉,9,9
20250528,신촌,선릉,10,5
20250528,신촌,선릉,11,5
20250528,신촌,선릉,12,7
20250528,신촌,선릉,13,7
20250528,신촌,선릉,14,8
20250528,신촌,선릉,15,5
20250528,신촌,선릉,16,15
20250528,신촌,선릉,17,10
20250528,신촌,선릉,18,15
20250528,신촌,선릉,19,6
20250528,신촌,선릉,20,1
20250528,신촌,선릉,21,2
20250528,신촌,선릉,22,1
20250528,신촌,선릉,23,8
20250528,신촌,성수,0,3
20250528,신촌,성수,5,9
20250528,신촌,성수,6,17
20250528,신촌,성수,7,38
20250528,신촌,성수,8,72
20250528,신촌,성수,9,46
20250528,신촌,성수,10,66
20250528,신촌,성수,11,48
20250528,신촌,성수,12,34
20250528,신촌,성수,13,39
20250528,신촌,성수,14,51
20250528,신촌,성수,15,38
20250528,신촌,성수,16,48
20250528,신촌,성수,17,42
20250528,신촌,성수,18,37
20250528,신촌,성수,19,10
20250528,신촌,성수,20,6
20250528,신촌,성수,21,11
20250528,신촌,성수,22,11
20250528,신촌,성수,23,7
20250528,신촌,시청,0,3
20250528,신촌,시청,5,5
20250528,신촌,시청,6,26
20250528,신촌,시청,7,72
20250528,신촌,시청,8,178
20250528,신촌,시청,9,62
20250528,신촌,시청,10,33
20250528,신촌,시청,11,37
20250528,신촌,시청,12,34
20250528,신촌,시청,13,26
20250528,신촌,시청,14,22
20250528,신촌,시청,15,24
20250528,신촌,시청,16,14
20250528,신촌,시청,17,41
20250528,신촌,시청,18,29
20250528,신촌,시청,19,9
20250528,신촌,시청,20,15
20250528,신촌,시청,21,9
20250528,신촌,시청,22,12
20250528,신촌,시청,23,6
20250528,신촌,신당,0,5
20250528,신촌,신당,5,1
20250528,신촌,신당,6,3
20250528,신촌,신당,7,13
20250528,신촌,신당,8,11
20250528,신촌,신당,9,5
20250528,신촌,신당,10,8
20250528,신촌,신당,11,19
20250528,신촌,신당,12,16
20250528,신촌,신당,13,17
20250528,신촌,신당,14,14
20250528,신촌,신당,15,14
20250528,신촌,신당,16,29
20250528,신촌,신당,17,27
20250528,신촌,신당,18,32
20250528,신촌,신당,19,29
20250528,신촌,신당,20,17
20250528,신촌,신당,21,25
20250528,신촌,신당,22,19
20250528,신촌,신당,23,10
20250528,신촌,신대방,0,5
20250528,신촌,신대방,6,3
20250528,신촌,신대방,7,4
20250528,신촌,신대방,8,5
20250528,신촌,신대방,9,4
20250528,신촌,신대방,10,10
20250528,신촌,신대방,11,16
20250528,신촌,신대방,12,18
20250528,신촌,신대방,13,11
20250528,신촌,신대방,14,22
20250528,신촌,신대방,15,24
20250528,신촌,신대방,16,32
20250528,신촌,신대방,17,43
20250528,신촌,신대방,18,43
20250528,신촌,신대방,19,44
20250528,신촌,신대방,20,26
20250528,신촌,신대방,21,36
20250528,신촌,신대방,22,29
20250528,신촌,신대방,23,17
20250528,신촌,신도림,0,14
20250528,신촌,신도림,6,7
20250528,신촌,신도림,7,12
20250528,신촌,신도림,8,39
20250528,신촌,신도림,9,18
20250528,신촌,신도림,10,18
20250528,신촌,신도림,11,44
20250528,신촌,신도림,12,48
20250528,신촌,신도림,13,47
20250528,신촌,신도림,14,42
20250528,신촌,신도림,15,58
20250528,신촌,신도림,16,77
20250528,신촌,신도림,17,124
20250528,신촌,신도림,18,116
20250528,신촌,신도림,19,82
20250528,신촌,신도림,20,90
20250528,신촌,신도림,21,83
20250528,신촌,신도림,22,100
20250528,신촌,신도림,23,59
20250528,신촌,신림,0,15
20250528,신촌,신림,5,5
20250528,신촌,신림,6,5
20250528,신촌,신림,7,10
20250528,신촌,신림,8,10
20250528,신촌,신림,9,14
20250528,신촌,신림,10,10
20250528,신촌,신림,11,17
20250528,신촌,신림,12,13
20250528,신촌,신림,13,24
20250528,신촌,신림,14,19
20250528,신촌,신림,15,32
20250528,신촌,신림,16,44
20250528,신촌,신림,17,70
20250528,신촌,신림,18,88
20250528,신촌,신림,19,54
20250528,신촌,신림,20,57
20250528,신촌,신림,21,59
20250528,신촌,신림,22,66
20250528,신촌,신림,23,45
20250528,신촌,신촌,0,6
20250528,신촌,신촌,5,4
20250528,신촌,신촌,6,8
20250528,신촌,신촌,7,8
20250528,신촌,신촌,8,13
20250528,신촌,신촌,9,18
20250528,신촌,신촌,10,40
20250528,신촌,신촌,11,31
20250528,신촌,신촌,12,28
20250528,신촌,신촌,13,40
20250528,신촌,신촌,14,55
20250528,신촌,신촌,15,60
20250528,신촌,신촌,16,49
20250528,신촌,신촌,17,39
20250528,신촌,신촌,18,56
20250528,신촌,신촌,19,48
20250528,신촌,신촌,20,39
20250528,신촌,신촌,21,54
20250528,신촌,신촌,22,45
20250528,신촌,신촌,23,17
20250528,신촌,아현,0,3
20250528,신촌,아현,5,3
20250528,신촌,아현,6,7
20250528,신촌,아현,7,17
20250528,신촌,아현,8,14
20250528,신촌,아현,9,26
20250528,신촌,아현,10,24
20250528,신촌,아현,11,23
20250528,신촌,아현,12,28
20250528,신촌,아현,13,36
20250528,신촌,아현,14,42
20250528,신촌,아현,15,47
20250528,신촌,아현,16,50
20250528,신촌,아현,17,44
20250528,신촌,아현,18,35
20250528,신촌,아현,19,41
20250528,신촌,아현,20,18
20250528,신촌,아현,21,25
20250528,신촌,아현,22,26
20250528,신촌,아현,23,9
20250528,신촌,역삼,0,1
20250528,신촌,역삼,4,1
20250528,신촌,역삼,5,1
20250528,신촌,역삼,6,10
20250528,신촌,역삼,7,42
20250528,신촌,역삼,8,29
20250528,신촌,역삼,9,19
20250528,신촌,역삼,10,14
20250528,신촌,역삼,11,2
20250528,신촌,역삼,12,14
20250528,신촌,역삼,13,5
20250528,신촌,역삼,14,5
20250528,신촌,역삼,15,7
20250528,신촌,역삼,16,5
20250528,신촌,역삼,17,24
20250528,신촌,역삼,18,10
20250528,신촌,역삼,19,8
20250528,신촌,역삼,20,4
20250528,신촌,역삼,21,3
20250528,신촌,역삼,22,2
20250528,신촌,역삼,23,3
20250528,신촌,영등포구청,0,6
20250528,신촌,영등포구청,5,1
20250528,신촌,영등포구청,6,6
20250528,신촌,영등포구청,7,17
20250528,신촌,영등포구청,8,37
20250528,신촌,영등포구청,9,17
20250528,신촌,영등포구청,10,9
20250528,신촌,영등포구청,11,17
20250528,신촌,영등포구청,12,18
20250528,신촌,영등포구청,13,17
20250528,신촌,영등포구청,14,17
20250528,신촌,영등포구청,15,29
20250528,신촌,영등포구청,16,32
20250528,신촌,영등포구청,17,51
20250528,신촌,영등포구청,18,61
20250528,신촌,영등포구청,19,26
20250528,신촌,영등포구청,20,31
20250528,신촌,영등포구청,21,37
20250528,신촌,영등포구청,22,24
20250528,신촌,영등포구청,23,13
20250528,신촌,왕십리(성동구청),0,17
20250528,신촌,왕십리(성동구청),6,5
20250528,신촌,왕십리(성동구청),7,8
20250528,신촌,왕십리(성동구청),8,12
20250528,신촌,왕십리(성동구청),9,6
20250528,신촌,왕십리(성동구청),10,8
20250528,신촌,왕십리(성동구청),11,7
20250528,신촌,왕십리(성동구청),12,9
20250528,신촌,왕십리(성동구청),13,12
20250528,신촌,왕십리(성동구청),14,12
20250528,신촌,왕십리(성동구청),15,17
20250528,신촌,왕십리(성동구청),16,11
20250528,신촌,왕십리(성동구청),17,37
20250528,신촌,왕십리(성동구청),18,37
20250528,신촌,왕십리(성동구청),19,19
20250528,신촌,왕십리(성동구청),20,21
20250528,신촌,왕십리(성동구청),21,25
20250528,신촌,왕십리(성동구청),22,22
20250528,신촌,왕십리(성동구청),23,15
20250528,신촌,용두(동대문구청),15,1
20250528,신촌,용두(동대문구청),16,1
20250528,신촌,용두(동대문구청),18,1
20250528,신촌,용두(동대문구청),23,1
20250528,신촌,을지로3가,0,6
20250528,신촌,을지로3가,5,4
20250528,신촌,을지로3가,6,18
20250528,신촌,을지로3가,7,85
20250528,신촌,을지로3가,8,127
20250528,신촌,을지로3가,9,52
20250528,신촌,을지로3가,10,29
20250528,신촌,을지로3가,11,20
20250528,신촌,을지로3가,12,28
20250528,신촌,을지로3가,13,39
20250528,신촌,을지로3가,14,24
20250528,신촌,을지로3가,15,42
20250528,신촌,을지로3가,16,25
20250528,신촌,을지로3가,17,35
20250528,신촌,을지로3가,18,44
20250528,신촌,을지로3가,19,23
20250528,신촌,을지로3가,20,11
20250528,신촌,을지로3가,21,24
20250528,신촌,을지로3가,22,13
20250528,신촌,을지로3가,23,9
20250528,신촌,을지로4가,0,4
20250528,신촌,을지로4가,5,2
20250528,신촌,을지로4가,6,16
20250528,신촌,을지로4가,7,46
20250528,신촌,을지로4가,8,55
20250528,신촌,을지로4가,9,28
20250528,신촌,을지로4가,10,18
20250528,신촌,을지로4가,11,24
20250528,신촌,을지로4가,12,14
20250528,신촌,을지로4가,13,18
20250528,신촌,을지로4가,14,20
20250528,신촌,을지로4가,15,18
20250528,신촌,을지로4가,16,14
20250528,신촌,을지로4가,17,20
20250528,신촌,을지로4가,18,13
20250528,신촌,을지로4가,19,9
20250528,신촌,을지로4가,20,3
20250528,신촌,을지로4가,21,6
20250528,신촌,을지로4가,22,19
20250528,신촌,을지로4가,23,6
20250528,신촌,을지로입구,0,12
20250528,신촌,을지로입구,5,10
20250528,신촌,을지로입구,6,45
20250528,신촌,을지로입구,7,177
20250528,신촌,을지로입구,8,304
20250528,신촌,을지로입구,9,137
20250528,신촌,을지로입구,10,96
20250528,신촌,을지로입구,11,80
20250528,신촌,을지로입구,12,106
20250528,신촌,을지로입구,13,82
20250528,신촌,을지로입구,14,95
20250528,신촌,을지로입구,15,89
20250528,신촌,을지로입구,16,91
20250528,신촌,을지로입구,17,117
20250528,신촌,을지로입구,18,106
20250528,신촌,을지로입구,19,68
20250528,신촌,을지로입구,20,65
20250528,신촌,을지로입구,21,74
20250528,신촌,을지로입구,22,72
20250528,신촌,을지로입구,23,32
20250528,신촌,이대,0,6
20250528,신촌,이대,5,3
20250528,신촌,이대,6,3
20250528,신촌,이대,7,7
20250528,신촌,이대,8,23
20250528,신촌,이대,9,40
20250528,신촌,이대,10,29
20250528,신촌,이대,11,47
20250528,신촌,이대,12,44
20250528,신촌,이대,13,54
20250528,신촌,이대,14,56
20250528,신촌,이대,15,53
20250528,신촌,이대,16,54
20250528,신촌,이대,17,53
20250528,신촌,이대,18,49
20250528,신촌,이대,19,35
20250528,신촌,이대,20,19
20250528,신촌,이대,21,29
20250528,신촌,이대,22,28
20250528,신촌,이대,23,16
20250528,신촌,잠실(송파구청),0,3
20250528,신촌,잠실(송파구청),5,9
20250528,신촌,잠실(송파구청),6,18
20250528,신촌,잠실(송파구청),7,27
20250528,신촌,잠실(송파구청),8,45
20250528,신촌,잠실(송파구청),9,21
20250528,신촌,잠실(송파구청),10,20
20250528,신촌,잠실(송파구청),11,20
20250528,신촌,잠실(송파구청),12,24
20250528,신촌,잠실(송파구청),13,36
20250528,신촌,잠실(송파구청),14,53
20250528,신촌,잠실(송파구청),15,55
20250528,신촌,잠실(송파구청),16,50
20250528,신촌,잠실(송파구청),17,68
20250528,신촌,잠실(송파구청),18,59
20250528,신촌,잠실(송파구청),19,33
20250528,신촌,잠실(송파구청),20,42
20250528,신촌,잠실(송파구청),21,47
20250528,신촌,잠실(송파구청),22,45
20250528,신촌,잠실(송파구청),23,24
20250528,신촌,잠실나루,0,3
20250528,신촌,잠실나루,5,6
20250528,신촌,잠실나루,6,9
20250528,신촌,잠실나루,7,20
20250528,신촌,잠실나루,8,8
20250528,신촌,잠실나루,9,5
20250528,신촌,잠실나루,10,2
20250528,신촌,잠실나루,11,9
20250528,신촌,잠실나루,12,4
20250528,신촌,잠실나루,13,11
20250528,신촌,잠실나루,14,9
20250528,신촌,잠실나루,15,11
20250528,신촌,잠실나루,16,16
20250528,신촌,잠실나루,17,13
20250528,신촌,잠실나루,18,11
20250528,신촌,잠실나루,19,11
20250528,신촌,잠실나루,20,12
20250528,신촌,잠실나루,21,6
20250528,신촌,잠실나루,22,15
20250528,신촌,잠실나루,23,9
20250528,신촌,잠실새내,0,2
20250528,신촌,잠실새내,5,2
20250528,신촌,잠실새내,6,5
20250528,신촌,잠실새내,7,5
20250528,신촌,잠실새내,8,4
20250528,신촌,잠실새내,9,7
20250528,신촌,잠실새내,10,3
20250528,신촌,잠실새내,11,7
20250528,신촌,잠실새내,12,7
20250528,신촌,잠실새내,13,12
20250528,신촌,잠실새내,14,14
20250528,신촌,잠실새내,15,20
20250528,신촌,잠실새내,16,23
20250528,신촌,잠실새내,17,29
20250528,신촌,잠실새내,18,27
20250528,신촌,잠실새내,19,28
20250528,신촌,잠실새내,20,19
20250528,신촌,잠실새내,21,23
20250528,신촌,잠실새내,22,27
20250528,신촌,잠실새내,23,4
20250528,신촌,종합운동장,6,1
20250528,신촌,종합운동장,7,2
20250528,신촌,종합운동장,10,1
20250528,신촌,종합운동장,11,1
20250528,신촌,종합운동장,12,1
20250528,신촌,종합운동장,14,4
20250528,신촌,종합운동장,15,11
20250528,신촌,종합운동장,16,44
20250528,신촌,종합운동장,17,81
20250528,신촌,종합운동장,18,12
20250528,신촌,종합운동장,19,2
20250528,신촌,종합운동장,20,5
20250528,신촌,종합운동장,21,5
20250528,신촌,종합운동장,22,3
20250528,신촌,종합운동장,23,1
20250528,신촌,충정로(경기대입구),0,2
20250528,신촌,충정로(경기대입구),5,3
20250528,신촌,충정로(경기대입구),6,5
20250528,신촌,충정로(경기대입구),7,14
20250528,신촌,충정로(경기대입구),8,38
20250528,신촌,충정로(경기대입구),9,23
20250528,신촌,충정로(경기대입구),10,8
20250528,신촌,충정로(경기대입구),11,13
20250528,신촌,충정로(경기대입구),12,19
20250528,신촌,충정로(경기대입구),13,20
20250528,신촌,충정로(경기대입구),14,24
20250528,신촌,충정로(경기대입구),15,20
20250528,신촌,충정로(경기대입구),16,15
20250528,신촌,충정로(경기대입구),17,21
20250528,신촌,충정로(경기대입구),18,24
20250528,신촌,충정로(경기대입구),19,16
20250528,신촌,충정로(경기대입구),20,12
20250528,신촌,충정로(경기대입구),21,12
20250528,신촌,충정로(경기대입구),22,24
20250528,신촌,충정로(경기대입구),23,8
20250528,신촌,한양대,0,2
20250528,신촌,한양대,5,4
20250528,신촌,한양대,7,16
20250528,신촌,한양대,8,41
20250528,신촌,한양대,9,41
20250528,신촌,한양대,10,17
20250528,신촌,한양대,11,15
20250528,신촌,한양대,12,36
20250528,신촌,한양대,13,18
20250528,신촌,한양대,14,15
20250528,신촌,한양대,15,19
20250528,신촌,한양대,16,11
20250528,신촌,한양대,17,17
20250528,신촌,한양대,18,13
20250528,신촌,한양대,19,13
20250528,신촌,한양대,20,9
20250528,신촌,한양대,21,3
20250528,신촌,한양대,22,8
20250528,신촌,한양대,23,3
20250528,신촌,합정,0,8
20250528,신촌,합정,5,2
20250528,신촌,합정,6,6
20250528,신촌,합정,7,8
20250528,신촌,합정,8,34
20250528,신촌,합정,9,29
20250528,신촌,합정,10,37
20250528,신촌,합정,11,45
20250528,신촌,합정,12,45
20250528,신촌,합정,13,66
20250528,신촌,합정,14,67
20250528,신촌,합정,15,66
20250528,신촌,합정,16,98
20250528,신촌,합정,17,119
20250528,신촌,합정,18,129
20250528,신촌,합정,19,74
20250528,신촌,합정,20,65
20250528,신촌,합정,21,50
20250528,신촌,합정,22,45
20250528,신촌,합정,23,23
20250528,신촌,홍대입구,0,12
20250528,신촌,홍대입구,6,9
20250528,신촌,홍대입구,7,9
20250528,신촌,홍대입구,8,31
20250528,신촌,홍대입구,9,58
20250528,신촌,홍대입구,10,73
20250528,신촌,홍대입구,11,82
20250528,신촌,홍대입구,12,105
20250528,신촌,홍대입구,13,132
20250528,신촌,홍대입구,14,155
20250528,신촌,홍대입구,15,167
20250528,신촌,홍대입구,16,155
20250528,신촌,홍대입구,17,196
20250528,신촌,홍대입구,18,232
20250528,신촌,홍대입구,19,163
20250528,신촌,홍대입구,20,113
20250528,신촌,홍대입구,21,109
20250528,신촌,홍대입구,22,60
20250528,신촌,홍대입구,23,29
20250528,아현,강남,5,3
20250528,아현,강남,6,9
20250528,아현,강남,7,29
20250528,아현,강남,8,20
20250528,아현,강남,9,5
20250528,아현,강남,10,5
20250528,아현,강남,11,6
20250528,아현,강남,12,3
20250528,아현,강남,13,6
20250528,아현,강남,14,4
20250528,아현,강남,15,3
20250528,아현,강남,16,1
20250528,아현,강남,17,4
20250528,아현,강남,18,4
20250528,아현,강남,21,1
20250528,아현,강변(동서울터미널),6,4
20250528,아현,강변(동서울터미널),8,4
20250528,아현,강변(동서울터미널),9,7
20250528,아현,강변(동서울터미널),10,3
20250528,아현,강변(동서울터미널),11,3
20250528,아현,강변(동서울터미널),12,7
20250528,아현,강변(동서울터미널),13,2
20250528,아현,강변(동서울터미널),15,1
20250528,아현,강변(동서울터미널),16,3
20250528,아현,강변(동서울터미널),17,3
20250528,아현,강변(동서울터미널),18,5
20250528,아현,강변(동서울터미널),19,1
20250528,아현,강변(동서울터미널),20,2
20250528,아현,강변(동서울터미널),22,3
20250528,아현,건대입구,5,2
20250528,아현,건대입구,6,3
20250528,아현,건대입구,7,3
20250528,아현,건대입구,8,17
20250528,아현,건대입구,9,10
20250528,아현,건대입구,10,2
20250528,아현,건대입구,11,7
20250528,아현,건대입구,12,10
20250528,아현,건대입구,13,8
20250528,아현,건대입구,14,3
20250528,아현,건대입구,15,2
20250528,아현,건대입구,16,4
20250528,아현,건대입구,17,7
20250528,아현,건대입구,18,9
20250528,아현,건대입구,19,9
20250528,아현,건대입구,20,12
20250528,아현,건대입구,21,4
20250528,아현,건대입구,22,3
20250528,아현,교대(법원.검찰청),5,1
20250528,아현,교대(법원.검찰청),6,1
20250528,아현,교대(법원.검찰청),7,3
20250528,아현,교대(법원.검찰청),8,5
20250528,아현,교대(법원.검찰청),9,7
20250528,아현,교대(법원.검찰청),10,6
20250528,아현,교대(법원.검찰청),11,2
20250528,아현,교대(법원.검찰청),12,1
20250528,아현,교대(법원.검찰청),13,1
20250528,아현,교대(법원.검찰청),15,1
20250528,아현,교대(법원.검찰청),16,2
20250528,아현,교대(법원.검찰청),17,2
20250528,아현,교대(법원.검찰청),18,1
20250528,아현,교대(법원.검찰청),21,1
20250528,아현,구로디지털단지,5,4
20250528,아현,구로디지털단지,6,7
20250528,아현,구로디지털단지,7,38
20250528,아현,구로디지털단지,8,49
20250528,아현,구로디지털단지,9,15
20250528,아현,구로디지털단지,10,7
20250528,아현,구로디지털단지,11,5
20250528,아현,구로디지털단지,12,8
20250528,아현,구로디지털단지,13,13
20250528,아현,구로디지털단지,14,4
20250528,아현,구로디지털단지,15,13
20250528,아현,구로디지털단지,16,22
20250528,아현,구로디지털단지,17,29
20250528,아현,구로디지털단지,18,15
20250528,아현,구로디지털단지,19,9
20250528,아현,구로디지털단지,20,14
20250528,아현,구로디지털단지,21,11
20250528,아현,구로디지털단지,22,9
20250528,아현,구의(광진구청),5,1
20250528,아현,구의(광진구청),6,1
20250528,아현,구의(광진구청),7,2
20250528,아현,구의(광진구청),8,12
20250528,아현,구의(광진구청),9,2
20250528,아현,구의(광진구청),10,3
20250528,아현,구의(광진구청),11,1
20250528,아현,구의(광진구청),12,1
20250528,아현,구의(광진구청),13,4
20250528,아현,구의(광진구청),14,3
20250528,아현,구의(광진구청),15,3
20250528,아현,구의(광진구청),16,5
20250528,아현,구의(광진구청),17,6
20250528,아현,구의(광진구청),18,7
20250528,아현,구의(광진구청),19,3
20250528,아현,구의(광진구청),20,6
20250528,아현,구의(광진구청),22,1
20250528,아현,구의(광진구청),23,1
20250528,아현,낙성대,5,1
20250528,아현,낙성대,6,2
20250528,아현,낙성대,7,5
20250528,아현,낙성대,8,3
20250528,아현,낙성대,9,3
20250528,아현,낙성대,10,3
20250528,아현,낙성대,11,4
20250528,아현,낙성대,12,3
20250528,아현,낙성대,14,4
20250528,아현,낙성대,15,6
20250528,아현,낙성대,16,2
20250528,아현,낙성대,17,4
20250528,아현,낙성대,18,2
20250528,아현,낙성대,19,1
20250528,아현,낙성대,20,2
20250528,아현,낙성대,21,1
20250528,아현,낙성대,22,1
20250528,아현,당산,5,5
20250528,아현,당산,6,4
20250528,아현,당산,7,17
20250528,아현,당산,8,24
20250528,아현,당산,9,7
20250528,아현,당산,10,3
20250528,아현,당산,11,6
20250528,아현,당산,12,5
20250528,아현,당산,13,5
20250528,아현,당산,14,7
20250528,아현,당산,15,5
20250528,아현,당산,16,19
20250528,아현,당산,17,17
20250528,아현,당산,18,14
20250528,아현,당산,19,20
20250528,아현,당산,20,11
20250528,아현,당산,21,5
20250528,아현,당산,22,3
20250528,아현,당산,23,1
20250528,아현,대림(구로구청),6,8
20250528,아현,대림(구로구청),7,7
20250528,아현,대림(구로구청),8,8
20250528,아현,대림(구로구청),9,6
20250528,아현,대림(구로구청),10,5
20250528,아현,대림(구로구청),11,4
20250528,아현,대림(구로구청),12,3
20250528,아현,대림(구로구청),13,6
20250528,아현,대림(구로구청),14,4
20250528,아현,대림(구로구청),15,10
20250528,아현,대림(구로구청),16,13
20250528,아현,대림(구로구청),17,23
20250528,아현,대림(구로구청),18,18
20250528,아현,대림(구로구청),19,9
20250528,아현,대림(구로구청),20,2
20250528,아현,대림(구로구청),21,3
20250528,아현,대림(구로구청),22,3
20250528,아현,대림(구로구청),23,2
20250528,아현,동대문역사문화공원,5,5
20250528,아현,동대문역사문화공원,6,10
20250528,아현,동대문역사문화공원,7,21
20250528,아현,동대문역사문화공원,8,39
20250528,아현,동대문역사문화공원,9,18
20250528,아현,동대문역사문화공원,10,18
20250528,아현,동대문역사문화공원,11,20
20250528,아현,동대문역사문화공원,12,10
20250528,아현,동대문역사문화공원,13,16
20250528,아현,동대문역사문화공원,14,4
20250528,아현,동대문역사문화공원,15,3
20250528,아현,동대문역사문화공원,16,12
20250528,아현,동대문역사문화공원,17,5
20250528,아현,동대문역사문화공원,18,6
20250528,아현,동대문역사문화공원,19,11
20250528,아현,동대문역사문화공원,20,4
20250528,아현,동대문역사문화공원,21,4
20250528,아현,동대문역사문화공원,22,1
20250528,아현,동대문역사문화공원,23,3
20250528,아현,뚝섬,5,5
20250528,아현,뚝섬,6,8
20250528,아현,뚝섬,7,17
20250528,아현,뚝섬,8,31
20250528,아현,뚝섬,9,17
20250528,아현,뚝섬,10,6
20250528,아현,뚝섬,11,9
20250528,아현,뚝섬,12,2
20250528,아현,뚝섬,13,4
20250528,아현,뚝섬,14,2
20250528,아현,뚝섬,15,3
20250528,아현,뚝섬,16,2
20250528,아현,뚝섬,17,1
20250528,아현,뚝섬,18,5
20250528,아현,뚝섬,19,2
20250528,아현,뚝섬,21,1
20250528,아현,뚝섬,22,5
20250528,아현,뚝섬,23,2
20250528,아현,문래,5,3
20250528,아현,문래,6,6
20250528,아현,문래,7,14
20250528,아현,문래,8,31
20250528,아현,문래,9,9
20250528,아현,문래,10,8
20250528,아현,문래,11,6
20250528,아현,문래,12,5
20250528,아현,문래,13,2
20250528,아현,문래,14,7
20250528,아현,문래,15,1
20250528,아현,문래,16,11
20250528,아현,문래,17,5
20250528,아현,문래,18,11
20250528,아현,문래,19,5
20250528,아현,문래,20,3
20250528,아현,문래,21,3
20250528,아현,문래,22,2
20250528,아현,방배,5,3
20250528,아현,방배,6,1
20250528,아현,방배,7,9
20250528,아현,방배,8,7
20250528,아현,방배,9,5
20250528,아현,방배,11,2
20250528,아현,방배,12,2
20250528,아현,방배,13,1
20250528,아현,방배,14,1
20250528,아현,방배,15,6
20250528,아현,방배,16,2
20250528,아현,방배,18,6
20250528,아현,방배,19,2
20250528,아현,방배,22,1
20250528,아현,봉천,5,1
20250528,아현,봉천,6,2
20250528,아현,봉천,7,8
20250528,아현,봉천,8,3
20250528,아현,봉천,9,2
20250528,아현,봉천,11,2
20250528,아현,봉천,13,2
20250528,아현,봉천,14,1
20250528,아현,봉천,15,1
20250528,아현,봉천,16,2
20250528,아현,봉천,17,4
20250528,아현,봉천,18,5
20250528,아현,봉천,19,4
20250528,아현,봉천,20,2
20250528,아현,봉천,22,2
20250528,아현,봉천,23,3
20250528,아현,사당,5,2
20250528,아현,사당,6,2
20250528,아현,사당,7,5
20250528,아현,사당,8,2
20250528,아현,사당,9,1
20250528,아현,사당,11,3
20250528,아현,사당,13,2
20250528,아현,사당,14,3
20250528,아현,사당,15,3
20250528,아현,사당,16,7
20250528,아현,사당,17,4
20250528,아현,사당,19,1
20250528,아현,사당,22,1
20250528,아현,삼성(무역센터),5,4
20250528,아현,삼성(무역센터),6,10
20250528,아현,삼성(무역센터),7,36
20250528,아현,삼성(무역센터),8,48
20250528,아현,삼성(무역센터),9,13
20250528,아현,삼성(무역센터),10,5
20250528,아현,삼성(무역센터),11,2
20250528,아현,삼성(무역센터),12,5
20250528,아현,삼성(무역센터),13,2
20250528,아현,삼성(무역센터),14,7
20250528,아현,삼성(무역센터),15,3
20250528,아현,삼성(무역센터),17,1
20250528,아현,삼성(무역센터),18,3
20250528,아현,삼성(무역센터),19,1
20250528,아현,삼성(무역센터),20,1
20250528,아현,상왕십리,6,2
20250528,아현,상왕십리,7,9
20250528,아현,상왕십리,8,11
20250528,아현,상왕십리,9,5
20250528,아현,상왕십리,11,3
20250528,아현,상왕십리,12,3
20250528,아현,상왕십리,13,2
20250528,아현,상왕십리,14,2
20250528,아현,상왕십리,15,4
20250528,아현,상왕십리,16,8
20250528,아현,상왕십리,17,7
20250528,아현,상왕십리,18,7
20250528,아현,상왕십리,19,3
20250528,아현,상왕십리,20,1
20250528,아현,상왕십리,21,4
20250528,아현,상왕십리,22,6
20250528,아현,서울대입구(관악구청),0,1
20250528,아현,서울대입구(관악구청),6,4
20250528,아현,서울대입구(관악구청),7,7
20250528,아현,서울대입구(관악구청),8,13
20250528,아현,서울대입구(관악구청),9,6
20250528,아현,서울대입구(관악구청),10,6
20250528,아현,서울대입구(관악구청),11,2
20250528,아현,서울대입구(관악구청),12,3
20250528,아현,서울대입구(관악구청),13,5
20250528,아현,서울대입구(관악구청),14,2
20250528,아현,서울대입구(관악구청),15,2
20250528,아현,서울대입구(관악구청),16,7
20250528,아현,서울대입구(관악구청),17,6
20250528,아현,서울대입구(관악구청),18,8
20250528,아현,서울대입구(관악구청),19,6
20250528,아현,서울대입구(관악구청),20,5
20250528,아현,서울대입구(관악구청),21,2
20250528,아현,서울대입구(관악구청),22,5
20250528,아현,서울대입구(관악구청),23,2
20250528,아현,서초,5,1
20250528,아현,서초,7,4
20250528,아현,서초,8,5
20250528,아현,서초,9,4
20250528,아현,서초,10,1
20250528,아현,서초,12,3
20250528,아현,서초,13,2
20250528,아현,서초,15,2
20250528,아현,서초,17,2
20250528,아현,서초,18,1
20250528,아현,서초,20,1
20250528,아현,서초,23,1
20250528,아현,선릉,5,3
20250528,아현,선릉,6,3
20250528,아현,선릉,7,25
20250528,아현,선릉,8,30
20250528,아현,선릉,9,7
20250528,아현,선릉,10,3
20250528,아현,선릉,12,6
20250528,아현,선릉,13,5
20250528,아현,선릉,14,3
20250528,아현,선릉,15,1
20250528,아현,선릉,16,2
20250528,아현,선릉,17,1
20250528,아현,선릉,18,2
20250528,아현,선릉,19,3
20250528,아현,선릉,23,1
20250528,아현,성수,5,7
20250528,아현,성수,6,14
20250528,아현,성수,7,23
20250528,아현,성수,8,50
20250528,아현,성수,9,20
20250528,아현,성수,10,6
20250528,아현,성수,11,5
20250528,아현,성수,12,9
20250528,아현,성수,13,9
20250528,아현,성수,14,4
20250528,아현,성수,15,2
20250528,아현,성수,16,8
20250528,아현,성수,17,5
20250528,아현,성수,19,1
20250528,아현,성수,21,2
20250528,아현,시청,5,2
20250528,아현,시청,6,12
20250528,아현,시청,7,52
20250528,아현,시청,8,148
20250528,아현,시청,9,41
20250528,아현,시청,10,21
20250528,아현,시청,11,21
20250528,아현,시청,12,11
20250528,아현,시청,13,15
20250528,아현,시청,14,5
20250528,아현,시청,15,7
20250528,아현,시청,16,4
20250528,아현,시청,17,26
20250528,아현,시청,18,11
20250528,아현,시청,19,7
20250528,아현,시청,20,3
20250528,아현,시청,21,2
20250528,아현,시청,22,1
20250528,아현,시청,23,2
20250528,아현,신당,5,1
20250528,아현,신당,6,3
20250528,아현,신당,7,14
20250528,아현,신당,8,17
20250528,아현,신당,9,3
20250528,아현,신당,10,9
20250528,아현,신당,11,2
20250528,아현,신당,12,6
20250528,아현,신당,13,7
20250528,아현,신당,14,13
20250528,아현,신당,15,3
20250528,아현,신당,16,11
20250528,아현,신당,17,2
20250528,아현,신당,18,7
20250528,아현,신당,19,3
20250528,아현,신당,20,3
20250528,아현,신당,21,5
20250528,아현,신당,22,1
20250528,아현,신대방,6,2
20250528,아현,신대방,7,3
20250528,아현,신대방,8,7
20250528,아현,신대방,9,2
20250528,아현,신대방,10,2
20250528,아현,신대방,11,3
20250528,아현,신대방,12,1
20250528,아현,신대방,13,4
20250528,아현,신대방,14,5
20250528,아현,신대방,15,2
20250528,아현,신대방,16,19
20250528,아현,신대방,17,12
20250528,아현,신대방,18,14
20250528,아현,신대방,19,7
20250528,아현,신대방,20,3
20250528,아현,신대방,21,2
20250528,아현,신대방,22,5
20250528,아현,신대방,23,3
20250528,아현,신도림,6,5
20250528,아현,신도림,7,8
20250528,아현,신도림,8,19
20250528,아현,신도림,9,7
20250528,아현,신도림,10,5
20250528,아현,신도림,11,5
20250528,아현,신도림,12,7
20250528,아현,신도림,13,5
20250528,아현,신도림,14,2
20250528,아현,신도림,15,12
20250528,아현,신도림,16,10
20250528,아현,신도림,17,8
20250528,아현,신도림,18,10
20250528,아현,신도림,19,11
20250528,아현,신도림,20,14
20250528,아현,신도림,21,6
20250528,아현,신도림,22,2
20250528,아현,신도림,23,2
20250528,아현,신림,5,2
20250528,아현,신림,6,2
20250528,아현,신림,7,4
20250528,아현,신림,8,5
20250528,아현,신림,9,7
20250528,아현,신림,10,4
20250528,아현,신림,11,1
20250528,아현,신림,12,5
20250528,아현,신림,13,4
20250528,아현,신림,14,3
20250528,아현,신림,15,3
20250528,아현,신림,16,13
20250528,아현,신림,17,12
20250528,아현,신림,18,14
20250528,아현,신림,19,11
20250528,아현,신림,20,11
20250528,아현,신림,21,13
20250528,아현,신림,22,6
20250528,아현,신림,23,2
20250528,아현,신촌,5,3
20250528,아현,신촌,6,7
20250528,아현,신촌,7,20
20250528,아현,신촌,8,33
20250528,아현,신촌,9,24
20250528,아현,신촌,10,43
20250528,아현,신촌,11,31
20250528,아현,신촌,12,38
20250528,아현,신촌,13,36
20250528,아현,신촌,14,38
20250528,아현,신촌,15,40
20250528,아현,신촌,16,51
20250528,아현,신촌,17,44
20250528,아현,신촌,18,43
20250528,아현,신촌,19,15
20250528,아현,신촌,20,22
20250528,아현,신촌,21,6
20250528,아현,신촌,22,10
20250528,아현,신촌,23,2
20250528,아현,아현,5,2
20250528,아현,아현,7,1
20250528,아현,아현,8,4
20250528,아현,아현,9,3
20250528,아현,아현,10,5
20250528,아현,아현,11,11
20250528,아현,아현,12,8
20250528,아현,아현,13,6
20250528,아현,아현,14,10
20250528,아현,아현,15,18
20250528,아현,아현,16,15
20250528,아현,아현,17,8
20250528,아현,아현,18,6
20250528,아현,아현,19,5
20250528,아현,아현,20,2
20250528,아현,아현,21,7
20250528,아현,아현,22,3
20250528,아현,아현,23,2
20250528,아현,역삼,5,1
20250528,아현,역삼,6,6
20250528,아현,역삼,7,37
20250528,아현,역삼,8,39
20250528,아현,역삼,9,11
20250528,아현,역삼,10,10
20250528,아현,역삼,11,1
20250528,아현,역삼,12,4
20250528,아현,역삼,14,2
20250528,아현,역삼,15,1
20250528,아현,역삼,17,2
20250528,아현,역삼,18,2
20250528,아현,역삼,19,2
20250528,아현,역삼,20,1
20250528,아현,역삼,21,1
20250528,아현,영등포구청,5,2
20250528,아현,영등포구청,6,1
20250528,아현,영등포구청,7,13
20250528,아현,영등포구청,8,25
20250528,아현,영등포구청,9,10
20250528,아현,영등포구청,10,5
20250528,아현,영등포구청,11,1
20250528,아현,영등포구청,12,6
20250528,아현,영등포구청,13,4
20250528,아현,영등포구청,14,3
20250528,아현,영등포구청,15,5
20250528,아현,영등포구청,16,7
20250528,아현,영등포구청,17,7
20250528,아현,영등포구청,18,10
20250528,아현,영등포구청,19,6
20250528,아현,영등포구청,20,3
20250528,아현,영등포구청,21,4
20250528,아현,영등포구청,22,3
20250528,아현,왕십리(성동구청),5,2
20250528,아현,왕십리(성동구청),6,1
20250528,아현,왕십리(성동구청),7,6
20250528,아현,왕십리(성동구청),8,5
20250528,아현,왕십리(성동구청),9,6
20250528,아현,왕십리(성동구청),11,3
20250528,아현,왕십리(성동구청),12,1
20250528,아현,왕십리(성동구청),13,1
20250528,아현,왕십리(성동구청),15,1
20250528,아현,왕십리(성동구청),16,1
20250528,아현,왕십리(성동구청),17,2
20250528,아현,왕십리(성동구청),18,2
20250528,아현,왕십리(성동구청),19,1
20250528,아현,왕십리(성동구청),20,4
20250528,아현,왕십리(성동구청),21,2
20250528,아현,왕십리(성동구청),22,1
20250528,아현,용두(동대문구청),7,2
20250528,아현,용두(동대문구청),8,1
20250528,아현,용두(동대문구청),18,1
20250528,아현,을지로3가,5,5
20250528,아현,을지로3가,6,11
20250528,아현,을지로3가,7,49
20250528,아현,을지로3가,8,111
20250528,아현,을지로3가,9,38
20250528,아현,을지로3가,10,8
20250528,아현,을지로3가,11,15
20250528,아현,을지로3가,12,7
20250528,아현,을지로3가,13,13
20250528,아현,을지로3가,14,4
20250528,아현,을지로3가,15,7
20250528,아현,을지로3가,16,9
20250528,아현,을지로3가,17,17
20250528,아현,을지로3가,18,11
20250528,아현,을지로3가,19,10
20250528,아현,을지로3가,20,8
20250528,아현,을지로3가,21,1
20250528,아현,을지로3가,22,2
20250528,아현,을지로4가,5,3
20250528,아현,을지로4가,6,8
20250528,아현,을지로4가,7,22
20250528,아현,을지로4가,8,45
20250528,아현,을지로4가,9,26
20250528,아현,을지로4가,10,8
20250528,아현,을지로4가,11,5
20250528,아현,을지로4가,12,5
20250528,아현,을지로4가,13,2
20250528,아현,을지로4가,14,8
20250528,아현,을지로4가,15,8
20250528,아현,을지로4가,16,3
20250528,아현,을지로4가,17,5
20250528,아현,을지로4가,18,4
20250528,아현,을지로4가,20,3
20250528,아현,을지로4가,21,1
20250528,아현,을지로4가,22,3
20250528,아현,을지로입구,0,1
20250528,아현,을지로입구,5,8
20250528,아현,을지로입구,6,32
20250528,아현,을지로입구,7,176
20250528,아현,을지로입구,8,290
20250528,아현,을지로입구,9,91
20250528,아현,을지로입구,10,45
20250528,아현,을지로입구,11,41
20250528,아현,을지로입구,12,38
20250528,아현,을지로입구,13,32
20250528,아현,을지로입구,14,20
20250528,아현,을지로입구,15,24
20250528,아현,을지로입구,16,27
20250528,아현,을지로입구,17,24
20250528,아현,을지로입구,18,39
20250528,아현,을지로입구,19,16
20250528,아현,을지로입구,20,13
20250528,아현,을지로입구,21,8
20250528,아현,을지로입구,22,4
20250528,아현,을지로입구,23,3
20250528,아현,이대,6,4
20250528,아현,이대,7,6
20250528,아현,이대,8,14
20250528,아현,이대,9,25
20250528,아현,이대,10,21
20250528,아현,이대,11,24
20250528,아현,이대,12,23
20250528,아현,이대,13,20
20250528,아현,이대,14,16
20250528,아현,이대,15,17
20250528,아현,이대,16,24
20250528,아현,이대,17,17
20250528,아현,이대,18,20
20250528,아현,이대,19,12
20250528,아현,이대,20,9
20250528,아현,이대,21,2
20250528,아현,이대,22,3
20250528,아현,이대,23,3
20250528,아현,잠실(송파구청),5,3
20250528,아현,잠실(송파구청),6,10
20250528,아현,잠실(송파구청),7,84
20250528,아현,잠실(송파구청),8,323
20250528,아현,잠실(송파구청),9,10
20250528,아현,잠실(송파구청),10,9
20250528,아현,잠실(송파구청),11,8
20250528,아현,잠실(송파구청),12,6
20250528,아현,잠실(송파구청),13,8
20250528,아현,잠실(송파구청),14,9
20250528,아현,잠실(송파구청),15,3
20250528,아현,잠실(송파구청),16,9
20250528,아현,잠실(송파구청),17,4
20250528,아현,잠실(송파구청),18,14
20250528,아현,잠실(송파구청),19,7
20250528,아현,잠실(송파구청),20,5
20250528,아현,잠실(송파구청),21,1
20250528,아현,잠실(송파구청),22,4
20250528,아현,잠실(송파구청),23,2
20250528,아현,잠실나루,5,4
20250528,아현,잠실나루,6,6
20250528,아현,잠실나루,7,7
20250528,아현,잠실나루,8,9
20250528,아현,잠실나루,9,5
20250528,아현,잠실나루,10,1
20250528,아현,잠실나루,11,1
20250528,아현,잠실나루,12,2
20250528,아현,잠실나루,13,1
20250528,아현,잠실나루,14,1
20250528,아현,잠실나루,15,3
20250528,아현,잠실나루,16,3
20250528,아현,잠실나루,17,3
20250528,아현,잠실나루,18,4
20250528,아현,잠실나루,19,4
20250528,아현,잠실나루,20,1
20250528,아현,잠실나루,22,1
20250528,아현,잠실새내,6,2
20250528,아현,잠실새내,7,5
20250528,아현,잠실새내,8,8
20250528,아현,잠실새내,9,4
20250528,아현,잠실새내,10,3
20250528,아현,잠실새내,11,4
20250528,아현,잠실새내,13,3
20250528,아현,잠실새내,14,2
20250528,아현,잠실새내,15,2
20250528,아현,잠실새내,16,4
20250528,아현,잠실새내,17,2
20250528,아현,잠실새내,18,6
20250528,아현,잠실새내,19,3
20250528,아현,잠실새내,20,2
20250528,아현,잠실새내,21,2
20250528,아현,잠실새내,22,2
20250528,아현,종합운동장,0,1
20250528,아현,종합운동장,7,2
20250528,아현,종합운동장,10,1
20250528,아현,종합운동장,12,3
20250528,아현,종합운동장,14,2
20250528,아현,종합운동장,15,2
20250528,아현,종합운동장,16,8
20250528,아현,종합운동장,17,21
20250528,아현,종합운동장,18,2
20250528,아현,종합운동장,21,1
20250528,아현,충정로(경기대입구),5,1
20250528,아현,충정로(경기대입구),6,5
20250528,아현,충정로(경기대입구),7,7
20250528,아현,충정로(경기대입구),8,11
20250528,아현,충정로(경기대입구),9,10
20250528,아현,충정로(경기대입구),10,5
20250528,아현,충정로(경기대입구),11,14
20250528,아현,충정로(경기대입구),12,19
20250528,아현,충정로(경기대입구),13,8
20250528,아현,충정로(경기대입구),14,13
20250528,아현,충정로(경기대입구),15,22
20250528,아현,충정로(경기대입구),16,16
20250528,아현,충정로(경기대입구),17,11
20250528,아현,충정로(경기대입구),18,14
20250528,아현,충정로(경기대입구),19,9
20250528,아현,충정로(경기대입구),20,4
20250528,아현,충정로(경기대입구),21,7
20250528,아현,충정로(경기대입구),22,6
20250528,아현,한양대,6,1
20250528,아현,한양대,7,5
20250528,아현,한양대,8,15
20250528,아현,한양대,9,8
20250528,아현,한양대,10,15
20250528,아현,한양대,11,6
20250528,아현,한양대,12,6
20250528,아현,한양대,13,5
20250528,아현,한양대,14,2
20250528,아현,한양대,15,4
20250528,아현,한양대,16,3
20250528,아현,한양대,17,2
20250528,아현,한양대,19,2
20250528,아현,합정,0,1
20250528,아현,합정,5,6
20250528,아현,합정,6,19
20250528,아현,합정,7,16
20250528,아현,합정,8,31
20250528,아현,합정,9,20
20250528,아현,합정,10,21
20250528,아현,합정,11,20
20250528,아현,합정,12,14
20250528,아현,합정,13,9
20250528,아현,합정,14,12
20250528,아현,합정,15,25
20250528,아현,합정,16,23
20250528,아현,합정,17,33
20250528,아현,합정,18,41
20250528,아현,합정,19,19
20250528,아현,합정,20,9
20250528,아현,합정,21,12
20250528,아현,합정,22,5
20250528,아현,합정,23,1
20250528,아현,홍대입구,0,3
20250528,아현,홍대입구,5,2
20250528,아현,홍대입구,6,6
20250528,아현,홍대입구,7,20
20250528,아현,홍대입구,8,46
20250528,아현,홍대입구,9,39
20250528,아현,홍대입구,10,28
20250528,아현,홍대입구,11,28
20250528,아현,홍대입구,12,36
20250528,아현,홍대입구,13,23
20250528,아현,홍대입구,14,26
20250528,아현,홍대입구,15,23
20250528,아현,홍대입구,16,62
20250528,아현,홍대입구,17,60
20250528,아현,홍대입구,18,43
20250528,아현,홍대입구,19,39
20250528,아현,홍대입구,20,18
20250528,아현,홍대입구,21,17
20250528,아현,홍대입구,22,8
20250528,아현,홍대입구,23,5
20250528,역삼,강남,0,10
20250528,역삼,강남,5,6
20250528,역삼,강남,6,12
20250528,역삼,강남,7,28
20250528,역삼,강남,8,35
20250528,역삼,강남,9,55
20250528,역삼,강남,10,57
20250528,역삼,강남,11,71
20250528,역삼,강남,12,62
20250528,역삼,강남,13,74
20250528,역삼,강남,14,66
20250528,역삼,강남,15,96
20250528,역삼,강남,16,141
20250528,역삼,강남,17,206
20250528,역삼,강남,18,207
20250528,역삼,강남,19,144
20250528,역삼,강남,20,92
20250528,역삼,강남,21,79
20250528,역삼,강남,22,49
20250528,역삼,강남,23,17
20250528,역삼,강변(동서울터미널),0,2
20250528,역삼,강변(동서울터미널),6,5
20250528,역삼,강변(동서울터미널),7,8
20250528,역삼,강변(동서울터미널),8,9
20250528,역삼,강변(동서울터미널),9,8
20250528,역삼,강변(동서울터미널),10,9
20250528,역삼,강변(동서울터미널),11,13
20250528,역삼,강변(동서울터미널),12,15
20250528,역삼,강변(동서울터미널),13,17
20250528,역삼,강변(동서울터미널),14,24
20250528,역삼,강변(동서울터미널),15,30
20250528,역삼,강변(동서울터미널),16,48
20250528,역삼,강변(동서울터미널),17,126
20250528,역삼,강변(동서울터미널),18,168
20250528,역삼,강변(동서울터미널),19,66
20250528,역삼,강변(동서울터미널),20,39
20250528,역삼,강변(동서울터미널),21,47
20250528,역삼,강변(동서울터미널),22,33
20250528,역삼,강변(동서울터미널),23,11
20250528,역삼,건대입구,0,1
20250528,역삼,건대입구,5,1
20250528,역삼,건대입구,6,4
20250528,역삼,건대입구,7,7
20250528,역삼,건대입구,8,15
20250528,역삼,건대입구,9,5
20250528,역삼,건대입구,10,6
20250528,역삼,건대입구,11,8
20250528,역삼,건대입구,12,19
20250528,역삼,건대입구,13,17
20250528,역삼,건대입구,14,33
20250528,역삼,건대입구,15,38
20250528,역삼,건대입구,16,38
20250528,역삼,건대입구,17,112
20250528,역삼,건대입구,18,156
20250528,역삼,건대입구,19,87
20250528,역삼,건대입구,20,70
20250528,역삼,건대입구,21,62
20250528,역삼,건대입구,22,36
20250528,역삼,건대입구,23,16
20250528,역삼,교대(법원.검찰청),0,2
20250528,역삼,교대(법원.검찰청),5,1
20250528,역삼,교대(법원.검찰청),6,12
20250528,역삼,교대(법원.검찰청),7,15
20250528,역삼,교대(법원.검찰청),8,39
20250528,역삼,교대(법원.검찰청),9,35
20250528,역삼,교대(법원.검찰청),10,58
20250528,역삼,교대(법원.검찰청),11,52
20250528,역삼,교대(법원.검찰청),12,42
20250528,역삼,교대(법원.검찰청),13,71
20250528,역삼,교대(법원.검찰청),14,63
20250528,역삼,교대(법원.검찰청),15,53
20250528,역삼,교대(법원.검찰청),16,53
20250528,역삼,교대(법원.검찰청),17,111
20250528,역삼,교대(법원.검찰청),18,122
20250528,역삼,교대(법원.검찰청),19,73
20250528,역삼,교대(법원.검찰청),20,46
20250528,역삼,교대(법원.검찰청),21,38
20250528,역삼,교대(법원.검찰청),22,24
20250528,역삼,교대(법원.검찰청),23,11
20250528,역삼,구로디지털단지,0,8
20250528,역삼,구로디지털단지,5,6
20250528,역삼,구로디지털단지,6,5
20250528,역삼,구로디지털단지,7,24
20250528,역삼,구로디지털단지,8,38
20250528,역삼,구로디지털단지,9,27
20250528,역삼,구로디지털단지,10,16
20250528,역삼,구로디지털단지,11,23
20250528,역삼,구로디지털단지,12,22
20250528,역삼,구로디지털단지,13,36
20250528,역삼,구로디지털단지,14,41
20250528,역삼,구로디지털단지,15,60
20250528,역삼,구로디지털단지,16,80
20250528,역삼,구로디지털단지,17,233
20250528,역삼,구로디지털단지,18,278
20250528,역삼,구로디지털단지,19,146
20250528,역삼,구로디지털단지,20,98
20250528,역삼,구로디지털단지,21,114
20250528,역삼,구로디지털단지,22,68
20250528,역삼,구로디지털단지,23,25
20250528,역삼,구의(광진구청),0,5
20250528,역삼,구의(광진구청),5,1
20250528,역삼,구의(광진구청),6,2
20250528,역삼,구의(광진구청),7,2
20250528,역삼,구의(광진구청),8,9
20250528,역삼,구의(광진구청),9,9
20250528,역삼,구의(광진구청),10,10
20250528,역삼,구의(광진구청),11,9
20250528,역삼,구의(광진구청),12,11
20250528,역삼,구의(광진구청),13,24
20250528,역삼,구의(광진구청),14,30
20250528,역삼,구의(광진구청),15,23
20250528,역삼,구의(광진구청),16,38
20250528,역삼,구의(광진구청),17,139
20250528,역삼,구의(광진구청),18,212
20250528,역삼,구의(광진구청),19,98
20250528,역삼,구의(광진구청),20,72
20250528,역삼,구의(광진구청),21,72
20250528,역삼,구의(광진구청),22,52
20250528,역삼,구의(광진구청),23,18
20250528,역삼,낙성대,0,10
20250528,역삼,낙성대,5,2
20250528,역삼,낙성대,6,2
20250528,역삼,낙성대,7,7
20250528,역삼,낙성대,8,18
20250528,역삼,낙성대,9,7
20250528,역삼,낙성대,10,17
20250528,역삼,낙성대,11,13
20250528,역삼,낙성대,12,14
20250528,역삼,낙성대,13,26
20250528,역삼,낙성대,14,38
20250528,역삼,낙성대,15,44
20250528,역삼,낙성대,16,40
20250528,역삼,낙성대,17,195
20250528,역삼,낙성대,18,258
20250528,역삼,낙성대,19,166
20250528,역삼,낙성대,20,97
20250528,역삼,낙성대,21,85
20250528,역삼,낙성대,22,69
20250528,역삼,낙성대,23,33
20250528,역삼,당산,0,1
20250528,역삼,당산,5,1
20250528,역삼,당산,7,1
20250528,역삼,당산,8,1
20250528,역삼,당산,9,1
20250528,역삼,당산,10,4
20250528,역삼,당산,11,4
20250528,역삼,당산,12,4
20250528,역삼,당산,13,2
20250528,역삼,당산,14,5
20250528,역삼,당산,15,14
20250528,역삼,당산,16,17
20250528,역삼,당산,17,63
20250528,역삼,당산,18,62
20250528,역삼,당산,19,46
20250528,역삼,당산,20,25
20250528,역삼,당산,21,18
20250528,역삼,당산,22,15
20250528,역삼,당산,23,8
20250528,역삼,대림(구로구청),6,5
20250528,역삼,대림(구로구청),7,6
20250528,역삼,대림(구로구청),8,7
20250528,역삼,대림(구로구청),9,9
20250528,역삼,대림(구로구청),10,7
20250528,역삼,대림(구로구청),11,9
20250528,역삼,대림(구로구청),12,12
20250528,역삼,대림(구로구청),13,15
20250528,역삼,대림(구로구청),14,32
20250528,역삼,대림(구로구청),15,34
20250528,역삼,대림(구로구청),16,32
20250528,역삼,대림(구로구청),17,58
20250528,역삼,대림(구로구청),18,72
20250528,역삼,대림(구로구청),19,47
20250528,역삼,대림(구로구청),20,51
20250528,역삼,대림(구로구청),21,83
20250528,역삼,대림(구로구청),22,39
20250528,역삼,대림(구로구청),23,8
20250528,역삼,동대문역사문화공원,6,2
20250528,역삼,동대문역사문화공원,7,1
20250528,역삼,동대문역사문화공원,8,2
20250528,역삼,동대문역사문화공원,9,8
20250528,역삼,동대문역사문화공원,10,1
20250528,역삼,동대문역사문화공원,11,6
20250528,역삼,동대문역사문화공원,12,3
20250528,역삼,동대문역사문화공원,13,5
20250528,역삼,동대문역사문화공원,14,7
20250528,역삼,동대문역사문화공원,15,6
20250528,역삼,동대문역사문화공원,16,11
20250528,역삼,동대문역사문화공원,17,21
20250528,역삼,동대문역사문화공원,18,14
20250528,역삼,동대문역사문화공원,19,14
20250528,역삼,동대문역사문화공원,20,8
20250528,역삼,동대문역사문화공원,21,4
20250528,역삼,동대문역사문화공원,22,1
20250528,역삼,동대문역사문화공원,23,1
20250528,역삼,뚝섬,0,1
20250528,역삼,뚝섬,6,1
20250528,역삼,뚝섬,7,8
20250528,역삼,뚝섬,8,11
20250528,역삼,뚝섬,9,7
20250528,역삼,뚝섬,10,6
20250528,역삼,뚝섬,11,6
20250528,역삼,뚝섬,12,4
20250528,역삼,뚝섬,13,9
20250528,역삼,뚝섬,14,13
20250528,역삼,뚝섬,15,7
20250528,역삼,뚝섬,16,4
20250528,역삼,뚝섬,17,22
20250528,역삼,뚝섬,18,26
20250528,역삼,뚝섬,19,16
20250528,역삼,뚝섬,20,5
20250528,역삼,뚝섬,21,8
20250528,역삼,뚝섬,22,6
20250528,역삼,뚝섬,23,5
20250528,역삼,문래,0,1
20250528,역삼,문래,6,4
20250528,역삼,문래,7,14
20250528,역삼,문래,8,12
20250528,역삼,문래,9,1
20250528,역삼,문래,10,7
20250528,역삼,문래,11,8
20250528,역삼,문래,12,8
20250528,역삼,문래,13,8
20250528,역삼,문래,14,13
20250528,역삼,문래,15,16
20250528,역삼,문래,16,27
20250528,역삼,문래,17,59
20250528,역삼,문래,18,80
20250528,역삼,문래,19,40
20250528,역삼,문래,20,16
20250528,역삼,문래,21,13
20250528,역삼,문래,22,11
20250528,역삼,문래,23,5
20250528,역삼,방배,0,3
20250528,역삼,방배,5,1
20250528,역삼,방배,6,2
20250528,역삼,방배,7,11
20250528,역삼,방배,8,13
20250528,역삼,방배,9,14
20250528,역삼,방배,10,18
20250528,역삼,방배,11,15
20250528,역삼,방배,12,21
20250528,역삼,방배,13,18
20250528,역삼,방배,14,23
20250528,역삼,방배,15,32
20250528,역삼,방배,16,32
20250528,역삼,방배,17,66
20250528,역삼,방배,18,89
20250528,역삼,방배,19,44
20250528,역삼,방배,20,40
20250528,역삼,방배,21,24
20250528,역삼,방배,22,19
20250528,역삼,방배,23,8
20250528,역삼,봉천,0,5
20250528,역삼,봉천,5,3
20250528,역삼,봉천,6,4
20250528,역삼,봉천,7,7
20250528,역삼,봉천,8,6
20250528,역삼,봉천,9,6
20250528,역삼,봉천,10,9
20250528,역삼,봉천,11,8
20250528,역삼,봉천,12,12
20250528,역삼,봉천,13,19
20250528,역삼,봉천,14,42
20250528,역삼,봉천,15,49
20250528,역삼,봉천,16,67
20250528,역삼,봉천,17,131
20250528,역삼,봉천,18,200
20250528,역삼,봉천,19,137
20250528,역삼,봉천,20,74
20250528,역삼,봉천,21,88
20250528,역삼,봉천,22,57
20250528,역삼,봉천,23,22
20250528,역삼,사당,0,9
20250528,역삼,사당,5,12
20250528,역삼,사당,6,7
20250528,역삼,사당,7,12
20250528,역삼,사당,8,13
20250528,역삼,사당,9,14
20250528,역삼,사당,10,19
20250528,역삼,사당,11,36
20250528,역삼,사당,12,24
20250528,역삼,사당,13,53
20250528,역삼,사당,14,66
20250528,역삼,사당,15,91
20250528,역삼,사당,16,148
20250528,역삼,사당,17,384
20250528,역삼,사당,18,476
20250528,역삼,사당,19,309
20250528,역삼,사당,20,169
20250528,역삼,사당,21,129
20250528,역삼,사당,22,88
20250528,역삼,사당,23,33
20250528,역삼,삼성(무역센터),0,4
20250528,역삼,삼성(무역센터),5,5
20250528,역삼,삼성(무역센터),6,9
20250528,역삼,삼성(무역센터),7,45
20250528,역삼,삼성(무역센터),8,132
20250528,역삼,삼성(무역센터),9,119
20250528,역삼,삼성(무역센터),10,74
20250528,역삼,삼성(무역센터),11,113
20250528,역삼,삼성(무역센터),12,99
20250528,역삼,삼성(무역센터),13,114
20250528,역삼,삼성(무역센터),14,94
20250528,역삼,삼성(무역센터),15,78
20250528,역삼,삼성(무역센터),16,94
20250528,역삼,삼성(무역센터),17,164
20250528,역삼,삼성(무역센터),18,195
20250528,역삼,삼성(무역센터),19,91
20250528,역삼,삼성(무역센터),20,47
20250528,역삼,삼성(무역센터),21,26
20250528,역삼,삼성(무역센터),22,19
20250528,역삼,삼성(무역센터),23,5
20250528,역삼,상왕십리,0,1
20250528,역삼,상왕십리,5,2
20250528,역삼,상왕십리,7,1
20250528,역삼,상왕십리,8,1
20250528,역삼,상왕십리,9,2
20250528,역삼,상왕십리,10,2
20250528,역삼,상왕십리,11,2
20250528,역삼,상왕십리,12,1
20250528,역삼,상왕십리,13,2
20250528,역삼,상왕십리,14,4
20250528,역삼,상왕십리,15,4
20250528,역삼,상왕십리,16,10
20250528,역삼,상왕십리,17,41
20250528,역삼,상왕십리,18,49
20250528,역삼,상왕십리,19,25
20250528,역삼,상왕십리,20,7
20250528,역삼,상왕십리,21,5
20250528,역삼,상왕십리,22,7
20250528,역삼,상왕십리,23,1
20250528,역삼,서울대입구(관악구청),0,20
20250528,역삼,서울대입구(관악구청),5,7
20250528,역삼,서울대입구(관악구청),6,10
20250528,역삼,서울대입구(관악구청),7,12
20250528,역삼,서울대입구(관악구청),8,42
20250528,역삼,서울대입구(관악구청),9,33
20250528,역삼,서울대입구(관악구청),10,21
20250528,역삼,서울대입구(관악구청),11,18
20250528,역삼,서울대입구(관악구청),12,35
20250528,역삼,서울대입구(관악구청),13,42
20250528,역삼,서울대입구(관악구청),14,71
20250528,역삼,서울대입구(관악구청),15,90
20250528,역삼,서울대입구(관악구청),16,122
20250528,역삼,서울대입구(관악구청),17,274
20250528,역삼,서울대입구(관악구청),18,446
20250528,역삼,서울대입구(관악구청),19,263
20250528,역삼,서울대입구(관악구청),20,158
20250528,역삼,서울대입구(관악구청),21,143
20250528,역삼,서울대입구(관악구청),22,108
20250528,역삼,서울대입구(관악구청),23,52
20250528,역삼,서초,0,1
20250528,역삼,서초,6,9
20250528,역삼,서초,7,13
20250528,역삼,서초,8,32
20250528,역삼,서초,9,32
20250528,역삼,서초,10,36
20250528,역삼,서초,11,19
20250528,역삼,서초,12,21
20250528,역삼,서초,13,30
20250528,역삼,서초,14,37
20250528,역삼,서초,15,34
20250528,역삼,서초,16,38
20250528,역삼,서초,17,54
20250528,역삼,서초,18,66
20250528,역삼,서초,19,31
20250528,역삼,서초,20,21
20250528,역삼,서초,21,16
20250528,역삼,서초,22,12
20250528,역삼,서초,23,8
20250528,역삼,선릉,0,5
20250528,역삼,선릉,5,4
20250528,역삼,선릉,6,9
20250528,역삼,선릉,7,29
20250528,역삼,선릉,8,49
20250528,역삼,선릉,9,57
20250528,역삼,선릉,10,62
20250528,역삼,선릉,11,112
20250528,역삼,선릉,12,107
20250528,역삼,선릉,13,143
20250528,역삼,선릉,14,123
20250528,역삼,선릉,15,149
20250528,역삼,선릉,16,129
20250528,역삼,선릉,17,160
20250528,역삼,선릉,18,149
20250528,역삼,선릉,19,83
20250528,역삼,선릉,20,52
20250528,역삼,선릉,21,27
20250528,역삼,선릉,22,20
20250528,역삼,선릉,23,16
20250528,역삼,성수,0,3
20250528,역삼,성수,6,3
20250528,역삼,성수,7,13
20250528,역삼,성수,8,32
20250528,역삼,성수,9,23
20250528,역삼,성수,10,15
20250528,역삼,성수,11,16
20250528,역삼,성수,12,24
20250528,역삼,성수,13,24
20250528,역삼,성수,14,32
20250528,역삼,성수,15,35
20250528,역삼,성수,16,26
20250528,역삼,성수,17,54
20250528,역삼,성수,18,53
20250528,역삼,성수,19,15
20250528,역삼,성수,20,6
20250528,역삼,성수,21,6
20250528,역삼,성수,22,10
20250528,역삼,성수,23,3
20250528,역삼,시청,6,2
20250528,역삼,시청,7,13
20250528,역삼,시청,8,7
20250528,역삼,시청,9,1
20250528,역삼,시청,10,2
20250528,역삼,시청,11,5
20250528,역삼,시청,12,7
20250528,역삼,시청,13,9
20250528,역삼,시청,14,2
20250528,역삼,시청,15,8
20250528,역삼,시청,16,10
20250528,역삼,시청,17,11
20250528,역삼,시청,18,10
20250528,역삼,시청,19,2
20250528,역삼,시청,20,3
20250528,역삼,시청,23,1
20250528,역삼,신당,7,1
20250528,역삼,신당,8,1
20250528,역삼,신당,9,2
20250528,역삼,신당,10,3
20250528,역삼,신당,11,2
20250528,역삼,신당,12,2
20250528,역삼,신당,13,1
20250528,역삼,신당,14,5
20250528,역삼,신당,15,8
20250528,역삼,신당,16,7
20250528,역삼,신당,17,27
20250528,역삼,신당,18,43
20250528,역삼,신당,19,13
20250528,역삼,신당,20,11
20250528,역삼,신당,21,8
20250528,역삼,신당,22,3
20250528,역삼,신당,23,2
20250528,역삼,신대방,0,5
20250528,역삼,신대방,5,1
20250528,역삼,신대방,6,12
20250528,역삼,신대방,7,7
20250528,역삼,신대방,8,12
20250528,역삼,신대방,9,7
20250528,역삼,신대방,10,7
20250528,역삼,신대방,11,6
20250528,역삼,신대방,12,5
20250528,역삼,신대방,13,8
20250528,역삼,신대방,14,21
20250528,역삼,신대방,15,31
20250528,역삼,신대방,16,32
20250528,역삼,신대방,17,110
20250528,역삼,신대방,18,141
20250528,역삼,신대방,19,98
20250528,역삼,신대방,20,62
20250528,역삼,신대방,21,87
20250528,역삼,신대방,22,68
20250528,역삼,신대방,23,16
20250528,역삼,신도림,0,8
20250528,역삼,신도림,5,3
20250528,역삼,신도림,6,9
20250528,역삼,신도림,7,9
20250528,역삼,신도림,8,6
20250528,역삼,신도림,9,12
20250528,역삼,신도림,10,10
20250528,역삼,신도림,11,9
20250528,역삼,신도림,12,17
20250528,역삼,신도림,13,22
20250528,역삼,신도림,14,19
20250528,역삼,신도림,15,32
20250528,역삼,신도림,16,49
20250528,역삼,신도림,17,144
20250528,역삼,신도림,18,191
20250528,역삼,신도림,19,81
20250528,역삼,신도림,20,52
20250528,역삼,신도림,21,51
20250528,역삼,신도림,22,44
20250528,역삼,신도림,23,22
20250528,역삼,신림,0,22
20250528,역삼,신림,5,13
20250528,역삼,신림,6,12
20250528,역삼,신림,7,18
20250528,역삼,신림,8,24
20250528,역삼,신림,9,17
20250528,역삼,신림,10,13
20250528,역삼,신림,11,14
20250528,역삼,신림,12,24
20250528,역삼,신림,13,27
20250528,역삼,신림,14,71
20250528,역삼,신림,15,106
20250528,역삼,신림,16,110
20250528,역삼,신림,17,327
20250528,역삼,신림,18,495
20250528,역삼,신림,19,323
20250528,역삼,신림,20,172
20250528,역삼,신림,21,187
20250528,역삼,신림,22,159
20250528,역삼,신림,23,55
20250528,역삼,신촌,6,1
20250528,역삼,신촌,7,3
20250528,역삼,신촌,8,2
20250528,역삼,신촌,9,4
20250528,역삼,신촌,10,4
20250528,역삼,신촌,11,6
20250528,역삼,신촌,12,3
20250528,역삼,신촌,13,6
20250528,역삼,신촌,14,11
20250528,역삼,신촌,15,4
20250528,역삼,신촌,16,17
20250528,역삼,신촌,17,40
20250528,역삼,신촌,18,47
20250528,역삼,신촌,19,19
20250528,역삼,신촌,20,8
20250528,역삼,신촌,21,13
20250528,역삼,신촌,22,11
20250528,역삼,신촌,23,2
20250528,역삼,아현,9,1
20250528,역삼,아현,11,2
20250528,역삼,아현,13,3
20250528,역삼,아현,14,2
20250528,역삼,아현,15,3
20250528,역삼,아현,16,11
20250528,역삼,아현,17,17
20250528,역삼,아현,18,16
20250528,역삼,아현,19,15
20250528,역삼,아현,20,13
20250528,역삼,아현,21,2
20250528,역삼,아현,22,2
20250528,역삼,아현,23,5
20250528,역삼,역삼,0,3
20250528,역삼,역삼,5,4
20250528,역삼,역삼,6,2
20250528,역삼,역삼,7,3
20250528,역삼,역삼,8,12
20250528,역삼,역삼,9,15
20250528,역삼,역삼,10,15
20250528,역삼,역삼,11,23
20250528,역삼,역삼,12,20
20250528,역삼,역삼,13,22
20250528,역삼,역삼,14,38
20250528,역삼,역삼,15,34
20250528,역삼,역삼,16,36
20250528,역삼,역삼,17,42
20250528,역삼,역삼,18,43
20250528,역삼,역삼,19,34
20250528,역삼,역삼,20,25
20250528,역삼,역삼,21,20
20250528,역삼,역삼,22,37
20250528,역삼,역삼,23,12
20250528,역삼,영등포구청,6,2
20250528,역삼,영등포구청,7,8
20250528,역삼,영등포구청,8,9
20250528,역삼,영등포구청,9,2
20250528,역삼,영등포구청,10,7
20250528,역삼,영등포구청,11,7
20250528,역삼,영등포구청,12,8
20250528,역삼,영등포구청,13,7
20250528,역삼,영등포구청,14,10
20250528,역삼,영등포구청,15,7
20250528,역삼,영등포구청,16,15
20250528,역삼,영등포구청,17,48
20250528,역삼,영등포구청,18,71
20250528,역삼,영등포구청,19,32
20250528,역삼,영등포구청,20,17
20250528,역삼,영등포구청,21,17
20250528,역삼,영등포구청,22,9
20250528,역삼,영등포구청,23,7
20250528,역삼,왕십리(성동구청),7,1
20250528,역삼,왕십리(성동구청),9,3
20250528,역삼,왕십리(성동구청),10,1
20250528,역삼,왕십리(성동구청),11,1
20250528,역삼,왕십리(성동구청),12,1
20250528,역삼,왕십리(성동구청),13,3
20250528,역삼,왕십리(성동구청),14,2
20250528,역삼,왕십리(성동구청),15,4
20250528,역삼,왕십리(성동구청),16,5
20250528,역삼,왕십리(성동구청),17,22
20250528,역삼,왕십리(성동구청),18,26
20250528,역삼,왕십리(성동구청),19,9
20250528,역삼,왕십리(성동구청),20,5
20250528,역삼,왕십리(성동구청),21,6
20250528,역삼,왕십리(성동구청),22,6
20250528,역삼,왕십리(성동구청),23,3
20250528,역삼,용두(동대문구청),10,1
20250528,역삼,용두(동대문구청),12,4
20250528,역삼,용두(동대문구청),15,6
20250528,역삼,용두(동대문구청),16,6
20250528,역삼,용두(동대문구청),17,12
20250528,역삼,용두(동대문구청),18,12
20250528,역삼,용두(동대문구청),19,5
20250528,역삼,용두(동대문구청),20,6
20250528,역삼,용두(동대문구청),21,2
20250528,역삼,용두(동대문구청),22,2
20250528,역삼,용두(동대문구청),23,2
20250528,역삼,을지로3가,7,2
20250528,역삼,을지로3가,9,2
20250528,역삼,을지로3가,10,3
20250528,역삼,을지로3가,11,2
20250528,역삼,을지로3가,12,5
20250528,역삼,을지로3가,13,4
20250528,역삼,을지로3가,14,16
20250528,역삼,을지로3가,15,8
20250528,역삼,을지로3가,16,8
20250528,역삼,을지로3가,17,5
20250528,역삼,을지로3가,18,14
20250528,역삼,을지로3가,19,2
20250528,역삼,을지로3가,20,1
20250528,역삼,을지로4가,7,2
20250528,역삼,을지로4가,8,1
20250528,역삼,을지로4가,9,1
20250528,역삼,을지로4가,10,2
20250528,역삼,을지로4가,11,8
20250528,역삼,을지로4가,12,5
20250528,역삼,을지로4가,13,3
20250528,역삼,을지로4가,14,5
20250528,역삼,을지로4가,15,6
20250528,역삼,을지로4가,16,11
20250528,역삼,을지로4가,17,6
20250528,역삼,을지로4가,18,8
20250528,역삼,을지로4가,20,3
20250528,역삼,을지로4가,21,4
20250528,역삼,을지로입구,0,1
20250528,역삼,을지로입구,6,3
20250528,역삼,을지로입구,7,5
20250528,역삼,을지로입구,8,14
20250528,역삼,을지로입구,9,6
20250528,역삼,을지로입구,10,12
20250528,역삼,을지로입구,11,15
20250528,역삼,을지로입구,12,12
20250528,역삼,을지로입구,13,13
20250528,역삼,을지로입구,14,10
20250528,역삼,을지로입구,15,8
20250528,역삼,을지로입구,16,9
20250528,역삼,을지로입구,17,17
20250528,역삼,을지로입구,18,20
20250528,역삼,을지로입구,19,1
20250528,역삼,을지로입구,20,2
20250528,역삼,을지로입구,21,1
20250528,역삼,이대,8,3
20250528,역삼,이대,9,3
20250528,역삼,이대,10,3
20250528,역삼,이대,11,2
20250528,역삼,이대,12,8
20250528,역삼,이대,13,3
20250528,역삼,이대,14,5
20250528,역삼,이대,15,4
20250528,역삼,이대,16,2
20250528,역삼,이대,17,19
20250528,역삼,이대,18,19
20250528,역삼,이대,19,13
20250528,역삼,이대,20,3
20250528,역삼,이대,21,8
20250528,역삼,이대,22,4
20250528,역삼,이대,23,1
20250528,역삼,잠실(송파구청),0,3
20250528,역삼,잠실(송파구청),5,7
20250528,역삼,잠실(송파구청),6,22
20250528,역삼,잠실(송파구청),7,37
20250528,역삼,잠실(송파구청),8,90
20250528,역삼,잠실(송파구청),9,56
20250528,역삼,잠실(송파구청),10,34
20250528,역삼,잠실(송파구청),11,72
20250528,역삼,잠실(송파구청),12,81
20250528,역삼,잠실(송파구청),13,87
20250528,역삼,잠실(송파구청),14,121
20250528,역삼,잠실(송파구청),15,152
20250528,역삼,잠실(송파구청),16,205
20250528,역삼,잠실(송파구청),17,567
20250528,역삼,잠실(송파구청),18,764
20250528,역삼,잠실(송파구청),19,369
20250528,역삼,잠실(송파구청),20,210
20250528,역삼,잠실(송파구청),21,165
20250528,역삼,잠실(송파구청),22,118
20250528,역삼,잠실(송파구청),23,41
20250528,역삼,잠실나루,0,2
20250528,역삼,잠실나루,5,1
20250528,역삼,잠실나루,6,2
20250528,역삼,잠실나루,7,12
20250528,역삼,잠실나루,8,7
20250528,역삼,잠실나루,9,4
20250528,역삼,잠실나루,10,4
20250528,역삼,잠실나루,11,7
20250528,역삼,잠실나루,12,10
20250528,역삼,잠실나루,13,2
20250528,역삼,잠실나루,14,11
20250528,역삼,잠실나루,15,18
20250528,역삼,잠실나루,16,17
20250528,역삼,잠실나루,17,57
20250528,역삼,잠실나루,18,54
20250528,역삼,잠실나루,19,31
20250528,역삼,잠실나루,20,24
20250528,역삼,잠실나루,21,13
20250528,역삼,잠실나루,22,5
20250528,역삼,잠실나루,23,9
20250528,역삼,잠실새내,0,2
20250528,역삼,잠실새내,6,1
20250528,역삼,잠실새내,7,6
20250528,역삼,잠실새내,8,10
20250528,역삼,잠실새내,9,9
20250528,역삼,잠실새내,10,11
20250528,역삼,잠실새내,11,17
20250528,역삼,잠실새내,12,17
20250528,역삼,잠실새내,13,26
20250528,역삼,잠실새내,14,24
20250528,역삼,잠실새내,15,38
20250528,역삼,잠실새내,16,61
20250528,역삼,잠실새내,17,144
20250528,역삼,잠실새내,18,165
20250528,역삼,잠실새내,19,105
20250528,역삼,잠실새내,20,62
20250528,역삼,잠실새내,21,49
20250528,역삼,잠실새내,22,40
20250528,역삼,잠실새내,23,21
20250528,역삼,종합운동장,0,1
20250528,역삼,종합운동장,5,1
20250528,역삼,종합운동장,6,5
20250528,역삼,종합운동장,7,6
20250528,역삼,종합운동장,8,6
20250528,역삼,종합운동장,9,2
20250528,역삼,종합운동장,10,4
20250528,역삼,종합운동장,11,7
20250528,역삼,종합운동장,12,6
20250528,역삼,종합운동장,13,9
20250528,역삼,종합운동장,14,16
20250528,역삼,종합운동장,15,22
20250528,역삼,종합운동장,16,44
20250528,역삼,종합운동장,17,143
20250528,역삼,종합운동장,18,173
20250528,역삼,종합운동장,19,63
20250528,역삼,종합운동장,20,20
20250528,역삼,종합운동장,21,28
20250528,역삼,종합운동장,22,16
20250528,역삼,종합운동장,23,5
20250528,역삼,충정로(경기대입구),6,1
20250528,역삼,충정로(경기대입구),7,2
20250528,역삼,충정로(경기대입구),8,1
20250528,역삼,충정로(경기대입구),9,4
20250528,역삼,충정로(경기대입구),11,5
20250528,역삼,충정로(경기대입구),12,1
20250528,역삼,충정로(경기대입구),13,3
20250528,역삼,충정로(경기대입구),14,4
20250528,역삼,충정로(경기대입구),15,1
20250528,역삼,충정로(경기대입구),16,6
20250528,역삼,충정로(경기대입구),17,10
20250528,역삼,충정로(경기대입구),18,13
20250528,역삼,충정로(경기대입구),19,7
20250528,역삼,충정로(경기대입구),20,2
20250528,역삼,충정로(경기대입구),21,3
20250528,역삼,충정로(경기대입구),22,2
20250528,역삼,충정로(경기대입구),23,2
20250528,역삼,한양대,7,2
20250528,역삼,한양대,8,8
20250528,역삼,한양대,9,8
20250528,역삼,한양대,10,5
20250528,역삼,한양대,11,1
20250528,역삼,한양대,12,2
20250528,역삼,한양대,13,2
20250528,역삼,한양대,14,2
20250528,역삼,한양대,15,6
20250528,역삼,한양대,16,6
20250528,역삼,한양대,17,9
20250528,역삼,한양대,18,11
20250528,역삼,한양대,19,4
20250528,역삼,한양대,20,1
20250528,역삼,한양대,22,3
20250528,역삼,합정,5,1
20250528,역삼,합정,6,2
20250528,역삼,합정,7,6
20250528,역삼,합정,8,13
20250528,역삼,합정,9,5
20250528,역삼,합정,10,1
20250528,역삼,합정,11,6
20250528,역삼,합정,12,9
20250528,역삼,합정,13,16
20250528,역삼,합정,14,8
20250528,역삼,합정,15,16
20250528,역삼,합정,16,22
20250528,역삼,합정,17,62
20250528,역삼,합정,18,69
20250528,역삼,합정,19,34
20250528,역삼,합정,20,8
20250528,역삼,합정,21,14
20250528,역삼,합정,22,6
20250528,역삼,합정,23,9
20250528,역삼,홍대입구,0,2
20250528,역삼,홍대입구,5,3
20250528,역삼,홍대입구,6,3
20250528,역삼,홍대입구,7,5
20250528,역삼,홍대입구,8,8
20250528,역삼,홍대입구,9,10
20250528,역삼,홍대입구,10,15
20250528,역삼,홍대입구,11,13
20250528,역삼,홍대입구,12,19
20250528,역삼,홍대입구,13,12
20250528,역삼,홍대입구,14,20
20250528,역삼,홍대입구,15,16
20250528,역삼,홍대입구,16,32
20250528,역삼,홍대입구,17,92
20250528,역삼,홍대입구,18,93
20250528,역삼,홍대입구,19,45
20250528,역삼,홍대입구,20,27
20250528,역삼,홍대입구,21,17
20250528,역삼,홍대입구,22,17
20250528,역삼,홍대입구,23,8
20250528,영등포구청,강남,0,1
20250528,영등포구청,강남,5,3
20250528,영등포구청,강남,6,28
20250528,영등포구청,강남,7,86
20250528,영등포구청,강남,8,52
20250528,영등포구청,강남,9,40
20250528,영등포구청,강남,10,20
20250528,영등포구청,강남,11,8
20250528,영등포구청,강남,12,15
20250528,영등포구청,강남,13,11
20250528,영등포구청,강남,14,12
20250528,영등포구청,강남,15,15
20250528,영등포구청,강남,16,16
20250528,영등포구청,강남,17,18
20250528,영등포구청,강남,18,24
20250528,영등포구청,강남,19,8
20250528,영등포구청,강남,20,3
20250528,영등포구청,강남,21,4
20250528,영등포구청,강남,22,2
20250528,영등포구청,강남,23,3
20250528,영등포구청,강변(동서울터미널),7,4
20250528,영등포구청,강변(동서울터미널),8,1
20250528,영등포구청,강변(동서울터미널),9,4
20250528,영등포구청,강변(동서울터미널),10,2
20250528,영등포구청,강변(동서울터미널),11,3
20250528,영등포구청,강변(동서울터미널),13,1
20250528,영등포구청,강변(동서울터미널),14,2
20250528,영등포구청,강변(동서울터미널),15,1
20250528,영등포구청,강변(동서울터미널),16,4
20250528,영등포구청,강변(동서울터미널),17,10
20250528,영등포구청,강변(동서울터미널),18,8
20250528,영등포구청,강변(동서울터미널),19,7
20250528,영등포구청,강변(동서울터미널),20,2
20250528,영등포구청,강변(동서울터미널),21,2
20250528,영등포구청,강변(동서울터미널),22,1
20250528,영등포구청,건대입구,5,1
20250528,영등포구청,건대입구,6,1
20250528,영등포구청,건대입구,7,7
20250528,영등포구청,건대입구,8,6
20250528,영등포구청,건대입구,9,6
20250528,영등포구청,건대입구,10,6
20250528,영등포구청,건대입구,11,4
20250528,영등포구청,건대입구,12,3
20250528,영등포구청,건대입구,13,4
20250528,영등포구청,건대입구,14,2
20250528,영등포구청,건대입구,15,5
20250528,영등포구청,건대입구,16,7
20250528,영등포구청,건대입구,17,13
20250528,영등포구청,건대입구,18,17
20250528,영등포구청,건대입구,19,2
20250528,영등포구청,건대입구,20,5
20250528,영등포구청,건대입구,21,6
20250528,영등포구청,건대입구,22,3
20250528,영등포구청,건대입구,23,1
20250528,영등포구청,교대(법원.검찰청),5,1
20250528,영등포구청,교대(법원.검찰청),6,4
20250528,영등포구청,교대(법원.검찰청),7,16
20250528,영등포구청,교대(법원.검찰청),8,25
20250528,영등포구청,교대(법원.검찰청),9,9
20250528,영등포구청,교대(법원.검찰청),10,7
20250528,영등포구청,교대(법원.검찰청),11,9
20250528,영등포구청,교대(법원.검찰청),12,4
20250528,영등포구청,교대(법원.검찰청),13,9
20250528,영등포구청,교대(법원.검찰청),14,2
20250528,영등포구청,교대(법원.검찰청),15,3
20250528,영등포구청,교대(법원.검찰청),16,7
20250528,영등포구청,교대(법원.검찰청),17,17
20250528,영등포구청,교대(법원.검찰청),18,9
20250528,영등포구청,교대(법원.검찰청),19,5
20250528,영등포구청,교대(법원.검찰청),20,2
20250528,영등포구청,교대(법원.검찰청),21,1
20250528,영등포구청,교대(법원.검찰청),22,3
20250528,영등포구청,교대(법원.검찰청),23,1
20250528,영등포구청,구로디지털단지,0,4
20250528,영등포구청,구로디지털단지,4,1
20250528,영등포구청,구로디지털단지,5,5
20250528,영등포구청,구로디지털단지,6,13
20250528,영등포구청,구로디지털단지,7,49
20250528,영등포구청,구로디지털단지,8,127
20250528,영등포구청,구로디지털단지,9,71
20250528,영등포구청,구로디지털단지,10,25
20250528,영등포구청,구로디지털단지,11,27
20250528,영등포구청,구로디지털단지,12,34
20250528,영등포구청,구로디지털단지,13,44
20250528,영등포구청,구로디지털단지,14,30
20250528,영등포구청,구로디지털단지,15,57
20250528,영등포구청,구로디지털단지,16,62
20250528,영등포구청,구로디지털단지,17,91
20250528,영등포구청,구로디지털단지,18,195
20250528,영등포구청,구로디지털단지,19,73
20250528,영등포구청,구로디지털단지,20,52
20250528,영등포구청,구로디지털단지,21,59
20250528,영등포구청,구로디지털단지,22,36
20250528,영등포구청,구로디지털단지,23,15
20250528,영등포구청,구의(광진구청),5,1
20250528,영등포구청,구의(광진구청),8,1
20250528,영등포구청,구의(광진구청),10,1
20250528,영등포구청,구의(광진구청),11,1
20250528,영등포구청,구의(광진구청),12,3
20250528,영등포구청,구의(광진구청),13,3
20250528,영등포구청,구의(광진구청),14,1
20250528,영등포구청,구의(광진구청),15,2
20250528,영등포구청,구의(광진구청),16,5
20250528,영등포구청,구의(광진구청),17,7
20250528,영등포구청,구의(광진구청),18,15
20250528,영등포구청,구의(광진구청),19,8
20250528,영등포구청,구의(광진구청),20,4
20250528,영등포구청,구의(광진구청),21,5
20250528,영등포구청,구의(광진구청),22,3
20250528,영등포구청,구의(광진구청),23,1
20250528,영등포구청,낙성대,0,3
20250528,영등포구청,낙성대,5,1
20250528,영등포구청,낙성대,6,2
20250528,영등포구청,낙성대,7,14
20250528,영등포구청,낙성대,8,12
20250528,영등포구청,낙성대,9,4
20250528,영등포구청,낙성대,10,5
20250528,영등포구청,낙성대,11,4
20250528,영등포구청,낙성대,12,3
20250528,영등포구청,낙성대,13,2
20250528,영등포구청,낙성대,14,7
20250528,영등포구청,낙성대,15,5
20250528,영등포구청,낙성대,16,12
20250528,영등포구청,낙성대,17,22
20250528,영등포구청,낙성대,18,36
20250528,영등포구청,낙성대,19,13
20250528,영등포구청,낙성대,20,13
20250528,영등포구청,낙성대,21,10
20250528,영등포구청,낙성대,22,8
20250528,영등포구청,낙성대,23,2
20250528,영등포구청,당산,5,6
20250528,영등포구청,당산,6,3
20250528,영등포구청,당산,7,4
20250528,영등포구청,당산,8,9
20250528,영등포구청,당산,9,16
20250528,영등포구청,당산,10,17
20250528,영등포구청,당산,11,8
20250528,영등포구청,당산,12,10
20250528,영등포구청,당산,13,16
20250528,영등포구청,당산,14,18
20250528,영등포구청,당산,15,23
20250528,영등포구청,당산,16,23
20250528,영등포구청,당산,17,33
20250528,영등포구청,당산,18,57
20250528,영등포구청,당산,19,31
20250528,영등포구청,당산,20,19
20250528,영등포구청,당산,21,16
20250528,영등포구청,당산,22,9
20250528,영등포구청,당산,23,5
20250528,영등포구청,대림(구로구청),0,1
20250528,영등포구청,대림(구로구청),5,5
20250528,영등포구청,대림(구로구청),6,8
20250528,영등포구청,대림(구로구청),7,21
20250528,영등포구청,대림(구로구청),8,33
20250528,영등포구청,대림(구로구청),9,40
20250528,영등포구청,대림(구로구청),10,25
20250528,영등포구청,대림(구로구청),11,28
20250528,영등포구청,대림(구로구청),12,18
20250528,영등포구청,대림(구로구청),13,36
20250528,영등포구청,대림(구로구청),14,47
20250528,영등포구청,대림(구로구청),15,33
20250528,영등포구청,대림(구로구청),16,39
20250528,영등포구청,대림(구로구청),17,40
20250528,영등포구청,대림(구로구청),18,87
20250528,영등포구청,대림(구로구청),19,33
20250528,영등포구청,대림(구로구청),20,33
20250528,영등포구청,대림(구로구청),21,29
20250528,영등포구청,대림(구로구청),22,26
20250528,영등포구청,대림(구로구청),23,8
20250528,영등포구청,동대문역사문화공원,5,1
20250528,영등포구청,동대문역사문화공원,6,6
20250528,영등포구청,동대문역사문화공원,7,16
20250528,영등포구청,동대문역사문화공원,8,5
20250528,영등포구청,동대문역사문화공원,9,4
20250528,영등포구청,동대문역사문화공원,10,4
20250528,영등포구청,동대문역사문화공원,11,6
20250528,영등포구청,동대문역사문화공원,12,1
20250528,영등포구청,동대문역사문화공원,13,5
20250528,영등포구청,동대문역사문화공원,14,8
20250528,영등포구청,동대문역사문화공원,15,3
20250528,영등포구청,동대문역사문화공원,16,5
20250528,영등포구청,동대문역사문화공원,17,3
20250528,영등포구청,동대문역사문화공원,18,6
20250528,영등포구청,동대문역사문화공원,19,4
20250528,영등포구청,동대문역사문화공원,20,2
20250528,영등포구청,동대문역사문화공원,21,4
20250528,영등포구청,동대문역사문화공원,22,1
20250528,영등포구청,동대문역사문화공원,23,3
20250528,영등포구청,뚝섬,6,4
20250528,영등포구청,뚝섬,7,21
20250528,영등포구청,뚝섬,8,27
20250528,영등포구청,뚝섬,9,17
20250528,영등포구청,뚝섬,10,7
20250528,영등포구청,뚝섬,11,3
20250528,영등포구청,뚝섬,12,2
20250528,영등포구청,뚝섬,13,4
20250528,영등포구청,뚝섬,14,5
20250528,영등포구청,뚝섬,15,3
20250528,영등포구청,뚝섬,17,2
20250528,영등포구청,뚝섬,18,12
20250528,영등포구청,뚝섬,19,2
20250528,영등포구청,뚝섬,20,2
20250528,영등포구청,뚝섬,21,1
20250528,영등포구청,뚝섬,23,1
20250528,영등포구청,문래,5,1
20250528,영등포구청,문래,6,2
20250528,영등포구청,문래,7,11
20250528,영등포구청,문래,8,29
20250528,영등포구청,문래,9,31
20250528,영등포구청,문래,10,40
20250528,영등포구청,문래,11,23
20250528,영등포구청,문래,12,29
20250528,영등포구청,문래,13,21
20250528,영등포구청,문래,14,21
20250528,영등포구청,문래,15,25
20250528,영등포구청,문래,16,21
20250528,영등포구청,문래,17,15
20250528,영등포구청,문래,18,30
20250528,영등포구청,문래,19,11
20250528,영등포구청,문래,20,18
20250528,영등포구청,문래,21,4
20250528,영등포구청,문래,22,6
20250528,영등포구청,문래,23,5
20250528,영등포구청,방배,6,9
20250528,영등포구청,방배,7,10
20250528,영등포구청,방배,8,19
20250528,영등포구청,방배,9,9
20250528,영등포구청,방배,10,6
20250528,영등포구청,방배,11,7
20250528,영등포구청,방배,12,5
20250528,영등포구청,방배,13,5
20250528,영등포구청,방배,15,3
20250528,영등포구청,방배,16,8
20250528,영등포구청,방배,17,16
20250528,영등포구청,방배,18,12
20250528,영등포구청,방배,19,5
20250528,영등포구청,방배,20,3
20250528,영등포구청,방배,21,3
20250528,영등포구청,방배,22,6
20250528,영등포구청,봉천,0,1
20250528,영등포구청,봉천,6,1
20250528,영등포구청,봉천,7,10
20250528,영등포구청,봉천,8,7
20250528,영등포구청,봉천,9,4
20250528,영등포구청,봉천,10,4
20250528,영등포구청,봉천,11,7
20250528,영등포구청,봉천,12,2
20250528,영등포구청,봉천,13,9
20250528,영등포구청,봉천,14,10
20250528,영등포구청,봉천,15,13
20250528,영등포구청,봉천,16,17
20250528,영등포구청,봉천,17,34
20250528,영등포구청,봉천,18,60
20250528,영등포구청,봉천,19,16
20250528,영등포구청,봉천,20,17
20250528,영등포구청,봉천,21,14
20250528,영등포구청,봉천,22,8
20250528,영등포구청,봉천,23,4
20250528,영등포구청,사당,0,1
20250528,영등포구청,사당,5,1
20250528,영등포구청,사당,6,10
20250528,영등포구청,사당,7,24
20250528,영등포구청,사당,8,14
20250528,영등포구청,사당,9,10
20250528,영등포구청,사당,10,10
20250528,영등포구청,사당,11,11
20250528,영등포구청,사당,12,12
20250528,영등포구청,사당,13,5
20250528,영등포구청,사당,14,13
20250528,영등포구청,사당,15,13
20250528,영등포구청,사당,16,26
20250528,영등포구청,사당,17,30
20250528,영등포구청,사당,18,64
20250528,영등포구청,사당,19,15
20250528,영등포구청,사당,20,11
20250528,영등포구청,사당,21,14
20250528,영등포구청,사당,22,12
20250528,영등포구청,사당,23,5
20250528,영등포구청,삼성(무역센터),5,4
20250528,영등포구청,삼성(무역센터),6,20
20250528,영등포구청,삼성(무역센터),7,46
20250528,영등포구청,삼성(무역센터),8,27
20250528,영등포구청,삼성(무역센터),9,15
20250528,영등포구청,삼성(무역센터),10,13
20250528,영등포구청,삼성(무역센터),11,8
20250528,영등포구청,삼성(무역센터),12,6
20250528,영등포구청,삼성(무역센터),13,13
20250528,영등포구청,삼성(무역센터),14,1
20250528,영등포구청,삼성(무역센터),15,4
20250528,영등포구청,삼성(무역센터),16,5
20250528,영등포구청,삼성(무역센터),17,3
20250528,영등포구청,삼성(무역센터),18,4
20250528,영등포구청,삼성(무역센터),19,3
20250528,영등포구청,삼성(무역센터),20,1
20250528,영등포구청,삼성(무역센터),21,1
20250528,영등포구청,삼성(무역센터),22,1
20250528,영등포구청,상왕십리,0,2
20250528,영등포구청,상왕십리,5,1
20250528,영등포구청,상왕십리,6,3
20250528,영등포구청,상왕십리,7,10
20250528,영등포구청,상왕십리,8,3
20250528,영등포구청,상왕십리,9,4
20250528,영등포구청,상왕십리,10,1
20250528,영등포구청,상왕십리,11,2
20250528,영등포구청,상왕십리,12,3
20250528,영등포구청,상왕십리,13,2
20250528,영등포구청,상왕십리,14,4
20250528,영등포구청,상왕십리,15,2
20250528,영등포구청,상왕십리,16,4
20250528,영등포구청,상왕십리,17,7
20250528,영등포구청,상왕십리,18,16
20250528,영등포구청,상왕십리,19,8
20250528,영등포구청,상왕십리,20,1
20250528,영등포구청,상왕십리,21,2
20250528,영등포구청,상왕십리,22,4
20250528,영등포구청,상왕십리,23,4
20250528,영등포구청,서울대입구(관악구청),0,1
20250528,영등포구청,서울대입구(관악구청),5,1
20250528,영등포구청,서울대입구(관악구청),6,4
20250528,영등포구청,서울대입구(관악구청),7,17
20250528,영등포구청,서울대입구(관악구청),8,27
20250528,영등포구청,서울대입구(관악구청),9,13
20250528,영등포구청,서울대입구(관악구청),10,13
20250528,영등포구청,서울대입구(관악구청),11,20
20250528,영등포구청,서울대입구(관악구청),12,9
20250528,영등포구청,서울대입구(관악구청),13,16
20250528,영등포구청,서울대입구(관악구청),14,7
20250528,영등포구청,서울대입구(관악구청),15,22
20250528,영등포구청,서울대입구(관악구청),16,18
20250528,영등포구청,서울대입구(관악구청),17,47
20250528,영등포구청,서울대입구(관악구청),18,69
20250528,영등포구청,서울대입구(관악구청),19,20
20250528,영등포구청,서울대입구(관악구청),20,12
20250528,영등포구청,서울대입구(관악구청),21,17
20250528,영등포구청,서울대입구(관악구청),22,12
20250528,영등포구청,서울대입구(관악구청),23,9
20250528,영등포구청,서초,5,3
20250528,영등포구청,서초,6,9
20250528,영등포구청,서초,7,16
20250528,영등포구청,서초,8,35
20250528,영등포구청,서초,9,13
20250528,영등포구청,서초,10,7
20250528,영등포구청,서초,11,5
20250528,영등포구청,서초,12,1
20250528,영등포구청,서초,13,8
20250528,영등포구청,서초,14,6
20250528,영등포구청,서초,15,2
20250528,영등포구청,서초,16,5
20250528,영등포구청,서초,17,8
20250528,영등포구청,서초,18,11
20250528,영등포구청,서초,19,2
20250528,영등포구청,서초,20,2
20250528,영등포구청,서초,21,1
20250528,영등포구청,서초,22,3
20250528,영등포구청,선릉,5,2
20250528,영등포구청,선릉,6,21
20250528,영등포구청,선릉,7,52
20250528,영등포구청,선릉,8,22
20250528,영등포구청,선릉,9,16
20250528,영등포구청,선릉,10,11
20250528,영등포구청,선릉,11,5
20250528,영등포구청,선릉,12,10
20250528,영등포구청,선릉,13,14
20250528,영등포구청,선릉,14,12
20250528,영등포구청,선릉,15,9
20250528,영등포구청,선릉,16,12
20250528,영등포구청,선릉,17,13
20250528,영등포구청,선릉,18,5
20250528,영등포구청,선릉,19,1
20250528,영등포구청,선릉,20,5
20250528,영등포구청,선릉,21,2
20250528,영등포구청,선릉,23,2
20250528,영등포구청,성수,5,3
20250528,영등포구청,성수,6,5
20250528,영등포구청,성수,7,27
20250528,영등포구청,성수,8,28
20250528,영등포구청,성수,9,10
20250528,영등포구청,성수,10,2
20250528,영등포구청,성수,11,1
20250528,영등포구청,성수,12,4
20250528,영등포구청,성수,13,1
20250528,영등포구청,성수,14,1
20250528,영등포구청,성수,15,6
20250528,영등포구청,성수,16,4
20250528,영등포구청,성수,17,6
20250528,영등포구청,성수,18,11
20250528,영등포구청,성수,20,1
20250528,영등포구청,성수,21,2
20250528,영등포구청,성수,22,2
20250528,영등포구청,성수,23,1
20250528,영등포구청,시청,5,5
20250528,영등포구청,시청,6,11
20250528,영등포구청,시청,7,68
20250528,영등포구청,시청,8,125
20250528,영등포구청,시청,9,29
20250528,영등포구청,시청,10,21
20250528,영등포구청,시청,11,13
20250528,영등포구청,시청,12,8
20250528,영등포구청,시청,13,13
20250528,영등포구청,시청,14,18
20250528,영등포구청,시청,15,10
20250528,영등포구청,시청,16,9
20250528,영등포구청,시청,17,6
20250528,영등포구청,시청,18,10
20250528,영등포구청,시청,19,3
20250528,영등포구청,시청,20,5
20250528,영등포구청,시청,21,1
20250528,영등포구청,신당,5,1
20250528,영등포구청,신당,7,1
20250528,영등포구청,신당,8,9
20250528,영등포구청,신당,9,2
20250528,영등포구청,신당,10,7
20250528,영등포구청,신당,11,2
20250528,영등포구청,신당,12,2
20250528,영등포구청,신당,13,3
20250528,영등포구청,신당,14,3
20250528,영등포구청,신당,15,4
20250528,영등포구청,신당,16,6
20250528,영등포구청,신당,17,4
20250528,영등포구청,신당,18,12
20250528,영등포구청,신당,19,2
20250528,영등포구청,신당,20,1
20250528,영등포구청,신당,21,4
20250528,영등포구청,신당,22,3
20250528,영등포구청,신당,23,2
20250528,영등포구청,신대방,0,1
20250528,영등포구청,신대방,5,2
20250528,영등포구청,신대방,6,4
20250528,영등포구청,신대방,7,9
20250528,영등포구청,신대방,8,14
20250528,영등포구청,신대방,9,6
20250528,영등포구청,신대방,10,10
20250528,영등포구청,신대방,11,11
20250528,영등포구청,신대방,12,21
20250528,영등포구청,신대방,13,15
20250528,영등포구청,신대방,14,25
20250528,영등포구청,신대방,15,25
20250528,영등포구청,신대방,16,27
20250528,영등포구청,신대방,17,44
20250528,영등포구청,신대방,18,97
20250528,영등포구청,신대방,19,33
20250528,영등포구청,신대방,20,27
20250528,영등포구청,신대방,21,39
20250528,영등포구청,신대방,22,19
20250528,영등포구청,신대방,23,12
20250528,영등포구청,신도림,0,5
20250528,영등포구청,신도림,4,1
20250528,영등포구청,신도림,5,4
20250528,영등포구청,신도림,6,8
20250528,영등포구청,신도림,7,16
20250528,영등포구청,신도림,8,44
20250528,영등포구청,신도림,9,37
20250528,영등포구청,신도림,10,32
20250528,영등포구청,신도림,11,48
20250528,영등포구청,신도림,12,44
20250528,영등포구청,신도림,13,37
20250528,영등포구청,신도림,14,39
20250528,영등포구청,신도림,15,49
20250528,영등포구청,신도림,16,47
20250528,영등포구청,신도림,17,78
20250528,영등포구청,신도림,18,143
20250528,영등포구청,신도림,19,53
20250528,영등포구청,신도림,20,38
20250528,영등포구청,신도림,21,32
20250528,영등포구청,신도림,22,26
20250528,영등포구청,신도림,23,15
20250528,영등포구청,신림,0,7
20250528,영등포구청,신림,6,4
20250528,영등포구청,신림,7,17
20250528,영등포구청,신림,8,21
20250528,영등포구청,신림,9,10
20250528,영등포구청,신림,10,13
20250528,영등포구청,신림,11,21
20250528,영등포구청,신림,12,17
20250528,영등포구청,신림,13,15
20250528,영등포구청,신림,14,22
20250528,영등포구청,신림,15,28
20250528,영등포구청,신림,16,45
20250528,영등포구청,신림,17,83
20250528,영등포구청,신림,18,139
20250528,영등포구청,신림,19,39
20250528,영등포구청,신림,20,39
20250528,영등포구청,신림,21,28
20250528,영등포구청,신림,22,28
20250528,영등포구청,신림,23,16
20250528,영등포구청,신촌,0,1
20250528,영등포구청,신촌,5,5
20250528,영등포구청,신촌,6,16
20250528,영등포구청,신촌,7,41
20250528,영등포구청,신촌,8,48
20250528,영등포구청,신촌,9,50
20250528,영등포구청,신촌,10,31
20250528,영등포구청,신촌,11,24
20250528,영등포구청,신촌,12,19
20250528,영등포구청,신촌,13,29
20250528,영등포구청,신촌,14,27
20250528,영등포구청,신촌,15,20
20250528,영등포구청,신촌,16,18
20250528,영등포구청,신촌,17,25
20250528,영등포구청,신촌,18,64
20250528,영등포구청,신촌,19,20
20250528,영등포구청,신촌,20,15
20250528,영등포구청,신촌,21,7
20250528,영등포구청,신촌,22,10
20250528,영등포구청,신촌,23,7
20250528,영등포구청,아현,0,1
20250528,영등포구청,아현,5,1
20250528,영등포구청,아현,6,1
20250528,영등포구청,아현,7,7
20250528,영등포구청,아현,8,5
20250528,영등포구청,아현,9,6
20250528,영등포구청,아현,10,3
20250528,영등포구청,아현,11,1
20250528,영등포구청,아현,12,6
20250528,영등포구청,아현,13,2
20250528,영등포구청,아현,14,5
20250528,영등포구청,아현,15,8
20250528,영등포구청,아현,16,8
20250528,영등포구청,아현,17,13
20250528,영등포구청,아현,18,15
20250528,영등포구청,아현,19,8
20250528,영등포구청,아현,20,8
20250528,영등포구청,아현,21,6
20250528,영등포구청,아현,22,5
20250528,영등포구청,아현,23,3
20250528,영등포구청,역삼,5,4
20250528,영등포구청,역삼,6,22
20250528,영등포구청,역삼,7,74
20250528,영등포구청,역삼,8,87
20250528,영등포구청,역삼,9,53
20250528,영등포구청,역삼,10,12
20250528,영등포구청,역삼,11,8
20250528,영등포구청,역삼,12,8
20250528,영등포구청,역삼,13,8
20250528,영등포구청,역삼,14,3
20250528,영등포구청,역삼,15,5
20250528,영등포구청,역삼,16,11
20250528,영등포구청,역삼,17,8
20250528,영등포구청,역삼,18,10
20250528,영등포구청,역삼,19,11
20250528,영등포구청,역삼,20,1
20250528,영등포구청,역삼,21,1
20250528,영등포구청,역삼,22,1
20250528,영등포구청,역삼,23,1
20250528,영등포구청,영등포구청,0,2
20250528,영등포구청,영등포구청,4,1
20250528,영등포구청,영등포구청,5,5
20250528,영등포구청,영등포구청,6,9
20250528,영등포구청,영등포구청,7,6
20250528,영등포구청,영등포구청,8,13
20250528,영등포구청,영등포구청,9,15
20250528,영등포구청,영등포구청,10,14
20250528,영등포구청,영등포구청,11,27
20250528,영등포구청,영등포구청,12,23
20250528,영등포구청,영등포구청,13,17
20250528,영등포구청,영등포구청,14,21
20250528,영등포구청,영등포구청,15,14
20250528,영등포구청,영등포구청,16,27
20250528,영등포구청,영등포구청,17,17
20250528,영등포구청,영등포구청,18,22
20250528,영등포구청,영등포구청,19,11
20250528,영등포구청,영등포구청,20,9
20250528,영등포구청,영등포구청,21,13
20250528,영등포구청,영등포구청,22,14
20250528,영등포구청,영등포구청,23,9
20250528,영등포구청,왕십리(성동구청),0,1
20250528,영등포구청,왕십리(성동구청),6,1
20250528,영등포구청,왕십리(성동구청),7,2
20250528,영등포구청,왕십리(성동구청),8,1
20250528,영등포구청,왕십리(성동구청),9,3
20250528,영등포구청,왕십리(성동구청),10,1
20250528,영등포구청,왕십리(성동구청),11,3
20250528,영등포구청,왕십리(성동구청),12,4
20250528,영등포구청,왕십리(성동구청),14,1
20250528,영등포구청,왕십리(성동구청),15,3
20250528,영등포구청,왕십리(성동구청),16,4
20250528,영등포구청,왕십리(성동구청),17,7
20250528,영등포구청,왕십리(성동구청),18,14
20250528,영등포구청,왕십리(성동구청),20,1
20250528,영등포구청,왕십리(성동구청),21,4
20250528,영등포구청,왕십리(성동구청),22,2
20250528,영등포구청,용두(동대문구청),6,1
20250528,영등포구청,을지로3가,6,7
20250528,영등포구청,을지로3가,7,51
20250528,영등포구청,을지로3가,8,60
20250528,영등포구청,을지로3가,9,14
20250528,영등포구청,을지로3가,10,9
20250528,영등포구청,을지로3가,11,3
20250528,영등포구청,을지로3가,12,4
20250528,영등포구청,을지로3가,13,15
20250528,영등포구청,을지로3가,14,7
20250528,영등포구청,을지로3가,15,3
20250528,영등포구청,을지로3가,16,6
20250528,영등포구청,을지로3가,17,7
20250528,영등포구청,을지로3가,18,6
20250528,영등포구청,을지로3가,19,4
20250528,영등포구청,을지로3가,20,3
20250528,영등포구청,을지로3가,21,1
20250528,영등포구청,을지로3가,22,2
20250528,영등포구청,을지로3가,23,1
20250528,영등포구청,을지로4가,0,1
20250528,영등포구청,을지로4가,5,5
20250528,영등포구청,을지로4가,6,6
20250528,영등포구청,을지로4가,7,14
20250528,영등포구청,을지로4가,8,21
20250528,영등포구청,을지로4가,9,10
20250528,영등포구청,을지로4가,10,5
20250528,영등포구청,을지로4가,11,1
20250528,영등포구청,을지로4가,12,7
20250528,영등포구청,을지로4가,13,4
20250528,영등포구청,을지로4가,14,5
20250528,영등포구청,을지로4가,15,7
20250528,영등포구청,을지로4가,16,5
20250528,영등포구청,을지로4가,17,4
20250528,영등포구청,을지로4가,18,4
20250528,영등포구청,을지로4가,19,1
20250528,영등포구청,을지로4가,20,1
20250528,영등포구청,을지로4가,22,2
20250528,영등포구청,을지로4가,23,1
20250528,영등포구청,을지로입구,5,8
20250528,영등포구청,을지로입구,6,23
20250528,영등포구청,을지로입구,7,151
20250528,영등포구청,을지로입구,8,185
20250528,영등포구청,을지로입구,9,68
20250528,영등포구청,을지로입구,10,22
20250528,영등포구청,을지로입구,11,13
20250528,영등포구청,을지로입구,12,22
20250528,영등포구청,을지로입구,13,24
20250528,영등포구청,을지로입구,14,14
20250528,영등포구청,을지로입구,15,12
20250528,영등포구청,을지로입구,16,19
20250528,영등포구청,을지로입구,17,16
20250528,영등포구청,을지로입구,18,28
20250528,영등포구청,을지로입구,19,7
20250528,영등포구청,을지로입구,20,12
20250528,영등포구청,을지로입구,21,6
20250528,영등포구청,을지로입구,22,2
20250528,영등포구청,을지로입구,23,2
20250528,영등포구청,이대,0,1
20250528,영등포구청,이대,6,4
20250528,영등포구청,이대,7,15
20250528,영등포구청,이대,8,29
20250528,영등포구청,이대,9,20
20250528,영등포구청,이대,10,17
20250528,영등포구청,이대,11,12
20250528,영등포구청,이대,12,9
20250528,영등포구청,이대,13,10
20250528,영등포구청,이대,14,10
20250528,영등포구청,이대,15,5
20250528,영등포구청,이대,16,16
20250528,영등포구청,이대,17,11
20250528,영등포구청,이대,18,32
20250528,영등포구청,이대,19,4
20250528,영등포구청,이대,20,5
20250528,영등포구청,이대,21,5
20250528,영등포구청,이대,22,9
20250528,영등포구청,이대,23,1
20250528,영등포구청,잠실(송파구청),5,2
20250528,영등포구청,잠실(송파구청),6,14
20250528,영등포구청,잠실(송파구청),7,41
20250528,영등포구청,잠실(송파구청),8,26
20250528,영등포구청,잠실(송파구청),9,10
20250528,영등포구청,잠실(송파구청),10,7
20250528,영등포구청,잠실(송파구청),11,6
20250528,영등포구청,잠실(송파구청),12,2
20250528,영등포구청,잠실(송파구청),13,5
20250528,영등포구청,잠실(송파구청),14,8
20250528,영등포구청,잠실(송파구청),15,7
20250528,영등포구청,잠실(송파구청),16,10
20250528,영등포구청,잠실(송파구청),17,20
20250528,영등포구청,잠실(송파구청),18,15
20250528,영등포구청,잠실(송파구청),19,4
20250528,영등포구청,잠실(송파구청),20,3
20250528,영등포구청,잠실(송파구청),21,3
20250528,영등포구청,잠실(송파구청),22,2
20250528,영등포구청,잠실(송파구청),23,2
20250528,영등포구청,잠실나루,6,2
20250528,영등포구청,잠실나루,7,1
20250528,영등포구청,잠실나루,9,1
20250528,영등포구청,잠실나루,11,3
20250528,영등포구청,잠실나루,12,2
20250528,영등포구청,잠실나루,13,1
20250528,영등포구청,잠실나루,16,1
20250528,영등포구청,잠실나루,17,8
20250528,영등포구청,잠실나루,18,2
20250528,영등포구청,잠실나루,20,1
20250528,영등포구청,잠실나루,21,2
20250528,영등포구청,잠실나루,22,3
20250528,영등포구청,잠실나루,23,1
20250528,영등포구청,잠실새내,8,1
20250528,영등포구청,잠실새내,9,2
20250528,영등포구청,잠실새내,11,1
20250528,영등포구청,잠실새내,12,1
20250528,영등포구청,잠실새내,14,1
20250528,영등포구청,잠실새내,15,6
20250528,영등포구청,잠실새내,16,6
20250528,영등포구청,잠실새내,17,8
20250528,영등포구청,잠실새내,18,8
20250528,영등포구청,잠실새내,19,3
20250528,영등포구청,잠실새내,20,5
20250528,영등포구청,잠실새내,21,1
20250528,영등포구청,잠실새내,22,1
20250528,영등포구청,잠실새내,23,1
20250528,영등포구청,종합운동장,5,1
20250528,영등포구청,종합운동장,7,1
20250528,영등포구청,종합운동장,8,2
20250528,영등포구청,종합운동장,10,1
20250528,영등포구청,종합운동장,12,1
20250528,영등포구청,종합운동장,14,1
20250528,영등포구청,종합운동장,16,10
20250528,영등포구청,종합운동장,17,13
20250528,영등포구청,종합운동장,18,4
20250528,영등포구청,종합운동장,19,1
20250528,영등포구청,종합운동장,20,1
20250528,영등포구청,종합운동장,21,1
20250528,영등포구청,충정로(경기대입구),0,1
20250528,영등포구청,충정로(경기대입구),6,2
20250528,영등포구청,충정로(경기대입구),7,19
20250528,영등포구청,충정로(경기대입구),8,36
20250528,영등포구청,충정로(경기대입구),9,5
20250528,영등포구청,충정로(경기대입구),10,3
20250528,영등포구청,충정로(경기대입구),11,5
20250528,영등포구청,충정로(경기대입구),12,4
20250528,영등포구청,충정로(경기대입구),13,2
20250528,영등포구청,충정로(경기대입구),14,2
20250528,영등포구청,충정로(경기대입구),16,8
20250528,영등포구청,충정로(경기대입구),17,3
20250528,영등포구청,충정로(경기대입구),18,10
20250528,영등포구청,충정로(경기대입구),19,7
20250528,영등포구청,충정로(경기대입구),20,6
20250528,영등포구청,충정로(경기대입구),21,2
20250528,영등포구청,충정로(경기대입구),22,1
20250528,영등포구청,한양대,5,1
20250528,영등포구청,한양대,6,1
20250528,영등포구청,한양대,7,8
20250528,영등포구청,한양대,8,8
20250528,영등포구청,한양대,9,5
20250528,영등포구청,한양대,10,5
20250528,영등포구청,한양대,11,1
20250528,영등포구청,한양대,12,4
20250528,영등포구청,한양대,13,1
20250528,영등포구청,한양대,14,2
20250528,영등포구청,한양대,15,3
20250528,영등포구청,한양대,18,3
20250528,영등포구청,한양대,20,1
20250528,영등포구청,한양대,22,2
20250528,영등포구청,한양대,23,1
20250528,영등포구청,합정,0,5
20250528,영등포구청,합정,4,1
20250528,영등포구청,합정,5,5
20250528,영등포구청,합정,6,14
20250528,영등포구청,합정,7,21
20250528,영등포구청,합정,8,57
20250528,영등포구청,합정,9,62
20250528,영등포구청,합정,10,23
20250528,영등포구청,합정,11,25
20250528,영등포구청,합정,12,11
20250528,영등포구청,합정,13,19
20250528,영등포구청,합정,14,24
20250528,영등포구청,합정,15,18
20250528,영등포구청,합정,16,31
20250528,영등포구청,합정,17,57
20250528,영등포구청,합정,18,112
20250528,영등포구청,합정,19,36
20250528,영등포구청,합정,20,18
20250528,영등포구청,합정,21,19
20250528,영등포구청,합정,22,14
20250528,영등포구청,합정,23,13
20250528,영등포구청,홍대입구,0,6
20250528,영등포구청,홍대입구,5,1
20250528,영등포구청,홍대입구,6,6
20250528,영등포구청,홍대입구,7,18
20250528,영등포구청,홍대입구,8,73
20250528,영등포구청,홍대입구,9,62
20250528,영등포구청,홍대입구,10,38
20250528,영등포구청,홍대입구,11,22
20250528,영등포구청,홍대입구,12,19
20250528,영등포구청,홍대입구,13,20
20250528,영등포구청,홍대입구,14,19
20250528,영등포구청,홍대입구,15,28
20250528,영등포구청,홍대입구,16,36
20250528,영등포구청,홍대입구,17,58
20250528,영등포구청,홍대입구,18,110
20250528,영등포구청,홍대입구,19,51
20250528,영등포구청,홍대입구,20,17
20250528,영등포구청,홍대입구,21,12
20250528,영등포구청,홍대입구,22,18
20250528,영등포구청,홍대입구,23,3
20250528,왕십리(성동구청),강남,5,1
20250528,왕십리(성동구청),강남,6,5
20250528,왕십리(성동구청),강남,7,23
20250528,왕십리(성동구청),강남,8,37
20250528,왕십리(성동구청),강남,9,26
20250528,왕십리(성동구청),강남,10,17
20250528,왕십리(성동구청),강남,11,12
20250528,왕십리(성동구청),강남,12,4
20250528,왕십리(성동구청),강남,13,17
20250528,왕십리(성동구청),강남,14,7
20250528,왕십리(성동구청),강남,15,6
20250528,왕십리(성동구청),강남,16,10
20250528,왕십리(성동구청),강남,17,16
20250528,왕십리(성동구청),강남,18,11
20250528,왕십리(성동구청),강남,19,2
20250528,왕십리(성동구청),강남,20,2
20250528,왕십리(성동구청),강남,21,5
20250528,왕십리(성동구청),강남,22,5
20250528,왕십리(성동구청),강남,23,6
20250528,왕십리(성동구청),강변(동서울터미널),0,1
20250528,왕십리(성동구청),강변(동서울터미널),5,6
20250528,왕십리(성동구청),강변(동서울터미널),6,6
20250528,왕십리(성동구청),강변(동서울터미널),7,7
20250528,왕십리(성동구청),강변(동서울터미널),8,17
20250528,왕십리(성동구청),강변(동서울터미널),9,9
20250528,왕십리(성동구청),강변(동서울터미널),10,8
20250528,왕십리(성동구청),강변(동서울터미널),11,10
20250528,왕십리(성동구청),강변(동서울터미널),12,8
20250528,왕십리(성동구청),강변(동서울터미널),13,14
20250528,왕십리(성동구청),강변(동서울터미널),14,7
20250528,왕십리(성동구청),강변(동서울터미널),15,13
20250528,왕십리(성동구청),강변(동서울터미널),16,20
20250528,왕십리(성동구청),강변(동서울터미널),17,24
20250528,왕십리(성동구청),강변(동서울터미널),18,23
20250528,왕십리(성동구청),강변(동서울터미널),19,10
20250528,왕십리(성동구청),강변(동서울터미널),20,17
20250528,왕십리(성동구청),강변(동서울터미널),21,20
20250528,왕십리(성동구청),강변(동서울터미널),22,11
20250528,왕십리(성동구청),강변(동서울터미널),23,4
20250528,왕십리(성동구청),건대입구,0,3
20250528,왕십리(성동구청),건대입구,5,2
20250528,왕십리(성동구청),건대입구,6,3
20250528,왕십리(성동구청),건대입구,7,10
20250528,왕십리(성동구청),건대입구,8,27
20250528,왕십리(성동구청),건대입구,9,32
20250528,왕십리(성동구청),건대입구,10,24
20250528,왕십리(성동구청),건대입구,11,17
20250528,왕십리(성동구청),건대입구,12,21
20250528,왕십리(성동구청),건대입구,13,25
20250528,왕십리(성동구청),건대입구,14,17
20250528,왕십리(성동구청),건대입구,15,25
20250528,왕십리(성동구청),건대입구,16,39
20250528,왕십리(성동구청),건대입구,17,38
20250528,왕십리(성동구청),건대입구,18,72
20250528,왕십리(성동구청),건대입구,19,40
20250528,왕십리(성동구청),건대입구,20,22
20250528,왕십리(성동구청),건대입구,21,48
20250528,왕십리(성동구청),건대입구,22,33
20250528,왕십리(성동구청),건대입구,23,25
20250528,왕십리(성동구청),교대(법원.검찰청),5,4
20250528,왕십리(성동구청),교대(법원.검찰청),7,3
20250528,왕십리(성동구청),교대(법원.검찰청),8,10
20250528,왕십리(성동구청),교대(법원.검찰청),9,3
20250528,왕십리(성동구청),교대(법원.검찰청),10,4
20250528,왕십리(성동구청),교대(법원.검찰청),11,2
20250528,왕십리(성동구청),교대(법원.검찰청),12,1
20250528,왕십리(성동구청),교대(법원.검찰청),13,3
20250528,왕십리(성동구청),교대(법원.검찰청),14,1
20250528,왕십리(성동구청),교대(법원.검찰청),15,4
20250528,왕십리(성동구청),교대(법원.검찰청),16,4
20250528,왕십리(성동구청),교대(법원.검찰청),17,4
20250528,왕십리(성동구청),교대(법원.검찰청),18,10
20250528,왕십리(성동구청),교대(법원.검찰청),19,1
20250528,왕십리(성동구청),교대(법원.검찰청),20,1
20250528,왕십리(성동구청),교대(법원.검찰청),21,2
20250528,왕십리(성동구청),교대(법원.검찰청),22,3
20250528,왕십리(성동구청),구로디지털단지,5,1
20250528,왕십리(성동구청),구로디지털단지,6,14
20250528,왕십리(성동구청),구로디지털단지,7,28
20250528,왕십리(성동구청),구로디지털단지,8,16
20250528,왕십리(성동구청),구로디지털단지,9,8
20250528,왕십리(성동구청),구로디지털단지,10,3
20250528,왕십리(성동구청),구로디지털단지,11,3
20250528,왕십리(성동구청),구로디지털단지,12,2
20250528,왕십리(성동구청),구로디지털단지,13,5
20250528,왕십리(성동구청),구로디지털단지,14,2
20250528,왕십리(성동구청),구로디지털단지,15,8
20250528,왕십리(성동구청),구로디지털단지,16,16
20250528,왕십리(성동구청),구로디지털단지,17,13
20250528,왕십리(성동구청),구로디지털단지,18,9
20250528,왕십리(성동구청),구로디지털단지,19,12
20250528,왕십리(성동구청),구로디지털단지,20,14
20250528,왕십리(성동구청),구로디지털단지,21,6
20250528,왕십리(성동구청),구로디지털단지,22,5
20250528,왕십리(성동구청),구로디지털단지,23,4
20250528,왕십리(성동구청),구의(광진구청),0,5
20250528,왕십리(성동구청),구의(광진구청),5,5
20250528,왕십리(성동구청),구의(광진구청),6,11
20250528,왕십리(성동구청),구의(광진구청),7,21
20250528,왕십리(성동구청),구의(광진구청),8,30
20250528,왕십리(성동구청),구의(광진구청),9,15
20250528,왕십리(성동구청),구의(광진구청),10,12
20250528,왕십리(성동구청),구의(광진구청),11,13
20250528,왕십리(성동구청),구의(광진구청),12,12
20250528,왕십리(성동구청),구의(광진구청),13,16
20250528,왕십리(성동구청),구의(광진구청),14,16
20250528,왕십리(성동구청),구의(광진구청),15,24
20250528,왕십리(성동구청),구의(광진구청),16,23
20250528,왕십리(성동구청),구의(광진구청),17,37
20250528,왕십리(성동구청),구의(광진구청),18,47
20250528,왕십리(성동구청),구의(광진구청),19,32
20250528,왕십리(성동구청),구의(광진구청),20,33
20250528,왕십리(성동구청),구의(광진구청),21,15
20250528,왕십리(성동구청),구의(광진구청),22,27
20250528,왕십리(성동구청),구의(광진구청),23,16
20250528,왕십리(성동구청),낙성대,5,1
20250528,왕십리(성동구청),낙성대,6,2
20250528,왕십리(성동구청),낙성대,7,2
20250528,왕십리(성동구청),낙성대,8,1
20250528,왕십리(성동구청),낙성대,9,1
20250528,왕십리(성동구청),낙성대,11,1
20250528,왕십리(성동구청),낙성대,12,1
20250528,왕십리(성동구청),낙성대,13,3
20250528,왕십리(성동구청),낙성대,16,4
20250528,왕십리(성동구청),낙성대,17,1
20250528,왕십리(성동구청),낙성대,18,5
20250528,왕십리(성동구청),낙성대,19,2
20250528,왕십리(성동구청),낙성대,20,1
20250528,왕십리(성동구청),낙성대,21,4
20250528,왕십리(성동구청),낙성대,22,3
20250528,왕십리(성동구청),낙성대,23,1
20250528,왕십리(성동구청),당산,0,1
20250528,왕십리(성동구청),당산,5,5
20250528,왕십리(성동구청),당산,7,8
20250528,왕십리(성동구청),당산,8,11
20250528,왕십리(성동구청),당산,9,7
20250528,왕십리(성동구청),당산,10,3
20250528,왕십리(성동구청),당산,11,4
20250528,왕십리(성동구청),당산,12,1
20250528,왕십리(성동구청),당산,13,1
20250528,왕십리(성동구청),당산,14,2
20250528,왕십리(성동구청),당산,15,8
20250528,왕십리(성동구청),당산,16,6
20250528,왕십리(성동구청),당산,17,12
20250528,왕십리(성동구청),당산,18,6
20250528,왕십리(성동구청),당산,19,7
20250528,왕십리(성동구청),당산,20,10
20250528,왕십리(성동구청),당산,21,12
20250528,왕십리(성동구청),당산,22,9
20250528,왕십리(성동구청),당산,23,5
20250528,왕십리(성동구청),대림(구로구청),0,1
20250528,왕십리(성동구청),대림(구로구청),6,3
20250528,왕십리(성동구청),대림(구로구청),7,6
20250528,왕십리(성동구청),대림(구로구청),8,2
20250528,왕십리(성동구청),대림(구로구청),9,7
20250528,왕십리(성동구청),대림(구로구청),10,1
20250528,왕십리(성동구청),대림(구로구청),11,2
20250528,왕십리(성동구청),대림(구로구청),12,2
20250528,왕십리(성동구청),대림(구로구청),14,1
20250528,왕십리(성동구청),대림(구로구청),15,4
20250528,왕십리(성동구청),대림(구로구청),16,7
20250528,왕십리(성동구청),대림(구로구청),17,7
20250528,왕십리(성동구청),대림(구로구청),18,4
20250528,왕십리(성동구청),대림(구로구청),19,5
20250528,왕십리(성동구청),대림(구로구청),20,6
20250528,왕십리(성동구청),대림(구로구청),21,4
20250528,왕십리(성동구청),대림(구로구청),22,3
20250528,왕십리(성동구청),대림(구로구청),23,1
20250528,왕십리(성동구청),동대문역사문화공원,0,3
20250528,왕십리(성동구청),동대문역사문화공원,5,2
20250528,왕십리(성동구청),동대문역사문화공원,6,3
20250528,왕십리(성동구청),동대문역사문화공원,7,15
20250528,왕십리(성동구청),동대문역사문화공원,8,32
20250528,왕십리(성동구청),동대문역사문화공원,9,15
20250528,왕십리(성동구청),동대문역사문화공원,10,10
20250528,왕십리(성동구청),동대문역사문화공원,11,7
20250528,왕십리(성동구청),동대문역사문화공원,12,12
20250528,왕십리(성동구청),동대문역사문화공원,13,18
20250528,왕십리(성동구청),동대문역사문화공원,14,11
20250528,왕십리(성동구청),동대문역사문화공원,15,8
20250528,왕십리(성동구청),동대문역사문화공원,16,19
20250528,왕십리(성동구청),동대문역사문화공원,17,14
20250528,왕십리(성동구청),동대문역사문화공원,18,27
20250528,왕십리(성동구청),동대문역사문화공원,19,13
20250528,왕십리(성동구청),동대문역사문화공원,20,11
20250528,왕십리(성동구청),동대문역사문화공원,21,13
20250528,왕십리(성동구청),동대문역사문화공원,22,14
20250528,왕십리(성동구청),동대문역사문화공원,23,5
20250528,왕십리(성동구청),뚝섬,0,4
20250528,왕십리(성동구청),뚝섬,5,4
20250528,왕십리(성동구청),뚝섬,6,5
20250528,왕십리(성동구청),뚝섬,7,16
20250528,왕십리(성동구청),뚝섬,8,82
20250528,왕십리(성동구청),뚝섬,9,49
20250528,왕십리(성동구청),뚝섬,10,20
20250528,왕십리(성동구청),뚝섬,11,29
20250528,왕십리(성동구청),뚝섬,12,13
20250528,왕십리(성동구청),뚝섬,13,34
20250528,왕십리(성동구청),뚝섬,14,25
20250528,왕십리(성동구청),뚝섬,15,21
20250528,왕십리(성동구청),뚝섬,16,31
20250528,왕십리(성동구청),뚝섬,17,16
20250528,왕십리(성동구청),뚝섬,18,63
20250528,왕십리(성동구청),뚝섬,19,20
20250528,왕십리(성동구청),뚝섬,20,10
20250528,왕십리(성동구청),뚝섬,21,17
20250528,왕십리(성동구청),뚝섬,22,14
20250528,왕십리(성동구청),뚝섬,23,12
20250528,왕십리(성동구청),문래,6,4
20250528,왕십리(성동구청),문래,7,12
20250528,왕십리(성동구청),문래,8,13
20250528,왕십리(성동구청),문래,10,1
20250528,왕십리(성동구청),문래,11,1
20250528,왕십리(성동구청),문래,12,2
20250528,왕십리(성동구청),문래,13,1
20250528,왕십리(성동구청),문래,14,3
20250528,왕십리(성동구청),문래,15,2
20250528,왕십리(성동구청),문래,16,5
20250528,왕십리(성동구청),문래,17,3
20250528,왕십리(성동구청),문래,18,8
20250528,왕십리(성동구청),문래,19,1
20250528,왕십리(성동구청),문래,20,2
20250528,왕십리(성동구청),문래,21,3
20250528,왕십리(성동구청),문래,22,1
20250528,왕십리(성동구청),문래,23,1
20250528,왕십리(성동구청),방배,5,1
20250528,왕십리(성동구청),방배,7,2
20250528,왕십리(성동구청),방배,8,5
20250528,왕십리(성동구청),방배,9,4
20250528,왕십리(성동구청),방배,11,1
20250528,왕십리(성동구청),방배,12,1
20250528,왕십리(성동구청),방배,13,1
20250528,왕십리(성동구청),방배,16,1
20250528,왕십리(성동구청),방배,17,2
20250528,왕십리(성동구청),방배,18,3
20250528,왕십리(성동구청),방배,20,2
20250528,왕십리(성동구청),방배,21,3
20250528,왕십리(성동구청),방배,22,2
20250528,왕십리(성동구청),방배,23,1
20250528,왕십리(성동구청),봉천,5,1
20250528,왕십리(성동구청),봉천,9,1
20250528,왕십리(성동구청),봉천,11,1
20250528,왕십리(성동구청),봉천,12,3
20250528,왕십리(성동구청),봉천,13,2
20250528,왕십리(성동구청),봉천,14,1
20250528,왕십리(성동구청),봉천,15,3
20250528,왕십리(성동구청),봉천,16,1
20250528,왕십리(성동구청),봉천,17,1
20250528,왕십리(성동구청),봉천,18,4
20250528,왕십리(성동구청),봉천,19,2
20250528,왕십리(성동구청),봉천,20,1
20250528,왕십리(성동구청),봉천,21,1
20250528,왕십리(성동구청),봉천,22,2
20250528,왕십리(성동구청),봉천,23,1
20250528,왕십리(성동구청),사당,0,2
20250528,왕십리(성동구청),사당,6,1
20250528,왕십리(성동구청),사당,7,1
20250528,왕십리(성동구청),사당,8,7
20250528,왕십리(성동구청),사당,9,4
20250528,왕십리(성동구청),사당,10,2
20250528,왕십리(성동구청),사당,11,3
20250528,왕십리(성동구청),사당,13,4
20250528,왕십리(성동구청),사당,15,1
20250528,왕십리(성동구청),사당,16,7
20250528,왕십리(성동구청),사당,17,8
20250528,왕십리(성동구청),사당,18,17
20250528,왕십리(성동구청),사당,19,8
20250528,왕십리(성동구청),사당,20,5
20250528,왕십리(성동구청),사당,21,2
20250528,왕십리(성동구청),사당,22,5
20250528,왕십리(성동구청),사당,23,3
20250528,왕십리(성동구청),삼성(무역센터),0,1
20250528,왕십리(성동구청),삼성(무역센터),5,4
20250528,왕십리(성동구청),삼성(무역센터),6,13
20250528,왕십리(성동구청),삼성(무역센터),7,30
20250528,왕십리(성동구청),삼성(무역센터),8,49
20250528,왕십리(성동구청),삼성(무역센터),9,33
20250528,왕십리(성동구청),삼성(무역센터),10,6
20250528,왕십리(성동구청),삼성(무역센터),11,4
20250528,왕십리(성동구청),삼성(무역센터),12,8
20250528,왕십리(성동구청),삼성(무역센터),13,9
20250528,왕십리(성동구청),삼성(무역센터),14,5
20250528,왕십리(성동구청),삼성(무역센터),15,2
20250528,왕십리(성동구청),삼성(무역센터),16,6
20250528,왕십리(성동구청),삼성(무역센터),17,10
20250528,왕십리(성동구청),삼성(무역센터),18,11
20250528,왕십리(성동구청),삼성(무역센터),19,6
20250528,왕십리(성동구청),삼성(무역센터),20,1
20250528,왕십리(성동구청),삼성(무역센터),22,2
20250528,왕십리(성동구청),삼성(무역센터),23,3
20250528,왕십리(성동구청),상왕십리,0,3
20250528,왕십리(성동구청),상왕십리,5,2
20250528,왕십리(성동구청),상왕십리,6,3
20250528,왕십리(성동구청),상왕십리,7,3
20250528,왕십리(성동구청),상왕십리,8,10
20250528,왕십리(성동구청),상왕십리,9,10
20250528,왕십리(성동구청),상왕십리,10,10
20250528,왕십리(성동구청),상왕십리,11,10
20250528,왕십리(성동구청),상왕십리,12,17
20250528,왕십리(성동구청),상왕십리,13,16
20250528,왕십리(성동구청),상왕십리,14,44
20250528,왕십리(성동구청),상왕십리,15,37
20250528,왕십리(성동구청),상왕십리,16,26
20250528,왕십리(성동구청),상왕십리,17,27
20250528,왕십리(성동구청),상왕십리,18,31
20250528,왕십리(성동구청),상왕십리,19,28
20250528,왕십리(성동구청),상왕십리,20,17
20250528,왕십리(성동구청),상왕십리,21,11
20250528,왕십리(성동구청),상왕십리,22,14
20250528,왕십리(성동구청),상왕십리,23,4
20250528,왕십리(성동구청),서울대입구(관악구청),6,1
20250528,왕십리(성동구청),서울대입구(관악구청),7,2
20250528,왕십리(성동구청),서울대입구(관악구청),8,6
20250528,왕십리(성동구청),서울대입구(관악구청),9,3
20250528,왕십리(성동구청),서울대입구(관악구청),11,3
20250528,왕십리(성동구청),서울대입구(관악구청),12,1
20250528,왕십리(성동구청),서울대입구(관악구청),13,3
20250528,왕십리(성동구청),서울대입구(관악구청),14,1
20250528,왕십리(성동구청),서울대입구(관악구청),15,4
20250528,왕십리(성동구청),서울대입구(관악구청),16,5
20250528,왕십리(성동구청),서울대입구(관악구청),17,9
20250528,왕십리(성동구청),서울대입구(관악구청),18,9
20250528,왕십리(성동구청),서울대입구(관악구청),19,1
20250528,왕십리(성동구청),서울대입구(관악구청),20,2
20250528,왕십리(성동구청),서울대입구(관악구청),21,3
20250528,왕십리(성동구청),서울대입구(관악구청),22,2
20250528,왕십리(성동구청),서울대입구(관악구청),23,2
20250528,왕십리(성동구청),서초,0,1
20250528,왕십리(성동구청),서초,5,2
20250528,왕십리(성동구청),서초,6,1
20250528,왕십리(성동구청),서초,7,1
20250528,왕십리(성동구청),서초,8,9
20250528,왕십리(성동구청),서초,9,3
20250528,왕십리(성동구청),서초,10,1
20250528,왕십리(성동구청),서초,12,2
20250528,왕십리(성동구청),서초,13,3
20250528,왕십리(성동구청),서초,14,1
20250528,왕십리(성동구청),서초,15,1
20250528,왕십리(성동구청),서초,16,2
20250528,왕십리(성동구청),서초,17,2
20250528,왕십리(성동구청),서초,18,1
20250528,왕십리(성동구청),서초,20,1
20250528,왕십리(성동구청),서초,21,2
20250528,왕십리(성동구청),서초,22,1
20250528,왕십리(성동구청),서초,23,1
20250528,왕십리(성동구청),선릉,0,1
20250528,왕십리(성동구청),선릉,4,1
20250528,왕십리(성동구청),선릉,5,2
20250528,왕십리(성동구청),선릉,6,1
20250528,왕십리(성동구청),선릉,7,15
20250528,왕십리(성동구청),선릉,8,15
20250528,왕십리(성동구청),선릉,9,7
20250528,왕십리(성동구청),선릉,11,4
20250528,왕십리(성동구청),선릉,12,4
20250528,왕십리(성동구청),선릉,13,3
20250528,왕십리(성동구청),선릉,14,1
20250528,왕십리(성동구청),선릉,15,2
20250528,왕십리(성동구청),선릉,17,5
20250528,왕십리(성동구청),선릉,18,1
20250528,왕십리(성동구청),선릉,19,2
20250528,왕십리(성동구청),선릉,21,3
20250528,왕십리(성동구청),선릉,22,2
20250528,왕십리(성동구청),선릉,23,2
20250528,왕십리(성동구청),성수,0,4
20250528,왕십리(성동구청),성수,5,14
20250528,왕십리(성동구청),성수,6,13
20250528,왕십리(성동구청),성수,7,34
20250528,왕십리(성동구청),성수,8,103
20250528,왕십리(성동구청),성수,9,76
20250528,왕십리(성동구청),성수,10,39
20250528,왕십리(성동구청),성수,11,37
20250528,왕십리(성동구청),성수,12,38
20250528,왕십리(성동구청),성수,13,47
20250528,왕십리(성동구청),성수,14,70
20250528,왕십리(성동구청),성수,15,47
20250528,왕십리(성동구청),성수,16,52
20250528,왕십리(성동구청),성수,17,40
20250528,왕십리(성동구청),성수,18,58
20250528,왕십리(성동구청),성수,19,21
20250528,왕십리(성동구청),성수,20,27
20250528,왕십리(성동구청),성수,21,13
20250528,왕십리(성동구청),성수,22,15
20250528,왕십리(성동구청),성수,23,4
20250528,왕십리(성동구청),시청,5,2
20250528,왕십리(성동구청),시청,6,9
20250528,왕십리(성동구청),시청,7,55
20250528,왕십리(성동구청),시청,8,86
20250528,왕십리(성동구청),시청,9,29
20250528,왕십리(성동구청),시청,10,8
20250528,왕십리(성동구청),시청,11,8
20250528,왕십리(성동구청),시청,12,15
20250528,왕십리(성동구청),시청,13,18
20250528,왕십리(성동구청),시청,14,9
20250528,왕십리(성동구청),시청,15,6
20250528,왕십리(성동구청),시청,16,6
20250528,왕십리(성동구청),시청,17,4
20250528,왕십리(성동구청),시청,18,11
20250528,왕십리(성동구청),시청,19,1
20250528,왕십리(성동구청),시청,20,1
20250528,왕십리(성동구청),시청,21,4
20250528,왕십리(성동구청),시청,22,2
20250528,왕십리(성동구청),신당,0,5
20250528,왕십리(성동구청),신당,6,2
20250528,왕십리(성동구청),신당,7,9
20250528,왕십리(성동구청),신당,8,14
20250528,왕십리(성동구청),신당,9,12
20250528,왕십리(성동구청),신당,10,12
20250528,왕십리(성동구청),신당,11,23
20250528,왕십리(성동구청),신당,12,24
20250528,왕십리(성동구청),신당,13,12
20250528,왕십리(성동구청),신당,14,14
20250528,왕십리(성동구청),신당,15,15
20250528,왕십리(성동구청),신당,16,23
20250528,왕십리(성동구청),신당,17,22
20250528,왕십리(성동구청),신당,18,31
20250528,왕십리(성동구청),신당,19,15
20250528,왕십리(성동구청),신당,20,15
20250528,왕십리(성동구청),신당,21,10
20250528,왕십리(성동구청),신당,22,10
20250528,왕십리(성동구청),신당,23,5
20250528,왕십리(성동구청),신대방,5,1
20250528,왕십리(성동구청),신대방,6,2
20250528,왕십리(성동구청),신대방,7,1
20250528,왕십리(성동구청),신대방,10,1
20250528,왕십리(성동구청),신대방,11,1
20250528,왕십리(성동구청),신대방,12,2
20250528,왕십리(성동구청),신대방,13,2
20250528,왕십리(성동구청),신대방,14,3
20250528,왕십리(성동구청),신대방,15,1
20250528,왕십리(성동구청),신대방,16,3
20250528,왕십리(성동구청),신대방,17,4
20250528,왕십리(성동구청),신대방,18,6
20250528,왕십리(성동구청),신대방,19,12
20250528,왕십리(성동구청),신대방,20,4
20250528,왕십리(성동구청),신대방,21,2
20250528,왕십리(성동구청),신대방,22,4
20250528,왕십리(성동구청),신대방,23,3
20250528,왕십리(성동구청),신도림,0,4
20250528,왕십리(성동구청),신도림,6,2
20250528,왕십리(성동구청),신도림,7,16
20250528,왕십리(성동구청),신도림,8,13
20250528,왕십리(성동구청),신도림,9,1
20250528,왕십리(성동구청),신도림,10,6
20250528,왕십리(성동구청),신도림,11,3
20250528,왕십리(성동구청),신도림,12,3
20250528,왕십리(성동구청),신도림,14,1
20250528,왕십리(성동구청),신도림,15,3
20250528,왕십리(성동구청),신도림,16,2
20250528,왕십리(성동구청),신도림,17,12
20250528,왕십리(성동구청),신도림,18,11
20250528,왕십리(성동구청),신도림,19,13
20250528,왕십리(성동구청),신도림,20,7
20250528,왕십리(성동구청),신도림,21,11
20250528,왕십리(성동구청),신도림,22,8
20250528,왕십리(성동구청),신도림,23,11
20250528,왕십리(성동구청),신림,6,3
20250528,왕십리(성동구청),신림,7,3
20250528,왕십리(성동구청),신림,8,1
20250528,왕십리(성동구청),신림,9,1
20250528,왕십리(성동구청),신림,10,1
20250528,왕십리(성동구청),신림,11,1
20250528,왕십리(성동구청),신림,12,1
20250528,왕십리(성동구청),신림,13,4
20250528,왕십리(성동구청),신림,14,2
20250528,왕십리(성동구청),신림,15,6
20250528,왕십리(성동구청),신림,16,2
20250528,왕십리(성동구청),신림,17,7
20250528,왕십리(성동구청),신림,18,7
20250528,왕십리(성동구청),신림,19,5
20250528,왕십리(성동구청),신림,20,10
20250528,왕십리(성동구청),신림,21,2
20250528,왕십리(성동구청),신림,22,8
20250528,왕십리(성동구청),신림,23,5
20250528,왕십리(성동구청),신촌,0,2
20250528,왕십리(성동구청),신촌,4,2
20250528,왕십리(성동구청),신촌,6,5
20250528,왕십리(성동구청),신촌,7,18
20250528,왕십리(성동구청),신촌,8,28
20250528,왕십리(성동구청),신촌,9,19
20250528,왕십리(성동구청),신촌,10,16
20250528,왕십리(성동구청),신촌,11,19
20250528,왕십리(성동구청),신촌,12,16
20250528,왕십리(성동구청),신촌,13,17
20250528,왕십리(성동구청),신촌,14,11
20250528,왕십리(성동구청),신촌,15,16
20250528,왕십리(성동구청),신촌,16,18
20250528,왕십리(성동구청),신촌,17,23
20250528,왕십리(성동구청),신촌,18,25
20250528,왕십리(성동구청),신촌,19,12
20250528,왕십리(성동구청),신촌,20,15
20250528,왕십리(성동구청),신촌,21,8
20250528,왕십리(성동구청),신촌,22,9
20250528,왕십리(성동구청),신촌,23,13
20250528,왕십리(성동구청),아현,0,4
20250528,왕십리(성동구청),아현,6,2
20250528,왕십리(성동구청),아현,7,2
20250528,왕십리(성동구청),아현,8,5
20250528,왕십리(성동구청),아현,9,3
20250528,왕십리(성동구청),아현,11,3
20250528,왕십리(성동구청),아현,12,4
20250528,왕십리(성동구청),아현,13,2
20250528,왕십리(성동구청),아현,14,5
20250528,왕십리(성동구청),아현,15,2
20250528,왕십리(성동구청),아현,16,4
20250528,왕십리(성동구청),아현,17,4
20250528,왕십리(성동구청),아현,18,3
20250528,왕십리(성동구청),아현,19,4
20250528,왕십리(성동구청),아현,20,6
20250528,왕십리(성동구청),아현,21,5
20250528,왕십리(성동구청),아현,22,4
20250528,왕십리(성동구청),아현,23,3
20250528,왕십리(성동구청),역삼,5,2
20250528,왕십리(성동구청),역삼,6,3
20250528,왕십리(성동구청),역삼,7,15
20250528,왕십리(성동구청),역삼,8,27
20250528,왕십리(성동구청),역삼,9,18
20250528,왕십리(성동구청),역삼,10,4
20250528,왕십리(성동구청),역삼,11,3
20250528,왕십리(성동구청),역삼,12,1
20250528,왕십리(성동구청),역삼,13,5
20250528,왕십리(성동구청),역삼,14,3
20250528,왕십리(성동구청),역삼,15,4
20250528,왕십리(성동구청),역삼,17,3
20250528,왕십리(성동구청),역삼,18,7
20250528,왕십리(성동구청),역삼,19,4
20250528,왕십리(성동구청),역삼,20,2
20250528,왕십리(성동구청),영등포구청,5,1
20250528,왕십리(성동구청),영등포구청,6,3
20250528,왕십리(성동구청),영등포구청,7,10
20250528,왕십리(성동구청),영등포구청,8,5
20250528,왕십리(성동구청),영등포구청,9,3
20250528,왕십리(성동구청),영등포구청,11,2
20250528,왕십리(성동구청),영등포구청,12,1
20250528,왕십리(성동구청),영등포구청,13,3
20250528,왕십리(성동구청),영등포구청,14,3
20250528,왕십리(성동구청),영등포구청,15,2
20250528,왕십리(성동구청),영등포구청,16,3
20250528,왕십리(성동구청),영등포구청,17,4
20250528,왕십리(성동구청),영등포구청,18,6
20250528,왕십리(성동구청),영등포구청,19,1
20250528,왕십리(성동구청),영등포구청,20,1
20250528,왕십리(성동구청),영등포구청,22,2
20250528,왕십리(성동구청),왕십리(성동구청),0,8
20250528,왕십리(성동구청),왕십리(성동구청),5,1
20250528,왕십리(성동구청),왕십리(성동구청),6,4
20250528,왕십리(성동구청),왕십리(성동구청),7,11
20250528,왕십리(성동구청),왕십리(성동구청),8,11
20250528,왕십리(성동구청),왕십리(성동구청),9,6
20250528,왕십리(성동구청),왕십리(성동구청),10,9
20250528,왕십리(성동구청),왕십리(성동구청),11,9
20250528,왕십리(성동구청),왕십리(성동구청),12,14
20250528,왕십리(성동구청),왕십리(성동구청),13,15
20250528,왕십리(성동구청),왕십리(성동구청),14,15
20250528,왕십리(성동구청),왕십리(성동구청),15,14
20250528,왕십리(성동구청),왕십리(성동구청),16,25
20250528,왕십리(성동구청),왕십리(성동구청),17,19
20250528,왕십리(성동구청),왕십리(성동구청),18,25
20250528,왕십리(성동구청),왕십리(성동구청),19,17
20250528,왕십리(성동구청),왕십리(성동구청),20,28
20250528,왕십리(성동구청),왕십리(성동구청),21,24
20250528,왕십리(성동구청),왕십리(성동구청),22,17
20250528,왕십리(성동구청),왕십리(성동구청),23,13
20250528,왕십리(성동구청),용두(동대문구청),12,1
20250528,왕십리(성동구청),용두(동대문구청),13,1
20250528,왕십리(성동구청),용두(동대문구청),14,1
20250528,왕십리(성동구청),용두(동대문구청),15,1
20250528,왕십리(성동구청),용두(동대문구청),16,2
20250528,왕십리(성동구청),용두(동대문구청),18,1
20250528,왕십리(성동구청),용두(동대문구청),19,3
20250528,왕십리(성동구청),을지로3가,0,1
20250528,왕십리(성동구청),을지로3가,5,4
20250528,왕십리(성동구청),을지로3가,6,13
20250528,왕십리(성동구청),을지로3가,7,58
20250528,왕십리(성동구청),을지로3가,8,94
20250528,왕십리(성동구청),을지로3가,9,28
20250528,왕십리(성동구청),을지로3가,10,17
20250528,왕십리(성동구청),을지로3가,11,16
20250528,왕십리(성동구청),을지로3가,12,12
20250528,왕십리(성동구청),을지로3가,13,11
20250528,왕십리(성동구청),을지로3가,14,10
20250528,왕십리(성동구청),을지로3가,15,5
20250528,왕십리(성동구청),을지로3가,16,17
20250528,왕십리(성동구청),을지로3가,17,13
20250528,왕십리(성동구청),을지로3가,18,10
20250528,왕십리(성동구청),을지로3가,19,2
20250528,왕십리(성동구청),을지로3가,20,3
20250528,왕십리(성동구청),을지로3가,21,5
20250528,왕십리(성동구청),을지로3가,22,7
20250528,왕십리(성동구청),을지로3가,23,5
20250528,왕십리(성동구청),을지로4가,6,4
20250528,왕십리(성동구청),을지로4가,7,13
20250528,왕십리(성동구청),을지로4가,8,47
20250528,왕십리(성동구청),을지로4가,9,16
20250528,왕십리(성동구청),을지로4가,10,5
20250528,왕십리(성동구청),을지로4가,11,13
20250528,왕십리(성동구청),을지로4가,12,7
20250528,왕십리(성동구청),을지로4가,13,8
20250528,왕십리(성동구청),을지로4가,14,7
20250528,왕십리(성동구청),을지로4가,15,7
20250528,왕십리(성동구청),을지로4가,16,5
20250528,왕십리(성동구청),을지로4가,17,5
20250528,왕십리(성동구청),을지로4가,18,11
20250528,왕십리(성동구청),을지로4가,19,5
20250528,왕십리(성동구청),을지로4가,20,1
20250528,왕십리(성동구청),을지로4가,21,2
20250528,왕십리(성동구청),을지로4가,22,2
20250528,왕십리(성동구청),을지로4가,23,1
20250528,왕십리(성동구청),을지로입구,0,1
20250528,왕십리(성동구청),을지로입구,5,3
20250528,왕십리(성동구청),을지로입구,6,20
20250528,왕십리(성동구청),을지로입구,7,82
20250528,왕십리(성동구청),을지로입구,8,180
20250528,왕십리(성동구청),을지로입구,9,72
20250528,왕십리(성동구청),을지로입구,10,31
20250528,왕십리(성동구청),을지로입구,11,28
20250528,왕십리(성동구청),을지로입구,12,19
20250528,왕십리(성동구청),을지로입구,13,19
20250528,왕십리(성동구청),을지로입구,14,13
20250528,왕십리(성동구청),을지로입구,15,21
20250528,왕십리(성동구청),을지로입구,16,25
20250528,왕십리(성동구청),을지로입구,17,22
20250528,왕십리(성동구청),을지로입구,18,20
20250528,왕십리(성동구청),을지로입구,19,6
20250528,왕십리(성동구청),을지로입구,20,7
20250528,왕십리(성동구청),을지로입구,21,9
20250528,왕십리(성동구청),을지로입구,22,8
20250528,왕십리(성동구청),을지로입구,23,2
20250528,왕십리(성동구청),이대,0,3
20250528,왕십리(성동구청),이대,7,7
20250528,왕십리(성동구청),이대,8,18
20250528,왕십리(성동구청),이대,9,13
20250528,왕십리(성동구청),이대,10,13
20250528,왕십리(성동구청),이대,11,12
20250528,왕십리(성동구청),이대,12,10
20250528,왕십리(성동구청),이대,13,11
20250528,왕십리(성동구청),이대,14,11
20250528,왕십리(성동구청),이대,15,3
20250528,왕십리(성동구청),이대,16,5
20250528,왕십리(성동구청),이대,17,8
20250528,왕십리(성동구청),이대,18,15
20250528,왕십리(성동구청),이대,19,9
20250528,왕십리(성동구청),이대,20,5
20250528,왕십리(성동구청),이대,21,9
20250528,왕십리(성동구청),이대,22,4
20250528,왕십리(성동구청),이대,23,8
20250528,왕십리(성동구청),잠실(송파구청),0,6
20250528,왕십리(성동구청),잠실(송파구청),5,6
20250528,왕십리(성동구청),잠실(송파구청),6,28
20250528,왕십리(성동구청),잠실(송파구청),7,51
20250528,왕십리(성동구청),잠실(송파구청),8,80
20250528,왕십리(성동구청),잠실(송파구청),9,48
20250528,왕십리(성동구청),잠실(송파구청),10,27
20250528,왕십리(성동구청),잠실(송파구청),11,22
20250528,왕십리(성동구청),잠실(송파구청),12,22
20250528,왕십리(성동구청),잠실(송파구청),13,23
20250528,왕십리(성동구청),잠실(송파구청),14,23
20250528,왕십리(성동구청),잠실(송파구청),15,29
20250528,왕십리(성동구청),잠실(송파구청),16,40
20250528,왕십리(성동구청),잠실(송파구청),17,33
20250528,왕십리(성동구청),잠실(송파구청),18,45
20250528,왕십리(성동구청),잠실(송파구청),19,31
20250528,왕십리(성동구청),잠실(송파구청),20,26
20250528,왕십리(성동구청),잠실(송파구청),21,26
20250528,왕십리(성동구청),잠실(송파구청),22,20
20250528,왕십리(성동구청),잠실(송파구청),23,17
20250528,왕십리(성동구청),잠실나루,0,2
20250528,왕십리(성동구청),잠실나루,5,12
20250528,왕십리(성동구청),잠실나루,6,8
20250528,왕십리(성동구청),잠실나루,7,16
20250528,왕십리(성동구청),잠실나루,8,23
20250528,왕십리(성동구청),잠실나루,9,4
20250528,왕십리(성동구청),잠실나루,10,2
20250528,왕십리(성동구청),잠실나루,11,4
20250528,왕십리(성동구청),잠실나루,12,11
20250528,왕십리(성동구청),잠실나루,13,4
20250528,왕십리(성동구청),잠실나루,14,7
20250528,왕십리(성동구청),잠실나루,15,13
20250528,왕십리(성동구청),잠실나루,16,14
20250528,왕십리(성동구청),잠실나루,17,6
20250528,왕십리(성동구청),잠실나루,18,18
20250528,왕십리(성동구청),잠실나루,19,11
20250528,왕십리(성동구청),잠실나루,20,9
20250528,왕십리(성동구청),잠실나루,21,8
20250528,왕십리(성동구청),잠실나루,22,8
20250528,왕십리(성동구청),잠실나루,23,6
20250528,왕십리(성동구청),잠실새내,0,4
20250528,왕십리(성동구청),잠실새내,5,3
20250528,왕십리(성동구청),잠실새내,6,3
20250528,왕십리(성동구청),잠실새내,7,8
20250528,왕십리(성동구청),잠실새내,8,8
20250528,왕십리(성동구청),잠실새내,9,6
20250528,왕십리(성동구청),잠실새내,10,2
20250528,왕십리(성동구청),잠실새내,11,4
20250528,왕십리(성동구청),잠실새내,12,4
20250528,왕십리(성동구청),잠실새내,13,5
20250528,왕십리(성동구청),잠실새내,14,8
20250528,왕십리(성동구청),잠실새내,15,14
20250528,왕십리(성동구청),잠실새내,16,12
20250528,왕십리(성동구청),잠실새내,17,16
20250528,왕십리(성동구청),잠실새내,18,21
20250528,왕십리(성동구청),잠실새내,19,11
20250528,왕십리(성동구청),잠실새내,20,11
20250528,왕십리(성동구청),잠실새내,21,8
20250528,왕십리(성동구청),잠실새내,22,11
20250528,왕십리(성동구청),잠실새내,23,5
20250528,왕십리(성동구청),종합운동장,5,2
20250528,왕십리(성동구청),종합운동장,7,7
20250528,왕십리(성동구청),종합운동장,8,6
20250528,왕십리(성동구청),종합운동장,9,3
20250528,왕십리(성동구청),종합운동장,10,1
20250528,왕십리(성동구청),종합운동장,11,1
20250528,왕십리(성동구청),종합운동장,13,2
20250528,왕십리(성동구청),종합운동장,14,3
20250528,왕십리(성동구청),종합운동장,16,10
20250528,왕십리(성동구청),종합운동장,17,35
20250528,왕십리(성동구청),종합운동장,18,12
20250528,왕십리(성동구청),종합운동장,19,1
20250528,왕십리(성동구청),종합운동장,20,3
20250528,왕십리(성동구청),종합운동장,21,1
20250528,왕십리(성동구청),종합운동장,22,3
20250528,왕십리(성동구청),충정로(경기대입구),0,1
20250528,왕십리(성동구청),충정로(경기대입구),5,1
20250528,왕십리(성동구청),충정로(경기대입구),7,14
20250528,왕십리(성동구청),충정로(경기대입구),8,13
20250528,왕십리(성동구청),충정로(경기대입구),9,6
20250528,왕십리(성동구청),충정로(경기대입구),10,1
20250528,왕십리(성동구청),충정로(경기대입구),11,2
20250528,왕십리(성동구청),충정로(경기대입구),12,2
20250528,왕십리(성동구청),충정로(경기대입구),13,2
20250528,왕십리(성동구청),충정로(경기대입구),15,2
20250528,왕십리(성동구청),충정로(경기대입구),16,4
20250528,왕십리(성동구청),충정로(경기대입구),17,2
20250528,왕십리(성동구청),충정로(경기대입구),18,2
20250528,왕십리(성동구청),충정로(경기대입구),19,1
20250528,왕십리(성동구청),충정로(경기대입구),20,5
20250528,왕십리(성동구청),충정로(경기대입구),21,7
20250528,왕십리(성동구청),충정로(경기대입구),22,4
20250528,왕십리(성동구청),한양대,0,1
20250528,왕십리(성동구청),한양대,5,1
20250528,왕십리(성동구청),한양대,6,3
20250528,왕십리(성동구청),한양대,7,4
20250528,왕십리(성동구청),한양대,8,73
20250528,왕십리(성동구청),한양대,9,40
20250528,왕십리(성동구청),한양대,10,74
20250528,왕십리(성동구청),한양대,11,11
20250528,왕십리(성동구청),한양대,12,57
20250528,왕십리(성동구청),한양대,13,24
20250528,왕십리(성동구청),한양대,14,30
20250528,왕십리(성동구청),한양대,15,19
20250528,왕십리(성동구청),한양대,16,15
20250528,왕십리(성동구청),한양대,17,15
20250528,왕십리(성동구청),한양대,18,22
20250528,왕십리(성동구청),한양대,19,10
20250528,왕십리(성동구청),한양대,20,5
20250528,왕십리(성동구청),한양대,21,1
20250528,왕십리(성동구청),한양대,22,2
20250528,왕십리(성동구청),한양대,23,1
20250528,왕십리(성동구청),합정,5,1
20250528,왕십리(성동구청),합정,6,3
20250528,왕십리(성동구청),합정,7,13
20250528,왕십리(성동구청),합정,8,24
20250528,왕십리(성동구청),합정,9,10
20250528,왕십리(성동구청),합정,10,4
20250528,왕십리(성동구청),합정,11,8
20250528,왕십리(성동구청),합정,12,3
20250528,왕십리(성동구청),합정,13,6
20250528,왕십리(성동구청),합정,14,6
20250528,왕십리(성동구청),합정,15,7
20250528,왕십리(성동구청),합정,16,12
20250528,왕십리(성동구청),합정,17,10
20250528,왕십리(성동구청),합정,18,16
20250528,왕십리(성동구청),합정,19,4
20250528,왕십리(성동구청),합정,20,9
20250528,왕십리(성동구청),합정,21,11
20250528,왕십리(성동구청),합정,22,3
20250528,왕십리(성동구청),합정,23,5
20250528,왕십리(성동구청),홍대입구,0,6
20250528,왕십리(성동구청),홍대입구,6,5
20250528,왕십리(성동구청),홍대입구,7,7
20250528,왕십리(성동구청),홍대입구,8,24
20250528,왕십리(성동구청),홍대입구,9,37
20250528,왕십리(성동구청),홍대입구,10,25
20250528,왕십리(성동구청),홍대입구,11,21
20250528,왕십리(성동구청),홍대입구,12,21
20250528,왕십리(성동구청),홍대입구,13,21
20250528,왕십리(성동구청),홍대입구,14,12
20250528,왕십리(성동구청),홍대입구,15,26
20250528,왕십리(성동구청),홍대입구,16,14
20250528,왕십리(성동구청),홍대입구,17,29
20250528,왕십리(성동구청),홍대입구,18,40
20250528,왕십리(성동구청),홍대입구,19,29
20250528,왕십리(성동구청),홍대입구,20,15
20250528,왕십리(성동구청),홍대입구,21,21
20250528,왕십리(성동구청),홍대입구,22,12
20250528,왕십리(성동구청),홍대입구,23,15
20250528,용두(동대문구청),강남,5,1
20250528,용두(동대문구청),강남,6,4
20250528,용두(동대문구청),강남,7,17
20250528,용두(동대문구청),강남,8,17
20250528,용두(동대문구청),강남,9,9
20250528,용두(동대문구청),강남,10,3
20250528,용두(동대문구청),강남,11,2
20250528,용두(동대문구청),강남,12,1
20250528,용두(동대문구청),강남,13,2
20250528,용두(동대문구청),강남,14,1
20250528,용두(동대문구청),강남,15,1
20250528,용두(동대문구청),강남,16,2
20250528,용두(동대문구청),강남,17,1
20250528,용두(동대문구청),강남,18,7
20250528,용두(동대문구청),강남,21,1
20250528,용두(동대문구청),강변(동서울터미널),5,4
20250528,용두(동대문구청),강변(동서울터미널),6,1
20250528,용두(동대문구청),강변(동서울터미널),7,5
20250528,용두(동대문구청),강변(동서울터미널),8,5
20250528,용두(동대문구청),강변(동서울터미널),9,2
20250528,용두(동대문구청),강변(동서울터미널),10,2
20250528,용두(동대문구청),강변(동서울터미널),11,5
20250528,용두(동대문구청),강변(동서울터미널),12,2
20250528,용두(동대문구청),강변(동서울터미널),13,2
20250528,용두(동대문구청),강변(동서울터미널),14,1
20250528,용두(동대문구청),강변(동서울터미널),15,2
20250528,용두(동대문구청),강변(동서울터미널),16,2
20250528,용두(동대문구청),강변(동서울터미널),17,8
20250528,용두(동대문구청),강변(동서울터미널),18,4
20250528,용두(동대문구청),강변(동서울터미널),19,3
20250528,용두(동대문구청),강변(동서울터미널),20,2
20250528,용두(동대문구청),강변(동서울터미널),21,2
20250528,용두(동대문구청),건대입구,5,1
20250528,용두(동대문구청),건대입구,6,1
20250528,용두(동대문구청),건대입구,7,7
20250528,용두(동대문구청),건대입구,8,8
20250528,용두(동대문구청),건대입구,9,5
20250528,용두(동대문구청),건대입구,10,8
20250528,용두(동대문구청),건대입구,11,3
20250528,용두(동대문구청),건대입구,12,5
20250528,용두(동대문구청),건대입구,13,8
20250528,용두(동대문구청),건대입구,14,2
20250528,용두(동대문구청),건대입구,15,13
20250528,용두(동대문구청),건대입구,16,5
20250528,용두(동대문구청),건대입구,17,8
20250528,용두(동대문구청),건대입구,18,10
20250528,용두(동대문구청),건대입구,19,2
20250528,용두(동대문구청),건대입구,20,3
20250528,용두(동대문구청),건대입구,21,3
20250528,용두(동대문구청),건대입구,22,1
20250528,용두(동대문구청),건대입구,23,1
20250528,용두(동대문구청),교대(법원.검찰청),5,1
20250528,용두(동대문구청),교대(법원.검찰청),6,2
20250528,용두(동대문구청),교대(법원.검찰청),7,3
20250528,용두(동대문구청),교대(법원.검찰청),8,4
20250528,용두(동대문구청),교대(법원.검찰청),9,4
20250528,용두(동대문구청),교대(법원.검찰청),10,1
20250528,용두(동대문구청),교대(법원.검찰청),11,1
20250528,용두(동대문구청),교대(법원.검찰청),12,1
20250528,용두(동대문구청),교대(법원.검찰청),13,2
20250528,용두(동대문구청),교대(법원.검찰청),14,1
20250528,용두(동대문구청),교대(법원.검찰청),16,2
20250528,용두(동대문구청),교대(법원.검찰청),18,2
20250528,용두(동대문구청),구로디지털단지,7,1
20250528,용두(동대문구청),구로디지털단지,11,1
20250528,용두(동대문구청),구로디지털단지,13,1
20250528,용두(동대문구청),구로디지털단지,14,1
20250528,용두(동대문구청),구로디지털단지,15,1
20250528,용두(동대문구청),구로디지털단지,16,1
20250528,용두(동대문구청),구로디지털단지,17,2
20250528,용두(동대문구청),구의(광진구청),5,1
20250528,용두(동대문구청),구의(광진구청),6,3
20250528,용두(동대문구청),구의(광진구청),7,8
20250528,용두(동대문구청),구의(광진구청),8,4
20250528,용두(동대문구청),구의(광진구청),9,9
20250528,용두(동대문구청),구의(광진구청),11,6
20250528,용두(동대문구청),구의(광진구청),12,4
20250528,용두(동대문구청),구의(광진구청),13,7
20250528,용두(동대문구청),구의(광진구청),14,5
20250528,용두(동대문구청),구의(광진구청),15,2
20250528,용두(동대문구청),구의(광진구청),16,8
20250528,용두(동대문구청),구의(광진구청),17,3
20250528,용두(동대문구청),구의(광진구청),18,12
20250528,용두(동대문구청),구의(광진구청),19,7
20250528,용두(동대문구청),구의(광진구청),20,2
20250528,용두(동대문구청),구의(광진구청),22,1
20250528,용두(동대문구청),낙성대,6,2
20250528,용두(동대문구청),낙성대,7,1
20250528,용두(동대문구청),낙성대,8,1
20250528,용두(동대문구청),낙성대,10,1
20250528,용두(동대문구청),낙성대,12,1
20250528,용두(동대문구청),낙성대,13,1
20250528,용두(동대문구청),낙성대,14,1
20250528,용두(동대문구청),낙성대,16,2
20250528,용두(동대문구청),당산,15,1
20250528,용두(동대문구청),대림(구로구청),10,2
20250528,용두(동대문구청),대림(구로구청),12,1
20250528,용두(동대문구청),대림(구로구청),16,1
20250528,용두(동대문구청),대림(구로구청),18,1
20250528,용두(동대문구청),동대문역사문화공원,7,1
20250528,용두(동대문구청),동대문역사문화공원,18,3
20250528,용두(동대문구청),뚝섬,5,4
20250528,용두(동대문구청),뚝섬,6,3
20250528,용두(동대문구청),뚝섬,7,10
20250528,용두(동대문구청),뚝섬,8,27
20250528,용두(동대문구청),뚝섬,9,13
20250528,용두(동대문구청),뚝섬,10,4
20250528,용두(동대문구청),뚝섬,11,3
20250528,용두(동대문구청),뚝섬,12,7
20250528,용두(동대문구청),뚝섬,13,4
20250528,용두(동대문구청),뚝섬,14,7
20250528,용두(동대문구청),뚝섬,15,3
20250528,용두(동대문구청),뚝섬,16,7
20250528,용두(동대문구청),뚝섬,17,4
20250528,용두(동대문구청),뚝섬,18,10
20250528,용두(동대문구청),뚝섬,19,1
20250528,용두(동대문구청),뚝섬,20,2
20250528,용두(동대문구청),뚝섬,23,1
20250528,용두(동대문구청),문래,7,2
20250528,용두(동대문구청),문래,10,1
20250528,용두(동대문구청),문래,17,1
20250528,용두(동대문구청),방배,6,1
20250528,용두(동대문구청),방배,7,1
20250528,용두(동대문구청),방배,9,1
20250528,용두(동대문구청),방배,15,1
20250528,용두(동대문구청),방배,18,1
20250528,용두(동대문구청),봉천,7,1
20250528,용두(동대문구청),봉천,14,1
20250528,용두(동대문구청),봉천,16,2
20250528,용두(동대문구청),봉천,17,1
20250528,용두(동대문구청),봉천,19,1
20250528,용두(동대문구청),사당,7,1
20250528,용두(동대문구청),사당,9,2
20250528,용두(동대문구청),사당,12,1
20250528,용두(동대문구청),사당,13,1
20250528,용두(동대문구청),사당,15,1
20250528,용두(동대문구청),사당,16,4
20250528,용두(동대문구청),사당,18,1
20250528,용두(동대문구청),사당,20,2
20250528,용두(동대문구청),사당,23,1
20250528,용두(동대문구청),삼성(무역센터),5,1
20250528,용두(동대문구청),삼성(무역센터),6,6
20250528,용두(동대문구청),삼성(무역센터),7,23
20250528,용두(동대문구청),삼성(무역센터),8,37
20250528,용두(동대문구청),삼성(무역센터),9,19
20250528,용두(동대문구청),삼성(무역센터),10,7
20250528,용두(동대문구청),삼성(무역센터),11,6
20250528,용두(동대문구청),삼성(무역센터),12,3
20250528,용두(동대문구청),삼성(무역센터),13,4
20250528,용두(동대문구청),삼성(무역센터),14,4
20250528,용두(동대문구청),삼성(무역센터),15,1
20250528,용두(동대문구청),삼성(무역센터),16,3
20250528,용두(동대문구청),삼성(무역센터),18,1
20250528,용두(동대문구청),상왕십리,7,1
20250528,용두(동대문구청),상왕십리,9,1
20250528,용두(동대문구청),상왕십리,13,2
20250528,용두(동대문구청),상왕십리,14,1
20250528,용두(동대문구청),서울대입구(관악구청),4,1
20250528,용두(동대문구청),서울대입구(관악구청),6,2
20250528,용두(동대문구청),서울대입구(관악구청),7,3
20250528,용두(동대문구청),서울대입구(관악구청),8,1
20250528,용두(동대문구청),서울대입구(관악구청),10,1
20250528,용두(동대문구청),서울대입구(관악구청),11,3
20250528,용두(동대문구청),서울대입구(관악구청),12,1
20250528,용두(동대문구청),서울대입구(관악구청),16,2
20250528,용두(동대문구청),서울대입구(관악구청),18,2
20250528,용두(동대문구청),서초,6,2
20250528,용두(동대문구청),서초,7,3
20250528,용두(동대문구청),서초,8,2
20250528,용두(동대문구청),서초,9,3
20250528,용두(동대문구청),서초,10,1
20250528,용두(동대문구청),서초,11,2
20250528,용두(동대문구청),서초,16,1
20250528,용두(동대문구청),서초,17,2
20250528,용두(동대문구청),선릉,6,4
20250528,용두(동대문구청),선릉,7,17
20250528,용두(동대문구청),선릉,8,11
20250528,용두(동대문구청),선릉,9,2
20250528,용두(동대문구청),선릉,10,4
20250528,용두(동대문구청),선릉,11,1
20250528,용두(동대문구청),선릉,13,2
20250528,용두(동대문구청),선릉,14,2
20250528,용두(동대문구청),선릉,15,2
20250528,용두(동대문구청),선릉,16,1
20250528,용두(동대문구청),선릉,17,1
20250528,용두(동대문구청),선릉,18,1
20250528,용두(동대문구청),선릉,19,2
20250528,용두(동대문구청),성수,0,1
20250528,용두(동대문구청),성수,4,1
20250528,용두(동대문구청),성수,5,17
20250528,용두(동대문구청),성수,6,18
20250528,용두(동대문구청),성수,7,39
20250528,용두(동대문구청),성수,8,136
20250528,용두(동대문구청),성수,9,61
20250528,용두(동대문구청),성수,10,33
20250528,용두(동대문구청),성수,11,27
20250528,용두(동대문구청),성수,12,22
20250528,용두(동대문구청),성수,13,22
20250528,용두(동대문구청),성수,14,22
20250528,용두(동대문구청),성수,15,20
20250528,용두(동대문구청),성수,16,29
20250528,용두(동대문구청),성수,17,29
20250528,용두(동대문구청),성수,18,25
20250528,용두(동대문구청),성수,19,8
20250528,용두(동대문구청),성수,20,13
20250528,용두(동대문구청),성수,21,2
20250528,용두(동대문구청),성수,22,5
20250528,용두(동대문구청),성수,23,1
20250528,용두(동대문구청),시청,8,1
20250528,용두(동대문구청),신당,12,1
20250528,용두(동대문구청),신당,14,1
20250528,용두(동대문구청),신당,16,1
20250528,용두(동대문구청),신당,18,3
20250528,용두(동대문구청),신대방,6,1
20250528,용두(동대문구청),신대방,16,2
20250528,용두(동대문구청),신대방,19,1
20250528,용두(동대문구청),신대방,20,1
20250528,용두(동대문구청),신대방,23,1
20250528,용두(동대문구청),신도림,8,1
20250528,용두(동대문구청),신도림,12,1
20250528,용두(동대문구청),신도림,15,1
20250528,용두(동대문구청),신도림,16,1
20250528,용두(동대문구청),신도림,17,1
20250528,용두(동대문구청),신도림,18,1
20250528,용두(동대문구청),신도림,21,1
20250528,용두(동대문구청),신림,7,1
20250528,용두(동대문구청),신림,11,1
20250528,용두(동대문구청),신림,14,1
20250528,용두(동대문구청),신림,15,2
20250528,용두(동대문구청),신림,16,2
20250528,용두(동대문구청),신림,17,2
20250528,용두(동대문구청),신림,18,1
20250528,용두(동대문구청),신림,21,1
20250528,용두(동대문구청),신림,22,1
20250528,용두(동대문구청),신촌,7,3
20250528,용두(동대문구청),신촌,8,1
20250528,용두(동대문구청),신촌,10,1
20250528,용두(동대문구청),신촌,15,1
20250528,용두(동대문구청),아현,16,2
20250528,용두(동대문구청),역삼,6,1
20250528,용두(동대문구청),역삼,7,15
20250528,용두(동대문구청),역삼,8,13
20250528,용두(동대문구청),역삼,9,4
20250528,용두(동대문구청),역삼,10,7
20250528,용두(동대문구청),역삼,12,2
20250528,용두(동대문구청),역삼,13,1
20250528,용두(동대문구청),역삼,15,3
20250528,용두(동대문구청),역삼,18,2
20250528,용두(동대문구청),영등포구청,8,1
20250528,용두(동대문구청),영등포구청,12,1
20250528,용두(동대문구청),왕십리(성동구청),9,1
20250528,용두(동대문구청),왕십리(성동구청),10,2
20250528,용두(동대문구청),왕십리(성동구청),11,2
20250528,용두(동대문구청),왕십리(성동구청),15,2
20250528,용두(동대문구청),왕십리(성동구청),18,1
20250528,용두(동대문구청),왕십리(성동구청),19,4
20250528,용두(동대문구청),용두(동대문구청),0,2
20250528,용두(동대문구청),용두(동대문구청),8,2
20250528,용두(동대문구청),용두(동대문구청),9,2
20250528,용두(동대문구청),용두(동대문구청),10,3
20250528,용두(동대문구청),용두(동대문구청),11,1
20250528,용두(동대문구청),용두(동대문구청),12,2
20250528,용두(동대문구청),용두(동대문구청),13,4
20250528,용두(동대문구청),용두(동대문구청),14,2
20250528,용두(동대문구청),용두(동대문구청),15,6
20250528,용두(동대문구청),용두(동대문구청),16,1
20250528,용두(동대문구청),용두(동대문구청),17,3
20250528,용두(동대문구청),용두(동대문구청),18,3
20250528,용두(동대문구청),용두(동대문구청),19,1
20250528,용두(동대문구청),용두(동대문구청),21,1
20250528,용두(동대문구청),용두(동대문구청),22,4
20250528,용두(동대문구청),용두(동대문구청),23,1
20250528,용두(동대문구청),을지로3가,7,4
20250528,용두(동대문구청),을지로3가,11,2
20250528,용두(동대문구청),을지로4가,19,3
20250528,용두(동대문구청),을지로4가,20,1
20250528,용두(동대문구청),을지로입구,7,1
20250528,용두(동대문구청),을지로입구,8,2
20250528,용두(동대문구청),을지로입구,9,1
20250528,용두(동대문구청),을지로입구,12,4
20250528,용두(동대문구청),을지로입구,14,1
20250528,용두(동대문구청),이대,12,1
20250528,용두(동대문구청),잠실(송파구청),0,1
20250528,용두(동대문구청),잠실(송파구청),5,3
20250528,용두(동대문구청),잠실(송파구청),6,6
20250528,용두(동대문구청),잠실(송파구청),7,13
20250528,용두(동대문구청),잠실(송파구청),8,21
20250528,용두(동대문구청),잠실(송파구청),9,6
20250528,용두(동대문구청),잠실(송파구청),10,10
20250528,용두(동대문구청),잠실(송파구청),11,11
20250528,용두(동대문구청),잠실(송파구청),12,11
20250528,용두(동대문구청),잠실(송파구청),13,4
20250528,용두(동대문구청),잠실(송파구청),14,6
20250528,용두(동대문구청),잠실(송파구청),15,3
20250528,용두(동대문구청),잠실(송파구청),16,5
20250528,용두(동대문구청),잠실(송파구청),17,6
20250528,용두(동대문구청),잠실(송파구청),18,13
20250528,용두(동대문구청),잠실(송파구청),19,2
20250528,용두(동대문구청),잠실(송파구청),20,2
20250528,용두(동대문구청),잠실(송파구청),21,3
20250528,용두(동대문구청),잠실(송파구청),22,1
20250528,용두(동대문구청),잠실나루,4,1
20250528,용두(동대문구청),잠실나루,5,1
20250528,용두(동대문구청),잠실나루,6,4
20250528,용두(동대문구청),잠실나루,7,8
20250528,용두(동대문구청),잠실나루,8,3
20250528,용두(동대문구청),잠실나루,9,3
20250528,용두(동대문구청),잠실나루,10,7
20250528,용두(동대문구청),잠실나루,11,2
20250528,용두(동대문구청),잠실나루,12,3
20250528,용두(동대문구청),잠실나루,14,1
20250528,용두(동대문구청),잠실나루,15,7
20250528,용두(동대문구청),잠실나루,16,4
20250528,용두(동대문구청),잠실나루,17,5
20250528,용두(동대문구청),잠실나루,18,7
20250528,용두(동대문구청),잠실나루,19,1
20250528,용두(동대문구청),잠실나루,20,1
20250528,용두(동대문구청),잠실나루,21,2
20250528,용두(동대문구청),잠실나루,23,1
20250528,용두(동대문구청),잠실새내,6,1
20250528,용두(동대문구청),잠실새내,7,3
20250528,용두(동대문구청),잠실새내,8,4
20250528,용두(동대문구청),잠실새내,9,2
20250528,용두(동대문구청),잠실새내,10,2
20250528,용두(동대문구청),잠실새내,11,3
20250528,용두(동대문구청),잠실새내,12,6
20250528,용두(동대문구청),잠실새내,13,5
20250528,용두(동대문구청),잠실새내,14,3
20250528,용두(동대문구청),잠실새내,16,2
20250528,용두(동대문구청),잠실새내,17,8
20250528,용두(동대문구청),잠실새내,18,8
20250528,용두(동대문구청),잠실새내,19,2
20250528,용두(동대문구청),잠실새내,21,2
20250528,용두(동대문구청),잠실새내,23,1
20250528,용두(동대문구청),종합운동장,7,3
20250528,용두(동대문구청),종합운동장,8,3
20250528,용두(동대문구청),종합운동장,10,3
20250528,용두(동대문구청),종합운동장,11,2
20250528,용두(동대문구청),종합운동장,12,2
20250528,용두(동대문구청),종합운동장,15,1
20250528,용두(동대문구청),종합운동장,16,2
20250528,용두(동대문구청),종합운동장,17,17
20250528,용두(동대문구청),종합운동장,18,8
20250528,용두(동대문구청),종합운동장,22,1
20250528,용두(동대문구청),충정로(경기대입구),8,2
20250528,용두(동대문구청),충정로(경기대입구),9,1
20250528,용두(동대문구청),한양대,8,8
20250528,용두(동대문구청),한양대,9,4
20250528,용두(동대문구청),한양대,10,6
20250528,용두(동대문구청),한양대,11,2
20250528,용두(동대문구청),한양대,12,1
20250528,용두(동대문구청),한양대,14,1
20250528,용두(동대문구청),한양대,16,2
20250528,용두(동대문구청),합정,9,1
20250528,용두(동대문구청),합정,14,1
20250528,용두(동대문구청),합정,15,2
20250528,용두(동대문구청),합정,16,1
20250528,용두(동대문구청),홍대입구,6,1
20250528,용두(동대문구청),홍대입구,9,2
20250528,용두(동대문구청),홍대입구,11,1
20250528,용두(동대문구청),홍대입구,14,1
20250528,용두(동대문구청),홍대입구,15,2
20250528,용두(동대문구청),홍대입구,16,1
20250528,용두(동대문구청),홍대입구,17,1
20250528,용두(동대문구청),홍대입구,18,1
20250528,용두(동대문구청),홍대입구,19,1
20250528,용두(동대문구청),홍대입구,20,1
20250528,용두(동대문구청),홍대입구,21,1
20250528,을지로3가,강남,7,1
20250528,을지로3가,강남,10,2
20250528,을지로3가,강남,12,4
20250528,을지로3가,강남,13,1
20250528,을지로3가,강남,14,2
20250528,을지로3가,강남,15,6
20250528,을지로3가,강남,16,4
20250528,을지로3가,강남,17,6
20250528,을지로3가,강남,18,8
20250528,을지로3가,강남,19,1
20250528,을지로3가,강남,20,2
20250528,을지로3가,강남,22,5
20250528,을지로3가,강남,23,5
20250528,을지로3가,강변(동서울터미널),0,4
20250528,을지로3가,강변(동서울터미널),8,2
20250528,을지로3가,강변(동서울터미널),9,6
20250528,을지로3가,강변(동서울터미널),10,4
20250528,을지로3가,강변(동서울터미널),11,4
20250528,을지로3가,강변(동서울터미널),12,8
20250528,을지로3가,강변(동서울터미널),13,9
20250528,을지로3가,강변(동서울터미널),14,16
20250528,을지로3가,강변(동서울터미널),15,11
20250528,을지로3가,강변(동서울터미널),16,22
20250528,을지로3가,강변(동서울터미널),17,40
20250528,을지로3가,강변(동서울터미널),18,56
20250528,을지로3가,강변(동서울터미널),19,31
20250528,을지로3가,강변(동서울터미널),20,17
20250528,을지로3가,강변(동서울터미널),21,22
20250528,을지로3가,강변(동서울터미널),22,14
20250528,을지로3가,강변(동서울터미널),23,8
20250528,을지로3가,건대입구,6,3
20250528,을지로3가,건대입구,7,3
20250528,을지로3가,건대입구,8,5
20250528,을지로3가,건대입구,9,7
20250528,을지로3가,건대입구,10,3
20250528,을지로3가,건대입구,11,25
20250528,을지로3가,건대입구,12,15
20250528,을지로3가,건대입구,13,20
20250528,을지로3가,건대입구,14,19
20250528,을지로3가,건대입구,15,20
20250528,을지로3가,건대입구,16,19
20250528,을지로3가,건대입구,17,63
20250528,을지로3가,건대입구,18,105
20250528,을지로3가,건대입구,19,35
20250528,을지로3가,건대입구,20,28
20250528,을지로3가,건대입구,21,61
20250528,을지로3가,건대입구,22,39
20250528,을지로3가,건대입구,23,16
20250528,을지로3가,교대(법원.검찰청),5,1
20250528,을지로3가,교대(법원.검찰청),9,3
20250528,을지로3가,교대(법원.검찰청),11,3
20250528,을지로3가,교대(법원.검찰청),13,1
20250528,을지로3가,교대(법원.검찰청),14,1
20250528,을지로3가,교대(법원.검찰청),16,4
20250528,을지로3가,교대(법원.검찰청),17,4
20250528,을지로3가,교대(법원.검찰청),18,5
20250528,을지로3가,교대(법원.검찰청),19,2
20250528,을지로3가,교대(법원.검찰청),20,2
20250528,을지로3가,교대(법원.검찰청),21,1
20250528,을지로3가,교대(법원.검찰청),22,1
20250528,을지로3가,교대(법원.검찰청),23,2
20250528,을지로3가,구로디지털단지,6,1
20250528,을지로3가,구로디지털단지,7,5
20250528,을지로3가,구로디지털단지,8,5
20250528,을지로3가,구로디지털단지,9,4
20250528,을지로3가,구로디지털단지,10,1
20250528,을지로3가,구로디지털단지,11,4
20250528,을지로3가,구로디지털단지,12,4
20250528,을지로3가,구로디지털단지,13,8
20250528,을지로3가,구로디지털단지,14,27
20250528,을지로3가,구로디지털단지,15,18
20250528,을지로3가,구로디지털단지,16,36
20250528,을지로3가,구로디지털단지,17,58
20250528,을지로3가,구로디지털단지,18,102
20250528,을지로3가,구로디지털단지,19,45
20250528,을지로3가,구로디지털단지,20,33
20250528,을지로3가,구로디지털단지,21,31
20250528,을지로3가,구로디지털단지,22,18
20250528,을지로3가,구로디지털단지,23,14
20250528,을지로3가,구의(광진구청),0,3
20250528,을지로3가,구의(광진구청),8,4
20250528,을지로3가,구의(광진구청),9,3
20250528,을지로3가,구의(광진구청),10,6
20250528,을지로3가,구의(광진구청),11,7
20250528,을지로3가,구의(광진구청),12,6
20250528,을지로3가,구의(광진구청),13,5
20250528,을지로3가,구의(광진구청),14,20
20250528,을지로3가,구의(광진구청),15,15
20250528,을지로3가,구의(광진구청),16,16
20250528,을지로3가,구의(광진구청),17,49
20250528,을지로3가,구의(광진구청),18,77
20250528,을지로3가,구의(광진구청),19,35
20250528,을지로3가,구의(광진구청),20,31
20250528,을지로3가,구의(광진구청),21,41
20250528,을지로3가,구의(광진구청),22,19
20250528,을지로3가,구의(광진구청),23,23
20250528,을지로3가,낙성대,0,1
20250528,을지로3가,낙성대,14,1
20250528,을지로3가,낙성대,16,4
20250528,을지로3가,낙성대,17,5
20250528,을지로3가,낙성대,18,14
20250528,을지로3가,낙성대,19,4
20250528,을지로3가,낙성대,21,4
20250528,을지로3가,낙성대,22,2
20250528,을지로3가,낙성대,23,2
20250528,을지로3가,당산,0,3
20250528,을지로3가,당산,6,2
20250528,을지로3가,당산,7,1
20250528,을지로3가,당산,8,4
20250528,을지로3가,당산,9,1
20250528,을지로3가,당산,10,6
20250528,을지로3가,당산,11,4
20250528,을지로3가,당산,12,6
20250528,을지로3가,당산,13,19
20250528,을지로3가,당산,14,10
20250528,을지로3가,당산,15,20
20250528,을지로3가,당산,16,40
20250528,을지로3가,당산,17,80
20250528,을지로3가,당산,18,134
20250528,을지로3가,당산,19,46
20250528,을지로3가,당산,20,39
20250528,을지로3가,당산,21,33
20250528,을지로3가,당산,22,45
20250528,을지로3가,당산,23,17
20250528,을지로3가,대림(구로구청),0,1
20250528,을지로3가,대림(구로구청),8,1
20250528,을지로3가,대림(구로구청),9,3
20250528,을지로3가,대림(구로구청),11,4
20250528,을지로3가,대림(구로구청),12,4
20250528,을지로3가,대림(구로구청),13,5
20250528,을지로3가,대림(구로구청),14,17
20250528,을지로3가,대림(구로구청),15,5
20250528,을지로3가,대림(구로구청),16,24
20250528,을지로3가,대림(구로구청),17,16
20250528,을지로3가,대림(구로구청),18,41
20250528,을지로3가,대림(구로구청),19,12
20250528,을지로3가,대림(구로구청),20,11
20250528,을지로3가,대림(구로구청),21,23
20250528,을지로3가,대림(구로구청),22,13
20250528,을지로3가,대림(구로구청),23,11
20250528,을지로3가,동대문역사문화공원,0,3
20250528,을지로3가,동대문역사문화공원,6,1
20250528,을지로3가,동대문역사문화공원,7,3
20250528,을지로3가,동대문역사문화공원,8,19
20250528,을지로3가,동대문역사문화공원,9,8
20250528,을지로3가,동대문역사문화공원,10,12
20250528,을지로3가,동대문역사문화공원,11,17
20250528,을지로3가,동대문역사문화공원,12,28
20250528,을지로3가,동대문역사문화공원,13,43
20250528,을지로3가,동대문역사문화공원,14,14
20250528,을지로3가,동대문역사문화공원,15,26
20250528,을지로3가,동대문역사문화공원,16,30
20250528,을지로3가,동대문역사문화공원,17,44
20250528,을지로3가,동대문역사문화공원,18,64
20250528,을지로3가,동대문역사문화공원,19,36
20250528,을지로3가,동대문역사문화공원,20,26
20250528,을지로3가,동대문역사문화공원,21,14
20250528,을지로3가,동대문역사문화공원,22,11
20250528,을지로3가,동대문역사문화공원,23,12
20250528,을지로3가,뚝섬,0,2
20250528,을지로3가,뚝섬,6,5
20250528,을지로3가,뚝섬,7,15
20250528,을지로3가,뚝섬,8,22
20250528,을지로3가,뚝섬,9,43
20250528,을지로3가,뚝섬,10,22
20250528,을지로3가,뚝섬,11,27
20250528,을지로3가,뚝섬,12,27
20250528,을지로3가,뚝섬,13,21
20250528,을지로3가,뚝섬,14,23
20250528,을지로3가,뚝섬,15,26
20250528,을지로3가,뚝섬,16,23
20250528,을지로3가,뚝섬,17,39
20250528,을지로3가,뚝섬,18,58
20250528,을지로3가,뚝섬,19,14
20250528,을지로3가,뚝섬,20,13
20250528,을지로3가,뚝섬,21,19
20250528,을지로3가,뚝섬,22,17
20250528,을지로3가,뚝섬,23,10
20250528,을지로3가,문래,0,2
20250528,을지로3가,문래,7,4
20250528,을지로3가,문래,8,6
20250528,을지로3가,문래,9,6
20250528,을지로3가,문래,10,3
20250528,을지로3가,문래,11,5
20250528,을지로3가,문래,12,5
20250528,을지로3가,문래,13,8
20250528,을지로3가,문래,14,11
20250528,을지로3가,문래,15,11
20250528,을지로3가,문래,16,12
20250528,을지로3가,문래,17,31
20250528,을지로3가,문래,18,55
20250528,을지로3가,문래,19,25
20250528,을지로3가,문래,20,18
20250528,을지로3가,문래,21,16
20250528,을지로3가,문래,22,12
20250528,을지로3가,문래,23,6
20250528,을지로3가,방배,11,1
20250528,을지로3가,방배,17,1
20250528,을지로3가,봉천,0,2
20250528,을지로3가,봉천,6,1
20250528,을지로3가,봉천,9,1
20250528,을지로3가,봉천,11,2
20250528,을지로3가,봉천,12,1
20250528,을지로3가,봉천,13,4
20250528,을지로3가,봉천,14,6
20250528,을지로3가,봉천,15,4
20250528,을지로3가,봉천,16,7
20250528,을지로3가,봉천,17,18
20250528,을지로3가,봉천,18,36
20250528,을지로3가,봉천,19,9
20250528,을지로3가,봉천,20,9
20250528,을지로3가,봉천,21,4
20250528,을지로3가,봉천,22,9
20250528,을지로3가,봉천,23,3
20250528,을지로3가,사당,6,1
20250528,을지로3가,사당,12,1
20250528,을지로3가,사당,13,1
20250528,을지로3가,사당,17,1
20250528,을지로3가,사당,18,1
20250528,을지로3가,사당,19,1
20250528,을지로3가,삼성(무역센터),0,1
20250528,을지로3가,삼성(무역센터),7,2
20250528,을지로3가,삼성(무역센터),8,17
20250528,을지로3가,삼성(무역센터),9,18
20250528,을지로3가,삼성(무역센터),10,22
20250528,을지로3가,삼성(무역센터),11,31
20250528,을지로3가,삼성(무역센터),12,29
20250528,을지로3가,삼성(무역센터),13,18
20250528,을지로3가,삼성(무역센터),14,26
20250528,을지로3가,삼성(무역센터),15,10
20250528,을지로3가,삼성(무역센터),16,28
20250528,을지로3가,삼성(무역센터),17,16
20250528,을지로3가,삼성(무역센터),18,17
20250528,을지로3가,삼성(무역센터),19,7
20250528,을지로3가,삼성(무역센터),21,1
20250528,을지로3가,삼성(무역센터),22,2
20250528,을지로3가,삼성(무역센터),23,3
20250528,을지로3가,상왕십리,0,4
20250528,을지로3가,상왕십리,5,1
20250528,을지로3가,상왕십리,6,2
20250528,을지로3가,상왕십리,7,4
20250528,을지로3가,상왕십리,8,7
20250528,을지로3가,상왕십리,9,4
20250528,을지로3가,상왕십리,10,9
20250528,을지로3가,상왕십리,11,9
20250528,을지로3가,상왕십리,12,7
20250528,을지로3가,상왕십리,13,8
20250528,을지로3가,상왕십리,14,12
20250528,을지로3가,상왕십리,15,23
20250528,을지로3가,상왕십리,16,26
20250528,을지로3가,상왕십리,17,58
20250528,을지로3가,상왕십리,18,112
20250528,을지로3가,상왕십리,19,54
20250528,을지로3가,상왕십리,20,27
20250528,을지로3가,상왕십리,21,33
20250528,을지로3가,상왕십리,22,36
20250528,을지로3가,상왕십리,23,13
20250528,을지로3가,서울대입구(관악구청),6,1
20250528,을지로3가,서울대입구(관악구청),7,1
20250528,을지로3가,서울대입구(관악구청),8,2
20250528,을지로3가,서울대입구(관악구청),9,1
20250528,을지로3가,서울대입구(관악구청),11,2
20250528,을지로3가,서울대입구(관악구청),12,2
20250528,을지로3가,서울대입구(관악구청),13,3
20250528,을지로3가,서울대입구(관악구청),14,3
20250528,을지로3가,서울대입구(관악구청),15,4
20250528,을지로3가,서울대입구(관악구청),16,10
20250528,을지로3가,서울대입구(관악구청),17,16
20250528,을지로3가,서울대입구(관악구청),18,32
20250528,을지로3가,서울대입구(관악구청),19,14
20250528,을지로3가,서울대입구(관악구청),20,11
20250528,을지로3가,서울대입구(관악구청),21,9
20250528,을지로3가,서울대입구(관악구청),22,12
20250528,을지로3가,서울대입구(관악구청),23,6
20250528,을지로3가,서초,9,1
20250528,을지로3가,서초,14,1
20250528,을지로3가,서초,15,2
20250528,을지로3가,서초,16,1
20250528,을지로3가,서초,21,1
20250528,을지로3가,선릉,7,1
20250528,을지로3가,선릉,8,4
20250528,을지로3가,선릉,9,3
20250528,을지로3가,선릉,10,2
20250528,을지로3가,선릉,11,3
20250528,을지로3가,선릉,12,6
20250528,을지로3가,선릉,13,3
20250528,을지로3가,선릉,14,7
20250528,을지로3가,선릉,15,4
20250528,을지로3가,선릉,16,6
20250528,을지로3가,선릉,17,10
20250528,을지로3가,선릉,18,11
20250528,을지로3가,선릉,20,4
20250528,을지로3가,선릉,21,6
20250528,을지로3가,선릉,23,2
20250528,을지로3가,성수,0,2
20250528,을지로3가,성수,4,1
20250528,을지로3가,성수,5,2
20250528,을지로3가,성수,6,6
20250528,을지로3가,성수,7,17
20250528,을지로3가,성수,8,26
20250528,을지로3가,성수,9,63
20250528,을지로3가,성수,10,48
20250528,을지로3가,성수,11,50
20250528,을지로3가,성수,12,49
20250528,을지로3가,성수,13,70
20250528,을지로3가,성수,14,52
20250528,을지로3가,성수,15,39
20250528,을지로3가,성수,16,41
20250528,을지로3가,성수,17,66
20250528,을지로3가,성수,18,67
20250528,을지로3가,성수,19,25
20250528,을지로3가,성수,20,16
20250528,을지로3가,성수,21,9
20250528,을지로3가,성수,22,10
20250528,을지로3가,성수,23,8
20250528,을지로3가,시청,6,5
20250528,을지로3가,시청,7,7
20250528,을지로3가,시청,8,30
20250528,을지로3가,시청,9,26
20250528,을지로3가,시청,10,17
20250528,을지로3가,시청,11,28
20250528,을지로3가,시청,12,36
20250528,을지로3가,시청,13,31
20250528,을지로3가,시청,14,32
20250528,을지로3가,시청,15,25
20250528,을지로3가,시청,16,21
20250528,을지로3가,시청,17,47
20250528,을지로3가,시청,18,52
20250528,을지로3가,시청,19,11
20250528,을지로3가,시청,20,12
20250528,을지로3가,시청,21,14
20250528,을지로3가,시청,22,6
20250528,을지로3가,시청,23,2
20250528,을지로3가,신당,0,3
20250528,을지로3가,신당,5,1
20250528,을지로3가,신당,6,2
20250528,을지로3가,신당,7,9
20250528,을지로3가,신당,8,8
20250528,을지로3가,신당,9,9
20250528,을지로3가,신당,10,11
20250528,을지로3가,신당,11,19
20250528,을지로3가,신당,12,21
20250528,을지로3가,신당,13,16
20250528,을지로3가,신당,14,29
20250528,을지로3가,신당,15,28
20250528,을지로3가,신당,16,29
20250528,을지로3가,신당,17,76
20250528,을지로3가,신당,18,126
20250528,을지로3가,신당,19,53
20250528,을지로3가,신당,20,33
20250528,을지로3가,신당,21,30
20250528,을지로3가,신당,22,33
20250528,을지로3가,신당,23,8
20250528,을지로3가,신대방,6,1
20250528,을지로3가,신대방,9,3
20250528,을지로3가,신대방,10,2
20250528,을지로3가,신대방,11,1
20250528,을지로3가,신대방,12,2
20250528,을지로3가,신대방,13,1
20250528,을지로3가,신대방,14,11
20250528,을지로3가,신대방,15,10
20250528,을지로3가,신대방,16,16
20250528,을지로3가,신대방,17,26
20250528,을지로3가,신대방,18,56
20250528,을지로3가,신대방,19,23
20250528,을지로3가,신대방,20,17
20250528,을지로3가,신대방,21,20
20250528,을지로3가,신대방,22,14
20250528,을지로3가,신대방,23,8
20250528,을지로3가,신도림,0,2
20250528,을지로3가,신도림,5,2
20250528,을지로3가,신도림,7,5
20250528,을지로3가,신도림,8,4
20250528,을지로3가,신도림,9,2
20250528,을지로3가,신도림,11,5
20250528,을지로3가,신도림,12,3
20250528,을지로3가,신도림,13,12
20250528,을지로3가,신도림,14,19
20250528,을지로3가,신도림,15,25
20250528,을지로3가,신도림,16,24
20250528,을지로3가,신도림,17,85
20250528,을지로3가,신도림,18,135
20250528,을지로3가,신도림,19,48
20250528,을지로3가,신도림,20,26
20250528,을지로3가,신도림,21,28
20250528,을지로3가,신도림,22,35
20250528,을지로3가,신도림,23,21
20250528,을지로3가,신림,0,1
20250528,을지로3가,신림,7,2
20250528,을지로3가,신림,8,5
20250528,을지로3가,신림,9,1
20250528,을지로3가,신림,11,2
20250528,을지로3가,신림,12,5
20250528,을지로3가,신림,13,6
20250528,을지로3가,신림,14,11
20250528,을지로3가,신림,15,13
20250528,을지로3가,신림,16,14
20250528,을지로3가,신림,17,41
20250528,을지로3가,신림,18,68
20250528,을지로3가,신림,19,31
20250528,을지로3가,신림,20,20
20250528,을지로3가,신림,21,25
20250528,을지로3가,신림,22,35
20250528,을지로3가,신림,23,19
20250528,을지로3가,신촌,0,10
20250528,을지로3가,신촌,6,1
20250528,을지로3가,신촌,7,12
20250528,을지로3가,신촌,8,20
20250528,을지로3가,신촌,9,33
20250528,을지로3가,신촌,10,28
20250528,을지로3가,신촌,11,32
20250528,을지로3가,신촌,12,41
20250528,을지로3가,신촌,13,39
20250528,을지로3가,신촌,14,37
20250528,을지로3가,신촌,15,29
20250528,을지로3가,신촌,16,60
20250528,을지로3가,신촌,17,113
20250528,을지로3가,신촌,18,171
20250528,을지로3가,신촌,19,49
20250528,을지로3가,신촌,20,31
20250528,을지로3가,신촌,21,38
20250528,을지로3가,신촌,22,38
20250528,을지로3가,신촌,23,23
20250528,을지로3가,아현,0,5
20250528,을지로3가,아현,6,1
20250528,을지로3가,아현,7,2
20250528,을지로3가,아현,8,6
20250528,을지로3가,아현,9,4
20250528,을지로3가,아현,10,5
20250528,을지로3가,아현,11,8
20250528,을지로3가,아현,12,6
20250528,을지로3가,아현,13,9
20250528,을지로3가,아현,14,17
20250528,을지로3가,아현,15,11
20250528,을지로3가,아현,16,15
20250528,을지로3가,아현,17,55
20250528,을지로3가,아현,18,76
20250528,을지로3가,아현,19,35
20250528,을지로3가,아현,20,27
20250528,을지로3가,아현,21,23
20250528,을지로3가,아현,22,19
20250528,을지로3가,아현,23,11
20250528,을지로3가,역삼,7,2
20250528,을지로3가,역삼,8,2
20250528,을지로3가,역삼,9,12
20250528,을지로3가,역삼,10,6
20250528,을지로3가,역삼,11,3
20250528,을지로3가,역삼,12,3
20250528,을지로3가,역삼,13,4
20250528,을지로3가,역삼,14,3
20250528,을지로3가,역삼,15,5
20250528,을지로3가,역삼,16,6
20250528,을지로3가,역삼,17,5
20250528,을지로3가,역삼,18,6
20250528,을지로3가,역삼,19,3
20250528,을지로3가,역삼,20,2
20250528,을지로3가,역삼,23,2
20250528,을지로3가,영등포구청,0,2
20250528,을지로3가,영등포구청,6,5
20250528,을지로3가,영등포구청,7,6
20250528,을지로3가,영등포구청,8,9
20250528,을지로3가,영등포구청,9,4
20250528,을지로3가,영등포구청,10,5
20250528,을지로3가,영등포구청,11,6
20250528,을지로3가,영등포구청,12,8
20250528,을지로3가,영등포구청,13,6
20250528,을지로3가,영등포구청,14,7
20250528,을지로3가,영등포구청,15,14
20250528,을지로3가,영등포구청,16,16
20250528,을지로3가,영등포구청,17,32
20250528,을지로3가,영등포구청,18,54
20250528,을지로3가,영등포구청,19,21
20250528,을지로3가,영등포구청,20,10
20250528,을지로3가,영등포구청,21,8
20250528,을지로3가,영등포구청,22,10
20250528,을지로3가,영등포구청,23,5
20250528,을지로3가,왕십리(성동구청),0,5
20250528,을지로3가,왕십리(성동구청),5,1
20250528,을지로3가,왕십리(성동구청),7,5
20250528,을지로3가,왕십리(성동구청),8,9
20250528,을지로3가,왕십리(성동구청),9,6
20250528,을지로3가,왕십리(성동구청),10,6
20250528,을지로3가,왕십리(성동구청),11,15
20250528,을지로3가,왕십리(성동구청),12,14
20250528,을지로3가,왕십리(성동구청),13,14
20250528,을지로3가,왕십리(성동구청),14,10
20250528,을지로3가,왕십리(성동구청),15,24
20250528,을지로3가,왕십리(성동구청),16,50
20250528,을지로3가,왕십리(성동구청),17,65
20250528,을지로3가,왕십리(성동구청),18,98
20250528,을지로3가,왕십리(성동구청),19,21
20250528,을지로3가,왕십리(성동구청),20,24
20250528,을지로3가,왕십리(성동구청),21,30
20250528,을지로3가,왕십리(성동구청),22,24
20250528,을지로3가,왕십리(성동구청),23,17
20250528,을지로3가,용두(동대문구청),16,2
20250528,을지로3가,용두(동대문구청),17,1
20250528,을지로3가,용두(동대문구청),18,1
20250528,을지로3가,을지로3가,0,3
20250528,을지로3가,을지로3가,4,1
20250528,을지로3가,을지로3가,5,1
20250528,을지로3가,을지로3가,6,2
20250528,을지로3가,을지로3가,7,2
20250528,을지로3가,을지로3가,8,19
20250528,을지로3가,을지로3가,9,22
20250528,을지로3가,을지로3가,10,22
20250528,을지로3가,을지로3가,11,34
20250528,을지로3가,을지로3가,12,37
20250528,을지로3가,을지로3가,13,33
20250528,을지로3가,을지로3가,14,39
20250528,을지로3가,을지로3가,15,38
20250528,을지로3가,을지로3가,16,36
20250528,을지로3가,을지로3가,17,43
20250528,을지로3가,을지로3가,18,46
20250528,을지로3가,을지로3가,19,25
20250528,을지로3가,을지로3가,20,37
20250528,을지로3가,을지로3가,21,24
20250528,을지로3가,을지로3가,22,22
20250528,을지로3가,을지로3가,23,12
20250528,을지로3가,을지로4가,0,4
20250528,을지로3가,을지로4가,5,2
20250528,을지로3가,을지로4가,6,3
20250528,을지로3가,을지로4가,7,9
20250528,을지로3가,을지로4가,8,9
20250528,을지로3가,을지로4가,9,14
20250528,을지로3가,을지로4가,10,16
20250528,을지로3가,을지로4가,11,20
20250528,을지로3가,을지로4가,12,16
20250528,을지로3가,을지로4가,13,13
20250528,을지로3가,을지로4가,14,24
20250528,을지로3가,을지로4가,15,23
20250528,을지로3가,을지로4가,16,20
20250528,을지로3가,을지로4가,17,25
20250528,을지로3가,을지로4가,18,24
20250528,을지로3가,을지로4가,19,12
20250528,을지로3가,을지로4가,20,5
20250528,을지로3가,을지로4가,21,10
20250528,을지로3가,을지로4가,22,11
20250528,을지로3가,을지로4가,23,5
20250528,을지로3가,을지로입구,5,1
20250528,을지로3가,을지로입구,6,2
20250528,을지로3가,을지로입구,7,10
20250528,을지로3가,을지로입구,8,22
20250528,을지로3가,을지로입구,9,27
20250528,을지로3가,을지로입구,10,39
20250528,을지로3가,을지로입구,11,51
20250528,을지로3가,을지로입구,12,54
20250528,을지로3가,을지로입구,13,49
20250528,을지로3가,을지로입구,14,34
20250528,을지로3가,을지로입구,15,65
20250528,을지로3가,을지로입구,16,45
20250528,을지로3가,을지로입구,17,73
20250528,을지로3가,을지로입구,18,54
20250528,을지로3가,을지로입구,19,33
20250528,을지로3가,을지로입구,20,59
20250528,을지로3가,을지로입구,21,13
20250528,을지로3가,을지로입구,22,11
20250528,을지로3가,을지로입구,23,8
20250528,을지로3가,이대,0,4
20250528,을지로3가,이대,5,1
20250528,을지로3가,이대,6,2
20250528,을지로3가,이대,7,10
20250528,을지로3가,이대,8,12
20250528,을지로3가,이대,9,16
20250528,을지로3가,이대,10,18
20250528,을지로3가,이대,11,24
20250528,을지로3가,이대,12,12
20250528,을지로3가,이대,13,40
20250528,을지로3가,이대,14,23
20250528,을지로3가,이대,15,23
20250528,을지로3가,이대,16,18
20250528,을지로3가,이대,17,57
20250528,을지로3가,이대,18,69
20250528,을지로3가,이대,19,31
20250528,을지로3가,이대,20,25
20250528,을지로3가,이대,21,31
20250528,을지로3가,이대,22,23
20250528,을지로3가,이대,23,17
20250528,을지로3가,잠실(송파구청),0,1
20250528,을지로3가,잠실(송파구청),5,1
20250528,을지로3가,잠실(송파구청),6,1
20250528,을지로3가,잠실(송파구청),7,3
20250528,을지로3가,잠실(송파구청),8,8
20250528,을지로3가,잠실(송파구청),9,25
20250528,을지로3가,잠실(송파구청),10,34
20250528,을지로3가,잠실(송파구청),11,38
20250528,을지로3가,잠실(송파구청),12,17
20250528,을지로3가,잠실(송파구청),13,29
20250528,을지로3가,잠실(송파구청),14,35
20250528,을지로3가,잠실(송파구청),15,26
20250528,을지로3가,잠실(송파구청),16,52
20250528,을지로3가,잠실(송파구청),17,94
20250528,을지로3가,잠실(송파구청),18,136
20250528,을지로3가,잠실(송파구청),19,47
20250528,을지로3가,잠실(송파구청),20,30
20250528,을지로3가,잠실(송파구청),21,40
20250528,을지로3가,잠실(송파구청),22,34
20250528,을지로3가,잠실(송파구청),23,19
20250528,을지로3가,잠실나루,5,1
20250528,을지로3가,잠실나루,7,1
20250528,을지로3가,잠실나루,8,1
20250528,을지로3가,잠실나루,9,2
20250528,을지로3가,잠실나루,10,1
20250528,을지로3가,잠실나루,11,9
20250528,을지로3가,잠실나루,12,6
20250528,을지로3가,잠실나루,13,7
20250528,을지로3가,잠실나루,14,13
20250528,을지로3가,잠실나루,15,10
20250528,을지로3가,잠실나루,16,8
20250528,을지로3가,잠실나루,17,33
20250528,을지로3가,잠실나루,18,51
20250528,을지로3가,잠실나루,19,17
20250528,을지로3가,잠실나루,20,15
20250528,을지로3가,잠실나루,21,9
20250528,을지로3가,잠실나루,22,15
20250528,을지로3가,잠실나루,23,1
20250528,을지로3가,잠실새내,8,1
20250528,을지로3가,잠실새내,9,1
20250528,을지로3가,잠실새내,10,2
20250528,을지로3가,잠실새내,11,1
20250528,을지로3가,잠실새내,12,6
20250528,을지로3가,잠실새내,13,13
20250528,을지로3가,잠실새내,14,9
20250528,을지로3가,잠실새내,15,16
20250528,을지로3가,잠실새내,16,29
20250528,을지로3가,잠실새내,17,38
20250528,을지로3가,잠실새내,18,65
20250528,을지로3가,잠실새내,19,22
20250528,을지로3가,잠실새내,20,20
20250528,을지로3가,잠실새내,21,19
20250528,을지로3가,잠실새내,22,10
20250528,을지로3가,잠실새내,23,4
20250528,을지로3가,종합운동장,5,1
20250528,을지로3가,종합운동장,6,1
20250528,을지로3가,종합운동장,9,1
20250528,을지로3가,종합운동장,11,1
20250528,을지로3가,종합운동장,12,1
20250528,을지로3가,종합운동장,13,4
20250528,을지로3가,종합운동장,14,6
20250528,을지로3가,종합운동장,15,4
20250528,을지로3가,종합운동장,16,65
20250528,을지로3가,종합운동장,17,158
20250528,을지로3가,종합운동장,18,57
20250528,을지로3가,종합운동장,19,1
20250528,을지로3가,종합운동장,20,9
20250528,을지로3가,종합운동장,21,2
20250528,을지로3가,종합운동장,22,1
20250528,을지로3가,충정로(경기대입구),0,3
20250528,을지로3가,충정로(경기대입구),6,2
20250528,을지로3가,충정로(경기대입구),7,5
20250528,을지로3가,충정로(경기대입구),8,15
20250528,을지로3가,충정로(경기대입구),9,10
20250528,을지로3가,충정로(경기대입구),10,7
20250528,을지로3가,충정로(경기대입구),11,9
20250528,을지로3가,충정로(경기대입구),12,7
20250528,을지로3가,충정로(경기대입구),13,5
20250528,을지로3가,충정로(경기대입구),14,12
20250528,을지로3가,충정로(경기대입구),15,15
20250528,을지로3가,충정로(경기대입구),16,20
20250528,을지로3가,충정로(경기대입구),17,31
20250528,을지로3가,충정로(경기대입구),18,43
20250528,을지로3가,충정로(경기대입구),19,26
20250528,을지로3가,충정로(경기대입구),20,13
20250528,을지로3가,충정로(경기대입구),21,14
20250528,을지로3가,충정로(경기대입구),22,16
20250528,을지로3가,충정로(경기대입구),23,12
20250528,을지로3가,한양대,6,4
20250528,을지로3가,한양대,7,13
20250528,을지로3가,한양대,8,31
20250528,을지로3가,한양대,9,54
20250528,을지로3가,한양대,10,42
20250528,을지로3가,한양대,11,10
20250528,을지로3가,한양대,12,32
20250528,을지로3가,한양대,13,15
20250528,을지로3가,한양대,14,10
20250528,을지로3가,한양대,15,10
20250528,을지로3가,한양대,16,8
20250528,을지로3가,한양대,17,14
20250528,을지로3가,한양대,18,27
20250528,을지로3가,한양대,19,11
20250528,을지로3가,한양대,20,2
20250528,을지로3가,한양대,21,4
20250528,을지로3가,한양대,22,7
20250528,을지로3가,한양대,23,3
20250528,을지로3가,합정,0,3
20250528,을지로3가,합정,5,4
20250528,을지로3가,합정,6,1
20250528,을지로3가,합정,7,5
20250528,을지로3가,합정,8,14
20250528,을지로3가,합정,9,13
20250528,을지로3가,합정,10,16
20250528,을지로3가,합정,11,15
20250528,을지로3가,합정,12,12
20250528,을지로3가,합정,13,21
20250528,을지로3가,합정,14,28
20250528,을지로3가,합정,15,17
20250528,을지로3가,합정,16,33
20250528,을지로3가,합정,17,72
20250528,을지로3가,합정,18,105
20250528,을지로3가,합정,19,58
20250528,을지로3가,합정,20,24
20250528,을지로3가,합정,21,25
20250528,을지로3가,합정,22,22
20250528,을지로3가,합정,23,21
20250528,을지로3가,홍대입구,0,24
20250528,을지로3가,홍대입구,5,1
20250528,을지로3가,홍대입구,6,7
20250528,을지로3가,홍대입구,7,19
20250528,을지로3가,홍대입구,8,29
20250528,을지로3가,홍대입구,9,66
20250528,을지로3가,홍대입구,10,71
20250528,을지로3가,홍대입구,11,57
20250528,을지로3가,홍대입구,12,89
20250528,을지로3가,홍대입구,13,65
20250528,을지로3가,홍대입구,14,82
20250528,을지로3가,홍대입구,15,92
20250528,을지로3가,홍대입구,16,74
20250528,을지로3가,홍대입구,17,158
20250528,을지로3가,홍대입구,18,251
20250528,을지로3가,홍대입구,19,122
20250528,을지로3가,홍대입구,20,77
20250528,을지로3가,홍대입구,21,59
20250528,을지로3가,홍대입구,22,54
20250528,을지로3가,홍대입구,23,44
20250528,을지로4가,강남,7,2
20250528,을지로4가,강남,8,3
20250528,을지로4가,강남,9,2
20250528,을지로4가,강남,10,2
20250528,을지로4가,강남,11,6
20250528,을지로4가,강남,12,6
20250528,을지로4가,강남,13,2
20250528,을지로4가,강남,14,3
20250528,을지로4가,강남,15,3
20250528,을지로4가,강남,16,4
20250528,을지로4가,강남,17,7
20250528,을지로4가,강남,18,8
20250528,을지로4가,강남,19,1
20250528,을지로4가,강남,21,1
20250528,을지로4가,강남,22,1
20250528,을지로4가,강변(동서울터미널),0,1
20250528,을지로4가,강변(동서울터미널),5,1
20250528,을지로4가,강변(동서울터미널),6,1
20250528,을지로4가,강변(동서울터미널),7,3
20250528,을지로4가,강변(동서울터미널),8,1
20250528,을지로4가,강변(동서울터미널),9,5
20250528,을지로4가,강변(동서울터미널),10,5
20250528,을지로4가,강변(동서울터미널),11,6
20250528,을지로4가,강변(동서울터미널),12,4
20250528,을지로4가,강변(동서울터미널),13,15
20250528,을지로4가,강변(동서울터미널),14,9
20250528,을지로4가,강변(동서울터미널),15,10
20250528,을지로4가,강변(동서울터미널),16,15
20250528,을지로4가,강변(동서울터미널),17,34
20250528,을지로4가,강변(동서울터미널),18,35
20250528,을지로4가,강변(동서울터미널),19,11
20250528,을지로4가,강변(동서울터미널),20,4
20250528,을지로4가,강변(동서울터미널),21,8
20250528,을지로4가,강변(동서울터미널),23,1
20250528,을지로4가,건대입구,0,5
20250528,을지로4가,건대입구,5,2
20250528,을지로4가,건대입구,6,1
20250528,을지로4가,건대입구,7,6
20250528,을지로4가,건대입구,8,7
20250528,을지로4가,건대입구,9,9
20250528,을지로4가,건대입구,10,7
20250528,을지로4가,건대입구,11,10
20250528,을지로4가,건대입구,12,11
20250528,을지로4가,건대입구,13,12
20250528,을지로4가,건대입구,14,16
20250528,을지로4가,건대입구,15,16
20250528,을지로4가,건대입구,16,23
20250528,을지로4가,건대입구,17,67
20250528,을지로4가,건대입구,18,53
20250528,을지로4가,건대입구,19,24
20250528,을지로4가,건대입구,20,8
20250528,을지로4가,건대입구,21,15
20250528,을지로4가,건대입구,22,10
20250528,을지로4가,건대입구,23,12
20250528,을지로4가,교대(법원.검찰청),8,1
20250528,을지로4가,교대(법원.검찰청),9,1
20250528,을지로4가,교대(법원.검찰청),10,1
20250528,을지로4가,교대(법원.검찰청),13,1
20250528,을지로4가,교대(법원.검찰청),14,5
20250528,을지로4가,교대(법원.검찰청),15,1
20250528,을지로4가,교대(법원.검찰청),16,1
20250528,을지로4가,교대(법원.검찰청),17,2
20250528,을지로4가,교대(법원.검찰청),18,5
20250528,을지로4가,교대(법원.검찰청),22,2
20250528,을지로4가,구로디지털단지,0,1
20250528,을지로4가,구로디지털단지,6,1
20250528,을지로4가,구로디지털단지,7,4
20250528,을지로4가,구로디지털단지,8,4
20250528,을지로4가,구로디지털단지,9,3
20250528,을지로4가,구로디지털단지,10,6
20250528,을지로4가,구로디지털단지,12,14
20250528,을지로4가,구로디지털단지,13,9
20250528,을지로4가,구로디지털단지,14,4
20250528,을지로4가,구로디지털단지,15,18
20250528,을지로4가,구로디지털단지,16,31
20250528,을지로4가,구로디지털단지,17,47
20250528,을지로4가,구로디지털단지,18,54
20250528,을지로4가,구로디지털단지,19,11
20250528,을지로4가,구로디지털단지,20,14
20250528,을지로4가,구로디지털단지,21,11
20250528,을지로4가,구로디지털단지,22,7
20250528,을지로4가,구로디지털단지,23,3
20250528,을지로4가,구의(광진구청),0,1
20250528,을지로4가,구의(광진구청),5,1
20250528,을지로4가,구의(광진구청),6,1
20250528,을지로4가,구의(광진구청),7,8
20250528,을지로4가,구의(광진구청),8,2
20250528,을지로4가,구의(광진구청),9,3
20250528,을지로4가,구의(광진구청),10,7
20250528,을지로4가,구의(광진구청),11,8
20250528,을지로4가,구의(광진구청),12,4
20250528,을지로4가,구의(광진구청),13,16
20250528,을지로4가,구의(광진구청),14,7
20250528,을지로4가,구의(광진구청),15,12
20250528,을지로4가,구의(광진구청),16,12
20250528,을지로4가,구의(광진구청),17,52
20250528,을지로4가,구의(광진구청),18,64
20250528,을지로4가,구의(광진구청),19,19
20250528,을지로4가,구의(광진구청),20,14
20250528,을지로4가,구의(광진구청),21,17
20250528,을지로4가,구의(광진구청),22,13
20250528,을지로4가,구의(광진구청),23,5
20250528,을지로4가,낙성대,11,2
20250528,을지로4가,낙성대,12,2
20250528,을지로4가,낙성대,13,3
20250528,을지로4가,낙성대,16,3
20250528,을지로4가,낙성대,17,8
20250528,을지로4가,낙성대,18,6
20250528,을지로4가,낙성대,19,3
20250528,을지로4가,낙성대,20,2
20250528,을지로4가,낙성대,21,1
20250528,을지로4가,낙성대,22,1
20250528,을지로4가,낙성대,23,1
20250528,을지로4가,당산,0,2
20250528,을지로4가,당산,6,3
20250528,을지로4가,당산,7,3
20250528,을지로4가,당산,8,11
20250528,을지로4가,당산,10,2
20250528,을지로4가,당산,11,6
20250528,을지로4가,당산,12,3
20250528,을지로4가,당산,13,3
20250528,을지로4가,당산,14,9
20250528,을지로4가,당산,15,13
20250528,을지로4가,당산,16,25
20250528,을지로4가,당산,17,57
20250528,을지로4가,당산,18,55
20250528,을지로4가,당산,19,20
20250528,을지로4가,당산,20,16
20250528,을지로4가,당산,21,8
20250528,을지로4가,당산,22,5
20250528,을지로4가,당산,23,7
20250528,을지로4가,대림(구로구청),0,3
20250528,을지로4가,대림(구로구청),7,4
20250528,을지로4가,대림(구로구청),9,3
20250528,을지로4가,대림(구로구청),11,2
20250528,을지로4가,대림(구로구청),12,7
20250528,을지로4가,대림(구로구청),13,5
20250528,을지로4가,대림(구로구청),14,6
20250528,을지로4가,대림(구로구청),15,9
20250528,을지로4가,대림(구로구청),16,21
20250528,을지로4가,대림(구로구청),17,12
20250528,을지로4가,대림(구로구청),18,23
20250528,을지로4가,대림(구로구청),19,10
20250528,을지로4가,대림(구로구청),20,12
20250528,을지로4가,대림(구로구청),21,5
20250528,을지로4가,대림(구로구청),22,6
20250528,을지로4가,대림(구로구청),23,1
20250528,을지로4가,동대문역사문화공원,0,3
20250528,을지로4가,동대문역사문화공원,5,1
20250528,을지로4가,동대문역사문화공원,6,4
20250528,을지로4가,동대문역사문화공원,7,2
20250528,을지로4가,동대문역사문화공원,8,5
20250528,을지로4가,동대문역사문화공원,9,8
20250528,을지로4가,동대문역사문화공원,10,16
20250528,을지로4가,동대문역사문화공원,11,11
20250528,을지로4가,동대문역사문화공원,12,9
20250528,을지로4가,동대문역사문화공원,13,15
20250528,을지로4가,동대문역사문화공원,14,15
20250528,을지로4가,동대문역사문화공원,15,11
20250528,을지로4가,동대문역사문화공원,16,44
20250528,을지로4가,동대문역사문화공원,17,37
20250528,을지로4가,동대문역사문화공원,18,30
20250528,을지로4가,동대문역사문화공원,19,17
20250528,을지로4가,동대문역사문화공원,20,18
20250528,을지로4가,동대문역사문화공원,21,5
20250528,을지로4가,동대문역사문화공원,22,2
20250528,을지로4가,동대문역사문화공원,23,3
20250528,을지로4가,뚝섬,0,1
20250528,을지로4가,뚝섬,5,1
20250528,을지로4가,뚝섬,6,3
20250528,을지로4가,뚝섬,7,2
20250528,을지로4가,뚝섬,8,14
20250528,을지로4가,뚝섬,9,7
20250528,을지로4가,뚝섬,10,22
20250528,을지로4가,뚝섬,11,5
20250528,을지로4가,뚝섬,12,16
20250528,을지로4가,뚝섬,13,11
20250528,을지로4가,뚝섬,14,16
20250528,을지로4가,뚝섬,15,7
20250528,을지로4가,뚝섬,16,23
20250528,을지로4가,뚝섬,17,36
20250528,을지로4가,뚝섬,18,29
20250528,을지로4가,뚝섬,19,18
20250528,을지로4가,뚝섬,20,7
20250528,을지로4가,뚝섬,21,8
20250528,을지로4가,뚝섬,22,5
20250528,을지로4가,뚝섬,23,3
20250528,을지로4가,문래,0,1
20250528,을지로4가,문래,7,6
20250528,을지로4가,문래,8,4
20250528,을지로4가,문래,9,3
20250528,을지로4가,문래,10,1
20250528,을지로4가,문래,11,2
20250528,을지로4가,문래,12,4
20250528,을지로4가,문래,13,2
20250528,을지로4가,문래,14,4
20250528,을지로4가,문래,15,7
20250528,을지로4가,문래,16,7
20250528,을지로4가,문래,17,29
20250528,을지로4가,문래,18,18
20250528,을지로4가,문래,19,13
20250528,을지로4가,문래,20,4
20250528,을지로4가,문래,21,2
20250528,을지로4가,문래,22,1
20250528,을지로4가,문래,23,5
20250528,을지로4가,방배,14,3
20250528,을지로4가,방배,17,2
20250528,을지로4가,방배,18,2
20250528,을지로4가,봉천,6,1
20250528,을지로4가,봉천,7,1
20250528,을지로4가,봉천,10,4
20250528,을지로4가,봉천,13,5
20250528,을지로4가,봉천,14,6
20250528,을지로4가,봉천,15,2
20250528,을지로4가,봉천,16,6
20250528,을지로4가,봉천,17,11
20250528,을지로4가,봉천,18,20
20250528,을지로4가,봉천,19,3
20250528,을지로4가,봉천,20,2
20250528,을지로4가,봉천,21,1
20250528,을지로4가,봉천,22,2
20250528,을지로4가,봉천,23,2
20250528,을지로4가,사당,9,1
20250528,을지로4가,사당,10,2
20250528,을지로4가,사당,11,1
20250528,을지로4가,사당,13,1
20250528,을지로4가,사당,14,2
20250528,을지로4가,사당,15,1
20250528,을지로4가,사당,16,1
20250528,을지로4가,사당,17,5
20250528,을지로4가,사당,18,2
20250528,을지로4가,사당,23,2
20250528,을지로4가,삼성(무역센터),0,1
20250528,을지로4가,삼성(무역센터),5,3
20250528,을지로4가,삼성(무역센터),6,2
20250528,을지로4가,삼성(무역센터),7,13
20250528,을지로4가,삼성(무역센터),8,28
20250528,을지로4가,삼성(무역센터),9,27
20250528,을지로4가,삼성(무역센터),10,12
20250528,을지로4가,삼성(무역센터),11,10
20250528,을지로4가,삼성(무역센터),12,28
20250528,을지로4가,삼성(무역센터),13,14
20250528,을지로4가,삼성(무역센터),14,12
20250528,을지로4가,삼성(무역센터),15,9
20250528,을지로4가,삼성(무역센터),16,7
20250528,을지로4가,삼성(무역센터),17,13
20250528,을지로4가,삼성(무역센터),18,5
20250528,을지로4가,삼성(무역센터),19,4
20250528,을지로4가,삼성(무역센터),20,4
20250528,을지로4가,삼성(무역센터),21,1
20250528,을지로4가,삼성(무역센터),23,1
20250528,을지로4가,상왕십리,0,3
20250528,을지로4가,상왕십리,5,1
20250528,을지로4가,상왕십리,6,1
20250528,을지로4가,상왕십리,8,3
20250528,을지로4가,상왕십리,9,3
20250528,을지로4가,상왕십리,10,6
20250528,을지로4가,상왕십리,11,9
20250528,을지로4가,상왕십리,12,9
20250528,을지로4가,상왕십리,13,18
20250528,을지로4가,상왕십리,14,13
20250528,을지로4가,상왕십리,15,17
20250528,을지로4가,상왕십리,16,29
20250528,을지로4가,상왕십리,17,56
20250528,을지로4가,상왕십리,18,50
20250528,을지로4가,상왕십리,19,25
20250528,을지로4가,상왕십리,20,17
20250528,을지로4가,상왕십리,21,6
20250528,을지로4가,상왕십리,22,8
20250528,을지로4가,상왕십리,23,3
20250528,을지로4가,서울대입구(관악구청),0,2
20250528,을지로4가,서울대입구(관악구청),8,2
20250528,을지로4가,서울대입구(관악구청),11,2
20250528,을지로4가,서울대입구(관악구청),12,4
20250528,을지로4가,서울대입구(관악구청),13,4
20250528,을지로4가,서울대입구(관악구청),14,5
20250528,을지로4가,서울대입구(관악구청),15,3
20250528,을지로4가,서울대입구(관악구청),16,4
20250528,을지로4가,서울대입구(관악구청),17,27
20250528,을지로4가,서울대입구(관악구청),18,11
20250528,을지로4가,서울대입구(관악구청),19,7
20250528,을지로4가,서울대입구(관악구청),20,2
20250528,을지로4가,서울대입구(관악구청),22,3
20250528,을지로4가,서울대입구(관악구청),23,2
20250528,을지로4가,서초,6,1
20250528,을지로4가,서초,7,1
20250528,을지로4가,서초,13,2
20250528,을지로4가,서초,14,1
20250528,을지로4가,서초,15,3
20250528,을지로4가,서초,17,2
20250528,을지로4가,서초,18,2
20250528,을지로4가,선릉,6,1
20250528,을지로4가,선릉,7,4
20250528,을지로4가,선릉,8,14
20250528,을지로4가,선릉,9,5
20250528,을지로4가,선릉,10,1
20250528,을지로4가,선릉,11,3
20250528,을지로4가,선릉,12,2
20250528,을지로4가,선릉,13,5
20250528,을지로4가,선릉,14,8
20250528,을지로4가,선릉,15,6
20250528,을지로4가,선릉,16,7
20250528,을지로4가,선릉,17,8
20250528,을지로4가,선릉,18,3
20250528,을지로4가,선릉,20,1
20250528,을지로4가,선릉,21,1
20250528,을지로4가,선릉,23,2
20250528,을지로4가,성수,0,3
20250528,을지로4가,성수,4,1
20250528,을지로4가,성수,5,2
20250528,을지로4가,성수,6,1
20250528,을지로4가,성수,7,7
20250528,을지로4가,성수,8,25
20250528,을지로4가,성수,9,39
20250528,을지로4가,성수,10,46
20250528,을지로4가,성수,11,71
20250528,을지로4가,성수,12,40
20250528,을지로4가,성수,13,46
20250528,을지로4가,성수,14,62
20250528,을지로4가,성수,15,37
20250528,을지로4가,성수,16,44
20250528,을지로4가,성수,17,34
20250528,을지로4가,성수,18,28
20250528,을지로4가,성수,19,18
20250528,을지로4가,성수,20,13
20250528,을지로4가,성수,21,6
20250528,을지로4가,성수,22,2
20250528,을지로4가,시청,0,1
20250528,을지로4가,시청,5,2
20250528,을지로4가,시청,6,3
20250528,을지로4가,시청,7,14
20250528,을지로4가,시청,8,24
20250528,을지로4가,시청,9,14
20250528,을지로4가,시청,10,12
20250528,을지로4가,시청,11,18
20250528,을지로4가,시청,12,17
20250528,을지로4가,시청,13,8
20250528,을지로4가,시청,14,17
20250528,을지로4가,시청,15,12
20250528,을지로4가,시청,16,24
20250528,을지로4가,시청,17,31
20250528,을지로4가,시청,18,6
20250528,을지로4가,시청,19,11
20250528,을지로4가,시청,20,3
20250528,을지로4가,시청,21,2
20250528,을지로4가,시청,23,2
20250528,을지로4가,신당,0,1
20250528,을지로4가,신당,6,2
20250528,을지로4가,신당,7,4
20250528,을지로4가,신당,8,13
20250528,을지로4가,신당,9,14
20250528,을지로4가,신당,10,18
20250528,을지로4가,신당,11,20
20250528,을지로4가,신당,12,20
20250528,을지로4가,신당,13,21
20250528,을지로4가,신당,14,20
20250528,을지로4가,신당,15,39
20250528,을지로4가,신당,16,58
20250528,을지로4가,신당,17,75
20250528,을지로4가,신당,18,58
20250528,을지로4가,신당,19,31
20250528,을지로4가,신당,20,20
20250528,을지로4가,신당,21,14
20250528,을지로4가,신당,22,15
20250528,을지로4가,신당,23,5
20250528,을지로4가,신대방,0,1
20250528,을지로4가,신대방,6,1
20250528,을지로4가,신대방,10,1
20250528,을지로4가,신대방,11,2
20250528,을지로4가,신대방,12,1
20250528,을지로4가,신대방,13,1
20250528,을지로4가,신대방,14,7
20250528,을지로4가,신대방,15,10
20250528,을지로4가,신대방,16,12
20250528,을지로4가,신대방,17,35
20250528,을지로4가,신대방,18,34
20250528,을지로4가,신대방,19,11
20250528,을지로4가,신대방,20,14
20250528,을지로4가,신대방,21,5
20250528,을지로4가,신대방,22,8
20250528,을지로4가,신대방,23,1
20250528,을지로4가,신도림,0,8
20250528,을지로4가,신도림,6,1
20250528,을지로4가,신도림,9,5
20250528,을지로4가,신도림,10,1
20250528,을지로4가,신도림,11,9
20250528,을지로4가,신도림,12,5
20250528,을지로4가,신도림,13,8
20250528,을지로4가,신도림,14,7
20250528,을지로4가,신도림,15,9
20250528,을지로4가,신도림,16,25
20250528,을지로4가,신도림,17,49
20250528,을지로4가,신도림,18,36
20250528,을지로4가,신도림,19,18
20250528,을지로4가,신도림,20,3
20250528,을지로4가,신도림,21,5
20250528,을지로4가,신도림,22,9
20250528,을지로4가,신도림,23,8
20250528,을지로4가,신림,7,2
20250528,을지로4가,신림,11,1
20250528,을지로4가,신림,12,3
20250528,을지로4가,신림,13,3
20250528,을지로4가,신림,14,7
20250528,을지로4가,신림,15,6
20250528,을지로4가,신림,16,26
20250528,을지로4가,신림,17,37
20250528,을지로4가,신림,18,35
20250528,을지로4가,신림,19,7
20250528,을지로4가,신림,20,5
20250528,을지로4가,신림,21,13
20250528,을지로4가,신림,22,1
20250528,을지로4가,신림,23,1
20250528,을지로4가,신촌,5,1
20250528,을지로4가,신촌,7,4
20250528,을지로4가,신촌,8,11
20250528,을지로4가,신촌,9,21
20250528,을지로4가,신촌,10,8
20250528,을지로4가,신촌,11,21
20250528,을지로4가,신촌,12,15
20250528,을지로4가,신촌,13,21
20250528,을지로4가,신촌,14,29
20250528,을지로4가,신촌,15,23
20250528,을지로4가,신촌,16,28
20250528,을지로4가,신촌,17,69
20250528,을지로4가,신촌,18,60
20250528,을지로4가,신촌,19,33
20250528,을지로4가,신촌,20,13
20250528,을지로4가,신촌,21,12
20250528,을지로4가,신촌,22,15
20250528,을지로4가,신촌,23,10
20250528,을지로4가,아현,7,2
20250528,을지로4가,아현,8,1
20250528,을지로4가,아현,9,2
20250528,을지로4가,아현,10,8
20250528,을지로4가,아현,11,3
20250528,을지로4가,아현,12,4
20250528,을지로4가,아현,13,8
20250528,을지로4가,아현,14,10
20250528,을지로4가,아현,15,7
20250528,을지로4가,아현,16,21
20250528,을지로4가,아현,17,32
20250528,을지로4가,아현,18,28
20250528,을지로4가,아현,19,22
20250528,을지로4가,아현,20,5
20250528,을지로4가,아현,21,4
20250528,을지로4가,아현,22,4
20250528,을지로4가,아현,23,2
20250528,을지로4가,역삼,5,1
20250528,을지로4가,역삼,6,1
20250528,을지로4가,역삼,7,8
20250528,을지로4가,역삼,8,5
20250528,을지로4가,역삼,9,9
20250528,을지로4가,역삼,10,1
20250528,을지로4가,역삼,11,6
20250528,을지로4가,역삼,12,2
20250528,을지로4가,역삼,13,3
20250528,을지로4가,역삼,14,2
20250528,을지로4가,역삼,15,3
20250528,을지로4가,역삼,16,4
20250528,을지로4가,역삼,17,8
20250528,을지로4가,역삼,18,10
20250528,을지로4가,역삼,19,3
20250528,을지로4가,역삼,20,1
20250528,을지로4가,역삼,21,1
20250528,을지로4가,역삼,23,1
20250528,을지로4가,영등포구청,5,1
20250528,을지로4가,영등포구청,6,2
20250528,을지로4가,영등포구청,7,5
20250528,을지로4가,영등포구청,8,6
20250528,을지로4가,영등포구청,9,3
20250528,을지로4가,영등포구청,10,2
20250528,을지로4가,영등포구청,11,3
20250528,을지로4가,영등포구청,12,5
20250528,을지로4가,영등포구청,13,2
20250528,을지로4가,영등포구청,14,3
20250528,을지로4가,영등포구청,15,15
20250528,을지로4가,영등포구청,16,7
20250528,을지로4가,영등포구청,17,19
20250528,을지로4가,영등포구청,18,13
20250528,을지로4가,영등포구청,19,3
20250528,을지로4가,영등포구청,20,5
20250528,을지로4가,영등포구청,21,5
20250528,을지로4가,영등포구청,22,4
20250528,을지로4가,영등포구청,23,3
20250528,을지로4가,왕십리(성동구청),0,3
20250528,을지로4가,왕십리(성동구청),5,1
20250528,을지로4가,왕십리(성동구청),6,2
20250528,을지로4가,왕십리(성동구청),7,5
20250528,을지로4가,왕십리(성동구청),8,4
20250528,을지로4가,왕십리(성동구청),9,1
20250528,을지로4가,왕십리(성동구청),10,8
20250528,을지로4가,왕십리(성동구청),11,8
20250528,을지로4가,왕십리(성동구청),12,9
20250528,을지로4가,왕십리(성동구청),13,3
20250528,을지로4가,왕십리(성동구청),14,7
20250528,을지로4가,왕십리(성동구청),15,13
20250528,을지로4가,왕십리(성동구청),16,11
20250528,을지로4가,왕십리(성동구청),17,45
20250528,을지로4가,왕십리(성동구청),18,51
20250528,을지로4가,왕십리(성동구청),19,11
20250528,을지로4가,왕십리(성동구청),20,4
20250528,을지로4가,왕십리(성동구청),21,6
20250528,을지로4가,왕십리(성동구청),22,13
20250528,을지로4가,왕십리(성동구청),23,1
20250528,을지로4가,용두(동대문구청),17,4
20250528,을지로4가,용두(동대문구청),18,2
20250528,을지로4가,을지로3가,6,5
20250528,을지로4가,을지로3가,7,5
20250528,을지로4가,을지로3가,8,21
20250528,을지로4가,을지로3가,9,11
20250528,을지로4가,을지로3가,10,16
20250528,을지로4가,을지로3가,11,11
20250528,을지로4가,을지로3가,12,13
20250528,을지로4가,을지로3가,13,14
20250528,을지로4가,을지로3가,14,19
20250528,을지로4가,을지로3가,15,10
20250528,을지로4가,을지로3가,16,48
20250528,을지로4가,을지로3가,17,53
20250528,을지로4가,을지로3가,18,45
20250528,을지로4가,을지로3가,19,19
20250528,을지로4가,을지로3가,20,16
20250528,을지로4가,을지로3가,21,10
20250528,을지로4가,을지로3가,22,7
20250528,을지로4가,을지로3가,23,1
20250528,을지로4가,을지로4가,0,2
20250528,을지로4가,을지로4가,6,1
20250528,을지로4가,을지로4가,7,2
20250528,을지로4가,을지로4가,8,11
20250528,을지로4가,을지로4가,9,23
20250528,을지로4가,을지로4가,10,23
20250528,을지로4가,을지로4가,11,21
20250528,을지로4가,을지로4가,12,18
20250528,을지로4가,을지로4가,13,13
20250528,을지로4가,을지로4가,14,26
20250528,을지로4가,을지로4가,15,27
20250528,을지로4가,을지로4가,16,47
20250528,을지로4가,을지로4가,17,38
20250528,을지로4가,을지로4가,18,40
20250528,을지로4가,을지로4가,19,26
20250528,을지로4가,을지로4가,20,15
20250528,을지로4가,을지로4가,21,6
20250528,을지로4가,을지로4가,22,5
20250528,을지로4가,을지로4가,23,9
20250528,을지로4가,을지로입구,0,2
20250528,을지로4가,을지로입구,5,1
20250528,을지로4가,을지로입구,6,8
20250528,을지로4가,을지로입구,7,13
20250528,을지로4가,을지로입구,8,59
20250528,을지로4가,을지로입구,9,52
20250528,을지로4가,을지로입구,10,40
20250528,을지로4가,을지로입구,11,65
20250528,을지로4가,을지로입구,12,54
20250528,을지로4가,을지로입구,13,76
20250528,을지로4가,을지로입구,14,54
20250528,을지로4가,을지로입구,15,55
20250528,을지로4가,을지로입구,16,70
20250528,을지로4가,을지로입구,17,110
20250528,을지로4가,을지로입구,18,83
20250528,을지로4가,을지로입구,19,54
20250528,을지로4가,을지로입구,20,21
20250528,을지로4가,을지로입구,21,24
20250528,을지로4가,을지로입구,22,9
20250528,을지로4가,을지로입구,23,3
20250528,을지로4가,이대,0,3
20250528,을지로4가,이대,5,1
20250528,을지로4가,이대,6,2
20250528,을지로4가,이대,7,4
20250528,을지로4가,이대,8,5
20250528,을지로4가,이대,9,11
20250528,을지로4가,이대,10,6
20250528,을지로4가,이대,11,11
20250528,을지로4가,이대,12,15
20250528,을지로4가,이대,13,6
20250528,을지로4가,이대,14,7
20250528,을지로4가,이대,15,10
20250528,을지로4가,이대,16,16
20250528,을지로4가,이대,17,36
20250528,을지로4가,이대,18,29
20250528,을지로4가,이대,19,9
20250528,을지로4가,이대,20,7
20250528,을지로4가,이대,21,14
20250528,을지로4가,이대,22,11
20250528,을지로4가,이대,23,2
20250528,을지로4가,잠실(송파구청),5,2
20250528,을지로4가,잠실(송파구청),6,1
20250528,을지로4가,잠실(송파구청),7,6
20250528,을지로4가,잠실(송파구청),8,32
20250528,을지로4가,잠실(송파구청),9,17
20250528,을지로4가,잠실(송파구청),10,16
20250528,을지로4가,잠실(송파구청),11,34
20250528,을지로4가,잠실(송파구청),12,12
20250528,을지로4가,잠실(송파구청),13,37
20250528,을지로4가,잠실(송파구청),14,27
20250528,을지로4가,잠실(송파구청),15,30
20250528,을지로4가,잠실(송파구청),16,53
20250528,을지로4가,잠실(송파구청),17,73
20250528,을지로4가,잠실(송파구청),18,53
20250528,을지로4가,잠실(송파구청),19,22
20250528,을지로4가,잠실(송파구청),20,13
20250528,을지로4가,잠실(송파구청),21,23
20250528,을지로4가,잠실(송파구청),22,13
20250528,을지로4가,잠실(송파구청),23,3
20250528,을지로4가,잠실나루,0,1
20250528,을지로4가,잠실나루,5,3
20250528,을지로4가,잠실나루,6,1
20250528,을지로4가,잠실나루,8,1
20250528,을지로4가,잠실나루,9,7
20250528,을지로4가,잠실나루,10,6
20250528,을지로4가,잠실나루,11,5
20250528,을지로4가,잠실나루,12,4
20250528,을지로4가,잠실나루,13,9
20250528,을지로4가,잠실나루,14,8
20250528,을지로4가,잠실나루,15,9
20250528,을지로4가,잠실나루,16,7
20250528,을지로4가,잠실나루,17,27
20250528,을지로4가,잠실나루,18,31
20250528,을지로4가,잠실나루,19,8
20250528,을지로4가,잠실나루,20,7
20250528,을지로4가,잠실나루,21,7
20250528,을지로4가,잠실나루,22,3
20250528,을지로4가,잠실나루,23,1
20250528,을지로4가,잠실새내,0,1
20250528,을지로4가,잠실새내,5,2
20250528,을지로4가,잠실새내,6,2
20250528,을지로4가,잠실새내,7,3
20250528,을지로4가,잠실새내,9,6
20250528,을지로4가,잠실새내,11,5
20250528,을지로4가,잠실새내,12,7
20250528,을지로4가,잠실새내,13,11
20250528,을지로4가,잠실새내,14,9
20250528,을지로4가,잠실새내,15,8
20250528,을지로4가,잠실새내,16,7
20250528,을지로4가,잠실새내,17,30
20250528,을지로4가,잠실새내,18,40
20250528,을지로4가,잠실새내,19,14
20250528,을지로4가,잠실새내,20,16
20250528,을지로4가,잠실새내,21,10
20250528,을지로4가,잠실새내,22,10
20250528,을지로4가,잠실새내,23,4
20250528,을지로4가,종합운동장,5,1
20250528,을지로4가,종합운동장,7,3
20250528,을지로4가,종합운동장,8,1
20250528,을지로4가,종합운동장,9,1
20250528,을지로4가,종합운동장,10,1
20250528,을지로4가,종합운동장,13,3
20250528,을지로4가,종합운동장,15,7
20250528,을지로4가,종합운동장,16,11
20250528,을지로4가,종합운동장,17,35
20250528,을지로4가,종합운동장,18,21
20250528,을지로4가,종합운동장,19,6
20250528,을지로4가,종합운동장,20,2
20250528,을지로4가,종합운동장,21,1
20250528,을지로4가,종합운동장,22,1
20250528,을지로4가,종합운동장,23,1
20250528,을지로4가,충정로(경기대입구),7,2
20250528,을지로4가,충정로(경기대입구),8,6
20250528,을지로4가,충정로(경기대입구),9,3
20250528,을지로4가,충정로(경기대입구),10,9
20250528,을지로4가,충정로(경기대입구),11,4
20250528,을지로4가,충정로(경기대입구),12,4
20250528,을지로4가,충정로(경기대입구),13,8
20250528,을지로4가,충정로(경기대입구),14,8
20250528,을지로4가,충정로(경기대입구),15,12
20250528,을지로4가,충정로(경기대입구),16,7
20250528,을지로4가,충정로(경기대입구),17,31
20250528,을지로4가,충정로(경기대입구),18,21
20250528,을지로4가,충정로(경기대입구),19,12
20250528,을지로4가,충정로(경기대입구),20,1
20250528,을지로4가,충정로(경기대입구),21,3
20250528,을지로4가,충정로(경기대입구),22,6
20250528,을지로4가,충정로(경기대입구),23,3
20250528,을지로4가,한양대,0,1
20250528,을지로4가,한양대,6,1
20250528,을지로4가,한양대,8,11
20250528,을지로4가,한양대,9,6
20250528,을지로4가,한양대,10,16
20250528,을지로4가,한양대,11,2
20250528,을지로4가,한양대,12,4
20250528,을지로4가,한양대,13,2
20250528,을지로4가,한양대,14,2
20250528,을지로4가,한양대,15,4
20250528,을지로4가,한양대,16,1
20250528,을지로4가,한양대,17,8
20250528,을지로4가,한양대,18,10
20250528,을지로4가,한양대,19,7
20250528,을지로4가,한양대,20,2
20250528,을지로4가,한양대,21,3
20250528,을지로4가,한양대,22,2
20250528,을지로4가,한양대,23,1
20250528,을지로4가,합정,6,2
20250528,을지로4가,합정,8,14
20250528,을지로4가,합정,9,10
20250528,을지로4가,합정,10,8
20250528,을지로4가,합정,11,13
20250528,을지로4가,합정,12,8
20250528,을지로4가,합정,13,15
20250528,을지로4가,합정,14,11
20250528,을지로4가,합정,15,4
20250528,을지로4가,합정,16,22
20250528,을지로4가,합정,17,53
20250528,을지로4가,합정,18,44
20250528,을지로4가,합정,19,12
20250528,을지로4가,합정,20,7
20250528,을지로4가,합정,21,9
20250528,을지로4가,합정,22,2
20250528,을지로4가,합정,23,4
20250528,을지로4가,홍대입구,0,9
20250528,을지로4가,홍대입구,5,2
20250528,을지로4가,홍대입구,6,2
20250528,을지로4가,홍대입구,7,4
20250528,을지로4가,홍대입구,8,9
20250528,을지로4가,홍대입구,9,39
20250528,을지로4가,홍대입구,10,42
20250528,을지로4가,홍대입구,11,44
20250528,을지로4가,홍대입구,12,35
20250528,을지로4가,홍대입구,13,37
20250528,을지로4가,홍대입구,14,40
20250528,을지로4가,홍대입구,15,47
20250528,을지로4가,홍대입구,16,70
20250528,을지로4가,홍대입구,17,91
20250528,을지로4가,홍대입구,18,90
20250528,을지로4가,홍대입구,19,41
20250528,을지로4가,홍대입구,20,31
20250528,을지로4가,홍대입구,21,23
20250528,을지로4가,홍대입구,22,30
20250528,을지로4가,홍대입구,23,13
20250528,을지로입구,강남,8,1
20250528,을지로입구,강남,9,5
20250528,을지로입구,강남,10,12
20250528,을지로입구,강남,11,4
20250528,을지로입구,강남,12,5
20250528,을지로입구,강남,13,16
20250528,을지로입구,강남,14,6
20250528,을지로입구,강남,15,10
20250528,을지로입구,강남,16,21
20250528,을지로입구,강남,17,30
20250528,을지로입구,강남,18,47
20250528,을지로입구,강남,19,3
20250528,을지로입구,강남,20,5
20250528,을지로입구,강남,21,10
20250528,을지로입구,강남,22,9
20250528,을지로입구,강남,23,2
20250528,을지로입구,강변(동서울터미널),0,2
20250528,을지로입구,강변(동서울터미널),5,3
20250528,을지로입구,강변(동서울터미널),6,1
20250528,을지로입구,강변(동서울터미널),7,2
20250528,을지로입구,강변(동서울터미널),9,4
20250528,을지로입구,강변(동서울터미널),10,4
20250528,을지로입구,강변(동서울터미널),11,3
20250528,을지로입구,강변(동서울터미널),12,13
20250528,을지로입구,강변(동서울터미널),13,15
20250528,을지로입구,강변(동서울터미널),14,23
20250528,을지로입구,강변(동서울터미널),15,15
20250528,을지로입구,강변(동서울터미널),16,34
20250528,을지로입구,강변(동서울터미널),17,65
20250528,을지로입구,강변(동서울터미널),18,127
20250528,을지로입구,강변(동서울터미널),19,55
20250528,을지로입구,강변(동서울터미널),20,63
20250528,을지로입구,강변(동서울터미널),21,35
20250528,을지로입구,강변(동서울터미널),22,30
20250528,을지로입구,강변(동서울터미널),23,7
20250528,을지로입구,건대입구,0,11
20250528,을지로입구,건대입구,5,4
20250528,을지로입구,건대입구,6,1
20250528,을지로입구,건대입구,7,3
20250528,을지로입구,건대입구,8,3
20250528,을지로입구,건대입구,9,5
20250528,을지로입구,건대입구,10,8
20250528,을지로입구,건대입구,11,11
20250528,을지로입구,건대입구,12,17
20250528,을지로입구,건대입구,13,19
20250528,을지로입구,건대입구,14,45
20250528,을지로입구,건대입구,15,51
20250528,을지로입구,건대입구,16,48
20250528,을지로입구,건대입구,17,126
20250528,을지로입구,건대입구,18,217
20250528,을지로입구,건대입구,19,80
20250528,을지로입구,건대입구,20,89
20250528,을지로입구,건대입구,21,75
20250528,을지로입구,건대입구,22,64
20250528,을지로입구,건대입구,23,27
20250528,을지로입구,교대(법원.검찰청),9,5
20250528,을지로입구,교대(법원.검찰청),10,3
20250528,을지로입구,교대(법원.검찰청),11,1
20250528,을지로입구,교대(법원.검찰청),12,5
20250528,을지로입구,교대(법원.검찰청),13,4
20250528,을지로입구,교대(법원.검찰청),14,3
20250528,을지로입구,교대(법원.검찰청),15,2
20250528,을지로입구,교대(법원.검찰청),16,5
20250528,을지로입구,교대(법원.검찰청),17,7
20250528,을지로입구,교대(법원.검찰청),18,21
20250528,을지로입구,교대(법원.검찰청),19,10
20250528,을지로입구,교대(법원.검찰청),20,6
20250528,을지로입구,교대(법원.검찰청),21,3
20250528,을지로입구,교대(법원.검찰청),22,3
20250528,을지로입구,교대(법원.검찰청),23,1
20250528,을지로입구,구로디지털단지,0,3
20250528,을지로입구,구로디지털단지,5,3
20250528,을지로입구,구로디지털단지,6,4
20250528,을지로입구,구로디지털단지,7,8
20250528,을지로입구,구로디지털단지,8,3
20250528,을지로입구,구로디지털단지,9,11
20250528,을지로입구,구로디지털단지,10,2
20250528,을지로입구,구로디지털단지,11,6
20250528,을지로입구,구로디지털단지,12,7
20250528,을지로입구,구로디지털단지,13,26
20250528,을지로입구,구로디지털단지,14,28
20250528,을지로입구,구로디지털단지,15,46
20250528,을지로입구,구로디지털단지,16,60
20250528,을지로입구,구로디지털단지,17,101
20250528,을지로입구,구로디지털단지,18,195
20250528,을지로입구,구로디지털단지,19,86
20250528,을지로입구,구로디지털단지,20,99
20250528,을지로입구,구로디지털단지,21,77
20250528,을지로입구,구로디지털단지,22,51
20250528,을지로입구,구로디지털단지,23,25
20250528,을지로입구,구의(광진구청),0,1
20250528,을지로입구,구의(광진구청),5,4
20250528,을지로입구,구의(광진구청),6,2
20250528,을지로입구,구의(광진구청),7,3
20250528,을지로입구,구의(광진구청),8,4
20250528,을지로입구,구의(광진구청),9,3
20250528,을지로입구,구의(광진구청),10,4
20250528,을지로입구,구의(광진구청),11,6
20250528,을지로입구,구의(광진구청),12,14
20250528,을지로입구,구의(광진구청),13,22
20250528,을지로입구,구의(광진구청),14,16
20250528,을지로입구,구의(광진구청),15,28
20250528,을지로입구,구의(광진구청),16,42
20250528,을지로입구,구의(광진구청),17,87
20250528,을지로입구,구의(광진구청),18,157
20250528,을지로입구,구의(광진구청),19,60
20250528,을지로입구,구의(광진구청),20,69
20250528,을지로입구,구의(광진구청),21,41
20250528,을지로입구,구의(광진구청),22,42
20250528,을지로입구,구의(광진구청),23,16
20250528,을지로입구,낙성대,7,1
20250528,을지로입구,낙성대,8,1
20250528,을지로입구,낙성대,10,1
20250528,을지로입구,낙성대,11,2
20250528,을지로입구,낙성대,12,7
20250528,을지로입구,낙성대,13,3
20250528,을지로입구,낙성대,14,2
20250528,을지로입구,낙성대,15,8
20250528,을지로입구,낙성대,16,11
20250528,을지로입구,낙성대,17,23
20250528,을지로입구,낙성대,18,34
20250528,을지로입구,낙성대,19,15
20250528,을지로입구,낙성대,20,13
20250528,을지로입구,낙성대,21,10
20250528,을지로입구,낙성대,22,7
20250528,을지로입구,낙성대,23,5
20250528,을지로입구,당산,0,2
20250528,을지로입구,당산,4,1
20250528,을지로입구,당산,5,5
20250528,을지로입구,당산,6,8
20250528,을지로입구,당산,7,15
20250528,을지로입구,당산,8,18
20250528,을지로입구,당산,9,7
20250528,을지로입구,당산,10,6
20250528,을지로입구,당산,11,19
20250528,을지로입구,당산,12,16
20250528,을지로입구,당산,13,27
20250528,을지로입구,당산,14,40
20250528,을지로입구,당산,15,42
20250528,을지로입구,당산,16,73
20250528,을지로입구,당산,17,202
20250528,을지로입구,당산,18,328
20250528,을지로입구,당산,19,127
20250528,을지로입구,당산,20,108
20250528,을지로입구,당산,21,81
20250528,을지로입구,당산,22,93
20250528,을지로입구,당산,23,23
20250528,을지로입구,대림(구로구청),0,5
20250528,을지로입구,대림(구로구청),6,3
20250528,을지로입구,대림(구로구청),7,3
20250528,을지로입구,대림(구로구청),8,2
20250528,을지로입구,대림(구로구청),9,5
20250528,을지로입구,대림(구로구청),10,6
20250528,을지로입구,대림(구로구청),11,12
20250528,을지로입구,대림(구로구청),12,8
20250528,을지로입구,대림(구로구청),13,20
20250528,을지로입구,대림(구로구청),14,21
20250528,을지로입구,대림(구로구청),15,15
20250528,을지로입구,대림(구로구청),16,36
20250528,을지로입구,대림(구로구청),17,43
20250528,을지로입구,대림(구로구청),18,97
20250528,을지로입구,대림(구로구청),19,46
20250528,을지로입구,대림(구로구청),20,74
20250528,을지로입구,대림(구로구청),21,55
20250528,을지로입구,대림(구로구청),22,46
20250528,을지로입구,대림(구로구청),23,13
20250528,을지로입구,동대문역사문화공원,0,1
20250528,을지로입구,동대문역사문화공원,6,1
20250528,을지로입구,동대문역사문화공원,7,8
20250528,을지로입구,동대문역사문화공원,8,6
20250528,을지로입구,동대문역사문화공원,9,11
20250528,을지로입구,동대문역사문화공원,10,23
20250528,을지로입구,동대문역사문화공원,11,41
20250528,을지로입구,동대문역사문화공원,12,42
20250528,을지로입구,동대문역사문화공원,13,58
20250528,을지로입구,동대문역사문화공원,14,54
20250528,을지로입구,동대문역사문화공원,15,43
20250528,을지로입구,동대문역사문화공원,16,60
20250528,을지로입구,동대문역사문화공원,17,91
20250528,을지로입구,동대문역사문화공원,18,109
20250528,을지로입구,동대문역사문화공원,19,103
20250528,을지로입구,동대문역사문화공원,20,69
20250528,을지로입구,동대문역사문화공원,21,48
20250528,을지로입구,동대문역사문화공원,22,48
20250528,을지로입구,동대문역사문화공원,23,12
20250528,을지로입구,뚝섬,0,5
20250528,을지로입구,뚝섬,5,3
20250528,을지로입구,뚝섬,6,1
20250528,을지로입구,뚝섬,7,15
20250528,을지로입구,뚝섬,8,10
20250528,을지로입구,뚝섬,9,19
20250528,을지로입구,뚝섬,10,34
20250528,을지로입구,뚝섬,11,32
20250528,을지로입구,뚝섬,12,69
20250528,을지로입구,뚝섬,13,46
20250528,을지로입구,뚝섬,14,26
20250528,을지로입구,뚝섬,15,37
20250528,을지로입구,뚝섬,16,32
20250528,을지로입구,뚝섬,17,49
20250528,을지로입구,뚝섬,18,100
20250528,을지로입구,뚝섬,19,26
20250528,을지로입구,뚝섬,20,29
20250528,을지로입구,뚝섬,21,25
20250528,을지로입구,뚝섬,22,18
20250528,을지로입구,뚝섬,23,8
20250528,을지로입구,문래,0,2
20250528,을지로입구,문래,5,2
20250528,을지로입구,문래,6,5
20250528,을지로입구,문래,7,19
20250528,을지로입구,문래,8,9
20250528,을지로입구,문래,9,9
20250528,을지로입구,문래,10,4
20250528,을지로입구,문래,11,5
20250528,을지로입구,문래,12,10
20250528,을지로입구,문래,13,17
20250528,을지로입구,문래,14,8
20250528,을지로입구,문래,15,21
20250528,을지로입구,문래,16,38
20250528,을지로입구,문래,17,63
20250528,을지로입구,문래,18,130
20250528,을지로입구,문래,19,52
20250528,을지로입구,문래,20,39
20250528,을지로입구,문래,21,36
20250528,을지로입구,문래,22,17
20250528,을지로입구,문래,23,6
20250528,을지로입구,방배,7,1
20250528,을지로입구,방배,9,2
20250528,을지로입구,방배,10,1
20250528,을지로입구,방배,11,1
20250528,을지로입구,방배,13,1
20250528,을지로입구,방배,15,1
20250528,을지로입구,방배,16,1
20250528,을지로입구,방배,17,6
20250528,을지로입구,방배,18,7
20250528,을지로입구,방배,21,2
20250528,을지로입구,방배,22,2
20250528,을지로입구,봉천,0,2
20250528,을지로입구,봉천,6,1
20250528,을지로입구,봉천,8,1
20250528,을지로입구,봉천,9,1
20250528,을지로입구,봉천,10,1
20250528,을지로입구,봉천,11,2
20250528,을지로입구,봉천,12,4
20250528,을지로입구,봉천,13,6
20250528,을지로입구,봉천,14,3
20250528,을지로입구,봉천,15,9
20250528,을지로입구,봉천,16,12
20250528,을지로입구,봉천,17,28
20250528,을지로입구,봉천,18,47
20250528,을지로입구,봉천,19,18
20250528,을지로입구,봉천,20,23
20250528,을지로입구,봉천,21,13
20250528,을지로입구,봉천,22,16
20250528,을지로입구,봉천,23,6
20250528,을지로입구,사당,5,1
20250528,을지로입구,사당,10,3
20250528,을지로입구,사당,11,2
20250528,을지로입구,사당,12,1
20250528,을지로입구,사당,13,2
20250528,을지로입구,사당,14,1
20250528,을지로입구,사당,15,4
20250528,을지로입구,사당,16,5
20250528,을지로입구,사당,17,10
20250528,을지로입구,사당,18,5
20250528,을지로입구,사당,19,6
20250528,을지로입구,사당,20,3
20250528,을지로입구,사당,21,2
20250528,을지로입구,사당,22,2
20250528,을지로입구,사당,23,2
20250528,을지로입구,삼성(무역센터),5,2
20250528,을지로입구,삼성(무역센터),6,1
20250528,을지로입구,삼성(무역센터),7,1
20250528,을지로입구,삼성(무역센터),8,3
20250528,을지로입구,삼성(무역센터),9,37
20250528,을지로입구,삼성(무역센터),10,58
20250528,을지로입구,삼성(무역센터),11,48
20250528,을지로입구,삼성(무역센터),12,48
20250528,을지로입구,삼성(무역센터),13,74
20250528,을지로입구,삼성(무역센터),14,47
20250528,을지로입구,삼성(무역센터),15,38
20250528,을지로입구,삼성(무역센터),16,35
20250528,을지로입구,삼성(무역센터),17,50
20250528,을지로입구,삼성(무역센터),18,48
20250528,을지로입구,삼성(무역센터),19,23
20250528,을지로입구,삼성(무역센터),20,10
20250528,을지로입구,삼성(무역센터),21,14
20250528,을지로입구,삼성(무역센터),22,9
20250528,을지로입구,삼성(무역센터),23,1
20250528,을지로입구,상왕십리,0,5
20250528,을지로입구,상왕십리,4,1
20250528,을지로입구,상왕십리,5,1
20250528,을지로입구,상왕십리,6,2
20250528,을지로입구,상왕십리,7,1
20250528,을지로입구,상왕십리,8,5
20250528,을지로입구,상왕십리,9,8
20250528,을지로입구,상왕십리,10,5
20250528,을지로입구,상왕십리,11,12
20250528,을지로입구,상왕십리,12,14
20250528,을지로입구,상왕십리,13,18
20250528,을지로입구,상왕십리,14,19
20250528,을지로입구,상왕십리,15,31
20250528,을지로입구,상왕십리,16,34
20250528,을지로입구,상왕십리,17,89
20250528,을지로입구,상왕십리,18,165
20250528,을지로입구,상왕십리,19,84
20250528,을지로입구,상왕십리,20,70
20250528,을지로입구,상왕십리,21,56
20250528,을지로입구,상왕십리,22,40
20250528,을지로입구,상왕십리,23,25
20250528,을지로입구,서울대입구(관악구청),0,3
20250528,을지로입구,서울대입구(관악구청),7,1
20250528,을지로입구,서울대입구(관악구청),8,1
20250528,을지로입구,서울대입구(관악구청),10,1
20250528,을지로입구,서울대입구(관악구청),11,2
20250528,을지로입구,서울대입구(관악구청),12,7
20250528,을지로입구,서울대입구(관악구청),13,11
20250528,을지로입구,서울대입구(관악구청),14,7
20250528,을지로입구,서울대입구(관악구청),15,14
20250528,을지로입구,서울대입구(관악구청),16,16
20250528,을지로입구,서울대입구(관악구청),17,56
20250528,을지로입구,서울대입구(관악구청),18,81
20250528,을지로입구,서울대입구(관악구청),19,34
20250528,을지로입구,서울대입구(관악구청),20,33
20250528,을지로입구,서울대입구(관악구청),21,22
20250528,을지로입구,서울대입구(관악구청),22,10
20250528,을지로입구,서울대입구(관악구청),23,6
20250528,을지로입구,서초,9,1
20250528,을지로입구,서초,10,2
20250528,을지로입구,서초,11,2
20250528,을지로입구,서초,12,2
20250528,을지로입구,서초,13,5
20250528,을지로입구,서초,14,2
20250528,을지로입구,서초,15,4
20250528,을지로입구,서초,16,3
20250528,을지로입구,서초,17,1
20250528,을지로입구,서초,18,3
20250528,을지로입구,서초,21,1
20250528,을지로입구,서초,22,1
20250528,을지로입구,선릉,7,1
20250528,을지로입구,선릉,8,3
20250528,을지로입구,선릉,9,5
20250528,을지로입구,선릉,10,3
20250528,을지로입구,선릉,11,6
20250528,을지로입구,선릉,12,11
20250528,을지로입구,선릉,13,19
20250528,을지로입구,선릉,14,12
20250528,을지로입구,선릉,15,12
20250528,을지로입구,선릉,16,13
20250528,을지로입구,선릉,17,22
20250528,을지로입구,선릉,18,18
20250528,을지로입구,선릉,19,6
20250528,을지로입구,선릉,20,7
20250528,을지로입구,선릉,21,6
20250528,을지로입구,선릉,23,4
20250528,을지로입구,성수,0,9
20250528,을지로입구,성수,4,1
20250528,을지로입구,성수,5,7
20250528,을지로입구,성수,6,4
20250528,을지로입구,성수,7,20
20250528,을지로입구,성수,8,27
20250528,을지로입구,성수,9,60
20250528,을지로입구,성수,10,86
20250528,을지로입구,성수,11,93
20250528,을지로입구,성수,12,56
20250528,을지로입구,성수,13,88
20250528,을지로입구,성수,14,113
20250528,을지로입구,성수,15,73
20250528,을지로입구,성수,16,69
20250528,을지로입구,성수,17,83
20250528,을지로입구,성수,18,111
20250528,을지로입구,성수,19,31
20250528,을지로입구,성수,20,25
20250528,을지로입구,성수,21,11
20250528,을지로입구,성수,22,27
20250528,을지로입구,성수,23,8
20250528,을지로입구,시청,0,3
20250528,을지로입구,시청,5,1
20250528,을지로입구,시청,6,2
20250528,을지로입구,시청,7,15
20250528,을지로입구,시청,8,21
20250528,을지로입구,시청,9,25
20250528,을지로입구,시청,10,22
20250528,을지로입구,시청,11,28
20250528,을지로입구,시청,12,35
20250528,을지로입구,시청,13,36
20250528,을지로입구,시청,14,21
20250528,을지로입구,시청,15,21
20250528,을지로입구,시청,16,20
20250528,을지로입구,시청,17,22
20250528,을지로입구,시청,18,35
20250528,을지로입구,시청,19,20
20250528,을지로입구,시청,20,8
20250528,을지로입구,시청,21,22
20250528,을지로입구,시청,22,6
20250528,을지로입구,시청,23,6
20250528,을지로입구,신당,0,12
20250528,을지로입구,신당,7,3
20250528,을지로입구,신당,8,3
20250528,을지로입구,신당,9,14
20250528,을지로입구,신당,10,12
20250528,을지로입구,신당,11,21
20250528,을지로입구,신당,12,34
20250528,을지로입구,신당,13,36
20250528,을지로입구,신당,14,29
20250528,을지로입구,신당,15,41
20250528,을지로입구,신당,16,58
20250528,을지로입구,신당,17,129
20250528,을지로입구,신당,18,201
20250528,을지로입구,신당,19,104
20250528,을지로입구,신당,20,87
20250528,을지로입구,신당,21,58
20250528,을지로입구,신당,22,45
20250528,을지로입구,신당,23,22
20250528,을지로입구,신대방,0,3
20250528,을지로입구,신대방,5,1
20250528,을지로입구,신대방,6,3
20250528,을지로입구,신대방,7,1
20250528,을지로입구,신대방,8,2
20250528,을지로입구,신대방,10,4
20250528,을지로입구,신대방,12,7
20250528,을지로입구,신대방,13,9
20250528,을지로입구,신대방,14,8
20250528,을지로입구,신대방,15,15
20250528,을지로입구,신대방,16,29
20250528,을지로입구,신대방,17,48
20250528,을지로입구,신대방,18,96
20250528,을지로입구,신대방,19,47
20250528,을지로입구,신대방,20,54
20250528,을지로입구,신대방,21,47
20250528,을지로입구,신대방,22,34
20250528,을지로입구,신대방,23,17
20250528,을지로입구,신도림,0,10
20250528,을지로입구,신도림,5,2
20250528,을지로입구,신도림,7,3
20250528,을지로입구,신도림,8,5
20250528,을지로입구,신도림,9,5
20250528,을지로입구,신도림,10,6
20250528,을지로입구,신도림,11,9
20250528,을지로입구,신도림,12,9
20250528,을지로입구,신도림,13,27
20250528,을지로입구,신도림,14,22
20250528,을지로입구,신도림,15,37
20250528,을지로입구,신도림,16,63
20250528,을지로입구,신도림,17,120
20250528,을지로입구,신도림,18,186
20250528,을지로입구,신도림,19,83
20250528,을지로입구,신도림,20,91
20250528,을지로입구,신도림,21,73
20250528,을지로입구,신도림,22,54
20250528,을지로입구,신도림,23,34
20250528,을지로입구,신림,0,4
20250528,을지로입구,신림,5,1
20250528,을지로입구,신림,6,5
20250528,을지로입구,신림,7,4
20250528,을지로입구,신림,8,4
20250528,을지로입구,신림,9,2
20250528,을지로입구,신림,10,1
20250528,을지로입구,신림,11,4
20250528,을지로입구,신림,12,5
20250528,을지로입구,신림,13,10
20250528,을지로입구,신림,14,16
20250528,을지로입구,신림,15,24
20250528,을지로입구,신림,16,44
20250528,을지로입구,신림,17,72
20250528,을지로입구,신림,18,154
20250528,을지로입구,신림,19,60
20250528,을지로입구,신림,20,69
20250528,을지로입구,신림,21,61
20250528,을지로입구,신림,22,42
20250528,을지로입구,신림,23,24
20250528,을지로입구,신촌,0,11
20250528,을지로입구,신촌,5,3
20250528,을지로입구,신촌,6,4
20250528,을지로입구,신촌,7,19
20250528,을지로입구,신촌,8,70
20250528,을지로입구,신촌,9,73
20250528,을지로입구,신촌,10,52
20250528,을지로입구,신촌,11,74
20250528,을지로입구,신촌,12,93
20250528,을지로입구,신촌,13,90
20250528,을지로입구,신촌,14,85
20250528,을지로입구,신촌,15,106
20250528,을지로입구,신촌,16,146
20250528,을지로입구,신촌,17,261
20250528,을지로입구,신촌,18,372
20250528,을지로입구,신촌,19,141
20250528,을지로입구,신촌,20,129
20250528,을지로입구,신촌,21,130
20250528,을지로입구,신촌,22,102
20250528,을지로입구,신촌,23,72
20250528,을지로입구,아현,0,5
20250528,을지로입구,아현,5,2
20250528,을지로입구,아현,6,5
20250528,을지로입구,아현,7,7
20250528,을지로입구,아현,8,6
20250528,을지로입구,아현,9,5
20250528,을지로입구,아현,10,20
20250528,을지로입구,아현,11,25
20250528,을지로입구,아현,12,23
20250528,을지로입구,아현,13,35
20250528,을지로입구,아현,14,33
20250528,을지로입구,아현,15,33
20250528,을지로입구,아현,16,37
20250528,을지로입구,아현,17,109
20250528,을지로입구,아현,18,200
20250528,을지로입구,아현,19,87
20250528,을지로입구,아현,20,60
20250528,을지로입구,아현,21,51
20250528,을지로입구,아현,22,32
20250528,을지로입구,아현,23,14
20250528,을지로입구,역삼,8,1
20250528,을지로입구,역삼,9,7
20250528,을지로입구,역삼,10,7
20250528,을지로입구,역삼,11,34
20250528,을지로입구,역삼,12,11
20250528,을지로입구,역삼,13,17
20250528,을지로입구,역삼,14,12
20250528,을지로입구,역삼,15,9
20250528,을지로입구,역삼,16,12
20250528,을지로입구,역삼,17,20
20250528,을지로입구,역삼,18,25
20250528,을지로입구,역삼,19,4
20250528,을지로입구,역삼,20,3
20250528,을지로입구,역삼,21,9
20250528,을지로입구,역삼,22,9
20250528,을지로입구,역삼,23,1
20250528,을지로입구,영등포구청,0,7
20250528,을지로입구,영등포구청,5,1
20250528,을지로입구,영등포구청,6,4
20250528,을지로입구,영등포구청,7,15
20250528,을지로입구,영등포구청,8,8
20250528,을지로입구,영등포구청,9,12
20250528,을지로입구,영등포구청,10,5
20250528,을지로입구,영등포구청,11,9
20250528,을지로입구,영등포구청,12,7
20250528,을지로입구,영등포구청,13,14
20250528,을지로입구,영등포구청,14,25
20250528,을지로입구,영등포구청,15,25
20250528,을지로입구,영등포구청,16,38
20250528,을지로입구,영등포구청,17,89
20250528,을지로입구,영등포구청,18,142
20250528,을지로입구,영등포구청,19,64
20250528,을지로입구,영등포구청,20,52
20250528,을지로입구,영등포구청,21,42
20250528,을지로입구,영등포구청,22,33
20250528,을지로입구,영등포구청,23,9
20250528,을지로입구,왕십리(성동구청),0,2
20250528,을지로입구,왕십리(성동구청),5,2
20250528,을지로입구,왕십리(성동구청),6,2
20250528,을지로입구,왕십리(성동구청),7,3
20250528,을지로입구,왕십리(성동구청),8,2
20250528,을지로입구,왕십리(성동구청),9,8
20250528,을지로입구,왕십리(성동구청),10,8
20250528,을지로입구,왕십리(성동구청),11,14
20250528,을지로입구,왕십리(성동구청),12,24
20250528,을지로입구,왕십리(성동구청),13,22
20250528,을지로입구,왕십리(성동구청),14,22
20250528,을지로입구,왕십리(성동구청),15,33
20250528,을지로입구,왕십리(성동구청),16,56
20250528,을지로입구,왕십리(성동구청),17,116
20250528,을지로입구,왕십리(성동구청),18,142
20250528,을지로입구,왕십리(성동구청),19,64
20250528,을지로입구,왕십리(성동구청),20,53
20250528,을지로입구,왕십리(성동구청),21,35
20250528,을지로입구,왕십리(성동구청),22,33
20250528,을지로입구,왕십리(성동구청),23,15
20250528,을지로입구,용두(동대문구청),10,1
20250528,을지로입구,용두(동대문구청),18,1
20250528,을지로입구,용두(동대문구청),19,1
20250528,을지로입구,을지로3가,0,4
20250528,을지로입구,을지로3가,6,2
20250528,을지로입구,을지로3가,7,4
20250528,을지로입구,을지로3가,8,13
20250528,을지로입구,을지로3가,9,21
20250528,을지로입구,을지로3가,10,20
20250528,을지로입구,을지로3가,11,44
20250528,을지로입구,을지로3가,12,29
20250528,을지로입구,을지로3가,13,46
20250528,을지로입구,을지로3가,14,31
20250528,을지로입구,을지로3가,15,43
20250528,을지로입구,을지로3가,16,23
20250528,을지로입구,을지로3가,17,33
20250528,을지로입구,을지로3가,18,65
20250528,을지로입구,을지로3가,19,46
20250528,을지로입구,을지로3가,20,17
20250528,을지로입구,을지로3가,21,23
20250528,을지로입구,을지로3가,22,50
20250528,을지로입구,을지로3가,23,14
20250528,을지로입구,을지로4가,0,4
20250528,을지로입구,을지로4가,6,4
20250528,을지로입구,을지로4가,7,15
20250528,을지로입구,을지로4가,8,14
20250528,을지로입구,을지로4가,9,23
20250528,을지로입구,을지로4가,10,32
20250528,을지로입구,을지로4가,11,52
20250528,을지로입구,을지로4가,12,58
20250528,을지로입구,을지로4가,13,56
20250528,을지로입구,을지로4가,14,59
20250528,을지로입구,을지로4가,15,50
20250528,을지로입구,을지로4가,16,38
20250528,을지로입구,을지로4가,17,49
20250528,을지로입구,을지로4가,18,60
20250528,을지로입구,을지로4가,19,45
20250528,을지로입구,을지로4가,20,46
20250528,을지로입구,을지로4가,21,26
20250528,을지로입구,을지로4가,22,36
20250528,을지로입구,을지로4가,23,22
20250528,을지로입구,을지로입구,0,12
20250528,을지로입구,을지로입구,6,6
20250528,을지로입구,을지로입구,7,9
20250528,을지로입구,을지로입구,8,11
20250528,을지로입구,을지로입구,9,22
20250528,을지로입구,을지로입구,10,43
20250528,을지로입구,을지로입구,11,49
20250528,을지로입구,을지로입구,12,56
20250528,을지로입구,을지로입구,13,44
20250528,을지로입구,을지로입구,14,54
20250528,을지로입구,을지로입구,15,58
20250528,을지로입구,을지로입구,16,77
20250528,을지로입구,을지로입구,17,74
20250528,을지로입구,을지로입구,18,123
20250528,을지로입구,을지로입구,19,54
20250528,을지로입구,을지로입구,20,66
20250528,을지로입구,을지로입구,21,64
20250528,을지로입구,을지로입구,22,56
20250528,을지로입구,을지로입구,23,17
20250528,을지로입구,이대,0,8
20250528,을지로입구,이대,6,6
20250528,을지로입구,이대,7,25
20250528,을지로입구,이대,8,49
20250528,을지로입구,이대,9,55
20250528,을지로입구,이대,10,64
20250528,을지로입구,이대,11,67
20250528,을지로입구,이대,12,51
20250528,을지로입구,이대,13,56
20250528,을지로입구,이대,14,39
20250528,을지로입구,이대,15,51
20250528,을지로입구,이대,16,54
20250528,을지로입구,이대,17,115
20250528,을지로입구,이대,18,191
20250528,을지로입구,이대,19,82
20250528,을지로입구,이대,20,59
20250528,을지로입구,이대,21,61
20250528,을지로입구,이대,22,60
20250528,을지로입구,이대,23,22
20250528,을지로입구,잠실(송파구청),0,5
20250528,을지로입구,잠실(송파구청),5,2
20250528,을지로입구,잠실(송파구청),6,5
20250528,을지로입구,잠실(송파구청),7,9
20250528,을지로입구,잠실(송파구청),8,25
20250528,을지로입구,잠실(송파구청),9,57
20250528,을지로입구,잠실(송파구청),10,30
20250528,을지로입구,잠실(송파구청),11,62
20250528,을지로입구,잠실(송파구청),12,47
20250528,을지로입구,잠실(송파구청),13,90
20250528,을지로입구,잠실(송파구청),14,76
20250528,을지로입구,잠실(송파구청),15,73
20250528,을지로입구,잠실(송파구청),16,88
20250528,을지로입구,잠실(송파구청),17,180
20250528,을지로입구,잠실(송파구청),18,330
20250528,을지로입구,잠실(송파구청),19,127
20250528,을지로입구,잠실(송파구청),20,104
20250528,을지로입구,잠실(송파구청),21,70
20250528,을지로입구,잠실(송파구청),22,51
20250528,을지로입구,잠실(송파구청),23,16
20250528,을지로입구,잠실나루,0,2
20250528,을지로입구,잠실나루,5,3
20250528,을지로입구,잠실나루,7,6
20250528,을지로입구,잠실나루,8,2
20250528,을지로입구,잠실나루,9,1
20250528,을지로입구,잠실나루,10,4
20250528,을지로입구,잠실나루,11,7
20250528,을지로입구,잠실나루,12,8
20250528,을지로입구,잠실나루,13,9
20250528,을지로입구,잠실나루,14,9
20250528,을지로입구,잠실나루,15,12
20250528,을지로입구,잠실나루,16,33
20250528,을지로입구,잠실나루,17,62
20250528,을지로입구,잠실나루,18,113
20250528,을지로입구,잠실나루,19,52
20250528,을지로입구,잠실나루,20,33
20250528,을지로입구,잠실나루,21,32
20250528,을지로입구,잠실나루,22,20
20250528,을지로입구,잠실나루,23,8
20250528,을지로입구,잠실새내,5,1
20250528,을지로입구,잠실새내,7,1
20250528,을지로입구,잠실새내,9,2
20250528,을지로입구,잠실새내,10,1
20250528,을지로입구,잠실새내,11,5
20250528,을지로입구,잠실새내,12,7
20250528,을지로입구,잠실새내,13,14
20250528,을지로입구,잠실새내,14,12
20250528,을지로입구,잠실새내,15,28
20250528,을지로입구,잠실새내,16,40
20250528,을지로입구,잠실새내,17,89
20250528,을지로입구,잠실새내,18,162
20250528,을지로입구,잠실새내,19,61
20250528,을지로입구,잠실새내,20,53
20250528,을지로입구,잠실새내,21,38
20250528,을지로입구,잠실새내,22,23
20250528,을지로입구,잠실새내,23,7
20250528,을지로입구,종합운동장,9,1
20250528,을지로입구,종합운동장,12,1
20250528,을지로입구,종합운동장,13,4
20250528,을지로입구,종합운동장,14,11
20250528,을지로입구,종합운동장,15,12
20250528,을지로입구,종합운동장,16,57
20250528,을지로입구,종합운동장,17,115
20250528,을지로입구,종합운동장,18,81
20250528,을지로입구,종합운동장,19,27
20250528,을지로입구,종합운동장,20,8
20250528,을지로입구,종합운동장,21,8
20250528,을지로입구,종합운동장,22,10
20250528,을지로입구,종합운동장,23,4
20250528,을지로입구,충정로(경기대입구),0,9
20250528,을지로입구,충정로(경기대입구),6,8
20250528,을지로입구,충정로(경기대입구),7,19
20250528,을지로입구,충정로(경기대입구),8,24
20250528,을지로입구,충정로(경기대입구),9,28
20250528,을지로입구,충정로(경기대입구),10,15
20250528,을지로입구,충정로(경기대입구),11,25
20250528,을지로입구,충정로(경기대입구),12,22
20250528,을지로입구,충정로(경기대입구),13,23
20250528,을지로입구,충정로(경기대입구),14,25
20250528,을지로입구,충정로(경기대입구),15,36
20250528,을지로입구,충정로(경기대입구),16,31
20250528,을지로입구,충정로(경기대입구),17,58
20250528,을지로입구,충정로(경기대입구),18,88
20250528,을지로입구,충정로(경기대입구),19,39
20250528,을지로입구,충정로(경기대입구),20,32
20250528,을지로입구,충정로(경기대입구),21,34
20250528,을지로입구,충정로(경기대입구),22,38
20250528,을지로입구,충정로(경기대입구),23,16
20250528,을지로입구,한양대,0,2
20250528,을지로입구,한양대,6,2
20250528,을지로입구,한양대,7,4
20250528,을지로입구,한양대,8,11
20250528,을지로입구,한양대,9,24
20250528,을지로입구,한양대,10,15
20250528,을지로입구,한양대,11,16
20250528,을지로입구,한양대,12,23
20250528,을지로입구,한양대,13,18
20250528,을지로입구,한양대,14,5
20250528,을지로입구,한양대,15,8
20250528,을지로입구,한양대,16,9
20250528,을지로입구,한양대,17,32
20250528,을지로입구,한양대,18,44
20250528,을지로입구,한양대,19,13
20250528,을지로입구,한양대,20,10
20250528,을지로입구,한양대,21,10
20250528,을지로입구,한양대,22,10
20250528,을지로입구,한양대,23,8
20250528,을지로입구,합정,0,6
20250528,을지로입구,합정,5,3
20250528,을지로입구,합정,6,14
20250528,을지로입구,합정,7,20
20250528,을지로입구,합정,8,41
20250528,을지로입구,합정,9,32
20250528,을지로입구,합정,10,36
20250528,을지로입구,합정,11,33
20250528,을지로입구,합정,12,32
20250528,을지로입구,합정,13,48
20250528,을지로입구,합정,14,66
20250528,을지로입구,합정,15,64
20250528,을지로입구,합정,16,94
20250528,을지로입구,합정,17,137
20250528,을지로입구,합정,18,238
20250528,을지로입구,합정,19,116
20250528,을지로입구,합정,20,75
20250528,을지로입구,합정,21,67
20250528,을지로입구,합정,22,53
20250528,을지로입구,합정,23,37
20250528,을지로입구,홍대입구,0,22
20250528,을지로입구,홍대입구,5,9
20250528,을지로입구,홍대입구,6,17
20250528,을지로입구,홍대입구,7,37
20250528,을지로입구,홍대입구,8,68
20250528,을지로입구,홍대입구,9,147
20250528,을지로입구,홍대입구,10,135
20250528,을지로입구,홍대입구,11,171
20250528,을지로입구,홍대입구,12,137
20250528,을지로입구,홍대입구,13,176
20250528,을지로입구,홍대입구,14,196
20250528,을지로입구,홍대입구,15,211
20250528,을지로입구,홍대입구,16,219
20250528,을지로입구,홍대입구,17,341
20250528,을지로입구,홍대입구,18,536
20250528,을지로입구,홍대입구,19,283
20250528,을지로입구,홍대입구,20,212
20250528,을지로입구,홍대입구,21,227
20250528,을지로입구,홍대입구,22,169
20250528,을지로입구,홍대입구,23,142
20250528,이대,강남,5,2
20250528,이대,강남,6,13
20250528,이대,강남,7,40
20250528,이대,강남,8,30
20250528,이대,강남,9,23
20250528,이대,강남,10,4
20250528,이대,강남,11,5
20250528,이대,강남,12,8
20250528,이대,강남,13,9
20250528,이대,강남,14,2
20250528,이대,강남,15,14
20250528,이대,강남,16,8
20250528,이대,강남,17,17
20250528,이대,강남,18,8
20250528,이대,강남,19,9
20250528,이대,강남,20,5
20250528,이대,강남,21,3
20250528,이대,강남,22,2
20250528,이대,강남,23,1
20250528,이대,강변(동서울터미널),6,3
20250528,이대,강변(동서울터미널),7,4
20250528,이대,강변(동서울터미널),8,6
20250528,이대,강변(동서울터미널),9,2
20250528,이대,강변(동서울터미널),10,1
20250528,이대,강변(동서울터미널),11,1
20250528,이대,강변(동서울터미널),12,12
20250528,이대,강변(동서울터미널),13,5
20250528,이대,강변(동서울터미널),14,5
20250528,이대,강변(동서울터미널),15,7
20250528,이대,강변(동서울터미널),16,15
20250528,이대,강변(동서울터미널),17,12
20250528,이대,강변(동서울터미널),18,7
20250528,이대,강변(동서울터미널),19,8
20250528,이대,강변(동서울터미널),20,17
20250528,이대,강변(동서울터미널),21,9
20250528,이대,강변(동서울터미널),22,7
20250528,이대,강변(동서울터미널),23,2
20250528,이대,건대입구,5,2
20250528,이대,건대입구,6,2
20250528,이대,건대입구,7,9
20250528,이대,건대입구,8,13
20250528,이대,건대입구,9,12
20250528,이대,건대입구,10,4
20250528,이대,건대입구,11,5
20250528,이대,건대입구,12,9
20250528,이대,건대입구,13,7
20250528,이대,건대입구,14,11
20250528,이대,건대입구,15,17
20250528,이대,건대입구,16,17
20250528,이대,건대입구,17,19
20250528,이대,건대입구,18,29
20250528,이대,건대입구,19,18
20250528,이대,건대입구,20,14
20250528,이대,건대입구,21,14
20250528,이대,건대입구,22,13
20250528,이대,건대입구,23,3
20250528,이대,교대(법원.검찰청),5,1
20250528,이대,교대(법원.검찰청),6,1
20250528,이대,교대(법원.검찰청),7,5
20250528,이대,교대(법원.검찰청),8,7
20250528,이대,교대(법원.검찰청),9,6
20250528,이대,교대(법원.검찰청),10,3
20250528,이대,교대(법원.검찰청),11,1
20250528,이대,교대(법원.검찰청),12,6
20250528,이대,교대(법원.검찰청),13,4
20250528,이대,교대(법원.검찰청),14,4
20250528,이대,교대(법원.검찰청),15,7
20250528,이대,교대(법원.검찰청),16,3
20250528,이대,교대(법원.검찰청),17,2
20250528,이대,교대(법원.검찰청),18,8
20250528,이대,교대(법원.검찰청),19,6
20250528,이대,교대(법원.검찰청),20,4
20250528,이대,교대(법원.검찰청),21,3
20250528,이대,교대(법원.검찰청),22,1
20250528,이대,구로디지털단지,0,2
20250528,이대,구로디지털단지,5,4
20250528,이대,구로디지털단지,6,6
20250528,이대,구로디지털단지,7,26
20250528,이대,구로디지털단지,8,29
20250528,이대,구로디지털단지,9,21
20250528,이대,구로디지털단지,10,4
20250528,이대,구로디지털단지,11,9
20250528,이대,구로디지털단지,12,7
20250528,이대,구로디지털단지,13,11
20250528,이대,구로디지털단지,14,14
20250528,이대,구로디지털단지,15,19
20250528,이대,구로디지털단지,16,26
20250528,이대,구로디지털단지,17,37
20250528,이대,구로디지털단지,18,29
20250528,이대,구로디지털단지,19,23
20250528,이대,구로디지털단지,20,13
20250528,이대,구로디지털단지,21,30
20250528,이대,구로디지털단지,22,26
20250528,이대,구로디지털단지,23,6
20250528,이대,구의(광진구청),0,1
20250528,이대,구의(광진구청),6,2
20250528,이대,구의(광진구청),7,4
20250528,이대,구의(광진구청),8,2
20250528,이대,구의(광진구청),9,1
20250528,이대,구의(광진구청),10,5
20250528,이대,구의(광진구청),11,2
20250528,이대,구의(광진구청),12,7
20250528,이대,구의(광진구청),13,7
20250528,이대,구의(광진구청),14,5
20250528,이대,구의(광진구청),15,11
20250528,이대,구의(광진구청),16,11
20250528,이대,구의(광진구청),17,11
20250528,이대,구의(광진구청),18,12
20250528,이대,구의(광진구청),19,8
20250528,이대,구의(광진구청),20,6
20250528,이대,구의(광진구청),21,14
20250528,이대,구의(광진구청),22,7
20250528,이대,구의(광진구청),23,2
20250528,이대,낙성대,0,1
20250528,이대,낙성대,5,1
20250528,이대,낙성대,6,1
20250528,이대,낙성대,7,5
20250528,이대,낙성대,8,3
20250528,이대,낙성대,9,2
20250528,이대,낙성대,10,2
20250528,이대,낙성대,11,4
20250528,이대,낙성대,12,5
20250528,이대,낙성대,13,2
20250528,이대,낙성대,14,3
20250528,이대,낙성대,15,6
20250528,이대,낙성대,16,9
20250528,이대,낙성대,17,9
20250528,이대,낙성대,18,10
20250528,이대,낙성대,19,6
20250528,이대,낙성대,20,6
20250528,이대,낙성대,21,8
20250528,이대,낙성대,22,9
20250528,이대,낙성대,23,2
20250528,이대,당산,5,2
20250528,이대,당산,6,5
20250528,이대,당산,7,6
20250528,이대,당산,8,21
20250528,이대,당산,9,12
20250528,이대,당산,10,7
20250528,이대,당산,11,3
20250528,이대,당산,12,11
20250528,이대,당산,13,11
20250528,이대,당산,14,9
20250528,이대,당산,15,15
20250528,이대,당산,16,14
20250528,이대,당산,17,32
20250528,이대,당산,18,27
20250528,이대,당산,19,24
20250528,이대,당산,20,14
20250528,이대,당산,21,30
20250528,이대,당산,22,16
20250528,이대,당산,23,9
20250528,이대,대림(구로구청),5,1
20250528,이대,대림(구로구청),6,4
20250528,이대,대림(구로구청),7,9
20250528,이대,대림(구로구청),8,8
20250528,이대,대림(구로구청),9,5
20250528,이대,대림(구로구청),11,5
20250528,이대,대림(구로구청),12,5
20250528,이대,대림(구로구청),13,5
20250528,이대,대림(구로구청),14,8
20250528,이대,대림(구로구청),15,8
20250528,이대,대림(구로구청),16,6
20250528,이대,대림(구로구청),17,6
20250528,이대,대림(구로구청),18,13
20250528,이대,대림(구로구청),19,11
20250528,이대,대림(구로구청),20,6
20250528,이대,대림(구로구청),21,10
20250528,이대,대림(구로구청),22,12
20250528,이대,대림(구로구청),23,2
20250528,이대,동대문역사문화공원,0,1
20250528,이대,동대문역사문화공원,6,4
20250528,이대,동대문역사문화공원,7,12
20250528,이대,동대문역사문화공원,8,28
20250528,이대,동대문역사문화공원,9,7
20250528,이대,동대문역사문화공원,10,9
20250528,이대,동대문역사문화공원,11,8
20250528,이대,동대문역사문화공원,12,9
20250528,이대,동대문역사문화공원,13,17
20250528,이대,동대문역사문화공원,14,20
20250528,이대,동대문역사문화공원,15,14
20250528,이대,동대문역사문화공원,16,11
20250528,이대,동대문역사문화공원,17,13
20250528,이대,동대문역사문화공원,18,23
20250528,이대,동대문역사문화공원,19,14
20250528,이대,동대문역사문화공원,20,8
20250528,이대,동대문역사문화공원,21,6
20250528,이대,동대문역사문화공원,22,6
20250528,이대,동대문역사문화공원,23,3
20250528,이대,뚝섬,5,1
20250528,이대,뚝섬,6,2
20250528,이대,뚝섬,7,10
20250528,이대,뚝섬,8,21
20250528,이대,뚝섬,9,19
20250528,이대,뚝섬,10,7
20250528,이대,뚝섬,11,7
20250528,이대,뚝섬,12,4
20250528,이대,뚝섬,13,5
20250528,이대,뚝섬,14,10
20250528,이대,뚝섬,15,8
20250528,이대,뚝섬,16,12
20250528,이대,뚝섬,17,11
20250528,이대,뚝섬,18,18
20250528,이대,뚝섬,19,8
20250528,이대,뚝섬,20,6
20250528,이대,뚝섬,21,3
20250528,이대,뚝섬,22,5
20250528,이대,뚝섬,23,1
20250528,이대,문래,6,1
20250528,이대,문래,7,20
20250528,이대,문래,8,25
20250528,이대,문래,9,10
20250528,이대,문래,10,7
20250528,이대,문래,11,3
20250528,이대,문래,12,8
20250528,이대,문래,13,8
20250528,이대,문래,14,5
20250528,이대,문래,15,10
20250528,이대,문래,16,14
20250528,이대,문래,17,24
20250528,이대,문래,18,21
20250528,이대,문래,19,11
20250528,이대,문래,20,11
20250528,이대,문래,21,11
20250528,이대,문래,22,6
20250528,이대,문래,23,4
20250528,이대,방배,5,1
20250528,이대,방배,6,1
20250528,이대,방배,7,6
20250528,이대,방배,8,4
20250528,이대,방배,9,3
20250528,이대,방배,10,4
20250528,이대,방배,11,3
20250528,이대,방배,12,5
20250528,이대,방배,13,6
20250528,이대,방배,14,2
20250528,이대,방배,15,6
20250528,이대,방배,16,5
20250528,이대,방배,17,10
20250528,이대,방배,18,11
20250528,이대,방배,19,6
20250528,이대,방배,20,4
20250528,이대,방배,21,10
20250528,이대,방배,22,2
20250528,이대,방배,23,2
20250528,이대,봉천,0,2
20250528,이대,봉천,6,1
20250528,이대,봉천,7,4
20250528,이대,봉천,8,5
20250528,이대,봉천,9,1
20250528,이대,봉천,11,2
20250528,이대,봉천,12,2
20250528,이대,봉천,13,2
20250528,이대,봉천,14,3
20250528,이대,봉천,15,10
20250528,이대,봉천,16,4
20250528,이대,봉천,17,5
20250528,이대,봉천,18,11
20250528,이대,봉천,19,8
20250528,이대,봉천,20,9
20250528,이대,봉천,21,9
20250528,이대,봉천,22,2
20250528,이대,봉천,23,4
20250528,이대,사당,6,2
20250528,이대,사당,7,2
20250528,이대,사당,8,3
20250528,이대,사당,9,2
20250528,이대,사당,10,4
20250528,이대,사당,11,2
20250528,이대,사당,12,10
20250528,이대,사당,13,8
20250528,이대,사당,14,7
20250528,이대,사당,15,10
20250528,이대,사당,16,13
20250528,이대,사당,17,37
20250528,이대,사당,18,11
20250528,이대,사당,19,12
20250528,이대,사당,20,13
20250528,이대,사당,21,16
20250528,이대,사당,22,12
20250528,이대,사당,23,7
20250528,이대,삼성(무역센터),5,4
20250528,이대,삼성(무역센터),6,16
20250528,이대,삼성(무역센터),7,39
20250528,이대,삼성(무역센터),8,45
20250528,이대,삼성(무역센터),9,23
20250528,이대,삼성(무역센터),10,4
20250528,이대,삼성(무역센터),11,8
20250528,이대,삼성(무역센터),12,8
20250528,이대,삼성(무역센터),13,6
20250528,이대,삼성(무역센터),14,4
20250528,이대,삼성(무역센터),15,9
20250528,이대,삼성(무역센터),16,8
20250528,이대,삼성(무역센터),17,8
20250528,이대,삼성(무역센터),18,5
20250528,이대,삼성(무역센터),19,3
20250528,이대,삼성(무역센터),20,2
20250528,이대,삼성(무역센터),21,2
20250528,이대,삼성(무역센터),22,1
20250528,이대,삼성(무역센터),23,5
20250528,이대,상왕십리,0,3
20250528,이대,상왕십리,6,1
20250528,이대,상왕십리,7,5
20250528,이대,상왕십리,8,6
20250528,이대,상왕십리,9,3
20250528,이대,상왕십리,10,6
20250528,이대,상왕십리,11,3
20250528,이대,상왕십리,12,5
20250528,이대,상왕십리,13,8
20250528,이대,상왕십리,14,2
20250528,이대,상왕십리,15,11
20250528,이대,상왕십리,16,18
20250528,이대,상왕십리,17,10
20250528,이대,상왕십리,18,17
20250528,이대,상왕십리,19,6
20250528,이대,상왕십리,20,13
20250528,이대,상왕십리,21,6
20250528,이대,상왕십리,22,11
20250528,이대,상왕십리,23,6
20250528,이대,서울대입구(관악구청),0,3
20250528,이대,서울대입구(관악구청),5,1
20250528,이대,서울대입구(관악구청),6,2
20250528,이대,서울대입구(관악구청),7,13
20250528,이대,서울대입구(관악구청),8,11
20250528,이대,서울대입구(관악구청),9,6
20250528,이대,서울대입구(관악구청),10,8
20250528,이대,서울대입구(관악구청),11,7
20250528,이대,서울대입구(관악구청),12,10
20250528,이대,서울대입구(관악구청),13,12
20250528,이대,서울대입구(관악구청),14,11
20250528,이대,서울대입구(관악구청),15,15
20250528,이대,서울대입구(관악구청),16,19
20250528,이대,서울대입구(관악구청),17,20
20250528,이대,서울대입구(관악구청),18,16
20250528,이대,서울대입구(관악구청),19,13
20250528,이대,서울대입구(관악구청),20,9
20250528,이대,서울대입구(관악구청),21,14
20250528,이대,서울대입구(관악구청),22,18
20250528,이대,서울대입구(관악구청),23,4
20250528,이대,서초,6,3
20250528,이대,서초,7,7
20250528,이대,서초,8,10
20250528,이대,서초,9,3
20250528,이대,서초,10,1
20250528,이대,서초,11,3
20250528,이대,서초,12,1
20250528,이대,서초,13,3
20250528,이대,서초,14,1
20250528,이대,서초,15,2
20250528,이대,서초,16,6
20250528,이대,서초,17,10
20250528,이대,서초,18,4
20250528,이대,서초,20,7
20250528,이대,서초,21,3
20250528,이대,서초,22,2
20250528,이대,서초,23,1
20250528,이대,선릉,5,1
20250528,이대,선릉,6,6
20250528,이대,선릉,7,29
20250528,이대,선릉,8,13
20250528,이대,선릉,9,7
20250528,이대,선릉,10,3
20250528,이대,선릉,11,2
20250528,이대,선릉,12,4
20250528,이대,선릉,13,9
20250528,이대,선릉,14,4
20250528,이대,선릉,15,8
20250528,이대,선릉,16,4
20250528,이대,선릉,17,6
20250528,이대,선릉,18,5
20250528,이대,선릉,20,6
20250528,이대,선릉,21,2
20250528,이대,선릉,22,2
20250528,이대,선릉,23,2
20250528,이대,성수,0,1
20250528,이대,성수,5,5
20250528,이대,성수,6,6
20250528,이대,성수,7,22
20250528,이대,성수,8,30
20250528,이대,성수,9,20
20250528,이대,성수,10,9
20250528,이대,성수,11,14
20250528,이대,성수,12,22
20250528,이대,성수,13,18
20250528,이대,성수,14,27
20250528,이대,성수,15,24
20250528,이대,성수,16,10
20250528,이대,성수,17,13
20250528,이대,성수,18,15
20250528,이대,성수,19,10
20250528,이대,성수,20,1
20250528,이대,성수,21,1
20250528,이대,성수,22,3
20250528,이대,성수,23,1
20250528,이대,시청,5,2
20250528,이대,시청,6,11
20250528,이대,시청,7,55
20250528,이대,시청,8,156
20250528,이대,시청,9,41
20250528,이대,시청,10,11
20250528,이대,시청,11,7
20250528,이대,시청,12,7
20250528,이대,시청,13,21
20250528,이대,시청,14,16
20250528,이대,시청,15,34
20250528,이대,시청,16,20
20250528,이대,시청,17,23
20250528,이대,시청,18,5
20250528,이대,시청,19,6
20250528,이대,시청,20,4
20250528,이대,시청,21,3
20250528,이대,시청,22,5
20250528,이대,시청,23,1
20250528,이대,신당,5,2
20250528,이대,신당,6,2
20250528,이대,신당,7,9
20250528,이대,신당,8,6
20250528,이대,신당,9,4
20250528,이대,신당,10,5
20250528,이대,신당,11,3
20250528,이대,신당,12,11
20250528,이대,신당,13,6
20250528,이대,신당,14,9
20250528,이대,신당,15,7
20250528,이대,신당,16,13
20250528,이대,신당,17,17
20250528,이대,신당,18,8
20250528,이대,신당,19,6
20250528,이대,신당,20,9
20250528,이대,신당,21,8
20250528,이대,신당,22,13
20250528,이대,신당,23,3
20250528,이대,신대방,0,2
20250528,이대,신대방,7,2
20250528,이대,신대방,8,3
20250528,이대,신대방,10,2
20250528,이대,신대방,11,2
20250528,이대,신대방,12,6
20250528,이대,신대방,13,7
20250528,이대,신대방,14,5
20250528,이대,신대방,15,8
20250528,이대,신대방,16,8
20250528,이대,신대방,17,17
20250528,이대,신대방,18,11
20250528,이대,신대방,19,13
20250528,이대,신대방,20,8
20250528,이대,신대방,21,15
20250528,이대,신대방,22,12
20250528,이대,신대방,23,4
20250528,이대,신도림,0,4
20250528,이대,신도림,5,2
20250528,이대,신도림,6,3
20250528,이대,신도림,7,9
20250528,이대,신도림,8,16
20250528,이대,신도림,9,12
20250528,이대,신도림,10,7
20250528,이대,신도림,11,11
20250528,이대,신도림,12,11
20250528,이대,신도림,13,18
20250528,이대,신도림,14,19
20250528,이대,신도림,15,32
20250528,이대,신도림,16,25
20250528,이대,신도림,17,37
20250528,이대,신도림,18,38
20250528,이대,신도림,19,29
20250528,이대,신도림,20,26
20250528,이대,신도림,21,29
20250528,이대,신도림,22,21
20250528,이대,신도림,23,14
20250528,이대,신림,0,1
20250528,이대,신림,5,1
20250528,이대,신림,6,5
20250528,이대,신림,7,4
20250528,이대,신림,8,4
20250528,이대,신림,9,1
20250528,이대,신림,10,6
20250528,이대,신림,11,1
20250528,이대,신림,12,8
20250528,이대,신림,13,9
20250528,이대,신림,14,10
20250528,이대,신림,15,14
20250528,이대,신림,16,11
20250528,이대,신림,17,21
20250528,이대,신림,18,29
20250528,이대,신림,19,23
20250528,이대,신림,20,28
20250528,이대,신림,21,17
20250528,이대,신림,22,11
20250528,이대,신림,23,3
20250528,이대,신촌,0,1
20250528,이대,신촌,6,5
20250528,이대,신촌,7,4
20250528,이대,신촌,8,14
20250528,이대,신촌,9,23
20250528,이대,신촌,10,23
20250528,이대,신촌,11,32
20250528,이대,신촌,12,41
20250528,이대,신촌,13,35
20250528,이대,신촌,14,46
20250528,이대,신촌,15,40
20250528,이대,신촌,16,33
20250528,이대,신촌,17,47
20250528,이대,신촌,18,37
20250528,이대,신촌,19,20
20250528,이대,신촌,20,19
20250528,이대,신촌,21,17
20250528,이대,신촌,22,7
20250528,이대,신촌,23,1
20250528,이대,아현,0,2
20250528,이대,아현,6,1
20250528,이대,아현,7,3
20250528,이대,아현,8,11
20250528,이대,아현,9,17
20250528,이대,아현,10,10
20250528,이대,아현,11,18
20250528,이대,아현,12,24
20250528,이대,아현,13,16
20250528,이대,아현,14,23
20250528,이대,아현,15,19
20250528,이대,아현,16,17
20250528,이대,아현,17,18
20250528,이대,아현,18,21
20250528,이대,아현,19,12
20250528,이대,아현,20,12
20250528,이대,아현,21,7
20250528,이대,아현,22,9
20250528,이대,역삼,5,1
20250528,이대,역삼,6,7
20250528,이대,역삼,7,30
20250528,이대,역삼,8,27
20250528,이대,역삼,9,16
20250528,이대,역삼,10,3
20250528,이대,역삼,11,4
20250528,이대,역삼,12,2
20250528,이대,역삼,13,2
20250528,이대,역삼,14,6
20250528,이대,역삼,15,3
20250528,이대,역삼,16,5
20250528,이대,역삼,17,6
20250528,이대,역삼,18,3
20250528,이대,역삼,19,4
20250528,이대,역삼,20,3
20250528,이대,역삼,21,3
20250528,이대,영등포구청,0,2
20250528,이대,영등포구청,6,3
20250528,이대,영등포구청,7,8
20250528,이대,영등포구청,8,23
20250528,이대,영등포구청,9,6
20250528,이대,영등포구청,10,11
20250528,이대,영등포구청,11,3
20250528,이대,영등포구청,12,6
20250528,이대,영등포구청,13,8
20250528,이대,영등포구청,14,12
20250528,이대,영등포구청,15,8
20250528,이대,영등포구청,16,6
20250528,이대,영등포구청,17,32
20250528,이대,영등포구청,18,12
20250528,이대,영등포구청,19,10
20250528,이대,영등포구청,20,10
20250528,이대,영등포구청,21,10
20250528,이대,영등포구청,22,11
20250528,이대,영등포구청,23,5
20250528,이대,왕십리(성동구청),5,1
20250528,이대,왕십리(성동구청),6,1
20250528,이대,왕십리(성동구청),7,2
20250528,이대,왕십리(성동구청),8,5
20250528,이대,왕십리(성동구청),9,5
20250528,이대,왕십리(성동구청),10,1
20250528,이대,왕십리(성동구청),11,6
20250528,이대,왕십리(성동구청),12,7
20250528,이대,왕십리(성동구청),13,7
20250528,이대,왕십리(성동구청),14,6
20250528,이대,왕십리(성동구청),15,7
20250528,이대,왕십리(성동구청),16,16
20250528,이대,왕십리(성동구청),17,23
20250528,이대,왕십리(성동구청),18,19
20250528,이대,왕십리(성동구청),19,6
20250528,이대,왕십리(성동구청),20,10
20250528,이대,왕십리(성동구청),21,10
20250528,이대,왕십리(성동구청),22,9
20250528,이대,왕십리(성동구청),23,8
20250528,이대,용두(동대문구청),17,1
20250528,이대,을지로3가,0,2
20250528,이대,을지로3가,5,6
20250528,이대,을지로3가,6,11
20250528,이대,을지로3가,7,63
20250528,이대,을지로3가,8,83
20250528,이대,을지로3가,9,36
20250528,이대,을지로3가,10,12
20250528,이대,을지로3가,11,10
20250528,이대,을지로3가,12,9
20250528,이대,을지로3가,13,9
20250528,이대,을지로3가,14,6
20250528,이대,을지로3가,15,15
20250528,이대,을지로3가,16,17
20250528,이대,을지로3가,17,21
20250528,이대,을지로3가,18,27
20250528,이대,을지로3가,19,16
20250528,이대,을지로3가,20,5
20250528,이대,을지로3가,21,4
20250528,이대,을지로3가,23,2
20250528,이대,을지로4가,5,1
20250528,이대,을지로4가,6,7
20250528,이대,을지로4가,7,26
20250528,이대,을지로4가,8,36
20250528,이대,을지로4가,9,10
20250528,이대,을지로4가,10,8
20250528,이대,을지로4가,11,9
20250528,이대,을지로4가,12,9
20250528,이대,을지로4가,13,6
20250528,이대,을지로4가,14,9
20250528,이대,을지로4가,15,10
20250528,이대,을지로4가,16,12
20250528,이대,을지로4가,17,9
20250528,이대,을지로4가,18,3
20250528,이대,을지로4가,19,10
20250528,이대,을지로4가,20,3
20250528,이대,을지로4가,21,8
20250528,이대,을지로4가,22,3
20250528,이대,을지로4가,23,2
20250528,이대,을지로입구,5,2
20250528,이대,을지로입구,6,29
20250528,이대,을지로입구,7,103
20250528,이대,을지로입구,8,213
20250528,이대,을지로입구,9,80
20250528,이대,을지로입구,10,58
20250528,이대,을지로입구,11,39
20250528,이대,을지로입구,12,42
20250528,이대,을지로입구,13,63
20250528,이대,을지로입구,14,42
20250528,이대,을지로입구,15,57
20250528,이대,을지로입구,16,59
20250528,이대,을지로입구,17,96
20250528,이대,을지로입구,18,61
20250528,이대,을지로입구,19,37
20250528,이대,을지로입구,20,44
20250528,이대,을지로입구,21,26
20250528,이대,을지로입구,22,26
20250528,이대,을지로입구,23,7
20250528,이대,이대,4,1
20250528,이대,이대,5,2
20250528,이대,이대,6,1
20250528,이대,이대,8,3
20250528,이대,이대,9,2
20250528,이대,이대,11,7
20250528,이대,이대,12,7
20250528,이대,이대,13,11
20250528,이대,이대,14,4
20250528,이대,이대,15,8
20250528,이대,이대,16,5
20250528,이대,이대,17,3
20250528,이대,이대,18,12
20250528,이대,이대,19,6
20250528,이대,이대,20,6
20250528,이대,이대,21,9
20250528,이대,이대,22,6
20250528,이대,이대,23,2
20250528,이대,잠실(송파구청),0,2
20250528,이대,잠실(송파구청),5,3
20250528,이대,잠실(송파구청),6,14
20250528,이대,잠실(송파구청),7,21
20250528,이대,잠실(송파구청),8,35
20250528,이대,잠실(송파구청),9,14
20250528,이대,잠실(송파구청),10,9
20250528,이대,잠실(송파구청),11,9
20250528,이대,잠실(송파구청),12,15
20250528,이대,잠실(송파구청),13,22
20250528,이대,잠실(송파구청),14,22
20250528,이대,잠실(송파구청),15,42
20250528,이대,잠실(송파구청),16,39
20250528,이대,잠실(송파구청),17,34
20250528,이대,잠실(송파구청),18,31
20250528,이대,잠실(송파구청),19,27
20250528,이대,잠실(송파구청),20,25
20250528,이대,잠실(송파구청),21,23
20250528,이대,잠실(송파구청),22,22
20250528,이대,잠실(송파구청),23,11
20250528,이대,잠실나루,0,1
20250528,이대,잠실나루,6,9
20250528,이대,잠실나루,7,12
20250528,이대,잠실나루,8,3
20250528,이대,잠실나루,9,2
20250528,이대,잠실나루,10,2
20250528,이대,잠실나루,11,5
20250528,이대,잠실나루,12,7
20250528,이대,잠실나루,13,2
20250528,이대,잠실나루,14,7
20250528,이대,잠실나루,15,6
20250528,이대,잠실나루,16,7
20250528,이대,잠실나루,17,11
20250528,이대,잠실나루,18,12
20250528,이대,잠실나루,19,3
20250528,이대,잠실나루,20,4
20250528,이대,잠실나루,21,8
20250528,이대,잠실나루,22,2
20250528,이대,잠실나루,23,1
20250528,이대,잠실새내,5,1
20250528,이대,잠실새내,7,3
20250528,이대,잠실새내,8,1
20250528,이대,잠실새내,9,3
20250528,이대,잠실새내,10,4
20250528,이대,잠실새내,11,4
20250528,이대,잠실새내,12,9
20250528,이대,잠실새내,13,13
20250528,이대,잠실새내,14,2
20250528,이대,잠실새내,15,10
20250528,이대,잠실새내,16,23
20250528,이대,잠실새내,17,22
20250528,이대,잠실새내,18,16
20250528,이대,잠실새내,19,11
20250528,이대,잠실새내,20,13
20250528,이대,잠실새내,21,12
20250528,이대,잠실새내,22,4
20250528,이대,종합운동장,0,1
20250528,이대,종합운동장,9,1
20250528,이대,종합운동장,10,1
20250528,이대,종합운동장,12,1
20250528,이대,종합운동장,14,2
20250528,이대,종합운동장,15,7
20250528,이대,종합운동장,16,22
20250528,이대,종합운동장,17,38
20250528,이대,종합운동장,18,8
20250528,이대,종합운동장,19,2
20250528,이대,종합운동장,20,2
20250528,이대,종합운동장,21,6
20250528,이대,종합운동장,22,5
20250528,이대,충정로(경기대입구),5,2
20250528,이대,충정로(경기대입구),6,1
20250528,이대,충정로(경기대입구),7,7
20250528,이대,충정로(경기대입구),8,21
20250528,이대,충정로(경기대입구),9,8
20250528,이대,충정로(경기대입구),10,3
20250528,이대,충정로(경기대입구),11,5
20250528,이대,충정로(경기대입구),12,11
20250528,이대,충정로(경기대입구),13,4
20250528,이대,충정로(경기대입구),14,4
20250528,이대,충정로(경기대입구),15,12
20250528,이대,충정로(경기대입구),16,9
20250528,이대,충정로(경기대입구),17,13
20250528,이대,충정로(경기대입구),18,17
20250528,이대,충정로(경기대입구),19,9
20250528,이대,충정로(경기대입구),20,10
20250528,이대,충정로(경기대입구),21,2
20250528,이대,충정로(경기대입구),22,4
20250528,이대,충정로(경기대입구),23,2
20250528,이대,한양대,5,1
20250528,이대,한양대,6,1
20250528,이대,한양대,7,4
20250528,이대,한양대,8,20
20250528,이대,한양대,9,30
20250528,이대,한양대,10,11
20250528,이대,한양대,11,5
20250528,이대,한양대,12,14
20250528,이대,한양대,13,4
20250528,이대,한양대,14,8
20250528,이대,한양대,15,11
20250528,이대,한양대,16,2
20250528,이대,한양대,17,7
20250528,이대,한양대,18,11
20250528,이대,한양대,19,4
20250528,이대,한양대,20,4
20250528,이대,한양대,21,1
20250528,이대,한양대,23,1
20250528,이대,합정,0,3
20250528,이대,합정,5,1
20250528,이대,합정,6,7
20250528,이대,합정,7,12
20250528,이대,합정,8,29
20250528,이대,합정,9,23
20250528,이대,합정,10,14
20250528,이대,합정,11,18
20250528,이대,합정,12,25
20250528,이대,합정,13,30
20250528,이대,합정,14,23
20250528,이대,합정,15,32
20250528,이대,합정,16,33
20250528,이대,합정,17,60
20250528,이대,합정,18,54
20250528,이대,합정,19,44
20250528,이대,합정,20,23
20250528,이대,합정,21,16
20250528,이대,합정,22,6
20250528,이대,합정,23,6
20250528,이대,홍대입구,0,4
20250528,이대,홍대입구,5,6
20250528,이대,홍대입구,6,6
20250528,이대,홍대입구,7,18
20250528,이대,홍대입구,8,35
20250528,이대,홍대입구,9,29
20250528,이대,홍대입구,10,50
20250528,이대,홍대입구,11,53
20250528,이대,홍대입구,12,60
20250528,이대,홍대입구,13,54
20250528,이대,홍대입구,14,71
20250528,이대,홍대입구,15,89
20250528,이대,홍대입구,16,97
20250528,이대,홍대입구,17,144
20250528,이대,홍대입구,18,119
20250528,이대,홍대입구,19,87
20250528,이대,홍대입구,20,50
20250528,이대,홍대입구,21,46
20250528,이대,홍대입구,22,24
20250528,이대,홍대입구,23,8
20250528,잠실(송파구청),강남,0,6
20250528,잠실(송파구청),강남,5,38
20250528,잠실(송파구청),강남,6,215
20250528,잠실(송파구청),강남,7,580
20250528,잠실(송파구청),강남,8,744
20250528,잠실(송파구청),강남,9,610
20250528,잠실(송파구청),강남,10,287
20250528,잠실(송파구청),강남,11,181
20250528,잠실(송파구청),강남,12,213
20250528,잠실(송파구청),강남,13,231
20250528,잠실(송파구청),강남,14,186
20250528,잠실(송파구청),강남,15,226
20250528,잠실(송파구청),강남,16,219
20250528,잠실(송파구청),강남,17,359
20250528,잠실(송파구청),강남,18,447
20250528,잠실(송파구청),강남,19,241
20250528,잠실(송파구청),강남,20,179
20250528,잠실(송파구청),강남,21,168
20250528,잠실(송파구청),강남,22,100
20250528,잠실(송파구청),강남,23,48
20250528,잠실(송파구청),강변(동서울터미널),0,10
20250528,잠실(송파구청),강변(동서울터미널),5,12
20250528,잠실(송파구청),강변(동서울터미널),6,33
20250528,잠실(송파구청),강변(동서울터미널),7,60
20250528,잠실(송파구청),강변(동서울터미널),8,78
20250528,잠실(송파구청),강변(동서울터미널),9,80
20250528,잠실(송파구청),강변(동서울터미널),10,65
20250528,잠실(송파구청),강변(동서울터미널),11,60
20250528,잠실(송파구청),강변(동서울터미널),12,78
20250528,잠실(송파구청),강변(동서울터미널),13,94
20250528,잠실(송파구청),강변(동서울터미널),14,122
20250528,잠실(송파구청),강변(동서울터미널),15,129
20250528,잠실(송파구청),강변(동서울터미널),16,136
20250528,잠실(송파구청),강변(동서울터미널),17,153
20250528,잠실(송파구청),강변(동서울터미널),18,220
20250528,잠실(송파구청),강변(동서울터미널),19,138
20250528,잠실(송파구청),강변(동서울터미널),20,124
20250528,잠실(송파구청),강변(동서울터미널),21,97
20250528,잠실(송파구청),강변(동서울터미널),22,69
20250528,잠실(송파구청),강변(동서울터미널),23,25
20250528,잠실(송파구청),건대입구,0,23
20250528,잠실(송파구청),건대입구,5,12
20250528,잠실(송파구청),건대입구,6,25
20250528,잠실(송파구청),건대입구,7,63
20250528,잠실(송파구청),건대입구,8,115
20250528,잠실(송파구청),건대입구,9,94
20250528,잠실(송파구청),건대입구,10,84
20250528,잠실(송파구청),건대입구,11,80
20250528,잠실(송파구청),건대입구,12,99
20250528,잠실(송파구청),건대입구,13,74
20250528,잠실(송파구청),건대입구,14,85
20250528,잠실(송파구청),건대입구,15,115
20250528,잠실(송파구청),건대입구,16,122
20250528,잠실(송파구청),건대입구,17,169
20250528,잠실(송파구청),건대입구,18,307
20250528,잠실(송파구청),건대입구,19,168
20250528,잠실(송파구청),건대입구,20,149
20250528,잠실(송파구청),건대입구,21,136
20250528,잠실(송파구청),건대입구,22,103
20250528,잠실(송파구청),건대입구,23,49
20250528,잠실(송파구청),교대(법원.검찰청),5,14
20250528,잠실(송파구청),교대(법원.검찰청),6,52
20250528,잠실(송파구청),교대(법원.검찰청),7,140
20250528,잠실(송파구청),교대(법원.검찰청),8,237
20250528,잠실(송파구청),교대(법원.검찰청),9,132
20250528,잠실(송파구청),교대(법원.검찰청),10,91
20250528,잠실(송파구청),교대(법원.검찰청),11,61
20250528,잠실(송파구청),교대(법원.검찰청),12,67
20250528,잠실(송파구청),교대(법원.검찰청),13,65
20250528,잠실(송파구청),교대(법원.검찰청),14,52
20250528,잠실(송파구청),교대(법원.검찰청),15,53
20250528,잠실(송파구청),교대(법원.검찰청),16,51
20250528,잠실(송파구청),교대(법원.검찰청),17,89
20250528,잠실(송파구청),교대(법원.검찰청),18,101
20250528,잠실(송파구청),교대(법원.검찰청),19,58
20250528,잠실(송파구청),교대(법원.검찰청),20,36
20250528,잠실(송파구청),교대(법원.검찰청),21,48
20250528,잠실(송파구청),교대(법원.검찰청),22,34
20250528,잠실(송파구청),교대(법원.검찰청),23,9
20250528,잠실(송파구청),구로디지털단지,0,7
20250528,잠실(송파구청),구로디지털단지,5,7
20250528,잠실(송파구청),구로디지털단지,6,51
20250528,잠실(송파구청),구로디지털단지,7,183
20250528,잠실(송파구청),구로디지털단지,8,112
20250528,잠실(송파구청),구로디지털단지,9,55
20250528,잠실(송파구청),구로디지털단지,10,29
20250528,잠실(송파구청),구로디지털단지,11,17
20250528,잠실(송파구청),구로디지털단지,12,20
20250528,잠실(송파구청),구로디지털단지,13,23
20250528,잠실(송파구청),구로디지털단지,14,25
20250528,잠실(송파구청),구로디지털단지,15,35
20250528,잠실(송파구청),구로디지털단지,16,61
20250528,잠실(송파구청),구로디지털단지,17,91
20250528,잠실(송파구청),구로디지털단지,18,121
20250528,잠실(송파구청),구로디지털단지,19,78
20250528,잠실(송파구청),구로디지털단지,20,87
20250528,잠실(송파구청),구로디지털단지,21,47
20250528,잠실(송파구청),구로디지털단지,22,52
20250528,잠실(송파구청),구로디지털단지,23,15
20250528,잠실(송파구청),구의(광진구청),0,11
20250528,잠실(송파구청),구의(광진구청),5,2
20250528,잠실(송파구청),구의(광진구청),6,30
20250528,잠실(송파구청),구의(광진구청),7,38
20250528,잠실(송파구청),구의(광진구청),8,64
20250528,잠실(송파구청),구의(광진구청),9,26
20250528,잠실(송파구청),구의(광진구청),10,35
20250528,잠실(송파구청),구의(광진구청),11,22
20250528,잠실(송파구청),구의(광진구청),12,55
20250528,잠실(송파구청),구의(광진구청),13,48
20250528,잠실(송파구청),구의(광진구청),14,70
20250528,잠실(송파구청),구의(광진구청),15,91
20250528,잠실(송파구청),구의(광진구청),16,88
20250528,잠실(송파구청),구의(광진구청),17,120
20250528,잠실(송파구청),구의(광진구청),18,186
20250528,잠실(송파구청),구의(광진구청),19,107
20250528,잠실(송파구청),구의(광진구청),20,111
20250528,잠실(송파구청),구의(광진구청),21,105
20250528,잠실(송파구청),구의(광진구청),22,61
20250528,잠실(송파구청),구의(광진구청),23,15
20250528,잠실(송파구청),낙성대,0,10
20250528,잠실(송파구청),낙성대,5,5
20250528,잠실(송파구청),낙성대,6,8
20250528,잠실(송파구청),낙성대,7,25
20250528,잠실(송파구청),낙성대,8,38
20250528,잠실(송파구청),낙성대,9,29
20250528,잠실(송파구청),낙성대,10,24
20250528,잠실(송파구청),낙성대,11,20
20250528,잠실(송파구청),낙성대,12,31
20250528,잠실(송파구청),낙성대,13,27
20250528,잠실(송파구청),낙성대,14,16
20250528,잠실(송파구청),낙성대,15,30
20250528,잠실(송파구청),낙성대,16,37
20250528,잠실(송파구청),낙성대,17,58
20250528,잠실(송파구청),낙성대,18,95
20250528,잠실(송파구청),낙성대,19,54
20250528,잠실(송파구청),낙성대,20,67
20250528,잠실(송파구청),낙성대,21,66
20250528,잠실(송파구청),낙성대,22,60
20250528,잠실(송파구청),낙성대,23,19
20250528,잠실(송파구청),당산,5,1
20250528,잠실(송파구청),당산,6,4
20250528,잠실(송파구청),당산,7,6
20250528,잠실(송파구청),당산,8,3
20250528,잠실(송파구청),당산,9,2
20250528,잠실(송파구청),당산,10,3
20250528,잠실(송파구청),당산,11,2
20250528,잠실(송파구청),당산,12,2
20250528,잠실(송파구청),당산,13,4
20250528,잠실(송파구청),당산,14,7
20250528,잠실(송파구청),당산,15,5
20250528,잠실(송파구청),당산,16,17
20250528,잠실(송파구청),당산,17,11
20250528,잠실(송파구청),당산,18,27
20250528,잠실(송파구청),당산,19,19
20250528,잠실(송파구청),당산,20,14
20250528,잠실(송파구청),당산,21,16
20250528,잠실(송파구청),당산,22,6
20250528,잠실(송파구청),당산,23,2
20250528,잠실(송파구청),대림(구로구청),0,2
20250528,잠실(송파구청),대림(구로구청),5,2
20250528,잠실(송파구청),대림(구로구청),6,13
20250528,잠실(송파구청),대림(구로구청),7,26
20250528,잠실(송파구청),대림(구로구청),8,18
20250528,잠실(송파구청),대림(구로구청),9,9
20250528,잠실(송파구청),대림(구로구청),10,9
20250528,잠실(송파구청),대림(구로구청),11,8
20250528,잠실(송파구청),대림(구로구청),12,12
20250528,잠실(송파구청),대림(구로구청),13,11
20250528,잠실(송파구청),대림(구로구청),14,16
20250528,잠실(송파구청),대림(구로구청),15,19
20250528,잠실(송파구청),대림(구로구청),16,34
20250528,잠실(송파구청),대림(구로구청),17,36
20250528,잠실(송파구청),대림(구로구청),18,58
20250528,잠실(송파구청),대림(구로구청),19,33
20250528,잠실(송파구청),대림(구로구청),20,46
20250528,잠실(송파구청),대림(구로구청),21,34
20250528,잠실(송파구청),대림(구로구청),22,16
20250528,잠실(송파구청),대림(구로구청),23,5
20250528,잠실(송파구청),동대문역사문화공원,5,8
20250528,잠실(송파구청),동대문역사문화공원,6,16
20250528,잠실(송파구청),동대문역사문화공원,7,54
20250528,잠실(송파구청),동대문역사문화공원,8,56
20250528,잠실(송파구청),동대문역사문화공원,9,34
20250528,잠실(송파구청),동대문역사문화공원,10,35
20250528,잠실(송파구청),동대문역사문화공원,11,29
20250528,잠실(송파구청),동대문역사문화공원,12,35
20250528,잠실(송파구청),동대문역사문화공원,13,29
20250528,잠실(송파구청),동대문역사문화공원,14,35
20250528,잠실(송파구청),동대문역사문화공원,15,28
20250528,잠실(송파구청),동대문역사문화공원,16,44
20250528,잠실(송파구청),동대문역사문화공원,17,49
20250528,잠실(송파구청),동대문역사문화공원,18,42
20250528,잠실(송파구청),동대문역사문화공원,19,43
20250528,잠실(송파구청),동대문역사문화공원,20,34
20250528,잠실(송파구청),동대문역사문화공원,21,42
20250528,잠실(송파구청),동대문역사문화공원,22,28
20250528,잠실(송파구청),동대문역사문화공원,23,4
20250528,잠실(송파구청),뚝섬,5,5
20250528,잠실(송파구청),뚝섬,6,23
20250528,잠실(송파구청),뚝섬,7,96
20250528,잠실(송파구청),뚝섬,8,216
20250528,잠실(송파구청),뚝섬,9,154
20250528,잠실(송파구청),뚝섬,10,54
20250528,잠실(송파구청),뚝섬,11,51
20250528,잠실(송파구청),뚝섬,12,42
20250528,잠실(송파구청),뚝섬,13,59
20250528,잠실(송파구청),뚝섬,14,41
20250528,잠실(송파구청),뚝섬,15,40
20250528,잠실(송파구청),뚝섬,16,37
20250528,잠실(송파구청),뚝섬,17,61
20250528,잠실(송파구청),뚝섬,18,74
20250528,잠실(송파구청),뚝섬,19,58
20250528,잠실(송파구청),뚝섬,20,21
20250528,잠실(송파구청),뚝섬,21,24
20250528,잠실(송파구청),뚝섬,22,14
20250528,잠실(송파구청),뚝섬,23,12
20250528,잠실(송파구청),문래,5,1
20250528,잠실(송파구청),문래,6,10
20250528,잠실(송파구청),문래,7,39
20250528,잠실(송파구청),문래,8,20
20250528,잠실(송파구청),문래,9,9
20250528,잠실(송파구청),문래,10,7
20250528,잠실(송파구청),문래,11,6
20250528,잠실(송파구청),문래,12,10
20250528,잠실(송파구청),문래,13,10
20250528,잠실(송파구청),문래,14,8
20250528,잠실(송파구청),문래,15,27
20250528,잠실(송파구청),문래,16,18
20250528,잠실(송파구청),문래,17,24
20250528,잠실(송파구청),문래,18,38
20250528,잠실(송파구청),문래,19,30
20250528,잠실(송파구청),문래,20,55
20250528,잠실(송파구청),문래,21,54
20250528,잠실(송파구청),문래,22,13
20250528,잠실(송파구청),문래,23,1
20250528,잠실(송파구청),방배,0,4
20250528,잠실(송파구청),방배,5,8
20250528,잠실(송파구청),방배,6,33
20250528,잠실(송파구청),방배,7,92
20250528,잠실(송파구청),방배,8,123
20250528,잠실(송파구청),방배,9,77
20250528,잠실(송파구청),방배,10,44
20250528,잠실(송파구청),방배,11,47
20250528,잠실(송파구청),방배,12,40
20250528,잠실(송파구청),방배,13,30
20250528,잠실(송파구청),방배,14,45
20250528,잠실(송파구청),방배,15,76
20250528,잠실(송파구청),방배,16,40
20250528,잠실(송파구청),방배,17,48
20250528,잠실(송파구청),방배,18,64
20250528,잠실(송파구청),방배,19,38
20250528,잠실(송파구청),방배,20,32
20250528,잠실(송파구청),방배,21,25
20250528,잠실(송파구청),방배,22,21
20250528,잠실(송파구청),방배,23,8
20250528,잠실(송파구청),봉천,0,4
20250528,잠실(송파구청),봉천,5,1
20250528,잠실(송파구청),봉천,6,7
20250528,잠실(송파구청),봉천,7,16
20250528,잠실(송파구청),봉천,8,15
20250528,잠실(송파구청),봉천,9,11
20250528,잠실(송파구청),봉천,10,9
20250528,잠실(송파구청),봉천,11,8
20250528,잠실(송파구청),봉천,12,18
20250528,잠실(송파구청),봉천,13,13
20250528,잠실(송파구청),봉천,14,14
20250528,잠실(송파구청),봉천,15,18
20250528,잠실(송파구청),봉천,16,34
20250528,잠실(송파구청),봉천,17,53
20250528,잠실(송파구청),봉천,18,86
20250528,잠실(송파구청),봉천,19,52
20250528,잠실(송파구청),봉천,20,45
20250528,잠실(송파구청),봉천,21,53
20250528,잠실(송파구청),봉천,22,46
20250528,잠실(송파구청),봉천,23,16
20250528,잠실(송파구청),사당,0,10
20250528,잠실(송파구청),사당,5,16
20250528,잠실(송파구청),사당,6,42
20250528,잠실(송파구청),사당,7,90
20250528,잠실(송파구청),사당,8,81
20250528,잠실(송파구청),사당,9,48
20250528,잠실(송파구청),사당,10,53
20250528,잠실(송파구청),사당,11,44
20250528,잠실(송파구청),사당,12,66
20250528,잠실(송파구청),사당,13,66
20250528,잠실(송파구청),사당,14,51
20250528,잠실(송파구청),사당,15,134
20250528,잠실(송파구청),사당,16,127
20250528,잠실(송파구청),사당,17,199
20250528,잠실(송파구청),사당,18,236
20250528,잠실(송파구청),사당,19,162
20250528,잠실(송파구청),사당,20,155
20250528,잠실(송파구청),사당,21,113
20250528,잠실(송파구청),사당,22,109
20250528,잠실(송파구청),사당,23,34
20250528,잠실(송파구청),삼성(무역센터),0,8
20250528,잠실(송파구청),삼성(무역센터),5,22
20250528,잠실(송파구청),삼성(무역센터),6,147
20250528,잠실(송파구청),삼성(무역센터),7,424
20250528,잠실(송파구청),삼성(무역센터),8,793
20250528,잠실(송파구청),삼성(무역센터),9,486
20250528,잠실(송파구청),삼성(무역센터),10,249
20250528,잠실(송파구청),삼성(무역센터),11,189
20250528,잠실(송파구청),삼성(무역센터),12,166
20250528,잠실(송파구청),삼성(무역센터),13,195
20250528,잠실(송파구청),삼성(무역센터),14,131
20250528,잠실(송파구청),삼성(무역센터),15,143
20250528,잠실(송파구청),삼성(무역센터),16,151
20250528,잠실(송파구청),삼성(무역센터),17,170
20250528,잠실(송파구청),삼성(무역센터),18,164
20250528,잠실(송파구청),삼성(무역센터),19,127
20250528,잠실(송파구청),삼성(무역센터),20,58
20250528,잠실(송파구청),삼성(무역센터),21,49
20250528,잠실(송파구청),삼성(무역센터),22,37
20250528,잠실(송파구청),삼성(무역센터),23,13
20250528,잠실(송파구청),상왕십리,0,1
20250528,잠실(송파구청),상왕십리,5,2
20250528,잠실(송파구청),상왕십리,6,9
20250528,잠실(송파구청),상왕십리,7,16
20250528,잠실(송파구청),상왕십리,8,16
20250528,잠실(송파구청),상왕십리,9,8
20250528,잠실(송파구청),상왕십리,10,15
20250528,잠실(송파구청),상왕십리,11,15
20250528,잠실(송파구청),상왕십리,12,9
20250528,잠실(송파구청),상왕십리,13,12
20250528,잠실(송파구청),상왕십리,14,12
20250528,잠실(송파구청),상왕십리,15,29
20250528,잠실(송파구청),상왕십리,16,25
20250528,잠실(송파구청),상왕십리,17,33
20250528,잠실(송파구청),상왕십리,18,68
20250528,잠실(송파구청),상왕십리,19,49
20250528,잠실(송파구청),상왕십리,20,34
20250528,잠실(송파구청),상왕십리,21,35
20250528,잠실(송파구청),상왕십리,22,25
20250528,잠실(송파구청),상왕십리,23,13
20250528,잠실(송파구청),서울대입구(관악구청),0,19
20250528,잠실(송파구청),서울대입구(관악구청),5,11
20250528,잠실(송파구청),서울대입구(관악구청),6,16
20250528,잠실(송파구청),서울대입구(관악구청),7,50
20250528,잠실(송파구청),서울대입구(관악구청),8,62
20250528,잠실(송파구청),서울대입구(관악구청),9,56
20250528,잠실(송파구청),서울대입구(관악구청),10,40
20250528,잠실(송파구청),서울대입구(관악구청),11,37
20250528,잠실(송파구청),서울대입구(관악구청),12,38
20250528,잠실(송파구청),서울대입구(관악구청),13,31
20250528,잠실(송파구청),서울대입구(관악구청),14,41
20250528,잠실(송파구청),서울대입구(관악구청),15,47
20250528,잠실(송파구청),서울대입구(관악구청),16,64
20250528,잠실(송파구청),서울대입구(관악구청),17,123
20250528,잠실(송파구청),서울대입구(관악구청),18,160
20250528,잠실(송파구청),서울대입구(관악구청),19,118
20250528,잠실(송파구청),서울대입구(관악구청),20,118
20250528,잠실(송파구청),서울대입구(관악구청),21,108
20250528,잠실(송파구청),서울대입구(관악구청),22,111
20250528,잠실(송파구청),서울대입구(관악구청),23,27
20250528,잠실(송파구청),서초,0,3
20250528,잠실(송파구청),서초,5,18
20250528,잠실(송파구청),서초,6,62
20250528,잠실(송파구청),서초,7,111
20250528,잠실(송파구청),서초,8,180
20250528,잠실(송파구청),서초,9,97
20250528,잠실(송파구청),서초,10,63
20250528,잠실(송파구청),서초,11,46
20250528,잠실(송파구청),서초,12,31
20250528,잠실(송파구청),서초,13,45
20250528,잠실(송파구청),서초,14,24
20250528,잠실(송파구청),서초,15,26
20250528,잠실(송파구청),서초,16,24
20250528,잠실(송파구청),서초,17,50
20250528,잠실(송파구청),서초,18,64
20250528,잠실(송파구청),서초,19,33
20250528,잠실(송파구청),서초,20,30
20250528,잠실(송파구청),서초,21,20
20250528,잠실(송파구청),서초,22,21
20250528,잠실(송파구청),서초,23,5
20250528,잠실(송파구청),선릉,0,5
20250528,잠실(송파구청),선릉,5,22
20250528,잠실(송파구청),선릉,6,157
20250528,잠실(송파구청),선릉,7,455
20250528,잠실(송파구청),선릉,8,678
20250528,잠실(송파구청),선릉,9,438
20250528,잠실(송파구청),선릉,10,168
20250528,잠실(송파구청),선릉,11,144
20250528,잠실(송파구청),선릉,12,168
20250528,잠실(송파구청),선릉,13,118
20250528,잠실(송파구청),선릉,14,93
20250528,잠실(송파구청),선릉,15,95
20250528,잠실(송파구청),선릉,16,104
20250528,잠실(송파구청),선릉,17,160
20250528,잠실(송파구청),선릉,18,153
20250528,잠실(송파구청),선릉,19,77
20250528,잠실(송파구청),선릉,20,70
20250528,잠실(송파구청),선릉,21,57
20250528,잠실(송파구청),선릉,22,48
20250528,잠실(송파구청),선릉,23,16
20250528,잠실(송파구청),성수,0,4
20250528,잠실(송파구청),성수,5,19
20250528,잠실(송파구청),성수,6,62
20250528,잠실(송파구청),성수,7,211
20250528,잠실(송파구청),성수,8,402
20250528,잠실(송파구청),성수,9,264
20250528,잠실(송파구청),성수,10,121
20250528,잠실(송파구청),성수,11,94
20250528,잠실(송파구청),성수,12,120
20250528,잠실(송파구청),성수,13,100
20250528,잠실(송파구청),성수,14,100
20250528,잠실(송파구청),성수,15,107
20250528,잠실(송파구청),성수,16,122
20250528,잠실(송파구청),성수,17,119
20250528,잠실(송파구청),성수,18,99
20250528,잠실(송파구청),성수,19,69
20250528,잠실(송파구청),성수,20,37
20250528,잠실(송파구청),성수,21,25
20250528,잠실(송파구청),성수,22,22
20250528,잠실(송파구청),성수,23,14
20250528,잠실(송파구청),시청,5,8
20250528,잠실(송파구청),시청,6,45
20250528,잠실(송파구청),시청,7,175
20250528,잠실(송파구청),시청,8,158
20250528,잠실(송파구청),시청,9,54
20250528,잠실(송파구청),시청,10,27
20250528,잠실(송파구청),시청,11,32
20250528,잠실(송파구청),시청,12,32
20250528,잠실(송파구청),시청,13,21
20250528,잠실(송파구청),시청,14,22
20250528,잠실(송파구청),시청,15,32
20250528,잠실(송파구청),시청,16,24
20250528,잠실(송파구청),시청,17,26
20250528,잠실(송파구청),시청,18,28
20250528,잠실(송파구청),시청,19,24
20250528,잠실(송파구청),시청,20,18
20250528,잠실(송파구청),시청,21,24
20250528,잠실(송파구청),시청,22,10
20250528,잠실(송파구청),신당,0,1
20250528,잠실(송파구청),신당,5,4
20250528,잠실(송파구청),신당,6,6
20250528,잠실(송파구청),신당,7,9
20250528,잠실(송파구청),신당,8,39
20250528,잠실(송파구청),신당,9,12
20250528,잠실(송파구청),신당,10,12
20250528,잠실(송파구청),신당,11,10
20250528,잠실(송파구청),신당,12,13
20250528,잠실(송파구청),신당,13,6
20250528,잠실(송파구청),신당,14,17
20250528,잠실(송파구청),신당,15,15
20250528,잠실(송파구청),신당,16,34
20250528,잠실(송파구청),신당,17,48
20250528,잠실(송파구청),신당,18,52
20250528,잠실(송파구청),신당,19,41
20250528,잠실(송파구청),신당,20,47
20250528,잠실(송파구청),신당,21,31
20250528,잠실(송파구청),신당,22,18
20250528,잠실(송파구청),신당,23,9
20250528,잠실(송파구청),신대방,0,2
20250528,잠실(송파구청),신대방,5,2
20250528,잠실(송파구청),신대방,6,15
20250528,잠실(송파구청),신대방,7,24
20250528,잠실(송파구청),신대방,8,12
20250528,잠실(송파구청),신대방,9,5
20250528,잠실(송파구청),신대방,10,11
20250528,잠실(송파구청),신대방,11,5
20250528,잠실(송파구청),신대방,12,10
20250528,잠실(송파구청),신대방,13,8
20250528,잠실(송파구청),신대방,14,13
20250528,잠실(송파구청),신대방,15,20
20250528,잠실(송파구청),신대방,16,19
20250528,잠실(송파구청),신대방,17,34
20250528,잠실(송파구청),신대방,18,63
20250528,잠실(송파구청),신대방,19,38
20250528,잠실(송파구청),신대방,20,40
20250528,잠실(송파구청),신대방,21,42
20250528,잠실(송파구청),신대방,22,34
20250528,잠실(송파구청),신대방,23,7
20250528,잠실(송파구청),신도림,0,4
20250528,잠실(송파구청),신도림,5,3
20250528,잠실(송파구청),신도림,6,12
20250528,잠실(송파구청),신도림,7,26
20250528,잠실(송파구청),신도림,8,27
20250528,잠실(송파구청),신도림,9,14
20250528,잠실(송파구청),신도림,10,17
20250528,잠실(송파구청),신도림,11,15
20250528,잠실(송파구청),신도림,12,16
20250528,잠실(송파구청),신도림,13,15
20250528,잠실(송파구청),신도림,14,17
20250528,잠실(송파구청),신도림,15,29
20250528,잠실(송파구청),신도림,16,35
20250528,잠실(송파구청),신도림,17,60
20250528,잠실(송파구청),신도림,18,106
20250528,잠실(송파구청),신도림,19,54
20250528,잠실(송파구청),신도림,20,59
20250528,잠실(송파구청),신도림,21,56
20250528,잠실(송파구청),신도림,22,45
20250528,잠실(송파구청),신도림,23,25
20250528,잠실(송파구청),신림,0,12
20250528,잠실(송파구청),신림,5,5
20250528,잠실(송파구청),신림,6,26
20250528,잠실(송파구청),신림,7,39
20250528,잠실(송파구청),신림,8,25
20250528,잠실(송파구청),신림,9,18
20250528,잠실(송파구청),신림,10,30
20250528,잠실(송파구청),신림,11,25
20250528,잠실(송파구청),신림,12,29
20250528,잠실(송파구청),신림,13,31
20250528,잠실(송파구청),신림,14,40
20250528,잠실(송파구청),신림,15,43
20250528,잠실(송파구청),신림,16,63
20250528,잠실(송파구청),신림,17,147
20250528,잠실(송파구청),신림,18,214
20250528,잠실(송파구청),신림,19,149
20250528,잠실(송파구청),신림,20,130
20250528,잠실(송파구청),신림,21,134
20250528,잠실(송파구청),신림,22,119
20250528,잠실(송파구청),신림,23,45
20250528,잠실(송파구청),신촌,0,3
20250528,잠실(송파구청),신촌,5,4
20250528,잠실(송파구청),신촌,6,16
20250528,잠실(송파구청),신촌,7,37
20250528,잠실(송파구청),신촌,8,40
20250528,잠실(송파구청),신촌,9,61
20250528,잠실(송파구청),신촌,10,46
20250528,잠실(송파구청),신촌,11,36
20250528,잠실(송파구청),신촌,12,34
20250528,잠실(송파구청),신촌,13,40
20250528,잠실(송파구청),신촌,14,33
20250528,잠실(송파구청),신촌,15,18
20250528,잠실(송파구청),신촌,16,44
20250528,잠실(송파구청),신촌,17,42
20250528,잠실(송파구청),신촌,18,54
20250528,잠실(송파구청),신촌,19,40
20250528,잠실(송파구청),신촌,20,33
20250528,잠실(송파구청),신촌,21,62
20250528,잠실(송파구청),신촌,22,23
20250528,잠실(송파구청),신촌,23,6
20250528,잠실(송파구청),아현,5,2
20250528,잠실(송파구청),아현,6,4
20250528,잠실(송파구청),아현,7,7
20250528,잠실(송파구청),아현,8,8
20250528,잠실(송파구청),아현,9,1
20250528,잠실(송파구청),아현,10,5
20250528,잠실(송파구청),아현,11,4
20250528,잠실(송파구청),아현,12,7
20250528,잠실(송파구청),아현,13,2
20250528,잠실(송파구청),아현,14,52
20250528,잠실(송파구청),아현,15,28
20250528,잠실(송파구청),아현,16,31
20250528,잠실(송파구청),아현,17,42
20250528,잠실(송파구청),아현,18,58
20250528,잠실(송파구청),아현,19,32
20250528,잠실(송파구청),아현,20,101
20250528,잠실(송파구청),아현,21,72
20250528,잠실(송파구청),아현,22,11
20250528,잠실(송파구청),아현,23,5
20250528,잠실(송파구청),역삼,0,4
20250528,잠실(송파구청),역삼,5,21
20250528,잠실(송파구청),역삼,6,149
20250528,잠실(송파구청),역삼,7,539
20250528,잠실(송파구청),역삼,8,820
20250528,잠실(송파구청),역삼,9,531
20250528,잠실(송파구청),역삼,10,222
20250528,잠실(송파구청),역삼,11,109
20250528,잠실(송파구청),역삼,12,130
20250528,잠실(송파구청),역삼,13,93
20250528,잠실(송파구청),역삼,14,104
20250528,잠실(송파구청),역삼,15,77
20250528,잠실(송파구청),역삼,16,83
20250528,잠실(송파구청),역삼,17,106
20250528,잠실(송파구청),역삼,18,152
20250528,잠실(송파구청),역삼,19,75
20250528,잠실(송파구청),역삼,20,50
20250528,잠실(송파구청),역삼,21,59
20250528,잠실(송파구청),역삼,22,44
20250528,잠실(송파구청),역삼,23,16
20250528,잠실(송파구청),영등포구청,5,1
20250528,잠실(송파구청),영등포구청,6,5
20250528,잠실(송파구청),영등포구청,7,16
20250528,잠실(송파구청),영등포구청,8,4
20250528,잠실(송파구청),영등포구청,9,1
20250528,잠실(송파구청),영등포구청,10,3
20250528,잠실(송파구청),영등포구청,11,8
20250528,잠실(송파구청),영등포구청,12,2
20250528,잠실(송파구청),영등포구청,13,13
20250528,잠실(송파구청),영등포구청,14,4
20250528,잠실(송파구청),영등포구청,15,10
20250528,잠실(송파구청),영등포구청,16,23
20250528,잠실(송파구청),영등포구청,17,13
20250528,잠실(송파구청),영등포구청,18,30
20250528,잠실(송파구청),영등포구청,19,16
20250528,잠실(송파구청),영등포구청,20,9
20250528,잠실(송파구청),영등포구청,21,18
20250528,잠실(송파구청),영등포구청,22,12
20250528,잠실(송파구청),영등포구청,23,4
20250528,잠실(송파구청),왕십리(성동구청),0,2
20250528,잠실(송파구청),왕십리(성동구청),5,4
20250528,잠실(송파구청),왕십리(성동구청),6,5
20250528,잠실(송파구청),왕십리(성동구청),7,19
20250528,잠실(송파구청),왕십리(성동구청),8,22
20250528,잠실(송파구청),왕십리(성동구청),9,9
20250528,잠실(송파구청),왕십리(성동구청),10,17
20250528,잠실(송파구청),왕십리(성동구청),11,17
20250528,잠실(송파구청),왕십리(성동구청),12,18
20250528,잠실(송파구청),왕십리(성동구청),13,20
20250528,잠실(송파구청),왕십리(성동구청),14,18
20250528,잠실(송파구청),왕십리(성동구청),15,26
20250528,잠실(송파구청),왕십리(성동구청),16,37
20250528,잠실(송파구청),왕십리(성동구청),17,54
20250528,잠실(송파구청),왕십리(성동구청),18,83
20250528,잠실(송파구청),왕십리(성동구청),19,53
20250528,잠실(송파구청),왕십리(성동구청),20,36
20250528,잠실(송파구청),왕십리(성동구청),21,27
20250528,잠실(송파구청),왕십리(성동구청),22,31
20250528,잠실(송파구청),왕십리(성동구청),23,15
20250528,잠실(송파구청),용두(동대문구청),0,3
20250528,잠실(송파구청),용두(동대문구청),6,2
20250528,잠실(송파구청),용두(동대문구청),7,11
20250528,잠실(송파구청),용두(동대문구청),8,14
20250528,잠실(송파구청),용두(동대문구청),9,7
20250528,잠실(송파구청),용두(동대문구청),10,7
20250528,잠실(송파구청),용두(동대문구청),11,3
20250528,잠실(송파구청),용두(동대문구청),12,3
20250528,잠실(송파구청),용두(동대문구청),13,9
20250528,잠실(송파구청),용두(동대문구청),14,5
20250528,잠실(송파구청),용두(동대문구청),15,11
20250528,잠실(송파구청),용두(동대문구청),16,5
20250528,잠실(송파구청),용두(동대문구청),17,18
20250528,잠실(송파구청),용두(동대문구청),18,21
20250528,잠실(송파구청),용두(동대문구청),19,6
20250528,잠실(송파구청),용두(동대문구청),20,8
20250528,잠실(송파구청),용두(동대문구청),21,11
20250528,잠실(송파구청),용두(동대문구청),22,10
20250528,잠실(송파구청),용두(동대문구청),23,2
20250528,잠실(송파구청),을지로3가,5,10
20250528,잠실(송파구청),을지로3가,6,32
20250528,잠실(송파구청),을지로3가,7,131
20250528,잠실(송파구청),을지로3가,8,105
20250528,잠실(송파구청),을지로3가,9,50
20250528,잠실(송파구청),을지로3가,10,32
20250528,잠실(송파구청),을지로3가,11,13
20250528,잠실(송파구청),을지로3가,12,26
20250528,잠실(송파구청),을지로3가,13,16
20250528,잠실(송파구청),을지로3가,14,13
20250528,잠실(송파구청),을지로3가,15,20
20250528,잠실(송파구청),을지로3가,16,34
20250528,잠실(송파구청),을지로3가,17,41
20250528,잠실(송파구청),을지로3가,18,48
20250528,잠실(송파구청),을지로3가,19,21
20250528,잠실(송파구청),을지로3가,20,37
20250528,잠실(송파구청),을지로3가,21,25
20250528,잠실(송파구청),을지로3가,22,13
20250528,잠실(송파구청),을지로3가,23,2
20250528,잠실(송파구청),을지로4가,0,1
20250528,잠실(송파구청),을지로4가,5,3
20250528,잠실(송파구청),을지로4가,6,24
20250528,잠실(송파구청),을지로4가,7,65
20250528,잠실(송파구청),을지로4가,8,68
20250528,잠실(송파구청),을지로4가,9,24
20250528,잠실(송파구청),을지로4가,10,26
20250528,잠실(송파구청),을지로4가,11,28
20250528,잠실(송파구청),을지로4가,12,19
20250528,잠실(송파구청),을지로4가,13,14
20250528,잠실(송파구청),을지로4가,14,23
20250528,잠실(송파구청),을지로4가,15,21
20250528,잠실(송파구청),을지로4가,16,16
20250528,잠실(송파구청),을지로4가,17,24
20250528,잠실(송파구청),을지로4가,18,16
20250528,잠실(송파구청),을지로4가,19,21
20250528,잠실(송파구청),을지로4가,20,11
20250528,잠실(송파구청),을지로4가,21,11
20250528,잠실(송파구청),을지로4가,22,11
20250528,잠실(송파구청),을지로4가,23,3
20250528,잠실(송파구청),을지로입구,5,21
20250528,잠실(송파구청),을지로입구,6,62
20250528,잠실(송파구청),을지로입구,7,216
20250528,잠실(송파구청),을지로입구,8,232
20250528,잠실(송파구청),을지로입구,9,87
20250528,잠실(송파구청),을지로입구,10,64
20250528,잠실(송파구청),을지로입구,11,58
20250528,잠실(송파구청),을지로입구,12,48
20250528,잠실(송파구청),을지로입구,13,55
20250528,잠실(송파구청),을지로입구,14,45
20250528,잠실(송파구청),을지로입구,15,47
20250528,잠실(송파구청),을지로입구,16,53
20250528,잠실(송파구청),을지로입구,17,86
20250528,잠실(송파구청),을지로입구,18,61
20250528,잠실(송파구청),을지로입구,19,70
20250528,잠실(송파구청),을지로입구,20,39
20250528,잠실(송파구청),을지로입구,21,26
20250528,잠실(송파구청),을지로입구,22,14
20250528,잠실(송파구청),을지로입구,23,4
20250528,잠실(송파구청),이대,0,5
20250528,잠실(송파구청),이대,6,2
20250528,잠실(송파구청),이대,7,21
20250528,잠실(송파구청),이대,8,58
20250528,잠실(송파구청),이대,9,36
20250528,잠실(송파구청),이대,10,29
20250528,잠실(송파구청),이대,11,34
20250528,잠실(송파구청),이대,12,17
20250528,잠실(송파구청),이대,13,15
20250528,잠실(송파구청),이대,14,11
20250528,잠실(송파구청),이대,15,13
20250528,잠실(송파구청),이대,16,18
20250528,잠실(송파구청),이대,17,34
20250528,잠실(송파구청),이대,18,32
20250528,잠실(송파구청),이대,19,22
20250528,잠실(송파구청),이대,20,18
20250528,잠실(송파구청),이대,21,26
20250528,잠실(송파구청),이대,22,16
20250528,잠실(송파구청),이대,23,4
20250528,잠실(송파구청),잠실(송파구청),0,8
20250528,잠실(송파구청),잠실(송파구청),4,2
20250528,잠실(송파구청),잠실(송파구청),5,7
20250528,잠실(송파구청),잠실(송파구청),6,8
20250528,잠실(송파구청),잠실(송파구청),7,28
20250528,잠실(송파구청),잠실(송파구청),8,25
20250528,잠실(송파구청),잠실(송파구청),9,36
20250528,잠실(송파구청),잠실(송파구청),10,30
20250528,잠실(송파구청),잠실(송파구청),11,45
20250528,잠실(송파구청),잠실(송파구청),12,68
20250528,잠실(송파구청),잠실(송파구청),13,75
20250528,잠실(송파구청),잠실(송파구청),14,106
20250528,잠실(송파구청),잠실(송파구청),15,196
20250528,잠실(송파구청),잠실(송파구청),16,180
20250528,잠실(송파구청),잠실(송파구청),17,164
20250528,잠실(송파구청),잠실(송파구청),18,163
20250528,잠실(송파구청),잠실(송파구청),19,93
20250528,잠실(송파구청),잠실(송파구청),20,130
20250528,잠실(송파구청),잠실(송파구청),21,104
20250528,잠실(송파구청),잠실(송파구청),22,73
20250528,잠실(송파구청),잠실(송파구청),23,22
20250528,잠실(송파구청),잠실나루,5,4
20250528,잠실(송파구청),잠실나루,6,11
20250528,잠실(송파구청),잠실나루,7,43
20250528,잠실(송파구청),잠실나루,8,47
20250528,잠실(송파구청),잠실나루,9,40
20250528,잠실(송파구청),잠실나루,10,23
20250528,잠실(송파구청),잠실나루,11,42
20250528,잠실(송파구청),잠실나루,12,43
20250528,잠실(송파구청),잠실나루,13,47
20250528,잠실(송파구청),잠실나루,14,52
20250528,잠실(송파구청),잠실나루,15,50
20250528,잠실(송파구청),잠실나루,16,56
20250528,잠실(송파구청),잠실나루,17,60
20250528,잠실(송파구청),잠실나루,18,55
20250528,잠실(송파구청),잠실나루,19,41
20250528,잠실(송파구청),잠실나루,20,30
20250528,잠실(송파구청),잠실나루,21,26
20250528,잠실(송파구청),잠실나루,22,16
20250528,잠실(송파구청),잠실나루,23,7
20250528,잠실(송파구청),잠실새내,0,6
20250528,잠실(송파구청),잠실새내,5,3
20250528,잠실(송파구청),잠실새내,6,16
20250528,잠실(송파구청),잠실새내,7,53
20250528,잠실(송파구청),잠실새내,8,80
20250528,잠실(송파구청),잠실새내,9,96
20250528,잠실(송파구청),잠실새내,10,86
20250528,잠실(송파구청),잠실새내,11,111
20250528,잠실(송파구청),잠실새내,12,162
20250528,잠실(송파구청),잠실새내,13,131
20250528,잠실(송파구청),잠실새내,14,142
20250528,잠실(송파구청),잠실새내,15,184
20250528,잠실(송파구청),잠실새내,16,178
20250528,잠실(송파구청),잠실새내,17,242
20250528,잠실(송파구청),잠실새내,18,272
20250528,잠실(송파구청),잠실새내,19,165
20250528,잠실(송파구청),잠실새내,20,149
20250528,잠실(송파구청),잠실새내,21,81
20250528,잠실(송파구청),잠실새내,22,60
20250528,잠실(송파구청),잠실새내,23,18
20250528,잠실(송파구청),종합운동장,0,1
20250528,잠실(송파구청),종합운동장,5,4
20250528,잠실(송파구청),종합운동장,6,13
20250528,잠실(송파구청),종합운동장,7,63
20250528,잠실(송파구청),종합운동장,8,65
20250528,잠실(송파구청),종합운동장,9,22
20250528,잠실(송파구청),종합운동장,10,21
20250528,잠실(송파구청),종합운동장,11,19
20250528,잠실(송파구청),종합운동장,12,29
20250528,잠실(송파구청),종합운동장,13,29
20250528,잠실(송파구청),종합운동장,14,40
20250528,잠실(송파구청),종합운동장,15,80
20250528,잠실(송파구청),종합운동장,16,194
20250528,잠실(송파구청),종합운동장,17,440
20250528,잠실(송파구청),종합운동장,18,268
20250528,잠실(송파구청),종합운동장,19,61
20250528,잠실(송파구청),종합운동장,20,22
20250528,잠실(송파구청),종합운동장,21,24
20250528,잠실(송파구청),종합운동장,22,9
20250528,잠실(송파구청),종합운동장,23,6
20250528,잠실(송파구청),충정로(경기대입구),5,1
20250528,잠실(송파구청),충정로(경기대입구),6,12
20250528,잠실(송파구청),충정로(경기대입구),7,34
20250528,잠실(송파구청),충정로(경기대입구),8,28
20250528,잠실(송파구청),충정로(경기대입구),9,10
20250528,잠실(송파구청),충정로(경기대입구),10,1
20250528,잠실(송파구청),충정로(경기대입구),11,7
20250528,잠실(송파구청),충정로(경기대입구),12,6
20250528,잠실(송파구청),충정로(경기대입구),13,8
20250528,잠실(송파구청),충정로(경기대입구),14,10
20250528,잠실(송파구청),충정로(경기대입구),15,9
20250528,잠실(송파구청),충정로(경기대입구),16,6
20250528,잠실(송파구청),충정로(경기대입구),17,16
20250528,잠실(송파구청),충정로(경기대입구),18,15
20250528,잠실(송파구청),충정로(경기대입구),19,7
20250528,잠실(송파구청),충정로(경기대입구),20,9
20250528,잠실(송파구청),충정로(경기대입구),21,19
20250528,잠실(송파구청),충정로(경기대입구),22,7
20250528,잠실(송파구청),충정로(경기대입구),23,2
20250528,잠실(송파구청),한양대,0,2
20250528,잠실(송파구청),한양대,5,5
20250528,잠실(송파구청),한양대,6,9
20250528,잠실(송파구청),한양대,7,42
20250528,잠실(송파구청),한양대,8,92
20250528,잠실(송파구청),한양대,9,88
20250528,잠실(송파구청),한양대,10,73
20250528,잠실(송파구청),한양대,11,25
20250528,잠실(송파구청),한양대,12,72
20250528,잠실(송파구청),한양대,13,26
20250528,잠실(송파구청),한양대,14,23
20250528,잠실(송파구청),한양대,15,13
20250528,잠실(송파구청),한양대,16,12
20250528,잠실(송파구청),한양대,17,26
20250528,잠실(송파구청),한양대,18,28
20250528,잠실(송파구청),한양대,19,10
20250528,잠실(송파구청),한양대,20,17
20250528,잠실(송파구청),한양대,21,4
20250528,잠실(송파구청),한양대,22,11
20250528,잠실(송파구청),한양대,23,4
20250528,잠실(송파구청),합정,0,2
20250528,잠실(송파구청),합정,5,3
20250528,잠실(송파구청),합정,6,7
20250528,잠실(송파구청),합정,7,22
20250528,잠실(송파구청),합정,8,15
20250528,잠실(송파구청),합정,9,9
20250528,잠실(송파구청),합정,10,9
20250528,잠실(송파구청),합정,11,11
20250528,잠실(송파구청),합정,12,15
20250528,잠실(송파구청),합정,13,13
20250528,잠실(송파구청),합정,14,13
20250528,잠실(송파구청),합정,15,23
20250528,잠실(송파구청),합정,16,27
20250528,잠실(송파구청),합정,17,38
20250528,잠실(송파구청),합정,18,51
20250528,잠실(송파구청),합정,19,18
20250528,잠실(송파구청),합정,20,22
20250528,잠실(송파구청),합정,21,28
20250528,잠실(송파구청),합정,22,23
20250528,잠실(송파구청),합정,23,4
20250528,잠실(송파구청),홍대입구,0,1
20250528,잠실(송파구청),홍대입구,5,2
20250528,잠실(송파구청),홍대입구,6,8
20250528,잠실(송파구청),홍대입구,7,35
20250528,잠실(송파구청),홍대입구,8,58
20250528,잠실(송파구청),홍대입구,9,37
20250528,잠실(송파구청),홍대입구,10,43
20250528,잠실(송파구청),홍대입구,11,31
20250528,잠실(송파구청),홍대입구,12,64
20250528,잠실(송파구청),홍대입구,13,47
20250528,잠실(송파구청),홍대입구,14,57
20250528,잠실(송파구청),홍대입구,15,54
20250528,잠실(송파구청),홍대입구,16,77
20250528,잠실(송파구청),홍대입구,17,83
20250528,잠실(송파구청),홍대입구,18,91
20250528,잠실(송파구청),홍대입구,19,66
20250528,잠실(송파구청),홍대입구,20,87
20250528,잠실(송파구청),홍대입구,21,64
20250528,잠실(송파구청),홍대입구,22,62
20250528,잠실(송파구청),홍대입구,23,17
20250528,잠실나루,강남,0,1
20250528,잠실나루,강남,5,5
20250528,잠실나루,강남,6,35
20250528,잠실나루,강남,7,121
20250528,잠실나루,강남,8,126
20250528,잠실나루,강남,9,84
20250528,잠실나루,강남,10,48
20250528,잠실나루,강남,11,23
20250528,잠실나루,강남,12,26
20250528,잠실나루,강남,13,15
20250528,잠실나루,강남,14,17
20250528,잠실나루,강남,15,24
20250528,잠실나루,강남,16,23
20250528,잠실나루,강남,17,47
20250528,잠실나루,강남,18,24
20250528,잠실나루,강남,19,13
20250528,잠실나루,강남,20,5
20250528,잠실나루,강남,21,5
20250528,잠실나루,강남,22,7
20250528,잠실나루,강남,23,2
20250528,잠실나루,강변(동서울터미널),0,2
20250528,잠실나루,강변(동서울터미널),5,3
20250528,잠실나루,강변(동서울터미널),6,14
20250528,잠실나루,강변(동서울터미널),7,9
20250528,잠실나루,강변(동서울터미널),8,29
20250528,잠실나루,강변(동서울터미널),9,37
20250528,잠실나루,강변(동서울터미널),10,32
20250528,잠실나루,강변(동서울터미널),11,41
20250528,잠실나루,강변(동서울터미널),12,38
20250528,잠실나루,강변(동서울터미널),13,35
20250528,잠실나루,강변(동서울터미널),14,72
20250528,잠실나루,강변(동서울터미널),15,53
20250528,잠실나루,강변(동서울터미널),16,56
20250528,잠실나루,강변(동서울터미널),17,54
20250528,잠실나루,강변(동서울터미널),18,44
20250528,잠실나루,강변(동서울터미널),19,30
20250528,잠실나루,강변(동서울터미널),20,20
20250528,잠실나루,강변(동서울터미널),21,11
20250528,잠실나루,강변(동서울터미널),22,11
20250528,잠실나루,강변(동서울터미널),23,3
20250528,잠실나루,건대입구,0,3
20250528,잠실나루,건대입구,5,1
20250528,잠실나루,건대입구,6,7
20250528,잠실나루,건대입구,7,6
20250528,잠실나루,건대입구,8,37
20250528,잠실나루,건대입구,9,24
20250528,잠실나루,건대입구,10,24
20250528,잠실나루,건대입구,11,22
20250528,잠실나루,건대입구,12,22
20250528,잠실나루,건대입구,13,20
20250528,잠실나루,건대입구,14,13
20250528,잠실나루,건대입구,15,18
20250528,잠실나루,건대입구,16,26
20250528,잠실나루,건대입구,17,41
20250528,잠실나루,건대입구,18,47
20250528,잠실나루,건대입구,19,24
20250528,잠실나루,건대입구,20,16
20250528,잠실나루,건대입구,21,4
20250528,잠실나루,건대입구,22,13
20250528,잠실나루,건대입구,23,3
20250528,잠실나루,교대(법원.검찰청),5,3
20250528,잠실나루,교대(법원.검찰청),6,9
20250528,잠실나루,교대(법원.검찰청),7,26
20250528,잠실나루,교대(법원.검찰청),8,41
20250528,잠실나루,교대(법원.검찰청),9,41
20250528,잠실나루,교대(법원.검찰청),10,10
20250528,잠실나루,교대(법원.검찰청),11,9
20250528,잠실나루,교대(법원.검찰청),12,14
20250528,잠실나루,교대(법원.검찰청),13,12
20250528,잠실나루,교대(법원.검찰청),14,10
20250528,잠실나루,교대(법원.검찰청),15,8
20250528,잠실나루,교대(법원.검찰청),16,6
20250528,잠실나루,교대(법원.검찰청),17,17
20250528,잠실나루,교대(법원.검찰청),18,8
20250528,잠실나루,교대(법원.검찰청),19,4
20250528,잠실나루,교대(법원.검찰청),20,4
20250528,잠실나루,교대(법원.검찰청),21,2
20250528,잠실나루,교대(법원.검찰청),22,1
20250528,잠실나루,교대(법원.검찰청),23,1
20250528,잠실나루,구로디지털단지,5,2
20250528,잠실나루,구로디지털단지,6,11
20250528,잠실나루,구로디지털단지,7,32
20250528,잠실나루,구로디지털단지,8,11
20250528,잠실나루,구로디지털단지,9,8
20250528,잠실나루,구로디지털단지,10,9
20250528,잠실나루,구로디지털단지,11,4
20250528,잠실나루,구로디지털단지,12,9
20250528,잠실나루,구로디지털단지,13,3
20250528,잠실나루,구로디지털단지,14,8
20250528,잠실나루,구로디지털단지,15,5
20250528,잠실나루,구로디지털단지,16,30
20250528,잠실나루,구로디지털단지,17,16
20250528,잠실나루,구로디지털단지,18,17
20250528,잠실나루,구로디지털단지,19,13
20250528,잠실나루,구로디지털단지,20,8
20250528,잠실나루,구로디지털단지,21,7
20250528,잠실나루,구로디지털단지,22,5
20250528,잠실나루,구로디지털단지,23,3
20250528,잠실나루,구의(광진구청),0,2
20250528,잠실나루,구의(광진구청),5,1
20250528,잠실나루,구의(광진구청),6,6
20250528,잠실나루,구의(광진구청),7,19
20250528,잠실나루,구의(광진구청),8,25
20250528,잠실나루,구의(광진구청),9,21
20250528,잠실나루,구의(광진구청),10,27
20250528,잠실나루,구의(광진구청),11,10
20250528,잠실나루,구의(광진구청),12,17
20250528,잠실나루,구의(광진구청),13,18
20250528,잠실나루,구의(광진구청),14,13
20250528,잠실나루,구의(광진구청),15,37
20250528,잠실나루,구의(광진구청),16,44
20250528,잠실나루,구의(광진구청),17,27
20250528,잠실나루,구의(광진구청),18,35
20250528,잠실나루,구의(광진구청),19,25
20250528,잠실나루,구의(광진구청),20,13
20250528,잠실나루,구의(광진구청),21,7
20250528,잠실나루,구의(광진구청),22,7
20250528,잠실나루,구의(광진구청),23,2
20250528,잠실나루,낙성대,0,1
20250528,잠실나루,낙성대,5,1
20250528,잠실나루,낙성대,6,3
20250528,잠실나루,낙성대,7,15
20250528,잠실나루,낙성대,8,15
20250528,잠실나루,낙성대,9,6
20250528,잠실나루,낙성대,10,7
20250528,잠실나루,낙성대,11,2
20250528,잠실나루,낙성대,12,7
20250528,잠실나루,낙성대,13,2
20250528,잠실나루,낙성대,14,5
20250528,잠실나루,낙성대,15,7
20250528,잠실나루,낙성대,16,6
20250528,잠실나루,낙성대,17,7
20250528,잠실나루,낙성대,18,12
20250528,잠실나루,낙성대,19,5
20250528,잠실나루,낙성대,20,2
20250528,잠실나루,낙성대,21,1
20250528,잠실나루,낙성대,22,3
20250528,잠실나루,낙성대,23,3
20250528,잠실나루,당산,6,2
20250528,잠실나루,당산,7,9
20250528,잠실나루,당산,8,1
20250528,잠실나루,당산,9,2
20250528,잠실나루,당산,10,1
20250528,잠실나루,당산,11,2
20250528,잠실나루,당산,12,2
20250528,잠실나루,당산,13,1
20250528,잠실나루,당산,14,1
20250528,잠실나루,당산,15,1
20250528,잠실나루,당산,16,9
20250528,잠실나루,당산,17,8
20250528,잠실나루,당산,18,5
20250528,잠실나루,당산,21,3
20250528,잠실나루,당산,22,1
20250528,잠실나루,당산,23,1
20250528,잠실나루,대림(구로구청),5,1
20250528,잠실나루,대림(구로구청),6,3
20250528,잠실나루,대림(구로구청),7,11
20250528,잠실나루,대림(구로구청),8,3
20250528,잠실나루,대림(구로구청),9,3
20250528,잠실나루,대림(구로구청),10,5
20250528,잠실나루,대림(구로구청),11,1
20250528,잠실나루,대림(구로구청),12,5
20250528,잠실나루,대림(구로구청),13,3
20250528,잠실나루,대림(구로구청),14,2
20250528,잠실나루,대림(구로구청),15,6
20250528,잠실나루,대림(구로구청),16,25
20250528,잠실나루,대림(구로구청),17,10
20250528,잠실나루,대림(구로구청),18,8
20250528,잠실나루,대림(구로구청),19,2
20250528,잠실나루,대림(구로구청),20,1
20250528,잠실나루,대림(구로구청),21,2
20250528,잠실나루,대림(구로구청),22,2
20250528,잠실나루,대림(구로구청),23,1
20250528,잠실나루,동대문역사문화공원,0,1
20250528,잠실나루,동대문역사문화공원,5,2
20250528,잠실나루,동대문역사문화공원,6,6
20250528,잠실나루,동대문역사문화공원,7,15
20250528,잠실나루,동대문역사문화공원,8,15
20250528,잠실나루,동대문역사문화공원,9,17
20250528,잠실나루,동대문역사문화공원,10,16
20250528,잠실나루,동대문역사문화공원,11,8
20250528,잠실나루,동대문역사문화공원,12,2
20250528,잠실나루,동대문역사문화공원,13,5
20250528,잠실나루,동대문역사문화공원,14,4
20250528,잠실나루,동대문역사문화공원,15,5
20250528,잠실나루,동대문역사문화공원,16,6
20250528,잠실나루,동대문역사문화공원,17,4
20250528,잠실나루,동대문역사문화공원,18,5
20250528,잠실나루,동대문역사문화공원,19,5
20250528,잠실나루,동대문역사문화공원,21,1
20250528,잠실나루,동대문역사문화공원,23,1
20250528,잠실나루,뚝섬,5,4
20250528,잠실나루,뚝섬,6,4
20250528,잠실나루,뚝섬,7,23
20250528,잠실나루,뚝섬,8,43
20250528,잠실나루,뚝섬,9,23
20250528,잠실나루,뚝섬,10,10
20250528,잠실나루,뚝섬,11,17
20250528,잠실나루,뚝섬,12,14
20250528,잠실나루,뚝섬,13,7
20250528,잠실나루,뚝섬,14,7
20250528,잠실나루,뚝섬,15,10
20250528,잠실나루,뚝섬,16,5
20250528,잠실나루,뚝섬,17,14
20250528,잠실나루,뚝섬,18,11
20250528,잠실나루,뚝섬,19,4
20250528,잠실나루,뚝섬,20,4
20250528,잠실나루,뚝섬,21,2
20250528,잠실나루,뚝섬,23,1
20250528,잠실나루,문래,6,4
20250528,잠실나루,문래,7,8
20250528,잠실나루,문래,8,6
20250528,잠실나루,문래,9,1
20250528,잠실나루,문래,11,2
20250528,잠실나루,문래,12,2
20250528,잠실나루,문래,13,2
20250528,잠실나루,문래,15,1
20250528,잠실나루,문래,16,3
20250528,잠실나루,문래,17,4
20250528,잠실나루,문래,18,3
20250528,잠실나루,문래,21,2
20250528,잠실나루,문래,23,1
20250528,잠실나루,방배,5,4
20250528,잠실나루,방배,6,2
20250528,잠실나루,방배,7,14
20250528,잠실나루,방배,8,13
20250528,잠실나루,방배,9,13
20250528,잠실나루,방배,10,5
20250528,잠실나루,방배,11,3
20250528,잠실나루,방배,12,5
20250528,잠실나루,방배,13,2
20250528,잠실나루,방배,14,5
20250528,잠실나루,방배,15,8
20250528,잠실나루,방배,16,5
20250528,잠실나루,방배,17,4
20250528,잠실나루,방배,18,8
20250528,잠실나루,방배,19,4
20250528,잠실나루,방배,20,2
20250528,잠실나루,방배,21,1
20250528,잠실나루,봉천,0,1
20250528,잠실나루,봉천,5,1
20250528,잠실나루,봉천,7,4
20250528,잠실나루,봉천,8,2
20250528,잠실나루,봉천,9,3
20250528,잠실나루,봉천,10,2
20250528,잠실나루,봉천,11,4
20250528,잠실나루,봉천,12,2
20250528,잠실나루,봉천,13,3
20250528,잠실나루,봉천,14,7
20250528,잠실나루,봉천,15,1
20250528,잠실나루,봉천,16,9
20250528,잠실나루,봉천,17,15
20250528,잠실나루,봉천,18,11
20250528,잠실나루,봉천,19,3
20250528,잠실나루,봉천,20,4
20250528,잠실나루,봉천,22,3
20250528,잠실나루,사당,5,3
20250528,잠실나루,사당,6,11
20250528,잠실나루,사당,7,16
20250528,잠실나루,사당,8,22
20250528,잠실나루,사당,9,15
20250528,잠실나루,사당,10,7
20250528,잠실나루,사당,11,10
20250528,잠실나루,사당,12,14
20250528,잠실나루,사당,13,11
20250528,잠실나루,사당,14,9
20250528,잠실나루,사당,15,17
20250528,잠실나루,사당,16,27
20250528,잠실나루,사당,17,27
20250528,잠실나루,사당,18,22
20250528,잠실나루,사당,19,10
20250528,잠실나루,사당,20,10
20250528,잠실나루,사당,21,7
20250528,잠실나루,사당,22,4
20250528,잠실나루,사당,23,2
20250528,잠실나루,삼성(무역센터),5,1
20250528,잠실나루,삼성(무역센터),6,20
20250528,잠실나루,삼성(무역센터),7,68
20250528,잠실나루,삼성(무역센터),8,150
20250528,잠실나루,삼성(무역센터),9,68
20250528,잠실나루,삼성(무역센터),10,39
20250528,잠실나루,삼성(무역센터),11,19
20250528,잠실나루,삼성(무역센터),12,23
20250528,잠실나루,삼성(무역센터),13,26
20250528,잠실나루,삼성(무역센터),14,18
20250528,잠실나루,삼성(무역센터),15,20
20250528,잠실나루,삼성(무역센터),16,21
20250528,잠실나루,삼성(무역센터),17,29
20250528,잠실나루,삼성(무역센터),18,15
20250528,잠실나루,삼성(무역센터),19,7
20250528,잠실나루,삼성(무역센터),20,3
20250528,잠실나루,삼성(무역센터),21,1
20250528,잠실나루,삼성(무역센터),22,2
20250528,잠실나루,삼성(무역센터),23,3
20250528,잠실나루,상왕십리,5,2
20250528,잠실나루,상왕십리,6,2
20250528,잠실나루,상왕십리,7,6
20250528,잠실나루,상왕십리,8,8
20250528,잠실나루,상왕십리,9,4
20250528,잠실나루,상왕십리,10,8
20250528,잠실나루,상왕십리,11,1
20250528,잠실나루,상왕십리,12,2
20250528,잠실나루,상왕십리,13,4
20250528,잠실나루,상왕십리,14,4
20250528,잠실나루,상왕십리,15,9
20250528,잠실나루,상왕십리,16,13
20250528,잠실나루,상왕십리,17,17
20250528,잠실나루,상왕십리,18,14
20250528,잠실나루,상왕십리,19,8
20250528,잠실나루,상왕십리,20,3
20250528,잠실나루,상왕십리,21,3
20250528,잠실나루,상왕십리,22,5
20250528,잠실나루,상왕십리,23,2
20250528,잠실나루,서울대입구(관악구청),0,1
20250528,잠실나루,서울대입구(관악구청),5,1
20250528,잠실나루,서울대입구(관악구청),6,2
20250528,잠실나루,서울대입구(관악구청),7,14
20250528,잠실나루,서울대입구(관악구청),8,21
20250528,잠실나루,서울대입구(관악구청),9,14
20250528,잠실나루,서울대입구(관악구청),10,14
20250528,잠실나루,서울대입구(관악구청),11,11
20250528,잠실나루,서울대입구(관악구청),12,4
20250528,잠실나루,서울대입구(관악구청),13,6
20250528,잠실나루,서울대입구(관악구청),14,4
20250528,잠실나루,서울대입구(관악구청),15,6
20250528,잠실나루,서울대입구(관악구청),16,18
20250528,잠실나루,서울대입구(관악구청),17,18
20250528,잠실나루,서울대입구(관악구청),18,19
20250528,잠실나루,서울대입구(관악구청),19,10
20250528,잠실나루,서울대입구(관악구청),20,4
20250528,잠실나루,서울대입구(관악구청),21,6
20250528,잠실나루,서울대입구(관악구청),22,3
20250528,잠실나루,서울대입구(관악구청),23,3
20250528,잠실나루,서초,6,9
20250528,잠실나루,서초,7,21
20250528,잠실나루,서초,8,28
20250528,잠실나루,서초,9,22
20250528,잠실나루,서초,10,6
20250528,잠실나루,서초,11,4
20250528,잠실나루,서초,12,4
20250528,잠실나루,서초,13,3
20250528,잠실나루,서초,14,2
20250528,잠실나루,서초,15,5
20250528,잠실나루,서초,16,9
20250528,잠실나루,서초,17,3
20250528,잠실나루,서초,18,5
20250528,잠실나루,서초,19,5
20250528,잠실나루,서초,20,1
20250528,잠실나루,서초,21,1
20250528,잠실나루,서초,22,2
20250528,잠실나루,선릉,5,2
20250528,잠실나루,선릉,6,19
20250528,잠실나루,선릉,7,66
20250528,잠실나루,선릉,8,115
20250528,잠실나루,선릉,9,47
20250528,잠실나루,선릉,10,26
20250528,잠실나루,선릉,11,19
20250528,잠실나루,선릉,12,23
20250528,잠실나루,선릉,13,11
20250528,잠실나루,선릉,14,8
20250528,잠실나루,선릉,15,19
20250528,잠실나루,선릉,16,10
20250528,잠실나루,선릉,17,23
20250528,잠실나루,선릉,18,14
20250528,잠실나루,선릉,19,9
20250528,잠실나루,선릉,20,2
20250528,잠실나루,선릉,21,1
20250528,잠실나루,선릉,22,4
20250528,잠실나루,선릉,23,1
20250528,잠실나루,성수,5,1
20250528,잠실나루,성수,6,9
20250528,잠실나루,성수,7,24
20250528,잠실나루,성수,8,50
20250528,잠실나루,성수,9,40
20250528,잠실나루,성수,10,16
20250528,잠실나루,성수,11,19
20250528,잠실나루,성수,12,8
20250528,잠실나루,성수,13,17
20250528,잠실나루,성수,14,17
20250528,잠실나루,성수,15,14
20250528,잠실나루,성수,16,24
20250528,잠실나루,성수,17,32
20250528,잠실나루,성수,18,29
20250528,잠실나루,성수,19,5
20250528,잠실나루,성수,20,4
20250528,잠실나루,성수,21,2
20250528,잠실나루,성수,22,3
20250528,잠실나루,성수,23,1
20250528,잠실나루,시청,5,7
20250528,잠실나루,시청,6,16
20250528,잠실나루,시청,7,81
20250528,잠실나루,시청,8,73
20250528,잠실나루,시청,9,20
20250528,잠실나루,시청,10,15
20250528,잠실나루,시청,11,8
20250528,잠실나루,시청,12,10
20250528,잠실나루,시청,13,10
20250528,잠실나루,시청,14,2
20250528,잠실나루,시청,15,5
20250528,잠실나루,시청,16,5
20250528,잠실나루,시청,17,6
20250528,잠실나루,시청,18,2
20250528,잠실나루,시청,21,1
20250528,잠실나루,신당,6,1
20250528,잠실나루,신당,7,4
20250528,잠실나루,신당,8,12
20250528,잠실나루,신당,9,4
20250528,잠실나루,신당,10,10
20250528,잠실나루,신당,11,3
20250528,잠실나루,신당,12,7
20250528,잠실나루,신당,13,6
20250528,잠실나루,신당,14,4
20250528,잠실나루,신당,15,6
20250528,잠실나루,신당,16,5
20250528,잠실나루,신당,17,16
20250528,잠실나루,신당,18,5
20250528,잠실나루,신당,19,5
20250528,잠실나루,신당,20,2
20250528,잠실나루,신당,21,1
20250528,잠실나루,신당,22,2
20250528,잠실나루,신대방,6,1
20250528,잠실나루,신대방,7,3
20250528,잠실나루,신대방,8,2
20250528,잠실나루,신대방,9,4
20250528,잠실나루,신대방,10,2
20250528,잠실나루,신대방,11,6
20250528,잠실나루,신대방,12,2
20250528,잠실나루,신대방,14,2
20250528,잠실나루,신대방,15,10
20250528,잠실나루,신대방,16,2
20250528,잠실나루,신대방,17,23
20250528,잠실나루,신대방,18,8
20250528,잠실나루,신대방,19,3
20250528,잠실나루,신대방,20,8
20250528,잠실나루,신대방,21,1
20250528,잠실나루,신대방,22,3
20250528,잠실나루,신도림,7,9
20250528,잠실나루,신도림,8,3
20250528,잠실나루,신도림,9,4
20250528,잠실나루,신도림,10,5
20250528,잠실나루,신도림,11,2
20250528,잠실나루,신도림,12,2
20250528,잠실나루,신도림,13,5
20250528,잠실나루,신도림,14,3
20250528,잠실나루,신도림,15,4
20250528,잠실나루,신도림,16,13
20250528,잠실나루,신도림,17,17
20250528,잠실나루,신도림,18,10
20250528,잠실나루,신도림,19,6
20250528,잠실나루,신도림,20,3
20250528,잠실나루,신도림,21,6
20250528,잠실나루,신림,5,1
20250528,잠실나루,신림,6,3
20250528,잠실나루,신림,7,5
20250528,잠실나루,신림,8,5
20250528,잠실나루,신림,9,2
20250528,잠실나루,신림,10,9
20250528,잠실나루,신림,11,5
20250528,잠실나루,신림,12,7
20250528,잠실나루,신림,13,4
20250528,잠실나루,신림,14,10
20250528,잠실나루,신림,15,11
20250528,잠실나루,신림,16,19
20250528,잠실나루,신림,17,15
20250528,잠실나루,신림,18,17
20250528,잠실나루,신림,19,13
20250528,잠실나루,신림,20,7
20250528,잠실나루,신림,21,5
20250528,잠실나루,신림,22,3
20250528,잠실나루,신림,23,4
20250528,잠실나루,신촌,5,3
20250528,잠실나루,신촌,6,9
20250528,잠실나루,신촌,7,17
20250528,잠실나루,신촌,8,25
20250528,잠실나루,신촌,9,26
20250528,잠실나루,신촌,10,13
20250528,잠실나루,신촌,11,14
20250528,잠실나루,신촌,12,7
20250528,잠실나루,신촌,13,14
20250528,잠실나루,신촌,14,10
20250528,잠실나루,신촌,15,4
20250528,잠실나루,신촌,16,14
20250528,잠실나루,신촌,17,18
20250528,잠실나루,신촌,18,20
20250528,잠실나루,신촌,19,7
20250528,잠실나루,신촌,20,4
20250528,잠실나루,신촌,21,4
20250528,잠실나루,아현,6,3
20250528,잠실나루,아현,7,3
20250528,잠실나루,아현,8,3
20250528,잠실나루,아현,9,3
20250528,잠실나루,아현,10,3
20250528,잠실나루,아현,11,1
20250528,잠실나루,아현,12,1
20250528,잠실나루,아현,13,2
20250528,잠실나루,아현,14,3
20250528,잠실나루,아현,16,3
20250528,잠실나루,아현,17,5
20250528,잠실나루,아현,18,8
20250528,잠실나루,아현,19,4
20250528,잠실나루,아현,20,5
20250528,잠실나루,아현,21,1
20250528,잠실나루,아현,22,2
20250528,잠실나루,아현,23,1
20250528,잠실나루,역삼,5,5
20250528,잠실나루,역삼,6,20
20250528,잠실나루,역삼,7,74
20250528,잠실나루,역삼,8,113
20250528,잠실나루,역삼,9,68
20250528,잠실나루,역삼,10,21
20250528,잠실나루,역삼,11,21
20250528,잠실나루,역삼,12,15
20250528,잠실나루,역삼,13,11
20250528,잠실나루,역삼,14,9
20250528,잠실나루,역삼,15,8
20250528,잠실나루,역삼,16,14
20250528,잠실나루,역삼,17,13
20250528,잠실나루,역삼,18,11
20250528,잠실나루,역삼,19,5
20250528,잠실나루,역삼,20,2
20250528,잠실나루,역삼,21,3
20250528,잠실나루,역삼,22,3
20250528,잠실나루,역삼,23,2
20250528,잠실나루,영등포구청,6,6
20250528,잠실나루,영등포구청,7,3
20250528,잠실나루,영등포구청,8,4
20250528,잠실나루,영등포구청,9,1
20250528,잠실나루,영등포구청,10,2
20250528,잠실나루,영등포구청,11,1
20250528,잠실나루,영등포구청,12,1
20250528,잠실나루,영등포구청,13,3
20250528,잠실나루,영등포구청,14,1
20250528,잠실나루,영등포구청,15,1
20250528,잠실나루,영등포구청,16,4
20250528,잠실나루,영등포구청,17,2
20250528,잠실나루,영등포구청,18,3
20250528,잠실나루,영등포구청,19,1
20250528,잠실나루,영등포구청,21,4
20250528,잠실나루,왕십리(성동구청),5,2
20250528,잠실나루,왕십리(성동구청),6,5
20250528,잠실나루,왕십리(성동구청),7,12
20250528,잠실나루,왕십리(성동구청),8,12
20250528,잠실나루,왕십리(성동구청),9,3
20250528,잠실나루,왕십리(성동구청),10,7
20250528,잠실나루,왕십리(성동구청),11,9
20250528,잠실나루,왕십리(성동구청),12,2
20250528,잠실나루,왕십리(성동구청),13,4
20250528,잠실나루,왕십리(성동구청),14,3
20250528,잠실나루,왕십리(성동구청),15,4
20250528,잠실나루,왕십리(성동구청),16,13
20250528,잠실나루,왕십리(성동구청),17,20
20250528,잠실나루,왕십리(성동구청),18,13
20250528,잠실나루,왕십리(성동구청),19,6
20250528,잠실나루,왕십리(성동구청),20,2
20250528,잠실나루,왕십리(성동구청),21,8
20250528,잠실나루,왕십리(성동구청),22,3
20250528,잠실나루,왕십리(성동구청),23,1
20250528,잠실나루,용두(동대문구청),6,2
20250528,잠실나루,용두(동대문구청),7,9
20250528,잠실나루,용두(동대문구청),8,13
20250528,잠실나루,용두(동대문구청),9,5
20250528,잠실나루,용두(동대문구청),10,4
20250528,잠실나루,용두(동대문구청),11,2
20250528,잠실나루,용두(동대문구청),12,1
20250528,잠실나루,용두(동대문구청),13,1
20250528,잠실나루,용두(동대문구청),14,4
20250528,잠실나루,용두(동대문구청),15,2
20250528,잠실나루,용두(동대문구청),16,12
20250528,잠실나루,용두(동대문구청),17,8
20250528,잠실나루,용두(동대문구청),18,7
20250528,잠실나루,용두(동대문구청),19,1
20250528,잠실나루,용두(동대문구청),20,5
20250528,잠실나루,용두(동대문구청),21,3
20250528,잠실나루,을지로3가,5,1
20250528,잠실나루,을지로3가,6,14
20250528,잠실나루,을지로3가,7,64
20250528,잠실나루,을지로3가,8,55
20250528,잠실나루,을지로3가,9,15
20250528,잠실나루,을지로3가,10,10
20250528,잠실나루,을지로3가,11,6
20250528,잠실나루,을지로3가,12,11
20250528,잠실나루,을지로3가,13,12
20250528,잠실나루,을지로3가,14,7
20250528,잠실나루,을지로3가,15,1
20250528,잠실나루,을지로3가,16,8
20250528,잠실나루,을지로3가,17,8
20250528,잠실나루,을지로3가,18,6
20250528,잠실나루,을지로3가,19,1
20250528,잠실나루,을지로3가,21,3
20250528,잠실나루,을지로4가,5,1
20250528,잠실나루,을지로4가,6,6
20250528,잠실나루,을지로4가,7,24
20250528,잠실나루,을지로4가,8,32
20250528,잠실나루,을지로4가,9,11
20250528,잠실나루,을지로4가,10,9
20250528,잠실나루,을지로4가,11,8
20250528,잠실나루,을지로4가,12,7
20250528,잠실나루,을지로4가,13,8
20250528,잠실나루,을지로4가,14,3
20250528,잠실나루,을지로4가,15,1
20250528,잠실나루,을지로4가,16,4
20250528,잠실나루,을지로4가,17,3
20250528,잠실나루,을지로4가,18,1
20250528,잠실나루,을지로4가,19,2
20250528,잠실나루,을지로4가,21,2
20250528,잠실나루,을지로입구,0,1
20250528,잠실나루,을지로입구,5,4
20250528,잠실나루,을지로입구,6,38
20250528,잠실나루,을지로입구,7,117
20250528,잠실나루,을지로입구,8,147
20250528,잠실나루,을지로입구,9,47
20250528,잠실나루,을지로입구,10,20
20250528,잠실나루,을지로입구,11,13
20250528,잠실나루,을지로입구,12,11
20250528,잠실나루,을지로입구,13,11
20250528,잠실나루,을지로입구,14,10
20250528,잠실나루,을지로입구,15,9
20250528,잠실나루,을지로입구,16,10
20250528,잠실나루,을지로입구,17,11
20250528,잠실나루,을지로입구,18,4
20250528,잠실나루,을지로입구,19,4
20250528,잠실나루,을지로입구,21,6
20250528,잠실나루,을지로입구,22,1
20250528,잠실나루,이대,6,4
20250528,잠실나루,이대,7,7
20250528,잠실나루,이대,8,27
20250528,잠실나루,이대,9,13
20250528,잠실나루,이대,10,12
20250528,잠실나루,이대,11,18
20250528,잠실나루,이대,12,8
20250528,잠실나루,이대,13,6
20250528,잠실나루,이대,14,3
20250528,잠실나루,이대,15,5
20250528,잠실나루,이대,16,6
20250528,잠실나루,이대,17,9
20250528,잠실나루,이대,18,9
20250528,잠실나루,이대,19,3
20250528,잠실나루,이대,20,2
20250528,잠실나루,이대,21,4
20250528,잠실나루,잠실(송파구청),5,4
20250528,잠실나루,잠실(송파구청),6,28
20250528,잠실나루,잠실(송파구청),7,27
20250528,잠실나루,잠실(송파구청),8,18
20250528,잠실나루,잠실(송파구청),9,20
20250528,잠실나루,잠실(송파구청),10,71
20250528,잠실나루,잠실(송파구청),11,69
20250528,잠실나루,잠실(송파구청),12,49
20250528,잠실나루,잠실(송파구청),13,67
20250528,잠실나루,잠실(송파구청),14,43
20250528,잠실나루,잠실(송파구청),15,58
20250528,잠실나루,잠실(송파구청),16,54
20250528,잠실나루,잠실(송파구청),17,58
20250528,잠실나루,잠실(송파구청),18,50
20250528,잠실나루,잠실(송파구청),19,38
20250528,잠실나루,잠실(송파구청),20,19
20250528,잠실나루,잠실(송파구청),21,13
20250528,잠실나루,잠실(송파구청),22,6
20250528,잠실나루,잠실(송파구청),23,1
20250528,잠실나루,잠실나루,0,1
20250528,잠실나루,잠실나루,5,2
20250528,잠실나루,잠실나루,6,2
20250528,잠실나루,잠실나루,7,2
20250528,잠실나루,잠실나루,8,6
20250528,잠실나루,잠실나루,9,4
20250528,잠실나루,잠실나루,10,3
20250528,잠실나루,잠실나루,11,3
20250528,잠실나루,잠실나루,12,6
20250528,잠실나루,잠실나루,13,10
20250528,잠실나루,잠실나루,14,7
20250528,잠실나루,잠실나루,15,3
20250528,잠실나루,잠실나루,16,9
20250528,잠실나루,잠실나루,17,5
20250528,잠실나루,잠실나루,18,7
20250528,잠실나루,잠실나루,19,4
20250528,잠실나루,잠실나루,20,1
20250528,잠실나루,잠실나루,21,2
20250528,잠실나루,잠실나루,22,1
20250528,잠실나루,잠실새내,0,1
20250528,잠실나루,잠실새내,5,4
20250528,잠실나루,잠실새내,6,7
20250528,잠실나루,잠실새내,7,30
20250528,잠실나루,잠실새내,8,31
20250528,잠실나루,잠실새내,9,43
20250528,잠실나루,잠실새내,10,27
20250528,잠실나루,잠실새내,11,28
20250528,잠실나루,잠실새내,12,31
20250528,잠실나루,잠실새내,13,26
20250528,잠실나루,잠실새내,14,29
20250528,잠실나루,잠실새내,15,51
20250528,잠실나루,잠실새내,16,42
20250528,잠실나루,잠실새내,17,39
20250528,잠실나루,잠실새내,18,32
20250528,잠실나루,잠실새내,19,19
20250528,잠실나루,잠실새내,20,15
20250528,잠실나루,잠실새내,21,14
20250528,잠실나루,잠실새내,22,7
20250528,잠실나루,잠실새내,23,1
20250528,잠실나루,종합운동장,5,3
20250528,잠실나루,종합운동장,6,6
20250528,잠실나루,종합운동장,7,55
20250528,잠실나루,종합운동장,8,26
20250528,잠실나루,종합운동장,9,12
20250528,잠실나루,종합운동장,10,13
20250528,잠실나루,종합운동장,11,6
20250528,잠실나루,종합운동장,12,9
20250528,잠실나루,종합운동장,13,10
20250528,잠실나루,종합운동장,14,17
20250528,잠실나루,종합운동장,15,3
20250528,잠실나루,종합운동장,16,13
20250528,잠실나루,종합운동장,17,34
20250528,잠실나루,종합운동장,18,18
20250528,잠실나루,종합운동장,19,6
20250528,잠실나루,종합운동장,20,1
20250528,잠실나루,종합운동장,21,2
20250528,잠실나루,충정로(경기대입구),6,2
20250528,잠실나루,충정로(경기대입구),7,5
20250528,잠실나루,충정로(경기대입구),8,14
20250528,잠실나루,충정로(경기대입구),9,8
20250528,잠실나루,충정로(경기대입구),11,1
20250528,잠실나루,충정로(경기대입구),12,3
20250528,잠실나루,충정로(경기대입구),13,3
20250528,잠실나루,충정로(경기대입구),14,2
20250528,잠실나루,충정로(경기대입구),15,3
20250528,잠실나루,충정로(경기대입구),16,4
20250528,잠실나루,충정로(경기대입구),17,4
20250528,잠실나루,충정로(경기대입구),18,4
20250528,잠실나루,충정로(경기대입구),19,1
20250528,잠실나루,충정로(경기대입구),22,1
20250528,잠실나루,충정로(경기대입구),23,1
20250528,잠실나루,한양대,6,4
20250528,잠실나루,한양대,7,8
20250528,잠실나루,한양대,8,26
20250528,잠실나루,한양대,9,20
20250528,잠실나루,한양대,10,19
20250528,잠실나루,한양대,11,6
20250528,잠실나루,한양대,12,12
20250528,잠실나루,한양대,13,6
20250528,잠실나루,한양대,14,10
20250528,잠실나루,한양대,15,2
20250528,잠실나루,한양대,16,2
20250528,잠실나루,한양대,17,8
20250528,잠실나루,한양대,18,4
20250528,잠실나루,한양대,19,2
20250528,잠실나루,한양대,20,2
20250528,잠실나루,한양대,21,2
20250528,잠실나루,한양대,22,2
20250528,잠실나루,합정,6,4
20250528,잠실나루,합정,7,4
20250528,잠실나루,합정,8,4
20250528,잠실나루,합정,9,3
20250528,잠실나루,합정,10,7
20250528,잠실나루,합정,11,4
20250528,잠실나루,합정,12,2
20250528,잠실나루,합정,13,3
20250528,잠실나루,합정,14,1
20250528,잠실나루,합정,16,3
20250528,잠실나루,합정,17,5
20250528,잠실나루,합정,18,1
20250528,잠실나루,합정,19,3
20250528,잠실나루,합정,20,1
20250528,잠실나루,합정,22,1
20250528,잠실나루,홍대입구,0,1
20250528,잠실나루,홍대입구,6,4
20250528,잠실나루,홍대입구,7,9
20250528,잠실나루,홍대입구,8,10
20250528,잠실나루,홍대입구,9,16
20250528,잠실나루,홍대입구,10,7
20250528,잠실나루,홍대입구,11,7
20250528,잠실나루,홍대입구,12,11
20250528,잠실나루,홍대입구,13,3
20250528,잠실나루,홍대입구,14,7
20250528,잠실나루,홍대입구,15,8
20250528,잠실나루,홍대입구,16,21
20250528,잠실나루,홍대입구,17,18
20250528,잠실나루,홍대입구,18,16
20250528,잠실나루,홍대입구,19,5
20250528,잠실나루,홍대입구,20,4
20250528,잠실나루,홍대입구,21,4
20250528,잠실나루,홍대입구,22,5
20250528,잠실나루,홍대입구,23,2
20250528,잠실새내,강남,0,1
20250528,잠실새내,강남,5,17
20250528,잠실새내,강남,6,63
20250528,잠실새내,강남,7,259
20250528,잠실새내,강남,8,280
20250528,잠실새내,강남,9,231
20250528,잠실새내,강남,10,71
20250528,잠실새내,강남,11,43
20250528,잠실새내,강남,12,50
20250528,잠실새내,강남,13,59
20250528,잠실새내,강남,14,50
20250528,잠실새내,강남,15,39
20250528,잠실새내,강남,16,46
20250528,잠실새내,강남,17,73
20250528,잠실새내,강남,18,71
20250528,잠실새내,강남,19,42
20250528,잠실새내,강남,20,35
20250528,잠실새내,강남,21,23
20250528,잠실새내,강남,22,28
20250528,잠실새내,강남,23,25
20250528,잠실새내,강변(동서울터미널),0,7
20250528,잠실새내,강변(동서울터미널),5,10
20250528,잠실새내,강변(동서울터미널),6,10
20250528,잠실새내,강변(동서울터미널),7,23
20250528,잠실새내,강변(동서울터미널),8,29
20250528,잠실새내,강변(동서울터미널),9,24
20250528,잠실새내,강변(동서울터미널),10,23
20250528,잠실새내,강변(동서울터미널),11,22
20250528,잠실새내,강변(동서울터미널),12,17
20250528,잠실새내,강변(동서울터미널),13,21
20250528,잠실새내,강변(동서울터미널),14,21
20250528,잠실새내,강변(동서울터미널),15,27
20250528,잠실새내,강변(동서울터미널),16,32
20250528,잠실새내,강변(동서울터미널),17,38
20250528,잠실새내,강변(동서울터미널),18,39
20250528,잠실새내,강변(동서울터미널),19,29
20250528,잠실새내,강변(동서울터미널),20,32
20250528,잠실새내,강변(동서울터미널),21,27
20250528,잠실새내,강변(동서울터미널),22,23
20250528,잠실새내,강변(동서울터미널),23,8
20250528,잠실새내,건대입구,0,16
20250528,잠실새내,건대입구,5,3
20250528,잠실새내,건대입구,6,7
20250528,잠실새내,건대입구,7,15
20250528,잠실새내,건대입구,8,40
20250528,잠실새내,건대입구,9,35
20250528,잠실새내,건대입구,10,34
20250528,잠실새내,건대입구,11,23
20250528,잠실새내,건대입구,12,18
20250528,잠실새내,건대입구,13,17
20250528,잠실새내,건대입구,14,14
20250528,잠실새내,건대입구,15,22
20250528,잠실새내,건대입구,16,35
20250528,잠실새내,건대입구,17,33
20250528,잠실새내,건대입구,18,48
20250528,잠실새내,건대입구,19,30
20250528,잠실새내,건대입구,20,28
20250528,잠실새내,건대입구,21,35
20250528,잠실새내,건대입구,22,36
20250528,잠실새내,건대입구,23,21
20250528,잠실새내,교대(법원.검찰청),5,5
20250528,잠실새내,교대(법원.검찰청),6,12
20250528,잠실새내,교대(법원.검찰청),7,54
20250528,잠실새내,교대(법원.검찰청),8,95
20250528,잠실새내,교대(법원.검찰청),9,62
20250528,잠실새내,교대(법원.검찰청),10,47
20250528,잠실새내,교대(법원.검찰청),11,17
20250528,잠실새내,교대(법원.검찰청),12,25
20250528,잠실새내,교대(법원.검찰청),13,22
20250528,잠실새내,교대(법원.검찰청),14,16
20250528,잠실새내,교대(법원.검찰청),15,11
20250528,잠실새내,교대(법원.검찰청),16,18
20250528,잠실새내,교대(법원.검찰청),17,19
20250528,잠실새내,교대(법원.검찰청),18,15
20250528,잠실새내,교대(법원.검찰청),19,16
20250528,잠실새내,교대(법원.검찰청),20,5
20250528,잠실새내,교대(법원.검찰청),21,3
20250528,잠실새내,교대(법원.검찰청),22,16
20250528,잠실새내,교대(법원.검찰청),23,5
20250528,잠실새내,구로디지털단지,0,4
20250528,잠실새내,구로디지털단지,5,5
20250528,잠실새내,구로디지털단지,6,13
20250528,잠실새내,구로디지털단지,7,44
20250528,잠실새내,구로디지털단지,8,40
20250528,잠실새내,구로디지털단지,9,17
20250528,잠실새내,구로디지털단지,10,10
20250528,잠실새내,구로디지털단지,11,9
20250528,잠실새내,구로디지털단지,12,12
20250528,잠실새내,구로디지털단지,13,5
20250528,잠실새내,구로디지털단지,14,8
20250528,잠실새내,구로디지털단지,15,7
20250528,잠실새내,구로디지털단지,16,10
20250528,잠실새내,구로디지털단지,17,12
20250528,잠실새내,구로디지털단지,18,12
20250528,잠실새내,구로디지털단지,19,10
20250528,잠실새내,구로디지털단지,20,14
20250528,잠실새내,구로디지털단지,21,13
20250528,잠실새내,구로디지털단지,22,15
20250528,잠실새내,구로디지털단지,23,7
20250528,잠실새내,구의(광진구청),0,8
20250528,잠실새내,구의(광진구청),5,3
20250528,잠실새내,구의(광진구청),6,10
20250528,잠실새내,구의(광진구청),7,17
20250528,잠실새내,구의(광진구청),8,33
20250528,잠실새내,구의(광진구청),9,19
20250528,잠실새내,구의(광진구청),10,20
20250528,잠실새내,구의(광진구청),11,17
20250528,잠실새내,구의(광진구청),12,19
20250528,잠실새내,구의(광진구청),13,16
20250528,잠실새내,구의(광진구청),14,15
20250528,잠실새내,구의(광진구청),15,29
20250528,잠실새내,구의(광진구청),16,24
20250528,잠실새내,구의(광진구청),17,35
20250528,잠실새내,구의(광진구청),18,36
20250528,잠실새내,구의(광진구청),19,36
20250528,잠실새내,구의(광진구청),20,32
20250528,잠실새내,구의(광진구청),21,27
20250528,잠실새내,구의(광진구청),22,18
20250528,잠실새내,구의(광진구청),23,12
20250528,잠실새내,낙성대,5,1
20250528,잠실새내,낙성대,6,1
20250528,잠실새내,낙성대,7,22
20250528,잠실새내,낙성대,8,18
20250528,잠실새내,낙성대,9,11
20250528,잠실새내,낙성대,10,17
20250528,잠실새내,낙성대,11,6
20250528,잠실새내,낙성대,12,6
20250528,잠실새내,낙성대,13,5
20250528,잠실새내,낙성대,14,3
20250528,잠실새내,낙성대,15,6
20250528,잠실새내,낙성대,16,3
20250528,잠실새내,낙성대,17,7
20250528,잠실새내,낙성대,18,19
20250528,잠실새내,낙성대,19,8
20250528,잠실새내,낙성대,20,15
20250528,잠실새내,낙성대,21,11
20250528,잠실새내,낙성대,22,20
20250528,잠실새내,낙성대,23,9
20250528,잠실새내,당산,5,1
20250528,잠실새내,당산,6,1
20250528,잠실새내,당산,7,2
20250528,잠실새내,당산,8,2
20250528,잠실새내,당산,9,2
20250528,잠실새내,당산,11,1
20250528,잠실새내,당산,12,1
20250528,잠실새내,당산,13,1
20250528,잠실새내,당산,14,1
20250528,잠실새내,당산,15,1
20250528,잠실새내,당산,16,3
20250528,잠실새내,당산,18,1
20250528,잠실새내,당산,20,2
20250528,잠실새내,당산,21,3
20250528,잠실새내,대림(구로구청),0,2
20250528,잠실새내,대림(구로구청),5,1
20250528,잠실새내,대림(구로구청),6,5
20250528,잠실새내,대림(구로구청),7,9
20250528,잠실새내,대림(구로구청),8,6
20250528,잠실새내,대림(구로구청),9,4
20250528,잠실새내,대림(구로구청),11,2
20250528,잠실새내,대림(구로구청),12,3
20250528,잠실새내,대림(구로구청),13,4
20250528,잠실새내,대림(구로구청),14,1
20250528,잠실새내,대림(구로구청),15,6
20250528,잠실새내,대림(구로구청),16,7
20250528,잠실새내,대림(구로구청),17,5
20250528,잠실새내,대림(구로구청),18,12
20250528,잠실새내,대림(구로구청),19,4
20250528,잠실새내,대림(구로구청),20,4
20250528,잠실새내,대림(구로구청),21,8
20250528,잠실새내,대림(구로구청),22,13
20250528,잠실새내,대림(구로구청),23,5
20250528,잠실새내,동대문역사문화공원,5,4
20250528,잠실새내,동대문역사문화공원,6,7
20250528,잠실새내,동대문역사문화공원,7,19
20250528,잠실새내,동대문역사문화공원,8,41
20250528,잠실새내,동대문역사문화공원,9,20
20250528,잠실새내,동대문역사문화공원,10,14
20250528,잠실새내,동대문역사문화공원,11,15
20250528,잠실새내,동대문역사문화공원,12,11
20250528,잠실새내,동대문역사문화공원,13,7
20250528,잠실새내,동대문역사문화공원,14,3
20250528,잠실새내,동대문역사문화공원,15,5
20250528,잠실새내,동대문역사문화공원,16,9
20250528,잠실새내,동대문역사문화공원,17,8
20250528,잠실새내,동대문역사문화공원,18,12
20250528,잠실새내,동대문역사문화공원,19,10
20250528,잠실새내,동대문역사문화공원,20,4
20250528,잠실새내,동대문역사문화공원,21,4
20250528,잠실새내,동대문역사문화공원,22,8
20250528,잠실새내,동대문역사문화공원,23,8
20250528,잠실새내,뚝섬,5,1
20250528,잠실새내,뚝섬,6,5
20250528,잠실새내,뚝섬,7,20
20250528,잠실새내,뚝섬,8,55
20250528,잠실새내,뚝섬,9,40
20250528,잠실새내,뚝섬,10,18
20250528,잠실새내,뚝섬,11,10
20250528,잠실새내,뚝섬,12,7
20250528,잠실새내,뚝섬,13,10
20250528,잠실새내,뚝섬,14,8
20250528,잠실새내,뚝섬,15,6
20250528,잠실새내,뚝섬,16,10
20250528,잠실새내,뚝섬,17,8
20250528,잠실새내,뚝섬,18,10
20250528,잠실새내,뚝섬,19,7
20250528,잠실새내,뚝섬,20,5
20250528,잠실새내,뚝섬,21,1
20250528,잠실새내,뚝섬,22,8
20250528,잠실새내,뚝섬,23,5
20250528,잠실새내,문래,6,4
20250528,잠실새내,문래,7,17
20250528,잠실새내,문래,8,12
20250528,잠실새내,문래,9,8
20250528,잠실새내,문래,10,3
20250528,잠실새내,문래,12,1
20250528,잠실새내,문래,13,1
20250528,잠실새내,문래,14,5
20250528,잠실새내,문래,16,4
20250528,잠실새내,문래,17,2
20250528,잠실새내,문래,18,3
20250528,잠실새내,문래,19,4
20250528,잠실새내,문래,20,1
20250528,잠실새내,문래,22,3
20250528,잠실새내,문래,23,3
20250528,잠실새내,방배,0,2
20250528,잠실새내,방배,5,1
20250528,잠실새내,방배,6,4
20250528,잠실새내,방배,7,15
20250528,잠실새내,방배,8,43
20250528,잠실새내,방배,9,20
20250528,잠실새내,방배,10,21
20250528,잠실새내,방배,11,10
20250528,잠실새내,방배,12,12
20250528,잠실새내,방배,13,2
20250528,잠실새내,방배,14,14
20250528,잠실새내,방배,15,5
20250528,잠실새내,방배,16,7
20250528,잠실새내,방배,17,9
20250528,잠실새내,방배,18,10
20250528,잠실새내,방배,19,7
20250528,잠실새내,방배,20,7
20250528,잠실새내,방배,21,6
20250528,잠실새내,방배,22,7
20250528,잠실새내,방배,23,2
20250528,잠실새내,봉천,0,3
20250528,잠실새내,봉천,6,1
20250528,잠실새내,봉천,7,6
20250528,잠실새내,봉천,8,9
20250528,잠실새내,봉천,9,7
20250528,잠실새내,봉천,10,3
20250528,잠실새내,봉천,11,1
20250528,잠실새내,봉천,12,1
20250528,잠실새내,봉천,13,2
20250528,잠실새내,봉천,14,2
20250528,잠실새내,봉천,15,5
20250528,잠실새내,봉천,16,11
20250528,잠실새내,봉천,17,12
20250528,잠실새내,봉천,18,8
20250528,잠실새내,봉천,19,7
20250528,잠실새내,봉천,20,8
20250528,잠실새내,봉천,21,10
20250528,잠실새내,봉천,22,9
20250528,잠실새내,봉천,23,7
20250528,잠실새내,사당,0,9
20250528,잠실새내,사당,5,5
20250528,잠실새내,사당,6,17
20250528,잠실새내,사당,7,39
20250528,잠실새내,사당,8,34
20250528,잠실새내,사당,9,19
20250528,잠실새내,사당,10,17
20250528,잠실새내,사당,11,14
20250528,잠실새내,사당,12,18
20250528,잠실새내,사당,13,21
20250528,잠실새내,사당,14,18
20250528,잠실새내,사당,15,17
20250528,잠실새내,사당,16,14
20250528,잠실새내,사당,17,28
20250528,잠실새내,사당,18,30
20250528,잠실새내,사당,19,21
20250528,잠실새내,사당,20,27
20250528,잠실새내,사당,21,20
20250528,잠실새내,사당,22,34
20250528,잠실새내,사당,23,16
20250528,잠실새내,삼성(무역센터),0,1
20250528,잠실새내,삼성(무역센터),5,9
20250528,잠실새내,삼성(무역센터),6,23
20250528,잠실새내,삼성(무역센터),7,112
20250528,잠실새내,삼성(무역센터),8,218
20250528,잠실새내,삼성(무역센터),9,167
20250528,잠실새내,삼성(무역센터),10,83
20250528,잠실새내,삼성(무역센터),11,44
20250528,잠실새내,삼성(무역센터),12,42
20250528,잠실새내,삼성(무역센터),13,43
20250528,잠실새내,삼성(무역센터),14,32
20250528,잠실새내,삼성(무역센터),15,21
20250528,잠실새내,삼성(무역센터),16,29
20250528,잠실새내,삼성(무역센터),17,49
20250528,잠실새내,삼성(무역센터),18,36
20250528,잠실새내,삼성(무역센터),19,19
20250528,잠실새내,삼성(무역센터),20,11
20250528,잠실새내,삼성(무역센터),21,16
20250528,잠실새내,삼성(무역센터),22,5
20250528,잠실새내,삼성(무역센터),23,4
20250528,잠실새내,상왕십리,0,2
20250528,잠실새내,상왕십리,5,1
20250528,잠실새내,상왕십리,6,1
20250528,잠실새내,상왕십리,7,7
20250528,잠실새내,상왕십리,8,16
20250528,잠실새내,상왕십리,9,8
20250528,잠실새내,상왕십리,10,2
20250528,잠실새내,상왕십리,11,6
20250528,잠실새내,상왕십리,12,6
20250528,잠실새내,상왕십리,13,7
20250528,잠실새내,상왕십리,14,3
20250528,잠실새내,상왕십리,15,8
20250528,잠실새내,상왕십리,16,7
20250528,잠실새내,상왕십리,17,8
20250528,잠실새내,상왕십리,18,6
20250528,잠실새내,상왕십리,19,4
20250528,잠실새내,상왕십리,20,3
20250528,잠실새내,상왕십리,21,13
20250528,잠실새내,상왕십리,22,9
20250528,잠실새내,상왕십리,23,9
20250528,잠실새내,서울대입구(관악구청),0,3
20250528,잠실새내,서울대입구(관악구청),5,3
20250528,잠실새내,서울대입구(관악구청),6,2
20250528,잠실새내,서울대입구(관악구청),7,18
20250528,잠실새내,서울대입구(관악구청),8,56
20250528,잠실새내,서울대입구(관악구청),9,37
20250528,잠실새내,서울대입구(관악구청),10,27
20250528,잠실새내,서울대입구(관악구청),11,16
20250528,잠실새내,서울대입구(관악구청),12,17
20250528,잠실새내,서울대입구(관악구청),13,15
20250528,잠실새내,서울대입구(관악구청),14,15
20250528,잠실새내,서울대입구(관악구청),15,10
20250528,잠실새내,서울대입구(관악구청),16,9
20250528,잠실새내,서울대입구(관악구청),17,14
20250528,잠실새내,서울대입구(관악구청),18,34
20250528,잠실새내,서울대입구(관악구청),19,18
20250528,잠실새내,서울대입구(관악구청),20,24
20250528,잠실새내,서울대입구(관악구청),21,17
20250528,잠실새내,서울대입구(관악구청),22,30
20250528,잠실새내,서울대입구(관악구청),23,17
20250528,잠실새내,서초,0,1
20250528,잠실새내,서초,5,6
20250528,잠실새내,서초,6,11
20250528,잠실새내,서초,7,47
20250528,잠실새내,서초,8,72
20250528,잠실새내,서초,9,45
20250528,잠실새내,서초,10,23
20250528,잠실새내,서초,11,13
20250528,잠실새내,서초,12,16
20250528,잠실새내,서초,13,9
20250528,잠실새내,서초,14,13
20250528,잠실새내,서초,15,10
20250528,잠실새내,서초,16,9
20250528,잠실새내,서초,17,11
20250528,잠실새내,서초,18,11
20250528,잠실새내,서초,19,4
20250528,잠실새내,서초,20,3
20250528,잠실새내,서초,21,1
20250528,잠실새내,서초,22,10
20250528,잠실새내,서초,23,4
20250528,잠실새내,선릉,5,6
20250528,잠실새내,선릉,6,26
20250528,잠실새내,선릉,7,93
20250528,잠실새내,선릉,8,223
20250528,잠실새내,선릉,9,153
20250528,잠실새내,선릉,10,73
20250528,잠실새내,선릉,11,32
20250528,잠실새내,선릉,12,42
20250528,잠실새내,선릉,13,34
20250528,잠실새내,선릉,14,36
20250528,잠실새내,선릉,15,31
20250528,잠실새내,선릉,16,29
20250528,잠실새내,선릉,17,41
20250528,잠실새내,선릉,18,34
20250528,잠실새내,선릉,19,17
20250528,잠실새내,선릉,20,17
20250528,잠실새내,선릉,21,14
20250528,잠실새내,선릉,22,16
20250528,잠실새내,선릉,23,6
20250528,잠실새내,성수,0,3
20250528,잠실새내,성수,5,4
20250528,잠실새내,성수,6,9
20250528,잠실새내,성수,7,37
20250528,잠실새내,성수,8,83
20250528,잠실새내,성수,9,54
20250528,잠실새내,성수,10,23
20250528,잠실새내,성수,11,18
20250528,잠실새내,성수,12,15
20250528,잠실새내,성수,13,20
20250528,잠실새내,성수,14,8
20250528,잠실새내,성수,15,15
20250528,잠실새내,성수,16,17
20250528,잠실새내,성수,17,21
20250528,잠실새내,성수,18,33
20250528,잠실새내,성수,19,10
20250528,잠실새내,성수,20,10
20250528,잠실새내,성수,21,5
20250528,잠실새내,성수,22,5
20250528,잠실새내,성수,23,6
20250528,잠실새내,시청,0,1
20250528,잠실새내,시청,5,4
20250528,잠실새내,시청,6,19
20250528,잠실새내,시청,7,99
20250528,잠실새내,시청,8,102
20250528,잠실새내,시청,9,27
20250528,잠실새내,시청,10,15
20250528,잠실새내,시청,11,9
20250528,잠실새내,시청,12,4
20250528,잠실새내,시청,13,4
20250528,잠실새내,시청,14,6
20250528,잠실새내,시청,15,2
20250528,잠실새내,시청,16,5
20250528,잠실새내,시청,17,6
20250528,잠실새내,시청,18,2
20250528,잠실새내,시청,19,1
20250528,잠실새내,시청,20,1
20250528,잠실새내,시청,22,1
20250528,잠실새내,시청,23,2
20250528,잠실새내,신당,0,3
20250528,잠실새내,신당,5,3
20250528,잠실새내,신당,6,2
20250528,잠실새내,신당,7,9
20250528,잠실새내,신당,8,14
20250528,잠실새내,신당,9,7
20250528,잠실새내,신당,10,7
20250528,잠실새내,신당,11,5
20250528,잠실새내,신당,12,2
20250528,잠실새내,신당,13,7
20250528,잠실새내,신당,14,4
20250528,잠실새내,신당,15,5
20250528,잠실새내,신당,16,2
20250528,잠실새내,신당,17,3
20250528,잠실새내,신당,18,5
20250528,잠실새내,신당,19,8
20250528,잠실새내,신당,20,8
20250528,잠실새내,신당,21,1
20250528,잠실새내,신당,22,3
20250528,잠실새내,신당,23,6
20250528,잠실새내,신대방,0,1
20250528,잠실새내,신대방,6,1
20250528,잠실새내,신대방,7,10
20250528,잠실새내,신대방,8,4
20250528,잠실새내,신대방,9,4
20250528,잠실새내,신대방,10,3
20250528,잠실새내,신대방,11,5
20250528,잠실새내,신대방,12,4
20250528,잠실새내,신대방,13,3
20250528,잠실새내,신대방,14,3
20250528,잠실새내,신대방,15,5
20250528,잠실새내,신대방,16,9
20250528,잠실새내,신대방,17,7
20250528,잠실새내,신대방,18,11
20250528,잠실새내,신대방,19,6
20250528,잠실새내,신대방,20,10
20250528,잠실새내,신대방,21,10
20250528,잠실새내,신대방,22,9
20250528,잠실새내,신대방,23,10
20250528,잠실새내,신도림,0,3
20250528,잠실새내,신도림,6,6
20250528,잠실새내,신도림,7,11
20250528,잠실새내,신도림,8,7
20250528,잠실새내,신도림,9,9
20250528,잠실새내,신도림,10,5
20250528,잠실새내,신도림,11,8
20250528,잠실새내,신도림,12,7
20250528,잠실새내,신도림,13,3
20250528,잠실새내,신도림,14,5
20250528,잠실새내,신도림,15,7
20250528,잠실새내,신도림,16,4
20250528,잠실새내,신도림,17,5
20250528,잠실새내,신도림,18,7
20250528,잠실새내,신도림,19,6
20250528,잠실새내,신도림,20,4
20250528,잠실새내,신도림,21,7
20250528,잠실새내,신도림,22,16
20250528,잠실새내,신도림,23,11
20250528,잠실새내,신림,0,8
20250528,잠실새내,신림,5,1
20250528,잠실새내,신림,6,6
20250528,잠실새내,신림,7,20
20250528,잠실새내,신림,8,13
20250528,잠실새내,신림,9,7
20250528,잠실새내,신림,10,6
20250528,잠실새내,신림,11,7
20250528,잠실새내,신림,12,7
20250528,잠실새내,신림,13,7
20250528,잠실새내,신림,14,9
20250528,잠실새내,신림,15,7
20250528,잠실새내,신림,16,18
20250528,잠실새내,신림,17,11
20250528,잠실새내,신림,18,24
20250528,잠실새내,신림,19,22
20250528,잠실새내,신림,20,19
20250528,잠실새내,신림,21,21
20250528,잠실새내,신림,22,29
20250528,잠실새내,신림,23,24
20250528,잠실새내,신촌,5,1
20250528,잠실새내,신촌,6,8
20250528,잠실새내,신촌,7,29
20250528,잠실새내,신촌,8,36
20250528,잠실새내,신촌,9,51
20250528,잠실새내,신촌,10,29
20250528,잠실새내,신촌,11,26
20250528,잠실새내,신촌,12,18
20250528,잠실새내,신촌,13,5
20250528,잠실새내,신촌,14,17
20250528,잠실새내,신촌,15,6
20250528,잠실새내,신촌,16,10
20250528,잠실새내,신촌,17,9
20250528,잠실새내,신촌,18,11
20250528,잠실새내,신촌,19,7
20250528,잠실새내,신촌,20,4
20250528,잠실새내,신촌,21,3
20250528,잠실새내,신촌,22,7
20250528,잠실새내,신촌,23,9
20250528,잠실새내,아현,0,1
20250528,잠실새내,아현,5,1
20250528,잠실새내,아현,6,3
20250528,잠실새내,아현,7,7
20250528,잠실새내,아현,8,3
20250528,잠실새내,아현,9,3
20250528,잠실새내,아현,10,2
20250528,잠실새내,아현,12,1
20250528,잠실새내,아현,13,6
20250528,잠실새내,아현,16,1
20250528,잠실새내,아현,17,2
20250528,잠실새내,아현,18,5
20250528,잠실새내,아현,19,5
20250528,잠실새내,아현,20,3
20250528,잠실새내,아현,21,3
20250528,잠실새내,아현,22,2
20250528,잠실새내,아현,23,4
20250528,잠실새내,역삼,0,2
20250528,잠실새내,역삼,5,6
20250528,잠실새내,역삼,6,14
20250528,잠실새내,역삼,7,123
20250528,잠실새내,역삼,8,276
20250528,잠실새내,역삼,9,195
20250528,잠실새내,역삼,10,77
20250528,잠실새내,역삼,11,35
20250528,잠실새내,역삼,12,41
20250528,잠실새내,역삼,13,19
20250528,잠실새내,역삼,14,18
20250528,잠실새내,역삼,15,20
20250528,잠실새내,역삼,16,23
20250528,잠실새내,역삼,17,19
20250528,잠실새내,역삼,18,19
20250528,잠실새내,역삼,19,25
20250528,잠실새내,역삼,20,17
20250528,잠실새내,역삼,21,13
20250528,잠실새내,역삼,22,15
20250528,잠실새내,역삼,23,6
20250528,잠실새내,영등포구청,0,1
20250528,잠실새내,영등포구청,5,2
20250528,잠실새내,영등포구청,6,5
20250528,잠실새내,영등포구청,7,6
20250528,잠실새내,영등포구청,8,3
20250528,잠실새내,영등포구청,9,2
20250528,잠실새내,영등포구청,10,3
20250528,잠실새내,영등포구청,11,2
20250528,잠실새내,영등포구청,12,1
20250528,잠실새내,영등포구청,13,2
20250528,잠실새내,영등포구청,14,2
20250528,잠실새내,영등포구청,17,1
20250528,잠실새내,영등포구청,18,1
20250528,잠실새내,영등포구청,20,2
20250528,잠실새내,영등포구청,21,1
20250528,잠실새내,영등포구청,22,1
20250528,잠실새내,영등포구청,23,4
20250528,잠실새내,왕십리(성동구청),0,1
20250528,잠실새내,왕십리(성동구청),5,2
20250528,잠실새내,왕십리(성동구청),6,4
20250528,잠실새내,왕십리(성동구청),7,12
20250528,잠실새내,왕십리(성동구청),8,14
20250528,잠실새내,왕십리(성동구청),9,4
20250528,잠실새내,왕십리(성동구청),10,9
20250528,잠실새내,왕십리(성동구청),11,5
20250528,잠실새내,왕십리(성동구청),12,4
20250528,잠실새내,왕십리(성동구청),13,1
20250528,잠실새내,왕십리(성동구청),14,4
20250528,잠실새내,왕십리(성동구청),15,6
20250528,잠실새내,왕십리(성동구청),16,7
20250528,잠실새내,왕십리(성동구청),17,8
20250528,잠실새내,왕십리(성동구청),18,12
20250528,잠실새내,왕십리(성동구청),19,7
20250528,잠실새내,왕십리(성동구청),20,4
20250528,잠실새내,왕십리(성동구청),21,8
20250528,잠실새내,왕십리(성동구청),22,14
20250528,잠실새내,왕십리(성동구청),23,5
20250528,잠실새내,용두(동대문구청),0,2
20250528,잠실새내,용두(동대문구청),5,1
20250528,잠실새내,용두(동대문구청),6,2
20250528,잠실새내,용두(동대문구청),7,11
20250528,잠실새내,용두(동대문구청),8,11
20250528,잠실새내,용두(동대문구청),9,2
20250528,잠실새내,용두(동대문구청),10,2
20250528,잠실새내,용두(동대문구청),12,2
20250528,잠실새내,용두(동대문구청),13,4
20250528,잠실새내,용두(동대문구청),14,1
20250528,잠실새내,용두(동대문구청),15,2
20250528,잠실새내,용두(동대문구청),16,2
20250528,잠실새내,용두(동대문구청),17,4
20250528,잠실새내,용두(동대문구청),18,7
20250528,잠실새내,용두(동대문구청),19,5
20250528,잠실새내,용두(동대문구청),20,3
20250528,잠실새내,용두(동대문구청),21,1
20250528,잠실새내,을지로3가,0,2
20250528,잠실새내,을지로3가,5,3
20250528,잠실새내,을지로3가,6,17
20250528,잠실새내,을지로3가,7,83
20250528,잠실새내,을지로3가,8,58
20250528,잠실새내,을지로3가,9,14
20250528,잠실새내,을지로3가,10,13
20250528,잠실새내,을지로3가,11,5
20250528,잠실새내,을지로3가,12,6
20250528,잠실새내,을지로3가,13,9
20250528,잠실새내,을지로3가,14,10
20250528,잠실새내,을지로3가,15,10
20250528,잠실새내,을지로3가,16,4
20250528,잠실새내,을지로3가,17,6
20250528,잠실새내,을지로3가,18,6
20250528,잠실새내,을지로3가,19,1
20250528,잠실새내,을지로3가,21,3
20250528,잠실새내,을지로3가,22,3
20250528,잠실새내,을지로4가,0,1
20250528,잠실새내,을지로4가,5,3
20250528,잠실새내,을지로4가,6,10
20250528,잠실새내,을지로4가,7,31
20250528,잠실새내,을지로4가,8,46
20250528,잠실새내,을지로4가,9,9
20250528,잠실새내,을지로4가,10,11
20250528,잠실새내,을지로4가,11,11
20250528,잠실새내,을지로4가,12,5
20250528,잠실새내,을지로4가,13,9
20250528,잠실새내,을지로4가,14,9
20250528,잠실새내,을지로4가,15,4
20250528,잠실새내,을지로4가,16,4
20250528,잠실새내,을지로4가,17,3
20250528,잠실새내,을지로4가,18,5
20250528,잠실새내,을지로4가,19,2
20250528,잠실새내,을지로4가,20,2
20250528,잠실새내,을지로4가,21,1
20250528,잠실새내,을지로4가,22,2
20250528,잠실새내,을지로입구,0,1
20250528,잠실새내,을지로입구,5,8
20250528,잠실새내,을지로입구,6,31
20250528,잠실새내,을지로입구,7,201
20250528,잠실새내,을지로입구,8,193
20250528,잠실새내,을지로입구,9,52
20250528,잠실새내,을지로입구,10,22
20250528,잠실새내,을지로입구,11,21
20250528,잠실새내,을지로입구,12,16
20250528,잠실새내,을지로입구,13,6
20250528,잠실새내,을지로입구,14,15
20250528,잠실새내,을지로입구,15,10
20250528,잠실새내,을지로입구,16,14
20250528,잠실새내,을지로입구,17,11
20250528,잠실새내,을지로입구,18,9
20250528,잠실새내,을지로입구,19,1
20250528,잠실새내,을지로입구,20,2
20250528,잠실새내,을지로입구,22,4
20250528,잠실새내,이대,5,2
20250528,잠실새내,이대,6,5
20250528,잠실새내,이대,7,12
20250528,잠실새내,이대,8,37
20250528,잠실새내,이대,9,23
20250528,잠실새내,이대,10,13
20250528,잠실새내,이대,11,21
20250528,잠실새내,이대,12,10
20250528,잠실새내,이대,13,6
20250528,잠실새내,이대,14,6
20250528,잠실새내,이대,15,3
20250528,잠실새내,이대,16,3
20250528,잠실새내,이대,17,6
20250528,잠실새내,이대,18,3
20250528,잠실새내,이대,19,1
20250528,잠실새내,이대,20,1
20250528,잠실새내,이대,21,4
20250528,잠실새내,이대,22,2
20250528,잠실새내,이대,23,5
20250528,잠실새내,잠실(송파구청),0,11
20250528,잠실새내,잠실(송파구청),5,13
20250528,잠실새내,잠실(송파구청),6,31
20250528,잠실새내,잠실(송파구청),7,65
20250528,잠실새내,잠실(송파구청),8,119
20250528,잠실새내,잠실(송파구청),9,107
20250528,잠실새내,잠실(송파구청),10,128
20250528,잠실새내,잠실(송파구청),11,139
20250528,잠실새내,잠실(송파구청),12,116
20250528,잠실새내,잠실(송파구청),13,103
20250528,잠실새내,잠실(송파구청),14,113
20250528,잠실새내,잠실(송파구청),15,122
20250528,잠실새내,잠실(송파구청),16,129
20250528,잠실새내,잠실(송파구청),17,118
20250528,잠실새내,잠실(송파구청),18,168
20250528,잠실새내,잠실(송파구청),19,126
20250528,잠실새내,잠실(송파구청),20,107
20250528,잠실새내,잠실(송파구청),21,72
20250528,잠실새내,잠실(송파구청),22,105
20250528,잠실새내,잠실(송파구청),23,51
20250528,잠실새내,잠실나루,0,2
20250528,잠실새내,잠실나루,5,4
20250528,잠실새내,잠실나루,6,10
20250528,잠실새내,잠실나루,7,23
20250528,잠실새내,잠실나루,8,39
20250528,잠실새내,잠실나루,9,24
20250528,잠실새내,잠실나루,10,24
20250528,잠실새내,잠실나루,11,24
20250528,잠실새내,잠실나루,12,33
20250528,잠실새내,잠실나루,13,25
20250528,잠실새내,잠실나루,14,23
20250528,잠실새내,잠실나루,15,48
20250528,잠실새내,잠실나루,16,37
20250528,잠실새내,잠실나루,17,38
20250528,잠실새내,잠실나루,18,46
20250528,잠실새내,잠실나루,19,42
20250528,잠실새내,잠실나루,20,22
20250528,잠실새내,잠실나루,21,28
20250528,잠실새내,잠실나루,22,18
20250528,잠실새내,잠실나루,23,9
20250528,잠실새내,잠실새내,0,10
20250528,잠실새내,잠실새내,5,6
20250528,잠실새내,잠실새내,6,3
20250528,잠실새내,잠실새내,7,3
20250528,잠실새내,잠실새내,8,11
20250528,잠실새내,잠실새내,9,7
20250528,잠실새내,잠실새내,10,8
20250528,잠실새내,잠실새내,11,12
20250528,잠실새내,잠실새내,12,8
20250528,잠실새내,잠실새내,13,13
20250528,잠실새내,잠실새내,14,13
20250528,잠실새내,잠실새내,15,13
20250528,잠실새내,잠실새내,16,8
20250528,잠실새내,잠실새내,17,16
20250528,잠실새내,잠실새내,18,17
20250528,잠실새내,잠실새내,19,9
20250528,잠실새내,잠실새내,20,12
20250528,잠실새내,잠실새내,21,14
20250528,잠실새내,잠실새내,22,7
20250528,잠실새내,잠실새내,23,8
20250528,잠실새내,종합운동장,6,4
20250528,잠실새내,종합운동장,7,123
20250528,잠실새내,종합운동장,8,193
20250528,잠실새내,종합운동장,9,5
20250528,잠실새내,종합운동장,10,14
20250528,잠실새내,종합운동장,11,16
20250528,잠실새내,종합운동장,12,27
20250528,잠실새내,종합운동장,13,26
20250528,잠실새내,종합운동장,14,16
20250528,잠실새내,종합운동장,15,21
20250528,잠실새내,종합운동장,16,44
20250528,잠실새내,종합운동장,17,102
20250528,잠실새내,종합운동장,18,95
20250528,잠실새내,종합운동장,19,27
20250528,잠실새내,종합운동장,20,13
20250528,잠실새내,종합운동장,21,5
20250528,잠실새내,종합운동장,22,5
20250528,잠실새내,종합운동장,23,2
20250528,잠실새내,충정로(경기대입구),0,1
20250528,잠실새내,충정로(경기대입구),5,1
20250528,잠실새내,충정로(경기대입구),6,2
20250528,잠실새내,충정로(경기대입구),7,11
20250528,잠실새내,충정로(경기대입구),8,16
20250528,잠실새내,충정로(경기대입구),9,5
20250528,잠실새내,충정로(경기대입구),10,1
20250528,잠실새내,충정로(경기대입구),12,3
20250528,잠실새내,충정로(경기대입구),13,1
20250528,잠실새내,충정로(경기대입구),15,2
20250528,잠실새내,충정로(경기대입구),16,2
20250528,잠실새내,충정로(경기대입구),17,1
20250528,잠실새내,충정로(경기대입구),19,2
20250528,잠실새내,충정로(경기대입구),20,1
20250528,잠실새내,충정로(경기대입구),21,1
20250528,잠실새내,충정로(경기대입구),22,2
20250528,잠실새내,충정로(경기대입구),23,2
20250528,잠실새내,한양대,0,1
20250528,잠실새내,한양대,5,1
20250528,잠실새내,한양대,6,3
20250528,잠실새내,한양대,7,16
20250528,잠실새내,한양대,8,33
20250528,잠실새내,한양대,9,25
20250528,잠실새내,한양대,10,15
20250528,잠실새내,한양대,11,9
20250528,잠실새내,한양대,12,20
20250528,잠실새내,한양대,13,7
20250528,잠실새내,한양대,14,3
20250528,잠실새내,한양대,15,6
20250528,잠실새내,한양대,16,1
20250528,잠실새내,한양대,17,3
20250528,잠실새내,한양대,18,2
20250528,잠실새내,한양대,20,3
20250528,잠실새내,한양대,21,1
20250528,잠실새내,한양대,22,4
20250528,잠실새내,한양대,23,3
20250528,잠실새내,합정,0,1
20250528,잠실새내,합정,5,1
20250528,잠실새내,합정,6,4
20250528,잠실새내,합정,7,9
20250528,잠실새내,합정,8,9
20250528,잠실새내,합정,9,4
20250528,잠실새내,합정,10,2
20250528,잠실새내,합정,11,8
20250528,잠실새내,합정,12,3
20250528,잠실새내,합정,13,1
20250528,잠실새내,합정,14,1
20250528,잠실새내,합정,15,1
20250528,잠실새내,합정,16,5
20250528,잠실새내,합정,17,8
20250528,잠실새내,합정,18,5
20250528,잠실새내,합정,19,4
20250528,잠실새내,합정,20,4
20250528,잠실새내,합정,21,2
20250528,잠실새내,합정,22,2
20250528,잠실새내,합정,23,7
20250528,잠실새내,홍대입구,0,2
20250528,잠실새내,홍대입구,5,1
20250528,잠실새내,홍대입구,6,4
20250528,잠실새내,홍대입구,7,17
20250528,잠실새내,홍대입구,8,28
20250528,잠실새내,홍대입구,9,16
20250528,잠실새내,홍대입구,10,17
20250528,잠실새내,홍대입구,11,16
20250528,잠실새내,홍대입구,12,10
20250528,잠실새내,홍대입구,13,8
20250528,잠실새내,홍대입구,14,11
20250528,잠실새내,홍대입구,15,10
20250528,잠실새내,홍대입구,16,11
20250528,잠실새내,홍대입구,17,14
20250528,잠실새내,홍대입구,18,10
20250528,잠실새내,홍대입구,19,9
20250528,잠실새내,홍대입구,20,8
20250528,잠실새내,홍대입구,21,4
20250528,잠실새내,홍대입구,22,12
20250528,잠실새내,홍대입구,23,13
20250528,종합운동장,강남,0,2
20250528,종합운동장,강남,5,8
20250528,종합운동장,강남,6,22
20250528,종합운동장,강남,7,81
20250528,종합운동장,강남,8,111
20250528,종합운동장,강남,9,74
20250528,종합운동장,강남,10,24
20250528,종합운동장,강남,11,19
20250528,종합운동장,강남,12,23
20250528,종합운동장,강남,13,13
20250528,종합운동장,강남,14,14
20250528,종합운동장,강남,15,13
20250528,종합운동장,강남,16,15
20250528,종합운동장,강남,17,30
20250528,종합운동장,강남,18,24
20250528,종합운동장,강남,19,18
20250528,종합운동장,강남,20,30
20250528,종합운동장,강남,21,157
20250528,종합운동장,강남,22,238
20250528,종합운동장,강남,23,4
20250528,종합운동장,강변(동서울터미널),5,1
20250528,종합운동장,강변(동서울터미널),6,5
20250528,종합운동장,강변(동서울터미널),7,4
20250528,종합운동장,강변(동서울터미널),8,3
20250528,종합운동장,강변(동서울터미널),9,3
20250528,종합운동장,강변(동서울터미널),10,7
20250528,종합운동장,강변(동서울터미널),11,3
20250528,종합운동장,강변(동서울터미널),12,3
20250528,종합운동장,강변(동서울터미널),13,7
20250528,종합운동장,강변(동서울터미널),14,9
20250528,종합운동장,강변(동서울터미널),15,9
20250528,종합운동장,강변(동서울터미널),16,12
20250528,종합운동장,강변(동서울터미널),17,7
20250528,종합운동장,강변(동서울터미널),18,14
20250528,종합운동장,강변(동서울터미널),19,11
20250528,종합운동장,강변(동서울터미널),20,15
20250528,종합운동장,강변(동서울터미널),21,58
20250528,종합운동장,강변(동서울터미널),22,71
20250528,종합운동장,강변(동서울터미널),23,2
20250528,종합운동장,건대입구,6,1
20250528,종합운동장,건대입구,7,2
20250528,종합운동장,건대입구,8,9
20250528,종합운동장,건대입구,9,11
20250528,종합운동장,건대입구,10,6
20250528,종합운동장,건대입구,11,4
20250528,종합운동장,건대입구,12,6
20250528,종합운동장,건대입구,13,3
20250528,종합운동장,건대입구,14,7
20250528,종합운동장,건대입구,15,7
20250528,종합운동장,건대입구,16,11
20250528,종합운동장,건대입구,17,20
20250528,종합운동장,건대입구,18,6
20250528,종합운동장,건대입구,19,6
20250528,종합운동장,건대입구,20,5
20250528,종합운동장,건대입구,21,55
20250528,종합운동장,건대입구,22,102
20250528,종합운동장,건대입구,23,3
20250528,종합운동장,교대(법원.검찰청),5,1
20250528,종합운동장,교대(법원.검찰청),6,9
20250528,종합운동장,교대(법원.검찰청),7,23
20250528,종합운동장,교대(법원.검찰청),8,36
20250528,종합운동장,교대(법원.검찰청),9,31
20250528,종합운동장,교대(법원.검찰청),10,13
20250528,종합운동장,교대(법원.검찰청),11,20
20250528,종합운동장,교대(법원.검찰청),12,13
20250528,종합운동장,교대(법원.검찰청),13,7
20250528,종합운동장,교대(법원.검찰청),14,5
20250528,종합운동장,교대(법원.검찰청),15,4
20250528,종합운동장,교대(법원.검찰청),16,9
20250528,종합운동장,교대(법원.검찰청),17,8
20250528,종합운동장,교대(법원.검찰청),18,6
20250528,종합운동장,교대(법원.검찰청),19,7
20250528,종합운동장,교대(법원.검찰청),20,22
20250528,종합운동장,교대(법원.검찰청),21,31
20250528,종합운동장,교대(법원.검찰청),22,53
20250528,종합운동장,구로디지털단지,0,1
20250528,종합운동장,구로디지털단지,6,3
20250528,종합운동장,구로디지털단지,7,14
20250528,종합운동장,구로디지털단지,8,20
20250528,종합운동장,구로디지털단지,9,11
20250528,종합운동장,구로디지털단지,10,2
20250528,종합운동장,구로디지털단지,11,1
20250528,종합운동장,구로디지털단지,12,5
20250528,종합운동장,구로디지털단지,13,4
20250528,종합운동장,구로디지털단지,14,1
20250528,종합운동장,구로디지털단지,15,3
20250528,종합운동장,구로디지털단지,16,11
20250528,종합운동장,구로디지털단지,17,31
20250528,종합운동장,구로디지털단지,18,7
20250528,종합운동장,구로디지털단지,19,8
20250528,종합운동장,구로디지털단지,20,7
20250528,종합운동장,구로디지털단지,21,46
20250528,종합운동장,구로디지털단지,22,97
20250528,종합운동장,구로디지털단지,23,1
20250528,종합운동장,구의(광진구청),0,2
20250528,종합운동장,구의(광진구청),5,1
20250528,종합운동장,구의(광진구청),6,6
20250528,종합운동장,구의(광진구청),7,5
20250528,종합운동장,구의(광진구청),8,6
20250528,종합운동장,구의(광진구청),9,5
20250528,종합운동장,구의(광진구청),10,6
20250528,종합운동장,구의(광진구청),11,2
20250528,종합운동장,구의(광진구청),12,2
20250528,종합운동장,구의(광진구청),13,2
20250528,종합운동장,구의(광진구청),14,1
20250528,종합운동장,구의(광진구청),15,7
20250528,종합운동장,구의(광진구청),16,14
20250528,종합운동장,구의(광진구청),17,7
20250528,종합운동장,구의(광진구청),18,11
20250528,종합운동장,구의(광진구청),19,6
20250528,종합운동장,구의(광진구청),20,10
20250528,종합운동장,구의(광진구청),21,43
20250528,종합운동장,구의(광진구청),22,82
20250528,종합운동장,구의(광진구청),23,3
20250528,종합운동장,낙성대,0,1
20250528,종합운동장,낙성대,6,3
20250528,종합운동장,낙성대,7,5
20250528,종합운동장,낙성대,8,9
20250528,종합운동장,낙성대,9,2
20250528,종합운동장,낙성대,10,4
20250528,종합운동장,낙성대,11,4
20250528,종합운동장,낙성대,12,5
20250528,종합운동장,낙성대,13,2
20250528,종합운동장,낙성대,14,2
20250528,종합운동장,낙성대,15,3
20250528,종합운동장,낙성대,16,6
20250528,종합운동장,낙성대,17,5
20250528,종합운동장,낙성대,18,7
20250528,종합운동장,낙성대,19,5
20250528,종합운동장,낙성대,20,17
20250528,종합운동장,낙성대,21,36
20250528,종합운동장,낙성대,22,69
20250528,종합운동장,낙성대,23,1
20250528,종합운동장,당산,7,2
20250528,종합운동장,당산,11,1
20250528,종합운동장,당산,14,1
20250528,종합운동장,당산,16,1
20250528,종합운동장,당산,18,2
20250528,종합운동장,당산,19,2
20250528,종합운동장,당산,20,4
20250528,종합운동장,당산,21,6
20250528,종합운동장,당산,22,20
20250528,종합운동장,대림(구로구청),6,3
20250528,종합운동장,대림(구로구청),7,8
20250528,종합운동장,대림(구로구청),8,6
20250528,종합운동장,대림(구로구청),10,1
20250528,종합운동장,대림(구로구청),11,3
20250528,종합운동장,대림(구로구청),12,6
20250528,종합운동장,대림(구로구청),13,2
20250528,종합운동장,대림(구로구청),15,4
20250528,종합운동장,대림(구로구청),16,11
20250528,종합운동장,대림(구로구청),17,36
20250528,종합운동장,대림(구로구청),18,2
20250528,종합운동장,대림(구로구청),19,2
20250528,종합운동장,대림(구로구청),20,13
20250528,종합운동장,대림(구로구청),21,32
20250528,종합운동장,대림(구로구청),22,34
20250528,종합운동장,동대문역사문화공원,6,2
20250528,종합운동장,동대문역사문화공원,7,9
20250528,종합운동장,동대문역사문화공원,8,6
20250528,종합운동장,동대문역사문화공원,9,4
20250528,종합운동장,동대문역사문화공원,10,2
20250528,종합운동장,동대문역사문화공원,11,2
20250528,종합운동장,동대문역사문화공원,12,4
20250528,종합운동장,동대문역사문화공원,14,3
20250528,종합운동장,동대문역사문화공원,15,1
20250528,종합운동장,동대문역사문화공원,16,3
20250528,종합운동장,동대문역사문화공원,17,3
20250528,종합운동장,동대문역사문화공원,18,1
20250528,종합운동장,동대문역사문화공원,19,2
20250528,종합운동장,동대문역사문화공원,20,5
20250528,종합운동장,동대문역사문화공원,21,4
20250528,종합운동장,동대문역사문화공원,22,10
20250528,종합운동장,뚝섬,6,1
20250528,종합운동장,뚝섬,7,2
20250528,종합운동장,뚝섬,8,6
20250528,종합운동장,뚝섬,9,3
20250528,종합운동장,뚝섬,10,2
20250528,종합운동장,뚝섬,11,1
20250528,종합운동장,뚝섬,12,4
20250528,종합운동장,뚝섬,13,5
20250528,종합운동장,뚝섬,14,3
20250528,종합운동장,뚝섬,15,2
20250528,종합운동장,뚝섬,16,2
20250528,종합운동장,뚝섬,17,3
20250528,종합운동장,뚝섬,18,3
20250528,종합운동장,뚝섬,19,2
20250528,종합운동장,뚝섬,20,1
20250528,종합운동장,뚝섬,21,4
20250528,종합운동장,뚝섬,22,22
20250528,종합운동장,문래,6,1
20250528,종합운동장,문래,7,5
20250528,종합운동장,문래,8,3
20250528,종합운동장,문래,9,1
20250528,종합운동장,문래,10,2
20250528,종합운동장,문래,11,1
20250528,종합운동장,문래,12,3
20250528,종합운동장,문래,15,6
20250528,종합운동장,문래,16,1
20250528,종합운동장,문래,17,2
20250528,종합운동장,문래,19,4
20250528,종합운동장,문래,20,1
20250528,종합운동장,문래,21,16
20250528,종합운동장,문래,22,27
20250528,종합운동장,방배,5,1
20250528,종합운동장,방배,6,1
20250528,종합운동장,방배,7,5
20250528,종합운동장,방배,8,14
20250528,종합운동장,방배,9,9
20250528,종합운동장,방배,10,7
20250528,종합운동장,방배,11,5
20250528,종합운동장,방배,12,2
20250528,종합운동장,방배,13,5
20250528,종합운동장,방배,14,4
20250528,종합운동장,방배,15,1
20250528,종합운동장,방배,16,2
20250528,종합운동장,방배,17,9
20250528,종합운동장,방배,18,5
20250528,종합운동장,방배,19,8
20250528,종합운동장,방배,20,3
20250528,종합운동장,방배,21,11
20250528,종합운동장,방배,22,52
20250528,종합운동장,방배,23,1
20250528,종합운동장,봉천,0,2
20250528,종합운동장,봉천,6,1
20250528,종합운동장,봉천,7,3
20250528,종합운동장,봉천,8,6
20250528,종합운동장,봉천,10,1
20250528,종합운동장,봉천,11,1
20250528,종합운동장,봉천,12,4
20250528,종합운동장,봉천,13,6
20250528,종합운동장,봉천,14,6
20250528,종합운동장,봉천,15,4
20250528,종합운동장,봉천,16,8
20250528,종합운동장,봉천,17,8
20250528,종합운동장,봉천,18,10
20250528,종합운동장,봉천,19,2
20250528,종합운동장,봉천,20,15
20250528,종합운동장,봉천,21,22
20250528,종합운동장,봉천,22,42
20250528,종합운동장,봉천,23,1
20250528,종합운동장,사당,0,1
20250528,종합운동장,사당,5,2
20250528,종합운동장,사당,6,8
20250528,종합운동장,사당,7,18
20250528,종합운동장,사당,8,10
20250528,종합운동장,사당,9,7
20250528,종합운동장,사당,10,6
20250528,종합운동장,사당,11,6
20250528,종합운동장,사당,12,10
20250528,종합운동장,사당,13,7
20250528,종합운동장,사당,14,5
20250528,종합운동장,사당,15,9
20250528,종합운동장,사당,16,15
20250528,종합운동장,사당,17,17
20250528,종합운동장,사당,18,24
20250528,종합운동장,사당,19,19
20250528,종합운동장,사당,20,13
20250528,종합운동장,사당,21,91
20250528,종합운동장,사당,22,259
20250528,종합운동장,사당,23,10
20250528,종합운동장,삼성(무역센터),0,3
20250528,종합운동장,삼성(무역센터),5,2
20250528,종합운동장,삼성(무역센터),6,8
20250528,종합운동장,삼성(무역센터),7,25
20250528,종합운동장,삼성(무역센터),8,83
20250528,종합운동장,삼성(무역센터),9,47
20250528,종합운동장,삼성(무역센터),10,26
20250528,종합운동장,삼성(무역센터),11,28
20250528,종합운동장,삼성(무역센터),12,33
20250528,종합운동장,삼성(무역센터),13,23
20250528,종합운동장,삼성(무역센터),14,17
20250528,종합운동장,삼성(무역센터),15,31
20250528,종합운동장,삼성(무역센터),16,26
20250528,종합운동장,삼성(무역센터),17,24
20250528,종합운동장,삼성(무역센터),18,28
20250528,종합운동장,삼성(무역센터),19,13
20250528,종합운동장,삼성(무역센터),20,10
20250528,종합운동장,삼성(무역센터),21,21
20250528,종합운동장,삼성(무역센터),22,35
20250528,종합운동장,삼성(무역센터),23,2
20250528,종합운동장,상왕십리,8,1
20250528,종합운동장,상왕십리,12,1
20250528,종합운동장,상왕십리,15,1
20250528,종합운동장,상왕십리,16,1
20250528,종합운동장,상왕십리,17,4
20250528,종합운동장,상왕십리,18,3
20250528,종합운동장,상왕십리,19,5
20250528,종합운동장,상왕십리,20,3
20250528,종합운동장,상왕십리,21,21
20250528,종합운동장,상왕십리,22,44
20250528,종합운동장,상왕십리,23,1
20250528,종합운동장,서울대입구(관악구청),5,1
20250528,종합운동장,서울대입구(관악구청),6,3
20250528,종합운동장,서울대입구(관악구청),7,9
20250528,종합운동장,서울대입구(관악구청),8,19
20250528,종합운동장,서울대입구(관악구청),9,11
20250528,종합운동장,서울대입구(관악구청),10,13
20250528,종합운동장,서울대입구(관악구청),11,10
20250528,종합운동장,서울대입구(관악구청),12,4
20250528,종합운동장,서울대입구(관악구청),13,3
20250528,종합운동장,서울대입구(관악구청),14,6
20250528,종합운동장,서울대입구(관악구청),15,5
20250528,종합운동장,서울대입구(관악구청),16,6
20250528,종합운동장,서울대입구(관악구청),17,17
20250528,종합운동장,서울대입구(관악구청),18,19
20250528,종합운동장,서울대입구(관악구청),19,6
20250528,종합운동장,서울대입구(관악구청),20,10
20250528,종합운동장,서울대입구(관악구청),21,50
20250528,종합운동장,서울대입구(관악구청),22,124
20250528,종합운동장,서울대입구(관악구청),23,3
20250528,종합운동장,서초,0,1
20250528,종합운동장,서초,5,1
20250528,종합운동장,서초,6,5
20250528,종합운동장,서초,7,10
20250528,종합운동장,서초,8,29
20250528,종합운동장,서초,9,21
20250528,종합운동장,서초,10,8
20250528,종합운동장,서초,11,7
20250528,종합운동장,서초,12,3
20250528,종합운동장,서초,13,2
20250528,종합운동장,서초,14,5
20250528,종합운동장,서초,15,4
20250528,종합운동장,서초,16,1
20250528,종합운동장,서초,17,5
20250528,종합운동장,서초,18,4
20250528,종합운동장,서초,19,2
20250528,종합운동장,서초,20,3
20250528,종합운동장,서초,21,11
20250528,종합운동장,서초,22,40
20250528,종합운동장,선릉,5,2
20250528,종합운동장,선릉,6,5
20250528,종합운동장,선릉,7,52
20250528,종합운동장,선릉,8,84
20250528,종합운동장,선릉,9,55
20250528,종합운동장,선릉,10,20
20250528,종합운동장,선릉,11,23
20250528,종합운동장,선릉,12,16
20250528,종합운동장,선릉,13,17
20250528,종합운동장,선릉,14,12
20250528,종합운동장,선릉,15,14
20250528,종합운동장,선릉,16,19
20250528,종합운동장,선릉,17,20
20250528,종합운동장,선릉,18,12
20250528,종합운동장,선릉,19,3
20250528,종합운동장,선릉,20,18
20250528,종합운동장,선릉,21,23
20250528,종합운동장,선릉,22,46
20250528,종합운동장,선릉,23,4
20250528,종합운동장,성수,6,1
20250528,종합운동장,성수,7,11
20250528,종합운동장,성수,8,16
20250528,종합운동장,성수,9,8
20250528,종합운동장,성수,10,3
20250528,종합운동장,성수,11,3
20250528,종합운동장,성수,12,2
20250528,종합운동장,성수,13,5
20250528,종합운동장,성수,14,3
20250528,종합운동장,성수,15,6
20250528,종합운동장,성수,16,3
20250528,종합운동장,성수,17,15
20250528,종합운동장,성수,18,3
20250528,종합운동장,성수,19,3
20250528,종합운동장,성수,21,1
20250528,종합운동장,성수,22,11
20250528,종합운동장,시청,6,2
20250528,종합운동장,시청,7,18
20250528,종합운동장,시청,8,18
20250528,종합운동장,시청,9,7
20250528,종합운동장,시청,10,5
20250528,종합운동장,시청,11,4
20250528,종합운동장,시청,13,6
20250528,종합운동장,시청,14,6
20250528,종합운동장,시청,16,2
20250528,종합운동장,시청,17,2
20250528,종합운동장,시청,19,1
20250528,종합운동장,시청,20,2
20250528,종합운동장,시청,21,4
20250528,종합운동장,시청,22,8
20250528,종합운동장,신당,0,1
20250528,종합운동장,신당,7,1
20250528,종합운동장,신당,8,2
20250528,종합운동장,신당,9,2
20250528,종합운동장,신당,11,3
20250528,종합운동장,신당,12,2
20250528,종합운동장,신당,14,2
20250528,종합운동장,신당,15,1
20250528,종합운동장,신당,16,3
20250528,종합운동장,신당,17,6
20250528,종합운동장,신당,18,2
20250528,종합운동장,신당,19,4
20250528,종합운동장,신당,20,3
20250528,종합운동장,신당,21,6
20250528,종합운동장,신당,22,48
20250528,종합운동장,신대방,6,2
20250528,종합운동장,신대방,8,3
20250528,종합운동장,신대방,9,2
20250528,종합운동장,신대방,10,1
20250528,종합운동장,신대방,12,1
20250528,종합운동장,신대방,14,2
20250528,종합운동장,신대방,15,2
20250528,종합운동장,신대방,16,5
20250528,종합운동장,신대방,17,15
20250528,종합운동장,신대방,18,3
20250528,종합운동장,신대방,19,5
20250528,종합운동장,신대방,20,13
20250528,종합운동장,신대방,21,15
20250528,종합운동장,신대방,22,28
20250528,종합운동장,신대방,23,1
20250528,종합운동장,신도림,6,1
20250528,종합운동장,신도림,7,2
20250528,종합운동장,신도림,8,4
20250528,종합운동장,신도림,9,1
20250528,종합운동장,신도림,10,1
20250528,종합운동장,신도림,11,3
20250528,종합운동장,신도림,12,1
20250528,종합운동장,신도림,13,1
20250528,종합운동장,신도림,14,4
20250528,종합운동장,신도림,15,2
20250528,종합운동장,신도림,16,5
20250528,종합운동장,신도림,17,6
20250528,종합운동장,신도림,18,10
20250528,종합운동장,신도림,19,5
20250528,종합운동장,신도림,20,14
20250528,종합운동장,신도림,21,36
20250528,종합운동장,신도림,22,86
20250528,종합운동장,신도림,23,2
20250528,종합운동장,신림,6,3
20250528,종합운동장,신림,7,5
20250528,종합운동장,신림,8,8
20250528,종합운동장,신림,9,5
20250528,종합운동장,신림,10,1
20250528,종합운동장,신림,11,2
20250528,종합운동장,신림,12,12
20250528,종합운동장,신림,13,4
20250528,종합운동장,신림,14,3
20250528,종합운동장,신림,15,4
20250528,종합운동장,신림,16,6
20250528,종합운동장,신림,17,29
20250528,종합운동장,신림,18,18
20250528,종합운동장,신림,19,18
20250528,종합운동장,신림,20,28
20250528,종합운동장,신림,21,57
20250528,종합운동장,신림,22,139
20250528,종합운동장,신림,23,4
20250528,종합운동장,신촌,5,1
20250528,종합운동장,신촌,7,5
20250528,종합운동장,신촌,8,6
20250528,종합운동장,신촌,9,9
20250528,종합운동장,신촌,10,5
20250528,종합운동장,신촌,11,2
20250528,종합운동장,신촌,12,2
20250528,종합운동장,신촌,13,5
20250528,종합운동장,신촌,14,1
20250528,종합운동장,신촌,15,1
20250528,종합운동장,신촌,16,5
20250528,종합운동장,신촌,17,5
20250528,종합운동장,신촌,18,3
20250528,종합운동장,신촌,19,4
20250528,종합운동장,신촌,20,4
20250528,종합운동장,신촌,21,24
20250528,종합운동장,신촌,22,62
20250528,종합운동장,신촌,23,1
20250528,종합운동장,아현,7,2
20250528,종합운동장,아현,8,1
20250528,종합운동장,아현,12,1
20250528,종합운동장,아현,13,1
20250528,종합운동장,아현,14,1
20250528,종합운동장,아현,15,2
20250528,종합운동장,아현,16,2
20250528,종합운동장,아현,17,2
20250528,종합운동장,아현,18,1
20250528,종합운동장,아현,20,7
20250528,종합운동장,아현,21,15
20250528,종합운동장,아현,22,20
20250528,종합운동장,역삼,5,2
20250528,종합운동장,역삼,6,10
20250528,종합운동장,역삼,7,54
20250528,종합운동장,역삼,8,87
20250528,종합운동장,역삼,9,58
20250528,종합운동장,역삼,10,23
20250528,종합운동장,역삼,11,17
20250528,종합운동장,역삼,12,21
20250528,종합운동장,역삼,13,9
20250528,종합운동장,역삼,14,7
20250528,종합운동장,역삼,15,7
20250528,종합운동장,역삼,16,13
20250528,종합운동장,역삼,17,13
20250528,종합운동장,역삼,18,11
20250528,종합운동장,역삼,19,4
20250528,종합운동장,역삼,20,6
20250528,종합운동장,역삼,21,19
20250528,종합운동장,역삼,22,39
20250528,종합운동장,역삼,23,2
20250528,종합운동장,영등포구청,6,1
20250528,종합운동장,영등포구청,7,1
20250528,종합운동장,영등포구청,8,1
20250528,종합운동장,영등포구청,13,1
20250528,종합운동장,영등포구청,16,2
20250528,종합운동장,영등포구청,17,1
20250528,종합운동장,영등포구청,18,1
20250528,종합운동장,영등포구청,20,2
20250528,종합운동장,영등포구청,21,2
20250528,종합운동장,영등포구청,22,22
20250528,종합운동장,왕십리(성동구청),6,1
20250528,종합운동장,왕십리(성동구청),7,1
20250528,종합운동장,왕십리(성동구청),9,2
20250528,종합운동장,왕십리(성동구청),11,4
20250528,종합운동장,왕십리(성동구청),12,3
20250528,종합운동장,왕십리(성동구청),14,1
20250528,종합운동장,왕십리(성동구청),15,2
20250528,종합운동장,왕십리(성동구청),16,4
20250528,종합운동장,왕십리(성동구청),17,4
20250528,종합운동장,왕십리(성동구청),18,1
20250528,종합운동장,왕십리(성동구청),19,2
20250528,종합운동장,왕십리(성동구청),20,3
20250528,종합운동장,왕십리(성동구청),21,28
20250528,종합운동장,왕십리(성동구청),22,43
20250528,종합운동장,왕십리(성동구청),23,1
20250528,종합운동장,용두(동대문구청),8,2
20250528,종합운동장,용두(동대문구청),9,1
20250528,종합운동장,용두(동대문구청),10,2
20250528,종합운동장,용두(동대문구청),11,1
20250528,종합운동장,용두(동대문구청),13,3
20250528,종합운동장,용두(동대문구청),14,2
20250528,종합운동장,용두(동대문구청),15,1
20250528,종합운동장,용두(동대문구청),16,2
20250528,종합운동장,용두(동대문구청),17,2
20250528,종합운동장,용두(동대문구청),18,1
20250528,종합운동장,용두(동대문구청),19,1
20250528,종합운동장,용두(동대문구청),21,6
20250528,종합운동장,용두(동대문구청),22,18
20250528,종합운동장,을지로3가,6,4
20250528,종합운동장,을지로3가,7,14
20250528,종합운동장,을지로3가,8,11
20250528,종합운동장,을지로3가,9,2
20250528,종합운동장,을지로3가,10,2
20250528,종합운동장,을지로3가,12,4
20250528,종합운동장,을지로3가,14,4
20250528,종합운동장,을지로3가,15,2
20250528,종합운동장,을지로3가,16,2
20250528,종합운동장,을지로3가,17,8
20250528,종합운동장,을지로3가,19,1
20250528,종합운동장,을지로3가,20,3
20250528,종합운동장,을지로3가,21,17
20250528,종합운동장,을지로3가,22,9
20250528,종합운동장,을지로4가,5,1
20250528,종합운동장,을지로4가,6,3
20250528,종합운동장,을지로4가,7,11
20250528,종합운동장,을지로4가,8,8
20250528,종합운동장,을지로4가,9,5
20250528,종합운동장,을지로4가,10,3
20250528,종합운동장,을지로4가,11,1
20250528,종합운동장,을지로4가,12,3
20250528,종합운동장,을지로4가,14,4
20250528,종합운동장,을지로4가,15,3
20250528,종합운동장,을지로4가,16,1
20250528,종합운동장,을지로4가,17,5
20250528,종합운동장,을지로4가,18,2
20250528,종합운동장,을지로4가,19,1
20250528,종합운동장,을지로4가,20,2
20250528,종합운동장,을지로4가,21,7
20250528,종합운동장,을지로4가,22,7
20250528,종합운동장,을지로입구,5,3
20250528,종합운동장,을지로입구,6,8
20250528,종합운동장,을지로입구,7,38
20250528,종합운동장,을지로입구,8,22
20250528,종합운동장,을지로입구,9,10
20250528,종합운동장,을지로입구,10,4
20250528,종합운동장,을지로입구,11,3
20250528,종합운동장,을지로입구,12,6
20250528,종합운동장,을지로입구,13,3
20250528,종합운동장,을지로입구,14,3
20250528,종합운동장,을지로입구,15,2
20250528,종합운동장,을지로입구,16,1
20250528,종합운동장,을지로입구,17,15
20250528,종합운동장,을지로입구,18,4
20250528,종합운동장,을지로입구,19,4
20250528,종합운동장,을지로입구,20,2
20250528,종합운동장,을지로입구,21,3
20250528,종합운동장,을지로입구,22,9
20250528,종합운동장,이대,6,1
20250528,종합운동장,이대,7,8
20250528,종합운동장,이대,8,4
20250528,종합운동장,이대,9,4
20250528,종합운동장,이대,10,3
20250528,종합운동장,이대,11,7
20250528,종합운동장,이대,12,3
20250528,종합운동장,이대,14,4
20250528,종합운동장,이대,15,1
20250528,종합운동장,이대,16,3
20250528,종합운동장,이대,17,3
20250528,종합운동장,이대,18,1
20250528,종합운동장,이대,19,1
20250528,종합운동장,이대,20,4
20250528,종합운동장,이대,21,16
20250528,종합운동장,이대,22,34
20250528,종합운동장,이대,23,1
20250528,종합운동장,잠실(송파구청),0,2
20250528,종합운동장,잠실(송파구청),5,2
20250528,종합운동장,잠실(송파구청),6,9
20250528,종합운동장,잠실(송파구청),7,21
20250528,종합운동장,잠실(송파구청),8,32
20250528,종합운동장,잠실(송파구청),9,19
20250528,종합운동장,잠실(송파구청),10,24
20250528,종합운동장,잠실(송파구청),11,16
20250528,종합운동장,잠실(송파구청),12,36
20250528,종합운동장,잠실(송파구청),13,29
20250528,종합운동장,잠실(송파구청),14,46
20250528,종합운동장,잠실(송파구청),15,59
20250528,종합운동장,잠실(송파구청),16,67
20250528,종합운동장,잠실(송파구청),17,67
20250528,종합운동장,잠실(송파구청),18,59
20250528,종합운동장,잠실(송파구청),19,30
20250528,종합운동장,잠실(송파구청),20,62
20250528,종합운동장,잠실(송파구청),21,165
20250528,종합운동장,잠실(송파구청),22,403
20250528,종합운동장,잠실(송파구청),23,4
20250528,종합운동장,잠실나루,6,7
20250528,종합운동장,잠실나루,7,9
20250528,종합운동장,잠실나루,8,4
20250528,종합운동장,잠실나루,9,3
20250528,종합운동장,잠실나루,10,4
20250528,종합운동장,잠실나루,11,2
20250528,종합운동장,잠실나루,12,11
20250528,종합운동장,잠실나루,13,11
20250528,종합운동장,잠실나루,14,11
20250528,종합운동장,잠실나루,15,21
20250528,종합운동장,잠실나루,16,24
20250528,종합운동장,잠실나루,17,13
20250528,종합운동장,잠실나루,18,7
20250528,종합운동장,잠실나루,19,6
20250528,종합운동장,잠실나루,20,5
20250528,종합운동장,잠실나루,21,28
20250528,종합운동장,잠실나루,22,19
20250528,종합운동장,잠실나루,23,3
20250528,종합운동장,잠실새내,0,1
20250528,종합운동장,잠실새내,6,4
20250528,종합운동장,잠실새내,7,10
20250528,종합운동장,잠실새내,8,6
20250528,종합운동장,잠실새내,9,12
20250528,종합운동장,잠실새내,10,15
20250528,종합운동장,잠실새내,11,15
20250528,종합운동장,잠실새내,12,20
20250528,종합운동장,잠실새내,13,18
20250528,종합운동장,잠실새내,14,31
20250528,종합운동장,잠실새내,15,78
20250528,종합운동장,잠실새내,16,171
20250528,종합운동장,잠실새내,17,31
20250528,종합운동장,잠실새내,18,15
20250528,종합운동장,잠실새내,19,28
20250528,종합운동장,잠실새내,20,16
20250528,종합운동장,잠실새내,21,40
20250528,종합운동장,잠실새내,22,50
20250528,종합운동장,잠실새내,23,2
20250528,종합운동장,종합운동장,0,4
20250528,종합운동장,종합운동장,5,1
20250528,종합운동장,종합운동장,6,4
20250528,종합운동장,종합운동장,7,13
20250528,종합운동장,종합운동장,8,8
20250528,종합운동장,종합운동장,9,8
20250528,종합운동장,종합운동장,10,7
20250528,종합운동장,종합운동장,11,6
20250528,종합운동장,종합운동장,12,8
20250528,종합운동장,종합운동장,13,10
20250528,종합운동장,종합운동장,14,7
20250528,종합운동장,종합운동장,15,17
20250528,종합운동장,종합운동장,16,20
20250528,종합운동장,종합운동장,17,38
20250528,종합운동장,종합운동장,18,27
20250528,종합운동장,종합운동장,19,17
20250528,종합운동장,종합운동장,20,25
20250528,종합운동장,종합운동장,21,73
20250528,종합운동장,종합운동장,22,147
20250528,종합운동장,종합운동장,23,5
20250528,종합운동장,충정로(경기대입구),7,5
20250528,종합운동장,충정로(경기대입구),8,3
20250528,종합운동장,충정로(경기대입구),10,1
20250528,종합운동장,충정로(경기대입구),13,2
20250528,종합운동장,충정로(경기대입구),15,1
20250528,종합운동장,충정로(경기대입구),16,1
20250528,종합운동장,충정로(경기대입구),17,1
20250528,종합운동장,충정로(경기대입구),18,2
20250528,종합운동장,충정로(경기대입구),20,2
20250528,종합운동장,충정로(경기대입구),21,4
20250528,종합운동장,충정로(경기대입구),22,16
20250528,종합운동장,충정로(경기대입구),23,1
20250528,종합운동장,한양대,7,4
20250528,종합운동장,한양대,8,2
20250528,종합운동장,한양대,9,4
20250528,종합운동장,한양대,10,2
20250528,종합운동장,한양대,11,1
20250528,종합운동장,한양대,12,3
20250528,종합운동장,한양대,13,2
20250528,종합운동장,한양대,16,1
20250528,종합운동장,한양대,17,1
20250528,종합운동장,한양대,18,3
20250528,종합운동장,한양대,19,1
20250528,종합운동장,한양대,20,2
20250528,종합운동장,한양대,21,3
20250528,종합운동장,한양대,22,23
20250528,종합운동장,합정,7,3
20250528,종합운동장,합정,8,2
20250528,종합운동장,합정,9,2
20250528,종합운동장,합정,10,1
20250528,종합운동장,합정,12,2
20250528,종합운동장,합정,16,4
20250528,종합운동장,합정,17,3
20250528,종합운동장,합정,18,5
20250528,종합운동장,합정,19,1
20250528,종합운동장,합정,20,11
20250528,종합운동장,합정,21,11
20250528,종합운동장,합정,22,48
20250528,종합운동장,홍대입구,7,4
20250528,종합운동장,홍대입구,8,9
20250528,종합운동장,홍대입구,9,1
20250528,종합운동장,홍대입구,10,3
20250528,종합운동장,홍대입구,11,4
20250528,종합운동장,홍대입구,12,1
20250528,종합운동장,홍대입구,14,2
20250528,종합운동장,홍대입구,15,4
20250528,종합운동장,홍대입구,16,3
20250528,종합운동장,홍대입구,17,10
20250528,종합운동장,홍대입구,18,13
20250528,종합운동장,홍대입구,19,1
20250528,종합운동장,홍대입구,20,5
20250528,종합운동장,홍대입구,21,27
20250528,종합운동장,홍대입구,22,69
20250528,종합운동장,홍대입구,23,2
20250528,충정로(경기대입구),강남,5,1
20250528,충정로(경기대입구),강남,6,4
20250528,충정로(경기대입구),강남,7,19
20250528,충정로(경기대입구),강남,8,8
20250528,충정로(경기대입구),강남,9,5
20250528,충정로(경기대입구),강남,10,3
20250528,충정로(경기대입구),강남,11,1
20250528,충정로(경기대입구),강남,12,4
20250528,충정로(경기대입구),강남,13,5
20250528,충정로(경기대입구),강남,14,1
20250528,충정로(경기대입구),강남,15,4
20250528,충정로(경기대입구),강남,16,6
20250528,충정로(경기대입구),강남,17,8
20250528,충정로(경기대입구),강남,18,3
20250528,충정로(경기대입구),강남,19,3
20250528,충정로(경기대입구),강남,22,1
20250528,충정로(경기대입구),강변(동서울터미널),6,2
20250528,충정로(경기대입구),강변(동서울터미널),7,3
20250528,충정로(경기대입구),강변(동서울터미널),8,1
20250528,충정로(경기대입구),강변(동서울터미널),10,1
20250528,충정로(경기대입구),강변(동서울터미널),12,2
20250528,충정로(경기대입구),강변(동서울터미널),13,2
20250528,충정로(경기대입구),강변(동서울터미널),14,4
20250528,충정로(경기대입구),강변(동서울터미널),15,1
20250528,충정로(경기대입구),강변(동서울터미널),16,2
20250528,충정로(경기대입구),강변(동서울터미널),17,15
20250528,충정로(경기대입구),강변(동서울터미널),18,8
20250528,충정로(경기대입구),강변(동서울터미널),19,5
20250528,충정로(경기대입구),강변(동서울터미널),20,5
20250528,충정로(경기대입구),강변(동서울터미널),21,2
20250528,충정로(경기대입구),강변(동서울터미널),22,2
20250528,충정로(경기대입구),건대입구,0,2
20250528,충정로(경기대입구),건대입구,6,2
20250528,충정로(경기대입구),건대입구,7,6
20250528,충정로(경기대입구),건대입구,8,10
20250528,충정로(경기대입구),건대입구,9,2
20250528,충정로(경기대입구),건대입구,10,7
20250528,충정로(경기대입구),건대입구,11,5
20250528,충정로(경기대입구),건대입구,12,6
20250528,충정로(경기대입구),건대입구,13,3
20250528,충정로(경기대입구),건대입구,14,7
20250528,충정로(경기대입구),건대입구,15,4
20250528,충정로(경기대입구),건대입구,16,10
20250528,충정로(경기대입구),건대입구,17,15
20250528,충정로(경기대입구),건대입구,18,24
20250528,충정로(경기대입구),건대입구,19,6
20250528,충정로(경기대입구),건대입구,20,1
20250528,충정로(경기대입구),건대입구,21,7
20250528,충정로(경기대입구),건대입구,22,6
20250528,충정로(경기대입구),건대입구,23,3
20250528,충정로(경기대입구),교대(법원.검찰청),6,3
20250528,충정로(경기대입구),교대(법원.검찰청),7,1
20250528,충정로(경기대입구),교대(법원.검찰청),8,6
20250528,충정로(경기대입구),교대(법원.검찰청),9,6
20250528,충정로(경기대입구),교대(법원.검찰청),10,1
20250528,충정로(경기대입구),교대(법원.검찰청),11,2
20250528,충정로(경기대입구),교대(법원.검찰청),12,2
20250528,충정로(경기대입구),교대(법원.검찰청),13,2
20250528,충정로(경기대입구),교대(법원.검찰청),14,2
20250528,충정로(경기대입구),교대(법원.검찰청),15,1
20250528,충정로(경기대입구),교대(법원.검찰청),16,1
20250528,충정로(경기대입구),교대(법원.검찰청),17,3
20250528,충정로(경기대입구),교대(법원.검찰청),18,6
20250528,충정로(경기대입구),교대(법원.검찰청),19,1
20250528,충정로(경기대입구),교대(법원.검찰청),20,1
20250528,충정로(경기대입구),구로디지털단지,5,1
20250528,충정로(경기대입구),구로디지털단지,6,3
20250528,충정로(경기대입구),구로디지털단지,7,18
20250528,충정로(경기대입구),구로디지털단지,8,19
20250528,충정로(경기대입구),구로디지털단지,9,7
20250528,충정로(경기대입구),구로디지털단지,10,2
20250528,충정로(경기대입구),구로디지털단지,11,4
20250528,충정로(경기대입구),구로디지털단지,12,3
20250528,충정로(경기대입구),구로디지털단지,13,6
20250528,충정로(경기대입구),구로디지털단지,14,4
20250528,충정로(경기대입구),구로디지털단지,15,14
20250528,충정로(경기대입구),구로디지털단지,16,7
20250528,충정로(경기대입구),구로디지털단지,17,24
20250528,충정로(경기대입구),구로디지털단지,18,62
20250528,충정로(경기대입구),구로디지털단지,19,18
20250528,충정로(경기대입구),구로디지털단지,20,9
20250528,충정로(경기대입구),구로디지털단지,21,9
20250528,충정로(경기대입구),구로디지털단지,22,5
20250528,충정로(경기대입구),구로디지털단지,23,4
20250528,충정로(경기대입구),구의(광진구청),7,3
20250528,충정로(경기대입구),구의(광진구청),8,3
20250528,충정로(경기대입구),구의(광진구청),9,2
20250528,충정로(경기대입구),구의(광진구청),10,2
20250528,충정로(경기대입구),구의(광진구청),11,1
20250528,충정로(경기대입구),구의(광진구청),12,1
20250528,충정로(경기대입구),구의(광진구청),13,3
20250528,충정로(경기대입구),구의(광진구청),14,5
20250528,충정로(경기대입구),구의(광진구청),15,3
20250528,충정로(경기대입구),구의(광진구청),16,6
20250528,충정로(경기대입구),구의(광진구청),17,9
20250528,충정로(경기대입구),구의(광진구청),18,16
20250528,충정로(경기대입구),구의(광진구청),19,8
20250528,충정로(경기대입구),구의(광진구청),20,9
20250528,충정로(경기대입구),구의(광진구청),21,4
20250528,충정로(경기대입구),구의(광진구청),22,2
20250528,충정로(경기대입구),구의(광진구청),23,3
20250528,충정로(경기대입구),낙성대,8,1
20250528,충정로(경기대입구),낙성대,9,1
20250528,충정로(경기대입구),낙성대,10,1
20250528,충정로(경기대입구),낙성대,14,3
20250528,충정로(경기대입구),낙성대,15,4
20250528,충정로(경기대입구),낙성대,16,3
20250528,충정로(경기대입구),낙성대,17,10
20250528,충정로(경기대입구),낙성대,18,13
20250528,충정로(경기대입구),낙성대,19,1
20250528,충정로(경기대입구),낙성대,20,2
20250528,충정로(경기대입구),당산,5,2
20250528,충정로(경기대입구),당산,6,1
20250528,충정로(경기대입구),당산,7,5
20250528,충정로(경기대입구),당산,8,10
20250528,충정로(경기대입구),당산,9,6
20250528,충정로(경기대입구),당산,10,2
20250528,충정로(경기대입구),당산,11,1
20250528,충정로(경기대입구),당산,12,2
20250528,충정로(경기대입구),당산,13,1
20250528,충정로(경기대입구),당산,14,3
20250528,충정로(경기대입구),당산,15,3
20250528,충정로(경기대입구),당산,16,10
20250528,충정로(경기대입구),당산,17,37
20250528,충정로(경기대입구),당산,18,47
20250528,충정로(경기대입구),당산,19,10
20250528,충정로(경기대입구),당산,20,9
20250528,충정로(경기대입구),당산,21,8
20250528,충정로(경기대입구),당산,22,8
20250528,충정로(경기대입구),당산,23,3
20250528,충정로(경기대입구),대림(구로구청),5,2
20250528,충정로(경기대입구),대림(구로구청),7,4
20250528,충정로(경기대입구),대림(구로구청),8,4
20250528,충정로(경기대입구),대림(구로구청),9,2
20250528,충정로(경기대입구),대림(구로구청),12,1
20250528,충정로(경기대입구),대림(구로구청),13,1
20250528,충정로(경기대입구),대림(구로구청),14,2
20250528,충정로(경기대입구),대림(구로구청),15,1
20250528,충정로(경기대입구),대림(구로구청),16,3
20250528,충정로(경기대입구),대림(구로구청),17,16
20250528,충정로(경기대입구),대림(구로구청),18,24
20250528,충정로(경기대입구),대림(구로구청),19,4
20250528,충정로(경기대입구),대림(구로구청),20,9
20250528,충정로(경기대입구),대림(구로구청),21,3
20250528,충정로(경기대입구),대림(구로구청),22,2
20250528,충정로(경기대입구),동대문역사문화공원,0,1
20250528,충정로(경기대입구),동대문역사문화공원,5,6
20250528,충정로(경기대입구),동대문역사문화공원,6,9
20250528,충정로(경기대입구),동대문역사문화공원,7,13
20250528,충정로(경기대입구),동대문역사문화공원,8,19
20250528,충정로(경기대입구),동대문역사문화공원,9,13
20250528,충정로(경기대입구),동대문역사문화공원,10,7
20250528,충정로(경기대입구),동대문역사문화공원,11,6
20250528,충정로(경기대입구),동대문역사문화공원,12,10
20250528,충정로(경기대입구),동대문역사문화공원,13,9
20250528,충정로(경기대입구),동대문역사문화공원,14,4
20250528,충정로(경기대입구),동대문역사문화공원,15,3
20250528,충정로(경기대입구),동대문역사문화공원,16,10
20250528,충정로(경기대입구),동대문역사문화공원,17,9
20250528,충정로(경기대입구),동대문역사문화공원,18,17
20250528,충정로(경기대입구),동대문역사문화공원,19,9
20250528,충정로(경기대입구),동대문역사문화공원,20,4
20250528,충정로(경기대입구),동대문역사문화공원,21,3
20250528,충정로(경기대입구),동대문역사문화공원,22,2
20250528,충정로(경기대입구),동대문역사문화공원,23,1
20250528,충정로(경기대입구),뚝섬,0,1
20250528,충정로(경기대입구),뚝섬,5,3
20250528,충정로(경기대입구),뚝섬,6,5
20250528,충정로(경기대입구),뚝섬,7,14
20250528,충정로(경기대입구),뚝섬,8,24
20250528,충정로(경기대입구),뚝섬,9,17
20250528,충정로(경기대입구),뚝섬,10,12
20250528,충정로(경기대입구),뚝섬,11,3
20250528,충정로(경기대입구),뚝섬,12,2
20250528,충정로(경기대입구),뚝섬,13,1
20250528,충정로(경기대입구),뚝섬,14,1
20250528,충정로(경기대입구),뚝섬,15,3
20250528,충정로(경기대입구),뚝섬,16,3
20250528,충정로(경기대입구),뚝섬,17,10
20250528,충정로(경기대입구),뚝섬,18,8
20250528,충정로(경기대입구),뚝섬,19,5
20250528,충정로(경기대입구),뚝섬,20,5
20250528,충정로(경기대입구),뚝섬,21,1
20250528,충정로(경기대입구),뚝섬,22,1
20250528,충정로(경기대입구),뚝섬,23,4
20250528,충정로(경기대입구),문래,5,1
20250528,충정로(경기대입구),문래,6,1
20250528,충정로(경기대입구),문래,7,9
20250528,충정로(경기대입구),문래,8,12
20250528,충정로(경기대입구),문래,9,7
20250528,충정로(경기대입구),문래,10,4
20250528,충정로(경기대입구),문래,11,2
20250528,충정로(경기대입구),문래,12,2
20250528,충정로(경기대입구),문래,13,2
20250528,충정로(경기대입구),문래,14,1
20250528,충정로(경기대입구),문래,15,2
20250528,충정로(경기대입구),문래,16,5
20250528,충정로(경기대입구),문래,17,13
20250528,충정로(경기대입구),문래,18,35
20250528,충정로(경기대입구),문래,19,11
20250528,충정로(경기대입구),문래,20,6
20250528,충정로(경기대입구),문래,21,2
20250528,충정로(경기대입구),문래,22,5
20250528,충정로(경기대입구),방배,7,5
20250528,충정로(경기대입구),방배,8,2
20250528,충정로(경기대입구),방배,9,2
20250528,충정로(경기대입구),방배,10,1
20250528,충정로(경기대입구),방배,13,1
20250528,충정로(경기대입구),방배,15,2
20250528,충정로(경기대입구),방배,16,2
20250528,충정로(경기대입구),방배,17,1
20250528,충정로(경기대입구),방배,18,3
20250528,충정로(경기대입구),방배,20,1
20250528,충정로(경기대입구),봉천,6,1
20250528,충정로(경기대입구),봉천,7,2
20250528,충정로(경기대입구),봉천,8,1
20250528,충정로(경기대입구),봉천,11,1
20250528,충정로(경기대입구),봉천,12,1
20250528,충정로(경기대입구),봉천,14,1
20250528,충정로(경기대입구),봉천,16,4
20250528,충정로(경기대입구),봉천,17,7
20250528,충정로(경기대입구),봉천,18,20
20250528,충정로(경기대입구),봉천,19,3
20250528,충정로(경기대입구),봉천,20,4
20250528,충정로(경기대입구),봉천,21,5
20250528,충정로(경기대입구),봉천,22,2
20250528,충정로(경기대입구),봉천,23,1
20250528,충정로(경기대입구),사당,5,1
20250528,충정로(경기대입구),사당,10,1
20250528,충정로(경기대입구),사당,13,2
20250528,충정로(경기대입구),사당,15,1
20250528,충정로(경기대입구),사당,16,2
20250528,충정로(경기대입구),사당,17,8
20250528,충정로(경기대입구),사당,18,5
20250528,충정로(경기대입구),사당,19,1
20250528,충정로(경기대입구),사당,20,1
20250528,충정로(경기대입구),사당,21,4
20250528,충정로(경기대입구),사당,22,2
20250528,충정로(경기대입구),삼성(무역센터),5,3
20250528,충정로(경기대입구),삼성(무역센터),6,5
20250528,충정로(경기대입구),삼성(무역센터),7,23
20250528,충정로(경기대입구),삼성(무역센터),8,20
20250528,충정로(경기대입구),삼성(무역센터),9,13
20250528,충정로(경기대입구),삼성(무역센터),10,8
20250528,충정로(경기대입구),삼성(무역센터),11,4
20250528,충정로(경기대입구),삼성(무역센터),12,3
20250528,충정로(경기대입구),삼성(무역센터),13,4
20250528,충정로(경기대입구),삼성(무역센터),14,1
20250528,충정로(경기대입구),삼성(무역센터),15,2
20250528,충정로(경기대입구),삼성(무역센터),16,3
20250528,충정로(경기대입구),삼성(무역센터),17,3
20250528,충정로(경기대입구),삼성(무역센터),18,4
20250528,충정로(경기대입구),삼성(무역센터),20,1
20250528,충정로(경기대입구),상왕십리,5,1
20250528,충정로(경기대입구),상왕십리,6,2
20250528,충정로(경기대입구),상왕십리,8,4
20250528,충정로(경기대입구),상왕십리,9,2
20250528,충정로(경기대입구),상왕십리,10,3
20250528,충정로(경기대입구),상왕십리,11,1
20250528,충정로(경기대입구),상왕십리,12,8
20250528,충정로(경기대입구),상왕십리,13,5
20250528,충정로(경기대입구),상왕십리,14,1
20250528,충정로(경기대입구),상왕십리,15,6
20250528,충정로(경기대입구),상왕십리,16,10
20250528,충정로(경기대입구),상왕십리,17,9
20250528,충정로(경기대입구),상왕십리,18,23
20250528,충정로(경기대입구),상왕십리,19,9
20250528,충정로(경기대입구),상왕십리,20,2
20250528,충정로(경기대입구),상왕십리,21,3
20250528,충정로(경기대입구),상왕십리,22,4
20250528,충정로(경기대입구),서울대입구(관악구청),7,2
20250528,충정로(경기대입구),서울대입구(관악구청),8,2
20250528,충정로(경기대입구),서울대입구(관악구청),9,1
20250528,충정로(경기대입구),서울대입구(관악구청),10,3
20250528,충정로(경기대입구),서울대입구(관악구청),12,3
20250528,충정로(경기대입구),서울대입구(관악구청),13,3
20250528,충정로(경기대입구),서울대입구(관악구청),15,4
20250528,충정로(경기대입구),서울대입구(관악구청),16,6
20250528,충정로(경기대입구),서울대입구(관악구청),17,14
20250528,충정로(경기대입구),서울대입구(관악구청),18,15
20250528,충정로(경기대입구),서울대입구(관악구청),19,5
20250528,충정로(경기대입구),서울대입구(관악구청),20,6
20250528,충정로(경기대입구),서울대입구(관악구청),21,2
20250528,충정로(경기대입구),서울대입구(관악구청),22,2
20250528,충정로(경기대입구),서울대입구(관악구청),23,1
20250528,충정로(경기대입구),서초,4,1
20250528,충정로(경기대입구),서초,7,2
20250528,충정로(경기대입구),서초,8,3
20250528,충정로(경기대입구),서초,9,1
20250528,충정로(경기대입구),서초,10,1
20250528,충정로(경기대입구),서초,11,1
20250528,충정로(경기대입구),서초,13,1
20250528,충정로(경기대입구),서초,14,1
20250528,충정로(경기대입구),서초,19,1
20250528,충정로(경기대입구),서초,23,1
20250528,충정로(경기대입구),선릉,5,2
20250528,충정로(경기대입구),선릉,6,2
20250528,충정로(경기대입구),선릉,7,13
20250528,충정로(경기대입구),선릉,8,12
20250528,충정로(경기대입구),선릉,10,2
20250528,충정로(경기대입구),선릉,11,2
20250528,충정로(경기대입구),선릉,12,1
20250528,충정로(경기대입구),선릉,13,4
20250528,충정로(경기대입구),선릉,14,1
20250528,충정로(경기대입구),선릉,15,2
20250528,충정로(경기대입구),선릉,16,1
20250528,충정로(경기대입구),선릉,17,2
20250528,충정로(경기대입구),선릉,19,1
20250528,충정로(경기대입구),성수,0,1
20250528,충정로(경기대입구),성수,5,7
20250528,충정로(경기대입구),성수,6,9
20250528,충정로(경기대입구),성수,7,20
20250528,충정로(경기대입구),성수,8,30
20250528,충정로(경기대입구),성수,9,12
20250528,충정로(경기대입구),성수,10,11
20250528,충정로(경기대입구),성수,11,5
20250528,충정로(경기대입구),성수,12,6
20250528,충정로(경기대입구),성수,13,2
20250528,충정로(경기대입구),성수,14,2
20250528,충정로(경기대입구),성수,15,5
20250528,충정로(경기대입구),성수,16,3
20250528,충정로(경기대입구),성수,17,11
20250528,충정로(경기대입구),성수,18,7
20250528,충정로(경기대입구),성수,19,1
20250528,충정로(경기대입구),성수,20,2
20250528,충정로(경기대입구),성수,21,2
20250528,충정로(경기대입구),성수,23,1
20250528,충정로(경기대입구),시청,0,2
20250528,충정로(경기대입구),시청,5,8
20250528,충정로(경기대입구),시청,6,8
20250528,충정로(경기대입구),시청,7,16
20250528,충정로(경기대입구),시청,8,31
20250528,충정로(경기대입구),시청,9,17
20250528,충정로(경기대입구),시청,10,13
20250528,충정로(경기대입구),시청,11,14
20250528,충정로(경기대입구),시청,12,9
20250528,충정로(경기대입구),시청,13,7
20250528,충정로(경기대입구),시청,14,9
20250528,충정로(경기대입구),시청,15,3
20250528,충정로(경기대입구),시청,16,5
20250528,충정로(경기대입구),시청,17,9
20250528,충정로(경기대입구),시청,18,10
20250528,충정로(경기대입구),시청,20,3
20250528,충정로(경기대입구),시청,21,4
20250528,충정로(경기대입구),신당,5,2
20250528,충정로(경기대입구),신당,6,6
20250528,충정로(경기대입구),신당,7,10
20250528,충정로(경기대입구),신당,8,21
20250528,충정로(경기대입구),신당,9,12
20250528,충정로(경기대입구),신당,10,10
20250528,충정로(경기대입구),신당,11,8
20250528,충정로(경기대입구),신당,12,11
20250528,충정로(경기대입구),신당,13,18
20250528,충정로(경기대입구),신당,14,13
20250528,충정로(경기대입구),신당,15,10
20250528,충정로(경기대입구),신당,16,17
20250528,충정로(경기대입구),신당,17,16
20250528,충정로(경기대입구),신당,18,24
20250528,충정로(경기대입구),신당,19,6
20250528,충정로(경기대입구),신당,20,6
20250528,충정로(경기대입구),신당,21,4
20250528,충정로(경기대입구),신당,22,1
20250528,충정로(경기대입구),신당,23,3
20250528,충정로(경기대입구),신대방,5,1
20250528,충정로(경기대입구),신대방,6,3
20250528,충정로(경기대입구),신대방,7,3
20250528,충정로(경기대입구),신대방,8,1
20250528,충정로(경기대입구),신대방,10,1
20250528,충정로(경기대입구),신대방,12,3
20250528,충정로(경기대입구),신대방,13,4
20250528,충정로(경기대입구),신대방,14,3
20250528,충정로(경기대입구),신대방,15,2
20250528,충정로(경기대입구),신대방,16,4
20250528,충정로(경기대입구),신대방,17,12
20250528,충정로(경기대입구),신대방,18,25
20250528,충정로(경기대입구),신대방,19,9
20250528,충정로(경기대입구),신대방,20,1
20250528,충정로(경기대입구),신대방,21,7
20250528,충정로(경기대입구),신대방,22,1
20250528,충정로(경기대입구),신도림,0,1
20250528,충정로(경기대입구),신도림,5,1
20250528,충정로(경기대입구),신도림,6,2
20250528,충정로(경기대입구),신도림,7,5
20250528,충정로(경기대입구),신도림,8,6
20250528,충정로(경기대입구),신도림,9,7
20250528,충정로(경기대입구),신도림,10,6
20250528,충정로(경기대입구),신도림,11,6
20250528,충정로(경기대입구),신도림,12,1
20250528,충정로(경기대입구),신도림,13,2
20250528,충정로(경기대입구),신도림,14,3
20250528,충정로(경기대입구),신도림,15,8
20250528,충정로(경기대입구),신도림,16,13
20250528,충정로(경기대입구),신도림,17,39
20250528,충정로(경기대입구),신도림,18,52
20250528,충정로(경기대입구),신도림,19,17
20250528,충정로(경기대입구),신도림,20,15
20250528,충정로(경기대입구),신도림,21,10
20250528,충정로(경기대입구),신도림,22,6
20250528,충정로(경기대입구),신도림,23,1
20250528,충정로(경기대입구),신림,6,2
20250528,충정로(경기대입구),신림,7,8
20250528,충정로(경기대입구),신림,8,1
20250528,충정로(경기대입구),신림,10,1
20250528,충정로(경기대입구),신림,11,3
20250528,충정로(경기대입구),신림,12,1
20250528,충정로(경기대입구),신림,14,6
20250528,충정로(경기대입구),신림,15,3
20250528,충정로(경기대입구),신림,16,9
20250528,충정로(경기대입구),신림,17,19
20250528,충정로(경기대입구),신림,18,45
20250528,충정로(경기대입구),신림,19,6
20250528,충정로(경기대입구),신림,20,2
20250528,충정로(경기대입구),신림,21,4
20250528,충정로(경기대입구),신림,22,7
20250528,충정로(경기대입구),신림,23,5
20250528,충정로(경기대입구),신촌,5,3
20250528,충정로(경기대입구),신촌,6,1
20250528,충정로(경기대입구),신촌,7,19
20250528,충정로(경기대입구),신촌,8,26
20250528,충정로(경기대입구),신촌,9,20
20250528,충정로(경기대입구),신촌,10,23
20250528,충정로(경기대입구),신촌,11,18
20250528,충정로(경기대입구),신촌,12,16
20250528,충정로(경기대입구),신촌,13,18
20250528,충정로(경기대입구),신촌,14,11
20250528,충정로(경기대입구),신촌,15,16
20250528,충정로(경기대입구),신촌,16,28
20250528,충정로(경기대입구),신촌,17,41
20250528,충정로(경기대입구),신촌,18,59
20250528,충정로(경기대입구),신촌,19,19
20250528,충정로(경기대입구),신촌,20,14
20250528,충정로(경기대입구),신촌,21,6
20250528,충정로(경기대입구),신촌,22,5
20250528,충정로(경기대입구),신촌,23,2
20250528,충정로(경기대입구),아현,5,4
20250528,충정로(경기대입구),아현,6,1
20250528,충정로(경기대입구),아현,7,3
20250528,충정로(경기대입구),아현,8,8
20250528,충정로(경기대입구),아현,9,15
20250528,충정로(경기대입구),아현,10,13
20250528,충정로(경기대입구),아현,11,11
20250528,충정로(경기대입구),아현,12,17
20250528,충정로(경기대입구),아현,13,22
20250528,충정로(경기대입구),아현,14,11
20250528,충정로(경기대입구),아현,15,14
20250528,충정로(경기대입구),아현,16,12
20250528,충정로(경기대입구),아현,17,9
20250528,충정로(경기대입구),아현,18,8
20250528,충정로(경기대입구),아현,19,4
20250528,충정로(경기대입구),아현,20,7
20250528,충정로(경기대입구),아현,21,3
20250528,충정로(경기대입구),아현,22,2
20250528,충정로(경기대입구),아현,23,1
20250528,충정로(경기대입구),역삼,5,1
20250528,충정로(경기대입구),역삼,6,7
20250528,충정로(경기대입구),역삼,7,14
20250528,충정로(경기대입구),역삼,8,19
20250528,충정로(경기대입구),역삼,9,7
20250528,충정로(경기대입구),역삼,10,3
20250528,충정로(경기대입구),역삼,11,1
20250528,충정로(경기대입구),역삼,12,5
20250528,충정로(경기대입구),역삼,13,3
20250528,충정로(경기대입구),역삼,14,5
20250528,충정로(경기대입구),역삼,16,2
20250528,충정로(경기대입구),역삼,17,3
20250528,충정로(경기대입구),역삼,18,4
20250528,충정로(경기대입구),역삼,19,1
20250528,충정로(경기대입구),역삼,22,1
20250528,충정로(경기대입구),영등포구청,5,1
20250528,충정로(경기대입구),영등포구청,6,1
20250528,충정로(경기대입구),영등포구청,7,5
20250528,충정로(경기대입구),영등포구청,8,13
20250528,충정로(경기대입구),영등포구청,9,6
20250528,충정로(경기대입구),영등포구청,10,2
20250528,충정로(경기대입구),영등포구청,11,7
20250528,충정로(경기대입구),영등포구청,12,3
20250528,충정로(경기대입구),영등포구청,13,2
20250528,충정로(경기대입구),영등포구청,14,5
20250528,충정로(경기대입구),영등포구청,15,7
20250528,충정로(경기대입구),영등포구청,16,5
20250528,충정로(경기대입구),영등포구청,17,19
20250528,충정로(경기대입구),영등포구청,18,24
20250528,충정로(경기대입구),영등포구청,19,10
20250528,충정로(경기대입구),영등포구청,20,6
20250528,충정로(경기대입구),영등포구청,21,3
20250528,충정로(경기대입구),영등포구청,22,1
20250528,충정로(경기대입구),영등포구청,23,1
20250528,충정로(경기대입구),왕십리(성동구청),5,1
20250528,충정로(경기대입구),왕십리(성동구청),7,1
20250528,충정로(경기대입구),왕십리(성동구청),8,4
20250528,충정로(경기대입구),왕십리(성동구청),9,3
20250528,충정로(경기대입구),왕십리(성동구청),10,3
20250528,충정로(경기대입구),왕십리(성동구청),11,5
20250528,충정로(경기대입구),왕십리(성동구청),12,5
20250528,충정로(경기대입구),왕십리(성동구청),13,1
20250528,충정로(경기대입구),왕십리(성동구청),14,3
20250528,충정로(경기대입구),왕십리(성동구청),15,1
20250528,충정로(경기대입구),왕십리(성동구청),16,5
20250528,충정로(경기대입구),왕십리(성동구청),17,11
20250528,충정로(경기대입구),왕십리(성동구청),18,13
20250528,충정로(경기대입구),왕십리(성동구청),19,10
20250528,충정로(경기대입구),왕십리(성동구청),21,2
20250528,충정로(경기대입구),왕십리(성동구청),22,2
20250528,충정로(경기대입구),용두(동대문구청),12,1
20250528,충정로(경기대입구),용두(동대문구청),18,1
20250528,충정로(경기대입구),을지로3가,5,4
20250528,충정로(경기대입구),을지로3가,6,8
20250528,충정로(경기대입구),을지로3가,7,38
20250528,충정로(경기대입구),을지로3가,8,64
20250528,충정로(경기대입구),을지로3가,9,20
20250528,충정로(경기대입구),을지로3가,10,10
20250528,충정로(경기대입구),을지로3가,11,14
20250528,충정로(경기대입구),을지로3가,12,9
20250528,충정로(경기대입구),을지로3가,13,11
20250528,충정로(경기대입구),을지로3가,14,5
20250528,충정로(경기대입구),을지로3가,15,9
20250528,충정로(경기대입구),을지로3가,16,18
20250528,충정로(경기대입구),을지로3가,17,14
20250528,충정로(경기대입구),을지로3가,18,15
20250528,충정로(경기대입구),을지로3가,19,4
20250528,충정로(경기대입구),을지로3가,20,3
20250528,충정로(경기대입구),을지로3가,21,2
20250528,충정로(경기대입구),을지로3가,22,3
20250528,충정로(경기대입구),을지로4가,5,3
20250528,충정로(경기대입구),을지로4가,6,9
20250528,충정로(경기대입구),을지로4가,7,16
20250528,충정로(경기대입구),을지로4가,8,34
20250528,충정로(경기대입구),을지로4가,9,18
20250528,충정로(경기대입구),을지로4가,10,15
20250528,충정로(경기대입구),을지로4가,11,6
20250528,충정로(경기대입구),을지로4가,12,3
20250528,충정로(경기대입구),을지로4가,13,8
20250528,충정로(경기대입구),을지로4가,14,8
20250528,충정로(경기대입구),을지로4가,15,12
20250528,충정로(경기대입구),을지로4가,16,7
20250528,충정로(경기대입구),을지로4가,17,4
20250528,충정로(경기대입구),을지로4가,18,4
20250528,충정로(경기대입구),을지로4가,19,4
20250528,충정로(경기대입구),을지로4가,22,2
20250528,충정로(경기대입구),을지로입구,0,1
20250528,충정로(경기대입구),을지로입구,5,1
20250528,충정로(경기대입구),을지로입구,6,18
20250528,충정로(경기대입구),을지로입구,7,83
20250528,충정로(경기대입구),을지로입구,8,129
20250528,충정로(경기대입구),을지로입구,9,61
20250528,충정로(경기대입구),을지로입구,10,42
20250528,충정로(경기대입구),을지로입구,11,27
20250528,충정로(경기대입구),을지로입구,12,23
20250528,충정로(경기대입구),을지로입구,13,26
20250528,충정로(경기대입구),을지로입구,14,19
20250528,충정로(경기대입구),을지로입구,15,17
20250528,충정로(경기대입구),을지로입구,16,16
20250528,충정로(경기대입구),을지로입구,17,28
20250528,충정로(경기대입구),을지로입구,18,34
20250528,충정로(경기대입구),을지로입구,19,17
20250528,충정로(경기대입구),을지로입구,20,4
20250528,충정로(경기대입구),을지로입구,21,4
20250528,충정로(경기대입구),을지로입구,22,2
20250528,충정로(경기대입구),을지로입구,23,4
20250528,충정로(경기대입구),이대,5,1
20250528,충정로(경기대입구),이대,6,1
20250528,충정로(경기대입구),이대,7,3
20250528,충정로(경기대입구),이대,8,8
20250528,충정로(경기대입구),이대,9,10
20250528,충정로(경기대입구),이대,10,14
20250528,충정로(경기대입구),이대,11,9
20250528,충정로(경기대입구),이대,12,16
20250528,충정로(경기대입구),이대,13,11
20250528,충정로(경기대입구),이대,14,6
20250528,충정로(경기대입구),이대,15,9
20250528,충정로(경기대입구),이대,16,10
20250528,충정로(경기대입구),이대,17,9
20250528,충정로(경기대입구),이대,18,19
20250528,충정로(경기대입구),이대,19,14
20250528,충정로(경기대입구),이대,20,4
20250528,충정로(경기대입구),이대,21,7
20250528,충정로(경기대입구),이대,22,6
20250528,충정로(경기대입구),이대,23,4
20250528,충정로(경기대입구),잠실(송파구청),5,1
20250528,충정로(경기대입구),잠실(송파구청),6,9
20250528,충정로(경기대입구),잠실(송파구청),7,15
20250528,충정로(경기대입구),잠실(송파구청),8,20
20250528,충정로(경기대입구),잠실(송파구청),9,9
20250528,충정로(경기대입구),잠실(송파구청),10,11
20250528,충정로(경기대입구),잠실(송파구청),11,11
20250528,충정로(경기대입구),잠실(송파구청),12,5
20250528,충정로(경기대입구),잠실(송파구청),13,5
20250528,충정로(경기대입구),잠실(송파구청),14,4
20250528,충정로(경기대입구),잠실(송파구청),15,9
20250528,충정로(경기대입구),잠실(송파구청),16,13
20250528,충정로(경기대입구),잠실(송파구청),17,23
20250528,충정로(경기대입구),잠실(송파구청),18,34
20250528,충정로(경기대입구),잠실(송파구청),19,13
20250528,충정로(경기대입구),잠실(송파구청),20,13
20250528,충정로(경기대입구),잠실(송파구청),21,2
20250528,충정로(경기대입구),잠실(송파구청),22,3
20250528,충정로(경기대입구),잠실(송파구청),23,2
20250528,충정로(경기대입구),잠실나루,5,2
20250528,충정로(경기대입구),잠실나루,6,1
20250528,충정로(경기대입구),잠실나루,7,4
20250528,충정로(경기대입구),잠실나루,8,2
20250528,충정로(경기대입구),잠실나루,10,4
20250528,충정로(경기대입구),잠실나루,11,4
20250528,충정로(경기대입구),잠실나루,12,3
20250528,충정로(경기대입구),잠실나루,14,1
20250528,충정로(경기대입구),잠실나루,15,2
20250528,충정로(경기대입구),잠실나루,16,3
20250528,충정로(경기대입구),잠실나루,17,8
20250528,충정로(경기대입구),잠실나루,18,10
20250528,충정로(경기대입구),잠실나루,19,6
20250528,충정로(경기대입구),잠실나루,20,1
20250528,충정로(경기대입구),잠실나루,23,1
20250528,충정로(경기대입구),잠실새내,0,1
20250528,충정로(경기대입구),잠실새내,6,1
20250528,충정로(경기대입구),잠실새내,9,1
20250528,충정로(경기대입구),잠실새내,11,1
20250528,충정로(경기대입구),잠실새내,13,1
20250528,충정로(경기대입구),잠실새내,14,8
20250528,충정로(경기대입구),잠실새내,15,1
20250528,충정로(경기대입구),잠실새내,16,10
20250528,충정로(경기대입구),잠실새내,17,6
20250528,충정로(경기대입구),잠실새내,18,13
20250528,충정로(경기대입구),잠실새내,19,6
20250528,충정로(경기대입구),잠실새내,20,5
20250528,충정로(경기대입구),잠실새내,21,1
20250528,충정로(경기대입구),잠실새내,22,3
20250528,충정로(경기대입구),종합운동장,5,2
20250528,충정로(경기대입구),종합운동장,7,1
20250528,충정로(경기대입구),종합운동장,8,1
20250528,충정로(경기대입구),종합운동장,9,2
20250528,충정로(경기대입구),종합운동장,11,1
20250528,충정로(경기대입구),종합운동장,12,1
20250528,충정로(경기대입구),종합운동장,13,1
20250528,충정로(경기대입구),종합운동장,15,1
20250528,충정로(경기대입구),종합운동장,16,5
20250528,충정로(경기대입구),종합운동장,17,14
20250528,충정로(경기대입구),종합운동장,18,12
20250528,충정로(경기대입구),종합운동장,19,1
20250528,충정로(경기대입구),충정로(경기대입구),5,1
20250528,충정로(경기대입구),충정로(경기대입구),6,4
20250528,충정로(경기대입구),충정로(경기대입구),7,1
20250528,충정로(경기대입구),충정로(경기대입구),8,8
20250528,충정로(경기대입구),충정로(경기대입구),9,4
20250528,충정로(경기대입구),충정로(경기대입구),11,5
20250528,충정로(경기대입구),충정로(경기대입구),12,3
20250528,충정로(경기대입구),충정로(경기대입구),13,4
20250528,충정로(경기대입구),충정로(경기대입구),14,6
20250528,충정로(경기대입구),충정로(경기대입구),15,3
20250528,충정로(경기대입구),충정로(경기대입구),16,7
20250528,충정로(경기대입구),충정로(경기대입구),17,7
20250528,충정로(경기대입구),충정로(경기대입구),18,5
20250528,충정로(경기대입구),충정로(경기대입구),19,5
20250528,충정로(경기대입구),충정로(경기대입구),20,1
20250528,충정로(경기대입구),충정로(경기대입구),21,6
20250528,충정로(경기대입구),충정로(경기대입구),22,7
20250528,충정로(경기대입구),한양대,5,1
20250528,충정로(경기대입구),한양대,6,3
20250528,충정로(경기대입구),한양대,7,7
20250528,충정로(경기대입구),한양대,8,14
20250528,충정로(경기대입구),한양대,9,12
20250528,충정로(경기대입구),한양대,10,4
20250528,충정로(경기대입구),한양대,11,7
20250528,충정로(경기대입구),한양대,12,4
20250528,충정로(경기대입구),한양대,13,2
20250528,충정로(경기대입구),한양대,14,4
20250528,충정로(경기대입구),한양대,15,2
20250528,충정로(경기대입구),한양대,16,1
20250528,충정로(경기대입구),한양대,17,1
20250528,충정로(경기대입구),한양대,18,5
20250528,충정로(경기대입구),한양대,19,1
20250528,충정로(경기대입구),한양대,22,2
20250528,충정로(경기대입구),한양대,23,1
20250528,충정로(경기대입구),합정,6,2
20250528,충정로(경기대입구),합정,7,4
20250528,충정로(경기대입구),합정,8,12
20250528,충정로(경기대입구),합정,9,11
20250528,충정로(경기대입구),합정,10,6
20250528,충정로(경기대입구),합정,11,15
20250528,충정로(경기대입구),합정,12,6
20250528,충정로(경기대입구),합정,13,5
20250528,충정로(경기대입구),합정,14,9
20250528,충정로(경기대입구),합정,15,8
20250528,충정로(경기대입구),합정,16,16
20250528,충정로(경기대입구),합정,17,25
20250528,충정로(경기대입구),합정,18,42
20250528,충정로(경기대입구),합정,19,23
20250528,충정로(경기대입구),합정,20,2
20250528,충정로(경기대입구),합정,21,4
20250528,충정로(경기대입구),합정,22,7
20250528,충정로(경기대입구),합정,23,4
20250528,충정로(경기대입구),홍대입구,5,3
20250528,충정로(경기대입구),홍대입구,6,4
20250528,충정로(경기대입구),홍대입구,7,12
20250528,충정로(경기대입구),홍대입구,8,15
20250528,충정로(경기대입구),홍대입구,9,19
20250528,충정로(경기대입구),홍대입구,10,22
20250528,충정로(경기대입구),홍대입구,11,14
20250528,충정로(경기대입구),홍대입구,12,11
20250528,충정로(경기대입구),홍대입구,13,13
20250528,충정로(경기대입구),홍대입구,14,12
20250528,충정로(경기대입구),홍대입구,15,15
20250528,충정로(경기대입구),홍대입구,16,24
20250528,충정로(경기대입구),홍대입구,17,55
20250528,충정로(경기대입구),홍대입구,18,63
20250528,충정로(경기대입구),홍대입구,19,17
20250528,충정로(경기대입구),홍대입구,20,17
20250528,충정로(경기대입구),홍대입구,21,16
20250528,충정로(경기대입구),홍대입구,22,8
20250528,충정로(경기대입구),홍대입구,23,2
20250528,한양대,강남,0,2
20250528,한양대,강남,6,2
20250528,한양대,강남,7,3
20250528,한양대,강남,8,7
20250528,한양대,강남,9,6
20250528,한양대,강남,10,6
20250528,한양대,강남,11,8
20250528,한양대,강남,12,8
20250528,한양대,강남,13,12
20250528,한양대,강남,14,24
20250528,한양대,강남,15,31
20250528,한양대,강남,16,29
20250528,한양대,강남,17,29
20250528,한양대,강남,18,24
20250528,한양대,강남,19,12
20250528,한양대,강남,20,9
20250528,한양대,강남,21,14
20250528,한양대,강남,22,14
20250528,한양대,강남,23,5
20250528,한양대,강변(동서울터미널),0,2
20250528,한양대,강변(동서울터미널),5,2
20250528,한양대,강변(동서울터미널),6,1
20250528,한양대,강변(동서울터미널),8,7
20250528,한양대,강변(동서울터미널),9,4
20250528,한양대,강변(동서울터미널),10,1
20250528,한양대,강변(동서울터미널),11,8
20250528,한양대,강변(동서울터미널),12,13
20250528,한양대,강변(동서울터미널),13,4
20250528,한양대,강변(동서울터미널),14,12
20250528,한양대,강변(동서울터미널),15,23
20250528,한양대,강변(동서울터미널),16,29
20250528,한양대,강변(동서울터미널),17,46
20250528,한양대,강변(동서울터미널),18,16
20250528,한양대,강변(동서울터미널),19,12
20250528,한양대,강변(동서울터미널),20,20
20250528,한양대,강변(동서울터미널),21,14
20250528,한양대,강변(동서울터미널),22,12
20250528,한양대,강변(동서울터미널),23,7
20250528,한양대,건대입구,0,6
20250528,한양대,건대입구,6,3
20250528,한양대,건대입구,8,11
20250528,한양대,건대입구,9,8
20250528,한양대,건대입구,10,24
20250528,한양대,건대입구,11,30
20250528,한양대,건대입구,12,34
20250528,한양대,건대입구,13,21
20250528,한양대,건대입구,14,57
20250528,한양대,건대입구,15,76
20250528,한양대,건대입구,16,81
20250528,한양대,건대입구,17,112
20250528,한양대,건대입구,18,86
20250528,한양대,건대입구,19,39
20250528,한양대,건대입구,20,35
20250528,한양대,건대입구,21,47
20250528,한양대,건대입구,22,28
20250528,한양대,건대입구,23,16
20250528,한양대,교대(법원.검찰청),8,1
20250528,한양대,교대(법원.검찰청),10,3
20250528,한양대,교대(법원.검찰청),11,3
20250528,한양대,교대(법원.검찰청),12,4
20250528,한양대,교대(법원.검찰청),13,3
20250528,한양대,교대(법원.검찰청),14,2
20250528,한양대,교대(법원.검찰청),15,11
20250528,한양대,교대(법원.검찰청),16,13
20250528,한양대,교대(법원.검찰청),17,11
20250528,한양대,교대(법원.검찰청),18,5
20250528,한양대,교대(법원.검찰청),19,4
20250528,한양대,교대(법원.검찰청),20,3
20250528,한양대,교대(법원.검찰청),21,5
20250528,한양대,교대(법원.검찰청),22,2
20250528,한양대,교대(법원.검찰청),23,2
20250528,한양대,구로디지털단지,6,1
20250528,한양대,구로디지털단지,7,3
20250528,한양대,구로디지털단지,8,5
20250528,한양대,구로디지털단지,10,2
20250528,한양대,구로디지털단지,11,5
20250528,한양대,구로디지털단지,12,5
20250528,한양대,구로디지털단지,13,3
20250528,한양대,구로디지털단지,14,6
20250528,한양대,구로디지털단지,15,16
20250528,한양대,구로디지털단지,16,19
20250528,한양대,구로디지털단지,17,17
20250528,한양대,구로디지털단지,18,20
20250528,한양대,구로디지털단지,19,6
20250528,한양대,구로디지털단지,20,8
20250528,한양대,구로디지털단지,21,16
20250528,한양대,구로디지털단지,22,3
20250528,한양대,구로디지털단지,23,3
20250528,한양대,구의(광진구청),0,4
20250528,한양대,구의(광진구청),5,1
20250528,한양대,구의(광진구청),6,1
20250528,한양대,구의(광진구청),7,6
20250528,한양대,구의(광진구청),8,6
20250528,한양대,구의(광진구청),9,2
20250528,한양대,구의(광진구청),10,12
20250528,한양대,구의(광진구청),11,8
20250528,한양대,구의(광진구청),12,8
20250528,한양대,구의(광진구청),13,11
20250528,한양대,구의(광진구청),14,14
20250528,한양대,구의(광진구청),15,34
20250528,한양대,구의(광진구청),16,30
20250528,한양대,구의(광진구청),17,33
20250528,한양대,구의(광진구청),18,31
20250528,한양대,구의(광진구청),19,19
20250528,한양대,구의(광진구청),20,16
20250528,한양대,구의(광진구청),21,23
20250528,한양대,구의(광진구청),22,11
20250528,한양대,구의(광진구청),23,14
20250528,한양대,낙성대,7,1
20250528,한양대,낙성대,9,1
20250528,한양대,낙성대,10,2
20250528,한양대,낙성대,12,4
20250528,한양대,낙성대,13,1
20250528,한양대,낙성대,14,2
20250528,한양대,낙성대,15,5
20250528,한양대,낙성대,16,7
20250528,한양대,낙성대,17,6
20250528,한양대,낙성대,18,7
20250528,한양대,낙성대,19,2
20250528,한양대,낙성대,20,2
20250528,한양대,낙성대,21,1
20250528,한양대,낙성대,22,3
20250528,한양대,낙성대,23,3
20250528,한양대,당산,0,1
20250528,한양대,당산,6,1
20250528,한양대,당산,8,2
20250528,한양대,당산,9,2
20250528,한양대,당산,10,2
20250528,한양대,당산,11,2
20250528,한양대,당산,12,6
20250528,한양대,당산,13,8
20250528,한양대,당산,14,8
20250528,한양대,당산,15,18
20250528,한양대,당산,16,17
20250528,한양대,당산,17,32
20250528,한양대,당산,18,16
20250528,한양대,당산,19,11
20250528,한양대,당산,20,13
20250528,한양대,당산,21,7
20250528,한양대,당산,22,5
20250528,한양대,당산,23,2
20250528,한양대,대림(구로구청),10,1
20250528,한양대,대림(구로구청),11,1
20250528,한양대,대림(구로구청),12,2
20250528,한양대,대림(구로구청),13,2
20250528,한양대,대림(구로구청),14,3
20250528,한양대,대림(구로구청),15,4
20250528,한양대,대림(구로구청),16,4
20250528,한양대,대림(구로구청),17,4
20250528,한양대,대림(구로구청),18,5
20250528,한양대,대림(구로구청),19,2
20250528,한양대,대림(구로구청),20,1
20250528,한양대,대림(구로구청),21,3
20250528,한양대,대림(구로구청),22,1
20250528,한양대,동대문역사문화공원,0,1
20250528,한양대,동대문역사문화공원,5,2
20250528,한양대,동대문역사문화공원,6,1
20250528,한양대,동대문역사문화공원,7,2
20250528,한양대,동대문역사문화공원,8,15
20250528,한양대,동대문역사문화공원,9,4
20250528,한양대,동대문역사문화공원,10,7
20250528,한양대,동대문역사문화공원,11,10
20250528,한양대,동대문역사문화공원,12,7
20250528,한양대,동대문역사문화공원,13,5
20250528,한양대,동대문역사문화공원,14,9
20250528,한양대,동대문역사문화공원,15,13
20250528,한양대,동대문역사문화공원,16,8
20250528,한양대,동대문역사문화공원,17,20
20250528,한양대,동대문역사문화공원,18,20
20250528,한양대,동대문역사문화공원,19,5
20250528,한양대,동대문역사문화공원,20,2
20250528,한양대,동대문역사문화공원,21,5
20250528,한양대,동대문역사문화공원,22,3
20250528,한양대,동대문역사문화공원,23,2
20250528,한양대,뚝섬,7,4
20250528,한양대,뚝섬,8,12
20250528,한양대,뚝섬,9,20
20250528,한양대,뚝섬,10,19
20250528,한양대,뚝섬,11,33
20250528,한양대,뚝섬,12,23
20250528,한양대,뚝섬,13,14
20250528,한양대,뚝섬,14,36
20250528,한양대,뚝섬,15,31
20250528,한양대,뚝섬,16,27
20250528,한양대,뚝섬,17,28
20250528,한양대,뚝섬,18,21
20250528,한양대,뚝섬,19,17
20250528,한양대,뚝섬,20,4
20250528,한양대,뚝섬,21,9
20250528,한양대,뚝섬,22,5
20250528,한양대,문래,5,1
20250528,한양대,문래,7,4
20250528,한양대,문래,8,2
20250528,한양대,문래,9,1
20250528,한양대,문래,11,2
20250528,한양대,문래,12,1
20250528,한양대,문래,13,3
20250528,한양대,문래,14,5
20250528,한양대,문래,15,4
20250528,한양대,문래,16,13
20250528,한양대,문래,17,7
20250528,한양대,문래,18,3
20250528,한양대,문래,20,3
20250528,한양대,문래,21,4
20250528,한양대,문래,23,1
20250528,한양대,방배,10,1
20250528,한양대,방배,11,2
20250528,한양대,방배,14,3
20250528,한양대,방배,15,2
20250528,한양대,방배,16,4
20250528,한양대,방배,17,3
20250528,한양대,방배,18,2
20250528,한양대,방배,19,3
20250528,한양대,방배,20,5
20250528,한양대,방배,21,5
20250528,한양대,방배,22,2
20250528,한양대,방배,23,1
20250528,한양대,봉천,11,1
20250528,한양대,봉천,14,5
20250528,한양대,봉천,15,4
20250528,한양대,봉천,16,7
20250528,한양대,봉천,17,7
20250528,한양대,봉천,18,3
20250528,한양대,봉천,19,2
20250528,한양대,봉천,21,2
20250528,한양대,봉천,22,3
20250528,한양대,사당,0,1
20250528,한양대,사당,5,1
20250528,한양대,사당,7,3
20250528,한양대,사당,9,1
20250528,한양대,사당,11,3
20250528,한양대,사당,12,9
20250528,한양대,사당,13,3
20250528,한양대,사당,14,13
20250528,한양대,사당,15,23
20250528,한양대,사당,16,20
20250528,한양대,사당,17,27
20250528,한양대,사당,18,15
20250528,한양대,사당,19,4
20250528,한양대,사당,20,12
20250528,한양대,사당,21,18
20250528,한양대,사당,22,3
20250528,한양대,사당,23,2
20250528,한양대,삼성(무역센터),0,3
20250528,한양대,삼성(무역센터),6,4
20250528,한양대,삼성(무역센터),7,5
20250528,한양대,삼성(무역센터),8,4
20250528,한양대,삼성(무역센터),9,4
20250528,한양대,삼성(무역센터),10,2
20250528,한양대,삼성(무역센터),11,4
20250528,한양대,삼성(무역센터),12,7
20250528,한양대,삼성(무역센터),13,2
20250528,한양대,삼성(무역센터),14,8
20250528,한양대,삼성(무역센터),15,10
20250528,한양대,삼성(무역센터),16,10
20250528,한양대,삼성(무역센터),17,18
20250528,한양대,삼성(무역센터),18,5
20250528,한양대,삼성(무역센터),19,7
20250528,한양대,삼성(무역센터),20,8
20250528,한양대,삼성(무역센터),21,2
20250528,한양대,삼성(무역센터),22,3
20250528,한양대,삼성(무역센터),23,3
20250528,한양대,상왕십리,0,5
20250528,한양대,상왕십리,5,1
20250528,한양대,상왕십리,6,1
20250528,한양대,상왕십리,7,2
20250528,한양대,상왕십리,8,3
20250528,한양대,상왕십리,9,5
20250528,한양대,상왕십리,10,9
20250528,한양대,상왕십리,11,18
20250528,한양대,상왕십리,12,10
20250528,한양대,상왕십리,13,9
20250528,한양대,상왕십리,14,42
20250528,한양대,상왕십리,15,29
20250528,한양대,상왕십리,16,31
20250528,한양대,상왕십리,17,37
20250528,한양대,상왕십리,18,30
20250528,한양대,상왕십리,19,16
20250528,한양대,상왕십리,20,15
20250528,한양대,상왕십리,21,17
20250528,한양대,상왕십리,22,7
20250528,한양대,상왕십리,23,11
20250528,한양대,서울대입구(관악구청),0,1
20250528,한양대,서울대입구(관악구청),5,1
20250528,한양대,서울대입구(관악구청),6,1
20250528,한양대,서울대입구(관악구청),8,2
20250528,한양대,서울대입구(관악구청),10,1
20250528,한양대,서울대입구(관악구청),11,2
20250528,한양대,서울대입구(관악구청),12,6
20250528,한양대,서울대입구(관악구청),13,3
20250528,한양대,서울대입구(관악구청),14,5
20250528,한양대,서울대입구(관악구청),15,4
20250528,한양대,서울대입구(관악구청),16,5
20250528,한양대,서울대입구(관악구청),17,23
20250528,한양대,서울대입구(관악구청),18,7
20250528,한양대,서울대입구(관악구청),19,2
20250528,한양대,서울대입구(관악구청),20,9
20250528,한양대,서울대입구(관악구청),21,11
20250528,한양대,서울대입구(관악구청),22,5
20250528,한양대,서울대입구(관악구청),23,2
20250528,한양대,서초,0,1
20250528,한양대,서초,7,1
20250528,한양대,서초,8,1
20250528,한양대,서초,12,1
20250528,한양대,서초,13,3
20250528,한양대,서초,14,3
20250528,한양대,서초,15,3
20250528,한양대,서초,16,4
20250528,한양대,서초,17,5
20250528,한양대,서초,18,2
20250528,한양대,서초,19,3
20250528,한양대,서초,21,2
20250528,한양대,서초,22,1
20250528,한양대,선릉,6,1
20250528,한양대,선릉,8,2
20250528,한양대,선릉,9,1
20250528,한양대,선릉,10,1
20250528,한양대,선릉,11,3
20250528,한양대,선릉,12,3
20250528,한양대,선릉,13,2
20250528,한양대,선릉,14,3
20250528,한양대,선릉,15,2
20250528,한양대,선릉,16,7
20250528,한양대,선릉,17,13
20250528,한양대,선릉,18,2
20250528,한양대,선릉,19,5
20250528,한양대,선릉,20,5
20250528,한양대,선릉,21,1
20250528,한양대,선릉,22,1
20250528,한양대,선릉,23,2
20250528,한양대,성수,0,5
20250528,한양대,성수,6,1
20250528,한양대,성수,7,6
20250528,한양대,성수,8,14
20250528,한양대,성수,9,15
20250528,한양대,성수,10,13
20250528,한양대,성수,11,37
20250528,한양대,성수,12,29
20250528,한양대,성수,13,30
20250528,한양대,성수,14,23
20250528,한양대,성수,15,35
20250528,한양대,성수,16,44
20250528,한양대,성수,17,61
20250528,한양대,성수,18,38
20250528,한양대,성수,19,14
20250528,한양대,성수,20,9
20250528,한양대,성수,21,5
20250528,한양대,성수,22,6
20250528,한양대,성수,23,3
20250528,한양대,시청,0,2
20250528,한양대,시청,6,6
20250528,한양대,시청,7,19
20250528,한양대,시청,8,33
20250528,한양대,시청,9,6
20250528,한양대,시청,10,5
20250528,한양대,시청,11,3
20250528,한양대,시청,12,5
20250528,한양대,시청,13,3
20250528,한양대,시청,14,9
20250528,한양대,시청,15,7
20250528,한양대,시청,16,4
20250528,한양대,시청,17,14
20250528,한양대,시청,18,4
20250528,한양대,시청,19,2
20250528,한양대,시청,20,3
20250528,한양대,시청,21,2
20250528,한양대,시청,22,1
20250528,한양대,시청,23,1
20250528,한양대,신당,0,2
20250528,한양대,신당,6,1
20250528,한양대,신당,7,2
20250528,한양대,신당,8,3
20250528,한양대,신당,9,2
20250528,한양대,신당,10,8
20250528,한양대,신당,11,7
20250528,한양대,신당,12,9
20250528,한양대,신당,13,4
20250528,한양대,신당,14,11
20250528,한양대,신당,15,10
20250528,한양대,신당,16,16
20250528,한양대,신당,17,19
20250528,한양대,신당,18,25
20250528,한양대,신당,19,5
20250528,한양대,신당,20,10
20250528,한양대,신당,21,9
20250528,한양대,신당,22,5
20250528,한양대,신당,23,10
20250528,한양대,신대방,0,2
20250528,한양대,신대방,11,4
20250528,한양대,신대방,12,2
20250528,한양대,신대방,14,5
20250528,한양대,신대방,15,1
20250528,한양대,신대방,16,8
20250528,한양대,신대방,17,5
20250528,한양대,신대방,18,7
20250528,한양대,신대방,19,2
20250528,한양대,신대방,20,7
20250528,한양대,신대방,22,1
20250528,한양대,신도림,0,3
20250528,한양대,신도림,7,2
20250528,한양대,신도림,9,2
20250528,한양대,신도림,10,1
20250528,한양대,신도림,11,7
20250528,한양대,신도림,12,9
20250528,한양대,신도림,13,6
20250528,한양대,신도림,14,9
20250528,한양대,신도림,15,15
20250528,한양대,신도림,16,23
20250528,한양대,신도림,17,20
20250528,한양대,신도림,18,19
20250528,한양대,신도림,19,9
20250528,한양대,신도림,20,13
20250528,한양대,신도림,21,16
20250528,한양대,신도림,22,9
20250528,한양대,신도림,23,5
20250528,한양대,신림,6,1
20250528,한양대,신림,7,2
20250528,한양대,신림,10,2
20250528,한양대,신림,11,3
20250528,한양대,신림,12,3
20250528,한양대,신림,13,5
20250528,한양대,신림,14,3
20250528,한양대,신림,15,8
20250528,한양대,신림,16,10
20250528,한양대,신림,17,17
20250528,한양대,신림,18,14
20250528,한양대,신림,19,7
20250528,한양대,신림,20,7
20250528,한양대,신림,21,5
20250528,한양대,신림,22,2
20250528,한양대,신촌,0,4
20250528,한양대,신촌,6,2
20250528,한양대,신촌,7,5
20250528,한양대,신촌,8,11
20250528,한양대,신촌,9,10
20250528,한양대,신촌,10,12
20250528,한양대,신촌,11,11
20250528,한양대,신촌,12,11
20250528,한양대,신촌,13,20
20250528,한양대,신촌,14,23
20250528,한양대,신촌,15,37
20250528,한양대,신촌,16,36
20250528,한양대,신촌,17,67
20250528,한양대,신촌,18,58
20250528,한양대,신촌,19,36
20250528,한양대,신촌,20,10
20250528,한양대,신촌,21,20
20250528,한양대,신촌,22,10
20250528,한양대,신촌,23,5
20250528,한양대,아현,7,1
20250528,한양대,아현,8,1
20250528,한양대,아현,9,2
20250528,한양대,아현,10,1
20250528,한양대,아현,11,5
20250528,한양대,아현,12,2
20250528,한양대,아현,13,1
20250528,한양대,아현,14,4
20250528,한양대,아현,15,1
20250528,한양대,아현,16,10
20250528,한양대,아현,17,6
20250528,한양대,아현,18,8
20250528,한양대,아현,19,8
20250528,한양대,아현,20,3
20250528,한양대,아현,21,5
20250528,한양대,아현,22,9
20250528,한양대,아현,23,1
20250528,한양대,역삼,0,1
20250528,한양대,역삼,7,1
20250528,한양대,역삼,8,2
20250528,한양대,역삼,9,3
20250528,한양대,역삼,10,2
20250528,한양대,역삼,11,3
20250528,한양대,역삼,12,2
20250528,한양대,역삼,14,7
20250528,한양대,역삼,15,4
20250528,한양대,역삼,16,5
20250528,한양대,역삼,17,8
20250528,한양대,역삼,18,4
20250528,한양대,역삼,19,4
20250528,한양대,역삼,20,1
20250528,한양대,역삼,21,5
20250528,한양대,역삼,22,1
20250528,한양대,영등포구청,7,3
20250528,한양대,영등포구청,8,3
20250528,한양대,영등포구청,9,2
20250528,한양대,영등포구청,10,1
20250528,한양대,영등포구청,11,2
20250528,한양대,영등포구청,12,1
20250528,한양대,영등포구청,13,3
20250528,한양대,영등포구청,14,2
20250528,한양대,영등포구청,15,1
20250528,한양대,영등포구청,16,3
20250528,한양대,영등포구청,17,10
20250528,한양대,영등포구청,18,6
20250528,한양대,영등포구청,19,1
20250528,한양대,영등포구청,20,2
20250528,한양대,영등포구청,21,2
20250528,한양대,영등포구청,22,2
20250528,한양대,영등포구청,23,3
20250528,한양대,왕십리(성동구청),0,1
20250528,한양대,왕십리(성동구청),6,2
20250528,한양대,왕십리(성동구청),7,1
20250528,한양대,왕십리(성동구청),8,4
20250528,한양대,왕십리(성동구청),9,3
20250528,한양대,왕십리(성동구청),10,11
20250528,한양대,왕십리(성동구청),11,30
20250528,한양대,왕십리(성동구청),12,23
20250528,한양대,왕십리(성동구청),13,17
20250528,한양대,왕십리(성동구청),14,26
20250528,한양대,왕십리(성동구청),15,13
20250528,한양대,왕십리(성동구청),16,28
20250528,한양대,왕십리(성동구청),17,26
20250528,한양대,왕십리(성동구청),18,31
20250528,한양대,왕십리(성동구청),19,10
20250528,한양대,왕십리(성동구청),20,15
20250528,한양대,왕십리(성동구청),21,11
20250528,한양대,왕십리(성동구청),22,11
20250528,한양대,왕십리(성동구청),23,6
20250528,한양대,용두(동대문구청),9,1
20250528,한양대,용두(동대문구청),14,1
20250528,한양대,용두(동대문구청),18,1
20250528,한양대,용두(동대문구청),23,1
20250528,한양대,을지로3가,0,2
20250528,한양대,을지로3가,6,2
20250528,한양대,을지로3가,7,11
20250528,한양대,을지로3가,8,9
20250528,한양대,을지로3가,9,8
20250528,한양대,을지로3가,10,5
20250528,한양대,을지로3가,11,5
20250528,한양대,을지로3가,12,12
20250528,한양대,을지로3가,13,12
20250528,한양대,을지로3가,14,11
20250528,한양대,을지로3가,15,28
20250528,한양대,을지로3가,16,18
20250528,한양대,을지로3가,17,16
20250528,한양대,을지로3가,18,19
20250528,한양대,을지로3가,19,11
20250528,한양대,을지로3가,20,7
20250528,한양대,을지로3가,21,9
20250528,한양대,을지로3가,22,6
20250528,한양대,을지로3가,23,6
20250528,한양대,을지로4가,5,3
20250528,한양대,을지로4가,6,2
20250528,한양대,을지로4가,7,2
20250528,한양대,을지로4가,8,10
20250528,한양대,을지로4가,9,3
20250528,한양대,을지로4가,10,3
20250528,한양대,을지로4가,11,5
20250528,한양대,을지로4가,12,5
20250528,한양대,을지로4가,13,3
20250528,한양대,을지로4가,14,4
20250528,한양대,을지로4가,15,12
20250528,한양대,을지로4가,16,3
20250528,한양대,을지로4가,17,11
20250528,한양대,을지로4가,18,6
20250528,한양대,을지로4가,19,1
20250528,한양대,을지로4가,20,2
20250528,한양대,을지로4가,21,2
20250528,한양대,을지로4가,22,3
20250528,한양대,을지로4가,23,2
20250528,한양대,을지로입구,0,1
20250528,한양대,을지로입구,5,2
20250528,한양대,을지로입구,6,5
20250528,한양대,을지로입구,7,17
20250528,한양대,을지로입구,8,33
20250528,한양대,을지로입구,9,17
20250528,한양대,을지로입구,10,15
20250528,한양대,을지로입구,11,12
20250528,한양대,을지로입구,12,17
20250528,한양대,을지로입구,13,11
20250528,한양대,을지로입구,14,19
20250528,한양대,을지로입구,15,23
20250528,한양대,을지로입구,16,31
20250528,한양대,을지로입구,17,41
20250528,한양대,을지로입구,18,27
20250528,한양대,을지로입구,19,8
20250528,한양대,을지로입구,20,14
20250528,한양대,을지로입구,21,7
20250528,한양대,을지로입구,22,1
20250528,한양대,을지로입구,23,3
20250528,한양대,이대,0,2
20250528,한양대,이대,6,1
20250528,한양대,이대,7,1
20250528,한양대,이대,8,3
20250528,한양대,이대,9,6
20250528,한양대,이대,10,5
20250528,한양대,이대,11,7
20250528,한양대,이대,12,15
20250528,한양대,이대,13,6
20250528,한양대,이대,14,9
20250528,한양대,이대,15,8
20250528,한양대,이대,16,9
20250528,한양대,이대,17,16
20250528,한양대,이대,18,10
20250528,한양대,이대,19,8
20250528,한양대,이대,20,3
20250528,한양대,이대,21,6
20250528,한양대,이대,22,3
20250528,한양대,이대,23,1
20250528,한양대,잠실(송파구청),0,3
20250528,한양대,잠실(송파구청),5,1
20250528,한양대,잠실(송파구청),6,1
20250528,한양대,잠실(송파구청),7,7
20250528,한양대,잠실(송파구청),8,6
20250528,한양대,잠실(송파구청),9,7
20250528,한양대,잠실(송파구청),10,10
20250528,한양대,잠실(송파구청),11,16
20250528,한양대,잠실(송파구청),12,33
20250528,한양대,잠실(송파구청),13,22
20250528,한양대,잠실(송파구청),14,34
20250528,한양대,잠실(송파구청),15,75
20250528,한양대,잠실(송파구청),16,91
20250528,한양대,잠실(송파구청),17,90
20250528,한양대,잠실(송파구청),18,61
20250528,한양대,잠실(송파구청),19,34
20250528,한양대,잠실(송파구청),20,44
20250528,한양대,잠실(송파구청),21,36
20250528,한양대,잠실(송파구청),22,25
20250528,한양대,잠실(송파구청),23,8
20250528,한양대,잠실나루,0,3
20250528,한양대,잠실나루,5,1
20250528,한양대,잠실나루,6,2
20250528,한양대,잠실나루,7,5
20250528,한양대,잠실나루,8,1
20250528,한양대,잠실나루,9,1
20250528,한양대,잠실나루,10,2
20250528,한양대,잠실나루,11,6
20250528,한양대,잠실나루,12,4
20250528,한양대,잠실나루,13,2
20250528,한양대,잠실나루,14,5
20250528,한양대,잠실나루,15,8
20250528,한양대,잠실나루,16,11
20250528,한양대,잠실나루,17,18
20250528,한양대,잠실나루,18,12
20250528,한양대,잠실나루,19,13
20250528,한양대,잠실나루,20,7
20250528,한양대,잠실나루,21,7
20250528,한양대,잠실나루,22,5
20250528,한양대,잠실나루,23,5
20250528,한양대,잠실새내,0,1
20250528,한양대,잠실새내,5,1
20250528,한양대,잠실새내,6,1
20250528,한양대,잠실새내,7,4
20250528,한양대,잠실새내,8,1
20250528,한양대,잠실새내,9,2
20250528,한양대,잠실새내,10,1
20250528,한양대,잠실새내,11,6
20250528,한양대,잠실새내,12,5
20250528,한양대,잠실새내,13,3
20250528,한양대,잠실새내,14,16
20250528,한양대,잠실새내,15,14
20250528,한양대,잠실새내,16,16
20250528,한양대,잠실새내,17,27
20250528,한양대,잠실새내,18,17
20250528,한양대,잠실새내,19,5
20250528,한양대,잠실새내,20,6
20250528,한양대,잠실새내,21,9
20250528,한양대,잠실새내,22,11
20250528,한양대,잠실새내,23,5
20250528,한양대,종합운동장,7,1
20250528,한양대,종합운동장,10,1
20250528,한양대,종합운동장,12,1
20250528,한양대,종합운동장,13,1
20250528,한양대,종합운동장,14,2
20250528,한양대,종합운동장,15,8
20250528,한양대,종합운동장,16,17
20250528,한양대,종합운동장,17,53
20250528,한양대,종합운동장,18,9
20250528,한양대,종합운동장,19,5
20250528,한양대,종합운동장,21,1
20250528,한양대,종합운동장,22,2
20250528,한양대,종합운동장,23,1
20250528,한양대,충정로(경기대입구),6,1
20250528,한양대,충정로(경기대입구),7,3
20250528,한양대,충정로(경기대입구),9,1
20250528,한양대,충정로(경기대입구),10,1
20250528,한양대,충정로(경기대입구),11,4
20250528,한양대,충정로(경기대입구),12,4
20250528,한양대,충정로(경기대입구),13,5
20250528,한양대,충정로(경기대입구),14,4
20250528,한양대,충정로(경기대입구),15,3
20250528,한양대,충정로(경기대입구),16,3
20250528,한양대,충정로(경기대입구),17,7
20250528,한양대,충정로(경기대입구),18,14
20250528,한양대,충정로(경기대입구),19,1
20250528,한양대,충정로(경기대입구),20,2
20250528,한양대,충정로(경기대입구),21,6
20250528,한양대,충정로(경기대입구),22,5
20250528,한양대,한양대,7,1
20250528,한양대,한양대,9,2
20250528,한양대,한양대,10,5
20250528,한양대,한양대,11,9
20250528,한양대,한양대,12,3
20250528,한양대,한양대,13,10
20250528,한양대,한양대,14,13
20250528,한양대,한양대,15,11
20250528,한양대,한양대,16,21
20250528,한양대,한양대,17,16
20250528,한양대,한양대,18,16
20250528,한양대,한양대,19,4
20250528,한양대,한양대,20,5
20250528,한양대,한양대,21,6
20250528,한양대,한양대,22,3
20250528,한양대,한양대,23,7
20250528,한양대,합정,0,1
20250528,한양대,합정,5,1
20250528,한양대,합정,7,4
20250528,한양대,합정,8,4
20250528,한양대,합정,9,2
20250528,한양대,합정,10,4
20250528,한양대,합정,11,4
20250528,한양대,합정,12,6
20250528,한양대,합정,13,11
20250528,한양대,합정,14,7
20250528,한양대,합정,15,10
20250528,한양대,합정,16,13
20250528,한양대,합정,17,26
20250528,한양대,합정,18,16
20250528,한양대,합정,19,3
20250528,한양대,합정,20,11
20250528,한양대,합정,21,6
20250528,한양대,합정,22,1
20250528,한양대,합정,23,4
20250528,한양대,홍대입구,0,5
20250528,한양대,홍대입구,5,2
20250528,한양대,홍대입구,6,3
20250528,한양대,홍대입구,7,9
20250528,한양대,홍대입구,8,9
20250528,한양대,홍대입구,9,8
20250528,한양대,홍대입구,10,19
20250528,한양대,홍대입구,11,20
20250528,한양대,홍대입구,12,16
20250528,한양대,홍대입구,13,30
20250528,한양대,홍대입구,14,36
20250528,한양대,홍대입구,15,41
20250528,한양대,홍대입구,16,57
20250528,한양대,홍대입구,17,70
20250528,한양대,홍대입구,18,33
20250528,한양대,홍대입구,19,23
20250528,한양대,홍대입구,20,20
20250528,한양대,홍대입구,21,15
20250528,한양대,홍대입구,22,6
20250528,한양대,홍대입구,23,4
20250528,합정,강남,0,1
20250528,합정,강남,5,13
20250528,합정,강남,6,20
20250528,합정,강남,7,66
20250528,합정,강남,8,38
20250528,합정,강남,9,30
20250528,합정,강남,10,19
20250528,합정,강남,11,17
20250528,합정,강남,12,16
20250528,합정,강남,13,23
20250528,합정,강남,14,13
20250528,합정,강남,15,16
20250528,합정,강남,16,20
20250528,합정,강남,17,19
20250528,합정,강남,18,30
20250528,합정,강남,19,15
20250528,합정,강남,20,14
20250528,합정,강남,21,13
20250528,합정,강남,22,13
20250528,합정,강남,23,4
20250528,합정,강변(동서울터미널),5,3
20250528,합정,강변(동서울터미널),6,5
20250528,합정,강변(동서울터미널),7,5
20250528,합정,강변(동서울터미널),8,5
20250528,합정,강변(동서울터미널),9,6
20250528,합정,강변(동서울터미널),10,5
20250528,합정,강변(동서울터미널),11,5
20250528,합정,강변(동서울터미널),12,1
20250528,합정,강변(동서울터미널),13,6
20250528,합정,강변(동서울터미널),14,4
20250528,합정,강변(동서울터미널),15,5
20250528,합정,강변(동서울터미널),16,9
20250528,합정,강변(동서울터미널),17,7
20250528,합정,강변(동서울터미널),18,16
20250528,합정,강변(동서울터미널),19,10
20250528,합정,강변(동서울터미널),20,7
20250528,합정,강변(동서울터미널),21,7
20250528,합정,강변(동서울터미널),22,12
20250528,합정,강변(동서울터미널),23,2
20250528,합정,건대입구,0,1
20250528,합정,건대입구,5,6
20250528,합정,건대입구,6,3
20250528,합정,건대입구,7,6
20250528,합정,건대입구,8,10
20250528,합정,건대입구,9,11
20250528,합정,건대입구,10,3
20250528,합정,건대입구,11,6
20250528,합정,건대입구,12,9
20250528,합정,건대입구,13,9
20250528,합정,건대입구,14,8
20250528,합정,건대입구,15,11
20250528,합정,건대입구,16,12
20250528,합정,건대입구,17,18
20250528,합정,건대입구,18,33
20250528,합정,건대입구,19,29
20250528,합정,건대입구,20,22
20250528,합정,건대입구,21,28
20250528,합정,건대입구,22,27
20250528,합정,건대입구,23,11
20250528,합정,교대(법원.검찰청),5,3
20250528,합정,교대(법원.검찰청),6,4
20250528,합정,교대(법원.검찰청),7,12
20250528,합정,교대(법원.검찰청),8,14
20250528,합정,교대(법원.검찰청),9,11
20250528,합정,교대(법원.검찰청),10,4
20250528,합정,교대(법원.검찰청),11,10
20250528,합정,교대(법원.검찰청),12,6
20250528,합정,교대(법원.검찰청),13,8
20250528,합정,교대(법원.검찰청),14,12
20250528,합정,교대(법원.검찰청),15,8
20250528,합정,교대(법원.검찰청),16,12
20250528,합정,교대(법원.검찰청),17,14
20250528,합정,교대(법원.검찰청),18,10
20250528,합정,교대(법원.검찰청),19,4
20250528,합정,교대(법원.검찰청),20,6
20250528,합정,교대(법원.검찰청),21,4
20250528,합정,교대(법원.검찰청),22,1
20250528,합정,교대(법원.검찰청),23,6
20250528,합정,구로디지털단지,0,11
20250528,합정,구로디지털단지,5,11
20250528,합정,구로디지털단지,6,27
20250528,합정,구로디지털단지,7,71
20250528,합정,구로디지털단지,8,105
20250528,합정,구로디지털단지,9,53
20250528,합정,구로디지털단지,10,21
20250528,합정,구로디지털단지,11,20
20250528,합정,구로디지털단지,12,34
20250528,합정,구로디지털단지,13,22
20250528,합정,구로디지털단지,14,32
20250528,합정,구로디지털단지,15,48
20250528,합정,구로디지털단지,16,51
20250528,합정,구로디지털단지,17,81
20250528,합정,구로디지털단지,18,205
20250528,합정,구로디지털단지,19,112
20250528,합정,구로디지털단지,20,88
20250528,합정,구로디지털단지,21,118
20250528,합정,구로디지털단지,22,116
20250528,합정,구로디지털단지,23,64
20250528,합정,구의(광진구청),5,4
20250528,합정,구의(광진구청),6,4
20250528,합정,구의(광진구청),7,7
20250528,합정,구의(광진구청),8,3
20250528,합정,구의(광진구청),9,3
20250528,합정,구의(광진구청),10,1
20250528,합정,구의(광진구청),12,4
20250528,합정,구의(광진구청),13,4
20250528,합정,구의(광진구청),14,5
20250528,합정,구의(광진구청),15,7
20250528,합정,구의(광진구청),16,6
20250528,합정,구의(광진구청),17,9
20250528,합정,구의(광진구청),18,22
20250528,합정,구의(광진구청),19,15
20250528,합정,구의(광진구청),20,15
20250528,합정,구의(광진구청),21,19
20250528,합정,구의(광진구청),22,13
20250528,합정,구의(광진구청),23,6
20250528,합정,낙성대,0,3
20250528,합정,낙성대,5,1
20250528,합정,낙성대,6,3
20250528,합정,낙성대,7,7
20250528,합정,낙성대,8,6
20250528,합정,낙성대,9,9
20250528,합정,낙성대,10,7
20250528,합정,낙성대,11,4
20250528,합정,낙성대,12,3
20250528,합정,낙성대,13,3
20250528,합정,낙성대,14,4
20250528,합정,낙성대,15,12
20250528,합정,낙성대,16,11
20250528,합정,낙성대,17,14
20250528,합정,낙성대,18,45
20250528,합정,낙성대,19,31
20250528,합정,낙성대,20,25
20250528,합정,낙성대,21,34
20250528,합정,낙성대,22,43
20250528,합정,낙성대,23,16
20250528,합정,당산,0,16
20250528,합정,당산,5,8
20250528,합정,당산,6,7
20250528,합정,당산,7,17
20250528,합정,당산,8,41
20250528,합정,당산,9,22
20250528,합정,당산,10,18
20250528,합정,당산,11,19
20250528,합정,당산,12,25
20250528,합정,당산,13,25
20250528,합정,당산,14,22
20250528,합정,당산,15,23
20250528,합정,당산,16,28
20250528,합정,당산,17,45
20250528,합정,당산,18,86
20250528,합정,당산,19,61
20250528,합정,당산,20,49
20250528,합정,당산,21,38
20250528,합정,당산,22,40
20250528,합정,당산,23,22
20250528,합정,대림(구로구청),0,4
20250528,합정,대림(구로구청),5,6
20250528,합정,대림(구로구청),6,5
20250528,합정,대림(구로구청),7,25
20250528,합정,대림(구로구청),8,26
20250528,합정,대림(구로구청),9,13
20250528,합정,대림(구로구청),10,9
20250528,합정,대림(구로구청),11,8
20250528,합정,대림(구로구청),12,9
20250528,합정,대림(구로구청),13,11
20250528,합정,대림(구로구청),14,10
20250528,합정,대림(구로구청),15,18
20250528,합정,대림(구로구청),16,20
20250528,합정,대림(구로구청),17,29
20250528,합정,대림(구로구청),18,53
20250528,합정,대림(구로구청),19,34
20250528,합정,대림(구로구청),20,42
20250528,합정,대림(구로구청),21,46
20250528,합정,대림(구로구청),22,40
20250528,합정,대림(구로구청),23,11
20250528,합정,동대문역사문화공원,0,1
20250528,합정,동대문역사문화공원,5,2
20250528,합정,동대문역사문화공원,6,3
20250528,합정,동대문역사문화공원,7,17
20250528,합정,동대문역사문화공원,8,26
20250528,합정,동대문역사문화공원,9,15
20250528,합정,동대문역사문화공원,10,10
20250528,합정,동대문역사문화공원,11,7
20250528,합정,동대문역사문화공원,12,18
20250528,합정,동대문역사문화공원,13,10
20250528,합정,동대문역사문화공원,14,24
20250528,합정,동대문역사문화공원,15,10
20250528,합정,동대문역사문화공원,16,10
20250528,합정,동대문역사문화공원,17,9
20250528,합정,동대문역사문화공원,18,12
20250528,합정,동대문역사문화공원,19,23
20250528,합정,동대문역사문화공원,20,15
20250528,합정,동대문역사문화공원,21,16
20250528,합정,동대문역사문화공원,22,12
20250528,합정,동대문역사문화공원,23,4
20250528,합정,뚝섬,0,2
20250528,합정,뚝섬,5,4
20250528,합정,뚝섬,6,5
20250528,합정,뚝섬,7,30
20250528,합정,뚝섬,8,39
20250528,합정,뚝섬,9,35
20250528,합정,뚝섬,10,11
20250528,합정,뚝섬,11,8
20250528,합정,뚝섬,12,6
20250528,합정,뚝섬,13,5
20250528,합정,뚝섬,14,12
20250528,합정,뚝섬,15,11
20250528,합정,뚝섬,16,23
20250528,합정,뚝섬,17,14
20250528,합정,뚝섬,18,13
20250528,합정,뚝섬,19,8
20250528,합정,뚝섬,20,8
20250528,합정,뚝섬,21,5
20250528,합정,뚝섬,22,7
20250528,합정,뚝섬,23,3
20250528,합정,문래,0,3
20250528,합정,문래,5,3
20250528,합정,문래,6,11
20250528,합정,문래,7,34
20250528,합정,문래,8,86
20250528,합정,문래,9,31
20250528,합정,문래,10,9
20250528,합정,문래,11,20
20250528,합정,문래,12,16
20250528,합정,문래,13,21
20250528,합정,문래,14,21
20250528,합정,문래,15,21
20250528,합정,문래,16,33
20250528,합정,문래,17,65
20250528,합정,문래,18,84
20250528,합정,문래,19,44
20250528,합정,문래,20,25
20250528,합정,문래,21,23
20250528,합정,문래,22,27
20250528,합정,문래,23,14
20250528,합정,방배,5,4
20250528,합정,방배,6,2
20250528,합정,방배,7,15
20250528,합정,방배,8,14
20250528,합정,방배,9,12
20250528,합정,방배,10,9
20250528,합정,방배,11,13
20250528,합정,방배,12,10
20250528,합정,방배,13,7
20250528,합정,방배,14,5
20250528,합정,방배,15,7
20250528,합정,방배,16,6
20250528,합정,방배,17,9
20250528,합정,방배,18,13
20250528,합정,방배,19,6
20250528,합정,방배,20,8
20250528,합정,방배,21,5
20250528,합정,방배,22,6
20250528,합정,방배,23,7
20250528,합정,봉천,0,8
20250528,합정,봉천,5,1
20250528,합정,봉천,6,3
20250528,합정,봉천,7,11
20250528,합정,봉천,8,5
20250528,합정,봉천,9,6
20250528,합정,봉천,10,2
20250528,합정,봉천,11,2
20250528,합정,봉천,12,3
20250528,합정,봉천,13,8
20250528,합정,봉천,14,9
20250528,합정,봉천,15,7
20250528,합정,봉천,16,15
20250528,합정,봉천,17,28
20250528,합정,봉천,18,58
20250528,합정,봉천,19,41
20250528,합정,봉천,20,24
20250528,합정,봉천,21,31
20250528,합정,봉천,22,28
20250528,합정,봉천,23,13
20250528,합정,사당,5,4
20250528,합정,사당,6,8
20250528,합정,사당,7,4
20250528,합정,사당,8,6
20250528,합정,사당,9,6
20250528,합정,사당,10,5
20250528,합정,사당,11,4
20250528,합정,사당,12,5
20250528,합정,사당,13,6
20250528,합정,사당,14,9
20250528,합정,사당,15,13
20250528,합정,사당,16,18
20250528,합정,사당,17,29
20250528,합정,사당,18,59
20250528,합정,사당,19,24
20250528,합정,사당,20,17
20250528,합정,사당,21,25
20250528,합정,사당,22,36
20250528,합정,사당,23,23
20250528,합정,삼성(무역센터),0,1
20250528,합정,삼성(무역센터),5,4
20250528,합정,삼성(무역센터),6,18
20250528,합정,삼성(무역센터),7,48
20250528,합정,삼성(무역센터),8,35
20250528,합정,삼성(무역센터),9,15
20250528,합정,삼성(무역센터),10,10
20250528,합정,삼성(무역센터),11,15
20250528,합정,삼성(무역센터),12,22
20250528,합정,삼성(무역센터),13,21
20250528,합정,삼성(무역센터),14,10
20250528,합정,삼성(무역센터),15,10
20250528,합정,삼성(무역센터),16,6
20250528,합정,삼성(무역센터),17,8
20250528,합정,삼성(무역센터),18,13
20250528,합정,삼성(무역센터),19,1
20250528,합정,삼성(무역센터),20,4
20250528,합정,삼성(무역센터),21,3
20250528,합정,삼성(무역센터),22,1
20250528,합정,삼성(무역센터),23,1
20250528,합정,상왕십리,0,2
20250528,합정,상왕십리,5,2
20250528,합정,상왕십리,6,7
20250528,합정,상왕십리,7,5
20250528,합정,상왕십리,8,10
20250528,합정,상왕십리,9,5
20250528,합정,상왕십리,10,10
20250528,합정,상왕십리,11,2
20250528,합정,상왕십리,12,5
20250528,합정,상왕십리,13,3
20250528,합정,상왕십리,14,7
20250528,합정,상왕십리,15,6
20250528,합정,상왕십리,16,7
20250528,합정,상왕십리,17,12
20250528,합정,상왕십리,18,17
20250528,합정,상왕십리,19,22
20250528,합정,상왕십리,20,11
20250528,합정,상왕십리,21,19
20250528,합정,상왕십리,22,8
20250528,합정,상왕십리,23,11
20250528,합정,서울대입구(관악구청),0,11
20250528,합정,서울대입구(관악구청),5,3
20250528,합정,서울대입구(관악구청),6,13
20250528,합정,서울대입구(관악구청),7,14
20250528,합정,서울대입구(관악구청),8,19
20250528,합정,서울대입구(관악구청),9,15
20250528,합정,서울대입구(관악구청),10,9
20250528,합정,서울대입구(관악구청),11,15
20250528,합정,서울대입구(관악구청),12,17
20250528,합정,서울대입구(관악구청),13,18
20250528,합정,서울대입구(관악구청),14,24
20250528,합정,서울대입구(관악구청),15,21
20250528,합정,서울대입구(관악구청),16,25
20250528,합정,서울대입구(관악구청),17,53
20250528,합정,서울대입구(관악구청),18,62
20250528,합정,서울대입구(관악구청),19,44
20250528,합정,서울대입구(관악구청),20,43
20250528,합정,서울대입구(관악구청),21,63
20250528,합정,서울대입구(관악구청),22,51
20250528,합정,서울대입구(관악구청),23,31
20250528,합정,서초,5,3
20250528,합정,서초,6,10
20250528,합정,서초,7,17
20250528,합정,서초,8,15
20250528,합정,서초,9,7
20250528,합정,서초,10,2
20250528,합정,서초,11,3
20250528,합정,서초,12,5
20250528,합정,서초,13,4
20250528,합정,서초,14,3
20250528,합정,서초,15,1
20250528,합정,서초,16,5
20250528,합정,서초,17,7
20250528,합정,서초,18,8
20250528,합정,서초,19,3
20250528,합정,서초,20,3
20250528,합정,서초,21,1
20250528,합정,서초,22,6
20250528,합정,서초,23,6
20250528,합정,선릉,0,3
20250528,합정,선릉,5,2
20250528,합정,선릉,6,11
20250528,합정,선릉,7,51
20250528,합정,선릉,8,27
20250528,합정,선릉,9,24
20250528,합정,선릉,10,8
20250528,합정,선릉,11,11
20250528,합정,선릉,12,8
20250528,합정,선릉,13,7
20250528,합정,선릉,14,4
20250528,합정,선릉,15,1
20250528,합정,선릉,16,8
20250528,합정,선릉,17,13
20250528,합정,선릉,18,9
20250528,합정,선릉,19,3
20250528,합정,선릉,20,6
20250528,합정,선릉,21,6
20250528,합정,선릉,22,6
20250528,합정,선릉,23,8
20250528,합정,성수,0,1
20250528,합정,성수,5,11
20250528,합정,성수,6,10
20250528,합정,성수,7,32
20250528,합정,성수,8,41
20250528,합정,성수,9,33
20250528,합정,성수,10,26
20250528,합정,성수,11,15
20250528,합정,성수,12,24
20250528,합정,성수,13,14
20250528,합정,성수,14,31
20250528,합정,성수,15,24
20250528,합정,성수,16,26
20250528,합정,성수,17,20
20250528,합정,성수,18,20
20250528,합정,성수,19,10
20250528,합정,성수,20,6
20250528,합정,성수,21,7
20250528,합정,성수,22,5
20250528,합정,성수,23,2
20250528,합정,시청,0,3
20250528,합정,시청,5,5
20250528,합정,시청,6,17
20250528,합정,시청,7,68
20250528,합정,시청,8,113
20250528,합정,시청,9,57
20250528,합정,시청,10,27
20250528,합정,시청,11,23
20250528,합정,시청,12,27
20250528,합정,시청,13,22
20250528,합정,시청,14,25
20250528,합정,시청,15,15
20250528,합정,시청,16,19
20250528,합정,시청,17,11
20250528,합정,시청,18,22
20250528,합정,시청,19,9
20250528,합정,시청,20,14
20250528,합정,시청,21,7
20250528,합정,시청,22,6
20250528,합정,시청,23,2
20250528,합정,신당,0,2
20250528,합정,신당,5,2
20250528,합정,신당,6,2
20250528,합정,신당,7,3
20250528,합정,신당,8,6
20250528,합정,신당,9,4
20250528,합정,신당,10,4
20250528,합정,신당,11,3
20250528,합정,신당,12,9
20250528,합정,신당,13,3
20250528,합정,신당,14,7
20250528,합정,신당,15,9
20250528,합정,신당,16,7
20250528,합정,신당,17,15
20250528,합정,신당,18,28
20250528,합정,신당,19,14
20250528,합정,신당,20,17
20250528,합정,신당,21,15
20250528,합정,신당,22,11
20250528,합정,신당,23,5
20250528,합정,신대방,0,6
20250528,합정,신대방,6,5
20250528,합정,신대방,7,8
20250528,합정,신대방,8,11
20250528,합정,신대방,9,3
20250528,합정,신대방,10,9
20250528,합정,신대방,11,6
20250528,합정,신대방,12,17
20250528,합정,신대방,13,12
20250528,합정,신대방,14,15
20250528,합정,신대방,15,20
20250528,합정,신대방,16,14
20250528,합정,신대방,17,42
20250528,합정,신대방,18,82
20250528,합정,신대방,19,67
20250528,합정,신대방,20,40
20250528,합정,신대방,21,49
20250528,합정,신대방,22,51
20250528,합정,신대방,23,23
20250528,합정,신도림,0,36
20250528,합정,신도림,4,1
20250528,합정,신도림,5,5
20250528,합정,신도림,6,10
20250528,합정,신도림,7,21
20250528,합정,신도림,8,34
20250528,합정,신도림,9,18
20250528,합정,신도림,10,19
20250528,합정,신도림,11,17
20250528,합정,신도림,12,25
20250528,합정,신도림,13,31
20250528,합정,신도림,14,31
20250528,합정,신도림,15,53
20250528,합정,신도림,16,53
20250528,합정,신도림,17,109
20250528,합정,신도림,18,168
20250528,합정,신도림,19,102
20250528,합정,신도림,20,72
20250528,합정,신도림,21,86
20250528,합정,신도림,22,96
20250528,합정,신도림,23,53
20250528,합정,신림,0,21
20250528,합정,신림,4,1
20250528,합정,신림,5,6
20250528,합정,신림,6,13
20250528,합정,신림,7,27
20250528,합정,신림,8,15
20250528,합정,신림,9,13
20250528,합정,신림,10,17
20250528,합정,신림,11,13
20250528,합정,신림,12,10
20250528,합정,신림,13,11
20250528,합정,신림,14,17
20250528,합정,신림,15,26
20250528,합정,신림,16,44
20250528,합정,신림,17,80
20250528,합정,신림,18,161
20250528,합정,신림,19,95
20250528,합정,신림,20,88
20250528,합정,신림,21,96
20250528,합정,신림,22,114
20250528,합정,신림,23,53
20250528,합정,신촌,0,3
20250528,합정,신촌,5,7
20250528,합정,신촌,6,9
20250528,합정,신촌,7,19
20250528,합정,신촌,8,61
20250528,합정,신촌,9,56
20250528,합정,신촌,10,49
20250528,합정,신촌,11,51
20250528,합정,신촌,12,49
20250528,합정,신촌,13,57
20250528,합정,신촌,14,51
20250528,합정,신촌,15,60
20250528,합정,신촌,16,50
20250528,합정,신촌,17,51
20250528,합정,신촌,18,106
20250528,합정,신촌,19,67
20250528,합정,신촌,20,37
20250528,합정,신촌,21,40
20250528,합정,신촌,22,53
20250528,합정,신촌,23,20
20250528,합정,아현,0,4
20250528,합정,아현,5,2
20250528,합정,아현,6,5
20250528,합정,아현,7,17
20250528,합정,아현,8,22
20250528,합정,아현,9,21
20250528,합정,아현,10,8
20250528,합정,아현,11,12
20250528,합정,아현,12,7
20250528,합정,아현,13,20
20250528,합정,아현,14,14
20250528,합정,아현,15,8
20250528,합정,아현,16,22
20250528,합정,아현,17,17
20250528,합정,아현,18,34
20250528,합정,아현,19,26
20250528,합정,아현,20,17
20250528,합정,아현,21,17
20250528,합정,아현,22,14
20250528,합정,아현,23,14
20250528,합정,역삼,5,4
20250528,합정,역삼,6,14
20250528,합정,역삼,7,64
20250528,합정,역삼,8,45
20250528,합정,역삼,9,32
20250528,합정,역삼,10,14
20250528,합정,역삼,11,7
20250528,합정,역삼,12,8
20250528,합정,역삼,13,9
20250528,합정,역삼,14,3
20250528,합정,역삼,15,6
20250528,합정,역삼,16,15
20250528,합정,역삼,17,9
20250528,합정,역삼,18,11
20250528,합정,역삼,19,7
20250528,합정,역삼,20,1
20250528,합정,역삼,21,6
20250528,합정,역삼,22,4
20250528,합정,역삼,23,4
20250528,합정,영등포구청,0,7
20250528,합정,영등포구청,5,4
20250528,합정,영등포구청,6,7
20250528,합정,영등포구청,7,31
20250528,합정,영등포구청,8,65
20250528,합정,영등포구청,9,23
20250528,합정,영등포구청,10,15
20250528,합정,영등포구청,11,18
20250528,합정,영등포구청,12,12
20250528,합정,영등포구청,13,14
20250528,합정,영등포구청,14,15
20250528,합정,영등포구청,15,36
20250528,합정,영등포구청,16,24
20250528,합정,영등포구청,17,29
20250528,합정,영등포구청,18,66
20250528,합정,영등포구청,19,51
20250528,합정,영등포구청,20,31
20250528,합정,영등포구청,21,33
20250528,합정,영등포구청,22,27
20250528,합정,영등포구청,23,22
20250528,합정,왕십리(성동구청),0,5
20250528,합정,왕십리(성동구청),6,5
20250528,합정,왕십리(성동구청),7,9
20250528,합정,왕십리(성동구청),8,4
20250528,합정,왕십리(성동구청),9,2
20250528,합정,왕십리(성동구청),10,1
20250528,합정,왕십리(성동구청),11,2
20250528,합정,왕십리(성동구청),12,7
20250528,합정,왕십리(성동구청),13,3
20250528,합정,왕십리(성동구청),14,3
20250528,합정,왕십리(성동구청),15,4
20250528,합정,왕십리(성동구청),16,11
20250528,합정,왕십리(성동구청),17,17
20250528,합정,왕십리(성동구청),18,30
20250528,합정,왕십리(성동구청),19,17
20250528,합정,왕십리(성동구청),20,5
20250528,합정,왕십리(성동구청),21,9
20250528,합정,왕십리(성동구청),22,8
20250528,합정,왕십리(성동구청),23,11
20250528,합정,용두(동대문구청),12,4
20250528,합정,용두(동대문구청),15,1
20250528,합정,용두(동대문구청),18,1
20250528,합정,을지로3가,0,7
20250528,합정,을지로3가,5,3
20250528,합정,을지로3가,6,14
20250528,합정,을지로3가,7,39
20250528,합정,을지로3가,8,73
20250528,합정,을지로3가,9,27
20250528,합정,을지로3가,10,16
20250528,합정,을지로3가,11,21
20250528,합정,을지로3가,12,16
20250528,합정,을지로3가,13,16
20250528,합정,을지로3가,14,17
20250528,합정,을지로3가,15,9
20250528,합정,을지로3가,16,19
20250528,합정,을지로3가,17,16
20250528,합정,을지로3가,18,28
20250528,합정,을지로3가,19,24
20250528,합정,을지로3가,20,16
20250528,합정,을지로3가,21,10
20250528,합정,을지로3가,22,13
20250528,합정,을지로3가,23,9
20250528,합정,을지로4가,0,2
20250528,합정,을지로4가,5,5
20250528,합정,을지로4가,6,11
20250528,합정,을지로4가,7,25
20250528,합정,을지로4가,8,37
20250528,합정,을지로4가,9,19
20250528,합정,을지로4가,10,19
20250528,합정,을지로4가,11,14
20250528,합정,을지로4가,12,8
20250528,합정,을지로4가,13,18
20250528,합정,을지로4가,14,8
20250528,합정,을지로4가,15,19
20250528,합정,을지로4가,16,17
20250528,합정,을지로4가,17,16
20250528,합정,을지로4가,18,18
20250528,합정,을지로4가,19,13
20250528,합정,을지로4가,20,5
20250528,합정,을지로4가,21,13
20250528,합정,을지로4가,22,1
20250528,합정,을지로4가,23,5
20250528,합정,을지로입구,0,7
20250528,합정,을지로입구,5,10
20250528,합정,을지로입구,6,40
20250528,합정,을지로입구,7,156
20250528,합정,을지로입구,8,200
20250528,합정,을지로입구,9,79
20250528,합정,을지로입구,10,46
20250528,합정,을지로입구,11,35
20250528,합정,을지로입구,12,57
20250528,합정,을지로입구,13,42
20250528,합정,을지로입구,14,41
20250528,합정,을지로입구,15,38
20250528,합정,을지로입구,16,58
20250528,합정,을지로입구,17,65
20250528,합정,을지로입구,18,62
20250528,합정,을지로입구,19,65
20250528,합정,을지로입구,20,61
20250528,합정,을지로입구,21,39
20250528,합정,을지로입구,22,45
20250528,합정,을지로입구,23,16
20250528,합정,이대,0,4
20250528,합정,이대,5,1
20250528,합정,이대,6,4
20250528,합정,이대,7,8
20250528,합정,이대,8,23
20250528,합정,이대,9,34
20250528,합정,이대,10,27
20250528,합정,이대,11,11
20250528,합정,이대,12,17
20250528,합정,이대,13,18
20250528,합정,이대,14,10
20250528,합정,이대,15,20
20250528,합정,이대,16,28
20250528,합정,이대,17,31
20250528,합정,이대,18,42
20250528,합정,이대,19,28
20250528,합정,이대,20,23
20250528,합정,이대,21,32
20250528,합정,이대,22,24
20250528,합정,이대,23,22
20250528,합정,잠실(송파구청),0,2
20250528,합정,잠실(송파구청),5,1
20250528,합정,잠실(송파구청),6,11
20250528,합정,잠실(송파구청),7,27
20250528,합정,잠실(송파구청),8,34
20250528,합정,잠실(송파구청),9,19
20250528,합정,잠실(송파구청),10,12
20250528,합정,잠실(송파구청),11,13
20250528,합정,잠실(송파구청),12,2
20250528,합정,잠실(송파구청),13,10
20250528,합정,잠실(송파구청),14,12
20250528,합정,잠실(송파구청),15,16
20250528,합정,잠실(송파구청),16,15
20250528,합정,잠실(송파구청),17,14
20250528,합정,잠실(송파구청),18,35
20250528,합정,잠실(송파구청),19,23
20250528,합정,잠실(송파구청),20,19
20250528,합정,잠실(송파구청),21,16
20250528,합정,잠실(송파구청),22,14
20250528,합정,잠실(송파구청),23,10
20250528,합정,잠실나루,0,1
20250528,합정,잠실나루,5,2
20250528,합정,잠실나루,6,2
20250528,합정,잠실나루,7,7
20250528,합정,잠실나루,8,2
20250528,합정,잠실나루,9,8
20250528,합정,잠실나루,10,1
20250528,합정,잠실나루,11,1
20250528,합정,잠실나루,12,1
20250528,합정,잠실나루,13,1
20250528,합정,잠실나루,14,2
20250528,합정,잠실나루,16,5
20250528,합정,잠실나루,17,4
20250528,합정,잠실나루,18,6
20250528,합정,잠실나루,19,2
20250528,합정,잠실나루,20,6
20250528,합정,잠실나루,21,5
20250528,합정,잠실나루,22,3
20250528,합정,잠실나루,23,1
20250528,합정,잠실새내,6,4
20250528,합정,잠실새내,7,4
20250528,합정,잠실새내,8,5
20250528,합정,잠실새내,9,3
20250528,합정,잠실새내,11,2
20250528,합정,잠실새내,12,3
20250528,합정,잠실새내,13,2
20250528,합정,잠실새내,14,1
20250528,합정,잠실새내,15,2
20250528,합정,잠실새내,16,5
20250528,합정,잠실새내,17,7
20250528,합정,잠실새내,18,10
20250528,합정,잠실새내,19,7
20250528,합정,잠실새내,20,5
20250528,합정,잠실새내,21,4
20250528,합정,잠실새내,22,17
20250528,합정,잠실새내,23,6
20250528,합정,종합운동장,7,5
20250528,합정,종합운동장,8,1
20250528,합정,종합운동장,9,1
20250528,합정,종합운동장,11,1
20250528,합정,종합운동장,12,2
20250528,합정,종합운동장,15,5
20250528,합정,종합운동장,16,15
20250528,합정,종합운동장,17,24
20250528,합정,종합운동장,18,13
20250528,합정,종합운동장,19,4
20250528,합정,종합운동장,20,3
20250528,합정,종합운동장,21,1
20250528,합정,종합운동장,23,1
20250528,합정,충정로(경기대입구),0,2
20250528,합정,충정로(경기대입구),5,1
20250528,합정,충정로(경기대입구),6,2
20250528,합정,충정로(경기대입구),7,17
20250528,합정,충정로(경기대입구),8,33
20250528,합정,충정로(경기대입구),9,10
20250528,합정,충정로(경기대입구),10,9
20250528,합정,충정로(경기대입구),11,3
20250528,합정,충정로(경기대입구),12,7
20250528,합정,충정로(경기대입구),13,8
20250528,합정,충정로(경기대입구),14,11
20250528,합정,충정로(경기대입구),15,9
20250528,합정,충정로(경기대입구),16,5
20250528,합정,충정로(경기대입구),17,8
20250528,합정,충정로(경기대입구),18,17
20250528,합정,충정로(경기대입구),19,6
20250528,합정,충정로(경기대입구),20,9
20250528,합정,충정로(경기대입구),21,14
20250528,합정,충정로(경기대입구),22,8
20250528,합정,충정로(경기대입구),23,5
20250528,합정,한양대,6,6
20250528,합정,한양대,7,9
20250528,합정,한양대,8,15
20250528,합정,한양대,9,11
20250528,합정,한양대,10,14
20250528,합정,한양대,11,4
20250528,합정,한양대,12,11
20250528,합정,한양대,13,5
20250528,합정,한양대,14,4
20250528,합정,한양대,15,3
20250528,합정,한양대,16,6
20250528,합정,한양대,17,9
20250528,합정,한양대,18,8
20250528,합정,한양대,19,3
20250528,합정,한양대,20,3
20250528,합정,한양대,21,1
20250528,합정,한양대,22,5
20250528,합정,한양대,23,2
20250528,합정,합정,0,7
20250528,합정,합정,4,3
20250528,합정,합정,5,5
20250528,합정,합정,6,4
20250528,합정,합정,7,6
20250528,합정,합정,8,4
20250528,합정,합정,9,8
20250528,합정,합정,10,27
20250528,합정,합정,11,27
20250528,합정,합정,12,14
20250528,합정,합정,13,23
20250528,합정,합정,14,33
20250528,합정,합정,15,34
20250528,합정,합정,16,31
20250528,합정,합정,17,37
20250528,합정,합정,18,44
20250528,합정,합정,19,42
20250528,합정,합정,20,50
20250528,합정,합정,21,44
20250528,합정,합정,22,43
20250528,합정,합정,23,34
20250528,합정,홍대입구,0,16
20250528,합정,홍대입구,5,2
20250528,합정,홍대입구,6,9
20250528,합정,홍대입구,7,10
20250528,합정,홍대입구,8,27
20250528,합정,홍대입구,9,52
20250528,합정,홍대입구,10,60
20250528,합정,홍대입구,11,67
20250528,합정,홍대입구,12,89
20250528,합정,홍대입구,13,71
20250528,합정,홍대입구,14,78
20250528,합정,홍대입구,15,108
20250528,합정,홍대입구,16,84
20250528,합정,홍대입구,17,93
20250528,합정,홍대입구,18,122
20250528,합정,홍대입구,19,100
20250528,합정,홍대입구,20,74
20250528,합정,홍대입구,21,72
20250528,합정,홍대입구,22,58
20250528,합정,홍대입구,23,12
20250528,홍대입구,강남,0,1
20250528,홍대입구,강남,5,8
20250528,홍대입구,강남,6,29
20250528,홍대입구,강남,7,87
20250528,홍대입구,강남,8,95
20250528,홍대입구,강남,9,70
20250528,홍대입구,강남,10,51
20250528,홍대입구,강남,11,50
20250528,홍대입구,강남,12,45
20250528,홍대입구,강남,13,44
20250528,홍대입구,강남,14,63
20250528,홍대입구,강남,15,50
20250528,홍대입구,강남,16,69
20250528,홍대입구,강남,17,75
20250528,홍대입구,강남,18,58
20250528,홍대입구,강남,19,38
20250528,홍대입구,강남,20,19
20250528,홍대입구,강남,21,33
20250528,홍대입구,강남,22,25
20250528,홍대입구,강남,23,9
20250528,홍대입구,강변(동서울터미널),0,2
20250528,홍대입구,강변(동서울터미널),5,10
20250528,홍대입구,강변(동서울터미널),6,9
20250528,홍대입구,강변(동서울터미널),7,9
20250528,홍대입구,강변(동서울터미널),8,12
20250528,홍대입구,강변(동서울터미널),9,6
20250528,홍대입구,강변(동서울터미널),10,5
20250528,홍대입구,강변(동서울터미널),11,5
20250528,홍대입구,강변(동서울터미널),12,13
20250528,홍대입구,강변(동서울터미널),13,10
20250528,홍대입구,강변(동서울터미널),14,16
20250528,홍대입구,강변(동서울터미널),15,19
20250528,홍대입구,강변(동서울터미널),16,27
20250528,홍대입구,강변(동서울터미널),17,36
20250528,홍대입구,강변(동서울터미널),18,38
20250528,홍대입구,강변(동서울터미널),19,16
20250528,홍대입구,강변(동서울터미널),20,21
20250528,홍대입구,강변(동서울터미널),21,21
20250528,홍대입구,강변(동서울터미널),22,28
20250528,홍대입구,강변(동서울터미널),23,14
20250528,홍대입구,건대입구,0,5
20250528,홍대입구,건대입구,5,14
20250528,홍대입구,건대입구,6,9
20250528,홍대입구,건대입구,7,19
20250528,홍대입구,건대입구,8,29
20250528,홍대입구,건대입구,9,21
20250528,홍대입구,건대입구,10,19
20250528,홍대입구,건대입구,11,24
20250528,홍대입구,건대입구,12,25
20250528,홍대입구,건대입구,13,25
20250528,홍대입구,건대입구,14,25
20250528,홍대입구,건대입구,15,34
20250528,홍대입구,건대입구,16,39
20250528,홍대입구,건대입구,17,53
20250528,홍대입구,건대입구,18,86
20250528,홍대입구,건대입구,19,65
20250528,홍대입구,건대입구,20,47
20250528,홍대입구,건대입구,21,70
20250528,홍대입구,건대입구,22,72
20250528,홍대입구,건대입구,23,33
20250528,홍대입구,교대(법원.검찰청),0,1
20250528,홍대입구,교대(법원.검찰청),5,6
20250528,홍대입구,교대(법원.검찰청),6,9
20250528,홍대입구,교대(법원.검찰청),7,18
20250528,홍대입구,교대(법원.검찰청),8,25
20250528,홍대입구,교대(법원.검찰청),9,5
20250528,홍대입구,교대(법원.검찰청),10,6
20250528,홍대입구,교대(법원.검찰청),11,10
20250528,홍대입구,교대(법원.검찰청),12,6
20250528,홍대입구,교대(법원.검찰청),13,11
20250528,홍대입구,교대(법원.검찰청),14,11
20250528,홍대입구,교대(법원.검찰청),15,13
20250528,홍대입구,교대(법원.검찰청),16,9
20250528,홍대입구,교대(법원.검찰청),17,16
20250528,홍대입구,교대(법원.검찰청),18,14
20250528,홍대입구,교대(법원.검찰청),19,8
20250528,홍대입구,교대(법원.검찰청),20,5
20250528,홍대입구,교대(법원.검찰청),21,11
20250528,홍대입구,교대(법원.검찰청),22,16
20250528,홍대입구,교대(법원.검찰청),23,11
20250528,홍대입구,구로디지털단지,0,27
20250528,홍대입구,구로디지털단지,4,1
20250528,홍대입구,구로디지털단지,5,14
20250528,홍대입구,구로디지털단지,6,28
20250528,홍대입구,구로디지털단지,7,132
20250528,홍대입구,구로디지털단지,8,146
20250528,홍대입구,구로디지털단지,9,74
20250528,홍대입구,구로디지털단지,10,33
20250528,홍대입구,구로디지털단지,11,29
20250528,홍대입구,구로디지털단지,12,42
20250528,홍대입구,구로디지털단지,13,41
20250528,홍대입구,구로디지털단지,14,48
20250528,홍대입구,구로디지털단지,15,81
20250528,홍대입구,구로디지털단지,16,133
20250528,홍대입구,구로디지털단지,17,166
20250528,홍대입구,구로디지털단지,18,214
20250528,홍대입구,구로디지털단지,19,151
20250528,홍대입구,구로디지털단지,20,154
20250528,홍대입구,구로디지털단지,21,187
20250528,홍대입구,구로디지털단지,22,172
20250528,홍대입구,구로디지털단지,23,101
20250528,홍대입구,구의(광진구청),0,8
20250528,홍대입구,구의(광진구청),5,3
20250528,홍대입구,구의(광진구청),6,3
20250528,홍대입구,구의(광진구청),7,8
20250528,홍대입구,구의(광진구청),8,11
20250528,홍대입구,구의(광진구청),9,3
20250528,홍대입구,구의(광진구청),10,5
20250528,홍대입구,구의(광진구청),11,7
20250528,홍대입구,구의(광진구청),12,7
20250528,홍대입구,구의(광진구청),13,16
20250528,홍대입구,구의(광진구청),14,9
20250528,홍대입구,구의(광진구청),15,13
20250528,홍대입구,구의(광진구청),16,22
20250528,홍대입구,구의(광진구청),17,37
20250528,홍대입구,구의(광진구청),18,47
20250528,홍대입구,구의(광진구청),19,26
20250528,홍대입구,구의(광진구청),20,35
20250528,홍대입구,구의(광진구청),21,32
20250528,홍대입구,구의(광진구청),22,35
20250528,홍대입구,구의(광진구청),23,13
20250528,홍대입구,낙성대,0,9
20250528,홍대입구,낙성대,5,4
20250528,홍대입구,낙성대,6,6
20250528,홍대입구,낙성대,7,18
20250528,홍대입구,낙성대,8,16
20250528,홍대입구,낙성대,9,8
20250528,홍대입구,낙성대,10,4
20250528,홍대입구,낙성대,11,6
20250528,홍대입구,낙성대,12,8
20250528,홍대입구,낙성대,13,12
20250528,홍대입구,낙성대,14,9
20250528,홍대입구,낙성대,15,20
20250528,홍대입구,낙성대,16,20
20250528,홍대입구,낙성대,17,40
20250528,홍대입구,낙성대,18,30
20250528,홍대입구,낙성대,19,36
20250528,홍대입구,낙성대,20,33
20250528,홍대입구,낙성대,21,38
20250528,홍대입구,낙성대,22,45
20250528,홍대입구,낙성대,23,23
20250528,홍대입구,당산,0,13
20250528,홍대입구,당산,5,8
20250528,홍대입구,당산,6,10
20250528,홍대입구,당산,7,11
20250528,홍대입구,당산,8,56
20250528,홍대입구,당산,9,21
20250528,홍대입구,당산,10,10
20250528,홍대입구,당산,11,10
20250528,홍대입구,당산,12,15
20250528,홍대입구,당산,13,22
20250528,홍대입구,당산,14,30
20250528,홍대입구,당산,15,46
20250528,홍대입구,당산,16,62
20250528,홍대입구,당산,17,54
20250528,홍대입구,당산,18,74
20250528,홍대입구,당산,19,82
20250528,홍대입구,당산,20,57
20250528,홍대입구,당산,21,81
20250528,홍대입구,당산,22,65
20250528,홍대입구,당산,23,30
20250528,홍대입구,대림(구로구청),0,4
20250528,홍대입구,대림(구로구청),4,1
20250528,홍대입구,대림(구로구청),5,6
20250528,홍대입구,대림(구로구청),6,3
20250528,홍대입구,대림(구로구청),7,32
20250528,홍대입구,대림(구로구청),8,37
20250528,홍대입구,대림(구로구청),9,12
20250528,홍대입구,대림(구로구청),10,7
20250528,홍대입구,대림(구로구청),11,16
20250528,홍대입구,대림(구로구청),12,17
20250528,홍대입구,대림(구로구청),13,23
20250528,홍대입구,대림(구로구청),14,17
20250528,홍대입구,대림(구로구청),15,21
20250528,홍대입구,대림(구로구청),16,29
20250528,홍대입구,대림(구로구청),17,50
20250528,홍대입구,대림(구로구청),18,52
20250528,홍대입구,대림(구로구청),19,44
20250528,홍대입구,대림(구로구청),20,49
20250528,홍대입구,대림(구로구청),21,65
20250528,홍대입구,대림(구로구청),22,70
20250528,홍대입구,대림(구로구청),23,38
20250528,홍대입구,동대문역사문화공원,0,9
20250528,홍대입구,동대문역사문화공원,5,5
20250528,홍대입구,동대문역사문화공원,6,15
20250528,홍대입구,동대문역사문화공원,7,22
20250528,홍대입구,동대문역사문화공원,8,33
20250528,홍대입구,동대문역사문화공원,9,49
20250528,홍대입구,동대문역사문화공원,10,29
20250528,홍대입구,동대문역사문화공원,11,40
20250528,홍대입구,동대문역사문화공원,12,25
20250528,홍대입구,동대문역사문화공원,13,22
20250528,홍대입구,동대문역사문화공원,14,42
20250528,홍대입구,동대문역사문화공원,15,47
20250528,홍대입구,동대문역사문화공원,16,48
20250528,홍대입구,동대문역사문화공원,17,62
20250528,홍대입구,동대문역사문화공원,18,65
20250528,홍대입구,동대문역사문화공원,19,90
20250528,홍대입구,동대문역사문화공원,20,66
20250528,홍대입구,동대문역사문화공원,21,94
20250528,홍대입구,동대문역사문화공원,22,95
20250528,홍대입구,동대문역사문화공원,23,30
20250528,홍대입구,뚝섬,0,2
20250528,홍대입구,뚝섬,5,2
20250528,홍대입구,뚝섬,6,13
20250528,홍대입구,뚝섬,7,44
20250528,홍대입구,뚝섬,8,81
20250528,홍대입구,뚝섬,9,26
20250528,홍대입구,뚝섬,10,44
20250528,홍대입구,뚝섬,11,28
20250528,홍대입구,뚝섬,12,45
20250528,홍대입구,뚝섬,13,46
20250528,홍대입구,뚝섬,14,25
20250528,홍대입구,뚝섬,15,32
20250528,홍대입구,뚝섬,16,38
20250528,홍대입구,뚝섬,17,31
20250528,홍대입구,뚝섬,18,33
20250528,홍대입구,뚝섬,19,17
20250528,홍대입구,뚝섬,20,9
20250528,홍대입구,뚝섬,21,15
20250528,홍대입구,뚝섬,22,29
20250528,홍대입구,뚝섬,23,15
20250528,홍대입구,문래,0,10
20250528,홍대입구,문래,5,10
20250528,홍대입구,문래,6,8
20250528,홍대입구,문래,7,48
20250528,홍대입구,문래,8,110
20250528,홍대입구,문래,9,32
20250528,홍대입구,문래,10,22
20250528,홍대입구,문래,11,12
20250528,홍대입구,문래,12,15
20250528,홍대입구,문래,13,21
20250528,홍대입구,문래,14,35
20250528,홍대입구,문래,15,34
20250528,홍대입구,문래,16,35
20250528,홍대입구,문래,17,68
20250528,홍대입구,문래,18,101
20250528,홍대입구,문래,19,53
20250528,홍대입구,문래,20,49
20250528,홍대입구,문래,21,39
20250528,홍대입구,문래,22,51
20250528,홍대입구,문래,23,20
20250528,홍대입구,방배,0,1
20250528,홍대입구,방배,4,1
20250528,홍대입구,방배,5,2
20250528,홍대입구,방배,6,4
20250528,홍대입구,방배,7,17
20250528,홍대입구,방배,8,22
20250528,홍대입구,방배,9,13
20250528,홍대입구,방배,10,11
20250528,홍대입구,방배,11,8
20250528,홍대입구,방배,12,15
20250528,홍대입구,방배,13,15
20250528,홍대입구,방배,14,17
20250528,홍대입구,방배,15,11
20250528,홍대입구,방배,16,16
20250528,홍대입구,방배,17,17
20250528,홍대입구,방배,18,14
20250528,홍대입구,방배,19,15
20250528,홍대입구,방배,20,14
20250528,홍대입구,방배,21,23
20250528,홍대입구,방배,22,18
20250528,홍대입구,방배,23,12
20250528,홍대입구,봉천,0,10
20250528,홍대입구,봉천,5,2
20250528,홍대입구,봉천,6,3
20250528,홍대입구,봉천,7,5
20250528,홍대입구,봉천,8,9
20250528,홍대입구,봉천,9,1
20250528,홍대입구,봉천,10,5
20250528,홍대입구,봉천,11,5
20250528,홍대입구,봉천,12,3
20250528,홍대입구,봉천,13,11
20250528,홍대입구,봉천,14,8
20250528,홍대입구,봉천,15,18
20250528,홍대입구,봉천,16,24
20250528,홍대입구,봉천,17,32
20250528,홍대입구,봉천,18,40
20250528,홍대입구,봉천,19,49
20250528,홍대입구,봉천,20,36
20250528,홍대입구,봉천,21,57
20250528,홍대입구,봉천,22,53
20250528,홍대입구,봉천,23,34
20250528,홍대입구,사당,0,7
20250528,홍대입구,사당,5,9
20250528,홍대입구,사당,6,8
20250528,홍대입구,사당,7,14
20250528,홍대입구,사당,8,14
20250528,홍대입구,사당,9,8
20250528,홍대입구,사당,10,9
20250528,홍대입구,사당,11,16
20250528,홍대입구,사당,12,15
20250528,홍대입구,사당,13,16
20250528,홍대입구,사당,14,12
20250528,홍대입구,사당,15,29
20250528,홍대입구,사당,16,55
20250528,홍대입구,사당,17,54
20250528,홍대입구,사당,18,69
20250528,홍대입구,사당,19,46
20250528,홍대입구,사당,20,43
20250528,홍대입구,사당,21,68
20250528,홍대입구,사당,22,79
20250528,홍대입구,사당,23,37
20250528,홍대입구,삼성(무역센터),0,2
20250528,홍대입구,삼성(무역센터),4,1
20250528,홍대입구,삼성(무역센터),5,10
20250528,홍대입구,삼성(무역센터),6,33
20250528,홍대입구,삼성(무역센터),7,72
20250528,홍대입구,삼성(무역센터),8,60
20250528,홍대입구,삼성(무역센터),9,47
20250528,홍대입구,삼성(무역센터),10,20
20250528,홍대입구,삼성(무역센터),11,29
20250528,홍대입구,삼성(무역센터),12,28
20250528,홍대입구,삼성(무역센터),13,20
20250528,홍대입구,삼성(무역센터),14,18
20250528,홍대입구,삼성(무역센터),15,12
20250528,홍대입구,삼성(무역센터),16,16
20250528,홍대입구,삼성(무역센터),17,28
20250528,홍대입구,삼성(무역센터),18,16
20250528,홍대입구,삼성(무역센터),19,10
20250528,홍대입구,삼성(무역센터),20,7
20250528,홍대입구,삼성(무역센터),21,4
20250528,홍대입구,삼성(무역센터),22,14
20250528,홍대입구,삼성(무역센터),23,6
20250528,홍대입구,상왕십리,0,5
20250528,홍대입구,상왕십리,5,7
20250528,홍대입구,상왕십리,6,5
20250528,홍대입구,상왕십리,7,13
20250528,홍대입구,상왕십리,8,11
20250528,홍대입구,상왕십리,9,11
20250528,홍대입구,상왕십리,10,17
20250528,홍대입구,상왕십리,11,11
20250528,홍대입구,상왕십리,12,5
20250528,홍대입구,상왕십리,13,21
20250528,홍대입구,상왕십리,14,14
20250528,홍대입구,상왕십리,15,18
20250528,홍대입구,상왕십리,16,20
20250528,홍대입구,상왕십리,17,30
20250528,홍대입구,상왕십리,18,31
20250528,홍대입구,상왕십리,19,13
20250528,홍대입구,상왕십리,20,28
20250528,홍대입구,상왕십리,21,32
20250528,홍대입구,상왕십리,22,44
20250528,홍대입구,상왕십리,23,17
20250528,홍대입구,서울대입구(관악구청),0,17
20250528,홍대입구,서울대입구(관악구청),4,1
20250528,홍대입구,서울대입구(관악구청),5,3
20250528,홍대입구,서울대입구(관악구청),6,3
20250528,홍대입구,서울대입구(관악구청),7,25
20250528,홍대입구,서울대입구(관악구청),8,36
20250528,홍대입구,서울대입구(관악구청),9,25
20250528,홍대입구,서울대입구(관악구청),10,28
20250528,홍대입구,서울대입구(관악구청),11,13
20250528,홍대입구,서울대입구(관악구청),12,14
20250528,홍대입구,서울대입구(관악구청),13,23
20250528,홍대입구,서울대입구(관악구청),14,29
20250528,홍대입구,서울대입구(관악구청),15,30
20250528,홍대입구,서울대입구(관악구청),16,50
20250528,홍대입구,서울대입구(관악구청),17,73
20250528,홍대입구,서울대입구(관악구청),18,84
20250528,홍대입구,서울대입구(관악구청),19,72
20250528,홍대입구,서울대입구(관악구청),20,64
20250528,홍대입구,서울대입구(관악구청),21,85
20250528,홍대입구,서울대입구(관악구청),22,116
20250528,홍대입구,서울대입구(관악구청),23,37
20250528,홍대입구,서초,0,1
20250528,홍대입구,서초,4,1
20250528,홍대입구,서초,5,1
20250528,홍대입구,서초,6,10
20250528,홍대입구,서초,7,22
20250528,홍대입구,서초,8,21
20250528,홍대입구,서초,9,12
20250528,홍대입구,서초,10,6
20250528,홍대입구,서초,11,5
20250528,홍대입구,서초,12,4
20250528,홍대입구,서초,13,4
20250528,홍대입구,서초,14,6
20250528,홍대입구,서초,15,4
20250528,홍대입구,서초,16,13
20250528,홍대입구,서초,17,11
20250528,홍대입구,서초,18,9
20250528,홍대입구,서초,19,6
20250528,홍대입구,서초,20,4
20250528,홍대입구,서초,21,1
20250528,홍대입구,서초,22,5
20250528,홍대입구,서초,23,6
20250528,홍대입구,선릉,0,4
20250528,홍대입구,선릉,5,5
20250528,홍대입구,선릉,6,21
20250528,홍대입구,선릉,7,60
20250528,홍대입구,선릉,8,45
20250528,홍대입구,선릉,9,32
20250528,홍대입구,선릉,10,9
20250528,홍대입구,선릉,11,17
20250528,홍대입구,선릉,12,11
20250528,홍대입구,선릉,13,11
20250528,홍대입구,선릉,14,18
20250528,홍대입구,선릉,15,14
20250528,홍대입구,선릉,16,32
20250528,홍대입구,선릉,17,17
20250528,홍대입구,선릉,18,16
20250528,홍대입구,선릉,19,12
20250528,홍대입구,선릉,20,12
20250528,홍대입구,선릉,21,13
20250528,홍대입구,선릉,22,16
20250528,홍대입구,선릉,23,18
20250528,홍대입구,성수,0,15
20250528,홍대입구,성수,5,9
20250528,홍대입구,성수,6,18
20250528,홍대입구,성수,7,67
20250528,홍대입구,성수,8,65
20250528,홍대입구,성수,9,87
20250528,홍대입구,성수,10,111
20250528,홍대입구,성수,11,101
20250528,홍대입구,성수,12,101
20250528,홍대입구,성수,13,115
20250528,홍대입구,성수,14,94
20250528,홍대입구,성수,15,103
20250528,홍대입구,성수,16,75
20250528,홍대입구,성수,17,91
20250528,홍대입구,성수,18,50
20250528,홍대입구,성수,19,34
20250528,홍대입구,성수,20,20
20250528,홍대입구,성수,21,20
20250528,홍대입구,성수,22,18
20250528,홍대입구,성수,23,10
20250528,홍대입구,시청,0,8
20250528,홍대입구,시청,4,1
20250528,홍대입구,시청,5,7
20250528,홍대입구,시청,6,20
20250528,홍대입구,시청,7,65
20250528,홍대입구,시청,8,190
20250528,홍대입구,시청,9,75
20250528,홍대입구,시청,10,23
20250528,홍대입구,시청,11,31
20250528,홍대입구,시청,12,51
20250528,홍대입구,시청,13,55
20250528,홍대입구,시청,14,50
20250528,홍대입구,시청,15,43
20250528,홍대입구,시청,16,41
20250528,홍대입구,시청,17,83
20250528,홍대입구,시청,18,56
20250528,홍대입구,시청,19,48
20250528,홍대입구,시청,20,24
20250528,홍대입구,시청,21,54
20250528,홍대입구,시청,22,53
20250528,홍대입구,시청,23,11
20250528,홍대입구,신당,0,4
20250528,홍대입구,신당,4,1
20250528,홍대입구,신당,5,6
20250528,홍대입구,신당,6,2
20250528,홍대입구,신당,7,6
20250528,홍대입구,신당,8,25
20250528,홍대입구,신당,9,9
20250528,홍대입구,신당,10,12
20250528,홍대입구,신당,11,12
20250528,홍대입구,신당,12,17
20250528,홍대입구,신당,13,12
20250528,홍대입구,신당,14,15
20250528,홍대입구,신당,15,25
20250528,홍대입구,신당,16,21
20250528,홍대입구,신당,17,31
20250528,홍대입구,신당,18,47
20250528,홍대입구,신당,19,31
20250528,홍대입구,신당,20,37
20250528,홍대입구,신당,21,33
20250528,홍대입구,신당,22,43
20250528,홍대입구,신당,23,21
20250528,홍대입구,신대방,0,16
20250528,홍대입구,신대방,5,6
20250528,홍대입구,신대방,6,11
20250528,홍대입구,신대방,7,10
20250528,홍대입구,신대방,8,15
20250528,홍대입구,신대방,9,8
20250528,홍대입구,신대방,10,10
20250528,홍대입구,신대방,11,8
20250528,홍대입구,신대방,12,16
20250528,홍대입구,신대방,13,19
20250528,홍대입구,신대방,14,18
20250528,홍대입구,신대방,15,32
20250528,홍대입구,신대방,16,51
20250528,홍대입구,신대방,17,64
20250528,홍대입구,신대방,18,89
20250528,홍대입구,신대방,19,74
20250528,홍대입구,신대방,20,72
20250528,홍대입구,신대방,21,96
20250528,홍대입구,신대방,22,82
20250528,홍대입구,신대방,23,44
20250528,홍대입구,신도림,0,51
20250528,홍대입구,신도림,5,7
20250528,홍대입구,신도림,6,15
20250528,홍대입구,신도림,7,44
20250528,홍대입구,신도림,8,48
20250528,홍대입구,신도림,9,33
20250528,홍대입구,신도림,10,20
20250528,홍대입구,신도림,11,39
20250528,홍대입구,신도림,12,48
20250528,홍대입구,신도림,13,55
20250528,홍대입구,신도림,14,61
20250528,홍대입구,신도림,15,84
20250528,홍대입구,신도림,16,121
20250528,홍대입구,신도림,17,135
20250528,홍대입구,신도림,18,194
20250528,홍대입구,신도림,19,139
20250528,홍대입구,신도림,20,141
20250528,홍대입구,신도림,21,170
20250528,홍대입구,신도림,22,202
20250528,홍대입구,신도림,23,123
20250528,홍대입구,신림,0,31
20250528,홍대입구,신림,5,13
20250528,홍대입구,신림,6,13
20250528,홍대입구,신림,7,21
20250528,홍대입구,신림,8,9
20250528,홍대입구,신림,9,21
20250528,홍대입구,신림,10,20
20250528,홍대입구,신림,11,19
20250528,홍대입구,신림,12,27
20250528,홍대입구,신림,13,31
20250528,홍대입구,신림,14,34
20250528,홍대입구,신림,15,52
20250528,홍대입구,신림,16,64
20250528,홍대입구,신림,17,116
20250528,홍대입구,신림,18,177
20250528,홍대입구,신림,19,138
20250528,홍대입구,신림,20,144
20250528,홍대입구,신림,21,179
20250528,홍대입구,신림,22,207
20250528,홍대입구,신림,23,93
20250528,홍대입구,신촌,0,15
20250528,홍대입구,신촌,5,5
20250528,홍대입구,신촌,6,9
20250528,홍대입구,신촌,7,20
20250528,홍대입구,신촌,8,27
20250528,홍대입구,신촌,9,41
20250528,홍대입구,신촌,10,47
20250528,홍대입구,신촌,11,70
20250528,홍대입구,신촌,12,89
20250528,홍대입구,신촌,13,89
20250528,홍대입구,신촌,14,107
20250528,홍대입구,신촌,15,109
20250528,홍대입구,신촌,16,122
20250528,홍대입구,신촌,17,140
20250528,홍대입구,신촌,18,185
20250528,홍대입구,신촌,19,147
20250528,홍대입구,신촌,20,125
20250528,홍대입구,신촌,21,123
20250528,홍대입구,신촌,22,114
20250528,홍대입구,신촌,23,92
20250528,홍대입구,아현,0,8
20250528,홍대입구,아현,5,6
20250528,홍대입구,아현,6,6
20250528,홍대입구,아현,7,21
20250528,홍대입구,아현,8,18
20250528,홍대입구,아현,9,19
20250528,홍대입구,아현,10,11
20250528,홍대입구,아현,11,19
20250528,홍대입구,아현,12,21
20250528,홍대입구,아현,13,28
20250528,홍대입구,아현,14,16
20250528,홍대입구,아현,15,27
20250528,홍대입구,아현,16,24
20250528,홍대입구,아현,17,29
20250528,홍대입구,아현,18,38
20250528,홍대입구,아현,19,32
20250528,홍대입구,아현,20,37
20250528,홍대입구,아현,21,35
20250528,홍대입구,아현,22,53
20250528,홍대입구,아현,23,13
20250528,홍대입구,역삼,0,2
20250528,홍대입구,역삼,5,6
20250528,홍대입구,역삼,6,29
20250528,홍대입구,역삼,7,88
20250528,홍대입구,역삼,8,74
20250528,홍대입구,역삼,9,44
20250528,홍대입구,역삼,10,10
20250528,홍대입구,역삼,11,12
20250528,홍대입구,역삼,12,10
20250528,홍대입구,역삼,13,15
20250528,홍대입구,역삼,14,16
20250528,홍대입구,역삼,15,13
20250528,홍대입구,역삼,16,18
20250528,홍대입구,역삼,17,19
20250528,홍대입구,역삼,18,17
20250528,홍대입구,역삼,19,17
20250528,홍대입구,역삼,20,7
20250528,홍대입구,역삼,21,16
20250528,홍대입구,역삼,22,8
20250528,홍대입구,역삼,23,11
20250528,홍대입구,영등포구청,0,13
20250528,홍대입구,영등포구청,5,3
20250528,홍대입구,영등포구청,6,7
20250528,홍대입구,영등포구청,7,23
20250528,홍대입구,영등포구청,8,66
20250528,홍대입구,영등포구청,9,30
20250528,홍대입구,영등포구청,10,10
20250528,홍대입구,영등포구청,11,12
20250528,홍대입구,영등포구청,12,24
20250528,홍대입구,영등포구청,13,31
20250528,홍대입구,영등포구청,14,28
20250528,홍대입구,영등포구청,15,32
20250528,홍대입구,영등포구청,16,40
20250528,홍대입구,영등포구청,17,53
20250528,홍대입구,영등포구청,18,59
20250528,홍대입구,영등포구청,19,45
20250528,홍대입구,영등포구청,20,31
20250528,홍대입구,영등포구청,21,40
20250528,홍대입구,영등포구청,22,52
20250528,홍대입구,영등포구청,23,36
20250528,홍대입구,왕십리(성동구청),0,13
20250528,홍대입구,왕십리(성동구청),4,1
20250528,홍대입구,왕십리(성동구청),5,3
20250528,홍대입구,왕십리(성동구청),6,3
20250528,홍대입구,왕십리(성동구청),7,8
20250528,홍대입구,왕십리(성동구청),8,8
20250528,홍대입구,왕십리(성동구청),9,6
20250528,홍대입구,왕십리(성동구청),10,4
20250528,홍대입구,왕십리(성동구청),11,20
20250528,홍대입구,왕십리(성동구청),12,12
20250528,홍대입구,왕십리(성동구청),13,18
20250528,홍대입구,왕십리(성동구청),14,13
20250528,홍대입구,왕십리(성동구청),15,12
20250528,홍대입구,왕십리(성동구청),16,26
20250528,홍대입구,왕십리(성동구청),17,28
20250528,홍대입구,왕십리(성동구청),18,57
20250528,홍대입구,왕십리(성동구청),19,32
20250528,홍대입구,왕십리(성동구청),20,29
20250528,홍대입구,왕십리(성동구청),21,31
20250528,홍대입구,왕십리(성동구청),22,35
20250528,홍대입구,왕십리(성동구청),23,27
20250528,홍대입구,용두(동대문구청),13,1
20250528,홍대입구,용두(동대문구청),14,7
20250528,홍대입구,용두(동대문구청),15,4
20250528,홍대입구,용두(동대문구청),18,1
20250528,홍대입구,용두(동대문구청),19,1
20250528,홍대입구,용두(동대문구청),20,1
20250528,홍대입구,용두(동대문구청),22,2
20250528,홍대입구,용두(동대문구청),23,2
20250528,홍대입구,을지로3가,0,9
20250528,홍대입구,을지로3가,5,8
20250528,홍대입구,을지로3가,6,26
20250528,홍대입구,을지로3가,7,84
20250528,홍대입구,을지로3가,8,117
20250528,홍대입구,을지로3가,9,59
20250528,홍대입구,을지로3가,10,46
20250528,홍대입구,을지로3가,11,49
20250528,홍대입구,을지로3가,12,36
20250528,홍대입구,을지로3가,13,57
20250528,홍대입구,을지로3가,14,54
20250528,홍대입구,을지로3가,15,61
20250528,홍대입구,을지로3가,16,49
20250528,홍대입구,을지로3가,17,68
20250528,홍대입구,을지로3가,18,73
20250528,홍대입구,을지로3가,19,71
20250528,홍대입구,을지로3가,20,60
20250528,홍대입구,을지로3가,21,82
20250528,홍대입구,을지로3가,22,94
20250528,홍대입구,을지로3가,23,55
20250528,홍대입구,을지로4가,0,10
20250528,홍대입구,을지로4가,5,9
20250528,홍대입구,을지로4가,6,16
20250528,홍대입구,을지로4가,7,43
20250528,홍대입구,을지로4가,8,55
20250528,홍대입구,을지로4가,9,31
20250528,홍대입구,을지로4가,10,38
20250528,홍대입구,을지로4가,11,35
20250528,홍대입구,을지로4가,12,41
20250528,홍대입구,을지로4가,13,29
20250528,홍대입구,을지로4가,14,34
20250528,홍대입구,을지로4가,15,35
20250528,홍대입구,을지로4가,16,33
20250528,홍대입구,을지로4가,17,32
20250528,홍대입구,을지로4가,18,54
20250528,홍대입구,을지로4가,19,24
20250528,홍대입구,을지로4가,20,58
20250528,홍대입구,을지로4가,21,55
20250528,홍대입구,을지로4가,22,82
20250528,홍대입구,을지로4가,23,38
20250528,홍대입구,을지로입구,0,24
20250528,홍대입구,을지로입구,5,15
20250528,홍대입구,을지로입구,6,60
20250528,홍대입구,을지로입구,7,182
20250528,홍대입구,을지로입구,8,301
20250528,홍대입구,을지로입구,9,140
20250528,홍대입구,을지로입구,10,94
20250528,홍대입구,을지로입구,11,135
20250528,홍대입구,을지로입구,12,146
20250528,홍대입구,을지로입구,13,166
20250528,홍대입구,을지로입구,14,171
20250528,홍대입구,을지로입구,15,177
20250528,홍대입구,을지로입구,16,235
20250528,홍대입구,을지로입구,17,258
20250528,홍대입구,을지로입구,18,236
20250528,홍대입구,을지로입구,19,212
20250528,홍대입구,을지로입구,20,227
20250528,홍대입구,을지로입구,21,226
20250528,홍대입구,을지로입구,22,177
20250528,홍대입구,을지로입구,23,98
20250528,홍대입구,이대,0,23
20250528,홍대입구,이대,5,3
20250528,홍대입구,이대,6,3
20250528,홍대입구,이대,7,9
20250528,홍대입구,이대,8,32
20250528,홍대입구,이대,9,38
20250528,홍대입구,이대,10,21
20250528,홍대입구,이대,11,37
20250528,홍대입구,이대,12,46
20250528,홍대입구,이대,13,59
20250528,홍대입구,이대,14,39
20250528,홍대입구,이대,15,55
20250528,홍대입구,이대,16,65
20250528,홍대입구,이대,17,57
20250528,홍대입구,이대,18,74
20250528,홍대입구,이대,19,65
20250528,홍대입구,이대,20,67
20250528,홍대입구,이대,21,91
20250528,홍대입구,이대,22,82
20250528,홍대입구,이대,23,51
20250528,홍대입구,잠실(송파구청),0,5
20250528,홍대입구,잠실(송파구청),5,16
20250528,홍대입구,잠실(송파구청),6,17
20250528,홍대입구,잠실(송파구청),7,56
20250528,홍대입구,잠실(송파구청),8,56
20250528,홍대입구,잠실(송파구청),9,66
20250528,홍대입구,잠실(송파구청),10,26
20250528,홍대입구,잠실(송파구청),11,45
20250528,홍대입구,잠실(송파구청),12,49
20250528,홍대입구,잠실(송파구청),13,37
20250528,홍대입구,잠실(송파구청),14,42
20250528,홍대입구,잠실(송파구청),15,56
20250528,홍대입구,잠실(송파구청),16,66
20250528,홍대입구,잠실(송파구청),17,86
20250528,홍대입구,잠실(송파구청),18,100
20250528,홍대입구,잠실(송파구청),19,68
20250528,홍대입구,잠실(송파구청),20,83
20250528,홍대입구,잠실(송파구청),21,70
20250528,홍대입구,잠실(송파구청),22,70
20250528,홍대입구,잠실(송파구청),23,42
20250528,홍대입구,잠실나루,5,6
20250528,홍대입구,잠실나루,6,10
20250528,홍대입구,잠실나루,7,15
20250528,홍대입구,잠실나루,8,8
20250528,홍대입구,잠실나루,9,2
20250528,홍대입구,잠실나루,10,2
20250528,홍대입구,잠실나루,11,3
20250528,홍대입구,잠실나루,12,3
20250528,홍대입구,잠실나루,13,9
20250528,홍대입구,잠실나루,14,3
20250528,홍대입구,잠실나루,15,7
20250528,홍대입구,잠실나루,16,15
20250528,홍대입구,잠실나루,17,17
20250528,홍대입구,잠실나루,18,15
20250528,홍대입구,잠실나루,19,5
20250528,홍대입구,잠실나루,20,16
20250528,홍대입구,잠실나루,21,12
20250528,홍대입구,잠실나루,22,12
20250528,홍대입구,잠실나루,23,6
20250528,홍대입구,잠실새내,0,6
20250528,홍대입구,잠실새내,5,4
20250528,홍대입구,잠실새내,6,3
20250528,홍대입구,잠실새내,7,6
20250528,홍대입구,잠실새내,8,7
20250528,홍대입구,잠실새내,9,3
20250528,홍대입구,잠실새내,10,3
20250528,홍대입구,잠실새내,11,4
20250528,홍대입구,잠실새내,12,6
20250528,홍대입구,잠실새내,13,4
20250528,홍대입구,잠실새내,14,8
20250528,홍대입구,잠실새내,15,17
20250528,홍대입구,잠실새내,16,21
20250528,홍대입구,잠실새내,17,21
20250528,홍대입구,잠실새내,18,22
20250528,홍대입구,잠실새내,19,16
20250528,홍대입구,잠실새내,20,17
20250528,홍대입구,잠실새내,21,16
20250528,홍대입구,잠실새내,22,14
20250528,홍대입구,잠실새내,23,14
20250528,홍대입구,종합운동장,5,2
20250528,홍대입구,종합운동장,6,2
20250528,홍대입구,종합운동장,7,3
20250528,홍대입구,종합운동장,9,2
20250528,홍대입구,종합운동장,12,2
20250528,홍대입구,종합운동장,14,10
20250528,홍대입구,종합운동장,15,17
20250528,홍대입구,종합운동장,16,55
20250528,홍대입구,종합운동장,17,50
20250528,홍대입구,종합운동장,18,23
20250528,홍대입구,종합운동장,19,2
20250528,홍대입구,종합운동장,20,4
20250528,홍대입구,종합운동장,21,3
20250528,홍대입구,종합운동장,22,3
20250528,홍대입구,종합운동장,23,4
20250528,홍대입구,충정로(경기대입구),0,3
20250528,홍대입구,충정로(경기대입구),5,4
20250528,홍대입구,충정로(경기대입구),6,4
20250528,홍대입구,충정로(경기대입구),7,12
20250528,홍대입구,충정로(경기대입구),8,47
20250528,홍대입구,충정로(경기대입구),9,16
20250528,홍대입구,충정로(경기대입구),10,2
20250528,홍대입구,충정로(경기대입구),11,14
20250528,홍대입구,충정로(경기대입구),12,9
20250528,홍대입구,충정로(경기대입구),13,18
20250528,홍대입구,충정로(경기대입구),14,9
20250528,홍대입구,충정로(경기대입구),15,15
20250528,홍대입구,충정로(경기대입구),16,17
20250528,홍대입구,충정로(경기대입구),17,19
20250528,홍대입구,충정로(경기대입구),18,17
20250528,홍대입구,충정로(경기대입구),19,26
20250528,홍대입구,충정로(경기대입구),20,18
20250528,홍대입구,충정로(경기대입구),21,19
20250528,홍대입구,충정로(경기대입구),22,20
20250528,홍대입구,충정로(경기대입구),23,17
20250528,홍대입구,한양대,0,5
20250528,홍대입구,한양대,5,5
20250528,홍대입구,한양대,6,2
20250528,홍대입구,한양대,7,21
20250528,홍대입구,한양대,8,36
20250528,홍대입구,한양대,9,28
20250528,홍대입구,한양대,10,13
20250528,홍대입구,한양대,11,16
20250528,홍대입구,한양대,12,33
20250528,홍대입구,한양대,13,11
20250528,홍대입구,한양대,14,8
20250528,홍대입구,한양대,15,14
20250528,홍대입구,한양대,16,12
20250528,홍대입구,한양대,17,21
20250528,홍대입구,한양대,18,13
20250528,홍대입구,한양대,19,9
20250528,홍대입구,한양대,20,14
20250528,홍대입구,한양대,21,17
20250528,홍대입구,한양대,22,14
20250528,홍대입구,한양대,23,14
20250528,홍대입구,합정,0,7
20250528,홍대입구,합정,5,2
20250528,홍대입구,합정,6,6
20250528,홍대입구,합정,7,14
20250528,홍대입구,합정,8,29
20250528,홍대입구,합정,9,51
20250528,홍대입구,합정,10,53
20250528,홍대입구,합정,11,60
20250528,홍대입구,합정,12,57
20250528,홍대입구,합정,13,85
20250528,홍대입구,합정,14,78
20250528,홍대입구,합정,15,81
20250528,홍대입구,합정,16,108
20250528,홍대입구,합정,17,91
20250528,홍대입구,합정,18,122
20250528,홍대입구,합정,19,107
20250528,홍대입구,합정,20,77
20250528,홍대입구,합정,21,53
20250528,홍대입구,합정,22,37
20250528,홍대입구,합정,23,28
20250528,홍대입구,홍대입구,0,17
20250528,홍대입구,홍대입구,1,2
20250528,홍대입구,홍대입구,5,9
20250528,홍대입구,홍대입구,6,5
20250528,홍대입구,홍대입구,7,12
20250528,홍대입구,홍대입구,8,7
20250528,홍대입구,홍대입구,9,30
20250528,홍대입구,홍대입구,10,11
20250528,홍대입구,홍대입구,11,15
20250528,홍대입구,홍대입구,12,34
20250528,홍대입구,홍대입구,13,29
20250528,홍대입구,홍대입구,14,32
20250528,홍대입구,홍대입구,15,36
20250528,홍대입구,홍대입구,16,39
20250528,홍대입구,홍대입구,17,37
20250528,홍대입구,홍대입구,18,44
20250528,홍대입구,홍대입구,19,44
20250528,홍대입구,홍대입구,20,40
20250528,홍대입구,홍대입구,21,46
20250528,홍대입구,홍대입구,22,67
20250528,홍대입구,홍대입구,23,58
