기준_날짜,승차_역,하차_역,승차시간,인원수
20250513,강남,강남,0,17
20250513,강남,강남,4,1
20250513,강남,강남,5,3
20250513,강남,강남,6,4
20250513,강남,강남,7,6
20250513,강남,강남,8,10
20250513,강남,강남,9,13
20250513,강남,강남,10,22
20250513,강남,강남,11,26
20250513,강남,강남,12,29
20250513,강남,강남,13,28
20250513,강남,강남,14,58
20250513,강남,강남,15,35
20250513,강남,강남,16,44
20250513,강남,강남,17,59
20250513,강남,강남,18,299
20250513,강남,강남,19,42
20250513,강남,강남,20,39
20250513,강남,강남,21,103
20250513,강남,강남,22,40
20250513,강남,강남,23,36
20250513,강남,강변(동서울터미널),0,7
20250513,강남,강변(동서울터미널),5,2
20250513,강남,강변(동서울터미널),6,9
20250513,강남,강변(동서울터미널),7,13
20250513,강남,강변(동서울터미널),8,19
20250513,강남,강변(동서울터미널),9,20
20250513,강남,강변(동서울터미널),10,12
20250513,강남,강변(동서울터미널),11,31
20250513,강남,강변(동서울터미널),12,43
20250513,강남,강변(동서울터미널),13,48
20250513,강남,강변(동서울터미널),14,47
20250513,강남,강변(동서울터미널),15,67
20250513,강남,강변(동서울터미널),16,76
20250513,강남,강변(동서울터미널),17,130
20250513,강남,강변(동서울터미널),18,246
20250513,강남,강변(동서울터미널),19,143
20250513,강남,강변(동서울터미널),20,94
20250513,강남,강변(동서울터미널),21,118
20250513,강남,강변(동서울터미널),22,102
20250513,강남,강변(동서울터미널),23,38
20250513,강남,건대입구,0,16
20250513,강남,건대입구,5,3
20250513,강남,건대입구,6,13
20250513,강남,건대입구,7,15
20250513,강남,건대입구,8,25
20250513,강남,건대입구,9,26
20250513,강남,건대입구,10,28
20250513,강남,건대입구,11,30
20250513,강남,건대입구,12,37
20250513,강남,건대입구,13,42
20250513,강남,건대입구,14,48
20250513,강남,건대입구,15,68
20250513,강남,건대입구,16,67
20250513,강남,건대입구,17,144
20250513,강남,건대입구,18,223
20250513,강남,건대입구,19,138
20250513,강남,건대입구,20,95
20250513,강남,건대입구,21,120
20250513,강남,건대입구,22,114
20250513,강남,건대입구,23,29
20250513,강남,교대(법원.검찰청),0,9
20250513,강남,교대(법원.검찰청),1,3
20250513,강남,교대(법원.검찰청),5,4
20250513,강남,교대(법원.검찰청),6,10
20250513,강남,교대(법원.검찰청),7,55
20250513,강남,교대(법원.검찰청),8,128
20250513,강남,교대(법원.검찰청),9,137
20250513,강남,교대(법원.검찰청),10,97
20250513,강남,교대(법원.검찰청),11,112
20250513,강남,교대(법원.검찰청),12,104
20250513,강남,교대(법원.검찰청),13,138
20250513,강남,교대(법원.검찰청),14,128
20250513,강남,교대(법원.검찰청),15,88
20250513,강남,교대(법원.검찰청),16,94
20250513,강남,교대(법원.검찰청),17,129
20250513,강남,교대(법원.검찰청),18,119
20250513,강남,교대(법원.검찰청),19,63
20250513,강남,교대(법원.검찰청),20,43
20250513,강남,교대(법원.검찰청),21,54
20250513,강남,교대(법원.검찰청),22,41
20250513,강남,교대(법원.검찰청),23,11
20250513,강남,구로디지털단지,0,18
20250513,강남,구로디지털단지,5,9
20250513,강남,구로디지털단지,6,34
20250513,강남,구로디지털단지,7,85
20250513,강남,구로디지털단지,8,94
20250513,강남,구로디지털단지,9,73
20250513,강남,구로디지털단지,10,47
20250513,강남,구로디지털단지,11,39
20250513,강남,구로디지털단지,12,58
20250513,강남,구로디지털단지,13,75
20250513,강남,구로디지털단지,14,89
20250513,강남,구로디지털단지,15,109
20250513,강남,구로디지털단지,16,136
20250513,강남,구로디지털단지,17,212
20250513,강남,구로디지털단지,18,416
20250513,강남,구로디지털단지,19,278
20250513,강남,구로디지털단지,20,232
20250513,강남,구로디지털단지,21,262
20250513,강남,구로디지털단지,22,207
20250513,강남,구로디지털단지,23,103
20250513,강남,구의(광진구청),0,10
20250513,강남,구의(광진구청),5,2
20250513,강남,구의(광진구청),6,9
20250513,강남,구의(광진구청),7,21
20250513,강남,구의(광진구청),8,21
20250513,강남,구의(광진구청),9,21
20250513,강남,구의(광진구청),10,27
20250513,강남,구의(광진구청),11,33
20250513,강남,구의(광진구청),12,31
20250513,강남,구의(광진구청),13,35
20250513,강남,구의(광진구청),14,37
20250513,강남,구의(광진구청),15,60
20250513,강남,구의(광진구청),16,58
20250513,강남,구의(광진구청),17,169
20250513,강남,구의(광진구청),18,241
20250513,강남,구의(광진구청),19,158
20250513,강남,구의(광진구청),20,116
20250513,강남,구의(광진구청),21,143
20250513,강남,구의(광진구청),22,123
20250513,강남,구의(광진구청),23,56
20250513,강남,낙성대,0,27
20250513,강남,낙성대,5,4
20250513,강남,낙성대,6,6
20250513,강남,낙성대,7,22
20250513,강남,낙성대,8,48
20250513,강남,낙성대,9,29
20250513,강남,낙성대,10,39
20250513,강남,낙성대,11,44
20250513,강남,낙성대,12,55
20250513,강남,낙성대,13,60
20250513,강남,낙성대,14,67
20250513,강남,낙성대,15,97
20250513,강남,낙성대,16,91
20250513,강남,낙성대,17,216
20250513,강남,낙성대,18,365
20250513,강남,낙성대,19,327
20250513,강남,낙성대,20,231
20250513,강남,낙성대,21,233
20250513,강남,낙성대,22,222
20250513,강남,낙성대,23,70
20250513,강남,당산,6,2
20250513,강남,당산,7,2
20250513,강남,당산,8,3
20250513,강남,당산,9,1
20250513,강남,당산,10,5
20250513,강남,당산,11,9
20250513,강남,당산,12,6
20250513,강남,당산,13,15
20250513,강남,당산,14,13
20250513,강남,당산,15,17
20250513,강남,당산,16,17
20250513,강남,당산,17,35
20250513,강남,당산,18,58
20250513,강남,당산,19,38
20250513,강남,당산,20,19
20250513,강남,당산,21,23
20250513,강남,당산,22,21
20250513,강남,당산,23,3
20250513,강남,대림(구로구청),0,7
20250513,강남,대림(구로구청),5,7
20250513,강남,대림(구로구청),6,6
20250513,강남,대림(구로구청),7,17
20250513,강남,대림(구로구청),8,17
20250513,강남,대림(구로구청),9,11
20250513,강남,대림(구로구청),10,19
20250513,강남,대림(구로구청),11,17
20250513,강남,대림(구로구청),12,17
20250513,강남,대림(구로구청),13,21
20250513,강남,대림(구로구청),14,49
20250513,강남,대림(구로구청),15,50
20250513,강남,대림(구로구청),16,55
20250513,강남,대림(구로구청),17,85
20250513,강남,대림(구로구청),18,110
20250513,강남,대림(구로구청),19,78
20250513,강남,대림(구로구청),20,100
20250513,강남,대림(구로구청),21,142
20250513,강남,대림(구로구청),22,111
20250513,강남,대림(구로구청),23,35
20250513,강남,동대문역사문화공원,8,2
20250513,강남,동대문역사문화공원,9,1
20250513,강남,동대문역사문화공원,10,3
20250513,강남,동대문역사문화공원,11,1
20250513,강남,동대문역사문화공원,12,7
20250513,강남,동대문역사문화공원,13,18
20250513,강남,동대문역사문화공원,14,8
20250513,강남,동대문역사문화공원,15,6
20250513,강남,동대문역사문화공원,16,15
20250513,강남,동대문역사문화공원,17,18
20250513,강남,동대문역사문화공원,18,15
20250513,강남,동대문역사문화공원,19,11
20250513,강남,동대문역사문화공원,20,7
20250513,강남,동대문역사문화공원,21,10
20250513,강남,동대문역사문화공원,22,5
20250513,강남,동대문역사문화공원,23,12
20250513,강남,뚝섬,0,2
20250513,강남,뚝섬,5,1
20250513,강남,뚝섬,6,4
20250513,강남,뚝섬,7,22
20250513,강남,뚝섬,8,28
20250513,강남,뚝섬,9,25
20250513,강남,뚝섬,10,19
20250513,강남,뚝섬,11,18
20250513,강남,뚝섬,12,14
20250513,강남,뚝섬,13,24
20250513,강남,뚝섬,14,22
20250513,강남,뚝섬,15,15
20250513,강남,뚝섬,16,23
20250513,강남,뚝섬,17,23
20250513,강남,뚝섬,18,40
20250513,강남,뚝섬,19,25
20250513,강남,뚝섬,20,14
20250513,강남,뚝섬,21,13
20250513,강남,뚝섬,22,14
20250513,강남,뚝섬,23,5
20250513,강남,문래,0,3
20250513,강남,문래,5,1
20250513,강남,문래,6,6
20250513,강남,문래,7,23
20250513,강남,문래,8,14
20250513,강남,문래,9,8
20250513,강남,문래,10,10
20250513,강남,문래,11,8
20250513,강남,문래,12,12
20250513,강남,문래,13,18
20250513,강남,문래,14,17
20250513,강남,문래,15,29
20250513,강남,문래,16,31
20250513,강남,문래,17,62
20250513,강남,문래,18,83
20250513,강남,문래,19,59
20250513,강남,문래,20,34
20250513,강남,문래,21,32
20250513,강남,문래,22,16
20250513,강남,문래,23,9
20250513,강남,방배,0,9
20250513,강남,방배,5,1
20250513,강남,방배,6,10
20250513,강남,방배,7,46
20250513,강남,방배,8,84
20250513,강남,방배,9,90
20250513,강남,방배,10,83
20250513,강남,방배,11,56
20250513,강남,방배,12,45
20250513,강남,방배,13,80
20250513,강남,방배,14,84
20250513,강남,방배,15,69
20250513,강남,방배,16,72
20250513,강남,방배,17,82
20250513,강남,방배,18,117
20250513,강남,방배,19,84
20250513,강남,방배,20,70
20250513,강남,방배,21,78
20250513,강남,방배,22,80
20250513,강남,방배,23,34
20250513,강남,봉천,0,13
20250513,강남,봉천,5,6
20250513,강남,봉천,6,12
20250513,강남,봉천,7,11
20250513,강남,봉천,8,15
20250513,강남,봉천,9,14
20250513,강남,봉천,10,14
20250513,강남,봉천,11,16
20250513,강남,봉천,12,33
20250513,강남,봉천,13,34
20250513,강남,봉천,14,76
20250513,강남,봉천,15,102
20250513,강남,봉천,16,89
20250513,강남,봉천,17,190
20250513,강남,봉천,18,290
20250513,강남,봉천,19,248
20250513,강남,봉천,20,188
20250513,강남,봉천,21,184
20250513,강남,봉천,22,156
20250513,강남,봉천,23,72
20250513,강남,사당,0,30
20250513,강남,사당,1,1
20250513,강남,사당,5,8
20250513,강남,사당,6,13
20250513,강남,사당,7,43
20250513,강남,사당,8,45
20250513,강남,사당,9,48
20250513,강남,사당,10,62
20250513,강남,사당,11,88
20250513,강남,사당,12,83
20250513,강남,사당,13,106
20250513,강남,사당,14,122
20250513,강남,사당,15,158
20250513,강남,사당,16,241
20250513,강남,사당,17,411
20250513,강남,사당,18,516
20250513,강남,사당,19,384
20250513,강남,사당,20,305
20250513,강남,사당,21,316
20250513,강남,사당,22,281
20250513,강남,사당,23,82
20250513,강남,삼성(무역센터),0,8
20250513,강남,삼성(무역센터),5,9
20250513,강남,삼성(무역센터),6,54
20250513,강남,삼성(무역센터),7,241
20250513,강남,삼성(무역센터),8,429
20250513,강남,삼성(무역센터),9,295
20250513,강남,삼성(무역센터),10,171
20250513,강남,삼성(무역센터),11,157
20250513,강남,삼성(무역센터),12,157
20250513,강남,삼성(무역센터),13,167
20250513,강남,삼성(무역센터),14,135
20250513,강남,삼성(무역센터),15,166
20250513,강남,삼성(무역센터),16,152
20250513,강남,삼성(무역센터),17,180
20250513,강남,삼성(무역센터),18,247
20250513,강남,삼성(무역센터),19,119
20250513,강남,삼성(무역센터),20,61
20250513,강남,삼성(무역센터),21,60
20250513,강남,삼성(무역센터),22,54
20250513,강남,삼성(무역센터),23,22
20250513,강남,상왕십리,6,1
20250513,강남,상왕십리,8,2
20250513,강남,상왕십리,9,1
20250513,강남,상왕십리,10,3
20250513,강남,상왕십리,11,7
20250513,강남,상왕십리,12,4
20250513,강남,상왕십리,13,9
20250513,강남,상왕십리,14,11
20250513,강남,상왕십리,15,12
20250513,강남,상왕십리,16,28
20250513,강남,상왕십리,17,36
20250513,강남,상왕십리,18,70
20250513,강남,상왕십리,19,28
20250513,강남,상왕십리,20,41
20250513,강남,상왕십리,21,32
20250513,강남,상왕십리,22,31
20250513,강남,상왕십리,23,13
20250513,강남,서울대입구(관악구청),0,36
20250513,강남,서울대입구(관악구청),5,8
20250513,강남,서울대입구(관악구청),6,22
20250513,강남,서울대입구(관악구청),7,41
20250513,강남,서울대입구(관악구청),8,83
20250513,강남,서울대입구(관악구청),9,59
20250513,강남,서울대입구(관악구청),10,81
20250513,강남,서울대입구(관악구청),11,68
20250513,강남,서울대입구(관악구청),12,80
20250513,강남,서울대입구(관악구청),13,97
20250513,강남,서울대입구(관악구청),14,144
20250513,강남,서울대입구(관악구청),15,168
20250513,강남,서울대입구(관악구청),16,221
20250513,강남,서울대입구(관악구청),17,386
20250513,강남,서울대입구(관악구청),18,624
20250513,강남,서울대입구(관악구청),19,467
20250513,강남,서울대입구(관악구청),20,375
20250513,강남,서울대입구(관악구청),21,404
20250513,강남,서울대입구(관악구청),22,324
20250513,강남,서울대입구(관악구청),23,156
20250513,강남,서초,0,2
20250513,강남,서초,5,6
20250513,강남,서초,6,21
20250513,강남,서초,7,66
20250513,강남,서초,8,125
20250513,강남,서초,9,109
20250513,강남,서초,10,69
20250513,강남,서초,11,51
20250513,강남,서초,12,56
20250513,강남,서초,13,72
20250513,강남,서초,14,61
20250513,강남,서초,15,60
20250513,강남,서초,16,67
20250513,강남,서초,17,65
20250513,강남,서초,18,89
20250513,강남,서초,19,56
20250513,강남,서초,20,42
20250513,강남,서초,21,61
20250513,강남,서초,22,50
20250513,강남,서초,23,16
20250513,강남,선릉,0,15
20250513,강남,선릉,5,4
20250513,강남,선릉,6,40
20250513,강남,선릉,7,187
20250513,강남,선릉,8,341
20250513,강남,선릉,9,273
20250513,강남,선릉,10,167
20250513,강남,선릉,11,184
20250513,강남,선릉,12,189
20250513,강남,선릉,13,201
20250513,강남,선릉,14,175
20250513,강남,선릉,15,185
20250513,강남,선릉,16,187
20250513,강남,선릉,17,209
20250513,강남,선릉,18,259
20250513,강남,선릉,19,168
20250513,강남,선릉,20,106
20250513,강남,선릉,21,88
20250513,강남,선릉,22,86
20250513,강남,선릉,23,39
20250513,강남,성수,0,5
20250513,강남,성수,5,1
20250513,강남,성수,6,14
20250513,강남,성수,7,57
20250513,강남,성수,8,78
20250513,강남,성수,9,53
20250513,강남,성수,10,68
20250513,강남,성수,11,54
20250513,강남,성수,12,66
20250513,강남,성수,13,73
20250513,강남,성수,14,88
20250513,강남,성수,15,71
20250513,강남,성수,16,65
20250513,강남,성수,17,80
20250513,강남,성수,18,92
20250513,강남,성수,19,46
20250513,강남,성수,20,17
20250513,강남,성수,21,30
20250513,강남,성수,22,22
20250513,강남,성수,23,5
20250513,강남,시청,5,1
20250513,강남,시청,7,8
20250513,강남,시청,8,8
20250513,강남,시청,9,2
20250513,강남,시청,10,4
20250513,강남,시청,11,7
20250513,강남,시청,12,8
20250513,강남,시청,13,16
20250513,강남,시청,14,5
20250513,강남,시청,15,7
20250513,강남,시청,16,5
20250513,강남,시청,17,7
20250513,강남,시청,18,2
20250513,강남,시청,19,4
20250513,강남,시청,20,3
20250513,강남,시청,22,4
20250513,강남,신당,7,3
20250513,강남,신당,8,2
20250513,강남,신당,9,2
20250513,강남,신당,10,6
20250513,강남,신당,11,3
20250513,강남,신당,12,3
20250513,강남,신당,13,6
20250513,강남,신당,14,11
20250513,강남,신당,15,7
20250513,강남,신당,16,12
20250513,강남,신당,17,28
20250513,강남,신당,18,25
20250513,강남,신당,19,24
20250513,강남,신당,20,16
20250513,강남,신당,21,25
20250513,강남,신당,22,11
20250513,강남,신당,23,7
20250513,강남,신대방,0,25
20250513,강남,신대방,5,3
20250513,강남,신대방,6,13
20250513,강남,신대방,7,21
20250513,강남,신대방,8,17
20250513,강남,신대방,9,13
20250513,강남,신대방,10,13
20250513,강남,신대방,11,27
20250513,강남,신대방,12,25
20250513,강남,신대방,13,33
20250513,강남,신대방,14,54
20250513,강남,신대방,15,75
20250513,강남,신대방,16,68
20250513,강남,신대방,17,142
20250513,강남,신대방,18,238
20250513,강남,신대방,19,186
20250513,강남,신대방,20,149
20250513,강남,신대방,21,173
20250513,강남,신대방,22,154
20250513,강남,신대방,23,72
20250513,강남,신도림,0,13
20250513,강남,신도림,5,2
20250513,강남,신도림,6,7
20250513,강남,신도림,7,17
20250513,강남,신도림,8,17
20250513,강남,신도림,9,14
20250513,강남,신도림,10,19
20250513,강남,신도림,11,24
20250513,강남,신도림,12,30
20250513,강남,신도림,13,52
20250513,강남,신도림,14,54
20250513,강남,신도림,15,63
20250513,강남,신도림,16,88
20250513,강남,신도림,17,182
20250513,강남,신도림,18,263
20250513,강남,신도림,19,176
20250513,강남,신도림,20,112
20250513,강남,신도림,21,156
20250513,강남,신도림,22,125
20250513,강남,신도림,23,70
20250513,강남,신림,0,67
20250513,강남,신림,4,1
20250513,강남,신림,5,19
20250513,강남,신림,6,20
20250513,강남,신림,7,51
20250513,강남,신림,8,46
20250513,강남,신림,9,36
20250513,강남,신림,10,42
20250513,강남,신림,11,54
20250513,강남,신림,12,76
20250513,강남,신림,13,86
20250513,강남,신림,14,139
20250513,강남,신림,15,211
20250513,강남,신림,16,233
20250513,강남,신림,17,452
20250513,강남,신림,18,706
20250513,강남,신림,19,648
20250513,강남,신림,20,428
20250513,강남,신림,21,453
20250513,강남,신림,22,394
20250513,강남,신림,23,183
20250513,강남,신촌,0,3
20250513,강남,신촌,6,3
20250513,강남,신촌,7,4
20250513,강남,신촌,8,6
20250513,강남,신촌,9,4
20250513,강남,신촌,10,8
20250513,강남,신촌,11,10
20250513,강남,신촌,12,20
20250513,강남,신촌,13,14
20250513,강남,신촌,14,19
20250513,강남,신촌,15,17
20250513,강남,신촌,16,35
20250513,강남,신촌,17,55
20250513,강남,신촌,18,62
20250513,강남,신촌,19,39
20250513,강남,신촌,20,16
20250513,강남,신촌,21,10
20250513,강남,신촌,22,23
20250513,강남,신촌,23,7
20250513,강남,아현,6,1
20250513,강남,아현,9,1
20250513,강남,아현,11,1
20250513,강남,아현,12,2
20250513,강남,아현,14,4
20250513,강남,아현,15,5
20250513,강남,아현,16,20
20250513,강남,아현,17,15
20250513,강남,아현,18,17
20250513,강남,아현,19,5
20250513,강남,아현,20,11
20250513,강남,아현,21,16
20250513,강남,아현,22,3
20250513,강남,아현,23,1
20250513,강남,역삼,5,5
20250513,강남,역삼,6,43
20250513,강남,역삼,7,155
20250513,강남,역삼,8,239
20250513,강남,역삼,9,221
20250513,강남,역삼,10,107
20250513,강남,역삼,11,92
20250513,강남,역삼,12,79
20250513,강남,역삼,13,102
20250513,강남,역삼,14,102
20250513,강남,역삼,15,85
20250513,강남,역삼,16,64
20250513,강남,역삼,17,81
20250513,강남,역삼,18,104
20250513,강남,역삼,19,98
20250513,강남,역삼,20,45
20250513,강남,역삼,21,34
20250513,강남,역삼,22,32
20250513,강남,역삼,23,20
20250513,강남,영등포구청,0,2
20250513,강남,영등포구청,6,3
20250513,강남,영등포구청,7,16
20250513,강남,영등포구청,8,14
20250513,강남,영등포구청,9,9
20250513,강남,영등포구청,10,11
20250513,강남,영등포구청,11,9
20250513,강남,영등포구청,12,12
20250513,강남,영등포구청,13,17
20250513,강남,영등포구청,14,8
20250513,강남,영등포구청,15,17
20250513,강남,영등포구청,16,20
20250513,강남,영등포구청,17,58
20250513,강남,영등포구청,18,71
20250513,강남,영등포구청,19,54
20250513,강남,영등포구청,20,31
20250513,강남,영등포구청,21,22
20250513,강남,영등포구청,22,32
20250513,강남,영등포구청,23,8
20250513,강남,왕십리(성동구청),0,3
20250513,강남,왕십리(성동구청),6,1
20250513,강남,왕십리(성동구청),7,1
20250513,강남,왕십리(성동구청),8,2
20250513,강남,왕십리(성동구청),9,2
20250513,강남,왕십리(성동구청),10,3
20250513,강남,왕십리(성동구청),11,6
20250513,강남,왕십리(성동구청),12,2
20250513,강남,왕십리(성동구청),13,4
20250513,강남,왕십리(성동구청),14,8
20250513,강남,왕십리(성동구청),15,8
20250513,강남,왕십리(성동구청),16,12
20250513,강남,왕십리(성동구청),17,22
20250513,강남,왕십리(성동구청),18,31
20250513,강남,왕십리(성동구청),19,19
20250513,강남,왕십리(성동구청),20,9
20250513,강남,왕십리(성동구청),21,21
20250513,강남,왕십리(성동구청),22,17
20250513,강남,왕십리(성동구청),23,2
20250513,강남,용두(동대문구청),5,1
20250513,강남,용두(동대문구청),6,1
20250513,강남,용두(동대문구청),7,2
20250513,강남,용두(동대문구청),8,2
20250513,강남,용두(동대문구청),10,3
20250513,강남,용두(동대문구청),11,1
20250513,강남,용두(동대문구청),13,2
20250513,강남,용두(동대문구청),14,8
20250513,강남,용두(동대문구청),15,6
20250513,강남,용두(동대문구청),16,5
20250513,강남,용두(동대문구청),17,7
20250513,강남,용두(동대문구청),18,21
20250513,강남,용두(동대문구청),19,11
20250513,강남,용두(동대문구청),20,4
20250513,강남,용두(동대문구청),21,5
20250513,강남,용두(동대문구청),22,10
20250513,강남,용두(동대문구청),23,1
20250513,강남,을지로3가,10,1
20250513,강남,을지로3가,11,2
20250513,강남,을지로3가,14,4
20250513,강남,을지로3가,15,2
20250513,강남,을지로3가,16,6
20250513,강남,을지로3가,17,13
20250513,강남,을지로3가,18,3
20250513,강남,을지로3가,19,2
20250513,강남,을지로3가,20,4
20250513,강남,을지로3가,21,1
20250513,강남,을지로3가,22,2
20250513,강남,을지로4가,7,2
20250513,강남,을지로4가,8,3
20250513,강남,을지로4가,9,1
20250513,강남,을지로4가,10,7
20250513,강남,을지로4가,11,2
20250513,강남,을지로4가,12,7
20250513,강남,을지로4가,13,5
20250513,강남,을지로4가,14,6
20250513,강남,을지로4가,15,6
20250513,강남,을지로4가,16,2
20250513,강남,을지로4가,17,6
20250513,강남,을지로4가,18,3
20250513,강남,을지로4가,19,4
20250513,강남,을지로4가,20,2
20250513,강남,을지로4가,23,1
20250513,강남,을지로입구,7,4
20250513,강남,을지로입구,8,2
20250513,강남,을지로입구,9,1
20250513,강남,을지로입구,10,7
20250513,강남,을지로입구,11,8
20250513,강남,을지로입구,12,10
20250513,강남,을지로입구,13,12
20250513,강남,을지로입구,14,12
20250513,강남,을지로입구,15,8
20250513,강남,을지로입구,16,16
20250513,강남,을지로입구,17,16
20250513,강남,을지로입구,18,22
20250513,강남,을지로입구,19,11
20250513,강남,을지로입구,20,14
20250513,강남,을지로입구,21,3
20250513,강남,을지로입구,22,1
20250513,강남,이대,7,5
20250513,강남,이대,8,4
20250513,강남,이대,9,8
20250513,강남,이대,10,2
20250513,강남,이대,11,5
20250513,강남,이대,12,5
20250513,강남,이대,13,10
20250513,강남,이대,14,9
20250513,강남,이대,15,3
20250513,강남,이대,16,14
20250513,강남,이대,17,34
20250513,강남,이대,18,25
20250513,강남,이대,19,21
20250513,강남,이대,20,8
20250513,강남,이대,21,14
20250513,강남,이대,22,14
20250513,강남,이대,23,7
20250513,강남,잠실(송파구청),0,17
20250513,강남,잠실(송파구청),5,15
20250513,강남,잠실(송파구청),6,53
20250513,강남,잠실(송파구청),7,173
20250513,강남,잠실(송파구청),8,203
20250513,강남,잠실(송파구청),9,148
20250513,강남,잠실(송파구청),10,134
20250513,강남,잠실(송파구청),11,141
20250513,강남,잠실(송파구청),12,198
20250513,강남,잠실(송파구청),13,234
20250513,강남,잠실(송파구청),14,265
20250513,강남,잠실(송파구청),15,283
20250513,강남,잠실(송파구청),16,374
20250513,강남,잠실(송파구청),17,653
20250513,강남,잠실(송파구청),18,927
20250513,강남,잠실(송파구청),19,596
20250513,강남,잠실(송파구청),20,367
20250513,강남,잠실(송파구청),21,461
20250513,강남,잠실(송파구청),22,381
20250513,강남,잠실(송파구청),23,129
20250513,강남,잠실나루,0,3
20250513,강남,잠실나루,5,2
20250513,강남,잠실나루,6,10
20250513,강남,잠실나루,7,27
20250513,강남,잠실나루,8,9
20250513,강남,잠실나루,9,15
20250513,강남,잠실나루,10,11
20250513,강남,잠실나루,11,29
20250513,강남,잠실나루,12,28
20250513,강남,잠실나루,13,27
20250513,강남,잠실나루,14,30
20250513,강남,잠실나루,15,26
20250513,강남,잠실나루,16,31
20250513,강남,잠실나루,17,63
20250513,강남,잠실나루,18,111
20250513,강남,잠실나루,19,64
20250513,강남,잠실나루,20,52
20250513,강남,잠실나루,21,67
20250513,강남,잠실나루,22,45
20250513,강남,잠실나루,23,15
20250513,강남,잠실새내,0,13
20250513,강남,잠실새내,5,1
20250513,강남,잠실새내,6,8
20250513,강남,잠실새내,7,20
20250513,강남,잠실새내,8,16
20250513,강남,잠실새내,9,22
20250513,강남,잠실새내,10,26
20250513,강남,잠실새내,11,33
20250513,강남,잠실새내,12,45
20250513,강남,잠실새내,13,75
20250513,강남,잠실새내,14,52
20250513,강남,잠실새내,15,80
20250513,강남,잠실새내,16,110
20250513,강남,잠실새내,17,194
20250513,강남,잠실새내,18,261
20250513,강남,잠실새내,19,191
20250513,강남,잠실새내,20,121
20250513,강남,잠실새내,21,148
20250513,강남,잠실새내,22,118
20250513,강남,잠실새내,23,36
20250513,강남,종합운동장,5,2
20250513,강남,종합운동장,6,3
20250513,강남,종합운동장,7,16
20250513,강남,종합운동장,8,11
20250513,강남,종합운동장,9,13
20250513,강남,종합운동장,10,14
20250513,강남,종합운동장,11,16
20250513,강남,종합운동장,12,18
20250513,강남,종합운동장,13,30
20250513,강남,종합운동장,14,24
20250513,강남,종합운동장,15,40
20250513,강남,종합운동장,16,85
20250513,강남,종합운동장,17,281
20250513,강남,종합운동장,18,282
20250513,강남,종합운동장,19,74
20250513,강남,종합운동장,20,37
20250513,강남,종합운동장,21,59
20250513,강남,종합운동장,22,43
20250513,강남,종합운동장,23,16
20250513,강남,충정로(경기대입구),7,2
20250513,강남,충정로(경기대입구),8,2
20250513,강남,충정로(경기대입구),9,1
20250513,강남,충정로(경기대입구),10,3
20250513,강남,충정로(경기대입구),11,4
20250513,강남,충정로(경기대입구),12,1
20250513,강남,충정로(경기대입구),13,8
20250513,강남,충정로(경기대입구),14,1
20250513,강남,충정로(경기대입구),15,2
20250513,강남,충정로(경기대입구),16,5
20250513,강남,충정로(경기대입구),17,6
20250513,강남,충정로(경기대입구),18,5
20250513,강남,충정로(경기대입구),19,5
20250513,강남,충정로(경기대입구),20,11
20250513,강남,충정로(경기대입구),21,3
20250513,강남,충정로(경기대입구),22,5
20250513,강남,충정로(경기대입구),23,1
20250513,강남,한양대,0,2
20250513,강남,한양대,6,4
20250513,강남,한양대,7,6
20250513,강남,한양대,8,30
20250513,강남,한양대,9,38
20250513,강남,한양대,10,17
20250513,강남,한양대,11,8
20250513,강남,한양대,12,15
20250513,강남,한양대,13,22
20250513,강남,한양대,14,5
20250513,강남,한양대,15,18
20250513,강남,한양대,16,12
20250513,강남,한양대,17,33
20250513,강남,한양대,18,14
20250513,강남,한양대,19,9
20250513,강남,한양대,20,2
20250513,강남,한양대,21,6
20250513,강남,한양대,22,6
20250513,강남,한양대,23,2
20250513,강남,합정,0,3
20250513,강남,합정,6,2
20250513,강남,합정,7,8
20250513,강남,합정,8,6
20250513,강남,합정,9,7
20250513,강남,합정,10,12
20250513,강남,합정,11,10
20250513,강남,합정,12,20
20250513,강남,합정,13,31
20250513,강남,합정,14,24
20250513,강남,합정,15,24
20250513,강남,합정,16,38
20250513,강남,합정,17,68
20250513,강남,합정,18,110
20250513,강남,합정,19,52
20250513,강남,합정,20,36
20250513,강남,합정,21,29
20250513,강남,합정,22,31
20250513,강남,합정,23,13
20250513,강남,홍대입구,0,6
20250513,강남,홍대입구,5,1
20250513,강남,홍대입구,6,2
20250513,강남,홍대입구,7,8
20250513,강남,홍대입구,8,17
20250513,강남,홍대입구,9,9
20250513,강남,홍대입구,10,15
20250513,강남,홍대입구,11,23
20250513,강남,홍대입구,12,33
20250513,강남,홍대입구,13,34
20250513,강남,홍대입구,14,33
20250513,강남,홍대입구,15,65
20250513,강남,홍대입구,16,87
20250513,강남,홍대입구,17,113
20250513,강남,홍대입구,18,114
20250513,강남,홍대입구,19,97
20250513,강남,홍대입구,20,41
20250513,강남,홍대입구,21,53
20250513,강남,홍대입구,22,47
20250513,강남,홍대입구,23,19
20250513,강변(동서울터미널),강남,0,2
20250513,강변(동서울터미널),강남,5,34
20250513,강변(동서울터미널),강남,6,67
20250513,강변(동서울터미널),강남,7,222
20250513,강변(동서울터미널),강남,8,299
20250513,강변(동서울터미널),강남,9,198
20250513,강변(동서울터미널),강남,10,102
20250513,강변(동서울터미널),강남,11,47
20250513,강변(동서울터미널),강남,12,46
20250513,강변(동서울터미널),강남,13,59
20250513,강변(동서울터미널),강남,14,36
20250513,강변(동서울터미널),강남,15,45
20250513,강변(동서울터미널),강남,16,41
20250513,강변(동서울터미널),강남,17,53
20250513,강변(동서울터미널),강남,18,51
20250513,강변(동서울터미널),강남,19,20
20250513,강변(동서울터미널),강남,20,15
20250513,강변(동서울터미널),강남,21,17
20250513,강변(동서울터미널),강남,22,12
20250513,강변(동서울터미널),강남,23,2
20250513,강변(동서울터미널),강변(동서울터미널),0,1
20250513,강변(동서울터미널),강변(동서울터미널),5,2
20250513,강변(동서울터미널),강변(동서울터미널),6,3
20250513,강변(동서울터미널),강변(동서울터미널),7,7
20250513,강변(동서울터미널),강변(동서울터미널),8,4
20250513,강변(동서울터미널),강변(동서울터미널),9,8
20250513,강변(동서울터미널),강변(동서울터미널),10,11
20250513,강변(동서울터미널),강변(동서울터미널),11,12
20250513,강변(동서울터미널),강변(동서울터미널),12,12
20250513,강변(동서울터미널),강변(동서울터미널),13,14
20250513,강변(동서울터미널),강변(동서울터미널),14,15
20250513,강변(동서울터미널),강변(동서울터미널),15,6
20250513,강변(동서울터미널),강변(동서울터미널),16,7
20250513,강변(동서울터미널),강변(동서울터미널),17,7
20250513,강변(동서울터미널),강변(동서울터미널),18,11
20250513,강변(동서울터미널),강변(동서울터미널),19,3
20250513,강변(동서울터미널),강변(동서울터미널),20,3
20250513,강변(동서울터미널),강변(동서울터미널),21,4
20250513,강변(동서울터미널),강변(동서울터미널),22,11
20250513,강변(동서울터미널),강변(동서울터미널),23,2
20250513,강변(동서울터미널),건대입구,0,8
20250513,강변(동서울터미널),건대입구,5,9
20250513,강변(동서울터미널),건대입구,6,25
20250513,강변(동서울터미널),건대입구,7,56
20250513,강변(동서울터미널),건대입구,8,147
20250513,강변(동서울터미널),건대입구,9,90
20250513,강변(동서울터미널),건대입구,10,78
20250513,강변(동서울터미널),건대입구,11,78
20250513,강변(동서울터미널),건대입구,12,55
20250513,강변(동서울터미널),건대입구,13,66
20250513,강변(동서울터미널),건대입구,14,78
20250513,강변(동서울터미널),건대입구,15,58
20250513,강변(동서울터미널),건대입구,16,48
20250513,강변(동서울터미널),건대입구,17,92
20250513,강변(동서울터미널),건대입구,18,120
20250513,강변(동서울터미널),건대입구,19,55
20250513,강변(동서울터미널),건대입구,20,48
20250513,강변(동서울터미널),건대입구,21,32
20250513,강변(동서울터미널),건대입구,22,38
20250513,강변(동서울터미널),건대입구,23,16
20250513,강변(동서울터미널),교대(법원.검찰청),5,5
20250513,강변(동서울터미널),교대(법원.검찰청),6,21
20250513,강변(동서울터미널),교대(법원.검찰청),7,60
20250513,강변(동서울터미널),교대(법원.검찰청),8,99
20250513,강변(동서울터미널),교대(법원.검찰청),9,44
20250513,강변(동서울터미널),교대(법원.검찰청),10,36
20250513,강변(동서울터미널),교대(법원.검찰청),11,18
20250513,강변(동서울터미널),교대(법원.검찰청),12,18
20250513,강변(동서울터미널),교대(법원.검찰청),13,25
20250513,강변(동서울터미널),교대(법원.검찰청),14,13
20250513,강변(동서울터미널),교대(법원.검찰청),15,5
20250513,강변(동서울터미널),교대(법원.검찰청),16,12
20250513,강변(동서울터미널),교대(법원.검찰청),17,19
20250513,강변(동서울터미널),교대(법원.검찰청),18,16
20250513,강변(동서울터미널),교대(법원.검찰청),19,9
20250513,강변(동서울터미널),교대(법원.검찰청),20,2
20250513,강변(동서울터미널),교대(법원.검찰청),21,4
20250513,강변(동서울터미널),교대(법원.검찰청),22,4
20250513,강변(동서울터미널),교대(법원.검찰청),23,2
20250513,강변(동서울터미널),구로디지털단지,0,1
20250513,강변(동서울터미널),구로디지털단지,5,2
20250513,강변(동서울터미널),구로디지털단지,6,18
20250513,강변(동서울터미널),구로디지털단지,7,69
20250513,강변(동서울터미널),구로디지털단지,8,36
20250513,강변(동서울터미널),구로디지털단지,9,21
20250513,강변(동서울터미널),구로디지털단지,10,7
20250513,강변(동서울터미널),구로디지털단지,11,14
20250513,강변(동서울터미널),구로디지털단지,12,9
20250513,강변(동서울터미널),구로디지털단지,13,8
20250513,강변(동서울터미널),구로디지털단지,14,12
20250513,강변(동서울터미널),구로디지털단지,15,18
20250513,강변(동서울터미널),구로디지털단지,16,18
20250513,강변(동서울터미널),구로디지털단지,17,17
20250513,강변(동서울터미널),구로디지털단지,18,15
20250513,강변(동서울터미널),구로디지털단지,19,12
20250513,강변(동서울터미널),구로디지털단지,20,10
20250513,강변(동서울터미널),구로디지털단지,21,8
20250513,강변(동서울터미널),구로디지털단지,22,5
20250513,강변(동서울터미널),구로디지털단지,23,1
20250513,강변(동서울터미널),구의(광진구청),5,1
20250513,강변(동서울터미널),구의(광진구청),6,7
20250513,강변(동서울터미널),구의(광진구청),7,9
20250513,강변(동서울터미널),구의(광진구청),8,28
20250513,강변(동서울터미널),구의(광진구청),9,25
20250513,강변(동서울터미널),구의(광진구청),10,25
20250513,강변(동서울터미널),구의(광진구청),11,29
20250513,강변(동서울터미널),구의(광진구청),12,31
20250513,강변(동서울터미널),구의(광진구청),13,25
20250513,강변(동서울터미널),구의(광진구청),14,22
20250513,강변(동서울터미널),구의(광진구청),15,34
20250513,강변(동서울터미널),구의(광진구청),16,29
20250513,강변(동서울터미널),구의(광진구청),17,32
20250513,강변(동서울터미널),구의(광진구청),18,37
20250513,강변(동서울터미널),구의(광진구청),19,14
20250513,강변(동서울터미널),구의(광진구청),20,21
20250513,강변(동서울터미널),구의(광진구청),21,24
20250513,강변(동서울터미널),구의(광진구청),22,11
20250513,강변(동서울터미널),구의(광진구청),23,5
20250513,강변(동서울터미널),낙성대,5,2
20250513,강변(동서울터미널),낙성대,6,2
20250513,강변(동서울터미널),낙성대,7,13
20250513,강변(동서울터미널),낙성대,8,18
20250513,강변(동서울터미널),낙성대,9,9
20250513,강변(동서울터미널),낙성대,10,8
20250513,강변(동서울터미널),낙성대,11,8
20250513,강변(동서울터미널),낙성대,12,10
20250513,강변(동서울터미널),낙성대,13,3
20250513,강변(동서울터미널),낙성대,14,4
20250513,강변(동서울터미널),낙성대,15,8
20250513,강변(동서울터미널),낙성대,16,7
20250513,강변(동서울터미널),낙성대,17,9
20250513,강변(동서울터미널),낙성대,18,14
20250513,강변(동서울터미널),낙성대,19,11
20250513,강변(동서울터미널),낙성대,20,4
20250513,강변(동서울터미널),낙성대,21,5
20250513,강변(동서울터미널),낙성대,22,6
20250513,강변(동서울터미널),낙성대,23,1
20250513,강변(동서울터미널),당산,5,4
20250513,강변(동서울터미널),당산,6,5
20250513,강변(동서울터미널),당산,7,14
20250513,강변(동서울터미널),당산,8,8
20250513,강변(동서울터미널),당산,9,3
20250513,강변(동서울터미널),당산,10,4
20250513,강변(동서울터미널),당산,11,5
20250513,강변(동서울터미널),당산,12,4
20250513,강변(동서울터미널),당산,13,1
20250513,강변(동서울터미널),당산,14,1
20250513,강변(동서울터미널),당산,16,6
20250513,강변(동서울터미널),당산,17,5
20250513,강변(동서울터미널),당산,18,12
20250513,강변(동서울터미널),당산,19,6
20250513,강변(동서울터미널),당산,20,2
20250513,강변(동서울터미널),당산,21,1
20250513,강변(동서울터미널),당산,22,1
20250513,강변(동서울터미널),대림(구로구청),5,1
20250513,강변(동서울터미널),대림(구로구청),6,4
20250513,강변(동서울터미널),대림(구로구청),7,7
20250513,강변(동서울터미널),대림(구로구청),8,8
20250513,강변(동서울터미널),대림(구로구청),9,12
20250513,강변(동서울터미널),대림(구로구청),10,7
20250513,강변(동서울터미널),대림(구로구청),11,8
20250513,강변(동서울터미널),대림(구로구청),12,4
20250513,강변(동서울터미널),대림(구로구청),13,6
20250513,강변(동서울터미널),대림(구로구청),14,5
20250513,강변(동서울터미널),대림(구로구청),15,7
20250513,강변(동서울터미널),대림(구로구청),16,9
20250513,강변(동서울터미널),대림(구로구청),17,12
20250513,강변(동서울터미널),대림(구로구청),18,10
20250513,강변(동서울터미널),대림(구로구청),19,6
20250513,강변(동서울터미널),대림(구로구청),20,3
20250513,강변(동서울터미널),대림(구로구청),22,5
20250513,강변(동서울터미널),대림(구로구청),23,3
20250513,강변(동서울터미널),동대문역사문화공원,5,6
20250513,강변(동서울터미널),동대문역사문화공원,6,12
20250513,강변(동서울터미널),동대문역사문화공원,7,23
20250513,강변(동서울터미널),동대문역사문화공원,8,32
20250513,강변(동서울터미널),동대문역사문화공원,9,13
20250513,강변(동서울터미널),동대문역사문화공원,10,24
20250513,강변(동서울터미널),동대문역사문화공원,11,18
20250513,강변(동서울터미널),동대문역사문화공원,12,17
20250513,강변(동서울터미널),동대문역사문화공원,13,8
20250513,강변(동서울터미널),동대문역사문화공원,14,9
20250513,강변(동서울터미널),동대문역사문화공원,15,10
20250513,강변(동서울터미널),동대문역사문화공원,16,5
20250513,강변(동서울터미널),동대문역사문화공원,17,5
20250513,강변(동서울터미널),동대문역사문화공원,18,16
20250513,강변(동서울터미널),동대문역사문화공원,19,5
20250513,강변(동서울터미널),동대문역사문화공원,20,8
20250513,강변(동서울터미널),동대문역사문화공원,21,2
20250513,강변(동서울터미널),동대문역사문화공원,22,3
20250513,강변(동서울터미널),동대문역사문화공원,23,2
20250513,강변(동서울터미널),뚝섬,0,2
20250513,강변(동서울터미널),뚝섬,5,10
20250513,강변(동서울터미널),뚝섬,6,31
20250513,강변(동서울터미널),뚝섬,7,88
20250513,강변(동서울터미널),뚝섬,8,200
20250513,강변(동서울터미널),뚝섬,9,75
20250513,강변(동서울터미널),뚝섬,10,39
20250513,강변(동서울터미널),뚝섬,11,35
20250513,강변(동서울터미널),뚝섬,12,40
20250513,강변(동서울터미널),뚝섬,13,26
20250513,강변(동서울터미널),뚝섬,14,24
20250513,강변(동서울터미널),뚝섬,15,29
20250513,강변(동서울터미널),뚝섬,16,31
20250513,강변(동서울터미널),뚝섬,17,26
20250513,강변(동서울터미널),뚝섬,18,28
20250513,강변(동서울터미널),뚝섬,19,15
20250513,강변(동서울터미널),뚝섬,20,9
20250513,강변(동서울터미널),뚝섬,21,5
20250513,강변(동서울터미널),뚝섬,22,5
20250513,강변(동서울터미널),뚝섬,23,1
20250513,강변(동서울터미널),문래,6,6
20250513,강변(동서울터미널),문래,7,22
20250513,강변(동서울터미널),문래,8,12
20250513,강변(동서울터미널),문래,9,3
20250513,강변(동서울터미널),문래,10,4
20250513,강변(동서울터미널),문래,11,3
20250513,강변(동서울터미널),문래,12,2
20250513,강변(동서울터미널),문래,13,1
20250513,강변(동서울터미널),문래,15,4
20250513,강변(동서울터미널),문래,17,1
20250513,강변(동서울터미널),문래,18,5
20250513,강변(동서울터미널),문래,19,2
20250513,강변(동서울터미널),문래,20,1
20250513,강변(동서울터미널),문래,21,1
20250513,강변(동서울터미널),방배,5,3
20250513,강변(동서울터미널),방배,6,10
20250513,강변(동서울터미널),방배,7,32
20250513,강변(동서울터미널),방배,8,30
20250513,강변(동서울터미널),방배,9,31
20250513,강변(동서울터미널),방배,10,15
20250513,강변(동서울터미널),방배,11,10
20250513,강변(동서울터미널),방배,12,10
20250513,강변(동서울터미널),방배,13,4
20250513,강변(동서울터미널),방배,14,4
20250513,강변(동서울터미널),방배,15,9
20250513,강변(동서울터미널),방배,16,13
20250513,강변(동서울터미널),방배,17,10
20250513,강변(동서울터미널),방배,18,3
20250513,강변(동서울터미널),방배,19,3
20250513,강변(동서울터미널),방배,20,3
20250513,강변(동서울터미널),방배,21,1
20250513,강변(동서울터미널),방배,22,2
20250513,강변(동서울터미널),방배,23,1
20250513,강변(동서울터미널),봉천,6,1
20250513,강변(동서울터미널),봉천,7,8
20250513,강변(동서울터미널),봉천,8,3
20250513,강변(동서울터미널),봉천,9,4
20250513,강변(동서울터미널),봉천,10,3
20250513,강변(동서울터미널),봉천,11,3
20250513,강변(동서울터미널),봉천,12,4
20250513,강변(동서울터미널),봉천,13,2
20250513,강변(동서울터미널),봉천,14,2
20250513,강변(동서울터미널),봉천,15,6
20250513,강변(동서울터미널),봉천,16,5
20250513,강변(동서울터미널),봉천,17,8
20250513,강변(동서울터미널),봉천,18,13
20250513,강변(동서울터미널),봉천,19,7
20250513,강변(동서울터미널),봉천,20,7
20250513,강변(동서울터미널),봉천,21,7
20250513,강변(동서울터미널),봉천,22,3
20250513,강변(동서울터미널),사당,5,6
20250513,강변(동서울터미널),사당,6,15
20250513,강변(동서울터미널),사당,7,41
20250513,강변(동서울터미널),사당,8,31
20250513,강변(동서울터미널),사당,9,22
20250513,강변(동서울터미널),사당,10,23
20250513,강변(동서울터미널),사당,11,26
20250513,강변(동서울터미널),사당,12,18
20250513,강변(동서울터미널),사당,13,15
20250513,강변(동서울터미널),사당,14,12
20250513,강변(동서울터미널),사당,15,19
20250513,강변(동서울터미널),사당,16,17
20250513,강변(동서울터미널),사당,17,32
20250513,강변(동서울터미널),사당,18,25
20250513,강변(동서울터미널),사당,19,14
20250513,강변(동서울터미널),사당,20,19
20250513,강변(동서울터미널),사당,21,8
20250513,강변(동서울터미널),사당,22,7
20250513,강변(동서울터미널),사당,23,5
20250513,강변(동서울터미널),삼성(무역센터),0,2
20250513,강변(동서울터미널),삼성(무역센터),5,27
20250513,강변(동서울터미널),삼성(무역센터),6,49
20250513,강변(동서울터미널),삼성(무역센터),7,176
20250513,강변(동서울터미널),삼성(무역센터),8,281
20250513,강변(동서울터미널),삼성(무역센터),9,193
20250513,강변(동서울터미널),삼성(무역센터),10,69
20250513,강변(동서울터미널),삼성(무역센터),11,37
20250513,강변(동서울터미널),삼성(무역센터),12,41
20250513,강변(동서울터미널),삼성(무역센터),13,31
20250513,강변(동서울터미널),삼성(무역센터),14,23
20250513,강변(동서울터미널),삼성(무역센터),15,33
20250513,강변(동서울터미널),삼성(무역센터),16,26
20250513,강변(동서울터미널),삼성(무역센터),17,40
20250513,강변(동서울터미널),삼성(무역센터),18,32
20250513,강변(동서울터미널),삼성(무역센터),19,9
20250513,강변(동서울터미널),삼성(무역센터),20,9
20250513,강변(동서울터미널),삼성(무역센터),21,12
20250513,강변(동서울터미널),삼성(무역센터),22,7
20250513,강변(동서울터미널),삼성(무역센터),23,1
20250513,강변(동서울터미널),상왕십리,5,3
20250513,강변(동서울터미널),상왕십리,6,1
20250513,강변(동서울터미널),상왕십리,7,12
20250513,강변(동서울터미널),상왕십리,8,18
20250513,강변(동서울터미널),상왕십리,9,11
20250513,강변(동서울터미널),상왕십리,10,4
20250513,강변(동서울터미널),상왕십리,11,4
20250513,강변(동서울터미널),상왕십리,12,3
20250513,강변(동서울터미널),상왕십리,13,2
20250513,강변(동서울터미널),상왕십리,14,4
20250513,강변(동서울터미널),상왕십리,15,7
20250513,강변(동서울터미널),상왕십리,16,11
20250513,강변(동서울터미널),상왕십리,17,10
20250513,강변(동서울터미널),상왕십리,18,13
20250513,강변(동서울터미널),상왕십리,19,12
20250513,강변(동서울터미널),상왕십리,20,4
20250513,강변(동서울터미널),상왕십리,21,9
20250513,강변(동서울터미널),상왕십리,22,6
20250513,강변(동서울터미널),서울대입구(관악구청),5,2
20250513,강변(동서울터미널),서울대입구(관악구청),6,5
20250513,강변(동서울터미널),서울대입구(관악구청),7,29
20250513,강변(동서울터미널),서울대입구(관악구청),8,31
20250513,강변(동서울터미널),서울대입구(관악구청),9,22
20250513,강변(동서울터미널),서울대입구(관악구청),10,11
20250513,강변(동서울터미널),서울대입구(관악구청),11,13
20250513,강변(동서울터미널),서울대입구(관악구청),12,10
20250513,강변(동서울터미널),서울대입구(관악구청),13,8
20250513,강변(동서울터미널),서울대입구(관악구청),14,8
20250513,강변(동서울터미널),서울대입구(관악구청),15,12
20250513,강변(동서울터미널),서울대입구(관악구청),16,7
20250513,강변(동서울터미널),서울대입구(관악구청),17,10
20250513,강변(동서울터미널),서울대입구(관악구청),18,17
20250513,강변(동서울터미널),서울대입구(관악구청),19,9
20250513,강변(동서울터미널),서울대입구(관악구청),20,14
20250513,강변(동서울터미널),서울대입구(관악구청),21,9
20250513,강변(동서울터미널),서울대입구(관악구청),22,9
20250513,강변(동서울터미널),서울대입구(관악구청),23,1
20250513,강변(동서울터미널),서초,0,1
20250513,강변(동서울터미널),서초,5,5
20250513,강변(동서울터미널),서초,6,10
20250513,강변(동서울터미널),서초,7,45
20250513,강변(동서울터미널),서초,8,83
20250513,강변(동서울터미널),서초,9,37
20250513,강변(동서울터미널),서초,10,13
20250513,강변(동서울터미널),서초,11,6
20250513,강변(동서울터미널),서초,12,8
20250513,강변(동서울터미널),서초,13,8
20250513,강변(동서울터미널),서초,14,11
20250513,강변(동서울터미널),서초,15,8
20250513,강변(동서울터미널),서초,16,7
20250513,강변(동서울터미널),서초,17,6
20250513,강변(동서울터미널),서초,18,14
20250513,강변(동서울터미널),서초,19,5
20250513,강변(동서울터미널),서초,21,2
20250513,강변(동서울터미널),서초,22,3
20250513,강변(동서울터미널),선릉,5,17
20250513,강변(동서울터미널),선릉,6,56
20250513,강변(동서울터미널),선릉,7,166
20250513,강변(동서울터미널),선릉,8,228
20250513,강변(동서울터미널),선릉,9,127
20250513,강변(동서울터미널),선릉,10,59
20250513,강변(동서울터미널),선릉,11,38
20250513,강변(동서울터미널),선릉,12,35
20250513,강변(동서울터미널),선릉,13,30
20250513,강변(동서울터미널),선릉,14,24
20250513,강변(동서울터미널),선릉,15,33
20250513,강변(동서울터미널),선릉,16,25
20250513,강변(동서울터미널),선릉,17,24
20250513,강변(동서울터미널),선릉,18,17
20250513,강변(동서울터미널),선릉,19,9
20250513,강변(동서울터미널),선릉,20,10
20250513,강변(동서울터미널),선릉,21,7
20250513,강변(동서울터미널),선릉,22,11
20250513,강변(동서울터미널),선릉,23,4
20250513,강변(동서울터미널),성수,0,4
20250513,강변(동서울터미널),성수,5,15
20250513,강변(동서울터미널),성수,6,44
20250513,강변(동서울터미널),성수,7,156
20250513,강변(동서울터미널),성수,8,377
20250513,강변(동서울터미널),성수,9,185
20250513,강변(동서울터미널),성수,10,104
20250513,강변(동서울터미널),성수,11,77
20250513,강변(동서울터미널),성수,12,67
20250513,강변(동서울터미널),성수,13,53
20250513,강변(동서울터미널),성수,14,43
20250513,강변(동서울터미널),성수,15,31
20250513,강변(동서울터미널),성수,16,31
20250513,강변(동서울터미널),성수,17,35
20250513,강변(동서울터미널),성수,18,42
20250513,강변(동서울터미널),성수,19,22
20250513,강변(동서울터미널),성수,20,11
20250513,강변(동서울터미널),성수,21,5
20250513,강변(동서울터미널),성수,22,9
20250513,강변(동서울터미널),성수,23,9
20250513,강변(동서울터미널),시청,5,1
20250513,강변(동서울터미널),시청,6,30
20250513,강변(동서울터미널),시청,7,103
20250513,강변(동서울터미널),시청,8,116
20250513,강변(동서울터미널),시청,9,29
20250513,강변(동서울터미널),시청,10,17
20250513,강변(동서울터미널),시청,11,8
20250513,강변(동서울터미널),시청,12,10
20250513,강변(동서울터미널),시청,13,6
20250513,강변(동서울터미널),시청,14,5
20250513,강변(동서울터미널),시청,15,8
20250513,강변(동서울터미널),시청,16,13
20250513,강변(동서울터미널),시청,17,1
20250513,강변(동서울터미널),시청,18,4
20250513,강변(동서울터미널),시청,19,2
20250513,강변(동서울터미널),시청,20,3
20250513,강변(동서울터미널),시청,21,2
20250513,강변(동서울터미널),신당,5,1
20250513,강변(동서울터미널),신당,6,3
20250513,강변(동서울터미널),신당,7,7
20250513,강변(동서울터미널),신당,8,13
20250513,강변(동서울터미널),신당,9,13
20250513,강변(동서울터미널),신당,10,8
20250513,강변(동서울터미널),신당,11,6
20250513,강변(동서울터미널),신당,12,10
20250513,강변(동서울터미널),신당,13,8
20250513,강변(동서울터미널),신당,14,8
20250513,강변(동서울터미널),신당,15,7
20250513,강변(동서울터미널),신당,16,9
20250513,강변(동서울터미널),신당,17,8
20250513,강변(동서울터미널),신당,18,7
20250513,강변(동서울터미널),신당,19,8
20250513,강변(동서울터미널),신당,20,4
20250513,강변(동서울터미널),신당,21,5
20250513,강변(동서울터미널),신당,22,3
20250513,강변(동서울터미널),신당,23,1
20250513,강변(동서울터미널),신대방,5,4
20250513,강변(동서울터미널),신대방,6,1
20250513,강변(동서울터미널),신대방,7,4
20250513,강변(동서울터미널),신대방,8,9
20250513,강변(동서울터미널),신대방,9,5
20250513,강변(동서울터미널),신대방,10,6
20250513,강변(동서울터미널),신대방,11,4
20250513,강변(동서울터미널),신대방,12,2
20250513,강변(동서울터미널),신대방,13,3
20250513,강변(동서울터미널),신대방,14,5
20250513,강변(동서울터미널),신대방,15,7
20250513,강변(동서울터미널),신대방,16,5
20250513,강변(동서울터미널),신대방,17,6
20250513,강변(동서울터미널),신대방,18,10
20250513,강변(동서울터미널),신대방,19,6
20250513,강변(동서울터미널),신대방,20,5
20250513,강변(동서울터미널),신대방,21,1
20250513,강변(동서울터미널),신대방,22,3
20250513,강변(동서울터미널),신대방,23,1
20250513,강변(동서울터미널),신도림,0,1
20250513,강변(동서울터미널),신도림,5,1
20250513,강변(동서울터미널),신도림,6,4
20250513,강변(동서울터미널),신도림,7,17
20250513,강변(동서울터미널),신도림,8,8
20250513,강변(동서울터미널),신도림,9,6
20250513,강변(동서울터미널),신도림,10,4
20250513,강변(동서울터미널),신도림,11,6
20250513,강변(동서울터미널),신도림,12,8
20250513,강변(동서울터미널),신도림,13,9
20250513,강변(동서울터미널),신도림,14,4
20250513,강변(동서울터미널),신도림,15,9
20250513,강변(동서울터미널),신도림,16,6
20250513,강변(동서울터미널),신도림,17,3
20250513,강변(동서울터미널),신도림,18,15
20250513,강변(동서울터미널),신도림,19,3
20250513,강변(동서울터미널),신도림,20,5
20250513,강변(동서울터미널),신도림,21,3
20250513,강변(동서울터미널),신도림,22,2
20250513,강변(동서울터미널),신도림,23,2
20250513,강변(동서울터미널),신림,5,1
20250513,강변(동서울터미널),신림,6,9
20250513,강변(동서울터미널),신림,7,13
20250513,강변(동서울터미널),신림,8,10
20250513,강변(동서울터미널),신림,9,9
20250513,강변(동서울터미널),신림,10,16
20250513,강변(동서울터미널),신림,11,3
20250513,강변(동서울터미널),신림,12,12
20250513,강변(동서울터미널),신림,13,9
20250513,강변(동서울터미널),신림,14,5
20250513,강변(동서울터미널),신림,15,3
20250513,강변(동서울터미널),신림,16,15
20250513,강변(동서울터미널),신림,17,24
20250513,강변(동서울터미널),신림,18,39
20250513,강변(동서울터미널),신림,19,20
20250513,강변(동서울터미널),신림,20,14
20250513,강변(동서울터미널),신림,21,10
20250513,강변(동서울터미널),신림,22,11
20250513,강변(동서울터미널),신림,23,6
20250513,강변(동서울터미널),신촌,5,2
20250513,강변(동서울터미널),신촌,6,4
20250513,강변(동서울터미널),신촌,7,37
20250513,강변(동서울터미널),신촌,8,47
20250513,강변(동서울터미널),신촌,9,47
20250513,강변(동서울터미널),신촌,10,30
20250513,강변(동서울터미널),신촌,11,22
20250513,강변(동서울터미널),신촌,12,26
20250513,강변(동서울터미널),신촌,13,16
20250513,강변(동서울터미널),신촌,14,11
20250513,강변(동서울터미널),신촌,15,12
20250513,강변(동서울터미널),신촌,16,17
20250513,강변(동서울터미널),신촌,17,16
20250513,강변(동서울터미널),신촌,18,18
20250513,강변(동서울터미널),신촌,19,6
20250513,강변(동서울터미널),신촌,20,8
20250513,강변(동서울터미널),신촌,21,6
20250513,강변(동서울터미널),신촌,22,5
20250513,강변(동서울터미널),신촌,23,1
20250513,강변(동서울터미널),아현,6,2
20250513,강변(동서울터미널),아현,7,1
20250513,강변(동서울터미널),아현,8,5
20250513,강변(동서울터미널),아현,9,5
20250513,강변(동서울터미널),아현,10,1
20250513,강변(동서울터미널),아현,11,5
20250513,강변(동서울터미널),아현,12,1
20250513,강변(동서울터미널),아현,13,4
20250513,강변(동서울터미널),아현,14,5
20250513,강변(동서울터미널),아현,15,2
20250513,강변(동서울터미널),아현,16,2
20250513,강변(동서울터미널),아현,17,5
20250513,강변(동서울터미널),아현,18,3
20250513,강변(동서울터미널),아현,19,6
20250513,강변(동서울터미널),아현,20,1
20250513,강변(동서울터미널),아현,21,2
20250513,강변(동서울터미널),아현,22,1
20250513,강변(동서울터미널),역삼,0,3
20250513,강변(동서울터미널),역삼,5,4
20250513,강변(동서울터미널),역삼,6,34
20250513,강변(동서울터미널),역삼,7,160
20250513,강변(동서울터미널),역삼,8,273
20250513,강변(동서울터미널),역삼,9,170
20250513,강변(동서울터미널),역삼,10,71
20250513,강변(동서울터미널),역삼,11,34
20250513,강변(동서울터미널),역삼,12,19
20250513,강변(동서울터미널),역삼,13,23
20250513,강변(동서울터미널),역삼,14,12
20250513,강변(동서울터미널),역삼,15,11
20250513,강변(동서울터미널),역삼,16,12
20250513,강변(동서울터미널),역삼,17,18
20250513,강변(동서울터미널),역삼,18,17
20250513,강변(동서울터미널),역삼,19,7
20250513,강변(동서울터미널),역삼,20,6
20250513,강변(동서울터미널),역삼,21,6
20250513,강변(동서울터미널),역삼,22,6
20250513,강변(동서울터미널),역삼,23,6
20250513,강변(동서울터미널),영등포구청,5,1
20250513,강변(동서울터미널),영등포구청,6,6
20250513,강변(동서울터미널),영등포구청,7,14
20250513,강변(동서울터미널),영등포구청,8,5
20250513,강변(동서울터미널),영등포구청,9,4
20250513,강변(동서울터미널),영등포구청,10,2
20250513,강변(동서울터미널),영등포구청,11,4
20250513,강변(동서울터미널),영등포구청,12,2
20250513,강변(동서울터미널),영등포구청,13,1
20250513,강변(동서울터미널),영등포구청,14,2
20250513,강변(동서울터미널),영등포구청,15,3
20250513,강변(동서울터미널),영등포구청,16,6
20250513,강변(동서울터미널),영등포구청,17,4
20250513,강변(동서울터미널),영등포구청,18,3
20250513,강변(동서울터미널),영등포구청,19,1
20250513,강변(동서울터미널),영등포구청,22,2
20250513,강변(동서울터미널),왕십리(성동구청),6,8
20250513,강변(동서울터미널),왕십리(성동구청),7,15
20250513,강변(동서울터미널),왕십리(성동구청),8,26
20250513,강변(동서울터미널),왕십리(성동구청),9,9
20250513,강변(동서울터미널),왕십리(성동구청),10,10
20250513,강변(동서울터미널),왕십리(성동구청),11,11
20250513,강변(동서울터미널),왕십리(성동구청),12,6
20250513,강변(동서울터미널),왕십리(성동구청),13,10
20250513,강변(동서울터미널),왕십리(성동구청),14,10
20250513,강변(동서울터미널),왕십리(성동구청),15,6
20250513,강변(동서울터미널),왕십리(성동구청),16,6
20250513,강변(동서울터미널),왕십리(성동구청),17,5
20250513,강변(동서울터미널),왕십리(성동구청),18,12
20250513,강변(동서울터미널),왕십리(성동구청),19,5
20250513,강변(동서울터미널),왕십리(성동구청),20,3
20250513,강변(동서울터미널),왕십리(성동구청),21,5
20250513,강변(동서울터미널),왕십리(성동구청),22,2
20250513,강변(동서울터미널),왕십리(성동구청),23,3
20250513,강변(동서울터미널),용두(동대문구청),5,1
20250513,강변(동서울터미널),용두(동대문구청),7,11
20250513,강변(동서울터미널),용두(동대문구청),8,7
20250513,강변(동서울터미널),용두(동대문구청),9,2
20250513,강변(동서울터미널),용두(동대문구청),10,5
20250513,강변(동서울터미널),용두(동대문구청),11,4
20250513,강변(동서울터미널),용두(동대문구청),12,2
20250513,강변(동서울터미널),용두(동대문구청),13,2
20250513,강변(동서울터미널),용두(동대문구청),14,2
20250513,강변(동서울터미널),용두(동대문구청),15,3
20250513,강변(동서울터미널),용두(동대문구청),16,5
20250513,강변(동서울터미널),용두(동대문구청),17,2
20250513,강변(동서울터미널),용두(동대문구청),18,4
20250513,강변(동서울터미널),용두(동대문구청),19,2
20250513,강변(동서울터미널),용두(동대문구청),20,2
20250513,강변(동서울터미널),용두(동대문구청),21,3
20250513,강변(동서울터미널),을지로3가,5,4
20250513,강변(동서울터미널),을지로3가,6,18
20250513,강변(동서울터미널),을지로3가,7,85
20250513,강변(동서울터미널),을지로3가,8,77
20250513,강변(동서울터미널),을지로3가,9,31
20250513,강변(동서울터미널),을지로3가,10,10
20250513,강변(동서울터미널),을지로3가,11,12
20250513,강변(동서울터미널),을지로3가,12,12
20250513,강변(동서울터미널),을지로3가,13,13
20250513,강변(동서울터미널),을지로3가,14,7
20250513,강변(동서울터미널),을지로3가,15,5
20250513,강변(동서울터미널),을지로3가,16,4
20250513,강변(동서울터미널),을지로3가,17,11
20250513,강변(동서울터미널),을지로3가,18,7
20250513,강변(동서울터미널),을지로3가,19,5
20250513,강변(동서울터미널),을지로3가,21,1
20250513,강변(동서울터미널),을지로3가,22,2
20250513,강변(동서울터미널),을지로4가,5,4
20250513,강변(동서울터미널),을지로4가,6,15
20250513,강변(동서울터미널),을지로4가,7,44
20250513,강변(동서울터미널),을지로4가,8,47
20250513,강변(동서울터미널),을지로4가,9,20
20250513,강변(동서울터미널),을지로4가,10,22
20250513,강변(동서울터미널),을지로4가,11,10
20250513,강변(동서울터미널),을지로4가,12,11
20250513,강변(동서울터미널),을지로4가,13,11
20250513,강변(동서울터미널),을지로4가,14,9
20250513,강변(동서울터미널),을지로4가,15,3
20250513,강변(동서울터미널),을지로4가,16,4
20250513,강변(동서울터미널),을지로4가,17,6
20250513,강변(동서울터미널),을지로4가,18,5
20250513,강변(동서울터미널),을지로4가,19,1
20250513,강변(동서울터미널),을지로4가,20,2
20250513,강변(동서울터미널),을지로4가,21,1
20250513,강변(동서울터미널),을지로4가,22,1
20250513,강변(동서울터미널),을지로입구,5,11
20250513,강변(동서울터미널),을지로입구,6,23
20250513,강변(동서울터미널),을지로입구,7,143
20250513,강변(동서울터미널),을지로입구,8,184
20250513,강변(동서울터미널),을지로입구,9,46
20250513,강변(동서울터미널),을지로입구,10,43
20250513,강변(동서울터미널),을지로입구,11,28
20250513,강변(동서울터미널),을지로입구,12,21
20250513,강변(동서울터미널),을지로입구,13,18
20250513,강변(동서울터미널),을지로입구,14,8
20250513,강변(동서울터미널),을지로입구,15,10
20250513,강변(동서울터미널),을지로입구,16,10
20250513,강변(동서울터미널),을지로입구,17,12
20250513,강변(동서울터미널),을지로입구,18,6
20250513,강변(동서울터미널),을지로입구,20,1
20250513,강변(동서울터미널),을지로입구,21,1
20250513,강변(동서울터미널),을지로입구,22,1
20250513,강변(동서울터미널),이대,5,1
20250513,강변(동서울터미널),이대,6,4
20250513,강변(동서울터미널),이대,7,12
20250513,강변(동서울터미널),이대,8,25
20250513,강변(동서울터미널),이대,9,25
20250513,강변(동서울터미널),이대,10,14
20250513,강변(동서울터미널),이대,11,13
20250513,강변(동서울터미널),이대,12,13
20250513,강변(동서울터미널),이대,13,10
20250513,강변(동서울터미널),이대,14,9
20250513,강변(동서울터미널),이대,15,6
20250513,강변(동서울터미널),이대,16,9
20250513,강변(동서울터미널),이대,17,5
20250513,강변(동서울터미널),이대,18,6
20250513,강변(동서울터미널),이대,19,3
20250513,강변(동서울터미널),이대,20,4
20250513,강변(동서울터미널),이대,21,2
20250513,강변(동서울터미널),잠실(송파구청),0,5
20250513,강변(동서울터미널),잠실(송파구청),5,27
20250513,강변(동서울터미널),잠실(송파구청),6,54
20250513,강변(동서울터미널),잠실(송파구청),7,97
20250513,강변(동서울터미널),잠실(송파구청),8,178
20250513,강변(동서울터미널),잠실(송파구청),9,138
20250513,강변(동서울터미널),잠실(송파구청),10,142
20250513,강변(동서울터미널),잠실(송파구청),11,141
20250513,강변(동서울터미널),잠실(송파구청),12,93
20250513,강변(동서울터미널),잠실(송파구청),13,85
20250513,강변(동서울터미널),잠실(송파구청),14,68
20250513,강변(동서울터미널),잠실(송파구청),15,78
20250513,강변(동서울터미널),잠실(송파구청),16,86
20250513,강변(동서울터미널),잠실(송파구청),17,92
20250513,강변(동서울터미널),잠실(송파구청),18,142
20250513,강변(동서울터미널),잠실(송파구청),19,71
20250513,강변(동서울터미널),잠실(송파구청),20,47
20250513,강변(동서울터미널),잠실(송파구청),21,36
20250513,강변(동서울터미널),잠실(송파구청),22,28
20250513,강변(동서울터미널),잠실(송파구청),23,14
20250513,강변(동서울터미널),잠실나루,0,1
20250513,강변(동서울터미널),잠실나루,5,12
20250513,강변(동서울터미널),잠실나루,6,14
20250513,강변(동서울터미널),잠실나루,7,36
20250513,강변(동서울터미널),잠실나루,8,134
20250513,강변(동서울터미널),잠실나루,9,104
20250513,강변(동서울터미널),잠실나루,10,64
20250513,강변(동서울터미널),잠실나루,11,51
20250513,강변(동서울터미널),잠실나루,12,45
20250513,강변(동서울터미널),잠실나루,13,45
20250513,강변(동서울터미널),잠실나루,14,26
20250513,강변(동서울터미널),잠실나루,15,32
20250513,강변(동서울터미널),잠실나루,16,39
20250513,강변(동서울터미널),잠실나루,17,36
20250513,강변(동서울터미널),잠실나루,18,37
20250513,강변(동서울터미널),잠실나루,19,20
20250513,강변(동서울터미널),잠실나루,20,11
20250513,강변(동서울터미널),잠실나루,21,19
20250513,강변(동서울터미널),잠실나루,22,11
20250513,강변(동서울터미널),잠실나루,23,1
20250513,강변(동서울터미널),잠실새내,0,2
20250513,강변(동서울터미널),잠실새내,5,8
20250513,강변(동서울터미널),잠실새내,6,8
20250513,강변(동서울터미널),잠실새내,7,18
20250513,강변(동서울터미널),잠실새내,8,47
20250513,강변(동서울터미널),잠실새내,9,39
20250513,강변(동서울터미널),잠실새내,10,25
20250513,강변(동서울터미널),잠실새내,11,22
20250513,강변(동서울터미널),잠실새내,12,14
20250513,강변(동서울터미널),잠실새내,13,20
20250513,강변(동서울터미널),잠실새내,14,26
20250513,강변(동서울터미널),잠실새내,15,27
20250513,강변(동서울터미널),잠실새내,16,31
20250513,강변(동서울터미널),잠실새내,17,35
20250513,강변(동서울터미널),잠실새내,18,56
20250513,강변(동서울터미널),잠실새내,19,37
20250513,강변(동서울터미널),잠실새내,20,18
20250513,강변(동서울터미널),잠실새내,21,15
20250513,강변(동서울터미널),잠실새내,22,15
20250513,강변(동서울터미널),잠실새내,23,6
20250513,강변(동서울터미널),종합운동장,4,1
20250513,강변(동서울터미널),종합운동장,5,2
20250513,강변(동서울터미널),종합운동장,6,11
20250513,강변(동서울터미널),종합운동장,7,19
20250513,강변(동서울터미널),종합운동장,8,15
20250513,강변(동서울터미널),종합운동장,9,14
20250513,강변(동서울터미널),종합운동장,10,8
20250513,강변(동서울터미널),종합운동장,11,6
20250513,강변(동서울터미널),종합운동장,12,4
20250513,강변(동서울터미널),종합운동장,13,6
20250513,강변(동서울터미널),종합운동장,14,3
20250513,강변(동서울터미널),종합운동장,15,4
20250513,강변(동서울터미널),종합운동장,16,23
20250513,강변(동서울터미널),종합운동장,17,87
20250513,강변(동서울터미널),종합운동장,18,44
20250513,강변(동서울터미널),종합운동장,19,9
20250513,강변(동서울터미널),종합운동장,20,8
20250513,강변(동서울터미널),종합운동장,21,1
20250513,강변(동서울터미널),종합운동장,22,4
20250513,강변(동서울터미널),종합운동장,23,1
20250513,강변(동서울터미널),충정로(경기대입구),6,3
20250513,강변(동서울터미널),충정로(경기대입구),7,21
20250513,강변(동서울터미널),충정로(경기대입구),8,22
20250513,강변(동서울터미널),충정로(경기대입구),9,9
20250513,강변(동서울터미널),충정로(경기대입구),10,7
20250513,강변(동서울터미널),충정로(경기대입구),11,1
20250513,강변(동서울터미널),충정로(경기대입구),12,1
20250513,강변(동서울터미널),충정로(경기대입구),13,2
20250513,강변(동서울터미널),충정로(경기대입구),14,2
20250513,강변(동서울터미널),충정로(경기대입구),16,2
20250513,강변(동서울터미널),충정로(경기대입구),17,1
20250513,강변(동서울터미널),충정로(경기대입구),18,3
20250513,강변(동서울터미널),충정로(경기대입구),19,4
20250513,강변(동서울터미널),충정로(경기대입구),20,1
20250513,강변(동서울터미널),충정로(경기대입구),21,2
20250513,강변(동서울터미널),충정로(경기대입구),22,2
20250513,강변(동서울터미널),한양대,5,1
20250513,강변(동서울터미널),한양대,6,9
20250513,강변(동서울터미널),한양대,7,26
20250513,강변(동서울터미널),한양대,8,88
20250513,강변(동서울터미널),한양대,9,80
20250513,강변(동서울터미널),한양대,10,53
20250513,강변(동서울터미널),한양대,11,10
20250513,강변(동서울터미널),한양대,12,39
20250513,강변(동서울터미널),한양대,13,28
20250513,강변(동서울터미널),한양대,14,17
20250513,강변(동서울터미널),한양대,15,9
20250513,강변(동서울터미널),한양대,16,5
20250513,강변(동서울터미널),한양대,17,15
20250513,강변(동서울터미널),한양대,18,16
20250513,강변(동서울터미널),한양대,19,4
20250513,강변(동서울터미널),한양대,20,4
20250513,강변(동서울터미널),한양대,21,3
20250513,강변(동서울터미널),한양대,22,3
20250513,강변(동서울터미널),합정,6,4
20250513,강변(동서울터미널),합정,7,13
20250513,강변(동서울터미널),합정,8,13
20250513,강변(동서울터미널),합정,9,10
20250513,강변(동서울터미널),합정,10,11
20250513,강변(동서울터미널),합정,11,3
20250513,강변(동서울터미널),합정,12,10
20250513,강변(동서울터미널),합정,13,6
20250513,강변(동서울터미널),합정,14,7
20250513,강변(동서울터미널),합정,15,4
20250513,강변(동서울터미널),합정,16,7
20250513,강변(동서울터미널),합정,17,9
20250513,강변(동서울터미널),합정,18,11
20250513,강변(동서울터미널),합정,19,9
20250513,강변(동서울터미널),합정,20,4
20250513,강변(동서울터미널),합정,21,4
20250513,강변(동서울터미널),합정,22,2
20250513,강변(동서울터미널),홍대입구,5,2
20250513,강변(동서울터미널),홍대입구,6,9
20250513,강변(동서울터미널),홍대입구,7,10
20250513,강변(동서울터미널),홍대입구,8,30
20250513,강변(동서울터미널),홍대입구,9,42
20250513,강변(동서울터미널),홍대입구,10,38
20250513,강변(동서울터미널),홍대입구,11,22
20250513,강변(동서울터미널),홍대입구,12,14
20250513,강변(동서울터미널),홍대입구,13,19
20250513,강변(동서울터미널),홍대입구,14,23
20250513,강변(동서울터미널),홍대입구,15,14
20250513,강변(동서울터미널),홍대입구,16,29
20250513,강변(동서울터미널),홍대입구,17,25
20250513,강변(동서울터미널),홍대입구,18,17
20250513,강변(동서울터미널),홍대입구,19,7
20250513,강변(동서울터미널),홍대입구,20,13
20250513,강변(동서울터미널),홍대입구,21,5
20250513,강변(동서울터미널),홍대입구,22,8
20250513,강변(동서울터미널),홍대입구,23,3
20250513,건대입구,강남,0,7
20250513,건대입구,강남,4,3
20250513,건대입구,강남,5,18
20250513,건대입구,강남,6,40
20250513,건대입구,강남,7,110
20250513,건대입구,강남,8,210
20250513,건대입구,강남,9,142
20250513,건대입구,강남,10,54
20250513,건대입구,강남,11,36
20250513,건대입구,강남,12,38
20250513,건대입구,강남,13,45
20250513,건대입구,강남,14,46
20250513,건대입구,강남,15,63
20250513,건대입구,강남,16,64
20250513,건대입구,강남,17,83
20250513,건대입구,강남,18,94
20250513,건대입구,강남,19,40
20250513,건대입구,강남,20,45
20250513,건대입구,강남,21,36
20250513,건대입구,강남,22,36
20250513,건대입구,강남,23,30
20250513,건대입구,강변(동서울터미널),0,10
20250513,건대입구,강변(동서울터미널),5,19
20250513,건대입구,강변(동서울터미널),6,39
20250513,건대입구,강변(동서울터미널),7,41
20250513,건대입구,강변(동서울터미널),8,46
20250513,건대입구,강변(동서울터미널),9,42
20250513,건대입구,강변(동서울터미널),10,36
20250513,건대입구,강변(동서울터미널),11,36
20250513,건대입구,강변(동서울터미널),12,54
20250513,건대입구,강변(동서울터미널),13,68
20250513,건대입구,강변(동서울터미널),14,50
20250513,건대입구,강변(동서울터미널),15,73
20250513,건대입구,강변(동서울터미널),16,76
20250513,건대입구,강변(동서울터미널),17,68
20250513,건대입구,강변(동서울터미널),18,117
20250513,건대입구,강변(동서울터미널),19,85
20250513,건대입구,강변(동서울터미널),20,82
20250513,건대입구,강변(동서울터미널),21,77
20250513,건대입구,강변(동서울터미널),22,58
20250513,건대입구,강변(동서울터미널),23,35
20250513,건대입구,건대입구,0,17
20250513,건대입구,건대입구,4,1
20250513,건대입구,건대입구,5,6
20250513,건대입구,건대입구,6,8
20250513,건대입구,건대입구,7,14
20250513,건대입구,건대입구,8,19
20250513,건대입구,건대입구,9,20
20250513,건대입구,건대입구,10,19
20250513,건대입구,건대입구,11,25
20250513,건대입구,건대입구,12,27
20250513,건대입구,건대입구,13,30
20250513,건대입구,건대입구,14,33
20250513,건대입구,건대입구,15,45
20250513,건대입구,건대입구,16,33
20250513,건대입구,건대입구,17,35
20250513,건대입구,건대입구,18,72
20250513,건대입구,건대입구,19,60
20250513,건대입구,건대입구,20,38
20250513,건대입구,건대입구,21,41
20250513,건대입구,건대입구,22,63
20250513,건대입구,건대입구,23,47
20250513,건대입구,교대(법원.검찰청),5,7
20250513,건대입구,교대(법원.검찰청),6,15
20250513,건대입구,교대(법원.검찰청),7,17
20250513,건대입구,교대(법원.검찰청),8,62
20250513,건대입구,교대(법원.검찰청),9,35
20250513,건대입구,교대(법원.검찰청),10,15
20250513,건대입구,교대(법원.검찰청),11,8
20250513,건대입구,교대(법원.검찰청),12,14
20250513,건대입구,교대(법원.검찰청),13,12
20250513,건대입구,교대(법원.검찰청),14,8
20250513,건대입구,교대(법원.검찰청),15,12
20250513,건대입구,교대(법원.검찰청),16,10
20250513,건대입구,교대(법원.검찰청),17,13
20250513,건대입구,교대(법원.검찰청),18,17
20250513,건대입구,교대(법원.검찰청),19,12
20250513,건대입구,교대(법원.검찰청),20,9
20250513,건대입구,교대(법원.검찰청),21,10
20250513,건대입구,교대(법원.검찰청),22,12
20250513,건대입구,교대(법원.검찰청),23,6
20250513,건대입구,구로디지털단지,0,1
20250513,건대입구,구로디지털단지,5,4
20250513,건대입구,구로디지털단지,6,7
20250513,건대입구,구로디지털단지,7,33
20250513,건대입구,구로디지털단지,8,24
20250513,건대입구,구로디지털단지,9,2
20250513,건대입구,구로디지털단지,10,4
20250513,건대입구,구로디지털단지,11,9
20250513,건대입구,구로디지털단지,12,6
20250513,건대입구,구로디지털단지,13,8
20250513,건대입구,구로디지털단지,14,3
20250513,건대입구,구로디지털단지,15,6
20250513,건대입구,구로디지털단지,16,13
20250513,건대입구,구로디지털단지,17,11
20250513,건대입구,구로디지털단지,18,19
20250513,건대입구,구로디지털단지,19,11
20250513,건대입구,구로디지털단지,20,22
20250513,건대입구,구로디지털단지,21,14
20250513,건대입구,구로디지털단지,22,7
20250513,건대입구,구로디지털단지,23,6
20250513,건대입구,구의(광진구청),0,18
20250513,건대입구,구의(광진구청),5,8
20250513,건대입구,구의(광진구청),6,9
20250513,건대입구,구의(광진구청),7,30
20250513,건대입구,구의(광진구청),8,54
20250513,건대입구,구의(광진구청),9,29
20250513,건대입구,구의(광진구청),10,43
20250513,건대입구,구의(광진구청),11,59
20250513,건대입구,구의(광진구청),12,57
20250513,건대입구,구의(광진구청),13,77
20250513,건대입구,구의(광진구청),14,79
20250513,건대입구,구의(광진구청),15,78
20250513,건대입구,구의(광진구청),16,68
20250513,건대입구,구의(광진구청),17,89
20250513,건대입구,구의(광진구청),18,96
20250513,건대입구,구의(광진구청),19,97
20250513,건대입구,구의(광진구청),20,69
20250513,건대입구,구의(광진구청),21,82
20250513,건대입구,구의(광진구청),22,64
20250513,건대입구,구의(광진구청),23,54
20250513,건대입구,낙성대,5,3
20250513,건대입구,낙성대,6,4
20250513,건대입구,낙성대,7,8
20250513,건대입구,낙성대,8,6
20250513,건대입구,낙성대,9,6
20250513,건대입구,낙성대,10,4
20250513,건대입구,낙성대,11,4
20250513,건대입구,낙성대,12,8
20250513,건대입구,낙성대,13,9
20250513,건대입구,낙성대,14,4
20250513,건대입구,낙성대,15,4
20250513,건대입구,낙성대,16,7
20250513,건대입구,낙성대,17,13
20250513,건대입구,낙성대,18,22
20250513,건대입구,낙성대,19,11
20250513,건대입구,낙성대,20,11
20250513,건대입구,낙성대,21,23
20250513,건대입구,낙성대,22,14
20250513,건대입구,낙성대,23,16
20250513,건대입구,당산,0,1
20250513,건대입구,당산,5,2
20250513,건대입구,당산,6,9
20250513,건대입구,당산,7,16
20250513,건대입구,당산,8,12
20250513,건대입구,당산,9,1
20250513,건대입구,당산,10,4
20250513,건대입구,당산,11,3
20250513,건대입구,당산,12,6
20250513,건대입구,당산,13,4
20250513,건대입구,당산,14,14
20250513,건대입구,당산,15,14
20250513,건대입구,당산,16,22
20250513,건대입구,당산,17,21
20250513,건대입구,당산,18,21
20250513,건대입구,당산,19,8
20250513,건대입구,당산,20,14
20250513,건대입구,당산,21,17
20250513,건대입구,당산,22,17
20250513,건대입구,당산,23,7
20250513,건대입구,대림(구로구청),5,2
20250513,건대입구,대림(구로구청),6,1
20250513,건대입구,대림(구로구청),7,1
20250513,건대입구,대림(구로구청),8,1
20250513,건대입구,대림(구로구청),9,7
20250513,건대입구,대림(구로구청),10,2
20250513,건대입구,대림(구로구청),11,2
20250513,건대입구,대림(구로구청),12,3
20250513,건대입구,대림(구로구청),13,2
20250513,건대입구,대림(구로구청),14,2
20250513,건대입구,대림(구로구청),15,4
20250513,건대입구,대림(구로구청),16,4
20250513,건대입구,대림(구로구청),17,4
20250513,건대입구,대림(구로구청),18,4
20250513,건대입구,대림(구로구청),19,1
20250513,건대입구,대림(구로구청),20,3
20250513,건대입구,대림(구로구청),21,5
20250513,건대입구,대림(구로구청),22,4
20250513,건대입구,동대문역사문화공원,0,4
20250513,건대입구,동대문역사문화공원,4,1
20250513,건대입구,동대문역사문화공원,5,5
20250513,건대입구,동대문역사문화공원,6,11
20250513,건대입구,동대문역사문화공원,7,48
20250513,건대입구,동대문역사문화공원,8,67
20250513,건대입구,동대문역사문화공원,9,36
20250513,건대입구,동대문역사문화공원,10,30
20250513,건대입구,동대문역사문화공원,11,12
20250513,건대입구,동대문역사문화공원,12,27
20250513,건대입구,동대문역사문화공원,13,18
20250513,건대입구,동대문역사문화공원,14,35
20250513,건대입구,동대문역사문화공원,15,20
20250513,건대입구,동대문역사문화공원,16,23
20250513,건대입구,동대문역사문화공원,17,18
20250513,건대입구,동대문역사문화공원,18,21
20250513,건대입구,동대문역사문화공원,19,23
20250513,건대입구,동대문역사문화공원,20,15
20250513,건대입구,동대문역사문화공원,21,17
20250513,건대입구,동대문역사문화공원,22,21
20250513,건대입구,동대문역사문화공원,23,11
20250513,건대입구,뚝섬,0,3
20250513,건대입구,뚝섬,5,6
20250513,건대입구,뚝섬,6,18
20250513,건대입구,뚝섬,7,59
20250513,건대입구,뚝섬,8,158
20250513,건대입구,뚝섬,9,98
20250513,건대입구,뚝섬,10,72
20250513,건대입구,뚝섬,11,35
20250513,건대입구,뚝섬,12,42
20250513,건대입구,뚝섬,13,35
20250513,건대입구,뚝섬,14,37
20250513,건대입구,뚝섬,15,44
20250513,건대입구,뚝섬,16,66
20250513,건대입구,뚝섬,17,53
20250513,건대입구,뚝섬,18,46
20250513,건대입구,뚝섬,19,33
20250513,건대입구,뚝섬,20,25
20250513,건대입구,뚝섬,21,32
20250513,건대입구,뚝섬,22,21
20250513,건대입구,뚝섬,23,8
20250513,건대입구,문래,6,9
20250513,건대입구,문래,7,27
20250513,건대입구,문래,8,15
20250513,건대입구,문래,9,3
20250513,건대입구,문래,10,1
20250513,건대입구,문래,11,4
20250513,건대입구,문래,12,3
20250513,건대입구,문래,13,7
20250513,건대입구,문래,14,2
20250513,건대입구,문래,15,4
20250513,건대입구,문래,16,7
20250513,건대입구,문래,17,9
20250513,건대입구,문래,18,5
20250513,건대입구,문래,19,4
20250513,건대입구,문래,20,5
20250513,건대입구,문래,21,10
20250513,건대입구,문래,22,5
20250513,건대입구,문래,23,6
20250513,건대입구,방배,0,1
20250513,건대입구,방배,5,7
20250513,건대입구,방배,6,2
20250513,건대입구,방배,7,4
20250513,건대입구,방배,8,15
20250513,건대입구,방배,9,11
20250513,건대입구,방배,10,11
20250513,건대입구,방배,11,7
20250513,건대입구,방배,12,3
20250513,건대입구,방배,13,2
20250513,건대입구,방배,14,4
20250513,건대입구,방배,15,5
20250513,건대입구,방배,16,5
20250513,건대입구,방배,17,10
20250513,건대입구,방배,18,6
20250513,건대입구,방배,19,4
20250513,건대입구,방배,20,5
20250513,건대입구,방배,21,3
20250513,건대입구,방배,22,3
20250513,건대입구,방배,23,2
20250513,건대입구,봉천,0,1
20250513,건대입구,봉천,6,1
20250513,건대입구,봉천,7,4
20250513,건대입구,봉천,8,2
20250513,건대입구,봉천,9,1
20250513,건대입구,봉천,11,4
20250513,건대입구,봉천,12,2
20250513,건대입구,봉천,13,3
20250513,건대입구,봉천,14,1
20250513,건대입구,봉천,15,3
20250513,건대입구,봉천,16,4
20250513,건대입구,봉천,17,7
20250513,건대입구,봉천,18,10
20250513,건대입구,봉천,19,15
20250513,건대입구,봉천,20,7
20250513,건대입구,봉천,21,12
20250513,건대입구,봉천,22,12
20250513,건대입구,봉천,23,12
20250513,건대입구,사당,0,2
20250513,건대입구,사당,5,4
20250513,건대입구,사당,6,9
20250513,건대입구,사당,7,21
20250513,건대입구,사당,8,8
20250513,건대입구,사당,9,13
20250513,건대입구,사당,10,10
20250513,건대입구,사당,11,12
20250513,건대입구,사당,12,13
20250513,건대입구,사당,13,11
20250513,건대입구,사당,14,11
20250513,건대입구,사당,15,14
20250513,건대입구,사당,16,23
20250513,건대입구,사당,17,24
20250513,건대입구,사당,18,33
20250513,건대입구,사당,19,21
20250513,건대입구,사당,20,20
20250513,건대입구,사당,21,48
20250513,건대입구,사당,22,25
20250513,건대입구,사당,23,22
20250513,건대입구,삼성(무역센터),5,16
20250513,건대입구,삼성(무역센터),6,26
20250513,건대입구,삼성(무역센터),7,78
20250513,건대입구,삼성(무역센터),8,186
20250513,건대입구,삼성(무역센터),9,113
20250513,건대입구,삼성(무역센터),10,30
20250513,건대입구,삼성(무역센터),11,19
20250513,건대입구,삼성(무역센터),12,11
20250513,건대입구,삼성(무역센터),13,19
20250513,건대입구,삼성(무역센터),14,27
20250513,건대입구,삼성(무역센터),15,18
20250513,건대입구,삼성(무역센터),16,41
20250513,건대입구,삼성(무역센터),17,18
20250513,건대입구,삼성(무역센터),18,30
20250513,건대입구,삼성(무역센터),19,9
20250513,건대입구,삼성(무역센터),20,8
20250513,건대입구,삼성(무역센터),21,14
20250513,건대입구,삼성(무역센터),22,16
20250513,건대입구,삼성(무역센터),23,3
20250513,건대입구,상왕십리,0,4
20250513,건대입구,상왕십리,5,3
20250513,건대입구,상왕십리,6,7
20250513,건대입구,상왕십리,7,10
20250513,건대입구,상왕십리,8,31
20250513,건대입구,상왕십리,9,13
20250513,건대입구,상왕십리,10,14
20250513,건대입구,상왕십리,11,9
20250513,건대입구,상왕십리,12,6
20250513,건대입구,상왕십리,13,12
20250513,건대입구,상왕십리,14,16
20250513,건대입구,상왕십리,15,11
20250513,건대입구,상왕십리,16,27
20250513,건대입구,상왕십리,17,29
20250513,건대입구,상왕십리,18,31
20250513,건대입구,상왕십리,19,23
20250513,건대입구,상왕십리,20,16
20250513,건대입구,상왕십리,21,18
20250513,건대입구,상왕십리,22,15
20250513,건대입구,상왕십리,23,11
20250513,건대입구,서울대입구(관악구청),0,5
20250513,건대입구,서울대입구(관악구청),5,4
20250513,건대입구,서울대입구(관악구청),6,1
20250513,건대입구,서울대입구(관악구청),7,16
20250513,건대입구,서울대입구(관악구청),8,5
20250513,건대입구,서울대입구(관악구청),9,10
20250513,건대입구,서울대입구(관악구청),10,12
20250513,건대입구,서울대입구(관악구청),11,6
20250513,건대입구,서울대입구(관악구청),12,15
20250513,건대입구,서울대입구(관악구청),13,9
20250513,건대입구,서울대입구(관악구청),14,6
20250513,건대입구,서울대입구(관악구청),15,13
20250513,건대입구,서울대입구(관악구청),16,12
20250513,건대입구,서울대입구(관악구청),17,34
20250513,건대입구,서울대입구(관악구청),18,28
20250513,건대입구,서울대입구(관악구청),19,17
20250513,건대입구,서울대입구(관악구청),20,22
20250513,건대입구,서울대입구(관악구청),21,26
20250513,건대입구,서울대입구(관악구청),22,27
20250513,건대입구,서울대입구(관악구청),23,22
20250513,건대입구,서초,5,5
20250513,건대입구,서초,6,3
20250513,건대입구,서초,7,24
20250513,건대입구,서초,8,36
20250513,건대입구,서초,9,28
20250513,건대입구,서초,10,9
20250513,건대입구,서초,11,5
20250513,건대입구,서초,12,4
20250513,건대입구,서초,13,3
20250513,건대입구,서초,14,4
20250513,건대입구,서초,15,5
20250513,건대입구,서초,16,3
20250513,건대입구,서초,17,5
20250513,건대입구,서초,18,5
20250513,건대입구,서초,19,2
20250513,건대입구,서초,20,6
20250513,건대입구,서초,21,2
20250513,건대입구,서초,22,6
20250513,건대입구,서초,23,2
20250513,건대입구,선릉,0,4
20250513,건대입구,선릉,5,6
20250513,건대입구,선릉,6,17
20250513,건대입구,선릉,7,66
20250513,건대입구,선릉,8,162
20250513,건대입구,선릉,9,88
20250513,건대입구,선릉,10,36
20250513,건대입구,선릉,11,18
20250513,건대입구,선릉,12,17
20250513,건대입구,선릉,13,27
20250513,건대입구,선릉,14,25
20250513,건대입구,선릉,15,15
20250513,건대입구,선릉,16,21
20250513,건대입구,선릉,17,23
20250513,건대입구,선릉,18,24
20250513,건대입구,선릉,19,6
20250513,건대입구,선릉,20,14
20250513,건대입구,선릉,21,12
20250513,건대입구,선릉,22,14
20250513,건대입구,선릉,23,6
20250513,건대입구,성수,0,8
20250513,건대입구,성수,5,9
20250513,건대입구,성수,6,17
20250513,건대입구,성수,7,46
20250513,건대입구,성수,8,173
20250513,건대입구,성수,9,118
20250513,건대입구,성수,10,59
20250513,건대입구,성수,11,63
20250513,건대입구,성수,12,66
20250513,건대입구,성수,13,64
20250513,건대입구,성수,14,70
20250513,건대입구,성수,15,83
20250513,건대입구,성수,16,82
20250513,건대입구,성수,17,81
20250513,건대입구,성수,18,106
20250513,건대입구,성수,19,45
20250513,건대입구,성수,20,43
20250513,건대입구,성수,21,24
20250513,건대입구,성수,22,20
20250513,건대입구,성수,23,11
20250513,건대입구,시청,5,5
20250513,건대입구,시청,6,22
20250513,건대입구,시청,7,63
20250513,건대입구,시청,8,130
20250513,건대입구,시청,9,32
20250513,건대입구,시청,10,19
20250513,건대입구,시청,11,8
20250513,건대입구,시청,12,19
20250513,건대입구,시청,13,15
20250513,건대입구,시청,14,14
20250513,건대입구,시청,15,6
20250513,건대입구,시청,16,15
20250513,건대입구,시청,17,11
20250513,건대입구,시청,18,8
20250513,건대입구,시청,19,5
20250513,건대입구,시청,20,6
20250513,건대입구,시청,21,8
20250513,건대입구,시청,22,7
20250513,건대입구,시청,23,1
20250513,건대입구,신당,0,4
20250513,건대입구,신당,5,2
20250513,건대입구,신당,6,7
20250513,건대입구,신당,7,18
20250513,건대입구,신당,8,28
20250513,건대입구,신당,9,19
20250513,건대입구,신당,10,14
20250513,건대입구,신당,11,20
20250513,건대입구,신당,12,8
20250513,건대입구,신당,13,12
20250513,건대입구,신당,14,17
20250513,건대입구,신당,15,17
20250513,건대입구,신당,16,10
20250513,건대입구,신당,17,26
20250513,건대입구,신당,18,20
20250513,건대입구,신당,19,14
20250513,건대입구,신당,20,15
20250513,건대입구,신당,21,19
20250513,건대입구,신당,22,33
20250513,건대입구,신당,23,11
20250513,건대입구,신대방,0,3
20250513,건대입구,신대방,7,2
20250513,건대입구,신대방,8,1
20250513,건대입구,신대방,9,1
20250513,건대입구,신대방,10,1
20250513,건대입구,신대방,11,2
20250513,건대입구,신대방,12,1
20250513,건대입구,신대방,13,5
20250513,건대입구,신대방,14,1
20250513,건대입구,신대방,15,6
20250513,건대입구,신대방,16,4
20250513,건대입구,신대방,17,14
20250513,건대입구,신대방,18,15
20250513,건대입구,신대방,19,10
20250513,건대입구,신대방,20,10
20250513,건대입구,신대방,21,13
20250513,건대입구,신대방,22,11
20250513,건대입구,신대방,23,11
20250513,건대입구,신도림,0,5
20250513,건대입구,신도림,5,2
20250513,건대입구,신도림,7,11
20250513,건대입구,신도림,8,8
20250513,건대입구,신도림,9,4
20250513,건대입구,신도림,10,4
20250513,건대입구,신도림,11,4
20250513,건대입구,신도림,12,2
20250513,건대입구,신도림,14,6
20250513,건대입구,신도림,15,7
20250513,건대입구,신도림,16,11
20250513,건대입구,신도림,17,14
20250513,건대입구,신도림,18,18
20250513,건대입구,신도림,19,9
20250513,건대입구,신도림,20,5
20250513,건대입구,신도림,21,15
20250513,건대입구,신도림,22,11
20250513,건대입구,신도림,23,15
20250513,건대입구,신림,0,1
20250513,건대입구,신림,6,3
20250513,건대입구,신림,7,11
20250513,건대입구,신림,8,6
20250513,건대입구,신림,9,5
20250513,건대입구,신림,10,2
20250513,건대입구,신림,11,9
20250513,건대입구,신림,12,4
20250513,건대입구,신림,13,7
20250513,건대입구,신림,14,5
20250513,건대입구,신림,15,10
20250513,건대입구,신림,16,16
20250513,건대입구,신림,17,38
20250513,건대입구,신림,18,38
20250513,건대입구,신림,19,22
20250513,건대입구,신림,20,21
20250513,건대입구,신림,21,23
20250513,건대입구,신림,22,34
20250513,건대입구,신림,23,17
20250513,건대입구,신촌,0,3
20250513,건대입구,신촌,5,3
20250513,건대입구,신촌,6,13
20250513,건대입구,신촌,7,30
20250513,건대입구,신촌,8,47
20250513,건대입구,신촌,9,50
20250513,건대입구,신촌,10,18
20250513,건대입구,신촌,11,23
20250513,건대입구,신촌,12,32
20250513,건대입구,신촌,13,23
20250513,건대입구,신촌,14,18
20250513,건대입구,신촌,15,29
20250513,건대입구,신촌,16,32
20250513,건대입구,신촌,17,46
20250513,건대입구,신촌,18,46
20250513,건대입구,신촌,19,27
20250513,건대입구,신촌,20,19
20250513,건대입구,신촌,21,25
20250513,건대입구,신촌,22,31
20250513,건대입구,신촌,23,18
20250513,건대입구,아현,0,2
20250513,건대입구,아현,6,5
20250513,건대입구,아현,7,8
20250513,건대입구,아현,8,5
20250513,건대입구,아현,9,5
20250513,건대입구,아현,10,1
20250513,건대입구,아현,11,1
20250513,건대입구,아현,12,4
20250513,건대입구,아현,13,2
20250513,건대입구,아현,14,5
20250513,건대입구,아현,15,7
20250513,건대입구,아현,16,6
20250513,건대입구,아현,17,8
20250513,건대입구,아현,18,6
20250513,건대입구,아현,19,2
20250513,건대입구,아현,20,11
20250513,건대입구,아현,21,12
20250513,건대입구,아현,22,13
20250513,건대입구,아현,23,7
20250513,건대입구,역삼,5,20
20250513,건대입구,역삼,6,22
20250513,건대입구,역삼,7,99
20250513,건대입구,역삼,8,172
20250513,건대입구,역삼,9,119
20250513,건대입구,역삼,10,38
20250513,건대입구,역삼,11,21
20250513,건대입구,역삼,12,24
20250513,건대입구,역삼,13,20
20250513,건대입구,역삼,14,16
20250513,건대입구,역삼,15,19
20250513,건대입구,역삼,16,23
20250513,건대입구,역삼,17,25
20250513,건대입구,역삼,18,14
20250513,건대입구,역삼,19,17
20250513,건대입구,역삼,20,10
20250513,건대입구,역삼,21,13
20250513,건대입구,역삼,22,15
20250513,건대입구,역삼,23,5
20250513,건대입구,영등포구청,0,2
20250513,건대입구,영등포구청,5,1
20250513,건대입구,영등포구청,6,3
20250513,건대입구,영등포구청,7,11
20250513,건대입구,영등포구청,8,17
20250513,건대입구,영등포구청,9,3
20250513,건대입구,영등포구청,10,3
20250513,건대입구,영등포구청,11,2
20250513,건대입구,영등포구청,12,4
20250513,건대입구,영등포구청,13,2
20250513,건대입구,영등포구청,14,2
20250513,건대입구,영등포구청,15,2
20250513,건대입구,영등포구청,16,7
20250513,건대입구,영등포구청,17,6
20250513,건대입구,영등포구청,18,4
20250513,건대입구,영등포구청,19,6
20250513,건대입구,영등포구청,20,2
20250513,건대입구,영등포구청,21,4
20250513,건대입구,영등포구청,22,2
20250513,건대입구,영등포구청,23,2
20250513,건대입구,왕십리(성동구청),0,9
20250513,건대입구,왕십리(성동구청),5,4
20250513,건대입구,왕십리(성동구청),6,6
20250513,건대입구,왕십리(성동구청),7,17
20250513,건대입구,왕십리(성동구청),8,34
20250513,건대입구,왕십리(성동구청),9,16
20250513,건대입구,왕십리(성동구청),10,13
20250513,건대입구,왕십리(성동구청),11,15
20250513,건대입구,왕십리(성동구청),12,19
20250513,건대입구,왕십리(성동구청),13,14
20250513,건대입구,왕십리(성동구청),14,23
20250513,건대입구,왕십리(성동구청),15,27
20250513,건대입구,왕십리(성동구청),16,23
20250513,건대입구,왕십리(성동구청),17,39
20250513,건대입구,왕십리(성동구청),18,36
20250513,건대입구,왕십리(성동구청),19,34
20250513,건대입구,왕십리(성동구청),20,33
20250513,건대입구,왕십리(성동구청),21,34
20250513,건대입구,왕십리(성동구청),22,16
20250513,건대입구,왕십리(성동구청),23,10
20250513,건대입구,용두(동대문구청),6,1
20250513,건대입구,용두(동대문구청),7,11
20250513,건대입구,용두(동대문구청),8,12
20250513,건대입구,용두(동대문구청),9,5
20250513,건대입구,용두(동대문구청),10,10
20250513,건대입구,용두(동대문구청),11,5
20250513,건대입구,용두(동대문구청),12,6
20250513,건대입구,용두(동대문구청),13,7
20250513,건대입구,용두(동대문구청),14,5
20250513,건대입구,용두(동대문구청),15,6
20250513,건대입구,용두(동대문구청),16,8
20250513,건대입구,용두(동대문구청),17,11
20250513,건대입구,용두(동대문구청),18,7
20250513,건대입구,용두(동대문구청),19,3
20250513,건대입구,용두(동대문구청),20,6
20250513,건대입구,용두(동대문구청),21,5
20250513,건대입구,용두(동대문구청),22,3
20250513,건대입구,용두(동대문구청),23,5
20250513,건대입구,을지로3가,0,4
20250513,건대입구,을지로3가,4,1
20250513,건대입구,을지로3가,5,2
20250513,건대입구,을지로3가,6,16
20250513,건대입구,을지로3가,7,62
20250513,건대입구,을지로3가,8,100
20250513,건대입구,을지로3가,9,42
20250513,건대입구,을지로3가,10,20
20250513,건대입구,을지로3가,11,12
20250513,건대입구,을지로3가,12,8
20250513,건대입구,을지로3가,13,16
20250513,건대입구,을지로3가,14,13
20250513,건대입구,을지로3가,15,15
20250513,건대입구,을지로3가,16,17
20250513,건대입구,을지로3가,17,20
20250513,건대입구,을지로3가,18,28
20250513,건대입구,을지로3가,19,17
20250513,건대입구,을지로3가,20,7
20250513,건대입구,을지로3가,21,13
20250513,건대입구,을지로3가,22,10
20250513,건대입구,을지로3가,23,2
20250513,건대입구,을지로4가,5,4
20250513,건대입구,을지로4가,6,7
20250513,건대입구,을지로4가,7,35
20250513,건대입구,을지로4가,8,61
20250513,건대입구,을지로4가,9,30
20250513,건대입구,을지로4가,10,25
20250513,건대입구,을지로4가,11,14
20250513,건대입구,을지로4가,12,15
20250513,건대입구,을지로4가,13,12
20250513,건대입구,을지로4가,14,16
20250513,건대입구,을지로4가,15,13
20250513,건대입구,을지로4가,16,7
20250513,건대입구,을지로4가,17,10
20250513,건대입구,을지로4가,18,9
20250513,건대입구,을지로4가,19,10
20250513,건대입구,을지로4가,20,4
20250513,건대입구,을지로4가,21,8
20250513,건대입구,을지로4가,22,4
20250513,건대입구,을지로4가,23,1
20250513,건대입구,을지로입구,0,1
20250513,건대입구,을지로입구,5,5
20250513,건대입구,을지로입구,6,23
20250513,건대입구,을지로입구,7,117
20250513,건대입구,을지로입구,8,212
20250513,건대입구,을지로입구,9,86
20250513,건대입구,을지로입구,10,44
20250513,건대입구,을지로입구,11,42
20250513,건대입구,을지로입구,12,30
20250513,건대입구,을지로입구,13,26
20250513,건대입구,을지로입구,14,20
20250513,건대입구,을지로입구,15,33
20250513,건대입구,을지로입구,16,27
20250513,건대입구,을지로입구,17,42
20250513,건대입구,을지로입구,18,26
20250513,건대입구,을지로입구,19,21
20250513,건대입구,을지로입구,20,11
20250513,건대입구,을지로입구,21,10
20250513,건대입구,을지로입구,22,5
20250513,건대입구,을지로입구,23,2
20250513,건대입구,이대,6,7
20250513,건대입구,이대,7,15
20250513,건대입구,이대,8,23
20250513,건대입구,이대,9,23
20250513,건대입구,이대,10,11
20250513,건대입구,이대,11,16
20250513,건대입구,이대,12,10
20250513,건대입구,이대,13,12
20250513,건대입구,이대,14,11
20250513,건대입구,이대,15,9
20250513,건대입구,이대,16,7
20250513,건대입구,이대,17,15
20250513,건대입구,이대,18,15
20250513,건대입구,이대,19,7
20250513,건대입구,이대,20,13
20250513,건대입구,이대,21,15
20250513,건대입구,이대,22,14
20250513,건대입구,이대,23,12
20250513,건대입구,잠실(송파구청),0,15
20250513,건대입구,잠실(송파구청),5,22
20250513,건대입구,잠실(송파구청),6,37
20250513,건대입구,잠실(송파구청),7,83
20250513,건대입구,잠실(송파구청),8,153
20250513,건대입구,잠실(송파구청),9,97
20250513,건대입구,잠실(송파구청),10,79
20250513,건대입구,잠실(송파구청),11,74
20250513,건대입구,잠실(송파구청),12,74
20250513,건대입구,잠실(송파구청),13,83
20250513,건대입구,잠실(송파구청),14,115
20250513,건대입구,잠실(송파구청),15,118
20250513,건대입구,잠실(송파구청),16,137
20250513,건대입구,잠실(송파구청),17,156
20250513,건대입구,잠실(송파구청),18,182
20250513,건대입구,잠실(송파구청),19,147
20250513,건대입구,잠실(송파구청),20,132
20250513,건대입구,잠실(송파구청),21,147
20250513,건대입구,잠실(송파구청),22,139
20250513,건대입구,잠실(송파구청),23,100
20250513,건대입구,잠실나루,0,5
20250513,건대입구,잠실나루,5,19
20250513,건대입구,잠실나루,6,16
20250513,건대입구,잠실나루,7,30
20250513,건대입구,잠실나루,8,44
20250513,건대입구,잠실나루,9,17
20250513,건대입구,잠실나루,10,11
20250513,건대입구,잠실나루,11,18
20250513,건대입구,잠실나루,12,16
20250513,건대입구,잠실나루,13,19
20250513,건대입구,잠실나루,14,19
20250513,건대입구,잠실나루,15,15
20250513,건대입구,잠실나루,16,20
20250513,건대입구,잠실나루,17,21
20250513,건대입구,잠실나루,18,27
20250513,건대입구,잠실나루,19,28
20250513,건대입구,잠실나루,20,21
20250513,건대입구,잠실나루,21,21
20250513,건대입구,잠실나루,22,15
20250513,건대입구,잠실나루,23,4
20250513,건대입구,잠실새내,0,8
20250513,건대입구,잠실새내,5,7
20250513,건대입구,잠실새내,6,9
20250513,건대입구,잠실새내,7,17
20250513,건대입구,잠실새내,8,30
20250513,건대입구,잠실새내,9,22
20250513,건대입구,잠실새내,10,15
20250513,건대입구,잠실새내,11,15
20250513,건대입구,잠실새내,12,21
20250513,건대입구,잠실새내,13,26
20250513,건대입구,잠실새내,14,34
20250513,건대입구,잠실새내,15,36
20250513,건대입구,잠실새내,16,58
20250513,건대입구,잠실새내,17,44
20250513,건대입구,잠실새내,18,44
20250513,건대입구,잠실새내,19,27
20250513,건대입구,잠실새내,20,32
20250513,건대입구,잠실새내,21,33
20250513,건대입구,잠실새내,22,29
20250513,건대입구,잠실새내,23,17
20250513,건대입구,종합운동장,0,1
20250513,건대입구,종합운동장,5,2
20250513,건대입구,종합운동장,6,2
20250513,건대입구,종합운동장,7,19
20250513,건대입구,종합운동장,8,10
20250513,건대입구,종합운동장,9,14
20250513,건대입구,종합운동장,10,1
20250513,건대입구,종합운동장,11,1
20250513,건대입구,종합운동장,12,9
20250513,건대입구,종합운동장,14,11
20250513,건대입구,종합운동장,15,12
20250513,건대입구,종합운동장,16,31
20250513,건대입구,종합운동장,17,116
20250513,건대입구,종합운동장,18,64
20250513,건대입구,종합운동장,19,9
20250513,건대입구,종합운동장,20,4
20250513,건대입구,종합운동장,21,5
20250513,건대입구,종합운동장,22,12
20250513,건대입구,종합운동장,23,3
20250513,건대입구,충정로(경기대입구),6,5
20250513,건대입구,충정로(경기대입구),7,18
20250513,건대입구,충정로(경기대입구),8,24
20250513,건대입구,충정로(경기대입구),9,12
20250513,건대입구,충정로(경기대입구),10,1
20250513,건대입구,충정로(경기대입구),11,1
20250513,건대입구,충정로(경기대입구),12,3
20250513,건대입구,충정로(경기대입구),13,6
20250513,건대입구,충정로(경기대입구),14,4
20250513,건대입구,충정로(경기대입구),15,4
20250513,건대입구,충정로(경기대입구),16,7
20250513,건대입구,충정로(경기대입구),17,8
20250513,건대입구,충정로(경기대입구),18,5
20250513,건대입구,충정로(경기대입구),19,2
20250513,건대입구,충정로(경기대입구),20,5
20250513,건대입구,충정로(경기대입구),21,5
20250513,건대입구,충정로(경기대입구),22,5
20250513,건대입구,충정로(경기대입구),23,1
20250513,건대입구,한양대,0,7
20250513,건대입구,한양대,5,3
20250513,건대입구,한양대,6,4
20250513,건대입구,한양대,7,14
20250513,건대입구,한양대,8,115
20250513,건대입구,한양대,9,83
20250513,건대입구,한양대,10,101
20250513,건대입구,한양대,11,31
20250513,건대입구,한양대,12,87
20250513,건대입구,한양대,13,53
20250513,건대입구,한양대,14,35
20250513,건대입구,한양대,15,31
20250513,건대입구,한양대,16,28
20250513,건대입구,한양대,17,40
20250513,건대입구,한양대,18,44
20250513,건대입구,한양대,19,32
20250513,건대입구,한양대,20,18
20250513,건대입구,한양대,21,13
20250513,건대입구,한양대,22,20
20250513,건대입구,한양대,23,13
20250513,건대입구,합정,0,2
20250513,건대입구,합정,5,3
20250513,건대입구,합정,6,4
20250513,건대입구,합정,7,20
20250513,건대입구,합정,8,33
20250513,건대입구,합정,9,23
20250513,건대입구,합정,10,13
20250513,건대입구,합정,11,6
20250513,건대입구,합정,12,18
20250513,건대입구,합정,13,8
20250513,건대입구,합정,14,10
20250513,건대입구,합정,15,12
20250513,건대입구,합정,16,18
20250513,건대입구,합정,17,17
20250513,건대입구,합정,18,24
20250513,건대입구,합정,19,15
20250513,건대입구,합정,20,11
20250513,건대입구,합정,21,19
20250513,건대입구,합정,22,9
20250513,건대입구,합정,23,10
20250513,건대입구,홍대입구,0,7
20250513,건대입구,홍대입구,5,2
20250513,건대입구,홍대입구,6,13
20250513,건대입구,홍대입구,7,27
20250513,건대입구,홍대입구,8,46
20250513,건대입구,홍대입구,9,50
20250513,건대입구,홍대입구,10,37
20250513,건대입구,홍대입구,11,43
20250513,건대입구,홍대입구,12,44
20250513,건대입구,홍대입구,13,35
20250513,건대입구,홍대입구,14,43
20250513,건대입구,홍대입구,15,48
20250513,건대입구,홍대입구,16,46
20250513,건대입구,홍대입구,17,61
20250513,건대입구,홍대입구,18,53
20250513,건대입구,홍대입구,19,38
20250513,건대입구,홍대입구,20,29
20250513,건대입구,홍대입구,21,39
20250513,건대입구,홍대입구,22,47
20250513,건대입구,홍대입구,23,33
20250513,교대(법원.검찰청),강남,0,4
20250513,교대(법원.검찰청),강남,5,1
20250513,교대(법원.검찰청),강남,6,10
20250513,교대(법원.검찰청),강남,7,30
20250513,교대(법원.검찰청),강남,8,55
20250513,교대(법원.검찰청),강남,9,88
20250513,교대(법원.검찰청),강남,10,81
20250513,교대(법원.검찰청),강남,11,94
20250513,교대(법원.검찰청),강남,12,88
20250513,교대(법원.검찰청),강남,13,120
20250513,교대(법원.검찰청),강남,14,116
20250513,교대(법원.검찰청),강남,15,93
20250513,교대(법원.검찰청),강남,16,104
20250513,교대(법원.검찰청),강남,17,147
20250513,교대(법원.검찰청),강남,18,262
20250513,교대(법원.검찰청),강남,19,89
20250513,교대(법원.검찰청),강남,20,69
20250513,교대(법원.검찰청),강남,21,44
20250513,교대(법원.검찰청),강남,22,39
20250513,교대(법원.검찰청),강남,23,18
20250513,교대(법원.검찰청),강변(동서울터미널),0,3
20250513,교대(법원.검찰청),강변(동서울터미널),6,4
20250513,교대(법원.검찰청),강변(동서울터미널),7,2
20250513,교대(법원.검찰청),강변(동서울터미널),8,6
20250513,교대(법원.검찰청),강변(동서울터미널),9,8
20250513,교대(법원.검찰청),강변(동서울터미널),10,8
20250513,교대(법원.검찰청),강변(동서울터미널),11,18
20250513,교대(법원.검찰청),강변(동서울터미널),12,11
20250513,교대(법원.검찰청),강변(동서울터미널),13,11
20250513,교대(법원.검찰청),강변(동서울터미널),14,13
20250513,교대(법원.검찰청),강변(동서울터미널),15,16
20250513,교대(법원.검찰청),강변(동서울터미널),16,21
20250513,교대(법원.검찰청),강변(동서울터미널),17,39
20250513,교대(법원.검찰청),강변(동서울터미널),18,75
20250513,교대(법원.검찰청),강변(동서울터미널),19,33
20250513,교대(법원.검찰청),강변(동서울터미널),20,29
20250513,교대(법원.검찰청),강변(동서울터미널),21,28
20250513,교대(법원.검찰청),강변(동서울터미널),22,34
20250513,교대(법원.검찰청),강변(동서울터미널),23,7
20250513,교대(법원.검찰청),건대입구,0,4
20250513,교대(법원.검찰청),건대입구,6,3
20250513,교대(법원.검찰청),건대입구,7,2
20250513,교대(법원.검찰청),건대입구,8,8
20250513,교대(법원.검찰청),건대입구,9,13
20250513,교대(법원.검찰청),건대입구,10,2
20250513,교대(법원.검찰청),건대입구,11,10
20250513,교대(법원.검찰청),건대입구,12,9
20250513,교대(법원.검찰청),건대입구,13,6
20250513,교대(법원.검찰청),건대입구,14,16
20250513,교대(법원.검찰청),건대입구,15,16
20250513,교대(법원.검찰청),건대입구,16,27
20250513,교대(법원.검찰청),건대입구,17,39
20250513,교대(법원.검찰청),건대입구,18,55
20250513,교대(법원.검찰청),건대입구,19,27
20250513,교대(법원.검찰청),건대입구,20,18
20250513,교대(법원.검찰청),건대입구,21,21
20250513,교대(법원.검찰청),건대입구,22,20
20250513,교대(법원.검찰청),건대입구,23,8
20250513,교대(법원.검찰청),교대(법원.검찰청),0,4
20250513,교대(법원.검찰청),교대(법원.검찰청),5,3
20250513,교대(법원.검찰청),교대(법원.검찰청),6,1
20250513,교대(법원.검찰청),교대(법원.검찰청),7,3
20250513,교대(법원.검찰청),교대(법원.검찰청),8,3
20250513,교대(법원.검찰청),교대(법원.검찰청),9,9
20250513,교대(법원.검찰청),교대(법원.검찰청),10,17
20250513,교대(법원.검찰청),교대(법원.검찰청),11,26
20250513,교대(법원.검찰청),교대(법원.검찰청),12,29
20250513,교대(법원.검찰청),교대(법원.검찰청),13,12
20250513,교대(법원.검찰청),교대(법원.검찰청),14,51
20250513,교대(법원.검찰청),교대(법원.검찰청),15,30
20250513,교대(법원.검찰청),교대(법원.검찰청),16,23
20250513,교대(법원.검찰청),교대(법원.검찰청),17,38
20250513,교대(법원.검찰청),교대(법원.검찰청),18,90
20250513,교대(법원.검찰청),교대(법원.검찰청),19,18
20250513,교대(법원.검찰청),교대(법원.검찰청),20,20
20250513,교대(법원.검찰청),교대(법원.검찰청),21,33
20250513,교대(법원.검찰청),교대(법원.검찰청),22,8
20250513,교대(법원.검찰청),교대(법원.검찰청),23,17
20250513,교대(법원.검찰청),구로디지털단지,0,8
20250513,교대(법원.검찰청),구로디지털단지,5,2
20250513,교대(법원.검찰청),구로디지털단지,6,12
20250513,교대(법원.검찰청),구로디지털단지,7,19
20250513,교대(법원.검찰청),구로디지털단지,8,46
20250513,교대(법원.검찰청),구로디지털단지,9,17
20250513,교대(법원.검찰청),구로디지털단지,10,14
20250513,교대(법원.검찰청),구로디지털단지,11,20
20250513,교대(법원.검찰청),구로디지털단지,12,16
20250513,교대(법원.검찰청),구로디지털단지,13,30
20250513,교대(법원.검찰청),구로디지털단지,14,29
20250513,교대(법원.검찰청),구로디지털단지,15,66
20250513,교대(법원.검찰청),구로디지털단지,16,50
20250513,교대(법원.검찰청),구로디지털단지,17,76
20250513,교대(법원.검찰청),구로디지털단지,18,142
20250513,교대(법원.검찰청),구로디지털단지,19,64
20250513,교대(법원.검찰청),구로디지털단지,20,71
20250513,교대(법원.검찰청),구로디지털단지,21,83
20250513,교대(법원.검찰청),구로디지털단지,22,49
20250513,교대(법원.검찰청),구로디지털단지,23,22
20250513,교대(법원.검찰청),구의(광진구청),0,2
20250513,교대(법원.검찰청),구의(광진구청),6,3
20250513,교대(법원.검찰청),구의(광진구청),7,3
20250513,교대(법원.검찰청),구의(광진구청),8,9
20250513,교대(법원.검찰청),구의(광진구청),9,11
20250513,교대(법원.검찰청),구의(광진구청),10,5
20250513,교대(법원.검찰청),구의(광진구청),11,13
20250513,교대(법원.검찰청),구의(광진구청),12,14
20250513,교대(법원.검찰청),구의(광진구청),13,11
20250513,교대(법원.검찰청),구의(광진구청),14,15
20250513,교대(법원.검찰청),구의(광진구청),15,35
20250513,교대(법원.검찰청),구의(광진구청),16,17
20250513,교대(법원.검찰청),구의(광진구청),17,47
20250513,교대(법원.검찰청),구의(광진구청),18,89
20250513,교대(법원.검찰청),구의(광진구청),19,36
20250513,교대(법원.검찰청),구의(광진구청),20,35
20250513,교대(법원.검찰청),구의(광진구청),21,36
20250513,교대(법원.검찰청),구의(광진구청),22,22
20250513,교대(법원.검찰청),구의(광진구청),23,9
20250513,교대(법원.검찰청),낙성대,0,18
20250513,교대(법원.검찰청),낙성대,5,1
20250513,교대(법원.검찰청),낙성대,6,2
20250513,교대(법원.검찰청),낙성대,7,12
20250513,교대(법원.검찰청),낙성대,8,27
20250513,교대(법원.검찰청),낙성대,9,15
20250513,교대(법원.검찰청),낙성대,10,21
20250513,교대(법원.검찰청),낙성대,11,22
20250513,교대(법원.검찰청),낙성대,12,22
20250513,교대(법원.검찰청),낙성대,13,20
20250513,교대(법원.검찰청),낙성대,14,34
20250513,교대(법원.검찰청),낙성대,15,40
20250513,교대(법원.검찰청),낙성대,16,37
20250513,교대(법원.검찰청),낙성대,17,83
20250513,교대(법원.검찰청),낙성대,18,145
20250513,교대(법원.검찰청),낙성대,19,74
20250513,교대(법원.검찰청),낙성대,20,59
20250513,교대(법원.검찰청),낙성대,21,76
20250513,교대(법원.검찰청),낙성대,22,63
20250513,교대(법원.검찰청),낙성대,23,28
20250513,교대(법원.검찰청),당산,0,1
20250513,교대(법원.검찰청),당산,5,1
20250513,교대(법원.검찰청),당산,7,4
20250513,교대(법원.검찰청),당산,8,2
20250513,교대(법원.검찰청),당산,9,1
20250513,교대(법원.검찰청),당산,11,3
20250513,교대(법원.검찰청),당산,12,7
20250513,교대(법원.검찰청),당산,13,3
20250513,교대(법원.검찰청),당산,14,7
20250513,교대(법원.검찰청),당산,15,12
20250513,교대(법원.검찰청),당산,16,10
20250513,교대(법원.검찰청),당산,17,11
20250513,교대(법원.검찰청),당산,18,18
20250513,교대(법원.검찰청),당산,19,13
20250513,교대(법원.검찰청),당산,20,9
20250513,교대(법원.검찰청),당산,21,18
20250513,교대(법원.검찰청),당산,22,5
20250513,교대(법원.검찰청),당산,23,6
20250513,교대(법원.검찰청),대림(구로구청),0,1
20250513,교대(법원.검찰청),대림(구로구청),6,7
20250513,교대(법원.검찰청),대림(구로구청),7,4
20250513,교대(법원.검찰청),대림(구로구청),8,14
20250513,교대(법원.검찰청),대림(구로구청),9,7
20250513,교대(법원.검찰청),대림(구로구청),10,8
20250513,교대(법원.검찰청),대림(구로구청),11,5
20250513,교대(법원.검찰청),대림(구로구청),12,21
20250513,교대(법원.검찰청),대림(구로구청),13,19
20250513,교대(법원.검찰청),대림(구로구청),14,28
20250513,교대(법원.검찰청),대림(구로구청),15,34
20250513,교대(법원.검찰청),대림(구로구청),16,23
20250513,교대(법원.검찰청),대림(구로구청),17,28
20250513,교대(법원.검찰청),대림(구로구청),18,46
20250513,교대(법원.검찰청),대림(구로구청),19,26
20250513,교대(법원.검찰청),대림(구로구청),20,40
20250513,교대(법원.검찰청),대림(구로구청),21,55
20250513,교대(법원.검찰청),대림(구로구청),22,20
20250513,교대(법원.검찰청),대림(구로구청),23,14
20250513,교대(법원.검찰청),동대문역사문화공원,10,1
20250513,교대(법원.검찰청),동대문역사문화공원,11,1
20250513,교대(법원.검찰청),동대문역사문화공원,13,2
20250513,교대(법원.검찰청),동대문역사문화공원,14,2
20250513,교대(법원.검찰청),동대문역사문화공원,17,1
20250513,교대(법원.검찰청),동대문역사문화공원,22,1
20250513,교대(법원.검찰청),뚝섬,6,2
20250513,교대(법원.검찰청),뚝섬,7,8
20250513,교대(법원.검찰청),뚝섬,8,10
20250513,교대(법원.검찰청),뚝섬,9,7
20250513,교대(법원.검찰청),뚝섬,10,5
20250513,교대(법원.검찰청),뚝섬,11,8
20250513,교대(법원.검찰청),뚝섬,12,5
20250513,교대(법원.검찰청),뚝섬,13,11
20250513,교대(법원.검찰청),뚝섬,14,6
20250513,교대(법원.검찰청),뚝섬,15,4
20250513,교대(법원.검찰청),뚝섬,16,6
20250513,교대(법원.검찰청),뚝섬,17,7
20250513,교대(법원.검찰청),뚝섬,18,12
20250513,교대(법원.검찰청),뚝섬,19,4
20250513,교대(법원.검찰청),뚝섬,20,6
20250513,교대(법원.검찰청),뚝섬,21,3
20250513,교대(법원.검찰청),뚝섬,22,2
20250513,교대(법원.검찰청),뚝섬,23,2
20250513,교대(법원.검찰청),문래,6,2
20250513,교대(법원.검찰청),문래,7,15
20250513,교대(법원.검찰청),문래,8,9
20250513,교대(법원.검찰청),문래,9,6
20250513,교대(법원.검찰청),문래,10,8
20250513,교대(법원.검찰청),문래,11,6
20250513,교대(법원.검찰청),문래,12,7
20250513,교대(법원.검찰청),문래,13,8
20250513,교대(법원.검찰청),문래,14,4
20250513,교대(법원.검찰청),문래,15,8
20250513,교대(법원.검찰청),문래,16,10
20250513,교대(법원.검찰청),문래,17,25
20250513,교대(법원.검찰청),문래,18,37
20250513,교대(법원.검찰청),문래,19,15
20250513,교대(법원.검찰청),문래,20,14
20250513,교대(법원.검찰청),문래,21,12
20250513,교대(법원.검찰청),문래,22,5
20250513,교대(법원.검찰청),문래,23,1
20250513,교대(법원.검찰청),방배,0,5
20250513,교대(법원.검찰청),방배,5,1
20250513,교대(법원.검찰청),방배,6,5
20250513,교대(법원.검찰청),방배,7,26
20250513,교대(법원.검찰청),방배,8,26
20250513,교대(법원.검찰청),방배,9,23
20250513,교대(법원.검찰청),방배,10,22
20250513,교대(법원.검찰청),방배,11,28
20250513,교대(법원.검찰청),방배,12,44
20250513,교대(법원.검찰청),방배,13,27
20250513,교대(법원.검찰청),방배,14,46
20250513,교대(법원.검찰청),방배,15,53
20250513,교대(법원.검찰청),방배,16,43
20250513,교대(법원.검찰청),방배,17,62
20250513,교대(법원.검찰청),방배,18,51
20250513,교대(법원.검찰청),방배,19,37
20250513,교대(법원.검찰청),방배,20,25
20250513,교대(법원.검찰청),방배,21,33
20250513,교대(법원.검찰청),방배,22,30
20250513,교대(법원.검찰청),방배,23,12
20250513,교대(법원.검찰청),봉천,0,4
20250513,교대(법원.검찰청),봉천,5,3
20250513,교대(법원.검찰청),봉천,6,4
20250513,교대(법원.검찰청),봉천,7,6
20250513,교대(법원.검찰청),봉천,8,9
20250513,교대(법원.검찰청),봉천,9,12
20250513,교대(법원.검찰청),봉천,10,10
20250513,교대(법원.검찰청),봉천,11,14
20250513,교대(법원.검찰청),봉천,12,21
20250513,교대(법원.검찰청),봉천,13,20
20250513,교대(법원.검찰청),봉천,14,37
20250513,교대(법원.검찰청),봉천,15,45
20250513,교대(법원.검찰청),봉천,16,34
20250513,교대(법원.검찰청),봉천,17,75
20250513,교대(법원.검찰청),봉천,18,141
20250513,교대(법원.검찰청),봉천,19,66
20250513,교대(법원.검찰청),봉천,20,51
20250513,교대(법원.검찰청),봉천,21,49
20250513,교대(법원.검찰청),봉천,22,39
20250513,교대(법원.검찰청),봉천,23,14
20250513,교대(법원.검찰청),사당,0,8
20250513,교대(법원.검찰청),사당,5,2
20250513,교대(법원.검찰청),사당,6,6
20250513,교대(법원.검찰청),사당,7,24
20250513,교대(법원.검찰청),사당,8,34
20250513,교대(법원.검찰청),사당,9,34
20250513,교대(법원.검찰청),사당,10,35
20250513,교대(법원.검찰청),사당,11,31
20250513,교대(법원.검찰청),사당,12,54
20250513,교대(법원.검찰청),사당,13,52
20250513,교대(법원.검찰청),사당,14,79
20250513,교대(법원.검찰청),사당,15,76
20250513,교대(법원.검찰청),사당,16,108
20250513,교대(법원.검찰청),사당,17,171
20250513,교대(법원.검찰청),사당,18,296
20250513,교대(법원.검찰청),사당,19,117
20250513,교대(법원.검찰청),사당,20,98
20250513,교대(법원.검찰청),사당,21,101
20250513,교대(법원.검찰청),사당,22,65
20250513,교대(법원.검찰청),사당,23,28
20250513,교대(법원.검찰청),삼성(무역센터),0,1
20250513,교대(법원.검찰청),삼성(무역센터),5,3
20250513,교대(법원.검찰청),삼성(무역센터),6,30
20250513,교대(법원.검찰청),삼성(무역센터),7,70
20250513,교대(법원.검찰청),삼성(무역센터),8,133
20250513,교대(법원.검찰청),삼성(무역센터),9,79
20250513,교대(법원.검찰청),삼성(무역센터),10,63
20250513,교대(법원.검찰청),삼성(무역센터),11,72
20250513,교대(법원.검찰청),삼성(무역센터),12,47
20250513,교대(법원.검찰청),삼성(무역센터),13,53
20250513,교대(법원.검찰청),삼성(무역센터),14,60
20250513,교대(법원.검찰청),삼성(무역센터),15,71
20250513,교대(법원.검찰청),삼성(무역센터),16,41
20250513,교대(법원.검찰청),삼성(무역센터),17,68
20250513,교대(법원.검찰청),삼성(무역센터),18,69
20250513,교대(법원.검찰청),삼성(무역센터),19,19
20250513,교대(법원.검찰청),삼성(무역센터),20,26
20250513,교대(법원.검찰청),삼성(무역센터),21,12
20250513,교대(법원.검찰청),삼성(무역센터),22,16
20250513,교대(법원.검찰청),삼성(무역센터),23,6
20250513,교대(법원.검찰청),상왕십리,7,2
20250513,교대(법원.검찰청),상왕십리,8,1
20250513,교대(법원.검찰청),상왕십리,10,1
20250513,교대(법원.검찰청),상왕십리,11,5
20250513,교대(법원.검찰청),상왕십리,12,4
20250513,교대(법원.검찰청),상왕십리,13,2
20250513,교대(법원.검찰청),상왕십리,14,3
20250513,교대(법원.검찰청),상왕십리,15,3
20250513,교대(법원.검찰청),상왕십리,16,6
20250513,교대(법원.검찰청),상왕십리,17,8
20250513,교대(법원.검찰청),상왕십리,18,21
20250513,교대(법원.검찰청),상왕십리,19,7
20250513,교대(법원.검찰청),상왕십리,20,6
20250513,교대(법원.검찰청),상왕십리,21,7
20250513,교대(법원.검찰청),상왕십리,22,4
20250513,교대(법원.검찰청),상왕십리,23,4
20250513,교대(법원.검찰청),서울대입구(관악구청),0,13
20250513,교대(법원.검찰청),서울대입구(관악구청),5,2
20250513,교대(법원.검찰청),서울대입구(관악구청),6,10
20250513,교대(법원.검찰청),서울대입구(관악구청),7,20
20250513,교대(법원.검찰청),서울대입구(관악구청),8,59
20250513,교대(법원.검찰청),서울대입구(관악구청),9,40
20250513,교대(법원.검찰청),서울대입구(관악구청),10,36
20250513,교대(법원.검찰청),서울대입구(관악구청),11,33
20250513,교대(법원.검찰청),서울대입구(관악구청),12,35
20250513,교대(법원.검찰청),서울대입구(관악구청),13,59
20250513,교대(법원.검찰청),서울대입구(관악구청),14,80
20250513,교대(법원.검찰청),서울대입구(관악구청),15,81
20250513,교대(법원.검찰청),서울대입구(관악구청),16,70
20250513,교대(법원.검찰청),서울대입구(관악구청),17,124
20250513,교대(법원.검찰청),서울대입구(관악구청),18,253
20250513,교대(법원.검찰청),서울대입구(관악구청),19,121
20250513,교대(법원.검찰청),서울대입구(관악구청),20,92
20250513,교대(법원.검찰청),서울대입구(관악구청),21,107
20250513,교대(법원.검찰청),서울대입구(관악구청),22,79
20250513,교대(법원.검찰청),서울대입구(관악구청),23,51
20250513,교대(법원.검찰청),서초,0,1
20250513,교대(법원.검찰청),서초,6,2
20250513,교대(법원.검찰청),서초,7,35
20250513,교대(법원.검찰청),서초,8,30
20250513,교대(법원.검찰청),서초,9,24
20250513,교대(법원.검찰청),서초,10,36
20250513,교대(법원.검찰청),서초,11,25
20250513,교대(법원.검찰청),서초,12,29
20250513,교대(법원.검찰청),서초,13,34
20250513,교대(법원.검찰청),서초,14,33
20250513,교대(법원.검찰청),서초,15,24
20250513,교대(법원.검찰청),서초,16,26
20250513,교대(법원.검찰청),서초,17,15
20250513,교대(법원.검찰청),서초,18,10
20250513,교대(법원.검찰청),서초,19,19
20250513,교대(법원.검찰청),서초,20,13
20250513,교대(법원.검찰청),서초,21,8
20250513,교대(법원.검찰청),서초,22,4
20250513,교대(법원.검찰청),서초,23,2
20250513,교대(법원.검찰청),선릉,0,3
20250513,교대(법원.검찰청),선릉,5,3
20250513,교대(법원.검찰청),선릉,6,25
20250513,교대(법원.검찰청),선릉,7,86
20250513,교대(법원.검찰청),선릉,8,153
20250513,교대(법원.검찰청),선릉,9,65
20250513,교대(법원.검찰청),선릉,10,53
20250513,교대(법원.검찰청),선릉,11,88
20250513,교대(법원.검찰청),선릉,12,72
20250513,교대(법원.검찰청),선릉,13,91
20250513,교대(법원.검찰청),선릉,14,102
20250513,교대(법원.검찰청),선릉,15,69
20250513,교대(법원.검찰청),선릉,16,80
20250513,교대(법원.검찰청),선릉,17,86
20250513,교대(법원.검찰청),선릉,18,103
20250513,교대(법원.검찰청),선릉,19,42
20250513,교대(법원.검찰청),선릉,20,46
20250513,교대(법원.검찰청),선릉,21,35
20250513,교대(법원.검찰청),선릉,22,38
20250513,교대(법원.검찰청),선릉,23,16
20250513,교대(법원.검찰청),성수,0,1
20250513,교대(법원.검찰청),성수,5,1
20250513,교대(법원.검찰청),성수,6,3
20250513,교대(법원.검찰청),성수,7,8
20250513,교대(법원.검찰청),성수,8,16
20250513,교대(법원.검찰청),성수,9,12
20250513,교대(법원.검찰청),성수,10,12
20250513,교대(법원.검찰청),성수,11,16
20250513,교대(법원.검찰청),성수,12,16
20250513,교대(법원.검찰청),성수,13,16
20250513,교대(법원.검찰청),성수,14,21
20250513,교대(법원.검찰청),성수,15,13
20250513,교대(법원.검찰청),성수,16,14
20250513,교대(법원.검찰청),성수,17,24
20250513,교대(법원.검찰청),성수,18,18
20250513,교대(법원.검찰청),성수,19,7
20250513,교대(법원.검찰청),성수,20,9
20250513,교대(법원.검찰청),성수,21,3
20250513,교대(법원.검찰청),성수,22,3
20250513,교대(법원.검찰청),성수,23,2
20250513,교대(법원.검찰청),시청,5,1
20250513,교대(법원.검찰청),시청,6,2
20250513,교대(법원.검찰청),시청,7,8
20250513,교대(법원.검찰청),시청,8,11
20250513,교대(법원.검찰청),시청,9,1
20250513,교대(법원.검찰청),시청,10,6
20250513,교대(법원.검찰청),시청,11,3
20250513,교대(법원.검찰청),시청,12,2
20250513,교대(법원.검찰청),시청,13,3
20250513,교대(법원.검찰청),시청,14,2
20250513,교대(법원.검찰청),시청,15,4
20250513,교대(법원.검찰청),시청,16,4
20250513,교대(법원.검찰청),시청,17,4
20250513,교대(법원.검찰청),시청,18,1
20250513,교대(법원.검찰청),시청,19,2
20250513,교대(법원.검찰청),시청,20,1
20250513,교대(법원.검찰청),신당,6,1
20250513,교대(법원.검찰청),신당,7,1
20250513,교대(법원.검찰청),신당,9,1
20250513,교대(법원.검찰청),신당,11,3
20250513,교대(법원.검찰청),신당,12,2
20250513,교대(법원.검찰청),신당,13,2
20250513,교대(법원.검찰청),신당,14,4
20250513,교대(법원.검찰청),신당,15,3
20250513,교대(법원.검찰청),신당,17,5
20250513,교대(법원.검찰청),신당,18,12
20250513,교대(법원.검찰청),신당,19,1
20250513,교대(법원.검찰청),신당,20,4
20250513,교대(법원.검찰청),신당,21,2
20250513,교대(법원.검찰청),신당,23,1
20250513,교대(법원.검찰청),신대방,0,3
20250513,교대(법원.검찰청),신대방,5,1
20250513,교대(법원.검찰청),신대방,6,11
20250513,교대(법원.검찰청),신대방,7,7
20250513,교대(법원.검찰청),신대방,8,2
20250513,교대(법원.검찰청),신대방,9,10
20250513,교대(법원.검찰청),신대방,10,8
20250513,교대(법원.검찰청),신대방,11,2
20250513,교대(법원.검찰청),신대방,12,7
20250513,교대(법원.검찰청),신대방,13,14
20250513,교대(법원.검찰청),신대방,14,21
20250513,교대(법원.검찰청),신대방,15,34
20250513,교대(법원.검찰청),신대방,16,28
20250513,교대(법원.검찰청),신대방,17,67
20250513,교대(법원.검찰청),신대방,18,85
20250513,교대(법원.검찰청),신대방,19,49
20250513,교대(법원.검찰청),신대방,20,39
20250513,교대(법원.검찰청),신대방,21,53
20250513,교대(법원.검찰청),신대방,22,34
20250513,교대(법원.검찰청),신대방,23,18
20250513,교대(법원.검찰청),신도림,0,3
20250513,교대(법원.검찰청),신도림,5,3
20250513,교대(법원.검찰청),신도림,7,1
20250513,교대(법원.검찰청),신도림,8,12
20250513,교대(법원.검찰청),신도림,9,5
20250513,교대(법원.검찰청),신도림,10,14
20250513,교대(법원.검찰청),신도림,11,11
20250513,교대(법원.검찰청),신도림,12,11
20250513,교대(법원.검찰청),신도림,13,20
20250513,교대(법원.검찰청),신도림,14,24
20250513,교대(법원.검찰청),신도림,15,41
20250513,교대(법원.검찰청),신도림,16,25
20250513,교대(법원.검찰청),신도림,17,62
20250513,교대(법원.검찰청),신도림,18,105
20250513,교대(법원.검찰청),신도림,19,44
20250513,교대(법원.검찰청),신도림,20,29
20250513,교대(법원.검찰청),신도림,21,42
20250513,교대(법원.검찰청),신도림,22,20
20250513,교대(법원.검찰청),신도림,23,15
20250513,교대(법원.검찰청),신림,0,13
20250513,교대(법원.검찰청),신림,5,3
20250513,교대(법원.검찰청),신림,6,15
20250513,교대(법원.검찰청),신림,7,14
20250513,교대(법원.검찰청),신림,8,23
20250513,교대(법원.검찰청),신림,9,14
20250513,교대(법원.검찰청),신림,10,12
20250513,교대(법원.검찰청),신림,11,13
20250513,교대(법원.검찰청),신림,12,25
20250513,교대(법원.검찰청),신림,13,46
20250513,교대(법원.검찰청),신림,14,61
20250513,교대(법원.검찰청),신림,15,77
20250513,교대(법원.검찰청),신림,16,70
20250513,교대(법원.검찰청),신림,17,149
20250513,교대(법원.검찰청),신림,18,296
20250513,교대(법원.검찰청),신림,19,144
20250513,교대(법원.검찰청),신림,20,118
20250513,교대(법원.검찰청),신림,21,128
20250513,교대(법원.검찰청),신림,22,105
20250513,교대(법원.검찰청),신림,23,46
20250513,교대(법원.검찰청),신촌,0,1
20250513,교대(법원.검찰청),신촌,7,5
20250513,교대(법원.검찰청),신촌,8,11
20250513,교대(법원.검찰청),신촌,9,6
20250513,교대(법원.검찰청),신촌,10,10
20250513,교대(법원.검찰청),신촌,11,9
20250513,교대(법원.검찰청),신촌,12,6
20250513,교대(법원.검찰청),신촌,13,6
20250513,교대(법원.검찰청),신촌,14,5
20250513,교대(법원.검찰청),신촌,15,7
20250513,교대(법원.검찰청),신촌,16,7
20250513,교대(법원.검찰청),신촌,17,15
20250513,교대(법원.검찰청),신촌,18,16
20250513,교대(법원.검찰청),신촌,19,12
20250513,교대(법원.검찰청),신촌,20,3
20250513,교대(법원.검찰청),신촌,21,8
20250513,교대(법원.검찰청),신촌,22,2
20250513,교대(법원.검찰청),신촌,23,1
20250513,교대(법원.검찰청),아현,0,1
20250513,교대(법원.검찰청),아현,8,1
20250513,교대(법원.검찰청),아현,12,1
20250513,교대(법원.검찰청),아현,13,3
20250513,교대(법원.검찰청),아현,14,1
20250513,교대(법원.검찰청),아현,15,3
20250513,교대(법원.검찰청),아현,16,1
20250513,교대(법원.검찰청),아현,17,2
20250513,교대(법원.검찰청),아현,18,5
20250513,교대(법원.검찰청),아현,19,7
20250513,교대(법원.검찰청),아현,20,5
20250513,교대(법원.검찰청),아현,21,4
20250513,교대(법원.검찰청),아현,23,3
20250513,교대(법원.검찰청),역삼,0,2
20250513,교대(법원.검찰청),역삼,5,2
20250513,교대(법원.검찰청),역삼,6,24
20250513,교대(법원.검찰청),역삼,7,71
20250513,교대(법원.검찰청),역삼,8,146
20250513,교대(법원.검찰청),역삼,9,124
20250513,교대(법원.검찰청),역삼,10,59
20250513,교대(법원.검찰청),역삼,11,67
20250513,교대(법원.검찰청),역삼,12,50
20250513,교대(법원.검찰청),역삼,13,83
20250513,교대(법원.검찰청),역삼,14,71
20250513,교대(법원.검찰청),역삼,15,54
20250513,교대(법원.검찰청),역삼,16,55
20250513,교대(법원.검찰청),역삼,17,51
20250513,교대(법원.검찰청),역삼,18,76
20250513,교대(법원.검찰청),역삼,19,33
20250513,교대(법원.검찰청),역삼,20,29
20250513,교대(법원.검찰청),역삼,21,26
20250513,교대(법원.검찰청),역삼,22,17
20250513,교대(법원.검찰청),역삼,23,12
20250513,교대(법원.검찰청),영등포구청,0,1
20250513,교대(법원.검찰청),영등포구청,6,3
20250513,교대(법원.검찰청),영등포구청,7,17
20250513,교대(법원.검찰청),영등포구청,8,6
20250513,교대(법원.검찰청),영등포구청,9,3
20250513,교대(법원.검찰청),영등포구청,10,5
20250513,교대(법원.검찰청),영등포구청,11,2
20250513,교대(법원.검찰청),영등포구청,12,7
20250513,교대(법원.검찰청),영등포구청,13,9
20250513,교대(법원.검찰청),영등포구청,14,7
20250513,교대(법원.검찰청),영등포구청,15,13
20250513,교대(법원.검찰청),영등포구청,16,9
20250513,교대(법원.검찰청),영등포구청,17,15
20250513,교대(법원.검찰청),영등포구청,18,30
20250513,교대(법원.검찰청),영등포구청,19,10
20250513,교대(법원.검찰청),영등포구청,20,9
20250513,교대(법원.검찰청),영등포구청,21,12
20250513,교대(법원.검찰청),영등포구청,22,8
20250513,교대(법원.검찰청),영등포구청,23,1
20250513,교대(법원.검찰청),왕십리(성동구청),0,1
20250513,교대(법원.검찰청),왕십리(성동구청),8,1
20250513,교대(법원.검찰청),왕십리(성동구청),11,1
20250513,교대(법원.검찰청),왕십리(성동구청),12,3
20250513,교대(법원.검찰청),왕십리(성동구청),13,5
20250513,교대(법원.검찰청),왕십리(성동구청),14,2
20250513,교대(법원.검찰청),왕십리(성동구청),15,2
20250513,교대(법원.검찰청),왕십리(성동구청),16,4
20250513,교대(법원.검찰청),왕십리(성동구청),17,7
20250513,교대(법원.검찰청),왕십리(성동구청),18,10
20250513,교대(법원.검찰청),왕십리(성동구청),19,3
20250513,교대(법원.검찰청),왕십리(성동구청),20,6
20250513,교대(법원.검찰청),왕십리(성동구청),21,6
20250513,교대(법원.검찰청),왕십리(성동구청),22,3
20250513,교대(법원.검찰청),왕십리(성동구청),23,2
20250513,교대(법원.검찰청),용두(동대문구청),7,2
20250513,교대(법원.검찰청),용두(동대문구청),8,1
20250513,교대(법원.검찰청),용두(동대문구청),9,1
20250513,교대(법원.검찰청),용두(동대문구청),10,1
20250513,교대(법원.검찰청),용두(동대문구청),11,1
20250513,교대(법원.검찰청),용두(동대문구청),12,2
20250513,교대(법원.검찰청),용두(동대문구청),13,1
20250513,교대(법원.검찰청),용두(동대문구청),14,3
20250513,교대(법원.검찰청),용두(동대문구청),15,3
20250513,교대(법원.검찰청),용두(동대문구청),17,4
20250513,교대(법원.검찰청),용두(동대문구청),18,7
20250513,교대(법원.검찰청),용두(동대문구청),19,3
20250513,교대(법원.검찰청),용두(동대문구청),20,2
20250513,교대(법원.검찰청),용두(동대문구청),21,1
20250513,교대(법원.검찰청),용두(동대문구청),23,1
20250513,교대(법원.검찰청),을지로3가,8,1
20250513,교대(법원.검찰청),을지로3가,11,1
20250513,교대(법원.검찰청),을지로3가,14,1
20250513,교대(법원.검찰청),을지로3가,20,1
20250513,교대(법원.검찰청),을지로4가,6,1
20250513,교대(법원.검찰청),을지로4가,7,1
20250513,교대(법원.검찰청),을지로4가,9,1
20250513,교대(법원.검찰청),을지로4가,10,1
20250513,교대(법원.검찰청),을지로4가,11,2
20250513,교대(법원.검찰청),을지로4가,12,3
20250513,교대(법원.검찰청),을지로4가,15,3
20250513,교대(법원.검찰청),을지로4가,16,1
20250513,교대(법원.검찰청),을지로4가,17,1
20250513,교대(법원.검찰청),을지로4가,18,3
20250513,교대(법원.검찰청),을지로입구,6,1
20250513,교대(법원.검찰청),을지로입구,7,15
20250513,교대(법원.검찰청),을지로입구,8,10
20250513,교대(법원.검찰청),을지로입구,9,7
20250513,교대(법원.검찰청),을지로입구,10,3
20250513,교대(법원.검찰청),을지로입구,11,5
20250513,교대(법원.검찰청),을지로입구,12,4
20250513,교대(법원.검찰청),을지로입구,13,1
20250513,교대(법원.검찰청),을지로입구,14,4
20250513,교대(법원.검찰청),을지로입구,15,7
20250513,교대(법원.검찰청),을지로입구,16,1
20250513,교대(법원.검찰청),을지로입구,17,4
20250513,교대(법원.검찰청),을지로입구,18,3
20250513,교대(법원.검찰청),을지로입구,19,2
20250513,교대(법원.검찰청),이대,6,2
20250513,교대(법원.검찰청),이대,7,1
20250513,교대(법원.검찰청),이대,8,7
20250513,교대(법원.검찰청),이대,9,4
20250513,교대(법원.검찰청),이대,10,4
20250513,교대(법원.검찰청),이대,11,6
20250513,교대(법원.검찰청),이대,12,6
20250513,교대(법원.검찰청),이대,13,4
20250513,교대(법원.검찰청),이대,14,4
20250513,교대(법원.검찰청),이대,15,1
20250513,교대(법원.검찰청),이대,16,6
20250513,교대(법원.검찰청),이대,17,5
20250513,교대(법원.검찰청),이대,18,8
20250513,교대(법원.검찰청),이대,20,3
20250513,교대(법원.검찰청),이대,21,1
20250513,교대(법원.검찰청),이대,22,3
20250513,교대(법원.검찰청),이대,23,1
20250513,교대(법원.검찰청),잠실(송파구청),0,7
20250513,교대(법원.검찰청),잠실(송파구청),5,2
20250513,교대(법원.검찰청),잠실(송파구청),6,23
20250513,교대(법원.검찰청),잠실(송파구청),7,43
20250513,교대(법원.검찰청),잠실(송파구청),8,80
20250513,교대(법원.검찰청),잠실(송파구청),9,42
20250513,교대(법원.검찰청),잠실(송파구청),10,42
20250513,교대(법원.검찰청),잠실(송파구청),11,35
20250513,교대(법원.검찰청),잠실(송파구청),12,52
20250513,교대(법원.검찰청),잠실(송파구청),13,81
20250513,교대(법원.검찰청),잠실(송파구청),14,86
20250513,교대(법원.검찰청),잠실(송파구청),15,79
20250513,교대(법원.검찰청),잠실(송파구청),16,119
20250513,교대(법원.검찰청),잠실(송파구청),17,182
20250513,교대(법원.검찰청),잠실(송파구청),18,288
20250513,교대(법원.검찰청),잠실(송파구청),19,97
20250513,교대(법원.검찰청),잠실(송파구청),20,98
20250513,교대(법원.검찰청),잠실(송파구청),21,98
20250513,교대(법원.검찰청),잠실(송파구청),22,66
20250513,교대(법원.검찰청),잠실(송파구청),23,32
20250513,교대(법원.검찰청),잠실나루,5,1
20250513,교대(법원.검찰청),잠실나루,6,7
20250513,교대(법원.검찰청),잠실나루,7,7
20250513,교대(법원.검찰청),잠실나루,8,8
20250513,교대(법원.검찰청),잠실나루,9,3
20250513,교대(법원.검찰청),잠실나루,10,11
20250513,교대(법원.검찰청),잠실나루,11,11
20250513,교대(법원.검찰청),잠실나루,12,12
20250513,교대(법원.검찰청),잠실나루,13,9
20250513,교대(법원.검찰청),잠실나루,14,11
20250513,교대(법원.검찰청),잠실나루,15,12
20250513,교대(법원.검찰청),잠실나루,16,15
20250513,교대(법원.검찰청),잠실나루,17,18
20250513,교대(법원.검찰청),잠실나루,18,28
20250513,교대(법원.검찰청),잠실나루,19,27
20250513,교대(법원.검찰청),잠실나루,20,19
20250513,교대(법원.검찰청),잠실나루,21,24
20250513,교대(법원.검찰청),잠실나루,22,12
20250513,교대(법원.검찰청),잠실나루,23,5
20250513,교대(법원.검찰청),잠실새내,0,3
20250513,교대(법원.검찰청),잠실새내,5,2
20250513,교대(법원.검찰청),잠실새내,6,2
20250513,교대(법원.검찰청),잠실새내,7,3
20250513,교대(법원.검찰청),잠실새내,8,14
20250513,교대(법원.검찰청),잠실새내,9,4
20250513,교대(법원.검찰청),잠실새내,10,11
20250513,교대(법원.검찰청),잠실새내,11,8
20250513,교대(법원.검찰청),잠실새내,12,12
20250513,교대(법원.검찰청),잠실새내,13,23
20250513,교대(법원.검찰청),잠실새내,14,21
20250513,교대(법원.검찰청),잠실새내,15,23
20250513,교대(법원.검찰청),잠실새내,16,29
20250513,교대(법원.검찰청),잠실새내,17,62
20250513,교대(법원.검찰청),잠실새내,18,97
20250513,교대(법원.검찰청),잠실새내,19,45
20250513,교대(법원.검찰청),잠실새내,20,43
20250513,교대(법원.검찰청),잠실새내,21,47
20250513,교대(법원.검찰청),잠실새내,22,29
20250513,교대(법원.검찰청),잠실새내,23,11
20250513,교대(법원.검찰청),종합운동장,0,1
20250513,교대(법원.검찰청),종합운동장,6,8
20250513,교대(법원.검찰청),종합운동장,7,4
20250513,교대(법원.검찰청),종합운동장,8,7
20250513,교대(법원.검찰청),종합운동장,9,7
20250513,교대(법원.검찰청),종합운동장,10,2
20250513,교대(법원.검찰청),종합운동장,11,7
20250513,교대(법원.검찰청),종합운동장,12,14
20250513,교대(법원.검찰청),종합운동장,13,11
20250513,교대(법원.검찰청),종합운동장,14,9
20250513,교대(법원.검찰청),종합운동장,15,9
20250513,교대(법원.검찰청),종합운동장,16,34
20250513,교대(법원.검찰청),종합운동장,17,79
20250513,교대(법원.검찰청),종합운동장,18,85
20250513,교대(법원.검찰청),종합운동장,19,19
20250513,교대(법원.검찰청),종합운동장,20,14
20250513,교대(법원.검찰청),종합운동장,21,23
20250513,교대(법원.검찰청),종합운동장,22,18
20250513,교대(법원.검찰청),종합운동장,23,8
20250513,교대(법원.검찰청),충정로(경기대입구),6,1
20250513,교대(법원.검찰청),충정로(경기대입구),7,4
20250513,교대(법원.검찰청),충정로(경기대입구),8,1
20250513,교대(법원.검찰청),충정로(경기대입구),13,1
20250513,교대(법원.검찰청),충정로(경기대입구),15,2
20250513,교대(법원.검찰청),충정로(경기대입구),16,1
20250513,교대(법원.검찰청),충정로(경기대입구),17,2
20250513,교대(법원.검찰청),충정로(경기대입구),18,2
20250513,교대(법원.검찰청),충정로(경기대입구),19,1
20250513,교대(법원.검찰청),충정로(경기대입구),20,4
20250513,교대(법원.검찰청),한양대,6,1
20250513,교대(법원.검찰청),한양대,7,5
20250513,교대(법원.검찰청),한양대,8,10
20250513,교대(법원.검찰청),한양대,9,14
20250513,교대(법원.검찰청),한양대,10,12
20250513,교대(법원.검찰청),한양대,11,5
20250513,교대(법원.검찰청),한양대,12,10
20250513,교대(법원.검찰청),한양대,13,4
20250513,교대(법원.검찰청),한양대,14,6
20250513,교대(법원.검찰청),한양대,15,4
20250513,교대(법원.검찰청),한양대,16,2
20250513,교대(법원.검찰청),한양대,17,5
20250513,교대(법원.검찰청),한양대,18,7
20250513,교대(법원.검찰청),한양대,19,1
20250513,교대(법원.검찰청),한양대,21,3
20250513,교대(법원.검찰청),한양대,22,2
20250513,교대(법원.검찰청),합정,7,2
20250513,교대(법원.검찰청),합정,8,6
20250513,교대(법원.검찰청),합정,9,6
20250513,교대(법원.검찰청),합정,10,6
20250513,교대(법원.검찰청),합정,11,3
20250513,교대(법원.검찰청),합정,12,6
20250513,교대(법원.검찰청),합정,13,11
20250513,교대(법원.검찰청),합정,14,8
20250513,교대(법원.검찰청),합정,15,5
20250513,교대(법원.검찰청),합정,16,16
20250513,교대(법원.검찰청),합정,17,24
20250513,교대(법원.검찰청),합정,18,24
20250513,교대(법원.검찰청),합정,19,13
20250513,교대(법원.검찰청),합정,20,7
20250513,교대(법원.검찰청),합정,21,8
20250513,교대(법원.검찰청),합정,22,5
20250513,교대(법원.검찰청),합정,23,4
20250513,교대(법원.검찰청),홍대입구,0,1
20250513,교대(법원.검찰청),홍대입구,7,5
20250513,교대(법원.검찰청),홍대입구,8,5
20250513,교대(법원.검찰청),홍대입구,9,13
20250513,교대(법원.검찰청),홍대입구,10,8
20250513,교대(법원.검찰청),홍대입구,11,7
20250513,교대(법원.검찰청),홍대입구,12,6
20250513,교대(법원.검찰청),홍대입구,13,5
20250513,교대(법원.검찰청),홍대입구,14,13
20250513,교대(법원.검찰청),홍대입구,15,11
20250513,교대(법원.검찰청),홍대입구,16,8
20250513,교대(법원.검찰청),홍대입구,17,29
20250513,교대(법원.검찰청),홍대입구,18,32
20250513,교대(법원.검찰청),홍대입구,19,10
20250513,교대(법원.검찰청),홍대입구,20,14
20250513,교대(법원.검찰청),홍대입구,21,9
20250513,교대(법원.검찰청),홍대입구,22,3
20250513,교대(법원.검찰청),홍대입구,23,5
20250513,구로디지털단지,강남,0,4
20250513,구로디지털단지,강남,4,1
20250513,구로디지털단지,강남,5,90
20250513,구로디지털단지,강남,6,127
20250513,구로디지털단지,강남,7,376
20250513,구로디지털단지,강남,8,617
20250513,구로디지털단지,강남,9,372
20250513,구로디지털단지,강남,10,146
20250513,구로디지털단지,강남,11,77
20250513,구로디지털단지,강남,12,92
20250513,구로디지털단지,강남,13,84
20250513,구로디지털단지,강남,14,57
20250513,구로디지털단지,강남,15,70
20250513,구로디지털단지,강남,16,81
20250513,구로디지털단지,강남,17,125
20250513,구로디지털단지,강남,18,204
20250513,구로디지털단지,강남,19,73
20250513,구로디지털단지,강남,20,45
20250513,구로디지털단지,강남,21,27
20250513,구로디지털단지,강남,22,12
20250513,구로디지털단지,강남,23,6
20250513,구로디지털단지,강변(동서울터미널),5,17
20250513,구로디지털단지,강변(동서울터미널),6,7
20250513,구로디지털단지,강변(동서울터미널),7,16
20250513,구로디지털단지,강변(동서울터미널),8,15
20250513,구로디지털단지,강변(동서울터미널),9,22
20250513,구로디지털단지,강변(동서울터미널),10,11
20250513,구로디지털단지,강변(동서울터미널),11,11
20250513,구로디지털단지,강변(동서울터미널),12,9
20250513,구로디지털단지,강변(동서울터미널),13,13
20250513,구로디지털단지,강변(동서울터미널),14,12
20250513,구로디지털단지,강변(동서울터미널),15,11
20250513,구로디지털단지,강변(동서울터미널),16,14
20250513,구로디지털단지,강변(동서울터미널),17,27
20250513,구로디지털단지,강변(동서울터미널),18,39
20250513,구로디지털단지,강변(동서울터미널),19,27
20250513,구로디지털단지,강변(동서울터미널),20,12
20250513,구로디지털단지,강변(동서울터미널),21,10
20250513,구로디지털단지,강변(동서울터미널),22,1
20250513,구로디지털단지,건대입구,5,3
20250513,구로디지털단지,건대입구,6,7
20250513,구로디지털단지,건대입구,7,19
20250513,구로디지털단지,건대입구,8,10
20250513,구로디지털단지,건대입구,9,21
20250513,구로디지털단지,건대입구,10,11
20250513,구로디지털단지,건대입구,11,5
20250513,구로디지털단지,건대입구,12,8
20250513,구로디지털단지,건대입구,13,8
20250513,구로디지털단지,건대입구,14,5
20250513,구로디지털단지,건대입구,15,1
20250513,구로디지털단지,건대입구,16,5
20250513,구로디지털단지,건대입구,17,31
20250513,구로디지털단지,건대입구,18,30
20250513,구로디지털단지,건대입구,19,17
20250513,구로디지털단지,건대입구,20,3
20250513,구로디지털단지,건대입구,21,7
20250513,구로디지털단지,건대입구,22,7
20250513,구로디지털단지,건대입구,23,3
20250513,구로디지털단지,교대(법원.검찰청),0,1
20250513,구로디지털단지,교대(법원.검찰청),5,31
20250513,구로디지털단지,교대(법원.검찰청),6,44
20250513,구로디지털단지,교대(법원.검찰청),7,103
20250513,구로디지털단지,교대(법원.검찰청),8,192
20250513,구로디지털단지,교대(법원.검찰청),9,116
20250513,구로디지털단지,교대(법원.검찰청),10,34
20250513,구로디지털단지,교대(법원.검찰청),11,36
20250513,구로디지털단지,교대(법원.검찰청),12,28
20250513,구로디지털단지,교대(법원.검찰청),13,38
20250513,구로디지털단지,교대(법원.검찰청),14,24
20250513,구로디지털단지,교대(법원.검찰청),15,33
20250513,구로디지털단지,교대(법원.검찰청),16,26
20250513,구로디지털단지,교대(법원.검찰청),17,41
20250513,구로디지털단지,교대(법원.검찰청),18,53
20250513,구로디지털단지,교대(법원.검찰청),19,17
20250513,구로디지털단지,교대(법원.검찰청),20,17
20250513,구로디지털단지,교대(법원.검찰청),21,10
20250513,구로디지털단지,교대(법원.검찰청),22,6
20250513,구로디지털단지,교대(법원.검찰청),23,2
20250513,구로디지털단지,구로디지털단지,0,8
20250513,구로디지털단지,구로디지털단지,1,1
20250513,구로디지털단지,구로디지털단지,5,14
20250513,구로디지털단지,구로디지털단지,6,6
20250513,구로디지털단지,구로디지털단지,7,12
20250513,구로디지털단지,구로디지털단지,8,26
20250513,구로디지털단지,구로디지털단지,9,20
20250513,구로디지털단지,구로디지털단지,10,21
20250513,구로디지털단지,구로디지털단지,11,36
20250513,구로디지털단지,구로디지털단지,12,33
20250513,구로디지털단지,구로디지털단지,13,37
20250513,구로디지털단지,구로디지털단지,14,44
20250513,구로디지털단지,구로디지털단지,15,38
20250513,구로디지털단지,구로디지털단지,16,33
20250513,구로디지털단지,구로디지털단지,17,33
20250513,구로디지털단지,구로디지털단지,18,50
20250513,구로디지털단지,구로디지털단지,19,27
20250513,구로디지털단지,구로디지털단지,20,24
20250513,구로디지털단지,구로디지털단지,21,38
20250513,구로디지털단지,구로디지털단지,22,27
20250513,구로디지털단지,구로디지털단지,23,17
20250513,구로디지털단지,구의(광진구청),5,4
20250513,구로디지털단지,구의(광진구청),6,8
20250513,구로디지털단지,구의(광진구청),7,14
20250513,구로디지털단지,구의(광진구청),8,14
20250513,구로디지털단지,구의(광진구청),9,5
20250513,구로디지털단지,구의(광진구청),10,11
20250513,구로디지털단지,구의(광진구청),11,6
20250513,구로디지털단지,구의(광진구청),12,5
20250513,구로디지털단지,구의(광진구청),13,5
20250513,구로디지털단지,구의(광진구청),14,3
20250513,구로디지털단지,구의(광진구청),15,3
20250513,구로디지털단지,구의(광진구청),16,10
20250513,구로디지털단지,구의(광진구청),17,28
20250513,구로디지털단지,구의(광진구청),18,47
20250513,구로디지털단지,구의(광진구청),19,24
20250513,구로디지털단지,구의(광진구청),20,10
20250513,구로디지털단지,구의(광진구청),21,9
20250513,구로디지털단지,구의(광진구청),22,9
20250513,구로디지털단지,구의(광진구청),23,4
20250513,구로디지털단지,낙성대,0,8
20250513,구로디지털단지,낙성대,5,5
20250513,구로디지털단지,낙성대,6,9
20250513,구로디지털단지,낙성대,7,26
20250513,구로디지털단지,낙성대,8,46
20250513,구로디지털단지,낙성대,9,30
20250513,구로디지털단지,낙성대,10,22
20250513,구로디지털단지,낙성대,11,17
20250513,구로디지털단지,낙성대,12,20
20250513,구로디지털단지,낙성대,13,15
20250513,구로디지털단지,낙성대,14,14
20250513,구로디지털단지,낙성대,15,32
20250513,구로디지털단지,낙성대,16,39
20250513,구로디지털단지,낙성대,17,54
20250513,구로디지털단지,낙성대,18,149
20250513,구로디지털단지,낙성대,19,85
20250513,구로디지털단지,낙성대,20,47
20250513,구로디지털단지,낙성대,21,36
20250513,구로디지털단지,낙성대,22,38
20250513,구로디지털단지,낙성대,23,22
20250513,구로디지털단지,당산,0,5
20250513,구로디지털단지,당산,5,17
20250513,구로디지털단지,당산,6,41
20250513,구로디지털단지,당산,7,128
20250513,구로디지털단지,당산,8,171
20250513,구로디지털단지,당산,9,60
20250513,구로디지털단지,당산,10,27
20250513,구로디지털단지,당산,11,36
20250513,구로디지털단지,당산,12,36
20250513,구로디지털단지,당산,13,38
20250513,구로디지털단지,당산,14,21
20250513,구로디지털단지,당산,15,41
20250513,구로디지털단지,당산,16,68
20250513,구로디지털단지,당산,17,115
20250513,구로디지털단지,당산,18,202
20250513,구로디지털단지,당산,19,109
20250513,구로디지털단지,당산,20,67
20250513,구로디지털단지,당산,21,58
20250513,구로디지털단지,당산,22,35
20250513,구로디지털단지,당산,23,13
20250513,구로디지털단지,대림(구로구청),0,2
20250513,구로디지털단지,대림(구로구청),5,2
20250513,구로디지털단지,대림(구로구청),6,10
20250513,구로디지털단지,대림(구로구청),7,33
20250513,구로디지털단지,대림(구로구청),8,56
20250513,구로디지털단지,대림(구로구청),9,47
20250513,구로디지털단지,대림(구로구청),10,60
20250513,구로디지털단지,대림(구로구청),11,47
20250513,구로디지털단지,대림(구로구청),12,44
20250513,구로디지털단지,대림(구로구청),13,52
20250513,구로디지털단지,대림(구로구청),14,44
20250513,구로디지털단지,대림(구로구청),15,38
20250513,구로디지털단지,대림(구로구청),16,57
20250513,구로디지털단지,대림(구로구청),17,62
20250513,구로디지털단지,대림(구로구청),18,61
20250513,구로디지털단지,대림(구로구청),19,37
20250513,구로디지털단지,대림(구로구청),20,37
20250513,구로디지털단지,대림(구로구청),21,38
20250513,구로디지털단지,대림(구로구청),22,25
20250513,구로디지털단지,대림(구로구청),23,19
20250513,구로디지털단지,동대문역사문화공원,5,9
20250513,구로디지털단지,동대문역사문화공원,6,19
20250513,구로디지털단지,동대문역사문화공원,7,44
20250513,구로디지털단지,동대문역사문화공원,8,47
20250513,구로디지털단지,동대문역사문화공원,9,25
20250513,구로디지털단지,동대문역사문화공원,10,25
20250513,구로디지털단지,동대문역사문화공원,11,33
20250513,구로디지털단지,동대문역사문화공원,12,9
20250513,구로디지털단지,동대문역사문화공원,13,7
20250513,구로디지털단지,동대문역사문화공원,14,7
20250513,구로디지털단지,동대문역사문화공원,15,12
20250513,구로디지털단지,동대문역사문화공원,16,11
20250513,구로디지털단지,동대문역사문화공원,17,8
20250513,구로디지털단지,동대문역사문화공원,18,15
20250513,구로디지털단지,동대문역사문화공원,19,23
20250513,구로디지털단지,동대문역사문화공원,20,10
20250513,구로디지털단지,동대문역사문화공원,21,5
20250513,구로디지털단지,동대문역사문화공원,22,7
20250513,구로디지털단지,동대문역사문화공원,23,1
20250513,구로디지털단지,뚝섬,5,6
20250513,구로디지털단지,뚝섬,6,20
20250513,구로디지털단지,뚝섬,7,66
20250513,구로디지털단지,뚝섬,8,61
20250513,구로디지털단지,뚝섬,9,38
20250513,구로디지털단지,뚝섬,10,8
20250513,구로디지털단지,뚝섬,11,11
20250513,구로디지털단지,뚝섬,12,7
20250513,구로디지털단지,뚝섬,13,6
20250513,구로디지털단지,뚝섬,14,7
20250513,구로디지털단지,뚝섬,15,5
20250513,구로디지털단지,뚝섬,16,5
20250513,구로디지털단지,뚝섬,17,8
20250513,구로디지털단지,뚝섬,18,13
20250513,구로디지털단지,뚝섬,19,6
20250513,구로디지털단지,뚝섬,20,1
20250513,구로디지털단지,뚝섬,21,5
20250513,구로디지털단지,뚝섬,22,1
20250513,구로디지털단지,문래,0,2
20250513,구로디지털단지,문래,5,17
20250513,구로디지털단지,문래,6,27
20250513,구로디지털단지,문래,7,110
20250513,구로디지털단지,문래,8,291
20250513,구로디지털단지,문래,9,137
20250513,구로디지털단지,문래,10,44
20250513,구로디지털단지,문래,11,33
20250513,구로디지털단지,문래,12,33
20250513,구로디지털단지,문래,13,43
20250513,구로디지털단지,문래,14,60
20250513,구로디지털단지,문래,15,39
20250513,구로디지털단지,문래,16,49
20250513,구로디지털단지,문래,17,52
20250513,구로디지털단지,문래,18,101
20250513,구로디지털단지,문래,19,44
20250513,구로디지털단지,문래,20,27
20250513,구로디지털단지,문래,21,32
20250513,구로디지털단지,문래,22,18
20250513,구로디지털단지,문래,23,3
20250513,구로디지털단지,방배,0,1
20250513,구로디지털단지,방배,5,20
20250513,구로디지털단지,방배,6,25
20250513,구로디지털단지,방배,7,80
20250513,구로디지털단지,방배,8,147
20250513,구로디지털단지,방배,9,86
20250513,구로디지털단지,방배,10,34
20250513,구로디지털단지,방배,11,23
20250513,구로디지털단지,방배,12,23
20250513,구로디지털단지,방배,13,26
20250513,구로디지털단지,방배,14,10
20250513,구로디지털단지,방배,15,22
20250513,구로디지털단지,방배,16,13
20250513,구로디지털단지,방배,17,32
20250513,구로디지털단지,방배,18,31
20250513,구로디지털단지,방배,19,20
20250513,구로디지털단지,방배,20,11
20250513,구로디지털단지,방배,21,11
20250513,구로디지털단지,방배,22,10
20250513,구로디지털단지,방배,23,7
20250513,구로디지털단지,봉천,0,7
20250513,구로디지털단지,봉천,5,7
20250513,구로디지털단지,봉천,6,2
20250513,구로디지털단지,봉천,7,17
20250513,구로디지털단지,봉천,8,45
20250513,구로디지털단지,봉천,9,36
20250513,구로디지털단지,봉천,10,28
20250513,구로디지털단지,봉천,11,37
20250513,구로디지털단지,봉천,12,31
20250513,구로디지털단지,봉천,13,34
20250513,구로디지털단지,봉천,14,32
20250513,구로디지털단지,봉천,15,54
20250513,구로디지털단지,봉천,16,51
20250513,구로디지털단지,봉천,17,74
20250513,구로디지털단지,봉천,18,144
20250513,구로디지털단지,봉천,19,80
20250513,구로디지털단지,봉천,20,37
20250513,구로디지털단지,봉천,21,45
20250513,구로디지털단지,봉천,22,25
20250513,구로디지털단지,봉천,23,12
20250513,구로디지털단지,사당,0,1
20250513,구로디지털단지,사당,5,24
20250513,구로디지털단지,사당,6,38
20250513,구로디지털단지,사당,7,91
20250513,구로디지털단지,사당,8,74
20250513,구로디지털단지,사당,9,49
20250513,구로디지털단지,사당,10,41
20250513,구로디지털단지,사당,11,48
20250513,구로디지털단지,사당,12,29
20250513,구로디지털단지,사당,13,19
20250513,구로디지털단지,사당,14,31
20250513,구로디지털단지,사당,15,59
20250513,구로디지털단지,사당,16,53
20250513,구로디지털단지,사당,17,111
20250513,구로디지털단지,사당,18,225
20250513,구로디지털단지,사당,19,88
20250513,구로디지털단지,사당,20,37
20250513,구로디지털단지,사당,21,39
20250513,구로디지털단지,사당,22,23
20250513,구로디지털단지,사당,23,21
20250513,구로디지털단지,삼성(무역센터),0,1
20250513,구로디지털단지,삼성(무역센터),5,75
20250513,구로디지털단지,삼성(무역센터),6,103
20250513,구로디지털단지,삼성(무역센터),7,288
20250513,구로디지털단지,삼성(무역센터),8,356
20250513,구로디지털단지,삼성(무역센터),9,183
20250513,구로디지털단지,삼성(무역센터),10,59
20250513,구로디지털단지,삼성(무역센터),11,32
20250513,구로디지털단지,삼성(무역센터),12,26
20250513,구로디지털단지,삼성(무역센터),13,35
20250513,구로디지털단지,삼성(무역센터),14,29
20250513,구로디지털단지,삼성(무역센터),15,20
20250513,구로디지털단지,삼성(무역센터),16,24
20250513,구로디지털단지,삼성(무역센터),17,30
20250513,구로디지털단지,삼성(무역센터),18,22
20250513,구로디지털단지,삼성(무역센터),19,18
20250513,구로디지털단지,삼성(무역센터),20,13
20250513,구로디지털단지,삼성(무역센터),21,6
20250513,구로디지털단지,삼성(무역센터),22,5
20250513,구로디지털단지,상왕십리,4,1
20250513,구로디지털단지,상왕십리,5,1
20250513,구로디지털단지,상왕십리,6,4
20250513,구로디지털단지,상왕십리,7,22
20250513,구로디지털단지,상왕십리,8,14
20250513,구로디지털단지,상왕십리,9,5
20250513,구로디지털단지,상왕십리,10,2
20250513,구로디지털단지,상왕십리,11,1
20250513,구로디지털단지,상왕십리,12,4
20250513,구로디지털단지,상왕십리,13,4
20250513,구로디지털단지,상왕십리,14,8
20250513,구로디지털단지,상왕십리,15,7
20250513,구로디지털단지,상왕십리,16,4
20250513,구로디지털단지,상왕십리,17,11
20250513,구로디지털단지,상왕십리,18,31
20250513,구로디지털단지,상왕십리,19,13
20250513,구로디지털단지,상왕십리,20,5
20250513,구로디지털단지,상왕십리,21,9
20250513,구로디지털단지,상왕십리,22,2
20250513,구로디지털단지,상왕십리,23,2
20250513,구로디지털단지,서울대입구(관악구청),0,6
20250513,구로디지털단지,서울대입구(관악구청),5,15
20250513,구로디지털단지,서울대입구(관악구청),6,27
20250513,구로디지털단지,서울대입구(관악구청),7,34
20250513,구로디지털단지,서울대입구(관악구청),8,96
20250513,구로디지털단지,서울대입구(관악구청),9,71
20250513,구로디지털단지,서울대입구(관악구청),10,64
20250513,구로디지털단지,서울대입구(관악구청),11,56
20250513,구로디지털단지,서울대입구(관악구청),12,32
20250513,구로디지털단지,서울대입구(관악구청),13,41
20250513,구로디지털단지,서울대입구(관악구청),14,42
20250513,구로디지털단지,서울대입구(관악구청),15,48
20250513,구로디지털단지,서울대입구(관악구청),16,68
20250513,구로디지털단지,서울대입구(관악구청),17,127
20250513,구로디지털단지,서울대입구(관악구청),18,244
20250513,구로디지털단지,서울대입구(관악구청),19,118
20250513,구로디지털단지,서울대입구(관악구청),20,82
20250513,구로디지털단지,서울대입구(관악구청),21,51
20250513,구로디지털단지,서울대입구(관악구청),22,47
20250513,구로디지털단지,서울대입구(관악구청),23,23
20250513,구로디지털단지,서초,5,24
20250513,구로디지털단지,서초,6,39
20250513,구로디지털단지,서초,7,112
20250513,구로디지털단지,서초,8,181
20250513,구로디지털단지,서초,9,77
20250513,구로디지털단지,서초,10,23
20250513,구로디지털단지,서초,11,17
20250513,구로디지털단지,서초,12,16
20250513,구로디지털단지,서초,13,20
20250513,구로디지털단지,서초,14,17
20250513,구로디지털단지,서초,15,12
20250513,구로디지털단지,서초,16,20
20250513,구로디지털단지,서초,17,22
20250513,구로디지털단지,서초,18,38
20250513,구로디지털단지,서초,19,30
20250513,구로디지털단지,서초,20,7
20250513,구로디지털단지,서초,21,12
20250513,구로디지털단지,서초,22,7
20250513,구로디지털단지,서초,23,4
20250513,구로디지털단지,선릉,0,1
20250513,구로디지털단지,선릉,5,49
20250513,구로디지털단지,선릉,6,83
20250513,구로디지털단지,선릉,7,296
20250513,구로디지털단지,선릉,8,360
20250513,구로디지털단지,선릉,9,230
20250513,구로디지털단지,선릉,10,86
20250513,구로디지털단지,선릉,11,48
20250513,구로디지털단지,선릉,12,87
20250513,구로디지털단지,선릉,13,81
20250513,구로디지털단지,선릉,14,51
20250513,구로디지털단지,선릉,15,68
20250513,구로디지털단지,선릉,16,61
20250513,구로디지털단지,선릉,17,64
20250513,구로디지털단지,선릉,18,70
20250513,구로디지털단지,선릉,19,21
20250513,구로디지털단지,선릉,20,17
20250513,구로디지털단지,선릉,21,12
20250513,구로디지털단지,선릉,22,5
20250513,구로디지털단지,선릉,23,6
20250513,구로디지털단지,성수,5,22
20250513,구로디지털단지,성수,6,35
20250513,구로디지털단지,성수,7,105
20250513,구로디지털단지,성수,8,69
20250513,구로디지털단지,성수,9,36
20250513,구로디지털단지,성수,10,16
20250513,구로디지털단지,성수,11,9
20250513,구로디지털단지,성수,12,15
20250513,구로디지털단지,성수,13,12
20250513,구로디지털단지,성수,14,13
20250513,구로디지털단지,성수,15,20
20250513,구로디지털단지,성수,16,9
20250513,구로디지털단지,성수,17,21
20250513,구로디지털단지,성수,18,14
20250513,구로디지털단지,성수,19,7
20250513,구로디지털단지,성수,20,5
20250513,구로디지털단지,성수,21,2
20250513,구로디지털단지,성수,22,1
20250513,구로디지털단지,성수,23,1
20250513,구로디지털단지,시청,5,12
20250513,구로디지털단지,시청,6,43
20250513,구로디지털단지,시청,7,146
20250513,구로디지털단지,시청,8,216
20250513,구로디지털단지,시청,9,56
20250513,구로디지털단지,시청,10,32
20250513,구로디지털단지,시청,11,17
20250513,구로디지털단지,시청,12,18
20250513,구로디지털단지,시청,13,14
20250513,구로디지털단지,시청,14,16
20250513,구로디지털단지,시청,15,9
20250513,구로디지털단지,시청,16,17
20250513,구로디지털단지,시청,17,18
20250513,구로디지털단지,시청,18,14
20250513,구로디지털단지,시청,19,7
20250513,구로디지털단지,시청,22,4
20250513,구로디지털단지,신당,0,2
20250513,구로디지털단지,신당,5,2
20250513,구로디지털단지,신당,6,1
20250513,구로디지털단지,신당,7,23
20250513,구로디지털단지,신당,8,19
20250513,구로디지털단지,신당,9,8
20250513,구로디지털단지,신당,10,6
20250513,구로디지털단지,신당,11,7
20250513,구로디지털단지,신당,12,4
20250513,구로디지털단지,신당,13,6
20250513,구로디지털단지,신당,14,9
20250513,구로디지털단지,신당,15,11
20250513,구로디지털단지,신당,16,10
20250513,구로디지털단지,신당,17,25
20250513,구로디지털단지,신당,18,26
20250513,구로디지털단지,신당,19,20
20250513,구로디지털단지,신당,20,11
20250513,구로디지털단지,신당,21,8
20250513,구로디지털단지,신당,22,5
20250513,구로디지털단지,신대방,0,4
20250513,구로디지털단지,신대방,5,9
20250513,구로디지털단지,신대방,6,8
20250513,구로디지털단지,신대방,7,14
20250513,구로디지털단지,신대방,8,17
20250513,구로디지털단지,신대방,9,11
20250513,구로디지털단지,신대방,10,19
20250513,구로디지털단지,신대방,11,19
20250513,구로디지털단지,신대방,12,18
20250513,구로디지털단지,신대방,13,45
20250513,구로디지털단지,신대방,14,25
20250513,구로디지털단지,신대방,15,37
20250513,구로디지털단지,신대방,16,39
20250513,구로디지털단지,신대방,17,59
20250513,구로디지털단지,신대방,18,78
20250513,구로디지털단지,신대방,19,54
20250513,구로디지털단지,신대방,20,31
20250513,구로디지털단지,신대방,21,36
20250513,구로디지털단지,신대방,22,27
20250513,구로디지털단지,신대방,23,12
20250513,구로디지털단지,신도림,0,11
20250513,구로디지털단지,신도림,5,10
20250513,구로디지털단지,신도림,6,30
20250513,구로디지털단지,신도림,7,61
20250513,구로디지털단지,신도림,8,179
20250513,구로디지털단지,신도림,9,111
20250513,구로디지털단지,신도림,10,91
20250513,구로디지털단지,신도림,11,87
20250513,구로디지털단지,신도림,12,81
20250513,구로디지털단지,신도림,13,68
20250513,구로디지털단지,신도림,14,69
20250513,구로디지털단지,신도림,15,78
20250513,구로디지털단지,신도림,16,105
20250513,구로디지털단지,신도림,17,159
20250513,구로디지털단지,신도림,18,218
20250513,구로디지털단지,신도림,19,108
20250513,구로디지털단지,신도림,20,63
20250513,구로디지털단지,신도림,21,58
20250513,구로디지털단지,신도림,22,54
20250513,구로디지털단지,신도림,23,34
20250513,구로디지털단지,신림,0,15
20250513,구로디지털단지,신림,5,7
20250513,구로디지털단지,신림,6,16
20250513,구로디지털단지,신림,7,23
20250513,구로디지털단지,신림,8,42
20250513,구로디지털단지,신림,9,44
20250513,구로디지털단지,신림,10,49
20250513,구로디지털단지,신림,11,37
20250513,구로디지털단지,신림,12,51
20250513,구로디지털단지,신림,13,55
20250513,구로디지털단지,신림,14,57
20250513,구로디지털단지,신림,15,83
20250513,구로디지털단지,신림,16,84
20250513,구로디지털단지,신림,17,175
20250513,구로디지털단지,신림,18,385
20250513,구로디지털단지,신림,19,195
20250513,구로디지털단지,신림,20,118
20250513,구로디지털단지,신림,21,81
20250513,구로디지털단지,신림,22,76
20250513,구로디지털단지,신림,23,50
20250513,구로디지털단지,신촌,0,5
20250513,구로디지털단지,신촌,5,8
20250513,구로디지털단지,신촌,6,28
20250513,구로디지털단지,신촌,7,100
20250513,구로디지털단지,신촌,8,128
20250513,구로디지털단지,신촌,9,109
20250513,구로디지털단지,신촌,10,73
20250513,구로디지털단지,신촌,11,65
20250513,구로디지털단지,신촌,12,47
20250513,구로디지털단지,신촌,13,43
20250513,구로디지털단지,신촌,14,33
20250513,구로디지털단지,신촌,15,32
20250513,구로디지털단지,신촌,16,28
20250513,구로디지털단지,신촌,17,73
20250513,구로디지털단지,신촌,18,90
20250513,구로디지털단지,신촌,19,46
20250513,구로디지털단지,신촌,20,24
20250513,구로디지털단지,신촌,21,28
20250513,구로디지털단지,신촌,22,12
20250513,구로디지털단지,신촌,23,8
20250513,구로디지털단지,아현,0,2
20250513,구로디지털단지,아현,5,12
20250513,구로디지털단지,아현,6,7
20250513,구로디지털단지,아현,7,23
20250513,구로디지털단지,아현,8,29
20250513,구로디지털단지,아현,9,14
20250513,구로디지털단지,아현,10,9
20250513,구로디지털단지,아현,11,9
20250513,구로디지털단지,아현,12,3
20250513,구로디지털단지,아현,13,5
20250513,구로디지털단지,아현,14,3
20250513,구로디지털단지,아현,15,9
20250513,구로디지털단지,아현,16,9
20250513,구로디지털단지,아현,17,20
20250513,구로디지털단지,아현,18,33
20250513,구로디지털단지,아현,19,13
20250513,구로디지털단지,아현,20,13
20250513,구로디지털단지,아현,21,15
20250513,구로디지털단지,아현,22,7
20250513,구로디지털단지,아현,23,4
20250513,구로디지털단지,역삼,5,35
20250513,구로디지털단지,역삼,6,96
20250513,구로디지털단지,역삼,7,368
20250513,구로디지털단지,역삼,8,477
20250513,구로디지털단지,역삼,9,271
20250513,구로디지털단지,역삼,10,82
20250513,구로디지털단지,역삼,11,42
20250513,구로디지털단지,역삼,12,54
20250513,구로디지털단지,역삼,13,51
20250513,구로디지털단지,역삼,14,36
20250513,구로디지털단지,역삼,15,29
20250513,구로디지털단지,역삼,16,23
20250513,구로디지털단지,역삼,17,38
20250513,구로디지털단지,역삼,18,35
20250513,구로디지털단지,역삼,19,29
20250513,구로디지털단지,역삼,20,20
20250513,구로디지털단지,역삼,21,6
20250513,구로디지털단지,역삼,22,11
20250513,구로디지털단지,역삼,23,2
20250513,구로디지털단지,영등포구청,0,4
20250513,구로디지털단지,영등포구청,5,24
20250513,구로디지털단지,영등포구청,6,32
20250513,구로디지털단지,영등포구청,7,129
20250513,구로디지털단지,영등포구청,8,293
20250513,구로디지털단지,영등포구청,9,108
20250513,구로디지털단지,영등포구청,10,43
20250513,구로디지털단지,영등포구청,11,32
20250513,구로디지털단지,영등포구청,12,34
20250513,구로디지털단지,영등포구청,13,37
20250513,구로디지털단지,영등포구청,14,27
20250513,구로디지털단지,영등포구청,15,40
20250513,구로디지털단지,영등포구청,16,29
20250513,구로디지털단지,영등포구청,17,61
20250513,구로디지털단지,영등포구청,18,128
20250513,구로디지털단지,영등포구청,19,63
20250513,구로디지털단지,영등포구청,20,40
20250513,구로디지털단지,영등포구청,21,22
20250513,구로디지털단지,영등포구청,22,12
20250513,구로디지털단지,영등포구청,23,10
20250513,구로디지털단지,왕십리(성동구청),0,2
20250513,구로디지털단지,왕십리(성동구청),4,1
20250513,구로디지털단지,왕십리(성동구청),5,10
20250513,구로디지털단지,왕십리(성동구청),6,7
20250513,구로디지털단지,왕십리(성동구청),7,9
20250513,구로디지털단지,왕십리(성동구청),8,10
20250513,구로디지털단지,왕십리(성동구청),9,6
20250513,구로디지털단지,왕십리(성동구청),10,1
20250513,구로디지털단지,왕십리(성동구청),11,4
20250513,구로디지털단지,왕십리(성동구청),12,8
20250513,구로디지털단지,왕십리(성동구청),13,6
20250513,구로디지털단지,왕십리(성동구청),14,7
20250513,구로디지털단지,왕십리(성동구청),15,11
20250513,구로디지털단지,왕십리(성동구청),16,4
20250513,구로디지털단지,왕십리(성동구청),17,12
20250513,구로디지털단지,왕십리(성동구청),18,31
20250513,구로디지털단지,왕십리(성동구청),19,15
20250513,구로디지털단지,왕십리(성동구청),20,2
20250513,구로디지털단지,왕십리(성동구청),21,5
20250513,구로디지털단지,왕십리(성동구청),22,5
20250513,구로디지털단지,용두(동대문구청),6,2
20250513,구로디지털단지,용두(동대문구청),7,1
20250513,구로디지털단지,용두(동대문구청),12,1
20250513,구로디지털단지,용두(동대문구청),14,2
20250513,구로디지털단지,용두(동대문구청),17,1
20250513,구로디지털단지,을지로3가,5,22
20250513,구로디지털단지,을지로3가,6,36
20250513,구로디지털단지,을지로3가,7,115
20250513,구로디지털단지,을지로3가,8,123
20250513,구로디지털단지,을지로3가,9,41
20250513,구로디지털단지,을지로3가,10,16
20250513,구로디지털단지,을지로3가,11,18
20250513,구로디지털단지,을지로3가,12,32
20250513,구로디지털단지,을지로3가,13,14
20250513,구로디지털단지,을지로3가,14,10
20250513,구로디지털단지,을지로3가,15,12
20250513,구로디지털단지,을지로3가,16,9
20250513,구로디지털단지,을지로3가,17,12
20250513,구로디지털단지,을지로3가,18,21
20250513,구로디지털단지,을지로3가,19,7
20250513,구로디지털단지,을지로3가,20,1
20250513,구로디지털단지,을지로3가,21,1
20250513,구로디지털단지,을지로3가,22,1
20250513,구로디지털단지,을지로4가,5,14
20250513,구로디지털단지,을지로4가,6,27
20250513,구로디지털단지,을지로4가,7,60
20250513,구로디지털단지,을지로4가,8,60
20250513,구로디지털단지,을지로4가,9,19
20250513,구로디지털단지,을지로4가,10,15
20250513,구로디지털단지,을지로4가,11,14
20250513,구로디지털단지,을지로4가,12,14
20250513,구로디지털단지,을지로4가,13,10
20250513,구로디지털단지,을지로4가,14,3
20250513,구로디지털단지,을지로4가,15,4
20250513,구로디지털단지,을지로4가,16,8
20250513,구로디지털단지,을지로4가,17,7
20250513,구로디지털단지,을지로4가,18,8
20250513,구로디지털단지,을지로4가,19,4
20250513,구로디지털단지,을지로4가,20,1
20250513,구로디지털단지,을지로4가,21,1
20250513,구로디지털단지,을지로4가,22,1
20250513,구로디지털단지,을지로입구,0,3
20250513,구로디지털단지,을지로입구,5,21
20250513,구로디지털단지,을지로입구,6,53
20250513,구로디지털단지,을지로입구,7,217
20250513,구로디지털단지,을지로입구,8,283
20250513,구로디지털단지,을지로입구,9,120
20250513,구로디지털단지,을지로입구,10,48
20250513,구로디지털단지,을지로입구,11,25
20250513,구로디지털단지,을지로입구,12,38
20250513,구로디지털단지,을지로입구,13,38
20250513,구로디지털단지,을지로입구,14,20
20250513,구로디지털단지,을지로입구,15,13
20250513,구로디지털단지,을지로입구,16,19
20250513,구로디지털단지,을지로입구,17,18
20250513,구로디지털단지,을지로입구,18,28
20250513,구로디지털단지,을지로입구,19,13
20250513,구로디지털단지,을지로입구,20,9
20250513,구로디지털단지,을지로입구,23,1
20250513,구로디지털단지,이대,0,1
20250513,구로디지털단지,이대,5,5
20250513,구로디지털단지,이대,6,10
20250513,구로디지털단지,이대,7,42
20250513,구로디지털단지,이대,8,61
20250513,구로디지털단지,이대,9,43
20250513,구로디지털단지,이대,10,34
20250513,구로디지털단지,이대,11,22
20250513,구로디지털단지,이대,12,9
20250513,구로디지털단지,이대,13,23
20250513,구로디지털단지,이대,14,12
20250513,구로디지털단지,이대,15,8
20250513,구로디지털단지,이대,16,18
20250513,구로디지털단지,이대,17,32
20250513,구로디지털단지,이대,18,43
20250513,구로디지털단지,이대,19,15
20250513,구로디지털단지,이대,20,11
20250513,구로디지털단지,이대,21,8
20250513,구로디지털단지,이대,22,5
20250513,구로디지털단지,이대,23,4
20250513,구로디지털단지,잠실(송파구청),4,1
20250513,구로디지털단지,잠실(송파구청),5,28
20250513,구로디지털단지,잠실(송파구청),6,56
20250513,구로디지털단지,잠실(송파구청),7,142
20250513,구로디지털단지,잠실(송파구청),8,130
20250513,구로디지털단지,잠실(송파구청),9,83
20250513,구로디지털단지,잠실(송파구청),10,61
20250513,구로디지털단지,잠실(송파구청),11,43
20250513,구로디지털단지,잠실(송파구청),12,46
20250513,구로디지털단지,잠실(송파구청),13,35
20250513,구로디지털단지,잠실(송파구청),14,27
20250513,구로디지털단지,잠실(송파구청),15,48
20250513,구로디지털단지,잠실(송파구청),16,75
20250513,구로디지털단지,잠실(송파구청),17,111
20250513,구로디지털단지,잠실(송파구청),18,147
20250513,구로디지털단지,잠실(송파구청),19,82
20250513,구로디지털단지,잠실(송파구청),20,62
20250513,구로디지털단지,잠실(송파구청),21,44
20250513,구로디지털단지,잠실(송파구청),22,33
20250513,구로디지털단지,잠실(송파구청),23,12
20250513,구로디지털단지,잠실나루,0,1
20250513,구로디지털단지,잠실나루,4,1
20250513,구로디지털단지,잠실나루,5,32
20250513,구로디지털단지,잠실나루,6,10
20250513,구로디지털단지,잠실나루,7,17
20250513,구로디지털단지,잠실나루,8,12
20250513,구로디지털단지,잠실나루,9,6
20250513,구로디지털단지,잠실나루,10,6
20250513,구로디지털단지,잠실나루,11,7
20250513,구로디지털단지,잠실나루,12,15
20250513,구로디지털단지,잠실나루,13,3
20250513,구로디지털단지,잠실나루,14,10
20250513,구로디지털단지,잠실나루,15,6
20250513,구로디지털단지,잠실나루,16,7
20250513,구로디지털단지,잠실나루,17,13
20250513,구로디지털단지,잠실나루,18,12
20250513,구로디지털단지,잠실나루,19,7
20250513,구로디지털단지,잠실나루,20,5
20250513,구로디지털단지,잠실나루,21,5
20250513,구로디지털단지,잠실나루,22,4
20250513,구로디지털단지,잠실나루,23,1
20250513,구로디지털단지,잠실새내,0,1
20250513,구로디지털단지,잠실새내,5,1
20250513,구로디지털단지,잠실새내,6,13
20250513,구로디지털단지,잠실새내,7,14
20250513,구로디지털단지,잠실새내,8,15
20250513,구로디지털단지,잠실새내,9,6
20250513,구로디지털단지,잠실새내,10,14
20250513,구로디지털단지,잠실새내,11,5
20250513,구로디지털단지,잠실새내,12,6
20250513,구로디지털단지,잠실새내,13,9
20250513,구로디지털단지,잠실새내,14,9
20250513,구로디지털단지,잠실새내,15,15
20250513,구로디지털단지,잠실새내,16,19
20250513,구로디지털단지,잠실새내,17,25
20250513,구로디지털단지,잠실새내,18,33
20250513,구로디지털단지,잠실새내,19,11
20250513,구로디지털단지,잠실새내,20,16
20250513,구로디지털단지,잠실새내,21,8
20250513,구로디지털단지,잠실새내,22,8
20250513,구로디지털단지,잠실새내,23,6
20250513,구로디지털단지,종합운동장,4,1
20250513,구로디지털단지,종합운동장,5,36
20250513,구로디지털단지,종합운동장,6,15
20250513,구로디지털단지,종합운동장,7,24
20250513,구로디지털단지,종합운동장,8,15
20250513,구로디지털단지,종합운동장,9,3
20250513,구로디지털단지,종합운동장,10,5
20250513,구로디지털단지,종합운동장,11,2
20250513,구로디지털단지,종합운동장,12,3
20250513,구로디지털단지,종합운동장,13,7
20250513,구로디지털단지,종합운동장,14,5
20250513,구로디지털단지,종합운동장,15,10
20250513,구로디지털단지,종합운동장,16,41
20250513,구로디지털단지,종합운동장,17,102
20250513,구로디지털단지,종합운동장,18,60
20250513,구로디지털단지,종합운동장,19,20
20250513,구로디지털단지,종합운동장,20,11
20250513,구로디지털단지,종합운동장,21,9
20250513,구로디지털단지,종합운동장,22,6
20250513,구로디지털단지,종합운동장,23,2
20250513,구로디지털단지,충정로(경기대입구),5,1
20250513,구로디지털단지,충정로(경기대입구),6,13
20250513,구로디지털단지,충정로(경기대입구),7,60
20250513,구로디지털단지,충정로(경기대입구),8,67
20250513,구로디지털단지,충정로(경기대입구),9,14
20250513,구로디지털단지,충정로(경기대입구),10,8
20250513,구로디지털단지,충정로(경기대입구),11,5
20250513,구로디지털단지,충정로(경기대입구),12,10
20250513,구로디지털단지,충정로(경기대입구),13,6
20250513,구로디지털단지,충정로(경기대입구),14,2
20250513,구로디지털단지,충정로(경기대입구),15,5
20250513,구로디지털단지,충정로(경기대입구),16,3
20250513,구로디지털단지,충정로(경기대입구),17,12
20250513,구로디지털단지,충정로(경기대입구),18,19
20250513,구로디지털단지,충정로(경기대입구),19,10
20250513,구로디지털단지,충정로(경기대입구),20,6
20250513,구로디지털단지,충정로(경기대입구),21,3
20250513,구로디지털단지,충정로(경기대입구),22,7
20250513,구로디지털단지,충정로(경기대입구),23,2
20250513,구로디지털단지,한양대,5,3
20250513,구로디지털단지,한양대,6,5
20250513,구로디지털단지,한양대,7,22
20250513,구로디지털단지,한양대,8,33
20250513,구로디지털단지,한양대,9,34
20250513,구로디지털단지,한양대,10,13
20250513,구로디지털단지,한양대,11,14
20250513,구로디지털단지,한양대,12,15
20250513,구로디지털단지,한양대,13,9
20250513,구로디지털단지,한양대,14,4
20250513,구로디지털단지,한양대,15,2
20250513,구로디지털단지,한양대,16,4
20250513,구로디지털단지,한양대,17,7
20250513,구로디지털단지,한양대,18,4
20250513,구로디지털단지,한양대,19,1
20250513,구로디지털단지,한양대,20,1
20250513,구로디지털단지,한양대,21,1
20250513,구로디지털단지,합정,0,2
20250513,구로디지털단지,합정,4,1
20250513,구로디지털단지,합정,5,17
20250513,구로디지털단지,합정,6,45
20250513,구로디지털단지,합정,7,140
20250513,구로디지털단지,합정,8,241
20250513,구로디지털단지,합정,9,158
20250513,구로디지털단지,합정,10,62
20250513,구로디지털단지,합정,11,36
20250513,구로디지털단지,합정,12,50
20250513,구로디지털단지,합정,13,61
20250513,구로디지털단지,합정,14,36
20250513,구로디지털단지,합정,15,48
20250513,구로디지털단지,합정,16,61
20250513,구로디지털단지,합정,17,129
20250513,구로디지털단지,합정,18,192
20250513,구로디지털단지,합정,19,86
20250513,구로디지털단지,합정,20,47
20250513,구로디지털단지,합정,21,34
20250513,구로디지털단지,합정,22,43
20250513,구로디지털단지,합정,23,12
20250513,구로디지털단지,홍대입구,0,6
20250513,구로디지털단지,홍대입구,5,21
20250513,구로디지털단지,홍대입구,6,40
20250513,구로디지털단지,홍대입구,7,95
20250513,구로디지털단지,홍대입구,8,234
20250513,구로디지털단지,홍대입구,9,237
20250513,구로디지털단지,홍대입구,10,116
20250513,구로디지털단지,홍대입구,11,101
20250513,구로디지털단지,홍대입구,12,99
20250513,구로디지털단지,홍대입구,13,100
20250513,구로디지털단지,홍대입구,14,75
20250513,구로디지털단지,홍대입구,15,65
20250513,구로디지털단지,홍대입구,16,88
20250513,구로디지털단지,홍대입구,17,169
20250513,구로디지털단지,홍대입구,18,256
20250513,구로디지털단지,홍대입구,19,110
20250513,구로디지털단지,홍대입구,20,71
20250513,구로디지털단지,홍대입구,21,43
20250513,구로디지털단지,홍대입구,22,40
20250513,구로디지털단지,홍대입구,23,25
20250513,구의(광진구청),강남,0,6
20250513,구의(광진구청),강남,5,25
20250513,구의(광진구청),강남,6,63
20250513,구의(광진구청),강남,7,206
20250513,구의(광진구청),강남,8,341
20250513,구의(광진구청),강남,9,236
20250513,구의(광진구청),강남,10,71
20250513,구의(광진구청),강남,11,27
20250513,구의(광진구청),강남,12,40
20250513,구의(광진구청),강남,13,46
20250513,구의(광진구청),강남,14,31
20250513,구의(광진구청),강남,15,32
20250513,구의(광진구청),강남,16,46
20250513,구의(광진구청),강남,17,51
20250513,구의(광진구청),강남,18,53
20250513,구의(광진구청),강남,19,24
20250513,구의(광진구청),강남,20,24
20250513,구의(광진구청),강남,21,21
20250513,구의(광진구청),강남,22,21
20250513,구의(광진구청),강남,23,4
20250513,구의(광진구청),강변(동서울터미널),0,2
20250513,구의(광진구청),강변(동서울터미널),5,6
20250513,구의(광진구청),강변(동서울터미널),6,16
20250513,구의(광진구청),강변(동서울터미널),7,26
20250513,구의(광진구청),강변(동서울터미널),8,25
20250513,구의(광진구청),강변(동서울터미널),9,25
20250513,구의(광진구청),강변(동서울터미널),10,28
20250513,구의(광진구청),강변(동서울터미널),11,24
20250513,구의(광진구청),강변(동서울터미널),12,37
20250513,구의(광진구청),강변(동서울터미널),13,24
20250513,구의(광진구청),강변(동서울터미널),14,37
20250513,구의(광진구청),강변(동서울터미널),15,33
20250513,구의(광진구청),강변(동서울터미널),16,39
20250513,구의(광진구청),강변(동서울터미널),17,29
20250513,구의(광진구청),강변(동서울터미널),18,42
20250513,구의(광진구청),강변(동서울터미널),19,13
20250513,구의(광진구청),강변(동서울터미널),20,23
20250513,구의(광진구청),강변(동서울터미널),21,14
20250513,구의(광진구청),강변(동서울터미널),22,12
20250513,구의(광진구청),강변(동서울터미널),23,8
20250513,구의(광진구청),건대입구,0,5
20250513,구의(광진구청),건대입구,5,8
20250513,구의(광진구청),건대입구,6,27
20250513,구의(광진구청),건대입구,7,37
20250513,구의(광진구청),건대입구,8,115
20250513,구의(광진구청),건대입구,9,77
20250513,구의(광진구청),건대입구,10,80
20250513,구의(광진구청),건대입구,11,65
20250513,구의(광진구청),건대입구,12,79
20250513,구의(광진구청),건대입구,13,65
20250513,구의(광진구청),건대입구,14,79
20250513,구의(광진구청),건대입구,15,41
20250513,구의(광진구청),건대입구,16,61
20250513,구의(광진구청),건대입구,17,81
20250513,구의(광진구청),건대입구,18,97
20250513,구의(광진구청),건대입구,19,43
20250513,구의(광진구청),건대입구,20,65
20250513,구의(광진구청),건대입구,21,45
20250513,구의(광진구청),건대입구,22,37
20250513,구의(광진구청),건대입구,23,26
20250513,구의(광진구청),교대(법원.검찰청),5,14
20250513,구의(광진구청),교대(법원.검찰청),6,27
20250513,구의(광진구청),교대(법원.검찰청),7,60
20250513,구의(광진구청),교대(법원.검찰청),8,97
20250513,구의(광진구청),교대(법원.검찰청),9,49
20250513,구의(광진구청),교대(법원.검찰청),10,26
20250513,구의(광진구청),교대(법원.검찰청),11,10
20250513,구의(광진구청),교대(법원.검찰청),12,13
20250513,구의(광진구청),교대(법원.검찰청),13,15
20250513,구의(광진구청),교대(법원.검찰청),14,11
20250513,구의(광진구청),교대(법원.검찰청),15,17
20250513,구의(광진구청),교대(법원.검찰청),16,14
20250513,구의(광진구청),교대(법원.검찰청),17,12
20250513,구의(광진구청),교대(법원.검찰청),18,11
20250513,구의(광진구청),교대(법원.검찰청),19,1
20250513,구의(광진구청),교대(법원.검찰청),20,4
20250513,구의(광진구청),교대(법원.검찰청),21,1
20250513,구의(광진구청),교대(법원.검찰청),22,6
20250513,구의(광진구청),교대(법원.검찰청),23,2
20250513,구의(광진구청),구로디지털단지,5,2
20250513,구의(광진구청),구로디지털단지,6,21
20250513,구의(광진구청),구로디지털단지,7,64
20250513,구의(광진구청),구로디지털단지,8,51
20250513,구의(광진구청),구로디지털단지,9,13
20250513,구의(광진구청),구로디지털단지,10,11
20250513,구의(광진구청),구로디지털단지,11,3
20250513,구의(광진구청),구로디지털단지,12,12
20250513,구의(광진구청),구로디지털단지,13,4
20250513,구의(광진구청),구로디지털단지,14,4
20250513,구의(광진구청),구로디지털단지,15,11
20250513,구의(광진구청),구로디지털단지,16,12
20250513,구의(광진구청),구로디지털단지,17,10
20250513,구의(광진구청),구로디지털단지,18,16
20250513,구의(광진구청),구로디지털단지,19,10
20250513,구의(광진구청),구로디지털단지,20,5
20250513,구의(광진구청),구로디지털단지,21,3
20250513,구의(광진구청),구로디지털단지,22,5
20250513,구의(광진구청),구로디지털단지,23,2
20250513,구의(광진구청),구의(광진구청),0,3
20250513,구의(광진구청),구의(광진구청),5,4
20250513,구의(광진구청),구의(광진구청),6,9
20250513,구의(광진구청),구의(광진구청),7,12
20250513,구의(광진구청),구의(광진구청),8,15
20250513,구의(광진구청),구의(광진구청),9,13
20250513,구의(광진구청),구의(광진구청),10,11
20250513,구의(광진구청),구의(광진구청),11,18
20250513,구의(광진구청),구의(광진구청),12,19
20250513,구의(광진구청),구의(광진구청),13,18
20250513,구의(광진구청),구의(광진구청),14,26
20250513,구의(광진구청),구의(광진구청),15,26
20250513,구의(광진구청),구의(광진구청),16,22
20250513,구의(광진구청),구의(광진구청),17,15
20250513,구의(광진구청),구의(광진구청),18,24
20250513,구의(광진구청),구의(광진구청),19,9
20250513,구의(광진구청),구의(광진구청),20,15
20250513,구의(광진구청),구의(광진구청),21,14
20250513,구의(광진구청),구의(광진구청),22,17
20250513,구의(광진구청),구의(광진구청),23,8
20250513,구의(광진구청),낙성대,0,1
20250513,구의(광진구청),낙성대,6,2
20250513,구의(광진구청),낙성대,7,15
20250513,구의(광진구청),낙성대,8,12
20250513,구의(광진구청),낙성대,9,8
20250513,구의(광진구청),낙성대,10,4
20250513,구의(광진구청),낙성대,11,6
20250513,구의(광진구청),낙성대,12,5
20250513,구의(광진구청),낙성대,13,1
20250513,구의(광진구청),낙성대,14,3
20250513,구의(광진구청),낙성대,15,4
20250513,구의(광진구청),낙성대,16,8
20250513,구의(광진구청),낙성대,17,5
20250513,구의(광진구청),낙성대,18,8
20250513,구의(광진구청),낙성대,19,6
20250513,구의(광진구청),낙성대,20,4
20250513,구의(광진구청),낙성대,21,4
20250513,구의(광진구청),낙성대,22,8
20250513,구의(광진구청),낙성대,23,2
20250513,구의(광진구청),당산,5,4
20250513,구의(광진구청),당산,6,6
20250513,구의(광진구청),당산,7,16
20250513,구의(광진구청),당산,8,15
20250513,구의(광진구청),당산,9,7
20250513,구의(광진구청),당산,10,4
20250513,구의(광진구청),당산,11,3
20250513,구의(광진구청),당산,12,6
20250513,구의(광진구청),당산,14,1
20250513,구의(광진구청),당산,15,6
20250513,구의(광진구청),당산,16,5
20250513,구의(광진구청),당산,17,5
20250513,구의(광진구청),당산,18,12
20250513,구의(광진구청),당산,19,5
20250513,구의(광진구청),당산,20,3
20250513,구의(광진구청),당산,21,6
20250513,구의(광진구청),당산,22,5
20250513,구의(광진구청),당산,23,6
20250513,구의(광진구청),대림(구로구청),0,1
20250513,구의(광진구청),대림(구로구청),5,1
20250513,구의(광진구청),대림(구로구청),6,2
20250513,구의(광진구청),대림(구로구청),7,12
20250513,구의(광진구청),대림(구로구청),8,5
20250513,구의(광진구청),대림(구로구청),11,3
20250513,구의(광진구청),대림(구로구청),12,8
20250513,구의(광진구청),대림(구로구청),13,3
20250513,구의(광진구청),대림(구로구청),14,1
20250513,구의(광진구청),대림(구로구청),15,4
20250513,구의(광진구청),대림(구로구청),16,7
20250513,구의(광진구청),대림(구로구청),17,1
20250513,구의(광진구청),대림(구로구청),18,3
20250513,구의(광진구청),대림(구로구청),19,1
20250513,구의(광진구청),대림(구로구청),20,6
20250513,구의(광진구청),대림(구로구청),21,2
20250513,구의(광진구청),대림(구로구청),22,4
20250513,구의(광진구청),대림(구로구청),23,1
20250513,구의(광진구청),동대문역사문화공원,5,8
20250513,구의(광진구청),동대문역사문화공원,6,11
20250513,구의(광진구청),동대문역사문화공원,7,45
20250513,구의(광진구청),동대문역사문화공원,8,72
20250513,구의(광진구청),동대문역사문화공원,9,28
20250513,구의(광진구청),동대문역사문화공원,10,26
20250513,구의(광진구청),동대문역사문화공원,11,21
20250513,구의(광진구청),동대문역사문화공원,12,11
20250513,구의(광진구청),동대문역사문화공원,13,22
20250513,구의(광진구청),동대문역사문화공원,14,20
20250513,구의(광진구청),동대문역사문화공원,15,15
20250513,구의(광진구청),동대문역사문화공원,16,4
20250513,구의(광진구청),동대문역사문화공원,17,10
20250513,구의(광진구청),동대문역사문화공원,18,14
20250513,구의(광진구청),동대문역사문화공원,19,12
20250513,구의(광진구청),동대문역사문화공원,20,6
20250513,구의(광진구청),동대문역사문화공원,21,3
20250513,구의(광진구청),동대문역사문화공원,22,6
20250513,구의(광진구청),동대문역사문화공원,23,2
20250513,구의(광진구청),뚝섬,0,1
20250513,구의(광진구청),뚝섬,5,13
20250513,구의(광진구청),뚝섬,6,20
20250513,구의(광진구청),뚝섬,7,86
20250513,구의(광진구청),뚝섬,8,245
20250513,구의(광진구청),뚝섬,9,173
20250513,구의(광진구청),뚝섬,10,54
20250513,구의(광진구청),뚝섬,11,32
20250513,구의(광진구청),뚝섬,12,40
20250513,구의(광진구청),뚝섬,13,37
20250513,구의(광진구청),뚝섬,14,27
20250513,구의(광진구청),뚝섬,15,27
20250513,구의(광진구청),뚝섬,16,26
20250513,구의(광진구청),뚝섬,17,27
20250513,구의(광진구청),뚝섬,18,35
20250513,구의(광진구청),뚝섬,19,17
20250513,구의(광진구청),뚝섬,20,7
20250513,구의(광진구청),뚝섬,21,13
20250513,구의(광진구청),뚝섬,22,6
20250513,구의(광진구청),뚝섬,23,3
20250513,구의(광진구청),문래,5,1
20250513,구의(광진구청),문래,6,3
20250513,구의(광진구청),문래,7,33
20250513,구의(광진구청),문래,8,14
20250513,구의(광진구청),문래,9,3
20250513,구의(광진구청),문래,10,2
20250513,구의(광진구청),문래,12,3
20250513,구의(광진구청),문래,13,2
20250513,구의(광진구청),문래,14,1
20250513,구의(광진구청),문래,15,1
20250513,구의(광진구청),문래,16,4
20250513,구의(광진구청),문래,17,5
20250513,구의(광진구청),문래,18,7
20250513,구의(광진구청),문래,19,1
20250513,구의(광진구청),문래,20,1
20250513,구의(광진구청),문래,21,1
20250513,구의(광진구청),문래,22,1
20250513,구의(광진구청),문래,23,1
20250513,구의(광진구청),방배,0,2
20250513,구의(광진구청),방배,5,8
20250513,구의(광진구청),방배,6,7
20250513,구의(광진구청),방배,7,19
20250513,구의(광진구청),방배,8,39
20250513,구의(광진구청),방배,9,15
20250513,구의(광진구청),방배,10,7
20250513,구의(광진구청),방배,11,2
20250513,구의(광진구청),방배,12,10
20250513,구의(광진구청),방배,13,8
20250513,구의(광진구청),방배,14,4
20250513,구의(광진구청),방배,15,3
20250513,구의(광진구청),방배,16,3
20250513,구의(광진구청),방배,17,6
20250513,구의(광진구청),방배,18,5
20250513,구의(광진구청),방배,20,1
20250513,구의(광진구청),방배,21,4
20250513,구의(광진구청),방배,23,1
20250513,구의(광진구청),봉천,5,1
20250513,구의(광진구청),봉천,6,3
20250513,구의(광진구청),봉천,7,5
20250513,구의(광진구청),봉천,8,7
20250513,구의(광진구청),봉천,9,5
20250513,구의(광진구청),봉천,10,1
20250513,구의(광진구청),봉천,11,2
20250513,구의(광진구청),봉천,12,1
20250513,구의(광진구청),봉천,13,4
20250513,구의(광진구청),봉천,14,1
20250513,구의(광진구청),봉천,15,5
20250513,구의(광진구청),봉천,16,10
20250513,구의(광진구청),봉천,17,2
20250513,구의(광진구청),봉천,18,11
20250513,구의(광진구청),봉천,19,6
20250513,구의(광진구청),봉천,20,3
20250513,구의(광진구청),봉천,21,3
20250513,구의(광진구청),봉천,22,2
20250513,구의(광진구청),봉천,23,2
20250513,구의(광진구청),사당,5,9
20250513,구의(광진구청),사당,6,11
20250513,구의(광진구청),사당,7,39
20250513,구의(광진구청),사당,8,24
20250513,구의(광진구청),사당,9,17
20250513,구의(광진구청),사당,10,14
20250513,구의(광진구청),사당,11,17
20250513,구의(광진구청),사당,12,10
20250513,구의(광진구청),사당,13,5
20250513,구의(광진구청),사당,14,11
20250513,구의(광진구청),사당,15,13
20250513,구의(광진구청),사당,16,15
20250513,구의(광진구청),사당,17,28
20250513,구의(광진구청),사당,18,27
20250513,구의(광진구청),사당,19,9
20250513,구의(광진구청),사당,20,10
20250513,구의(광진구청),사당,21,16
20250513,구의(광진구청),사당,22,9
20250513,구의(광진구청),사당,23,1
20250513,구의(광진구청),삼성(무역센터),1,1
20250513,구의(광진구청),삼성(무역센터),5,32
20250513,구의(광진구청),삼성(무역센터),6,64
20250513,구의(광진구청),삼성(무역센터),7,188
20250513,구의(광진구청),삼성(무역센터),8,426
20250513,구의(광진구청),삼성(무역센터),9,226
20250513,구의(광진구청),삼성(무역센터),10,60
20250513,구의(광진구청),삼성(무역센터),11,30
20250513,구의(광진구청),삼성(무역센터),12,28
20250513,구의(광진구청),삼성(무역센터),13,30
20250513,구의(광진구청),삼성(무역센터),14,25
20250513,구의(광진구청),삼성(무역센터),15,21
20250513,구의(광진구청),삼성(무역센터),16,21
20250513,구의(광진구청),삼성(무역센터),17,12
20250513,구의(광진구청),삼성(무역센터),18,32
20250513,구의(광진구청),삼성(무역센터),19,9
20250513,구의(광진구청),삼성(무역센터),20,5
20250513,구의(광진구청),삼성(무역센터),21,11
20250513,구의(광진구청),삼성(무역센터),22,2
20250513,구의(광진구청),삼성(무역센터),23,2
20250513,구의(광진구청),상왕십리,0,2
20250513,구의(광진구청),상왕십리,5,2
20250513,구의(광진구청),상왕십리,6,9
20250513,구의(광진구청),상왕십리,7,9
20250513,구의(광진구청),상왕십리,8,36
20250513,구의(광진구청),상왕십리,9,11
20250513,구의(광진구청),상왕십리,10,10
20250513,구의(광진구청),상왕십리,11,6
20250513,구의(광진구청),상왕십리,12,7
20250513,구의(광진구청),상왕십리,13,10
20250513,구의(광진구청),상왕십리,14,8
20250513,구의(광진구청),상왕십리,15,4
20250513,구의(광진구청),상왕십리,16,16
20250513,구의(광진구청),상왕십리,17,9
20250513,구의(광진구청),상왕십리,18,11
20250513,구의(광진구청),상왕십리,19,10
20250513,구의(광진구청),상왕십리,20,6
20250513,구의(광진구청),상왕십리,21,5
20250513,구의(광진구청),상왕십리,22,10
20250513,구의(광진구청),상왕십리,23,3
20250513,구의(광진구청),서울대입구(관악구청),0,1
20250513,구의(광진구청),서울대입구(관악구청),5,3
20250513,구의(광진구청),서울대입구(관악구청),6,6
20250513,구의(광진구청),서울대입구(관악구청),7,14
20250513,구의(광진구청),서울대입구(관악구청),8,22
20250513,구의(광진구청),서울대입구(관악구청),9,5
20250513,구의(광진구청),서울대입구(관악구청),10,9
20250513,구의(광진구청),서울대입구(관악구청),11,4
20250513,구의(광진구청),서울대입구(관악구청),12,8
20250513,구의(광진구청),서울대입구(관악구청),13,9
20250513,구의(광진구청),서울대입구(관악구청),14,10
20250513,구의(광진구청),서울대입구(관악구청),15,10
20250513,구의(광진구청),서울대입구(관악구청),16,8
20250513,구의(광진구청),서울대입구(관악구청),17,6
20250513,구의(광진구청),서울대입구(관악구청),18,15
20250513,구의(광진구청),서울대입구(관악구청),19,12
20250513,구의(광진구청),서울대입구(관악구청),20,8
20250513,구의(광진구청),서울대입구(관악구청),21,6
20250513,구의(광진구청),서울대입구(관악구청),22,9
20250513,구의(광진구청),서울대입구(관악구청),23,2
20250513,구의(광진구청),서초,5,7
20250513,구의(광진구청),서초,6,17
20250513,구의(광진구청),서초,7,29
20250513,구의(광진구청),서초,8,64
20250513,구의(광진구청),서초,9,40
20250513,구의(광진구청),서초,10,9
20250513,구의(광진구청),서초,11,2
20250513,구의(광진구청),서초,12,4
20250513,구의(광진구청),서초,13,6
20250513,구의(광진구청),서초,14,7
20250513,구의(광진구청),서초,15,6
20250513,구의(광진구청),서초,16,5
20250513,구의(광진구청),서초,17,2
20250513,구의(광진구청),서초,18,7
20250513,구의(광진구청),서초,19,4
20250513,구의(광진구청),서초,21,4
20250513,구의(광진구청),서초,22,2
20250513,구의(광진구청),서초,23,1
20250513,구의(광진구청),선릉,0,2
20250513,구의(광진구청),선릉,5,26
20250513,구의(광진구청),선릉,6,50
20250513,구의(광진구청),선릉,7,147
20250513,구의(광진구청),선릉,8,279
20250513,구의(광진구청),선릉,9,161
20250513,구의(광진구청),선릉,10,52
20250513,구의(광진구청),선릉,11,30
20250513,구의(광진구청),선릉,12,36
20250513,구의(광진구청),선릉,13,31
20250513,구의(광진구청),선릉,14,32
20250513,구의(광진구청),선릉,15,13
20250513,구의(광진구청),선릉,16,19
20250513,구의(광진구청),선릉,17,15
20250513,구의(광진구청),선릉,18,28
20250513,구의(광진구청),선릉,19,5
20250513,구의(광진구청),선릉,20,3
20250513,구의(광진구청),선릉,21,8
20250513,구의(광진구청),선릉,22,10
20250513,구의(광진구청),선릉,23,4
20250513,구의(광진구청),성수,5,14
20250513,구의(광진구청),성수,6,37
20250513,구의(광진구청),성수,7,97
20250513,구의(광진구청),성수,8,395
20250513,구의(광진구청),성수,9,232
20250513,구의(광진구청),성수,10,100
20250513,구의(광진구청),성수,11,52
20250513,구의(광진구청),성수,12,62
20250513,구의(광진구청),성수,13,56
20250513,구의(광진구청),성수,14,35
20250513,구의(광진구청),성수,15,50
20250513,구의(광진구청),성수,16,40
20250513,구의(광진구청),성수,17,42
20250513,구의(광진구청),성수,18,55
20250513,구의(광진구청),성수,19,29
20250513,구의(광진구청),성수,20,18
20250513,구의(광진구청),성수,21,16
20250513,구의(광진구청),성수,22,12
20250513,구의(광진구청),성수,23,9
20250513,구의(광진구청),시청,5,8
20250513,구의(광진구청),시청,6,21
20250513,구의(광진구청),시청,7,98
20250513,구의(광진구청),시청,8,140
20250513,구의(광진구청),시청,9,34
20250513,구의(광진구청),시청,10,15
20250513,구의(광진구청),시청,11,5
20250513,구의(광진구청),시청,12,6
20250513,구의(광진구청),시청,13,7
20250513,구의(광진구청),시청,14,4
20250513,구의(광진구청),시청,15,6
20250513,구의(광진구청),시청,16,3
20250513,구의(광진구청),시청,17,10
20250513,구의(광진구청),시청,18,4
20250513,구의(광진구청),시청,19,3
20250513,구의(광진구청),시청,20,1
20250513,구의(광진구청),신당,0,1
20250513,구의(광진구청),신당,4,1
20250513,구의(광진구청),신당,5,5
20250513,구의(광진구청),신당,6,11
20250513,구의(광진구청),신당,7,28
20250513,구의(광진구청),신당,8,26
20250513,구의(광진구청),신당,9,26
20250513,구의(광진구청),신당,10,12
20250513,구의(광진구청),신당,11,8
20250513,구의(광진구청),신당,12,15
20250513,구의(광진구청),신당,13,5
20250513,구의(광진구청),신당,14,8
20250513,구의(광진구청),신당,15,16
20250513,구의(광진구청),신당,16,12
20250513,구의(광진구청),신당,17,10
20250513,구의(광진구청),신당,18,16
20250513,구의(광진구청),신당,19,13
20250513,구의(광진구청),신당,20,11
20250513,구의(광진구청),신당,21,9
20250513,구의(광진구청),신당,22,4
20250513,구의(광진구청),신당,23,5
20250513,구의(광진구청),신대방,5,2
20250513,구의(광진구청),신대방,6,4
20250513,구의(광진구청),신대방,7,5
20250513,구의(광진구청),신대방,9,5
20250513,구의(광진구청),신대방,12,3
20250513,구의(광진구청),신대방,13,1
20250513,구의(광진구청),신대방,14,4
20250513,구의(광진구청),신대방,15,2
20250513,구의(광진구청),신대방,16,5
20250513,구의(광진구청),신대방,17,4
20250513,구의(광진구청),신대방,18,10
20250513,구의(광진구청),신대방,19,5
20250513,구의(광진구청),신대방,20,2
20250513,구의(광진구청),신대방,21,1
20250513,구의(광진구청),신대방,22,5
20250513,구의(광진구청),신대방,23,1
20250513,구의(광진구청),신도림,5,1
20250513,구의(광진구청),신도림,6,5
20250513,구의(광진구청),신도림,7,12
20250513,구의(광진구청),신도림,8,8
20250513,구의(광진구청),신도림,9,6
20250513,구의(광진구청),신도림,10,3
20250513,구의(광진구청),신도림,11,5
20250513,구의(광진구청),신도림,13,3
20250513,구의(광진구청),신도림,14,2
20250513,구의(광진구청),신도림,15,3
20250513,구의(광진구청),신도림,16,7
20250513,구의(광진구청),신도림,17,4
20250513,구의(광진구청),신도림,18,6
20250513,구의(광진구청),신도림,19,4
20250513,구의(광진구청),신도림,20,2
20250513,구의(광진구청),신도림,21,4
20250513,구의(광진구청),신도림,22,4
20250513,구의(광진구청),신림,6,15
20250513,구의(광진구청),신림,7,10
20250513,구의(광진구청),신림,8,7
20250513,구의(광진구청),신림,9,5
20250513,구의(광진구청),신림,10,2
20250513,구의(광진구청),신림,11,2
20250513,구의(광진구청),신림,12,2
20250513,구의(광진구청),신림,13,4
20250513,구의(광진구청),신림,14,3
20250513,구의(광진구청),신림,15,8
20250513,구의(광진구청),신림,16,15
20250513,구의(광진구청),신림,17,17
20250513,구의(광진구청),신림,18,23
20250513,구의(광진구청),신림,19,18
20250513,구의(광진구청),신림,20,12
20250513,구의(광진구청),신림,21,11
20250513,구의(광진구청),신림,22,9
20250513,구의(광진구청),신림,23,5
20250513,구의(광진구청),신촌,0,3
20250513,구의(광진구청),신촌,5,4
20250513,구의(광진구청),신촌,6,10
20250513,구의(광진구청),신촌,7,34
20250513,구의(광진구청),신촌,8,34
20250513,구의(광진구청),신촌,9,45
20250513,구의(광진구청),신촌,10,13
20250513,구의(광진구청),신촌,11,16
20250513,구의(광진구청),신촌,12,19
20250513,구의(광진구청),신촌,13,9
20250513,구의(광진구청),신촌,14,8
20250513,구의(광진구청),신촌,15,9
20250513,구의(광진구청),신촌,16,9
20250513,구의(광진구청),신촌,17,19
20250513,구의(광진구청),신촌,18,18
20250513,구의(광진구청),신촌,19,9
20250513,구의(광진구청),신촌,20,7
20250513,구의(광진구청),신촌,21,5
20250513,구의(광진구청),신촌,22,8
20250513,구의(광진구청),신촌,23,3
20250513,구의(광진구청),아현,5,1
20250513,구의(광진구청),아현,6,1
20250513,구의(광진구청),아현,7,8
20250513,구의(광진구청),아현,8,10
20250513,구의(광진구청),아현,9,4
20250513,구의(광진구청),아현,10,4
20250513,구의(광진구청),아현,11,1
20250513,구의(광진구청),아현,12,2
20250513,구의(광진구청),아현,13,4
20250513,구의(광진구청),아현,14,2
20250513,구의(광진구청),아현,15,3
20250513,구의(광진구청),아현,16,6
20250513,구의(광진구청),아현,17,4
20250513,구의(광진구청),아현,18,8
20250513,구의(광진구청),아현,19,3
20250513,구의(광진구청),아현,20,2
20250513,구의(광진구청),아현,21,3
20250513,구의(광진구청),아현,22,1
20250513,구의(광진구청),아현,23,1
20250513,구의(광진구청),역삼,0,1
20250513,구의(광진구청),역삼,5,21
20250513,구의(광진구청),역삼,6,48
20250513,구의(광진구청),역삼,7,209
20250513,구의(광진구청),역삼,8,354
20250513,구의(광진구청),역삼,9,199
20250513,구의(광진구청),역삼,10,62
20250513,구의(광진구청),역삼,11,31
20250513,구의(광진구청),역삼,12,18
20250513,구의(광진구청),역삼,13,25
20250513,구의(광진구청),역삼,14,15
20250513,구의(광진구청),역삼,15,13
20250513,구의(광진구청),역삼,16,15
20250513,구의(광진구청),역삼,17,17
20250513,구의(광진구청),역삼,18,12
20250513,구의(광진구청),역삼,19,10
20250513,구의(광진구청),역삼,20,7
20250513,구의(광진구청),역삼,21,7
20250513,구의(광진구청),역삼,23,2
20250513,구의(광진구청),영등포구청,6,4
20250513,구의(광진구청),영등포구청,7,16
20250513,구의(광진구청),영등포구청,8,17
20250513,구의(광진구청),영등포구청,9,4
20250513,구의(광진구청),영등포구청,10,1
20250513,구의(광진구청),영등포구청,11,1
20250513,구의(광진구청),영등포구청,13,1
20250513,구의(광진구청),영등포구청,14,2
20250513,구의(광진구청),영등포구청,15,4
20250513,구의(광진구청),영등포구청,16,1
20250513,구의(광진구청),영등포구청,17,4
20250513,구의(광진구청),영등포구청,18,2
20250513,구의(광진구청),영등포구청,19,1
20250513,구의(광진구청),영등포구청,21,1
20250513,구의(광진구청),영등포구청,22,1
20250513,구의(광진구청),왕십리(성동구청),0,3
20250513,구의(광진구청),왕십리(성동구청),5,3
20250513,구의(광진구청),왕십리(성동구청),6,7
20250513,구의(광진구청),왕십리(성동구청),7,35
20250513,구의(광진구청),왕십리(성동구청),8,44
20250513,구의(광진구청),왕십리(성동구청),9,26
20250513,구의(광진구청),왕십리(성동구청),10,14
20250513,구의(광진구청),왕십리(성동구청),11,8
20250513,구의(광진구청),왕십리(성동구청),12,13
20250513,구의(광진구청),왕십리(성동구청),13,7
20250513,구의(광진구청),왕십리(성동구청),14,10
20250513,구의(광진구청),왕십리(성동구청),15,13
20250513,구의(광진구청),왕십리(성동구청),16,22
20250513,구의(광진구청),왕십리(성동구청),17,17
20250513,구의(광진구청),왕십리(성동구청),18,34
20250513,구의(광진구청),왕십리(성동구청),19,13
20250513,구의(광진구청),왕십리(성동구청),20,11
20250513,구의(광진구청),왕십리(성동구청),21,19
20250513,구의(광진구청),왕십리(성동구청),22,9
20250513,구의(광진구청),왕십리(성동구청),23,5
20250513,구의(광진구청),용두(동대문구청),5,1
20250513,구의(광진구청),용두(동대문구청),6,3
20250513,구의(광진구청),용두(동대문구청),7,4
20250513,구의(광진구청),용두(동대문구청),8,19
20250513,구의(광진구청),용두(동대문구청),9,13
20250513,구의(광진구청),용두(동대문구청),10,5
20250513,구의(광진구청),용두(동대문구청),11,9
20250513,구의(광진구청),용두(동대문구청),12,5
20250513,구의(광진구청),용두(동대문구청),13,8
20250513,구의(광진구청),용두(동대문구청),14,4
20250513,구의(광진구청),용두(동대문구청),15,3
20250513,구의(광진구청),용두(동대문구청),16,2
20250513,구의(광진구청),용두(동대문구청),17,9
20250513,구의(광진구청),용두(동대문구청),18,4
20250513,구의(광진구청),용두(동대문구청),19,4
20250513,구의(광진구청),용두(동대문구청),20,3
20250513,구의(광진구청),용두(동대문구청),21,5
20250513,구의(광진구청),용두(동대문구청),22,3
20250513,구의(광진구청),용두(동대문구청),23,1
20250513,구의(광진구청),을지로3가,0,2
20250513,구의(광진구청),을지로3가,5,2
20250513,구의(광진구청),을지로3가,6,23
20250513,구의(광진구청),을지로3가,7,71
20250513,구의(광진구청),을지로3가,8,117
20250513,구의(광진구청),을지로3가,9,37
20250513,구의(광진구청),을지로3가,10,12
20250513,구의(광진구청),을지로3가,11,10
20250513,구의(광진구청),을지로3가,12,10
20250513,구의(광진구청),을지로3가,13,7
20250513,구의(광진구청),을지로3가,14,6
20250513,구의(광진구청),을지로3가,15,9
20250513,구의(광진구청),을지로3가,16,15
20250513,구의(광진구청),을지로3가,17,16
20250513,구의(광진구청),을지로3가,18,15
20250513,구의(광진구청),을지로3가,19,5
20250513,구의(광진구청),을지로3가,21,1
20250513,구의(광진구청),을지로3가,22,2
20250513,구의(광진구청),을지로3가,23,5
20250513,구의(광진구청),을지로4가,4,1
20250513,구의(광진구청),을지로4가,5,11
20250513,구의(광진구청),을지로4가,6,19
20250513,구의(광진구청),을지로4가,7,60
20250513,구의(광진구청),을지로4가,8,73
20250513,구의(광진구청),을지로4가,9,24
20250513,구의(광진구청),을지로4가,10,25
20250513,구의(광진구청),을지로4가,11,13
20250513,구의(광진구청),을지로4가,12,14
20250513,구의(광진구청),을지로4가,13,10
20250513,구의(광진구청),을지로4가,14,11
20250513,구의(광진구청),을지로4가,15,8
20250513,구의(광진구청),을지로4가,16,13
20250513,구의(광진구청),을지로4가,17,9
20250513,구의(광진구청),을지로4가,18,9
20250513,구의(광진구청),을지로4가,19,7
20250513,구의(광진구청),을지로4가,21,1
20250513,구의(광진구청),을지로4가,22,2
20250513,구의(광진구청),을지로입구,5,5
20250513,구의(광진구청),을지로입구,6,28
20250513,구의(광진구청),을지로입구,7,118
20250513,구의(광진구청),을지로입구,8,214
20250513,구의(광진구청),을지로입구,9,84
20250513,구의(광진구청),을지로입구,10,38
20250513,구의(광진구청),을지로입구,11,16
20250513,구의(광진구청),을지로입구,12,22
20250513,구의(광진구청),을지로입구,13,13
20250513,구의(광진구청),을지로입구,14,15
20250513,구의(광진구청),을지로입구,15,13
20250513,구의(광진구청),을지로입구,16,13
20250513,구의(광진구청),을지로입구,17,15
20250513,구의(광진구청),을지로입구,18,12
20250513,구의(광진구청),을지로입구,19,3
20250513,구의(광진구청),을지로입구,20,3
20250513,구의(광진구청),을지로입구,21,5
20250513,구의(광진구청),을지로입구,22,4
20250513,구의(광진구청),이대,6,2
20250513,구의(광진구청),이대,7,12
20250513,구의(광진구청),이대,8,19
20250513,구의(광진구청),이대,9,14
20250513,구의(광진구청),이대,10,14
20250513,구의(광진구청),이대,11,6
20250513,구의(광진구청),이대,12,7
20250513,구의(광진구청),이대,13,2
20250513,구의(광진구청),이대,14,3
20250513,구의(광진구청),이대,15,3
20250513,구의(광진구청),이대,16,13
20250513,구의(광진구청),이대,17,2
20250513,구의(광진구청),이대,18,6
20250513,구의(광진구청),이대,19,4
20250513,구의(광진구청),이대,20,1
20250513,구의(광진구청),이대,21,1
20250513,구의(광진구청),이대,22,4
20250513,구의(광진구청),이대,23,1
20250513,구의(광진구청),잠실(송파구청),0,2
20250513,구의(광진구청),잠실(송파구청),5,23
20250513,구의(광진구청),잠실(송파구청),6,37
20250513,구의(광진구청),잠실(송파구청),7,71
20250513,구의(광진구청),잠실(송파구청),8,178
20250513,구의(광진구청),잠실(송파구청),9,88
20250513,구의(광진구청),잠실(송파구청),10,64
20250513,구의(광진구청),잠실(송파구청),11,56
20250513,구의(광진구청),잠실(송파구청),12,54
20250513,구의(광진구청),잠실(송파구청),13,65
20250513,구의(광진구청),잠실(송파구청),14,45
20250513,구의(광진구청),잠실(송파구청),15,43
20250513,구의(광진구청),잠실(송파구청),16,50
20250513,구의(광진구청),잠실(송파구청),17,56
20250513,구의(광진구청),잠실(송파구청),18,76
20250513,구의(광진구청),잠실(송파구청),19,40
20250513,구의(광진구청),잠실(송파구청),20,39
20250513,구의(광진구청),잠실(송파구청),21,31
20250513,구의(광진구청),잠실(송파구청),22,18
20250513,구의(광진구청),잠실(송파구청),23,10
20250513,구의(광진구청),잠실나루,0,3
20250513,구의(광진구청),잠실나루,5,10
20250513,구의(광진구청),잠실나루,6,23
20250513,구의(광진구청),잠실나루,7,30
20250513,구의(광진구청),잠실나루,8,53
20250513,구의(광진구청),잠실나루,9,42
20250513,구의(광진구청),잠실나루,10,25
20250513,구의(광진구청),잠실나루,11,16
20250513,구의(광진구청),잠실나루,12,20
20250513,구의(광진구청),잠실나루,13,18
20250513,구의(광진구청),잠실나루,14,17
20250513,구의(광진구청),잠실나루,15,19
20250513,구의(광진구청),잠실나루,16,17
20250513,구의(광진구청),잠실나루,17,22
20250513,구의(광진구청),잠실나루,18,27
20250513,구의(광진구청),잠실나루,19,18
20250513,구의(광진구청),잠실나루,20,8
20250513,구의(광진구청),잠실나루,21,12
20250513,구의(광진구청),잠실나루,22,6
20250513,구의(광진구청),잠실나루,23,6
20250513,구의(광진구청),잠실새내,0,7
20250513,구의(광진구청),잠실새내,4,1
20250513,구의(광진구청),잠실새내,5,10
20250513,구의(광진구청),잠실새내,6,21
20250513,구의(광진구청),잠실새내,7,18
20250513,구의(광진구청),잠실새내,8,49
20250513,구의(광진구청),잠실새내,9,32
20250513,구의(광진구청),잠실새내,10,26
20250513,구의(광진구청),잠실새내,11,13
20250513,구의(광진구청),잠실새내,12,17
20250513,구의(광진구청),잠실새내,13,24
20250513,구의(광진구청),잠실새내,14,18
20250513,구의(광진구청),잠실새내,15,23
20250513,구의(광진구청),잠실새내,16,44
20250513,구의(광진구청),잠실새내,17,18
20250513,구의(광진구청),잠실새내,18,31
20250513,구의(광진구청),잠실새내,19,16
20250513,구의(광진구청),잠실새내,20,13
20250513,구의(광진구청),잠실새내,21,6
20250513,구의(광진구청),잠실새내,22,8
20250513,구의(광진구청),잠실새내,23,1
20250513,구의(광진구청),종합운동장,0,1
20250513,구의(광진구청),종합운동장,5,4
20250513,구의(광진구청),종합운동장,6,11
20250513,구의(광진구청),종합운동장,7,12
20250513,구의(광진구청),종합운동장,8,10
20250513,구의(광진구청),종합운동장,9,9
20250513,구의(광진구청),종합운동장,10,6
20250513,구의(광진구청),종합운동장,11,7
20250513,구의(광진구청),종합운동장,12,8
20250513,구의(광진구청),종합운동장,13,2
20250513,구의(광진구청),종합운동장,14,6
20250513,구의(광진구청),종합운동장,15,6
20250513,구의(광진구청),종합운동장,16,19
20250513,구의(광진구청),종합운동장,17,51
20250513,구의(광진구청),종합운동장,18,36
20250513,구의(광진구청),종합운동장,19,3
20250513,구의(광진구청),종합운동장,20,5
20250513,구의(광진구청),종합운동장,21,2
20250513,구의(광진구청),종합운동장,22,2
20250513,구의(광진구청),충정로(경기대입구),5,1
20250513,구의(광진구청),충정로(경기대입구),6,4
20250513,구의(광진구청),충정로(경기대입구),7,20
20250513,구의(광진구청),충정로(경기대입구),8,22
20250513,구의(광진구청),충정로(경기대입구),9,5
20250513,구의(광진구청),충정로(경기대입구),10,2
20250513,구의(광진구청),충정로(경기대입구),11,4
20250513,구의(광진구청),충정로(경기대입구),12,3
20250513,구의(광진구청),충정로(경기대입구),13,2
20250513,구의(광진구청),충정로(경기대입구),14,1
20250513,구의(광진구청),충정로(경기대입구),15,2
20250513,구의(광진구청),충정로(경기대입구),16,2
20250513,구의(광진구청),충정로(경기대입구),17,4
20250513,구의(광진구청),충정로(경기대입구),18,3
20250513,구의(광진구청),충정로(경기대입구),22,1
20250513,구의(광진구청),충정로(경기대입구),23,1
20250513,구의(광진구청),한양대,5,4
20250513,구의(광진구청),한양대,6,9
20250513,구의(광진구청),한양대,7,16
20250513,구의(광진구청),한양대,8,73
20250513,구의(광진구청),한양대,9,70
20250513,구의(광진구청),한양대,10,45
20250513,구의(광진구청),한양대,11,7
20250513,구의(광진구청),한양대,12,21
20250513,구의(광진구청),한양대,13,28
20250513,구의(광진구청),한양대,14,9
20250513,구의(광진구청),한양대,15,7
20250513,구의(광진구청),한양대,16,16
20250513,구의(광진구청),한양대,17,10
20250513,구의(광진구청),한양대,18,10
20250513,구의(광진구청),한양대,19,7
20250513,구의(광진구청),한양대,20,5
20250513,구의(광진구청),한양대,21,7
20250513,구의(광진구청),한양대,22,5
20250513,구의(광진구청),한양대,23,4
20250513,구의(광진구청),합정,5,2
20250513,구의(광진구청),합정,6,4
20250513,구의(광진구청),합정,7,16
20250513,구의(광진구청),합정,8,25
20250513,구의(광진구청),합정,9,14
20250513,구의(광진구청),합정,10,12
20250513,구의(광진구청),합정,11,6
20250513,구의(광진구청),합정,12,4
20250513,구의(광진구청),합정,13,4
20250513,구의(광진구청),합정,14,5
20250513,구의(광진구청),합정,15,5
20250513,구의(광진구청),합정,16,2
20250513,구의(광진구청),합정,17,10
20250513,구의(광진구청),합정,18,8
20250513,구의(광진구청),합정,19,7
20250513,구의(광진구청),합정,20,6
20250513,구의(광진구청),합정,21,5
20250513,구의(광진구청),합정,22,3
20250513,구의(광진구청),합정,23,2
20250513,구의(광진구청),홍대입구,0,1
20250513,구의(광진구청),홍대입구,5,4
20250513,구의(광진구청),홍대입구,6,7
20250513,구의(광진구청),홍대입구,7,22
20250513,구의(광진구청),홍대입구,8,32
20250513,구의(광진구청),홍대입구,9,40
20250513,구의(광진구청),홍대입구,10,15
20250513,구의(광진구청),홍대입구,11,22
20250513,구의(광진구청),홍대입구,12,27
20250513,구의(광진구청),홍대입구,13,29
20250513,구의(광진구청),홍대입구,14,16
20250513,구의(광진구청),홍대입구,15,14
20250513,구의(광진구청),홍대입구,16,15
20250513,구의(광진구청),홍대입구,17,17
20250513,구의(광진구청),홍대입구,18,36
20250513,구의(광진구청),홍대입구,19,10
20250513,구의(광진구청),홍대입구,20,8
20250513,구의(광진구청),홍대입구,21,10
20250513,구의(광진구청),홍대입구,22,8
20250513,구의(광진구청),홍대입구,23,5
20250513,낙성대,강남,0,1
20250513,낙성대,강남,5,44
20250513,낙성대,강남,6,81
20250513,낙성대,강남,7,263
20250513,낙성대,강남,8,503
20250513,낙성대,강남,9,385
20250513,낙성대,강남,10,133
20250513,낙성대,강남,11,81
20250513,낙성대,강남,12,68
20250513,낙성대,강남,13,72
20250513,낙성대,강남,14,68
20250513,낙성대,강남,15,56
20250513,낙성대,강남,16,70
20250513,낙성대,강남,17,66
20250513,낙성대,강남,18,97
20250513,낙성대,강남,19,42
20250513,낙성대,강남,20,28
20250513,낙성대,강남,21,29
20250513,낙성대,강남,22,18
20250513,낙성대,강남,23,8
20250513,낙성대,강변(동서울터미널),5,3
20250513,낙성대,강변(동서울터미널),6,4
20250513,낙성대,강변(동서울터미널),7,9
20250513,낙성대,강변(동서울터미널),8,7
20250513,낙성대,강변(동서울터미널),9,9
20250513,낙성대,강변(동서울터미널),10,4
20250513,낙성대,강변(동서울터미널),11,4
20250513,낙성대,강변(동서울터미널),12,4
20250513,낙성대,강변(동서울터미널),13,3
20250513,낙성대,강변(동서울터미널),14,2
20250513,낙성대,강변(동서울터미널),15,7
20250513,낙성대,강변(동서울터미널),16,8
20250513,낙성대,강변(동서울터미널),17,14
20250513,낙성대,강변(동서울터미널),18,12
20250513,낙성대,강변(동서울터미널),19,5
20250513,낙성대,강변(동서울터미널),20,4
20250513,낙성대,강변(동서울터미널),21,4
20250513,낙성대,강변(동서울터미널),22,6
20250513,낙성대,강변(동서울터미널),23,2
20250513,낙성대,건대입구,5,2
20250513,낙성대,건대입구,6,6
20250513,낙성대,건대입구,7,6
20250513,낙성대,건대입구,8,18
20250513,낙성대,건대입구,9,12
20250513,낙성대,건대입구,10,7
20250513,낙성대,건대입구,11,8
20250513,낙성대,건대입구,12,8
20250513,낙성대,건대입구,13,4
20250513,낙성대,건대입구,14,5
20250513,낙성대,건대입구,15,9
20250513,낙성대,건대입구,16,10
20250513,낙성대,건대입구,17,11
20250513,낙성대,건대입구,18,25
20250513,낙성대,건대입구,19,8
20250513,낙성대,건대입구,20,9
20250513,낙성대,건대입구,21,10
20250513,낙성대,건대입구,22,7
20250513,낙성대,건대입구,23,2
20250513,낙성대,교대(법원.검찰청),0,3
20250513,낙성대,교대(법원.검찰청),5,16
20250513,낙성대,교대(법원.검찰청),6,28
20250513,낙성대,교대(법원.검찰청),7,86
20250513,낙성대,교대(법원.검찰청),8,179
20250513,낙성대,교대(법원.검찰청),9,102
20250513,낙성대,교대(법원.검찰청),10,54
20250513,낙성대,교대(법원.검찰청),11,23
20250513,낙성대,교대(법원.검찰청),12,34
20250513,낙성대,교대(법원.검찰청),13,34
20250513,낙성대,교대(법원.검찰청),14,26
20250513,낙성대,교대(법원.검찰청),15,21
20250513,낙성대,교대(법원.검찰청),16,26
20250513,낙성대,교대(법원.검찰청),17,19
20250513,낙성대,교대(법원.검찰청),18,30
20250513,낙성대,교대(법원.검찰청),19,27
20250513,낙성대,교대(법원.검찰청),20,22
20250513,낙성대,교대(법원.검찰청),21,10
20250513,낙성대,교대(법원.검찰청),22,8
20250513,낙성대,교대(법원.검찰청),23,10
20250513,낙성대,구로디지털단지,0,3
20250513,낙성대,구로디지털단지,5,3
20250513,낙성대,구로디지털단지,6,12
20250513,낙성대,구로디지털단지,7,74
20250513,낙성대,구로디지털단지,8,206
20250513,낙성대,구로디지털단지,9,118
20250513,낙성대,구로디지털단지,10,43
20250513,낙성대,구로디지털단지,11,16
20250513,낙성대,구로디지털단지,12,19
20250513,낙성대,구로디지털단지,13,49
20250513,낙성대,구로디지털단지,14,27
20250513,낙성대,구로디지털단지,15,11
20250513,낙성대,구로디지털단지,16,29
20250513,낙성대,구로디지털단지,17,37
20250513,낙성대,구로디지털단지,18,42
20250513,낙성대,구로디지털단지,19,23
20250513,낙성대,구로디지털단지,20,29
20250513,낙성대,구로디지털단지,21,24
20250513,낙성대,구로디지털단지,22,16
20250513,낙성대,구로디지털단지,23,16
20250513,낙성대,구의(광진구청),5,3
20250513,낙성대,구의(광진구청),6,5
20250513,낙성대,구의(광진구청),7,9
20250513,낙성대,구의(광진구청),8,6
20250513,낙성대,구의(광진구청),9,4
20250513,낙성대,구의(광진구청),10,1
20250513,낙성대,구의(광진구청),11,4
20250513,낙성대,구의(광진구청),12,1
20250513,낙성대,구의(광진구청),14,5
20250513,낙성대,구의(광진구청),15,2
20250513,낙성대,구의(광진구청),16,6
20250513,낙성대,구의(광진구청),17,6
20250513,낙성대,구의(광진구청),18,10
20250513,낙성대,구의(광진구청),19,10
20250513,낙성대,구의(광진구청),20,7
20250513,낙성대,구의(광진구청),21,6
20250513,낙성대,구의(광진구청),22,8
20250513,낙성대,구의(광진구청),23,1
20250513,낙성대,낙성대,0,5
20250513,낙성대,낙성대,5,4
20250513,낙성대,낙성대,6,6
20250513,낙성대,낙성대,7,4
20250513,낙성대,낙성대,8,13
20250513,낙성대,낙성대,9,20
20250513,낙성대,낙성대,10,18
20250513,낙성대,낙성대,11,16
20250513,낙성대,낙성대,12,16
20250513,낙성대,낙성대,13,15
20250513,낙성대,낙성대,14,12
20250513,낙성대,낙성대,15,24
20250513,낙성대,낙성대,16,21
20250513,낙성대,낙성대,17,14
20250513,낙성대,낙성대,18,30
20250513,낙성대,낙성대,19,15
20250513,낙성대,낙성대,20,10
20250513,낙성대,낙성대,21,23
20250513,낙성대,낙성대,22,10
20250513,낙성대,낙성대,23,18
20250513,낙성대,당산,0,3
20250513,낙성대,당산,5,1
20250513,낙성대,당산,6,7
20250513,낙성대,당산,7,25
20250513,낙성대,당산,8,44
20250513,낙성대,당산,9,9
20250513,낙성대,당산,10,10
20250513,낙성대,당산,11,6
20250513,낙성대,당산,12,5
20250513,낙성대,당산,13,8
20250513,낙성대,당산,14,9
20250513,낙성대,당산,15,10
20250513,낙성대,당산,16,7
20250513,낙성대,당산,17,13
20250513,낙성대,당산,18,14
20250513,낙성대,당산,19,11
20250513,낙성대,당산,20,10
20250513,낙성대,당산,21,14
20250513,낙성대,당산,22,15
20250513,낙성대,당산,23,5
20250513,낙성대,대림(구로구청),0,2
20250513,낙성대,대림(구로구청),5,1
20250513,낙성대,대림(구로구청),6,4
20250513,낙성대,대림(구로구청),7,19
20250513,낙성대,대림(구로구청),8,33
20250513,낙성대,대림(구로구청),9,13
20250513,낙성대,대림(구로구청),10,13
20250513,낙성대,대림(구로구청),11,10
20250513,낙성대,대림(구로구청),12,14
20250513,낙성대,대림(구로구청),13,14
20250513,낙성대,대림(구로구청),14,8
20250513,낙성대,대림(구로구청),15,9
20250513,낙성대,대림(구로구청),16,14
20250513,낙성대,대림(구로구청),17,15
20250513,낙성대,대림(구로구청),18,18
20250513,낙성대,대림(구로구청),19,7
20250513,낙성대,대림(구로구청),20,10
20250513,낙성대,대림(구로구청),21,8
20250513,낙성대,대림(구로구청),22,5
20250513,낙성대,대림(구로구청),23,3
20250513,낙성대,동대문역사문화공원,6,1
20250513,낙성대,동대문역사문화공원,7,6
20250513,낙성대,동대문역사문화공원,8,3
20250513,낙성대,동대문역사문화공원,9,2
20250513,낙성대,동대문역사문화공원,14,1
20250513,낙성대,동대문역사문화공원,17,2
20250513,낙성대,동대문역사문화공원,18,1
20250513,낙성대,동대문역사문화공원,19,1
20250513,낙성대,동대문역사문화공원,20,1
20250513,낙성대,뚝섬,6,3
20250513,낙성대,뚝섬,7,11
20250513,낙성대,뚝섬,8,33
20250513,낙성대,뚝섬,9,19
20250513,낙성대,뚝섬,10,4
20250513,낙성대,뚝섬,11,4
20250513,낙성대,뚝섬,12,7
20250513,낙성대,뚝섬,13,1
20250513,낙성대,뚝섬,15,2
20250513,낙성대,뚝섬,17,3
20250513,낙성대,뚝섬,18,2
20250513,낙성대,뚝섬,20,2
20250513,낙성대,뚝섬,22,4
20250513,낙성대,문래,0,1
20250513,낙성대,문래,5,1
20250513,낙성대,문래,6,6
20250513,낙성대,문래,7,39
20250513,낙성대,문래,8,87
20250513,낙성대,문래,9,15
20250513,낙성대,문래,10,5
20250513,낙성대,문래,11,6
20250513,낙성대,문래,12,4
20250513,낙성대,문래,13,7
20250513,낙성대,문래,14,7
20250513,낙성대,문래,15,6
20250513,낙성대,문래,16,2
20250513,낙성대,문래,17,7
20250513,낙성대,문래,18,12
20250513,낙성대,문래,19,5
20250513,낙성대,문래,20,3
20250513,낙성대,문래,21,6
20250513,낙성대,문래,22,5
20250513,낙성대,문래,23,1
20250513,낙성대,방배,0,1
20250513,낙성대,방배,5,16
20250513,낙성대,방배,6,12
20250513,낙성대,방배,7,51
20250513,낙성대,방배,8,142
20250513,낙성대,방배,9,104
20250513,낙성대,방배,10,64
20250513,낙성대,방배,11,30
20250513,낙성대,방배,12,41
20250513,낙성대,방배,13,20
20250513,낙성대,방배,14,37
20250513,낙성대,방배,15,23
20250513,낙성대,방배,16,32
20250513,낙성대,방배,17,26
20250513,낙성대,방배,18,32
20250513,낙성대,방배,19,18
20250513,낙성대,방배,20,23
20250513,낙성대,방배,21,11
20250513,낙성대,방배,22,11
20250513,낙성대,방배,23,7
20250513,낙성대,봉천,0,7
20250513,낙성대,봉천,4,1
20250513,낙성대,봉천,5,7
20250513,낙성대,봉천,6,14
20250513,낙성대,봉천,7,27
20250513,낙성대,봉천,8,60
20250513,낙성대,봉천,9,40
20250513,낙성대,봉천,10,25
20250513,낙성대,봉천,11,33
20250513,낙성대,봉천,12,36
20250513,낙성대,봉천,13,33
20250513,낙성대,봉천,14,36
20250513,낙성대,봉천,15,46
20250513,낙성대,봉천,16,38
20250513,낙성대,봉천,17,39
20250513,낙성대,봉천,18,43
20250513,낙성대,봉천,19,34
20250513,낙성대,봉천,20,27
20250513,낙성대,봉천,21,26
20250513,낙성대,봉천,22,18
20250513,낙성대,봉천,23,12
20250513,낙성대,사당,0,3
20250513,낙성대,사당,5,13
20250513,낙성대,사당,6,41
20250513,낙성대,사당,7,96
20250513,낙성대,사당,8,85
20250513,낙성대,사당,9,65
20250513,낙성대,사당,10,38
20250513,낙성대,사당,11,37
20250513,낙성대,사당,12,39
20250513,낙성대,사당,13,44
20250513,낙성대,사당,14,42
20250513,낙성대,사당,15,50
20250513,낙성대,사당,16,45
20250513,낙성대,사당,17,61
20250513,낙성대,사당,18,78
20250513,낙성대,사당,19,57
20250513,낙성대,사당,20,40
20250513,낙성대,사당,21,32
20250513,낙성대,사당,22,28
20250513,낙성대,사당,23,11
20250513,낙성대,삼성(무역센터),0,3
20250513,낙성대,삼성(무역센터),5,24
20250513,낙성대,삼성(무역센터),6,53
20250513,낙성대,삼성(무역센터),7,195
20250513,낙성대,삼성(무역센터),8,293
20250513,낙성대,삼성(무역센터),9,184
20250513,낙성대,삼성(무역센터),10,64
20250513,낙성대,삼성(무역센터),11,25
20250513,낙성대,삼성(무역센터),12,27
20250513,낙성대,삼성(무역센터),13,16
20250513,낙성대,삼성(무역센터),14,13
20250513,낙성대,삼성(무역센터),15,11
20250513,낙성대,삼성(무역센터),16,14
20250513,낙성대,삼성(무역센터),17,25
20250513,낙성대,삼성(무역센터),18,22
20250513,낙성대,삼성(무역센터),19,6
20250513,낙성대,삼성(무역센터),20,8
20250513,낙성대,삼성(무역센터),21,7
20250513,낙성대,삼성(무역센터),22,2
20250513,낙성대,삼성(무역센터),23,3
20250513,낙성대,상왕십리,0,2
20250513,낙성대,상왕십리,7,6
20250513,낙성대,상왕십리,8,2
20250513,낙성대,상왕십리,9,2
20250513,낙성대,상왕십리,10,1
20250513,낙성대,상왕십리,15,1
20250513,낙성대,상왕십리,16,1
20250513,낙성대,상왕십리,17,2
20250513,낙성대,상왕십리,18,3
20250513,낙성대,상왕십리,19,3
20250513,낙성대,상왕십리,21,2
20250513,낙성대,상왕십리,23,1
20250513,낙성대,서울대입구(관악구청),0,6
20250513,낙성대,서울대입구(관악구청),5,5
20250513,낙성대,서울대입구(관악구청),6,17
20250513,낙성대,서울대입구(관악구청),7,42
20250513,낙성대,서울대입구(관악구청),8,75
20250513,낙성대,서울대입구(관악구청),9,82
20250513,낙성대,서울대입구(관악구청),10,96
20250513,낙성대,서울대입구(관악구청),11,66
20250513,낙성대,서울대입구(관악구청),12,78
20250513,낙성대,서울대입구(관악구청),13,68
20250513,낙성대,서울대입구(관악구청),14,86
20250513,낙성대,서울대입구(관악구청),15,73
20250513,낙성대,서울대입구(관악구청),16,68
20250513,낙성대,서울대입구(관악구청),17,87
20250513,낙성대,서울대입구(관악구청),18,96
20250513,낙성대,서울대입구(관악구청),19,71
20250513,낙성대,서울대입구(관악구청),20,55
20250513,낙성대,서울대입구(관악구청),21,42
20250513,낙성대,서울대입구(관악구청),22,27
20250513,낙성대,서울대입구(관악구청),23,18
20250513,낙성대,서초,0,1
20250513,낙성대,서초,5,28
20250513,낙성대,서초,6,44
20250513,낙성대,서초,7,111
20250513,낙성대,서초,8,198
20250513,낙성대,서초,9,89
20250513,낙성대,서초,10,42
20250513,낙성대,서초,11,16
20250513,낙성대,서초,12,21
20250513,낙성대,서초,13,25
20250513,낙성대,서초,14,19
20250513,낙성대,서초,15,9
20250513,낙성대,서초,16,17
20250513,낙성대,서초,17,15
20250513,낙성대,서초,18,24
20250513,낙성대,서초,19,20
20250513,낙성대,서초,20,5
20250513,낙성대,서초,21,6
20250513,낙성대,서초,22,8
20250513,낙성대,서초,23,4
20250513,낙성대,선릉,5,30
20250513,낙성대,선릉,6,55
20250513,낙성대,선릉,7,180
20250513,낙성대,선릉,8,322
20250513,낙성대,선릉,9,216
20250513,낙성대,선릉,10,83
20250513,낙성대,선릉,11,36
20250513,낙성대,선릉,12,42
20250513,낙성대,선릉,13,36
20250513,낙성대,선릉,14,24
20250513,낙성대,선릉,15,24
20250513,낙성대,선릉,16,31
20250513,낙성대,선릉,17,30
20250513,낙성대,선릉,18,22
20250513,낙성대,선릉,19,19
20250513,낙성대,선릉,20,16
20250513,낙성대,선릉,21,10
20250513,낙성대,선릉,22,6
20250513,낙성대,선릉,23,4
20250513,낙성대,성수,5,6
20250513,낙성대,성수,6,8
20250513,낙성대,성수,7,45
20250513,낙성대,성수,8,63
20250513,낙성대,성수,9,37
20250513,낙성대,성수,10,13
20250513,낙성대,성수,11,9
20250513,낙성대,성수,12,9
20250513,낙성대,성수,13,9
20250513,낙성대,성수,14,8
20250513,낙성대,성수,15,9
20250513,낙성대,성수,16,2
20250513,낙성대,성수,17,6
20250513,낙성대,성수,18,9
20250513,낙성대,성수,19,1
20250513,낙성대,성수,20,1
20250513,낙성대,성수,21,1
20250513,낙성대,성수,22,1
20250513,낙성대,시청,5,3
20250513,낙성대,시청,6,4
20250513,낙성대,시청,7,48
20250513,낙성대,시청,8,33
20250513,낙성대,시청,9,13
20250513,낙성대,시청,10,4
20250513,낙성대,시청,11,4
20250513,낙성대,시청,12,2
20250513,낙성대,시청,13,3
20250513,낙성대,시청,14,2
20250513,낙성대,시청,15,2
20250513,낙성대,시청,17,2
20250513,낙성대,시청,18,3
20250513,낙성대,시청,19,2
20250513,낙성대,시청,20,1
20250513,낙성대,신당,7,4
20250513,낙성대,신당,8,5
20250513,낙성대,신당,9,3
20250513,낙성대,신당,14,1
20250513,낙성대,신당,15,2
20250513,낙성대,신당,16,2
20250513,낙성대,신당,20,1
20250513,낙성대,신당,22,2
20250513,낙성대,신당,23,1
20250513,낙성대,신대방,0,1
20250513,낙성대,신대방,5,3
20250513,낙성대,신대방,6,9
20250513,낙성대,신대방,7,15
20250513,낙성대,신대방,8,33
20250513,낙성대,신대방,9,13
20250513,낙성대,신대방,10,6
20250513,낙성대,신대방,11,11
20250513,낙성대,신대방,12,15
20250513,낙성대,신대방,13,25
20250513,낙성대,신대방,14,10
20250513,낙성대,신대방,15,27
20250513,낙성대,신대방,16,25
20250513,낙성대,신대방,17,20
20250513,낙성대,신대방,18,45
20250513,낙성대,신대방,19,20
20250513,낙성대,신대방,20,21
20250513,낙성대,신대방,21,22
20250513,낙성대,신대방,22,15
20250513,낙성대,신대방,23,10
20250513,낙성대,신도림,0,3
20250513,낙성대,신도림,5,2
20250513,낙성대,신도림,6,8
20250513,낙성대,신도림,7,18
20250513,낙성대,신도림,8,41
20250513,낙성대,신도림,9,29
20250513,낙성대,신도림,10,12
20250513,낙성대,신도림,11,11
20250513,낙성대,신도림,12,13
20250513,낙성대,신도림,13,12
20250513,낙성대,신도림,14,20
20250513,낙성대,신도림,15,20
20250513,낙성대,신도림,16,21
20250513,낙성대,신도림,17,19
20250513,낙성대,신도림,18,31
20250513,낙성대,신도림,19,16
20250513,낙성대,신도림,20,17
20250513,낙성대,신도림,21,19
20250513,낙성대,신도림,22,11
20250513,낙성대,신도림,23,5
20250513,낙성대,신림,0,10
20250513,낙성대,신림,5,3
20250513,낙성대,신림,6,15
20250513,낙성대,신림,7,48
20250513,낙성대,신림,8,74
20250513,낙성대,신림,9,64
20250513,낙성대,신림,10,48
20250513,낙성대,신림,11,47
20250513,낙성대,신림,12,67
20250513,낙성대,신림,13,40
20250513,낙성대,신림,14,51
20250513,낙성대,신림,15,59
20250513,낙성대,신림,16,72
20250513,낙성대,신림,17,80
20250513,낙성대,신림,18,111
20250513,낙성대,신림,19,86
20250513,낙성대,신림,20,88
20250513,낙성대,신림,21,53
20250513,낙성대,신림,22,37
20250513,낙성대,신림,23,23
20250513,낙성대,신촌,6,7
20250513,낙성대,신촌,7,19
20250513,낙성대,신촌,8,32
20250513,낙성대,신촌,9,24
20250513,낙성대,신촌,10,18
20250513,낙성대,신촌,11,10
20250513,낙성대,신촌,12,16
20250513,낙성대,신촌,13,12
20250513,낙성대,신촌,14,13
20250513,낙성대,신촌,15,6
20250513,낙성대,신촌,16,11
20250513,낙성대,신촌,17,21
20250513,낙성대,신촌,18,8
20250513,낙성대,신촌,19,17
20250513,낙성대,신촌,20,7
20250513,낙성대,신촌,21,12
20250513,낙성대,신촌,22,2
20250513,낙성대,신촌,23,4
20250513,낙성대,아현,6,1
20250513,낙성대,아현,7,3
20250513,낙성대,아현,8,5
20250513,낙성대,아현,9,3
20250513,낙성대,아현,10,1
20250513,낙성대,아현,11,1
20250513,낙성대,아현,12,1
20250513,낙성대,아현,13,3
20250513,낙성대,아현,14,2
20250513,낙성대,아현,15,2
20250513,낙성대,아현,16,3
20250513,낙성대,아현,17,3
20250513,낙성대,아현,18,1
20250513,낙성대,아현,19,2
20250513,낙성대,아현,21,3
20250513,낙성대,아현,22,2
20250513,낙성대,아현,23,1
20250513,낙성대,역삼,0,1
20250513,낙성대,역삼,4,1
20250513,낙성대,역삼,5,25
20250513,낙성대,역삼,6,55
20250513,낙성대,역삼,7,254
20250513,낙성대,역삼,8,404
20250513,낙성대,역삼,9,278
20250513,낙성대,역삼,10,98
20250513,낙성대,역삼,11,25
20250513,낙성대,역삼,12,33
20250513,낙성대,역삼,13,32
20250513,낙성대,역삼,14,31
20250513,낙성대,역삼,15,16
20250513,낙성대,역삼,16,14
20250513,낙성대,역삼,17,17
20250513,낙성대,역삼,18,16
20250513,낙성대,역삼,19,18
20250513,낙성대,역삼,20,9
20250513,낙성대,역삼,21,12
20250513,낙성대,역삼,22,5
20250513,낙성대,역삼,23,7
20250513,낙성대,영등포구청,0,1
20250513,낙성대,영등포구청,5,2
20250513,낙성대,영등포구청,6,6
20250513,낙성대,영등포구청,7,15
20250513,낙성대,영등포구청,8,70
20250513,낙성대,영등포구청,9,17
20250513,낙성대,영등포구청,10,11
20250513,낙성대,영등포구청,11,4
20250513,낙성대,영등포구청,12,3
20250513,낙성대,영등포구청,13,7
20250513,낙성대,영등포구청,14,8
20250513,낙성대,영등포구청,15,6
20250513,낙성대,영등포구청,16,8
20250513,낙성대,영등포구청,17,6
20250513,낙성대,영등포구청,18,12
20250513,낙성대,영등포구청,19,9
20250513,낙성대,영등포구청,20,3
20250513,낙성대,영등포구청,21,6
20250513,낙성대,영등포구청,22,5
20250513,낙성대,영등포구청,23,4
20250513,낙성대,왕십리(성동구청),6,1
20250513,낙성대,왕십리(성동구청),7,2
20250513,낙성대,왕십리(성동구청),8,3
20250513,낙성대,왕십리(성동구청),9,2
20250513,낙성대,왕십리(성동구청),10,1
20250513,낙성대,왕십리(성동구청),12,2
20250513,낙성대,왕십리(성동구청),15,2
20250513,낙성대,왕십리(성동구청),16,5
20250513,낙성대,왕십리(성동구청),17,2
20250513,낙성대,왕십리(성동구청),18,1
20250513,낙성대,왕십리(성동구청),23,1
20250513,낙성대,용두(동대문구청),9,2
20250513,낙성대,용두(동대문구청),16,1
20250513,낙성대,용두(동대문구청),17,1
20250513,낙성대,용두(동대문구청),18,1
20250513,낙성대,용두(동대문구청),19,1
20250513,낙성대,용두(동대문구청),21,3
20250513,낙성대,용두(동대문구청),23,1
20250513,낙성대,을지로3가,6,3
20250513,낙성대,을지로3가,7,23
20250513,낙성대,을지로3가,8,7
20250513,낙성대,을지로3가,9,6
20250513,낙성대,을지로3가,10,1
20250513,낙성대,을지로3가,11,2
20250513,낙성대,을지로3가,12,2
20250513,낙성대,을지로3가,13,1
20250513,낙성대,을지로3가,16,2
20250513,낙성대,을지로3가,17,2
20250513,낙성대,을지로3가,18,4
20250513,낙성대,을지로3가,20,2
20250513,낙성대,을지로3가,23,1
20250513,낙성대,을지로4가,6,5
20250513,낙성대,을지로4가,7,10
20250513,낙성대,을지로4가,8,3
20250513,낙성대,을지로4가,9,2
20250513,낙성대,을지로4가,10,10
20250513,낙성대,을지로4가,11,4
20250513,낙성대,을지로4가,12,1
20250513,낙성대,을지로4가,14,2
20250513,낙성대,을지로4가,15,3
20250513,낙성대,을지로4가,16,1
20250513,낙성대,을지로4가,17,3
20250513,낙성대,을지로입구,5,1
20250513,낙성대,을지로입구,6,15
20250513,낙성대,을지로입구,7,41
20250513,낙성대,을지로입구,8,31
20250513,낙성대,을지로입구,9,12
20250513,낙성대,을지로입구,10,8
20250513,낙성대,을지로입구,11,4
20250513,낙성대,을지로입구,12,5
20250513,낙성대,을지로입구,13,5
20250513,낙성대,을지로입구,14,1
20250513,낙성대,을지로입구,15,2
20250513,낙성대,을지로입구,18,1
20250513,낙성대,을지로입구,19,1
20250513,낙성대,이대,0,2
20250513,낙성대,이대,6,2
20250513,낙성대,이대,7,11
20250513,낙성대,이대,8,23
20250513,낙성대,이대,9,7
20250513,낙성대,이대,10,13
20250513,낙성대,이대,11,8
20250513,낙성대,이대,12,5
20250513,낙성대,이대,13,3
20250513,낙성대,이대,14,3
20250513,낙성대,이대,15,2
20250513,낙성대,이대,16,5
20250513,낙성대,이대,17,13
20250513,낙성대,이대,18,8
20250513,낙성대,이대,19,5
20250513,낙성대,이대,20,1
20250513,낙성대,이대,21,3
20250513,낙성대,이대,22,3
20250513,낙성대,이대,23,2
20250513,낙성대,잠실(송파구청),0,2
20250513,낙성대,잠실(송파구청),5,7
20250513,낙성대,잠실(송파구청),6,24
20250513,낙성대,잠실(송파구청),7,84
20250513,낙성대,잠실(송파구청),8,125
20250513,낙성대,잠실(송파구청),9,51
20250513,낙성대,잠실(송파구청),10,28
20250513,낙성대,잠실(송파구청),11,28
20250513,낙성대,잠실(송파구청),12,28
20250513,낙성대,잠실(송파구청),13,23
20250513,낙성대,잠실(송파구청),14,30
20250513,낙성대,잠실(송파구청),15,21
20250513,낙성대,잠실(송파구청),16,30
20250513,낙성대,잠실(송파구청),17,49
20250513,낙성대,잠실(송파구청),18,59
20250513,낙성대,잠실(송파구청),19,32
20250513,낙성대,잠실(송파구청),20,24
20250513,낙성대,잠실(송파구청),21,15
20250513,낙성대,잠실(송파구청),22,15
20250513,낙성대,잠실(송파구청),23,7
20250513,낙성대,잠실나루,0,1
20250513,낙성대,잠실나루,5,4
20250513,낙성대,잠실나루,6,3
20250513,낙성대,잠실나루,7,9
20250513,낙성대,잠실나루,8,4
20250513,낙성대,잠실나루,9,6
20250513,낙성대,잠실나루,10,1
20250513,낙성대,잠실나루,11,2
20250513,낙성대,잠실나루,12,4
20250513,낙성대,잠실나루,13,4
20250513,낙성대,잠실나루,14,5
20250513,낙성대,잠실나루,15,3
20250513,낙성대,잠실나루,16,2
20250513,낙성대,잠실나루,17,7
20250513,낙성대,잠실나루,18,5
20250513,낙성대,잠실나루,19,4
20250513,낙성대,잠실나루,20,6
20250513,낙성대,잠실나루,21,1
20250513,낙성대,잠실나루,22,2
20250513,낙성대,잠실나루,23,3
20250513,낙성대,잠실새내,0,1
20250513,낙성대,잠실새내,5,1
20250513,낙성대,잠실새내,6,3
20250513,낙성대,잠실새내,7,7
20250513,낙성대,잠실새내,8,17
20250513,낙성대,잠실새내,9,8
20250513,낙성대,잠실새내,10,8
20250513,낙성대,잠실새내,11,5
20250513,낙성대,잠실새내,12,5
20250513,낙성대,잠실새내,13,11
20250513,낙성대,잠실새내,14,9
20250513,낙성대,잠실새내,15,4
20250513,낙성대,잠실새내,16,8
20250513,낙성대,잠실새내,17,13
20250513,낙성대,잠실새내,18,21
20250513,낙성대,잠실새내,19,8
20250513,낙성대,잠실새내,20,6
20250513,낙성대,잠실새내,21,8
20250513,낙성대,잠실새내,22,12
20250513,낙성대,잠실새내,23,4
20250513,낙성대,종합운동장,5,2
20250513,낙성대,종합운동장,6,5
20250513,낙성대,종합운동장,7,16
20250513,낙성대,종합운동장,8,10
20250513,낙성대,종합운동장,9,8
20250513,낙성대,종합운동장,10,2
20250513,낙성대,종합운동장,11,7
20250513,낙성대,종합운동장,12,4
20250513,낙성대,종합운동장,13,8
20250513,낙성대,종합운동장,14,8
20250513,낙성대,종합운동장,15,9
20250513,낙성대,종합운동장,16,14
20250513,낙성대,종합운동장,17,31
20250513,낙성대,종합운동장,18,23
20250513,낙성대,종합운동장,19,1
20250513,낙성대,종합운동장,20,4
20250513,낙성대,종합운동장,21,4
20250513,낙성대,종합운동장,22,3
20250513,낙성대,종합운동장,23,4
20250513,낙성대,충정로(경기대입구),6,2
20250513,낙성대,충정로(경기대입구),7,23
20250513,낙성대,충정로(경기대입구),8,18
20250513,낙성대,충정로(경기대입구),9,3
20250513,낙성대,충정로(경기대입구),11,2
20250513,낙성대,충정로(경기대입구),13,1
20250513,낙성대,충정로(경기대입구),16,2
20250513,낙성대,충정로(경기대입구),18,1
20250513,낙성대,충정로(경기대입구),20,2
20250513,낙성대,충정로(경기대입구),23,1
20250513,낙성대,한양대,5,3
20250513,낙성대,한양대,7,7
20250513,낙성대,한양대,8,7
20250513,낙성대,한양대,9,10
20250513,낙성대,한양대,10,6
20250513,낙성대,한양대,11,4
20250513,낙성대,한양대,12,6
20250513,낙성대,한양대,13,1
20250513,낙성대,한양대,14,1
20250513,낙성대,한양대,15,1
20250513,낙성대,한양대,17,1
20250513,낙성대,한양대,18,2
20250513,낙성대,한양대,19,1
20250513,낙성대,한양대,20,1
20250513,낙성대,한양대,21,2
20250513,낙성대,한양대,22,1
20250513,낙성대,합정,0,4
20250513,낙성대,합정,5,3
20250513,낙성대,합정,6,8
20250513,낙성대,합정,7,21
20250513,낙성대,합정,8,64
20250513,낙성대,합정,9,42
20250513,낙성대,합정,10,11
20250513,낙성대,합정,11,13
20250513,낙성대,합정,12,8
20250513,낙성대,합정,13,16
20250513,낙성대,합정,14,12
20250513,낙성대,합정,15,8
20250513,낙성대,합정,16,6
20250513,낙성대,합정,17,11
20250513,낙성대,합정,18,27
20250513,낙성대,합정,19,9
20250513,낙성대,합정,20,11
20250513,낙성대,합정,21,7
20250513,낙성대,합정,22,3
20250513,낙성대,합정,23,5
20250513,낙성대,홍대입구,0,1
20250513,낙성대,홍대입구,5,3
20250513,낙성대,홍대입구,6,4
20250513,낙성대,홍대입구,7,33
20250513,낙성대,홍대입구,8,49
20250513,낙성대,홍대입구,9,48
20250513,낙성대,홍대입구,10,20
20250513,낙성대,홍대입구,11,19
20250513,낙성대,홍대입구,12,21
20250513,낙성대,홍대입구,13,28
20250513,낙성대,홍대입구,14,24
20250513,낙성대,홍대입구,15,15
20250513,낙성대,홍대입구,16,27
20250513,낙성대,홍대입구,17,29
20250513,낙성대,홍대입구,18,35
20250513,낙성대,홍대입구,19,24
20250513,낙성대,홍대입구,20,11
20250513,낙성대,홍대입구,21,9
20250513,낙성대,홍대입구,22,5
20250513,낙성대,홍대입구,23,7
20250513,당산,강남,5,9
20250513,당산,강남,6,21
20250513,당산,강남,7,47
20250513,당산,강남,8,32
20250513,당산,강남,9,25
20250513,당산,강남,10,22
20250513,당산,강남,11,12
20250513,당산,강남,12,17
20250513,당산,강남,13,13
20250513,당산,강남,14,13
20250513,당산,강남,15,5
20250513,당산,강남,16,11
20250513,당산,강남,17,10
20250513,당산,강남,18,9
20250513,당산,강남,19,2
20250513,당산,강남,20,2
20250513,당산,강남,22,1
20250513,당산,강변(동서울터미널),4,1
20250513,당산,강변(동서울터미널),5,3
20250513,당산,강변(동서울터미널),6,4
20250513,당산,강변(동서울터미널),7,7
20250513,당산,강변(동서울터미널),8,3
20250513,당산,강변(동서울터미널),9,6
20250513,당산,강변(동서울터미널),10,5
20250513,당산,강변(동서울터미널),11,3
20250513,당산,강변(동서울터미널),12,1
20250513,당산,강변(동서울터미널),13,1
20250513,당산,강변(동서울터미널),14,1
20250513,당산,강변(동서울터미널),15,5
20250513,당산,강변(동서울터미널),16,1
20250513,당산,강변(동서울터미널),17,4
20250513,당산,강변(동서울터미널),18,8
20250513,당산,강변(동서울터미널),19,3
20250513,당산,강변(동서울터미널),20,7
20250513,당산,강변(동서울터미널),21,5
20250513,당산,강변(동서울터미널),22,1
20250513,당산,강변(동서울터미널),23,1
20250513,당산,건대입구,5,2
20250513,당산,건대입구,6,6
20250513,당산,건대입구,7,15
20250513,당산,건대입구,8,6
20250513,당산,건대입구,9,21
20250513,당산,건대입구,10,18
20250513,당산,건대입구,11,13
20250513,당산,건대입구,12,17
20250513,당산,건대입구,13,8
20250513,당산,건대입구,14,2
20250513,당산,건대입구,15,4
20250513,당산,건대입구,16,7
20250513,당산,건대입구,17,15
20250513,당산,건대입구,18,18
20250513,당산,건대입구,19,12
20250513,당산,건대입구,20,8
20250513,당산,건대입구,21,6
20250513,당산,건대입구,22,5
20250513,당산,건대입구,23,3
20250513,당산,교대(법원.검찰청),5,2
20250513,당산,교대(법원.검찰청),6,4
20250513,당산,교대(법원.검찰청),7,16
20250513,당산,교대(법원.검찰청),8,16
20250513,당산,교대(법원.검찰청),9,9
20250513,당산,교대(법원.검찰청),10,9
20250513,당산,교대(법원.검찰청),11,5
20250513,당산,교대(법원.검찰청),12,7
20250513,당산,교대(법원.검찰청),13,2
20250513,당산,교대(법원.검찰청),14,4
20250513,당산,교대(법원.검찰청),15,5
20250513,당산,교대(법원.검찰청),16,4
20250513,당산,교대(법원.검찰청),17,4
20250513,당산,교대(법원.검찰청),18,5
20250513,당산,교대(법원.검찰청),19,3
20250513,당산,교대(법원.검찰청),21,1
20250513,당산,교대(법원.검찰청),22,2
20250513,당산,구로디지털단지,0,4
20250513,당산,구로디지털단지,5,17
20250513,당산,구로디지털단지,6,48
20250513,당산,구로디지털단지,7,140
20250513,당산,구로디지털단지,8,178
20250513,당산,구로디지털단지,9,85
20250513,당산,구로디지털단지,10,26
20250513,당산,구로디지털단지,11,30
20250513,당산,구로디지털단지,12,28
20250513,당산,구로디지털단지,13,30
20250513,당산,구로디지털단지,14,44
20250513,당산,구로디지털단지,15,27
20250513,당산,구로디지털단지,16,62
20250513,당산,구로디지털단지,17,67
20250513,당산,구로디지털단지,18,101
20250513,당산,구로디지털단지,19,66
20250513,당산,구로디지털단지,20,45
20250513,당산,구로디지털단지,21,51
20250513,당산,구로디지털단지,22,33
20250513,당산,구로디지털단지,23,25
20250513,당산,구의(광진구청),5,5
20250513,당산,구의(광진구청),6,5
20250513,당산,구의(광진구청),7,11
20250513,당산,구의(광진구청),8,5
20250513,당산,구의(광진구청),9,4
20250513,당산,구의(광진구청),10,5
20250513,당산,구의(광진구청),11,6
20250513,당산,구의(광진구청),12,2
20250513,당산,구의(광진구청),13,1
20250513,당산,구의(광진구청),14,3
20250513,당산,구의(광진구청),15,4
20250513,당산,구의(광진구청),16,3
20250513,당산,구의(광진구청),17,13
20250513,당산,구의(광진구청),18,14
20250513,당산,구의(광진구청),19,6
20250513,당산,구의(광진구청),20,3
20250513,당산,구의(광진구청),21,2
20250513,당산,구의(광진구청),22,4
20250513,당산,낙성대,0,1
20250513,당산,낙성대,5,3
20250513,당산,낙성대,6,8
20250513,당산,낙성대,7,15
20250513,당산,낙성대,8,19
20250513,당산,낙성대,9,11
20250513,당산,낙성대,10,5
20250513,당산,낙성대,11,7
20250513,당산,낙성대,12,4
20250513,당산,낙성대,13,2
20250513,당산,낙성대,14,6
20250513,당산,낙성대,15,10
20250513,당산,낙성대,16,4
20250513,당산,낙성대,17,14
20250513,당산,낙성대,18,28
20250513,당산,낙성대,19,17
20250513,당산,낙성대,20,6
20250513,당산,낙성대,21,7
20250513,당산,낙성대,22,8
20250513,당산,낙성대,23,6
20250513,당산,당산,0,3
20250513,당산,당산,5,3
20250513,당산,당산,6,9
20250513,당산,당산,7,18
20250513,당산,당산,8,19
20250513,당산,당산,9,15
20250513,당산,당산,10,15
20250513,당산,당산,11,16
20250513,당산,당산,12,17
20250513,당산,당산,13,9
20250513,당산,당산,14,30
20250513,당산,당산,15,20
20250513,당산,당산,16,22
20250513,당산,당산,17,27
20250513,당산,당산,18,46
20250513,당산,당산,19,28
20250513,당산,당산,20,27
20250513,당산,당산,21,28
20250513,당산,당산,22,31
20250513,당산,당산,23,16
20250513,당산,대림(구로구청),0,1
20250513,당산,대림(구로구청),5,8
20250513,당산,대림(구로구청),6,9
20250513,당산,대림(구로구청),7,29
20250513,당산,대림(구로구청),8,43
20250513,당산,대림(구로구청),9,25
20250513,당산,대림(구로구청),10,17
20250513,당산,대림(구로구청),11,18
20250513,당산,대림(구로구청),12,11
20250513,당산,대림(구로구청),13,19
20250513,당산,대림(구로구청),14,8
20250513,당산,대림(구로구청),15,19
20250513,당산,대림(구로구청),16,35
20250513,당산,대림(구로구청),17,39
20250513,당산,대림(구로구청),18,57
20250513,당산,대림(구로구청),19,36
20250513,당산,대림(구로구청),20,30
20250513,당산,대림(구로구청),21,21
20250513,당산,대림(구로구청),22,20
20250513,당산,대림(구로구청),23,13
20250513,당산,동대문역사문화공원,5,4
20250513,당산,동대문역사문화공원,6,10
20250513,당산,동대문역사문화공원,7,25
20250513,당산,동대문역사문화공원,8,14
20250513,당산,동대문역사문화공원,9,24
20250513,당산,동대문역사문화공원,10,15
20250513,당산,동대문역사문화공원,11,21
20250513,당산,동대문역사문화공원,12,12
20250513,당산,동대문역사문화공원,13,13
20250513,당산,동대문역사문화공원,14,3
20250513,당산,동대문역사문화공원,15,6
20250513,당산,동대문역사문화공원,16,5
20250513,당산,동대문역사문화공원,17,4
20250513,당산,동대문역사문화공원,18,8
20250513,당산,동대문역사문화공원,19,11
20250513,당산,동대문역사문화공원,20,8
20250513,당산,동대문역사문화공원,22,2
20250513,당산,동대문역사문화공원,23,1
20250513,당산,뚝섬,5,2
20250513,당산,뚝섬,6,13
20250513,당산,뚝섬,7,28
20250513,당산,뚝섬,8,36
20250513,당산,뚝섬,9,17
20250513,당산,뚝섬,10,9
20250513,당산,뚝섬,11,12
20250513,당산,뚝섬,12,5
20250513,당산,뚝섬,13,5
20250513,당산,뚝섬,15,1
20250513,당산,뚝섬,16,7
20250513,당산,뚝섬,17,7
20250513,당산,뚝섬,18,13
20250513,당산,뚝섬,19,8
20250513,당산,뚝섬,20,3
20250513,당산,뚝섬,22,1
20250513,당산,문래,0,2
20250513,당산,문래,5,2
20250513,당산,문래,6,16
20250513,당산,문래,7,34
20250513,당산,문래,8,77
20250513,당산,문래,9,36
20250513,당산,문래,10,24
20250513,당산,문래,11,14
20250513,당산,문래,12,31
20250513,당산,문래,13,27
20250513,당산,문래,14,17
20250513,당산,문래,15,10
20250513,당산,문래,16,28
20250513,당산,문래,17,14
20250513,당산,문래,18,23
20250513,당산,문래,19,20
20250513,당산,문래,20,15
20250513,당산,문래,21,11
20250513,당산,문래,22,11
20250513,당산,문래,23,7
20250513,당산,방배,5,1
20250513,당산,방배,6,13
20250513,당산,방배,7,24
20250513,당산,방배,8,25
20250513,당산,방배,9,26
20250513,당산,방배,10,12
20250513,당산,방배,11,17
20250513,당산,방배,12,11
20250513,당산,방배,13,12
20250513,당산,방배,14,6
20250513,당산,방배,15,2
20250513,당산,방배,16,6
20250513,당산,방배,17,9
20250513,당산,방배,18,9
20250513,당산,방배,19,9
20250513,당산,방배,20,1
20250513,당산,방배,21,5
20250513,당산,방배,22,4
20250513,당산,방배,23,2
20250513,당산,봉천,0,3
20250513,당산,봉천,5,3
20250513,당산,봉천,6,4
20250513,당산,봉천,7,8
20250513,당산,봉천,8,15
20250513,당산,봉천,9,5
20250513,당산,봉천,10,5
20250513,당산,봉천,11,5
20250513,당산,봉천,12,7
20250513,당산,봉천,13,8
20250513,당산,봉천,14,7
20250513,당산,봉천,15,9
20250513,당산,봉천,16,9
20250513,당산,봉천,17,17
20250513,당산,봉천,18,27
20250513,당산,봉천,19,16
20250513,당산,봉천,20,11
20250513,당산,봉천,21,5
20250513,당산,봉천,22,10
20250513,당산,봉천,23,8
20250513,당산,사당,5,6
20250513,당산,사당,6,11
20250513,당산,사당,7,29
20250513,당산,사당,8,25
20250513,당산,사당,9,10
20250513,당산,사당,10,10
20250513,당산,사당,11,17
20250513,당산,사당,12,20
20250513,당산,사당,13,7
20250513,당산,사당,14,10
20250513,당산,사당,15,12
20250513,당산,사당,16,17
20250513,당산,사당,17,27
20250513,당산,사당,18,31
20250513,당산,사당,19,12
20250513,당산,사당,20,6
20250513,당산,사당,21,16
20250513,당산,사당,22,9
20250513,당산,사당,23,5
20250513,당산,삼성(무역센터),5,4
20250513,당산,삼성(무역센터),6,14
20250513,당산,삼성(무역센터),7,33
20250513,당산,삼성(무역센터),8,16
20250513,당산,삼성(무역센터),9,19
20250513,당산,삼성(무역센터),10,5
20250513,당산,삼성(무역센터),11,2
20250513,당산,삼성(무역센터),12,3
20250513,당산,삼성(무역센터),13,5
20250513,당산,삼성(무역센터),14,3
20250513,당산,삼성(무역센터),15,4
20250513,당산,삼성(무역센터),16,4
20250513,당산,삼성(무역센터),17,2
20250513,당산,상왕십리,5,3
20250513,당산,상왕십리,6,5
20250513,당산,상왕십리,7,10
20250513,당산,상왕십리,8,13
20250513,당산,상왕십리,9,11
20250513,당산,상왕십리,10,1
20250513,당산,상왕십리,11,2
20250513,당산,상왕십리,12,6
20250513,당산,상왕십리,13,2
20250513,당산,상왕십리,14,3
20250513,당산,상왕십리,15,3
20250513,당산,상왕십리,16,4
20250513,당산,상왕십리,17,7
20250513,당산,상왕십리,18,15
20250513,당산,상왕십리,19,10
20250513,당산,상왕십리,20,7
20250513,당산,상왕십리,21,6
20250513,당산,상왕십리,22,5
20250513,당산,상왕십리,23,5
20250513,당산,서울대입구(관악구청),0,2
20250513,당산,서울대입구(관악구청),5,7
20250513,당산,서울대입구(관악구청),6,12
20250513,당산,서울대입구(관악구청),7,32
20250513,당산,서울대입구(관악구청),8,24
20250513,당산,서울대입구(관악구청),9,34
20250513,당산,서울대입구(관악구청),10,33
20250513,당산,서울대입구(관악구청),11,19
20250513,당산,서울대입구(관악구청),12,16
20250513,당산,서울대입구(관악구청),13,18
20250513,당산,서울대입구(관악구청),14,10
20250513,당산,서울대입구(관악구청),15,9
20250513,당산,서울대입구(관악구청),16,22
20250513,당산,서울대입구(관악구청),17,19
20250513,당산,서울대입구(관악구청),18,34
20250513,당산,서울대입구(관악구청),19,17
20250513,당산,서울대입구(관악구청),20,21
20250513,당산,서울대입구(관악구청),21,15
20250513,당산,서울대입구(관악구청),22,18
20250513,당산,서울대입구(관악구청),23,20
20250513,당산,서초,5,2
20250513,당산,서초,6,10
20250513,당산,서초,7,23
20250513,당산,서초,8,22
20250513,당산,서초,9,17
20250513,당산,서초,10,12
20250513,당산,서초,11,2
20250513,당산,서초,12,5
20250513,당산,서초,13,6
20250513,당산,서초,14,2
20250513,당산,서초,15,6
20250513,당산,서초,16,2
20250513,당산,서초,17,5
20250513,당산,서초,18,3
20250513,당산,서초,19,3
20250513,당산,서초,23,1
20250513,당산,선릉,5,10
20250513,당산,선릉,6,19
20250513,당산,선릉,7,26
20250513,당산,선릉,8,23
20250513,당산,선릉,9,11
20250513,당산,선릉,10,12
20250513,당산,선릉,11,7
20250513,당산,선릉,12,5
20250513,당산,선릉,13,1
20250513,당산,선릉,14,9
20250513,당산,선릉,15,4
20250513,당산,선릉,16,8
20250513,당산,선릉,17,3
20250513,당산,선릉,18,1
20250513,당산,선릉,19,2
20250513,당산,선릉,21,2
20250513,당산,성수,5,8
20250513,당산,성수,6,25
20250513,당산,성수,7,59
20250513,당산,성수,8,58
20250513,당산,성수,9,25
20250513,당산,성수,10,13
20250513,당산,성수,11,13
20250513,당산,성수,12,7
20250513,당산,성수,13,3
20250513,당산,성수,14,7
20250513,당산,성수,15,4
20250513,당산,성수,16,11
20250513,당산,성수,17,7
20250513,당산,성수,18,7
20250513,당산,성수,19,1
20250513,당산,성수,20,3
20250513,당산,성수,21,2
20250513,당산,성수,23,1
20250513,당산,시청,5,16
20250513,당산,시청,6,38
20250513,당산,시청,7,184
20250513,당산,시청,8,279
20250513,당산,시청,9,80
20250513,당산,시청,10,28
20250513,당산,시청,11,23
20250513,당산,시청,12,24
20250513,당산,시청,13,39
20250513,당산,시청,14,17
20250513,당산,시청,15,9
20250513,당산,시청,16,12
20250513,당산,시청,17,17
20250513,당산,시청,18,10
20250513,당산,시청,19,3
20250513,당산,시청,20,5
20250513,당산,시청,21,3
20250513,당산,시청,22,1
20250513,당산,신당,5,1
20250513,당산,신당,6,2
20250513,당산,신당,7,10
20250513,당산,신당,8,7
20250513,당산,신당,9,7
20250513,당산,신당,10,2
20250513,당산,신당,11,2
20250513,당산,신당,12,3
20250513,당산,신당,13,2
20250513,당산,신당,14,3
20250513,당산,신당,15,1
20250513,당산,신당,16,5
20250513,당산,신당,17,15
20250513,당산,신당,18,7
20250513,당산,신당,19,6
20250513,당산,신당,20,7
20250513,당산,신당,21,4
20250513,당산,신당,22,4
20250513,당산,신당,23,2
20250513,당산,신대방,0,3
20250513,당산,신대방,5,2
20250513,당산,신대방,6,7
20250513,당산,신대방,7,14
20250513,당산,신대방,8,9
20250513,당산,신대방,9,6
20250513,당산,신대방,10,9
20250513,당산,신대방,11,8
20250513,당산,신대방,12,5
20250513,당산,신대방,13,10
20250513,당산,신대방,14,16
20250513,당산,신대방,15,9
20250513,당산,신대방,16,25
20250513,당산,신대방,17,40
20250513,당산,신대방,18,56
20250513,당산,신대방,19,26
20250513,당산,신대방,20,17
20250513,당산,신대방,21,17
20250513,당산,신대방,22,18
20250513,당산,신대방,23,8
20250513,당산,신도림,0,3
20250513,당산,신도림,5,7
20250513,당산,신도림,6,17
20250513,당산,신도림,7,37
20250513,당산,신도림,8,50
20250513,당산,신도림,9,30
20250513,당산,신도림,10,27
20250513,당산,신도림,11,24
20250513,당산,신도림,12,24
20250513,당산,신도림,13,27
20250513,당산,신도림,14,29
20250513,당산,신도림,15,34
20250513,당산,신도림,16,41
20250513,당산,신도림,17,42
20250513,당산,신도림,18,91
20250513,당산,신도림,19,39
20250513,당산,신도림,20,29
20250513,당산,신도림,21,37
20250513,당산,신도림,22,28
20250513,당산,신도림,23,26
20250513,당산,신림,0,2
20250513,당산,신림,5,4
20250513,당산,신림,6,2
20250513,당산,신림,7,29
20250513,당산,신림,8,15
20250513,당산,신림,9,15
20250513,당산,신림,10,7
20250513,당산,신림,11,14
20250513,당산,신림,12,21
20250513,당산,신림,13,10
20250513,당산,신림,14,5
20250513,당산,신림,15,16
20250513,당산,신림,16,31
20250513,당산,신림,17,40
20250513,당산,신림,18,76
20250513,당산,신림,19,50
20250513,당산,신림,20,28
20250513,당산,신림,21,34
20250513,당산,신림,22,26
20250513,당산,신림,23,30
20250513,당산,신촌,5,1
20250513,당산,신촌,6,16
20250513,당산,신촌,7,44
20250513,당산,신촌,8,81
20250513,당산,신촌,9,83
20250513,당산,신촌,10,50
20250513,당산,신촌,11,35
20250513,당산,신촌,12,26
20250513,당산,신촌,13,36
20250513,당산,신촌,14,30
20250513,당산,신촌,15,15
20250513,당산,신촌,16,14
20250513,당산,신촌,17,37
20250513,당산,신촌,18,39
20250513,당산,신촌,19,19
20250513,당산,신촌,20,8
20250513,당산,신촌,21,10
20250513,당산,신촌,22,11
20250513,당산,신촌,23,12
20250513,당산,아현,5,2
20250513,당산,아현,6,5
20250513,당산,아현,7,14
20250513,당산,아현,8,13
20250513,당산,아현,9,8
20250513,당산,아현,10,6
20250513,당산,아현,11,5
20250513,당산,아현,12,4
20250513,당산,아현,13,3
20250513,당산,아현,14,6
20250513,당산,아현,15,2
20250513,당산,아현,16,7
20250513,당산,아현,17,10
20250513,당산,아현,18,17
20250513,당산,아현,19,10
20250513,당산,아현,20,8
20250513,당산,아현,21,6
20250513,당산,아현,22,6
20250513,당산,아현,23,1
20250513,당산,역삼,5,8
20250513,당산,역삼,6,40
20250513,당산,역삼,7,71
20250513,당산,역삼,8,70
20250513,당산,역삼,9,47
20250513,당산,역삼,10,13
20250513,당산,역삼,11,10
20250513,당산,역삼,12,8
20250513,당산,역삼,13,10
20250513,당산,역삼,14,1
20250513,당산,역삼,15,2
20250513,당산,역삼,16,2
20250513,당산,역삼,17,10
20250513,당산,역삼,18,5
20250513,당산,역삼,19,1
20250513,당산,역삼,20,1
20250513,당산,역삼,21,1
20250513,당산,역삼,23,1
20250513,당산,영등포구청,0,2
20250513,당산,영등포구청,5,3
20250513,당산,영등포구청,6,6
20250513,당산,영등포구청,7,12
20250513,당산,영등포구청,8,36
20250513,당산,영등포구청,9,24
20250513,당산,영등포구청,10,22
20250513,당산,영등포구청,11,31
20250513,당산,영등포구청,12,14
20250513,당산,영등포구청,13,20
20250513,당산,영등포구청,14,15
20250513,당산,영등포구청,15,10
20250513,당산,영등포구청,16,11
20250513,당산,영등포구청,17,21
20250513,당산,영등포구청,18,14
20250513,당산,영등포구청,19,13
20250513,당산,영등포구청,20,5
20250513,당산,영등포구청,21,12
20250513,당산,영등포구청,22,6
20250513,당산,영등포구청,23,7
20250513,당산,왕십리(성동구청),0,2
20250513,당산,왕십리(성동구청),5,7
20250513,당산,왕십리(성동구청),6,3
20250513,당산,왕십리(성동구청),7,7
20250513,당산,왕십리(성동구청),8,5
20250513,당산,왕십리(성동구청),9,8
20250513,당산,왕십리(성동구청),10,6
20250513,당산,왕십리(성동구청),11,7
20250513,당산,왕십리(성동구청),12,6
20250513,당산,왕십리(성동구청),13,2
20250513,당산,왕십리(성동구청),14,2
20250513,당산,왕십리(성동구청),15,5
20250513,당산,왕십리(성동구청),16,8
20250513,당산,왕십리(성동구청),17,10
20250513,당산,왕십리(성동구청),18,15
20250513,당산,왕십리(성동구청),19,5
20250513,당산,왕십리(성동구청),20,2
20250513,당산,왕십리(성동구청),21,1
20250513,당산,왕십리(성동구청),22,7
20250513,당산,왕십리(성동구청),23,4
20250513,당산,을지로3가,5,13
20250513,당산,을지로3가,6,36
20250513,당산,을지로3가,7,102
20250513,당산,을지로3가,8,138
20250513,당산,을지로3가,9,29
20250513,당산,을지로3가,10,18
20250513,당산,을지로3가,11,11
20250513,당산,을지로3가,12,10
20250513,당산,을지로3가,13,12
20250513,당산,을지로3가,14,5
20250513,당산,을지로3가,15,5
20250513,당산,을지로3가,16,11
20250513,당산,을지로3가,17,9
20250513,당산,을지로3가,18,18
20250513,당산,을지로3가,19,6
20250513,당산,을지로3가,20,1
20250513,당산,을지로3가,21,3
20250513,당산,을지로3가,22,4
20250513,당산,을지로3가,23,2
20250513,당산,을지로4가,5,2
20250513,당산,을지로4가,6,20
20250513,당산,을지로4가,7,59
20250513,당산,을지로4가,8,43
20250513,당산,을지로4가,9,18
20250513,당산,을지로4가,10,12
20250513,당산,을지로4가,11,12
20250513,당산,을지로4가,12,9
20250513,당산,을지로4가,13,9
20250513,당산,을지로4가,14,9
20250513,당산,을지로4가,15,9
20250513,당산,을지로4가,16,6
20250513,당산,을지로4가,17,5
20250513,당산,을지로4가,18,9
20250513,당산,을지로4가,19,5
20250513,당산,을지로4가,20,1
20250513,당산,을지로4가,21,1
20250513,당산,을지로4가,22,1
20250513,당산,을지로4가,23,1
20250513,당산,을지로입구,0,1
20250513,당산,을지로입구,5,25
20250513,당산,을지로입구,6,74
20250513,당산,을지로입구,7,299
20250513,당산,을지로입구,8,375
20250513,당산,을지로입구,9,111
20250513,당산,을지로입구,10,71
20250513,당산,을지로입구,11,35
20250513,당산,을지로입구,12,29
20250513,당산,을지로입구,13,37
20250513,당산,을지로입구,14,9
20250513,당산,을지로입구,15,21
20250513,당산,을지로입구,16,20
20250513,당산,을지로입구,17,25
20250513,당산,을지로입구,18,31
20250513,당산,을지로입구,19,8
20250513,당산,을지로입구,20,6
20250513,당산,을지로입구,21,2
20250513,당산,이대,0,2
20250513,당산,이대,5,1
20250513,당산,이대,6,2
20250513,당산,이대,7,16
20250513,당산,이대,8,43
20250513,당산,이대,9,32
20250513,당산,이대,10,26
20250513,당산,이대,11,17
20250513,당산,이대,12,10
20250513,당산,이대,13,18
20250513,당산,이대,14,11
20250513,당산,이대,15,8
20250513,당산,이대,16,16
20250513,당산,이대,17,16
20250513,당산,이대,18,19
20250513,당산,이대,19,15
20250513,당산,이대,20,5
20250513,당산,이대,21,6
20250513,당산,이대,22,7
20250513,당산,이대,23,3
20250513,당산,잠실(송파구청),6,11
20250513,당산,잠실(송파구청),7,28
20250513,당산,잠실(송파구청),8,16
20250513,당산,잠실(송파구청),9,7
20250513,당산,잠실(송파구청),10,3
20250513,당산,잠실(송파구청),11,6
20250513,당산,잠실(송파구청),12,8
20250513,당산,잠실(송파구청),13,6
20250513,당산,잠실(송파구청),14,5
20250513,당산,잠실(송파구청),15,7
20250513,당산,잠실(송파구청),16,9
20250513,당산,잠실(송파구청),17,5
20250513,당산,잠실(송파구청),18,5
20250513,당산,잠실(송파구청),19,6
20250513,당산,잠실(송파구청),20,2
20250513,당산,잠실(송파구청),22,3
20250513,당산,잠실(송파구청),23,1
20250513,당산,잠실나루,5,1
20250513,당산,잠실나루,6,7
20250513,당산,잠실나루,7,10
20250513,당산,잠실나루,8,3
20250513,당산,잠실나루,9,4
20250513,당산,잠실나루,10,1
20250513,당산,잠실나루,11,2
20250513,당산,잠실나루,12,1
20250513,당산,잠실나루,13,2
20250513,당산,잠실나루,14,1
20250513,당산,잠실나루,15,3
20250513,당산,잠실나루,16,4
20250513,당산,잠실나루,17,1
20250513,당산,잠실나루,18,5
20250513,당산,잠실나루,20,1
20250513,당산,잠실나루,22,1
20250513,당산,잠실새내,8,1
20250513,당산,잠실새내,12,2
20250513,당산,잠실새내,13,1
20250513,당산,잠실새내,16,1
20250513,당산,잠실새내,17,3
20250513,당산,잠실새내,18,3
20250513,당산,잠실새내,19,1
20250513,당산,잠실새내,20,1
20250513,당산,잠실새내,21,1
20250513,당산,잠실새내,23,1
20250513,당산,종합운동장,5,1
20250513,당산,종합운동장,6,1
20250513,당산,종합운동장,7,1
20250513,당산,종합운동장,8,1
20250513,당산,종합운동장,11,1
20250513,당산,종합운동장,16,6
20250513,당산,종합운동장,17,8
20250513,당산,종합운동장,18,3
20250513,당산,종합운동장,21,3
20250513,당산,충정로(경기대입구),5,2
20250513,당산,충정로(경기대입구),6,12
20250513,당산,충정로(경기대입구),7,37
20250513,당산,충정로(경기대입구),8,59
20250513,당산,충정로(경기대입구),9,19
20250513,당산,충정로(경기대입구),10,3
20250513,당산,충정로(경기대입구),11,6
20250513,당산,충정로(경기대입구),12,3
20250513,당산,충정로(경기대입구),13,4
20250513,당산,충정로(경기대입구),14,7
20250513,당산,충정로(경기대입구),15,4
20250513,당산,충정로(경기대입구),16,1
20250513,당산,충정로(경기대입구),17,8
20250513,당산,충정로(경기대입구),18,10
20250513,당산,충정로(경기대입구),19,4
20250513,당산,충정로(경기대입구),20,2
20250513,당산,충정로(경기대입구),21,4
20250513,당산,충정로(경기대입구),22,3
20250513,당산,충정로(경기대입구),23,1
20250513,당산,한양대,5,1
20250513,당산,한양대,6,6
20250513,당산,한양대,7,28
20250513,당산,한양대,8,51
20250513,당산,한양대,9,35
20250513,당산,한양대,10,14
20250513,당산,한양대,11,14
20250513,당산,한양대,12,23
20250513,당산,한양대,13,10
20250513,당산,한양대,14,5
20250513,당산,한양대,15,1
20250513,당산,한양대,16,3
20250513,당산,한양대,17,11
20250513,당산,한양대,18,4
20250513,당산,한양대,20,1
20250513,당산,한양대,23,1
20250513,당산,합정,0,6
20250513,당산,합정,5,1
20250513,당산,합정,6,2
20250513,당산,합정,7,33
20250513,당산,합정,8,57
20250513,당산,합정,9,55
20250513,당산,합정,10,26
20250513,당산,합정,11,23
20250513,당산,합정,12,27
20250513,당산,합정,13,22
20250513,당산,합정,14,33
20250513,당산,합정,15,20
20250513,당산,합정,16,21
20250513,당산,합정,17,30
20250513,당산,합정,18,67
20250513,당산,합정,19,38
20250513,당산,합정,20,12
20250513,당산,합정,21,19
20250513,당산,합정,22,15
20250513,당산,합정,23,11
20250513,당산,홍대입구,0,3
20250513,당산,홍대입구,5,7
20250513,당산,홍대입구,6,5
20250513,당산,홍대입구,7,17
20250513,당산,홍대입구,8,63
20250513,당산,홍대입구,9,53
20250513,당산,홍대입구,10,34
20250513,당산,홍대입구,11,35
20250513,당산,홍대입구,12,35
20250513,당산,홍대입구,13,39
20250513,당산,홍대입구,14,23
20250513,당산,홍대입구,15,32
20250513,당산,홍대입구,16,31
20250513,당산,홍대입구,17,53
20250513,당산,홍대입구,18,76
20250513,당산,홍대입구,19,40
20250513,당산,홍대입구,20,29
20250513,당산,홍대입구,21,23
20250513,당산,홍대입구,22,15
20250513,당산,홍대입구,23,5
20250513,대림(구로구청),강남,0,1
20250513,대림(구로구청),강남,4,4
20250513,대림(구로구청),강남,5,43
20250513,대림(구로구청),강남,6,64
20250513,대림(구로구청),강남,7,141
20250513,대림(구로구청),강남,8,231
20250513,대림(구로구청),강남,9,151
20250513,대림(구로구청),강남,10,50
20250513,대림(구로구청),강남,11,22
20250513,대림(구로구청),강남,12,36
20250513,대림(구로구청),강남,13,40
20250513,대림(구로구청),강남,14,24
20250513,대림(구로구청),강남,15,23
20250513,대림(구로구청),강남,16,32
20250513,대림(구로구청),강남,17,18
20250513,대림(구로구청),강남,18,28
20250513,대림(구로구청),강남,19,12
20250513,대림(구로구청),강남,20,8
20250513,대림(구로구청),강남,21,8
20250513,대림(구로구청),강남,22,5
20250513,대림(구로구청),강남,23,1
20250513,대림(구로구청),강변(동서울터미널),5,8
20250513,대림(구로구청),강변(동서울터미널),6,9
20250513,대림(구로구청),강변(동서울터미널),7,5
20250513,대림(구로구청),강변(동서울터미널),8,7
20250513,대림(구로구청),강변(동서울터미널),9,3
20250513,대림(구로구청),강변(동서울터미널),10,10
20250513,대림(구로구청),강변(동서울터미널),11,13
20250513,대림(구로구청),강변(동서울터미널),12,6
20250513,대림(구로구청),강변(동서울터미널),13,3
20250513,대림(구로구청),강변(동서울터미널),14,4
20250513,대림(구로구청),강변(동서울터미널),15,4
20250513,대림(구로구청),강변(동서울터미널),16,4
20250513,대림(구로구청),강변(동서울터미널),17,4
20250513,대림(구로구청),강변(동서울터미널),18,5
20250513,대림(구로구청),강변(동서울터미널),19,7
20250513,대림(구로구청),강변(동서울터미널),20,5
20250513,대림(구로구청),강변(동서울터미널),21,4
20250513,대림(구로구청),강변(동서울터미널),22,1
20250513,대림(구로구청),강변(동서울터미널),23,1
20250513,대림(구로구청),건대입구,5,2
20250513,대림(구로구청),건대입구,6,2
20250513,대림(구로구청),건대입구,7,5
20250513,대림(구로구청),건대입구,8,3
20250513,대림(구로구청),건대입구,9,2
20250513,대림(구로구청),건대입구,10,2
20250513,대림(구로구청),건대입구,11,5
20250513,대림(구로구청),건대입구,12,4
20250513,대림(구로구청),건대입구,13,4
20250513,대림(구로구청),건대입구,14,4
20250513,대림(구로구청),건대입구,15,3
20250513,대림(구로구청),건대입구,16,8
20250513,대림(구로구청),건대입구,17,3
20250513,대림(구로구청),건대입구,18,1
20250513,대림(구로구청),건대입구,19,3
20250513,대림(구로구청),건대입구,20,3
20250513,대림(구로구청),건대입구,21,3
20250513,대림(구로구청),건대입구,22,1
20250513,대림(구로구청),교대(법원.검찰청),5,24
20250513,대림(구로구청),교대(법원.검찰청),6,20
20250513,대림(구로구청),교대(법원.검찰청),7,55
20250513,대림(구로구청),교대(법원.검찰청),8,111
20250513,대림(구로구청),교대(법원.검찰청),9,57
20250513,대림(구로구청),교대(법원.검찰청),10,23
20250513,대림(구로구청),교대(법원.검찰청),11,11
20250513,대림(구로구청),교대(법원.검찰청),12,10
20250513,대림(구로구청),교대(법원.검찰청),13,10
20250513,대림(구로구청),교대(법원.검찰청),14,9
20250513,대림(구로구청),교대(법원.검찰청),15,9
20250513,대림(구로구청),교대(법원.검찰청),16,6
20250513,대림(구로구청),교대(법원.검찰청),17,12
20250513,대림(구로구청),교대(법원.검찰청),18,4
20250513,대림(구로구청),교대(법원.검찰청),19,3
20250513,대림(구로구청),교대(법원.검찰청),20,5
20250513,대림(구로구청),교대(법원.검찰청),21,4
20250513,대림(구로구청),교대(법원.검찰청),22,3
20250513,대림(구로구청),구로디지털단지,0,8
20250513,대림(구로구청),구로디지털단지,5,12
20250513,대림(구로구청),구로디지털단지,6,19
20250513,대림(구로구청),구로디지털단지,7,20
20250513,대림(구로구청),구로디지털단지,8,64
20250513,대림(구로구청),구로디지털단지,9,63
20250513,대림(구로구청),구로디지털단지,10,38
20250513,대림(구로구청),구로디지털단지,11,38
20250513,대림(구로구청),구로디지털단지,12,50
20250513,대림(구로구청),구로디지털단지,13,40
20250513,대림(구로구청),구로디지털단지,14,72
20250513,대림(구로구청),구로디지털단지,15,52
20250513,대림(구로구청),구로디지털단지,16,52
20250513,대림(구로구청),구로디지털단지,17,67
20250513,대림(구로구청),구로디지털단지,18,71
20250513,대림(구로구청),구로디지털단지,19,36
20250513,대림(구로구청),구로디지털단지,20,37
20250513,대림(구로구청),구로디지털단지,21,22
20250513,대림(구로구청),구로디지털단지,22,12
20250513,대림(구로구청),구로디지털단지,23,11
20250513,대림(구로구청),구의(광진구청),5,6
20250513,대림(구로구청),구의(광진구청),6,6
20250513,대림(구로구청),구의(광진구청),7,5
20250513,대림(구로구청),구의(광진구청),8,5
20250513,대림(구로구청),구의(광진구청),9,1
20250513,대림(구로구청),구의(광진구청),12,3
20250513,대림(구로구청),구의(광진구청),13,1
20250513,대림(구로구청),구의(광진구청),14,4
20250513,대림(구로구청),구의(광진구청),15,3
20250513,대림(구로구청),구의(광진구청),16,5
20250513,대림(구로구청),구의(광진구청),17,6
20250513,대림(구로구청),구의(광진구청),18,6
20250513,대림(구로구청),구의(광진구청),19,3
20250513,대림(구로구청),구의(광진구청),20,3
20250513,대림(구로구청),구의(광진구청),21,1
20250513,대림(구로구청),구의(광진구청),22,1
20250513,대림(구로구청),낙성대,0,1
20250513,대림(구로구청),낙성대,5,9
20250513,대림(구로구청),낙성대,6,8
20250513,대림(구로구청),낙성대,7,21
20250513,대림(구로구청),낙성대,8,21
20250513,대림(구로구청),낙성대,9,10
20250513,대림(구로구청),낙성대,10,11
20250513,대림(구로구청),낙성대,11,3
20250513,대림(구로구청),낙성대,12,9
20250513,대림(구로구청),낙성대,13,7
20250513,대림(구로구청),낙성대,14,10
20250513,대림(구로구청),낙성대,15,4
20250513,대림(구로구청),낙성대,16,13
20250513,대림(구로구청),낙성대,17,18
20250513,대림(구로구청),낙성대,18,14
20250513,대림(구로구청),낙성대,19,17
20250513,대림(구로구청),낙성대,20,14
20250513,대림(구로구청),낙성대,21,5
20250513,대림(구로구청),낙성대,22,9
20250513,대림(구로구청),낙성대,23,2
20250513,대림(구로구청),당산,5,30
20250513,대림(구로구청),당산,6,22
20250513,대림(구로구청),당산,7,37
20250513,대림(구로구청),당산,8,67
20250513,대림(구로구청),당산,9,33
20250513,대림(구로구청),당산,10,20
20250513,대림(구로구청),당산,11,21
20250513,대림(구로구청),당산,12,19
20250513,대림(구로구청),당산,13,16
20250513,대림(구로구청),당산,14,17
20250513,대림(구로구청),당산,15,13
20250513,대림(구로구청),당산,16,15
20250513,대림(구로구청),당산,17,36
20250513,대림(구로구청),당산,18,42
20250513,대림(구로구청),당산,19,21
20250513,대림(구로구청),당산,20,18
20250513,대림(구로구청),당산,21,12
20250513,대림(구로구청),당산,22,7
20250513,대림(구로구청),당산,23,11
20250513,대림(구로구청),대림(구로구청),0,6
20250513,대림(구로구청),대림(구로구청),4,1
20250513,대림(구로구청),대림(구로구청),5,11
20250513,대림(구로구청),대림(구로구청),6,9
20250513,대림(구로구청),대림(구로구청),7,18
20250513,대림(구로구청),대림(구로구청),8,26
20250513,대림(구로구청),대림(구로구청),9,21
20250513,대림(구로구청),대림(구로구청),10,27
20250513,대림(구로구청),대림(구로구청),11,30
20250513,대림(구로구청),대림(구로구청),12,27
20250513,대림(구로구청),대림(구로구청),13,38
20250513,대림(구로구청),대림(구로구청),14,37
20250513,대림(구로구청),대림(구로구청),15,31
20250513,대림(구로구청),대림(구로구청),16,29
20250513,대림(구로구청),대림(구로구청),17,24
20250513,대림(구로구청),대림(구로구청),18,31
20250513,대림(구로구청),대림(구로구청),19,10
20250513,대림(구로구청),대림(구로구청),20,18
20250513,대림(구로구청),대림(구로구청),21,12
20250513,대림(구로구청),대림(구로구청),22,11
20250513,대림(구로구청),대림(구로구청),23,10
20250513,대림(구로구청),동대문역사문화공원,0,2
20250513,대림(구로구청),동대문역사문화공원,4,1
20250513,대림(구로구청),동대문역사문화공원,5,7
20250513,대림(구로구청),동대문역사문화공원,6,6
20250513,대림(구로구청),동대문역사문화공원,7,23
20250513,대림(구로구청),동대문역사문화공원,8,21
20250513,대림(구로구청),동대문역사문화공원,9,12
20250513,대림(구로구청),동대문역사문화공원,10,9
20250513,대림(구로구청),동대문역사문화공원,11,11
20250513,대림(구로구청),동대문역사문화공원,12,12
20250513,대림(구로구청),동대문역사문화공원,13,6
20250513,대림(구로구청),동대문역사문화공원,14,13
20250513,대림(구로구청),동대문역사문화공원,15,3
20250513,대림(구로구청),동대문역사문화공원,16,5
20250513,대림(구로구청),동대문역사문화공원,17,4
20250513,대림(구로구청),동대문역사문화공원,18,9
20250513,대림(구로구청),동대문역사문화공원,19,15
20250513,대림(구로구청),동대문역사문화공원,20,7
20250513,대림(구로구청),동대문역사문화공원,21,2
20250513,대림(구로구청),동대문역사문화공원,22,1
20250513,대림(구로구청),동대문역사문화공원,23,2
20250513,대림(구로구청),뚝섬,5,3
20250513,대림(구로구청),뚝섬,6,8
20250513,대림(구로구청),뚝섬,7,19
20250513,대림(구로구청),뚝섬,8,29
20250513,대림(구로구청),뚝섬,9,11
20250513,대림(구로구청),뚝섬,10,7
20250513,대림(구로구청),뚝섬,12,2
20250513,대림(구로구청),뚝섬,13,6
20250513,대림(구로구청),뚝섬,14,2
20250513,대림(구로구청),뚝섬,15,5
20250513,대림(구로구청),뚝섬,16,3
20250513,대림(구로구청),뚝섬,17,4
20250513,대림(구로구청),뚝섬,18,7
20250513,대림(구로구청),문래,0,1
20250513,대림(구로구청),문래,5,15
20250513,대림(구로구청),문래,6,9
20250513,대림(구로구청),문래,7,45
20250513,대림(구로구청),문래,8,95
20250513,대림(구로구청),문래,9,74
20250513,대림(구로구청),문래,10,38
20250513,대림(구로구청),문래,11,27
20250513,대림(구로구청),문래,12,28
20250513,대림(구로구청),문래,13,29
20250513,대림(구로구청),문래,14,35
20250513,대림(구로구청),문래,15,16
20250513,대림(구로구청),문래,16,20
20250513,대림(구로구청),문래,17,19
20250513,대림(구로구청),문래,18,38
20250513,대림(구로구청),문래,19,5
20250513,대림(구로구청),문래,20,8
20250513,대림(구로구청),문래,21,7
20250513,대림(구로구청),문래,22,4
20250513,대림(구로구청),문래,23,3
20250513,대림(구로구청),방배,5,24
20250513,대림(구로구청),방배,6,14
20250513,대림(구로구청),방배,7,30
20250513,대림(구로구청),방배,8,55
20250513,대림(구로구청),방배,9,36
20250513,대림(구로구청),방배,10,11
20250513,대림(구로구청),방배,11,8
20250513,대림(구로구청),방배,12,9
20250513,대림(구로구청),방배,13,15
20250513,대림(구로구청),방배,14,7
20250513,대림(구로구청),방배,15,10
20250513,대림(구로구청),방배,16,4
20250513,대림(구로구청),방배,17,8
20250513,대림(구로구청),방배,18,3
20250513,대림(구로구청),방배,19,1
20250513,대림(구로구청),방배,20,4
20250513,대림(구로구청),방배,21,1
20250513,대림(구로구청),방배,22,1
20250513,대림(구로구청),방배,23,1
20250513,대림(구로구청),봉천,5,4
20250513,대림(구로구청),봉천,6,6
20250513,대림(구로구청),봉천,7,15
20250513,대림(구로구청),봉천,8,36
20250513,대림(구로구청),봉천,9,23
20250513,대림(구로구청),봉천,10,18
20250513,대림(구로구청),봉천,11,15
20250513,대림(구로구청),봉천,12,15
20250513,대림(구로구청),봉천,13,17
20250513,대림(구로구청),봉천,14,13
20250513,대림(구로구청),봉천,15,15
20250513,대림(구로구청),봉천,16,21
20250513,대림(구로구청),봉천,17,35
20250513,대림(구로구청),봉천,18,34
20250513,대림(구로구청),봉천,19,22
20250513,대림(구로구청),봉천,20,14
20250513,대림(구로구청),봉천,21,7
20250513,대림(구로구청),봉천,22,8
20250513,대림(구로구청),봉천,23,4
20250513,대림(구로구청),사당,4,1
20250513,대림(구로구청),사당,5,37
20250513,대림(구로구청),사당,6,20
20250513,대림(구로구청),사당,7,47
20250513,대림(구로구청),사당,8,47
20250513,대림(구로구청),사당,9,49
20250513,대림(구로구청),사당,10,31
20250513,대림(구로구청),사당,11,17
20250513,대림(구로구청),사당,12,19
20250513,대림(구로구청),사당,13,15
20250513,대림(구로구청),사당,14,16
20250513,대림(구로구청),사당,15,24
20250513,대림(구로구청),사당,16,28
20250513,대림(구로구청),사당,17,25
20250513,대림(구로구청),사당,18,36
20250513,대림(구로구청),사당,19,13
20250513,대림(구로구청),사당,20,10
20250513,대림(구로구청),사당,21,10
20250513,대림(구로구청),사당,22,6
20250513,대림(구로구청),사당,23,2
20250513,대림(구로구청),삼성(무역센터),4,2
20250513,대림(구로구청),삼성(무역센터),5,57
20250513,대림(구로구청),삼성(무역센터),6,48
20250513,대림(구로구청),삼성(무역센터),7,97
20250513,대림(구로구청),삼성(무역센터),8,131
20250513,대림(구로구청),삼성(무역센터),9,64
20250513,대림(구로구청),삼성(무역센터),10,24
20250513,대림(구로구청),삼성(무역센터),11,19
20250513,대림(구로구청),삼성(무역센터),12,15
20250513,대림(구로구청),삼성(무역센터),13,12
20250513,대림(구로구청),삼성(무역센터),14,11
20250513,대림(구로구청),삼성(무역센터),15,7
20250513,대림(구로구청),삼성(무역센터),16,4
20250513,대림(구로구청),삼성(무역센터),17,5
20250513,대림(구로구청),삼성(무역센터),18,9
20250513,대림(구로구청),삼성(무역센터),19,3
20250513,대림(구로구청),삼성(무역센터),20,2
20250513,대림(구로구청),삼성(무역센터),22,1
20250513,대림(구로구청),삼성(무역센터),23,1
20250513,대림(구로구청),상왕십리,4,1
20250513,대림(구로구청),상왕십리,5,3
20250513,대림(구로구청),상왕십리,6,3
20250513,대림(구로구청),상왕십리,7,11
20250513,대림(구로구청),상왕십리,8,5
20250513,대림(구로구청),상왕십리,9,3
20250513,대림(구로구청),상왕십리,10,1
20250513,대림(구로구청),상왕십리,12,4
20250513,대림(구로구청),상왕십리,13,2
20250513,대림(구로구청),상왕십리,14,1
20250513,대림(구로구청),상왕십리,15,2
20250513,대림(구로구청),상왕십리,16,5
20250513,대림(구로구청),상왕십리,17,8
20250513,대림(구로구청),상왕십리,18,6
20250513,대림(구로구청),상왕십리,19,2
20250513,대림(구로구청),상왕십리,20,1
20250513,대림(구로구청),상왕십리,21,2
20250513,대림(구로구청),상왕십리,22,2
20250513,대림(구로구청),상왕십리,23,1
20250513,대림(구로구청),서울대입구(관악구청),5,14
20250513,대림(구로구청),서울대입구(관악구청),6,18
20250513,대림(구로구청),서울대입구(관악구청),7,31
20250513,대림(구로구청),서울대입구(관악구청),8,41
20250513,대림(구로구청),서울대입구(관악구청),9,31
20250513,대림(구로구청),서울대입구(관악구청),10,30
20250513,대림(구로구청),서울대입구(관악구청),11,24
20250513,대림(구로구청),서울대입구(관악구청),12,15
20250513,대림(구로구청),서울대입구(관악구청),13,25
20250513,대림(구로구청),서울대입구(관악구청),14,21
20250513,대림(구로구청),서울대입구(관악구청),15,32
20250513,대림(구로구청),서울대입구(관악구청),16,34
20250513,대림(구로구청),서울대입구(관악구청),17,26
20250513,대림(구로구청),서울대입구(관악구청),18,51
20250513,대림(구로구청),서울대입구(관악구청),19,17
20250513,대림(구로구청),서울대입구(관악구청),20,14
20250513,대림(구로구청),서울대입구(관악구청),21,12
20250513,대림(구로구청),서울대입구(관악구청),22,6
20250513,대림(구로구청),서울대입구(관악구청),23,2
20250513,대림(구로구청),서초,4,1
20250513,대림(구로구청),서초,5,19
20250513,대림(구로구청),서초,6,18
20250513,대림(구로구청),서초,7,52
20250513,대림(구로구청),서초,8,79
20250513,대림(구로구청),서초,9,33
20250513,대림(구로구청),서초,10,7
20250513,대림(구로구청),서초,11,8
20250513,대림(구로구청),서초,12,14
20250513,대림(구로구청),서초,13,2
20250513,대림(구로구청),서초,14,3
20250513,대림(구로구청),서초,15,8
20250513,대림(구로구청),서초,16,4
20250513,대림(구로구청),서초,17,6
20250513,대림(구로구청),서초,18,7
20250513,대림(구로구청),서초,19,8
20250513,대림(구로구청),서초,20,1
20250513,대림(구로구청),서초,21,4
20250513,대림(구로구청),서초,22,1
20250513,대림(구로구청),서초,23,1
20250513,대림(구로구청),선릉,4,2
20250513,대림(구로구청),선릉,5,28
20250513,대림(구로구청),선릉,6,41
20250513,대림(구로구청),선릉,7,105
20250513,대림(구로구청),선릉,8,174
20250513,대림(구로구청),선릉,9,86
20250513,대림(구로구청),선릉,10,29
20250513,대림(구로구청),선릉,11,17
20250513,대림(구로구청),선릉,12,25
20250513,대림(구로구청),선릉,13,23
20250513,대림(구로구청),선릉,14,8
20250513,대림(구로구청),선릉,15,16
20250513,대림(구로구청),선릉,16,15
20250513,대림(구로구청),선릉,17,15
20250513,대림(구로구청),선릉,18,10
20250513,대림(구로구청),선릉,19,6
20250513,대림(구로구청),선릉,21,2
20250513,대림(구로구청),선릉,22,2
20250513,대림(구로구청),성수,4,1
20250513,대림(구로구청),성수,5,22
20250513,대림(구로구청),성수,6,9
20250513,대림(구로구청),성수,7,41
20250513,대림(구로구청),성수,8,29
20250513,대림(구로구청),성수,9,15
20250513,대림(구로구청),성수,10,7
20250513,대림(구로구청),성수,11,3
20250513,대림(구로구청),성수,12,3
20250513,대림(구로구청),성수,13,4
20250513,대림(구로구청),성수,14,1
20250513,대림(구로구청),성수,15,2
20250513,대림(구로구청),성수,16,3
20250513,대림(구로구청),성수,17,1
20250513,대림(구로구청),성수,18,1
20250513,대림(구로구청),성수,19,1
20250513,대림(구로구청),성수,20,2
20250513,대림(구로구청),시청,5,11
20250513,대림(구로구청),시청,6,13
20250513,대림(구로구청),시청,7,65
20250513,대림(구로구청),시청,8,107
20250513,대림(구로구청),시청,9,31
20250513,대림(구로구청),시청,10,17
20250513,대림(구로구청),시청,11,8
20250513,대림(구로구청),시청,12,10
20250513,대림(구로구청),시청,13,5
20250513,대림(구로구청),시청,14,8
20250513,대림(구로구청),시청,15,5
20250513,대림(구로구청),시청,16,2
20250513,대림(구로구청),시청,17,4
20250513,대림(구로구청),시청,18,4
20250513,대림(구로구청),시청,19,2
20250513,대림(구로구청),신당,5,2
20250513,대림(구로구청),신당,6,2
20250513,대림(구로구청),신당,7,7
20250513,대림(구로구청),신당,8,5
20250513,대림(구로구청),신당,9,7
20250513,대림(구로구청),신당,10,8
20250513,대림(구로구청),신당,11,4
20250513,대림(구로구청),신당,12,6
20250513,대림(구로구청),신당,13,4
20250513,대림(구로구청),신당,14,1
20250513,대림(구로구청),신당,15,3
20250513,대림(구로구청),신당,16,4
20250513,대림(구로구청),신당,17,4
20250513,대림(구로구청),신당,18,9
20250513,대림(구로구청),신당,19,3
20250513,대림(구로구청),신당,20,3
20250513,대림(구로구청),신당,21,3
20250513,대림(구로구청),신당,22,1
20250513,대림(구로구청),신대방,0,1
20250513,대림(구로구청),신대방,5,8
20250513,대림(구로구청),신대방,6,10
20250513,대림(구로구청),신대방,7,14
20250513,대림(구로구청),신대방,8,33
20250513,대림(구로구청),신대방,9,15
20250513,대림(구로구청),신대방,10,30
20250513,대림(구로구청),신대방,11,37
20250513,대림(구로구청),신대방,12,28
20250513,대림(구로구청),신대방,13,24
20250513,대림(구로구청),신대방,14,35
20250513,대림(구로구청),신대방,15,36
20250513,대림(구로구청),신대방,16,37
20250513,대림(구로구청),신대방,17,48
20250513,대림(구로구청),신대방,18,48
20250513,대림(구로구청),신대방,19,23
20250513,대림(구로구청),신대방,20,24
20250513,대림(구로구청),신대방,21,19
20250513,대림(구로구청),신대방,22,11
20250513,대림(구로구청),신대방,23,9
20250513,대림(구로구청),신도림,5,5
20250513,대림(구로구청),신도림,6,14
20250513,대림(구로구청),신도림,7,13
20250513,대림(구로구청),신도림,8,55
20250513,대림(구로구청),신도림,9,51
20250513,대림(구로구청),신도림,10,63
20250513,대림(구로구청),신도림,11,36
20250513,대림(구로구청),신도림,12,42
20250513,대림(구로구청),신도림,13,43
20250513,대림(구로구청),신도림,14,49
20250513,대림(구로구청),신도림,15,31
20250513,대림(구로구청),신도림,16,31
20250513,대림(구로구청),신도림,17,45
20250513,대림(구로구청),신도림,18,57
20250513,대림(구로구청),신도림,19,15
20250513,대림(구로구청),신도림,20,14
20250513,대림(구로구청),신도림,21,11
20250513,대림(구로구청),신도림,22,13
20250513,대림(구로구청),신도림,23,6
20250513,대림(구로구청),신림,0,2
20250513,대림(구로구청),신림,5,14
20250513,대림(구로구청),신림,6,23
20250513,대림(구로구청),신림,7,27
20250513,대림(구로구청),신림,8,45
20250513,대림(구로구청),신림,9,37
20250513,대림(구로구청),신림,10,35
20250513,대림(구로구청),신림,11,35
20250513,대림(구로구청),신림,12,32
20250513,대림(구로구청),신림,13,31
20250513,대림(구로구청),신림,14,34
20250513,대림(구로구청),신림,15,34
20250513,대림(구로구청),신림,16,56
20250513,대림(구로구청),신림,17,66
20250513,대림(구로구청),신림,18,81
20250513,대림(구로구청),신림,19,52
20250513,대림(구로구청),신림,20,37
20250513,대림(구로구청),신림,21,36
20250513,대림(구로구청),신림,22,17
20250513,대림(구로구청),신림,23,9
20250513,대림(구로구청),신촌,0,4
20250513,대림(구로구청),신촌,5,5
20250513,대림(구로구청),신촌,6,16
20250513,대림(구로구청),신촌,7,44
20250513,대림(구로구청),신촌,8,75
20250513,대림(구로구청),신촌,9,71
20250513,대림(구로구청),신촌,10,33
20250513,대림(구로구청),신촌,11,29
20250513,대림(구로구청),신촌,12,32
20250513,대림(구로구청),신촌,13,25
20250513,대림(구로구청),신촌,14,19
20250513,대림(구로구청),신촌,15,14
20250513,대림(구로구청),신촌,16,19
20250513,대림(구로구청),신촌,17,32
20250513,대림(구로구청),신촌,18,33
20250513,대림(구로구청),신촌,19,5
20250513,대림(구로구청),신촌,20,6
20250513,대림(구로구청),신촌,21,14
20250513,대림(구로구청),신촌,22,8
20250513,대림(구로구청),아현,5,6
20250513,대림(구로구청),아현,6,5
20250513,대림(구로구청),아현,7,19
20250513,대림(구로구청),아현,8,19
20250513,대림(구로구청),아현,9,5
20250513,대림(구로구청),아현,10,5
20250513,대림(구로구청),아현,11,3
20250513,대림(구로구청),아현,12,9
20250513,대림(구로구청),아현,13,8
20250513,대림(구로구청),아현,14,2
20250513,대림(구로구청),아현,15,6
20250513,대림(구로구청),아현,16,8
20250513,대림(구로구청),아현,17,6
20250513,대림(구로구청),아현,18,12
20250513,대림(구로구청),아현,19,1
20250513,대림(구로구청),아현,20,4
20250513,대림(구로구청),아현,21,5
20250513,대림(구로구청),아현,22,4
20250513,대림(구로구청),역삼,0,1
20250513,대림(구로구청),역삼,5,23
20250513,대림(구로구청),역삼,6,43
20250513,대림(구로구청),역삼,7,131
20250513,대림(구로구청),역삼,8,172
20250513,대림(구로구청),역삼,9,80
20250513,대림(구로구청),역삼,10,23
20250513,대림(구로구청),역삼,11,10
20250513,대림(구로구청),역삼,12,15
20250513,대림(구로구청),역삼,13,26
20250513,대림(구로구청),역삼,14,19
20250513,대림(구로구청),역삼,15,4
20250513,대림(구로구청),역삼,16,13
20250513,대림(구로구청),역삼,17,13
20250513,대림(구로구청),역삼,18,5
20250513,대림(구로구청),역삼,19,4
20250513,대림(구로구청),역삼,20,6
20250513,대림(구로구청),역삼,21,1
20250513,대림(구로구청),영등포구청,0,1
20250513,대림(구로구청),영등포구청,5,16
20250513,대림(구로구청),영등포구청,6,19
20250513,대림(구로구청),영등포구청,7,46
20250513,대림(구로구청),영등포구청,8,143
20250513,대림(구로구청),영등포구청,9,69
20250513,대림(구로구청),영등포구청,10,37
20250513,대림(구로구청),영등포구청,11,26
20250513,대림(구로구청),영등포구청,12,32
20250513,대림(구로구청),영등포구청,13,23
20250513,대림(구로구청),영등포구청,14,22
20250513,대림(구로구청),영등포구청,15,22
20250513,대림(구로구청),영등포구청,16,33
20250513,대림(구로구청),영등포구청,17,21
20250513,대림(구로구청),영등포구청,18,24
20250513,대림(구로구청),영등포구청,19,10
20250513,대림(구로구청),영등포구청,20,4
20250513,대림(구로구청),영등포구청,21,6
20250513,대림(구로구청),영등포구청,22,5
20250513,대림(구로구청),영등포구청,23,4
20250513,대림(구로구청),왕십리(성동구청),5,5
20250513,대림(구로구청),왕십리(성동구청),6,4
20250513,대림(구로구청),왕십리(성동구청),7,6
20250513,대림(구로구청),왕십리(성동구청),8,3
20250513,대림(구로구청),왕십리(성동구청),9,3
20250513,대림(구로구청),왕십리(성동구청),10,2
20250513,대림(구로구청),왕십리(성동구청),11,4
20250513,대림(구로구청),왕십리(성동구청),12,2
20250513,대림(구로구청),왕십리(성동구청),13,1
20250513,대림(구로구청),왕십리(성동구청),14,1
20250513,대림(구로구청),왕십리(성동구청),15,3
20250513,대림(구로구청),왕십리(성동구청),16,1
20250513,대림(구로구청),왕십리(성동구청),17,6
20250513,대림(구로구청),왕십리(성동구청),18,7
20250513,대림(구로구청),왕십리(성동구청),19,4
20250513,대림(구로구청),왕십리(성동구청),20,1
20250513,대림(구로구청),왕십리(성동구청),22,2
20250513,대림(구로구청),용두(동대문구청),8,2
20250513,대림(구로구청),용두(동대문구청),15,1
20250513,대림(구로구청),을지로3가,5,14
20250513,대림(구로구청),을지로3가,6,18
20250513,대림(구로구청),을지로3가,7,38
20250513,대림(구로구청),을지로3가,8,53
20250513,대림(구로구청),을지로3가,9,16
20250513,대림(구로구청),을지로3가,10,3
20250513,대림(구로구청),을지로3가,11,4
20250513,대림(구로구청),을지로3가,12,6
20250513,대림(구로구청),을지로3가,13,10
20250513,대림(구로구청),을지로3가,14,2
20250513,대림(구로구청),을지로3가,16,3
20250513,대림(구로구청),을지로3가,17,9
20250513,대림(구로구청),을지로3가,18,4
20250513,대림(구로구청),을지로3가,22,1
20250513,대림(구로구청),을지로4가,4,1
20250513,대림(구로구청),을지로4가,5,8
20250513,대림(구로구청),을지로4가,6,5
20250513,대림(구로구청),을지로4가,7,38
20250513,대림(구로구청),을지로4가,8,29
20250513,대림(구로구청),을지로4가,9,8
20250513,대림(구로구청),을지로4가,10,6
20250513,대림(구로구청),을지로4가,11,3
20250513,대림(구로구청),을지로4가,12,12
20250513,대림(구로구청),을지로4가,13,2
20250513,대림(구로구청),을지로4가,14,5
20250513,대림(구로구청),을지로4가,15,4
20250513,대림(구로구청),을지로4가,16,5
20250513,대림(구로구청),을지로4가,17,1
20250513,대림(구로구청),을지로4가,18,4
20250513,대림(구로구청),을지로4가,20,2
20250513,대림(구로구청),을지로4가,23,1
20250513,대림(구로구청),을지로입구,5,15
20250513,대림(구로구청),을지로입구,6,25
20250513,대림(구로구청),을지로입구,7,90
20250513,대림(구로구청),을지로입구,8,139
20250513,대림(구로구청),을지로입구,9,90
20250513,대림(구로구청),을지로입구,10,51
20250513,대림(구로구청),을지로입구,11,25
20250513,대림(구로구청),을지로입구,12,23
20250513,대림(구로구청),을지로입구,13,18
20250513,대림(구로구청),을지로입구,14,14
20250513,대림(구로구청),을지로입구,15,9
20250513,대림(구로구청),을지로입구,16,4
20250513,대림(구로구청),을지로입구,17,13
20250513,대림(구로구청),을지로입구,18,5
20250513,대림(구로구청),을지로입구,19,4
20250513,대림(구로구청),을지로입구,20,3
20250513,대림(구로구청),을지로입구,22,1
20250513,대림(구로구청),이대,5,2
20250513,대림(구로구청),이대,6,3
20250513,대림(구로구청),이대,7,12
20250513,대림(구로구청),이대,8,18
20250513,대림(구로구청),이대,9,10
20250513,대림(구로구청),이대,10,10
20250513,대림(구로구청),이대,11,3
20250513,대림(구로구청),이대,12,10
20250513,대림(구로구청),이대,13,7
20250513,대림(구로구청),이대,14,5
20250513,대림(구로구청),이대,15,2
20250513,대림(구로구청),이대,16,6
20250513,대림(구로구청),이대,17,9
20250513,대림(구로구청),이대,18,17
20250513,대림(구로구청),이대,19,4
20250513,대림(구로구청),이대,20,6
20250513,대림(구로구청),이대,21,5
20250513,대림(구로구청),이대,22,1
20250513,대림(구로구청),이대,23,1
20250513,대림(구로구청),잠실(송파구청),4,1
20250513,대림(구로구청),잠실(송파구청),5,21
20250513,대림(구로구청),잠실(송파구청),6,34
20250513,대림(구로구청),잠실(송파구청),7,55
20250513,대림(구로구청),잠실(송파구청),8,48
20250513,대림(구로구청),잠실(송파구청),9,35
20250513,대림(구로구청),잠실(송파구청),10,28
20250513,대림(구로구청),잠실(송파구청),11,20
20250513,대림(구로구청),잠실(송파구청),12,18
20250513,대림(구로구청),잠실(송파구청),13,20
20250513,대림(구로구청),잠실(송파구청),14,9
20250513,대림(구로구청),잠실(송파구청),15,13
20250513,대림(구로구청),잠실(송파구청),16,17
20250513,대림(구로구청),잠실(송파구청),17,25
20250513,대림(구로구청),잠실(송파구청),18,21
20250513,대림(구로구청),잠실(송파구청),19,16
20250513,대림(구로구청),잠실(송파구청),20,10
20250513,대림(구로구청),잠실(송파구청),21,5
20250513,대림(구로구청),잠실(송파구청),22,8
20250513,대림(구로구청),잠실(송파구청),23,1
20250513,대림(구로구청),잠실나루,5,23
20250513,대림(구로구청),잠실나루,6,3
20250513,대림(구로구청),잠실나루,7,6
20250513,대림(구로구청),잠실나루,8,4
20250513,대림(구로구청),잠실나루,9,5
20250513,대림(구로구청),잠실나루,10,1
20250513,대림(구로구청),잠실나루,11,4
20250513,대림(구로구청),잠실나루,12,4
20250513,대림(구로구청),잠실나루,13,1
20250513,대림(구로구청),잠실나루,14,4
20250513,대림(구로구청),잠실나루,15,6
20250513,대림(구로구청),잠실나루,16,1
20250513,대림(구로구청),잠실나루,17,5
20250513,대림(구로구청),잠실나루,18,2
20250513,대림(구로구청),잠실나루,19,2
20250513,대림(구로구청),잠실나루,21,1
20250513,대림(구로구청),잠실나루,22,1
20250513,대림(구로구청),잠실새내,5,6
20250513,대림(구로구청),잠실새내,6,2
20250513,대림(구로구청),잠실새내,7,5
20250513,대림(구로구청),잠실새내,8,6
20250513,대림(구로구청),잠실새내,9,3
20250513,대림(구로구청),잠실새내,10,5
20250513,대림(구로구청),잠실새내,11,3
20250513,대림(구로구청),잠실새내,12,4
20250513,대림(구로구청),잠실새내,13,4
20250513,대림(구로구청),잠실새내,14,4
20250513,대림(구로구청),잠실새내,15,3
20250513,대림(구로구청),잠실새내,16,10
20250513,대림(구로구청),잠실새내,17,10
20250513,대림(구로구청),잠실새내,18,10
20250513,대림(구로구청),잠실새내,19,5
20250513,대림(구로구청),잠실새내,20,5
20250513,대림(구로구청),잠실새내,21,2
20250513,대림(구로구청),잠실새내,22,1
20250513,대림(구로구청),종합운동장,4,1
20250513,대림(구로구청),종합운동장,5,33
20250513,대림(구로구청),종합운동장,6,6
20250513,대림(구로구청),종합운동장,7,8
20250513,대림(구로구청),종합운동장,8,1
20250513,대림(구로구청),종합운동장,9,6
20250513,대림(구로구청),종합운동장,10,2
20250513,대림(구로구청),종합운동장,11,1
20250513,대림(구로구청),종합운동장,12,3
20250513,대림(구로구청),종합운동장,13,1
20250513,대림(구로구청),종합운동장,14,5
20250513,대림(구로구청),종합운동장,15,1
20250513,대림(구로구청),종합운동장,16,13
20250513,대림(구로구청),종합운동장,17,19
20250513,대림(구로구청),종합운동장,18,5
20250513,대림(구로구청),종합운동장,19,4
20250513,대림(구로구청),종합운동장,20,3
20250513,대림(구로구청),종합운동장,21,2
20250513,대림(구로구청),충정로(경기대입구),5,1
20250513,대림(구로구청),충정로(경기대입구),6,4
20250513,대림(구로구청),충정로(경기대입구),7,25
20250513,대림(구로구청),충정로(경기대입구),8,38
20250513,대림(구로구청),충정로(경기대입구),9,10
20250513,대림(구로구청),충정로(경기대입구),10,3
20250513,대림(구로구청),충정로(경기대입구),11,1
20250513,대림(구로구청),충정로(경기대입구),12,5
20250513,대림(구로구청),충정로(경기대입구),13,7
20250513,대림(구로구청),충정로(경기대입구),14,3
20250513,대림(구로구청),충정로(경기대입구),15,2
20250513,대림(구로구청),충정로(경기대입구),16,3
20250513,대림(구로구청),충정로(경기대입구),17,2
20250513,대림(구로구청),충정로(경기대입구),18,5
20250513,대림(구로구청),충정로(경기대입구),20,3
20250513,대림(구로구청),충정로(경기대입구),22,2
20250513,대림(구로구청),한양대,5,4
20250513,대림(구로구청),한양대,6,3
20250513,대림(구로구청),한양대,7,10
20250513,대림(구로구청),한양대,8,16
20250513,대림(구로구청),한양대,9,7
20250513,대림(구로구청),한양대,10,7
20250513,대림(구로구청),한양대,11,5
20250513,대림(구로구청),한양대,12,6
20250513,대림(구로구청),한양대,13,2
20250513,대림(구로구청),한양대,14,6
20250513,대림(구로구청),한양대,17,3
20250513,대림(구로구청),한양대,20,2
20250513,대림(구로구청),합정,0,1
20250513,대림(구로구청),합정,5,11
20250513,대림(구로구청),합정,6,13
20250513,대림(구로구청),합정,7,39
20250513,대림(구로구청),합정,8,84
20250513,대림(구로구청),합정,9,57
20250513,대림(구로구청),합정,10,27
20250513,대림(구로구청),합정,11,17
20250513,대림(구로구청),합정,12,19
20250513,대림(구로구청),합정,13,16
20250513,대림(구로구청),합정,14,12
20250513,대림(구로구청),합정,15,19
20250513,대림(구로구청),합정,16,19
20250513,대림(구로구청),합정,17,20
20250513,대림(구로구청),합정,18,49
20250513,대림(구로구청),합정,19,10
20250513,대림(구로구청),합정,20,8
20250513,대림(구로구청),합정,21,3
20250513,대림(구로구청),합정,22,4
20250513,대림(구로구청),합정,23,3
20250513,대림(구로구청),홍대입구,0,3
20250513,대림(구로구청),홍대입구,5,8
20250513,대림(구로구청),홍대입구,6,11
20250513,대림(구로구청),홍대입구,7,44
20250513,대림(구로구청),홍대입구,8,69
20250513,대림(구로구청),홍대입구,9,102
20250513,대림(구로구청),홍대입구,10,48
20250513,대림(구로구청),홍대입구,11,25
20250513,대림(구로구청),홍대입구,12,27
20250513,대림(구로구청),홍대입구,13,28
20250513,대림(구로구청),홍대입구,14,19
20250513,대림(구로구청),홍대입구,15,31
20250513,대림(구로구청),홍대입구,16,26
20250513,대림(구로구청),홍대입구,17,49
20250513,대림(구로구청),홍대입구,18,66
20250513,대림(구로구청),홍대입구,19,20
20250513,대림(구로구청),홍대입구,20,14
20250513,대림(구로구청),홍대입구,21,9
20250513,대림(구로구청),홍대입구,22,9
20250513,대림(구로구청),홍대입구,23,5
20250513,동대문역사문화공원,강남,7,6
20250513,동대문역사문화공원,강남,9,9
20250513,동대문역사문화공원,강남,10,16
20250513,동대문역사문화공원,강남,11,6
20250513,동대문역사문화공원,강남,12,1
20250513,동대문역사문화공원,강남,13,7
20250513,동대문역사문화공원,강남,14,4
20250513,동대문역사문화공원,강남,15,14
20250513,동대문역사문화공원,강남,16,16
20250513,동대문역사문화공원,강남,17,8
20250513,동대문역사문화공원,강남,18,2
20250513,동대문역사문화공원,강남,19,2
20250513,동대문역사문화공원,강남,20,3
20250513,동대문역사문화공원,강남,21,4
20250513,동대문역사문화공원,강남,22,1
20250513,동대문역사문화공원,강남,23,2
20250513,동대문역사문화공원,강변(동서울터미널),0,3
20250513,동대문역사문화공원,강변(동서울터미널),5,4
20250513,동대문역사문화공원,강변(동서울터미널),6,4
20250513,동대문역사문화공원,강변(동서울터미널),7,2
20250513,동대문역사문화공원,강변(동서울터미널),8,4
20250513,동대문역사문화공원,강변(동서울터미널),9,5
20250513,동대문역사문화공원,강변(동서울터미널),10,7
20250513,동대문역사문화공원,강변(동서울터미널),11,9
20250513,동대문역사문화공원,강변(동서울터미널),12,13
20250513,동대문역사문화공원,강변(동서울터미널),13,10
20250513,동대문역사문화공원,강변(동서울터미널),14,18
20250513,동대문역사문화공원,강변(동서울터미널),15,31
20250513,동대문역사문화공원,강변(동서울터미널),16,19
20250513,동대문역사문화공원,강변(동서울터미널),17,27
20250513,동대문역사문화공원,강변(동서울터미널),18,25
20250513,동대문역사문화공원,강변(동서울터미널),19,14
20250513,동대문역사문화공원,강변(동서울터미널),20,7
20250513,동대문역사문화공원,강변(동서울터미널),21,6
20250513,동대문역사문화공원,강변(동서울터미널),22,8
20250513,동대문역사문화공원,강변(동서울터미널),23,1
20250513,동대문역사문화공원,건대입구,0,4
20250513,동대문역사문화공원,건대입구,5,8
20250513,동대문역사문화공원,건대입구,6,2
20250513,동대문역사문화공원,건대입구,7,2
20250513,동대문역사문화공원,건대입구,8,6
20250513,동대문역사문화공원,건대입구,9,13
20250513,동대문역사문화공원,건대입구,10,13
20250513,동대문역사문화공원,건대입구,11,26
20250513,동대문역사문화공원,건대입구,12,15
20250513,동대문역사문화공원,건대입구,13,21
20250513,동대문역사문화공원,건대입구,14,31
20250513,동대문역사문화공원,건대입구,15,28
20250513,동대문역사문화공원,건대입구,16,45
20250513,동대문역사문화공원,건대입구,17,64
20250513,동대문역사문화공원,건대입구,18,76
20250513,동대문역사문화공원,건대입구,19,48
20250513,동대문역사문화공원,건대입구,20,21
20250513,동대문역사문화공원,건대입구,21,41
20250513,동대문역사문화공원,건대입구,22,22
20250513,동대문역사문화공원,건대입구,23,18
20250513,동대문역사문화공원,교대(법원.검찰청),8,2
20250513,동대문역사문화공원,교대(법원.검찰청),9,1
20250513,동대문역사문화공원,교대(법원.검찰청),11,1
20250513,동대문역사문화공원,교대(법원.검찰청),14,2
20250513,동대문역사문화공원,교대(법원.검찰청),15,1
20250513,동대문역사문화공원,교대(법원.검찰청),16,2
20250513,동대문역사문화공원,교대(법원.검찰청),17,1
20250513,동대문역사문화공원,교대(법원.검찰청),20,1
20250513,동대문역사문화공원,교대(법원.검찰청),21,1
20250513,동대문역사문화공원,구로디지털단지,5,13
20250513,동대문역사문화공원,구로디지털단지,6,9
20250513,동대문역사문화공원,구로디지털단지,7,12
20250513,동대문역사문화공원,구로디지털단지,8,6
20250513,동대문역사문화공원,구로디지털단지,9,8
20250513,동대문역사문화공원,구로디지털단지,10,4
20250513,동대문역사문화공원,구로디지털단지,11,7
20250513,동대문역사문화공원,구로디지털단지,12,7
20250513,동대문역사문화공원,구로디지털단지,13,7
20250513,동대문역사문화공원,구로디지털단지,14,23
20250513,동대문역사문화공원,구로디지털단지,15,16
20250513,동대문역사문화공원,구로디지털단지,16,20
20250513,동대문역사문화공원,구로디지털단지,17,32
20250513,동대문역사문화공원,구로디지털단지,18,43
20250513,동대문역사문화공원,구로디지털단지,19,21
20250513,동대문역사문화공원,구로디지털단지,20,15
20250513,동대문역사문화공원,구로디지털단지,21,38
20250513,동대문역사문화공원,구로디지털단지,22,7
20250513,동대문역사문화공원,구로디지털단지,23,12
20250513,동대문역사문화공원,구의(광진구청),0,2
20250513,동대문역사문화공원,구의(광진구청),4,1
20250513,동대문역사문화공원,구의(광진구청),5,4
20250513,동대문역사문화공원,구의(광진구청),6,5
20250513,동대문역사문화공원,구의(광진구청),7,4
20250513,동대문역사문화공원,구의(광진구청),8,7
20250513,동대문역사문화공원,구의(광진구청),9,5
20250513,동대문역사문화공원,구의(광진구청),10,3
20250513,동대문역사문화공원,구의(광진구청),11,12
20250513,동대문역사문화공원,구의(광진구청),12,13
20250513,동대문역사문화공원,구의(광진구청),13,12
20250513,동대문역사문화공원,구의(광진구청),14,11
20250513,동대문역사문화공원,구의(광진구청),15,24
20250513,동대문역사문화공원,구의(광진구청),16,27
20250513,동대문역사문화공원,구의(광진구청),17,39
20250513,동대문역사문화공원,구의(광진구청),18,48
20250513,동대문역사문화공원,구의(광진구청),19,25
20250513,동대문역사문화공원,구의(광진구청),20,23
20250513,동대문역사문화공원,구의(광진구청),21,26
20250513,동대문역사문화공원,구의(광진구청),22,20
20250513,동대문역사문화공원,구의(광진구청),23,11
20250513,동대문역사문화공원,낙성대,8,1
20250513,동대문역사문화공원,낙성대,13,2
20250513,동대문역사문화공원,낙성대,14,1
20250513,동대문역사문화공원,낙성대,15,2
20250513,동대문역사문화공원,낙성대,16,5
20250513,동대문역사문화공원,낙성대,17,2
20250513,동대문역사문화공원,낙성대,18,2
20250513,동대문역사문화공원,낙성대,19,5
20250513,동대문역사문화공원,낙성대,20,2
20250513,동대문역사문화공원,낙성대,22,1
20250513,동대문역사문화공원,낙성대,23,2
20250513,동대문역사문화공원,당산,5,4
20250513,동대문역사문화공원,당산,6,3
20250513,동대문역사문화공원,당산,7,4
20250513,동대문역사문화공원,당산,8,3
20250513,동대문역사문화공원,당산,9,5
20250513,동대문역사문화공원,당산,10,2
20250513,동대문역사문화공원,당산,11,6
20250513,동대문역사문화공원,당산,12,6
20250513,동대문역사문화공원,당산,13,5
20250513,동대문역사문화공원,당산,14,10
20250513,동대문역사문화공원,당산,15,13
20250513,동대문역사문화공원,당산,16,11
20250513,동대문역사문화공원,당산,17,23
20250513,동대문역사문화공원,당산,18,19
20250513,동대문역사문화공원,당산,19,12
20250513,동대문역사문화공원,당산,20,20
20250513,동대문역사문화공원,당산,21,20
20250513,동대문역사문화공원,당산,22,7
20250513,동대문역사문화공원,당산,23,4
20250513,동대문역사문화공원,대림(구로구청),4,1
20250513,동대문역사문화공원,대림(구로구청),5,5
20250513,동대문역사문화공원,대림(구로구청),6,4
20250513,동대문역사문화공원,대림(구로구청),7,2
20250513,동대문역사문화공원,대림(구로구청),8,3
20250513,동대문역사문화공원,대림(구로구청),9,2
20250513,동대문역사문화공원,대림(구로구청),10,3
20250513,동대문역사문화공원,대림(구로구청),11,2
20250513,동대문역사문화공원,대림(구로구청),12,5
20250513,동대문역사문화공원,대림(구로구청),13,9
20250513,동대문역사문화공원,대림(구로구청),14,9
20250513,동대문역사문화공원,대림(구로구청),15,19
20250513,동대문역사문화공원,대림(구로구청),16,15
20250513,동대문역사문화공원,대림(구로구청),17,19
20250513,동대문역사문화공원,대림(구로구청),18,19
20250513,동대문역사문화공원,대림(구로구청),19,13
20250513,동대문역사문화공원,대림(구로구청),20,15
20250513,동대문역사문화공원,대림(구로구청),21,13
20250513,동대문역사문화공원,대림(구로구청),22,12
20250513,동대문역사문화공원,대림(구로구청),23,2
20250513,동대문역사문화공원,동대문역사문화공원,0,3
20250513,동대문역사문화공원,동대문역사문화공원,4,2
20250513,동대문역사문화공원,동대문역사문화공원,5,4
20250513,동대문역사문화공원,동대문역사문화공원,6,2
20250513,동대문역사문화공원,동대문역사문화공원,7,3
20250513,동대문역사문화공원,동대문역사문화공원,8,9
20250513,동대문역사문화공원,동대문역사문화공원,9,11
20250513,동대문역사문화공원,동대문역사문화공원,10,11
20250513,동대문역사문화공원,동대문역사문화공원,11,12
20250513,동대문역사문화공원,동대문역사문화공원,12,11
20250513,동대문역사문화공원,동대문역사문화공원,13,24
20250513,동대문역사문화공원,동대문역사문화공원,14,23
20250513,동대문역사문화공원,동대문역사문화공원,15,21
20250513,동대문역사문화공원,동대문역사문화공원,16,23
20250513,동대문역사문화공원,동대문역사문화공원,17,9
20250513,동대문역사문화공원,동대문역사문화공원,18,12
20250513,동대문역사문화공원,동대문역사문화공원,19,10
20250513,동대문역사문화공원,동대문역사문화공원,20,12
20250513,동대문역사문화공원,동대문역사문화공원,21,16
20250513,동대문역사문화공원,동대문역사문화공원,22,9
20250513,동대문역사문화공원,동대문역사문화공원,23,8
20250513,동대문역사문화공원,뚝섬,0,1
20250513,동대문역사문화공원,뚝섬,6,3
20250513,동대문역사문화공원,뚝섬,7,6
20250513,동대문역사문화공원,뚝섬,8,22
20250513,동대문역사문화공원,뚝섬,9,13
20250513,동대문역사문화공원,뚝섬,10,19
20250513,동대문역사문화공원,뚝섬,11,21
20250513,동대문역사문화공원,뚝섬,12,13
20250513,동대문역사문화공원,뚝섬,13,28
20250513,동대문역사문화공원,뚝섬,14,26
20250513,동대문역사문화공원,뚝섬,15,24
20250513,동대문역사문화공원,뚝섬,16,38
20250513,동대문역사문화공원,뚝섬,17,19
20250513,동대문역사문화공원,뚝섬,18,29
20250513,동대문역사문화공원,뚝섬,19,15
20250513,동대문역사문화공원,뚝섬,20,11
20250513,동대문역사문화공원,뚝섬,21,15
20250513,동대문역사문화공원,뚝섬,22,6
20250513,동대문역사문화공원,뚝섬,23,3
20250513,동대문역사문화공원,문래,5,1
20250513,동대문역사문화공원,문래,6,1
20250513,동대문역사문화공원,문래,7,4
20250513,동대문역사문화공원,문래,8,3
20250513,동대문역사문화공원,문래,9,2
20250513,동대문역사문화공원,문래,10,2
20250513,동대문역사문화공원,문래,11,3
20250513,동대문역사문화공원,문래,12,3
20250513,동대문역사문화공원,문래,13,4
20250513,동대문역사문화공원,문래,14,3
20250513,동대문역사문화공원,문래,15,7
20250513,동대문역사문화공원,문래,16,11
20250513,동대문역사문화공원,문래,17,11
20250513,동대문역사문화공원,문래,18,7
20250513,동대문역사문화공원,문래,19,3
20250513,동대문역사문화공원,문래,20,2
20250513,동대문역사문화공원,문래,21,3
20250513,동대문역사문화공원,문래,22,1
20250513,동대문역사문화공원,문래,23,2
20250513,동대문역사문화공원,방배,12,1
20250513,동대문역사문화공원,방배,13,1
20250513,동대문역사문화공원,방배,15,1
20250513,동대문역사문화공원,방배,16,1
20250513,동대문역사문화공원,방배,20,1
20250513,동대문역사문화공원,봉천,5,1
20250513,동대문역사문화공원,봉천,6,1
20250513,동대문역사문화공원,봉천,10,1
20250513,동대문역사문화공원,봉천,11,3
20250513,동대문역사문화공원,봉천,12,1
20250513,동대문역사문화공원,봉천,13,3
20250513,동대문역사문화공원,봉천,14,3
20250513,동대문역사문화공원,봉천,15,5
20250513,동대문역사문화공원,봉천,16,4
20250513,동대문역사문화공원,봉천,17,6
20250513,동대문역사문화공원,봉천,18,11
20250513,동대문역사문화공원,봉천,19,5
20250513,동대문역사문화공원,봉천,20,9
20250513,동대문역사문화공원,봉천,21,8
20250513,동대문역사문화공원,봉천,22,1
20250513,동대문역사문화공원,봉천,23,3
20250513,동대문역사문화공원,사당,0,1
20250513,동대문역사문화공원,사당,5,2
20250513,동대문역사문화공원,사당,8,2
20250513,동대문역사문화공원,사당,9,1
20250513,동대문역사문화공원,사당,12,1
20250513,동대문역사문화공원,사당,13,1
20250513,동대문역사문화공원,사당,16,1
20250513,동대문역사문화공원,사당,17,3
20250513,동대문역사문화공원,사당,19,4
20250513,동대문역사문화공원,사당,20,1
20250513,동대문역사문화공원,사당,21,4
20250513,동대문역사문화공원,삼성(무역센터),5,3
20250513,동대문역사문화공원,삼성(무역센터),6,4
20250513,동대문역사문화공원,삼성(무역센터),7,3
20250513,동대문역사문화공원,삼성(무역센터),8,9
20250513,동대문역사문화공원,삼성(무역센터),9,9
20250513,동대문역사문화공원,삼성(무역센터),10,18
20250513,동대문역사문화공원,삼성(무역센터),11,10
20250513,동대문역사문화공원,삼성(무역센터),12,17
20250513,동대문역사문화공원,삼성(무역센터),13,36
20250513,동대문역사문화공원,삼성(무역센터),14,8
20250513,동대문역사문화공원,삼성(무역센터),15,26
20250513,동대문역사문화공원,삼성(무역센터),16,24
20250513,동대문역사문화공원,삼성(무역센터),17,8
20250513,동대문역사문화공원,삼성(무역센터),18,8
20250513,동대문역사문화공원,삼성(무역센터),19,4
20250513,동대문역사문화공원,삼성(무역센터),20,3
20250513,동대문역사문화공원,삼성(무역센터),21,3
20250513,동대문역사문화공원,상왕십리,0,4
20250513,동대문역사문화공원,상왕십리,5,1
20250513,동대문역사문화공원,상왕십리,6,4
20250513,동대문역사문화공원,상왕십리,7,1
20250513,동대문역사문화공원,상왕십리,8,3
20250513,동대문역사문화공원,상왕십리,9,6
20250513,동대문역사문화공원,상왕십리,10,10
20250513,동대문역사문화공원,상왕십리,11,9
20250513,동대문역사문화공원,상왕십리,12,8
20250513,동대문역사문화공원,상왕십리,13,7
20250513,동대문역사문화공원,상왕십리,14,19
20250513,동대문역사문화공원,상왕십리,15,20
20250513,동대문역사문화공원,상왕십리,16,32
20250513,동대문역사문화공원,상왕십리,17,33
20250513,동대문역사문화공원,상왕십리,18,49
20250513,동대문역사문화공원,상왕십리,19,26
20250513,동대문역사문화공원,상왕십리,20,9
20250513,동대문역사문화공원,상왕십리,21,19
20250513,동대문역사문화공원,상왕십리,22,6
20250513,동대문역사문화공원,상왕십리,23,5
20250513,동대문역사문화공원,서울대입구(관악구청),5,1
20250513,동대문역사문화공원,서울대입구(관악구청),9,3
20250513,동대문역사문화공원,서울대입구(관악구청),10,1
20250513,동대문역사문화공원,서울대입구(관악구청),11,1
20250513,동대문역사문화공원,서울대입구(관악구청),12,1
20250513,동대문역사문화공원,서울대입구(관악구청),13,5
20250513,동대문역사문화공원,서울대입구(관악구청),14,3
20250513,동대문역사문화공원,서울대입구(관악구청),16,3
20250513,동대문역사문화공원,서울대입구(관악구청),17,7
20250513,동대문역사문화공원,서울대입구(관악구청),18,6
20250513,동대문역사문화공원,서울대입구(관악구청),19,7
20250513,동대문역사문화공원,서울대입구(관악구청),20,6
20250513,동대문역사문화공원,서울대입구(관악구청),21,2
20250513,동대문역사문화공원,서울대입구(관악구청),22,2
20250513,동대문역사문화공원,서울대입구(관악구청),23,2
20250513,동대문역사문화공원,서초,8,1
20250513,동대문역사문화공원,서초,11,3
20250513,동대문역사문화공원,서초,12,1
20250513,동대문역사문화공원,서초,17,1
20250513,동대문역사문화공원,서초,18,1
20250513,동대문역사문화공원,서초,21,1
20250513,동대문역사문화공원,선릉,5,3
20250513,동대문역사문화공원,선릉,6,3
20250513,동대문역사문화공원,선릉,7,7
20250513,동대문역사문화공원,선릉,8,2
20250513,동대문역사문화공원,선릉,9,8
20250513,동대문역사문화공원,선릉,10,3
20250513,동대문역사문화공원,선릉,11,3
20250513,동대문역사문화공원,선릉,12,3
20250513,동대문역사문화공원,선릉,13,7
20250513,동대문역사문화공원,선릉,14,3
20250513,동대문역사문화공원,선릉,15,6
20250513,동대문역사문화공원,선릉,16,2
20250513,동대문역사문화공원,선릉,17,5
20250513,동대문역사문화공원,선릉,18,5
20250513,동대문역사문화공원,선릉,20,1
20250513,동대문역사문화공원,선릉,21,4
20250513,동대문역사문화공원,선릉,22,1
20250513,동대문역사문화공원,성수,5,6
20250513,동대문역사문화공원,성수,6,4
20250513,동대문역사문화공원,성수,7,10
20250513,동대문역사문화공원,성수,8,30
20250513,동대문역사문화공원,성수,9,56
20250513,동대문역사문화공원,성수,10,53
20250513,동대문역사문화공원,성수,11,55
20250513,동대문역사문화공원,성수,12,57
20250513,동대문역사문화공원,성수,13,58
20250513,동대문역사문화공원,성수,14,57
20250513,동대문역사문화공원,성수,15,56
20250513,동대문역사문화공원,성수,16,55
20250513,동대문역사문화공원,성수,17,53
20250513,동대문역사문화공원,성수,18,41
20250513,동대문역사문화공원,성수,19,23
20250513,동대문역사문화공원,성수,20,13
20250513,동대문역사문화공원,성수,21,16
20250513,동대문역사문화공원,성수,22,5
20250513,동대문역사문화공원,성수,23,3
20250513,동대문역사문화공원,시청,0,2
20250513,동대문역사문화공원,시청,5,4
20250513,동대문역사문화공원,시청,6,1
20250513,동대문역사문화공원,시청,7,5
20250513,동대문역사문화공원,시청,8,21
20250513,동대문역사문화공원,시청,9,17
20250513,동대문역사문화공원,시청,10,7
20250513,동대문역사문화공원,시청,11,9
20250513,동대문역사문화공원,시청,12,13
20250513,동대문역사문화공원,시청,13,14
20250513,동대문역사문화공원,시청,14,11
20250513,동대문역사문화공원,시청,15,19
20250513,동대문역사문화공원,시청,16,9
20250513,동대문역사문화공원,시청,17,24
20250513,동대문역사문화공원,시청,18,15
20250513,동대문역사문화공원,시청,19,13
20250513,동대문역사문화공원,시청,20,8
20250513,동대문역사문화공원,시청,21,6
20250513,동대문역사문화공원,시청,22,9
20250513,동대문역사문화공원,시청,23,7
20250513,동대문역사문화공원,신당,0,1
20250513,동대문역사문화공원,신당,5,1
20250513,동대문역사문화공원,신당,7,1
20250513,동대문역사문화공원,신당,8,8
20250513,동대문역사문화공원,신당,9,15
20250513,동대문역사문화공원,신당,10,13
20250513,동대문역사문화공원,신당,11,10
20250513,동대문역사문화공원,신당,12,21
20250513,동대문역사문화공원,신당,13,32
20250513,동대문역사문화공원,신당,14,23
20250513,동대문역사문화공원,신당,15,28
20250513,동대문역사문화공원,신당,16,30
20250513,동대문역사문화공원,신당,17,31
20250513,동대문역사문화공원,신당,18,32
20250513,동대문역사문화공원,신당,19,30
20250513,동대문역사문화공원,신당,20,17
20250513,동대문역사문화공원,신당,21,15
20250513,동대문역사문화공원,신당,22,5
20250513,동대문역사문화공원,신당,23,5
20250513,동대문역사문화공원,신대방,5,5
20250513,동대문역사문화공원,신대방,8,3
20250513,동대문역사문화공원,신대방,9,2
20250513,동대문역사문화공원,신대방,10,1
20250513,동대문역사문화공원,신대방,11,2
20250513,동대문역사문화공원,신대방,12,3
20250513,동대문역사문화공원,신대방,13,2
20250513,동대문역사문화공원,신대방,14,4
20250513,동대문역사문화공원,신대방,15,4
20250513,동대문역사문화공원,신대방,16,8
20250513,동대문역사문화공원,신대방,17,20
20250513,동대문역사문화공원,신대방,18,18
20250513,동대문역사문화공원,신대방,19,13
20250513,동대문역사문화공원,신대방,20,15
20250513,동대문역사문화공원,신대방,21,15
20250513,동대문역사문화공원,신대방,22,4
20250513,동대문역사문화공원,신대방,23,5
20250513,동대문역사문화공원,신도림,0,6
20250513,동대문역사문화공원,신도림,5,4
20250513,동대문역사문화공원,신도림,6,3
20250513,동대문역사문화공원,신도림,7,7
20250513,동대문역사문화공원,신도림,8,2
20250513,동대문역사문화공원,신도림,9,1
20250513,동대문역사문화공원,신도림,10,3
20250513,동대문역사문화공원,신도림,11,7
20250513,동대문역사문화공원,신도림,12,1
20250513,동대문역사문화공원,신도림,13,8
20250513,동대문역사문화공원,신도림,14,4
20250513,동대문역사문화공원,신도림,15,13
20250513,동대문역사문화공원,신도림,16,17
20250513,동대문역사문화공원,신도림,17,27
20250513,동대문역사문화공원,신도림,18,23
20250513,동대문역사문화공원,신도림,19,15
20250513,동대문역사문화공원,신도림,20,9
20250513,동대문역사문화공원,신도림,21,15
20250513,동대문역사문화공원,신도림,22,12
20250513,동대문역사문화공원,신도림,23,3
20250513,동대문역사문화공원,신림,0,2
20250513,동대문역사문화공원,신림,4,2
20250513,동대문역사문화공원,신림,5,4
20250513,동대문역사문화공원,신림,7,1
20250513,동대문역사문화공원,신림,8,3
20250513,동대문역사문화공원,신림,9,2
20250513,동대문역사문화공원,신림,10,1
20250513,동대문역사문화공원,신림,12,3
20250513,동대문역사문화공원,신림,13,4
20250513,동대문역사문화공원,신림,14,5
20250513,동대문역사문화공원,신림,15,13
20250513,동대문역사문화공원,신림,16,13
20250513,동대문역사문화공원,신림,17,20
20250513,동대문역사문화공원,신림,18,24
20250513,동대문역사문화공원,신림,19,16
20250513,동대문역사문화공원,신림,20,19
20250513,동대문역사문화공원,신림,21,20
20250513,동대문역사문화공원,신림,22,15
20250513,동대문역사문화공원,신림,23,11
20250513,동대문역사문화공원,신촌,0,6
20250513,동대문역사문화공원,신촌,5,7
20250513,동대문역사문화공원,신촌,6,7
20250513,동대문역사문화공원,신촌,7,13
20250513,동대문역사문화공원,신촌,8,15
20250513,동대문역사문화공원,신촌,9,21
20250513,동대문역사문화공원,신촌,10,9
20250513,동대문역사문화공원,신촌,11,25
20250513,동대문역사문화공원,신촌,12,22
20250513,동대문역사문화공원,신촌,13,18
20250513,동대문역사문화공원,신촌,14,29
20250513,동대문역사문화공원,신촌,15,31
20250513,동대문역사문화공원,신촌,16,27
20250513,동대문역사문화공원,신촌,17,41
20250513,동대문역사문화공원,신촌,18,38
20250513,동대문역사문화공원,신촌,19,37
20250513,동대문역사문화공원,신촌,20,29
20250513,동대문역사문화공원,신촌,21,16
20250513,동대문역사문화공원,신촌,22,32
20250513,동대문역사문화공원,신촌,23,17
20250513,동대문역사문화공원,아현,0,3
20250513,동대문역사문화공원,아현,7,2
20250513,동대문역사문화공원,아현,8,3
20250513,동대문역사문화공원,아현,10,3
20250513,동대문역사문화공원,아현,11,5
20250513,동대문역사문화공원,아현,12,9
20250513,동대문역사문화공원,아현,13,9
20250513,동대문역사문화공원,아현,14,9
20250513,동대문역사문화공원,아현,15,8
20250513,동대문역사문화공원,아현,16,13
20250513,동대문역사문화공원,아현,17,27
20250513,동대문역사문화공원,아현,18,23
20250513,동대문역사문화공원,아현,19,14
20250513,동대문역사문화공원,아현,20,15
20250513,동대문역사문화공원,아현,21,12
20250513,동대문역사문화공원,아현,22,12
20250513,동대문역사문화공원,아현,23,3
20250513,동대문역사문화공원,역삼,6,1
20250513,동대문역사문화공원,역삼,7,8
20250513,동대문역사문화공원,역삼,8,8
20250513,동대문역사문화공원,역삼,9,7
20250513,동대문역사문화공원,역삼,10,4
20250513,동대문역사문화공원,역삼,11,3
20250513,동대문역사문화공원,역삼,12,3
20250513,동대문역사문화공원,역삼,13,2
20250513,동대문역사문화공원,역삼,14,4
20250513,동대문역사문화공원,역삼,15,6
20250513,동대문역사문화공원,역삼,16,12
20250513,동대문역사문화공원,역삼,17,2
20250513,동대문역사문화공원,역삼,18,4
20250513,동대문역사문화공원,역삼,19,6
20250513,동대문역사문화공원,역삼,20,1
20250513,동대문역사문화공원,역삼,21,2
20250513,동대문역사문화공원,역삼,22,5
20250513,동대문역사문화공원,영등포구청,0,3
20250513,동대문역사문화공원,영등포구청,5,6
20250513,동대문역사문화공원,영등포구청,7,3
20250513,동대문역사문화공원,영등포구청,8,2
20250513,동대문역사문화공원,영등포구청,9,2
20250513,동대문역사문화공원,영등포구청,10,1
20250513,동대문역사문화공원,영등포구청,11,1
20250513,동대문역사문화공원,영등포구청,12,4
20250513,동대문역사문화공원,영등포구청,13,1
20250513,동대문역사문화공원,영등포구청,14,3
20250513,동대문역사문화공원,영등포구청,15,7
20250513,동대문역사문화공원,영등포구청,16,11
20250513,동대문역사문화공원,영등포구청,17,11
20250513,동대문역사문화공원,영등포구청,18,10
20250513,동대문역사문화공원,영등포구청,19,5
20250513,동대문역사문화공원,영등포구청,20,4
20250513,동대문역사문화공원,영등포구청,21,8
20250513,동대문역사문화공원,영등포구청,22,3
20250513,동대문역사문화공원,영등포구청,23,3
20250513,동대문역사문화공원,왕십리(성동구청),0,4
20250513,동대문역사문화공원,왕십리(성동구청),6,1
20250513,동대문역사문화공원,왕십리(성동구청),7,2
20250513,동대문역사문화공원,왕십리(성동구청),8,4
20250513,동대문역사문화공원,왕십리(성동구청),9,2
20250513,동대문역사문화공원,왕십리(성동구청),10,8
20250513,동대문역사문화공원,왕십리(성동구청),11,11
20250513,동대문역사문화공원,왕십리(성동구청),12,10
20250513,동대문역사문화공원,왕십리(성동구청),13,16
20250513,동대문역사문화공원,왕십리(성동구청),14,10
20250513,동대문역사문화공원,왕십리(성동구청),15,19
20250513,동대문역사문화공원,왕십리(성동구청),16,30
20250513,동대문역사문화공원,왕십리(성동구청),17,32
20250513,동대문역사문화공원,왕십리(성동구청),18,30
20250513,동대문역사문화공원,왕십리(성동구청),19,25
20250513,동대문역사문화공원,왕십리(성동구청),20,16
20250513,동대문역사문화공원,왕십리(성동구청),21,17
20250513,동대문역사문화공원,왕십리(성동구청),22,5
20250513,동대문역사문화공원,왕십리(성동구청),23,8
20250513,동대문역사문화공원,용두(동대문구청),11,4
20250513,동대문역사문화공원,용두(동대문구청),19,1
20250513,동대문역사문화공원,용두(동대문구청),21,3
20250513,동대문역사문화공원,을지로3가,0,2
20250513,동대문역사문화공원,을지로3가,6,2
20250513,동대문역사문화공원,을지로3가,7,9
20250513,동대문역사문화공원,을지로3가,8,7
20250513,동대문역사문화공원,을지로3가,9,8
20250513,동대문역사문화공원,을지로3가,10,16
20250513,동대문역사문화공원,을지로3가,11,14
20250513,동대문역사문화공원,을지로3가,12,9
20250513,동대문역사문화공원,을지로3가,13,17
20250513,동대문역사문화공원,을지로3가,14,9
20250513,동대문역사문화공원,을지로3가,15,26
20250513,동대문역사문화공원,을지로3가,16,21
20250513,동대문역사문화공원,을지로3가,17,31
20250513,동대문역사문화공원,을지로3가,18,22
20250513,동대문역사문화공원,을지로3가,19,12
20250513,동대문역사문화공원,을지로3가,20,13
20250513,동대문역사문화공원,을지로3가,21,11
20250513,동대문역사문화공원,을지로3가,22,15
20250513,동대문역사문화공원,을지로3가,23,12
20250513,동대문역사문화공원,을지로4가,5,1
20250513,동대문역사문화공원,을지로4가,6,2
20250513,동대문역사문화공원,을지로4가,7,5
20250513,동대문역사문화공원,을지로4가,8,16
20250513,동대문역사문화공원,을지로4가,9,10
20250513,동대문역사문화공원,을지로4가,10,14
20250513,동대문역사문화공원,을지로4가,11,6
20250513,동대문역사문화공원,을지로4가,12,19
20250513,동대문역사문화공원,을지로4가,13,12
20250513,동대문역사문화공원,을지로4가,14,15
20250513,동대문역사문화공원,을지로4가,15,16
20250513,동대문역사문화공원,을지로4가,16,11
20250513,동대문역사문화공원,을지로4가,17,17
20250513,동대문역사문화공원,을지로4가,18,11
20250513,동대문역사문화공원,을지로4가,19,8
20250513,동대문역사문화공원,을지로4가,20,10
20250513,동대문역사문화공원,을지로4가,21,10
20250513,동대문역사문화공원,을지로4가,22,8
20250513,동대문역사문화공원,을지로4가,23,3
20250513,동대문역사문화공원,을지로입구,0,5
20250513,동대문역사문화공원,을지로입구,5,6
20250513,동대문역사문화공원,을지로입구,6,5
20250513,동대문역사문화공원,을지로입구,7,23
20250513,동대문역사문화공원,을지로입구,8,50
20250513,동대문역사문화공원,을지로입구,9,35
20250513,동대문역사문화공원,을지로입구,10,33
20250513,동대문역사문화공원,을지로입구,11,41
20250513,동대문역사문화공원,을지로입구,12,46
20250513,동대문역사문화공원,을지로입구,13,44
20250513,동대문역사문화공원,을지로입구,14,47
20250513,동대문역사문화공원,을지로입구,15,54
20250513,동대문역사문화공원,을지로입구,16,83
20250513,동대문역사문화공원,을지로입구,17,58
20250513,동대문역사문화공원,을지로입구,18,64
20250513,동대문역사문화공원,을지로입구,19,41
20250513,동대문역사문화공원,을지로입구,20,41
20250513,동대문역사문화공원,을지로입구,21,26
20250513,동대문역사문화공원,을지로입구,22,15
20250513,동대문역사문화공원,을지로입구,23,16
20250513,동대문역사문화공원,이대,0,3
20250513,동대문역사문화공원,이대,6,1
20250513,동대문역사문화공원,이대,7,6
20250513,동대문역사문화공원,이대,8,10
20250513,동대문역사문화공원,이대,9,15
20250513,동대문역사문화공원,이대,10,11
20250513,동대문역사문화공원,이대,11,17
20250513,동대문역사문화공원,이대,12,10
20250513,동대문역사문화공원,이대,13,15
20250513,동대문역사문화공원,이대,14,11
20250513,동대문역사문화공원,이대,15,9
20250513,동대문역사문화공원,이대,16,17
20250513,동대문역사문화공원,이대,17,22
20250513,동대문역사문화공원,이대,18,25
20250513,동대문역사문화공원,이대,19,15
20250513,동대문역사문화공원,이대,20,14
20250513,동대문역사문화공원,이대,21,17
20250513,동대문역사문화공원,이대,22,7
20250513,동대문역사문화공원,이대,23,10
20250513,동대문역사문화공원,잠실(송파구청),0,4
20250513,동대문역사문화공원,잠실(송파구청),5,5
20250513,동대문역사문화공원,잠실(송파구청),6,5
20250513,동대문역사문화공원,잠실(송파구청),7,10
20250513,동대문역사문화공원,잠실(송파구청),8,18
20250513,동대문역사문화공원,잠실(송파구청),9,27
20250513,동대문역사문화공원,잠실(송파구청),10,36
20250513,동대문역사문화공원,잠실(송파구청),11,27
20250513,동대문역사문화공원,잠실(송파구청),12,29
20250513,동대문역사문화공원,잠실(송파구청),13,49
20250513,동대문역사문화공원,잠실(송파구청),14,39
20250513,동대문역사문화공원,잠실(송파구청),15,56
20250513,동대문역사문화공원,잠실(송파구청),16,65
20250513,동대문역사문화공원,잠실(송파구청),17,67
20250513,동대문역사문화공원,잠실(송파구청),18,76
20250513,동대문역사문화공원,잠실(송파구청),19,36
20250513,동대문역사문화공원,잠실(송파구청),20,15
20250513,동대문역사문화공원,잠실(송파구청),21,27
20250513,동대문역사문화공원,잠실(송파구청),22,23
20250513,동대문역사문화공원,잠실(송파구청),23,5
20250513,동대문역사문화공원,잠실나루,0,1
20250513,동대문역사문화공원,잠실나루,5,4
20250513,동대문역사문화공원,잠실나루,6,2
20250513,동대문역사문화공원,잠실나루,7,4
20250513,동대문역사문화공원,잠실나루,8,2
20250513,동대문역사문화공원,잠실나루,10,11
20250513,동대문역사문화공원,잠실나루,11,4
20250513,동대문역사문화공원,잠실나루,12,7
20250513,동대문역사문화공원,잠실나루,13,9
20250513,동대문역사문화공원,잠실나루,14,10
20250513,동대문역사문화공원,잠실나루,15,13
20250513,동대문역사문화공원,잠실나루,16,15
20250513,동대문역사문화공원,잠실나루,17,10
20250513,동대문역사문화공원,잠실나루,18,20
20250513,동대문역사문화공원,잠실나루,19,6
20250513,동대문역사문화공원,잠실나루,20,10
20250513,동대문역사문화공원,잠실나루,21,9
20250513,동대문역사문화공원,잠실나루,22,3
20250513,동대문역사문화공원,잠실나루,23,2
20250513,동대문역사문화공원,잠실새내,0,1
20250513,동대문역사문화공원,잠실새내,5,1
20250513,동대문역사문화공원,잠실새내,6,2
20250513,동대문역사문화공원,잠실새내,7,4
20250513,동대문역사문화공원,잠실새내,8,1
20250513,동대문역사문화공원,잠실새내,9,3
20250513,동대문역사문화공원,잠실새내,10,6
20250513,동대문역사문화공원,잠실새내,11,6
20250513,동대문역사문화공원,잠실새내,12,13
20250513,동대문역사문화공원,잠실새내,13,12
20250513,동대문역사문화공원,잠실새내,14,9
20250513,동대문역사문화공원,잠실새내,15,22
20250513,동대문역사문화공원,잠실새내,16,21
20250513,동대문역사문화공원,잠실새내,17,25
20250513,동대문역사문화공원,잠실새내,18,22
20250513,동대문역사문화공원,잠실새내,19,15
20250513,동대문역사문화공원,잠실새내,20,11
20250513,동대문역사문화공원,잠실새내,21,13
20250513,동대문역사문화공원,잠실새내,22,5
20250513,동대문역사문화공원,잠실새내,23,4
20250513,동대문역사문화공원,종합운동장,5,4
20250513,동대문역사문화공원,종합운동장,6,2
20250513,동대문역사문화공원,종합운동장,8,2
20250513,동대문역사문화공원,종합운동장,10,3
20250513,동대문역사문화공원,종합운동장,11,2
20250513,동대문역사문화공원,종합운동장,12,1
20250513,동대문역사문화공원,종합운동장,13,2
20250513,동대문역사문화공원,종합운동장,14,3
20250513,동대문역사문화공원,종합운동장,15,5
20250513,동대문역사문화공원,종합운동장,16,13
20250513,동대문역사문화공원,종합운동장,17,27
20250513,동대문역사문화공원,종합운동장,18,10
20250513,동대문역사문화공원,종합운동장,19,2
20250513,동대문역사문화공원,종합운동장,20,3
20250513,동대문역사문화공원,종합운동장,21,7
20250513,동대문역사문화공원,종합운동장,22,2
20250513,동대문역사문화공원,종합운동장,23,1
20250513,동대문역사문화공원,충정로(경기대입구),0,1
20250513,동대문역사문화공원,충정로(경기대입구),6,2
20250513,동대문역사문화공원,충정로(경기대입구),7,4
20250513,동대문역사문화공원,충정로(경기대입구),8,4
20250513,동대문역사문화공원,충정로(경기대입구),9,5
20250513,동대문역사문화공원,충정로(경기대입구),10,1
20250513,동대문역사문화공원,충정로(경기대입구),11,6
20250513,동대문역사문화공원,충정로(경기대입구),12,2
20250513,동대문역사문화공원,충정로(경기대입구),13,9
20250513,동대문역사문화공원,충정로(경기대입구),14,4
20250513,동대문역사문화공원,충정로(경기대입구),15,7
20250513,동대문역사문화공원,충정로(경기대입구),16,13
20250513,동대문역사문화공원,충정로(경기대입구),17,11
20250513,동대문역사문화공원,충정로(경기대입구),18,9
20250513,동대문역사문화공원,충정로(경기대입구),19,2
20250513,동대문역사문화공원,충정로(경기대입구),20,2
20250513,동대문역사문화공원,충정로(경기대입구),21,4
20250513,동대문역사문화공원,충정로(경기대입구),22,5
20250513,동대문역사문화공원,충정로(경기대입구),23,3
20250513,동대문역사문화공원,한양대,6,2
20250513,동대문역사문화공원,한양대,7,1
20250513,동대문역사문화공원,한양대,8,17
20250513,동대문역사문화공원,한양대,9,9
20250513,동대문역사문화공원,한양대,10,11
20250513,동대문역사문화공원,한양대,11,3
20250513,동대문역사문화공원,한양대,12,14
20250513,동대문역사문화공원,한양대,13,12
20250513,동대문역사문화공원,한양대,14,6
20250513,동대문역사문화공원,한양대,15,21
20250513,동대문역사문화공원,한양대,16,6
20250513,동대문역사문화공원,한양대,17,15
20250513,동대문역사문화공원,한양대,18,18
20250513,동대문역사문화공원,한양대,19,7
20250513,동대문역사문화공원,한양대,20,3
20250513,동대문역사문화공원,한양대,21,1
20250513,동대문역사문화공원,한양대,22,3
20250513,동대문역사문화공원,한양대,23,1
20250513,동대문역사문화공원,합정,0,4
20250513,동대문역사문화공원,합정,5,2
20250513,동대문역사문화공원,합정,7,3
20250513,동대문역사문화공원,합정,8,8
20250513,동대문역사문화공원,합정,9,3
20250513,동대문역사문화공원,합정,10,3
20250513,동대문역사문화공원,합정,11,9
20250513,동대문역사문화공원,합정,12,5
20250513,동대문역사문화공원,합정,13,8
20250513,동대문역사문화공원,합정,14,10
20250513,동대문역사문화공원,합정,15,6
20250513,동대문역사문화공원,합정,16,15
20250513,동대문역사문화공원,합정,17,19
20250513,동대문역사문화공원,합정,18,45
20250513,동대문역사문화공원,합정,19,18
20250513,동대문역사문화공원,합정,20,11
20250513,동대문역사문화공원,합정,21,11
20250513,동대문역사문화공원,합정,22,11
20250513,동대문역사문화공원,합정,23,4
20250513,동대문역사문화공원,홍대입구,0,12
20250513,동대문역사문화공원,홍대입구,5,3
20250513,동대문역사문화공원,홍대입구,6,9
20250513,동대문역사문화공원,홍대입구,7,8
20250513,동대문역사문화공원,홍대입구,8,19
20250513,동대문역사문화공원,홍대입구,9,31
20250513,동대문역사문화공원,홍대입구,10,54
20250513,동대문역사문화공원,홍대입구,11,49
20250513,동대문역사문화공원,홍대입구,12,36
20250513,동대문역사문화공원,홍대입구,13,45
20250513,동대문역사문화공원,홍대입구,14,63
20250513,동대문역사문화공원,홍대입구,15,43
20250513,동대문역사문화공원,홍대입구,16,74
20250513,동대문역사문화공원,홍대입구,17,80
20250513,동대문역사문화공원,홍대입구,18,72
20250513,동대문역사문화공원,홍대입구,19,70
20250513,동대문역사문화공원,홍대입구,20,66
20250513,동대문역사문화공원,홍대입구,21,49
20250513,동대문역사문화공원,홍대입구,22,49
20250513,동대문역사문화공원,홍대입구,23,35
20250513,뚝섬,강남,5,1
20250513,뚝섬,강남,6,2
20250513,뚝섬,강남,7,23
20250513,뚝섬,강남,8,36
20250513,뚝섬,강남,9,22
20250513,뚝섬,강남,10,7
20250513,뚝섬,강남,11,16
20250513,뚝섬,강남,12,14
20250513,뚝섬,강남,13,15
20250513,뚝섬,강남,14,17
20250513,뚝섬,강남,15,28
20250513,뚝섬,강남,16,20
20250513,뚝섬,강남,17,46
20250513,뚝섬,강남,18,72
20250513,뚝섬,강남,19,27
20250513,뚝섬,강남,20,20
20250513,뚝섬,강남,21,23
20250513,뚝섬,강남,22,16
20250513,뚝섬,강남,23,4
20250513,뚝섬,강변(동서울터미널),5,4
20250513,뚝섬,강변(동서울터미널),6,7
20250513,뚝섬,강변(동서울터미널),7,12
20250513,뚝섬,강변(동서울터미널),8,12
20250513,뚝섬,강변(동서울터미널),9,12
20250513,뚝섬,강변(동서울터미널),10,6
20250513,뚝섬,강변(동서울터미널),11,18
20250513,뚝섬,강변(동서울터미널),12,12
20250513,뚝섬,강변(동서울터미널),13,19
20250513,뚝섬,강변(동서울터미널),14,24
20250513,뚝섬,강변(동서울터미널),15,35
20250513,뚝섬,강변(동서울터미널),16,31
20250513,뚝섬,강변(동서울터미널),17,72
20250513,뚝섬,강변(동서울터미널),18,144
20250513,뚝섬,강변(동서울터미널),19,64
20250513,뚝섬,강변(동서울터미널),20,63
20250513,뚝섬,강변(동서울터미널),21,53
20250513,뚝섬,강변(동서울터미널),22,29
20250513,뚝섬,강변(동서울터미널),23,3
20250513,뚝섬,건대입구,0,2
20250513,뚝섬,건대입구,5,3
20250513,뚝섬,건대입구,6,18
20250513,뚝섬,건대입구,7,11
20250513,뚝섬,건대입구,8,19
20250513,뚝섬,건대입구,9,25
20250513,뚝섬,건대입구,10,23
20250513,뚝섬,건대입구,11,31
20250513,뚝섬,건대입구,12,38
20250513,뚝섬,건대입구,13,39
20250513,뚝섬,건대입구,14,59
20250513,뚝섬,건대입구,15,66
20250513,뚝섬,건대입구,16,84
20250513,뚝섬,건대입구,17,107
20250513,뚝섬,건대입구,18,210
20250513,뚝섬,건대입구,19,123
20250513,뚝섬,건대입구,20,66
20250513,뚝섬,건대입구,21,70
20250513,뚝섬,건대입구,22,40
20250513,뚝섬,건대입구,23,19
20250513,뚝섬,교대(법원.검찰청),6,2
20250513,뚝섬,교대(법원.검찰청),7,13
20250513,뚝섬,교대(법원.검찰청),8,14
20250513,뚝섬,교대(법원.검찰청),9,5
20250513,뚝섬,교대(법원.검찰청),10,3
20250513,뚝섬,교대(법원.검찰청),11,2
20250513,뚝섬,교대(법원.검찰청),12,5
20250513,뚝섬,교대(법원.검찰청),13,7
20250513,뚝섬,교대(법원.검찰청),14,4
20250513,뚝섬,교대(법원.검찰청),15,5
20250513,뚝섬,교대(법원.검찰청),16,9
20250513,뚝섬,교대(법원.검찰청),17,11
20250513,뚝섬,교대(법원.검찰청),18,12
20250513,뚝섬,교대(법원.검찰청),19,9
20250513,뚝섬,교대(법원.검찰청),20,2
20250513,뚝섬,교대(법원.검찰청),21,4
20250513,뚝섬,교대(법원.검찰청),22,1
20250513,뚝섬,교대(법원.검찰청),23,1
20250513,뚝섬,구로디지털단지,0,1
20250513,뚝섬,구로디지털단지,5,1
20250513,뚝섬,구로디지털단지,7,7
20250513,뚝섬,구로디지털단지,8,3
20250513,뚝섬,구로디지털단지,9,3
20250513,뚝섬,구로디지털단지,10,3
20250513,뚝섬,구로디지털단지,11,3
20250513,뚝섬,구로디지털단지,12,2
20250513,뚝섬,구로디지털단지,13,7
20250513,뚝섬,구로디지털단지,14,3
20250513,뚝섬,구로디지털단지,15,6
20250513,뚝섬,구로디지털단지,16,16
20250513,뚝섬,구로디지털단지,17,37
20250513,뚝섬,구로디지털단지,18,58
20250513,뚝섬,구로디지털단지,19,28
20250513,뚝섬,구로디지털단지,20,21
20250513,뚝섬,구로디지털단지,21,12
20250513,뚝섬,구로디지털단지,22,9
20250513,뚝섬,구로디지털단지,23,4
20250513,뚝섬,구의(광진구청),0,4
20250513,뚝섬,구의(광진구청),5,2
20250513,뚝섬,구의(광진구청),6,11
20250513,뚝섬,구의(광진구청),7,13
20250513,뚝섬,구의(광진구청),8,32
20250513,뚝섬,구의(광진구청),9,14
20250513,뚝섬,구의(광진구청),10,11
20250513,뚝섬,구의(광진구청),11,17
20250513,뚝섬,구의(광진구청),12,24
20250513,뚝섬,구의(광진구청),13,24
20250513,뚝섬,구의(광진구청),14,44
20250513,뚝섬,구의(광진구청),15,52
20250513,뚝섬,구의(광진구청),16,39
20250513,뚝섬,구의(광진구청),17,86
20250513,뚝섬,구의(광진구청),18,169
20250513,뚝섬,구의(광진구청),19,104
20250513,뚝섬,구의(광진구청),20,52
20250513,뚝섬,구의(광진구청),21,59
20250513,뚝섬,구의(광진구청),22,40
20250513,뚝섬,구의(광진구청),23,11
20250513,뚝섬,낙성대,5,1
20250513,뚝섬,낙성대,6,1
20250513,뚝섬,낙성대,7,3
20250513,뚝섬,낙성대,8,2
20250513,뚝섬,낙성대,9,1
20250513,뚝섬,낙성대,10,1
20250513,뚝섬,낙성대,12,4
20250513,뚝섬,낙성대,13,1
20250513,뚝섬,낙성대,14,1
20250513,뚝섬,낙성대,15,5
20250513,뚝섬,낙성대,16,6
20250513,뚝섬,낙성대,17,15
20250513,뚝섬,낙성대,18,30
20250513,뚝섬,낙성대,19,8
20250513,뚝섬,낙성대,20,7
20250513,뚝섬,낙성대,21,8
20250513,뚝섬,낙성대,22,16
20250513,뚝섬,낙성대,23,6
20250513,뚝섬,당산,0,2
20250513,뚝섬,당산,5,2
20250513,뚝섬,당산,6,4
20250513,뚝섬,당산,7,12
20250513,뚝섬,당산,8,7
20250513,뚝섬,당산,9,4
20250513,뚝섬,당산,10,1
20250513,뚝섬,당산,11,2
20250513,뚝섬,당산,12,4
20250513,뚝섬,당산,13,1
20250513,뚝섬,당산,14,7
20250513,뚝섬,당산,15,5
20250513,뚝섬,당산,16,16
20250513,뚝섬,당산,17,22
20250513,뚝섬,당산,18,35
20250513,뚝섬,당산,19,24
20250513,뚝섬,당산,20,17
20250513,뚝섬,당산,21,7
20250513,뚝섬,당산,22,9
20250513,뚝섬,당산,23,3
20250513,뚝섬,대림(구로구청),5,2
20250513,뚝섬,대림(구로구청),6,3
20250513,뚝섬,대림(구로구청),7,3
20250513,뚝섬,대림(구로구청),9,3
20250513,뚝섬,대림(구로구청),10,1
20250513,뚝섬,대림(구로구청),11,2
20250513,뚝섬,대림(구로구청),12,1
20250513,뚝섬,대림(구로구청),13,1
20250513,뚝섬,대림(구로구청),14,5
20250513,뚝섬,대림(구로구청),15,4
20250513,뚝섬,대림(구로구청),16,4
20250513,뚝섬,대림(구로구청),17,17
20250513,뚝섬,대림(구로구청),18,19
20250513,뚝섬,대림(구로구청),19,7
20250513,뚝섬,대림(구로구청),20,9
20250513,뚝섬,대림(구로구청),21,7
20250513,뚝섬,대림(구로구청),22,2
20250513,뚝섬,대림(구로구청),23,1
20250513,뚝섬,동대문역사문화공원,0,2
20250513,뚝섬,동대문역사문화공원,5,1
20250513,뚝섬,동대문역사문화공원,6,2
20250513,뚝섬,동대문역사문화공원,7,16
20250513,뚝섬,동대문역사문화공원,8,22
20250513,뚝섬,동대문역사문화공원,9,18
20250513,뚝섬,동대문역사문화공원,10,11
20250513,뚝섬,동대문역사문화공원,11,9
20250513,뚝섬,동대문역사문화공원,12,9
20250513,뚝섬,동대문역사문화공원,13,22
20250513,뚝섬,동대문역사문화공원,14,21
20250513,뚝섬,동대문역사문화공원,15,15
20250513,뚝섬,동대문역사문화공원,16,17
20250513,뚝섬,동대문역사문화공원,17,37
20250513,뚝섬,동대문역사문화공원,18,51
20250513,뚝섬,동대문역사문화공원,19,33
20250513,뚝섬,동대문역사문화공원,20,22
20250513,뚝섬,동대문역사문화공원,21,8
20250513,뚝섬,동대문역사문화공원,22,5
20250513,뚝섬,동대문역사문화공원,23,3
20250513,뚝섬,뚝섬,0,3
20250513,뚝섬,뚝섬,6,4
20250513,뚝섬,뚝섬,7,3
20250513,뚝섬,뚝섬,8,7
20250513,뚝섬,뚝섬,9,9
20250513,뚝섬,뚝섬,10,7
20250513,뚝섬,뚝섬,11,25
20250513,뚝섬,뚝섬,12,16
20250513,뚝섬,뚝섬,13,15
20250513,뚝섬,뚝섬,14,28
20250513,뚝섬,뚝섬,15,34
20250513,뚝섬,뚝섬,16,29
20250513,뚝섬,뚝섬,17,40
20250513,뚝섬,뚝섬,18,40
20250513,뚝섬,뚝섬,19,21
20250513,뚝섬,뚝섬,20,25
20250513,뚝섬,뚝섬,21,18
20250513,뚝섬,뚝섬,22,14
20250513,뚝섬,뚝섬,23,8
20250513,뚝섬,문래,5,1
20250513,뚝섬,문래,7,11
20250513,뚝섬,문래,8,4
20250513,뚝섬,문래,9,2
20250513,뚝섬,문래,11,1
20250513,뚝섬,문래,13,3
20250513,뚝섬,문래,14,3
20250513,뚝섬,문래,15,6
20250513,뚝섬,문래,16,5
20250513,뚝섬,문래,17,11
20250513,뚝섬,문래,18,25
20250513,뚝섬,문래,19,8
20250513,뚝섬,문래,20,7
20250513,뚝섬,문래,21,7
20250513,뚝섬,문래,22,4
20250513,뚝섬,문래,23,4
20250513,뚝섬,방배,7,2
20250513,뚝섬,방배,9,2
20250513,뚝섬,방배,10,1
20250513,뚝섬,방배,13,2
20250513,뚝섬,방배,14,1
20250513,뚝섬,방배,15,6
20250513,뚝섬,방배,16,3
20250513,뚝섬,방배,17,5
20250513,뚝섬,방배,18,5
20250513,뚝섬,방배,19,3
20250513,뚝섬,방배,20,3
20250513,뚝섬,방배,21,4
20250513,뚝섬,방배,22,4
20250513,뚝섬,방배,23,5
20250513,뚝섬,봉천,0,1
20250513,뚝섬,봉천,6,1
20250513,뚝섬,봉천,10,1
20250513,뚝섬,봉천,12,1
20250513,뚝섬,봉천,14,3
20250513,뚝섬,봉천,15,2
20250513,뚝섬,봉천,16,3
20250513,뚝섬,봉천,17,15
20250513,뚝섬,봉천,18,20
20250513,뚝섬,봉천,19,17
20250513,뚝섬,봉천,20,2
20250513,뚝섬,봉천,21,8
20250513,뚝섬,봉천,22,1
20250513,뚝섬,사당,6,7
20250513,뚝섬,사당,7,7
20250513,뚝섬,사당,8,10
20250513,뚝섬,사당,9,2
20250513,뚝섬,사당,10,1
20250513,뚝섬,사당,11,4
20250513,뚝섬,사당,12,5
20250513,뚝섬,사당,13,5
20250513,뚝섬,사당,14,6
20250513,뚝섬,사당,15,4
20250513,뚝섬,사당,16,13
20250513,뚝섬,사당,17,33
20250513,뚝섬,사당,18,38
20250513,뚝섬,사당,19,21
20250513,뚝섬,사당,20,14
20250513,뚝섬,사당,21,13
20250513,뚝섬,사당,22,12
20250513,뚝섬,사당,23,5
20250513,뚝섬,삼성(무역센터),0,1
20250513,뚝섬,삼성(무역센터),5,2
20250513,뚝섬,삼성(무역센터),6,3
20250513,뚝섬,삼성(무역센터),7,19
20250513,뚝섬,삼성(무역센터),8,40
20250513,뚝섬,삼성(무역센터),9,10
20250513,뚝섬,삼성(무역센터),10,7
20250513,뚝섬,삼성(무역센터),11,12
20250513,뚝섬,삼성(무역센터),12,14
20250513,뚝섬,삼성(무역센터),13,14
20250513,뚝섬,삼성(무역센터),14,8
20250513,뚝섬,삼성(무역센터),15,8
20250513,뚝섬,삼성(무역센터),16,9
20250513,뚝섬,삼성(무역센터),17,12
20250513,뚝섬,삼성(무역센터),18,23
20250513,뚝섬,삼성(무역센터),19,13
20250513,뚝섬,삼성(무역센터),20,7
20250513,뚝섬,삼성(무역센터),21,9
20250513,뚝섬,삼성(무역센터),22,2
20250513,뚝섬,삼성(무역센터),23,1
20250513,뚝섬,상왕십리,0,3
20250513,뚝섬,상왕십리,5,2
20250513,뚝섬,상왕십리,6,6
20250513,뚝섬,상왕십리,7,11
20250513,뚝섬,상왕십리,8,14
20250513,뚝섬,상왕십리,9,8
20250513,뚝섬,상왕십리,10,8
20250513,뚝섬,상왕십리,11,11
20250513,뚝섬,상왕십리,12,10
20250513,뚝섬,상왕십리,13,19
20250513,뚝섬,상왕십리,14,18
20250513,뚝섬,상왕십리,15,20
20250513,뚝섬,상왕십리,16,28
20250513,뚝섬,상왕십리,17,34
20250513,뚝섬,상왕십리,18,66
20250513,뚝섬,상왕십리,19,47
20250513,뚝섬,상왕십리,20,22
20250513,뚝섬,상왕십리,21,25
20250513,뚝섬,상왕십리,22,18
20250513,뚝섬,상왕십리,23,7
20250513,뚝섬,서울대입구(관악구청),0,3
20250513,뚝섬,서울대입구(관악구청),6,1
20250513,뚝섬,서울대입구(관악구청),7,5
20250513,뚝섬,서울대입구(관악구청),8,1
20250513,뚝섬,서울대입구(관악구청),9,1
20250513,뚝섬,서울대입구(관악구청),10,4
20250513,뚝섬,서울대입구(관악구청),11,2
20250513,뚝섬,서울대입구(관악구청),12,1
20250513,뚝섬,서울대입구(관악구청),13,4
20250513,뚝섬,서울대입구(관악구청),14,5
20250513,뚝섬,서울대입구(관악구청),15,13
20250513,뚝섬,서울대입구(관악구청),16,11
20250513,뚝섬,서울대입구(관악구청),17,17
20250513,뚝섬,서울대입구(관악구청),18,43
20250513,뚝섬,서울대입구(관악구청),19,20
20250513,뚝섬,서울대입구(관악구청),20,16
20250513,뚝섬,서울대입구(관악구청),21,8
20250513,뚝섬,서울대입구(관악구청),22,13
20250513,뚝섬,서울대입구(관악구청),23,1
20250513,뚝섬,서초,6,1
20250513,뚝섬,서초,7,5
20250513,뚝섬,서초,8,5
20250513,뚝섬,서초,9,6
20250513,뚝섬,서초,10,2
20250513,뚝섬,서초,11,1
20250513,뚝섬,서초,12,2
20250513,뚝섬,서초,13,1
20250513,뚝섬,서초,14,3
20250513,뚝섬,서초,15,5
20250513,뚝섬,서초,16,1
20250513,뚝섬,서초,17,5
20250513,뚝섬,서초,18,11
20250513,뚝섬,서초,19,3
20250513,뚝섬,서초,20,2
20250513,뚝섬,서초,21,2
20250513,뚝섬,서초,22,1
20250513,뚝섬,선릉,5,3
20250513,뚝섬,선릉,6,3
20250513,뚝섬,선릉,7,6
20250513,뚝섬,선릉,8,11
20250513,뚝섬,선릉,9,10
20250513,뚝섬,선릉,10,4
20250513,뚝섬,선릉,11,2
20250513,뚝섬,선릉,12,4
20250513,뚝섬,선릉,13,5
20250513,뚝섬,선릉,14,4
20250513,뚝섬,선릉,15,2
20250513,뚝섬,선릉,16,5
20250513,뚝섬,선릉,17,15
20250513,뚝섬,선릉,18,17
20250513,뚝섬,선릉,19,4
20250513,뚝섬,선릉,20,5
20250513,뚝섬,선릉,21,2
20250513,뚝섬,선릉,22,1
20250513,뚝섬,선릉,23,2
20250513,뚝섬,성수,0,1
20250513,뚝섬,성수,5,1
20250513,뚝섬,성수,6,5
20250513,뚝섬,성수,7,3
20250513,뚝섬,성수,8,20
20250513,뚝섬,성수,9,22
20250513,뚝섬,성수,10,21
20250513,뚝섬,성수,11,35
20250513,뚝섬,성수,12,50
20250513,뚝섬,성수,13,56
20250513,뚝섬,성수,14,56
20250513,뚝섬,성수,15,57
20250513,뚝섬,성수,16,52
20250513,뚝섬,성수,17,57
20250513,뚝섬,성수,18,60
20250513,뚝섬,성수,19,45
20250513,뚝섬,성수,20,11
20250513,뚝섬,성수,21,13
20250513,뚝섬,성수,22,7
20250513,뚝섬,성수,23,2
20250513,뚝섬,시청,6,7
20250513,뚝섬,시청,7,37
20250513,뚝섬,시청,8,49
20250513,뚝섬,시청,9,24
20250513,뚝섬,시청,10,10
20250513,뚝섬,시청,11,12
20250513,뚝섬,시청,12,1
20250513,뚝섬,시청,13,15
20250513,뚝섬,시청,14,17
20250513,뚝섬,시청,15,13
20250513,뚝섬,시청,16,14
20250513,뚝섬,시청,17,21
20250513,뚝섬,시청,18,16
20250513,뚝섬,시청,19,9
20250513,뚝섬,시청,20,5
20250513,뚝섬,시청,21,7
20250513,뚝섬,시청,22,3
20250513,뚝섬,시청,23,1
20250513,뚝섬,신당,0,2
20250513,뚝섬,신당,5,1
20250513,뚝섬,신당,6,4
20250513,뚝섬,신당,7,15
20250513,뚝섬,신당,8,17
20250513,뚝섬,신당,9,3
20250513,뚝섬,신당,10,13
20250513,뚝섬,신당,11,17
20250513,뚝섬,신당,12,13
20250513,뚝섬,신당,13,7
20250513,뚝섬,신당,14,9
20250513,뚝섬,신당,15,17
20250513,뚝섬,신당,16,20
20250513,뚝섬,신당,17,25
20250513,뚝섬,신당,18,62
20250513,뚝섬,신당,19,24
20250513,뚝섬,신당,20,12
20250513,뚝섬,신당,21,15
20250513,뚝섬,신당,22,15
20250513,뚝섬,신당,23,5
20250513,뚝섬,신대방,6,2
20250513,뚝섬,신대방,11,4
20250513,뚝섬,신대방,12,1
20250513,뚝섬,신대방,14,2
20250513,뚝섬,신대방,15,2
20250513,뚝섬,신대방,16,2
20250513,뚝섬,신대방,17,7
20250513,뚝섬,신대방,18,20
20250513,뚝섬,신대방,19,15
20250513,뚝섬,신대방,20,11
20250513,뚝섬,신대방,21,9
20250513,뚝섬,신대방,22,4
20250513,뚝섬,신대방,23,1
20250513,뚝섬,신도림,0,3
20250513,뚝섬,신도림,5,1
20250513,뚝섬,신도림,6,2
20250513,뚝섬,신도림,7,10
20250513,뚝섬,신도림,8,5
20250513,뚝섬,신도림,9,2
20250513,뚝섬,신도림,10,1
20250513,뚝섬,신도림,11,5
20250513,뚝섬,신도림,12,5
20250513,뚝섬,신도림,13,5
20250513,뚝섬,신도림,14,7
20250513,뚝섬,신도림,15,6
20250513,뚝섬,신도림,16,14
20250513,뚝섬,신도림,17,33
20250513,뚝섬,신도림,18,62
20250513,뚝섬,신도림,19,29
20250513,뚝섬,신도림,20,17
20250513,뚝섬,신도림,21,19
20250513,뚝섬,신도림,22,8
20250513,뚝섬,신도림,23,6
20250513,뚝섬,신림,6,3
20250513,뚝섬,신림,7,2
20250513,뚝섬,신림,8,1
20250513,뚝섬,신림,9,1
20250513,뚝섬,신림,10,1
20250513,뚝섬,신림,11,1
20250513,뚝섬,신림,12,3
20250513,뚝섬,신림,13,5
20250513,뚝섬,신림,14,4
20250513,뚝섬,신림,15,3
20250513,뚝섬,신림,16,7
20250513,뚝섬,신림,17,24
20250513,뚝섬,신림,18,64
20250513,뚝섬,신림,19,39
20250513,뚝섬,신림,20,16
20250513,뚝섬,신림,21,16
20250513,뚝섬,신림,22,14
20250513,뚝섬,신림,23,4
20250513,뚝섬,신촌,5,2
20250513,뚝섬,신촌,6,4
20250513,뚝섬,신촌,7,10
20250513,뚝섬,신촌,8,14
20250513,뚝섬,신촌,9,8
20250513,뚝섬,신촌,10,5
20250513,뚝섬,신촌,11,5
20250513,뚝섬,신촌,12,13
20250513,뚝섬,신촌,13,13
20250513,뚝섬,신촌,14,19
20250513,뚝섬,신촌,15,21
20250513,뚝섬,신촌,16,21
20250513,뚝섬,신촌,17,43
20250513,뚝섬,신촌,18,74
20250513,뚝섬,신촌,19,25
20250513,뚝섬,신촌,20,30
20250513,뚝섬,신촌,21,25
20250513,뚝섬,신촌,22,16
20250513,뚝섬,신촌,23,11
20250513,뚝섬,아현,0,1
20250513,뚝섬,아현,6,2
20250513,뚝섬,아현,7,6
20250513,뚝섬,아현,8,2
20250513,뚝섬,아현,9,3
20250513,뚝섬,아현,10,1
20250513,뚝섬,아현,11,3
20250513,뚝섬,아현,12,3
20250513,뚝섬,아현,13,1
20250513,뚝섬,아현,14,5
20250513,뚝섬,아현,15,3
20250513,뚝섬,아현,16,7
20250513,뚝섬,아현,17,11
20250513,뚝섬,아현,18,26
20250513,뚝섬,아현,19,12
20250513,뚝섬,아현,20,17
20250513,뚝섬,아현,21,15
20250513,뚝섬,아현,22,9
20250513,뚝섬,아현,23,3
20250513,뚝섬,역삼,5,2
20250513,뚝섬,역삼,6,5
20250513,뚝섬,역삼,7,11
20250513,뚝섬,역삼,8,26
20250513,뚝섬,역삼,9,20
20250513,뚝섬,역삼,10,7
20250513,뚝섬,역삼,11,4
20250513,뚝섬,역삼,12,7
20250513,뚝섬,역삼,13,5
20250513,뚝섬,역삼,14,3
20250513,뚝섬,역삼,15,14
20250513,뚝섬,역삼,16,7
20250513,뚝섬,역삼,17,9
20250513,뚝섬,역삼,18,11
20250513,뚝섬,역삼,19,3
20250513,뚝섬,역삼,20,3
20250513,뚝섬,역삼,21,1
20250513,뚝섬,역삼,22,3
20250513,뚝섬,역삼,23,3
20250513,뚝섬,영등포구청,5,1
20250513,뚝섬,영등포구청,6,1
20250513,뚝섬,영등포구청,7,9
20250513,뚝섬,영등포구청,8,4
20250513,뚝섬,영등포구청,9,1
20250513,뚝섬,영등포구청,10,2
20250513,뚝섬,영등포구청,12,1
20250513,뚝섬,영등포구청,14,2
20250513,뚝섬,영등포구청,16,4
20250513,뚝섬,영등포구청,17,18
20250513,뚝섬,영등포구청,18,21
20250513,뚝섬,영등포구청,19,14
20250513,뚝섬,영등포구청,20,8
20250513,뚝섬,영등포구청,21,9
20250513,뚝섬,영등포구청,22,6
20250513,뚝섬,왕십리(성동구청),0,3
20250513,뚝섬,왕십리(성동구청),5,1
20250513,뚝섬,왕십리(성동구청),6,6
20250513,뚝섬,왕십리(성동구청),7,11
20250513,뚝섬,왕십리(성동구청),8,18
20250513,뚝섬,왕십리(성동구청),9,17
20250513,뚝섬,왕십리(성동구청),10,13
20250513,뚝섬,왕십리(성동구청),11,19
20250513,뚝섬,왕십리(성동구청),12,14
20250513,뚝섬,왕십리(성동구청),13,17
20250513,뚝섬,왕십리(성동구청),14,21
20250513,뚝섬,왕십리(성동구청),15,22
20250513,뚝섬,왕십리(성동구청),16,28
20250513,뚝섬,왕십리(성동구청),17,37
20250513,뚝섬,왕십리(성동구청),18,68
20250513,뚝섬,왕십리(성동구청),19,23
20250513,뚝섬,왕십리(성동구청),20,23
20250513,뚝섬,왕십리(성동구청),21,22
20250513,뚝섬,왕십리(성동구청),22,15
20250513,뚝섬,왕십리(성동구청),23,5
20250513,뚝섬,용두(동대문구청),6,3
20250513,뚝섬,용두(동대문구청),7,5
20250513,뚝섬,용두(동대문구청),8,9
20250513,뚝섬,용두(동대문구청),9,7
20250513,뚝섬,용두(동대문구청),10,4
20250513,뚝섬,용두(동대문구청),11,3
20250513,뚝섬,용두(동대문구청),12,2
20250513,뚝섬,용두(동대문구청),13,7
20250513,뚝섬,용두(동대문구청),14,6
20250513,뚝섬,용두(동대문구청),15,2
20250513,뚝섬,용두(동대문구청),16,3
20250513,뚝섬,용두(동대문구청),17,4
20250513,뚝섬,용두(동대문구청),18,17
20250513,뚝섬,용두(동대문구청),19,6
20250513,뚝섬,용두(동대문구청),20,10
20250513,뚝섬,용두(동대문구청),21,5
20250513,뚝섬,을지로3가,0,1
20250513,뚝섬,을지로3가,5,3
20250513,뚝섬,을지로3가,6,9
20250513,뚝섬,을지로3가,7,33
20250513,뚝섬,을지로3가,8,38
20250513,뚝섬,을지로3가,9,12
20250513,뚝섬,을지로3가,10,12
20250513,뚝섬,을지로3가,11,12
20250513,뚝섬,을지로3가,12,9
20250513,뚝섬,을지로3가,13,29
20250513,뚝섬,을지로3가,14,17
20250513,뚝섬,을지로3가,15,23
20250513,뚝섬,을지로3가,16,26
20250513,뚝섬,을지로3가,17,45
20250513,뚝섬,을지로3가,18,44
20250513,뚝섬,을지로3가,19,44
20250513,뚝섬,을지로3가,20,29
20250513,뚝섬,을지로3가,21,20
20250513,뚝섬,을지로3가,22,7
20250513,뚝섬,을지로3가,23,5
20250513,뚝섬,을지로4가,5,2
20250513,뚝섬,을지로4가,6,6
20250513,뚝섬,을지로4가,7,21
20250513,뚝섬,을지로4가,8,31
20250513,뚝섬,을지로4가,9,14
20250513,뚝섬,을지로4가,10,9
20250513,뚝섬,을지로4가,11,12
20250513,뚝섬,을지로4가,12,14
20250513,뚝섬,을지로4가,13,22
20250513,뚝섬,을지로4가,14,17
20250513,뚝섬,을지로4가,15,18
20250513,뚝섬,을지로4가,16,10
20250513,뚝섬,을지로4가,17,31
20250513,뚝섬,을지로4가,18,14
20250513,뚝섬,을지로4가,19,15
20250513,뚝섬,을지로4가,20,5
20250513,뚝섬,을지로4가,21,4
20250513,뚝섬,을지로4가,22,11
20250513,뚝섬,을지로4가,23,4
20250513,뚝섬,을지로입구,0,1
20250513,뚝섬,을지로입구,5,2
20250513,뚝섬,을지로입구,6,7
20250513,뚝섬,을지로입구,7,47
20250513,뚝섬,을지로입구,8,88
20250513,뚝섬,을지로입구,9,31
20250513,뚝섬,을지로입구,10,26
20250513,뚝섬,을지로입구,11,17
20250513,뚝섬,을지로입구,12,16
20250513,뚝섬,을지로입구,13,21
20250513,뚝섬,을지로입구,14,21
20250513,뚝섬,을지로입구,15,33
20250513,뚝섬,을지로입구,16,38
20250513,뚝섬,을지로입구,17,43
20250513,뚝섬,을지로입구,18,55
20250513,뚝섬,을지로입구,19,27
20250513,뚝섬,을지로입구,20,34
20250513,뚝섬,을지로입구,21,15
20250513,뚝섬,을지로입구,22,6
20250513,뚝섬,이대,0,2
20250513,뚝섬,이대,5,1
20250513,뚝섬,이대,6,3
20250513,뚝섬,이대,7,7
20250513,뚝섬,이대,8,9
20250513,뚝섬,이대,9,10
20250513,뚝섬,이대,10,4
20250513,뚝섬,이대,11,5
20250513,뚝섬,이대,12,3
20250513,뚝섬,이대,13,3
20250513,뚝섬,이대,14,3
20250513,뚝섬,이대,15,8
20250513,뚝섬,이대,16,6
20250513,뚝섬,이대,17,24
20250513,뚝섬,이대,18,33
20250513,뚝섬,이대,19,11
20250513,뚝섬,이대,20,9
20250513,뚝섬,이대,21,14
20250513,뚝섬,이대,22,5
20250513,뚝섬,이대,23,3
20250513,뚝섬,잠실(송파구청),0,4
20250513,뚝섬,잠실(송파구청),5,1
20250513,뚝섬,잠실(송파구청),6,12
20250513,뚝섬,잠실(송파구청),7,23
20250513,뚝섬,잠실(송파구청),8,48
20250513,뚝섬,잠실(송파구청),9,15
20250513,뚝섬,잠실(송파구청),10,24
20250513,뚝섬,잠실(송파구청),11,29
20250513,뚝섬,잠실(송파구청),12,30
20250513,뚝섬,잠실(송파구청),13,37
20250513,뚝섬,잠실(송파구청),14,45
20250513,뚝섬,잠실(송파구청),15,69
20250513,뚝섬,잠실(송파구청),16,85
20250513,뚝섬,잠실(송파구청),17,152
20250513,뚝섬,잠실(송파구청),18,236
20250513,뚝섬,잠실(송파구청),19,132
20250513,뚝섬,잠실(송파구청),20,87
20250513,뚝섬,잠실(송파구청),21,71
20250513,뚝섬,잠실(송파구청),22,43
20250513,뚝섬,잠실(송파구청),23,18
20250513,뚝섬,잠실나루,0,1
20250513,뚝섬,잠실나루,5,2
20250513,뚝섬,잠실나루,6,1
20250513,뚝섬,잠실나루,7,5
20250513,뚝섬,잠실나루,8,23
20250513,뚝섬,잠실나루,9,5
20250513,뚝섬,잠실나루,10,1
20250513,뚝섬,잠실나루,11,8
20250513,뚝섬,잠실나루,12,6
20250513,뚝섬,잠실나루,13,8
20250513,뚝섬,잠실나루,14,13
20250513,뚝섬,잠실나루,15,9
20250513,뚝섬,잠실나루,16,17
20250513,뚝섬,잠실나루,17,28
20250513,뚝섬,잠실나루,18,31
20250513,뚝섬,잠실나루,19,22
20250513,뚝섬,잠실나루,20,13
20250513,뚝섬,잠실나루,21,12
20250513,뚝섬,잠실나루,22,8
20250513,뚝섬,잠실나루,23,6
20250513,뚝섬,잠실새내,5,2
20250513,뚝섬,잠실새내,6,4
20250513,뚝섬,잠실새내,7,7
20250513,뚝섬,잠실새내,8,5
20250513,뚝섬,잠실새내,9,4
20250513,뚝섬,잠실새내,10,4
20250513,뚝섬,잠실새내,12,5
20250513,뚝섬,잠실새내,13,9
20250513,뚝섬,잠실새내,14,9
20250513,뚝섬,잠실새내,15,17
20250513,뚝섬,잠실새내,16,12
20250513,뚝섬,잠실새내,17,26
20250513,뚝섬,잠실새내,18,53
20250513,뚝섬,잠실새내,19,19
20250513,뚝섬,잠실새내,20,19
20250513,뚝섬,잠실새내,21,18
20250513,뚝섬,잠실새내,22,5
20250513,뚝섬,잠실새내,23,2
20250513,뚝섬,종합운동장,6,2
20250513,뚝섬,종합운동장,7,2
20250513,뚝섬,종합운동장,9,1
20250513,뚝섬,종합운동장,10,1
20250513,뚝섬,종합운동장,11,2
20250513,뚝섬,종합운동장,12,2
20250513,뚝섬,종합운동장,13,2
20250513,뚝섬,종합운동장,15,2
20250513,뚝섬,종합운동장,16,10
20250513,뚝섬,종합운동장,17,32
20250513,뚝섬,종합운동장,18,33
20250513,뚝섬,종합운동장,19,8
20250513,뚝섬,종합운동장,20,4
20250513,뚝섬,종합운동장,21,2
20250513,뚝섬,종합운동장,22,2
20250513,뚝섬,종합운동장,23,2
20250513,뚝섬,충정로(경기대입구),0,1
20250513,뚝섬,충정로(경기대입구),7,5
20250513,뚝섬,충정로(경기대입구),8,12
20250513,뚝섬,충정로(경기대입구),9,6
20250513,뚝섬,충정로(경기대입구),10,4
20250513,뚝섬,충정로(경기대입구),11,4
20250513,뚝섬,충정로(경기대입구),12,2
20250513,뚝섬,충정로(경기대입구),13,4
20250513,뚝섬,충정로(경기대입구),14,4
20250513,뚝섬,충정로(경기대입구),15,3
20250513,뚝섬,충정로(경기대입구),16,6
20250513,뚝섬,충정로(경기대입구),17,10
20250513,뚝섬,충정로(경기대입구),18,17
20250513,뚝섬,충정로(경기대입구),19,6
20250513,뚝섬,충정로(경기대입구),20,8
20250513,뚝섬,충정로(경기대입구),21,12
20250513,뚝섬,충정로(경기대입구),22,2
20250513,뚝섬,충정로(경기대입구),23,2
20250513,뚝섬,한양대,6,2
20250513,뚝섬,한양대,7,6
20250513,뚝섬,한양대,8,26
20250513,뚝섬,한양대,9,21
20250513,뚝섬,한양대,10,15
20250513,뚝섬,한양대,11,5
20250513,뚝섬,한양대,12,26
20250513,뚝섬,한양대,13,24
20250513,뚝섬,한양대,14,14
20250513,뚝섬,한양대,15,11
20250513,뚝섬,한양대,16,14
20250513,뚝섬,한양대,17,18
20250513,뚝섬,한양대,18,29
20250513,뚝섬,한양대,19,5
20250513,뚝섬,한양대,20,18
20250513,뚝섬,한양대,21,6
20250513,뚝섬,한양대,22,5
20250513,뚝섬,한양대,23,3
20250513,뚝섬,합정,0,1
20250513,뚝섬,합정,5,2
20250513,뚝섬,합정,6,3
20250513,뚝섬,합정,7,9
20250513,뚝섬,합정,8,15
20250513,뚝섬,합정,9,5
20250513,뚝섬,합정,10,5
20250513,뚝섬,합정,11,5
20250513,뚝섬,합정,12,5
20250513,뚝섬,합정,13,12
20250513,뚝섬,합정,14,6
20250513,뚝섬,합정,15,20
20250513,뚝섬,합정,16,16
20250513,뚝섬,합정,17,30
20250513,뚝섬,합정,18,52
20250513,뚝섬,합정,19,39
20250513,뚝섬,합정,20,11
20250513,뚝섬,합정,21,18
20250513,뚝섬,합정,22,10
20250513,뚝섬,합정,23,6
20250513,뚝섬,홍대입구,0,2
20250513,뚝섬,홍대입구,6,2
20250513,뚝섬,홍대입구,7,4
20250513,뚝섬,홍대입구,8,23
20250513,뚝섬,홍대입구,9,21
20250513,뚝섬,홍대입구,10,4
20250513,뚝섬,홍대입구,11,16
20250513,뚝섬,홍대입구,12,23
20250513,뚝섬,홍대입구,13,26
20250513,뚝섬,홍대입구,14,30
20250513,뚝섬,홍대입구,15,32
20250513,뚝섬,홍대입구,16,49
20250513,뚝섬,홍대입구,17,93
20250513,뚝섬,홍대입구,18,109
20250513,뚝섬,홍대입구,19,80
20250513,뚝섬,홍대입구,20,61
20250513,뚝섬,홍대입구,21,56
20250513,뚝섬,홍대입구,22,16
20250513,뚝섬,홍대입구,23,14
20250513,문래,강남,5,4
20250513,문래,강남,6,40
20250513,문래,강남,7,84
20250513,문래,강남,8,96
20250513,문래,강남,9,51
20250513,문래,강남,10,17
20250513,문래,강남,11,9
20250513,문래,강남,12,15
20250513,문래,강남,13,13
20250513,문래,강남,14,16
20250513,문래,강남,15,12
20250513,문래,강남,16,12
20250513,문래,강남,17,31
20250513,문래,강남,18,52
20250513,문래,강남,19,9
20250513,문래,강남,20,4
20250513,문래,강남,21,9
20250513,문래,강남,22,11
20250513,문래,강남,23,6
20250513,문래,강변(동서울터미널),5,2
20250513,문래,강변(동서울터미널),6,1
20250513,문래,강변(동서울터미널),7,2
20250513,문래,강변(동서울터미널),8,1
20250513,문래,강변(동서울터미널),9,1
20250513,문래,강변(동서울터미널),10,2
20250513,문래,강변(동서울터미널),11,1
20250513,문래,강변(동서울터미널),12,3
20250513,문래,강변(동서울터미널),13,2
20250513,문래,강변(동서울터미널),15,7
20250513,문래,강변(동서울터미널),16,2
20250513,문래,강변(동서울터미널),17,8
20250513,문래,강변(동서울터미널),18,11
20250513,문래,강변(동서울터미널),19,6
20250513,문래,강변(동서울터미널),20,3
20250513,문래,강변(동서울터미널),21,2
20250513,문래,강변(동서울터미널),22,2
20250513,문래,강변(동서울터미널),23,1
20250513,문래,건대입구,0,1
20250513,문래,건대입구,5,1
20250513,문래,건대입구,6,2
20250513,문래,건대입구,7,3
20250513,문래,건대입구,8,10
20250513,문래,건대입구,9,11
20250513,문래,건대입구,10,2
20250513,문래,건대입구,11,4
20250513,문래,건대입구,12,3
20250513,문래,건대입구,13,4
20250513,문래,건대입구,14,3
20250513,문래,건대입구,15,3
20250513,문래,건대입구,16,4
20250513,문래,건대입구,17,10
20250513,문래,건대입구,18,24
20250513,문래,건대입구,19,15
20250513,문래,건대입구,20,10
20250513,문래,건대입구,21,3
20250513,문래,건대입구,22,2
20250513,문래,건대입구,23,1
20250513,문래,교대(법원.검찰청),5,1
20250513,문래,교대(법원.검찰청),6,7
20250513,문래,교대(법원.검찰청),7,21
20250513,문래,교대(법원.검찰청),8,26
20250513,문래,교대(법원.검찰청),9,21
20250513,문래,교대(법원.검찰청),10,8
20250513,문래,교대(법원.검찰청),11,6
20250513,문래,교대(법원.검찰청),12,6
20250513,문래,교대(법원.검찰청),13,19
20250513,문래,교대(법원.검찰청),14,7
20250513,문래,교대(법원.검찰청),15,11
20250513,문래,교대(법원.검찰청),16,13
20250513,문래,교대(법원.검찰청),17,12
20250513,문래,교대(법원.검찰청),18,15
20250513,문래,교대(법원.검찰청),19,3
20250513,문래,교대(법원.검찰청),20,1
20250513,문래,교대(법원.검찰청),21,2
20250513,문래,교대(법원.검찰청),22,3
20250513,문래,교대(법원.검찰청),23,1
20250513,문래,구로디지털단지,0,3
20250513,문래,구로디지털단지,5,5
20250513,문래,구로디지털단지,6,16
20250513,문래,구로디지털단지,7,41
20250513,문래,구로디지털단지,8,95
20250513,문래,구로디지털단지,9,42
20250513,문래,구로디지털단지,10,32
20250513,문래,구로디지털단지,11,31
20250513,문래,구로디지털단지,12,25
20250513,문래,구로디지털단지,13,42
20250513,문래,구로디지털단지,14,41
20250513,문래,구로디지털단지,15,41
20250513,문래,구로디지털단지,16,60
20250513,문래,구로디지털단지,17,106
20250513,문래,구로디지털단지,18,217
20250513,문래,구로디지털단지,19,79
20250513,문래,구로디지털단지,20,56
20250513,문래,구로디지털단지,21,54
20250513,문래,구로디지털단지,22,36
20250513,문래,구로디지털단지,23,34
20250513,문래,구의(광진구청),0,1
20250513,문래,구의(광진구청),5,2
20250513,문래,구의(광진구청),6,1
20250513,문래,구의(광진구청),7,4
20250513,문래,구의(광진구청),8,3
20250513,문래,구의(광진구청),9,1
20250513,문래,구의(광진구청),11,3
20250513,문래,구의(광진구청),12,3
20250513,문래,구의(광진구청),13,3
20250513,문래,구의(광진구청),14,1
20250513,문래,구의(광진구청),16,2
20250513,문래,구의(광진구청),17,12
20250513,문래,구의(광진구청),18,22
20250513,문래,구의(광진구청),19,9
20250513,문래,구의(광진구청),20,4
20250513,문래,구의(광진구청),21,3
20250513,문래,구의(광진구청),22,2
20250513,문래,구의(광진구청),23,5
20250513,문래,낙성대,0,1
20250513,문래,낙성대,5,1
20250513,문래,낙성대,7,8
20250513,문래,낙성대,8,8
20250513,문래,낙성대,9,4
20250513,문래,낙성대,10,2
20250513,문래,낙성대,11,3
20250513,문래,낙성대,12,4
20250513,문래,낙성대,13,3
20250513,문래,낙성대,14,6
20250513,문래,낙성대,15,4
20250513,문래,낙성대,16,11
20250513,문래,낙성대,17,23
20250513,문래,낙성대,18,49
20250513,문래,낙성대,19,25
20250513,문래,낙성대,20,12
20250513,문래,낙성대,21,12
20250513,문래,낙성대,22,3
20250513,문래,낙성대,23,4
20250513,문래,당산,0,4
20250513,문래,당산,5,7
20250513,문래,당산,6,13
20250513,문래,당산,7,22
20250513,문래,당산,8,38
20250513,문래,당산,9,15
20250513,문래,당산,10,23
20250513,문래,당산,11,13
20250513,문래,당산,12,14
20250513,문래,당산,13,23
20250513,문래,당산,14,30
20250513,문래,당산,15,42
20250513,문래,당산,16,26
20250513,문래,당산,17,54
20250513,문래,당산,18,110
20250513,문래,당산,19,34
20250513,문래,당산,20,27
20250513,문래,당산,21,26
20250513,문래,당산,22,31
20250513,문래,당산,23,10
20250513,문래,대림(구로구청),0,4
20250513,문래,대림(구로구청),5,6
20250513,문래,대림(구로구청),6,6
20250513,문래,대림(구로구청),7,23
20250513,문래,대림(구로구청),8,36
20250513,문래,대림(구로구청),9,18
20250513,문래,대림(구로구청),10,22
20250513,문래,대림(구로구청),11,23
20250513,문래,대림(구로구청),12,23
20250513,문래,대림(구로구청),13,29
20250513,문래,대림(구로구청),14,41
20250513,문래,대림(구로구청),15,28
20250513,문래,대림(구로구청),16,29
20250513,문래,대림(구로구청),17,40
20250513,문래,대림(구로구청),18,58
20250513,문래,대림(구로구청),19,33
20250513,문래,대림(구로구청),20,21
20250513,문래,대림(구로구청),21,36
20250513,문래,대림(구로구청),22,20
20250513,문래,대림(구로구청),23,4
20250513,문래,동대문역사문화공원,5,1
20250513,문래,동대문역사문화공원,6,4
20250513,문래,동대문역사문화공원,7,11
20250513,문래,동대문역사문화공원,8,15
20250513,문래,동대문역사문화공원,9,5
20250513,문래,동대문역사문화공원,10,7
20250513,문래,동대문역사문화공원,11,5
20250513,문래,동대문역사문화공원,12,7
20250513,문래,동대문역사문화공원,13,4
20250513,문래,동대문역사문화공원,14,2
20250513,문래,동대문역사문화공원,15,7
20250513,문래,동대문역사문화공원,16,5
20250513,문래,동대문역사문화공원,17,8
20250513,문래,동대문역사문화공원,18,14
20250513,문래,동대문역사문화공원,19,2
20250513,문래,동대문역사문화공원,20,5
20250513,문래,동대문역사문화공원,21,3
20250513,문래,동대문역사문화공원,22,3
20250513,문래,뚝섬,6,3
20250513,문래,뚝섬,7,23
20250513,문래,뚝섬,8,17
20250513,문래,뚝섬,9,9
20250513,문래,뚝섬,10,5
20250513,문래,뚝섬,11,6
20250513,문래,뚝섬,12,4
20250513,문래,뚝섬,13,3
20250513,문래,뚝섬,14,3
20250513,문래,뚝섬,15,5
20250513,문래,뚝섬,16,1
20250513,문래,뚝섬,17,8
20250513,문래,뚝섬,18,10
20250513,문래,뚝섬,19,1
20250513,문래,뚝섬,20,2
20250513,문래,뚝섬,23,3
20250513,문래,문래,0,1
20250513,문래,문래,5,2
20250513,문래,문래,6,3
20250513,문래,문래,7,3
20250513,문래,문래,8,6
20250513,문래,문래,9,12
20250513,문래,문래,10,5
20250513,문래,문래,11,8
20250513,문래,문래,12,6
20250513,문래,문래,13,9
20250513,문래,문래,14,46
20250513,문래,문래,15,8
20250513,문래,문래,16,12
20250513,문래,문래,17,20
20250513,문래,문래,18,17
20250513,문래,문래,19,14
20250513,문래,문래,20,10
20250513,문래,문래,21,12
20250513,문래,문래,22,9
20250513,문래,문래,23,11
20250513,문래,방배,5,3
20250513,문래,방배,6,10
20250513,문래,방배,7,14
20250513,문래,방배,8,17
20250513,문래,방배,9,17
20250513,문래,방배,10,6
20250513,문래,방배,11,6
20250513,문래,방배,12,3
20250513,문래,방배,13,2
20250513,문래,방배,14,5
20250513,문래,방배,15,5
20250513,문래,방배,16,9
20250513,문래,방배,17,12
20250513,문래,방배,18,14
20250513,문래,방배,19,7
20250513,문래,방배,21,5
20250513,문래,방배,22,2
20250513,문래,방배,23,3
20250513,문래,봉천,0,3
20250513,문래,봉천,6,1
20250513,문래,봉천,7,6
20250513,문래,봉천,8,7
20250513,문래,봉천,9,5
20250513,문래,봉천,10,6
20250513,문래,봉천,11,4
20250513,문래,봉천,12,6
20250513,문래,봉천,13,5
20250513,문래,봉천,14,9
20250513,문래,봉천,15,11
20250513,문래,봉천,16,15
20250513,문래,봉천,17,31
20250513,문래,봉천,18,61
20250513,문래,봉천,19,24
20250513,문래,봉천,20,19
20250513,문래,봉천,21,13
20250513,문래,봉천,22,15
20250513,문래,사당,0,1
20250513,문래,사당,5,4
20250513,문래,사당,6,13
20250513,문래,사당,7,28
20250513,문래,사당,8,31
20250513,문래,사당,9,8
20250513,문래,사당,10,15
20250513,문래,사당,11,11
20250513,문래,사당,12,7
20250513,문래,사당,13,7
20250513,문래,사당,14,4
20250513,문래,사당,15,11
20250513,문래,사당,16,18
20250513,문래,사당,17,41
20250513,문래,사당,18,70
20250513,문래,사당,19,21
20250513,문래,사당,20,14
20250513,문래,사당,21,9
20250513,문래,사당,22,15
20250513,문래,사당,23,8
20250513,문래,삼성(무역센터),5,5
20250513,문래,삼성(무역센터),6,26
20250513,문래,삼성(무역센터),7,82
20250513,문래,삼성(무역센터),8,46
20250513,문래,삼성(무역센터),9,32
20250513,문래,삼성(무역센터),10,9
20250513,문래,삼성(무역센터),11,4
20250513,문래,삼성(무역센터),12,7
20250513,문래,삼성(무역센터),13,11
20250513,문래,삼성(무역센터),14,13
20250513,문래,삼성(무역센터),15,3
20250513,문래,삼성(무역센터),16,8
20250513,문래,삼성(무역센터),17,10
20250513,문래,삼성(무역센터),18,7
20250513,문래,삼성(무역센터),19,3
20250513,문래,삼성(무역센터),21,2
20250513,문래,삼성(무역센터),23,1
20250513,문래,상왕십리,6,2
20250513,문래,상왕십리,7,3
20250513,문래,상왕십리,8,4
20250513,문래,상왕십리,9,2
20250513,문래,상왕십리,10,3
20250513,문래,상왕십리,11,2
20250513,문래,상왕십리,12,1
20250513,문래,상왕십리,13,3
20250513,문래,상왕십리,14,1
20250513,문래,상왕십리,15,1
20250513,문래,상왕십리,16,2
20250513,문래,상왕십리,17,3
20250513,문래,상왕십리,18,12
20250513,문래,상왕십리,19,7
20250513,문래,상왕십리,20,5
20250513,문래,상왕십리,21,2
20250513,문래,상왕십리,22,3
20250513,문래,상왕십리,23,2
20250513,문래,서울대입구(관악구청),0,3
20250513,문래,서울대입구(관악구청),5,1
20250513,문래,서울대입구(관악구청),6,5
20250513,문래,서울대입구(관악구청),7,21
20250513,문래,서울대입구(관악구청),8,20
20250513,문래,서울대입구(관악구청),9,22
20250513,문래,서울대입구(관악구청),10,9
20250513,문래,서울대입구(관악구청),11,11
20250513,문래,서울대입구(관악구청),12,8
20250513,문래,서울대입구(관악구청),13,8
20250513,문래,서울대입구(관악구청),14,7
20250513,문래,서울대입구(관악구청),15,11
20250513,문래,서울대입구(관악구청),16,22
20250513,문래,서울대입구(관악구청),17,34
20250513,문래,서울대입구(관악구청),18,76
20250513,문래,서울대입구(관악구청),19,28
20250513,문래,서울대입구(관악구청),20,15
20250513,문래,서울대입구(관악구청),21,18
20250513,문래,서울대입구(관악구청),22,22
20250513,문래,서울대입구(관악구청),23,9
20250513,문래,서초,5,10
20250513,문래,서초,6,11
20250513,문래,서초,7,42
20250513,문래,서초,8,64
20250513,문래,서초,9,12
20250513,문래,서초,10,5
20250513,문래,서초,11,3
20250513,문래,서초,12,2
20250513,문래,서초,13,4
20250513,문래,서초,14,4
20250513,문래,서초,15,10
20250513,문래,서초,16,6
20250513,문래,서초,17,5
20250513,문래,서초,18,12
20250513,문래,서초,19,5
20250513,문래,서초,20,1
20250513,문래,서초,21,3
20250513,문래,서초,22,1
20250513,문래,선릉,5,3
20250513,문래,선릉,6,27
20250513,문래,선릉,7,63
20250513,문래,선릉,8,42
20250513,문래,선릉,9,16
20250513,문래,선릉,10,9
20250513,문래,선릉,11,6
20250513,문래,선릉,12,9
20250513,문래,선릉,13,10
20250513,문래,선릉,14,12
20250513,문래,선릉,15,10
20250513,문래,선릉,16,6
20250513,문래,선릉,17,20
20250513,문래,선릉,18,13
20250513,문래,선릉,19,5
20250513,문래,선릉,20,2
20250513,문래,선릉,21,3
20250513,문래,선릉,23,1
20250513,문래,성수,5,2
20250513,문래,성수,6,9
20250513,문래,성수,7,22
20250513,문래,성수,8,28
20250513,문래,성수,9,12
20250513,문래,성수,10,7
20250513,문래,성수,11,4
20250513,문래,성수,12,6
20250513,문래,성수,13,3
20250513,문래,성수,14,6
20250513,문래,성수,15,6
20250513,문래,성수,16,4
20250513,문래,성수,17,9
20250513,문래,성수,18,7
20250513,문래,성수,19,3
20250513,문래,성수,20,2
20250513,문래,성수,21,1
20250513,문래,성수,22,1
20250513,문래,성수,23,1
20250513,문래,시청,0,1
20250513,문래,시청,5,5
20250513,문래,시청,6,17
20250513,문래,시청,7,82
20250513,문래,시청,8,130
20250513,문래,시청,9,29
20250513,문래,시청,10,26
20250513,문래,시청,11,8
20250513,문래,시청,12,10
20250513,문래,시청,13,9
20250513,문래,시청,14,8
20250513,문래,시청,15,11
20250513,문래,시청,16,5
20250513,문래,시청,17,9
20250513,문래,시청,18,11
20250513,문래,시청,19,2
20250513,문래,시청,20,1
20250513,문래,시청,21,2
20250513,문래,시청,22,2
20250513,문래,시청,23,1
20250513,문래,신당,5,1
20250513,문래,신당,6,2
20250513,문래,신당,7,6
20250513,문래,신당,8,8
20250513,문래,신당,9,1
20250513,문래,신당,10,2
20250513,문래,신당,11,1
20250513,문래,신당,12,2
20250513,문래,신당,13,1
20250513,문래,신당,14,2
20250513,문래,신당,15,2
20250513,문래,신당,16,2
20250513,문래,신당,17,9
20250513,문래,신당,18,14
20250513,문래,신당,19,8
20250513,문래,신당,20,2
20250513,문래,신당,21,2
20250513,문래,신당,22,2
20250513,문래,신당,23,1
20250513,문래,신대방,0,2
20250513,문래,신대방,5,1
20250513,문래,신대방,6,6
20250513,문래,신대방,7,9
20250513,문래,신대방,8,6
20250513,문래,신대방,9,5
20250513,문래,신대방,10,6
20250513,문래,신대방,11,11
20250513,문래,신대방,12,11
20250513,문래,신대방,13,12
20250513,문래,신대방,14,23
20250513,문래,신대방,15,20
20250513,문래,신대방,16,18
20250513,문래,신대방,17,58
20250513,문래,신대방,18,93
20250513,문래,신대방,19,34
20250513,문래,신대방,20,22
20250513,문래,신대방,21,21
20250513,문래,신대방,22,31
20250513,문래,신대방,23,10
20250513,문래,신도림,0,7
20250513,문래,신도림,5,3
20250513,문래,신도림,6,9
20250513,문래,신도림,7,18
20250513,문래,신도림,8,33
20250513,문래,신도림,9,24
20250513,문래,신도림,10,30
20250513,문래,신도림,11,35
20250513,문래,신도림,12,28
20250513,문래,신도림,13,42
20250513,문래,신도림,14,34
20250513,문래,신도림,15,44
20250513,문래,신도림,16,40
20250513,문래,신도림,17,49
20250513,문래,신도림,18,94
20250513,문래,신도림,19,36
20250513,문래,신도림,20,29
20250513,문래,신도림,21,35
20250513,문래,신도림,22,29
20250513,문래,신도림,23,16
20250513,문래,신림,0,9
20250513,문래,신림,5,1
20250513,문래,신림,6,5
20250513,문래,신림,7,9
20250513,문래,신림,8,11
20250513,문래,신림,9,6
20250513,문래,신림,10,8
20250513,문래,신림,11,4
20250513,문래,신림,12,14
20250513,문래,신림,13,14
20250513,문래,신림,14,15
20250513,문래,신림,15,14
20250513,문래,신림,16,39
20250513,문래,신림,17,70
20250513,문래,신림,18,184
20250513,문래,신림,19,62
20250513,문래,신림,20,63
20250513,문래,신림,21,43
20250513,문래,신림,22,54
20250513,문래,신림,23,26
20250513,문래,신촌,0,1
20250513,문래,신촌,5,2
20250513,문래,신촌,6,12
20250513,문래,신촌,7,43
20250513,문래,신촌,8,73
20250513,문래,신촌,9,69
20250513,문래,신촌,10,25
20250513,문래,신촌,11,20
20250513,문래,신촌,12,26
20250513,문래,신촌,13,34
20250513,문래,신촌,14,23
20250513,문래,신촌,15,21
20250513,문래,신촌,16,21
20250513,문래,신촌,17,35
20250513,문래,신촌,18,92
20250513,문래,신촌,19,26
20250513,문래,신촌,20,15
20250513,문래,신촌,21,12
20250513,문래,신촌,22,13
20250513,문래,신촌,23,5
20250513,문래,아현,5,2
20250513,문래,아현,6,4
20250513,문래,아현,7,13
20250513,문래,아현,8,13
20250513,문래,아현,9,1
20250513,문래,아현,10,2
20250513,문래,아현,11,1
20250513,문래,아현,12,4
20250513,문래,아현,13,4
20250513,문래,아현,14,3
20250513,문래,아현,15,6
20250513,문래,아현,16,11
20250513,문래,아현,17,10
20250513,문래,아현,18,30
20250513,문래,아현,19,10
20250513,문래,아현,20,6
20250513,문래,아현,21,6
20250513,문래,아현,22,3
20250513,문래,아현,23,3
20250513,문래,역삼,5,7
20250513,문래,역삼,6,24
20250513,문래,역삼,7,90
20250513,문래,역삼,8,68
20250513,문래,역삼,9,53
20250513,문래,역삼,10,16
20250513,문래,역삼,11,6
20250513,문래,역삼,12,12
20250513,문래,역삼,13,15
20250513,문래,역삼,14,7
20250513,문래,역삼,15,7
20250513,문래,역삼,16,4
20250513,문래,역삼,17,8
20250513,문래,역삼,18,13
20250513,문래,역삼,19,4
20250513,문래,역삼,20,4
20250513,문래,역삼,21,2
20250513,문래,역삼,22,1
20250513,문래,역삼,23,4
20250513,문래,영등포구청,5,1
20250513,문래,영등포구청,6,3
20250513,문래,영등포구청,7,13
20250513,문래,영등포구청,8,38
20250513,문래,영등포구청,9,28
20250513,문래,영등포구청,10,34
20250513,문래,영등포구청,11,23
20250513,문래,영등포구청,12,29
20250513,문래,영등포구청,13,31
20250513,문래,영등포구청,14,35
20250513,문래,영등포구청,15,29
20250513,문래,영등포구청,16,34
20250513,문래,영등포구청,17,29
20250513,문래,영등포구청,18,34
20250513,문래,영등포구청,19,23
20250513,문래,영등포구청,20,11
20250513,문래,영등포구청,21,8
20250513,문래,영등포구청,22,6
20250513,문래,영등포구청,23,8
20250513,문래,왕십리(성동구청),0,1
20250513,문래,왕십리(성동구청),6,1
20250513,문래,왕십리(성동구청),7,2
20250513,문래,왕십리(성동구청),8,3
20250513,문래,왕십리(성동구청),9,2
20250513,문래,왕십리(성동구청),10,1
20250513,문래,왕십리(성동구청),11,5
20250513,문래,왕십리(성동구청),12,4
20250513,문래,왕십리(성동구청),13,1
20250513,문래,왕십리(성동구청),14,2
20250513,문래,왕십리(성동구청),15,2
20250513,문래,왕십리(성동구청),16,3
20250513,문래,왕십리(성동구청),17,7
20250513,문래,왕십리(성동구청),18,13
20250513,문래,왕십리(성동구청),19,7
20250513,문래,왕십리(성동구청),20,6
20250513,문래,왕십리(성동구청),21,3
20250513,문래,왕십리(성동구청),22,2
20250513,문래,용두(동대문구청),11,1
20250513,문래,용두(동대문구청),14,1
20250513,문래,용두(동대문구청),16,1
20250513,문래,용두(동대문구청),17,1
20250513,문래,용두(동대문구청),18,2
20250513,문래,용두(동대문구청),21,1
20250513,문래,용두(동대문구청),22,1
20250513,문래,을지로3가,6,13
20250513,문래,을지로3가,7,46
20250513,문래,을지로3가,8,79
20250513,문래,을지로3가,9,17
20250513,문래,을지로3가,10,9
20250513,문래,을지로3가,11,8
20250513,문래,을지로3가,12,3
20250513,문래,을지로3가,13,6
20250513,문래,을지로3가,14,7
20250513,문래,을지로3가,15,6
20250513,문래,을지로3가,16,12
20250513,문래,을지로3가,17,11
20250513,문래,을지로3가,18,12
20250513,문래,을지로3가,19,9
20250513,문래,을지로3가,20,3
20250513,문래,을지로3가,21,2
20250513,문래,을지로3가,22,3
20250513,문래,을지로4가,5,2
20250513,문래,을지로4가,6,6
20250513,문래,을지로4가,7,25
20250513,문래,을지로4가,8,23
20250513,문래,을지로4가,9,3
20250513,문래,을지로4가,10,8
20250513,문래,을지로4가,11,12
20250513,문래,을지로4가,12,3
20250513,문래,을지로4가,13,1
20250513,문래,을지로4가,14,2
20250513,문래,을지로4가,15,6
20250513,문래,을지로4가,16,3
20250513,문래,을지로4가,17,7
20250513,문래,을지로4가,18,8
20250513,문래,을지로4가,19,2
20250513,문래,을지로4가,20,1
20250513,문래,을지로4가,21,3
20250513,문래,을지로4가,22,2
20250513,문래,을지로4가,23,1
20250513,문래,을지로입구,5,8
20250513,문래,을지로입구,6,26
20250513,문래,을지로입구,7,130
20250513,문래,을지로입구,8,142
20250513,문래,을지로입구,9,55
20250513,문래,을지로입구,10,25
20250513,문래,을지로입구,11,15
20250513,문래,을지로입구,12,17
20250513,문래,을지로입구,13,9
20250513,문래,을지로입구,14,20
20250513,문래,을지로입구,15,13
20250513,문래,을지로입구,16,13
20250513,문래,을지로입구,17,16
20250513,문래,을지로입구,18,14
20250513,문래,을지로입구,19,10
20250513,문래,을지로입구,20,2
20250513,문래,을지로입구,21,5
20250513,문래,을지로입구,22,3
20250513,문래,을지로입구,23,1
20250513,문래,이대,6,5
20250513,문래,이대,7,15
20250513,문래,이대,8,20
20250513,문래,이대,9,16
20250513,문래,이대,10,14
20250513,문래,이대,11,6
20250513,문래,이대,12,8
20250513,문래,이대,13,17
20250513,문래,이대,14,13
20250513,문래,이대,15,5
20250513,문래,이대,16,10
20250513,문래,이대,17,15
20250513,문래,이대,18,32
20250513,문래,이대,19,7
20250513,문래,이대,20,11
20250513,문래,이대,21,7
20250513,문래,이대,22,6
20250513,문래,이대,23,2
20250513,문래,잠실(송파구청),5,3
20250513,문래,잠실(송파구청),6,12
20250513,문래,잠실(송파구청),7,42
20250513,문래,잠실(송파구청),8,30
20250513,문래,잠실(송파구청),9,11
20250513,문래,잠실(송파구청),10,9
20250513,문래,잠실(송파구청),11,7
20250513,문래,잠실(송파구청),12,6
20250513,문래,잠실(송파구청),13,5
20250513,문래,잠실(송파구청),14,8
20250513,문래,잠실(송파구청),15,7
20250513,문래,잠실(송파구청),16,11
20250513,문래,잠실(송파구청),17,18
20250513,문래,잠실(송파구청),18,30
20250513,문래,잠실(송파구청),19,10
20250513,문래,잠실(송파구청),20,9
20250513,문래,잠실(송파구청),21,8
20250513,문래,잠실(송파구청),22,7
20250513,문래,잠실(송파구청),23,1
20250513,문래,잠실나루,6,5
20250513,문래,잠실나루,7,8
20250513,문래,잠실나루,8,2
20250513,문래,잠실나루,9,4
20250513,문래,잠실나루,12,3
20250513,문래,잠실나루,13,3
20250513,문래,잠실나루,14,2
20250513,문래,잠실나루,16,4
20250513,문래,잠실나루,17,10
20250513,문래,잠실나루,18,4
20250513,문래,잠실나루,19,1
20250513,문래,잠실나루,22,2
20250513,문래,잠실새내,8,1
20250513,문래,잠실새내,9,4
20250513,문래,잠실새내,11,1
20250513,문래,잠실새내,12,1
20250513,문래,잠실새내,13,1
20250513,문래,잠실새내,14,2
20250513,문래,잠실새내,15,3
20250513,문래,잠실새내,16,4
20250513,문래,잠실새내,17,7
20250513,문래,잠실새내,18,16
20250513,문래,잠실새내,19,3
20250513,문래,잠실새내,20,1
20250513,문래,잠실새내,21,4
20250513,문래,잠실새내,22,3
20250513,문래,잠실새내,23,1
20250513,문래,종합운동장,5,1
20250513,문래,종합운동장,6,3
20250513,문래,종합운동장,7,2
20250513,문래,종합운동장,8,1
20250513,문래,종합운동장,10,1
20250513,문래,종합운동장,11,1
20250513,문래,종합운동장,12,1
20250513,문래,종합운동장,13,1
20250513,문래,종합운동장,15,5
20250513,문래,종합운동장,16,16
20250513,문래,종합운동장,17,21
20250513,문래,종합운동장,18,19
20250513,문래,종합운동장,19,2
20250513,문래,종합운동장,20,4
20250513,문래,종합운동장,21,3
20250513,문래,종합운동장,23,1
20250513,문래,충정로(경기대입구),5,2
20250513,문래,충정로(경기대입구),6,7
20250513,문래,충정로(경기대입구),7,25
20250513,문래,충정로(경기대입구),8,58
20250513,문래,충정로(경기대입구),9,8
20250513,문래,충정로(경기대입구),10,3
20250513,문래,충정로(경기대입구),11,5
20250513,문래,충정로(경기대입구),12,5
20250513,문래,충정로(경기대입구),13,5
20250513,문래,충정로(경기대입구),14,2
20250513,문래,충정로(경기대입구),15,4
20250513,문래,충정로(경기대입구),16,3
20250513,문래,충정로(경기대입구),17,7
20250513,문래,충정로(경기대입구),18,9
20250513,문래,충정로(경기대입구),19,2
20250513,문래,충정로(경기대입구),20,3
20250513,문래,충정로(경기대입구),21,1
20250513,문래,충정로(경기대입구),22,2
20250513,문래,한양대,5,1
20250513,문래,한양대,6,2
20250513,문래,한양대,7,7
20250513,문래,한양대,8,13
20250513,문래,한양대,9,11
20250513,문래,한양대,10,3
20250513,문래,한양대,11,4
20250513,문래,한양대,12,4
20250513,문래,한양대,13,5
20250513,문래,한양대,14,2
20250513,문래,한양대,15,4
20250513,문래,한양대,17,2
20250513,문래,한양대,18,8
20250513,문래,한양대,19,3
20250513,문래,한양대,21,4
20250513,문래,한양대,23,1
20250513,문래,합정,0,3
20250513,문래,합정,5,1
20250513,문래,합정,6,6
20250513,문래,합정,7,33
20250513,문래,합정,8,74
20250513,문래,합정,9,45
20250513,문래,합정,10,23
20250513,문래,합정,11,11
20250513,문래,합정,12,19
20250513,문래,합정,13,28
20250513,문래,합정,14,24
20250513,문래,합정,15,19
20250513,문래,합정,16,35
20250513,문래,합정,17,64
20250513,문래,합정,18,97
20250513,문래,합정,19,42
20250513,문래,합정,20,22
20250513,문래,합정,21,17
20250513,문래,합정,22,17
20250513,문래,합정,23,12
20250513,문래,홍대입구,0,3
20250513,문래,홍대입구,5,4
20250513,문래,홍대입구,6,7
20250513,문래,홍대입구,7,30
20250513,문래,홍대입구,8,43
20250513,문래,홍대입구,9,49
20250513,문래,홍대입구,10,26
20250513,문래,홍대입구,11,26
20250513,문래,홍대입구,12,30
20250513,문래,홍대입구,13,28
20250513,문래,홍대입구,14,12
20250513,문래,홍대입구,15,33
20250513,문래,홍대입구,16,22
20250513,문래,홍대입구,17,55
20250513,문래,홍대입구,18,187
20250513,문래,홍대입구,19,51
20250513,문래,홍대입구,20,38
20250513,문래,홍대입구,21,18
20250513,문래,홍대입구,22,28
20250513,문래,홍대입구,23,20
20250513,방배,강남,0,7
20250513,방배,강남,5,8
20250513,방배,강남,6,28
20250513,방배,강남,7,98
20250513,방배,강남,8,122
20250513,방배,강남,9,109
20250513,방배,강남,10,61
20250513,방배,강남,11,53
20250513,방배,강남,12,60
20250513,방배,강남,13,65
20250513,방배,강남,14,85
20250513,방배,강남,15,94
20250513,방배,강남,16,119
20250513,방배,강남,17,129
20250513,방배,강남,18,174
20250513,방배,강남,19,54
20250513,방배,강남,20,52
20250513,방배,강남,21,33
20250513,방배,강남,22,41
20250513,방배,강남,23,7
20250513,방배,강변(동서울터미널),5,3
20250513,방배,강변(동서울터미널),6,2
20250513,방배,강변(동서울터미널),7,6
20250513,방배,강변(동서울터미널),8,6
20250513,방배,강변(동서울터미널),9,2
20250513,방배,강변(동서울터미널),10,2
20250513,방배,강변(동서울터미널),11,4
20250513,방배,강변(동서울터미널),12,3
20250513,방배,강변(동서울터미널),13,9
20250513,방배,강변(동서울터미널),14,14
20250513,방배,강변(동서울터미널),15,14
20250513,방배,강변(동서울터미널),16,9
20250513,방배,강변(동서울터미널),17,13
20250513,방배,강변(동서울터미널),18,32
20250513,방배,강변(동서울터미널),19,13
20250513,방배,강변(동서울터미널),20,6
20250513,방배,강변(동서울터미널),21,8
20250513,방배,강변(동서울터미널),22,9
20250513,방배,건대입구,6,2
20250513,방배,건대입구,7,1
20250513,방배,건대입구,8,5
20250513,방배,건대입구,9,2
20250513,방배,건대입구,10,2
20250513,방배,건대입구,11,4
20250513,방배,건대입구,12,8
20250513,방배,건대입구,13,9
20250513,방배,건대입구,14,9
20250513,방배,건대입구,15,8
20250513,방배,건대입구,16,13
20250513,방배,건대입구,17,29
20250513,방배,건대입구,18,17
20250513,방배,건대입구,19,8
20250513,방배,건대입구,20,4
20250513,방배,건대입구,21,9
20250513,방배,건대입구,22,4
20250513,방배,교대(법원.검찰청),5,6
20250513,방배,교대(법원.검찰청),6,9
20250513,방배,교대(법원.검찰청),7,34
20250513,방배,교대(법원.검찰청),8,44
20250513,방배,교대(법원.검찰청),9,45
20250513,방배,교대(법원.검찰청),10,36
20250513,방배,교대(법원.검찰청),11,43
20250513,방배,교대(법원.검찰청),12,40
20250513,방배,교대(법원.검찰청),13,32
20250513,방배,교대(법원.검찰청),14,34
20250513,방배,교대(법원.검찰청),15,30
20250513,방배,교대(법원.검찰청),16,74
20250513,방배,교대(법원.검찰청),17,51
20250513,방배,교대(법원.검찰청),18,53
20250513,방배,교대(법원.검찰청),19,24
20250513,방배,교대(법원.검찰청),20,16
20250513,방배,교대(법원.검찰청),21,17
20250513,방배,교대(법원.검찰청),22,13
20250513,방배,교대(법원.검찰청),23,5
20250513,방배,구로디지털단지,0,3
20250513,방배,구로디지털단지,5,3
20250513,방배,구로디지털단지,6,6
20250513,방배,구로디지털단지,7,35
20250513,방배,구로디지털단지,8,61
20250513,방배,구로디지털단지,9,22
20250513,방배,구로디지털단지,10,8
20250513,방배,구로디지털단지,11,9
20250513,방배,구로디지털단지,12,19
20250513,방배,구로디지털단지,13,20
20250513,방배,구로디지털단지,14,20
20250513,방배,구로디지털단지,15,28
20250513,방배,구로디지털단지,16,52
20250513,방배,구로디지털단지,17,58
20250513,방배,구로디지털단지,18,93
20250513,방배,구로디지털단지,19,43
20250513,방배,구로디지털단지,20,28
20250513,방배,구로디지털단지,21,45
20250513,방배,구로디지털단지,22,26
20250513,방배,구로디지털단지,23,16
20250513,방배,구의(광진구청),5,1
20250513,방배,구의(광진구청),6,3
20250513,방배,구의(광진구청),7,1
20250513,방배,구의(광진구청),8,6
20250513,방배,구의(광진구청),9,4
20250513,방배,구의(광진구청),10,2
20250513,방배,구의(광진구청),11,6
20250513,방배,구의(광진구청),12,3
20250513,방배,구의(광진구청),13,3
20250513,방배,구의(광진구청),14,2
20250513,방배,구의(광진구청),15,7
20250513,방배,구의(광진구청),16,14
20250513,방배,구의(광진구청),17,25
20250513,방배,구의(광진구청),18,21
20250513,방배,구의(광진구청),19,9
20250513,방배,구의(광진구청),20,11
20250513,방배,구의(광진구청),21,3
20250513,방배,구의(광진구청),22,3
20250513,방배,구의(광진구청),23,1
20250513,방배,낙성대,0,12
20250513,방배,낙성대,6,2
20250513,방배,낙성대,7,9
20250513,방배,낙성대,8,20
20250513,방배,낙성대,9,29
20250513,방배,낙성대,10,21
20250513,방배,낙성대,11,25
20250513,방배,낙성대,12,28
20250513,방배,낙성대,13,29
20250513,방배,낙성대,14,33
20250513,방배,낙성대,15,42
20250513,방배,낙성대,16,56
20250513,방배,낙성대,17,53
20250513,방배,낙성대,18,88
20250513,방배,낙성대,19,59
20250513,방배,낙성대,20,43
20250513,방배,낙성대,21,46
20250513,방배,낙성대,22,27
20250513,방배,낙성대,23,24
20250513,방배,당산,6,1
20250513,방배,당산,7,10
20250513,방배,당산,8,12
20250513,방배,당산,9,2
20250513,방배,당산,10,4
20250513,방배,당산,11,4
20250513,방배,당산,12,8
20250513,방배,당산,13,9
20250513,방배,당산,14,13
20250513,방배,당산,15,12
20250513,방배,당산,16,25
20250513,방배,당산,17,28
20250513,방배,당산,18,28
20250513,방배,당산,19,16
20250513,방배,당산,20,8
20250513,방배,당산,21,11
20250513,방배,당산,22,21
20250513,방배,당산,23,2
20250513,방배,대림(구로구청),5,1
20250513,방배,대림(구로구청),6,5
20250513,방배,대림(구로구청),7,11
20250513,방배,대림(구로구청),8,6
20250513,방배,대림(구로구청),9,7
20250513,방배,대림(구로구청),10,7
20250513,방배,대림(구로구청),11,7
20250513,방배,대림(구로구청),12,4
20250513,방배,대림(구로구청),13,5
20250513,방배,대림(구로구청),14,13
20250513,방배,대림(구로구청),15,14
20250513,방배,대림(구로구청),16,25
20250513,방배,대림(구로구청),17,18
20250513,방배,대림(구로구청),18,30
20250513,방배,대림(구로구청),19,19
20250513,방배,대림(구로구청),20,13
20250513,방배,대림(구로구청),21,25
20250513,방배,대림(구로구청),22,15
20250513,방배,대림(구로구청),23,1
20250513,방배,동대문역사문화공원,0,1
20250513,방배,동대문역사문화공원,12,1
20250513,방배,동대문역사문화공원,13,2
20250513,방배,동대문역사문화공원,14,4
20250513,방배,동대문역사문화공원,17,3
20250513,방배,뚝섬,6,1
20250513,방배,뚝섬,7,2
20250513,방배,뚝섬,8,5
20250513,방배,뚝섬,9,3
20250513,방배,뚝섬,10,3
20250513,방배,뚝섬,11,1
20250513,방배,뚝섬,12,4
20250513,방배,뚝섬,13,4
20250513,방배,뚝섬,14,1
20250513,방배,뚝섬,15,4
20250513,방배,뚝섬,16,5
20250513,방배,뚝섬,17,3
20250513,방배,뚝섬,18,4
20250513,방배,뚝섬,19,1
20250513,방배,뚝섬,20,1
20250513,방배,뚝섬,22,1
20250513,방배,문래,0,1
20250513,방배,문래,6,3
20250513,방배,문래,7,19
20250513,방배,문래,8,23
20250513,방배,문래,9,4
20250513,방배,문래,10,4
20250513,방배,문래,11,6
20250513,방배,문래,12,3
20250513,방배,문래,13,8
20250513,방배,문래,14,7
20250513,방배,문래,15,11
20250513,방배,문래,16,17
20250513,방배,문래,17,17
20250513,방배,문래,18,16
20250513,방배,문래,19,8
20250513,방배,문래,20,9
20250513,방배,문래,21,3
20250513,방배,문래,22,2
20250513,방배,문래,23,1
20250513,방배,방배,0,2
20250513,방배,방배,4,1
20250513,방배,방배,5,1
20250513,방배,방배,6,3
20250513,방배,방배,7,5
20250513,방배,방배,8,5
20250513,방배,방배,9,9
20250513,방배,방배,10,4
20250513,방배,방배,11,15
20250513,방배,방배,12,6
20250513,방배,방배,13,14
20250513,방배,방배,14,23
20250513,방배,방배,15,15
20250513,방배,방배,16,15
20250513,방배,방배,17,22
20250513,방배,방배,18,52
20250513,방배,방배,19,16
20250513,방배,방배,20,5
20250513,방배,방배,21,23
20250513,방배,방배,22,6
20250513,방배,방배,23,6
20250513,방배,봉천,0,6
20250513,방배,봉천,6,4
20250513,방배,봉천,7,8
20250513,방배,봉천,8,14
20250513,방배,봉천,9,5
20250513,방배,봉천,10,8
20250513,방배,봉천,11,10
20250513,방배,봉천,12,20
20250513,방배,봉천,13,22
20250513,방배,봉천,14,15
20250513,방배,봉천,15,25
20250513,방배,봉천,16,47
20250513,방배,봉천,17,42
20250513,방배,봉천,18,69
20250513,방배,봉천,19,31
20250513,방배,봉천,20,36
20250513,방배,봉천,21,32
20250513,방배,봉천,22,27
20250513,방배,봉천,23,11
20250513,방배,사당,0,7
20250513,방배,사당,5,7
20250513,방배,사당,6,28
20250513,방배,사당,7,33
20250513,방배,사당,8,36
20250513,방배,사당,9,30
20250513,방배,사당,10,35
20250513,방배,사당,11,54
20250513,방배,사당,12,56
20250513,방배,사당,13,61
20250513,방배,사당,14,77
20250513,방배,사당,15,85
20250513,방배,사당,16,123
20250513,방배,사당,17,125
20250513,방배,사당,18,149
20250513,방배,사당,19,81
20250513,방배,사당,20,83
20250513,방배,사당,21,82
20250513,방배,사당,22,75
20250513,방배,사당,23,22
20250513,방배,삼성(무역센터),0,2
20250513,방배,삼성(무역센터),5,6
20250513,방배,삼성(무역센터),6,16
20250513,방배,삼성(무역센터),7,56
20250513,방배,삼성(무역센터),8,99
20250513,방배,삼성(무역센터),9,65
20250513,방배,삼성(무역센터),10,34
20250513,방배,삼성(무역센터),11,20
20250513,방배,삼성(무역센터),12,20
20250513,방배,삼성(무역센터),13,18
20250513,방배,삼성(무역센터),14,23
20250513,방배,삼성(무역센터),15,20
20250513,방배,삼성(무역센터),16,20
20250513,방배,삼성(무역센터),17,30
20250513,방배,삼성(무역센터),18,21
20250513,방배,삼성(무역센터),19,7
20250513,방배,삼성(무역센터),20,3
20250513,방배,삼성(무역센터),21,6
20250513,방배,삼성(무역센터),22,2
20250513,방배,삼성(무역센터),23,2
20250513,방배,상왕십리,10,1
20250513,방배,상왕십리,11,1
20250513,방배,상왕십리,14,3
20250513,방배,상왕십리,15,2
20250513,방배,상왕십리,16,7
20250513,방배,상왕십리,17,1
20250513,방배,상왕십리,18,7
20250513,방배,상왕십리,20,3
20250513,방배,상왕십리,21,1
20250513,방배,상왕십리,22,5
20250513,방배,상왕십리,23,1
20250513,방배,서울대입구(관악구청),0,10
20250513,방배,서울대입구(관악구청),5,2
20250513,방배,서울대입구(관악구청),6,11
20250513,방배,서울대입구(관악구청),7,20
20250513,방배,서울대입구(관악구청),8,56
20250513,방배,서울대입구(관악구청),9,36
20250513,방배,서울대입구(관악구청),10,30
20250513,방배,서울대입구(관악구청),11,31
20250513,방배,서울대입구(관악구청),12,32
20250513,방배,서울대입구(관악구청),13,31
20250513,방배,서울대입구(관악구청),14,61
20250513,방배,서울대입구(관악구청),15,45
20250513,방배,서울대입구(관악구청),16,57
20250513,방배,서울대입구(관악구청),17,109
20250513,방배,서울대입구(관악구청),18,132
20250513,방배,서울대입구(관악구청),19,83
20250513,방배,서울대입구(관악구청),20,52
20250513,방배,서울대입구(관악구청),21,65
20250513,방배,서울대입구(관악구청),22,57
20250513,방배,서울대입구(관악구청),23,25
20250513,방배,서초,0,1
20250513,방배,서초,5,2
20250513,방배,서초,6,11
20250513,방배,서초,7,10
20250513,방배,서초,8,27
20250513,방배,서초,9,27
20250513,방배,서초,10,26
20250513,방배,서초,11,18
20250513,방배,서초,12,25
20250513,방배,서초,13,25
20250513,방배,서초,14,23
20250513,방배,서초,15,29
20250513,방배,서초,16,28
20250513,방배,서초,17,36
20250513,방배,서초,18,29
20250513,방배,서초,19,22
20250513,방배,서초,20,8
20250513,방배,서초,21,15
20250513,방배,서초,22,13
20250513,방배,서초,23,12
20250513,방배,선릉,0,6
20250513,방배,선릉,5,6
20250513,방배,선릉,6,15
20250513,방배,선릉,7,56
20250513,방배,선릉,8,93
20250513,방배,선릉,9,77
20250513,방배,선릉,10,31
20250513,방배,선릉,11,12
20250513,방배,선릉,12,28
20250513,방배,선릉,13,27
20250513,방배,선릉,14,29
20250513,방배,선릉,15,28
20250513,방배,선릉,16,32
20250513,방배,선릉,17,27
20250513,방배,선릉,18,20
20250513,방배,선릉,19,21
20250513,방배,선릉,20,13
20250513,방배,선릉,21,13
20250513,방배,선릉,22,8
20250513,방배,선릉,23,2
20250513,방배,성수,7,9
20250513,방배,성수,8,10
20250513,방배,성수,9,3
20250513,방배,성수,10,4
20250513,방배,성수,11,1
20250513,방배,성수,12,4
20250513,방배,성수,13,10
20250513,방배,성수,14,5
20250513,방배,성수,15,10
20250513,방배,성수,16,3
20250513,방배,성수,17,10
20250513,방배,성수,18,13
20250513,방배,성수,20,6
20250513,방배,성수,21,1
20250513,방배,성수,22,2
20250513,방배,성수,23,5
20250513,방배,시청,6,3
20250513,방배,시청,7,2
20250513,방배,시청,8,5
20250513,방배,시청,9,3
20250513,방배,시청,10,2
20250513,방배,시청,11,1
20250513,방배,시청,12,1
20250513,방배,시청,13,1
20250513,방배,시청,14,1
20250513,방배,시청,16,3
20250513,방배,시청,17,1
20250513,방배,시청,19,1
20250513,방배,신당,6,3
20250513,방배,신당,9,1
20250513,방배,신당,12,2
20250513,방배,신당,13,2
20250513,방배,신당,14,1
20250513,방배,신당,18,5
20250513,방배,신당,19,1
20250513,방배,신당,21,2
20250513,방배,신당,23,1
20250513,방배,신대방,0,4
20250513,방배,신대방,6,7
20250513,방배,신대방,7,6
20250513,방배,신대방,8,12
20250513,방배,신대방,9,9
20250513,방배,신대방,10,4
20250513,방배,신대방,11,12
20250513,방배,신대방,12,16
20250513,방배,신대방,13,8
20250513,방배,신대방,14,21
20250513,방배,신대방,15,24
20250513,방배,신대방,16,23
20250513,방배,신대방,17,49
20250513,방배,신대방,18,56
20250513,방배,신대방,19,27
20250513,방배,신대방,20,30
20250513,방배,신대방,21,31
20250513,방배,신대방,22,22
20250513,방배,신대방,23,9
20250513,방배,신도림,0,2
20250513,방배,신도림,6,4
20250513,방배,신도림,7,11
20250513,방배,신도림,8,20
20250513,방배,신도림,9,6
20250513,방배,신도림,10,9
20250513,방배,신도림,11,6
20250513,방배,신도림,12,8
20250513,방배,신도림,13,13
20250513,방배,신도림,14,22
20250513,방배,신도림,15,20
20250513,방배,신도림,16,26
20250513,방배,신도림,17,34
20250513,방배,신도림,18,49
20250513,방배,신도림,19,25
20250513,방배,신도림,20,21
20250513,방배,신도림,21,22
20250513,방배,신도림,22,18
20250513,방배,신도림,23,8
20250513,방배,신림,0,13
20250513,방배,신림,5,2
20250513,방배,신림,6,12
20250513,방배,신림,7,24
20250513,방배,신림,8,26
20250513,방배,신림,9,16
20250513,방배,신림,10,18
20250513,방배,신림,11,24
20250513,방배,신림,12,32
20250513,방배,신림,13,41
20250513,방배,신림,14,59
20250513,방배,신림,15,68
20250513,방배,신림,16,69
20250513,방배,신림,17,130
20250513,방배,신림,18,171
20250513,방배,신림,19,106
20250513,방배,신림,20,93
20250513,방배,신림,21,107
20250513,방배,신림,22,63
20250513,방배,신림,23,25
20250513,방배,신촌,6,3
20250513,방배,신촌,7,18
20250513,방배,신촌,8,20
20250513,방배,신촌,9,15
20250513,방배,신촌,10,11
20250513,방배,신촌,11,9
20250513,방배,신촌,12,9
20250513,방배,신촌,13,2
20250513,방배,신촌,14,5
20250513,방배,신촌,15,4
20250513,방배,신촌,16,20
20250513,방배,신촌,17,14
20250513,방배,신촌,18,15
20250513,방배,신촌,19,11
20250513,방배,신촌,20,4
20250513,방배,신촌,21,4
20250513,방배,신촌,22,6
20250513,방배,아현,0,1
20250513,방배,아현,6,1
20250513,방배,아현,7,2
20250513,방배,아현,9,2
20250513,방배,아현,10,1
20250513,방배,아현,11,2
20250513,방배,아현,12,2
20250513,방배,아현,13,1
20250513,방배,아현,14,3
20250513,방배,아현,15,1
20250513,방배,아현,16,5
20250513,방배,아현,17,3
20250513,방배,아현,18,3
20250513,방배,아현,19,2
20250513,방배,아현,20,3
20250513,방배,아현,21,2
20250513,방배,아현,22,2
20250513,방배,역삼,0,2
20250513,방배,역삼,5,3
20250513,방배,역삼,6,16
20250513,방배,역삼,7,68
20250513,방배,역삼,8,130
20250513,방배,역삼,9,70
20250513,방배,역삼,10,34
20250513,방배,역삼,11,29
20250513,방배,역삼,12,14
20250513,방배,역삼,13,24
20250513,방배,역삼,14,25
20250513,방배,역삼,15,16
20250513,방배,역삼,16,16
20250513,방배,역삼,17,24
20250513,방배,역삼,18,29
20250513,방배,역삼,19,11
20250513,방배,역삼,20,11
20250513,방배,역삼,21,7
20250513,방배,역삼,22,9
20250513,방배,역삼,23,2
20250513,방배,영등포구청,5,1
20250513,방배,영등포구청,6,2
20250513,방배,영등포구청,7,7
20250513,방배,영등포구청,8,16
20250513,방배,영등포구청,9,6
20250513,방배,영등포구청,10,2
20250513,방배,영등포구청,11,4
20250513,방배,영등포구청,12,2
20250513,방배,영등포구청,13,4
20250513,방배,영등포구청,14,4
20250513,방배,영등포구청,15,9
20250513,방배,영등포구청,16,14
20250513,방배,영등포구청,17,19
20250513,방배,영등포구청,18,23
20250513,방배,영등포구청,19,7
20250513,방배,영등포구청,20,8
20250513,방배,영등포구청,21,4
20250513,방배,영등포구청,22,4
20250513,방배,영등포구청,23,2
20250513,방배,왕십리(성동구청),8,1
20250513,방배,왕십리(성동구청),12,1
20250513,방배,왕십리(성동구청),13,2
20250513,방배,왕십리(성동구청),14,2
20250513,방배,왕십리(성동구청),16,1
20250513,방배,왕십리(성동구청),17,4
20250513,방배,왕십리(성동구청),18,2
20250513,방배,왕십리(성동구청),20,1
20250513,방배,왕십리(성동구청),21,2
20250513,방배,용두(동대문구청),12,1
20250513,방배,용두(동대문구청),16,3
20250513,방배,용두(동대문구청),17,1
20250513,방배,용두(동대문구청),18,2
20250513,방배,용두(동대문구청),19,1
20250513,방배,을지로3가,7,1
20250513,방배,을지로3가,9,1
20250513,방배,을지로3가,12,1
20250513,방배,을지로3가,13,2
20250513,방배,을지로3가,22,1
20250513,방배,을지로4가,6,1
20250513,방배,을지로4가,7,1
20250513,방배,을지로4가,10,1
20250513,방배,을지로4가,11,1
20250513,방배,을지로4가,12,4
20250513,방배,을지로4가,14,2
20250513,방배,을지로4가,15,1
20250513,방배,을지로4가,17,2
20250513,방배,을지로4가,18,1
20250513,방배,을지로입구,7,2
20250513,방배,을지로입구,8,1
20250513,방배,을지로입구,9,1
20250513,방배,을지로입구,10,1
20250513,방배,을지로입구,11,1
20250513,방배,을지로입구,12,1
20250513,방배,을지로입구,14,6
20250513,방배,을지로입구,16,1
20250513,방배,을지로입구,17,1
20250513,방배,을지로입구,18,1
20250513,방배,을지로입구,19,1
20250513,방배,을지로입구,22,1
20250513,방배,이대,6,1
20250513,방배,이대,7,6
20250513,방배,이대,8,14
20250513,방배,이대,9,9
20250513,방배,이대,10,7
20250513,방배,이대,11,8
20250513,방배,이대,12,3
20250513,방배,이대,13,2
20250513,방배,이대,14,4
20250513,방배,이대,15,2
20250513,방배,이대,16,6
20250513,방배,이대,17,10
20250513,방배,이대,18,6
20250513,방배,이대,19,2
20250513,방배,이대,20,1
20250513,방배,이대,21,4
20250513,방배,이대,22,1
20250513,방배,이대,23,2
20250513,방배,잠실(송파구청),0,4
20250513,방배,잠실(송파구청),5,3
20250513,방배,잠실(송파구청),6,12
20250513,방배,잠실(송파구청),7,39
20250513,방배,잠실(송파구청),8,51
20250513,방배,잠실(송파구청),9,36
20250513,방배,잠실(송파구청),10,29
20250513,방배,잠실(송파구청),11,32
20250513,방배,잠실(송파구청),12,37
20250513,방배,잠실(송파구청),13,27
20250513,방배,잠실(송파구청),14,60
20250513,방배,잠실(송파구청),15,47
20250513,방배,잠실(송파구청),16,68
20250513,방배,잠실(송파구청),17,102
20250513,방배,잠실(송파구청),18,112
20250513,방배,잠실(송파구청),19,53
20250513,방배,잠실(송파구청),20,37
20250513,방배,잠실(송파구청),21,52
20250513,방배,잠실(송파구청),22,37
20250513,방배,잠실(송파구청),23,18
20250513,방배,잠실나루,6,3
20250513,방배,잠실나루,7,17
20250513,방배,잠실나루,8,7
20250513,방배,잠실나루,9,6
20250513,방배,잠실나루,10,3
20250513,방배,잠실나루,12,9
20250513,방배,잠실나루,13,5
20250513,방배,잠실나루,14,6
20250513,방배,잠실나루,15,3
20250513,방배,잠실나루,16,3
20250513,방배,잠실나루,17,15
20250513,방배,잠실나루,18,16
20250513,방배,잠실나루,19,4
20250513,방배,잠실나루,20,6
20250513,방배,잠실나루,21,4
20250513,방배,잠실나루,22,3
20250513,방배,잠실나루,23,2
20250513,방배,잠실새내,0,1
20250513,방배,잠실새내,6,4
20250513,방배,잠실새내,7,5
20250513,방배,잠실새내,8,3
20250513,방배,잠실새내,9,4
20250513,방배,잠실새내,10,5
20250513,방배,잠실새내,11,6
20250513,방배,잠실새내,12,8
20250513,방배,잠실새내,13,12
20250513,방배,잠실새내,14,9
20250513,방배,잠실새내,15,13
20250513,방배,잠실새내,16,25
20250513,방배,잠실새내,17,17
20250513,방배,잠실새내,18,32
20250513,방배,잠실새내,19,7
20250513,방배,잠실새내,20,8
20250513,방배,잠실새내,21,15
20250513,방배,잠실새내,22,5
20250513,방배,잠실새내,23,2
20250513,방배,종합운동장,5,2
20250513,방배,종합운동장,6,4
20250513,방배,종합운동장,7,8
20250513,방배,종합운동장,8,7
20250513,방배,종합운동장,9,3
20250513,방배,종합운동장,10,2
20250513,방배,종합운동장,11,3
20250513,방배,종합운동장,13,8
20250513,방배,종합운동장,14,6
20250513,방배,종합운동장,15,6
20250513,방배,종합운동장,16,17
20250513,방배,종합운동장,17,44
20250513,방배,종합운동장,18,30
20250513,방배,종합운동장,19,7
20250513,방배,종합운동장,20,6
20250513,방배,종합운동장,21,7
20250513,방배,종합운동장,22,6
20250513,방배,종합운동장,23,3
20250513,방배,충정로(경기대입구),6,1
20250513,방배,충정로(경기대입구),7,1
20250513,방배,충정로(경기대입구),8,2
20250513,방배,충정로(경기대입구),9,2
20250513,방배,충정로(경기대입구),11,1
20250513,방배,충정로(경기대입구),12,2
20250513,방배,충정로(경기대입구),15,1
20250513,방배,충정로(경기대입구),16,2
20250513,방배,충정로(경기대입구),17,2
20250513,방배,충정로(경기대입구),18,3
20250513,방배,충정로(경기대입구),20,1
20250513,방배,충정로(경기대입구),21,2
20250513,방배,충정로(경기대입구),22,4
20250513,방배,한양대,5,1
20250513,방배,한양대,6,1
20250513,방배,한양대,7,6
20250513,방배,한양대,8,17
20250513,방배,한양대,9,11
20250513,방배,한양대,10,1
20250513,방배,한양대,11,4
20250513,방배,한양대,12,10
20250513,방배,한양대,13,2
20250513,방배,한양대,14,3
20250513,방배,한양대,15,1
20250513,방배,한양대,16,6
20250513,방배,한양대,17,2
20250513,방배,한양대,21,1
20250513,방배,합정,0,2
20250513,방배,합정,6,2
20250513,방배,합정,7,17
20250513,방배,합정,8,19
20250513,방배,합정,9,7
20250513,방배,합정,10,14
20250513,방배,합정,11,6
20250513,방배,합정,12,5
20250513,방배,합정,13,13
20250513,방배,합정,14,13
20250513,방배,합정,15,18
20250513,방배,합정,16,24
20250513,방배,합정,17,17
20250513,방배,합정,18,27
20250513,방배,합정,19,10
20250513,방배,합정,20,10
20250513,방배,합정,21,10
20250513,방배,합정,22,7
20250513,방배,합정,23,4
20250513,방배,홍대입구,0,6
20250513,방배,홍대입구,6,2
20250513,방배,홍대입구,7,14
20250513,방배,홍대입구,8,10
20250513,방배,홍대입구,9,19
20250513,방배,홍대입구,10,7
20250513,방배,홍대입구,11,15
20250513,방배,홍대입구,12,10
20250513,방배,홍대입구,13,14
20250513,방배,홍대입구,14,19
20250513,방배,홍대입구,15,36
20250513,방배,홍대입구,16,21
20250513,방배,홍대입구,17,40
20250513,방배,홍대입구,18,33
20250513,방배,홍대입구,19,26
20250513,방배,홍대입구,20,14
20250513,방배,홍대입구,21,20
20250513,방배,홍대입구,22,14
20250513,방배,홍대입구,23,4
20250513,봉천,강남,0,2
20250513,봉천,강남,5,37
20250513,봉천,강남,6,84
20250513,봉천,강남,7,303
20250513,봉천,강남,8,494
20250513,봉천,강남,9,305
20250513,봉천,강남,10,123
20250513,봉천,강남,11,45
20250513,봉천,강남,12,44
20250513,봉천,강남,13,51
20250513,봉천,강남,14,37
20250513,봉천,강남,15,34
20250513,봉천,강남,16,37
20250513,봉천,강남,17,48
20250513,봉천,강남,18,42
20250513,봉천,강남,19,27
20250513,봉천,강남,20,19
20250513,봉천,강남,21,12
20250513,봉천,강남,22,5
20250513,봉천,강남,23,6
20250513,봉천,강변(동서울터미널),5,1
20250513,봉천,강변(동서울터미널),6,4
20250513,봉천,강변(동서울터미널),7,11
20250513,봉천,강변(동서울터미널),8,11
20250513,봉천,강변(동서울터미널),9,10
20250513,봉천,강변(동서울터미널),10,3
20250513,봉천,강변(동서울터미널),11,3
20250513,봉천,강변(동서울터미널),12,3
20250513,봉천,강변(동서울터미널),13,2
20250513,봉천,강변(동서울터미널),14,5
20250513,봉천,강변(동서울터미널),15,2
20250513,봉천,강변(동서울터미널),16,3
20250513,봉천,강변(동서울터미널),17,3
20250513,봉천,강변(동서울터미널),18,5
20250513,봉천,강변(동서울터미널),19,4
20250513,봉천,강변(동서울터미널),20,2
20250513,봉천,강변(동서울터미널),21,1
20250513,봉천,강변(동서울터미널),23,1
20250513,봉천,건대입구,6,1
20250513,봉천,건대입구,7,15
20250513,봉천,건대입구,8,9
20250513,봉천,건대입구,9,6
20250513,봉천,건대입구,10,4
20250513,봉천,건대입구,11,4
20250513,봉천,건대입구,12,4
20250513,봉천,건대입구,13,5
20250513,봉천,건대입구,14,3
20250513,봉천,건대입구,15,2
20250513,봉천,건대입구,16,4
20250513,봉천,건대입구,17,7
20250513,봉천,건대입구,18,4
20250513,봉천,건대입구,19,3
20250513,봉천,건대입구,20,2
20250513,봉천,건대입구,21,1
20250513,봉천,건대입구,22,1
20250513,봉천,건대입구,23,3
20250513,봉천,교대(법원.검찰청),0,1
20250513,봉천,교대(법원.검찰청),5,25
20250513,봉천,교대(법원.검찰청),6,41
20250513,봉천,교대(법원.검찰청),7,84
20250513,봉천,교대(법원.검찰청),8,177
20250513,봉천,교대(법원.검찰청),9,106
20250513,봉천,교대(법원.검찰청),10,50
20250513,봉천,교대(법원.검찰청),11,23
20250513,봉천,교대(법원.검찰청),12,24
20250513,봉천,교대(법원.검찰청),13,24
20250513,봉천,교대(법원.검찰청),14,22
20250513,봉천,교대(법원.검찰청),15,14
20250513,봉천,교대(법원.검찰청),16,9
20250513,봉천,교대(법원.검찰청),17,19
20250513,봉천,교대(법원.검찰청),18,11
20250513,봉천,교대(법원.검찰청),19,7
20250513,봉천,교대(법원.검찰청),20,4
20250513,봉천,교대(법원.검찰청),21,5
20250513,봉천,교대(법원.검찰청),22,5
20250513,봉천,교대(법원.검찰청),23,1
20250513,봉천,구로디지털단지,0,2
20250513,봉천,구로디지털단지,5,10
20250513,봉천,구로디지털단지,6,27
20250513,봉천,구로디지털단지,7,68
20250513,봉천,구로디지털단지,8,202
20250513,봉천,구로디지털단지,9,120
20250513,봉천,구로디지털단지,10,50
20250513,봉천,구로디지털단지,11,29
20250513,봉천,구로디지털단지,12,39
20250513,봉천,구로디지털단지,13,50
20250513,봉천,구로디지털단지,14,41
20250513,봉천,구로디지털단지,15,34
20250513,봉천,구로디지털단지,16,29
20250513,봉천,구로디지털단지,17,43
20250513,봉천,구로디지털단지,18,46
20250513,봉천,구로디지털단지,19,30
20250513,봉천,구로디지털단지,20,23
20250513,봉천,구로디지털단지,21,17
20250513,봉천,구로디지털단지,22,9
20250513,봉천,구로디지털단지,23,12
20250513,봉천,구의(광진구청),6,6
20250513,봉천,구의(광진구청),7,11
20250513,봉천,구의(광진구청),8,6
20250513,봉천,구의(광진구청),9,8
20250513,봉천,구의(광진구청),10,5
20250513,봉천,구의(광진구청),11,1
20250513,봉천,구의(광진구청),12,3
20250513,봉천,구의(광진구청),13,2
20250513,봉천,구의(광진구청),14,4
20250513,봉천,구의(광진구청),15,1
20250513,봉천,구의(광진구청),16,2
20250513,봉천,구의(광진구청),17,2
20250513,봉천,구의(광진구청),18,6
20250513,봉천,구의(광진구청),20,1
20250513,봉천,구의(광진구청),21,1
20250513,봉천,구의(광진구청),22,4
20250513,봉천,낙성대,0,3
20250513,봉천,낙성대,5,14
20250513,봉천,낙성대,6,14
20250513,봉천,낙성대,7,42
20250513,봉천,낙성대,8,52
20250513,봉천,낙성대,9,57
20250513,봉천,낙성대,10,36
20250513,봉천,낙성대,11,38
20250513,봉천,낙성대,12,28
20250513,봉천,낙성대,13,36
20250513,봉천,낙성대,14,29
20250513,봉천,낙성대,15,41
20250513,봉천,낙성대,16,41
20250513,봉천,낙성대,17,37
20250513,봉천,낙성대,18,51
20250513,봉천,낙성대,19,33
20250513,봉천,낙성대,20,29
20250513,봉천,낙성대,21,11
20250513,봉천,낙성대,22,19
20250513,봉천,낙성대,23,7
20250513,봉천,당산,5,7
20250513,봉천,당산,6,13
20250513,봉천,당산,7,32
20250513,봉천,당산,8,37
20250513,봉천,당산,9,14
20250513,봉천,당산,10,10
20250513,봉천,당산,11,6
20250513,봉천,당산,12,6
20250513,봉천,당산,13,9
20250513,봉천,당산,14,10
20250513,봉천,당산,15,8
20250513,봉천,당산,16,9
20250513,봉천,당산,17,9
20250513,봉천,당산,18,11
20250513,봉천,당산,19,9
20250513,봉천,당산,20,4
20250513,봉천,당산,22,10
20250513,봉천,당산,23,3
20250513,봉천,대림(구로구청),5,8
20250513,봉천,대림(구로구청),6,4
20250513,봉천,대림(구로구청),7,31
20250513,봉천,대림(구로구청),8,44
20250513,봉천,대림(구로구청),9,21
20250513,봉천,대림(구로구청),10,22
20250513,봉천,대림(구로구청),11,31
20250513,봉천,대림(구로구청),12,26
20250513,봉천,대림(구로구청),13,16
20250513,봉천,대림(구로구청),14,21
20250513,봉천,대림(구로구청),15,17
20250513,봉천,대림(구로구청),16,30
20250513,봉천,대림(구로구청),17,20
20250513,봉천,대림(구로구청),18,26
20250513,봉천,대림(구로구청),19,10
20250513,봉천,대림(구로구청),20,12
20250513,봉천,대림(구로구청),21,14
20250513,봉천,대림(구로구청),22,8
20250513,봉천,대림(구로구청),23,9
20250513,봉천,동대문역사문화공원,5,1
20250513,봉천,동대문역사문화공원,6,2
20250513,봉천,동대문역사문화공원,7,12
20250513,봉천,동대문역사문화공원,8,12
20250513,봉천,동대문역사문화공원,9,7
20250513,봉천,동대문역사문화공원,10,4
20250513,봉천,동대문역사문화공원,11,3
20250513,봉천,동대문역사문화공원,12,3
20250513,봉천,동대문역사문화공원,13,3
20250513,봉천,동대문역사문화공원,14,3
20250513,봉천,동대문역사문화공원,16,2
20250513,봉천,동대문역사문화공원,17,1
20250513,봉천,동대문역사문화공원,18,1
20250513,봉천,동대문역사문화공원,19,2
20250513,봉천,동대문역사문화공원,20,1
20250513,봉천,동대문역사문화공원,23,1
20250513,봉천,뚝섬,6,6
20250513,봉천,뚝섬,7,20
20250513,봉천,뚝섬,8,21
20250513,봉천,뚝섬,9,10
20250513,봉천,뚝섬,10,1
20250513,봉천,뚝섬,11,3
20250513,봉천,뚝섬,12,3
20250513,봉천,뚝섬,14,1
20250513,봉천,뚝섬,19,1
20250513,봉천,문래,5,4
20250513,봉천,문래,6,4
20250513,봉천,문래,7,43
20250513,봉천,문래,8,95
20250513,봉천,문래,9,30
20250513,봉천,문래,10,7
20250513,봉천,문래,11,10
20250513,봉천,문래,12,19
20250513,봉천,문래,13,4
20250513,봉천,문래,14,9
20250513,봉천,문래,15,10
20250513,봉천,문래,16,8
20250513,봉천,문래,17,11
20250513,봉천,문래,18,7
20250513,봉천,문래,19,10
20250513,봉천,문래,20,5
20250513,봉천,문래,21,2
20250513,봉천,문래,22,3
20250513,봉천,문래,23,2
20250513,봉천,방배,4,1
20250513,봉천,방배,5,24
20250513,봉천,방배,6,22
20250513,봉천,방배,7,62
20250513,봉천,방배,8,117
20250513,봉천,방배,9,89
20250513,봉천,방배,10,32
20250513,봉천,방배,11,22
20250513,봉천,방배,12,20
20250513,봉천,방배,13,21
20250513,봉천,방배,14,13
20250513,봉천,방배,15,21
20250513,봉천,방배,16,16
20250513,봉천,방배,17,16
20250513,봉천,방배,18,13
20250513,봉천,방배,19,8
20250513,봉천,방배,20,9
20250513,봉천,방배,21,4
20250513,봉천,방배,22,8
20250513,봉천,방배,23,2
20250513,봉천,봉천,0,3
20250513,봉천,봉천,1,1
20250513,봉천,봉천,5,7
20250513,봉천,봉천,6,4
20250513,봉천,봉천,7,7
20250513,봉천,봉천,8,10
20250513,봉천,봉천,9,9
20250513,봉천,봉천,10,7
20250513,봉천,봉천,11,9
20250513,봉천,봉천,12,11
20250513,봉천,봉천,13,15
20250513,봉천,봉천,14,17
20250513,봉천,봉천,15,12
20250513,봉천,봉천,16,7
20250513,봉천,봉천,17,5
20250513,봉천,봉천,18,10
20250513,봉천,봉천,19,7
20250513,봉천,봉천,20,6
20250513,봉천,봉천,21,7
20250513,봉천,봉천,22,9
20250513,봉천,봉천,23,5
20250513,봉천,사당,0,4
20250513,봉천,사당,5,19
20250513,봉천,사당,6,52
20250513,봉천,사당,7,117
20250513,봉천,사당,8,115
20250513,봉천,사당,9,78
20250513,봉천,사당,10,44
20250513,봉천,사당,11,39
20250513,봉천,사당,12,41
20250513,봉천,사당,13,27
20250513,봉천,사당,14,37
20250513,봉천,사당,15,33
20250513,봉천,사당,16,31
20250513,봉천,사당,17,46
20250513,봉천,사당,18,41
20250513,봉천,사당,19,27
20250513,봉천,사당,20,18
20250513,봉천,사당,21,14
20250513,봉천,사당,22,17
20250513,봉천,사당,23,5
20250513,봉천,삼성(무역센터),5,25
20250513,봉천,삼성(무역센터),6,49
20250513,봉천,삼성(무역센터),7,232
20250513,봉천,삼성(무역센터),8,301
20250513,봉천,삼성(무역센터),9,158
20250513,봉천,삼성(무역센터),10,43
20250513,봉천,삼성(무역센터),11,20
20250513,봉천,삼성(무역센터),12,21
20250513,봉천,삼성(무역센터),13,15
20250513,봉천,삼성(무역센터),14,11
20250513,봉천,삼성(무역센터),15,13
20250513,봉천,삼성(무역센터),16,10
20250513,봉천,삼성(무역센터),17,13
20250513,봉천,삼성(무역센터),18,8
20250513,봉천,삼성(무역센터),19,3
20250513,봉천,삼성(무역센터),20,3
20250513,봉천,삼성(무역센터),21,2
20250513,봉천,삼성(무역센터),22,3
20250513,봉천,상왕십리,5,2
20250513,봉천,상왕십리,6,2
20250513,봉천,상왕십리,7,5
20250513,봉천,상왕십리,8,3
20250513,봉천,상왕십리,9,3
20250513,봉천,상왕십리,10,2
20250513,봉천,상왕십리,11,3
20250513,봉천,상왕십리,15,1
20250513,봉천,상왕십리,22,1
20250513,봉천,서울대입구(관악구청),0,5
20250513,봉천,서울대입구(관악구청),5,6
20250513,봉천,서울대입구(관악구청),6,7
20250513,봉천,서울대입구(관악구청),7,26
20250513,봉천,서울대입구(관악구청),8,68
20250513,봉천,서울대입구(관악구청),9,61
20250513,봉천,서울대입구(관악구청),10,72
20250513,봉천,서울대입구(관악구청),11,49
20250513,봉천,서울대입구(관악구청),12,75
20250513,봉천,서울대입구(관악구청),13,55
20250513,봉천,서울대입구(관악구청),14,76
20250513,봉천,서울대입구(관악구청),15,67
20250513,봉천,서울대입구(관악구청),16,64
20250513,봉천,서울대입구(관악구청),17,66
20250513,봉천,서울대입구(관악구청),18,56
20250513,봉천,서울대입구(관악구청),19,40
20250513,봉천,서울대입구(관악구청),20,21
20250513,봉천,서울대입구(관악구청),21,27
20250513,봉천,서울대입구(관악구청),22,14
20250513,봉천,서울대입구(관악구청),23,4
20250513,봉천,서초,5,18
20250513,봉천,서초,6,45
20250513,봉천,서초,7,108
20250513,봉천,서초,8,185
20250513,봉천,서초,9,77
20250513,봉천,서초,10,26
20250513,봉천,서초,11,10
20250513,봉천,서초,12,11
20250513,봉천,서초,13,13
20250513,봉천,서초,14,8
20250513,봉천,서초,15,11
20250513,봉천,서초,16,11
20250513,봉천,서초,17,10
20250513,봉천,서초,18,19
20250513,봉천,서초,19,5
20250513,봉천,서초,20,10
20250513,봉천,서초,21,7
20250513,봉천,서초,22,3
20250513,봉천,서초,23,1
20250513,봉천,선릉,0,2
20250513,봉천,선릉,5,29
20250513,봉천,선릉,6,67
20250513,봉천,선릉,7,187
20250513,봉천,선릉,8,282
20250513,봉천,선릉,9,180
20250513,봉천,선릉,10,71
20250513,봉천,선릉,11,25
20250513,봉천,선릉,12,35
20250513,봉천,선릉,13,42
20250513,봉천,선릉,14,34
20250513,봉천,선릉,15,22
20250513,봉천,선릉,16,20
20250513,봉천,선릉,17,15
20250513,봉천,선릉,18,11
20250513,봉천,선릉,19,6
20250513,봉천,선릉,20,11
20250513,봉천,선릉,21,5
20250513,봉천,선릉,22,2
20250513,봉천,선릉,23,2
20250513,봉천,성수,5,7
20250513,봉천,성수,6,8
20250513,봉천,성수,7,37
20250513,봉천,성수,8,52
20250513,봉천,성수,9,20
20250513,봉천,성수,10,10
20250513,봉천,성수,11,6
20250513,봉천,성수,12,4
20250513,봉천,성수,13,4
20250513,봉천,성수,14,7
20250513,봉천,성수,15,3
20250513,봉천,성수,16,6
20250513,봉천,성수,17,5
20250513,봉천,성수,18,3
20250513,봉천,성수,19,1
20250513,봉천,성수,20,1
20250513,봉천,성수,21,3
20250513,봉천,시청,5,4
20250513,봉천,시청,6,10
20250513,봉천,시청,7,63
20250513,봉천,시청,8,62
20250513,봉천,시청,9,22
20250513,봉천,시청,10,2
20250513,봉천,시청,11,3
20250513,봉천,시청,12,8
20250513,봉천,시청,13,5
20250513,봉천,시청,14,2
20250513,봉천,시청,16,2
20250513,봉천,시청,17,1
20250513,봉천,시청,18,2
20250513,봉천,시청,20,1
20250513,봉천,시청,21,1
20250513,봉천,신당,5,1
20250513,봉천,신당,6,1
20250513,봉천,신당,7,5
20250513,봉천,신당,8,7
20250513,봉천,신당,9,4
20250513,봉천,신당,10,1
20250513,봉천,신당,11,1
20250513,봉천,신당,12,3
20250513,봉천,신당,13,4
20250513,봉천,신당,14,1
20250513,봉천,신당,15,4
20250513,봉천,신당,16,1
20250513,봉천,신당,17,3
20250513,봉천,신당,18,1
20250513,봉천,신당,19,1
20250513,봉천,신대방,0,2
20250513,봉천,신대방,5,5
20250513,봉천,신대방,6,11
20250513,봉천,신대방,7,17
20250513,봉천,신대방,8,39
20250513,봉천,신대방,9,23
20250513,봉천,신대방,10,23
20250513,봉천,신대방,11,36
20250513,봉천,신대방,12,19
20250513,봉천,신대방,13,15
20250513,봉천,신대방,14,43
20250513,봉천,신대방,15,20
20250513,봉천,신대방,16,32
20250513,봉천,신대방,17,29
20250513,봉천,신대방,18,27
20250513,봉천,신대방,19,22
20250513,봉천,신대방,20,25
20250513,봉천,신대방,21,24
20250513,봉천,신대방,22,14
20250513,봉천,신대방,23,8
20250513,봉천,신도림,0,6
20250513,봉천,신도림,5,6
20250513,봉천,신도림,6,7
20250513,봉천,신도림,7,28
20250513,봉천,신도림,8,57
20250513,봉천,신도림,9,39
20250513,봉천,신도림,10,18
20250513,봉천,신도림,11,22
20250513,봉천,신도림,12,28
20250513,봉천,신도림,13,13
20250513,봉천,신도림,14,21
20250513,봉천,신도림,15,19
20250513,봉천,신도림,16,22
20250513,봉천,신도림,17,27
20250513,봉천,신도림,18,33
20250513,봉천,신도림,19,11
20250513,봉천,신도림,20,18
20250513,봉천,신도림,21,16
20250513,봉천,신도림,22,8
20250513,봉천,신도림,23,5
20250513,봉천,신림,0,1
20250513,봉천,신림,5,7
20250513,봉천,신림,6,14
20250513,봉천,신림,7,34
20250513,봉천,신림,8,33
20250513,봉천,신림,9,67
20250513,봉천,신림,10,59
20250513,봉천,신림,11,63
20250513,봉천,신림,12,78
20250513,봉천,신림,13,64
20250513,봉천,신림,14,67
20250513,봉천,신림,15,76
20250513,봉천,신림,16,76
20250513,봉천,신림,17,74
20250513,봉천,신림,18,81
20250513,봉천,신림,19,58
20250513,봉천,신림,20,40
20250513,봉천,신림,21,41
20250513,봉천,신림,22,36
20250513,봉천,신림,23,10
20250513,봉천,신촌,5,7
20250513,봉천,신촌,6,9
20250513,봉천,신촌,7,36
20250513,봉천,신촌,8,32
20250513,봉천,신촌,9,27
20250513,봉천,신촌,10,14
20250513,봉천,신촌,11,16
20250513,봉천,신촌,12,17
20250513,봉천,신촌,13,10
20250513,봉천,신촌,14,5
20250513,봉천,신촌,15,6
20250513,봉천,신촌,16,4
20250513,봉천,신촌,17,10
20250513,봉천,신촌,18,14
20250513,봉천,신촌,19,3
20250513,봉천,신촌,21,3
20250513,봉천,신촌,22,3
20250513,봉천,신촌,23,1
20250513,봉천,아현,6,2
20250513,봉천,아현,7,2
20250513,봉천,아현,8,7
20250513,봉천,아현,9,3
20250513,봉천,아현,10,1
20250513,봉천,아현,12,2
20250513,봉천,아현,13,3
20250513,봉천,아현,15,3
20250513,봉천,아현,16,5
20250513,봉천,아현,17,2
20250513,봉천,아현,18,10
20250513,봉천,아현,19,3
20250513,봉천,아현,22,1
20250513,봉천,역삼,0,1
20250513,봉천,역삼,5,23
20250513,봉천,역삼,6,55
20250513,봉천,역삼,7,221
20250513,봉천,역삼,8,365
20250513,봉천,역삼,9,281
20250513,봉천,역삼,10,79
20250513,봉천,역삼,11,30
20250513,봉천,역삼,12,27
20250513,봉천,역삼,13,21
20250513,봉천,역삼,14,17
20250513,봉천,역삼,15,12
20250513,봉천,역삼,16,13
20250513,봉천,역삼,17,10
20250513,봉천,역삼,18,15
20250513,봉천,역삼,19,9
20250513,봉천,역삼,20,9
20250513,봉천,역삼,21,4
20250513,봉천,역삼,22,3
20250513,봉천,역삼,23,2
20250513,봉천,영등포구청,5,7
20250513,봉천,영등포구청,6,6
20250513,봉천,영등포구청,7,35
20250513,봉천,영등포구청,8,96
20250513,봉천,영등포구청,9,32
20250513,봉천,영등포구청,10,11
20250513,봉천,영등포구청,11,11
20250513,봉천,영등포구청,12,10
20250513,봉천,영등포구청,13,8
20250513,봉천,영등포구청,14,5
20250513,봉천,영등포구청,15,5
20250513,봉천,영등포구청,16,11
20250513,봉천,영등포구청,17,8
20250513,봉천,영등포구청,18,9
20250513,봉천,영등포구청,19,4
20250513,봉천,영등포구청,20,3
20250513,봉천,영등포구청,21,6
20250513,봉천,영등포구청,22,5
20250513,봉천,왕십리(성동구청),7,4
20250513,봉천,왕십리(성동구청),8,4
20250513,봉천,왕십리(성동구청),10,2
20250513,봉천,왕십리(성동구청),11,1
20250513,봉천,왕십리(성동구청),12,1
20250513,봉천,왕십리(성동구청),14,1
20250513,봉천,왕십리(성동구청),15,1
20250513,봉천,왕십리(성동구청),22,1
20250513,봉천,용두(동대문구청),6,2
20250513,봉천,용두(동대문구청),7,1
20250513,봉천,용두(동대문구청),10,1
20250513,봉천,용두(동대문구청),18,1
20250513,봉천,을지로3가,5,4
20250513,봉천,을지로3가,6,7
20250513,봉천,을지로3가,7,32
20250513,봉천,을지로3가,8,31
20250513,봉천,을지로3가,9,17
20250513,봉천,을지로3가,10,1
20250513,봉천,을지로3가,11,4
20250513,봉천,을지로3가,12,5
20250513,봉천,을지로3가,13,4
20250513,봉천,을지로3가,14,1
20250513,봉천,을지로3가,16,1
20250513,봉천,을지로3가,17,4
20250513,봉천,을지로3가,18,1
20250513,봉천,을지로3가,20,1
20250513,봉천,을지로4가,4,1
20250513,봉천,을지로4가,5,1
20250513,봉천,을지로4가,6,4
20250513,봉천,을지로4가,7,27
20250513,봉천,을지로4가,8,16
20250513,봉천,을지로4가,9,1
20250513,봉천,을지로4가,10,4
20250513,봉천,을지로4가,11,2
20250513,봉천,을지로4가,12,4
20250513,봉천,을지로4가,13,3
20250513,봉천,을지로4가,14,3
20250513,봉천,을지로4가,15,2
20250513,봉천,을지로4가,16,1
20250513,봉천,을지로4가,18,3
20250513,봉천,을지로입구,5,6
20250513,봉천,을지로입구,6,15
20250513,봉천,을지로입구,7,76
20250513,봉천,을지로입구,8,64
20250513,봉천,을지로입구,9,22
20250513,봉천,을지로입구,10,10
20250513,봉천,을지로입구,11,10
20250513,봉천,을지로입구,12,3
20250513,봉천,을지로입구,13,5
20250513,봉천,을지로입구,14,1
20250513,봉천,을지로입구,16,10
20250513,봉천,을지로입구,17,1
20250513,봉천,을지로입구,18,1
20250513,봉천,이대,5,1
20250513,봉천,이대,6,5
20250513,봉천,이대,7,9
20250513,봉천,이대,8,36
20250513,봉천,이대,9,12
20250513,봉천,이대,10,11
20250513,봉천,이대,11,12
20250513,봉천,이대,12,6
20250513,봉천,이대,13,4
20250513,봉천,이대,14,5
20250513,봉천,이대,15,4
20250513,봉천,이대,16,3
20250513,봉천,이대,17,3
20250513,봉천,이대,18,1
20250513,봉천,이대,19,1
20250513,봉천,이대,20,4
20250513,봉천,이대,23,1
20250513,봉천,잠실(송파구청),5,11
20250513,봉천,잠실(송파구청),6,28
20250513,봉천,잠실(송파구청),7,87
20250513,봉천,잠실(송파구청),8,114
20250513,봉천,잠실(송파구청),9,51
20250513,봉천,잠실(송파구청),10,31
20250513,봉천,잠실(송파구청),11,25
20250513,봉천,잠실(송파구청),12,18
20250513,봉천,잠실(송파구청),13,21
20250513,봉천,잠실(송파구청),14,12
20250513,봉천,잠실(송파구청),15,21
20250513,봉천,잠실(송파구청),16,17
20250513,봉천,잠실(송파구청),17,32
20250513,봉천,잠실(송파구청),18,30
20250513,봉천,잠실(송파구청),19,17
20250513,봉천,잠실(송파구청),20,8
20250513,봉천,잠실(송파구청),21,9
20250513,봉천,잠실(송파구청),22,9
20250513,봉천,잠실(송파구청),23,4
20250513,봉천,잠실나루,5,9
20250513,봉천,잠실나루,6,9
20250513,봉천,잠실나루,7,11
20250513,봉천,잠실나루,8,3
20250513,봉천,잠실나루,9,3
20250513,봉천,잠실나루,10,4
20250513,봉천,잠실나루,11,2
20250513,봉천,잠실나루,12,1
20250513,봉천,잠실나루,13,1
20250513,봉천,잠실나루,14,1
20250513,봉천,잠실나루,15,2
20250513,봉천,잠실나루,16,1
20250513,봉천,잠실나루,17,3
20250513,봉천,잠실나루,18,2
20250513,봉천,잠실나루,19,2
20250513,봉천,잠실나루,21,2
20250513,봉천,잠실나루,22,1
20250513,봉천,잠실나루,23,1
20250513,봉천,잠실새내,0,1
20250513,봉천,잠실새내,5,2
20250513,봉천,잠실새내,6,7
20250513,봉천,잠실새내,7,19
20250513,봉천,잠실새내,8,9
20250513,봉천,잠실새내,9,6
20250513,봉천,잠실새내,10,3
20250513,봉천,잠실새내,11,4
20250513,봉천,잠실새내,12,4
20250513,봉천,잠실새내,13,4
20250513,봉천,잠실새내,14,3
20250513,봉천,잠실새내,15,6
20250513,봉천,잠실새내,16,4
20250513,봉천,잠실새내,17,16
20250513,봉천,잠실새내,18,2
20250513,봉천,잠실새내,19,2
20250513,봉천,잠실새내,20,5
20250513,봉천,잠실새내,21,2
20250513,봉천,잠실새내,22,4
20250513,봉천,잠실새내,23,4
20250513,봉천,종합운동장,5,2
20250513,봉천,종합운동장,6,6
20250513,봉천,종합운동장,7,20
20250513,봉천,종합운동장,8,7
20250513,봉천,종합운동장,9,7
20250513,봉천,종합운동장,10,2
20250513,봉천,종합운동장,11,3
20250513,봉천,종합운동장,12,4
20250513,봉천,종합운동장,13,1
20250513,봉천,종합운동장,14,4
20250513,봉천,종합운동장,15,3
20250513,봉천,종합운동장,16,9
20250513,봉천,종합운동장,17,17
20250513,봉천,종합운동장,18,12
20250513,봉천,종합운동장,19,2
20250513,봉천,종합운동장,20,3
20250513,봉천,종합운동장,21,5
20250513,봉천,충정로(경기대입구),5,1
20250513,봉천,충정로(경기대입구),6,3
20250513,봉천,충정로(경기대입구),7,20
20250513,봉천,충정로(경기대입구),8,25
20250513,봉천,충정로(경기대입구),9,5
20250513,봉천,충정로(경기대입구),10,2
20250513,봉천,충정로(경기대입구),11,1
20250513,봉천,충정로(경기대입구),13,4
20250513,봉천,충정로(경기대입구),15,2
20250513,봉천,충정로(경기대입구),17,2
20250513,봉천,충정로(경기대입구),20,2
20250513,봉천,충정로(경기대입구),22,1
20250513,봉천,한양대,5,1
20250513,봉천,한양대,6,2
20250513,봉천,한양대,7,7
20250513,봉천,한양대,8,11
20250513,봉천,한양대,9,11
20250513,봉천,한양대,10,8
20250513,봉천,한양대,11,1
20250513,봉천,한양대,12,5
20250513,봉천,한양대,13,2
20250513,봉천,한양대,15,1
20250513,봉천,한양대,18,3
20250513,봉천,한양대,21,1
20250513,봉천,합정,0,1
20250513,봉천,합정,5,4
20250513,봉천,합정,6,9
20250513,봉천,합정,7,35
20250513,봉천,합정,8,71
20250513,봉천,합정,9,59
20250513,봉천,합정,10,15
20250513,봉천,합정,11,12
20250513,봉천,합정,12,18
20250513,봉천,합정,13,13
20250513,봉천,합정,14,15
20250513,봉천,합정,15,11
20250513,봉천,합정,16,12
20250513,봉천,합정,17,16
20250513,봉천,합정,18,25
20250513,봉천,합정,19,4
20250513,봉천,합정,20,6
20250513,봉천,합정,21,4
20250513,봉천,합정,22,5
20250513,봉천,합정,23,5
20250513,봉천,홍대입구,0,1
20250513,봉천,홍대입구,4,1
20250513,봉천,홍대입구,5,2
20250513,봉천,홍대입구,6,11
20250513,봉천,홍대입구,7,31
20250513,봉천,홍대입구,8,61
20250513,봉천,홍대입구,9,55
20250513,봉천,홍대입구,10,24
20250513,봉천,홍대입구,11,28
20250513,봉천,홍대입구,12,27
20250513,봉천,홍대입구,13,20
20250513,봉천,홍대입구,14,18
20250513,봉천,홍대입구,15,13
20250513,봉천,홍대입구,16,20
20250513,봉천,홍대입구,17,20
20250513,봉천,홍대입구,18,25
20250513,봉천,홍대입구,19,14
20250513,봉천,홍대입구,20,10
20250513,봉천,홍대입구,21,8
20250513,봉천,홍대입구,22,9
20250513,봉천,홍대입구,23,2
20250513,사당,강남,0,8
20250513,사당,강남,5,38
20250513,사당,강남,6,94
20250513,사당,강남,7,258
20250513,사당,강남,8,397
20250513,사당,강남,9,342
20250513,사당,강남,10,155
20250513,사당,강남,11,109
20250513,사당,강남,12,77
20250513,사당,강남,13,107
20250513,사당,강남,14,72
20250513,사당,강남,15,70
20250513,사당,강남,16,91
20250513,사당,강남,17,94
20250513,사당,강남,18,117
20250513,사당,강남,19,61
20250513,사당,강남,20,56
20250513,사당,강남,21,50
20250513,사당,강남,22,51
20250513,사당,강남,23,30
20250513,사당,강변(동서울터미널),0,1
20250513,사당,강변(동서울터미널),5,2
20250513,사당,강변(동서울터미널),6,9
20250513,사당,강변(동서울터미널),7,17
20250513,사당,강변(동서울터미널),8,8
20250513,사당,강변(동서울터미널),9,13
20250513,사당,강변(동서울터미널),10,11
20250513,사당,강변(동서울터미널),11,6
20250513,사당,강변(동서울터미널),12,9
20250513,사당,강변(동서울터미널),13,12
20250513,사당,강변(동서울터미널),14,8
20250513,사당,강변(동서울터미널),15,13
20250513,사당,강변(동서울터미널),16,12
20250513,사당,강변(동서울터미널),17,18
20250513,사당,강변(동서울터미널),18,10
20250513,사당,강변(동서울터미널),19,14
20250513,사당,강변(동서울터미널),20,9
20250513,사당,강변(동서울터미널),21,32
20250513,사당,강변(동서울터미널),22,14
20250513,사당,강변(동서울터미널),23,10
20250513,사당,건대입구,5,1
20250513,사당,건대입구,6,2
20250513,사당,건대입구,7,6
20250513,사당,건대입구,8,4
20250513,사당,건대입구,9,7
20250513,사당,건대입구,10,5
20250513,사당,건대입구,11,6
20250513,사당,건대입구,12,7
20250513,사당,건대입구,13,5
20250513,사당,건대입구,14,3
20250513,사당,건대입구,15,5
20250513,사당,건대입구,16,9
20250513,사당,건대입구,17,12
20250513,사당,건대입구,18,16
20250513,사당,건대입구,19,9
20250513,사당,건대입구,20,10
20250513,사당,건대입구,21,12
20250513,사당,건대입구,22,9
20250513,사당,건대입구,23,13
20250513,사당,교대(법원.검찰청),0,3
20250513,사당,교대(법원.검찰청),5,24
20250513,사당,교대(법원.검찰청),6,32
20250513,사당,교대(법원.검찰청),7,71
20250513,사당,교대(법원.검찰청),8,135
20250513,사당,교대(법원.검찰청),9,103
20250513,사당,교대(법원.검찰청),10,42
20250513,사당,교대(법원.검찰청),11,42
20250513,사당,교대(법원.검찰청),12,43
20250513,사당,교대(법원.검찰청),13,52
20250513,사당,교대(법원.검찰청),14,48
20250513,사당,교대(법원.검찰청),15,41
20250513,사당,교대(법원.검찰청),16,38
20250513,사당,교대(법원.검찰청),17,37
20250513,사당,교대(법원.검찰청),18,41
20250513,사당,교대(법원.검찰청),19,28
20250513,사당,교대(법원.검찰청),20,28
20250513,사당,교대(법원.검찰청),21,29
20250513,사당,교대(법원.검찰청),22,24
20250513,사당,교대(법원.검찰청),23,16
20250513,사당,구로디지털단지,0,7
20250513,사당,구로디지털단지,5,5
20250513,사당,구로디지털단지,6,31
20250513,사당,구로디지털단지,7,136
20250513,사당,구로디지털단지,8,291
20250513,사당,구로디지털단지,9,109
20250513,사당,구로디지털단지,10,65
20250513,사당,구로디지털단지,11,27
20250513,사당,구로디지털단지,12,47
20250513,사당,구로디지털단지,13,54
20250513,사당,구로디지털단지,14,36
20250513,사당,구로디지털단지,15,54
20250513,사당,구로디지털단지,16,58
20250513,사당,구로디지털단지,17,82
20250513,사당,구로디지털단지,18,125
20250513,사당,구로디지털단지,19,78
20250513,사당,구로디지털단지,20,70
20250513,사당,구로디지털단지,21,83
20250513,사당,구로디지털단지,22,61
20250513,사당,구로디지털단지,23,35
20250513,사당,구의(광진구청),5,6
20250513,사당,구의(광진구청),6,6
20250513,사당,구의(광진구청),7,7
20250513,사당,구의(광진구청),8,12
20250513,사당,구의(광진구청),9,2
20250513,사당,구의(광진구청),10,5
20250513,사당,구의(광진구청),11,4
20250513,사당,구의(광진구청),12,3
20250513,사당,구의(광진구청),13,7
20250513,사당,구의(광진구청),14,12
20250513,사당,구의(광진구청),15,9
20250513,사당,구의(광진구청),16,5
20250513,사당,구의(광진구청),17,16
20250513,사당,구의(광진구청),18,22
20250513,사당,구의(광진구청),19,16
20250513,사당,구의(광진구청),20,13
20250513,사당,구의(광진구청),21,20
20250513,사당,구의(광진구청),22,12
20250513,사당,구의(광진구청),23,10
20250513,사당,낙성대,0,27
20250513,사당,낙성대,1,3
20250513,사당,낙성대,5,3
20250513,사당,낙성대,6,18
20250513,사당,낙성대,7,32
20250513,사당,낙성대,8,81
20250513,사당,낙성대,9,51
20250513,사당,낙성대,10,32
20250513,사당,낙성대,11,47
20250513,사당,낙성대,12,48
20250513,사당,낙성대,13,58
20250513,사당,낙성대,14,59
20250513,사당,낙성대,15,60
20250513,사당,낙성대,16,70
20250513,사당,낙성대,17,108
20250513,사당,낙성대,18,145
20250513,사당,낙성대,19,127
20250513,사당,낙성대,20,89
20250513,사당,낙성대,21,102
20250513,사당,낙성대,22,78
20250513,사당,낙성대,23,42
20250513,사당,당산,0,1
20250513,사당,당산,5,2
20250513,사당,당산,6,12
20250513,사당,당산,7,29
20250513,사당,당산,8,36
20250513,사당,당산,9,14
20250513,사당,당산,10,11
20250513,사당,당산,11,7
20250513,사당,당산,12,7
20250513,사당,당산,13,11
20250513,사당,당산,14,11
20250513,사당,당산,15,18
20250513,사당,당산,16,14
20250513,사당,당산,17,33
20250513,사당,당산,18,47
20250513,사당,당산,19,22
20250513,사당,당산,20,22
20250513,사당,당산,21,32
20250513,사당,당산,22,27
20250513,사당,당산,23,15
20250513,사당,대림(구로구청),0,7
20250513,사당,대림(구로구청),5,4
20250513,사당,대림(구로구청),6,10
20250513,사당,대림(구로구청),7,18
20250513,사당,대림(구로구청),8,29
20250513,사당,대림(구로구청),9,20
20250513,사당,대림(구로구청),10,24
20250513,사당,대림(구로구청),11,17
20250513,사당,대림(구로구청),12,14
20250513,사당,대림(구로구청),13,15
20250513,사당,대림(구로구청),14,24
20250513,사당,대림(구로구청),15,34
20250513,사당,대림(구로구청),16,44
20250513,사당,대림(구로구청),17,44
20250513,사당,대림(구로구청),18,52
20250513,사당,대림(구로구청),19,40
20250513,사당,대림(구로구청),20,27
20250513,사당,대림(구로구청),21,55
20250513,사당,대림(구로구청),22,32
20250513,사당,대림(구로구청),23,19
20250513,사당,동대문역사문화공원,0,1
20250513,사당,동대문역사문화공원,6,5
20250513,사당,동대문역사문화공원,7,2
20250513,사당,동대문역사문화공원,8,5
20250513,사당,동대문역사문화공원,11,1
20250513,사당,동대문역사문화공원,12,1
20250513,사당,동대문역사문화공원,15,2
20250513,사당,동대문역사문화공원,17,1
20250513,사당,동대문역사문화공원,18,3
20250513,사당,동대문역사문화공원,19,1
20250513,사당,동대문역사문화공원,22,1
20250513,사당,동대문역사문화공원,23,2
20250513,사당,뚝섬,5,2
20250513,사당,뚝섬,6,2
20250513,사당,뚝섬,7,19
20250513,사당,뚝섬,8,18
20250513,사당,뚝섬,9,11
20250513,사당,뚝섬,10,1
20250513,사당,뚝섬,11,3
20250513,사당,뚝섬,12,5
20250513,사당,뚝섬,13,5
20250513,사당,뚝섬,14,2
20250513,사당,뚝섬,15,4
20250513,사당,뚝섬,16,3
20250513,사당,뚝섬,17,4
20250513,사당,뚝섬,18,3
20250513,사당,뚝섬,20,3
20250513,사당,뚝섬,21,1
20250513,사당,뚝섬,22,2
20250513,사당,뚝섬,23,2
20250513,사당,문래,0,2
20250513,사당,문래,5,3
20250513,사당,문래,6,18
20250513,사당,문래,7,53
20250513,사당,문래,8,77
20250513,사당,문래,9,32
20250513,사당,문래,10,12
20250513,사당,문래,11,8
20250513,사당,문래,12,15
20250513,사당,문래,13,20
20250513,사당,문래,14,14
20250513,사당,문래,15,15
20250513,사당,문래,16,16
20250513,사당,문래,17,35
20250513,사당,문래,18,36
20250513,사당,문래,19,27
20250513,사당,문래,20,13
20250513,사당,문래,21,18
20250513,사당,문래,22,12
20250513,사당,문래,23,12
20250513,사당,방배,0,1
20250513,사당,방배,5,8
20250513,사당,방배,6,19
20250513,사당,방배,7,29
20250513,사당,방배,8,93
20250513,사당,방배,9,75
20250513,사당,방배,10,66
20250513,사당,방배,11,41
20250513,사당,방배,12,58
20250513,사당,방배,13,62
20250513,사당,방배,14,58
20250513,사당,방배,15,38
20250513,사당,방배,16,61
20250513,사당,방배,17,53
20250513,사당,방배,18,63
20250513,사당,방배,19,36
20250513,사당,방배,20,26
20250513,사당,방배,21,30
20250513,사당,방배,22,32
20250513,사당,방배,23,20
20250513,사당,봉천,0,14
20250513,사당,봉천,5,2
20250513,사당,봉천,6,7
20250513,사당,봉천,7,21
20250513,사당,봉천,8,50
20250513,사당,봉천,9,30
20250513,사당,봉천,10,38
20250513,사당,봉천,11,33
20250513,사당,봉천,12,39
20250513,사당,봉천,13,35
20250513,사당,봉천,14,35
20250513,사당,봉천,15,44
20250513,사당,봉천,16,60
20250513,사당,봉천,17,91
20250513,사당,봉천,18,158
20250513,사당,봉천,19,119
20250513,사당,봉천,20,73
20250513,사당,봉천,21,51
20250513,사당,봉천,22,60
20250513,사당,봉천,23,35
20250513,사당,사당,0,15
20250513,사당,사당,4,2
20250513,사당,사당,5,5
20250513,사당,사당,6,5
20250513,사당,사당,7,7
20250513,사당,사당,8,21
20250513,사당,사당,9,15
20250513,사당,사당,10,30
20250513,사당,사당,11,19
20250513,사당,사당,12,26
20250513,사당,사당,13,28
20250513,사당,사당,14,38
20250513,사당,사당,15,26
20250513,사당,사당,16,27
20250513,사당,사당,17,36
20250513,사당,사당,18,36
20250513,사당,사당,19,23
20250513,사당,사당,20,34
20250513,사당,사당,21,50
20250513,사당,사당,22,40
20250513,사당,사당,23,30
20250513,사당,삼성(무역센터),0,1
20250513,사당,삼성(무역센터),5,21
20250513,사당,삼성(무역센터),6,63
20250513,사당,삼성(무역센터),7,184
20250513,사당,삼성(무역센터),8,294
20250513,사당,삼성(무역센터),9,167
20250513,사당,삼성(무역센터),10,68
20250513,사당,삼성(무역센터),11,45
20250513,사당,삼성(무역센터),12,44
20250513,사당,삼성(무역센터),13,30
20250513,사당,삼성(무역센터),14,44
20250513,사당,삼성(무역센터),15,34
20250513,사당,삼성(무역센터),16,23
20250513,사당,삼성(무역센터),17,37
20250513,사당,삼성(무역센터),18,34
20250513,사당,삼성(무역센터),19,15
20250513,사당,삼성(무역센터),20,12
20250513,사당,삼성(무역센터),21,16
20250513,사당,삼성(무역센터),22,10
20250513,사당,삼성(무역센터),23,3
20250513,사당,상왕십리,5,1
20250513,사당,상왕십리,7,5
20250513,사당,상왕십리,8,4
20250513,사당,상왕십리,11,1
20250513,사당,상왕십리,12,1
20250513,사당,상왕십리,13,2
20250513,사당,상왕십리,14,2
20250513,사당,상왕십리,15,2
20250513,사당,상왕십리,17,3
20250513,사당,상왕십리,18,4
20250513,사당,상왕십리,19,1
20250513,사당,상왕십리,20,1
20250513,사당,상왕십리,21,2
20250513,사당,상왕십리,22,2
20250513,사당,상왕십리,23,2
20250513,사당,서울대입구(관악구청),0,37
20250513,사당,서울대입구(관악구청),1,2
20250513,사당,서울대입구(관악구청),5,2
20250513,사당,서울대입구(관악구청),6,20
20250513,사당,서울대입구(관악구청),7,70
20250513,사당,서울대입구(관악구청),8,140
20250513,사당,서울대입구(관악구청),9,88
20250513,사당,서울대입구(관악구청),10,76
20250513,사당,서울대입구(관악구청),11,76
20250513,사당,서울대입구(관악구청),12,90
20250513,사당,서울대입구(관악구청),13,66
20250513,사당,서울대입구(관악구청),14,101
20250513,사당,서울대입구(관악구청),15,83
20250513,사당,서울대입구(관악구청),16,99
20250513,사당,서울대입구(관악구청),17,188
20250513,사당,서울대입구(관악구청),18,310
20250513,사당,서울대입구(관악구청),19,203
20250513,사당,서울대입구(관악구청),20,186
20250513,사당,서울대입구(관악구청),21,139
20250513,사당,서울대입구(관악구청),22,142
20250513,사당,서울대입구(관악구청),23,81
20250513,사당,서초,0,3
20250513,사당,서초,5,9
20250513,사당,서초,6,25
20250513,사당,서초,7,84
20250513,사당,서초,8,100
20250513,사당,서초,9,89
20250513,사당,서초,10,31
20250513,사당,서초,11,24
20250513,사당,서초,12,37
20250513,사당,서초,13,23
20250513,사당,서초,14,26
20250513,사당,서초,15,27
20250513,사당,서초,16,22
20250513,사당,서초,17,30
20250513,사당,서초,18,20
20250513,사당,서초,19,15
20250513,사당,서초,20,13
20250513,사당,서초,21,13
20250513,사당,서초,22,19
20250513,사당,서초,23,14
20250513,사당,선릉,0,9
20250513,사당,선릉,5,30
20250513,사당,선릉,6,66
20250513,사당,선릉,7,240
20250513,사당,선릉,8,268
20250513,사당,선릉,9,202
20250513,사당,선릉,10,97
20250513,사당,선릉,11,59
20250513,사당,선릉,12,71
20250513,사당,선릉,13,63
20250513,사당,선릉,14,59
20250513,사당,선릉,15,59
20250513,사당,선릉,16,63
20250513,사당,선릉,17,44
20250513,사당,선릉,18,43
20250513,사당,선릉,19,27
20250513,사당,선릉,20,25
20250513,사당,선릉,21,21
20250513,사당,선릉,22,25
20250513,사당,선릉,23,14
20250513,사당,성수,0,2
20250513,사당,성수,5,4
20250513,사당,성수,6,15
20250513,사당,성수,7,50
20250513,사당,성수,8,53
20250513,사당,성수,9,35
20250513,사당,성수,10,12
20250513,사당,성수,11,9
20250513,사당,성수,12,11
20250513,사당,성수,13,7
20250513,사당,성수,14,5
20250513,사당,성수,15,6
20250513,사당,성수,16,8
20250513,사당,성수,17,15
20250513,사당,성수,18,10
20250513,사당,성수,19,6
20250513,사당,성수,20,1
20250513,사당,성수,21,5
20250513,사당,성수,22,4
20250513,사당,성수,23,6
20250513,사당,시청,5,3
20250513,사당,시청,6,1
20250513,사당,시청,7,9
20250513,사당,시청,8,9
20250513,사당,시청,9,7
20250513,사당,시청,10,1
20250513,사당,시청,11,1
20250513,사당,시청,12,2
20250513,사당,시청,13,2
20250513,사당,시청,14,1
20250513,사당,시청,15,1
20250513,사당,시청,17,1
20250513,사당,시청,18,2
20250513,사당,신당,7,1
20250513,사당,신당,8,3
20250513,사당,신당,9,1
20250513,사당,신당,11,1
20250513,사당,신당,12,1
20250513,사당,신당,13,1
20250513,사당,신당,14,2
20250513,사당,신당,15,4
20250513,사당,신당,16,2
20250513,사당,신당,17,3
20250513,사당,신당,19,3
20250513,사당,신당,20,2
20250513,사당,신당,21,5
20250513,사당,신당,22,4
20250513,사당,신대방,0,17
20250513,사당,신대방,5,2
20250513,사당,신대방,6,13
20250513,사당,신대방,7,19
20250513,사당,신대방,8,26
20250513,사당,신대방,9,12
20250513,사당,신대방,10,27
20250513,사당,신대방,11,14
20250513,사당,신대방,12,29
20250513,사당,신대방,13,33
20250513,사당,신대방,14,44
20250513,사당,신대방,15,30
20250513,사당,신대방,16,49
20250513,사당,신대방,17,68
20250513,사당,신대방,18,112
20250513,사당,신대방,19,66
20250513,사당,신대방,20,60
20250513,사당,신대방,21,78
20250513,사당,신대방,22,50
20250513,사당,신대방,23,38
20250513,사당,신도림,0,19
20250513,사당,신도림,5,2
20250513,사당,신도림,6,9
20250513,사당,신도림,7,24
20250513,사당,신도림,8,62
20250513,사당,신도림,9,37
20250513,사당,신도림,10,16
20250513,사당,신도림,11,21
20250513,사당,신도림,12,25
20250513,사당,신도림,13,22
20250513,사당,신도림,14,24
20250513,사당,신도림,15,36
20250513,사당,신도림,16,28
20250513,사당,신도림,17,77
20250513,사당,신도림,18,128
20250513,사당,신도림,19,56
20250513,사당,신도림,20,52
20250513,사당,신도림,21,58
20250513,사당,신도림,22,53
20250513,사당,신도림,23,27
20250513,사당,신림,0,38
20250513,사당,신림,5,8
20250513,사당,신림,6,30
20250513,사당,신림,7,48
20250513,사당,신림,8,79
20250513,사당,신림,9,58
20250513,사당,신림,10,84
20250513,사당,신림,11,35
20250513,사당,신림,12,54
20250513,사당,신림,13,62
20250513,사당,신림,14,70
20250513,사당,신림,15,104
20250513,사당,신림,16,113
20250513,사당,신림,17,192
20250513,사당,신림,18,314
20250513,사당,신림,19,200
20250513,사당,신림,20,147
20250513,사당,신림,21,180
20250513,사당,신림,22,150
20250513,사당,신림,23,92
20250513,사당,신촌,0,3
20250513,사당,신촌,5,2
20250513,사당,신촌,6,13
20250513,사당,신촌,7,35
20250513,사당,신촌,8,45
20250513,사당,신촌,9,46
20250513,사당,신촌,10,29
20250513,사당,신촌,11,31
20250513,사당,신촌,12,20
20250513,사당,신촌,13,18
20250513,사당,신촌,14,16
20250513,사당,신촌,15,9
20250513,사당,신촌,16,18
20250513,사당,신촌,17,31
20250513,사당,신촌,18,23
20250513,사당,신촌,19,25
20250513,사당,신촌,20,10
20250513,사당,신촌,21,15
20250513,사당,신촌,22,15
20250513,사당,신촌,23,11
20250513,사당,아현,0,1
20250513,사당,아현,5,1
20250513,사당,아현,6,5
20250513,사당,아현,7,8
20250513,사당,아현,8,3
20250513,사당,아현,9,4
20250513,사당,아현,10,6
20250513,사당,아현,11,2
20250513,사당,아현,12,2
20250513,사당,아현,13,3
20250513,사당,아현,14,3
20250513,사당,아현,15,1
20250513,사당,아현,16,3
20250513,사당,아현,17,5
20250513,사당,아현,18,3
20250513,사당,아현,19,3
20250513,사당,아현,20,4
20250513,사당,아현,21,1
20250513,사당,아현,22,5
20250513,사당,역삼,0,6
20250513,사당,역삼,4,1
20250513,사당,역삼,5,34
20250513,사당,역삼,6,47
20250513,사당,역삼,7,231
20250513,사당,역삼,8,311
20250513,사당,역삼,9,241
20250513,사당,역삼,10,102
20250513,사당,역삼,11,38
20250513,사당,역삼,12,53
20250513,사당,역삼,13,46
20250513,사당,역삼,14,32
20250513,사당,역삼,15,31
20250513,사당,역삼,16,12
20250513,사당,역삼,17,35
20250513,사당,역삼,18,43
20250513,사당,역삼,19,29
20250513,사당,역삼,20,17
20250513,사당,역삼,21,21
20250513,사당,역삼,22,23
20250513,사당,역삼,23,10
20250513,사당,영등포구청,0,3
20250513,사당,영등포구청,5,2
20250513,사당,영등포구청,6,21
20250513,사당,영등포구청,7,61
20250513,사당,영등포구청,8,53
20250513,사당,영등포구청,9,20
20250513,사당,영등포구청,10,14
20250513,사당,영등포구청,11,6
20250513,사당,영등포구청,12,13
20250513,사당,영등포구청,13,11
20250513,사당,영등포구청,14,9
20250513,사당,영등포구청,15,18
20250513,사당,영등포구청,16,23
20250513,사당,영등포구청,17,26
20250513,사당,영등포구청,18,44
20250513,사당,영등포구청,19,25
20250513,사당,영등포구청,20,20
20250513,사당,영등포구청,21,20
20250513,사당,영등포구청,22,20
20250513,사당,영등포구청,23,8
20250513,사당,왕십리(성동구청),0,1
20250513,사당,왕십리(성동구청),6,1
20250513,사당,왕십리(성동구청),7,3
20250513,사당,왕십리(성동구청),8,1
20250513,사당,왕십리(성동구청),10,2
20250513,사당,왕십리(성동구청),11,2
20250513,사당,왕십리(성동구청),12,1
20250513,사당,왕십리(성동구청),13,1
20250513,사당,왕십리(성동구청),15,2
20250513,사당,왕십리(성동구청),16,7
20250513,사당,왕십리(성동구청),17,2
20250513,사당,왕십리(성동구청),18,4
20250513,사당,왕십리(성동구청),19,1
20250513,사당,왕십리(성동구청),21,4
20250513,사당,왕십리(성동구청),22,1
20250513,사당,왕십리(성동구청),23,2
20250513,사당,용두(동대문구청),0,1
20250513,사당,용두(동대문구청),7,1
20250513,사당,용두(동대문구청),13,1
20250513,사당,용두(동대문구청),15,1
20250513,사당,용두(동대문구청),17,1
20250513,사당,용두(동대문구청),18,1
20250513,사당,용두(동대문구청),21,2
20250513,사당,용두(동대문구청),22,1
20250513,사당,을지로3가,5,1
20250513,사당,을지로3가,7,4
20250513,사당,을지로3가,8,3
20250513,사당,을지로3가,9,1
20250513,사당,을지로3가,10,1
20250513,사당,을지로3가,12,1
20250513,사당,을지로3가,16,1
20250513,사당,을지로3가,18,1
20250513,사당,을지로3가,22,1
20250513,사당,을지로4가,6,2
20250513,사당,을지로4가,7,5
20250513,사당,을지로4가,8,3
20250513,사당,을지로4가,9,3
20250513,사당,을지로4가,12,1
20250513,사당,을지로4가,13,1
20250513,사당,을지로4가,14,2
20250513,사당,을지로4가,15,2
20250513,사당,을지로4가,23,1
20250513,사당,을지로입구,6,4
20250513,사당,을지로입구,7,10
20250513,사당,을지로입구,8,7
20250513,사당,을지로입구,9,3
20250513,사당,을지로입구,10,7
20250513,사당,을지로입구,11,2
20250513,사당,을지로입구,12,2
20250513,사당,을지로입구,13,1
20250513,사당,을지로입구,14,1
20250513,사당,을지로입구,16,2
20250513,사당,을지로입구,18,1
20250513,사당,이대,0,1
20250513,사당,이대,5,1
20250513,사당,이대,6,5
20250513,사당,이대,7,13
20250513,사당,이대,8,35
20250513,사당,이대,9,23
20250513,사당,이대,10,17
20250513,사당,이대,11,24
20250513,사당,이대,12,15
20250513,사당,이대,13,10
20250513,사당,이대,14,7
20250513,사당,이대,15,6
20250513,사당,이대,16,10
20250513,사당,이대,17,14
20250513,사당,이대,18,16
20250513,사당,이대,19,9
20250513,사당,이대,20,5
20250513,사당,이대,21,1
20250513,사당,이대,22,10
20250513,사당,이대,23,4
20250513,사당,잠실(송파구청),0,10
20250513,사당,잠실(송파구청),5,13
20250513,사당,잠실(송파구청),6,51
20250513,사당,잠실(송파구청),7,111
20250513,사당,잠실(송파구청),8,139
20250513,사당,잠실(송파구청),9,78
20250513,사당,잠실(송파구청),10,43
20250513,사당,잠실(송파구청),11,50
20250513,사당,잠실(송파구청),12,42
20250513,사당,잠실(송파구청),13,38
20250513,사당,잠실(송파구청),14,45
20250513,사당,잠실(송파구청),15,33
20250513,사당,잠실(송파구청),16,62
20250513,사당,잠실(송파구청),17,70
20250513,사당,잠실(송파구청),18,80
20250513,사당,잠실(송파구청),19,46
20250513,사당,잠실(송파구청),20,56
20250513,사당,잠실(송파구청),21,88
20250513,사당,잠실(송파구청),22,62
20250513,사당,잠실(송파구청),23,34
20250513,사당,잠실나루,5,12
20250513,사당,잠실나루,6,14
20250513,사당,잠실나루,7,16
20250513,사당,잠실나루,8,23
20250513,사당,잠실나루,9,9
20250513,사당,잠실나루,10,6
20250513,사당,잠실나루,11,5
20250513,사당,잠실나루,12,5
20250513,사당,잠실나루,13,2
20250513,사당,잠실나루,14,12
20250513,사당,잠실나루,15,5
20250513,사당,잠실나루,16,8
20250513,사당,잠실나루,17,12
20250513,사당,잠실나루,18,14
20250513,사당,잠실나루,19,5
20250513,사당,잠실나루,20,6
20250513,사당,잠실나루,21,10
20250513,사당,잠실나루,22,6
20250513,사당,잠실새내,0,2
20250513,사당,잠실새내,5,3
20250513,사당,잠실새내,6,3
20250513,사당,잠실새내,7,9
20250513,사당,잠실새내,8,12
20250513,사당,잠실새내,9,11
20250513,사당,잠실새내,10,6
20250513,사당,잠실새내,11,17
20250513,사당,잠실새내,12,16
20250513,사당,잠실새내,13,12
20250513,사당,잠실새내,14,24
20250513,사당,잠실새내,15,24
20250513,사당,잠실새내,16,23
20250513,사당,잠실새내,17,21
20250513,사당,잠실새내,18,32
20250513,사당,잠실새내,19,21
20250513,사당,잠실새내,20,15
20250513,사당,잠실새내,21,21
20250513,사당,잠실새내,22,23
20250513,사당,잠실새내,23,12
20250513,사당,종합운동장,5,6
20250513,사당,종합운동장,6,9
20250513,사당,종합운동장,7,12
20250513,사당,종합운동장,8,11
20250513,사당,종합운동장,9,8
20250513,사당,종합운동장,10,3
20250513,사당,종합운동장,11,2
20250513,사당,종합운동장,12,8
20250513,사당,종합운동장,13,12
20250513,사당,종합운동장,14,5
20250513,사당,종합운동장,15,9
20250513,사당,종합운동장,16,38
20250513,사당,종합운동장,17,44
20250513,사당,종합운동장,18,33
20250513,사당,종합운동장,19,5
20250513,사당,종합운동장,20,8
20250513,사당,종합운동장,21,14
20250513,사당,종합운동장,22,10
20250513,사당,종합운동장,23,8
20250513,사당,충정로(경기대입구),4,1
20250513,사당,충정로(경기대입구),6,5
20250513,사당,충정로(경기대입구),7,7
20250513,사당,충정로(경기대입구),8,5
20250513,사당,충정로(경기대입구),10,1
20250513,사당,충정로(경기대입구),12,1
20250513,사당,충정로(경기대입구),13,3
20250513,사당,충정로(경기대입구),14,1
20250513,사당,충정로(경기대입구),15,2
20250513,사당,충정로(경기대입구),20,2
20250513,사당,충정로(경기대입구),21,2
20250513,사당,충정로(경기대입구),22,1
20250513,사당,충정로(경기대입구),23,1
20250513,사당,한양대,5,1
20250513,사당,한양대,6,1
20250513,사당,한양대,7,8
20250513,사당,한양대,8,12
20250513,사당,한양대,9,17
20250513,사당,한양대,10,4
20250513,사당,한양대,11,5
20250513,사당,한양대,12,8
20250513,사당,한양대,13,4
20250513,사당,한양대,14,1
20250513,사당,한양대,15,1
20250513,사당,한양대,16,3
20250513,사당,한양대,19,1
20250513,사당,한양대,20,1
20250513,사당,한양대,23,2
20250513,사당,합정,0,2
20250513,사당,합정,5,2
20250513,사당,합정,6,13
20250513,사당,합정,7,33
20250513,사당,합정,8,52
20250513,사당,합정,9,40
20250513,사당,합정,10,19
20250513,사당,합정,11,20
20250513,사당,합정,12,13
20250513,사당,합정,13,23
20250513,사당,합정,14,10
20250513,사당,합정,15,13
20250513,사당,합정,16,23
20250513,사당,합정,17,24
20250513,사당,합정,18,40
20250513,사당,합정,19,21
20250513,사당,합정,20,9
20250513,사당,합정,21,11
20250513,사당,합정,22,22
20250513,사당,합정,23,12
20250513,사당,홍대입구,0,5
20250513,사당,홍대입구,5,4
20250513,사당,홍대입구,6,9
20250513,사당,홍대입구,7,43
20250513,사당,홍대입구,8,63
20250513,사당,홍대입구,9,52
20250513,사당,홍대입구,10,33
20250513,사당,홍대입구,11,44
20250513,사당,홍대입구,12,48
20250513,사당,홍대입구,13,37
20250513,사당,홍대입구,14,27
20250513,사당,홍대입구,15,38
20250513,사당,홍대입구,16,27
20250513,사당,홍대입구,17,38
20250513,사당,홍대입구,18,61
20250513,사당,홍대입구,19,36
20250513,사당,홍대입구,20,24
20250513,사당,홍대입구,21,30
20250513,사당,홍대입구,22,15
20250513,사당,홍대입구,23,18
20250513,삼성(무역센터),강남,0,11
20250513,삼성(무역센터),강남,5,10
20250513,삼성(무역센터),강남,6,16
20250513,삼성(무역센터),강남,7,46
20250513,삼성(무역센터),강남,8,100
20250513,삼성(무역센터),강남,9,88
20250513,삼성(무역센터),강남,10,62
20250513,삼성(무역센터),강남,11,132
20250513,삼성(무역센터),강남,12,137
20250513,삼성(무역센터),강남,13,158
20250513,삼성(무역센터),강남,14,137
20250513,삼성(무역센터),강남,15,162
20250513,삼성(무역센터),강남,16,225
20250513,삼성(무역센터),강남,17,477
20250513,삼성(무역센터),강남,18,748
20250513,삼성(무역센터),강남,19,313
20250513,삼성(무역센터),강남,20,176
20250513,삼성(무역센터),강남,21,159
20250513,삼성(무역센터),강남,22,94
20250513,삼성(무역센터),강남,23,25
20250513,삼성(무역센터),강변(동서울터미널),0,3
20250513,삼성(무역센터),강변(동서울터미널),5,3
20250513,삼성(무역센터),강변(동서울터미널),6,7
20250513,삼성(무역센터),강변(동서울터미널),7,8
20250513,삼성(무역센터),강변(동서울터미널),8,12
20250513,삼성(무역센터),강변(동서울터미널),9,10
20250513,삼성(무역센터),강변(동서울터미널),10,12
20250513,삼성(무역센터),강변(동서울터미널),11,31
20250513,삼성(무역센터),강변(동서울터미널),12,29
20250513,삼성(무역센터),강변(동서울터미널),13,24
20250513,삼성(무역센터),강변(동서울터미널),14,33
20250513,삼성(무역센터),강변(동서울터미널),15,50
20250513,삼성(무역센터),강변(동서울터미널),16,67
20250513,삼성(무역센터),강변(동서울터미널),17,160
20250513,삼성(무역센터),강변(동서울터미널),18,204
20250513,삼성(무역센터),강변(동서울터미널),19,96
20250513,삼성(무역센터),강변(동서울터미널),20,73
20250513,삼성(무역센터),강변(동서울터미널),21,83
20250513,삼성(무역센터),강변(동서울터미널),22,70
20250513,삼성(무역센터),강변(동서울터미널),23,14
20250513,삼성(무역센터),건대입구,0,5
20250513,삼성(무역센터),건대입구,7,4
20250513,삼성(무역센터),건대입구,8,14
20250513,삼성(무역센터),건대입구,9,10
20250513,삼성(무역센터),건대입구,10,12
20250513,삼성(무역센터),건대입구,11,25
20250513,삼성(무역센터),건대입구,12,20
20250513,삼성(무역센터),건대입구,13,19
20250513,삼성(무역센터),건대입구,14,42
20250513,삼성(무역센터),건대입구,15,39
20250513,삼성(무역센터),건대입구,16,59
20250513,삼성(무역센터),건대입구,17,101
20250513,삼성(무역센터),건대입구,18,201
20250513,삼성(무역센터),건대입구,19,95
20250513,삼성(무역센터),건대입구,20,83
20250513,삼성(무역센터),건대입구,21,66
20250513,삼성(무역센터),건대입구,22,40
20250513,삼성(무역센터),건대입구,23,10
20250513,삼성(무역센터),교대(법원.검찰청),0,1
20250513,삼성(무역센터),교대(법원.검찰청),5,7
20250513,삼성(무역센터),교대(법원.검찰청),6,7
20250513,삼성(무역센터),교대(법원.검찰청),7,15
20250513,삼성(무역센터),교대(법원.검찰청),8,23
20250513,삼성(무역센터),교대(법원.검찰청),9,31
20250513,삼성(무역센터),교대(법원.검찰청),10,37
20250513,삼성(무역센터),교대(법원.검찰청),11,53
20250513,삼성(무역센터),교대(법원.검찰청),12,66
20250513,삼성(무역센터),교대(법원.검찰청),13,65
20250513,삼성(무역센터),교대(법원.검찰청),14,65
20250513,삼성(무역센터),교대(법원.검찰청),15,52
20250513,삼성(무역센터),교대(법원.검찰청),16,56
20250513,삼성(무역센터),교대(법원.검찰청),17,92
20250513,삼성(무역센터),교대(법원.검찰청),18,161
20250513,삼성(무역센터),교대(법원.검찰청),19,63
20250513,삼성(무역센터),교대(법원.검찰청),20,47
20250513,삼성(무역센터),교대(법원.검찰청),21,43
20250513,삼성(무역센터),교대(법원.검찰청),22,28
20250513,삼성(무역센터),교대(법원.검찰청),23,13
20250513,삼성(무역센터),구로디지털단지,0,2
20250513,삼성(무역센터),구로디지털단지,5,7
20250513,삼성(무역센터),구로디지털단지,6,10
20250513,삼성(무역센터),구로디지털단지,7,18
20250513,삼성(무역센터),구로디지털단지,8,23
20250513,삼성(무역센터),구로디지털단지,9,17
20250513,삼성(무역센터),구로디지털단지,10,14
20250513,삼성(무역센터),구로디지털단지,11,18
20250513,삼성(무역센터),구로디지털단지,12,21
20250513,삼성(무역센터),구로디지털단지,13,30
20250513,삼성(무역센터),구로디지털단지,14,39
20250513,삼성(무역센터),구로디지털단지,15,50
20250513,삼성(무역센터),구로디지털단지,16,104
20250513,삼성(무역센터),구로디지털단지,17,186
20250513,삼성(무역센터),구로디지털단지,18,269
20250513,삼성(무역센터),구로디지털단지,19,140
20250513,삼성(무역센터),구로디지털단지,20,119
20250513,삼성(무역센터),구로디지털단지,21,119
20250513,삼성(무역센터),구로디지털단지,22,61
20250513,삼성(무역센터),구로디지털단지,23,20
20250513,삼성(무역센터),구의(광진구청),0,4
20250513,삼성(무역센터),구의(광진구청),4,1
20250513,삼성(무역센터),구의(광진구청),6,6
20250513,삼성(무역센터),구의(광진구청),7,13
20250513,삼성(무역센터),구의(광진구청),8,11
20250513,삼성(무역센터),구의(광진구청),9,7
20250513,삼성(무역센터),구의(광진구청),10,8
20250513,삼성(무역센터),구의(광진구청),11,13
20250513,삼성(무역센터),구의(광진구청),12,14
20250513,삼성(무역센터),구의(광진구청),13,23
20250513,삼성(무역센터),구의(광진구청),14,44
20250513,삼성(무역센터),구의(광진구청),15,52
20250513,삼성(무역센터),구의(광진구청),16,62
20250513,삼성(무역센터),구의(광진구청),17,138
20250513,삼성(무역센터),구의(광진구청),18,282
20250513,삼성(무역센터),구의(광진구청),19,143
20250513,삼성(무역센터),구의(광진구청),20,111
20250513,삼성(무역센터),구의(광진구청),21,99
20250513,삼성(무역센터),구의(광진구청),22,66
20250513,삼성(무역센터),구의(광진구청),23,18
20250513,삼성(무역센터),낙성대,0,5
20250513,삼성(무역센터),낙성대,5,6
20250513,삼성(무역센터),낙성대,6,7
20250513,삼성(무역센터),낙성대,7,15
20250513,삼성(무역센터),낙성대,8,12
20250513,삼성(무역센터),낙성대,9,6
20250513,삼성(무역센터),낙성대,10,11
20250513,삼성(무역센터),낙성대,11,12
20250513,삼성(무역센터),낙성대,12,9
20250513,삼성(무역센터),낙성대,13,20
20250513,삼성(무역센터),낙성대,14,25
20250513,삼성(무역센터),낙성대,15,25
20250513,삼성(무역센터),낙성대,16,69
20250513,삼성(무역센터),낙성대,17,127
20250513,삼성(무역센터),낙성대,18,219
20250513,삼성(무역센터),낙성대,19,122
20250513,삼성(무역센터),낙성대,20,92
20250513,삼성(무역센터),낙성대,21,75
20250513,삼성(무역센터),낙성대,22,60
20250513,삼성(무역센터),낙성대,23,14
20250513,삼성(무역센터),당산,8,1
20250513,삼성(무역센터),당산,9,1
20250513,삼성(무역센터),당산,10,1
20250513,삼성(무역센터),당산,11,1
20250513,삼성(무역센터),당산,12,8
20250513,삼성(무역센터),당산,13,3
20250513,삼성(무역센터),당산,14,5
20250513,삼성(무역센터),당산,15,7
20250513,삼성(무역센터),당산,16,6
20250513,삼성(무역센터),당산,17,21
20250513,삼성(무역센터),당산,18,33
20250513,삼성(무역센터),당산,19,15
20250513,삼성(무역센터),당산,20,9
20250513,삼성(무역센터),당산,21,14
20250513,삼성(무역센터),당산,22,5
20250513,삼성(무역센터),당산,23,6
20250513,삼성(무역센터),대림(구로구청),0,4
20250513,삼성(무역센터),대림(구로구청),6,6
20250513,삼성(무역센터),대림(구로구청),7,3
20250513,삼성(무역센터),대림(구로구청),8,1
20250513,삼성(무역센터),대림(구로구청),9,3
20250513,삼성(무역센터),대림(구로구청),10,2
20250513,삼성(무역센터),대림(구로구청),11,14
20250513,삼성(무역센터),대림(구로구청),12,8
20250513,삼성(무역센터),대림(구로구청),13,10
20250513,삼성(무역센터),대림(구로구청),14,29
20250513,삼성(무역센터),대림(구로구청),15,37
20250513,삼성(무역센터),대림(구로구청),16,47
20250513,삼성(무역센터),대림(구로구청),17,58
20250513,삼성(무역센터),대림(구로구청),18,73
20250513,삼성(무역센터),대림(구로구청),19,46
20250513,삼성(무역센터),대림(구로구청),20,55
20250513,삼성(무역센터),대림(구로구청),21,60
20250513,삼성(무역센터),대림(구로구청),22,32
20250513,삼성(무역센터),대림(구로구청),23,9
20250513,삼성(무역센터),동대문역사문화공원,7,6
20250513,삼성(무역센터),동대문역사문화공원,8,5
20250513,삼성(무역센터),동대문역사문화공원,9,6
20250513,삼성(무역센터),동대문역사문화공원,10,6
20250513,삼성(무역센터),동대문역사문화공원,11,11
20250513,삼성(무역센터),동대문역사문화공원,12,7
20250513,삼성(무역센터),동대문역사문화공원,13,18
20250513,삼성(무역센터),동대문역사문화공원,14,16
20250513,삼성(무역센터),동대문역사문화공원,15,18
20250513,삼성(무역센터),동대문역사문화공원,16,19
20250513,삼성(무역센터),동대문역사문화공원,17,34
20250513,삼성(무역센터),동대문역사문화공원,18,46
20250513,삼성(무역센터),동대문역사문화공원,19,28
20250513,삼성(무역센터),동대문역사문화공원,20,18
20250513,삼성(무역센터),동대문역사문화공원,21,11
20250513,삼성(무역센터),동대문역사문화공원,22,4
20250513,삼성(무역센터),동대문역사문화공원,23,1
20250513,삼성(무역센터),뚝섬,0,1
20250513,삼성(무역센터),뚝섬,6,1
20250513,삼성(무역센터),뚝섬,7,6
20250513,삼성(무역센터),뚝섬,8,21
20250513,삼성(무역센터),뚝섬,9,8
20250513,삼성(무역센터),뚝섬,10,4
20250513,삼성(무역센터),뚝섬,11,7
20250513,삼성(무역센터),뚝섬,12,11
20250513,삼성(무역센터),뚝섬,13,20
20250513,삼성(무역센터),뚝섬,14,23
20250513,삼성(무역센터),뚝섬,15,12
20250513,삼성(무역센터),뚝섬,16,20
20250513,삼성(무역센터),뚝섬,17,37
20250513,삼성(무역센터),뚝섬,18,46
20250513,삼성(무역센터),뚝섬,19,14
20250513,삼성(무역센터),뚝섬,20,14
20250513,삼성(무역센터),뚝섬,21,12
20250513,삼성(무역센터),뚝섬,22,3
20250513,삼성(무역센터),뚝섬,23,2
20250513,삼성(무역센터),문래,5,1
20250513,삼성(무역센터),문래,6,2
20250513,삼성(무역센터),문래,7,9
20250513,삼성(무역센터),문래,8,1
20250513,삼성(무역센터),문래,9,3
20250513,삼성(무역센터),문래,10,3
20250513,삼성(무역센터),문래,11,2
20250513,삼성(무역센터),문래,12,6
20250513,삼성(무역센터),문래,13,7
20250513,삼성(무역센터),문래,14,9
20250513,삼성(무역센터),문래,15,5
20250513,삼성(무역센터),문래,16,21
20250513,삼성(무역센터),문래,17,44
20250513,삼성(무역센터),문래,18,65
20250513,삼성(무역센터),문래,19,22
20250513,삼성(무역센터),문래,20,14
20250513,삼성(무역센터),문래,21,10
20250513,삼성(무역센터),문래,22,9
20250513,삼성(무역센터),문래,23,2
20250513,삼성(무역센터),방배,0,1
20250513,삼성(무역센터),방배,6,2
20250513,삼성(무역센터),방배,7,5
20250513,삼성(무역센터),방배,8,9
20250513,삼성(무역센터),방배,9,12
20250513,삼성(무역센터),방배,10,10
20250513,삼성(무역센터),방배,11,11
20250513,삼성(무역센터),방배,12,23
20250513,삼성(무역센터),방배,13,17
20250513,삼성(무역센터),방배,14,21
20250513,삼성(무역센터),방배,15,18
20250513,삼성(무역센터),방배,16,27
20250513,삼성(무역센터),방배,17,61
20250513,삼성(무역센터),방배,18,82
20250513,삼성(무역센터),방배,19,52
20250513,삼성(무역센터),방배,20,18
20250513,삼성(무역센터),방배,21,23
20250513,삼성(무역센터),방배,22,27
20250513,삼성(무역센터),방배,23,6
20250513,삼성(무역센터),봉천,0,8
20250513,삼성(무역센터),봉천,5,1
20250513,삼성(무역센터),봉천,6,6
20250513,삼성(무역센터),봉천,7,4
20250513,삼성(무역센터),봉천,8,7
20250513,삼성(무역센터),봉천,9,8
20250513,삼성(무역센터),봉천,10,4
20250513,삼성(무역센터),봉천,11,4
20250513,삼성(무역센터),봉천,12,6
20250513,삼성(무역센터),봉천,13,9
20250513,삼성(무역센터),봉천,14,25
20250513,삼성(무역센터),봉천,15,35
20250513,삼성(무역센터),봉천,16,39
20250513,삼성(무역센터),봉천,17,123
20250513,삼성(무역센터),봉천,18,192
20250513,삼성(무역센터),봉천,19,100
20250513,삼성(무역센터),봉천,20,63
20250513,삼성(무역센터),봉천,21,71
20250513,삼성(무역센터),봉천,22,52
20250513,삼성(무역센터),봉천,23,10
20250513,삼성(무역센터),사당,0,12
20250513,삼성(무역센터),사당,5,11
20250513,삼성(무역센터),사당,6,8
20250513,삼성(무역센터),사당,7,22
20250513,삼성(무역센터),사당,8,14
20250513,삼성(무역센터),사당,9,20
20250513,삼성(무역센터),사당,10,20
20250513,삼성(무역센터),사당,11,30
20250513,삼성(무역센터),사당,12,24
20250513,삼성(무역센터),사당,13,40
20250513,삼성(무역센터),사당,14,55
20250513,삼성(무역센터),사당,15,98
20250513,삼성(무역센터),사당,16,135
20250513,삼성(무역센터),사당,17,357
20250513,삼성(무역센터),사당,18,485
20250513,삼성(무역센터),사당,19,263
20250513,삼성(무역센터),사당,20,182
20250513,삼성(무역센터),사당,21,139
20250513,삼성(무역센터),사당,22,108
20250513,삼성(무역센터),사당,23,27
20250513,삼성(무역센터),삼성(무역센터),0,2
20250513,삼성(무역센터),삼성(무역센터),5,2
20250513,삼성(무역센터),삼성(무역센터),6,2
20250513,삼성(무역센터),삼성(무역센터),7,3
20250513,삼성(무역센터),삼성(무역센터),8,2
20250513,삼성(무역센터),삼성(무역센터),9,6
20250513,삼성(무역센터),삼성(무역센터),10,7
20250513,삼성(무역센터),삼성(무역센터),11,9
20250513,삼성(무역센터),삼성(무역센터),12,15
20250513,삼성(무역센터),삼성(무역센터),13,9
20250513,삼성(무역센터),삼성(무역센터),14,35
20250513,삼성(무역센터),삼성(무역센터),15,14
20250513,삼성(무역센터),삼성(무역센터),16,15
20250513,삼성(무역센터),삼성(무역센터),17,31
20250513,삼성(무역센터),삼성(무역센터),18,46
20250513,삼성(무역센터),삼성(무역센터),19,16
20250513,삼성(무역센터),삼성(무역센터),20,14
20250513,삼성(무역센터),삼성(무역센터),21,16
20250513,삼성(무역센터),삼성(무역센터),22,19
20250513,삼성(무역센터),삼성(무역센터),23,8
20250513,삼성(무역센터),상왕십리,0,1
20250513,삼성(무역센터),상왕십리,6,1
20250513,삼성(무역센터),상왕십리,7,3
20250513,삼성(무역센터),상왕십리,8,2
20250513,삼성(무역센터),상왕십리,10,2
20250513,삼성(무역센터),상왕십리,11,1
20250513,삼성(무역센터),상왕십리,12,5
20250513,삼성(무역센터),상왕십리,13,4
20250513,삼성(무역센터),상왕십리,14,8
20250513,삼성(무역센터),상왕십리,15,13
20250513,삼성(무역센터),상왕십리,16,26
20250513,삼성(무역센터),상왕십리,17,52
20250513,삼성(무역센터),상왕십리,18,85
20250513,삼성(무역센터),상왕십리,19,39
20250513,삼성(무역센터),상왕십리,20,29
20250513,삼성(무역센터),상왕십리,21,14
20250513,삼성(무역센터),상왕십리,22,14
20250513,삼성(무역센터),상왕십리,23,4
20250513,삼성(무역센터),서울대입구(관악구청),0,11
20250513,삼성(무역센터),서울대입구(관악구청),5,7
20250513,삼성(무역센터),서울대입구(관악구청),6,7
20250513,삼성(무역센터),서울대입구(관악구청),7,20
20250513,삼성(무역센터),서울대입구(관악구청),8,35
20250513,삼성(무역센터),서울대입구(관악구청),9,14
20250513,삼성(무역센터),서울대입구(관악구청),10,22
20250513,삼성(무역센터),서울대입구(관악구청),11,22
20250513,삼성(무역센터),서울대입구(관악구청),12,24
20250513,삼성(무역센터),서울대입구(관악구청),13,40
20250513,삼성(무역센터),서울대입구(관악구청),14,51
20250513,삼성(무역센터),서울대입구(관악구청),15,59
20250513,삼성(무역센터),서울대입구(관악구청),16,89
20250513,삼성(무역센터),서울대입구(관악구청),17,249
20250513,삼성(무역센터),서울대입구(관악구청),18,470
20250513,삼성(무역센터),서울대입구(관악구청),19,218
20250513,삼성(무역센터),서울대입구(관악구청),20,143
20250513,삼성(무역센터),서울대입구(관악구청),21,162
20250513,삼성(무역센터),서울대입구(관악구청),22,104
20250513,삼성(무역센터),서울대입구(관악구청),23,41
20250513,삼성(무역센터),서초,0,1
20250513,삼성(무역센터),서초,5,2
20250513,삼성(무역센터),서초,6,8
20250513,삼성(무역센터),서초,7,8
20250513,삼성(무역센터),서초,8,32
20250513,삼성(무역센터),서초,9,22
20250513,삼성(무역센터),서초,10,19
20250513,삼성(무역센터),서초,11,16
20250513,삼성(무역센터),서초,12,24
20250513,삼성(무역센터),서초,13,20
20250513,삼성(무역센터),서초,14,24
20250513,삼성(무역센터),서초,15,38
20250513,삼성(무역센터),서초,16,29
20250513,삼성(무역센터),서초,17,66
20250513,삼성(무역센터),서초,18,77
20250513,삼성(무역센터),서초,19,38
20250513,삼성(무역센터),서초,20,27
20250513,삼성(무역센터),서초,21,16
20250513,삼성(무역센터),서초,22,17
20250513,삼성(무역센터),서초,23,6
20250513,삼성(무역센터),선릉,0,1
20250513,삼성(무역센터),선릉,5,1
20250513,삼성(무역센터),선릉,6,5
20250513,삼성(무역센터),선릉,7,14
20250513,삼성(무역센터),선릉,8,26
20250513,삼성(무역센터),선릉,9,38
20250513,삼성(무역센터),선릉,10,42
20250513,삼성(무역센터),선릉,11,74
20250513,삼성(무역센터),선릉,12,70
20250513,삼성(무역센터),선릉,13,84
20250513,삼성(무역센터),선릉,14,88
20250513,삼성(무역센터),선릉,15,92
20250513,삼성(무역센터),선릉,16,74
20250513,삼성(무역센터),선릉,17,114
20250513,삼성(무역센터),선릉,18,115
20250513,삼성(무역센터),선릉,19,54
20250513,삼성(무역센터),선릉,20,31
20250513,삼성(무역센터),선릉,21,38
20250513,삼성(무역센터),선릉,22,15
20250513,삼성(무역센터),선릉,23,8
20250513,삼성(무역센터),성수,0,1
20250513,삼성(무역센터),성수,5,2
20250513,삼성(무역센터),성수,6,3
20250513,삼성(무역센터),성수,7,9
20250513,삼성(무역센터),성수,8,26
20250513,삼성(무역센터),성수,9,27
20250513,삼성(무역센터),성수,10,15
20250513,삼성(무역센터),성수,11,24
20250513,삼성(무역센터),성수,12,45
20250513,삼성(무역센터),성수,13,46
20250513,삼성(무역센터),성수,14,38
20250513,삼성(무역센터),성수,15,66
20250513,삼성(무역센터),성수,16,53
20250513,삼성(무역센터),성수,17,62
20250513,삼성(무역센터),성수,18,69
20250513,삼성(무역센터),성수,19,21
20250513,삼성(무역센터),성수,20,27
20250513,삼성(무역센터),성수,21,5
20250513,삼성(무역센터),성수,22,11
20250513,삼성(무역센터),성수,23,6
20250513,삼성(무역센터),시청,6,7
20250513,삼성(무역센터),시청,7,19
20250513,삼성(무역센터),시청,8,21
20250513,삼성(무역센터),시청,9,6
20250513,삼성(무역센터),시청,10,4
20250513,삼성(무역센터),시청,11,8
20250513,삼성(무역센터),시청,12,12
20250513,삼성(무역센터),시청,13,12
20250513,삼성(무역센터),시청,14,19
20250513,삼성(무역센터),시청,15,7
20250513,삼성(무역센터),시청,16,12
20250513,삼성(무역센터),시청,17,30
20250513,삼성(무역센터),시청,18,19
20250513,삼성(무역센터),시청,19,3
20250513,삼성(무역센터),시청,20,3
20250513,삼성(무역센터),시청,21,5
20250513,삼성(무역센터),시청,22,7
20250513,삼성(무역센터),시청,23,1
20250513,삼성(무역센터),신당,5,1
20250513,삼성(무역센터),신당,7,1
20250513,삼성(무역센터),신당,8,2
20250513,삼성(무역센터),신당,9,3
20250513,삼성(무역센터),신당,10,4
20250513,삼성(무역센터),신당,11,5
20250513,삼성(무역센터),신당,12,8
20250513,삼성(무역센터),신당,13,4
20250513,삼성(무역센터),신당,14,12
20250513,삼성(무역센터),신당,15,11
20250513,삼성(무역센터),신당,16,17
20250513,삼성(무역센터),신당,17,28
20250513,삼성(무역센터),신당,18,55
20250513,삼성(무역센터),신당,19,30
20250513,삼성(무역센터),신당,20,20
20250513,삼성(무역센터),신당,21,18
20250513,삼성(무역센터),신당,22,12
20250513,삼성(무역센터),신당,23,1
20250513,삼성(무역센터),신대방,0,2
20250513,삼성(무역센터),신대방,5,5
20250513,삼성(무역센터),신대방,6,3
20250513,삼성(무역센터),신대방,7,8
20250513,삼성(무역센터),신대방,8,7
20250513,삼성(무역센터),신대방,9,4
20250513,삼성(무역센터),신대방,10,3
20250513,삼성(무역센터),신대방,11,7
20250513,삼성(무역센터),신대방,12,11
20250513,삼성(무역센터),신대방,13,7
20250513,삼성(무역센터),신대방,14,21
20250513,삼성(무역센터),신대방,15,25
20250513,삼성(무역센터),신대방,16,46
20250513,삼성(무역센터),신대방,17,81
20250513,삼성(무역센터),신대방,18,139
20250513,삼성(무역센터),신대방,19,78
20250513,삼성(무역센터),신대방,20,69
20250513,삼성(무역센터),신대방,21,65
20250513,삼성(무역센터),신대방,22,34
20250513,삼성(무역센터),신대방,23,11
20250513,삼성(무역센터),신도림,0,4
20250513,삼성(무역센터),신도림,5,4
20250513,삼성(무역센터),신도림,6,3
20250513,삼성(무역센터),신도림,7,7
20250513,삼성(무역센터),신도림,8,7
20250513,삼성(무역센터),신도림,9,2
20250513,삼성(무역센터),신도림,10,1
20250513,삼성(무역센터),신도림,11,15
20250513,삼성(무역센터),신도림,12,11
20250513,삼성(무역센터),신도림,13,16
20250513,삼성(무역센터),신도림,14,26
20250513,삼성(무역센터),신도림,15,29
20250513,삼성(무역센터),신도림,16,48
20250513,삼성(무역센터),신도림,17,121
20250513,삼성(무역센터),신도림,18,206
20250513,삼성(무역센터),신도림,19,90
20250513,삼성(무역센터),신도림,20,59
20250513,삼성(무역센터),신도림,21,55
20250513,삼성(무역센터),신도림,22,50
20250513,삼성(무역센터),신도림,23,17
20250513,삼성(무역센터),신림,0,8
20250513,삼성(무역센터),신림,5,5
20250513,삼성(무역센터),신림,6,11
20250513,삼성(무역센터),신림,7,27
20250513,삼성(무역센터),신림,8,15
20250513,삼성(무역센터),신림,9,14
20250513,삼성(무역센터),신림,10,3
20250513,삼성(무역센터),신림,11,17
20250513,삼성(무역센터),신림,12,19
20250513,삼성(무역센터),신림,13,24
20250513,삼성(무역센터),신림,14,49
20250513,삼성(무역센터),신림,15,70
20250513,삼성(무역센터),신림,16,138
20250513,삼성(무역센터),신림,17,270
20250513,삼성(무역센터),신림,18,453
20250513,삼성(무역센터),신림,19,243
20250513,삼성(무역센터),신림,20,185
20250513,삼성(무역센터),신림,21,172
20250513,삼성(무역센터),신림,22,131
20250513,삼성(무역센터),신림,23,38
20250513,삼성(무역센터),신촌,5,2
20250513,삼성(무역센터),신촌,6,2
20250513,삼성(무역센터),신촌,7,3
20250513,삼성(무역센터),신촌,8,6
20250513,삼성(무역센터),신촌,9,4
20250513,삼성(무역센터),신촌,10,7
20250513,삼성(무역센터),신촌,11,8
20250513,삼성(무역센터),신촌,12,11
20250513,삼성(무역센터),신촌,13,13
20250513,삼성(무역센터),신촌,14,7
20250513,삼성(무역센터),신촌,15,18
20250513,삼성(무역센터),신촌,16,15
20250513,삼성(무역센터),신촌,17,56
20250513,삼성(무역센터),신촌,18,63
20250513,삼성(무역센터),신촌,19,28
20250513,삼성(무역센터),신촌,20,16
20250513,삼성(무역센터),신촌,21,21
20250513,삼성(무역센터),신촌,22,12
20250513,삼성(무역센터),신촌,23,1
20250513,삼성(무역센터),아현,7,2
20250513,삼성(무역센터),아현,8,3
20250513,삼성(무역센터),아현,12,4
20250513,삼성(무역센터),아현,13,2
20250513,삼성(무역센터),아현,14,4
20250513,삼성(무역센터),아현,15,4
20250513,삼성(무역센터),아현,16,9
20250513,삼성(무역센터),아현,17,22
20250513,삼성(무역센터),아현,18,26
20250513,삼성(무역센터),아현,19,20
20250513,삼성(무역센터),아현,20,13
20250513,삼성(무역센터),아현,21,10
20250513,삼성(무역센터),아현,22,3
20250513,삼성(무역센터),아현,23,3
20250513,삼성(무역센터),역삼,0,5
20250513,삼성(무역센터),역삼,5,4
20250513,삼성(무역센터),역삼,6,11
20250513,삼성(무역센터),역삼,7,40
20250513,삼성(무역센터),역삼,8,89
20250513,삼성(무역센터),역삼,9,81
20250513,삼성(무역센터),역삼,10,59
20250513,삼성(무역센터),역삼,11,75
20250513,삼성(무역센터),역삼,12,94
20250513,삼성(무역센터),역삼,13,111
20250513,삼성(무역센터),역삼,14,64
20250513,삼성(무역센터),역삼,15,104
20250513,삼성(무역센터),역삼,16,73
20250513,삼성(무역센터),역삼,17,122
20250513,삼성(무역센터),역삼,18,175
20250513,삼성(무역센터),역삼,19,76
20250513,삼성(무역센터),역삼,20,45
20250513,삼성(무역센터),역삼,21,32
20250513,삼성(무역센터),역삼,22,38
20250513,삼성(무역센터),역삼,23,12
20250513,삼성(무역센터),영등포구청,7,5
20250513,삼성(무역센터),영등포구청,9,1
20250513,삼성(무역센터),영등포구청,10,1
20250513,삼성(무역센터),영등포구청,11,5
20250513,삼성(무역센터),영등포구청,13,7
20250513,삼성(무역센터),영등포구청,14,5
20250513,삼성(무역센터),영등포구청,15,9
20250513,삼성(무역센터),영등포구청,16,8
20250513,삼성(무역센터),영등포구청,17,32
20250513,삼성(무역센터),영등포구청,18,40
20250513,삼성(무역센터),영등포구청,19,23
20250513,삼성(무역센터),영등포구청,20,15
20250513,삼성(무역센터),영등포구청,21,13
20250513,삼성(무역센터),영등포구청,22,9
20250513,삼성(무역센터),영등포구청,23,1
20250513,삼성(무역센터),왕십리(성동구청),0,2
20250513,삼성(무역센터),왕십리(성동구청),5,1
20250513,삼성(무역센터),왕십리(성동구청),7,3
20250513,삼성(무역센터),왕십리(성동구청),8,4
20250513,삼성(무역센터),왕십리(성동구청),9,2
20250513,삼성(무역센터),왕십리(성동구청),10,3
20250513,삼성(무역센터),왕십리(성동구청),11,5
20250513,삼성(무역센터),왕십리(성동구청),12,4
20250513,삼성(무역센터),왕십리(성동구청),13,10
20250513,삼성(무역센터),왕십리(성동구청),14,10
20250513,삼성(무역센터),왕십리(성동구청),15,10
20250513,삼성(무역센터),왕십리(성동구청),16,13
20250513,삼성(무역센터),왕십리(성동구청),17,32
20250513,삼성(무역센터),왕십리(성동구청),18,37
20250513,삼성(무역센터),왕십리(성동구청),19,20
20250513,삼성(무역센터),왕십리(성동구청),20,8
20250513,삼성(무역센터),왕십리(성동구청),21,8
20250513,삼성(무역센터),왕십리(성동구청),22,12
20250513,삼성(무역센터),왕십리(성동구청),23,5
20250513,삼성(무역센터),용두(동대문구청),0,1
20250513,삼성(무역센터),용두(동대문구청),8,1
20250513,삼성(무역센터),용두(동대문구청),9,1
20250513,삼성(무역센터),용두(동대문구청),10,1
20250513,삼성(무역센터),용두(동대문구청),11,1
20250513,삼성(무역센터),용두(동대문구청),12,3
20250513,삼성(무역센터),용두(동대문구청),13,5
20250513,삼성(무역센터),용두(동대문구청),14,7
20250513,삼성(무역센터),용두(동대문구청),15,5
20250513,삼성(무역센터),용두(동대문구청),16,10
20250513,삼성(무역센터),용두(동대문구청),17,20
20250513,삼성(무역센터),용두(동대문구청),18,41
20250513,삼성(무역센터),용두(동대문구청),19,14
20250513,삼성(무역센터),용두(동대문구청),20,14
20250513,삼성(무역센터),용두(동대문구청),21,5
20250513,삼성(무역센터),용두(동대문구청),22,3
20250513,삼성(무역센터),용두(동대문구청),23,3
20250513,삼성(무역센터),을지로3가,6,4
20250513,삼성(무역센터),을지로3가,7,3
20250513,삼성(무역센터),을지로3가,8,6
20250513,삼성(무역센터),을지로3가,9,2
20250513,삼성(무역센터),을지로3가,10,7
20250513,삼성(무역센터),을지로3가,11,2
20250513,삼성(무역센터),을지로3가,12,8
20250513,삼성(무역센터),을지로3가,13,8
20250513,삼성(무역센터),을지로3가,14,11
20250513,삼성(무역센터),을지로3가,15,12
20250513,삼성(무역센터),을지로3가,16,21
20250513,삼성(무역센터),을지로3가,17,26
20250513,삼성(무역센터),을지로3가,18,35
20250513,삼성(무역센터),을지로3가,19,7
20250513,삼성(무역센터),을지로3가,20,10
20250513,삼성(무역센터),을지로3가,21,10
20250513,삼성(무역센터),을지로3가,22,8
20250513,삼성(무역센터),을지로3가,23,1
20250513,삼성(무역센터),을지로4가,6,2
20250513,삼성(무역센터),을지로4가,7,3
20250513,삼성(무역센터),을지로4가,8,2
20250513,삼성(무역센터),을지로4가,9,5
20250513,삼성(무역센터),을지로4가,10,8
20250513,삼성(무역센터),을지로4가,11,4
20250513,삼성(무역센터),을지로4가,12,8
20250513,삼성(무역센터),을지로4가,13,13
20250513,삼성(무역센터),을지로4가,14,11
20250513,삼성(무역센터),을지로4가,15,10
20250513,삼성(무역센터),을지로4가,16,18
20250513,삼성(무역센터),을지로4가,17,15
20250513,삼성(무역센터),을지로4가,18,30
20250513,삼성(무역센터),을지로4가,19,17
20250513,삼성(무역센터),을지로4가,20,13
20250513,삼성(무역센터),을지로4가,21,10
20250513,삼성(무역센터),을지로4가,22,1
20250513,삼성(무역센터),을지로4가,23,1
20250513,삼성(무역센터),을지로입구,5,1
20250513,삼성(무역센터),을지로입구,6,3
20250513,삼성(무역센터),을지로입구,7,20
20250513,삼성(무역센터),을지로입구,8,18
20250513,삼성(무역센터),을지로입구,9,12
20250513,삼성(무역센터),을지로입구,10,19
20250513,삼성(무역센터),을지로입구,11,23
20250513,삼성(무역센터),을지로입구,12,30
20250513,삼성(무역센터),을지로입구,13,23
20250513,삼성(무역센터),을지로입구,14,50
20250513,삼성(무역센터),을지로입구,15,46
20250513,삼성(무역센터),을지로입구,16,43
20250513,삼성(무역센터),을지로입구,17,36
20250513,삼성(무역센터),을지로입구,18,42
20250513,삼성(무역센터),을지로입구,19,20
20250513,삼성(무역센터),을지로입구,20,28
20250513,삼성(무역센터),을지로입구,21,6
20250513,삼성(무역센터),을지로입구,22,6
20250513,삼성(무역센터),을지로입구,23,1
20250513,삼성(무역센터),이대,5,1
20250513,삼성(무역센터),이대,6,3
20250513,삼성(무역센터),이대,7,6
20250513,삼성(무역센터),이대,8,8
20250513,삼성(무역센터),이대,9,5
20250513,삼성(무역센터),이대,10,1
20250513,삼성(무역센터),이대,11,11
20250513,삼성(무역센터),이대,12,5
20250513,삼성(무역센터),이대,13,3
20250513,삼성(무역센터),이대,14,6
20250513,삼성(무역센터),이대,15,9
20250513,삼성(무역센터),이대,16,15
20250513,삼성(무역센터),이대,17,25
20250513,삼성(무역센터),이대,18,30
20250513,삼성(무역센터),이대,19,19
20250513,삼성(무역센터),이대,20,13
20250513,삼성(무역센터),이대,21,9
20250513,삼성(무역센터),이대,22,7
20250513,삼성(무역센터),이대,23,1
20250513,삼성(무역센터),잠실(송파구청),0,1
20250513,삼성(무역센터),잠실(송파구청),5,8
20250513,삼성(무역센터),잠실(송파구청),6,10
20250513,삼성(무역센터),잠실(송파구청),7,30
20250513,삼성(무역센터),잠실(송파구청),8,57
20250513,삼성(무역센터),잠실(송파구청),9,63
20250513,삼성(무역센터),잠실(송파구청),10,70
20250513,삼성(무역센터),잠실(송파구청),11,103
20250513,삼성(무역센터),잠실(송파구청),12,112
20250513,삼성(무역센터),잠실(송파구청),13,127
20250513,삼성(무역센터),잠실(송파구청),14,204
20250513,삼성(무역센터),잠실(송파구청),15,198
20250513,삼성(무역센터),잠실(송파구청),16,307
20250513,삼성(무역센터),잠실(송파구청),17,497
20250513,삼성(무역센터),잠실(송파구청),18,716
20250513,삼성(무역센터),잠실(송파구청),19,411
20250513,삼성(무역센터),잠실(송파구청),20,281
20250513,삼성(무역센터),잠실(송파구청),21,178
20250513,삼성(무역센터),잠실(송파구청),22,136
20250513,삼성(무역센터),잠실(송파구청),23,29
20250513,삼성(무역센터),잠실나루,0,2
20250513,삼성(무역센터),잠실나루,5,4
20250513,삼성(무역센터),잠실나루,6,4
20250513,삼성(무역센터),잠실나루,7,10
20250513,삼성(무역센터),잠실나루,8,11
20250513,삼성(무역센터),잠실나루,9,7
20250513,삼성(무역센터),잠실나루,10,8
20250513,삼성(무역센터),잠실나루,11,12
20250513,삼성(무역센터),잠실나루,12,18
20250513,삼성(무역센터),잠실나루,13,21
20250513,삼성(무역센터),잠실나루,14,17
20250513,삼성(무역센터),잠실나루,15,21
20250513,삼성(무역센터),잠실나루,16,23
20250513,삼성(무역센터),잠실나루,17,43
20250513,삼성(무역센터),잠실나루,18,89
20250513,삼성(무역센터),잠실나루,19,37
20250513,삼성(무역센터),잠실나루,20,35
20250513,삼성(무역센터),잠실나루,21,31
20250513,삼성(무역센터),잠실나루,22,37
20250513,삼성(무역센터),잠실나루,23,2
20250513,삼성(무역센터),잠실새내,0,4
20250513,삼성(무역센터),잠실새내,5,1
20250513,삼성(무역센터),잠실새내,6,1
20250513,삼성(무역센터),잠실새내,7,10
20250513,삼성(무역센터),잠실새내,8,6
20250513,삼성(무역센터),잠실새내,9,7
20250513,삼성(무역센터),잠실새내,10,17
20250513,삼성(무역센터),잠실새내,11,32
20250513,삼성(무역센터),잠실새내,12,42
20250513,삼성(무역센터),잠실새내,13,49
20250513,삼성(무역센터),잠실새내,14,62
20250513,삼성(무역센터),잠실새내,15,60
20250513,삼성(무역센터),잠실새내,16,90
20250513,삼성(무역센터),잠실새내,17,123
20250513,삼성(무역센터),잠실새내,18,192
20250513,삼성(무역센터),잠실새내,19,81
20250513,삼성(무역센터),잠실새내,20,81
20250513,삼성(무역센터),잠실새내,21,56
20250513,삼성(무역센터),잠실새내,22,44
20250513,삼성(무역센터),잠실새내,23,17
20250513,삼성(무역센터),종합운동장,0,1
20250513,삼성(무역센터),종합운동장,6,1
20250513,삼성(무역센터),종합운동장,7,4
20250513,삼성(무역센터),종합운동장,8,6
20250513,삼성(무역센터),종합운동장,9,3
20250513,삼성(무역센터),종합운동장,10,10
20250513,삼성(무역센터),종합운동장,11,18
20250513,삼성(무역센터),종합운동장,12,20
20250513,삼성(무역센터),종합운동장,13,13
20250513,삼성(무역센터),종합운동장,14,28
20250513,삼성(무역센터),종합운동장,15,27
20250513,삼성(무역센터),종합운동장,16,70
20250513,삼성(무역센터),종합운동장,17,164
20250513,삼성(무역센터),종합운동장,18,181
20250513,삼성(무역센터),종합운동장,19,54
20250513,삼성(무역센터),종합운동장,20,18
20250513,삼성(무역센터),종합운동장,21,31
20250513,삼성(무역센터),종합운동장,22,18
20250513,삼성(무역센터),종합운동장,23,2
20250513,삼성(무역센터),충정로(경기대입구),0,1
20250513,삼성(무역센터),충정로(경기대입구),6,1
20250513,삼성(무역센터),충정로(경기대입구),7,2
20250513,삼성(무역센터),충정로(경기대입구),8,4
20250513,삼성(무역센터),충정로(경기대입구),9,1
20250513,삼성(무역센터),충정로(경기대입구),10,3
20250513,삼성(무역센터),충정로(경기대입구),11,2
20250513,삼성(무역센터),충정로(경기대입구),12,3
20250513,삼성(무역센터),충정로(경기대입구),13,1
20250513,삼성(무역센터),충정로(경기대입구),14,2
20250513,삼성(무역센터),충정로(경기대입구),15,7
20250513,삼성(무역센터),충정로(경기대입구),16,5
20250513,삼성(무역센터),충정로(경기대입구),17,16
20250513,삼성(무역센터),충정로(경기대입구),18,10
20250513,삼성(무역센터),충정로(경기대입구),19,11
20250513,삼성(무역센터),충정로(경기대입구),20,6
20250513,삼성(무역센터),충정로(경기대입구),21,5
20250513,삼성(무역센터),한양대,7,4
20250513,삼성(무역센터),한양대,8,19
20250513,삼성(무역센터),한양대,9,8
20250513,삼성(무역센터),한양대,10,5
20250513,삼성(무역센터),한양대,11,8
20250513,삼성(무역센터),한양대,12,11
20250513,삼성(무역센터),한양대,13,9
20250513,삼성(무역센터),한양대,14,10
20250513,삼성(무역센터),한양대,15,8
20250513,삼성(무역센터),한양대,16,5
20250513,삼성(무역센터),한양대,17,21
20250513,삼성(무역센터),한양대,18,24
20250513,삼성(무역센터),한양대,19,10
20250513,삼성(무역센터),한양대,20,5
20250513,삼성(무역센터),한양대,21,3
20250513,삼성(무역센터),한양대,22,2
20250513,삼성(무역센터),한양대,23,2
20250513,삼성(무역센터),합정,0,1
20250513,삼성(무역센터),합정,6,2
20250513,삼성(무역센터),합정,7,2
20250513,삼성(무역센터),합정,9,1
20250513,삼성(무역센터),합정,10,6
20250513,삼성(무역센터),합정,11,9
20250513,삼성(무역센터),합정,12,12
20250513,삼성(무역센터),합정,13,6
20250513,삼성(무역센터),합정,14,13
20250513,삼성(무역센터),합정,15,17
20250513,삼성(무역센터),합정,16,20
20250513,삼성(무역센터),합정,17,36
20250513,삼성(무역센터),합정,18,57
20250513,삼성(무역센터),합정,19,27
20250513,삼성(무역센터),합정,20,22
20250513,삼성(무역센터),합정,21,4
20250513,삼성(무역센터),합정,22,12
20250513,삼성(무역센터),합정,23,9
20250513,삼성(무역센터),홍대입구,0,1
20250513,삼성(무역센터),홍대입구,6,2
20250513,삼성(무역센터),홍대입구,7,2
20250513,삼성(무역센터),홍대입구,8,6
20250513,삼성(무역센터),홍대입구,9,8
20250513,삼성(무역센터),홍대입구,10,3
20250513,삼성(무역센터),홍대입구,11,12
20250513,삼성(무역센터),홍대입구,12,15
20250513,삼성(무역센터),홍대입구,13,28
20250513,삼성(무역센터),홍대입구,14,20
20250513,삼성(무역센터),홍대입구,15,36
20250513,삼성(무역센터),홍대입구,16,30
20250513,삼성(무역센터),홍대입구,17,95
20250513,삼성(무역센터),홍대입구,18,90
20250513,삼성(무역센터),홍대입구,19,56
20250513,삼성(무역센터),홍대입구,20,27
20250513,삼성(무역센터),홍대입구,21,22
20250513,삼성(무역센터),홍대입구,22,25
20250513,삼성(무역센터),홍대입구,23,5
20250513,상왕십리,강남,5,2
20250513,상왕십리,강남,6,24
20250513,상왕십리,강남,7,85
20250513,상왕십리,강남,8,73
20250513,상왕십리,강남,9,42
20250513,상왕십리,강남,10,11
20250513,상왕십리,강남,11,12
20250513,상왕십리,강남,12,10
20250513,상왕십리,강남,13,11
20250513,상왕십리,강남,14,5
20250513,상왕십리,강남,15,6
20250513,상왕십리,강남,16,13
20250513,상왕십리,강남,17,9
20250513,상왕십리,강남,18,10
20250513,상왕십리,강남,19,2
20250513,상왕십리,강남,21,3
20250513,상왕십리,강변(동서울터미널),5,3
20250513,상왕십리,강변(동서울터미널),6,12
20250513,상왕십리,강변(동서울터미널),7,11
20250513,상왕십리,강변(동서울터미널),8,19
20250513,상왕십리,강변(동서울터미널),9,8
20250513,상왕십리,강변(동서울터미널),10,3
20250513,상왕십리,강변(동서울터미널),11,7
20250513,상왕십리,강변(동서울터미널),12,4
20250513,상왕십리,강변(동서울터미널),13,6
20250513,상왕십리,강변(동서울터미널),14,9
20250513,상왕십리,강변(동서울터미널),15,18
20250513,상왕십리,강변(동서울터미널),16,8
20250513,상왕십리,강변(동서울터미널),17,12
20250513,상왕십리,강변(동서울터미널),18,8
20250513,상왕십리,강변(동서울터미널),19,8
20250513,상왕십리,강변(동서울터미널),20,5
20250513,상왕십리,강변(동서울터미널),21,7
20250513,상왕십리,강변(동서울터미널),22,6
20250513,상왕십리,건대입구,0,1
20250513,상왕십리,건대입구,5,2
20250513,상왕십리,건대입구,6,4
20250513,상왕십리,건대입구,7,18
20250513,상왕십리,건대입구,8,32
20250513,상왕십리,건대입구,9,21
20250513,상왕십리,건대입구,10,13
20250513,상왕십리,건대입구,11,16
20250513,상왕십리,건대입구,12,12
20250513,상왕십리,건대입구,13,29
20250513,상왕십리,건대입구,14,14
20250513,상왕십리,건대입구,15,16
20250513,상왕십리,건대입구,16,18
20250513,상왕십리,건대입구,17,31
20250513,상왕십리,건대입구,18,33
20250513,상왕십리,건대입구,19,29
20250513,상왕십리,건대입구,20,21
20250513,상왕십리,건대입구,21,13
20250513,상왕십리,건대입구,22,11
20250513,상왕십리,건대입구,23,3
20250513,상왕십리,교대(법원.검찰청),5,1
20250513,상왕십리,교대(법원.검찰청),6,5
20250513,상왕십리,교대(법원.검찰청),7,13
20250513,상왕십리,교대(법원.검찰청),8,21
20250513,상왕십리,교대(법원.검찰청),9,7
20250513,상왕십리,교대(법원.검찰청),10,5
20250513,상왕십리,교대(법원.검찰청),11,5
20250513,상왕십리,교대(법원.검찰청),12,1
20250513,상왕십리,교대(법원.검찰청),13,6
20250513,상왕십리,교대(법원.검찰청),14,1
20250513,상왕십리,교대(법원.검찰청),15,2
20250513,상왕십리,교대(법원.검찰청),16,4
20250513,상왕십리,교대(법원.검찰청),17,5
20250513,상왕십리,교대(법원.검찰청),18,2
20250513,상왕십리,교대(법원.검찰청),19,2
20250513,상왕십리,교대(법원.검찰청),20,1
20250513,상왕십리,구로디지털단지,5,2
20250513,상왕십리,구로디지털단지,6,6
20250513,상왕십리,구로디지털단지,7,31
20250513,상왕십리,구로디지털단지,8,22
20250513,상왕십리,구로디지털단지,9,7
20250513,상왕십리,구로디지털단지,10,4
20250513,상왕십리,구로디지털단지,11,10
20250513,상왕십리,구로디지털단지,12,3
20250513,상왕십리,구로디지털단지,13,4
20250513,상왕십리,구로디지털단지,14,1
20250513,상왕십리,구로디지털단지,15,4
20250513,상왕십리,구로디지털단지,16,9
20250513,상왕십리,구로디지털단지,17,3
20250513,상왕십리,구로디지털단지,18,14
20250513,상왕십리,구로디지털단지,19,7
20250513,상왕십리,구로디지털단지,20,6
20250513,상왕십리,구로디지털단지,21,2
20250513,상왕십리,구로디지털단지,22,2
20250513,상왕십리,구로디지털단지,23,2
20250513,상왕십리,구의(광진구청),5,2
20250513,상왕십리,구의(광진구청),6,5
20250513,상왕십리,구의(광진구청),7,13
20250513,상왕십리,구의(광진구청),8,22
20250513,상왕십리,구의(광진구청),9,9
20250513,상왕십리,구의(광진구청),10,7
20250513,상왕십리,구의(광진구청),11,10
20250513,상왕십리,구의(광진구청),12,7
20250513,상왕십리,구의(광진구청),13,8
20250513,상왕십리,구의(광진구청),14,4
20250513,상왕십리,구의(광진구청),15,6
20250513,상왕십리,구의(광진구청),16,10
20250513,상왕십리,구의(광진구청),17,18
20250513,상왕십리,구의(광진구청),18,24
20250513,상왕십리,구의(광진구청),19,19
20250513,상왕십리,구의(광진구청),20,14
20250513,상왕십리,구의(광진구청),21,11
20250513,상왕십리,구의(광진구청),22,13
20250513,상왕십리,구의(광진구청),23,2
20250513,상왕십리,낙성대,7,1
20250513,상왕십리,낙성대,8,4
20250513,상왕십리,낙성대,9,2
20250513,상왕십리,낙성대,10,2
20250513,상왕십리,낙성대,11,4
20250513,상왕십리,낙성대,12,1
20250513,상왕십리,낙성대,13,1
20250513,상왕십리,낙성대,16,1
20250513,상왕십리,낙성대,17,2
20250513,상왕십리,낙성대,18,4
20250513,상왕십리,낙성대,19,2
20250513,상왕십리,낙성대,20,1
20250513,상왕십리,낙성대,21,1
20250513,상왕십리,낙성대,22,2
20250513,상왕십리,당산,5,5
20250513,상왕십리,당산,6,6
20250513,상왕십리,당산,7,15
20250513,상왕십리,당산,8,25
20250513,상왕십리,당산,9,2
20250513,상왕십리,당산,10,4
20250513,상왕십리,당산,11,2
20250513,상왕십리,당산,12,3
20250513,상왕십리,당산,13,3
20250513,상왕십리,당산,14,6
20250513,상왕십리,당산,15,4
20250513,상왕십리,당산,16,5
20250513,상왕십리,당산,17,4
20250513,상왕십리,당산,18,9
20250513,상왕십리,당산,19,8
20250513,상왕십리,당산,20,4
20250513,상왕십리,당산,21,3
20250513,상왕십리,당산,22,3
20250513,상왕십리,당산,23,1
20250513,상왕십리,대림(구로구청),5,2
20250513,상왕십리,대림(구로구청),6,1
20250513,상왕십리,대림(구로구청),7,6
20250513,상왕십리,대림(구로구청),8,8
20250513,상왕십리,대림(구로구청),9,1
20250513,상왕십리,대림(구로구청),10,2
20250513,상왕십리,대림(구로구청),11,1
20250513,상왕십리,대림(구로구청),14,1
20250513,상왕십리,대림(구로구청),15,2
20250513,상왕십리,대림(구로구청),16,4
20250513,상왕십리,대림(구로구청),17,4
20250513,상왕십리,대림(구로구청),18,3
20250513,상왕십리,대림(구로구청),19,3
20250513,상왕십리,대림(구로구청),20,2
20250513,상왕십리,대림(구로구청),21,1
20250513,상왕십리,대림(구로구청),22,2
20250513,상왕십리,동대문역사문화공원,5,6
20250513,상왕십리,동대문역사문화공원,6,11
20250513,상왕십리,동대문역사문화공원,7,23
20250513,상왕십리,동대문역사문화공원,8,59
20250513,상왕십리,동대문역사문화공원,9,20
20250513,상왕십리,동대문역사문화공원,10,26
20250513,상왕십리,동대문역사문화공원,11,25
20250513,상왕십리,동대문역사문화공원,12,16
20250513,상왕십리,동대문역사문화공원,13,20
20250513,상왕십리,동대문역사문화공원,14,16
20250513,상왕십리,동대문역사문화공원,15,9
20250513,상왕십리,동대문역사문화공원,16,10
20250513,상왕십리,동대문역사문화공원,17,3
20250513,상왕십리,동대문역사문화공원,18,13
20250513,상왕십리,동대문역사문화공원,19,16
20250513,상왕십리,동대문역사문화공원,20,4
20250513,상왕십리,동대문역사문화공원,21,2
20250513,상왕십리,동대문역사문화공원,22,2
20250513,상왕십리,동대문역사문화공원,23,2
20250513,상왕십리,뚝섬,5,10
20250513,상왕십리,뚝섬,6,14
20250513,상왕십리,뚝섬,7,35
20250513,상왕십리,뚝섬,8,108
20250513,상왕십리,뚝섬,9,49
20250513,상왕십리,뚝섬,10,36
20250513,상왕십리,뚝섬,11,18
20250513,상왕십리,뚝섬,12,22
20250513,상왕십리,뚝섬,13,11
20250513,상왕십리,뚝섬,14,8
20250513,상왕십리,뚝섬,15,14
20250513,상왕십리,뚝섬,16,16
20250513,상왕십리,뚝섬,17,20
20250513,상왕십리,뚝섬,18,24
20250513,상왕십리,뚝섬,19,16
20250513,상왕십리,뚝섬,20,7
20250513,상왕십리,뚝섬,21,10
20250513,상왕십리,뚝섬,22,7
20250513,상왕십리,뚝섬,23,2
20250513,상왕십리,문래,0,1
20250513,상왕십리,문래,5,2
20250513,상왕십리,문래,6,2
20250513,상왕십리,문래,7,14
20250513,상왕십리,문래,8,10
20250513,상왕십리,문래,9,3
20250513,상왕십리,문래,10,6
20250513,상왕십리,문래,13,1
20250513,상왕십리,문래,14,2
20250513,상왕십리,문래,15,1
20250513,상왕십리,문래,16,3
20250513,상왕십리,문래,17,3
20250513,상왕십리,문래,18,1
20250513,상왕십리,문래,19,1
20250513,상왕십리,문래,20,2
20250513,상왕십리,방배,5,3
20250513,상왕십리,방배,6,1
20250513,상왕십리,방배,7,6
20250513,상왕십리,방배,8,5
20250513,상왕십리,방배,9,3
20250513,상왕십리,방배,10,3
20250513,상왕십리,방배,11,1
20250513,상왕십리,방배,12,1
20250513,상왕십리,방배,13,2
20250513,상왕십리,방배,15,1
20250513,상왕십리,방배,16,1
20250513,상왕십리,방배,17,1
20250513,상왕십리,방배,18,2
20250513,상왕십리,봉천,8,1
20250513,상왕십리,봉천,9,1
20250513,상왕십리,봉천,14,1
20250513,상왕십리,봉천,15,1
20250513,상왕십리,봉천,17,4
20250513,상왕십리,봉천,18,4
20250513,상왕십리,봉천,19,3
20250513,상왕십리,봉천,20,1
20250513,상왕십리,봉천,21,2
20250513,상왕십리,봉천,23,1
20250513,상왕십리,사당,5,2
20250513,상왕십리,사당,6,3
20250513,상왕십리,사당,7,7
20250513,상왕십리,사당,8,4
20250513,상왕십리,사당,9,2
20250513,상왕십리,사당,10,3
20250513,상왕십리,사당,12,2
20250513,상왕십리,사당,13,4
20250513,상왕십리,사당,14,1
20250513,상왕십리,사당,15,3
20250513,상왕십리,사당,17,3
20250513,상왕십리,사당,18,3
20250513,상왕십리,사당,19,3
20250513,상왕십리,사당,20,2
20250513,상왕십리,사당,21,1
20250513,상왕십리,삼성(무역센터),5,10
20250513,상왕십리,삼성(무역센터),6,25
20250513,상왕십리,삼성(무역센터),7,83
20250513,상왕십리,삼성(무역센터),8,112
20250513,상왕십리,삼성(무역센터),9,62
20250513,상왕십리,삼성(무역센터),10,11
20250513,상왕십리,삼성(무역센터),11,8
20250513,상왕십리,삼성(무역센터),12,6
20250513,상왕십리,삼성(무역센터),13,9
20250513,상왕십리,삼성(무역센터),14,9
20250513,상왕십리,삼성(무역센터),15,6
20250513,상왕십리,삼성(무역센터),16,5
20250513,상왕십리,삼성(무역센터),17,5
20250513,상왕십리,삼성(무역센터),18,5
20250513,상왕십리,삼성(무역센터),19,3
20250513,상왕십리,삼성(무역센터),22,1
20250513,상왕십리,상왕십리,4,1
20250513,상왕십리,상왕십리,5,4
20250513,상왕십리,상왕십리,6,1
20250513,상왕십리,상왕십리,7,6
20250513,상왕십리,상왕십리,8,4
20250513,상왕십리,상왕십리,9,4
20250513,상왕십리,상왕십리,10,4
20250513,상왕십리,상왕십리,11,14
20250513,상왕십리,상왕십리,12,4
20250513,상왕십리,상왕십리,13,5
20250513,상왕십리,상왕십리,14,12
20250513,상왕십리,상왕십리,15,9
20250513,상왕십리,상왕십리,16,7
20250513,상왕십리,상왕십리,17,10
20250513,상왕십리,상왕십리,18,11
20250513,상왕십리,상왕십리,19,4
20250513,상왕십리,상왕십리,20,5
20250513,상왕십리,상왕십리,21,9
20250513,상왕십리,상왕십리,22,4
20250513,상왕십리,상왕십리,23,2
20250513,상왕십리,서울대입구(관악구청),7,2
20250513,상왕십리,서울대입구(관악구청),8,5
20250513,상왕십리,서울대입구(관악구청),9,4
20250513,상왕십리,서울대입구(관악구청),11,3
20250513,상왕십리,서울대입구(관악구청),12,4
20250513,상왕십리,서울대입구(관악구청),13,8
20250513,상왕십리,서울대입구(관악구청),14,1
20250513,상왕십리,서울대입구(관악구청),15,2
20250513,상왕십리,서울대입구(관악구청),16,1
20250513,상왕십리,서울대입구(관악구청),17,6
20250513,상왕십리,서울대입구(관악구청),18,2
20250513,상왕십리,서울대입구(관악구청),19,1
20250513,상왕십리,서울대입구(관악구청),20,2
20250513,상왕십리,서울대입구(관악구청),22,1
20250513,상왕십리,서초,6,3
20250513,상왕십리,서초,7,7
20250513,상왕십리,서초,8,6
20250513,상왕십리,서초,9,9
20250513,상왕십리,서초,10,2
20250513,상왕십리,서초,13,5
20250513,상왕십리,서초,16,1
20250513,상왕십리,서초,17,1
20250513,상왕십리,서초,18,2
20250513,상왕십리,서초,19,1
20250513,상왕십리,서초,20,1
20250513,상왕십리,서초,22,1
20250513,상왕십리,선릉,5,6
20250513,상왕십리,선릉,6,12
20250513,상왕십리,선릉,7,20
20250513,상왕십리,선릉,8,43
20250513,상왕십리,선릉,9,24
20250513,상왕십리,선릉,10,3
20250513,상왕십리,선릉,11,6
20250513,상왕십리,선릉,12,4
20250513,상왕십리,선릉,13,7
20250513,상왕십리,선릉,14,3
20250513,상왕십리,선릉,15,1
20250513,상왕십리,선릉,16,3
20250513,상왕십리,선릉,17,2
20250513,상왕십리,선릉,18,3
20250513,상왕십리,선릉,19,1
20250513,상왕십리,선릉,20,6
20250513,상왕십리,성수,5,10
20250513,상왕십리,성수,6,15
20250513,상왕십리,성수,7,49
20250513,상왕십리,성수,8,120
20250513,상왕십리,성수,9,78
20250513,상왕십리,성수,10,39
20250513,상왕십리,성수,11,19
20250513,상왕십리,성수,12,20
20250513,상왕십리,성수,13,15
20250513,상왕십리,성수,14,29
20250513,상왕십리,성수,15,24
20250513,상왕십리,성수,16,15
20250513,상왕십리,성수,17,23
20250513,상왕십리,성수,18,20
20250513,상왕십리,성수,19,13
20250513,상왕십리,성수,20,8
20250513,상왕십리,성수,21,8
20250513,상왕십리,성수,22,7
20250513,상왕십리,성수,23,2
20250513,상왕십리,시청,0,1
20250513,상왕십리,시청,5,4
20250513,상왕십리,시청,6,6
20250513,상왕십리,시청,7,62
20250513,상왕십리,시청,8,122
20250513,상왕십리,시청,9,49
20250513,상왕십리,시청,10,18
20250513,상왕십리,시청,11,8
20250513,상왕십리,시청,12,20
20250513,상왕십리,시청,13,5
20250513,상왕십리,시청,14,6
20250513,상왕십리,시청,15,6
20250513,상왕십리,시청,16,2
20250513,상왕십리,시청,17,10
20250513,상왕십리,시청,18,13
20250513,상왕십리,시청,19,2
20250513,상왕십리,시청,20,4
20250513,상왕십리,시청,22,1
20250513,상왕십리,시청,23,1
20250513,상왕십리,신당,6,3
20250513,상왕십리,신당,7,4
20250513,상왕십리,신당,8,10
20250513,상왕십리,신당,9,17
20250513,상왕십리,신당,10,13
20250513,상왕십리,신당,11,22
20250513,상왕십리,신당,12,24
20250513,상왕십리,신당,13,20
20250513,상왕십리,신당,14,22
20250513,상왕십리,신당,15,14
20250513,상왕십리,신당,16,9
20250513,상왕십리,신당,17,8
20250513,상왕십리,신당,18,11
20250513,상왕십리,신당,19,11
20250513,상왕십리,신당,20,10
20250513,상왕십리,신당,21,3
20250513,상왕십리,신당,23,3
20250513,상왕십리,신대방,5,2
20250513,상왕십리,신대방,6,2
20250513,상왕십리,신대방,7,2
20250513,상왕십리,신대방,10,2
20250513,상왕십리,신대방,11,2
20250513,상왕십리,신대방,12,1
20250513,상왕십리,신대방,15,1
20250513,상왕십리,신대방,16,5
20250513,상왕십리,신대방,17,6
20250513,상왕십리,신대방,18,8
20250513,상왕십리,신대방,19,5
20250513,상왕십리,신대방,20,1
20250513,상왕십리,신대방,21,2
20250513,상왕십리,신대방,23,2
20250513,상왕십리,신도림,6,2
20250513,상왕십리,신도림,7,7
20250513,상왕십리,신도림,8,12
20250513,상왕십리,신도림,9,7
20250513,상왕십리,신도림,10,3
20250513,상왕십리,신도림,11,2
20250513,상왕십리,신도림,12,4
20250513,상왕십리,신도림,13,3
20250513,상왕십리,신도림,14,1
20250513,상왕십리,신도림,15,3
20250513,상왕십리,신도림,16,10
20250513,상왕십리,신도림,17,5
20250513,상왕십리,신도림,18,13
20250513,상왕십리,신도림,19,11
20250513,상왕십리,신도림,20,5
20250513,상왕십리,신도림,21,1
20250513,상왕십리,신도림,22,1
20250513,상왕십리,신림,5,1
20250513,상왕십리,신림,7,3
20250513,상왕십리,신림,8,3
20250513,상왕십리,신림,9,2
20250513,상왕십리,신림,10,3
20250513,상왕십리,신림,11,2
20250513,상왕십리,신림,12,1
20250513,상왕십리,신림,13,5
20250513,상왕십리,신림,14,2
20250513,상왕십리,신림,15,3
20250513,상왕십리,신림,16,6
20250513,상왕십리,신림,17,7
20250513,상왕십리,신림,18,18
20250513,상왕십리,신림,19,5
20250513,상왕십리,신림,20,4
20250513,상왕십리,신림,21,2
20250513,상왕십리,신림,22,2
20250513,상왕십리,신림,23,1
20250513,상왕십리,신촌,0,1
20250513,상왕십리,신촌,6,6
20250513,상왕십리,신촌,7,26
20250513,상왕십리,신촌,8,40
20250513,상왕십리,신촌,9,36
20250513,상왕십리,신촌,10,15
20250513,상왕십리,신촌,11,9
20250513,상왕십리,신촌,12,24
20250513,상왕십리,신촌,13,20
20250513,상왕십리,신촌,14,16
20250513,상왕십리,신촌,15,7
20250513,상왕십리,신촌,16,12
20250513,상왕십리,신촌,17,17
20250513,상왕십리,신촌,18,21
20250513,상왕십리,신촌,19,9
20250513,상왕십리,신촌,20,3
20250513,상왕십리,신촌,21,8
20250513,상왕십리,신촌,22,7
20250513,상왕십리,신촌,23,5
20250513,상왕십리,아현,0,1
20250513,상왕십리,아현,5,3
20250513,상왕십리,아현,6,2
20250513,상왕십리,아현,7,5
20250513,상왕십리,아현,8,10
20250513,상왕십리,아현,9,4
20250513,상왕십리,아현,10,1
20250513,상왕십리,아현,11,2
20250513,상왕십리,아현,12,5
20250513,상왕십리,아현,13,2
20250513,상왕십리,아현,14,1
20250513,상왕십리,아현,15,3
20250513,상왕십리,아현,16,4
20250513,상왕십리,아현,17,4
20250513,상왕십리,아현,18,5
20250513,상왕십리,아현,19,2
20250513,상왕십리,아현,20,5
20250513,상왕십리,아현,21,2
20250513,상왕십리,아현,22,2
20250513,상왕십리,역삼,5,1
20250513,상왕십리,역삼,6,12
20250513,상왕십리,역삼,7,48
20250513,상왕십리,역삼,8,78
20250513,상왕십리,역삼,9,43
20250513,상왕십리,역삼,10,11
20250513,상왕십리,역삼,11,8
20250513,상왕십리,역삼,12,14
20250513,상왕십리,역삼,13,6
20250513,상왕십리,역삼,14,1
20250513,상왕십리,역삼,15,2
20250513,상왕십리,역삼,16,4
20250513,상왕십리,역삼,17,3
20250513,상왕십리,역삼,18,1
20250513,상왕십리,역삼,19,2
20250513,상왕십리,역삼,20,1
20250513,상왕십리,역삼,21,1
20250513,상왕십리,역삼,22,1
20250513,상왕십리,역삼,23,1
20250513,상왕십리,영등포구청,5,2
20250513,상왕십리,영등포구청,6,2
20250513,상왕십리,영등포구청,7,11
20250513,상왕십리,영등포구청,8,17
20250513,상왕십리,영등포구청,9,3
20250513,상왕십리,영등포구청,10,1
20250513,상왕십리,영등포구청,11,1
20250513,상왕십리,영등포구청,12,2
20250513,상왕십리,영등포구청,13,1
20250513,상왕십리,영등포구청,14,1
20250513,상왕십리,영등포구청,16,2
20250513,상왕십리,영등포구청,17,8
20250513,상왕십리,영등포구청,18,3
20250513,상왕십리,영등포구청,19,7
20250513,상왕십리,영등포구청,20,2
20250513,상왕십리,영등포구청,21,2
20250513,상왕십리,영등포구청,22,1
20250513,상왕십리,영등포구청,23,1
20250513,상왕십리,왕십리(성동구청),0,1
20250513,상왕십리,왕십리(성동구청),5,2
20250513,상왕십리,왕십리(성동구청),6,7
20250513,상왕십리,왕십리(성동구청),7,33
20250513,상왕십리,왕십리(성동구청),8,43
20250513,상왕십리,왕십리(성동구청),9,18
20250513,상왕십리,왕십리(성동구청),10,13
20250513,상왕십리,왕십리(성동구청),11,21
20250513,상왕십리,왕십리(성동구청),12,11
20250513,상왕십리,왕십리(성동구청),13,18
20250513,상왕십리,왕십리(성동구청),14,8
20250513,상왕십리,왕십리(성동구청),15,21
20250513,상왕십리,왕십리(성동구청),16,18
20250513,상왕십리,왕십리(성동구청),17,20
20250513,상왕십리,왕십리(성동구청),18,21
20250513,상왕십리,왕십리(성동구청),19,17
20250513,상왕십리,왕십리(성동구청),20,12
20250513,상왕십리,왕십리(성동구청),21,11
20250513,상왕십리,왕십리(성동구청),22,6
20250513,상왕십리,왕십리(성동구청),23,1
20250513,상왕십리,을지로3가,5,5
20250513,상왕십리,을지로3가,6,22
20250513,상왕십리,을지로3가,7,83
20250513,상왕십리,을지로3가,8,132
20250513,상왕십리,을지로3가,9,54
20250513,상왕십리,을지로3가,10,21
20250513,상왕십리,을지로3가,11,10
20250513,상왕십리,을지로3가,12,13
20250513,상왕십리,을지로3가,13,12
20250513,상왕십리,을지로3가,14,8
20250513,상왕십리,을지로3가,15,11
20250513,상왕십리,을지로3가,16,12
20250513,상왕십리,을지로3가,17,16
20250513,상왕십리,을지로3가,18,14
20250513,상왕십리,을지로3가,19,6
20250513,상왕십리,을지로3가,20,2
20250513,상왕십리,을지로3가,21,2
20250513,상왕십리,을지로3가,22,2
20250513,상왕십리,을지로3가,23,2
20250513,상왕십리,을지로4가,5,3
20250513,상왕십리,을지로4가,6,11
20250513,상왕십리,을지로4가,7,36
20250513,상왕십리,을지로4가,8,71
20250513,상왕십리,을지로4가,9,29
20250513,상왕십리,을지로4가,10,13
20250513,상왕십리,을지로4가,11,16
20250513,상왕십리,을지로4가,12,11
20250513,상왕십리,을지로4가,13,7
20250513,상왕십리,을지로4가,14,6
20250513,상왕십리,을지로4가,15,7
20250513,상왕십리,을지로4가,16,7
20250513,상왕십리,을지로4가,17,4
20250513,상왕십리,을지로4가,18,11
20250513,상왕십리,을지로4가,19,6
20250513,상왕십리,을지로4가,20,2
20250513,상왕십리,을지로4가,21,3
20250513,상왕십리,을지로4가,22,4
20250513,상왕십리,을지로입구,5,4
20250513,상왕십리,을지로입구,6,18
20250513,상왕십리,을지로입구,7,99
20250513,상왕십리,을지로입구,8,211
20250513,상왕십리,을지로입구,9,109
20250513,상왕십리,을지로입구,10,34
20250513,상왕십리,을지로입구,11,20
20250513,상왕십리,을지로입구,12,29
20250513,상왕십리,을지로입구,13,20
20250513,상왕십리,을지로입구,14,17
20250513,상왕십리,을지로입구,15,17
20250513,상왕십리,을지로입구,16,22
20250513,상왕십리,을지로입구,17,24
20250513,상왕십리,을지로입구,18,28
20250513,상왕십리,을지로입구,19,13
20250513,상왕십리,을지로입구,20,8
20250513,상왕십리,을지로입구,21,5
20250513,상왕십리,을지로입구,22,4
20250513,상왕십리,을지로입구,23,3
20250513,상왕십리,이대,0,1
20250513,상왕십리,이대,5,1
20250513,상왕십리,이대,6,2
20250513,상왕십리,이대,7,7
20250513,상왕십리,이대,8,32
20250513,상왕십리,이대,9,18
20250513,상왕십리,이대,10,15
20250513,상왕십리,이대,11,7
20250513,상왕십리,이대,12,10
20250513,상왕십리,이대,13,10
20250513,상왕십리,이대,14,2
20250513,상왕십리,이대,15,5
20250513,상왕십리,이대,16,4
20250513,상왕십리,이대,17,5
20250513,상왕십리,이대,18,7
20250513,상왕십리,이대,19,5
20250513,상왕십리,이대,20,2
20250513,상왕십리,이대,21,2
20250513,상왕십리,이대,22,5
20250513,상왕십리,잠실(송파구청),0,2
20250513,상왕십리,잠실(송파구청),5,11
20250513,상왕십리,잠실(송파구청),6,18
20250513,상왕십리,잠실(송파구청),7,42
20250513,상왕십리,잠실(송파구청),8,78
20250513,상왕십리,잠실(송파구청),9,42
20250513,상왕십리,잠실(송파구청),10,29
20250513,상왕십리,잠실(송파구청),11,22
20250513,상왕십리,잠실(송파구청),12,9
20250513,상왕십리,잠실(송파구청),13,14
20250513,상왕십리,잠실(송파구청),14,20
20250513,상왕십리,잠실(송파구청),15,19
20250513,상왕십리,잠실(송파구청),16,24
20250513,상왕십리,잠실(송파구청),17,28
20250513,상왕십리,잠실(송파구청),18,41
20250513,상왕십리,잠실(송파구청),19,11
20250513,상왕십리,잠실(송파구청),20,11
20250513,상왕십리,잠실(송파구청),21,16
20250513,상왕십리,잠실(송파구청),23,3
20250513,상왕십리,잠실나루,5,2
20250513,상왕십리,잠실나루,6,9
20250513,상왕십리,잠실나루,7,19
20250513,상왕십리,잠실나루,8,34
20250513,상왕십리,잠실나루,9,10
20250513,상왕십리,잠실나루,10,5
20250513,상왕십리,잠실나루,11,3
20250513,상왕십리,잠실나루,12,5
20250513,상왕십리,잠실나루,13,11
20250513,상왕십리,잠실나루,14,5
20250513,상왕십리,잠실나루,15,4
20250513,상왕십리,잠실나루,16,6
20250513,상왕십리,잠실나루,17,8
20250513,상왕십리,잠실나루,18,10
20250513,상왕십리,잠실나루,19,3
20250513,상왕십리,잠실나루,20,3
20250513,상왕십리,잠실나루,21,3
20250513,상왕십리,잠실나루,22,1
20250513,상왕십리,잠실나루,23,1
20250513,상왕십리,잠실새내,5,2
20250513,상왕십리,잠실새내,6,5
20250513,상왕십리,잠실새내,7,6
20250513,상왕십리,잠실새내,8,5
20250513,상왕십리,잠실새내,9,7
20250513,상왕십리,잠실새내,10,5
20250513,상왕십리,잠실새내,11,5
20250513,상왕십리,잠실새내,12,4
20250513,상왕십리,잠실새내,13,8
20250513,상왕십리,잠실새내,14,4
20250513,상왕십리,잠실새내,15,4
20250513,상왕십리,잠실새내,16,15
20250513,상왕십리,잠실새내,17,15
20250513,상왕십리,잠실새내,18,12
20250513,상왕십리,잠실새내,19,9
20250513,상왕십리,잠실새내,20,8
20250513,상왕십리,잠실새내,21,7
20250513,상왕십리,잠실새내,22,4
20250513,상왕십리,종합운동장,6,9
20250513,상왕십리,종합운동장,7,1
20250513,상왕십리,종합운동장,8,7
20250513,상왕십리,종합운동장,9,1
20250513,상왕십리,종합운동장,10,2
20250513,상왕십리,종합운동장,11,1
20250513,상왕십리,종합운동장,12,2
20250513,상왕십리,종합운동장,13,2
20250513,상왕십리,종합운동장,15,6
20250513,상왕십리,종합운동장,16,11
20250513,상왕십리,종합운동장,17,39
20250513,상왕십리,종합운동장,18,14
20250513,상왕십리,종합운동장,19,3
20250513,상왕십리,종합운동장,21,1
20250513,상왕십리,종합운동장,22,1
20250513,상왕십리,충정로(경기대입구),5,2
20250513,상왕십리,충정로(경기대입구),6,2
20250513,상왕십리,충정로(경기대입구),7,19
20250513,상왕십리,충정로(경기대입구),8,25
20250513,상왕십리,충정로(경기대입구),9,5
20250513,상왕십리,충정로(경기대입구),10,7
20250513,상왕십리,충정로(경기대입구),11,3
20250513,상왕십리,충정로(경기대입구),12,1
20250513,상왕십리,충정로(경기대입구),13,4
20250513,상왕십리,충정로(경기대입구),14,3
20250513,상왕십리,충정로(경기대입구),15,5
20250513,상왕십리,충정로(경기대입구),16,2
20250513,상왕십리,충정로(경기대입구),17,3
20250513,상왕십리,충정로(경기대입구),18,3
20250513,상왕십리,충정로(경기대입구),19,4
20250513,상왕십리,충정로(경기대입구),20,3
20250513,상왕십리,충정로(경기대입구),21,2
20250513,상왕십리,충정로(경기대입구),22,3
20250513,상왕십리,한양대,6,6
20250513,상왕십리,한양대,7,26
20250513,상왕십리,한양대,8,108
20250513,상왕십리,한양대,9,61
20250513,상왕십리,한양대,10,56
20250513,상왕십리,한양대,11,20
20250513,상왕십리,한양대,12,60
20250513,상왕십리,한양대,13,19
20250513,상왕십리,한양대,14,23
20250513,상왕십리,한양대,15,12
20250513,상왕십리,한양대,16,11
20250513,상왕십리,한양대,17,9
20250513,상왕십리,한양대,18,6
20250513,상왕십리,한양대,19,4
20250513,상왕십리,한양대,20,9
20250513,상왕십리,한양대,21,2
20250513,상왕십리,한양대,22,3
20250513,상왕십리,한양대,23,1
20250513,상왕십리,합정,0,2
20250513,상왕십리,합정,5,3
20250513,상왕십리,합정,6,5
20250513,상왕십리,합정,7,14
20250513,상왕십리,합정,8,35
20250513,상왕십리,합정,9,19
20250513,상왕십리,합정,10,6
20250513,상왕십리,합정,11,8
20250513,상왕십리,합정,12,3
20250513,상왕십리,합정,13,2
20250513,상왕십리,합정,14,3
20250513,상왕십리,합정,15,3
20250513,상왕십리,합정,16,11
20250513,상왕십리,합정,17,5
20250513,상왕십리,합정,18,14
20250513,상왕십리,합정,19,6
20250513,상왕십리,합정,20,9
20250513,상왕십리,합정,21,4
20250513,상왕십리,합정,22,3
20250513,상왕십리,합정,23,3
20250513,상왕십리,홍대입구,5,3
20250513,상왕십리,홍대입구,6,7
20250513,상왕십리,홍대입구,7,34
20250513,상왕십리,홍대입구,8,33
20250513,상왕십리,홍대입구,9,25
20250513,상왕십리,홍대입구,10,18
20250513,상왕십리,홍대입구,11,13
20250513,상왕십리,홍대입구,12,11
20250513,상왕십리,홍대입구,13,13
20250513,상왕십리,홍대입구,14,14
20250513,상왕십리,홍대입구,15,18
20250513,상왕십리,홍대입구,16,33
20250513,상왕십리,홍대입구,17,33
20250513,상왕십리,홍대입구,18,38
20250513,상왕십리,홍대입구,19,25
20250513,상왕십리,홍대입구,20,13
20250513,상왕십리,홍대입구,21,11
20250513,상왕십리,홍대입구,22,7
20250513,상왕십리,홍대입구,23,2
20250513,서울대입구(관악구청),강남,0,6
20250513,서울대입구(관악구청),강남,4,42
20250513,서울대입구(관악구청),강남,5,119
20250513,서울대입구(관악구청),강남,6,142
20250513,서울대입구(관악구청),강남,7,505
20250513,서울대입구(관악구청),강남,8,745
20250513,서울대입구(관악구청),강남,9,642
20250513,서울대입구(관악구청),강남,10,216
20250513,서울대입구(관악구청),강남,11,117
20250513,서울대입구(관악구청),강남,12,134
20250513,서울대입구(관악구청),강남,13,134
20250513,서울대입구(관악구청),강남,14,123
20250513,서울대입구(관악구청),강남,15,118
20250513,서울대입구(관악구청),강남,16,132
20250513,서울대입구(관악구청),강남,17,164
20250513,서울대입구(관악구청),강남,18,181
20250513,서울대입구(관악구청),강남,19,85
20250513,서울대입구(관악구청),강남,20,56
20250513,서울대입구(관악구청),강남,21,61
20250513,서울대입구(관악구청),강남,22,62
20250513,서울대입구(관악구청),강남,23,23
20250513,서울대입구(관악구청),강변(동서울터미널),0,3
20250513,서울대입구(관악구청),강변(동서울터미널),5,4
20250513,서울대입구(관악구청),강변(동서울터미널),6,4
20250513,서울대입구(관악구청),강변(동서울터미널),7,18
20250513,서울대입구(관악구청),강변(동서울터미널),8,14
20250513,서울대입구(관악구청),강변(동서울터미널),9,13
20250513,서울대입구(관악구청),강변(동서울터미널),10,10
20250513,서울대입구(관악구청),강변(동서울터미널),11,6
20250513,서울대입구(관악구청),강변(동서울터미널),12,2
20250513,서울대입구(관악구청),강변(동서울터미널),13,10
20250513,서울대입구(관악구청),강변(동서울터미널),14,9
20250513,서울대입구(관악구청),강변(동서울터미널),15,8
20250513,서울대입구(관악구청),강변(동서울터미널),16,13
20250513,서울대입구(관악구청),강변(동서울터미널),17,23
20250513,서울대입구(관악구청),강변(동서울터미널),18,26
20250513,서울대입구(관악구청),강변(동서울터미널),19,20
20250513,서울대입구(관악구청),강변(동서울터미널),20,14
20250513,서울대입구(관악구청),강변(동서울터미널),21,11
20250513,서울대입구(관악구청),강변(동서울터미널),22,17
20250513,서울대입구(관악구청),강변(동서울터미널),23,8
20250513,서울대입구(관악구청),건대입구,0,3
20250513,서울대입구(관악구청),건대입구,4,1
20250513,서울대입구(관악구청),건대입구,5,2
20250513,서울대입구(관악구청),건대입구,6,6
20250513,서울대입구(관악구청),건대입구,7,21
20250513,서울대입구(관악구청),건대입구,8,34
20250513,서울대입구(관악구청),건대입구,9,19
20250513,서울대입구(관악구청),건대입구,10,10
20250513,서울대입구(관악구청),건대입구,11,6
20250513,서울대입구(관악구청),건대입구,12,12
20250513,서울대입구(관악구청),건대입구,13,10
20250513,서울대입구(관악구청),건대입구,14,10
20250513,서울대입구(관악구청),건대입구,15,17
20250513,서울대입구(관악구청),건대입구,16,9
20250513,서울대입구(관악구청),건대입구,17,27
20250513,서울대입구(관악구청),건대입구,18,31
20250513,서울대입구(관악구청),건대입구,19,9
20250513,서울대입구(관악구청),건대입구,20,12
20250513,서울대입구(관악구청),건대입구,21,13
20250513,서울대입구(관악구청),건대입구,22,7
20250513,서울대입구(관악구청),건대입구,23,10
20250513,서울대입구(관악구청),교대(법원.검찰청),0,6
20250513,서울대입구(관악구청),교대(법원.검찰청),4,10
20250513,서울대입구(관악구청),교대(법원.검찰청),5,53
20250513,서울대입구(관악구청),교대(법원.검찰청),6,45
20250513,서울대입구(관악구청),교대(법원.검찰청),7,136
20250513,서울대입구(관악구청),교대(법원.검찰청),8,286
20250513,서울대입구(관악구청),교대(법원.검찰청),9,193
20250513,서울대입구(관악구청),교대(법원.검찰청),10,74
20250513,서울대입구(관악구청),교대(법원.검찰청),11,41
20250513,서울대입구(관악구청),교대(법원.검찰청),12,52
20250513,서울대입구(관악구청),교대(법원.검찰청),13,72
20250513,서울대입구(관악구청),교대(법원.검찰청),14,34
20250513,서울대입구(관악구청),교대(법원.검찰청),15,41
20250513,서울대입구(관악구청),교대(법원.검찰청),16,49
20250513,서울대입구(관악구청),교대(법원.검찰청),17,53
20250513,서울대입구(관악구청),교대(법원.검찰청),18,62
20250513,서울대입구(관악구청),교대(법원.검찰청),19,32
20250513,서울대입구(관악구청),교대(법원.검찰청),20,39
20250513,서울대입구(관악구청),교대(법원.검찰청),21,24
20250513,서울대입구(관악구청),교대(법원.검찰청),22,28
20250513,서울대입구(관악구청),교대(법원.검찰청),23,20
20250513,서울대입구(관악구청),구로디지털단지,0,12
20250513,서울대입구(관악구청),구로디지털단지,5,10
20250513,서울대입구(관악구청),구로디지털단지,6,20
20250513,서울대입구(관악구청),구로디지털단지,7,84
20250513,서울대입구(관악구청),구로디지털단지,8,324
20250513,서울대입구(관악구청),구로디지털단지,9,171
20250513,서울대입구(관악구청),구로디지털단지,10,57
20250513,서울대입구(관악구청),구로디지털단지,11,44
20250513,서울대입구(관악구청),구로디지털단지,12,39
20250513,서울대입구(관악구청),구로디지털단지,13,53
20250513,서울대입구(관악구청),구로디지털단지,14,52
20250513,서울대입구(관악구청),구로디지털단지,15,59
20250513,서울대입구(관악구청),구로디지털단지,16,58
20250513,서울대입구(관악구청),구로디지털단지,17,57
20250513,서울대입구(관악구청),구로디지털단지,18,94
20250513,서울대입구(관악구청),구로디지털단지,19,51
20250513,서울대입구(관악구청),구로디지털단지,20,50
20250513,서울대입구(관악구청),구로디지털단지,21,49
20250513,서울대입구(관악구청),구로디지털단지,22,65
20250513,서울대입구(관악구청),구로디지털단지,23,43
20250513,서울대입구(관악구청),구의(광진구청),0,5
20250513,서울대입구(관악구청),구의(광진구청),4,1
20250513,서울대입구(관악구청),구의(광진구청),5,9
20250513,서울대입구(관악구청),구의(광진구청),6,5
20250513,서울대입구(관악구청),구의(광진구청),7,14
20250513,서울대입구(관악구청),구의(광진구청),8,8
20250513,서울대입구(관악구청),구의(광진구청),9,9
20250513,서울대입구(관악구청),구의(광진구청),10,5
20250513,서울대입구(관악구청),구의(광진구청),11,8
20250513,서울대입구(관악구청),구의(광진구청),12,7
20250513,서울대입구(관악구청),구의(광진구청),13,6
20250513,서울대입구(관악구청),구의(광진구청),14,4
20250513,서울대입구(관악구청),구의(광진구청),15,6
20250513,서울대입구(관악구청),구의(광진구청),16,17
20250513,서울대입구(관악구청),구의(광진구청),17,11
20250513,서울대입구(관악구청),구의(광진구청),18,15
20250513,서울대입구(관악구청),구의(광진구청),19,11
20250513,서울대입구(관악구청),구의(광진구청),20,6
20250513,서울대입구(관악구청),구의(광진구청),21,16
20250513,서울대입구(관악구청),구의(광진구청),22,12
20250513,서울대입구(관악구청),구의(광진구청),23,3
20250513,서울대입구(관악구청),낙성대,0,7
20250513,서울대입구(관악구청),낙성대,5,4
20250513,서울대입구(관악구청),낙성대,6,5
20250513,서울대입구(관악구청),낙성대,7,18
20250513,서울대입구(관악구청),낙성대,8,25
20250513,서울대입구(관악구청),낙성대,9,53
20250513,서울대입구(관악구청),낙성대,10,62
20250513,서울대입구(관악구청),낙성대,11,69
20250513,서울대입구(관악구청),낙성대,12,80
20250513,서울대입구(관악구청),낙성대,13,66
20250513,서울대입구(관악구청),낙성대,14,65
20250513,서울대입구(관악구청),낙성대,15,64
20250513,서울대입구(관악구청),낙성대,16,95
20250513,서울대입구(관악구청),낙성대,17,81
20250513,서울대입구(관악구청),낙성대,18,73
20250513,서울대입구(관악구청),낙성대,19,78
20250513,서울대입구(관악구청),낙성대,20,56
20250513,서울대입구(관악구청),낙성대,21,52
20250513,서울대입구(관악구청),낙성대,22,63
20250513,서울대입구(관악구청),낙성대,23,23
20250513,서울대입구(관악구청),당산,0,6
20250513,서울대입구(관악구청),당산,5,9
20250513,서울대입구(관악구청),당산,6,12
20250513,서울대입구(관악구청),당산,7,41
20250513,서울대입구(관악구청),당산,8,42
20250513,서울대입구(관악구청),당산,9,17
20250513,서울대입구(관악구청),당산,10,9
20250513,서울대입구(관악구청),당산,11,7
20250513,서울대입구(관악구청),당산,12,10
20250513,서울대입구(관악구청),당산,13,23
20250513,서울대입구(관악구청),당산,14,17
20250513,서울대입구(관악구청),당산,15,25
20250513,서울대입구(관악구청),당산,16,25
20250513,서울대입구(관악구청),당산,17,26
20250513,서울대입구(관악구청),당산,18,43
20250513,서울대입구(관악구청),당산,19,29
20250513,서울대입구(관악구청),당산,20,23
20250513,서울대입구(관악구청),당산,21,33
20250513,서울대입구(관악구청),당산,22,37
20250513,서울대입구(관악구청),당산,23,22
20250513,서울대입구(관악구청),대림(구로구청),0,3
20250513,서울대입구(관악구청),대림(구로구청),4,1
20250513,서울대입구(관악구청),대림(구로구청),5,8
20250513,서울대입구(관악구청),대림(구로구청),6,9
20250513,서울대입구(관악구청),대림(구로구청),7,30
20250513,서울대입구(관악구청),대림(구로구청),8,49
20250513,서울대입구(관악구청),대림(구로구청),9,19
20250513,서울대입구(관악구청),대림(구로구청),10,12
20250513,서울대입구(관악구청),대림(구로구청),11,24
20250513,서울대입구(관악구청),대림(구로구청),12,21
20250513,서울대입구(관악구청),대림(구로구청),13,24
20250513,서울대입구(관악구청),대림(구로구청),14,26
20250513,서울대입구(관악구청),대림(구로구청),15,20
20250513,서울대입구(관악구청),대림(구로구청),16,30
20250513,서울대입구(관악구청),대림(구로구청),17,37
20250513,서울대입구(관악구청),대림(구로구청),18,27
20250513,서울대입구(관악구청),대림(구로구청),19,24
20250513,서울대입구(관악구청),대림(구로구청),20,18
20250513,서울대입구(관악구청),대림(구로구청),21,33
20250513,서울대입구(관악구청),대림(구로구청),22,25
20250513,서울대입구(관악구청),대림(구로구청),23,14
20250513,서울대입구(관악구청),동대문역사문화공원,5,2
20250513,서울대입구(관악구청),동대문역사문화공원,7,7
20250513,서울대입구(관악구청),동대문역사문화공원,8,7
20250513,서울대입구(관악구청),동대문역사문화공원,9,4
20250513,서울대입구(관악구청),동대문역사문화공원,10,3
20250513,서울대입구(관악구청),동대문역사문화공원,11,3
20250513,서울대입구(관악구청),동대문역사문화공원,12,2
20250513,서울대입구(관악구청),동대문역사문화공원,13,1
20250513,서울대입구(관악구청),동대문역사문화공원,17,3
20250513,서울대입구(관악구청),동대문역사문화공원,18,1
20250513,서울대입구(관악구청),동대문역사문화공원,19,1
20250513,서울대입구(관악구청),동대문역사문화공원,20,1
20250513,서울대입구(관악구청),동대문역사문화공원,22,3
20250513,서울대입구(관악구청),뚝섬,5,3
20250513,서울대입구(관악구청),뚝섬,6,4
20250513,서울대입구(관악구청),뚝섬,7,41
20250513,서울대입구(관악구청),뚝섬,8,37
20250513,서울대입구(관악구청),뚝섬,9,15
20250513,서울대입구(관악구청),뚝섬,10,6
20250513,서울대입구(관악구청),뚝섬,11,2
20250513,서울대입구(관악구청),뚝섬,12,7
20250513,서울대입구(관악구청),뚝섬,13,3
20250513,서울대입구(관악구청),뚝섬,14,4
20250513,서울대입구(관악구청),뚝섬,15,3
20250513,서울대입구(관악구청),뚝섬,16,6
20250513,서울대입구(관악구청),뚝섬,17,7
20250513,서울대입구(관악구청),뚝섬,18,6
20250513,서울대입구(관악구청),뚝섬,19,2
20250513,서울대입구(관악구청),뚝섬,20,2
20250513,서울대입구(관악구청),뚝섬,21,3
20250513,서울대입구(관악구청),뚝섬,22,1
20250513,서울대입구(관악구청),뚝섬,23,1
20250513,서울대입구(관악구청),문래,0,1
20250513,서울대입구(관악구청),문래,5,7
20250513,서울대입구(관악구청),문래,6,14
20250513,서울대입구(관악구청),문래,7,41
20250513,서울대입구(관악구청),문래,8,95
20250513,서울대입구(관악구청),문래,9,30
20250513,서울대입구(관악구청),문래,10,5
20250513,서울대입구(관악구청),문래,11,4
20250513,서울대입구(관악구청),문래,12,9
20250513,서울대입구(관악구청),문래,13,18
20250513,서울대입구(관악구청),문래,14,8
20250513,서울대입구(관악구청),문래,15,10
20250513,서울대입구(관악구청),문래,16,15
20250513,서울대입구(관악구청),문래,17,12
20250513,서울대입구(관악구청),문래,18,45
20250513,서울대입구(관악구청),문래,19,16
20250513,서울대입구(관악구청),문래,20,9
20250513,서울대입구(관악구청),문래,21,17
20250513,서울대입구(관악구청),문래,22,21
20250513,서울대입구(관악구청),문래,23,6
20250513,서울대입구(관악구청),방배,0,1
20250513,서울대입구(관악구청),방배,5,18
20250513,서울대입구(관악구청),방배,6,27
20250513,서울대입구(관악구청),방배,7,82
20250513,서울대입구(관악구청),방배,8,161
20250513,서울대입구(관악구청),방배,9,117
20250513,서울대입구(관악구청),방배,10,47
20250513,서울대입구(관악구청),방배,11,50
20250513,서울대입구(관악구청),방배,12,48
20250513,서울대입구(관악구청),방배,13,56
20250513,서울대입구(관악구청),방배,14,42
20250513,서울대입구(관악구청),방배,15,35
20250513,서울대입구(관악구청),방배,16,27
20250513,서울대입구(관악구청),방배,17,50
20250513,서울대입구(관악구청),방배,18,55
20250513,서울대입구(관악구청),방배,19,28
20250513,서울대입구(관악구청),방배,20,26
20250513,서울대입구(관악구청),방배,21,40
20250513,서울대입구(관악구청),방배,22,27
20250513,서울대입구(관악구청),방배,23,14
20250513,서울대입구(관악구청),봉천,0,6
20250513,서울대입구(관악구청),봉천,5,4
20250513,서울대입구(관악구청),봉천,6,9
20250513,서울대입구(관악구청),봉천,7,22
20250513,서울대입구(관악구청),봉천,8,42
20250513,서울대입구(관악구청),봉천,9,47
20250513,서울대입구(관악구청),봉천,10,48
20250513,서울대입구(관악구청),봉천,11,50
20250513,서울대입구(관악구청),봉천,12,66
20250513,서울대입구(관악구청),봉천,13,51
20250513,서울대입구(관악구청),봉천,14,63
20250513,서울대입구(관악구청),봉천,15,75
20250513,서울대입구(관악구청),봉천,16,73
20250513,서울대입구(관악구청),봉천,17,71
20250513,서울대입구(관악구청),봉천,18,71
20250513,서울대입구(관악구청),봉천,19,37
20250513,서울대입구(관악구청),봉천,20,30
20250513,서울대입구(관악구청),봉천,21,48
20250513,서울대입구(관악구청),봉천,22,32
20250513,서울대입구(관악구청),봉천,23,8
20250513,서울대입구(관악구청),사당,0,7
20250513,서울대입구(관악구청),사당,5,20
20250513,서울대입구(관악구청),사당,6,84
20250513,서울대입구(관악구청),사당,7,207
20250513,서울대입구(관악구청),사당,8,145
20250513,서울대입구(관악구청),사당,9,88
20250513,서울대입구(관악구청),사당,10,79
20250513,서울대입구(관악구청),사당,11,68
20250513,서울대입구(관악구청),사당,12,41
20250513,서울대입구(관악구청),사당,13,69
20250513,서울대입구(관악구청),사당,14,50
20250513,서울대입구(관악구청),사당,15,57
20250513,서울대입구(관악구청),사당,16,86
20250513,서울대입구(관악구청),사당,17,103
20250513,서울대입구(관악구청),사당,18,136
20250513,서울대입구(관악구청),사당,19,79
20250513,서울대입구(관악구청),사당,20,55
20250513,서울대입구(관악구청),사당,21,42
20250513,서울대입구(관악구청),사당,22,41
20250513,서울대입구(관악구청),사당,23,21
20250513,서울대입구(관악구청),삼성(무역센터),0,1
20250513,서울대입구(관악구청),삼성(무역센터),4,25
20250513,서울대입구(관악구청),삼성(무역센터),5,71
20250513,서울대입구(관악구청),삼성(무역센터),6,99
20250513,서울대입구(관악구청),삼성(무역센터),7,360
20250513,서울대입구(관악구청),삼성(무역센터),8,541
20250513,서울대입구(관악구청),삼성(무역센터),9,284
20250513,서울대입구(관악구청),삼성(무역센터),10,100
20250513,서울대입구(관악구청),삼성(무역센터),11,51
20250513,서울대입구(관악구청),삼성(무역센터),12,67
20250513,서울대입구(관악구청),삼성(무역센터),13,51
20250513,서울대입구(관악구청),삼성(무역센터),14,40
20250513,서울대입구(관악구청),삼성(무역센터),15,35
20250513,서울대입구(관악구청),삼성(무역센터),16,50
20250513,서울대입구(관악구청),삼성(무역센터),17,48
20250513,서울대입구(관악구청),삼성(무역센터),18,39
20250513,서울대입구(관악구청),삼성(무역센터),19,18
20250513,서울대입구(관악구청),삼성(무역센터),20,18
20250513,서울대입구(관악구청),삼성(무역센터),21,19
20250513,서울대입구(관악구청),삼성(무역센터),22,17
20250513,서울대입구(관악구청),삼성(무역센터),23,11
20250513,서울대입구(관악구청),상왕십리,5,1
20250513,서울대입구(관악구청),상왕십리,6,1
20250513,서울대입구(관악구청),상왕십리,7,7
20250513,서울대입구(관악구청),상왕십리,9,3
20250513,서울대입구(관악구청),상왕십리,10,3
20250513,서울대입구(관악구청),상왕십리,12,2
20250513,서울대입구(관악구청),상왕십리,13,2
20250513,서울대입구(관악구청),상왕십리,15,2
20250513,서울대입구(관악구청),상왕십리,16,2
20250513,서울대입구(관악구청),상왕십리,17,8
20250513,서울대입구(관악구청),상왕십리,18,5
20250513,서울대입구(관악구청),상왕십리,19,2
20250513,서울대입구(관악구청),상왕십리,20,5
20250513,서울대입구(관악구청),상왕십리,21,4
20250513,서울대입구(관악구청),상왕십리,22,3
20250513,서울대입구(관악구청),상왕십리,23,2
20250513,서울대입구(관악구청),서울대입구(관악구청),0,7
20250513,서울대입구(관악구청),서울대입구(관악구청),4,3
20250513,서울대입구(관악구청),서울대입구(관악구청),5,3
20250513,서울대입구(관악구청),서울대입구(관악구청),6,6
20250513,서울대입구(관악구청),서울대입구(관악구청),7,15
20250513,서울대입구(관악구청),서울대입구(관악구청),8,20
20250513,서울대입구(관악구청),서울대입구(관악구청),9,7
20250513,서울대입구(관악구청),서울대입구(관악구청),10,11
20250513,서울대입구(관악구청),서울대입구(관악구청),11,17
20250513,서울대입구(관악구청),서울대입구(관악구청),12,21
20250513,서울대입구(관악구청),서울대입구(관악구청),13,20
20250513,서울대입구(관악구청),서울대입구(관악구청),14,48
20250513,서울대입구(관악구청),서울대입구(관악구청),15,22
20250513,서울대입구(관악구청),서울대입구(관악구청),16,15
20250513,서울대입구(관악구청),서울대입구(관악구청),17,25
20250513,서울대입구(관악구청),서울대입구(관악구청),18,32
20250513,서울대입구(관악구청),서울대입구(관악구청),19,24
20250513,서울대입구(관악구청),서울대입구(관악구청),20,18
20250513,서울대입구(관악구청),서울대입구(관악구청),21,36
20250513,서울대입구(관악구청),서울대입구(관악구청),22,33
20250513,서울대입구(관악구청),서울대입구(관악구청),23,29
20250513,서울대입구(관악구청),서초,0,3
20250513,서울대입구(관악구청),서초,4,7
20250513,서울대입구(관악구청),서초,5,50
20250513,서울대입구(관악구청),서초,6,63
20250513,서울대입구(관악구청),서초,7,141
20250513,서울대입구(관악구청),서초,8,255
20250513,서울대입구(관악구청),서초,9,165
20250513,서울대입구(관악구청),서초,10,56
20250513,서울대입구(관악구청),서초,11,23
20250513,서울대입구(관악구청),서초,12,39
20250513,서울대입구(관악구청),서초,13,29
20250513,서울대입구(관악구청),서초,14,31
20250513,서울대입구(관악구청),서초,15,29
20250513,서울대입구(관악구청),서초,16,18
20250513,서울대입구(관악구청),서초,17,44
20250513,서울대입구(관악구청),서초,18,37
20250513,서울대입구(관악구청),서초,19,29
20250513,서울대입구(관악구청),서초,20,17
20250513,서울대입구(관악구청),서초,21,21
20250513,서울대입구(관악구청),서초,22,17
20250513,서울대입구(관악구청),서초,23,10
20250513,서울대입구(관악구청),선릉,0,10
20250513,서울대입구(관악구청),선릉,4,26
20250513,서울대입구(관악구청),선릉,5,81
20250513,서울대입구(관악구청),선릉,6,99
20250513,서울대입구(관악구청),선릉,7,340
20250513,서울대입구(관악구청),선릉,8,473
20250513,서울대입구(관악구청),선릉,9,336
20250513,서울대입구(관악구청),선릉,10,142
20250513,서울대입구(관악구청),선릉,11,77
20250513,서울대입구(관악구청),선릉,12,80
20250513,서울대입구(관악구청),선릉,13,80
20250513,서울대입구(관악구청),선릉,14,65
20250513,서울대입구(관악구청),선릉,15,60
20250513,서울대입구(관악구청),선릉,16,51
20250513,서울대입구(관악구청),선릉,17,72
20250513,서울대입구(관악구청),선릉,18,63
20250513,서울대입구(관악구청),선릉,19,24
20250513,서울대입구(관악구청),선릉,20,24
20250513,서울대입구(관악구청),선릉,21,19
20250513,서울대입구(관악구청),선릉,22,17
20250513,서울대입구(관악구청),선릉,23,33
20250513,서울대입구(관악구청),성수,0,1
20250513,서울대입구(관악구청),성수,4,4
20250513,서울대입구(관악구청),성수,5,13
20250513,서울대입구(관악구청),성수,6,14
20250513,서울대입구(관악구청),성수,7,71
20250513,서울대입구(관악구청),성수,8,81
20250513,서울대입구(관악구청),성수,9,41
20250513,서울대입구(관악구청),성수,10,20
20250513,서울대입구(관악구청),성수,11,7
20250513,서울대입구(관악구청),성수,12,23
20250513,서울대입구(관악구청),성수,13,18
20250513,서울대입구(관악구청),성수,14,17
20250513,서울대입구(관악구청),성수,15,13
20250513,서울대입구(관악구청),성수,16,10
20250513,서울대입구(관악구청),성수,17,6
20250513,서울대입구(관악구청),성수,18,19
20250513,서울대입구(관악구청),성수,20,2
20250513,서울대입구(관악구청),성수,21,4
20250513,서울대입구(관악구청),성수,22,1
20250513,서울대입구(관악구청),성수,23,4
20250513,서울대입구(관악구청),시청,0,1
20250513,서울대입구(관악구청),시청,4,1
20250513,서울대입구(관악구청),시청,5,5
20250513,서울대입구(관악구청),시청,6,17
20250513,서울대입구(관악구청),시청,7,71
20250513,서울대입구(관악구청),시청,8,75
20250513,서울대입구(관악구청),시청,9,22
20250513,서울대입구(관악구청),시청,10,4
20250513,서울대입구(관악구청),시청,11,4
20250513,서울대입구(관악구청),시청,12,4
20250513,서울대입구(관악구청),시청,13,6
20250513,서울대입구(관악구청),시청,14,5
20250513,서울대입구(관악구청),시청,15,2
20250513,서울대입구(관악구청),시청,16,4
20250513,서울대입구(관악구청),시청,17,7
20250513,서울대입구(관악구청),시청,18,3
20250513,서울대입구(관악구청),시청,21,1
20250513,서울대입구(관악구청),신당,5,2
20250513,서울대입구(관악구청),신당,6,1
20250513,서울대입구(관악구청),신당,7,5
20250513,서울대입구(관악구청),신당,8,5
20250513,서울대입구(관악구청),신당,9,3
20250513,서울대입구(관악구청),신당,10,7
20250513,서울대입구(관악구청),신당,11,9
20250513,서울대입구(관악구청),신당,12,1
20250513,서울대입구(관악구청),신당,14,4
20250513,서울대입구(관악구청),신당,15,1
20250513,서울대입구(관악구청),신당,16,5
20250513,서울대입구(관악구청),신당,17,4
20250513,서울대입구(관악구청),신당,18,5
20250513,서울대입구(관악구청),신당,19,3
20250513,서울대입구(관악구청),신당,20,1
20250513,서울대입구(관악구청),신당,21,7
20250513,서울대입구(관악구청),신당,22,3
20250513,서울대입구(관악구청),신대방,0,8
20250513,서울대입구(관악구청),신대방,5,6
20250513,서울대입구(관악구청),신대방,6,12
20250513,서울대입구(관악구청),신대방,7,22
20250513,서울대입구(관악구청),신대방,8,37
20250513,서울대입구(관악구청),신대방,9,27
20250513,서울대입구(관악구청),신대방,10,26
20250513,서울대입구(관악구청),신대방,11,26
20250513,서울대입구(관악구청),신대방,12,24
20250513,서울대입구(관악구청),신대방,13,40
20250513,서울대입구(관악구청),신대방,14,41
20250513,서울대입구(관악구청),신대방,15,49
20250513,서울대입구(관악구청),신대방,16,47
20250513,서울대입구(관악구청),신대방,17,35
20250513,서울대입구(관악구청),신대방,18,85
20250513,서울대입구(관악구청),신대방,19,50
20250513,서울대입구(관악구청),신대방,20,60
20250513,서울대입구(관악구청),신대방,21,62
20250513,서울대입구(관악구청),신대방,22,54
20250513,서울대입구(관악구청),신대방,23,37
20250513,서울대입구(관악구청),신도림,0,11
20250513,서울대입구(관악구청),신도림,5,9
20250513,서울대입구(관악구청),신도림,6,14
20250513,서울대입구(관악구청),신도림,7,36
20250513,서울대입구(관악구청),신도림,8,55
20250513,서울대입구(관악구청),신도림,9,40
20250513,서울대입구(관악구청),신도림,10,25
20250513,서울대입구(관악구청),신도림,11,27
20250513,서울대입구(관악구청),신도림,12,21
20250513,서울대입구(관악구청),신도림,13,37
20250513,서울대입구(관악구청),신도림,14,27
20250513,서울대입구(관악구청),신도림,15,28
20250513,서울대입구(관악구청),신도림,16,36
20250513,서울대입구(관악구청),신도림,17,53
20250513,서울대입구(관악구청),신도림,18,96
20250513,서울대입구(관악구청),신도림,19,48
20250513,서울대입구(관악구청),신도림,20,37
20250513,서울대입구(관악구청),신도림,21,45
20250513,서울대입구(관악구청),신도림,22,30
20250513,서울대입구(관악구청),신도림,23,30
20250513,서울대입구(관악구청),신림,0,14
20250513,서울대입구(관악구청),신림,5,14
20250513,서울대입구(관악구청),신림,6,19
20250513,서울대입구(관악구청),신림,7,39
20250513,서울대입구(관악구청),신림,8,77
20250513,서울대입구(관악구청),신림,9,70
20250513,서울대입구(관악구청),신림,10,80
20250513,서울대입구(관악구청),신림,11,96
20250513,서울대입구(관악구청),신림,12,86
20250513,서울대입구(관악구청),신림,13,113
20250513,서울대입구(관악구청),신림,14,133
20250513,서울대입구(관악구청),신림,15,121
20250513,서울대입구(관악구청),신림,16,116
20250513,서울대입구(관악구청),신림,17,151
20250513,서울대입구(관악구청),신림,18,223
20250513,서울대입구(관악구청),신림,19,149
20250513,서울대입구(관악구청),신림,20,131
20250513,서울대입구(관악구청),신림,21,118
20250513,서울대입구(관악구청),신림,22,104
20250513,서울대입구(관악구청),신림,23,64
20250513,서울대입구(관악구청),신촌,0,5
20250513,서울대입구(관악구청),신촌,5,5
20250513,서울대입구(관악구청),신촌,6,5
20250513,서울대입구(관악구청),신촌,7,31
20250513,서울대입구(관악구청),신촌,8,60
20250513,서울대입구(관악구청),신촌,9,46
20250513,서울대입구(관악구청),신촌,10,22
20250513,서울대입구(관악구청),신촌,11,16
20250513,서울대입구(관악구청),신촌,12,44
20250513,서울대입구(관악구청),신촌,13,17
20250513,서울대입구(관악구청),신촌,14,17
20250513,서울대입구(관악구청),신촌,15,28
20250513,서울대입구(관악구청),신촌,16,25
20250513,서울대입구(관악구청),신촌,17,40
20250513,서울대입구(관악구청),신촌,18,50
20250513,서울대입구(관악구청),신촌,19,39
20250513,서울대입구(관악구청),신촌,20,17
20250513,서울대입구(관악구청),신촌,21,22
20250513,서울대입구(관악구청),신촌,22,30
20250513,서울대입구(관악구청),신촌,23,11
20250513,서울대입구(관악구청),아현,6,3
20250513,서울대입구(관악구청),아현,7,18
20250513,서울대입구(관악구청),아현,8,9
20250513,서울대입구(관악구청),아현,9,2
20250513,서울대입구(관악구청),아현,10,2
20250513,서울대입구(관악구청),아현,11,1
20250513,서울대입구(관악구청),아현,12,7
20250513,서울대입구(관악구청),아현,13,3
20250513,서울대입구(관악구청),아현,14,4
20250513,서울대입구(관악구청),아현,15,3
20250513,서울대입구(관악구청),아현,16,5
20250513,서울대입구(관악구청),아현,17,4
20250513,서울대입구(관악구청),아현,18,7
20250513,서울대입구(관악구청),아현,19,6
20250513,서울대입구(관악구청),아현,20,10
20250513,서울대입구(관악구청),아현,21,4
20250513,서울대입구(관악구청),아현,22,8
20250513,서울대입구(관악구청),아현,23,6
20250513,서울대입구(관악구청),역삼,0,2
20250513,서울대입구(관악구청),역삼,4,30
20250513,서울대입구(관악구청),역삼,5,90
20250513,서울대입구(관악구청),역삼,6,94
20250513,서울대입구(관악구청),역삼,7,425
20250513,서울대입구(관악구청),역삼,8,632
20250513,서울대입구(관악구청),역삼,9,495
20250513,서울대입구(관악구청),역삼,10,159
20250513,서울대입구(관악구청),역삼,11,73
20250513,서울대입구(관악구청),역삼,12,73
20250513,서울대입구(관악구청),역삼,13,75
20250513,서울대입구(관악구청),역삼,14,41
20250513,서울대입구(관악구청),역삼,15,36
20250513,서울대입구(관악구청),역삼,16,38
20250513,서울대입구(관악구청),역삼,17,36
20250513,서울대입구(관악구청),역삼,18,45
20250513,서울대입구(관악구청),역삼,19,14
20250513,서울대입구(관악구청),역삼,20,19
20250513,서울대입구(관악구청),역삼,21,20
20250513,서울대입구(관악구청),역삼,22,9
20250513,서울대입구(관악구청),역삼,23,10
20250513,서울대입구(관악구청),영등포구청,0,1
20250513,서울대입구(관악구청),영등포구청,5,4
20250513,서울대입구(관악구청),영등포구청,6,10
20250513,서울대입구(관악구청),영등포구청,7,41
20250513,서울대입구(관악구청),영등포구청,8,68
20250513,서울대입구(관악구청),영등포구청,9,31
20250513,서울대입구(관악구청),영등포구청,10,16
20250513,서울대입구(관악구청),영등포구청,11,12
20250513,서울대입구(관악구청),영등포구청,12,21
20250513,서울대입구(관악구청),영등포구청,13,12
20250513,서울대입구(관악구청),영등포구청,14,7
20250513,서울대입구(관악구청),영등포구청,15,13
20250513,서울대입구(관악구청),영등포구청,16,23
20250513,서울대입구(관악구청),영등포구청,17,25
20250513,서울대입구(관악구청),영등포구청,18,27
20250513,서울대입구(관악구청),영등포구청,19,17
20250513,서울대입구(관악구청),영등포구청,20,9
20250513,서울대입구(관악구청),영등포구청,21,14
20250513,서울대입구(관악구청),영등포구청,22,15
20250513,서울대입구(관악구청),영등포구청,23,6
20250513,서울대입구(관악구청),왕십리(성동구청),0,2
20250513,서울대입구(관악구청),왕십리(성동구청),5,1
20250513,서울대입구(관악구청),왕십리(성동구청),6,1
20250513,서울대입구(관악구청),왕십리(성동구청),7,3
20250513,서울대입구(관악구청),왕십리(성동구청),8,3
20250513,서울대입구(관악구청),왕십리(성동구청),9,1
20250513,서울대입구(관악구청),왕십리(성동구청),10,2
20250513,서울대입구(관악구청),왕십리(성동구청),11,2
20250513,서울대입구(관악구청),왕십리(성동구청),12,1
20250513,서울대입구(관악구청),왕십리(성동구청),13,2
20250513,서울대입구(관악구청),왕십리(성동구청),14,1
20250513,서울대입구(관악구청),왕십리(성동구청),15,4
20250513,서울대입구(관악구청),왕십리(성동구청),16,9
20250513,서울대입구(관악구청),왕십리(성동구청),17,7
20250513,서울대입구(관악구청),왕십리(성동구청),18,7
20250513,서울대입구(관악구청),왕십리(성동구청),19,1
20250513,서울대입구(관악구청),왕십리(성동구청),20,4
20250513,서울대입구(관악구청),왕십리(성동구청),21,3
20250513,서울대입구(관악구청),왕십리(성동구청),22,1
20250513,서울대입구(관악구청),왕십리(성동구청),23,5
20250513,서울대입구(관악구청),용두(동대문구청),6,1
20250513,서울대입구(관악구청),용두(동대문구청),7,2
20250513,서울대입구(관악구청),용두(동대문구청),8,1
20250513,서울대입구(관악구청),용두(동대문구청),9,3
20250513,서울대입구(관악구청),용두(동대문구청),12,1
20250513,서울대입구(관악구청),용두(동대문구청),13,1
20250513,서울대입구(관악구청),용두(동대문구청),15,1
20250513,서울대입구(관악구청),용두(동대문구청),16,2
20250513,서울대입구(관악구청),용두(동대문구청),18,1
20250513,서울대입구(관악구청),용두(동대문구청),20,1
20250513,서울대입구(관악구청),용두(동대문구청),22,1
20250513,서울대입구(관악구청),용두(동대문구청),23,1
20250513,서울대입구(관악구청),을지로3가,5,2
20250513,서울대입구(관악구청),을지로3가,6,8
20250513,서울대입구(관악구청),을지로3가,7,47
20250513,서울대입구(관악구청),을지로3가,8,37
20250513,서울대입구(관악구청),을지로3가,9,7
20250513,서울대입구(관악구청),을지로3가,10,2
20250513,서울대입구(관악구청),을지로3가,11,4
20250513,서울대입구(관악구청),을지로3가,12,8
20250513,서울대입구(관악구청),을지로3가,13,4
20250513,서울대입구(관악구청),을지로3가,14,6
20250513,서울대입구(관악구청),을지로3가,16,4
20250513,서울대입구(관악구청),을지로3가,18,8
20250513,서울대입구(관악구청),을지로3가,19,2
20250513,서울대입구(관악구청),을지로4가,0,1
20250513,서울대입구(관악구청),을지로4가,5,4
20250513,서울대입구(관악구청),을지로4가,6,3
20250513,서울대입구(관악구청),을지로4가,7,23
20250513,서울대입구(관악구청),을지로4가,8,16
20250513,서울대입구(관악구청),을지로4가,9,1
20250513,서울대입구(관악구청),을지로4가,10,12
20250513,서울대입구(관악구청),을지로4가,11,2
20250513,서울대입구(관악구청),을지로4가,12,2
20250513,서울대입구(관악구청),을지로4가,13,4
20250513,서울대입구(관악구청),을지로4가,14,7
20250513,서울대입구(관악구청),을지로4가,15,4
20250513,서울대입구(관악구청),을지로4가,16,5
20250513,서울대입구(관악구청),을지로4가,17,4
20250513,서울대입구(관악구청),을지로4가,19,1
20250513,서울대입구(관악구청),을지로입구,4,1
20250513,서울대입구(관악구청),을지로입구,5,3
20250513,서울대입구(관악구청),을지로입구,6,19
20250513,서울대입구(관악구청),을지로입구,7,108
20250513,서울대입구(관악구청),을지로입구,8,73
20250513,서울대입구(관악구청),을지로입구,9,31
20250513,서울대입구(관악구청),을지로입구,10,15
20250513,서울대입구(관악구청),을지로입구,11,7
20250513,서울대입구(관악구청),을지로입구,12,14
20250513,서울대입구(관악구청),을지로입구,13,7
20250513,서울대입구(관악구청),을지로입구,14,9
20250513,서울대입구(관악구청),을지로입구,15,5
20250513,서울대입구(관악구청),을지로입구,16,2
20250513,서울대입구(관악구청),을지로입구,17,5
20250513,서울대입구(관악구청),을지로입구,18,8
20250513,서울대입구(관악구청),을지로입구,19,4
20250513,서울대입구(관악구청),을지로입구,21,2
20250513,서울대입구(관악구청),을지로입구,23,1
20250513,서울대입구(관악구청),이대,0,1
20250513,서울대입구(관악구청),이대,6,3
20250513,서울대입구(관악구청),이대,7,13
20250513,서울대입구(관악구청),이대,8,19
20250513,서울대입구(관악구청),이대,9,31
20250513,서울대입구(관악구청),이대,10,18
20250513,서울대입구(관악구청),이대,11,14
20250513,서울대입구(관악구청),이대,12,9
20250513,서울대입구(관악구청),이대,13,7
20250513,서울대입구(관악구청),이대,14,8
20250513,서울대입구(관악구청),이대,15,15
20250513,서울대입구(관악구청),이대,16,19
20250513,서울대입구(관악구청),이대,17,16
20250513,서울대입구(관악구청),이대,18,25
20250513,서울대입구(관악구청),이대,19,6
20250513,서울대입구(관악구청),이대,20,7
20250513,서울대입구(관악구청),이대,21,9
20250513,서울대입구(관악구청),이대,22,10
20250513,서울대입구(관악구청),이대,23,5
20250513,서울대입구(관악구청),잠실(송파구청),0,7
20250513,서울대입구(관악구청),잠실(송파구청),4,1
20250513,서울대입구(관악구청),잠실(송파구청),5,28
20250513,서울대입구(관악구청),잠실(송파구청),6,63
20250513,서울대입구(관악구청),잠실(송파구청),7,167
20250513,서울대입구(관악구청),잠실(송파구청),8,265
20250513,서울대입구(관악구청),잠실(송파구청),9,103
20250513,서울대입구(관악구청),잠실(송파구청),10,65
20250513,서울대입구(관악구청),잠실(송파구청),11,66
20250513,서울대입구(관악구청),잠실(송파구청),12,58
20250513,서울대입구(관악구청),잠실(송파구청),13,65
20250513,서울대입구(관악구청),잠실(송파구청),14,65
20250513,서울대입구(관악구청),잠실(송파구청),15,66
20250513,서울대입구(관악구청),잠실(송파구청),16,75
20250513,서울대입구(관악구청),잠실(송파구청),17,106
20250513,서울대입구(관악구청),잠실(송파구청),18,97
20250513,서울대입구(관악구청),잠실(송파구청),19,54
20250513,서울대입구(관악구청),잠실(송파구청),20,50
20250513,서울대입구(관악구청),잠실(송파구청),21,65
20250513,서울대입구(관악구청),잠실(송파구청),22,40
20250513,서울대입구(관악구청),잠실(송파구청),23,22
20250513,서울대입구(관악구청),잠실나루,0,1
20250513,서울대입구(관악구청),잠실나루,4,6
20250513,서울대입구(관악구청),잠실나루,5,15
20250513,서울대입구(관악구청),잠실나루,6,15
20250513,서울대입구(관악구청),잠실나루,7,18
20250513,서울대입구(관악구청),잠실나루,8,9
20250513,서울대입구(관악구청),잠실나루,9,11
20250513,서울대입구(관악구청),잠실나루,10,5
20250513,서울대입구(관악구청),잠실나루,11,3
20250513,서울대입구(관악구청),잠실나루,12,8
20250513,서울대입구(관악구청),잠실나루,13,12
20250513,서울대입구(관악구청),잠실나루,14,10
20250513,서울대입구(관악구청),잠실나루,15,6
20250513,서울대입구(관악구청),잠실나루,16,13
20250513,서울대입구(관악구청),잠실나루,17,10
20250513,서울대입구(관악구청),잠실나루,18,13
20250513,서울대입구(관악구청),잠실나루,19,6
20250513,서울대입구(관악구청),잠실나루,20,14
20250513,서울대입구(관악구청),잠실나루,21,12
20250513,서울대입구(관악구청),잠실나루,22,8
20250513,서울대입구(관악구청),잠실나루,23,7
20250513,서울대입구(관악구청),잠실새내,0,1
20250513,서울대입구(관악구청),잠실새내,4,1
20250513,서울대입구(관악구청),잠실새내,5,3
20250513,서울대입구(관악구청),잠실새내,6,8
20250513,서울대입구(관악구청),잠실새내,7,16
20250513,서울대입구(관악구청),잠실새내,8,20
20250513,서울대입구(관악구청),잠실새내,9,20
20250513,서울대입구(관악구청),잠실새내,10,7
20250513,서울대입구(관악구청),잠실새내,11,10
20250513,서울대입구(관악구청),잠실새내,12,18
20250513,서울대입구(관악구청),잠실새내,13,17
20250513,서울대입구(관악구청),잠실새내,14,19
20250513,서울대입구(관악구청),잠실새내,15,15
20250513,서울대입구(관악구청),잠실새내,16,25
20250513,서울대입구(관악구청),잠실새내,17,26
20250513,서울대입구(관악구청),잠실새내,18,37
20250513,서울대입구(관악구청),잠실새내,19,22
20250513,서울대입구(관악구청),잠실새내,20,20
20250513,서울대입구(관악구청),잠실새내,21,24
20250513,서울대입구(관악구청),잠실새내,22,22
20250513,서울대입구(관악구청),잠실새내,23,20
20250513,서울대입구(관악구청),종합운동장,4,1
20250513,서울대입구(관악구청),종합운동장,5,14
20250513,서울대입구(관악구청),종합운동장,6,8
20250513,서울대입구(관악구청),종합운동장,7,29
20250513,서울대입구(관악구청),종합운동장,8,19
20250513,서울대입구(관악구청),종합운동장,9,10
20250513,서울대입구(관악구청),종합운동장,10,12
20250513,서울대입구(관악구청),종합운동장,11,5
20250513,서울대입구(관악구청),종합운동장,12,4
20250513,서울대입구(관악구청),종합운동장,13,6
20250513,서울대입구(관악구청),종합운동장,14,6
20250513,서울대입구(관악구청),종합운동장,15,13
20250513,서울대입구(관악구청),종합운동장,16,40
20250513,서울대입구(관악구청),종합운동장,17,92
20250513,서울대입구(관악구청),종합운동장,18,48
20250513,서울대입구(관악구청),종합운동장,19,10
20250513,서울대입구(관악구청),종합운동장,20,10
20250513,서울대입구(관악구청),종합운동장,21,15
20250513,서울대입구(관악구청),종합운동장,22,10
20250513,서울대입구(관악구청),종합운동장,23,6
20250513,서울대입구(관악구청),충정로(경기대입구),0,1
20250513,서울대입구(관악구청),충정로(경기대입구),5,2
20250513,서울대입구(관악구청),충정로(경기대입구),6,5
20250513,서울대입구(관악구청),충정로(경기대입구),7,20
20250513,서울대입구(관악구청),충정로(경기대입구),8,13
20250513,서울대입구(관악구청),충정로(경기대입구),10,2
20250513,서울대입구(관악구청),충정로(경기대입구),11,2
20250513,서울대입구(관악구청),충정로(경기대입구),12,2
20250513,서울대입구(관악구청),충정로(경기대입구),13,4
20250513,서울대입구(관악구청),충정로(경기대입구),15,1
20250513,서울대입구(관악구청),충정로(경기대입구),17,2
20250513,서울대입구(관악구청),충정로(경기대입구),18,5
20250513,서울대입구(관악구청),충정로(경기대입구),20,1
20250513,서울대입구(관악구청),충정로(경기대입구),21,6
20250513,서울대입구(관악구청),충정로(경기대입구),22,1
20250513,서울대입구(관악구청),충정로(경기대입구),23,1
20250513,서울대입구(관악구청),한양대,5,5
20250513,서울대입구(관악구청),한양대,6,2
20250513,서울대입구(관악구청),한양대,7,15
20250513,서울대입구(관악구청),한양대,8,20
20250513,서울대입구(관악구청),한양대,9,21
20250513,서울대입구(관악구청),한양대,10,6
20250513,서울대입구(관악구청),한양대,11,6
20250513,서울대입구(관악구청),한양대,12,13
20250513,서울대입구(관악구청),한양대,13,17
20250513,서울대입구(관악구청),한양대,14,2
20250513,서울대입구(관악구청),한양대,15,1
20250513,서울대입구(관악구청),한양대,16,6
20250513,서울대입구(관악구청),한양대,17,6
20250513,서울대입구(관악구청),한양대,18,4
20250513,서울대입구(관악구청),한양대,19,1
20250513,서울대입구(관악구청),한양대,22,1
20250513,서울대입구(관악구청),합정,0,4
20250513,서울대입구(관악구청),합정,5,10
20250513,서울대입구(관악구청),합정,6,12
20250513,서울대입구(관악구청),합정,7,40
20250513,서울대입구(관악구청),합정,8,98
20250513,서울대입구(관악구청),합정,9,55
20250513,서울대입구(관악구청),합정,10,14
20250513,서울대입구(관악구청),합정,11,12
20250513,서울대입구(관악구청),합정,12,16
20250513,서울대입구(관악구청),합정,13,32
20250513,서울대입구(관악구청),합정,14,20
20250513,서울대입구(관악구청),합정,15,19
20250513,서울대입구(관악구청),합정,16,32
20250513,서울대입구(관악구청),합정,17,28
20250513,서울대입구(관악구청),합정,18,74
20250513,서울대입구(관악구청),합정,19,22
20250513,서울대입구(관악구청),합정,20,13
20250513,서울대입구(관악구청),합정,21,17
20250513,서울대입구(관악구청),합정,22,18
20250513,서울대입구(관악구청),합정,23,14
20250513,서울대입구(관악구청),홍대입구,0,5
20250513,서울대입구(관악구청),홍대입구,5,4
20250513,서울대입구(관악구청),홍대입구,6,9
20250513,서울대입구(관악구청),홍대입구,7,48
20250513,서울대입구(관악구청),홍대입구,8,84
20250513,서울대입구(관악구청),홍대입구,9,71
20250513,서울대입구(관악구청),홍대입구,10,59
20250513,서울대입구(관악구청),홍대입구,11,21
20250513,서울대입구(관악구청),홍대입구,12,30
20250513,서울대입구(관악구청),홍대입구,13,56
20250513,서울대입구(관악구청),홍대입구,14,34
20250513,서울대입구(관악구청),홍대입구,15,57
20250513,서울대입구(관악구청),홍대입구,16,51
20250513,서울대입구(관악구청),홍대입구,17,73
20250513,서울대입구(관악구청),홍대입구,18,77
20250513,서울대입구(관악구청),홍대입구,19,33
20250513,서울대입구(관악구청),홍대입구,20,34
20250513,서울대입구(관악구청),홍대입구,21,22
20250513,서울대입구(관악구청),홍대입구,22,25
20250513,서울대입구(관악구청),홍대입구,23,17
20250513,서초,강남,0,1
20250513,서초,강남,5,2
20250513,서초,강남,6,25
20250513,서초,강남,7,57
20250513,서초,강남,8,85
20250513,서초,강남,9,114
20250513,서초,강남,10,65
20250513,서초,강남,11,80
20250513,서초,강남,12,57
20250513,서초,강남,13,70
20250513,서초,강남,14,65
20250513,서초,강남,15,96
20250513,서초,강남,16,92
20250513,서초,강남,17,142
20250513,서초,강남,18,215
20250513,서초,강남,19,68
20250513,서초,강남,20,41
20250513,서초,강남,21,42
20250513,서초,강남,22,25
20250513,서초,강남,23,5
20250513,서초,강변(동서울터미널),6,4
20250513,서초,강변(동서울터미널),7,4
20250513,서초,강변(동서울터미널),8,12
20250513,서초,강변(동서울터미널),9,9
20250513,서초,강변(동서울터미널),10,3
20250513,서초,강변(동서울터미널),11,7
20250513,서초,강변(동서울터미널),12,6
20250513,서초,강변(동서울터미널),13,4
20250513,서초,강변(동서울터미널),14,13
20250513,서초,강변(동서울터미널),15,17
20250513,서초,강변(동서울터미널),16,18
20250513,서초,강변(동서울터미널),17,37
20250513,서초,강변(동서울터미널),18,44
20250513,서초,강변(동서울터미널),19,16
20250513,서초,강변(동서울터미널),20,17
20250513,서초,강변(동서울터미널),21,12
20250513,서초,강변(동서울터미널),22,12
20250513,서초,강변(동서울터미널),23,5
20250513,서초,건대입구,6,3
20250513,서초,건대입구,7,9
20250513,서초,건대입구,8,7
20250513,서초,건대입구,9,4
20250513,서초,건대입구,10,4
20250513,서초,건대입구,11,6
20250513,서초,건대입구,12,10
20250513,서초,건대입구,13,8
20250513,서초,건대입구,14,10
20250513,서초,건대입구,15,9
20250513,서초,건대입구,16,8
20250513,서초,건대입구,17,38
20250513,서초,건대입구,18,29
20250513,서초,건대입구,19,19
20250513,서초,건대입구,20,9
20250513,서초,건대입구,21,15
20250513,서초,건대입구,22,5
20250513,서초,건대입구,23,1
20250513,서초,교대(법원.검찰청),6,5
20250513,서초,교대(법원.검찰청),7,5
20250513,서초,교대(법원.검찰청),8,11
20250513,서초,교대(법원.검찰청),9,20
20250513,서초,교대(법원.검찰청),10,29
20250513,서초,교대(법원.검찰청),11,43
20250513,서초,교대(법원.검찰청),12,30
20250513,서초,교대(법원.검찰청),13,22
20250513,서초,교대(법원.검찰청),14,28
20250513,서초,교대(법원.검찰청),15,30
20250513,서초,교대(법원.검찰청),16,65
20250513,서초,교대(법원.검찰청),17,43
20250513,서초,교대(법원.검찰청),18,36
20250513,서초,교대(법원.검찰청),19,19
20250513,서초,교대(법원.검찰청),20,9
20250513,서초,교대(법원.검찰청),21,13
20250513,서초,교대(법원.검찰청),22,12
20250513,서초,교대(법원.검찰청),23,1
20250513,서초,구로디지털단지,0,1
20250513,서초,구로디지털단지,5,2
20250513,서초,구로디지털단지,6,7
20250513,서초,구로디지털단지,7,17
20250513,서초,구로디지털단지,8,34
20250513,서초,구로디지털단지,9,12
20250513,서초,구로디지털단지,10,11
20250513,서초,구로디지털단지,11,17
20250513,서초,구로디지털단지,12,12
20250513,서초,구로디지털단지,13,18
20250513,서초,구로디지털단지,14,30
20250513,서초,구로디지털단지,15,31
20250513,서초,구로디지털단지,16,42
20250513,서초,구로디지털단지,17,72
20250513,서초,구로디지털단지,18,103
20250513,서초,구로디지털단지,19,43
20250513,서초,구로디지털단지,20,42
20250513,서초,구로디지털단지,21,32
20250513,서초,구로디지털단지,22,21
20250513,서초,구로디지털단지,23,3
20250513,서초,구의(광진구청),0,1
20250513,서초,구의(광진구청),5,1
20250513,서초,구의(광진구청),6,2
20250513,서초,구의(광진구청),7,2
20250513,서초,구의(광진구청),8,3
20250513,서초,구의(광진구청),9,7
20250513,서초,구의(광진구청),10,4
20250513,서초,구의(광진구청),11,7
20250513,서초,구의(광진구청),12,6
20250513,서초,구의(광진구청),13,6
20250513,서초,구의(광진구청),14,11
20250513,서초,구의(광진구청),15,9
20250513,서초,구의(광진구청),16,11
20250513,서초,구의(광진구청),17,20
20250513,서초,구의(광진구청),18,53
20250513,서초,구의(광진구청),19,17
20250513,서초,구의(광진구청),20,16
20250513,서초,구의(광진구청),21,12
20250513,서초,구의(광진구청),22,18
20250513,서초,구의(광진구청),23,7
20250513,서초,낙성대,0,3
20250513,서초,낙성대,5,2
20250513,서초,낙성대,6,2
20250513,서초,낙성대,7,10
20250513,서초,낙성대,8,23
20250513,서초,낙성대,9,19
20250513,서초,낙성대,10,10
20250513,서초,낙성대,11,18
20250513,서초,낙성대,12,6
20250513,서초,낙성대,13,15
20250513,서초,낙성대,14,27
20250513,서초,낙성대,15,43
20250513,서초,낙성대,16,43
20250513,서초,낙성대,17,79
20250513,서초,낙성대,18,120
20250513,서초,낙성대,19,54
20250513,서초,낙성대,20,46
20250513,서초,낙성대,21,47
20250513,서초,낙성대,22,35
20250513,서초,낙성대,23,14
20250513,서초,당산,5,1
20250513,서초,당산,7,4
20250513,서초,당산,8,2
20250513,서초,당산,9,5
20250513,서초,당산,10,1
20250513,서초,당산,11,7
20250513,서초,당산,12,3
20250513,서초,당산,13,5
20250513,서초,당산,14,3
20250513,서초,당산,15,10
20250513,서초,당산,16,8
20250513,서초,당산,17,25
20250513,서초,당산,18,19
20250513,서초,당산,19,10
20250513,서초,당산,20,6
20250513,서초,당산,21,11
20250513,서초,당산,22,4
20250513,서초,당산,23,2
20250513,서초,대림(구로구청),6,4
20250513,서초,대림(구로구청),7,4
20250513,서초,대림(구로구청),8,4
20250513,서초,대림(구로구청),9,1
20250513,서초,대림(구로구청),10,6
20250513,서초,대림(구로구청),11,4
20250513,서초,대림(구로구청),12,6
20250513,서초,대림(구로구청),13,3
20250513,서초,대림(구로구청),14,19
20250513,서초,대림(구로구청),15,13
20250513,서초,대림(구로구청),16,31
20250513,서초,대림(구로구청),17,29
20250513,서초,대림(구로구청),18,25
20250513,서초,대림(구로구청),19,17
20250513,서초,대림(구로구청),20,20
20250513,서초,대림(구로구청),21,33
20250513,서초,대림(구로구청),22,9
20250513,서초,대림(구로구청),23,4
20250513,서초,동대문역사문화공원,12,2
20250513,서초,동대문역사문화공원,13,6
20250513,서초,동대문역사문화공원,15,1
20250513,서초,동대문역사문화공원,16,2
20250513,서초,동대문역사문화공원,18,2
20250513,서초,동대문역사문화공원,20,1
20250513,서초,뚝섬,5,2
20250513,서초,뚝섬,6,4
20250513,서초,뚝섬,7,9
20250513,서초,뚝섬,8,18
20250513,서초,뚝섬,9,3
20250513,서초,뚝섬,10,6
20250513,서초,뚝섬,11,5
20250513,서초,뚝섬,12,4
20250513,서초,뚝섬,13,3
20250513,서초,뚝섬,14,5
20250513,서초,뚝섬,15,2
20250513,서초,뚝섬,16,3
20250513,서초,뚝섬,17,5
20250513,서초,뚝섬,18,4
20250513,서초,뚝섬,19,2
20250513,서초,뚝섬,20,3
20250513,서초,뚝섬,21,4
20250513,서초,뚝섬,22,2
20250513,서초,문래,6,1
20250513,서초,문래,7,6
20250513,서초,문래,8,12
20250513,서초,문래,9,8
20250513,서초,문래,10,3
20250513,서초,문래,11,3
20250513,서초,문래,12,4
20250513,서초,문래,13,11
20250513,서초,문래,14,11
20250513,서초,문래,15,8
20250513,서초,문래,16,13
20250513,서초,문래,17,17
20250513,서초,문래,18,53
20250513,서초,문래,19,15
20250513,서초,문래,20,12
20250513,서초,문래,21,12
20250513,서초,문래,22,8
20250513,서초,문래,23,3
20250513,서초,방배,0,1
20250513,서초,방배,5,2
20250513,서초,방배,6,9
20250513,서초,방배,7,7
20250513,서초,방배,8,40
20250513,서초,방배,9,36
20250513,서초,방배,10,32
20250513,서초,방배,11,41
20250513,서초,방배,12,26
20250513,서초,방배,13,25
20250513,서초,방배,14,27
20250513,서초,방배,15,25
20250513,서초,방배,16,44
20250513,서초,방배,17,52
20250513,서초,방배,18,26
20250513,서초,방배,19,23
20250513,서초,방배,20,10
20250513,서초,방배,21,9
20250513,서초,방배,22,6
20250513,서초,방배,23,2
20250513,서초,봉천,0,2
20250513,서초,봉천,5,1
20250513,서초,봉천,6,4
20250513,서초,봉천,7,13
20250513,서초,봉천,8,12
20250513,서초,봉천,9,9
20250513,서초,봉천,10,12
20250513,서초,봉천,11,11
20250513,서초,봉천,12,11
20250513,서초,봉천,13,11
20250513,서초,봉천,14,31
20250513,서초,봉천,15,36
20250513,서초,봉천,16,40
20250513,서초,봉천,17,74
20250513,서초,봉천,18,85
20250513,서초,봉천,19,47
20250513,서초,봉천,20,34
20250513,서초,봉천,21,30
20250513,서초,봉천,22,25
20250513,서초,봉천,23,12
20250513,서초,사당,0,8
20250513,서초,사당,5,1
20250513,서초,사당,6,8
20250513,서초,사당,7,18
20250513,서초,사당,8,24
20250513,서초,사당,9,29
20250513,서초,사당,10,29
20250513,서초,사당,11,40
20250513,서초,사당,12,35
20250513,서초,사당,13,28
20250513,서초,사당,14,42
20250513,서초,사당,15,71
20250513,서초,사당,16,93
20250513,서초,사당,17,178
20250513,서초,사당,18,169
20250513,서초,사당,19,109
20250513,서초,사당,20,56
20250513,서초,사당,21,60
20250513,서초,사당,22,50
20250513,서초,사당,23,10
20250513,서초,삼성(무역센터),5,3
20250513,서초,삼성(무역센터),6,39
20250513,서초,삼성(무역센터),7,84
20250513,서초,삼성(무역센터),8,175
20250513,서초,삼성(무역센터),9,91
20250513,서초,삼성(무역센터),10,34
20250513,서초,삼성(무역센터),11,52
20250513,서초,삼성(무역센터),12,32
20250513,서초,삼성(무역센터),13,38
20250513,서초,삼성(무역센터),14,30
20250513,서초,삼성(무역센터),15,38
20250513,서초,삼성(무역센터),16,25
20250513,서초,삼성(무역센터),17,49
20250513,서초,삼성(무역센터),18,53
20250513,서초,삼성(무역센터),19,15
20250513,서초,삼성(무역센터),20,8
20250513,서초,삼성(무역센터),21,16
20250513,서초,삼성(무역센터),22,3
20250513,서초,상왕십리,8,1
20250513,서초,상왕십리,10,1
20250513,서초,상왕십리,12,2
20250513,서초,상왕십리,14,1
20250513,서초,상왕십리,15,7
20250513,서초,상왕십리,16,2
20250513,서초,상왕십리,17,4
20250513,서초,상왕십리,18,6
20250513,서초,상왕십리,19,1
20250513,서초,상왕십리,20,5
20250513,서초,상왕십리,21,1
20250513,서초,상왕십리,22,1
20250513,서초,상왕십리,23,1
20250513,서초,서울대입구(관악구청),0,3
20250513,서초,서울대입구(관악구청),5,2
20250513,서초,서울대입구(관악구청),6,11
20250513,서초,서울대입구(관악구청),7,20
20250513,서초,서울대입구(관악구청),8,45
20250513,서초,서울대입구(관악구청),9,18
20250513,서초,서울대입구(관악구청),10,36
20250513,서초,서울대입구(관악구청),11,28
20250513,서초,서울대입구(관악구청),12,22
20250513,서초,서울대입구(관악구청),13,42
20250513,서초,서울대입구(관악구청),14,55
20250513,서초,서울대입구(관악구청),15,68
20250513,서초,서울대입구(관악구청),16,81
20250513,서초,서울대입구(관악구청),17,145
20250513,서초,서울대입구(관악구청),18,164
20250513,서초,서울대입구(관악구청),19,87
20250513,서초,서울대입구(관악구청),20,47
20250513,서초,서울대입구(관악구청),21,57
20250513,서초,서울대입구(관악구청),22,51
20250513,서초,서울대입구(관악구청),23,22
20250513,서초,서초,0,2
20250513,서초,서초,5,1
20250513,서초,서초,6,1
20250513,서초,서초,7,2
20250513,서초,서초,8,4
20250513,서초,서초,9,7
20250513,서초,서초,10,18
20250513,서초,서초,11,10
20250513,서초,서초,12,12
20250513,서초,서초,13,12
20250513,서초,서초,14,25
20250513,서초,서초,15,12
20250513,서초,서초,16,22
20250513,서초,서초,17,22
20250513,서초,서초,18,92
20250513,서초,서초,19,10
20250513,서초,서초,20,8
20250513,서초,서초,21,28
20250513,서초,서초,22,13
20250513,서초,서초,23,4
20250513,서초,선릉,0,1
20250513,서초,선릉,5,3
20250513,서초,선릉,6,27
20250513,서초,선릉,7,90
20250513,서초,선릉,8,161
20250513,서초,선릉,9,90
20250513,서초,선릉,10,76
20250513,서초,선릉,11,42
20250513,서초,선릉,12,43
20250513,서초,선릉,13,49
20250513,서초,선릉,14,56
20250513,서초,선릉,15,61
20250513,서초,선릉,16,50
20250513,서초,선릉,17,65
20250513,서초,선릉,18,64
20250513,서초,선릉,19,27
20250513,서초,선릉,20,16
20250513,서초,선릉,21,18
20250513,서초,선릉,22,12
20250513,서초,선릉,23,5
20250513,서초,성수,5,2
20250513,서초,성수,6,7
20250513,서초,성수,7,15
20250513,서초,성수,8,19
20250513,서초,성수,9,11
20250513,서초,성수,10,11
20250513,서초,성수,11,7
20250513,서초,성수,12,11
20250513,서초,성수,13,14
20250513,서초,성수,14,14
20250513,서초,성수,15,7
20250513,서초,성수,16,13
20250513,서초,성수,17,10
20250513,서초,성수,18,23
20250513,서초,성수,19,5
20250513,서초,성수,20,2
20250513,서초,성수,21,1
20250513,서초,성수,22,1
20250513,서초,시청,7,1
20250513,서초,시청,8,2
20250513,서초,시청,9,3
20250513,서초,시청,10,3
20250513,서초,시청,11,3
20250513,서초,시청,12,1
20250513,서초,시청,13,3
20250513,서초,시청,14,2
20250513,서초,시청,16,3
20250513,서초,시청,18,1
20250513,서초,신당,7,1
20250513,서초,신당,9,2
20250513,서초,신당,11,1
20250513,서초,신당,13,1
20250513,서초,신당,15,2
20250513,서초,신당,17,1
20250513,서초,신당,18,3
20250513,서초,신당,19,1
20250513,서초,신당,20,2
20250513,서초,신당,21,1
20250513,서초,신당,23,1
20250513,서초,신대방,0,1
20250513,서초,신대방,5,1
20250513,서초,신대방,6,3
20250513,서초,신대방,7,8
20250513,서초,신대방,8,6
20250513,서초,신대방,9,12
20250513,서초,신대방,10,8
20250513,서초,신대방,11,8
20250513,서초,신대방,12,11
20250513,서초,신대방,13,9
20250513,서초,신대방,14,20
20250513,서초,신대방,15,34
20250513,서초,신대방,16,34
20250513,서초,신대방,17,43
20250513,서초,신대방,18,65
20250513,서초,신대방,19,32
20250513,서초,신대방,20,26
20250513,서초,신대방,21,40
20250513,서초,신대방,22,12
20250513,서초,신대방,23,9
20250513,서초,신도림,0,2
20250513,서초,신도림,5,2
20250513,서초,신도림,6,2
20250513,서초,신도림,7,9
20250513,서초,신도림,8,3
20250513,서초,신도림,9,10
20250513,서초,신도림,10,6
20250513,서초,신도림,11,7
20250513,서초,신도림,12,11
20250513,서초,신도림,13,9
20250513,서초,신도림,14,17
20250513,서초,신도림,15,33
20250513,서초,신도림,16,44
20250513,서초,신도림,17,61
20250513,서초,신도림,18,84
20250513,서초,신도림,19,42
20250513,서초,신도림,20,22
20250513,서초,신도림,21,29
20250513,서초,신도림,22,24
20250513,서초,신도림,23,13
20250513,서초,신림,0,6
20250513,서초,신림,5,4
20250513,서초,신림,6,9
20250513,서초,신림,7,15
20250513,서초,신림,8,17
20250513,서초,신림,9,15
20250513,서초,신림,10,12
20250513,서초,신림,11,16
20250513,서초,신림,12,24
20250513,서초,신림,13,26
20250513,서초,신림,14,43
20250513,서초,신림,15,98
20250513,서초,신림,16,76
20250513,서초,신림,17,129
20250513,서초,신림,18,185
20250513,서초,신림,19,97
20250513,서초,신림,20,73
20250513,서초,신림,21,77
20250513,서초,신림,22,54
20250513,서초,신림,23,16
20250513,서초,신촌,7,4
20250513,서초,신촌,8,2
20250513,서초,신촌,9,7
20250513,서초,신촌,10,8
20250513,서초,신촌,11,4
20250513,서초,신촌,12,7
20250513,서초,신촌,13,6
20250513,서초,신촌,14,2
20250513,서초,신촌,15,4
20250513,서초,신촌,16,11
20250513,서초,신촌,17,13
20250513,서초,신촌,18,22
20250513,서초,신촌,19,5
20250513,서초,신촌,20,4
20250513,서초,신촌,21,3
20250513,서초,신촌,22,3
20250513,서초,신촌,23,2
20250513,서초,아현,15,1
20250513,서초,아현,16,4
20250513,서초,아현,17,4
20250513,서초,아현,18,2
20250513,서초,아현,19,1
20250513,서초,아현,21,3
20250513,서초,역삼,0,1
20250513,서초,역삼,6,24
20250513,서초,역삼,7,79
20250513,서초,역삼,8,130
20250513,서초,역삼,9,130
20250513,서초,역삼,10,71
20250513,서초,역삼,11,42
20250513,서초,역삼,12,25
20250513,서초,역삼,13,48
20250513,서초,역삼,14,25
20250513,서초,역삼,15,44
20250513,서초,역삼,16,31
20250513,서초,역삼,17,44
20250513,서초,역삼,18,48
20250513,서초,역삼,19,25
20250513,서초,역삼,20,18
20250513,서초,역삼,21,19
20250513,서초,역삼,22,6
20250513,서초,역삼,23,3
20250513,서초,영등포구청,5,1
20250513,서초,영등포구청,6,3
20250513,서초,영등포구청,7,1
20250513,서초,영등포구청,8,11
20250513,서초,영등포구청,9,8
20250513,서초,영등포구청,10,3
20250513,서초,영등포구청,11,2
20250513,서초,영등포구청,12,4
20250513,서초,영등포구청,13,4
20250513,서초,영등포구청,14,5
20250513,서초,영등포구청,15,9
20250513,서초,영등포구청,16,8
20250513,서초,영등포구청,17,24
20250513,서초,영등포구청,18,23
20250513,서초,영등포구청,19,10
20250513,서초,영등포구청,20,2
20250513,서초,영등포구청,21,4
20250513,서초,영등포구청,22,3
20250513,서초,영등포구청,23,1
20250513,서초,왕십리(성동구청),6,1
20250513,서초,왕십리(성동구청),8,1
20250513,서초,왕십리(성동구청),9,1
20250513,서초,왕십리(성동구청),10,1
20250513,서초,왕십리(성동구청),13,1
20250513,서초,왕십리(성동구청),14,2
20250513,서초,왕십리(성동구청),15,6
20250513,서초,왕십리(성동구청),17,2
20250513,서초,왕십리(성동구청),18,6
20250513,서초,왕십리(성동구청),19,6
20250513,서초,왕십리(성동구청),21,1
20250513,서초,왕십리(성동구청),22,1
20250513,서초,용두(동대문구청),9,1
20250513,서초,용두(동대문구청),12,2
20250513,서초,용두(동대문구청),16,3
20250513,서초,용두(동대문구청),17,2
20250513,서초,용두(동대문구청),18,3
20250513,서초,용두(동대문구청),20,1
20250513,서초,용두(동대문구청),21,2
20250513,서초,을지로3가,6,1
20250513,서초,을지로3가,7,1
20250513,서초,을지로3가,12,2
20250513,서초,을지로3가,14,1
20250513,서초,을지로3가,15,1
20250513,서초,을지로3가,17,1
20250513,서초,을지로4가,0,1
20250513,서초,을지로4가,7,1
20250513,서초,을지로4가,12,3
20250513,서초,을지로4가,14,1
20250513,서초,을지로4가,15,2
20250513,서초,을지로4가,16,2
20250513,서초,을지로4가,17,1
20250513,서초,을지로입구,6,1
20250513,서초,을지로입구,7,6
20250513,서초,을지로입구,8,2
20250513,서초,을지로입구,9,2
20250513,서초,을지로입구,10,2
20250513,서초,을지로입구,13,2
20250513,서초,을지로입구,14,3
20250513,서초,을지로입구,17,3
20250513,서초,을지로입구,18,1
20250513,서초,을지로입구,20,1
20250513,서초,이대,7,3
20250513,서초,이대,8,8
20250513,서초,이대,9,5
20250513,서초,이대,10,1
20250513,서초,이대,11,8
20250513,서초,이대,12,3
20250513,서초,이대,13,2
20250513,서초,이대,14,2
20250513,서초,이대,15,3
20250513,서초,이대,16,7
20250513,서초,이대,17,8
20250513,서초,이대,18,7
20250513,서초,이대,19,1
20250513,서초,이대,20,3
20250513,서초,이대,21,3
20250513,서초,이대,22,3
20250513,서초,잠실(송파구청),0,3
20250513,서초,잠실(송파구청),5,2
20250513,서초,잠실(송파구청),6,32
20250513,서초,잠실(송파구청),7,71
20250513,서초,잠실(송파구청),8,94
20250513,서초,잠실(송파구청),9,54
20250513,서초,잠실(송파구청),10,35
20250513,서초,잠실(송파구청),11,48
20250513,서초,잠실(송파구청),12,41
20250513,서초,잠실(송파구청),13,51
20250513,서초,잠실(송파구청),14,36
20250513,서초,잠실(송파구청),15,53
20250513,서초,잠실(송파구청),16,91
20250513,서초,잠실(송파구청),17,152
20250513,서초,잠실(송파구청),18,206
20250513,서초,잠실(송파구청),19,67
20250513,서초,잠실(송파구청),20,46
20250513,서초,잠실(송파구청),21,60
20250513,서초,잠실(송파구청),22,29
20250513,서초,잠실(송파구청),23,6
20250513,서초,잠실나루,5,3
20250513,서초,잠실나루,6,5
20250513,서초,잠실나루,7,7
20250513,서초,잠실나루,8,5
20250513,서초,잠실나루,9,5
20250513,서초,잠실나루,10,3
20250513,서초,잠실나루,11,3
20250513,서초,잠실나루,12,12
20250513,서초,잠실나루,13,12
20250513,서초,잠실나루,14,10
20250513,서초,잠실나루,15,11
20250513,서초,잠실나루,16,11
20250513,서초,잠실나루,17,27
20250513,서초,잠실나루,18,18
20250513,서초,잠실나루,19,9
20250513,서초,잠실나루,20,6
20250513,서초,잠실나루,21,5
20250513,서초,잠실나루,22,4
20250513,서초,잠실나루,23,1
20250513,서초,잠실새내,0,1
20250513,서초,잠실새내,6,3
20250513,서초,잠실새내,7,4
20250513,서초,잠실새내,8,10
20250513,서초,잠실새내,9,11
20250513,서초,잠실새내,10,11
20250513,서초,잠실새내,11,14
20250513,서초,잠실새내,12,19
20250513,서초,잠실새내,13,14
20250513,서초,잠실새내,14,27
20250513,서초,잠실새내,15,34
20250513,서초,잠실새내,16,25
20250513,서초,잠실새내,17,43
20250513,서초,잠실새내,18,49
20250513,서초,잠실새내,19,23
20250513,서초,잠실새내,20,14
20250513,서초,잠실새내,21,12
20250513,서초,잠실새내,22,10
20250513,서초,잠실새내,23,1
20250513,서초,종합운동장,0,1
20250513,서초,종합운동장,5,1
20250513,서초,종합운동장,6,6
20250513,서초,종합운동장,7,3
20250513,서초,종합운동장,8,6
20250513,서초,종합운동장,9,6
20250513,서초,종합운동장,10,3
20250513,서초,종합운동장,11,4
20250513,서초,종합운동장,12,5
20250513,서초,종합운동장,13,5
20250513,서초,종합운동장,14,8
20250513,서초,종합운동장,15,11
20250513,서초,종합운동장,16,18
20250513,서초,종합운동장,17,66
20250513,서초,종합운동장,18,81
20250513,서초,종합운동장,19,15
20250513,서초,종합운동장,20,6
20250513,서초,종합운동장,21,10
20250513,서초,종합운동장,22,5
20250513,서초,종합운동장,23,2
20250513,서초,충정로(경기대입구),7,1
20250513,서초,충정로(경기대입구),8,1
20250513,서초,충정로(경기대입구),14,1
20250513,서초,충정로(경기대입구),15,1
20250513,서초,충정로(경기대입구),17,1
20250513,서초,충정로(경기대입구),18,1
20250513,서초,충정로(경기대입구),20,1
20250513,서초,한양대,0,1
20250513,서초,한양대,6,2
20250513,서초,한양대,7,6
20250513,서초,한양대,8,9
20250513,서초,한양대,9,13
20250513,서초,한양대,10,7
20250513,서초,한양대,11,4
20250513,서초,한양대,12,6
20250513,서초,한양대,13,4
20250513,서초,한양대,14,5
20250513,서초,한양대,15,6
20250513,서초,한양대,16,1
20250513,서초,한양대,17,8
20250513,서초,한양대,18,3
20250513,서초,한양대,19,5
20250513,서초,한양대,21,1
20250513,서초,한양대,22,1
20250513,서초,합정,0,1
20250513,서초,합정,6,3
20250513,서초,합정,7,5
20250513,서초,합정,8,4
20250513,서초,합정,9,2
20250513,서초,합정,10,3
20250513,서초,합정,11,2
20250513,서초,합정,12,4
20250513,서초,합정,13,8
20250513,서초,합정,14,7
20250513,서초,합정,15,11
20250513,서초,합정,16,10
20250513,서초,합정,17,13
20250513,서초,합정,18,29
20250513,서초,합정,19,10
20250513,서초,합정,20,3
20250513,서초,합정,21,7
20250513,서초,합정,22,3
20250513,서초,합정,23,1
20250513,서초,홍대입구,0,2
20250513,서초,홍대입구,7,5
20250513,서초,홍대입구,8,5
20250513,서초,홍대입구,9,6
20250513,서초,홍대입구,10,4
20250513,서초,홍대입구,11,13
20250513,서초,홍대입구,12,9
20250513,서초,홍대입구,13,5
20250513,서초,홍대입구,14,10
20250513,서초,홍대입구,15,16
20250513,서초,홍대입구,16,14
20250513,서초,홍대입구,17,39
20250513,서초,홍대입구,18,26
20250513,서초,홍대입구,19,16
20250513,서초,홍대입구,20,5
20250513,서초,홍대입구,21,5
20250513,서초,홍대입구,22,9
20250513,서초,홍대입구,23,2
20250513,선릉,강남,0,8
20250513,선릉,강남,5,10
20250513,선릉,강남,6,35
20250513,선릉,강남,7,83
20250513,선릉,강남,8,149
20250513,선릉,강남,9,182
20250513,선릉,강남,10,136
20250513,선릉,강남,11,168
20250513,선릉,강남,12,178
20250513,선릉,강남,13,195
20250513,선릉,강남,14,209
20250513,선릉,강남,15,244
20250513,선릉,강남,16,317
20250513,선릉,강남,17,446
20250513,선릉,강남,18,617
20250513,선릉,강남,19,325
20250513,선릉,강남,20,168
20250513,선릉,강남,21,173
20250513,선릉,강남,22,92
20250513,선릉,강남,23,47
20250513,선릉,강변(동서울터미널),0,5
20250513,선릉,강변(동서울터미널),5,4
20250513,선릉,강변(동서울터미널),6,15
20250513,선릉,강변(동서울터미널),7,7
20250513,선릉,강변(동서울터미널),8,7
20250513,선릉,강변(동서울터미널),9,7
20250513,선릉,강변(동서울터미널),10,10
20250513,선릉,강변(동서울터미널),11,27
20250513,선릉,강변(동서울터미널),12,23
20250513,선릉,강변(동서울터미널),13,34
20250513,선릉,강변(동서울터미널),14,47
20250513,선릉,강변(동서울터미널),15,47
20250513,선릉,강변(동서울터미널),16,64
20250513,선릉,강변(동서울터미널),17,105
20250513,선릉,강변(동서울터미널),18,160
20250513,선릉,강변(동서울터미널),19,71
20250513,선릉,강변(동서울터미널),20,66
20250513,선릉,강변(동서울터미널),21,62
20250513,선릉,강변(동서울터미널),22,51
20250513,선릉,강변(동서울터미널),23,23
20250513,선릉,건대입구,5,1
20250513,선릉,건대입구,6,5
20250513,선릉,건대입구,7,5
20250513,선릉,건대입구,8,15
20250513,선릉,건대입구,9,9
20250513,선릉,건대입구,10,15
20250513,선릉,건대입구,11,24
20250513,선릉,건대입구,12,17
20250513,선릉,건대입구,13,26
20250513,선릉,건대입구,14,34
20250513,선릉,건대입구,15,30
20250513,선릉,건대입구,16,32
20250513,선릉,건대입구,17,105
20250513,선릉,건대입구,18,136
20250513,선릉,건대입구,19,77
20250513,선릉,건대입구,20,41
20250513,선릉,건대입구,21,48
20250513,선릉,건대입구,22,39
20250513,선릉,건대입구,23,17
20250513,선릉,교대(법원.검찰청),0,4
20250513,선릉,교대(법원.검찰청),5,2
20250513,선릉,교대(법원.검찰청),6,13
20250513,선릉,교대(법원.검찰청),7,26
20250513,선릉,교대(법원.검찰청),8,60
20250513,선릉,교대(법원.검찰청),9,75
20250513,선릉,교대(법원.검찰청),10,64
20250513,선릉,교대(법원.검찰청),11,79
20250513,선릉,교대(법원.검찰청),12,74
20250513,선릉,교대(법원.검찰청),13,86
20250513,선릉,교대(법원.검찰청),14,91
20250513,선릉,교대(법원.검찰청),15,92
20250513,선릉,교대(법원.검찰청),16,102
20250513,선릉,교대(법원.검찰청),17,110
20250513,선릉,교대(법원.검찰청),18,151
20250513,선릉,교대(법원.검찰청),19,67
20250513,선릉,교대(법원.검찰청),20,41
20250513,선릉,교대(법원.검찰청),21,61
20250513,선릉,교대(법원.검찰청),22,32
20250513,선릉,교대(법원.검찰청),23,21
20250513,선릉,구로디지털단지,0,7
20250513,선릉,구로디지털단지,5,4
20250513,선릉,구로디지털단지,6,10
20250513,선릉,구로디지털단지,7,24
20250513,선릉,구로디지털단지,8,48
20250513,선릉,구로디지털단지,9,28
20250513,선릉,구로디지털단지,10,34
20250513,선릉,구로디지털단지,11,23
20250513,선릉,구로디지털단지,12,39
20250513,선릉,구로디지털단지,13,67
20250513,선릉,구로디지털단지,14,67
20250513,선릉,구로디지털단지,15,132
20250513,선릉,구로디지털단지,16,104
20250513,선릉,구로디지털단지,17,167
20250513,선릉,구로디지털단지,18,307
20250513,선릉,구로디지털단지,19,175
20250513,선릉,구로디지털단지,20,106
20250513,선릉,구로디지털단지,21,106
20250513,선릉,구로디지털단지,22,93
20250513,선릉,구로디지털단지,23,23
20250513,선릉,구의(광진구청),0,5
20250513,선릉,구의(광진구청),5,2
20250513,선릉,구의(광진구청),6,3
20250513,선릉,구의(광진구청),7,6
20250513,선릉,구의(광진구청),8,15
20250513,선릉,구의(광진구청),9,9
20250513,선릉,구의(광진구청),10,10
20250513,선릉,구의(광진구청),11,13
20250513,선릉,구의(광진구청),12,17
20250513,선릉,구의(광진구청),13,35
20250513,선릉,구의(광진구청),14,45
20250513,선릉,구의(광진구청),15,49
20250513,선릉,구의(광진구청),16,65
20250513,선릉,구의(광진구청),17,124
20250513,선릉,구의(광진구청),18,206
20250513,선릉,구의(광진구청),19,93
20250513,선릉,구의(광진구청),20,84
20250513,선릉,구의(광진구청),21,76
20250513,선릉,구의(광진구청),22,55
20250513,선릉,구의(광진구청),23,29
20250513,선릉,낙성대,0,8
20250513,선릉,낙성대,5,3
20250513,선릉,낙성대,6,9
20250513,선릉,낙성대,7,15
20250513,선릉,낙성대,8,17
20250513,선릉,낙성대,9,15
20250513,선릉,낙성대,10,23
20250513,선릉,낙성대,11,28
20250513,선릉,낙성대,12,24
20250513,선릉,낙성대,13,31
20250513,선릉,낙성대,14,44
20250513,선릉,낙성대,15,51
20250513,선릉,낙성대,16,61
20250513,선릉,낙성대,17,127
20250513,선릉,낙성대,18,251
20250513,선릉,낙성대,19,138
20250513,선릉,낙성대,20,91
20250513,선릉,낙성대,21,95
20250513,선릉,낙성대,22,80
20250513,선릉,낙성대,23,26
20250513,선릉,당산,0,1
20250513,선릉,당산,6,2
20250513,선릉,당산,7,5
20250513,선릉,당산,9,3
20250513,선릉,당산,10,4
20250513,선릉,당산,11,5
20250513,선릉,당산,12,5
20250513,선릉,당산,13,5
20250513,선릉,당산,14,6
20250513,선릉,당산,15,7
20250513,선릉,당산,16,20
20250513,선릉,당산,17,28
20250513,선릉,당산,18,36
20250513,선릉,당산,19,25
20250513,선릉,당산,20,22
20250513,선릉,당산,21,11
20250513,선릉,당산,22,14
20250513,선릉,당산,23,3
20250513,선릉,대림(구로구청),5,2
20250513,선릉,대림(구로구청),6,3
20250513,선릉,대림(구로구청),7,9
20250513,선릉,대림(구로구청),8,17
20250513,선릉,대림(구로구청),9,5
20250513,선릉,대림(구로구청),10,6
20250513,선릉,대림(구로구청),11,4
20250513,선릉,대림(구로구청),12,12
20250513,선릉,대림(구로구청),13,22
20250513,선릉,대림(구로구청),14,43
20250513,선릉,대림(구로구청),15,52
20250513,선릉,대림(구로구청),16,47
20250513,선릉,대림(구로구청),17,64
20250513,선릉,대림(구로구청),18,70
20250513,선릉,대림(구로구청),19,43
20250513,선릉,대림(구로구청),20,56
20250513,선릉,대림(구로구청),21,72
20250513,선릉,대림(구로구청),22,46
20250513,선릉,대림(구로구청),23,10
20250513,선릉,동대문역사문화공원,7,4
20250513,선릉,동대문역사문화공원,8,3
20250513,선릉,동대문역사문화공원,9,5
20250513,선릉,동대문역사문화공원,10,5
20250513,선릉,동대문역사문화공원,11,5
20250513,선릉,동대문역사문화공원,12,5
20250513,선릉,동대문역사문화공원,13,6
20250513,선릉,동대문역사문화공원,14,9
20250513,선릉,동대문역사문화공원,15,4
20250513,선릉,동대문역사문화공원,16,15
20250513,선릉,동대문역사문화공원,17,5
20250513,선릉,동대문역사문화공원,18,14
20250513,선릉,동대문역사문화공원,19,11
20250513,선릉,동대문역사문화공원,20,4
20250513,선릉,동대문역사문화공원,21,3
20250513,선릉,동대문역사문화공원,22,3
20250513,선릉,뚝섬,0,1
20250513,선릉,뚝섬,6,1
20250513,선릉,뚝섬,7,3
20250513,선릉,뚝섬,8,10
20250513,선릉,뚝섬,9,4
20250513,선릉,뚝섬,10,10
20250513,선릉,뚝섬,11,4
20250513,선릉,뚝섬,12,10
20250513,선릉,뚝섬,13,4
20250513,선릉,뚝섬,14,9
20250513,선릉,뚝섬,15,6
20250513,선릉,뚝섬,16,14
20250513,선릉,뚝섬,17,13
20250513,선릉,뚝섬,18,22
20250513,선릉,뚝섬,19,8
20250513,선릉,뚝섬,20,7
20250513,선릉,뚝섬,21,1
20250513,선릉,뚝섬,22,3
20250513,선릉,뚝섬,23,5
20250513,선릉,문래,0,3
20250513,선릉,문래,6,2
20250513,선릉,문래,7,9
20250513,선릉,문래,8,10
20250513,선릉,문래,9,6
20250513,선릉,문래,10,8
20250513,선릉,문래,11,3
20250513,선릉,문래,12,6
20250513,선릉,문래,13,19
20250513,선릉,문래,14,5
20250513,선릉,문래,15,14
20250513,선릉,문래,16,24
20250513,선릉,문래,17,48
20250513,선릉,문래,18,63
20250513,선릉,문래,19,22
20250513,선릉,문래,20,13
20250513,선릉,문래,21,20
20250513,선릉,문래,22,12
20250513,선릉,방배,0,1
20250513,선릉,방배,5,3
20250513,선릉,방배,6,5
20250513,선릉,방배,7,17
20250513,선릉,방배,8,29
20250513,선릉,방배,9,25
20250513,선릉,방배,10,22
20250513,선릉,방배,11,13
20250513,선릉,방배,12,23
20250513,선릉,방배,13,18
20250513,선릉,방배,14,21
20250513,선릉,방배,15,24
20250513,선릉,방배,16,32
20250513,선릉,방배,17,64
20250513,선릉,방배,18,80
20250513,선릉,방배,19,43
20250513,선릉,방배,20,42
20250513,선릉,방배,21,32
20250513,선릉,방배,22,34
20250513,선릉,방배,23,10
20250513,선릉,봉천,0,7
20250513,선릉,봉천,4,1
20250513,선릉,봉천,5,3
20250513,선릉,봉천,6,6
20250513,선릉,봉천,7,4
20250513,선릉,봉천,8,10
20250513,선릉,봉천,9,8
20250513,선릉,봉천,10,8
20250513,선릉,봉천,11,12
20250513,선릉,봉천,12,10
20250513,선릉,봉천,13,20
20250513,선릉,봉천,14,43
20250513,선릉,봉천,15,82
20250513,선릉,봉천,16,95
20250513,선릉,봉천,17,141
20250513,선릉,봉천,18,208
20250513,선릉,봉천,19,121
20250513,선릉,봉천,20,90
20250513,선릉,봉천,21,87
20250513,선릉,봉천,22,56
20250513,선릉,봉천,23,26
20250513,선릉,사당,0,12
20250513,선릉,사당,5,12
20250513,선릉,사당,6,15
20250513,선릉,사당,7,40
20250513,선릉,사당,8,27
20250513,선릉,사당,9,33
20250513,선릉,사당,10,36
20250513,선릉,사당,11,67
20250513,선릉,사당,12,69
20250513,선릉,사당,13,74
20250513,선릉,사당,14,88
20250513,선릉,사당,15,143
20250513,선릉,사당,16,195
20250513,선릉,사당,17,401
20250513,선릉,사당,18,562
20250513,선릉,사당,19,287
20250513,선릉,사당,20,191
20250513,선릉,사당,21,166
20250513,선릉,사당,22,128
20250513,선릉,사당,23,43
20250513,선릉,삼성(무역센터),5,4
20250513,선릉,삼성(무역센터),6,4
20250513,선릉,삼성(무역센터),7,29
20250513,선릉,삼성(무역센터),8,104
20250513,선릉,삼성(무역센터),9,90
20250513,선릉,삼성(무역센터),10,71
20250513,선릉,삼성(무역센터),11,97
20250513,선릉,삼성(무역센터),12,95
20250513,선릉,삼성(무역센터),13,85
20250513,선릉,삼성(무역센터),14,72
20250513,선릉,삼성(무역센터),15,70
20250513,선릉,삼성(무역센터),16,86
20250513,선릉,삼성(무역센터),17,85
20250513,선릉,삼성(무역센터),18,113
20250513,선릉,삼성(무역센터),19,38
20250513,선릉,삼성(무역센터),20,28
20250513,선릉,삼성(무역센터),21,16
20250513,선릉,삼성(무역센터),22,8
20250513,선릉,삼성(무역센터),23,3
20250513,선릉,상왕십리,5,2
20250513,선릉,상왕십리,6,1
20250513,선릉,상왕십리,7,1
20250513,선릉,상왕십리,8,2
20250513,선릉,상왕십리,10,3
20250513,선릉,상왕십리,11,5
20250513,선릉,상왕십리,12,3
20250513,선릉,상왕십리,13,5
20250513,선릉,상왕십리,14,6
20250513,선릉,상왕십리,15,7
20250513,선릉,상왕십리,16,15
20250513,선릉,상왕십리,17,22
20250513,선릉,상왕십리,18,35
20250513,선릉,상왕십리,19,19
20250513,선릉,상왕십리,20,11
20250513,선릉,상왕십리,21,15
20250513,선릉,상왕십리,22,10
20250513,선릉,상왕십리,23,9
20250513,선릉,서울대입구(관악구청),0,17
20250513,선릉,서울대입구(관악구청),5,5
20250513,선릉,서울대입구(관악구청),6,11
20250513,선릉,서울대입구(관악구청),7,14
20250513,선릉,서울대입구(관악구청),8,50
20250513,선릉,서울대입구(관악구청),9,38
20250513,선릉,서울대입구(관악구청),10,42
20250513,선릉,서울대입구(관악구청),11,39
20250513,선릉,서울대입구(관악구청),12,41
20250513,선릉,서울대입구(관악구청),13,76
20250513,선릉,서울대입구(관악구청),14,90
20250513,선릉,서울대입구(관악구청),15,116
20250513,선릉,서울대입구(관악구청),16,151
20250513,선릉,서울대입구(관악구청),17,284
20250513,선릉,서울대입구(관악구청),18,440
20250513,선릉,서울대입구(관악구청),19,240
20250513,선릉,서울대입구(관악구청),20,149
20250513,선릉,서울대입구(관악구청),21,154
20250513,선릉,서울대입구(관악구청),22,106
20250513,선릉,서울대입구(관악구청),23,65
20250513,선릉,서초,0,2
20250513,선릉,서초,5,3
20250513,선릉,서초,6,9
20250513,선릉,서초,7,17
20250513,선릉,서초,8,56
20250513,선릉,서초,9,39
20250513,선릉,서초,10,36
20250513,선릉,서초,11,35
20250513,선릉,서초,12,31
20250513,선릉,서초,13,44
20250513,선릉,서초,14,45
20250513,선릉,서초,15,50
20250513,선릉,서초,16,47
20250513,선릉,서초,17,54
20250513,선릉,서초,18,72
20250513,선릉,서초,19,45
20250513,선릉,서초,20,31
20250513,선릉,서초,21,22
20250513,선릉,서초,22,22
20250513,선릉,서초,23,10
20250513,선릉,선릉,0,3
20250513,선릉,선릉,5,2
20250513,선릉,선릉,6,5
20250513,선릉,선릉,7,5
20250513,선릉,선릉,8,19
20250513,선릉,선릉,9,34
20250513,선릉,선릉,10,34
20250513,선릉,선릉,11,34
20250513,선릉,선릉,12,37
20250513,선릉,선릉,13,53
20250513,선릉,선릉,14,118
20250513,선릉,선릉,15,60
20250513,선릉,선릉,16,63
20250513,선릉,선릉,17,79
20250513,선릉,선릉,18,61
20250513,선릉,선릉,19,39
20250513,선릉,선릉,20,37
20250513,선릉,선릉,21,47
20250513,선릉,선릉,22,32
20250513,선릉,선릉,23,23
20250513,선릉,성수,5,1
20250513,선릉,성수,6,3
20250513,선릉,성수,7,11
20250513,선릉,성수,8,37
20250513,선릉,성수,9,19
20250513,선릉,성수,10,31
20250513,선릉,성수,11,24
20250513,선릉,성수,12,16
20250513,선릉,성수,13,14
20250513,선릉,성수,14,23
20250513,선릉,성수,15,26
20250513,선릉,성수,16,30
20250513,선릉,성수,17,47
20250513,선릉,성수,18,59
20250513,선릉,성수,19,31
20250513,선릉,성수,20,15
20250513,선릉,성수,21,7
20250513,선릉,성수,22,4
20250513,선릉,성수,23,1
20250513,선릉,시청,6,3
20250513,선릉,시청,7,12
20250513,선릉,시청,8,15
20250513,선릉,시청,9,8
20250513,선릉,시청,10,13
20250513,선릉,시청,11,15
20250513,선릉,시청,12,11
20250513,선릉,시청,13,11
20250513,선릉,시청,14,7
20250513,선릉,시청,15,9
20250513,선릉,시청,16,10
20250513,선릉,시청,17,14
20250513,선릉,시청,18,11
20250513,선릉,시청,19,1
20250513,선릉,시청,21,2
20250513,선릉,시청,22,1
20250513,선릉,시청,23,1
20250513,선릉,신당,0,1
20250513,선릉,신당,5,1
20250513,선릉,신당,6,2
20250513,선릉,신당,7,2
20250513,선릉,신당,9,3
20250513,선릉,신당,10,1
20250513,선릉,신당,11,5
20250513,선릉,신당,12,4
20250513,선릉,신당,13,5
20250513,선릉,신당,14,7
20250513,선릉,신당,15,6
20250513,선릉,신당,16,12
20250513,선릉,신당,17,26
20250513,선릉,신당,18,33
20250513,선릉,신당,19,10
20250513,선릉,신당,20,7
20250513,선릉,신당,21,11
20250513,선릉,신당,22,10
20250513,선릉,신당,23,4
20250513,선릉,신대방,0,5
20250513,선릉,신대방,5,3
20250513,선릉,신대방,6,8
20250513,선릉,신대방,7,11
20250513,선릉,신대방,8,6
20250513,선릉,신대방,9,8
20250513,선릉,신대방,10,11
20250513,선릉,신대방,11,5
20250513,선릉,신대방,12,15
20250513,선릉,신대방,13,21
20250513,선릉,신대방,14,27
20250513,선릉,신대방,15,32
20250513,선릉,신대방,16,58
20250513,선릉,신대방,17,103
20250513,선릉,신대방,18,161
20250513,선릉,신대방,19,91
20250513,선릉,신대방,20,68
20250513,선릉,신대방,21,74
20250513,선릉,신대방,22,54
20250513,선릉,신대방,23,20
20250513,선릉,신도림,0,9
20250513,선릉,신도림,5,1
20250513,선릉,신도림,6,4
20250513,선릉,신도림,7,18
20250513,선릉,신도림,8,10
20250513,선릉,신도림,9,4
20250513,선릉,신도림,10,12
20250513,선릉,신도림,11,11
20250513,선릉,신도림,12,17
20250513,선릉,신도림,13,16
20250513,선릉,신도림,14,25
20250513,선릉,신도림,15,51
20250513,선릉,신도림,16,51
20250513,선릉,신도림,17,124
20250513,선릉,신도림,18,208
20250513,선릉,신도림,19,95
20250513,선릉,신도림,20,46
20250513,선릉,신도림,21,58
20250513,선릉,신도림,22,52
20250513,선릉,신도림,23,21
20250513,선릉,신림,0,13
20250513,선릉,신림,5,11
20250513,선릉,신림,6,9
20250513,선릉,신림,7,12
20250513,선릉,신림,8,22
20250513,선릉,신림,9,11
20250513,선릉,신림,10,28
20250513,선릉,신림,11,23
20250513,선릉,신림,12,31
20250513,선릉,신림,13,39
20250513,선릉,신림,14,89
20250513,선릉,신림,15,110
20250513,선릉,신림,16,135
20250513,선릉,신림,17,233
20250513,선릉,신림,18,421
20250513,선릉,신림,19,276
20250513,선릉,신림,20,179
20250513,선릉,신림,21,171
20250513,선릉,신림,22,158
20250513,선릉,신림,23,54
20250513,선릉,신촌,6,3
20250513,선릉,신촌,7,6
20250513,선릉,신촌,8,10
20250513,선릉,신촌,9,3
20250513,선릉,신촌,10,8
20250513,선릉,신촌,11,7
20250513,선릉,신촌,12,10
20250513,선릉,신촌,13,4
20250513,선릉,신촌,14,9
20250513,선릉,신촌,15,9
20250513,선릉,신촌,16,12
20250513,선릉,신촌,17,43
20250513,선릉,신촌,18,32
20250513,선릉,신촌,19,17
20250513,선릉,신촌,20,5
20250513,선릉,신촌,21,10
20250513,선릉,신촌,22,4
20250513,선릉,신촌,23,1
20250513,선릉,아현,8,1
20250513,선릉,아현,9,2
20250513,선릉,아현,12,2
20250513,선릉,아현,13,2
20250513,선릉,아현,14,1
20250513,선릉,아현,15,5
20250513,선릉,아현,16,7
20250513,선릉,아현,17,10
20250513,선릉,아현,18,21
20250513,선릉,아현,19,9
20250513,선릉,아현,20,5
20250513,선릉,아현,21,4
20250513,선릉,아현,22,3
20250513,선릉,아현,23,2
20250513,선릉,역삼,0,4
20250513,선릉,역삼,5,2
20250513,선릉,역삼,6,13
20250513,선릉,역삼,7,39
20250513,선릉,역삼,8,69
20250513,선릉,역삼,9,113
20250513,선릉,역삼,10,83
20250513,선릉,역삼,11,113
20250513,선릉,역삼,12,123
20250513,선릉,역삼,13,177
20250513,선릉,역삼,14,130
20250513,선릉,역삼,15,142
20250513,선릉,역삼,16,138
20250513,선릉,역삼,17,121
20250513,선릉,역삼,18,139
20250513,선릉,역삼,19,76
20250513,선릉,역삼,20,55
20250513,선릉,역삼,21,45
20250513,선릉,역삼,22,30
20250513,선릉,역삼,23,14
20250513,선릉,영등포구청,0,1
20250513,선릉,영등포구청,6,2
20250513,선릉,영등포구청,7,8
20250513,선릉,영등포구청,8,6
20250513,선릉,영등포구청,9,6
20250513,선릉,영등포구청,10,5
20250513,선릉,영등포구청,11,4
20250513,선릉,영등포구청,12,5
20250513,선릉,영등포구청,13,8
20250513,선릉,영등포구청,14,8
20250513,선릉,영등포구청,15,16
20250513,선릉,영등포구청,16,11
20250513,선릉,영등포구청,17,31
20250513,선릉,영등포구청,18,55
20250513,선릉,영등포구청,19,19
20250513,선릉,영등포구청,20,13
20250513,선릉,영등포구청,21,16
20250513,선릉,영등포구청,22,13
20250513,선릉,영등포구청,23,2
20250513,선릉,왕십리(성동구청),0,1
20250513,선릉,왕십리(성동구청),7,2
20250513,선릉,왕십리(성동구청),8,3
20250513,선릉,왕십리(성동구청),9,1
20250513,선릉,왕십리(성동구청),10,2
20250513,선릉,왕십리(성동구청),12,1
20250513,선릉,왕십리(성동구청),13,1
20250513,선릉,왕십리(성동구청),14,4
20250513,선릉,왕십리(성동구청),15,8
20250513,선릉,왕십리(성동구청),16,3
20250513,선릉,왕십리(성동구청),17,10
20250513,선릉,왕십리(성동구청),18,19
20250513,선릉,왕십리(성동구청),19,8
20250513,선릉,왕십리(성동구청),20,7
20250513,선릉,왕십리(성동구청),21,10
20250513,선릉,왕십리(성동구청),22,3
20250513,선릉,왕십리(성동구청),23,2
20250513,선릉,용두(동대문구청),7,2
20250513,선릉,용두(동대문구청),8,1
20250513,선릉,용두(동대문구청),10,3
20250513,선릉,용두(동대문구청),11,1
20250513,선릉,용두(동대문구청),12,2
20250513,선릉,용두(동대문구청),13,4
20250513,선릉,용두(동대문구청),14,1
20250513,선릉,용두(동대문구청),15,10
20250513,선릉,용두(동대문구청),16,4
20250513,선릉,용두(동대문구청),17,3
20250513,선릉,용두(동대문구청),18,12
20250513,선릉,용두(동대문구청),19,7
20250513,선릉,용두(동대문구청),20,4
20250513,선릉,용두(동대문구청),21,5
20250513,선릉,용두(동대문구청),22,2
20250513,선릉,용두(동대문구청),23,1
20250513,선릉,을지로3가,7,12
20250513,선릉,을지로3가,8,5
20250513,선릉,을지로3가,9,8
20250513,선릉,을지로3가,10,7
20250513,선릉,을지로3가,11,4
20250513,선릉,을지로3가,12,5
20250513,선릉,을지로3가,13,7
20250513,선릉,을지로3가,14,2
20250513,선릉,을지로3가,15,5
20250513,선릉,을지로3가,16,8
20250513,선릉,을지로3가,17,10
20250513,선릉,을지로3가,18,15
20250513,선릉,을지로3가,19,1
20250513,선릉,을지로3가,20,1
20250513,선릉,을지로3가,21,2
20250513,선릉,을지로3가,22,1
20250513,선릉,을지로4가,6,1
20250513,선릉,을지로4가,7,7
20250513,선릉,을지로4가,8,4
20250513,선릉,을지로4가,9,1
20250513,선릉,을지로4가,10,6
20250513,선릉,을지로4가,11,10
20250513,선릉,을지로4가,12,3
20250513,선릉,을지로4가,13,11
20250513,선릉,을지로4가,14,5
20250513,선릉,을지로4가,15,6
20250513,선릉,을지로4가,16,8
20250513,선릉,을지로4가,17,10
20250513,선릉,을지로4가,18,10
20250513,선릉,을지로4가,19,6
20250513,선릉,을지로4가,20,4
20250513,선릉,을지로4가,21,4
20250513,선릉,을지로4가,22,2
20250513,선릉,을지로입구,6,5
20250513,선릉,을지로입구,7,20
20250513,선릉,을지로입구,8,16
20250513,선릉,을지로입구,9,9
20250513,선릉,을지로입구,10,13
20250513,선릉,을지로입구,11,6
20250513,선릉,을지로입구,12,13
20250513,선릉,을지로입구,13,15
20250513,선릉,을지로입구,14,22
20250513,선릉,을지로입구,15,18
20250513,선릉,을지로입구,16,14
20250513,선릉,을지로입구,17,25
20250513,선릉,을지로입구,18,14
20250513,선릉,을지로입구,19,6
20250513,선릉,을지로입구,20,1
20250513,선릉,을지로입구,21,1
20250513,선릉,을지로입구,22,1
20250513,선릉,이대,0,1
20250513,선릉,이대,7,4
20250513,선릉,이대,8,10
20250513,선릉,이대,9,5
20250513,선릉,이대,10,4
20250513,선릉,이대,11,3
20250513,선릉,이대,12,2
20250513,선릉,이대,13,5
20250513,선릉,이대,14,2
20250513,선릉,이대,15,8
20250513,선릉,이대,16,5
20250513,선릉,이대,17,18
20250513,선릉,이대,18,22
20250513,선릉,이대,19,12
20250513,선릉,이대,20,7
20250513,선릉,이대,21,5
20250513,선릉,이대,22,10
20250513,선릉,이대,23,2
20250513,선릉,잠실(송파구청),0,5
20250513,선릉,잠실(송파구청),5,7
20250513,선릉,잠실(송파구청),6,24
20250513,선릉,잠실(송파구청),7,53
20250513,선릉,잠실(송파구청),8,97
20250513,선릉,잠실(송파구청),9,75
20250513,선릉,잠실(송파구청),10,89
20250513,선릉,잠실(송파구청),11,109
20250513,선릉,잠실(송파구청),12,120
20250513,선릉,잠실(송파구청),13,115
20250513,선릉,잠실(송파구청),14,95
20250513,선릉,잠실(송파구청),15,180
20250513,선릉,잠실(송파구청),16,262
20250513,선릉,잠실(송파구청),17,493
20250513,선릉,잠실(송파구청),18,786
20250513,선릉,잠실(송파구청),19,387
20250513,선릉,잠실(송파구청),20,250
20250513,선릉,잠실(송파구청),21,178
20250513,선릉,잠실(송파구청),22,142
20250513,선릉,잠실(송파구청),23,37
20250513,선릉,잠실나루,0,4
20250513,선릉,잠실나루,5,4
20250513,선릉,잠실나루,6,7
20250513,선릉,잠실나루,7,9
20250513,선릉,잠실나루,8,11
20250513,선릉,잠실나루,9,11
20250513,선릉,잠실나루,10,9
20250513,선릉,잠실나루,11,11
20250513,선릉,잠실나루,12,14
20250513,선릉,잠실나루,13,16
20250513,선릉,잠실나루,14,15
20250513,선릉,잠실나루,15,19
20250513,선릉,잠실나루,16,36
20250513,선릉,잠실나루,17,33
20250513,선릉,잠실나루,18,69
20250513,선릉,잠실나루,19,32
20250513,선릉,잠실나루,20,26
20250513,선릉,잠실나루,21,32
20250513,선릉,잠실나루,22,19
20250513,선릉,잠실나루,23,9
20250513,선릉,잠실새내,0,3
20250513,선릉,잠실새내,5,2
20250513,선릉,잠실새내,7,10
20250513,선릉,잠실새내,8,15
20250513,선릉,잠실새내,9,14
20250513,선릉,잠실새내,10,26
20250513,선릉,잠실새내,11,37
20250513,선릉,잠실새내,12,35
20250513,선릉,잠실새내,13,43
20250513,선릉,잠실새내,14,40
20250513,선릉,잠실새내,15,58
20250513,선릉,잠실새내,16,89
20250513,선릉,잠실새내,17,140
20250513,선릉,잠실새내,18,184
20250513,선릉,잠실새내,19,67
20250513,선릉,잠실새내,20,49
20250513,선릉,잠실새내,21,68
20250513,선릉,잠실새내,22,43
20250513,선릉,잠실새내,23,15
20250513,선릉,종합운동장,0,1
20250513,선릉,종합운동장,5,2
20250513,선릉,종합운동장,6,8
20250513,선릉,종합운동장,7,5
20250513,선릉,종합운동장,8,6
20250513,선릉,종합운동장,9,7
20250513,선릉,종합운동장,10,8
20250513,선릉,종합운동장,11,14
20250513,선릉,종합운동장,12,10
20250513,선릉,종합운동장,13,8
20250513,선릉,종합운동장,14,24
20250513,선릉,종합운동장,15,23
20250513,선릉,종합운동장,16,42
20250513,선릉,종합운동장,17,150
20250513,선릉,종합운동장,18,203
20250513,선릉,종합운동장,19,54
20250513,선릉,종합운동장,20,30
20250513,선릉,종합운동장,21,23
20250513,선릉,종합운동장,22,20
20250513,선릉,종합운동장,23,5
20250513,선릉,충정로(경기대입구),7,2
20250513,선릉,충정로(경기대입구),8,2
20250513,선릉,충정로(경기대입구),9,4
20250513,선릉,충정로(경기대입구),10,1
20250513,선릉,충정로(경기대입구),11,3
20250513,선릉,충정로(경기대입구),12,1
20250513,선릉,충정로(경기대입구),13,1
20250513,선릉,충정로(경기대입구),14,1
20250513,선릉,충정로(경기대입구),15,4
20250513,선릉,충정로(경기대입구),16,2
20250513,선릉,충정로(경기대입구),17,10
20250513,선릉,충정로(경기대입구),18,10
20250513,선릉,충정로(경기대입구),19,6
20250513,선릉,충정로(경기대입구),20,6
20250513,선릉,충정로(경기대입구),21,5
20250513,선릉,한양대,7,4
20250513,선릉,한양대,8,7
20250513,선릉,한양대,9,7
20250513,선릉,한양대,10,8
20250513,선릉,한양대,11,3
20250513,선릉,한양대,12,7
20250513,선릉,한양대,13,8
20250513,선릉,한양대,14,5
20250513,선릉,한양대,15,2
20250513,선릉,한양대,16,2
20250513,선릉,한양대,17,6
20250513,선릉,한양대,18,7
20250513,선릉,한양대,19,5
20250513,선릉,한양대,20,4
20250513,선릉,한양대,21,2
20250513,선릉,한양대,22,2
20250513,선릉,합정,6,4
20250513,선릉,합정,7,4
20250513,선릉,합정,8,9
20250513,선릉,합정,9,2
20250513,선릉,합정,10,10
20250513,선릉,합정,11,6
20250513,선릉,합정,12,9
20250513,선릉,합정,13,9
20250513,선릉,합정,14,13
20250513,선릉,합정,15,10
20250513,선릉,합정,16,26
20250513,선릉,합정,17,37
20250513,선릉,합정,18,64
20250513,선릉,합정,19,30
20250513,선릉,합정,20,12
20250513,선릉,합정,21,12
20250513,선릉,합정,22,6
20250513,선릉,합정,23,3
20250513,선릉,홍대입구,0,2
20250513,선릉,홍대입구,5,1
20250513,선릉,홍대입구,6,1
20250513,선릉,홍대입구,7,9
20250513,선릉,홍대입구,8,19
20250513,선릉,홍대입구,9,11
20250513,선릉,홍대입구,10,6
20250513,선릉,홍대입구,11,25
20250513,선릉,홍대입구,12,19
20250513,선릉,홍대입구,13,17
20250513,선릉,홍대입구,14,19
20250513,선릉,홍대입구,15,30
20250513,선릉,홍대입구,16,28
20250513,선릉,홍대입구,17,57
20250513,선릉,홍대입구,18,70
20250513,선릉,홍대입구,19,31
20250513,선릉,홍대입구,20,25
20250513,선릉,홍대입구,21,23
20250513,선릉,홍대입구,22,17
20250513,선릉,홍대입구,23,6
20250513,성수,강남,0,5
20250513,성수,강남,5,9
20250513,성수,강남,6,6
20250513,성수,강남,7,30
20250513,성수,강남,8,40
20250513,성수,강남,9,41
20250513,성수,강남,10,22
20250513,성수,강남,11,16
20250513,성수,강남,12,37
20250513,성수,강남,13,49
20250513,성수,강남,14,48
20250513,성수,강남,15,51
20250513,성수,강남,16,89
20250513,성수,강남,17,124
20250513,성수,강남,18,164
20250513,성수,강남,19,103
20250513,성수,강남,20,87
20250513,성수,강남,21,50
20250513,성수,강남,22,32
20250513,성수,강남,23,10
20250513,성수,강변(동서울터미널),0,2
20250513,성수,강변(동서울터미널),5,3
20250513,성수,강변(동서울터미널),6,11
20250513,성수,강변(동서울터미널),7,16
20250513,성수,강변(동서울터미널),8,22
20250513,성수,강변(동서울터미널),9,18
20250513,성수,강변(동서울터미널),10,17
20250513,성수,강변(동서울터미널),11,15
20250513,성수,강변(동서울터미널),12,28
20250513,성수,강변(동서울터미널),13,31
20250513,성수,강변(동서울터미널),14,41
20250513,성수,강변(동서울터미널),15,57
20250513,성수,강변(동서울터미널),16,72
20250513,성수,강변(동서울터미널),17,131
20250513,성수,강변(동서울터미널),18,289
20250513,성수,강변(동서울터미널),19,112
20250513,성수,강변(동서울터미널),20,114
20250513,성수,강변(동서울터미널),21,89
20250513,성수,강변(동서울터미널),22,60
20250513,성수,강변(동서울터미널),23,19
20250513,성수,건대입구,0,3
20250513,성수,건대입구,5,4
20250513,성수,건대입구,6,13
20250513,성수,건대입구,7,15
20250513,성수,건대입구,8,27
20250513,성수,건대입구,9,20
20250513,성수,건대입구,10,37
20250513,성수,건대입구,11,44
20250513,성수,건대입구,12,54
20250513,성수,건대입구,13,54
20250513,성수,건대입구,14,73
20250513,성수,건대입구,15,63
20250513,성수,건대입구,16,105
20250513,성수,건대입구,17,148
20250513,성수,건대입구,18,282
20250513,성수,건대입구,19,156
20250513,성수,건대입구,20,125
20250513,성수,건대입구,21,93
20250513,성수,건대입구,22,62
20250513,성수,건대입구,23,17
20250513,성수,교대(법원.검찰청),5,2
20250513,성수,교대(법원.검찰청),6,4
20250513,성수,교대(법원.검찰청),7,17
20250513,성수,교대(법원.검찰청),8,15
20250513,성수,교대(법원.검찰청),9,8
20250513,성수,교대(법원.검찰청),10,9
20250513,성수,교대(법원.검찰청),11,6
20250513,성수,교대(법원.검찰청),12,13
20250513,성수,교대(법원.검찰청),13,7
20250513,성수,교대(법원.검찰청),14,13
20250513,성수,교대(법원.검찰청),15,5
20250513,성수,교대(법원.검찰청),16,18
20250513,성수,교대(법원.검찰청),17,20
20250513,성수,교대(법원.검찰청),18,26
20250513,성수,교대(법원.검찰청),19,17
20250513,성수,교대(법원.검찰청),20,7
20250513,성수,교대(법원.검찰청),21,6
20250513,성수,교대(법원.검찰청),22,4
20250513,성수,교대(법원.검찰청),23,2
20250513,성수,구로디지털단지,0,2
20250513,성수,구로디지털단지,6,6
20250513,성수,구로디지털단지,7,11
20250513,성수,구로디지털단지,8,8
20250513,성수,구로디지털단지,9,3
20250513,성수,구로디지털단지,10,1
20250513,성수,구로디지털단지,11,7
20250513,성수,구로디지털단지,12,10
20250513,성수,구로디지털단지,13,6
20250513,성수,구로디지털단지,14,10
20250513,성수,구로디지털단지,15,11
20250513,성수,구로디지털단지,16,24
20250513,성수,구로디지털단지,17,50
20250513,성수,구로디지털단지,18,75
20250513,성수,구로디지털단지,19,49
20250513,성수,구로디지털단지,20,39
20250513,성수,구로디지털단지,21,18
20250513,성수,구로디지털단지,22,22
20250513,성수,구로디지털단지,23,11
20250513,성수,구의(광진구청),0,6
20250513,성수,구의(광진구청),5,1
20250513,성수,구의(광진구청),6,14
20250513,성수,구의(광진구청),7,12
20250513,성수,구의(광진구청),8,24
20250513,성수,구의(광진구청),9,28
20250513,성수,구의(광진구청),10,26
20250513,성수,구의(광진구청),11,33
20250513,성수,구의(광진구청),12,30
20250513,성수,구의(광진구청),13,36
20250513,성수,구의(광진구청),14,59
20250513,성수,구의(광진구청),15,60
20250513,성수,구의(광진구청),16,63
20250513,성수,구의(광진구청),17,126
20250513,성수,구의(광진구청),18,275
20250513,성수,구의(광진구청),19,132
20250513,성수,구의(광진구청),20,101
20250513,성수,구의(광진구청),21,94
20250513,성수,구의(광진구청),22,79
20250513,성수,구의(광진구청),23,30
20250513,성수,낙성대,7,1
20250513,성수,낙성대,8,6
20250513,성수,낙성대,10,3
20250513,성수,낙성대,12,2
20250513,성수,낙성대,13,1
20250513,성수,낙성대,14,2
20250513,성수,낙성대,15,13
20250513,성수,낙성대,16,11
20250513,성수,낙성대,17,21
20250513,성수,낙성대,18,54
20250513,성수,낙성대,19,29
20250513,성수,낙성대,20,24
20250513,성수,낙성대,21,26
20250513,성수,낙성대,22,17
20250513,성수,낙성대,23,8
20250513,성수,당산,0,4
20250513,성수,당산,5,3
20250513,성수,당산,7,7
20250513,성수,당산,8,5
20250513,성수,당산,9,2
20250513,성수,당산,10,3
20250513,성수,당산,11,2
20250513,성수,당산,12,4
20250513,성수,당산,13,7
20250513,성수,당산,14,7
20250513,성수,당산,15,10
20250513,성수,당산,16,24
20250513,성수,당산,17,42
20250513,성수,당산,18,77
20250513,성수,당산,19,53
20250513,성수,당산,20,29
20250513,성수,당산,21,25
20250513,성수,당산,22,14
20250513,성수,당산,23,3
20250513,성수,대림(구로구청),6,3
20250513,성수,대림(구로구청),7,1
20250513,성수,대림(구로구청),8,2
20250513,성수,대림(구로구청),10,5
20250513,성수,대림(구로구청),11,6
20250513,성수,대림(구로구청),12,4
20250513,성수,대림(구로구청),13,3
20250513,성수,대림(구로구청),14,3
20250513,성수,대림(구로구청),15,5
20250513,성수,대림(구로구청),16,22
20250513,성수,대림(구로구청),17,27
20250513,성수,대림(구로구청),18,26
20250513,성수,대림(구로구청),19,9
20250513,성수,대림(구로구청),20,9
20250513,성수,대림(구로구청),21,6
20250513,성수,대림(구로구청),22,8
20250513,성수,대림(구로구청),23,1
20250513,성수,동대문역사문화공원,0,2
20250513,성수,동대문역사문화공원,4,1
20250513,성수,동대문역사문화공원,5,1
20250513,성수,동대문역사문화공원,6,2
20250513,성수,동대문역사문화공원,7,20
20250513,성수,동대문역사문화공원,8,30
20250513,성수,동대문역사문화공원,9,17
20250513,성수,동대문역사문화공원,10,19
20250513,성수,동대문역사문화공원,11,21
20250513,성수,동대문역사문화공원,12,30
20250513,성수,동대문역사문화공원,13,45
20250513,성수,동대문역사문화공원,14,55
20250513,성수,동대문역사문화공원,15,47
20250513,성수,동대문역사문화공원,16,73
20250513,성수,동대문역사문화공원,17,58
20250513,성수,동대문역사문화공원,18,94
20250513,성수,동대문역사문화공원,19,82
20250513,성수,동대문역사문화공원,20,47
20250513,성수,동대문역사문화공원,21,49
20250513,성수,동대문역사문화공원,22,21
20250513,성수,동대문역사문화공원,23,7
20250513,성수,뚝섬,0,2
20250513,성수,뚝섬,5,3
20250513,성수,뚝섬,6,2
20250513,성수,뚝섬,7,6
20250513,성수,뚝섬,8,9
20250513,성수,뚝섬,9,8
20250513,성수,뚝섬,10,16
20250513,성수,뚝섬,11,29
20250513,성수,뚝섬,12,38
20250513,성수,뚝섬,13,43
20250513,성수,뚝섬,14,54
20250513,성수,뚝섬,15,44
20250513,성수,뚝섬,16,62
20250513,성수,뚝섬,17,54
20250513,성수,뚝섬,18,59
20250513,성수,뚝섬,19,40
20250513,성수,뚝섬,20,18
20250513,성수,뚝섬,21,13
20250513,성수,뚝섬,22,7
20250513,성수,뚝섬,23,8
20250513,성수,문래,5,1
20250513,성수,문래,6,2
20250513,성수,문래,7,6
20250513,성수,문래,8,3
20250513,성수,문래,9,4
20250513,성수,문래,11,1
20250513,성수,문래,12,5
20250513,성수,문래,13,4
20250513,성수,문래,14,7
20250513,성수,문래,15,3
20250513,성수,문래,16,4
20250513,성수,문래,17,18
20250513,성수,문래,18,22
20250513,성수,문래,19,19
20250513,성수,문래,20,12
20250513,성수,문래,21,6
20250513,성수,문래,22,6
20250513,성수,문래,23,2
20250513,성수,방배,0,2
20250513,성수,방배,6,1
20250513,성수,방배,7,3
20250513,성수,방배,8,2
20250513,성수,방배,9,5
20250513,성수,방배,10,1
20250513,성수,방배,11,1
20250513,성수,방배,12,2
20250513,성수,방배,13,3
20250513,성수,방배,14,2
20250513,성수,방배,15,3
20250513,성수,방배,16,7
20250513,성수,방배,17,8
20250513,성수,방배,18,11
20250513,성수,방배,19,3
20250513,성수,방배,20,4
20250513,성수,방배,21,3
20250513,성수,방배,22,6
20250513,성수,방배,23,2
20250513,성수,봉천,7,2
20250513,성수,봉천,8,5
20250513,성수,봉천,9,3
20250513,성수,봉천,12,3
20250513,성수,봉천,13,3
20250513,성수,봉천,14,2
20250513,성수,봉천,15,13
20250513,성수,봉천,16,13
20250513,성수,봉천,17,19
20250513,성수,봉천,18,47
20250513,성수,봉천,19,21
20250513,성수,봉천,20,21
20250513,성수,봉천,21,11
20250513,성수,봉천,22,4
20250513,성수,봉천,23,5
20250513,성수,사당,0,2
20250513,성수,사당,5,2
20250513,성수,사당,6,1
20250513,성수,사당,7,10
20250513,성수,사당,8,10
20250513,성수,사당,9,3
20250513,성수,사당,10,6
20250513,성수,사당,11,7
20250513,성수,사당,12,10
20250513,성수,사당,13,7
20250513,성수,사당,14,16
20250513,성수,사당,15,18
20250513,성수,사당,16,30
20250513,성수,사당,17,76
20250513,성수,사당,18,130
20250513,성수,사당,19,74
20250513,성수,사당,20,54
20250513,성수,사당,21,41
20250513,성수,사당,22,48
20250513,성수,사당,23,10
20250513,성수,삼성(무역센터),5,2
20250513,성수,삼성(무역센터),6,8
20250513,성수,삼성(무역센터),7,16
20250513,성수,삼성(무역센터),8,35
20250513,성수,삼성(무역센터),9,34
20250513,성수,삼성(무역센터),10,27
20250513,성수,삼성(무역센터),11,21
20250513,성수,삼성(무역센터),12,32
20250513,성수,삼성(무역센터),13,40
20250513,성수,삼성(무역센터),14,37
20250513,성수,삼성(무역센터),15,54
20250513,성수,삼성(무역센터),16,32
20250513,성수,삼성(무역센터),17,42
20250513,성수,삼성(무역센터),18,68
20250513,성수,삼성(무역센터),19,28
20250513,성수,삼성(무역센터),20,15
20250513,성수,삼성(무역센터),21,5
20250513,성수,삼성(무역센터),22,12
20250513,성수,삼성(무역센터),23,5
20250513,성수,상왕십리,0,5
20250513,성수,상왕십리,5,2
20250513,성수,상왕십리,6,3
20250513,성수,상왕십리,7,4
20250513,성수,상왕십리,8,16
20250513,성수,상왕십리,9,11
20250513,성수,상왕십리,10,10
20250513,성수,상왕십리,11,17
20250513,성수,상왕십리,12,9
20250513,성수,상왕십리,13,16
20250513,성수,상왕십리,14,21
20250513,성수,상왕십리,15,19
20250513,성수,상왕십리,16,17
20250513,성수,상왕십리,17,49
20250513,성수,상왕십리,18,91
20250513,성수,상왕십리,19,62
20250513,성수,상왕십리,20,40
20250513,성수,상왕십리,21,28
20250513,성수,상왕십리,22,20
20250513,성수,상왕십리,23,11
20250513,성수,서울대입구(관악구청),7,3
20250513,성수,서울대입구(관악구청),8,6
20250513,성수,서울대입구(관악구청),9,3
20250513,성수,서울대입구(관악구청),10,5
20250513,성수,서울대입구(관악구청),11,2
20250513,성수,서울대입구(관악구청),13,4
20250513,성수,서울대입구(관악구청),14,5
20250513,성수,서울대입구(관악구청),15,15
20250513,성수,서울대입구(관악구청),16,19
20250513,성수,서울대입구(관악구청),17,40
20250513,성수,서울대입구(관악구청),18,96
20250513,성수,서울대입구(관악구청),19,55
20250513,성수,서울대입구(관악구청),20,47
20250513,성수,서울대입구(관악구청),21,25
20250513,성수,서울대입구(관악구청),22,32
20250513,성수,서울대입구(관악구청),23,10
20250513,성수,서초,0,1
20250513,성수,서초,7,6
20250513,성수,서초,8,9
20250513,성수,서초,9,7
20250513,성수,서초,10,3
20250513,성수,서초,11,6
20250513,성수,서초,12,5
20250513,성수,서초,13,5
20250513,성수,서초,14,5
20250513,성수,서초,15,3
20250513,성수,서초,16,8
20250513,성수,서초,17,13
20250513,성수,서초,18,6
20250513,성수,서초,19,9
20250513,성수,서초,20,5
20250513,성수,서초,21,4
20250513,성수,서초,22,3
20250513,성수,서초,23,1
20250513,성수,선릉,5,8
20250513,성수,선릉,6,5
20250513,성수,선릉,7,25
20250513,성수,선릉,8,34
20250513,성수,선릉,9,16
20250513,성수,선릉,10,5
20250513,성수,선릉,11,9
20250513,성수,선릉,12,13
20250513,성수,선릉,13,9
20250513,성수,선릉,14,20
20250513,성수,선릉,15,23
20250513,성수,선릉,16,14
20250513,성수,선릉,17,31
20250513,성수,선릉,18,45
20250513,성수,선릉,19,28
20250513,성수,선릉,20,11
20250513,성수,선릉,21,22
20250513,성수,선릉,22,9
20250513,성수,선릉,23,3
20250513,성수,성수,0,4
20250513,성수,성수,5,1
20250513,성수,성수,6,4
20250513,성수,성수,7,3
20250513,성수,성수,8,4
20250513,성수,성수,9,5
20250513,성수,성수,10,14
20250513,성수,성수,11,14
20250513,성수,성수,12,12
20250513,성수,성수,13,18
20250513,성수,성수,14,25
20250513,성수,성수,15,24
20250513,성수,성수,16,29
20250513,성수,성수,17,18
20250513,성수,성수,18,23
20250513,성수,성수,19,26
20250513,성수,성수,20,20
20250513,성수,성수,21,19
20250513,성수,성수,22,21
20250513,성수,성수,23,7
20250513,성수,시청,0,1
20250513,성수,시청,5,4
20250513,성수,시청,6,7
20250513,성수,시청,7,37
20250513,성수,시청,8,47
20250513,성수,시청,9,21
20250513,성수,시청,10,7
20250513,성수,시청,11,8
20250513,성수,시청,12,10
20250513,성수,시청,13,30
20250513,성수,시청,14,22
20250513,성수,시청,15,21
20250513,성수,시청,16,26
20250513,성수,시청,17,20
20250513,성수,시청,18,38
20250513,성수,시청,19,8
20250513,성수,시청,20,33
20250513,성수,시청,21,17
20250513,성수,시청,22,11
20250513,성수,신당,6,4
20250513,성수,신당,7,3
20250513,성수,신당,8,16
20250513,성수,신당,9,8
20250513,성수,신당,10,4
20250513,성수,신당,11,17
20250513,성수,신당,12,8
20250513,성수,신당,13,16
20250513,성수,신당,14,23
20250513,성수,신당,15,25
20250513,성수,신당,16,36
20250513,성수,신당,17,37
20250513,성수,신당,18,75
20250513,성수,신당,19,43
20250513,성수,신당,20,22
20250513,성수,신당,21,23
20250513,성수,신당,22,24
20250513,성수,신당,23,11
20250513,성수,신대방,0,4
20250513,성수,신대방,5,2
20250513,성수,신대방,6,2
20250513,성수,신대방,7,2
20250513,성수,신대방,8,2
20250513,성수,신대방,9,1
20250513,성수,신대방,10,4
20250513,성수,신대방,11,1
20250513,성수,신대방,12,2
20250513,성수,신대방,13,3
20250513,성수,신대방,14,1
20250513,성수,신대방,15,2
20250513,성수,신대방,16,9
20250513,성수,신대방,17,18
20250513,성수,신대방,18,49
20250513,성수,신대방,19,23
20250513,성수,신대방,20,20
20250513,성수,신대방,21,17
20250513,성수,신대방,22,13
20250513,성수,신대방,23,4
20250513,성수,신도림,6,2
20250513,성수,신도림,7,5
20250513,성수,신도림,8,4
20250513,성수,신도림,9,2
20250513,성수,신도림,10,1
20250513,성수,신도림,11,3
20250513,성수,신도림,12,8
20250513,성수,신도림,13,5
20250513,성수,신도림,14,4
20250513,성수,신도림,15,15
20250513,성수,신도림,16,16
20250513,성수,신도림,17,41
20250513,성수,신도림,18,70
20250513,성수,신도림,19,33
20250513,성수,신도림,20,25
20250513,성수,신도림,21,18
20250513,성수,신도림,22,12
20250513,성수,신도림,23,5
20250513,성수,신림,5,2
20250513,성수,신림,6,1
20250513,성수,신림,7,2
20250513,성수,신림,8,1
20250513,성수,신림,9,4
20250513,성수,신림,10,3
20250513,성수,신림,11,3
20250513,성수,신림,12,3
20250513,성수,신림,13,5
20250513,성수,신림,14,6
20250513,성수,신림,15,18
20250513,성수,신림,16,33
20250513,성수,신림,17,59
20250513,성수,신림,18,146
20250513,성수,신림,19,62
20250513,성수,신림,20,54
20250513,성수,신림,21,43
20250513,성수,신림,22,47
20250513,성수,신림,23,12
20250513,성수,신촌,6,2
20250513,성수,신촌,7,11
20250513,성수,신촌,8,15
20250513,성수,신촌,9,15
20250513,성수,신촌,10,11
20250513,성수,신촌,11,10
20250513,성수,신촌,12,12
20250513,성수,신촌,13,21
20250513,성수,신촌,14,18
20250513,성수,신촌,15,15
20250513,성수,신촌,16,21
20250513,성수,신촌,17,60
20250513,성수,신촌,18,109
20250513,성수,신촌,19,46
20250513,성수,신촌,20,46
20250513,성수,신촌,21,36
20250513,성수,신촌,22,30
20250513,성수,신촌,23,15
20250513,성수,아현,0,1
20250513,성수,아현,5,2
20250513,성수,아현,6,1
20250513,성수,아현,7,1
20250513,성수,아현,8,1
20250513,성수,아현,9,1
20250513,성수,아현,10,4
20250513,성수,아현,11,3
20250513,성수,아현,12,4
20250513,성수,아현,13,4
20250513,성수,아현,14,4
20250513,성수,아현,15,8
20250513,성수,아현,16,7
20250513,성수,아현,17,18
20250513,성수,아현,18,40
20250513,성수,아현,19,19
20250513,성수,아현,20,13
20250513,성수,아현,21,5
20250513,성수,아현,22,6
20250513,성수,아현,23,4
20250513,성수,역삼,0,3
20250513,성수,역삼,5,2
20250513,성수,역삼,6,3
20250513,성수,역삼,7,23
20250513,성수,역삼,8,32
20250513,성수,역삼,9,35
20250513,성수,역삼,10,9
20250513,성수,역삼,11,8
20250513,성수,역삼,12,9
20250513,성수,역삼,13,22
20250513,성수,역삼,14,22
20250513,성수,역삼,15,12
20250513,성수,역삼,16,15
20250513,성수,역삼,17,34
20250513,성수,역삼,18,36
20250513,성수,역삼,19,17
20250513,성수,역삼,20,11
20250513,성수,역삼,21,16
20250513,성수,역삼,22,10
20250513,성수,역삼,23,3
20250513,성수,영등포구청,0,1
20250513,성수,영등포구청,6,3
20250513,성수,영등포구청,7,13
20250513,성수,영등포구청,8,5
20250513,성수,영등포구청,9,4
20250513,성수,영등포구청,10,2
20250513,성수,영등포구청,11,2
20250513,성수,영등포구청,12,4
20250513,성수,영등포구청,13,2
20250513,성수,영등포구청,14,3
20250513,성수,영등포구청,15,7
20250513,성수,영등포구청,16,6
20250513,성수,영등포구청,17,20
20250513,성수,영등포구청,18,27
20250513,성수,영등포구청,19,21
20250513,성수,영등포구청,20,10
20250513,성수,영등포구청,21,13
20250513,성수,영등포구청,22,1
20250513,성수,영등포구청,23,3
20250513,성수,왕십리(성동구청),0,5
20250513,성수,왕십리(성동구청),6,3
20250513,성수,왕십리(성동구청),7,8
20250513,성수,왕십리(성동구청),8,15
20250513,성수,왕십리(성동구청),9,9
20250513,성수,왕십리(성동구청),10,19
20250513,성수,왕십리(성동구청),11,30
20250513,성수,왕십리(성동구청),12,23
20250513,성수,왕십리(성동구청),13,42
20250513,성수,왕십리(성동구청),14,27
20250513,성수,왕십리(성동구청),15,36
20250513,성수,왕십리(성동구청),16,48
20250513,성수,왕십리(성동구청),17,70
20250513,성수,왕십리(성동구청),18,129
20250513,성수,왕십리(성동구청),19,44
20250513,성수,왕십리(성동구청),20,54
20250513,성수,왕십리(성동구청),21,30
20250513,성수,왕십리(성동구청),22,29
20250513,성수,왕십리(성동구청),23,9
20250513,성수,용두(동대문구청),0,5
20250513,성수,용두(동대문구청),5,2
20250513,성수,용두(동대문구청),6,3
20250513,성수,용두(동대문구청),7,4
20250513,성수,용두(동대문구청),8,14
20250513,성수,용두(동대문구청),9,9
20250513,성수,용두(동대문구청),10,14
20250513,성수,용두(동대문구청),11,12
20250513,성수,용두(동대문구청),12,11
20250513,성수,용두(동대문구청),13,18
20250513,성수,용두(동대문구청),14,18
20250513,성수,용두(동대문구청),15,32
20250513,성수,용두(동대문구청),16,23
20250513,성수,용두(동대문구청),17,46
20250513,성수,용두(동대문구청),18,94
20250513,성수,용두(동대문구청),19,54
20250513,성수,용두(동대문구청),20,41
20250513,성수,용두(동대문구청),21,27
20250513,성수,용두(동대문구청),22,21
20250513,성수,용두(동대문구청),23,6
20250513,성수,을지로3가,0,3
20250513,성수,을지로3가,5,3
20250513,성수,을지로3가,6,3
20250513,성수,을지로3가,7,16
20250513,성수,을지로3가,8,39
20250513,성수,을지로3가,9,15
20250513,성수,을지로3가,10,8
20250513,성수,을지로3가,11,12
20250513,성수,을지로3가,12,20
20250513,성수,을지로3가,13,26
20250513,성수,을지로3가,14,30
20250513,성수,을지로3가,15,32
20250513,성수,을지로3가,16,38
20250513,성수,을지로3가,17,49
20250513,성수,을지로3가,18,82
20250513,성수,을지로3가,19,45
20250513,성수,을지로3가,20,49
20250513,성수,을지로3가,21,26
20250513,성수,을지로3가,22,16
20250513,성수,을지로3가,23,5
20250513,성수,을지로4가,0,1
20250513,성수,을지로4가,6,9
20250513,성수,을지로4가,7,16
20250513,성수,을지로4가,8,15
20250513,성수,을지로4가,9,16
20250513,성수,을지로4가,10,8
20250513,성수,을지로4가,11,16
20250513,성수,을지로4가,12,16
20250513,성수,을지로4가,13,25
20250513,성수,을지로4가,14,28
20250513,성수,을지로4가,15,29
20250513,성수,을지로4가,16,36
20250513,성수,을지로4가,17,37
20250513,성수,을지로4가,18,39
20250513,성수,을지로4가,19,24
20250513,성수,을지로4가,20,22
20250513,성수,을지로4가,21,20
20250513,성수,을지로4가,22,10
20250513,성수,을지로입구,0,2
20250513,성수,을지로입구,5,2
20250513,성수,을지로입구,6,7
20250513,성수,을지로입구,7,28
20250513,성수,을지로입구,8,58
20250513,성수,을지로입구,9,27
20250513,성수,을지로입구,10,29
20250513,성수,을지로입구,11,23
20250513,성수,을지로입구,12,30
20250513,성수,을지로입구,13,48
20250513,성수,을지로입구,14,50
20250513,성수,을지로입구,15,77
20250513,성수,을지로입구,16,116
20250513,성수,을지로입구,17,109
20250513,성수,을지로입구,18,131
20250513,성수,을지로입구,19,105
20250513,성수,을지로입구,20,58
20250513,성수,을지로입구,21,42
20250513,성수,을지로입구,22,5
20250513,성수,을지로입구,23,4
20250513,성수,이대,5,2
20250513,성수,이대,7,5
20250513,성수,이대,8,3
20250513,성수,이대,9,4
20250513,성수,이대,10,3
20250513,성수,이대,11,4
20250513,성수,이대,12,3
20250513,성수,이대,13,11
20250513,성수,이대,14,9
20250513,성수,이대,15,10
20250513,성수,이대,16,12
20250513,성수,이대,17,30
20250513,성수,이대,18,40
20250513,성수,이대,19,19
20250513,성수,이대,20,21
20250513,성수,이대,21,13
20250513,성수,이대,22,8
20250513,성수,이대,23,6
20250513,성수,잠실(송파구청),0,6
20250513,성수,잠실(송파구청),5,9
20250513,성수,잠실(송파구청),6,12
20250513,성수,잠실(송파구청),7,34
20250513,성수,잠실(송파구청),8,49
20250513,성수,잠실(송파구청),9,37
20250513,성수,잠실(송파구청),10,41
20250513,성수,잠실(송파구청),11,34
20250513,성수,잠실(송파구청),12,54
20250513,성수,잠실(송파구청),13,75
20250513,성수,잠실(송파구청),14,99
20250513,성수,잠실(송파구청),15,135
20250513,성수,잠실(송파구청),16,151
20250513,성수,잠실(송파구청),17,285
20250513,성수,잠실(송파구청),18,503
20250513,성수,잠실(송파구청),19,256
20250513,성수,잠실(송파구청),20,214
20250513,성수,잠실(송파구청),21,164
20250513,성수,잠실(송파구청),22,92
20250513,성수,잠실(송파구청),23,44
20250513,성수,잠실나루,0,3
20250513,성수,잠실나루,5,4
20250513,성수,잠실나루,6,6
20250513,성수,잠실나루,7,13
20250513,성수,잠실나루,8,18
20250513,성수,잠실나루,9,9
20250513,성수,잠실나루,10,6
20250513,성수,잠실나루,11,14
20250513,성수,잠실나루,12,5
20250513,성수,잠실나루,13,16
20250513,성수,잠실나루,14,13
20250513,성수,잠실나루,15,12
20250513,성수,잠실나루,16,16
20250513,성수,잠실나루,17,33
20250513,성수,잠실나루,18,72
20250513,성수,잠실나루,19,23
20250513,성수,잠실나루,20,20
20250513,성수,잠실나루,21,16
20250513,성수,잠실나루,22,9
20250513,성수,잠실나루,23,8
20250513,성수,잠실새내,0,1
20250513,성수,잠실새내,5,1
20250513,성수,잠실새내,6,4
20250513,성수,잠실새내,7,7
20250513,성수,잠실새내,8,10
20250513,성수,잠실새내,9,9
20250513,성수,잠실새내,10,2
20250513,성수,잠실새내,11,5
20250513,성수,잠실새내,12,6
20250513,성수,잠실새내,13,17
20250513,성수,잠실새내,14,7
20250513,성수,잠실새내,15,25
20250513,성수,잠실새내,16,27
20250513,성수,잠실새내,17,45
20250513,성수,잠실새내,18,84
20250513,성수,잠실새내,19,39
20250513,성수,잠실새내,20,45
20250513,성수,잠실새내,21,19
20250513,성수,잠실새내,22,18
20250513,성수,잠실새내,23,8
20250513,성수,종합운동장,5,2
20250513,성수,종합운동장,6,2
20250513,성수,종합운동장,7,1
20250513,성수,종합운동장,8,2
20250513,성수,종합운동장,10,4
20250513,성수,종합운동장,12,2
20250513,성수,종합운동장,13,1
20250513,성수,종합운동장,14,11
20250513,성수,종합운동장,15,11
20250513,성수,종합운동장,16,30
20250513,성수,종합운동장,17,66
20250513,성수,종합운동장,18,54
20250513,성수,종합운동장,19,10
20250513,성수,종합운동장,20,7
20250513,성수,종합운동장,21,5
20250513,성수,종합운동장,22,4
20250513,성수,충정로(경기대입구),0,2
20250513,성수,충정로(경기대입구),6,2
20250513,성수,충정로(경기대입구),7,5
20250513,성수,충정로(경기대입구),8,5
20250513,성수,충정로(경기대입구),9,3
20250513,성수,충정로(경기대입구),10,4
20250513,성수,충정로(경기대입구),11,1
20250513,성수,충정로(경기대입구),12,2
20250513,성수,충정로(경기대입구),13,3
20250513,성수,충정로(경기대입구),14,8
20250513,성수,충정로(경기대입구),15,8
20250513,성수,충정로(경기대입구),16,11
20250513,성수,충정로(경기대입구),17,16
20250513,성수,충정로(경기대입구),18,28
20250513,성수,충정로(경기대입구),19,9
20250513,성수,충정로(경기대입구),20,13
20250513,성수,충정로(경기대입구),21,7
20250513,성수,충정로(경기대입구),22,15
20250513,성수,충정로(경기대입구),23,1
20250513,성수,한양대,0,2
20250513,성수,한양대,6,4
20250513,성수,한양대,7,9
20250513,성수,한양대,8,15
20250513,성수,한양대,9,17
20250513,성수,한양대,10,21
20250513,성수,한양대,11,15
20250513,성수,한양대,12,34
20250513,성수,한양대,13,27
20250513,성수,한양대,14,35
20250513,성수,한양대,15,22
20250513,성수,한양대,16,20
20250513,성수,한양대,17,34
20250513,성수,한양대,18,27
20250513,성수,한양대,19,14
20250513,성수,한양대,20,21
20250513,성수,한양대,21,17
20250513,성수,한양대,22,10
20250513,성수,한양대,23,5
20250513,성수,합정,5,1
20250513,성수,합정,6,3
20250513,성수,합정,7,7
20250513,성수,합정,8,7
20250513,성수,합정,9,5
20250513,성수,합정,10,8
20250513,성수,합정,11,5
20250513,성수,합정,12,10
20250513,성수,합정,13,8
20250513,성수,합정,14,14
20250513,성수,합정,15,23
20250513,성수,합정,16,23
20250513,성수,합정,17,42
20250513,성수,합정,18,68
20250513,성수,합정,19,48
20250513,성수,합정,20,29
20250513,성수,합정,21,22
20250513,성수,합정,22,21
20250513,성수,합정,23,5
20250513,성수,홍대입구,0,6
20250513,성수,홍대입구,5,1
20250513,성수,홍대입구,6,2
20250513,성수,홍대입구,7,6
20250513,성수,홍대입구,8,14
20250513,성수,홍대입구,9,6
20250513,성수,홍대입구,10,11
20250513,성수,홍대입구,11,17
20250513,성수,홍대입구,12,25
20250513,성수,홍대입구,13,47
20250513,성수,홍대입구,14,60
20250513,성수,홍대입구,15,75
20250513,성수,홍대입구,16,109
20250513,성수,홍대입구,17,169
20250513,성수,홍대입구,18,251
20250513,성수,홍대입구,19,185
20250513,성수,홍대입구,20,119
20250513,성수,홍대입구,21,92
20250513,성수,홍대입구,22,72
20250513,성수,홍대입구,23,13
20250513,시청,강남,6,1
20250513,시청,강남,7,2
20250513,시청,강남,8,2
20250513,시청,강남,9,4
20250513,시청,강남,10,15
20250513,시청,강남,11,9
20250513,시청,강남,12,10
20250513,시청,강남,13,11
20250513,시청,강남,14,11
20250513,시청,강남,15,10
20250513,시청,강남,16,20
20250513,시청,강남,17,21
20250513,시청,강남,18,26
20250513,시청,강남,19,14
20250513,시청,강남,20,3
20250513,시청,강남,21,4
20250513,시청,강남,23,1
20250513,시청,강변(동서울터미널),5,1
20250513,시청,강변(동서울터미널),6,1
20250513,시청,강변(동서울터미널),7,11
20250513,시청,강변(동서울터미널),8,5
20250513,시청,강변(동서울터미널),9,2
20250513,시청,강변(동서울터미널),10,2
20250513,시청,강변(동서울터미널),11,2
20250513,시청,강변(동서울터미널),12,2
20250513,시청,강변(동서울터미널),13,7
20250513,시청,강변(동서울터미널),14,14
20250513,시청,강변(동서울터미널),15,12
20250513,시청,강변(동서울터미널),16,20
20250513,시청,강변(동서울터미널),17,51
20250513,시청,강변(동서울터미널),18,101
20250513,시청,강변(동서울터미널),19,31
20250513,시청,강변(동서울터미널),20,31
20250513,시청,강변(동서울터미널),21,13
20250513,시청,강변(동서울터미널),22,11
20250513,시청,강변(동서울터미널),23,3
20250513,시청,건대입구,0,1
20250513,시청,건대입구,5,1
20250513,시청,건대입구,6,1
20250513,시청,건대입구,7,4
20250513,시청,건대입구,8,8
20250513,시청,건대입구,9,4
20250513,시청,건대입구,10,7
20250513,시청,건대입구,11,13
20250513,시청,건대입구,12,7
20250513,시청,건대입구,13,19
20250513,시청,건대입구,14,16
20250513,시청,건대입구,15,31
20250513,시청,건대입구,16,42
20250513,시청,건대입구,17,82
20250513,시청,건대입구,18,160
20250513,시청,건대입구,19,44
20250513,시청,건대입구,20,31
20250513,시청,건대입구,21,30
20250513,시청,건대입구,22,18
20250513,시청,건대입구,23,8
20250513,시청,교대(법원.검찰청),10,6
20250513,시청,교대(법원.검찰청),11,9
20250513,시청,교대(법원.검찰청),12,4
20250513,시청,교대(법원.검찰청),13,8
20250513,시청,교대(법원.검찰청),14,9
20250513,시청,교대(법원.검찰청),15,11
20250513,시청,교대(법원.검찰청),16,9
20250513,시청,교대(법원.검찰청),17,14
20250513,시청,교대(법원.검찰청),18,16
20250513,시청,교대(법원.검찰청),19,2
20250513,시청,교대(법원.검찰청),20,4
20250513,시청,교대(법원.검찰청),21,2
20250513,시청,구로디지털단지,0,2
20250513,시청,구로디지털단지,5,1
20250513,시청,구로디지털단지,6,5
20250513,시청,구로디지털단지,7,20
20250513,시청,구로디지털단지,8,8
20250513,시청,구로디지털단지,9,8
20250513,시청,구로디지털단지,10,5
20250513,시청,구로디지털단지,11,10
20250513,시청,구로디지털단지,12,13
20250513,시청,구로디지털단지,13,12
20250513,시청,구로디지털단지,14,22
20250513,시청,구로디지털단지,15,27
20250513,시청,구로디지털단지,16,47
20250513,시청,구로디지털단지,17,90
20250513,시청,구로디지털단지,18,147
20250513,시청,구로디지털단지,19,54
20250513,시청,구로디지털단지,20,64
20250513,시청,구로디지털단지,21,59
20250513,시청,구로디지털단지,22,26
20250513,시청,구로디지털단지,23,9
20250513,시청,구의(광진구청),0,1
20250513,시청,구의(광진구청),5,1
20250513,시청,구의(광진구청),6,2
20250513,시청,구의(광진구청),7,2
20250513,시청,구의(광진구청),8,7
20250513,시청,구의(광진구청),9,3
20250513,시청,구의(광진구청),10,3
20250513,시청,구의(광진구청),11,6
20250513,시청,구의(광진구청),12,7
20250513,시청,구의(광진구청),13,7
20250513,시청,구의(광진구청),14,7
20250513,시청,구의(광진구청),15,9
20250513,시청,구의(광진구청),16,31
20250513,시청,구의(광진구청),17,56
20250513,시청,구의(광진구청),18,108
20250513,시청,구의(광진구청),19,39
20250513,시청,구의(광진구청),20,40
20250513,시청,구의(광진구청),21,28
20250513,시청,구의(광진구청),22,19
20250513,시청,구의(광진구청),23,10
20250513,시청,낙성대,5,1
20250513,시청,낙성대,7,1
20250513,시청,낙성대,9,1
20250513,시청,낙성대,10,2
20250513,시청,낙성대,11,2
20250513,시청,낙성대,12,3
20250513,시청,낙성대,13,5
20250513,시청,낙성대,14,2
20250513,시청,낙성대,15,9
20250513,시청,낙성대,16,8
20250513,시청,낙성대,17,20
20250513,시청,낙성대,18,37
20250513,시청,낙성대,19,7
20250513,시청,낙성대,20,6
20250513,시청,낙성대,21,8
20250513,시청,낙성대,22,9
20250513,시청,낙성대,23,3
20250513,시청,당산,5,1
20250513,시청,당산,7,8
20250513,시청,당산,8,6
20250513,시청,당산,9,4
20250513,시청,당산,10,5
20250513,시청,당산,11,17
20250513,시청,당산,12,24
20250513,시청,당산,13,20
20250513,시청,당산,14,26
20250513,시청,당산,15,38
20250513,시청,당산,16,54
20250513,시청,당산,17,143
20250513,시청,당산,18,232
20250513,시청,당산,19,82
20250513,시청,당산,20,83
20250513,시청,당산,21,72
20250513,시청,당산,22,28
20250513,시청,당산,23,9
20250513,시청,대림(구로구청),0,1
20250513,시청,대림(구로구청),9,1
20250513,시청,대림(구로구청),10,3
20250513,시청,대림(구로구청),11,5
20250513,시청,대림(구로구청),12,5
20250513,시청,대림(구로구청),13,11
20250513,시청,대림(구로구청),14,19
20250513,시청,대림(구로구청),15,23
20250513,시청,대림(구로구청),16,25
20250513,시청,대림(구로구청),17,41
20250513,시청,대림(구로구청),18,48
20250513,시청,대림(구로구청),19,20
20250513,시청,대림(구로구청),20,24
20250513,시청,대림(구로구청),21,33
20250513,시청,대림(구로구청),22,20
20250513,시청,대림(구로구청),23,3
20250513,시청,동대문역사문화공원,0,1
20250513,시청,동대문역사문화공원,5,1
20250513,시청,동대문역사문화공원,7,5
20250513,시청,동대문역사문화공원,8,13
20250513,시청,동대문역사문화공원,9,8
20250513,시청,동대문역사문화공원,10,15
20250513,시청,동대문역사문화공원,11,19
20250513,시청,동대문역사문화공원,12,12
20250513,시청,동대문역사문화공원,13,16
20250513,시청,동대문역사문화공원,14,22
20250513,시청,동대문역사문화공원,15,28
20250513,시청,동대문역사문화공원,16,43
20250513,시청,동대문역사문화공원,17,31
20250513,시청,동대문역사문화공원,18,30
20250513,시청,동대문역사문화공원,19,22
20250513,시청,동대문역사문화공원,20,24
20250513,시청,동대문역사문화공원,21,14
20250513,시청,동대문역사문화공원,22,10
20250513,시청,동대문역사문화공원,23,4
20250513,시청,뚝섬,5,1
20250513,시청,뚝섬,7,7
20250513,시청,뚝섬,8,10
20250513,시청,뚝섬,9,15
20250513,시청,뚝섬,10,12
20250513,시청,뚝섬,11,14
20250513,시청,뚝섬,12,15
20250513,시청,뚝섬,13,14
20250513,시청,뚝섬,14,11
20250513,시청,뚝섬,15,16
20250513,시청,뚝섬,16,29
20250513,시청,뚝섬,17,45
20250513,시청,뚝섬,18,70
20250513,시청,뚝섬,19,20
20250513,시청,뚝섬,20,14
20250513,시청,뚝섬,21,11
20250513,시청,뚝섬,22,13
20250513,시청,뚝섬,23,5
20250513,시청,문래,7,6
20250513,시청,문래,8,4
20250513,시청,문래,9,7
20250513,시청,문래,10,5
20250513,시청,문래,11,9
20250513,시청,문래,12,10
20250513,시청,문래,13,14
20250513,시청,문래,14,10
20250513,시청,문래,15,24
20250513,시청,문래,16,23
20250513,시청,문래,17,48
20250513,시청,문래,18,100
20250513,시청,문래,19,30
20250513,시청,문래,20,32
20250513,시청,문래,21,32
20250513,시청,문래,22,12
20250513,시청,문래,23,4
20250513,시청,방배,7,1
20250513,시청,방배,11,1
20250513,시청,방배,13,5
20250513,시청,방배,14,2
20250513,시청,방배,15,1
20250513,시청,방배,16,5
20250513,시청,방배,17,5
20250513,시청,방배,18,2
20250513,시청,방배,19,2
20250513,시청,방배,20,2
20250513,시청,방배,21,1
20250513,시청,방배,22,1
20250513,시청,방배,23,1
20250513,시청,봉천,0,2
20250513,시청,봉천,7,2
20250513,시청,봉천,8,1
20250513,시청,봉천,9,1
20250513,시청,봉천,10,1
20250513,시청,봉천,11,3
20250513,시청,봉천,12,3
20250513,시청,봉천,13,8
20250513,시청,봉천,14,9
20250513,시청,봉천,15,6
20250513,시청,봉천,16,13
20250513,시청,봉천,17,23
20250513,시청,봉천,18,50
20250513,시청,봉천,19,17
20250513,시청,봉천,20,18
20250513,시청,봉천,21,10
20250513,시청,봉천,22,14
20250513,시청,봉천,23,1
20250513,시청,사당,8,1
20250513,시청,사당,9,1
20250513,시청,사당,11,1
20250513,시청,사당,12,1
20250513,시청,사당,13,1
20250513,시청,사당,14,2
20250513,시청,사당,15,7
20250513,시청,사당,16,5
20250513,시청,사당,17,4
20250513,시청,사당,18,6
20250513,시청,사당,19,2
20250513,시청,사당,20,3
20250513,시청,사당,21,3
20250513,시청,사당,23,1
20250513,시청,삼성(무역센터),6,3
20250513,시청,삼성(무역센터),7,5
20250513,시청,삼성(무역센터),8,8
20250513,시청,삼성(무역센터),9,11
20250513,시청,삼성(무역센터),10,19
20250513,시청,삼성(무역센터),11,17
20250513,시청,삼성(무역센터),12,18
20250513,시청,삼성(무역센터),13,27
20250513,시청,삼성(무역센터),14,12
20250513,시청,삼성(무역센터),15,24
20250513,시청,삼성(무역센터),16,35
20250513,시청,삼성(무역센터),17,35
20250513,시청,삼성(무역센터),18,22
20250513,시청,삼성(무역센터),19,7
20250513,시청,삼성(무역센터),20,3
20250513,시청,삼성(무역센터),21,3
20250513,시청,삼성(무역센터),22,2
20250513,시청,상왕십리,0,2
20250513,시청,상왕십리,5,1
20250513,시청,상왕십리,6,2
20250513,시청,상왕십리,7,1
20250513,시청,상왕십리,8,1
20250513,시청,상왕십리,9,8
20250513,시청,상왕십리,10,5
20250513,시청,상왕십리,11,10
20250513,시청,상왕십리,12,6
20250513,시청,상왕십리,13,12
20250513,시청,상왕십리,14,18
20250513,시청,상왕십리,15,19
20250513,시청,상왕십리,16,18
20250513,시청,상왕십리,17,49
20250513,시청,상왕십리,18,87
20250513,시청,상왕십리,19,50
20250513,시청,상왕십리,20,32
20250513,시청,상왕십리,21,31
20250513,시청,상왕십리,22,17
20250513,시청,상왕십리,23,4
20250513,시청,서울대입구(관악구청),0,2
20250513,시청,서울대입구(관악구청),8,1
20250513,시청,서울대입구(관악구청),10,1
20250513,시청,서울대입구(관악구청),11,4
20250513,시청,서울대입구(관악구청),12,3
20250513,시청,서울대입구(관악구청),13,5
20250513,시청,서울대입구(관악구청),14,6
20250513,시청,서울대입구(관악구청),15,17
20250513,시청,서울대입구(관악구청),16,18
20250513,시청,서울대입구(관악구청),17,26
20250513,시청,서울대입구(관악구청),18,77
20250513,시청,서울대입구(관악구청),19,17
20250513,시청,서울대입구(관악구청),20,21
20250513,시청,서울대입구(관악구청),21,23
20250513,시청,서울대입구(관악구청),22,12
20250513,시청,서울대입구(관악구청),23,4
20250513,시청,서초,7,1
20250513,시청,서초,11,4
20250513,시청,서초,12,5
20250513,시청,서초,13,2
20250513,시청,서초,14,4
20250513,시청,서초,15,4
20250513,시청,서초,16,1
20250513,시청,서초,17,1
20250513,시청,서초,18,6
20250513,시청,서초,19,1
20250513,시청,서초,20,2
20250513,시청,선릉,6,1
20250513,시청,선릉,7,5
20250513,시청,선릉,8,3
20250513,시청,선릉,9,3
20250513,시청,선릉,10,9
20250513,시청,선릉,11,7
20250513,시청,선릉,12,10
20250513,시청,선릉,13,17
20250513,시청,선릉,14,3
20250513,시청,선릉,15,4
20250513,시청,선릉,16,13
20250513,시청,선릉,17,12
20250513,시청,선릉,18,9
20250513,시청,선릉,19,3
20250513,시청,선릉,20,4
20250513,시청,선릉,21,2
20250513,시청,선릉,22,1
20250513,시청,선릉,23,2
20250513,시청,성수,0,1
20250513,시청,성수,5,2
20250513,시청,성수,6,6
20250513,시청,성수,7,11
20250513,시청,성수,8,22
20250513,시청,성수,9,32
20250513,시청,성수,10,38
20250513,시청,성수,11,54
20250513,시청,성수,12,43
20250513,시청,성수,13,39
20250513,시청,성수,14,45
20250513,시청,성수,15,23
20250513,시청,성수,16,34
20250513,시청,성수,17,51
20250513,시청,성수,18,61
20250513,시청,성수,19,11
20250513,시청,성수,20,7
20250513,시청,성수,21,19
20250513,시청,성수,22,16
20250513,시청,성수,23,2
20250513,시청,시청,0,5
20250513,시청,시청,6,2
20250513,시청,시청,7,3
20250513,시청,시청,8,8
20250513,시청,시청,9,5
20250513,시청,시청,10,11
20250513,시청,시청,11,11
20250513,시청,시청,12,10
20250513,시청,시청,13,7
20250513,시청,시청,14,43
20250513,시청,시청,15,25
20250513,시청,시청,16,20
20250513,시청,시청,17,6
20250513,시청,시청,18,31
20250513,시청,시청,19,7
20250513,시청,시청,20,12
20250513,시청,시청,21,8
20250513,시청,시청,22,14
20250513,시청,시청,23,4
20250513,시청,신당,5,1
20250513,시청,신당,6,1
20250513,시청,신당,7,4
20250513,시청,신당,8,8
20250513,시청,신당,9,8
20250513,시청,신당,10,4
20250513,시청,신당,11,15
20250513,시청,신당,12,14
20250513,시청,신당,13,15
20250513,시청,신당,14,14
20250513,시청,신당,15,25
20250513,시청,신당,16,30
20250513,시청,신당,17,68
20250513,시청,신당,18,124
20250513,시청,신당,19,47
20250513,시청,신당,20,37
20250513,시청,신당,21,24
20250513,시청,신당,22,16
20250513,시청,신당,23,12
20250513,시청,신대방,0,1
20250513,시청,신대방,5,1
20250513,시청,신대방,7,1
20250513,시청,신대방,8,4
20250513,시청,신대방,9,3
20250513,시청,신대방,10,3
20250513,시청,신대방,11,7
20250513,시청,신대방,12,5
20250513,시청,신대방,13,10
20250513,시청,신대방,14,11
20250513,시청,신대방,15,19
20250513,시청,신대방,16,24
20250513,시청,신대방,17,39
20250513,시청,신대방,18,84
20250513,시청,신대방,19,27
20250513,시청,신대방,20,34
20250513,시청,신대방,21,20
20250513,시청,신대방,22,6
20250513,시청,신대방,23,7
20250513,시청,신도림,0,5
20250513,시청,신도림,6,1
20250513,시청,신도림,7,1
20250513,시청,신도림,9,1
20250513,시청,신도림,10,3
20250513,시청,신도림,11,8
20250513,시청,신도림,12,1
20250513,시청,신도림,13,14
20250513,시청,신도림,14,10
20250513,시청,신도림,15,18
20250513,시청,신도림,16,41
20250513,시청,신도림,17,67
20250513,시청,신도림,18,125
20250513,시청,신도림,19,52
20250513,시청,신도림,20,28
20250513,시청,신도림,21,32
20250513,시청,신도림,22,22
20250513,시청,신도림,23,9
20250513,시청,신림,0,1
20250513,시청,신림,6,1
20250513,시청,신림,7,2
20250513,시청,신림,8,5
20250513,시청,신림,9,6
20250513,시청,신림,10,2
20250513,시청,신림,11,5
20250513,시청,신림,12,9
20250513,시청,신림,13,12
20250513,시청,신림,14,13
20250513,시청,신림,15,18
20250513,시청,신림,16,28
20250513,시청,신림,17,76
20250513,시청,신림,18,119
20250513,시청,신림,19,47
20250513,시청,신림,20,53
20250513,시청,신림,21,29
20250513,시청,신림,22,22
20250513,시청,신림,23,4
20250513,시청,신촌,0,1
20250513,시청,신촌,5,1
20250513,시청,신촌,6,1
20250513,시청,신촌,7,4
20250513,시청,신촌,8,13
20250513,시청,신촌,9,16
20250513,시청,신촌,10,14
20250513,시청,신촌,11,32
20250513,시청,신촌,12,15
20250513,시청,신촌,13,40
20250513,시청,신촌,14,33
20250513,시청,신촌,15,45
20250513,시청,신촌,16,50
20250513,시청,신촌,17,120
20250513,시청,신촌,18,221
20250513,시청,신촌,19,80
20250513,시청,신촌,20,39
20250513,시청,신촌,21,51
20250513,시청,신촌,22,27
20250513,시청,신촌,23,12
20250513,시청,아현,5,1
20250513,시청,아현,6,1
20250513,시청,아현,7,2
20250513,시청,아현,8,2
20250513,시청,아현,9,3
20250513,시청,아현,10,3
20250513,시청,아현,11,13
20250513,시청,아현,12,8
20250513,시청,아현,13,19
20250513,시청,아현,14,17
20250513,시청,아현,15,31
20250513,시청,아현,16,21
20250513,시청,아현,17,55
20250513,시청,아현,18,48
20250513,시청,아현,19,24
20250513,시청,아현,20,31
20250513,시청,아현,21,28
20250513,시청,아현,22,18
20250513,시청,아현,23,5
20250513,시청,역삼,6,1
20250513,시청,역삼,7,4
20250513,시청,역삼,8,3
20250513,시청,역삼,9,6
20250513,시청,역삼,10,10
20250513,시청,역삼,11,8
20250513,시청,역삼,12,7
20250513,시청,역삼,13,5
20250513,시청,역삼,14,7
20250513,시청,역삼,15,10
20250513,시청,역삼,16,10
20250513,시청,역삼,17,14
20250513,시청,역삼,18,20
20250513,시청,역삼,19,6
20250513,시청,역삼,20,1
20250513,시청,역삼,21,2
20250513,시청,역삼,22,1
20250513,시청,영등포구청,5,1
20250513,시청,영등포구청,6,1
20250513,시청,영등포구청,7,3
20250513,시청,영등포구청,8,1
20250513,시청,영등포구청,9,8
20250513,시청,영등포구청,10,9
20250513,시청,영등포구청,11,6
20250513,시청,영등포구청,12,5
20250513,시청,영등포구청,13,9
20250513,시청,영등포구청,14,18
20250513,시청,영등포구청,15,27
20250513,시청,영등포구청,16,23
20250513,시청,영등포구청,17,53
20250513,시청,영등포구청,18,87
20250513,시청,영등포구청,19,41
20250513,시청,영등포구청,20,24
20250513,시청,영등포구청,21,16
20250513,시청,영등포구청,22,13
20250513,시청,영등포구청,23,6
20250513,시청,왕십리(성동구청),0,2
20250513,시청,왕십리(성동구청),6,2
20250513,시청,왕십리(성동구청),7,1
20250513,시청,왕십리(성동구청),8,3
20250513,시청,왕십리(성동구청),9,2
20250513,시청,왕십리(성동구청),10,3
20250513,시청,왕십리(성동구청),11,6
20250513,시청,왕십리(성동구청),12,8
20250513,시청,왕십리(성동구청),13,3
20250513,시청,왕십리(성동구청),14,14
20250513,시청,왕십리(성동구청),15,6
20250513,시청,왕십리(성동구청),16,12
20250513,시청,왕십리(성동구청),17,63
20250513,시청,왕십리(성동구청),18,91
20250513,시청,왕십리(성동구청),19,45
20250513,시청,왕십리(성동구청),20,20
20250513,시청,왕십리(성동구청),21,19
20250513,시청,왕십리(성동구청),22,11
20250513,시청,왕십리(성동구청),23,11
20250513,시청,용두(동대문구청),12,1
20250513,시청,용두(동대문구청),13,1
20250513,시청,용두(동대문구청),17,9
20250513,시청,용두(동대문구청),18,1
20250513,시청,을지로3가,0,2
20250513,시청,을지로3가,5,2
20250513,시청,을지로3가,6,2
20250513,시청,을지로3가,7,5
20250513,시청,을지로3가,8,18
20250513,시청,을지로3가,9,15
20250513,시청,을지로3가,10,10
20250513,시청,을지로3가,11,32
20250513,시청,을지로3가,12,23
20250513,시청,을지로3가,13,23
20250513,시청,을지로3가,14,30
20250513,시청,을지로3가,15,29
20250513,시청,을지로3가,16,39
20250513,시청,을지로3가,17,57
20250513,시청,을지로3가,18,116
20250513,시청,을지로3가,19,16
20250513,시청,을지로3가,20,12
20250513,시청,을지로3가,21,21
20250513,시청,을지로3가,22,11
20250513,시청,을지로3가,23,1
20250513,시청,을지로4가,0,1
20250513,시청,을지로4가,7,1
20250513,시청,을지로4가,8,9
20250513,시청,을지로4가,9,13
20250513,시청,을지로4가,10,19
20250513,시청,을지로4가,11,14
20250513,시청,을지로4가,12,22
20250513,시청,을지로4가,13,20
20250513,시청,을지로4가,14,14
20250513,시청,을지로4가,15,23
20250513,시청,을지로4가,16,25
20250513,시청,을지로4가,17,27
20250513,시청,을지로4가,18,36
20250513,시청,을지로4가,19,13
20250513,시청,을지로4가,20,11
20250513,시청,을지로4가,21,26
20250513,시청,을지로4가,22,18
20250513,시청,을지로4가,23,1
20250513,시청,을지로입구,6,2
20250513,시청,을지로입구,7,6
20250513,시청,을지로입구,8,11
20250513,시청,을지로입구,9,19
20250513,시청,을지로입구,10,9
20250513,시청,을지로입구,11,42
20250513,시청,을지로입구,12,34
20250513,시청,을지로입구,13,26
20250513,시청,을지로입구,14,31
20250513,시청,을지로입구,15,39
20250513,시청,을지로입구,16,49
20250513,시청,을지로입구,17,33
20250513,시청,을지로입구,18,60
20250513,시청,을지로입구,19,16
20250513,시청,을지로입구,20,7
20250513,시청,을지로입구,21,3
20250513,시청,을지로입구,22,2
20250513,시청,이대,8,1
20250513,시청,이대,9,6
20250513,시청,이대,10,7
20250513,시청,이대,11,23
20250513,시청,이대,12,13
20250513,시청,이대,13,29
20250513,시청,이대,14,23
20250513,시청,이대,15,24
20250513,시청,이대,16,23
20250513,시청,이대,17,59
20250513,시청,이대,18,105
20250513,시청,이대,19,49
20250513,시청,이대,20,36
20250513,시청,이대,21,21
20250513,시청,이대,22,22
20250513,시청,이대,23,3
20250513,시청,잠실(송파구청),5,3
20250513,시청,잠실(송파구청),6,2
20250513,시청,잠실(송파구청),7,14
20250513,시청,잠실(송파구청),8,19
20250513,시청,잠실(송파구청),9,20
20250513,시청,잠실(송파구청),10,32
20250513,시청,잠실(송파구청),11,41
20250513,시청,잠실(송파구청),12,35
20250513,시청,잠실(송파구청),13,54
20250513,시청,잠실(송파구청),14,34
20250513,시청,잠실(송파구청),15,63
20250513,시청,잠실(송파구청),16,59
20250513,시청,잠실(송파구청),17,121
20250513,시청,잠실(송파구청),18,187
20250513,시청,잠실(송파구청),19,64
20250513,시청,잠실(송파구청),20,50
20250513,시청,잠실(송파구청),21,49
20250513,시청,잠실(송파구청),22,25
20250513,시청,잠실(송파구청),23,11
20250513,시청,잠실나루,5,3
20250513,시청,잠실나루,6,2
20250513,시청,잠실나루,7,3
20250513,시청,잠실나루,8,1
20250513,시청,잠실나루,9,2
20250513,시청,잠실나루,10,5
20250513,시청,잠실나루,11,5
20250513,시청,잠실나루,12,5
20250513,시청,잠실나루,13,7
20250513,시청,잠실나루,14,12
20250513,시청,잠실나루,15,15
20250513,시청,잠실나루,16,23
20250513,시청,잠실나루,17,37
20250513,시청,잠실나루,18,84
20250513,시청,잠실나루,19,29
20250513,시청,잠실나루,20,22
20250513,시청,잠실나루,21,19
20250513,시청,잠실나루,22,14
20250513,시청,잠실나루,23,3
20250513,시청,잠실새내,0,1
20250513,시청,잠실새내,10,1
20250513,시청,잠실새내,11,6
20250513,시청,잠실새내,12,6
20250513,시청,잠실새내,13,12
20250513,시청,잠실새내,14,13
20250513,시청,잠실새내,15,15
20250513,시청,잠실새내,16,27
20250513,시청,잠실새내,17,48
20250513,시청,잠실새내,18,99
20250513,시청,잠실새내,19,37
20250513,시청,잠실새내,20,26
20250513,시청,잠실새내,21,21
20250513,시청,잠실새내,22,16
20250513,시청,잠실새내,23,3
20250513,시청,종합운동장,8,1
20250513,시청,종합운동장,9,2
20250513,시청,종합운동장,12,3
20250513,시청,종합운동장,13,6
20250513,시청,종합운동장,14,6
20250513,시청,종합운동장,15,3
20250513,시청,종합운동장,16,23
20250513,시청,종합운동장,17,56
20250513,시청,종합운동장,18,45
20250513,시청,종합운동장,19,10
20250513,시청,종합운동장,20,5
20250513,시청,종합운동장,21,3
20250513,시청,종합운동장,22,9
20250513,시청,종합운동장,23,1
20250513,시청,충정로(경기대입구),6,3
20250513,시청,충정로(경기대입구),7,5
20250513,시청,충정로(경기대입구),8,1
20250513,시청,충정로(경기대입구),9,1
20250513,시청,충정로(경기대입구),10,7
20250513,시청,충정로(경기대입구),11,12
20250513,시청,충정로(경기대입구),12,9
20250513,시청,충정로(경기대입구),13,19
20250513,시청,충정로(경기대입구),14,13
20250513,시청,충정로(경기대입구),15,16
20250513,시청,충정로(경기대입구),16,16
20250513,시청,충정로(경기대입구),17,17
20250513,시청,충정로(경기대입구),18,26
20250513,시청,충정로(경기대입구),19,14
20250513,시청,충정로(경기대입구),20,13
20250513,시청,충정로(경기대입구),21,11
20250513,시청,충정로(경기대입구),22,13
20250513,시청,충정로(경기대입구),23,3
20250513,시청,한양대,0,1
20250513,시청,한양대,5,1
20250513,시청,한양대,6,2
20250513,시청,한양대,7,7
20250513,시청,한양대,8,11
20250513,시청,한양대,9,3
20250513,시청,한양대,10,9
20250513,시청,한양대,11,7
20250513,시청,한양대,12,12
20250513,시청,한양대,13,9
20250513,시청,한양대,14,2
20250513,시청,한양대,15,8
20250513,시청,한양대,16,9
20250513,시청,한양대,17,18
20250513,시청,한양대,18,24
20250513,시청,한양대,19,9
20250513,시청,한양대,20,11
20250513,시청,한양대,21,9
20250513,시청,한양대,22,6
20250513,시청,한양대,23,2
20250513,시청,합정,0,2
20250513,시청,합정,6,2
20250513,시청,합정,7,4
20250513,시청,합정,8,11
20250513,시청,합정,9,15
20250513,시청,합정,10,12
20250513,시청,합정,11,26
20250513,시청,합정,12,32
20250513,시청,합정,13,26
20250513,시청,합정,14,33
20250513,시청,합정,15,35
20250513,시청,합정,16,65
20250513,시청,합정,17,97
20250513,시청,합정,18,164
20250513,시청,합정,19,65
20250513,시청,합정,20,38
20250513,시청,합정,21,25
20250513,시청,합정,22,20
20250513,시청,합정,23,8
20250513,시청,홍대입구,0,6
20250513,시청,홍대입구,6,3
20250513,시청,홍대입구,7,9
20250513,시청,홍대입구,8,13
20250513,시청,홍대입구,9,26
20250513,시청,홍대입구,10,44
20250513,시청,홍대입구,11,85
20250513,시청,홍대입구,12,75
20250513,시청,홍대입구,13,73
20250513,시청,홍대입구,14,101
20250513,시청,홍대입구,15,85
20250513,시청,홍대입구,16,98
20250513,시청,홍대입구,17,200
20250513,시청,홍대입구,18,269
20250513,시청,홍대입구,19,141
20250513,시청,홍대입구,20,79
20250513,시청,홍대입구,21,62
20250513,시청,홍대입구,22,37
20250513,시청,홍대입구,23,17
20250513,신당,강남,5,4
20250513,신당,강남,6,4
20250513,신당,강남,7,33
20250513,신당,강남,8,40
20250513,신당,강남,9,25
20250513,신당,강남,10,8
20250513,신당,강남,11,4
20250513,신당,강남,12,10
20250513,신당,강남,13,7
20250513,신당,강남,14,2
20250513,신당,강남,15,2
20250513,신당,강남,16,3
20250513,신당,강남,17,10
20250513,신당,강남,18,5
20250513,신당,강남,19,4
20250513,신당,강남,21,4
20250513,신당,강변(동서울터미널),5,1
20250513,신당,강변(동서울터미널),6,4
20250513,신당,강변(동서울터미널),7,6
20250513,신당,강변(동서울터미널),8,10
20250513,신당,강변(동서울터미널),9,15
20250513,신당,강변(동서울터미널),10,5
20250513,신당,강변(동서울터미널),11,3
20250513,신당,강변(동서울터미널),12,7
20250513,신당,강변(동서울터미널),13,7
20250513,신당,강변(동서울터미널),14,8
20250513,신당,강변(동서울터미널),15,9
20250513,신당,강변(동서울터미널),16,13
20250513,신당,강변(동서울터미널),17,11
20250513,신당,강변(동서울터미널),18,16
20250513,신당,강변(동서울터미널),19,9
20250513,신당,강변(동서울터미널),20,11
20250513,신당,강변(동서울터미널),21,6
20250513,신당,강변(동서울터미널),22,4
20250513,신당,건대입구,0,2
20250513,신당,건대입구,5,6
20250513,신당,건대입구,6,7
20250513,신당,건대입구,7,8
20250513,신당,건대입구,8,20
20250513,신당,건대입구,9,17
20250513,신당,건대입구,10,13
20250513,신당,건대입구,11,19
20250513,신당,건대입구,12,13
20250513,신당,건대입구,13,18
20250513,신당,건대입구,14,15
20250513,신당,건대입구,15,14
20250513,신당,건대입구,16,17
20250513,신당,건대입구,17,24
20250513,신당,건대입구,18,37
20250513,신당,건대입구,19,15
20250513,신당,건대입구,20,23
20250513,신당,건대입구,21,18
20250513,신당,건대입구,22,11
20250513,신당,건대입구,23,11
20250513,신당,교대(법원.검찰청),5,3
20250513,신당,교대(법원.검찰청),6,4
20250513,신당,교대(법원.검찰청),7,7
20250513,신당,교대(법원.검찰청),8,8
20250513,신당,교대(법원.검찰청),9,1
20250513,신당,교대(법원.검찰청),10,2
20250513,신당,교대(법원.검찰청),11,3
20250513,신당,교대(법원.검찰청),12,2
20250513,신당,교대(법원.검찰청),13,4
20250513,신당,교대(법원.검찰청),14,2
20250513,신당,교대(법원.검찰청),15,3
20250513,신당,교대(법원.검찰청),17,1
20250513,신당,교대(법원.검찰청),19,2
20250513,신당,교대(법원.검찰청),20,1
20250513,신당,구로디지털단지,0,1
20250513,신당,구로디지털단지,5,4
20250513,신당,구로디지털단지,6,14
20250513,신당,구로디지털단지,7,36
20250513,신당,구로디지털단지,8,28
20250513,신당,구로디지털단지,9,14
20250513,신당,구로디지털단지,10,6
20250513,신당,구로디지털단지,11,6
20250513,신당,구로디지털단지,12,4
20250513,신당,구로디지털단지,13,3
20250513,신당,구로디지털단지,14,6
20250513,신당,구로디지털단지,15,9
20250513,신당,구로디지털단지,16,10
20250513,신당,구로디지털단지,17,14
20250513,신당,구로디지털단지,18,15
20250513,신당,구로디지털단지,19,12
20250513,신당,구로디지털단지,20,7
20250513,신당,구로디지털단지,21,9
20250513,신당,구로디지털단지,22,5
20250513,신당,구로디지털단지,23,1
20250513,신당,구의(광진구청),0,5
20250513,신당,구의(광진구청),5,3
20250513,신당,구의(광진구청),6,9
20250513,신당,구의(광진구청),7,9
20250513,신당,구의(광진구청),8,24
20250513,신당,구의(광진구청),9,7
20250513,신당,구의(광진구청),10,3
20250513,신당,구의(광진구청),11,8
20250513,신당,구의(광진구청),12,6
20250513,신당,구의(광진구청),13,12
20250513,신당,구의(광진구청),14,10
20250513,신당,구의(광진구청),15,11
20250513,신당,구의(광진구청),16,13
20250513,신당,구의(광진구청),17,19
20250513,신당,구의(광진구청),18,28
20250513,신당,구의(광진구청),19,16
20250513,신당,구의(광진구청),20,16
20250513,신당,구의(광진구청),21,12
20250513,신당,구의(광진구청),22,12
20250513,신당,구의(광진구청),23,12
20250513,신당,낙성대,7,3
20250513,신당,낙성대,8,3
20250513,신당,낙성대,9,5
20250513,신당,낙성대,10,3
20250513,신당,낙성대,13,4
20250513,신당,낙성대,16,3
20250513,신당,낙성대,17,3
20250513,신당,낙성대,18,5
20250513,신당,낙성대,19,4
20250513,신당,낙성대,20,1
20250513,신당,낙성대,21,2
20250513,신당,낙성대,23,2
20250513,신당,당산,0,1
20250513,신당,당산,5,1
20250513,신당,당산,6,3
20250513,신당,당산,7,16
20250513,신당,당산,8,8
20250513,신당,당산,9,10
20250513,신당,당산,10,4
20250513,신당,당산,11,2
20250513,신당,당산,12,3
20250513,신당,당산,13,4
20250513,신당,당산,14,1
20250513,신당,당산,15,2
20250513,신당,당산,16,5
20250513,신당,당산,17,5
20250513,신당,당산,18,7
20250513,신당,당산,19,6
20250513,신당,당산,20,4
20250513,신당,당산,21,1
20250513,신당,당산,22,7
20250513,신당,당산,23,2
20250513,신당,대림(구로구청),6,2
20250513,신당,대림(구로구청),7,9
20250513,신당,대림(구로구청),8,6
20250513,신당,대림(구로구청),9,6
20250513,신당,대림(구로구청),10,4
20250513,신당,대림(구로구청),11,6
20250513,신당,대림(구로구청),12,3
20250513,신당,대림(구로구청),13,2
20250513,신당,대림(구로구청),14,1
20250513,신당,대림(구로구청),15,4
20250513,신당,대림(구로구청),16,7
20250513,신당,대림(구로구청),17,8
20250513,신당,대림(구로구청),18,9
20250513,신당,대림(구로구청),19,5
20250513,신당,대림(구로구청),20,3
20250513,신당,대림(구로구청),21,5
20250513,신당,대림(구로구청),22,2
20250513,신당,동대문역사문화공원,6,8
20250513,신당,동대문역사문화공원,7,16
20250513,신당,동대문역사문화공원,8,35
20250513,신당,동대문역사문화공원,9,33
20250513,신당,동대문역사문화공원,10,27
20250513,신당,동대문역사문화공원,11,31
20250513,신당,동대문역사문화공원,12,25
20250513,신당,동대문역사문화공원,13,27
20250513,신당,동대문역사문화공원,14,23
20250513,신당,동대문역사문화공원,15,14
20250513,신당,동대문역사문화공원,16,12
20250513,신당,동대문역사문화공원,17,15
20250513,신당,동대문역사문화공원,18,17
20250513,신당,동대문역사문화공원,19,18
20250513,신당,동대문역사문화공원,20,10
20250513,신당,동대문역사문화공원,21,10
20250513,신당,동대문역사문화공원,22,10
20250513,신당,동대문역사문화공원,23,2
20250513,신당,뚝섬,0,2
20250513,신당,뚝섬,5,3
20250513,신당,뚝섬,6,5
20250513,신당,뚝섬,7,16
20250513,신당,뚝섬,8,61
20250513,신당,뚝섬,9,49
20250513,신당,뚝섬,10,12
20250513,신당,뚝섬,11,8
20250513,신당,뚝섬,12,17
20250513,신당,뚝섬,13,14
20250513,신당,뚝섬,14,17
20250513,신당,뚝섬,15,17
20250513,신당,뚝섬,16,10
20250513,신당,뚝섬,17,13
20250513,신당,뚝섬,18,17
20250513,신당,뚝섬,19,8
20250513,신당,뚝섬,20,2
20250513,신당,뚝섬,21,6
20250513,신당,뚝섬,22,6
20250513,신당,뚝섬,23,4
20250513,신당,문래,5,1
20250513,신당,문래,6,3
20250513,신당,문래,7,17
20250513,신당,문래,8,8
20250513,신당,문래,9,6
20250513,신당,문래,10,3
20250513,신당,문래,11,2
20250513,신당,문래,12,4
20250513,신당,문래,13,3
20250513,신당,문래,14,1
20250513,신당,문래,15,5
20250513,신당,문래,16,4
20250513,신당,문래,17,2
20250513,신당,문래,18,7
20250513,신당,문래,19,7
20250513,신당,문래,20,2
20250513,신당,문래,21,1
20250513,신당,방배,6,1
20250513,신당,방배,7,1
20250513,신당,방배,8,2
20250513,신당,방배,9,2
20250513,신당,방배,10,1
20250513,신당,방배,11,3
20250513,신당,방배,12,1
20250513,신당,방배,13,1
20250513,신당,방배,14,1
20250513,신당,방배,16,1
20250513,신당,방배,17,1
20250513,신당,방배,18,1
20250513,신당,봉천,7,2
20250513,신당,봉천,11,1
20250513,신당,봉천,12,1
20250513,신당,봉천,14,3
20250513,신당,봉천,15,2
20250513,신당,봉천,16,1
20250513,신당,봉천,17,1
20250513,신당,봉천,18,6
20250513,신당,봉천,19,4
20250513,신당,봉천,20,3
20250513,신당,봉천,21,3
20250513,신당,봉천,22,1
20250513,신당,봉천,23,1
20250513,신당,사당,5,1
20250513,신당,사당,6,3
20250513,신당,사당,7,5
20250513,신당,사당,8,4
20250513,신당,사당,9,3
20250513,신당,사당,10,1
20250513,신당,사당,11,1
20250513,신당,사당,13,2
20250513,신당,사당,14,2
20250513,신당,사당,15,2
20250513,신당,사당,16,2
20250513,신당,사당,17,2
20250513,신당,사당,18,1
20250513,신당,사당,19,1
20250513,신당,사당,20,4
20250513,신당,사당,21,2
20250513,신당,사당,22,2
20250513,신당,사당,23,2
20250513,신당,삼성(무역센터),0,1
20250513,신당,삼성(무역센터),5,6
20250513,신당,삼성(무역센터),6,10
20250513,신당,삼성(무역센터),7,41
20250513,신당,삼성(무역센터),8,78
20250513,신당,삼성(무역센터),9,21
20250513,신당,삼성(무역센터),10,12
20250513,신당,삼성(무역센터),11,10
20250513,신당,삼성(무역센터),12,13
20250513,신당,삼성(무역센터),13,6
20250513,신당,삼성(무역센터),14,3
20250513,신당,삼성(무역센터),15,6
20250513,신당,삼성(무역센터),16,6
20250513,신당,삼성(무역센터),17,2
20250513,신당,삼성(무역센터),18,10
20250513,신당,삼성(무역센터),19,1
20250513,신당,삼성(무역센터),20,2
20250513,신당,상왕십리,0,1
20250513,신당,상왕십리,5,1
20250513,신당,상왕십리,6,2
20250513,신당,상왕십리,7,4
20250513,신당,상왕십리,8,4
20250513,신당,상왕십리,9,11
20250513,신당,상왕십리,10,17
20250513,신당,상왕십리,11,23
20250513,신당,상왕십리,12,13
20250513,신당,상왕십리,13,14
20250513,신당,상왕십리,14,25
20250513,신당,상왕십리,15,27
20250513,신당,상왕십리,16,22
20250513,신당,상왕십리,17,14
20250513,신당,상왕십리,18,16
20250513,신당,상왕십리,19,6
20250513,신당,상왕십리,20,15
20250513,신당,상왕십리,21,7
20250513,신당,상왕십리,22,5
20250513,신당,서울대입구(관악구청),5,4
20250513,신당,서울대입구(관악구청),6,3
20250513,신당,서울대입구(관악구청),7,3
20250513,신당,서울대입구(관악구청),8,4
20250513,신당,서울대입구(관악구청),9,3
20250513,신당,서울대입구(관악구청),11,2
20250513,신당,서울대입구(관악구청),12,2
20250513,신당,서울대입구(관악구청),13,3
20250513,신당,서울대입구(관악구청),14,2
20250513,신당,서울대입구(관악구청),15,2
20250513,신당,서울대입구(관악구청),16,2
20250513,신당,서울대입구(관악구청),17,4
20250513,신당,서울대입구(관악구청),18,9
20250513,신당,서울대입구(관악구청),19,3
20250513,신당,서울대입구(관악구청),20,2
20250513,신당,서울대입구(관악구청),21,4
20250513,신당,서울대입구(관악구청),22,2
20250513,신당,서초,7,5
20250513,신당,서초,8,4
20250513,신당,서초,9,2
20250513,신당,서초,11,1
20250513,신당,서초,12,1
20250513,신당,서초,13,2
20250513,신당,서초,16,1
20250513,신당,서초,21,1
20250513,신당,서초,22,1
20250513,신당,선릉,5,2
20250513,신당,선릉,6,5
20250513,신당,선릉,7,26
20250513,신당,선릉,8,29
20250513,신당,선릉,9,12
20250513,신당,선릉,10,7
20250513,신당,선릉,11,2
20250513,신당,선릉,12,11
20250513,신당,선릉,13,1
20250513,신당,선릉,14,5
20250513,신당,선릉,15,4
20250513,신당,선릉,16,2
20250513,신당,선릉,17,3
20250513,신당,선릉,18,4
20250513,신당,선릉,19,2
20250513,신당,선릉,20,2
20250513,신당,선릉,23,2
20250513,신당,성수,0,2
20250513,신당,성수,5,9
20250513,신당,성수,6,18
20250513,신당,성수,7,30
20250513,신당,성수,8,73
20250513,신당,성수,9,41
20250513,신당,성수,10,25
20250513,신당,성수,11,21
20250513,신당,성수,12,20
20250513,신당,성수,13,17
20250513,신당,성수,14,12
20250513,신당,성수,15,13
20250513,신당,성수,16,17
20250513,신당,성수,17,23
20250513,신당,성수,18,22
20250513,신당,성수,19,14
20250513,신당,성수,20,4
20250513,신당,성수,21,5
20250513,신당,성수,22,5
20250513,신당,성수,23,5
20250513,신당,시청,5,3
20250513,신당,시청,6,17
20250513,신당,시청,7,64
20250513,신당,시청,8,160
20250513,신당,시청,9,54
20250513,신당,시청,10,13
20250513,신당,시청,11,13
20250513,신당,시청,12,14
20250513,신당,시청,13,12
20250513,신당,시청,14,5
20250513,신당,시청,15,6
20250513,신당,시청,16,9
20250513,신당,시청,17,7
20250513,신당,시청,18,7
20250513,신당,시청,19,2
20250513,신당,시청,20,4
20250513,신당,시청,21,1
20250513,신당,시청,22,3
20250513,신당,신당,0,2
20250513,신당,신당,5,5
20250513,신당,신당,6,2
20250513,신당,신당,7,4
20250513,신당,신당,8,8
20250513,신당,신당,9,9
20250513,신당,신당,10,6
20250513,신당,신당,11,15
20250513,신당,신당,12,12
20250513,신당,신당,13,12
20250513,신당,신당,14,18
20250513,신당,신당,15,16
20250513,신당,신당,16,8
20250513,신당,신당,17,7
20250513,신당,신당,18,12
20250513,신당,신당,19,20
20250513,신당,신당,20,5
20250513,신당,신당,21,15
20250513,신당,신당,22,7
20250513,신당,신당,23,6
20250513,신당,신대방,0,1
20250513,신당,신대방,5,1
20250513,신당,신대방,7,2
20250513,신당,신대방,8,1
20250513,신당,신대방,9,2
20250513,신당,신대방,11,1
20250513,신당,신대방,13,5
20250513,신당,신대방,14,2
20250513,신당,신대방,15,3
20250513,신당,신대방,16,3
20250513,신당,신대방,17,5
20250513,신당,신대방,18,9
20250513,신당,신대방,19,3
20250513,신당,신대방,20,8
20250513,신당,신대방,21,2
20250513,신당,신대방,22,3
20250513,신당,신도림,0,3
20250513,신당,신도림,5,2
20250513,신당,신도림,6,3
20250513,신당,신도림,7,8
20250513,신당,신도림,8,9
20250513,신당,신도림,9,6
20250513,신당,신도림,10,1
20250513,신당,신도림,11,4
20250513,신당,신도림,12,6
20250513,신당,신도림,13,3
20250513,신당,신도림,14,4
20250513,신당,신도림,15,2
20250513,신당,신도림,16,8
20250513,신당,신도림,17,8
20250513,신당,신도림,18,16
20250513,신당,신도림,19,3
20250513,신당,신도림,20,7
20250513,신당,신도림,21,3
20250513,신당,신도림,22,6
20250513,신당,신도림,23,5
20250513,신당,신림,0,2
20250513,신당,신림,5,1
20250513,신당,신림,6,3
20250513,신당,신림,9,3
20250513,신당,신림,10,2
20250513,신당,신림,11,1
20250513,신당,신림,12,6
20250513,신당,신림,13,1
20250513,신당,신림,14,8
20250513,신당,신림,15,5
20250513,신당,신림,16,2
20250513,신당,신림,17,10
20250513,신당,신림,18,16
20250513,신당,신림,19,11
20250513,신당,신림,20,5
20250513,신당,신림,21,9
20250513,신당,신림,22,5
20250513,신당,신림,23,4
20250513,신당,신촌,5,2
20250513,신당,신촌,6,17
20250513,신당,신촌,7,16
20250513,신당,신촌,8,35
20250513,신당,신촌,9,30
20250513,신당,신촌,10,24
20250513,신당,신촌,11,18
20250513,신당,신촌,12,22
20250513,신당,신촌,13,18
20250513,신당,신촌,14,18
20250513,신당,신촌,15,10
20250513,신당,신촌,16,18
20250513,신당,신촌,17,20
20250513,신당,신촌,18,25
20250513,신당,신촌,19,18
20250513,신당,신촌,20,6
20250513,신당,신촌,21,9
20250513,신당,신촌,22,3
20250513,신당,신촌,23,5
20250513,신당,아현,7,6
20250513,신당,아현,8,10
20250513,신당,아현,9,6
20250513,신당,아현,10,1
20250513,신당,아현,11,11
20250513,신당,아현,12,4
20250513,신당,아현,13,4
20250513,신당,아현,14,9
20250513,신당,아현,15,5
20250513,신당,아현,16,10
20250513,신당,아현,17,6
20250513,신당,아현,18,14
20250513,신당,아현,19,9
20250513,신당,아현,20,10
20250513,신당,아현,21,9
20250513,신당,아현,22,9
20250513,신당,아현,23,11
20250513,신당,역삼,5,1
20250513,신당,역삼,6,5
20250513,신당,역삼,7,33
20250513,신당,역삼,8,45
20250513,신당,역삼,9,25
20250513,신당,역삼,10,6
20250513,신당,역삼,11,5
20250513,신당,역삼,12,2
20250513,신당,역삼,13,2
20250513,신당,역삼,14,4
20250513,신당,역삼,15,4
20250513,신당,역삼,16,1
20250513,신당,역삼,17,4
20250513,신당,역삼,18,5
20250513,신당,역삼,19,1
20250513,신당,역삼,20,2
20250513,신당,역삼,21,2
20250513,신당,역삼,22,1
20250513,신당,영등포구청,6,2
20250513,신당,영등포구청,7,12
20250513,신당,영등포구청,8,8
20250513,신당,영등포구청,9,1
20250513,신당,영등포구청,10,2
20250513,신당,영등포구청,12,3
20250513,신당,영등포구청,13,3
20250513,신당,영등포구청,14,3
20250513,신당,영등포구청,15,3
20250513,신당,영등포구청,16,4
20250513,신당,영등포구청,17,7
20250513,신당,영등포구청,18,5
20250513,신당,영등포구청,19,4
20250513,신당,영등포구청,20,2
20250513,신당,영등포구청,22,4
20250513,신당,왕십리(성동구청),0,5
20250513,신당,왕십리(성동구청),6,3
20250513,신당,왕십리(성동구청),7,12
20250513,신당,왕십리(성동구청),8,18
20250513,신당,왕십리(성동구청),9,10
20250513,신당,왕십리(성동구청),10,14
20250513,신당,왕십리(성동구청),11,11
20250513,신당,왕십리(성동구청),12,15
20250513,신당,왕십리(성동구청),13,22
20250513,신당,왕십리(성동구청),14,18
20250513,신당,왕십리(성동구청),15,20
20250513,신당,왕십리(성동구청),16,19
20250513,신당,왕십리(성동구청),17,27
20250513,신당,왕십리(성동구청),18,30
20250513,신당,왕십리(성동구청),19,19
20250513,신당,왕십리(성동구청),20,10
20250513,신당,왕십리(성동구청),21,9
20250513,신당,왕십리(성동구청),22,8
20250513,신당,왕십리(성동구청),23,12
20250513,신당,용두(동대문구청),8,1
20250513,신당,용두(동대문구청),10,1
20250513,신당,용두(동대문구청),12,2
20250513,신당,용두(동대문구청),15,1
20250513,신당,용두(동대문구청),21,1
20250513,신당,을지로3가,5,6
20250513,신당,을지로3가,6,20
20250513,신당,을지로3가,7,77
20250513,신당,을지로3가,8,150
20250513,신당,을지로3가,9,49
20250513,신당,을지로3가,10,19
20250513,신당,을지로3가,11,17
20250513,신당,을지로3가,12,12
20250513,신당,을지로3가,13,19
20250513,신당,을지로3가,14,16
20250513,신당,을지로3가,15,9
20250513,신당,을지로3가,16,14
20250513,신당,을지로3가,17,24
20250513,신당,을지로3가,18,12
20250513,신당,을지로3가,19,6
20250513,신당,을지로3가,20,11
20250513,신당,을지로3가,21,5
20250513,신당,을지로3가,22,5
20250513,신당,을지로3가,23,1
20250513,신당,을지로4가,5,2
20250513,신당,을지로4가,6,13
20250513,신당,을지로4가,7,69
20250513,신당,을지로4가,8,100
20250513,신당,을지로4가,9,33
20250513,신당,을지로4가,10,12
20250513,신당,을지로4가,11,14
20250513,신당,을지로4가,12,18
20250513,신당,을지로4가,13,13
20250513,신당,을지로4가,14,15
20250513,신당,을지로4가,15,12
20250513,신당,을지로4가,16,14
20250513,신당,을지로4가,17,6
20250513,신당,을지로4가,18,14
20250513,신당,을지로4가,19,9
20250513,신당,을지로4가,20,10
20250513,신당,을지로4가,21,2
20250513,신당,을지로4가,22,4
20250513,신당,을지로4가,23,1
20250513,신당,을지로입구,5,9
20250513,신당,을지로입구,6,22
20250513,신당,을지로입구,7,129
20250513,신당,을지로입구,8,275
20250513,신당,을지로입구,9,84
20250513,신당,을지로입구,10,46
20250513,신당,을지로입구,11,26
20250513,신당,을지로입구,12,30
20250513,신당,을지로입구,13,35
20250513,신당,을지로입구,14,26
20250513,신당,을지로입구,15,29
20250513,신당,을지로입구,16,18
20250513,신당,을지로입구,17,26
20250513,신당,을지로입구,18,29
20250513,신당,을지로입구,19,11
20250513,신당,을지로입구,20,5
20250513,신당,을지로입구,21,3
20250513,신당,을지로입구,22,6
20250513,신당,을지로입구,23,6
20250513,신당,이대,0,2
20250513,신당,이대,5,1
20250513,신당,이대,7,11
20250513,신당,이대,8,12
20250513,신당,이대,9,17
20250513,신당,이대,10,13
20250513,신당,이대,11,8
20250513,신당,이대,12,11
20250513,신당,이대,13,8
20250513,신당,이대,14,2
20250513,신당,이대,15,6
20250513,신당,이대,16,6
20250513,신당,이대,17,9
20250513,신당,이대,18,13
20250513,신당,이대,19,10
20250513,신당,이대,20,4
20250513,신당,이대,21,4
20250513,신당,이대,22,4
20250513,신당,이대,23,5
20250513,신당,잠실(송파구청),0,2
20250513,신당,잠실(송파구청),5,10
20250513,신당,잠실(송파구청),6,13
20250513,신당,잠실(송파구청),7,26
20250513,신당,잠실(송파구청),8,52
20250513,신당,잠실(송파구청),9,26
20250513,신당,잠실(송파구청),10,13
20250513,신당,잠실(송파구청),11,12
20250513,신당,잠실(송파구청),12,21
20250513,신당,잠실(송파구청),13,26
20250513,신당,잠실(송파구청),14,12
20250513,신당,잠실(송파구청),15,27
20250513,신당,잠실(송파구청),16,14
20250513,신당,잠실(송파구청),17,20
20250513,신당,잠실(송파구청),18,26
20250513,신당,잠실(송파구청),19,26
20250513,신당,잠실(송파구청),20,13
20250513,신당,잠실(송파구청),21,11
20250513,신당,잠실(송파구청),22,7
20250513,신당,잠실(송파구청),23,10
20250513,신당,잠실나루,0,1
20250513,신당,잠실나루,5,4
20250513,신당,잠실나루,6,3
20250513,신당,잠실나루,7,8
20250513,신당,잠실나루,8,12
20250513,신당,잠실나루,9,6
20250513,신당,잠실나루,10,2
20250513,신당,잠실나루,11,2
20250513,신당,잠실나루,12,4
20250513,신당,잠실나루,13,3
20250513,신당,잠실나루,14,3
20250513,신당,잠실나루,15,2
20250513,신당,잠실나루,16,4
20250513,신당,잠실나루,17,3
20250513,신당,잠실나루,18,6
20250513,신당,잠실나루,19,4
20250513,신당,잠실나루,20,4
20250513,신당,잠실나루,21,1
20250513,신당,잠실나루,22,5
20250513,신당,잠실나루,23,1
20250513,신당,잠실새내,0,1
20250513,신당,잠실새내,5,3
20250513,신당,잠실새내,6,2
20250513,신당,잠실새내,7,2
20250513,신당,잠실새내,8,7
20250513,신당,잠실새내,9,4
20250513,신당,잠실새내,10,2
20250513,신당,잠실새내,11,4
20250513,신당,잠실새내,12,3
20250513,신당,잠실새내,13,5
20250513,신당,잠실새내,14,11
20250513,신당,잠실새내,15,12
20250513,신당,잠실새내,16,8
20250513,신당,잠실새내,17,11
20250513,신당,잠실새내,18,21
20250513,신당,잠실새내,19,7
20250513,신당,잠실새내,20,3
20250513,신당,잠실새내,21,3
20250513,신당,잠실새내,22,2
20250513,신당,잠실새내,23,5
20250513,신당,종합운동장,6,2
20250513,신당,종합운동장,7,4
20250513,신당,종합운동장,8,1
20250513,신당,종합운동장,9,1
20250513,신당,종합운동장,11,1
20250513,신당,종합운동장,12,1
20250513,신당,종합운동장,14,1
20250513,신당,종합운동장,15,4
20250513,신당,종합운동장,16,4
20250513,신당,종합운동장,17,17
20250513,신당,종합운동장,18,17
20250513,신당,종합운동장,19,1
20250513,신당,종합운동장,20,1
20250513,신당,종합운동장,23,1
20250513,신당,충정로(경기대입구),0,1
20250513,신당,충정로(경기대입구),5,3
20250513,신당,충정로(경기대입구),6,6
20250513,신당,충정로(경기대입구),7,10
20250513,신당,충정로(경기대입구),8,34
20250513,신당,충정로(경기대입구),9,22
20250513,신당,충정로(경기대입구),10,5
20250513,신당,충정로(경기대입구),11,18
20250513,신당,충정로(경기대입구),12,6
20250513,신당,충정로(경기대입구),13,6
20250513,신당,충정로(경기대입구),14,7
20250513,신당,충정로(경기대입구),15,15
20250513,신당,충정로(경기대입구),16,11
20250513,신당,충정로(경기대입구),17,3
20250513,신당,충정로(경기대입구),18,10
20250513,신당,충정로(경기대입구),19,5
20250513,신당,충정로(경기대입구),20,1
20250513,신당,충정로(경기대입구),21,9
20250513,신당,충정로(경기대입구),22,13
20250513,신당,충정로(경기대입구),23,3
20250513,신당,한양대,0,4
20250513,신당,한양대,5,1
20250513,신당,한양대,6,6
20250513,신당,한양대,7,5
20250513,신당,한양대,8,42
20250513,신당,한양대,9,39
20250513,신당,한양대,10,46
20250513,신당,한양대,11,12
20250513,신당,한양대,12,27
20250513,신당,한양대,13,18
20250513,신당,한양대,14,8
20250513,신당,한양대,15,6
20250513,신당,한양대,16,7
20250513,신당,한양대,17,7
20250513,신당,한양대,18,2
20250513,신당,한양대,19,1
20250513,신당,한양대,20,5
20250513,신당,한양대,21,1
20250513,신당,한양대,22,2
20250513,신당,한양대,23,1
20250513,신당,합정,0,3
20250513,신당,합정,5,2
20250513,신당,합정,6,5
20250513,신당,합정,7,7
20250513,신당,합정,8,20
20250513,신당,합정,9,14
20250513,신당,합정,10,6
20250513,신당,합정,11,7
20250513,신당,합정,12,2
20250513,신당,합정,13,6
20250513,신당,합정,14,5
20250513,신당,합정,15,4
20250513,신당,합정,16,11
20250513,신당,합정,17,5
20250513,신당,합정,18,11
20250513,신당,합정,19,7
20250513,신당,합정,20,2
20250513,신당,합정,21,5
20250513,신당,합정,22,3
20250513,신당,합정,23,4
20250513,신당,홍대입구,0,4
20250513,신당,홍대입구,5,2
20250513,신당,홍대입구,6,7
20250513,신당,홍대입구,7,12
20250513,신당,홍대입구,8,35
20250513,신당,홍대입구,9,28
20250513,신당,홍대입구,10,15
20250513,신당,홍대입구,11,17
20250513,신당,홍대입구,12,9
20250513,신당,홍대입구,13,20
20250513,신당,홍대입구,14,23
20250513,신당,홍대입구,15,28
20250513,신당,홍대입구,16,15
20250513,신당,홍대입구,17,31
20250513,신당,홍대입구,18,16
20250513,신당,홍대입구,19,29
20250513,신당,홍대입구,20,17
20250513,신당,홍대입구,21,15
20250513,신당,홍대입구,22,10
20250513,신당,홍대입구,23,9
20250513,신대방,강남,5,50
20250513,신대방,강남,6,66
20250513,신대방,강남,7,205
20250513,신대방,강남,8,382
20250513,신대방,강남,9,279
20250513,신대방,강남,10,86
20250513,신대방,강남,11,46
20250513,신대방,강남,12,40
20250513,신대방,강남,13,48
20250513,신대방,강남,14,37
20250513,신대방,강남,15,33
20250513,신대방,강남,16,35
20250513,신대방,강남,17,39
20250513,신대방,강남,18,35
20250513,신대방,강남,19,26
20250513,신대방,강남,20,18
20250513,신대방,강남,21,8
20250513,신대방,강남,22,3
20250513,신대방,강남,23,1
20250513,신대방,강변(동서울터미널),5,5
20250513,신대방,강변(동서울터미널),6,5
20250513,신대방,강변(동서울터미널),7,5
20250513,신대방,강변(동서울터미널),8,9
20250513,신대방,강변(동서울터미널),9,3
20250513,신대방,강변(동서울터미널),10,1
20250513,신대방,강변(동서울터미널),11,5
20250513,신대방,강변(동서울터미널),12,6
20250513,신대방,강변(동서울터미널),13,5
20250513,신대방,강변(동서울터미널),14,3
20250513,신대방,강변(동서울터미널),15,5
20250513,신대방,강변(동서울터미널),16,4
20250513,신대방,강변(동서울터미널),17,2
20250513,신대방,강변(동서울터미널),18,4
20250513,신대방,강변(동서울터미널),19,2
20250513,신대방,강변(동서울터미널),20,2
20250513,신대방,강변(동서울터미널),21,2
20250513,신대방,강변(동서울터미널),22,1
20250513,신대방,건대입구,5,1
20250513,신대방,건대입구,6,5
20250513,신대방,건대입구,7,20
20250513,신대방,건대입구,8,10
20250513,신대방,건대입구,9,9
20250513,신대방,건대입구,10,7
20250513,신대방,건대입구,11,3
20250513,신대방,건대입구,12,8
20250513,신대방,건대입구,13,8
20250513,신대방,건대입구,14,5
20250513,신대방,건대입구,15,5
20250513,신대방,건대입구,16,1
20250513,신대방,건대입구,17,1
20250513,신대방,건대입구,18,5
20250513,신대방,건대입구,19,2
20250513,신대방,건대입구,20,1
20250513,신대방,건대입구,21,1
20250513,신대방,건대입구,22,3
20250513,신대방,건대입구,23,1
20250513,신대방,교대(법원.검찰청),5,22
20250513,신대방,교대(법원.검찰청),6,25
20250513,신대방,교대(법원.검찰청),7,67
20250513,신대방,교대(법원.검찰청),8,135
20250513,신대방,교대(법원.검찰청),9,76
20250513,신대방,교대(법원.검찰청),10,30
20250513,신대방,교대(법원.검찰청),11,16
20250513,신대방,교대(법원.검찰청),12,21
20250513,신대방,교대(법원.검찰청),13,18
20250513,신대방,교대(법원.검찰청),14,19
20250513,신대방,교대(법원.검찰청),15,8
20250513,신대방,교대(법원.검찰청),16,12
20250513,신대방,교대(법원.검찰청),17,11
20250513,신대방,교대(법원.검찰청),18,8
20250513,신대방,교대(법원.검찰청),19,5
20250513,신대방,교대(법원.검찰청),20,2
20250513,신대방,교대(법원.검찰청),21,4
20250513,신대방,교대(법원.검찰청),23,1
20250513,신대방,구로디지털단지,5,3
20250513,신대방,구로디지털단지,6,12
20250513,신대방,구로디지털단지,7,31
20250513,신대방,구로디지털단지,8,117
20250513,신대방,구로디지털단지,9,69
20250513,신대방,구로디지털단지,10,46
20250513,신대방,구로디지털단지,11,29
20250513,신대방,구로디지털단지,12,33
20250513,신대방,구로디지털단지,13,29
20250513,신대방,구로디지털단지,14,23
20250513,신대방,구로디지털단지,15,32
20250513,신대방,구로디지털단지,16,27
20250513,신대방,구로디지털단지,17,24
20250513,신대방,구로디지털단지,18,37
20250513,신대방,구로디지털단지,19,35
20250513,신대방,구로디지털단지,20,23
20250513,신대방,구로디지털단지,21,13
20250513,신대방,구로디지털단지,22,14
20250513,신대방,구로디지털단지,23,10
20250513,신대방,구의(광진구청),5,5
20250513,신대방,구의(광진구청),6,4
20250513,신대방,구의(광진구청),7,10
20250513,신대방,구의(광진구청),8,8
20250513,신대방,구의(광진구청),9,5
20250513,신대방,구의(광진구청),10,2
20250513,신대방,구의(광진구청),11,1
20250513,신대방,구의(광진구청),12,1
20250513,신대방,구의(광진구청),13,4
20250513,신대방,구의(광진구청),15,1
20250513,신대방,구의(광진구청),16,5
20250513,신대방,구의(광진구청),17,4
20250513,신대방,구의(광진구청),18,6
20250513,신대방,구의(광진구청),19,2
20250513,신대방,구의(광진구청),20,1
20250513,신대방,구의(광진구청),21,2
20250513,신대방,구의(광진구청),22,1
20250513,신대방,구의(광진구청),23,1
20250513,신대방,낙성대,4,1
20250513,신대방,낙성대,5,10
20250513,신대방,낙성대,6,10
20250513,신대방,낙성대,7,30
20250513,신대방,낙성대,8,52
20250513,신대방,낙성대,9,31
20250513,신대방,낙성대,10,13
20250513,신대방,낙성대,11,24
20250513,신대방,낙성대,12,13
20250513,신대방,낙성대,13,16
20250513,신대방,낙성대,14,13
20250513,신대방,낙성대,15,16
20250513,신대방,낙성대,16,25
20250513,신대방,낙성대,17,19
20250513,신대방,낙성대,18,25
20250513,신대방,낙성대,19,19
20250513,신대방,낙성대,20,5
20250513,신대방,낙성대,21,7
20250513,신대방,낙성대,22,9
20250513,신대방,낙성대,23,10
20250513,신대방,당산,5,17
20250513,신대방,당산,6,30
20250513,신대방,당산,7,43
20250513,신대방,당산,8,78
20250513,신대방,당산,9,34
20250513,신대방,당산,10,10
20250513,신대방,당산,11,9
20250513,신대방,당산,12,9
20250513,신대방,당산,13,18
20250513,신대방,당산,14,14
20250513,신대방,당산,15,9
20250513,신대방,당산,16,15
20250513,신대방,당산,17,21
20250513,신대방,당산,18,20
20250513,신대방,당산,19,7
20250513,신대방,당산,20,9
20250513,신대방,당산,21,8
20250513,신대방,당산,22,7
20250513,신대방,당산,23,4
20250513,신대방,대림(구로구청),0,3
20250513,신대방,대림(구로구청),5,10
20250513,신대방,대림(구로구청),6,16
20250513,신대방,대림(구로구청),7,42
20250513,신대방,대림(구로구청),8,68
20250513,신대방,대림(구로구청),9,48
20250513,신대방,대림(구로구청),10,38
20250513,신대방,대림(구로구청),11,40
20250513,신대방,대림(구로구청),12,24
20250513,신대방,대림(구로구청),13,30
20250513,신대방,대림(구로구청),14,17
20250513,신대방,대림(구로구청),15,32
20250513,신대방,대림(구로구청),16,29
20250513,신대방,대림(구로구청),17,17
20250513,신대방,대림(구로구청),18,26
20250513,신대방,대림(구로구청),19,29
20250513,신대방,대림(구로구청),20,16
20250513,신대방,대림(구로구청),21,16
20250513,신대방,대림(구로구청),22,11
20250513,신대방,대림(구로구청),23,8
20250513,신대방,동대문역사문화공원,5,1
20250513,신대방,동대문역사문화공원,6,8
20250513,신대방,동대문역사문화공원,7,24
20250513,신대방,동대문역사문화공원,8,27
20250513,신대방,동대문역사문화공원,9,14
20250513,신대방,동대문역사문화공원,10,10
20250513,신대방,동대문역사문화공원,11,12
20250513,신대방,동대문역사문화공원,12,9
20250513,신대방,동대문역사문화공원,13,4
20250513,신대방,동대문역사문화공원,14,1
20250513,신대방,동대문역사문화공원,15,3
20250513,신대방,동대문역사문화공원,16,3
20250513,신대방,동대문역사문화공원,17,1
20250513,신대방,동대문역사문화공원,18,2
20250513,신대방,동대문역사문화공원,19,8
20250513,신대방,동대문역사문화공원,20,5
20250513,신대방,동대문역사문화공원,21,3
20250513,신대방,동대문역사문화공원,22,2
20250513,신대방,동대문역사문화공원,23,1
20250513,신대방,뚝섬,5,2
20250513,신대방,뚝섬,6,8
20250513,신대방,뚝섬,7,29
20250513,신대방,뚝섬,8,22
20250513,신대방,뚝섬,9,16
20250513,신대방,뚝섬,10,3
20250513,신대방,뚝섬,11,5
20250513,신대방,뚝섬,12,5
20250513,신대방,뚝섬,16,2
20250513,신대방,뚝섬,17,3
20250513,신대방,뚝섬,18,1
20250513,신대방,뚝섬,20,2
20250513,신대방,뚝섬,21,1
20250513,신대방,뚝섬,22,2
20250513,신대방,뚝섬,23,2
20250513,신대방,문래,5,3
20250513,신대방,문래,6,21
20250513,신대방,문래,7,53
20250513,신대방,문래,8,126
20250513,신대방,문래,9,57
20250513,신대방,문래,10,15
20250513,신대방,문래,11,7
20250513,신대방,문래,12,16
20250513,신대방,문래,13,13
20250513,신대방,문래,14,13
20250513,신대방,문래,15,12
20250513,신대방,문래,16,5
20250513,신대방,문래,17,9
20250513,신대방,문래,18,15
20250513,신대방,문래,19,6
20250513,신대방,문래,20,4
20250513,신대방,문래,21,4
20250513,신대방,문래,22,3
20250513,신대방,방배,4,1
20250513,신대방,방배,5,13
20250513,신대방,방배,6,13
20250513,신대방,방배,7,52
20250513,신대방,방배,8,109
20250513,신대방,방배,9,59
20250513,신대방,방배,10,30
20250513,신대방,방배,11,22
20250513,신대방,방배,12,14
20250513,신대방,방배,13,15
20250513,신대방,방배,14,14
20250513,신대방,방배,15,10
20250513,신대방,방배,16,11
20250513,신대방,방배,17,16
20250513,신대방,방배,18,16
20250513,신대방,방배,19,8
20250513,신대방,방배,20,4
20250513,신대방,방배,21,2
20250513,신대방,방배,22,1
20250513,신대방,방배,23,2
20250513,신대방,봉천,0,3
20250513,신대방,봉천,5,6
20250513,신대방,봉천,6,12
20250513,신대방,봉천,7,32
20250513,신대방,봉천,8,36
20250513,신대방,봉천,9,42
20250513,신대방,봉천,10,27
20250513,신대방,봉천,11,23
20250513,신대방,봉천,12,18
20250513,신대방,봉천,13,23
20250513,신대방,봉천,14,16
20250513,신대방,봉천,15,20
20250513,신대방,봉천,16,22
20250513,신대방,봉천,17,27
20250513,신대방,봉천,18,37
20250513,신대방,봉천,19,16
20250513,신대방,봉천,20,11
20250513,신대방,봉천,21,16
20250513,신대방,봉천,22,9
20250513,신대방,봉천,23,2
20250513,신대방,사당,0,3
20250513,신대방,사당,5,23
20250513,신대방,사당,6,32
20250513,신대방,사당,7,51
20250513,신대방,사당,8,71
20250513,신대방,사당,9,48
20250513,신대방,사당,10,19
20250513,신대방,사당,11,24
20250513,신대방,사당,12,31
20250513,신대방,사당,13,19
20250513,신대방,사당,14,16
20250513,신대방,사당,15,30
20250513,신대방,사당,16,24
20250513,신대방,사당,17,28
20250513,신대방,사당,18,26
20250513,신대방,사당,19,17
20250513,신대방,사당,20,8
20250513,신대방,사당,21,8
20250513,신대방,사당,22,4
20250513,신대방,사당,23,7
20250513,신대방,삼성(무역센터),5,53
20250513,신대방,삼성(무역센터),6,46
20250513,신대방,삼성(무역센터),7,153
20250513,신대방,삼성(무역센터),8,201
20250513,신대방,삼성(무역센터),9,88
20250513,신대방,삼성(무역센터),10,35
20250513,신대방,삼성(무역센터),11,16
20250513,신대방,삼성(무역센터),12,13
20250513,신대방,삼성(무역센터),13,10
20250513,신대방,삼성(무역센터),14,7
20250513,신대방,삼성(무역센터),15,10
20250513,신대방,삼성(무역센터),16,4
20250513,신대방,삼성(무역센터),17,10
20250513,신대방,삼성(무역센터),18,12
20250513,신대방,삼성(무역센터),19,1
20250513,신대방,삼성(무역센터),20,3
20250513,신대방,삼성(무역센터),21,1
20250513,신대방,상왕십리,5,3
20250513,신대방,상왕십리,6,2
20250513,신대방,상왕십리,7,13
20250513,신대방,상왕십리,8,14
20250513,신대방,상왕십리,9,4
20250513,신대방,상왕십리,10,1
20250513,신대방,상왕십리,12,1
20250513,신대방,상왕십리,13,2
20250513,신대방,상왕십리,14,3
20250513,신대방,상왕십리,15,1
20250513,신대방,상왕십리,16,3
20250513,신대방,상왕십리,17,2
20250513,신대방,상왕십리,18,4
20250513,신대방,상왕십리,19,1
20250513,신대방,상왕십리,20,1
20250513,신대방,상왕십리,21,4
20250513,신대방,상왕십리,22,1
20250513,신대방,상왕십리,23,1
20250513,신대방,서울대입구(관악구청),0,2
20250513,신대방,서울대입구(관악구청),5,7
20250513,신대방,서울대입구(관악구청),6,17
20250513,신대방,서울대입구(관악구청),7,39
20250513,신대방,서울대입구(관악구청),8,87
20250513,신대방,서울대입구(관악구청),9,68
20250513,신대방,서울대입구(관악구청),10,60
20250513,신대방,서울대입구(관악구청),11,39
20250513,신대방,서울대입구(관악구청),12,52
20250513,신대방,서울대입구(관악구청),13,50
20250513,신대방,서울대입구(관악구청),14,39
20250513,신대방,서울대입구(관악구청),15,36
20250513,신대방,서울대입구(관악구청),16,36
20250513,신대방,서울대입구(관악구청),17,55
20250513,신대방,서울대입구(관악구청),18,52
20250513,신대방,서울대입구(관악구청),19,24
20250513,신대방,서울대입구(관악구청),20,24
20250513,신대방,서울대입구(관악구청),21,15
20250513,신대방,서울대입구(관악구청),22,12
20250513,신대방,서울대입구(관악구청),23,12
20250513,신대방,서초,5,25
20250513,신대방,서초,6,30
20250513,신대방,서초,7,73
20250513,신대방,서초,8,119
20250513,신대방,서초,9,64
20250513,신대방,서초,10,18
20250513,신대방,서초,11,10
20250513,신대방,서초,12,13
20250513,신대방,서초,13,13
20250513,신대방,서초,14,7
20250513,신대방,서초,15,5
20250513,신대방,서초,16,8
20250513,신대방,서초,17,6
20250513,신대방,서초,18,5
20250513,신대방,서초,19,6
20250513,신대방,서초,20,3
20250513,신대방,서초,22,1
20250513,신대방,선릉,5,30
20250513,신대방,선릉,6,64
20250513,신대방,선릉,7,137
20250513,신대방,선릉,8,227
20250513,신대방,선릉,9,140
20250513,신대방,선릉,10,48
20250513,신대방,선릉,11,28
20250513,신대방,선릉,12,29
20250513,신대방,선릉,13,22
20250513,신대방,선릉,14,17
20250513,신대방,선릉,15,9
20250513,신대방,선릉,16,11
20250513,신대방,선릉,17,7
20250513,신대방,선릉,18,12
20250513,신대방,선릉,19,6
20250513,신대방,선릉,20,2
20250513,신대방,선릉,21,5
20250513,신대방,선릉,22,3
20250513,신대방,성수,5,9
20250513,신대방,성수,6,15
20250513,신대방,성수,7,45
20250513,신대방,성수,8,50
20250513,신대방,성수,9,18
20250513,신대방,성수,10,11
20250513,신대방,성수,11,7
20250513,신대방,성수,12,6
20250513,신대방,성수,13,2
20250513,신대방,성수,14,7
20250513,신대방,성수,15,3
20250513,신대방,성수,16,4
20250513,신대방,성수,17,2
20250513,신대방,성수,18,1
20250513,신대방,성수,19,1
20250513,신대방,성수,20,2
20250513,신대방,성수,21,2
20250513,신대방,시청,0,1
20250513,신대방,시청,5,3
20250513,신대방,시청,6,21
20250513,신대방,시청,7,70
20250513,신대방,시청,8,124
20250513,신대방,시청,9,33
20250513,신대방,시청,10,12
20250513,신대방,시청,11,11
20250513,신대방,시청,12,3
20250513,신대방,시청,13,11
20250513,신대방,시청,14,4
20250513,신대방,시청,16,1
20250513,신대방,시청,17,5
20250513,신대방,시청,18,1
20250513,신대방,시청,19,2
20250513,신대방,시청,21,2
20250513,신대방,시청,22,1
20250513,신대방,신당,5,2
20250513,신대방,신당,6,1
20250513,신대방,신당,7,10
20250513,신대방,신당,8,13
20250513,신대방,신당,9,7
20250513,신대방,신당,10,4
20250513,신대방,신당,11,4
20250513,신대방,신당,12,4
20250513,신대방,신당,13,2
20250513,신대방,신당,14,3
20250513,신대방,신당,15,3
20250513,신대방,신당,16,1
20250513,신대방,신당,17,5
20250513,신대방,신당,18,1
20250513,신대방,신당,20,2
20250513,신대방,신당,21,1
20250513,신대방,신당,23,1
20250513,신대방,신대방,0,5
20250513,신대방,신대방,4,1
20250513,신대방,신대방,5,4
20250513,신대방,신대방,6,7
20250513,신대방,신대방,7,9
20250513,신대방,신대방,8,13
20250513,신대방,신대방,9,13
20250513,신대방,신대방,10,17
20250513,신대방,신대방,11,18
20250513,신대방,신대방,12,19
20250513,신대방,신대방,13,19
20250513,신대방,신대방,14,20
20250513,신대방,신대방,15,22
20250513,신대방,신대방,16,18
20250513,신대방,신대방,17,13
20250513,신대방,신대방,18,26
20250513,신대방,신대방,19,12
20250513,신대방,신대방,20,20
20250513,신대방,신대방,21,15
20250513,신대방,신대방,22,8
20250513,신대방,신대방,23,15
20250513,신대방,신도림,0,2
20250513,신대방,신도림,5,6
20250513,신대방,신도림,6,18
20250513,신대방,신도림,7,46
20250513,신대방,신도림,8,128
20250513,신대방,신도림,9,77
20250513,신대방,신도림,10,59
20250513,신대방,신도림,11,38
20250513,신대방,신도림,12,33
20250513,신대방,신도림,13,46
20250513,신대방,신도림,14,29
20250513,신대방,신도림,15,30
20250513,신대방,신도림,16,25
20250513,신대방,신도림,17,29
20250513,신대방,신도림,18,33
20250513,신대방,신도림,19,20
20250513,신대방,신도림,20,16
20250513,신대방,신도림,21,17
20250513,신대방,신도림,22,11
20250513,신대방,신도림,23,6
20250513,신대방,신림,0,2
20250513,신대방,신림,5,2
20250513,신대방,신림,6,16
20250513,신대방,신림,7,24
20250513,신대방,신림,8,50
20250513,신대방,신림,9,46
20250513,신대방,신림,10,29
20250513,신대방,신림,11,21
20250513,신대방,신림,12,32
20250513,신대방,신림,13,38
20250513,신대방,신림,14,34
20250513,신대방,신림,15,41
20250513,신대방,신림,16,34
20250513,신대방,신림,17,52
20250513,신대방,신림,18,44
20250513,신대방,신림,19,37
20250513,신대방,신림,20,39
20250513,신대방,신림,21,28
20250513,신대방,신림,22,19
20250513,신대방,신림,23,10
20250513,신대방,신촌,0,1
20250513,신대방,신촌,5,4
20250513,신대방,신촌,6,25
20250513,신대방,신촌,7,51
20250513,신대방,신촌,8,69
20250513,신대방,신촌,9,53
20250513,신대방,신촌,10,33
20250513,신대방,신촌,11,31
20250513,신대방,신촌,12,17
20250513,신대방,신촌,13,12
20250513,신대방,신촌,14,15
20250513,신대방,신촌,15,7
20250513,신대방,신촌,16,14
20250513,신대방,신촌,17,14
20250513,신대방,신촌,18,12
20250513,신대방,신촌,19,5
20250513,신대방,신촌,20,9
20250513,신대방,신촌,21,4
20250513,신대방,신촌,22,1
20250513,신대방,아현,6,8
20250513,신대방,아현,7,16
20250513,신대방,아현,8,22
20250513,신대방,아현,9,4
20250513,신대방,아현,11,4
20250513,신대방,아현,12,1
20250513,신대방,아현,13,4
20250513,신대방,아현,16,4
20250513,신대방,아현,17,3
20250513,신대방,아현,18,6
20250513,신대방,아현,19,2
20250513,신대방,아현,20,5
20250513,신대방,역삼,0,1
20250513,신대방,역삼,5,37
20250513,신대방,역삼,6,55
20250513,신대방,역삼,7,158
20250513,신대방,역삼,8,286
20250513,신대방,역삼,9,175
20250513,신대방,역삼,10,41
20250513,신대방,역삼,11,20
20250513,신대방,역삼,12,13
20250513,신대방,역삼,13,25
20250513,신대방,역삼,14,14
20250513,신대방,역삼,15,13
20250513,신대방,역삼,16,6
20250513,신대방,역삼,17,10
20250513,신대방,역삼,18,7
20250513,신대방,역삼,19,5
20250513,신대방,역삼,20,5
20250513,신대방,역삼,21,7
20250513,신대방,역삼,22,2
20250513,신대방,역삼,23,1
20250513,신대방,영등포구청,5,12
20250513,신대방,영등포구청,6,12
20250513,신대방,영등포구청,7,64
20250513,신대방,영등포구청,8,135
20250513,신대방,영등포구청,9,46
20250513,신대방,영등포구청,10,21
20250513,신대방,영등포구청,11,16
20250513,신대방,영등포구청,12,17
20250513,신대방,영등포구청,13,14
20250513,신대방,영등포구청,14,6
20250513,신대방,영등포구청,15,10
20250513,신대방,영등포구청,16,7
20250513,신대방,영등포구청,17,16
20250513,신대방,영등포구청,18,15
20250513,신대방,영등포구청,19,10
20250513,신대방,영등포구청,20,9
20250513,신대방,영등포구청,21,8
20250513,신대방,영등포구청,22,2
20250513,신대방,영등포구청,23,1
20250513,신대방,왕십리(성동구청),5,2
20250513,신대방,왕십리(성동구청),6,3
20250513,신대방,왕십리(성동구청),7,7
20250513,신대방,왕십리(성동구청),8,6
20250513,신대방,왕십리(성동구청),9,4
20250513,신대방,왕십리(성동구청),10,2
20250513,신대방,왕십리(성동구청),11,2
20250513,신대방,왕십리(성동구청),13,3
20250513,신대방,왕십리(성동구청),16,1
20250513,신대방,왕십리(성동구청),17,3
20250513,신대방,왕십리(성동구청),18,2
20250513,신대방,왕십리(성동구청),21,1
20250513,신대방,왕십리(성동구청),23,2
20250513,신대방,용두(동대문구청),7,2
20250513,신대방,용두(동대문구청),18,1
20250513,신대방,용두(동대문구청),20,1
20250513,신대방,을지로3가,5,7
20250513,신대방,을지로3가,6,15
20250513,신대방,을지로3가,7,60
20250513,신대방,을지로3가,8,58
20250513,신대방,을지로3가,9,20
20250513,신대방,을지로3가,10,8
20250513,신대방,을지로3가,11,10
20250513,신대방,을지로3가,12,4
20250513,신대방,을지로3가,13,5
20250513,신대방,을지로3가,14,2
20250513,신대방,을지로3가,15,5
20250513,신대방,을지로3가,17,6
20250513,신대방,을지로3가,18,6
20250513,신대방,을지로3가,19,2
20250513,신대방,을지로3가,20,1
20250513,신대방,을지로3가,22,1
20250513,신대방,을지로3가,23,1
20250513,신대방,을지로4가,4,1
20250513,신대방,을지로4가,5,4
20250513,신대방,을지로4가,6,9
20250513,신대방,을지로4가,7,34
20250513,신대방,을지로4가,8,35
20250513,신대방,을지로4가,9,15
20250513,신대방,을지로4가,10,4
20250513,신대방,을지로4가,11,9
20250513,신대방,을지로4가,12,9
20250513,신대방,을지로4가,13,1
20250513,신대방,을지로4가,14,2
20250513,신대방,을지로4가,15,1
20250513,신대방,을지로4가,16,3
20250513,신대방,을지로4가,17,5
20250513,신대방,을지로4가,18,2
20250513,신대방,을지로4가,19,1
20250513,신대방,을지로입구,5,5
20250513,신대방,을지로입구,6,30
20250513,신대방,을지로입구,7,120
20250513,신대방,을지로입구,8,140
20250513,신대방,을지로입구,9,63
20250513,신대방,을지로입구,10,31
20250513,신대방,을지로입구,11,19
20250513,신대방,을지로입구,12,20
20250513,신대방,을지로입구,13,10
20250513,신대방,을지로입구,14,5
20250513,신대방,을지로입구,15,6
20250513,신대방,을지로입구,16,4
20250513,신대방,을지로입구,17,5
20250513,신대방,을지로입구,18,6
20250513,신대방,을지로입구,19,2
20250513,신대방,을지로입구,20,2
20250513,신대방,이대,5,3
20250513,신대방,이대,6,4
20250513,신대방,이대,7,15
20250513,신대방,이대,8,25
20250513,신대방,이대,9,26
20250513,신대방,이대,10,17
20250513,신대방,이대,11,6
20250513,신대방,이대,12,7
20250513,신대방,이대,13,7
20250513,신대방,이대,14,3
20250513,신대방,이대,15,8
20250513,신대방,이대,16,7
20250513,신대방,이대,17,6
20250513,신대방,이대,18,1
20250513,신대방,이대,19,4
20250513,신대방,이대,22,2
20250513,신대방,잠실(송파구청),5,11
20250513,신대방,잠실(송파구청),6,27
20250513,신대방,잠실(송파구청),7,77
20250513,신대방,잠실(송파구청),8,76
20250513,신대방,잠실(송파구청),9,43
20250513,신대방,잠실(송파구청),10,23
20250513,신대방,잠실(송파구청),11,20
20250513,신대방,잠실(송파구청),12,15
20250513,신대방,잠실(송파구청),13,16
20250513,신대방,잠실(송파구청),14,15
20250513,신대방,잠실(송파구청),15,6
20250513,신대방,잠실(송파구청),16,21
20250513,신대방,잠실(송파구청),17,12
20250513,신대방,잠실(송파구청),18,13
20250513,신대방,잠실(송파구청),19,12
20250513,신대방,잠실(송파구청),20,12
20250513,신대방,잠실(송파구청),21,6
20250513,신대방,잠실(송파구청),22,6
20250513,신대방,잠실(송파구청),23,1
20250513,신대방,잠실나루,5,11
20250513,신대방,잠실나루,6,1
20250513,신대방,잠실나루,7,15
20250513,신대방,잠실나루,8,8
20250513,신대방,잠실나루,9,4
20250513,신대방,잠실나루,11,2
20250513,신대방,잠실나루,12,4
20250513,신대방,잠실나루,13,3
20250513,신대방,잠실나루,14,1
20250513,신대방,잠실나루,16,4
20250513,신대방,잠실나루,17,2
20250513,신대방,잠실나루,18,3
20250513,신대방,잠실나루,19,3
20250513,신대방,잠실나루,20,1
20250513,신대방,잠실새내,5,3
20250513,신대방,잠실새내,6,5
20250513,신대방,잠실새내,7,9
20250513,신대방,잠실새내,8,13
20250513,신대방,잠실새내,9,6
20250513,신대방,잠실새내,10,7
20250513,신대방,잠실새내,11,4
20250513,신대방,잠실새내,12,5
20250513,신대방,잠실새내,13,1
20250513,신대방,잠실새내,14,5
20250513,신대방,잠실새내,15,2
20250513,신대방,잠실새내,16,5
20250513,신대방,잠실새내,17,4
20250513,신대방,잠실새내,18,7
20250513,신대방,잠실새내,19,2
20250513,신대방,잠실새내,20,4
20250513,신대방,잠실새내,21,2
20250513,신대방,잠실새내,22,1
20250513,신대방,종합운동장,5,14
20250513,신대방,종합운동장,6,9
20250513,신대방,종합운동장,7,17
20250513,신대방,종합운동장,8,10
20250513,신대방,종합운동장,9,2
20250513,신대방,종합운동장,10,1
20250513,신대방,종합운동장,11,1
20250513,신대방,종합운동장,12,1
20250513,신대방,종합운동장,16,6
20250513,신대방,종합운동장,17,13
20250513,신대방,종합운동장,18,2
20250513,신대방,종합운동장,19,5
20250513,신대방,종합운동장,20,1
20250513,신대방,종합운동장,21,3
20250513,신대방,충정로(경기대입구),6,5
20250513,신대방,충정로(경기대입구),7,33
20250513,신대방,충정로(경기대입구),8,42
20250513,신대방,충정로(경기대입구),9,5
20250513,신대방,충정로(경기대입구),10,3
20250513,신대방,충정로(경기대입구),11,2
20250513,신대방,충정로(경기대입구),12,1
20250513,신대방,충정로(경기대입구),13,4
20250513,신대방,충정로(경기대입구),14,1
20250513,신대방,충정로(경기대입구),15,2
20250513,신대방,충정로(경기대입구),17,3
20250513,신대방,충정로(경기대입구),18,2
20250513,신대방,충정로(경기대입구),19,2
20250513,신대방,충정로(경기대입구),21,2
20250513,신대방,한양대,5,5
20250513,신대방,한양대,6,4
20250513,신대방,한양대,7,7
20250513,신대방,한양대,8,14
20250513,신대방,한양대,9,4
20250513,신대방,한양대,10,4
20250513,신대방,한양대,11,1
20250513,신대방,한양대,12,11
20250513,신대방,한양대,13,3
20250513,신대방,한양대,15,1
20250513,신대방,한양대,16,2
20250513,신대방,한양대,17,2
20250513,신대방,한양대,18,1
20250513,신대방,한양대,21,1
20250513,신대방,합정,0,1
20250513,신대방,합정,5,10
20250513,신대방,합정,6,24
20250513,신대방,합정,7,52
20250513,신대방,합정,8,115
20250513,신대방,합정,9,75
20250513,신대방,합정,10,22
20250513,신대방,합정,11,29
20250513,신대방,합정,12,19
20250513,신대방,합정,13,25
20250513,신대방,합정,14,17
20250513,신대방,합정,15,17
20250513,신대방,합정,16,19
20250513,신대방,합정,17,38
20250513,신대방,합정,18,22
20250513,신대방,합정,19,11
20250513,신대방,합정,20,7
20250513,신대방,합정,21,6
20250513,신대방,합정,22,6
20250513,신대방,합정,23,7
20250513,신대방,홍대입구,5,5
20250513,신대방,홍대입구,6,10
20250513,신대방,홍대입구,7,47
20250513,신대방,홍대입구,8,115
20250513,신대방,홍대입구,9,120
20250513,신대방,홍대입구,10,51
20250513,신대방,홍대입구,11,42
20250513,신대방,홍대입구,12,42
20250513,신대방,홍대입구,13,39
20250513,신대방,홍대입구,14,30
20250513,신대방,홍대입구,15,30
20250513,신대방,홍대입구,16,36
20250513,신대방,홍대입구,17,37
20250513,신대방,홍대입구,18,41
20250513,신대방,홍대입구,19,25
20250513,신대방,홍대입구,20,11
20250513,신대방,홍대입구,21,11
20250513,신대방,홍대입구,22,15
20250513,신대방,홍대입구,23,5
20250513,신도림,강남,0,1
20250513,신도림,강남,4,5
20250513,신도림,강남,5,66
20250513,신도림,강남,6,145
20250513,신도림,강남,7,381
20250513,신도림,강남,8,282
20250513,신도림,강남,9,200
20250513,신도림,강남,10,59
20250513,신도림,강남,11,53
20250513,신도림,강남,12,45
20250513,신도림,강남,13,39
20250513,신도림,강남,14,28
20250513,신도림,강남,15,36
20250513,신도림,강남,16,35
20250513,신도림,강남,17,47
20250513,신도림,강남,18,42
20250513,신도림,강남,19,14
20250513,신도림,강남,20,8
20250513,신도림,강남,21,8
20250513,신도림,강남,22,9
20250513,신도림,강남,23,4
20250513,신도림,강변(동서울터미널),5,16
20250513,신도림,강변(동서울터미널),6,4
20250513,신도림,강변(동서울터미널),7,9
20250513,신도림,강변(동서울터미널),8,7
20250513,신도림,강변(동서울터미널),9,4
20250513,신도림,강변(동서울터미널),10,10
20250513,신도림,강변(동서울터미널),11,2
20250513,신도림,강변(동서울터미널),12,3
20250513,신도림,강변(동서울터미널),13,4
20250513,신도림,강변(동서울터미널),14,5
20250513,신도림,강변(동서울터미널),15,4
20250513,신도림,강변(동서울터미널),16,5
20250513,신도림,강변(동서울터미널),17,6
20250513,신도림,강변(동서울터미널),18,7
20250513,신도림,강변(동서울터미널),19,2
20250513,신도림,강변(동서울터미널),20,2
20250513,신도림,강변(동서울터미널),22,1
20250513,신도림,건대입구,4,1
20250513,신도림,건대입구,5,1
20250513,신도림,건대입구,6,2
20250513,신도림,건대입구,7,18
20250513,신도림,건대입구,8,11
20250513,신도림,건대입구,9,23
20250513,신도림,건대입구,10,7
20250513,신도림,건대입구,11,10
20250513,신도림,건대입구,12,7
20250513,신도림,건대입구,13,5
20250513,신도림,건대입구,14,2
20250513,신도림,건대입구,15,1
20250513,신도림,건대입구,16,10
20250513,신도림,건대입구,17,5
20250513,신도림,건대입구,18,9
20250513,신도림,건대입구,19,10
20250513,신도림,건대입구,20,3
20250513,신도림,건대입구,21,2
20250513,신도림,건대입구,22,3
20250513,신도림,건대입구,23,1
20250513,신도림,교대(법원.검찰청),4,2
20250513,신도림,교대(법원.검찰청),5,20
20250513,신도림,교대(법원.검찰청),6,33
20250513,신도림,교대(법원.검찰청),7,121
20250513,신도림,교대(법원.검찰청),8,96
20250513,신도림,교대(법원.검찰청),9,52
20250513,신도림,교대(법원.검찰청),10,28
20250513,신도림,교대(법원.검찰청),11,23
20250513,신도림,교대(법원.검찰청),12,27
20250513,신도림,교대(법원.검찰청),13,20
20250513,신도림,교대(법원.검찰청),14,15
20250513,신도림,교대(법원.검찰청),15,16
20250513,신도림,교대(법원.검찰청),16,12
20250513,신도림,교대(법원.검찰청),17,22
20250513,신도림,교대(법원.검찰청),18,16
20250513,신도림,교대(법원.검찰청),19,5
20250513,신도림,교대(법원.검찰청),20,6
20250513,신도림,교대(법원.검찰청),21,3
20250513,신도림,교대(법원.검찰청),22,1
20250513,신도림,교대(법원.검찰청),23,1
20250513,신도림,구로디지털단지,0,4
20250513,신도림,구로디지털단지,4,1
20250513,신도림,구로디지털단지,5,20
20250513,신도림,구로디지털단지,6,36
20250513,신도림,구로디지털단지,7,88
20250513,신도림,구로디지털단지,8,229
20250513,신도림,구로디지털단지,9,137
20250513,신도림,구로디지털단지,10,63
20250513,신도림,구로디지털단지,11,48
20250513,신도림,구로디지털단지,12,80
20250513,신도림,구로디지털단지,13,78
20250513,신도림,구로디지털단지,14,87
20250513,신도림,구로디지털단지,15,68
20250513,신도림,구로디지털단지,16,91
20250513,신도림,구로디지털단지,17,125
20250513,신도림,구로디지털단지,18,160
20250513,신도림,구로디지털단지,19,98
20250513,신도림,구로디지털단지,20,78
20250513,신도림,구로디지털단지,21,70
20250513,신도림,구로디지털단지,22,63
20250513,신도림,구로디지털단지,23,41
20250513,신도림,구의(광진구청),5,4
20250513,신도림,구의(광진구청),6,3
20250513,신도림,구의(광진구청),7,12
20250513,신도림,구의(광진구청),8,5
20250513,신도림,구의(광진구청),9,2
20250513,신도림,구의(광진구청),10,1
20250513,신도림,구의(광진구청),11,5
20250513,신도림,구의(광진구청),12,2
20250513,신도림,구의(광진구청),13,4
20250513,신도림,구의(광진구청),14,2
20250513,신도림,구의(광진구청),15,4
20250513,신도림,구의(광진구청),16,4
20250513,신도림,구의(광진구청),17,6
20250513,신도림,구의(광진구청),18,11
20250513,신도림,구의(광진구청),19,6
20250513,신도림,구의(광진구청),20,1
20250513,신도림,구의(광진구청),21,2
20250513,신도림,구의(광진구청),22,4
20250513,신도림,구의(광진구청),23,1
20250513,신도림,낙성대,0,9
20250513,신도림,낙성대,5,7
20250513,신도림,낙성대,6,9
20250513,신도림,낙성대,7,24
20250513,신도림,낙성대,8,41
20250513,신도림,낙성대,9,25
20250513,신도림,낙성대,10,10
20250513,신도림,낙성대,11,13
20250513,신도림,낙성대,12,17
20250513,신도림,낙성대,13,17
20250513,신도림,낙성대,14,12
20250513,신도림,낙성대,15,18
20250513,신도림,낙성대,16,18
20250513,신도림,낙성대,17,33
20250513,신도림,낙성대,18,34
20250513,신도림,낙성대,19,13
20250513,신도림,낙성대,20,20
20250513,신도림,낙성대,21,21
20250513,신도림,낙성대,22,21
20250513,신도림,낙성대,23,8
20250513,신도림,당산,0,4
20250513,신도림,당산,4,1
20250513,신도림,당산,5,28
20250513,신도림,당산,6,27
20250513,신도림,당산,7,61
20250513,신도림,당산,8,138
20250513,신도림,당산,9,46
20250513,신도림,당산,10,25
20250513,신도림,당산,11,20
20250513,신도림,당산,12,24
20250513,신도림,당산,13,28
20250513,신도림,당산,14,31
20250513,신도림,당산,15,30
20250513,신도림,당산,16,43
20250513,신도림,당산,17,48
20250513,신도림,당산,18,86
20250513,신도림,당산,19,36
20250513,신도림,당산,20,44
20250513,신도림,당산,21,41
20250513,신도림,당산,22,26
20250513,신도림,당산,23,7
20250513,신도림,대림(구로구청),0,4
20250513,신도림,대림(구로구청),4,2
20250513,신도림,대림(구로구청),5,11
20250513,신도림,대림(구로구청),6,7
20250513,신도림,대림(구로구청),7,16
20250513,신도림,대림(구로구청),8,37
20250513,신도림,대림(구로구청),9,42
20250513,신도림,대림(구로구청),10,37
20250513,신도림,대림(구로구청),11,54
20250513,신도림,대림(구로구청),12,39
20250513,신도림,대림(구로구청),13,40
20250513,신도림,대림(구로구청),14,50
20250513,신도림,대림(구로구청),15,63
20250513,신도림,대림(구로구청),16,47
20250513,신도림,대림(구로구청),17,54
20250513,신도림,대림(구로구청),18,60
20250513,신도림,대림(구로구청),19,37
20250513,신도림,대림(구로구청),20,41
20250513,신도림,대림(구로구청),21,27
20250513,신도림,대림(구로구청),22,25
20250513,신도림,대림(구로구청),23,9
20250513,신도림,동대문역사문화공원,5,7
20250513,신도림,동대문역사문화공원,6,17
20250513,신도림,동대문역사문화공원,7,31
20250513,신도림,동대문역사문화공원,8,32
20250513,신도림,동대문역사문화공원,9,19
20250513,신도림,동대문역사문화공원,10,12
20250513,신도림,동대문역사문화공원,11,12
20250513,신도림,동대문역사문화공원,12,18
20250513,신도림,동대문역사문화공원,13,10
20250513,신도림,동대문역사문화공원,14,4
20250513,신도림,동대문역사문화공원,15,6
20250513,신도림,동대문역사문화공원,16,4
20250513,신도림,동대문역사문화공원,17,3
20250513,신도림,동대문역사문화공원,18,11
20250513,신도림,동대문역사문화공원,19,13
20250513,신도림,동대문역사문화공원,20,2
20250513,신도림,동대문역사문화공원,21,2
20250513,신도림,동대문역사문화공원,22,4
20250513,신도림,동대문역사문화공원,23,2
20250513,신도림,뚝섬,4,2
20250513,신도림,뚝섬,5,20
20250513,신도림,뚝섬,6,13
20250513,신도림,뚝섬,7,54
20250513,신도림,뚝섬,8,46
20250513,신도림,뚝섬,9,34
20250513,신도림,뚝섬,10,10
20250513,신도림,뚝섬,11,4
20250513,신도림,뚝섬,12,12
20250513,신도림,뚝섬,13,7
20250513,신도림,뚝섬,14,4
20250513,신도림,뚝섬,15,5
20250513,신도림,뚝섬,16,4
20250513,신도림,뚝섬,17,8
20250513,신도림,뚝섬,18,10
20250513,신도림,뚝섬,19,2
20250513,신도림,뚝섬,20,1
20250513,신도림,뚝섬,21,2
20250513,신도림,뚝섬,22,2
20250513,신도림,뚝섬,23,1
20250513,신도림,문래,5,19
20250513,신도림,문래,6,14
20250513,신도림,문래,7,33
20250513,신도림,문래,8,77
20250513,신도림,문래,9,55
20250513,신도림,문래,10,38
20250513,신도림,문래,11,46
20250513,신도림,문래,12,35
20250513,신도림,문래,13,48
20250513,신도림,문래,14,54
20250513,신도림,문래,15,35
20250513,신도림,문래,16,19
20250513,신도림,문래,17,34
20250513,신도림,문래,18,49
20250513,신도림,문래,19,20
20250513,신도림,문래,20,14
20250513,신도림,문래,21,21
20250513,신도림,문래,22,17
20250513,신도림,문래,23,6
20250513,신도림,방배,0,2
20250513,신도림,방배,4,1
20250513,신도림,방배,5,15
20250513,신도림,방배,6,20
20250513,신도림,방배,7,65
20250513,신도림,방배,8,55
20250513,신도림,방배,9,36
20250513,신도림,방배,10,21
20250513,신도림,방배,11,12
20250513,신도림,방배,12,15
20250513,신도림,방배,13,16
20250513,신도림,방배,14,10
20250513,신도림,방배,15,12
20250513,신도림,방배,16,15
20250513,신도림,방배,17,11
20250513,신도림,방배,18,13
20250513,신도림,방배,19,6
20250513,신도림,방배,20,8
20250513,신도림,방배,21,5
20250513,신도림,방배,22,7
20250513,신도림,방배,23,2
20250513,신도림,봉천,0,3
20250513,신도림,봉천,5,1
20250513,신도림,봉천,6,5
20250513,신도림,봉천,7,23
20250513,신도림,봉천,8,22
20250513,신도림,봉천,9,16
20250513,신도림,봉천,10,16
20250513,신도림,봉천,11,19
20250513,신도림,봉천,12,15
20250513,신도림,봉천,13,23
20250513,신도림,봉천,14,18
20250513,신도림,봉천,15,32
20250513,신도림,봉천,16,27
20250513,신도림,봉천,17,43
20250513,신도림,봉천,18,64
20250513,신도림,봉천,19,29
20250513,신도림,봉천,20,27
20250513,신도림,봉천,21,23
20250513,신도림,봉천,22,23
20250513,신도림,봉천,23,4
20250513,신도림,사당,0,4
20250513,신도림,사당,4,1
20250513,신도림,사당,5,25
20250513,신도림,사당,6,44
20250513,신도림,사당,7,69
20250513,신도림,사당,8,58
20250513,신도림,사당,9,32
20250513,신도림,사당,10,27
20250513,신도림,사당,11,47
20250513,신도림,사당,12,35
20250513,신도림,사당,13,27
20250513,신도림,사당,14,14
20250513,신도림,사당,15,20
20250513,신도림,사당,16,32
20250513,신도림,사당,17,41
20250513,신도림,사당,18,63
20250513,신도림,사당,19,26
20250513,신도림,사당,20,28
20250513,신도림,사당,21,21
20250513,신도림,사당,22,21
20250513,신도림,사당,23,12
20250513,신도림,삼성(무역센터),4,8
20250513,신도림,삼성(무역센터),5,44
20250513,신도림,삼성(무역센터),6,115
20250513,신도림,삼성(무역센터),7,290
20250513,신도림,삼성(무역센터),8,194
20250513,신도림,삼성(무역센터),9,79
20250513,신도림,삼성(무역센터),10,29
20250513,신도림,삼성(무역센터),11,13
20250513,신도림,삼성(무역센터),12,25
20250513,신도림,삼성(무역센터),13,13
20250513,신도림,삼성(무역센터),14,10
20250513,신도림,삼성(무역센터),15,4
20250513,신도림,삼성(무역센터),16,6
20250513,신도림,삼성(무역센터),17,12
20250513,신도림,삼성(무역센터),18,10
20250513,신도림,삼성(무역센터),19,7
20250513,신도림,삼성(무역센터),20,5
20250513,신도림,삼성(무역센터),21,2
20250513,신도림,삼성(무역센터),22,2
20250513,신도림,삼성(무역센터),23,2
20250513,신도림,상왕십리,5,2
20250513,신도림,상왕십리,6,10
20250513,신도림,상왕십리,7,15
20250513,신도림,상왕십리,8,10
20250513,신도림,상왕십리,9,6
20250513,신도림,상왕십리,10,1
20250513,신도림,상왕십리,12,4
20250513,신도림,상왕십리,13,4
20250513,신도림,상왕십리,14,2
20250513,신도림,상왕십리,15,6
20250513,신도림,상왕십리,16,10
20250513,신도림,상왕십리,17,7
20250513,신도림,상왕십리,18,12
20250513,신도림,상왕십리,19,6
20250513,신도림,상왕십리,20,2
20250513,신도림,상왕십리,21,4
20250513,신도림,상왕십리,22,5
20250513,신도림,서울대입구(관악구청),0,3
20250513,신도림,서울대입구(관악구청),4,2
20250513,신도림,서울대입구(관악구청),5,10
20250513,신도림,서울대입구(관악구청),6,16
20250513,신도림,서울대입구(관악구청),7,47
20250513,신도림,서울대입구(관악구청),8,80
20250513,신도림,서울대입구(관악구청),9,62
20250513,신도림,서울대입구(관악구청),10,49
20250513,신도림,서울대입구(관악구청),11,38
20250513,신도림,서울대입구(관악구청),12,24
20250513,신도림,서울대입구(관악구청),13,30
20250513,신도림,서울대입구(관악구청),14,33
20250513,신도림,서울대입구(관악구청),15,43
20250513,신도림,서울대입구(관악구청),16,41
20250513,신도림,서울대입구(관악구청),17,52
20250513,신도림,서울대입구(관악구청),18,71
20250513,신도림,서울대입구(관악구청),19,41
20250513,신도림,서울대입구(관악구청),20,43
20250513,신도림,서울대입구(관악구청),21,38
20250513,신도림,서울대입구(관악구청),22,35
20250513,신도림,서울대입구(관악구청),23,12
20250513,신도림,서초,4,5
20250513,신도림,서초,5,34
20250513,신도림,서초,6,41
20250513,신도림,서초,7,109
20250513,신도림,서초,8,109
20250513,신도림,서초,9,45
20250513,신도림,서초,10,18
20250513,신도림,서초,11,13
20250513,신도림,서초,12,19
20250513,신도림,서초,13,10
20250513,신도림,서초,14,2
20250513,신도림,서초,15,4
20250513,신도림,서초,16,5
20250513,신도림,서초,17,12
20250513,신도림,서초,18,8
20250513,신도림,서초,19,3
20250513,신도림,서초,20,8
20250513,신도림,서초,21,4
20250513,신도림,서초,22,4
20250513,신도림,서초,23,3
20250513,신도림,선릉,4,4
20250513,신도림,선릉,5,40
20250513,신도림,선릉,6,91
20250513,신도림,선릉,7,250
20250513,신도림,선릉,8,162
20250513,신도림,선릉,9,84
20250513,신도림,선릉,10,44
20250513,신도림,선릉,11,21
20250513,신도림,선릉,12,40
20250513,신도림,선릉,13,27
20250513,신도림,선릉,14,18
20250513,신도림,선릉,15,12
20250513,신도림,선릉,16,17
20250513,신도림,선릉,17,28
20250513,신도림,선릉,18,16
20250513,신도림,선릉,19,18
20250513,신도림,선릉,20,4
20250513,신도림,선릉,21,4
20250513,신도림,선릉,23,1
20250513,신도림,성수,0,1
20250513,신도림,성수,4,2
20250513,신도림,성수,5,31
20250513,신도림,성수,6,31
20250513,신도림,성수,7,94
20250513,신도림,성수,8,57
20250513,신도림,성수,9,29
20250513,신도림,성수,10,15
20250513,신도림,성수,11,7
20250513,신도림,성수,12,13
20250513,신도림,성수,13,14
20250513,신도림,성수,14,5
20250513,신도림,성수,15,5
20250513,신도림,성수,16,4
20250513,신도림,성수,17,7
20250513,신도림,성수,18,9
20250513,신도림,성수,20,1
20250513,신도림,성수,22,1
20250513,신도림,성수,23,1
20250513,신도림,시청,4,1
20250513,신도림,시청,5,19
20250513,신도림,시청,6,38
20250513,신도림,시청,7,175
20250513,신도림,시청,8,179
20250513,신도림,시청,9,59
20250513,신도림,시청,10,11
20250513,신도림,시청,11,8
20250513,신도림,시청,12,14
20250513,신도림,시청,13,14
20250513,신도림,시청,14,9
20250513,신도림,시청,15,1
20250513,신도림,시청,16,9
20250513,신도림,시청,17,4
20250513,신도림,시청,18,4
20250513,신도림,시청,19,1
20250513,신도림,시청,20,1
20250513,신도림,신당,6,6
20250513,신도림,신당,7,10
20250513,신도림,신당,8,15
20250513,신도림,신당,9,4
20250513,신도림,신당,10,7
20250513,신도림,신당,11,3
20250513,신도림,신당,12,6
20250513,신도림,신당,13,6
20250513,신도림,신당,14,1
20250513,신도림,신당,15,3
20250513,신도림,신당,16,11
20250513,신도림,신당,17,12
20250513,신도림,신당,18,15
20250513,신도림,신당,19,6
20250513,신도림,신당,20,3
20250513,신도림,신당,21,3
20250513,신도림,신당,23,2
20250513,신도림,신대방,0,6
20250513,신도림,신대방,4,1
20250513,신도림,신대방,5,12
20250513,신도림,신대방,6,15
20250513,신도림,신대방,7,33
20250513,신도림,신대방,8,35
20250513,신도림,신대방,9,19
20250513,신도림,신대방,10,20
20250513,신도림,신대방,11,26
20250513,신도림,신대방,12,32
20250513,신도림,신대방,13,33
20250513,신도림,신대방,14,28
20250513,신도림,신대방,15,49
20250513,신도림,신대방,16,48
20250513,신도림,신대방,17,77
20250513,신도림,신대방,18,94
20250513,신도림,신대방,19,51
20250513,신도림,신대방,20,40
20250513,신도림,신대방,21,46
20250513,신도림,신대방,22,33
20250513,신도림,신대방,23,13
20250513,신도림,신도림,0,10
20250513,신도림,신도림,1,2
20250513,신도림,신도림,4,1
20250513,신도림,신도림,5,9
20250513,신도림,신도림,6,10
20250513,신도림,신도림,7,15
20250513,신도림,신도림,8,23
20250513,신도림,신도림,9,29
20250513,신도림,신도림,10,23
20250513,신도림,신도림,11,30
20250513,신도림,신도림,12,47
20250513,신도림,신도림,13,50
20250513,신도림,신도림,14,39
20250513,신도림,신도림,15,29
20250513,신도림,신도림,16,42
20250513,신도림,신도림,17,46
20250513,신도림,신도림,18,55
20250513,신도림,신도림,19,35
20250513,신도림,신도림,20,28
20250513,신도림,신도림,21,39
20250513,신도림,신도림,22,33
20250513,신도림,신도림,23,22
20250513,신도림,신림,0,5
20250513,신도림,신림,5,11
20250513,신도림,신림,6,16
20250513,신도림,신림,7,35
20250513,신도림,신림,8,43
20250513,신도림,신림,9,31
20250513,신도림,신림,10,34
20250513,신도림,신림,11,32
20250513,신도림,신림,12,19
20250513,신도림,신림,13,53
20250513,신도림,신림,14,51
20250513,신도림,신림,15,57
20250513,신도림,신림,16,71
20250513,신도림,신림,17,95
20250513,신도림,신림,18,152
20250513,신도림,신림,19,101
20250513,신도림,신림,20,74
20250513,신도림,신림,21,70
20250513,신도림,신림,22,59
20250513,신도림,신림,23,41
20250513,신도림,신촌,0,2
20250513,신도림,신촌,5,17
20250513,신도림,신촌,6,46
20250513,신도림,신촌,7,105
20250513,신도림,신촌,8,162
20250513,신도림,신촌,9,157
20250513,신도림,신촌,10,86
20250513,신도림,신촌,11,58
20250513,신도림,신촌,12,70
20250513,신도림,신촌,13,58
20250513,신도림,신촌,14,39
20250513,신도림,신촌,15,27
20250513,신도림,신촌,16,40
20250513,신도림,신촌,17,51
20250513,신도림,신촌,18,72
20250513,신도림,신촌,19,28
20250513,신도림,신촌,20,22
20250513,신도림,신촌,21,19
20250513,신도림,신촌,22,12
20250513,신도림,신촌,23,7
20250513,신도림,아현,4,1
20250513,신도림,아현,5,7
20250513,신도림,아현,6,12
20250513,신도림,아현,7,16
20250513,신도림,아현,8,28
20250513,신도림,아현,9,13
20250513,신도림,아현,10,6
20250513,신도림,아현,11,8
20250513,신도림,아현,12,6
20250513,신도림,아현,13,7
20250513,신도림,아현,14,5
20250513,신도림,아현,15,8
20250513,신도림,아현,16,6
20250513,신도림,아현,17,9
20250513,신도림,아현,18,12
20250513,신도림,아현,19,3
20250513,신도림,아현,20,8
20250513,신도림,아현,21,10
20250513,신도림,아현,22,6
20250513,신도림,아현,23,1
20250513,신도림,역삼,4,1
20250513,신도림,역삼,5,51
20250513,신도림,역삼,6,105
20250513,신도림,역삼,7,296
20250513,신도림,역삼,8,204
20250513,신도림,역삼,9,140
20250513,신도림,역삼,10,43
20250513,신도림,역삼,11,18
20250513,신도림,역삼,12,25
20250513,신도림,역삼,13,23
20250513,신도림,역삼,14,15
20250513,신도림,역삼,15,18
20250513,신도림,역삼,16,7
20250513,신도림,역삼,17,20
20250513,신도림,역삼,18,10
20250513,신도림,역삼,19,12
20250513,신도림,역삼,20,8
20250513,신도림,역삼,21,3
20250513,신도림,역삼,22,7
20250513,신도림,역삼,23,4
20250513,신도림,영등포구청,0,1
20250513,신도림,영등포구청,5,14
20250513,신도림,영등포구청,6,24
20250513,신도림,영등포구청,7,87
20250513,신도림,영등포구청,8,185
20250513,신도림,영등포구청,9,68
20250513,신도림,영등포구청,10,44
20250513,신도림,영등포구청,11,31
20250513,신도림,영등포구청,12,39
20250513,신도림,영등포구청,13,31
20250513,신도림,영등포구청,14,52
20250513,신도림,영등포구청,15,37
20250513,신도림,영등포구청,16,32
20250513,신도림,영등포구청,17,49
20250513,신도림,영등포구청,18,56
20250513,신도림,영등포구청,19,22
20250513,신도림,영등포구청,20,12
20250513,신도림,영등포구청,21,13
20250513,신도림,영등포구청,22,17
20250513,신도림,영등포구청,23,8
20250513,신도림,왕십리(성동구청),5,10
20250513,신도림,왕십리(성동구청),6,6
20250513,신도림,왕십리(성동구청),7,10
20250513,신도림,왕십리(성동구청),8,7
20250513,신도림,왕십리(성동구청),9,9
20250513,신도림,왕십리(성동구청),10,5
20250513,신도림,왕십리(성동구청),11,3
20250513,신도림,왕십리(성동구청),12,5
20250513,신도림,왕십리(성동구청),13,2
20250513,신도림,왕십리(성동구청),14,3
20250513,신도림,왕십리(성동구청),15,7
20250513,신도림,왕십리(성동구청),16,9
20250513,신도림,왕십리(성동구청),17,15
20250513,신도림,왕십리(성동구청),18,9
20250513,신도림,왕십리(성동구청),19,8
20250513,신도림,왕십리(성동구청),20,2
20250513,신도림,왕십리(성동구청),21,5
20250513,신도림,왕십리(성동구청),22,3
20250513,신도림,용두(동대문구청),6,1
20250513,신도림,용두(동대문구청),7,1
20250513,신도림,용두(동대문구청),15,1
20250513,신도림,용두(동대문구청),17,1
20250513,신도림,용두(동대문구청),21,1
20250513,신도림,을지로3가,4,2
20250513,신도림,을지로3가,5,20
20250513,신도림,을지로3가,6,52
20250513,신도림,을지로3가,7,162
20250513,신도림,을지로3가,8,151
20250513,신도림,을지로3가,9,53
20250513,신도림,을지로3가,10,10
20250513,신도림,을지로3가,11,8
20250513,신도림,을지로3가,12,10
20250513,신도림,을지로3가,13,8
20250513,신도림,을지로3가,14,7
20250513,신도림,을지로3가,15,6
20250513,신도림,을지로3가,16,10
20250513,신도림,을지로3가,17,12
20250513,신도림,을지로3가,18,17
20250513,신도림,을지로3가,19,3
20250513,신도림,을지로3가,20,3
20250513,신도림,을지로3가,21,3
20250513,신도림,을지로3가,22,1
20250513,신도림,을지로3가,23,1
20250513,신도림,을지로4가,0,1
20250513,신도림,을지로4가,4,1
20250513,신도림,을지로4가,5,5
20250513,신도림,을지로4가,6,32
20250513,신도림,을지로4가,7,60
20250513,신도림,을지로4가,8,50
20250513,신도림,을지로4가,9,25
20250513,신도림,을지로4가,10,8
20250513,신도림,을지로4가,11,10
20250513,신도림,을지로4가,12,10
20250513,신도림,을지로4가,13,8
20250513,신도림,을지로4가,14,5
20250513,신도림,을지로4가,15,1
20250513,신도림,을지로4가,16,2
20250513,신도림,을지로4가,17,6
20250513,신도림,을지로4가,18,6
20250513,신도림,을지로4가,19,2
20250513,신도림,을지로4가,20,3
20250513,신도림,을지로4가,21,2
20250513,신도림,을지로4가,22,1
20250513,신도림,을지로입구,0,2
20250513,신도림,을지로입구,5,28
20250513,신도림,을지로입구,6,63
20250513,신도림,을지로입구,7,263
20250513,신도림,을지로입구,8,296
20250513,신도림,을지로입구,9,92
20250513,신도림,을지로입구,10,52
20250513,신도림,을지로입구,11,29
20250513,신도림,을지로입구,12,23
20250513,신도림,을지로입구,13,12
20250513,신도림,을지로입구,14,14
20250513,신도림,을지로입구,15,13
20250513,신도림,을지로입구,16,14
20250513,신도림,을지로입구,17,22
20250513,신도림,을지로입구,18,8
20250513,신도림,을지로입구,19,4
20250513,신도림,을지로입구,20,4
20250513,신도림,을지로입구,21,1
20250513,신도림,을지로입구,22,1
20250513,신도림,을지로입구,23,1
20250513,신도림,이대,0,1
20250513,신도림,이대,5,10
20250513,신도림,이대,6,18
20250513,신도림,이대,7,32
20250513,신도림,이대,8,71
20250513,신도림,이대,9,64
20250513,신도림,이대,10,37
20250513,신도림,이대,11,27
20250513,신도림,이대,12,22
20250513,신도림,이대,13,20
20250513,신도림,이대,14,21
20250513,신도림,이대,15,10
20250513,신도림,이대,16,14
20250513,신도림,이대,17,14
20250513,신도림,이대,18,25
20250513,신도림,이대,19,11
20250513,신도림,이대,20,11
20250513,신도림,이대,21,6
20250513,신도림,이대,22,4
20250513,신도림,이대,23,5
20250513,신도림,잠실(송파구청),0,1
20250513,신도림,잠실(송파구청),4,1
20250513,신도림,잠실(송파구청),5,31
20250513,신도림,잠실(송파구청),6,54
20250513,신도림,잠실(송파구청),7,164
20250513,신도림,잠실(송파구청),8,190
20250513,신도림,잠실(송파구청),9,53
20250513,신도림,잠실(송파구청),10,34
20250513,신도림,잠실(송파구청),11,19
20250513,신도림,잠실(송파구청),12,21
20250513,신도림,잠실(송파구청),13,27
20250513,신도림,잠실(송파구청),14,16
20250513,신도림,잠실(송파구청),15,28
20250513,신도림,잠실(송파구청),16,24
20250513,신도림,잠실(송파구청),17,34
20250513,신도림,잠실(송파구청),18,35
20250513,신도림,잠실(송파구청),19,6
20250513,신도림,잠실(송파구청),20,12
20250513,신도림,잠실(송파구청),21,7
20250513,신도림,잠실(송파구청),22,14
20250513,신도림,잠실(송파구청),23,3
20250513,신도림,잠실나루,4,8
20250513,신도림,잠실나루,5,27
20250513,신도림,잠실나루,6,13
20250513,신도림,잠실나루,7,15
20250513,신도림,잠실나루,8,7
20250513,신도림,잠실나루,9,5
20250513,신도림,잠실나루,10,2
20250513,신도림,잠실나루,11,4
20250513,신도림,잠실나루,12,1
20250513,신도림,잠실나루,13,2
20250513,신도림,잠실나루,15,4
20250513,신도림,잠실나루,16,5
20250513,신도림,잠실나루,17,4
20250513,신도림,잠실나루,18,8
20250513,신도림,잠실나루,19,1
20250513,신도림,잠실나루,20,2
20250513,신도림,잠실나루,21,2
20250513,신도림,잠실나루,22,2
20250513,신도림,잠실나루,23,1
20250513,신도림,잠실새내,5,5
20250513,신도림,잠실새내,6,1
20250513,신도림,잠실새내,7,13
20250513,신도림,잠실새내,8,6
20250513,신도림,잠실새내,9,4
20250513,신도림,잠실새내,10,4
20250513,신도림,잠실새내,11,3
20250513,신도림,잠실새내,12,7
20250513,신도림,잠실새내,13,6
20250513,신도림,잠실새내,14,5
20250513,신도림,잠실새내,15,10
20250513,신도림,잠실새내,16,9
20250513,신도림,잠실새내,17,11
20250513,신도림,잠실새내,18,7
20250513,신도림,잠실새내,19,7
20250513,신도림,잠실새내,20,4
20250513,신도림,잠실새내,21,5
20250513,신도림,잠실새내,22,2
20250513,신도림,잠실새내,23,2
20250513,신도림,종합운동장,5,16
20250513,신도림,종합운동장,6,9
20250513,신도림,종합운동장,7,20
20250513,신도림,종합운동장,8,3
20250513,신도림,종합운동장,9,3
20250513,신도림,종합운동장,10,1
20250513,신도림,종합운동장,12,5
20250513,신도림,종합운동장,13,3
20250513,신도림,종합운동장,14,5
20250513,신도림,종합운동장,15,7
20250513,신도림,종합운동장,16,38
20250513,신도림,종합운동장,17,36
20250513,신도림,종합운동장,18,21
20250513,신도림,종합운동장,19,3
20250513,신도림,종합운동장,20,2
20250513,신도림,종합운동장,21,3
20250513,신도림,종합운동장,22,2
20250513,신도림,종합운동장,23,1
20250513,신도림,충정로(경기대입구),0,1
20250513,신도림,충정로(경기대입구),5,9
20250513,신도림,충정로(경기대입구),6,15
20250513,신도림,충정로(경기대입구),7,67
20250513,신도림,충정로(경기대입구),8,92
20250513,신도림,충정로(경기대입구),9,17
20250513,신도림,충정로(경기대입구),10,3
20250513,신도림,충정로(경기대입구),11,2
20250513,신도림,충정로(경기대입구),12,3
20250513,신도림,충정로(경기대입구),13,4
20250513,신도림,충정로(경기대입구),14,1
20250513,신도림,충정로(경기대입구),15,5
20250513,신도림,충정로(경기대입구),16,4
20250513,신도림,충정로(경기대입구),17,6
20250513,신도림,충정로(경기대입구),18,4
20250513,신도림,충정로(경기대입구),19,6
20250513,신도림,충정로(경기대입구),20,3
20250513,신도림,충정로(경기대입구),21,2
20250513,신도림,충정로(경기대입구),22,2
20250513,신도림,충정로(경기대입구),23,2
20250513,신도림,한양대,5,10
20250513,신도림,한양대,6,9
20250513,신도림,한양대,7,20
20250513,신도림,한양대,8,41
20250513,신도림,한양대,9,22
20250513,신도림,한양대,10,15
20250513,신도림,한양대,11,8
20250513,신도림,한양대,12,17
20250513,신도림,한양대,13,9
20250513,신도림,한양대,14,4
20250513,신도림,한양대,15,1
20250513,신도림,한양대,16,2
20250513,신도림,한양대,17,8
20250513,신도림,한양대,19,2
20250513,신도림,한양대,20,4
20250513,신도림,한양대,21,2
20250513,신도림,한양대,22,1
20250513,신도림,한양대,23,3
20250513,신도림,합정,0,2
20250513,신도림,합정,1,1
20250513,신도림,합정,5,15
20250513,신도림,합정,6,33
20250513,신도림,합정,7,100
20250513,신도림,합정,8,177
20250513,신도림,합정,9,114
20250513,신도림,합정,10,69
20250513,신도림,합정,11,55
20250513,신도림,합정,12,52
20250513,신도림,합정,13,31
20250513,신도림,합정,14,64
20250513,신도림,합정,15,33
20250513,신도림,합정,16,50
20250513,신도림,합정,17,62
20250513,신도림,합정,18,109
20250513,신도림,합정,19,51
20250513,신도림,합정,20,26
20250513,신도림,합정,21,32
20250513,신도림,합정,22,9
20250513,신도림,합정,23,17
20250513,신도림,홍대입구,0,7
20250513,신도림,홍대입구,4,2
20250513,신도림,홍대입구,5,13
20250513,신도림,홍대입구,6,34
20250513,신도림,홍대입구,7,81
20250513,신도림,홍대입구,8,177
20250513,신도림,홍대입구,9,187
20250513,신도림,홍대입구,10,85
20250513,신도림,홍대입구,11,84
20250513,신도림,홍대입구,12,83
20250513,신도림,홍대입구,13,98
20250513,신도림,홍대입구,14,82
20250513,신도림,홍대입구,15,64
20250513,신도림,홍대입구,16,83
20250513,신도림,홍대입구,17,137
20250513,신도림,홍대입구,18,166
20250513,신도림,홍대입구,19,63
20250513,신도림,홍대입구,20,49
20250513,신도림,홍대입구,21,30
20250513,신도림,홍대입구,22,32
20250513,신도림,홍대입구,23,9
20250513,신림,강남,0,4
20250513,신림,강남,5,109
20250513,신림,강남,6,205
20250513,신림,강남,7,591
20250513,신림,강남,8,1032
20250513,신림,강남,9,733
20250513,신림,강남,10,277
20250513,신림,강남,11,132
20250513,신림,강남,12,158
20250513,신림,강남,13,108
20250513,신림,강남,14,122
20250513,신림,강남,15,104
20250513,신림,강남,16,96
20250513,신림,강남,17,121
20250513,신림,강남,18,122
20250513,신림,강남,19,73
20250513,신림,강남,20,59
20250513,신림,강남,21,33
20250513,신림,강남,22,21
20250513,신림,강남,23,13
20250513,신림,강변(동서울터미널),5,6
20250513,신림,강변(동서울터미널),6,15
20250513,신림,강변(동서울터미널),7,22
20250513,신림,강변(동서울터미널),8,15
20250513,신림,강변(동서울터미널),9,27
20250513,신림,강변(동서울터미널),10,6
20250513,신림,강변(동서울터미널),11,18
20250513,신림,강변(동서울터미널),12,6
20250513,신림,강변(동서울터미널),13,7
20250513,신림,강변(동서울터미널),14,10
20250513,신림,강변(동서울터미널),15,9
20250513,신림,강변(동서울터미널),16,15
20250513,신림,강변(동서울터미널),17,8
20250513,신림,강변(동서울터미널),18,12
20250513,신림,강변(동서울터미널),19,4
20250513,신림,강변(동서울터미널),20,7
20250513,신림,강변(동서울터미널),21,3
20250513,신림,강변(동서울터미널),22,4
20250513,신림,강변(동서울터미널),23,2
20250513,신림,건대입구,0,4
20250513,신림,건대입구,5,2
20250513,신림,건대입구,6,5
20250513,신림,건대입구,7,28
20250513,신림,건대입구,8,36
20250513,신림,건대입구,9,26
20250513,신림,건대입구,10,10
20250513,신림,건대입구,11,6
20250513,신림,건대입구,12,7
20250513,신림,건대입구,13,10
20250513,신림,건대입구,14,11
20250513,신림,건대입구,15,7
20250513,신림,건대입구,16,11
20250513,신림,건대입구,17,16
20250513,신림,건대입구,18,15
20250513,신림,건대입구,19,12
20250513,신림,건대입구,20,9
20250513,신림,건대입구,21,11
20250513,신림,건대입구,22,6
20250513,신림,건대입구,23,5
20250513,신림,교대(법원.검찰청),5,49
20250513,신림,교대(법원.검찰청),6,79
20250513,신림,교대(법원.검찰청),7,170
20250513,신림,교대(법원.검찰청),8,370
20250513,신림,교대(법원.검찰청),9,195
20250513,신림,교대(법원.검찰청),10,73
20250513,신림,교대(법원.검찰청),11,44
20250513,신림,교대(법원.검찰청),12,45
20250513,신림,교대(법원.검찰청),13,48
20250513,신림,교대(법원.검찰청),14,39
20250513,신림,교대(법원.검찰청),15,23
20250513,신림,교대(법원.검찰청),16,39
20250513,신림,교대(법원.검찰청),17,38
20250513,신림,교대(법원.검찰청),18,28
20250513,신림,교대(법원.검찰청),19,27
20250513,신림,교대(법원.검찰청),20,19
20250513,신림,교대(법원.검찰청),21,13
20250513,신림,교대(법원.검찰청),22,8
20250513,신림,교대(법원.검찰청),23,4
20250513,신림,구로디지털단지,0,7
20250513,신림,구로디지털단지,1,2
20250513,신림,구로디지털단지,5,13
20250513,신림,구로디지털단지,6,26
20250513,신림,구로디지털단지,7,114
20250513,신림,구로디지털단지,8,430
20250513,신림,구로디지털단지,9,223
20250513,신림,구로디지털단지,10,89
20250513,신림,구로디지털단지,11,58
20250513,신림,구로디지털단지,12,80
20250513,신림,구로디지털단지,13,71
20250513,신림,구로디지털단지,14,64
20250513,신림,구로디지털단지,15,61
20250513,신림,구로디지털단지,16,68
20250513,신림,구로디지털단지,17,64
20250513,신림,구로디지털단지,18,73
20250513,신림,구로디지털단지,19,61
20250513,신림,구로디지털단지,20,47
20250513,신림,구로디지털단지,21,52
20250513,신림,구로디지털단지,22,37
20250513,신림,구로디지털단지,23,25
20250513,신림,구의(광진구청),0,1
20250513,신림,구의(광진구청),5,9
20250513,신림,구의(광진구청),6,5
20250513,신림,구의(광진구청),7,20
20250513,신림,구의(광진구청),8,14
20250513,신림,구의(광진구청),9,12
20250513,신림,구의(광진구청),10,9
20250513,신림,구의(광진구청),11,8
20250513,신림,구의(광진구청),12,10
20250513,신림,구의(광진구청),13,2
20250513,신림,구의(광진구청),14,6
20250513,신림,구의(광진구청),15,4
20250513,신림,구의(광진구청),16,9
20250513,신림,구의(광진구청),17,8
20250513,신림,구의(광진구청),18,7
20250513,신림,구의(광진구청),19,5
20250513,신림,구의(광진구청),20,9
20250513,신림,구의(광진구청),21,4
20250513,신림,구의(광진구청),22,5
20250513,신림,구의(광진구청),23,3
20250513,신림,낙성대,0,9
20250513,신림,낙성대,5,15
20250513,신림,낙성대,6,20
20250513,신림,낙성대,7,40
20250513,신림,낙성대,8,104
20250513,신림,낙성대,9,78
20250513,신림,낙성대,10,47
20250513,신림,낙성대,11,66
20250513,신림,낙성대,12,42
20250513,신림,낙성대,13,44
20250513,신림,낙성대,14,42
20250513,신림,낙성대,15,49
20250513,신림,낙성대,16,60
20250513,신림,낙성대,17,68
20250513,신림,낙성대,18,75
20250513,신림,낙성대,19,52
20250513,신림,낙성대,20,57
20250513,신림,낙성대,21,55
20250513,신림,낙성대,22,37
20250513,신림,낙성대,23,25
20250513,신림,당산,5,16
20250513,신림,당산,6,21
20250513,신림,당산,7,55
20250513,신림,당산,8,123
20250513,신림,당산,9,41
20250513,신림,당산,10,20
20250513,신림,당산,11,13
20250513,신림,당산,12,23
20250513,신림,당산,13,20
20250513,신림,당산,14,15
20250513,신림,당산,15,22
20250513,신림,당산,16,26
20250513,신림,당산,17,33
20250513,신림,당산,18,24
20250513,신림,당산,19,23
20250513,신림,당산,20,19
20250513,신림,당산,21,19
20250513,신림,당산,22,20
20250513,신림,당산,23,5
20250513,신림,대림(구로구청),0,7
20250513,신림,대림(구로구청),5,12
20250513,신림,대림(구로구청),6,22
20250513,신림,대림(구로구청),7,57
20250513,신림,대림(구로구청),8,90
20250513,신림,대림(구로구청),9,41
20250513,신림,대림(구로구청),10,24
20250513,신림,대림(구로구청),11,30
20250513,신림,대림(구로구청),12,30
20250513,신림,대림(구로구청),13,41
20250513,신림,대림(구로구청),14,26
20250513,신림,대림(구로구청),15,36
20250513,신림,대림(구로구청),16,40
20250513,신림,대림(구로구청),17,38
20250513,신림,대림(구로구청),18,56
20250513,신림,대림(구로구청),19,33
20250513,신림,대림(구로구청),20,32
20250513,신림,대림(구로구청),21,41
20250513,신림,대림(구로구청),22,28
20250513,신림,대림(구로구청),23,15
20250513,신림,동대문역사문화공원,5,7
20250513,신림,동대문역사문화공원,6,8
20250513,신림,동대문역사문화공원,7,28
20250513,신림,동대문역사문화공원,8,24
20250513,신림,동대문역사문화공원,9,14
20250513,신림,동대문역사문화공원,10,11
20250513,신림,동대문역사문화공원,11,18
20250513,신림,동대문역사문화공원,12,10
20250513,신림,동대문역사문화공원,13,14
20250513,신림,동대문역사문화공원,14,8
20250513,신림,동대문역사문화공원,15,3
20250513,신림,동대문역사문화공원,16,10
20250513,신림,동대문역사문화공원,17,1
20250513,신림,동대문역사문화공원,18,9
20250513,신림,동대문역사문화공원,19,13
20250513,신림,동대문역사문화공원,20,6
20250513,신림,동대문역사문화공원,21,2
20250513,신림,동대문역사문화공원,22,1
20250513,신림,동대문역사문화공원,23,1
20250513,신림,뚝섬,5,6
20250513,신림,뚝섬,6,9
20250513,신림,뚝섬,7,62
20250513,신림,뚝섬,8,60
20250513,신림,뚝섬,9,34
20250513,신림,뚝섬,10,5
20250513,신림,뚝섬,11,7
20250513,신림,뚝섬,12,2
20250513,신림,뚝섬,13,5
20250513,신림,뚝섬,14,5
20250513,신림,뚝섬,15,3
20250513,신림,뚝섬,16,3
20250513,신림,뚝섬,17,4
20250513,신림,뚝섬,18,3
20250513,신림,뚝섬,19,2
20250513,신림,뚝섬,21,1
20250513,신림,뚝섬,23,1
20250513,신림,문래,5,10
20250513,신림,문래,6,26
20250513,신림,문래,7,88
20250513,신림,문래,8,226
20250513,신림,문래,9,77
20250513,신림,문래,10,24
20250513,신림,문래,11,15
20250513,신림,문래,12,19
20250513,신림,문래,13,26
20250513,신림,문래,14,24
20250513,신림,문래,15,16
20250513,신림,문래,16,9
20250513,신림,문래,17,17
20250513,신림,문래,18,20
20250513,신림,문래,19,19
20250513,신림,문래,20,10
20250513,신림,문래,21,7
20250513,신림,문래,22,14
20250513,신림,문래,23,6
20250513,신림,방배,0,4
20250513,신림,방배,5,26
20250513,신림,방배,6,51
20250513,신림,방배,7,135
20250513,신림,방배,8,319
20250513,신림,방배,9,170
20250513,신림,방배,10,79
20250513,신림,방배,11,48
20250513,신림,방배,12,60
20250513,신림,방배,13,39
20250513,신림,방배,14,34
20250513,신림,방배,15,31
20250513,신림,방배,16,39
20250513,신림,방배,17,51
20250513,신림,방배,18,25
20250513,신림,방배,19,19
20250513,신림,방배,20,19
20250513,신림,방배,21,13
20250513,신림,방배,22,13
20250513,신림,방배,23,7
20250513,신림,봉천,0,4
20250513,신림,봉천,5,5
20250513,신림,봉천,6,20
20250513,신림,봉천,7,27
20250513,신림,봉천,8,63
20250513,신림,봉천,9,42
20250513,신림,봉천,10,62
20250513,신림,봉천,11,65
20250513,신림,봉천,12,55
20250513,신림,봉천,13,71
20250513,신림,봉천,14,72
20250513,신림,봉천,15,69
20250513,신림,봉천,16,65
20250513,신림,봉천,17,70
20250513,신림,봉천,18,72
20250513,신림,봉천,19,60
20250513,신림,봉천,20,60
20250513,신림,봉천,21,36
20250513,신림,봉천,22,30
20250513,신림,봉천,23,27
20250513,신림,사당,0,6
20250513,신림,사당,5,29
20250513,신림,사당,6,98
20250513,신림,사당,7,166
20250513,신림,사당,8,208
20250513,신림,사당,9,101
20250513,신림,사당,10,75
20250513,신림,사당,11,77
20250513,신림,사당,12,65
20250513,신림,사당,13,45
20250513,신림,사당,14,59
20250513,신림,사당,15,64
20250513,신림,사당,16,51
20250513,신림,사당,17,89
20250513,신림,사당,18,96
20250513,신림,사당,19,68
20250513,신림,사당,20,51
20250513,신림,사당,21,30
20250513,신림,사당,22,35
20250513,신림,사당,23,13
20250513,신림,삼성(무역센터),0,2
20250513,신림,삼성(무역센터),5,81
20250513,신림,삼성(무역센터),6,112
20250513,신림,삼성(무역센터),7,406
20250513,신림,삼성(무역센터),8,593
20250513,신림,삼성(무역센터),9,313
20250513,신림,삼성(무역센터),10,95
20250513,신림,삼성(무역센터),11,49
20250513,신림,삼성(무역센터),12,48
20250513,신림,삼성(무역센터),13,30
20250513,신림,삼성(무역센터),14,39
20250513,신림,삼성(무역센터),15,25
20250513,신림,삼성(무역센터),16,26
20250513,신림,삼성(무역센터),17,32
20250513,신림,삼성(무역센터),18,25
20250513,신림,삼성(무역센터),19,9
20250513,신림,삼성(무역센터),20,13
20250513,신림,삼성(무역센터),21,8
20250513,신림,삼성(무역센터),22,10
20250513,신림,삼성(무역센터),23,2
20250513,신림,상왕십리,5,5
20250513,신림,상왕십리,6,3
20250513,신림,상왕십리,7,21
20250513,신림,상왕십리,8,8
20250513,신림,상왕십리,9,4
20250513,신림,상왕십리,10,1
20250513,신림,상왕십리,11,4
20250513,신림,상왕십리,12,1
20250513,신림,상왕십리,13,4
20250513,신림,상왕십리,14,1
20250513,신림,상왕십리,15,1
20250513,신림,상왕십리,16,3
20250513,신림,상왕십리,17,3
20250513,신림,상왕십리,18,1
20250513,신림,상왕십리,19,6
20250513,신림,상왕십리,20,1
20250513,신림,상왕십리,21,1
20250513,신림,상왕십리,22,1
20250513,신림,상왕십리,23,1
20250513,신림,서울대입구(관악구청),0,14
20250513,신림,서울대입구(관악구청),5,9
20250513,신림,서울대입구(관악구청),6,31
20250513,신림,서울대입구(관악구청),7,61
20250513,신림,서울대입구(관악구청),8,176
20250513,신림,서울대입구(관악구청),9,136
20250513,신림,서울대입구(관악구청),10,137
20250513,신림,서울대입구(관악구청),11,93
20250513,신림,서울대입구(관악구청),12,101
20250513,신림,서울대입구(관악구청),13,110
20250513,신림,서울대입구(관악구청),14,105
20250513,신림,서울대입구(관악구청),15,117
20250513,신림,서울대입구(관악구청),16,118
20250513,신림,서울대입구(관악구청),17,121
20250513,신림,서울대입구(관악구청),18,109
20250513,신림,서울대입구(관악구청),19,82
20250513,신림,서울대입구(관악구청),20,81
20250513,신림,서울대입구(관악구청),21,81
20250513,신림,서울대입구(관악구청),22,73
20250513,신림,서울대입구(관악구청),23,46
20250513,신림,서초,5,26
20250513,신림,서초,6,66
20250513,신림,서초,7,190
20250513,신림,서초,8,340
20250513,신림,서초,9,174
20250513,신림,서초,10,69
20250513,신림,서초,11,30
20250513,신림,서초,12,43
20250513,신림,서초,13,25
20250513,신림,서초,14,29
20250513,신림,서초,15,15
20250513,신림,서초,16,19
20250513,신림,서초,17,23
20250513,신림,서초,18,18
20250513,신림,서초,19,16
20250513,신림,서초,20,9
20250513,신림,서초,21,10
20250513,신림,서초,22,5
20250513,신림,서초,23,2
20250513,신림,선릉,0,3
20250513,신림,선릉,5,61
20250513,신림,선릉,6,137
20250513,신림,선릉,7,373
20250513,신림,선릉,8,576
20250513,신림,선릉,9,363
20250513,신림,선릉,10,111
20250513,신림,선릉,11,74
20250513,신림,선릉,12,66
20250513,신림,선릉,13,58
20250513,신림,선릉,14,48
20250513,신림,선릉,15,32
20250513,신림,선릉,16,32
20250513,신림,선릉,17,35
20250513,신림,선릉,18,25
20250513,신림,선릉,19,23
20250513,신림,선릉,20,16
20250513,신림,선릉,21,7
20250513,신림,선릉,22,7
20250513,신림,선릉,23,12
20250513,신림,성수,5,30
20250513,신림,성수,6,22
20250513,신림,성수,7,157
20250513,신림,성수,8,118
20250513,신림,성수,9,62
20250513,신림,성수,10,21
20250513,신림,성수,11,27
20250513,신림,성수,12,19
20250513,신림,성수,13,21
20250513,신림,성수,14,10
20250513,신림,성수,15,10
20250513,신림,성수,16,11
20250513,신림,성수,17,11
20250513,신림,성수,18,9
20250513,신림,성수,19,3
20250513,신림,성수,20,2
20250513,신림,성수,22,4
20250513,신림,시청,5,9
20250513,신림,시청,6,38
20250513,신림,시청,7,134
20250513,신림,시청,8,149
20250513,신림,시청,9,38
20250513,신림,시청,10,9
20250513,신림,시청,11,8
20250513,신림,시청,12,10
20250513,신림,시청,13,6
20250513,신림,시청,14,6
20250513,신림,시청,15,7
20250513,신림,시청,16,9
20250513,신림,시청,17,8
20250513,신림,시청,18,2
20250513,신림,시청,19,4
20250513,신림,시청,21,2
20250513,신림,신당,5,2
20250513,신림,신당,6,5
20250513,신림,신당,7,17
20250513,신림,신당,8,9
20250513,신림,신당,9,7
20250513,신림,신당,10,2
20250513,신림,신당,11,2
20250513,신림,신당,12,3
20250513,신림,신당,13,2
20250513,신림,신당,14,3
20250513,신림,신당,15,5
20250513,신림,신당,16,4
20250513,신림,신당,17,5
20250513,신림,신당,18,2
20250513,신림,신당,20,4
20250513,신림,신당,22,1
20250513,신림,신당,23,2
20250513,신림,신대방,0,18
20250513,신림,신대방,5,10
20250513,신림,신대방,6,9
20250513,신림,신대방,7,19
20250513,신림,신대방,8,24
20250513,신림,신대방,9,23
20250513,신림,신대방,10,35
20250513,신림,신대방,11,27
20250513,신림,신대방,12,35
20250513,신림,신대방,13,38
20250513,신림,신대방,14,36
20250513,신림,신대방,15,45
20250513,신림,신대방,16,53
20250513,신림,신대방,17,53
20250513,신림,신대방,18,66
20250513,신림,신대방,19,52
20250513,신림,신대방,20,65
20250513,신림,신대방,21,52
20250513,신림,신대방,22,46
20250513,신림,신대방,23,16
20250513,신림,신도림,0,7
20250513,신림,신도림,5,11
20250513,신림,신도림,6,28
20250513,신림,신도림,7,52
20250513,신림,신도림,8,146
20250513,신림,신도림,9,92
20250513,신림,신도림,10,49
20250513,신림,신도림,11,29
20250513,신림,신도림,12,27
20250513,신림,신도림,13,65
20250513,신림,신도림,14,47
20250513,신림,신도림,15,46
20250513,신림,신도림,16,40
20250513,신림,신도림,17,51
20250513,신림,신도림,18,63
20250513,신림,신도림,19,39
20250513,신림,신도림,20,35
20250513,신림,신도림,21,48
20250513,신림,신도림,22,33
20250513,신림,신도림,23,17
20250513,신림,신림,0,13
20250513,신림,신림,5,10
20250513,신림,신림,6,14
20250513,신림,신림,7,20
20250513,신림,신림,8,27
20250513,신림,신림,9,11
20250513,신림,신림,10,13
20250513,신림,신림,11,29
20250513,신림,신림,12,14
20250513,신림,신림,13,20
20250513,신림,신림,14,33
20250513,신림,신림,15,33
20250513,신림,신림,16,28
20250513,신림,신림,17,40
20250513,신림,신림,18,34
20250513,신림,신림,19,25
20250513,신림,신림,20,35
20250513,신림,신림,21,32
20250513,신림,신림,22,30
20250513,신림,신림,23,20
20250513,신림,신촌,0,1
20250513,신림,신촌,5,7
20250513,신림,신촌,6,22
20250513,신림,신촌,7,66
20250513,신림,신촌,8,93
20250513,신림,신촌,9,66
20250513,신림,신촌,10,38
20250513,신림,신촌,11,52
20250513,신림,신촌,12,40
20250513,신림,신촌,13,38
20250513,신림,신촌,14,23
20250513,신림,신촌,15,26
20250513,신림,신촌,16,24
20250513,신림,신촌,17,22
20250513,신림,신촌,18,28
20250513,신림,신촌,19,10
20250513,신림,신촌,20,15
20250513,신림,신촌,21,7
20250513,신림,신촌,22,18
20250513,신림,신촌,23,9
20250513,신림,아현,0,1
20250513,신림,아현,5,5
20250513,신림,아현,6,6
20250513,신림,아현,7,25
20250513,신림,아현,8,16
20250513,신림,아현,9,10
20250513,신림,아현,10,10
20250513,신림,아현,11,6
20250513,신림,아현,12,4
20250513,신림,아현,13,2
20250513,신림,아현,14,3
20250513,신림,아현,15,3
20250513,신림,아현,16,4
20250513,신림,아현,17,3
20250513,신림,아현,18,8
20250513,신림,아현,19,6
20250513,신림,아현,20,5
20250513,신림,아현,21,3
20250513,신림,아현,22,4
20250513,신림,아현,23,2
20250513,신림,역삼,0,3
20250513,신림,역삼,5,48
20250513,신림,역삼,6,135
20250513,신림,역삼,7,468
20250513,신림,역삼,8,806
20250513,신림,역삼,9,495
20250513,신림,역삼,10,164
20250513,신림,역삼,11,80
20250513,신림,역삼,12,64
20250513,신림,역삼,13,59
20250513,신림,역삼,14,37
20250513,신림,역삼,15,31
20250513,신림,역삼,16,39
20250513,신림,역삼,17,31
20250513,신림,역삼,18,22
20250513,신림,역삼,19,30
20250513,신림,역삼,20,21
20250513,신림,역삼,21,19
20250513,신림,역삼,22,5
20250513,신림,역삼,23,5
20250513,신림,영등포구청,0,2
20250513,신림,영등포구청,5,14
20250513,신림,영등포구청,6,16
20250513,신림,영등포구청,7,81
20250513,신림,영등포구청,8,172
20250513,신림,영등포구청,9,57
20250513,신림,영등포구청,10,26
20250513,신림,영등포구청,11,20
20250513,신림,영등포구청,12,13
20250513,신림,영등포구청,13,25
20250513,신림,영등포구청,14,22
20250513,신림,영등포구청,15,19
20250513,신림,영등포구청,16,21
20250513,신림,영등포구청,17,18
20250513,신림,영등포구청,18,18
20250513,신림,영등포구청,19,9
20250513,신림,영등포구청,20,18
20250513,신림,영등포구청,21,10
20250513,신림,영등포구청,22,11
20250513,신림,영등포구청,23,6
20250513,신림,왕십리(성동구청),5,3
20250513,신림,왕십리(성동구청),6,3
20250513,신림,왕십리(성동구청),7,4
20250513,신림,왕십리(성동구청),8,5
20250513,신림,왕십리(성동구청),10,4
20250513,신림,왕십리(성동구청),12,2
20250513,신림,왕십리(성동구청),16,1
20250513,신림,왕십리(성동구청),17,5
20250513,신림,왕십리(성동구청),18,4
20250513,신림,왕십리(성동구청),19,1
20250513,신림,왕십리(성동구청),20,1
20250513,신림,왕십리(성동구청),21,2
20250513,신림,왕십리(성동구청),22,3
20250513,신림,왕십리(성동구청),23,1
20250513,신림,용두(동대문구청),7,1
20250513,신림,용두(동대문구청),9,1
20250513,신림,용두(동대문구청),21,1
20250513,신림,을지로3가,5,10
20250513,신림,을지로3가,6,23
20250513,신림,을지로3가,7,81
20250513,신림,을지로3가,8,83
20250513,신림,을지로3가,9,29
20250513,신림,을지로3가,10,7
20250513,신림,을지로3가,11,6
20250513,신림,을지로3가,12,10
20250513,신림,을지로3가,13,12
20250513,신림,을지로3가,14,7
20250513,신림,을지로3가,15,8
20250513,신림,을지로3가,16,7
20250513,신림,을지로3가,17,10
20250513,신림,을지로3가,18,6
20250513,신림,을지로3가,19,2
20250513,신림,을지로3가,20,1
20250513,신림,을지로3가,21,1
20250513,신림,을지로3가,22,1
20250513,신림,을지로3가,23,1
20250513,신림,을지로4가,5,6
20250513,신림,을지로4가,6,7
20250513,신림,을지로4가,7,47
20250513,신림,을지로4가,8,42
20250513,신림,을지로4가,9,2
20250513,신림,을지로4가,10,7
20250513,신림,을지로4가,11,10
20250513,신림,을지로4가,12,9
20250513,신림,을지로4가,13,8
20250513,신림,을지로4가,14,3
20250513,신림,을지로4가,16,5
20250513,신림,을지로4가,17,1
20250513,신림,을지로4가,20,1
20250513,신림,을지로4가,21,1
20250513,신림,을지로4가,22,1
20250513,신림,을지로4가,23,1
20250513,신림,을지로입구,0,2
20250513,신림,을지로입구,5,4
20250513,신림,을지로입구,6,40
20250513,신림,을지로입구,7,173
20250513,신림,을지로입구,8,189
20250513,신림,을지로입구,9,77
20250513,신림,을지로입구,10,38
20250513,신림,을지로입구,11,21
20250513,신림,을지로입구,12,22
20250513,신림,을지로입구,13,19
20250513,신림,을지로입구,14,9
20250513,신림,을지로입구,15,13
20250513,신림,을지로입구,16,13
20250513,신림,을지로입구,17,4
20250513,신림,을지로입구,18,9
20250513,신림,을지로입구,19,4
20250513,신림,을지로입구,20,3
20250513,신림,을지로입구,23,1
20250513,신림,이대,0,1
20250513,신림,이대,6,4
20250513,신림,이대,7,23
20250513,신림,이대,8,39
20250513,신림,이대,9,32
20250513,신림,이대,10,20
20250513,신림,이대,11,16
20250513,신림,이대,12,12
20250513,신림,이대,13,13
20250513,신림,이대,14,8
20250513,신림,이대,15,8
20250513,신림,이대,16,6
20250513,신림,이대,17,8
20250513,신림,이대,18,6
20250513,신림,이대,19,4
20250513,신림,이대,20,7
20250513,신림,이대,21,2
20250513,신림,이대,22,4
20250513,신림,이대,23,3
20250513,신림,잠실(송파구청),0,3
20250513,신림,잠실(송파구청),4,1
20250513,신림,잠실(송파구청),5,27
20250513,신림,잠실(송파구청),6,82
20250513,신림,잠실(송파구청),7,212
20250513,신림,잠실(송파구청),8,205
20250513,신림,잠실(송파구청),9,131
20250513,신림,잠실(송파구청),10,85
20250513,신림,잠실(송파구청),11,50
20250513,신림,잠실(송파구청),12,63
20250513,신림,잠실(송파구청),13,66
20250513,신림,잠실(송파구청),14,45
20250513,신림,잠실(송파구청),15,32
20250513,신림,잠실(송파구청),16,57
20250513,신림,잠실(송파구청),17,44
20250513,신림,잠실(송파구청),18,49
20250513,신림,잠실(송파구청),19,28
20250513,신림,잠실(송파구청),20,28
20250513,신림,잠실(송파구청),21,35
20250513,신림,잠실(송파구청),22,35
20250513,신림,잠실(송파구청),23,15
20250513,신림,잠실나루,5,15
20250513,신림,잠실나루,6,14
20250513,신림,잠실나루,7,39
20250513,신림,잠실나루,8,18
20250513,신림,잠실나루,9,9
20250513,신림,잠실나루,10,3
20250513,신림,잠실나루,11,2
20250513,신림,잠실나루,12,11
20250513,신림,잠실나루,13,6
20250513,신림,잠실나루,14,6
20250513,신림,잠실나루,15,6
20250513,신림,잠실나루,16,1
20250513,신림,잠실나루,17,3
20250513,신림,잠실나루,18,5
20250513,신림,잠실나루,19,7
20250513,신림,잠실나루,20,1
20250513,신림,잠실나루,21,3
20250513,신림,잠실새내,0,1
20250513,신림,잠실새내,6,6
20250513,신림,잠실새내,7,25
20250513,신림,잠실새내,8,31
20250513,신림,잠실새내,9,18
20250513,신림,잠실새내,10,11
20250513,신림,잠실새내,11,5
20250513,신림,잠실새내,12,11
20250513,신림,잠실새내,13,12
20250513,신림,잠실새내,14,16
20250513,신림,잠실새내,15,10
20250513,신림,잠실새내,16,21
20250513,신림,잠실새내,17,19
20250513,신림,잠실새내,18,15
20250513,신림,잠실새내,19,9
20250513,신림,잠실새내,20,4
20250513,신림,잠실새내,21,5
20250513,신림,잠실새내,22,7
20250513,신림,잠실새내,23,4
20250513,신림,종합운동장,0,1
20250513,신림,종합운동장,5,16
20250513,신림,종합운동장,6,19
20250513,신림,종합운동장,7,42
20250513,신림,종합운동장,8,23
20250513,신림,종합운동장,9,13
20250513,신림,종합운동장,10,6
20250513,신림,종합운동장,11,4
20250513,신림,종합운동장,12,6
20250513,신림,종합운동장,13,6
20250513,신림,종합운동장,14,3
20250513,신림,종합운동장,15,4
20250513,신림,종합운동장,16,28
20250513,신림,종합운동장,17,53
20250513,신림,종합운동장,18,16
20250513,신림,종합운동장,19,3
20250513,신림,종합운동장,20,3
20250513,신림,종합운동장,21,4
20250513,신림,종합운동장,22,2
20250513,신림,충정로(경기대입구),5,6
20250513,신림,충정로(경기대입구),6,8
20250513,신림,충정로(경기대입구),7,51
20250513,신림,충정로(경기대입구),8,57
20250513,신림,충정로(경기대입구),9,8
20250513,신림,충정로(경기대입구),10,3
20250513,신림,충정로(경기대입구),11,2
20250513,신림,충정로(경기대입구),12,8
20250513,신림,충정로(경기대입구),13,5
20250513,신림,충정로(경기대입구),14,5
20250513,신림,충정로(경기대입구),16,2
20250513,신림,충정로(경기대입구),17,2
20250513,신림,충정로(경기대입구),18,4
20250513,신림,충정로(경기대입구),19,3
20250513,신림,충정로(경기대입구),20,4
20250513,신림,충정로(경기대입구),21,3
20250513,신림,충정로(경기대입구),22,4
20250513,신림,충정로(경기대입구),23,1
20250513,신림,한양대,5,3
20250513,신림,한양대,6,8
20250513,신림,한양대,7,21
20250513,신림,한양대,8,30
20250513,신림,한양대,9,12
20250513,신림,한양대,10,1
20250513,신림,한양대,11,6
20250513,신림,한양대,12,25
20250513,신림,한양대,13,8
20250513,신림,한양대,14,7
20250513,신림,한양대,15,2
20250513,신림,한양대,16,5
20250513,신림,한양대,17,4
20250513,신림,한양대,18,1
20250513,신림,한양대,23,1
20250513,신림,합정,0,6
20250513,신림,합정,5,12
20250513,신림,합정,6,30
20250513,신림,합정,7,103
20250513,신림,합정,8,184
20250513,신림,합정,9,134
20250513,신림,합정,10,43
20250513,신림,합정,11,41
20250513,신림,합정,12,58
20250513,신림,합정,13,45
20250513,신림,합정,14,28
20250513,신림,합정,15,39
20250513,신림,합정,16,26
20250513,신림,합정,17,35
20250513,신림,합정,18,53
20250513,신림,합정,19,38
20250513,신림,합정,20,14
20250513,신림,합정,21,22
20250513,신림,합정,22,18
20250513,신림,합정,23,17
20250513,신림,홍대입구,0,5
20250513,신림,홍대입구,5,8
20250513,신림,홍대입구,6,31
20250513,신림,홍대입구,7,77
20250513,신림,홍대입구,8,196
20250513,신림,홍대입구,9,141
20250513,신림,홍대입구,10,102
20250513,신림,홍대입구,11,65
20250513,신림,홍대입구,12,84
20250513,신림,홍대입구,13,74
20250513,신림,홍대입구,14,66
20250513,신림,홍대입구,15,73
20250513,신림,홍대입구,16,81
20250513,신림,홍대입구,17,74
20250513,신림,홍대입구,18,60
20250513,신림,홍대입구,19,39
20250513,신림,홍대입구,20,36
20250513,신림,홍대입구,21,33
20250513,신림,홍대입구,22,29
20250513,신림,홍대입구,23,29
20250513,신촌,강남,0,2
20250513,신촌,강남,5,4
20250513,신촌,강남,6,14
20250513,신촌,강남,7,49
20250513,신촌,강남,8,50
20250513,신촌,강남,9,25
20250513,신촌,강남,10,9
20250513,신촌,강남,11,16
20250513,신촌,강남,12,16
20250513,신촌,강남,13,24
20250513,신촌,강남,14,17
20250513,신촌,강남,15,25
20250513,신촌,강남,16,36
20250513,신촌,강남,17,33
20250513,신촌,강남,18,28
20250513,신촌,강남,19,11
20250513,신촌,강남,20,11
20250513,신촌,강남,21,5
20250513,신촌,강남,22,10
20250513,신촌,강남,23,5
20250513,신촌,강변(동서울터미널),0,2
20250513,신촌,강변(동서울터미널),5,7
20250513,신촌,강변(동서울터미널),6,7
20250513,신촌,강변(동서울터미널),7,8
20250513,신촌,강변(동서울터미널),8,5
20250513,신촌,강변(동서울터미널),9,11
20250513,신촌,강변(동서울터미널),10,13
20250513,신촌,강변(동서울터미널),11,16
20250513,신촌,강변(동서울터미널),12,12
20250513,신촌,강변(동서울터미널),13,17
20250513,신촌,강변(동서울터미널),14,22
20250513,신촌,강변(동서울터미널),15,28
20250513,신촌,강변(동서울터미널),16,27
20250513,신촌,강변(동서울터미널),17,23
20250513,신촌,강변(동서울터미널),18,22
20250513,신촌,강변(동서울터미널),19,16
20250513,신촌,강변(동서울터미널),20,14
20250513,신촌,강변(동서울터미널),21,26
20250513,신촌,강변(동서울터미널),22,19
20250513,신촌,강변(동서울터미널),23,15
20250513,신촌,건대입구,0,6
20250513,신촌,건대입구,4,1
20250513,신촌,건대입구,5,1
20250513,신촌,건대입구,6,5
20250513,신촌,건대입구,7,8
20250513,신촌,건대입구,8,22
20250513,신촌,건대입구,9,20
20250513,신촌,건대입구,10,14
20250513,신촌,건대입구,11,22
20250513,신촌,건대입구,12,23
20250513,신촌,건대입구,13,26
20250513,신촌,건대입구,14,23
20250513,신촌,건대입구,15,33
20250513,신촌,건대입구,16,44
20250513,신촌,건대입구,17,49
20250513,신촌,건대입구,18,49
20250513,신촌,건대입구,19,38
20250513,신촌,건대입구,20,44
20250513,신촌,건대입구,21,41
20250513,신촌,건대입구,22,40
20250513,신촌,건대입구,23,22
20250513,신촌,교대(법원.검찰청),0,2
20250513,신촌,교대(법원.검찰청),6,1
20250513,신촌,교대(법원.검찰청),7,15
20250513,신촌,교대(법원.검찰청),8,9
20250513,신촌,교대(법원.검찰청),9,9
20250513,신촌,교대(법원.검찰청),10,5
20250513,신촌,교대(법원.검찰청),11,5
20250513,신촌,교대(법원.검찰청),12,6
20250513,신촌,교대(법원.검찰청),13,9
20250513,신촌,교대(법원.검찰청),14,10
20250513,신촌,교대(법원.검찰청),15,8
20250513,신촌,교대(법원.검찰청),16,11
20250513,신촌,교대(법원.검찰청),17,12
20250513,신촌,교대(법원.검찰청),18,7
20250513,신촌,교대(법원.검찰청),19,6
20250513,신촌,교대(법원.검찰청),20,6
20250513,신촌,교대(법원.검찰청),21,10
20250513,신촌,교대(법원.검찰청),22,10
20250513,신촌,교대(법원.검찰청),23,9
20250513,신촌,구로디지털단지,0,8
20250513,신촌,구로디지털단지,5,1
20250513,신촌,구로디지털단지,6,10
20250513,신촌,구로디지털단지,7,63
20250513,신촌,구로디지털단지,8,63
20250513,신촌,구로디지털단지,9,37
20250513,신촌,구로디지털단지,10,25
20250513,신촌,구로디지털단지,11,29
20250513,신촌,구로디지털단지,12,35
20250513,신촌,구로디지털단지,13,47
20250513,신촌,구로디지털단지,14,35
20250513,신촌,구로디지털단지,15,66
20250513,신촌,구로디지털단지,16,75
20250513,신촌,구로디지털단지,17,90
20250513,신촌,구로디지털단지,18,96
20250513,신촌,구로디지털단지,19,47
20250513,신촌,구로디지털단지,20,68
20250513,신촌,구로디지털단지,21,103
20250513,신촌,구로디지털단지,22,92
20250513,신촌,구로디지털단지,23,45
20250513,신촌,구의(광진구청),0,5
20250513,신촌,구의(광진구청),6,1
20250513,신촌,구의(광진구청),7,8
20250513,신촌,구의(광진구청),8,13
20250513,신촌,구의(광진구청),9,5
20250513,신촌,구의(광진구청),10,8
20250513,신촌,구의(광진구청),11,5
20250513,신촌,구의(광진구청),12,6
20250513,신촌,구의(광진구청),13,5
20250513,신촌,구의(광진구청),14,12
20250513,신촌,구의(광진구청),15,14
20250513,신촌,구의(광진구청),16,15
20250513,신촌,구의(광진구청),17,24
20250513,신촌,구의(광진구청),18,25
20250513,신촌,구의(광진구청),19,15
20250513,신촌,구의(광진구청),20,22
20250513,신촌,구의(광진구청),21,27
20250513,신촌,구의(광진구청),22,26
20250513,신촌,구의(광진구청),23,11
20250513,신촌,낙성대,0,4
20250513,신촌,낙성대,6,2
20250513,신촌,낙성대,7,7
20250513,신촌,낙성대,8,5
20250513,신촌,낙성대,9,3
20250513,신촌,낙성대,10,9
20250513,신촌,낙성대,11,7
20250513,신촌,낙성대,12,7
20250513,신촌,낙성대,13,9
20250513,신촌,낙성대,14,9
20250513,신촌,낙성대,15,5
20250513,신촌,낙성대,16,15
20250513,신촌,낙성대,17,25
20250513,신촌,낙성대,18,24
20250513,신촌,낙성대,19,12
20250513,신촌,낙성대,20,15
20250513,신촌,낙성대,21,23
20250513,신촌,낙성대,22,30
20250513,신촌,낙성대,23,9
20250513,신촌,당산,0,14
20250513,신촌,당산,6,3
20250513,신촌,당산,7,11
20250513,신촌,당산,8,19
20250513,신촌,당산,9,16
20250513,신촌,당산,10,10
20250513,신촌,당산,11,18
20250513,신촌,당산,12,27
20250513,신촌,당산,13,32
20250513,신촌,당산,14,33
20250513,신촌,당산,15,31
20250513,신촌,당산,16,42
20250513,신촌,당산,17,68
20250513,신촌,당산,18,74
20250513,신촌,당산,19,47
20250513,신촌,당산,20,50
20250513,신촌,당산,21,57
20250513,신촌,당산,22,55
20250513,신촌,당산,23,27
20250513,신촌,대림(구로구청),0,3
20250513,신촌,대림(구로구청),5,3
20250513,신촌,대림(구로구청),6,3
20250513,신촌,대림(구로구청),7,12
20250513,신촌,대림(구로구청),8,15
20250513,신촌,대림(구로구청),9,4
20250513,신촌,대림(구로구청),10,6
20250513,신촌,대림(구로구청),11,22
20250513,신촌,대림(구로구청),12,17
20250513,신촌,대림(구로구청),13,30
20250513,신촌,대림(구로구청),14,22
20250513,신촌,대림(구로구청),15,41
20250513,신촌,대림(구로구청),16,45
20250513,신촌,대림(구로구청),17,45
20250513,신촌,대림(구로구청),18,54
20250513,신촌,대림(구로구청),19,26
20250513,신촌,대림(구로구청),20,40
20250513,신촌,대림(구로구청),21,36
20250513,신촌,대림(구로구청),22,36
20250513,신촌,대림(구로구청),23,14
20250513,신촌,동대문역사문화공원,0,7
20250513,신촌,동대문역사문화공원,5,5
20250513,신촌,동대문역사문화공원,6,7
20250513,신촌,동대문역사문화공원,7,30
20250513,신촌,동대문역사문화공원,8,33
20250513,신촌,동대문역사문화공원,9,35
20250513,신촌,동대문역사문화공원,10,20
20250513,신촌,동대문역사문화공원,11,13
20250513,신촌,동대문역사문화공원,12,31
20250513,신촌,동대문역사문화공원,13,36
20250513,신촌,동대문역사문화공원,14,20
20250513,신촌,동대문역사문화공원,15,25
20250513,신촌,동대문역사문화공원,16,34
20250513,신촌,동대문역사문화공원,17,32
20250513,신촌,동대문역사문화공원,18,36
20250513,신촌,동대문역사문화공원,19,47
20250513,신촌,동대문역사문화공원,20,26
20250513,신촌,동대문역사문화공원,21,24
20250513,신촌,동대문역사문화공원,22,15
20250513,신촌,동대문역사문화공원,23,7
20250513,신촌,뚝섬,0,4
20250513,신촌,뚝섬,5,1
20250513,신촌,뚝섬,6,8
20250513,신촌,뚝섬,7,29
20250513,신촌,뚝섬,8,45
20250513,신촌,뚝섬,9,25
20250513,신촌,뚝섬,10,25
20250513,신촌,뚝섬,11,19
20250513,신촌,뚝섬,12,15
20250513,신촌,뚝섬,13,21
20250513,신촌,뚝섬,14,14
20250513,신촌,뚝섬,15,22
20250513,신촌,뚝섬,16,31
20250513,신촌,뚝섬,17,28
20250513,신촌,뚝섬,18,29
20250513,신촌,뚝섬,19,8
20250513,신촌,뚝섬,20,11
20250513,신촌,뚝섬,21,9
20250513,신촌,뚝섬,22,15
20250513,신촌,뚝섬,23,7
20250513,신촌,문래,0,6
20250513,신촌,문래,6,4
20250513,신촌,문래,7,14
20250513,신촌,문래,8,46
20250513,신촌,문래,9,9
20250513,신촌,문래,10,13
20250513,신촌,문래,11,15
20250513,신촌,문래,12,23
20250513,신촌,문래,13,21
20250513,신촌,문래,14,26
20250513,신촌,문래,15,33
20250513,신촌,문래,16,40
20250513,신촌,문래,17,47
20250513,신촌,문래,18,62
20250513,신촌,문래,19,30
20250513,신촌,문래,20,33
20250513,신촌,문래,21,36
20250513,신촌,문래,22,32
20250513,신촌,문래,23,16
20250513,신촌,방배,0,3
20250513,신촌,방배,5,3
20250513,신촌,방배,6,6
20250513,신촌,방배,7,12
20250513,신촌,방배,8,10
20250513,신촌,방배,9,3
20250513,신촌,방배,10,1
20250513,신촌,방배,11,9
20250513,신촌,방배,12,11
20250513,신촌,방배,13,1
20250513,신촌,방배,14,11
20250513,신촌,방배,15,10
20250513,신촌,방배,16,16
20250513,신촌,방배,17,22
20250513,신촌,방배,18,13
20250513,신촌,방배,19,12
20250513,신촌,방배,20,7
20250513,신촌,방배,21,13
20250513,신촌,방배,22,13
20250513,신촌,방배,23,15
20250513,신촌,봉천,0,4
20250513,신촌,봉천,6,1
20250513,신촌,봉천,7,3
20250513,신촌,봉천,8,10
20250513,신촌,봉천,9,4
20250513,신촌,봉천,10,6
20250513,신촌,봉천,11,3
20250513,신촌,봉천,12,7
20250513,신촌,봉천,13,5
20250513,신촌,봉천,14,12
20250513,신촌,봉천,15,19
20250513,신촌,봉천,16,14
20250513,신촌,봉천,17,29
20250513,신촌,봉천,18,22
20250513,신촌,봉천,19,19
20250513,신촌,봉천,20,23
20250513,신촌,봉천,21,15
20250513,신촌,봉천,22,34
20250513,신촌,봉천,23,8
20250513,신촌,사당,0,2
20250513,신촌,사당,5,3
20250513,신촌,사당,6,1
20250513,신촌,사당,7,5
20250513,신촌,사당,8,8
20250513,신촌,사당,9,8
20250513,신촌,사당,10,5
20250513,신촌,사당,11,11
20250513,신촌,사당,12,9
20250513,신촌,사당,13,11
20250513,신촌,사당,14,13
20250513,신촌,사당,15,16
20250513,신촌,사당,16,28
20250513,신촌,사당,17,38
20250513,신촌,사당,18,34
20250513,신촌,사당,19,24
20250513,신촌,사당,20,28
20250513,신촌,사당,21,27
20250513,신촌,사당,22,32
20250513,신촌,사당,23,13
20250513,신촌,삼성(무역센터),0,2
20250513,신촌,삼성(무역센터),5,2
20250513,신촌,삼성(무역센터),6,19
20250513,신촌,삼성(무역센터),7,44
20250513,신촌,삼성(무역센터),8,47
20250513,신촌,삼성(무역센터),9,14
20250513,신촌,삼성(무역센터),10,5
20250513,신촌,삼성(무역센터),11,11
20250513,신촌,삼성(무역센터),12,14
20250513,신촌,삼성(무역센터),13,13
20250513,신촌,삼성(무역센터),14,9
20250513,신촌,삼성(무역센터),15,7
20250513,신촌,삼성(무역센터),16,14
20250513,신촌,삼성(무역센터),17,22
20250513,신촌,삼성(무역센터),18,9
20250513,신촌,삼성(무역센터),19,1
20250513,신촌,삼성(무역센터),20,3
20250513,신촌,삼성(무역센터),21,4
20250513,신촌,삼성(무역센터),22,3
20250513,신촌,삼성(무역센터),23,4
20250513,신촌,상왕십리,0,5
20250513,신촌,상왕십리,6,4
20250513,신촌,상왕십리,7,8
20250513,신촌,상왕십리,8,17
20250513,신촌,상왕십리,9,4
20250513,신촌,상왕십리,10,11
20250513,신촌,상왕십리,11,10
20250513,신촌,상왕십리,12,10
20250513,신촌,상왕십리,13,14
20250513,신촌,상왕십리,14,12
20250513,신촌,상왕십리,15,17
20250513,신촌,상왕십리,16,18
20250513,신촌,상왕십리,17,33
20250513,신촌,상왕십리,18,31
20250513,신촌,상왕십리,19,25
20250513,신촌,상왕십리,20,33
20250513,신촌,상왕십리,21,22
20250513,신촌,상왕십리,22,29
20250513,신촌,상왕십리,23,12
20250513,신촌,서울대입구(관악구청),0,13
20250513,신촌,서울대입구(관악구청),5,4
20250513,신촌,서울대입구(관악구청),6,2
20250513,신촌,서울대입구(관악구청),7,5
20250513,신촌,서울대입구(관악구청),8,15
20250513,신촌,서울대입구(관악구청),9,12
20250513,신촌,서울대입구(관악구청),10,14
20250513,신촌,서울대입구(관악구청),11,14
20250513,신촌,서울대입구(관악구청),12,18
20250513,신촌,서울대입구(관악구청),13,20
20250513,신촌,서울대입구(관악구청),14,21
20250513,신촌,서울대입구(관악구청),15,16
20250513,신촌,서울대입구(관악구청),16,25
20250513,신촌,서울대입구(관악구청),17,39
20250513,신촌,서울대입구(관악구청),18,59
20250513,신촌,서울대입구(관악구청),19,28
20250513,신촌,서울대입구(관악구청),20,51
20250513,신촌,서울대입구(관악구청),21,39
20250513,신촌,서울대입구(관악구청),22,33
20250513,신촌,서울대입구(관악구청),23,25
20250513,신촌,서초,0,1
20250513,신촌,서초,5,2
20250513,신촌,서초,6,4
20250513,신촌,서초,7,15
20250513,신촌,서초,8,6
20250513,신촌,서초,9,2
20250513,신촌,서초,10,2
20250513,신촌,서초,11,2
20250513,신촌,서초,12,4
20250513,신촌,서초,13,1
20250513,신촌,서초,14,7
20250513,신촌,서초,15,2
20250513,신촌,서초,16,7
20250513,신촌,서초,17,7
20250513,신촌,서초,18,8
20250513,신촌,서초,19,1
20250513,신촌,서초,20,5
20250513,신촌,서초,21,3
20250513,신촌,서초,22,2
20250513,신촌,서초,23,5
20250513,신촌,선릉,6,9
20250513,신촌,선릉,7,40
20250513,신촌,선릉,8,24
20250513,신촌,선릉,9,12
20250513,신촌,선릉,10,6
20250513,신촌,선릉,11,3
20250513,신촌,선릉,12,11
20250513,신촌,선릉,13,11
20250513,신촌,선릉,14,7
20250513,신촌,선릉,15,14
20250513,신촌,선릉,16,18
20250513,신촌,선릉,17,14
20250513,신촌,선릉,18,5
20250513,신촌,선릉,19,5
20250513,신촌,선릉,20,4
20250513,신촌,선릉,21,3
20250513,신촌,선릉,22,7
20250513,신촌,선릉,23,6
20250513,신촌,성수,0,11
20250513,신촌,성수,5,8
20250513,신촌,성수,6,6
20250513,신촌,성수,7,32
20250513,신촌,성수,8,63
20250513,신촌,성수,9,39
20250513,신촌,성수,10,34
20250513,신촌,성수,11,33
20250513,신촌,성수,12,22
20250513,신촌,성수,13,40
20250513,신촌,성수,14,19
20250513,신촌,성수,15,40
20250513,신촌,성수,16,42
20250513,신촌,성수,17,33
20250513,신촌,성수,18,24
20250513,신촌,성수,19,15
20250513,신촌,성수,20,9
20250513,신촌,성수,21,12
20250513,신촌,성수,22,14
20250513,신촌,성수,23,4
20250513,신촌,시청,0,1
20250513,신촌,시청,5,5
20250513,신촌,시청,6,18
20250513,신촌,시청,7,64
20250513,신촌,시청,8,201
20250513,신촌,시청,9,56
20250513,신촌,시청,10,30
20250513,신촌,시청,11,28
20250513,신촌,시청,12,32
20250513,신촌,시청,13,27
20250513,신촌,시청,14,21
20250513,신촌,시청,15,21
20250513,신촌,시청,16,34
20250513,신촌,시청,17,41
20250513,신촌,시청,18,20
20250513,신촌,시청,19,14
20250513,신촌,시청,20,23
20250513,신촌,시청,21,11
20250513,신촌,시청,22,17
20250513,신촌,시청,23,5
20250513,신촌,신당,0,3
20250513,신촌,신당,5,1
20250513,신촌,신당,6,3
20250513,신촌,신당,7,14
20250513,신촌,신당,8,17
20250513,신촌,신당,9,6
20250513,신촌,신당,10,8
20250513,신촌,신당,11,11
20250513,신촌,신당,12,12
20250513,신촌,신당,13,16
20250513,신촌,신당,14,10
20250513,신촌,신당,15,24
20250513,신촌,신당,16,20
20250513,신촌,신당,17,29
20250513,신촌,신당,18,33
20250513,신촌,신당,19,25
20250513,신촌,신당,20,19
20250513,신촌,신당,21,22
20250513,신촌,신당,22,30
20250513,신촌,신당,23,11
20250513,신촌,신대방,0,7
20250513,신촌,신대방,6,6
20250513,신촌,신대방,7,4
20250513,신촌,신대방,8,5
20250513,신촌,신대방,9,10
20250513,신촌,신대방,10,2
20250513,신촌,신대방,11,7
20250513,신촌,신대방,12,10
20250513,신촌,신대방,13,12
20250513,신촌,신대방,14,12
20250513,신촌,신대방,15,27
20250513,신촌,신대방,16,35
20250513,신촌,신대방,17,47
20250513,신촌,신대방,18,50
20250513,신촌,신대방,19,33
20250513,신촌,신대방,20,36
20250513,신촌,신대방,21,43
20250513,신촌,신대방,22,34
20250513,신촌,신대방,23,26
20250513,신촌,신도림,0,20
20250513,신촌,신도림,5,1
20250513,신촌,신도림,6,9
20250513,신촌,신도림,7,16
20250513,신촌,신도림,8,37
20250513,신촌,신도림,9,19
20250513,신촌,신도림,10,22
20250513,신촌,신도림,11,38
20250513,신촌,신도림,12,32
20250513,신촌,신도림,13,57
20250513,신촌,신도림,14,71
20250513,신촌,신도림,15,64
20250513,신촌,신도림,16,95
20250513,신촌,신도림,17,98
20250513,신촌,신도림,18,138
20250513,신촌,신도림,19,70
20250513,신촌,신도림,20,93
20250513,신촌,신도림,21,94
20250513,신촌,신도림,22,111
20250513,신촌,신도림,23,70
20250513,신촌,신림,0,11
20250513,신촌,신림,5,1
20250513,신촌,신림,6,4
20250513,신촌,신림,7,10
20250513,신촌,신림,8,11
20250513,신촌,신림,9,10
20250513,신촌,신림,10,6
20250513,신촌,신림,11,20
20250513,신촌,신림,12,18
20250513,신촌,신림,13,24
20250513,신촌,신림,14,29
20250513,신촌,신림,15,38
20250513,신촌,신림,16,80
20250513,신촌,신림,17,71
20250513,신촌,신림,18,81
20250513,신촌,신림,19,52
20250513,신촌,신림,20,62
20250513,신촌,신림,21,72
20250513,신촌,신림,22,68
20250513,신촌,신림,23,48
20250513,신촌,신촌,0,14
20250513,신촌,신촌,5,4
20250513,신촌,신촌,6,7
20250513,신촌,신촌,7,8
20250513,신촌,신촌,8,21
20250513,신촌,신촌,9,26
20250513,신촌,신촌,10,31
20250513,신촌,신촌,11,41
20250513,신촌,신촌,12,41
20250513,신촌,신촌,13,31
20250513,신촌,신촌,14,129
20250513,신촌,신촌,15,47
20250513,신촌,신촌,16,65
20250513,신촌,신촌,17,56
20250513,신촌,신촌,18,73
20250513,신촌,신촌,19,33
20250513,신촌,신촌,20,49
20250513,신촌,신촌,21,50
20250513,신촌,신촌,22,66
20250513,신촌,신촌,23,21
20250513,신촌,아현,0,5
20250513,신촌,아현,5,3
20250513,신촌,아현,6,8
20250513,신촌,아현,7,12
20250513,신촌,아현,8,16
20250513,신촌,아현,9,33
20250513,신촌,아현,10,24
20250513,신촌,아현,11,31
20250513,신촌,아현,12,46
20250513,신촌,아현,13,32
20250513,신촌,아현,14,32
20250513,신촌,아현,15,36
20250513,신촌,아현,16,49
20250513,신촌,아현,17,39
20250513,신촌,아현,18,56
20250513,신촌,아현,19,29
20250513,신촌,아현,20,40
20250513,신촌,아현,21,23
20250513,신촌,아현,22,26
20250513,신촌,아현,23,16
20250513,신촌,역삼,5,1
20250513,신촌,역삼,6,12
20250513,신촌,역삼,7,42
20250513,신촌,역삼,8,40
20250513,신촌,역삼,9,21
20250513,신촌,역삼,10,9
20250513,신촌,역삼,11,7
20250513,신촌,역삼,12,6
20250513,신촌,역삼,13,10
20250513,신촌,역삼,14,9
20250513,신촌,역삼,15,9
20250513,신촌,역삼,16,13
20250513,신촌,역삼,17,12
20250513,신촌,역삼,18,5
20250513,신촌,역삼,19,5
20250513,신촌,역삼,20,2
20250513,신촌,역삼,21,2
20250513,신촌,역삼,22,3
20250513,신촌,역삼,23,1
20250513,신촌,영등포구청,0,6
20250513,신촌,영등포구청,5,1
20250513,신촌,영등포구청,6,6
20250513,신촌,영등포구청,7,14
20250513,신촌,영등포구청,8,48
20250513,신촌,영등포구청,9,15
20250513,신촌,영등포구청,10,21
20250513,신촌,영등포구청,11,18
20250513,신촌,영등포구청,12,21
20250513,신촌,영등포구청,13,19
20250513,신촌,영등포구청,14,21
20250513,신촌,영등포구청,15,32
20250513,신촌,영등포구청,16,29
20250513,신촌,영등포구청,17,52
20250513,신촌,영등포구청,18,63
20250513,신촌,영등포구청,19,30
20250513,신촌,영등포구청,20,37
20250513,신촌,영등포구청,21,32
20250513,신촌,영등포구청,22,36
20250513,신촌,영등포구청,23,14
20250513,신촌,왕십리(성동구청),0,5
20250513,신촌,왕십리(성동구청),5,1
20250513,신촌,왕십리(성동구청),6,4
20250513,신촌,왕십리(성동구청),7,4
20250513,신촌,왕십리(성동구청),8,13
20250513,신촌,왕십리(성동구청),9,12
20250513,신촌,왕십리(성동구청),10,2
20250513,신촌,왕십리(성동구청),11,12
20250513,신촌,왕십리(성동구청),12,12
20250513,신촌,왕십리(성동구청),13,12
20250513,신촌,왕십리(성동구청),14,14
20250513,신촌,왕십리(성동구청),15,15
20250513,신촌,왕십리(성동구청),16,38
20250513,신촌,왕십리(성동구청),17,33
20250513,신촌,왕십리(성동구청),18,52
20250513,신촌,왕십리(성동구청),19,27
20250513,신촌,왕십리(성동구청),20,19
20250513,신촌,왕십리(성동구청),21,34
20250513,신촌,왕십리(성동구청),22,28
20250513,신촌,왕십리(성동구청),23,24
20250513,신촌,용두(동대문구청),14,1
20250513,신촌,을지로3가,0,4
20250513,신촌,을지로3가,5,5
20250513,신촌,을지로3가,6,21
20250513,신촌,을지로3가,7,97
20250513,신촌,을지로3가,8,130
20250513,신촌,을지로3가,9,44
20250513,신촌,을지로3가,10,34
20250513,신촌,을지로3가,11,23
20250513,신촌,을지로3가,12,23
20250513,신촌,을지로3가,13,19
20250513,신촌,을지로3가,14,20
20250513,신촌,을지로3가,15,25
20250513,신촌,을지로3가,16,29
20250513,신촌,을지로3가,17,51
20250513,신촌,을지로3가,18,50
20250513,신촌,을지로3가,19,33
20250513,신촌,을지로3가,20,21
20250513,신촌,을지로3가,21,19
20250513,신촌,을지로3가,22,17
20250513,신촌,을지로3가,23,11
20250513,신촌,을지로4가,0,2
20250513,신촌,을지로4가,5,3
20250513,신촌,을지로4가,6,14
20250513,신촌,을지로4가,7,43
20250513,신촌,을지로4가,8,53
20250513,신촌,을지로4가,9,32
20250513,신촌,을지로4가,10,25
20250513,신촌,을지로4가,11,21
20250513,신촌,을지로4가,12,34
20250513,신촌,을지로4가,13,22
20250513,신촌,을지로4가,14,22
20250513,신촌,을지로4가,15,14
20250513,신촌,을지로4가,16,27
20250513,신촌,을지로4가,17,21
20250513,신촌,을지로4가,18,29
20250513,신촌,을지로4가,19,9
20250513,신촌,을지로4가,20,13
20250513,신촌,을지로4가,21,18
20250513,신촌,을지로4가,22,5
20250513,신촌,을지로4가,23,11
20250513,신촌,을지로입구,0,6
20250513,신촌,을지로입구,1,2
20250513,신촌,을지로입구,5,12
20250513,신촌,을지로입구,6,48
20250513,신촌,을지로입구,7,181
20250513,신촌,을지로입구,8,330
20250513,신촌,을지로입구,9,132
20250513,신촌,을지로입구,10,64
20250513,신촌,을지로입구,11,73
20250513,신촌,을지로입구,12,85
20250513,신촌,을지로입구,13,88
20250513,신촌,을지로입구,14,81
20250513,신촌,을지로입구,15,93
20250513,신촌,을지로입구,16,114
20250513,신촌,을지로입구,17,116
20250513,신촌,을지로입구,18,108
20250513,신촌,을지로입구,19,68
20250513,신촌,을지로입구,20,61
20250513,신촌,을지로입구,21,76
20250513,신촌,을지로입구,22,66
20250513,신촌,을지로입구,23,30
20250513,신촌,이대,0,2
20250513,신촌,이대,5,1
20250513,신촌,이대,6,1
20250513,신촌,이대,7,11
20250513,신촌,이대,8,24
20250513,신촌,이대,9,43
20250513,신촌,이대,10,36
20250513,신촌,이대,11,40
20250513,신촌,이대,12,30
20250513,신촌,이대,13,47
20250513,신촌,이대,14,69
20250513,신촌,이대,15,52
20250513,신촌,이대,16,46
20250513,신촌,이대,17,47
20250513,신촌,이대,18,62
20250513,신촌,이대,19,33
20250513,신촌,이대,20,32
20250513,신촌,이대,21,45
20250513,신촌,이대,22,26
20250513,신촌,이대,23,22
20250513,신촌,잠실(송파구청),0,3
20250513,신촌,잠실(송파구청),5,10
20250513,신촌,잠실(송파구청),6,19
20250513,신촌,잠실(송파구청),7,32
20250513,신촌,잠실(송파구청),8,41
20250513,신촌,잠실(송파구청),9,31
20250513,신촌,잠실(송파구청),10,20
20250513,신촌,잠실(송파구청),11,28
20250513,신촌,잠실(송파구청),12,30
20250513,신촌,잠실(송파구청),13,39
20250513,신촌,잠실(송파구청),14,37
20250513,신촌,잠실(송파구청),15,46
20250513,신촌,잠실(송파구청),16,57
20250513,신촌,잠실(송파구청),17,61
20250513,신촌,잠실(송파구청),18,74
20250513,신촌,잠실(송파구청),19,35
20250513,신촌,잠실(송파구청),20,36
20250513,신촌,잠실(송파구청),21,43
20250513,신촌,잠실(송파구청),22,60
20250513,신촌,잠실(송파구청),23,24
20250513,신촌,잠실나루,0,5
20250513,신촌,잠실나루,5,2
20250513,신촌,잠실나루,6,8
20250513,신촌,잠실나루,7,19
20250513,신촌,잠실나루,8,9
20250513,신촌,잠실나루,9,4
20250513,신촌,잠실나루,10,5
20250513,신촌,잠실나루,11,6
20250513,신촌,잠실나루,12,3
20250513,신촌,잠실나루,13,6
20250513,신촌,잠실나루,14,8
20250513,신촌,잠실나루,15,9
20250513,신촌,잠실나루,16,14
20250513,신촌,잠실나루,17,17
20250513,신촌,잠실나루,18,21
20250513,신촌,잠실나루,19,6
20250513,신촌,잠실나루,20,17
20250513,신촌,잠실나루,21,8
20250513,신촌,잠실나루,22,17
20250513,신촌,잠실나루,23,17
20250513,신촌,잠실새내,0,2
20250513,신촌,잠실새내,5,2
20250513,신촌,잠실새내,6,2
20250513,신촌,잠실새내,7,5
20250513,신촌,잠실새내,8,2
20250513,신촌,잠실새내,9,2
20250513,신촌,잠실새내,10,4
20250513,신촌,잠실새내,11,4
20250513,신촌,잠실새내,12,13
20250513,신촌,잠실새내,13,7
20250513,신촌,잠실새내,14,10
20250513,신촌,잠실새내,15,16
20250513,신촌,잠실새내,16,33
20250513,신촌,잠실새내,17,27
20250513,신촌,잠실새내,18,35
20250513,신촌,잠실새내,19,20
20250513,신촌,잠실새내,20,23
20250513,신촌,잠실새내,21,32
20250513,신촌,잠실새내,22,19
20250513,신촌,잠실새내,23,10
20250513,신촌,종합운동장,6,3
20250513,신촌,종합운동장,7,3
20250513,신촌,종합운동장,8,2
20250513,신촌,종합운동장,12,1
20250513,신촌,종합운동장,14,5
20250513,신촌,종합운동장,15,3
20250513,신촌,종합운동장,16,57
20250513,신촌,종합운동장,17,74
20250513,신촌,종합운동장,18,27
20250513,신촌,종합운동장,19,5
20250513,신촌,종합운동장,20,5
20250513,신촌,종합운동장,21,7
20250513,신촌,종합운동장,22,4
20250513,신촌,종합운동장,23,3
20250513,신촌,충정로(경기대입구),0,5
20250513,신촌,충정로(경기대입구),5,1
20250513,신촌,충정로(경기대입구),6,4
20250513,신촌,충정로(경기대입구),7,16
20250513,신촌,충정로(경기대입구),8,29
20250513,신촌,충정로(경기대입구),9,14
20250513,신촌,충정로(경기대입구),10,5
20250513,신촌,충정로(경기대입구),11,12
20250513,신촌,충정로(경기대입구),12,13
20250513,신촌,충정로(경기대입구),13,13
20250513,신촌,충정로(경기대입구),14,24
20250513,신촌,충정로(경기대입구),15,14
20250513,신촌,충정로(경기대입구),16,21
20250513,신촌,충정로(경기대입구),17,14
20250513,신촌,충정로(경기대입구),18,19
20250513,신촌,충정로(경기대입구),19,11
20250513,신촌,충정로(경기대입구),20,20
20250513,신촌,충정로(경기대입구),21,27
20250513,신촌,충정로(경기대입구),22,25
20250513,신촌,충정로(경기대입구),23,12
20250513,신촌,한양대,0,1
20250513,신촌,한양대,5,2
20250513,신촌,한양대,6,5
20250513,신촌,한양대,7,21
20250513,신촌,한양대,8,59
20250513,신촌,한양대,9,47
20250513,신촌,한양대,10,33
20250513,신촌,한양대,11,15
20250513,신촌,한양대,12,34
20250513,신촌,한양대,13,26
20250513,신촌,한양대,14,12
20250513,신촌,한양대,15,18
20250513,신촌,한양대,16,11
20250513,신촌,한양대,17,11
20250513,신촌,한양대,18,13
20250513,신촌,한양대,19,5
20250513,신촌,한양대,20,8
20250513,신촌,한양대,21,8
20250513,신촌,한양대,22,4
20250513,신촌,한양대,23,4
20250513,신촌,합정,0,3
20250513,신촌,합정,5,1
20250513,신촌,합정,6,5
20250513,신촌,합정,7,12
20250513,신촌,합정,8,30
20250513,신촌,합정,9,32
20250513,신촌,합정,10,40
20250513,신촌,합정,11,50
20250513,신촌,합정,12,38
20250513,신촌,합정,13,59
20250513,신촌,합정,14,52
20250513,신촌,합정,15,75
20250513,신촌,합정,16,82
20250513,신촌,합정,17,99
20250513,신촌,합정,18,109
20250513,신촌,합정,19,65
20250513,신촌,합정,20,45
20250513,신촌,합정,21,59
20250513,신촌,합정,22,50
20250513,신촌,합정,23,19
20250513,신촌,홍대입구,0,5
20250513,신촌,홍대입구,6,9
20250513,신촌,홍대입구,7,19
20250513,신촌,홍대입구,8,39
20250513,신촌,홍대입구,9,46
20250513,신촌,홍대입구,10,85
20250513,신촌,홍대입구,11,103
20250513,신촌,홍대입구,12,102
20250513,신촌,홍대입구,13,131
20250513,신촌,홍대입구,14,139
20250513,신촌,홍대입구,15,160
20250513,신촌,홍대입구,16,159
20250513,신촌,홍대입구,17,182
20250513,신촌,홍대입구,18,224
20250513,신촌,홍대입구,19,141
20250513,신촌,홍대입구,20,121
20250513,신촌,홍대입구,21,121
20250513,신촌,홍대입구,22,55
20250513,신촌,홍대입구,23,45
20250513,아현,강남,5,1
20250513,아현,강남,6,11
20250513,아현,강남,7,36
20250513,아현,강남,8,25
20250513,아현,강남,9,11
20250513,아현,강남,10,5
20250513,아현,강남,11,21
20250513,아현,강남,12,4
20250513,아현,강남,13,5
20250513,아현,강남,14,9
20250513,아현,강남,15,1
20250513,아현,강남,16,2
20250513,아현,강남,17,2
20250513,아현,강남,18,2
20250513,아현,강남,19,1
20250513,아현,강변(동서울터미널),5,1
20250513,아현,강변(동서울터미널),6,3
20250513,아현,강변(동서울터미널),7,3
20250513,아현,강변(동서울터미널),8,7
20250513,아현,강변(동서울터미널),9,4
20250513,아현,강변(동서울터미널),10,2
20250513,아현,강변(동서울터미널),11,2
20250513,아현,강변(동서울터미널),12,5
20250513,아현,강변(동서울터미널),13,1
20250513,아현,강변(동서울터미널),14,2
20250513,아현,강변(동서울터미널),15,4
20250513,아현,강변(동서울터미널),16,2
20250513,아현,강변(동서울터미널),17,6
20250513,아현,강변(동서울터미널),18,6
20250513,아현,강변(동서울터미널),19,1
20250513,아현,강변(동서울터미널),20,1
20250513,아현,강변(동서울터미널),22,1
20250513,아현,건대입구,0,1
20250513,아현,건대입구,5,1
20250513,아현,건대입구,6,4
20250513,아현,건대입구,7,1
20250513,아현,건대입구,8,15
20250513,아현,건대입구,9,9
20250513,아현,건대입구,10,6
20250513,아현,건대입구,11,4
20250513,아현,건대입구,12,5
20250513,아현,건대입구,13,5
20250513,아현,건대입구,14,2
20250513,아현,건대입구,15,8
20250513,아현,건대입구,16,6
20250513,아현,건대입구,17,4
20250513,아현,건대입구,18,7
20250513,아현,건대입구,19,11
20250513,아현,건대입구,20,4
20250513,아현,건대입구,21,9
20250513,아현,건대입구,22,2
20250513,아현,교대(법원.검찰청),6,1
20250513,아현,교대(법원.검찰청),7,3
20250513,아현,교대(법원.검찰청),8,7
20250513,아현,교대(법원.검찰청),9,12
20250513,아현,교대(법원.검찰청),10,5
20250513,아현,교대(법원.검찰청),11,6
20250513,아현,교대(법원.검찰청),12,5
20250513,아현,교대(법원.검찰청),13,4
20250513,아현,교대(법원.검찰청),14,5
20250513,아현,교대(법원.검찰청),16,3
20250513,아현,교대(법원.검찰청),17,5
20250513,아현,교대(법원.검찰청),20,1
20250513,아현,구로디지털단지,5,5
20250513,아현,구로디지털단지,6,8
20250513,아현,구로디지털단지,7,40
20250513,아현,구로디지털단지,8,47
20250513,아현,구로디지털단지,9,16
20250513,아현,구로디지털단지,10,2
20250513,아현,구로디지털단지,11,3
20250513,아현,구로디지털단지,12,7
20250513,아현,구로디지털단지,13,6
20250513,아현,구로디지털단지,14,5
20250513,아현,구로디지털단지,15,16
20250513,아현,구로디지털단지,16,21
20250513,아현,구로디지털단지,17,28
20250513,아현,구로디지털단지,18,9
20250513,아현,구로디지털단지,19,15
20250513,아현,구로디지털단지,20,7
20250513,아현,구로디지털단지,21,6
20250513,아현,구로디지털단지,22,5
20250513,아현,구로디지털단지,23,3
20250513,아현,구의(광진구청),6,2
20250513,아현,구의(광진구청),7,3
20250513,아현,구의(광진구청),8,10
20250513,아현,구의(광진구청),10,1
20250513,아현,구의(광진구청),11,1
20250513,아현,구의(광진구청),12,4
20250513,아현,구의(광진구청),13,6
20250513,아현,구의(광진구청),14,7
20250513,아현,구의(광진구청),15,3
20250513,아현,구의(광진구청),16,4
20250513,아현,구의(광진구청),17,5
20250513,아현,구의(광진구청),18,8
20250513,아현,구의(광진구청),19,6
20250513,아현,구의(광진구청),20,3
20250513,아현,구의(광진구청),21,2
20250513,아현,구의(광진구청),22,4
20250513,아현,구의(광진구청),23,1
20250513,아현,낙성대,5,1
20250513,아현,낙성대,6,2
20250513,아현,낙성대,7,4
20250513,아현,낙성대,8,5
20250513,아현,낙성대,9,3
20250513,아현,낙성대,10,1
20250513,아현,낙성대,11,1
20250513,아현,낙성대,12,1
20250513,아현,낙성대,13,3
20250513,아현,낙성대,15,2
20250513,아현,낙성대,16,1
20250513,아현,낙성대,17,6
20250513,아현,낙성대,18,4
20250513,아현,낙성대,19,5
20250513,아현,낙성대,20,3
20250513,아현,낙성대,22,2
20250513,아현,낙성대,23,3
20250513,아현,당산,0,1
20250513,아현,당산,5,3
20250513,아현,당산,6,5
20250513,아현,당산,7,15
20250513,아현,당산,8,31
20250513,아현,당산,9,7
20250513,아현,당산,10,5
20250513,아현,당산,11,5
20250513,아현,당산,12,3
20250513,아현,당산,13,1
20250513,아현,당산,14,7
20250513,아현,당산,15,7
20250513,아현,당산,16,13
20250513,아현,당산,17,19
20250513,아현,당산,18,15
20250513,아현,당산,19,11
20250513,아현,당산,20,12
20250513,아현,당산,21,15
20250513,아현,당산,22,1
20250513,아현,당산,23,4
20250513,아현,대림(구로구청),5,1
20250513,아현,대림(구로구청),6,4
20250513,아현,대림(구로구청),7,8
20250513,아현,대림(구로구청),8,9
20250513,아현,대림(구로구청),9,9
20250513,아현,대림(구로구청),10,6
20250513,아현,대림(구로구청),11,9
20250513,아현,대림(구로구청),12,4
20250513,아현,대림(구로구청),13,9
20250513,아현,대림(구로구청),14,4
20250513,아현,대림(구로구청),15,9
20250513,아현,대림(구로구청),16,10
20250513,아현,대림(구로구청),17,18
20250513,아현,대림(구로구청),18,5
20250513,아현,대림(구로구청),19,7
20250513,아현,대림(구로구청),20,6
20250513,아현,대림(구로구청),21,2
20250513,아현,대림(구로구청),22,2
20250513,아현,대림(구로구청),23,2
20250513,아현,동대문역사문화공원,5,1
20250513,아현,동대문역사문화공원,6,12
20250513,아현,동대문역사문화공원,7,18
20250513,아현,동대문역사문화공원,8,38
20250513,아현,동대문역사문화공원,9,25
20250513,아현,동대문역사문화공원,10,14
20250513,아현,동대문역사문화공원,11,5
20250513,아현,동대문역사문화공원,12,6
20250513,아현,동대문역사문화공원,13,12
20250513,아현,동대문역사문화공원,14,6
20250513,아현,동대문역사문화공원,15,4
20250513,아현,동대문역사문화공원,16,5
20250513,아현,동대문역사문화공원,17,9
20250513,아현,동대문역사문화공원,18,8
20250513,아현,동대문역사문화공원,19,9
20250513,아현,동대문역사문화공원,20,2
20250513,아현,동대문역사문화공원,21,2
20250513,아현,동대문역사문화공원,22,5
20250513,아현,동대문역사문화공원,23,1
20250513,아현,뚝섬,5,4
20250513,아현,뚝섬,6,10
20250513,아현,뚝섬,7,20
20250513,아현,뚝섬,8,28
20250513,아현,뚝섬,9,19
20250513,아현,뚝섬,10,14
20250513,아현,뚝섬,11,3
20250513,아현,뚝섬,12,3
20250513,아현,뚝섬,13,1
20250513,아현,뚝섬,14,2
20250513,아현,뚝섬,15,2
20250513,아현,뚝섬,16,7
20250513,아현,뚝섬,17,2
20250513,아현,뚝섬,18,10
20250513,아현,뚝섬,19,7
20250513,아현,뚝섬,21,3
20250513,아현,뚝섬,22,2
20250513,아현,문래,5,2
20250513,아현,문래,6,5
20250513,아현,문래,7,13
20250513,아현,문래,8,40
20250513,아현,문래,9,6
20250513,아현,문래,10,4
20250513,아현,문래,11,3
20250513,아현,문래,12,6
20250513,아현,문래,13,5
20250513,아현,문래,14,5
20250513,아현,문래,15,3
20250513,아현,문래,16,3
20250513,아현,문래,17,8
20250513,아현,문래,18,12
20250513,아현,문래,19,5
20250513,아현,문래,20,5
20250513,아현,문래,21,2
20250513,아현,문래,22,1
20250513,아현,문래,23,2
20250513,아현,방배,5,1
20250513,아현,방배,6,2
20250513,아현,방배,7,7
20250513,아현,방배,8,3
20250513,아현,방배,9,5
20250513,아현,방배,11,1
20250513,아현,방배,12,4
20250513,아현,방배,13,3
20250513,아현,방배,15,2
20250513,아현,방배,16,2
20250513,아현,방배,18,1
20250513,아현,방배,19,1
20250513,아현,방배,20,1
20250513,아현,방배,21,1
20250513,아현,방배,22,1
20250513,아현,봉천,5,1
20250513,아현,봉천,6,2
20250513,아현,봉천,7,6
20250513,아현,봉천,8,4
20250513,아현,봉천,9,2
20250513,아현,봉천,11,1
20250513,아현,봉천,12,1
20250513,아현,봉천,13,1
20250513,아현,봉천,15,3
20250513,아현,봉천,16,2
20250513,아현,봉천,17,6
20250513,아현,봉천,18,4
20250513,아현,봉천,19,1
20250513,아현,봉천,20,3
20250513,아현,봉천,21,6
20250513,아현,봉천,22,1
20250513,아현,봉천,23,3
20250513,아현,사당,4,1
20250513,아현,사당,5,2
20250513,아현,사당,6,1
20250513,아현,사당,7,9
20250513,아현,사당,8,2
20250513,아현,사당,9,3
20250513,아현,사당,10,3
20250513,아현,사당,11,2
20250513,아현,사당,12,1
20250513,아현,사당,13,1
20250513,아현,사당,14,3
20250513,아현,사당,15,3
20250513,아현,사당,16,6
20250513,아현,사당,17,4
20250513,아현,사당,19,1
20250513,아현,사당,20,2
20250513,아현,삼성(무역센터),5,2
20250513,아현,삼성(무역센터),6,10
20250513,아현,삼성(무역센터),7,38
20250513,아현,삼성(무역센터),8,38
20250513,아현,삼성(무역센터),9,18
20250513,아현,삼성(무역센터),10,5
20250513,아현,삼성(무역센터),11,4
20250513,아현,삼성(무역센터),12,5
20250513,아현,삼성(무역센터),13,3
20250513,아현,삼성(무역센터),14,4
20250513,아현,삼성(무역센터),15,3
20250513,아현,삼성(무역센터),16,3
20250513,아현,삼성(무역센터),18,2
20250513,아현,삼성(무역센터),19,2
20250513,아현,상왕십리,5,1
20250513,아현,상왕십리,6,1
20250513,아현,상왕십리,7,8
20250513,아현,상왕십리,8,9
20250513,아현,상왕십리,9,8
20250513,아현,상왕십리,10,2
20250513,아현,상왕십리,11,2
20250513,아현,상왕십리,12,1
20250513,아현,상왕십리,13,3
20250513,아현,상왕십리,14,2
20250513,아현,상왕십리,15,3
20250513,아현,상왕십리,16,6
20250513,아현,상왕십리,17,5
20250513,아현,상왕십리,18,7
20250513,아현,상왕십리,19,1
20250513,아현,상왕십리,20,3
20250513,아현,상왕십리,21,7
20250513,아현,상왕십리,23,1
20250513,아현,서울대입구(관악구청),0,1
20250513,아현,서울대입구(관악구청),5,1
20250513,아현,서울대입구(관악구청),6,2
20250513,아현,서울대입구(관악구청),7,9
20250513,아현,서울대입구(관악구청),8,14
20250513,아현,서울대입구(관악구청),9,12
20250513,아현,서울대입구(관악구청),10,7
20250513,아현,서울대입구(관악구청),11,6
20250513,아현,서울대입구(관악구청),12,2
20250513,아현,서울대입구(관악구청),13,2
20250513,아현,서울대입구(관악구청),14,2
20250513,아현,서울대입구(관악구청),15,6
20250513,아현,서울대입구(관악구청),16,3
20250513,아현,서울대입구(관악구청),17,9
20250513,아현,서울대입구(관악구청),18,6
20250513,아현,서울대입구(관악구청),19,2
20250513,아현,서울대입구(관악구청),20,3
20250513,아현,서울대입구(관악구청),21,5
20250513,아현,서울대입구(관악구청),22,2
20250513,아현,서초,5,1
20250513,아현,서초,6,1
20250513,아현,서초,7,3
20250513,아현,서초,8,7
20250513,아현,서초,9,1
20250513,아현,서초,11,1
20250513,아현,서초,13,1
20250513,아현,서초,16,5
20250513,아현,서초,18,3
20250513,아현,서초,21,1
20250513,아현,선릉,5,1
20250513,아현,선릉,6,9
20250513,아현,선릉,7,25
20250513,아현,선릉,8,24
20250513,아현,선릉,9,3
20250513,아현,선릉,10,7
20250513,아현,선릉,11,5
20250513,아현,선릉,12,5
20250513,아현,선릉,13,2
20250513,아현,선릉,14,1
20250513,아현,선릉,16,3
20250513,아현,선릉,18,3
20250513,아현,선릉,19,1
20250513,아현,선릉,21,2
20250513,아현,성수,5,8
20250513,아현,성수,6,14
20250513,아현,성수,7,16
20250513,아현,성수,8,53
20250513,아현,성수,9,14
20250513,아현,성수,10,4
20250513,아현,성수,11,2
20250513,아현,성수,12,6
20250513,아현,성수,13,6
20250513,아현,성수,14,2
20250513,아현,성수,15,8
20250513,아현,성수,16,10
20250513,아현,성수,17,5
20250513,아현,성수,18,5
20250513,아현,성수,19,2
20250513,아현,성수,21,2
20250513,아현,성수,22,1
20250513,아현,성수,23,1
20250513,아현,시청,5,2
20250513,아현,시청,6,20
20250513,아현,시청,7,50
20250513,아현,시청,8,152
20250513,아현,시청,9,45
20250513,아현,시청,10,11
20250513,아현,시청,11,23
20250513,아현,시청,12,18
20250513,아현,시청,13,9
20250513,아현,시청,14,4
20250513,아현,시청,15,12
20250513,아현,시청,16,5
20250513,아현,시청,17,9
20250513,아현,시청,18,5
20250513,아현,시청,19,2
20250513,아현,시청,20,5
20250513,아현,시청,21,1
20250513,아현,시청,22,3
20250513,아현,시청,23,1
20250513,아현,신당,5,3
20250513,아현,신당,6,16
20250513,아현,신당,7,12
20250513,아현,신당,8,17
20250513,아현,신당,9,6
20250513,아현,신당,10,4
20250513,아현,신당,11,7
20250513,아현,신당,12,5
20250513,아현,신당,13,9
20250513,아현,신당,14,3
20250513,아현,신당,15,6
20250513,아현,신당,16,9
20250513,아현,신당,17,4
20250513,아현,신당,18,10
20250513,아현,신당,19,5
20250513,아현,신당,20,6
20250513,아현,신당,21,4
20250513,아현,신당,22,1
20250513,아현,신당,23,2
20250513,아현,신대방,6,4
20250513,아현,신대방,7,6
20250513,아현,신대방,8,4
20250513,아현,신대방,9,1
20250513,아현,신대방,10,1
20250513,아현,신대방,11,1
20250513,아현,신대방,12,3
20250513,아현,신대방,13,3
20250513,아현,신대방,15,8
20250513,아현,신대방,16,7
20250513,아현,신대방,17,8
20250513,아현,신대방,18,16
20250513,아현,신대방,19,3
20250513,아현,신대방,20,8
20250513,아현,신대방,21,6
20250513,아현,신대방,22,5
20250513,아현,신도림,0,1
20250513,아현,신도림,6,3
20250513,아현,신도림,7,11
20250513,아현,신도림,8,13
20250513,아현,신도림,9,13
20250513,아현,신도림,10,8
20250513,아현,신도림,11,5
20250513,아현,신도림,12,6
20250513,아현,신도림,13,3
20250513,아현,신도림,14,7
20250513,아현,신도림,15,10
20250513,아현,신도림,16,10
20250513,아현,신도림,17,12
20250513,아현,신도림,18,20
20250513,아현,신도림,19,9
20250513,아현,신도림,20,12
20250513,아현,신도림,21,11
20250513,아현,신도림,22,4
20250513,아현,신도림,23,5
20250513,아현,신림,0,1
20250513,아현,신림,5,2
20250513,아현,신림,6,3
20250513,아현,신림,7,8
20250513,아현,신림,8,4
20250513,아현,신림,9,6
20250513,아현,신림,10,3
20250513,아현,신림,11,2
20250513,아현,신림,12,2
20250513,아현,신림,14,3
20250513,아현,신림,15,5
20250513,아현,신림,16,8
20250513,아현,신림,17,11
20250513,아현,신림,18,25
20250513,아현,신림,19,5
20250513,아현,신림,20,9
20250513,아현,신림,21,7
20250513,아현,신림,22,8
20250513,아현,신림,23,2
20250513,아현,신촌,0,1
20250513,아현,신촌,5,5
20250513,아현,신촌,6,9
20250513,아현,신촌,7,20
20250513,아현,신촌,8,46
20250513,아현,신촌,9,42
20250513,아현,신촌,10,40
20250513,아현,신촌,11,40
20250513,아현,신촌,12,45
20250513,아현,신촌,13,43
20250513,아현,신촌,14,37
20250513,아현,신촌,15,49
20250513,아현,신촌,16,65
20250513,아현,신촌,17,31
20250513,아현,신촌,18,50
20250513,아현,신촌,19,21
20250513,아현,신촌,20,15
20250513,아현,신촌,21,10
20250513,아현,신촌,22,11
20250513,아현,신촌,23,17
20250513,아현,아현,0,1
20250513,아현,아현,7,4
20250513,아현,아현,8,3
20250513,아현,아현,9,3
20250513,아현,아현,10,12
20250513,아현,아현,11,7
20250513,아현,아현,12,7
20250513,아현,아현,13,7
20250513,아현,아현,14,33
20250513,아현,아현,15,13
20250513,아현,아현,16,6
20250513,아현,아현,17,10
20250513,아현,아현,18,14
20250513,아현,아현,19,6
20250513,아현,아현,20,6
20250513,아현,아현,21,4
20250513,아현,아현,22,4
20250513,아현,아현,23,3
20250513,아현,역삼,6,10
20250513,아현,역삼,7,29
20250513,아현,역삼,8,45
20250513,아현,역삼,9,17
20250513,아현,역삼,10,2
20250513,아현,역삼,11,3
20250513,아현,역삼,12,4
20250513,아현,역삼,13,5
20250513,아현,역삼,14,1
20250513,아현,역삼,15,1
20250513,아현,역삼,16,1
20250513,아현,역삼,17,1
20250513,아현,역삼,18,1
20250513,아현,역삼,19,2
20250513,아현,영등포구청,5,3
20250513,아현,영등포구청,6,3
20250513,아현,영등포구청,7,14
20250513,아현,영등포구청,8,22
20250513,아현,영등포구청,9,5
20250513,아현,영등포구청,10,7
20250513,아현,영등포구청,11,5
20250513,아현,영등포구청,12,3
20250513,아현,영등포구청,13,5
20250513,아현,영등포구청,14,7
20250513,아현,영등포구청,15,3
20250513,아현,영등포구청,16,5
20250513,아현,영등포구청,17,7
20250513,아현,영등포구청,18,12
20250513,아현,영등포구청,19,5
20250513,아현,영등포구청,20,4
20250513,아현,영등포구청,21,5
20250513,아현,영등포구청,22,6
20250513,아현,영등포구청,23,1
20250513,아현,왕십리(성동구청),0,1
20250513,아현,왕십리(성동구청),5,3
20250513,아현,왕십리(성동구청),6,2
20250513,아현,왕십리(성동구청),7,4
20250513,아현,왕십리(성동구청),8,4
20250513,아현,왕십리(성동구청),9,2
20250513,아현,왕십리(성동구청),10,3
20250513,아현,왕십리(성동구청),11,3
20250513,아현,왕십리(성동구청),12,3
20250513,아현,왕십리(성동구청),13,1
20250513,아현,왕십리(성동구청),14,2
20250513,아현,왕십리(성동구청),15,2
20250513,아현,왕십리(성동구청),16,7
20250513,아현,왕십리(성동구청),17,4
20250513,아현,왕십리(성동구청),18,8
20250513,아현,왕십리(성동구청),19,5
20250513,아현,왕십리(성동구청),20,4
20250513,아현,왕십리(성동구청),21,2
20250513,아현,왕십리(성동구청),22,7
20250513,아현,용두(동대문구청),7,1
20250513,아현,용두(동대문구청),9,1
20250513,아현,용두(동대문구청),19,1
20250513,아현,을지로3가,5,3
20250513,아현,을지로3가,6,18
20250513,아현,을지로3가,7,49
20250513,아현,을지로3가,8,118
20250513,아현,을지로3가,9,40
20250513,아현,을지로3가,10,12
20250513,아현,을지로3가,11,8
20250513,아현,을지로3가,12,10
20250513,아현,을지로3가,13,14
20250513,아현,을지로3가,14,7
20250513,아현,을지로3가,15,9
20250513,아현,을지로3가,16,10
20250513,아현,을지로3가,17,11
20250513,아현,을지로3가,18,11
20250513,아현,을지로3가,19,9
20250513,아현,을지로3가,20,1
20250513,아현,을지로3가,21,8
20250513,아현,을지로3가,22,3
20250513,아현,을지로4가,6,12
20250513,아현,을지로4가,7,20
20250513,아현,을지로4가,8,49
20250513,아현,을지로4가,9,25
20250513,아현,을지로4가,10,12
20250513,아현,을지로4가,11,7
20250513,아현,을지로4가,12,3
20250513,아현,을지로4가,13,5
20250513,아현,을지로4가,14,5
20250513,아현,을지로4가,15,4
20250513,아현,을지로4가,16,7
20250513,아현,을지로4가,17,5
20250513,아현,을지로4가,18,1
20250513,아현,을지로4가,19,3
20250513,아현,을지로4가,20,1
20250513,아현,을지로4가,23,1
20250513,아현,을지로입구,0,2
20250513,아현,을지로입구,5,6
20250513,아현,을지로입구,6,41
20250513,아현,을지로입구,7,192
20250513,아현,을지로입구,8,300
20250513,아현,을지로입구,9,95
20250513,아현,을지로입구,10,48
20250513,아현,을지로입구,11,34
20250513,아현,을지로입구,12,27
20250513,아현,을지로입구,13,27
20250513,아현,을지로입구,14,13
20250513,아현,을지로입구,15,25
20250513,아현,을지로입구,16,21
20250513,아현,을지로입구,17,20
20250513,아현,을지로입구,18,28
20250513,아현,을지로입구,19,7
20250513,아현,을지로입구,20,4
20250513,아현,을지로입구,21,7
20250513,아현,을지로입구,22,8
20250513,아현,을지로입구,23,2
20250513,아현,이대,0,1
20250513,아현,이대,6,6
20250513,아현,이대,7,7
20250513,아현,이대,8,11
20250513,아현,이대,9,18
20250513,아현,이대,10,18
20250513,아현,이대,11,29
20250513,아현,이대,12,12
20250513,아현,이대,13,21
20250513,아현,이대,14,13
20250513,아현,이대,15,23
20250513,아현,이대,16,27
20250513,아현,이대,17,15
20250513,아현,이대,18,13
20250513,아현,이대,19,11
20250513,아현,이대,20,6
20250513,아현,이대,21,5
20250513,아현,이대,22,7
20250513,아현,이대,23,4
20250513,아현,잠실(송파구청),5,3
20250513,아현,잠실(송파구청),6,6
20250513,아현,잠실(송파구청),7,36
20250513,아현,잠실(송파구청),8,43
20250513,아현,잠실(송파구청),9,12
20250513,아현,잠실(송파구청),10,10
20250513,아현,잠실(송파구청),11,6
20250513,아현,잠실(송파구청),12,11
20250513,아현,잠실(송파구청),13,4
20250513,아현,잠실(송파구청),14,9
20250513,아현,잠실(송파구청),15,5
20250513,아현,잠실(송파구청),16,9
20250513,아현,잠실(송파구청),17,10
20250513,아현,잠실(송파구청),18,16
20250513,아현,잠실(송파구청),19,8
20250513,아현,잠실(송파구청),20,5
20250513,아현,잠실(송파구청),21,3
20250513,아현,잠실(송파구청),22,3
20250513,아현,잠실(송파구청),23,1
20250513,아현,잠실나루,5,2
20250513,아현,잠실나루,6,8
20250513,아현,잠실나루,7,7
20250513,아현,잠실나루,8,6
20250513,아현,잠실나루,9,4
20250513,아현,잠실나루,10,3
20250513,아현,잠실나루,11,1
20250513,아현,잠실나루,12,2
20250513,아현,잠실나루,13,3
20250513,아현,잠실나루,15,4
20250513,아현,잠실나루,18,2
20250513,아현,잠실나루,19,3
20250513,아현,잠실나루,20,2
20250513,아현,잠실나루,22,2
20250513,아현,잠실새내,7,5
20250513,아현,잠실새내,8,6
20250513,아현,잠실새내,9,1
20250513,아현,잠실새내,10,3
20250513,아현,잠실새내,11,1
20250513,아현,잠실새내,12,5
20250513,아현,잠실새내,13,4
20250513,아현,잠실새내,15,3
20250513,아현,잠실새내,16,2
20250513,아현,잠실새내,17,3
20250513,아현,잠실새내,18,4
20250513,아현,잠실새내,19,2
20250513,아현,잠실새내,20,1
20250513,아현,잠실새내,21,2
20250513,아현,잠실새내,22,1
20250513,아현,종합운동장,12,3
20250513,아현,종합운동장,14,1
20250513,아현,종합운동장,15,1
20250513,아현,종합운동장,16,10
20250513,아현,종합운동장,17,18
20250513,아현,종합운동장,18,2
20250513,아현,종합운동장,19,2
20250513,아현,종합운동장,21,2
20250513,아현,충정로(경기대입구),0,1
20250513,아현,충정로(경기대입구),5,3
20250513,아현,충정로(경기대입구),6,2
20250513,아현,충정로(경기대입구),7,8
20250513,아현,충정로(경기대입구),8,15
20250513,아현,충정로(경기대입구),9,12
20250513,아현,충정로(경기대입구),10,12
20250513,아현,충정로(경기대입구),11,11
20250513,아현,충정로(경기대입구),12,11
20250513,아현,충정로(경기대입구),13,9
20250513,아현,충정로(경기대입구),14,11
20250513,아현,충정로(경기대입구),15,11
20250513,아현,충정로(경기대입구),16,10
20250513,아현,충정로(경기대입구),17,13
20250513,아현,충정로(경기대입구),18,7
20250513,아현,충정로(경기대입구),19,6
20250513,아현,충정로(경기대입구),20,8
20250513,아현,충정로(경기대입구),21,4
20250513,아현,충정로(경기대입구),22,4
20250513,아현,한양대,7,6
20250513,아현,한양대,8,20
20250513,아현,한양대,9,20
20250513,아현,한양대,10,10
20250513,아현,한양대,11,6
20250513,아현,한양대,12,6
20250513,아현,한양대,13,3
20250513,아현,한양대,14,2
20250513,아현,한양대,15,10
20250513,아현,한양대,16,4
20250513,아현,한양대,17,1
20250513,아현,한양대,18,4
20250513,아현,한양대,20,2
20250513,아현,한양대,21,2
20250513,아현,한양대,22,1
20250513,아현,한양대,23,1
20250513,아현,합정,0,1
20250513,아현,합정,5,8
20250513,아현,합정,6,15
20250513,아현,합정,7,12
20250513,아현,합정,8,28
20250513,아현,합정,9,22
20250513,아현,합정,10,18
20250513,아현,합정,11,21
20250513,아현,합정,12,17
20250513,아현,합정,13,14
20250513,아현,합정,14,17
20250513,아현,합정,15,18
20250513,아현,합정,16,32
20250513,아현,합정,17,33
20250513,아현,합정,18,42
20250513,아현,합정,19,16
20250513,아현,합정,20,7
20250513,아현,합정,21,7
20250513,아현,합정,22,7
20250513,아현,합정,23,3
20250513,아현,홍대입구,0,1
20250513,아현,홍대입구,5,2
20250513,아현,홍대입구,6,12
20250513,아현,홍대입구,7,14
20250513,아현,홍대입구,8,45
20250513,아현,홍대입구,9,48
20250513,아현,홍대입구,10,32
20250513,아현,홍대입구,11,29
20250513,아현,홍대입구,12,27
20250513,아현,홍대입구,13,35
20250513,아현,홍대입구,14,28
20250513,아현,홍대입구,15,31
20250513,아현,홍대입구,16,47
20250513,아현,홍대입구,17,61
20250513,아현,홍대입구,18,64
20250513,아현,홍대입구,19,43
20250513,아현,홍대입구,20,27
20250513,아현,홍대입구,21,11
20250513,아현,홍대입구,22,7
20250513,아현,홍대입구,23,5
20250513,역삼,강남,0,2
20250513,역삼,강남,5,5
20250513,역삼,강남,6,17
20250513,역삼,강남,7,22
20250513,역삼,강남,8,36
20250513,역삼,강남,9,63
20250513,역삼,강남,10,51
20250513,역삼,강남,11,72
20250513,역삼,강남,12,63
20250513,역삼,강남,13,85
20250513,역삼,강남,14,88
20250513,역삼,강남,15,99
20250513,역삼,강남,16,145
20250513,역삼,강남,17,226
20250513,역삼,강남,18,225
20250513,역삼,강남,19,155
20250513,역삼,강남,20,74
20250513,역삼,강남,21,75
20250513,역삼,강남,22,52
20250513,역삼,강남,23,23
20250513,역삼,강변(동서울터미널),0,3
20250513,역삼,강변(동서울터미널),5,1
20250513,역삼,강변(동서울터미널),6,11
20250513,역삼,강변(동서울터미널),7,8
20250513,역삼,강변(동서울터미널),8,9
20250513,역삼,강변(동서울터미널),9,6
20250513,역삼,강변(동서울터미널),10,9
20250513,역삼,강변(동서울터미널),11,14
20250513,역삼,강변(동서울터미널),12,24
20250513,역삼,강변(동서울터미널),13,13
20250513,역삼,강변(동서울터미널),14,19
20250513,역삼,강변(동서울터미널),15,31
20250513,역삼,강변(동서울터미널),16,52
20250513,역삼,강변(동서울터미널),17,122
20250513,역삼,강변(동서울터미널),18,137
20250513,역삼,강변(동서울터미널),19,63
20250513,역삼,강변(동서울터미널),20,44
20250513,역삼,강변(동서울터미널),21,40
20250513,역삼,강변(동서울터미널),22,28
20250513,역삼,강변(동서울터미널),23,11
20250513,역삼,건대입구,0,5
20250513,역삼,건대입구,6,1
20250513,역삼,건대입구,7,3
20250513,역삼,건대입구,8,11
20250513,역삼,건대입구,9,9
20250513,역삼,건대입구,10,8
20250513,역삼,건대입구,11,11
20250513,역삼,건대입구,12,13
20250513,역삼,건대입구,13,16
20250513,역삼,건대입구,14,34
20250513,역삼,건대입구,15,27
20250513,역삼,건대입구,16,36
20250513,역삼,건대입구,17,136
20250513,역삼,건대입구,18,202
20250513,역삼,건대입구,19,96
20250513,역삼,건대입구,20,60
20250513,역삼,건대입구,21,56
20250513,역삼,건대입구,22,35
20250513,역삼,건대입구,23,10
20250513,역삼,교대(법원.검찰청),0,4
20250513,역삼,교대(법원.검찰청),5,3
20250513,역삼,교대(법원.검찰청),6,9
20250513,역삼,교대(법원.검찰청),7,10
20250513,역삼,교대(법원.검찰청),8,37
20250513,역삼,교대(법원.검찰청),9,39
20250513,역삼,교대(법원.검찰청),10,51
20250513,역삼,교대(법원.검찰청),11,51
20250513,역삼,교대(법원.검찰청),12,47
20250513,역삼,교대(법원.검찰청),13,54
20250513,역삼,교대(법원.검찰청),14,56
20250513,역삼,교대(법원.검찰청),15,55
20250513,역삼,교대(법원.검찰청),16,56
20250513,역삼,교대(법원.검찰청),17,114
20250513,역삼,교대(법원.검찰청),18,154
20250513,역삼,교대(법원.검찰청),19,78
20250513,역삼,교대(법원.검찰청),20,34
20250513,역삼,교대(법원.검찰청),21,41
20250513,역삼,교대(법원.검찰청),22,21
20250513,역삼,교대(법원.검찰청),23,5
20250513,역삼,구로디지털단지,0,1
20250513,역삼,구로디지털단지,5,6
20250513,역삼,구로디지털단지,6,10
20250513,역삼,구로디지털단지,7,19
20250513,역삼,구로디지털단지,8,34
20250513,역삼,구로디지털단지,9,39
20250513,역삼,구로디지털단지,10,9
20250513,역삼,구로디지털단지,11,18
20250513,역삼,구로디지털단지,12,31
20250513,역삼,구로디지털단지,13,28
20250513,역삼,구로디지털단지,14,45
20250513,역삼,구로디지털단지,15,54
20250513,역삼,구로디지털단지,16,99
20250513,역삼,구로디지털단지,17,219
20250513,역삼,구로디지털단지,18,298
20250513,역삼,구로디지털단지,19,174
20250513,역삼,구로디지털단지,20,127
20250513,역삼,구로디지털단지,21,136
20250513,역삼,구로디지털단지,22,71
20250513,역삼,구로디지털단지,23,29
20250513,역삼,구의(광진구청),0,9
20250513,역삼,구의(광진구청),5,1
20250513,역삼,구의(광진구청),6,1
20250513,역삼,구의(광진구청),7,3
20250513,역삼,구의(광진구청),8,12
20250513,역삼,구의(광진구청),9,6
20250513,역삼,구의(광진구청),10,9
20250513,역삼,구의(광진구청),11,10
20250513,역삼,구의(광진구청),12,16
20250513,역삼,구의(광진구청),13,12
20250513,역삼,구의(광진구청),14,28
20250513,역삼,구의(광진구청),15,31
20250513,역삼,구의(광진구청),16,46
20250513,역삼,구의(광진구청),17,138
20250513,역삼,구의(광진구청),18,204
20250513,역삼,구의(광진구청),19,97
20250513,역삼,구의(광진구청),20,70
20250513,역삼,구의(광진구청),21,69
20250513,역삼,구의(광진구청),22,53
20250513,역삼,구의(광진구청),23,19
20250513,역삼,낙성대,0,14
20250513,역삼,낙성대,5,2
20250513,역삼,낙성대,6,7
20250513,역삼,낙성대,7,10
20250513,역삼,낙성대,8,24
20250513,역삼,낙성대,9,12
20250513,역삼,낙성대,10,12
20250513,역삼,낙성대,11,14
20250513,역삼,낙성대,12,9
20250513,역삼,낙성대,13,24
20250513,역삼,낙성대,14,34
20250513,역삼,낙성대,15,45
20250513,역삼,낙성대,16,64
20250513,역삼,낙성대,17,184
20250513,역삼,낙성대,18,274
20250513,역삼,낙성대,19,174
20250513,역삼,낙성대,20,118
20250513,역삼,낙성대,21,102
20250513,역삼,낙성대,22,84
20250513,역삼,낙성대,23,31
20250513,역삼,당산,0,2
20250513,역삼,당산,6,1
20250513,역삼,당산,8,6
20250513,역삼,당산,10,2
20250513,역삼,당산,11,5
20250513,역삼,당산,12,5
20250513,역삼,당산,13,7
20250513,역삼,당산,14,6
20250513,역삼,당산,15,12
20250513,역삼,당산,16,26
20250513,역삼,당산,17,59
20250513,역삼,당산,18,72
20250513,역삼,당산,19,52
20250513,역삼,당산,20,20
20250513,역삼,당산,21,18
20250513,역삼,당산,22,6
20250513,역삼,당산,23,4
20250513,역삼,대림(구로구청),0,2
20250513,역삼,대림(구로구청),6,3
20250513,역삼,대림(구로구청),7,9
20250513,역삼,대림(구로구청),8,5
20250513,역삼,대림(구로구청),9,4
20250513,역삼,대림(구로구청),10,4
20250513,역삼,대림(구로구청),11,7
20250513,역삼,대림(구로구청),12,7
20250513,역삼,대림(구로구청),13,9
20250513,역삼,대림(구로구청),14,32
20250513,역삼,대림(구로구청),15,31
20250513,역삼,대림(구로구청),16,28
20250513,역삼,대림(구로구청),17,78
20250513,역삼,대림(구로구청),18,78
20250513,역삼,대림(구로구청),19,59
20250513,역삼,대림(구로구청),20,58
20250513,역삼,대림(구로구청),21,65
20250513,역삼,대림(구로구청),22,44
20250513,역삼,대림(구로구청),23,10
20250513,역삼,동대문역사문화공원,8,2
20250513,역삼,동대문역사문화공원,9,3
20250513,역삼,동대문역사문화공원,10,4
20250513,역삼,동대문역사문화공원,11,3
20250513,역삼,동대문역사문화공원,12,5
20250513,역삼,동대문역사문화공원,13,9
20250513,역삼,동대문역사문화공원,14,5
20250513,역삼,동대문역사문화공원,15,4
20250513,역삼,동대문역사문화공원,16,2
20250513,역삼,동대문역사문화공원,17,15
20250513,역삼,동대문역사문화공원,18,12
20250513,역삼,동대문역사문화공원,19,6
20250513,역삼,동대문역사문화공원,20,4
20250513,역삼,동대문역사문화공원,21,1
20250513,역삼,동대문역사문화공원,22,3
20250513,역삼,동대문역사문화공원,23,1
20250513,역삼,뚝섬,0,1
20250513,역삼,뚝섬,6,3
20250513,역삼,뚝섬,7,6
20250513,역삼,뚝섬,8,10
20250513,역삼,뚝섬,9,6
20250513,역삼,뚝섬,10,3
20250513,역삼,뚝섬,11,4
20250513,역삼,뚝섬,12,5
20250513,역삼,뚝섬,13,4
20250513,역삼,뚝섬,14,7
20250513,역삼,뚝섬,15,10
20250513,역삼,뚝섬,16,12
20250513,역삼,뚝섬,17,27
20250513,역삼,뚝섬,18,27
20250513,역삼,뚝섬,19,6
20250513,역삼,뚝섬,20,4
20250513,역삼,뚝섬,21,12
20250513,역삼,뚝섬,22,2
20250513,역삼,뚝섬,23,2
20250513,역삼,문래,6,4
20250513,역삼,문래,7,11
20250513,역삼,문래,8,14
20250513,역삼,문래,9,3
20250513,역삼,문래,10,7
20250513,역삼,문래,11,3
20250513,역삼,문래,12,15
20250513,역삼,문래,13,13
20250513,역삼,문래,14,13
20250513,역삼,문래,15,14
20250513,역삼,문래,16,19
20250513,역삼,문래,17,59
20250513,역삼,문래,18,67
20250513,역삼,문래,19,49
20250513,역삼,문래,20,18
20250513,역삼,문래,21,22
20250513,역삼,문래,22,8
20250513,역삼,문래,23,3
20250513,역삼,방배,0,4
20250513,역삼,방배,6,7
20250513,역삼,방배,7,10
20250513,역삼,방배,8,17
20250513,역삼,방배,9,12
20250513,역삼,방배,10,7
20250513,역삼,방배,11,11
20250513,역삼,방배,12,16
20250513,역삼,방배,13,12
20250513,역삼,방배,14,16
20250513,역삼,방배,15,29
20250513,역삼,방배,16,29
20250513,역삼,방배,17,67
20250513,역삼,방배,18,92
20250513,역삼,방배,19,41
20250513,역삼,방배,20,28
20250513,역삼,방배,21,35
20250513,역삼,방배,22,15
20250513,역삼,방배,23,13
20250513,역삼,봉천,0,8
20250513,역삼,봉천,5,4
20250513,역삼,봉천,6,6
20250513,역삼,봉천,7,2
20250513,역삼,봉천,8,12
20250513,역삼,봉천,9,8
20250513,역삼,봉천,10,5
20250513,역삼,봉천,11,8
20250513,역삼,봉천,12,3
20250513,역삼,봉천,13,19
20250513,역삼,봉천,14,34
20250513,역삼,봉천,15,40
20250513,역삼,봉천,16,58
20250513,역삼,봉천,17,126
20250513,역삼,봉천,18,204
20250513,역삼,봉천,19,170
20250513,역삼,봉천,20,85
20250513,역삼,봉천,21,79
20250513,역삼,봉천,22,54
20250513,역삼,봉천,23,21
20250513,역삼,사당,0,11
20250513,역삼,사당,5,10
20250513,역삼,사당,6,15
20250513,역삼,사당,7,14
20250513,역삼,사당,8,12
20250513,역삼,사당,9,16
20250513,역삼,사당,10,28
20250513,역삼,사당,11,40
20250513,역삼,사당,12,42
20250513,역삼,사당,13,48
20250513,역삼,사당,14,62
20250513,역삼,사당,15,108
20250513,역삼,사당,16,151
20250513,역삼,사당,17,456
20250513,역삼,사당,18,515
20250513,역삼,사당,19,286
20250513,역삼,사당,20,139
20250513,역삼,사당,21,163
20250513,역삼,사당,22,91
20250513,역삼,사당,23,41
20250513,역삼,삼성(무역센터),0,2
20250513,역삼,삼성(무역센터),5,6
20250513,역삼,삼성(무역센터),6,11
20250513,역삼,삼성(무역센터),7,53
20250513,역삼,삼성(무역센터),8,117
20250513,역삼,삼성(무역센터),9,93
20250513,역삼,삼성(무역센터),10,65
20250513,역삼,삼성(무역센터),11,104
20250513,역삼,삼성(무역센터),12,106
20250513,역삼,삼성(무역센터),13,92
20250513,역삼,삼성(무역센터),14,89
20250513,역삼,삼성(무역센터),15,95
20250513,역삼,삼성(무역센터),16,93
20250513,역삼,삼성(무역센터),17,152
20250513,역삼,삼성(무역센터),18,174
20250513,역삼,삼성(무역센터),19,84
20250513,역삼,삼성(무역센터),20,27
20250513,역삼,삼성(무역센터),21,36
20250513,역삼,삼성(무역센터),22,22
20250513,역삼,삼성(무역센터),23,12
20250513,역삼,상왕십리,0,2
20250513,역삼,상왕십리,6,1
20250513,역삼,상왕십리,9,1
20250513,역삼,상왕십리,10,1
20250513,역삼,상왕십리,11,1
20250513,역삼,상왕십리,12,4
20250513,역삼,상왕십리,13,2
20250513,역삼,상왕십리,14,6
20250513,역삼,상왕십리,15,9
20250513,역삼,상왕십리,16,7
20250513,역삼,상왕십리,17,42
20250513,역삼,상왕십리,18,54
20250513,역삼,상왕십리,19,23
20250513,역삼,상왕십리,20,7
20250513,역삼,상왕십리,21,9
20250513,역삼,상왕십리,22,11
20250513,역삼,상왕십리,23,1
20250513,역삼,서울대입구(관악구청),0,20
20250513,역삼,서울대입구(관악구청),5,6
20250513,역삼,서울대입구(관악구청),6,9
20250513,역삼,서울대입구(관악구청),7,16
20250513,역삼,서울대입구(관악구청),8,27
20250513,역삼,서울대입구(관악구청),9,28
20250513,역삼,서울대입구(관악구청),10,17
20250513,역삼,서울대입구(관악구청),11,30
20250513,역삼,서울대입구(관악구청),12,34
20250513,역삼,서울대입구(관악구청),13,45
20250513,역삼,서울대입구(관악구청),14,65
20250513,역삼,서울대입구(관악구청),15,97
20250513,역삼,서울대입구(관악구청),16,93
20250513,역삼,서울대입구(관악구청),17,294
20250513,역삼,서울대입구(관악구청),18,480
20250513,역삼,서울대입구(관악구청),19,299
20250513,역삼,서울대입구(관악구청),20,169
20250513,역삼,서울대입구(관악구청),21,151
20250513,역삼,서울대입구(관악구청),22,117
20250513,역삼,서울대입구(관악구청),23,61
20250513,역삼,서초,0,2
20250513,역삼,서초,5,1
20250513,역삼,서초,6,10
20250513,역삼,서초,7,10
20250513,역삼,서초,8,42
20250513,역삼,서초,9,23
20250513,역삼,서초,10,31
20250513,역삼,서초,11,25
20250513,역삼,서초,12,24
20250513,역삼,서초,13,25
20250513,역삼,서초,14,28
20250513,역삼,서초,15,36
20250513,역삼,서초,16,52
20250513,역삼,서초,17,68
20250513,역삼,서초,18,85
20250513,역삼,서초,19,43
20250513,역삼,서초,20,18
20250513,역삼,서초,21,15
20250513,역삼,서초,22,15
20250513,역삼,서초,23,8
20250513,역삼,선릉,0,4
20250513,역삼,선릉,5,3
20250513,역삼,선릉,6,11
20250513,역삼,선릉,7,32
20250513,역삼,선릉,8,51
20250513,역삼,선릉,9,59
20250513,역삼,선릉,10,102
20250513,역삼,선릉,11,100
20250513,역삼,선릉,12,105
20250513,역삼,선릉,13,161
20250513,역삼,선릉,14,121
20250513,역삼,선릉,15,158
20250513,역삼,선릉,16,143
20250513,역삼,선릉,17,170
20250513,역삼,선릉,18,149
20250513,역삼,선릉,19,89
20250513,역삼,선릉,20,42
20250513,역삼,선릉,21,20
20250513,역삼,선릉,22,24
20250513,역삼,선릉,23,10
20250513,역삼,성수,5,1
20250513,역삼,성수,6,3
20250513,역삼,성수,7,17
20250513,역삼,성수,8,32
20250513,역삼,성수,9,16
20250513,역삼,성수,10,29
20250513,역삼,성수,11,23
20250513,역삼,성수,12,18
20250513,역삼,성수,13,25
20250513,역삼,성수,14,20
20250513,역삼,성수,15,26
20250513,역삼,성수,16,27
20250513,역삼,성수,17,56
20250513,역삼,성수,18,55
20250513,역삼,성수,19,33
20250513,역삼,성수,20,6
20250513,역삼,성수,21,5
20250513,역삼,성수,22,1
20250513,역삼,성수,23,2
20250513,역삼,시청,6,2
20250513,역삼,시청,7,10
20250513,역삼,시청,8,11
20250513,역삼,시청,9,2
20250513,역삼,시청,10,11
20250513,역삼,시청,11,2
20250513,역삼,시청,12,5
20250513,역삼,시청,13,10
20250513,역삼,시청,14,5
20250513,역삼,시청,15,2
20250513,역삼,시청,16,4
20250513,역삼,시청,17,8
20250513,역삼,시청,18,3
20250513,역삼,신당,10,1
20250513,역삼,신당,11,3
20250513,역삼,신당,12,3
20250513,역삼,신당,13,1
20250513,역삼,신당,14,3
20250513,역삼,신당,15,10
20250513,역삼,신당,16,7
20250513,역삼,신당,17,24
20250513,역삼,신당,18,44
20250513,역삼,신당,19,20
20250513,역삼,신당,20,17
20250513,역삼,신당,21,8
20250513,역삼,신당,23,1
20250513,역삼,신대방,0,8
20250513,역삼,신대방,5,1
20250513,역삼,신대방,6,7
20250513,역삼,신대방,7,7
20250513,역삼,신대방,8,13
20250513,역삼,신대방,9,9
20250513,역삼,신대방,10,7
20250513,역삼,신대방,11,7
20250513,역삼,신대방,12,9
20250513,역삼,신대방,13,10
20250513,역삼,신대방,14,29
20250513,역삼,신대방,15,32
20250513,역삼,신대방,16,32
20250513,역삼,신대방,17,104
20250513,역삼,신대방,18,139
20250513,역삼,신대방,19,97
20250513,역삼,신대방,20,56
20250513,역삼,신대방,21,90
20250513,역삼,신대방,22,48
20250513,역삼,신대방,23,19
20250513,역삼,신도림,0,2
20250513,역삼,신도림,5,2
20250513,역삼,신도림,6,6
20250513,역삼,신도림,7,8
20250513,역삼,신도림,8,10
20250513,역삼,신도림,9,6
20250513,역삼,신도림,10,7
20250513,역삼,신도림,11,11
20250513,역삼,신도림,12,11
20250513,역삼,신도림,13,13
20250513,역삼,신도림,14,23
20250513,역삼,신도림,15,31
20250513,역삼,신도림,16,40
20250513,역삼,신도림,17,147
20250513,역삼,신도림,18,202
20250513,역삼,신도림,19,97
20250513,역삼,신도림,20,67
20250513,역삼,신도림,21,49
20250513,역삼,신도림,22,49
20250513,역삼,신도림,23,22
20250513,역삼,신림,0,19
20250513,역삼,신림,5,12
20250513,역삼,신림,6,8
20250513,역삼,신림,7,15
20250513,역삼,신림,8,22
20250513,역삼,신림,9,12
20250513,역삼,신림,10,14
20250513,역삼,신림,11,16
20250513,역삼,신림,12,29
20250513,역삼,신림,13,35
20250513,역삼,신림,14,87
20250513,역삼,신림,15,85
20250513,역삼,신림,16,118
20250513,역삼,신림,17,286
20250513,역삼,신림,18,515
20250513,역삼,신림,19,349
20250513,역삼,신림,20,201
20250513,역삼,신림,21,180
20250513,역삼,신림,22,136
20250513,역삼,신림,23,66
20250513,역삼,신촌,0,2
20250513,역삼,신촌,6,2
20250513,역삼,신촌,7,5
20250513,역삼,신촌,8,6
20250513,역삼,신촌,9,5
20250513,역삼,신촌,10,6
20250513,역삼,신촌,11,10
20250513,역삼,신촌,12,5
20250513,역삼,신촌,13,5
20250513,역삼,신촌,14,8
20250513,역삼,신촌,15,7
20250513,역삼,신촌,16,8
20250513,역삼,신촌,17,61
20250513,역삼,신촌,18,51
20250513,역삼,신촌,19,18
20250513,역삼,신촌,20,15
20250513,역삼,신촌,21,8
20250513,역삼,신촌,22,6
20250513,역삼,아현,8,1
20250513,역삼,아현,9,1
20250513,역삼,아현,12,1
20250513,역삼,아현,13,1
20250513,역삼,아현,14,1
20250513,역삼,아현,15,5
20250513,역삼,아현,16,1
20250513,역삼,아현,17,19
20250513,역삼,아현,18,25
20250513,역삼,아현,19,9
20250513,역삼,아현,20,12
20250513,역삼,아현,21,6
20250513,역삼,아현,22,3
20250513,역삼,아현,23,2
20250513,역삼,역삼,0,9
20250513,역삼,역삼,5,1
20250513,역삼,역삼,6,2
20250513,역삼,역삼,7,4
20250513,역삼,역삼,8,10
20250513,역삼,역삼,9,11
20250513,역삼,역삼,10,16
20250513,역삼,역삼,11,17
20250513,역삼,역삼,12,24
20250513,역삼,역삼,13,33
20250513,역삼,역삼,14,49
20250513,역삼,역삼,15,43
20250513,역삼,역삼,16,42
20250513,역삼,역삼,17,55
20250513,역삼,역삼,18,168
20250513,역삼,역삼,19,39
20250513,역삼,역삼,20,19
20250513,역삼,역삼,21,48
20250513,역삼,역삼,22,19
20250513,역삼,역삼,23,18
20250513,역삼,영등포구청,0,1
20250513,역삼,영등포구청,5,1
20250513,역삼,영등포구청,6,2
20250513,역삼,영등포구청,7,9
20250513,역삼,영등포구청,8,6
20250513,역삼,영등포구청,9,5
20250513,역삼,영등포구청,10,8
20250513,역삼,영등포구청,11,3
20250513,역삼,영등포구청,12,6
20250513,역삼,영등포구청,13,7
20250513,역삼,영등포구청,14,5
20250513,역삼,영등포구청,15,14
20250513,역삼,영등포구청,16,10
20250513,역삼,영등포구청,17,55
20250513,역삼,영등포구청,18,79
20250513,역삼,영등포구청,19,50
20250513,역삼,영등포구청,20,25
20250513,역삼,영등포구청,21,14
20250513,역삼,영등포구청,22,8
20250513,역삼,영등포구청,23,4
20250513,역삼,왕십리(성동구청),7,2
20250513,역삼,왕십리(성동구청),8,2
20250513,역삼,왕십리(성동구청),9,2
20250513,역삼,왕십리(성동구청),11,1
20250513,역삼,왕십리(성동구청),12,2
20250513,역삼,왕십리(성동구청),13,2
20250513,역삼,왕십리(성동구청),14,2
20250513,역삼,왕십리(성동구청),15,11
20250513,역삼,왕십리(성동구청),16,6
20250513,역삼,왕십리(성동구청),17,19
20250513,역삼,왕십리(성동구청),18,24
20250513,역삼,왕십리(성동구청),19,10
20250513,역삼,왕십리(성동구청),20,9
20250513,역삼,왕십리(성동구청),21,6
20250513,역삼,왕십리(성동구청),22,5
20250513,역삼,왕십리(성동구청),23,4
20250513,역삼,용두(동대문구청),7,1
20250513,역삼,용두(동대문구청),10,2
20250513,역삼,용두(동대문구청),12,1
20250513,역삼,용두(동대문구청),14,1
20250513,역삼,용두(동대문구청),15,8
20250513,역삼,용두(동대문구청),16,5
20250513,역삼,용두(동대문구청),17,18
20250513,역삼,용두(동대문구청),18,19
20250513,역삼,용두(동대문구청),19,9
20250513,역삼,용두(동대문구청),20,3
20250513,역삼,용두(동대문구청),21,2
20250513,역삼,을지로3가,7,1
20250513,역삼,을지로3가,8,2
20250513,역삼,을지로3가,9,2
20250513,역삼,을지로3가,10,1
20250513,역삼,을지로3가,11,2
20250513,역삼,을지로3가,12,2
20250513,역삼,을지로3가,13,3
20250513,역삼,을지로3가,14,4
20250513,역삼,을지로3가,15,2
20250513,역삼,을지로3가,16,1
20250513,역삼,을지로3가,17,10
20250513,역삼,을지로3가,18,9
20250513,역삼,을지로3가,20,1
20250513,역삼,을지로3가,22,2
20250513,역삼,을지로3가,23,1
20250513,역삼,을지로4가,5,1
20250513,역삼,을지로4가,6,1
20250513,역삼,을지로4가,7,2
20250513,역삼,을지로4가,8,2
20250513,역삼,을지로4가,9,1
20250513,역삼,을지로4가,10,6
20250513,역삼,을지로4가,11,4
20250513,역삼,을지로4가,12,8
20250513,역삼,을지로4가,13,4
20250513,역삼,을지로4가,14,4
20250513,역삼,을지로4가,15,1
20250513,역삼,을지로4가,16,3
20250513,역삼,을지로4가,17,7
20250513,역삼,을지로4가,18,10
20250513,역삼,을지로4가,19,4
20250513,역삼,을지로4가,20,1
20250513,역삼,을지로4가,21,1
20250513,역삼,을지로4가,22,3
20250513,역삼,을지로4가,23,1
20250513,역삼,을지로입구,6,3
20250513,역삼,을지로입구,7,9
20250513,역삼,을지로입구,8,6
20250513,역삼,을지로입구,9,3
20250513,역삼,을지로입구,10,8
20250513,역삼,을지로입구,11,9
20250513,역삼,을지로입구,12,19
20250513,역삼,을지로입구,13,10
20250513,역삼,을지로입구,14,8
20250513,역삼,을지로입구,15,6
20250513,역삼,을지로입구,16,12
20250513,역삼,을지로입구,17,24
20250513,역삼,을지로입구,18,24
20250513,역삼,을지로입구,21,1
20250513,역삼,을지로입구,22,2
20250513,역삼,이대,7,1
20250513,역삼,이대,8,5
20250513,역삼,이대,10,5
20250513,역삼,이대,11,1
20250513,역삼,이대,12,3
20250513,역삼,이대,13,3
20250513,역삼,이대,14,2
20250513,역삼,이대,15,7
20250513,역삼,이대,16,9
20250513,역삼,이대,17,15
20250513,역삼,이대,18,27
20250513,역삼,이대,19,13
20250513,역삼,이대,20,2
20250513,역삼,이대,21,5
20250513,역삼,이대,22,3
20250513,역삼,이대,23,1
20250513,역삼,잠실(송파구청),0,12
20250513,역삼,잠실(송파구청),5,6
20250513,역삼,잠실(송파구청),6,14
20250513,역삼,잠실(송파구청),7,37
20250513,역삼,잠실(송파구청),8,96
20250513,역삼,잠실(송파구청),9,61
20250513,역삼,잠실(송파구청),10,52
20250513,역삼,잠실(송파구청),11,77
20250513,역삼,잠실(송파구청),12,67
20250513,역삼,잠실(송파구청),13,71
20250513,역삼,잠실(송파구청),14,101
20250513,역삼,잠실(송파구청),15,127
20250513,역삼,잠실(송파구청),16,190
20250513,역삼,잠실(송파구청),17,541
20250513,역삼,잠실(송파구청),18,786
20250513,역삼,잠실(송파구청),19,397
20250513,역삼,잠실(송파구청),20,207
20250513,역삼,잠실(송파구청),21,182
20250513,역삼,잠실(송파구청),22,109
20250513,역삼,잠실(송파구청),23,44
20250513,역삼,잠실나루,0,3
20250513,역삼,잠실나루,5,1
20250513,역삼,잠실나루,6,2
20250513,역삼,잠실나루,7,11
20250513,역삼,잠실나루,8,5
20250513,역삼,잠실나루,9,4
20250513,역삼,잠실나루,10,9
20250513,역삼,잠실나루,11,6
20250513,역삼,잠실나루,12,14
20250513,역삼,잠실나루,13,10
20250513,역삼,잠실나루,14,11
20250513,역삼,잠실나루,15,16
20250513,역삼,잠실나루,16,22
20250513,역삼,잠실나루,17,52
20250513,역삼,잠실나루,18,56
20250513,역삼,잠실나루,19,44
20250513,역삼,잠실나루,20,22
20250513,역삼,잠실나루,21,16
20250513,역삼,잠실나루,22,17
20250513,역삼,잠실나루,23,6
20250513,역삼,잠실새내,0,2
20250513,역삼,잠실새내,6,1
20250513,역삼,잠실새내,7,4
20250513,역삼,잠실새내,8,12
20250513,역삼,잠실새내,9,7
20250513,역삼,잠실새내,10,13
20250513,역삼,잠실새내,11,22
20250513,역삼,잠실새내,12,14
20250513,역삼,잠실새내,13,22
20250513,역삼,잠실새내,14,32
20250513,역삼,잠실새내,15,29
20250513,역삼,잠실새내,16,56
20250513,역삼,잠실새내,17,140
20250513,역삼,잠실새내,18,175
20250513,역삼,잠실새내,19,104
20250513,역삼,잠실새내,20,65
20250513,역삼,잠실새내,21,40
20250513,역삼,잠실새내,22,37
20250513,역삼,잠실새내,23,15
20250513,역삼,종합운동장,0,1
20250513,역삼,종합운동장,5,1
20250513,역삼,종합운동장,6,3
20250513,역삼,종합운동장,7,3
20250513,역삼,종합운동장,8,6
20250513,역삼,종합운동장,9,6
20250513,역삼,종합운동장,10,3
20250513,역삼,종합운동장,11,13
20250513,역삼,종합운동장,12,7
20250513,역삼,종합운동장,13,17
20250513,역삼,종합운동장,14,17
20250513,역삼,종합운동장,15,16
20250513,역삼,종합운동장,16,42
20250513,역삼,종합운동장,17,143
20250513,역삼,종합운동장,18,179
20250513,역삼,종합운동장,19,70
20250513,역삼,종합운동장,20,35
20250513,역삼,종합운동장,21,23
20250513,역삼,종합운동장,22,15
20250513,역삼,종합운동장,23,7
20250513,역삼,충정로(경기대입구),0,1
20250513,역삼,충정로(경기대입구),5,1
20250513,역삼,충정로(경기대입구),7,1
20250513,역삼,충정로(경기대입구),8,3
20250513,역삼,충정로(경기대입구),9,3
20250513,역삼,충정로(경기대입구),10,1
20250513,역삼,충정로(경기대입구),12,1
20250513,역삼,충정로(경기대입구),13,2
20250513,역삼,충정로(경기대입구),15,4
20250513,역삼,충정로(경기대입구),16,3
20250513,역삼,충정로(경기대입구),17,14
20250513,역삼,충정로(경기대입구),18,17
20250513,역삼,충정로(경기대입구),19,5
20250513,역삼,충정로(경기대입구),20,4
20250513,역삼,충정로(경기대입구),21,3
20250513,역삼,충정로(경기대입구),22,3
20250513,역삼,충정로(경기대입구),23,1
20250513,역삼,한양대,7,2
20250513,역삼,한양대,8,8
20250513,역삼,한양대,9,11
20250513,역삼,한양대,10,6
20250513,역삼,한양대,11,1
20250513,역삼,한양대,12,1
20250513,역삼,한양대,13,6
20250513,역삼,한양대,14,2
20250513,역삼,한양대,15,6
20250513,역삼,한양대,16,3
20250513,역삼,한양대,17,16
20250513,역삼,한양대,18,12
20250513,역삼,한양대,22,1
20250513,역삼,한양대,23,1
20250513,역삼,합정,0,2
20250513,역삼,합정,5,2
20250513,역삼,합정,6,2
20250513,역삼,합정,7,9
20250513,역삼,합정,8,12
20250513,역삼,합정,9,4
20250513,역삼,합정,10,1
20250513,역삼,합정,11,11
20250513,역삼,합정,12,10
20250513,역삼,합정,13,13
20250513,역삼,합정,14,10
20250513,역삼,합정,15,8
20250513,역삼,합정,16,13
20250513,역삼,합정,17,45
20250513,역삼,합정,18,81
20250513,역삼,합정,19,34
20250513,역삼,합정,20,10
20250513,역삼,합정,21,8
20250513,역삼,합정,22,17
20250513,역삼,합정,23,2
20250513,역삼,홍대입구,0,1
20250513,역삼,홍대입구,5,1
20250513,역삼,홍대입구,6,8
20250513,역삼,홍대입구,7,5
20250513,역삼,홍대입구,8,9
20250513,역삼,홍대입구,9,12
20250513,역삼,홍대입구,10,14
20250513,역삼,홍대입구,11,10
20250513,역삼,홍대입구,12,8
20250513,역삼,홍대입구,13,8
20250513,역삼,홍대입구,14,9
20250513,역삼,홍대입구,15,24
20250513,역삼,홍대입구,16,35
20250513,역삼,홍대입구,17,81
20250513,역삼,홍대입구,18,78
20250513,역삼,홍대입구,19,42
20250513,역삼,홍대입구,20,20
20250513,역삼,홍대입구,21,29
20250513,역삼,홍대입구,22,13
20250513,역삼,홍대입구,23,6
20250513,영등포구청,강남,5,2
20250513,영등포구청,강남,6,40
20250513,영등포구청,강남,7,75
20250513,영등포구청,강남,8,64
20250513,영등포구청,강남,9,36
20250513,영등포구청,강남,10,21
20250513,영등포구청,강남,11,13
20250513,영등포구청,강남,12,14
20250513,영등포구청,강남,13,15
20250513,영등포구청,강남,14,15
20250513,영등포구청,강남,15,15
20250513,영등포구청,강남,16,11
20250513,영등포구청,강남,17,15
20250513,영등포구청,강남,18,29
20250513,영등포구청,강남,19,7
20250513,영등포구청,강남,20,7
20250513,영등포구청,강남,21,5
20250513,영등포구청,강남,22,4
20250513,영등포구청,강남,23,3
20250513,영등포구청,강변(동서울터미널),0,1
20250513,영등포구청,강변(동서울터미널),5,1
20250513,영등포구청,강변(동서울터미널),6,2
20250513,영등포구청,강변(동서울터미널),7,3
20250513,영등포구청,강변(동서울터미널),9,1
20250513,영등포구청,강변(동서울터미널),10,1
20250513,영등포구청,강변(동서울터미널),11,2
20250513,영등포구청,강변(동서울터미널),12,4
20250513,영등포구청,강변(동서울터미널),14,2
20250513,영등포구청,강변(동서울터미널),15,1
20250513,영등포구청,강변(동서울터미널),16,5
20250513,영등포구청,강변(동서울터미널),17,4
20250513,영등포구청,강변(동서울터미널),18,3
20250513,영등포구청,강변(동서울터미널),19,5
20250513,영등포구청,강변(동서울터미널),20,1
20250513,영등포구청,강변(동서울터미널),22,3
20250513,영등포구청,건대입구,6,1
20250513,영등포구청,건대입구,7,6
20250513,영등포구청,건대입구,8,5
20250513,영등포구청,건대입구,9,4
20250513,영등포구청,건대입구,10,2
20250513,영등포구청,건대입구,11,2
20250513,영등포구청,건대입구,12,1
20250513,영등포구청,건대입구,13,3
20250513,영등포구청,건대입구,14,4
20250513,영등포구청,건대입구,15,3
20250513,영등포구청,건대입구,16,6
20250513,영등포구청,건대입구,17,9
20250513,영등포구청,건대입구,18,26
20250513,영등포구청,건대입구,19,2
20250513,영등포구청,건대입구,20,3
20250513,영등포구청,건대입구,21,8
20250513,영등포구청,건대입구,22,2
20250513,영등포구청,건대입구,23,2
20250513,영등포구청,교대(법원.검찰청),5,1
20250513,영등포구청,교대(법원.검찰청),6,6
20250513,영등포구청,교대(법원.검찰청),7,20
20250513,영등포구청,교대(법원.검찰청),8,30
20250513,영등포구청,교대(법원.검찰청),9,12
20250513,영등포구청,교대(법원.검찰청),10,9
20250513,영등포구청,교대(법원.검찰청),11,7
20250513,영등포구청,교대(법원.검찰청),12,11
20250513,영등포구청,교대(법원.검찰청),13,5
20250513,영등포구청,교대(법원.검찰청),14,9
20250513,영등포구청,교대(법원.검찰청),15,4
20250513,영등포구청,교대(법원.검찰청),16,13
20250513,영등포구청,교대(법원.검찰청),17,15
20250513,영등포구청,교대(법원.검찰청),18,13
20250513,영등포구청,교대(법원.검찰청),19,2
20250513,영등포구청,교대(법원.검찰청),21,2
20250513,영등포구청,구로디지털단지,0,13
20250513,영등포구청,구로디지털단지,4,1
20250513,영등포구청,구로디지털단지,5,10
20250513,영등포구청,구로디지털단지,6,10
20250513,영등포구청,구로디지털단지,7,63
20250513,영등포구청,구로디지털단지,8,138
20250513,영등포구청,구로디지털단지,9,56
20250513,영등포구청,구로디지털단지,10,32
20250513,영등포구청,구로디지털단지,11,30
20250513,영등포구청,구로디지털단지,12,21
20250513,영등포구청,구로디지털단지,13,26
20250513,영등포구청,구로디지털단지,14,46
20250513,영등포구청,구로디지털단지,15,50
20250513,영등포구청,구로디지털단지,16,56
20250513,영등포구청,구로디지털단지,17,84
20250513,영등포구청,구로디지털단지,18,190
20250513,영등포구청,구로디지털단지,19,72
20250513,영등포구청,구로디지털단지,20,56
20250513,영등포구청,구로디지털단지,21,52
20250513,영등포구청,구로디지털단지,22,41
20250513,영등포구청,구로디지털단지,23,9
20250513,영등포구청,구의(광진구청),5,1
20250513,영등포구청,구의(광진구청),7,1
20250513,영등포구청,구의(광진구청),8,3
20250513,영등포구청,구의(광진구청),9,3
20250513,영등포구청,구의(광진구청),10,2
20250513,영등포구청,구의(광진구청),11,1
20250513,영등포구청,구의(광진구청),12,1
20250513,영등포구청,구의(광진구청),13,2
20250513,영등포구청,구의(광진구청),14,2
20250513,영등포구청,구의(광진구청),15,3
20250513,영등포구청,구의(광진구청),16,4
20250513,영등포구청,구의(광진구청),17,6
20250513,영등포구청,구의(광진구청),18,7
20250513,영등포구청,구의(광진구청),19,5
20250513,영등포구청,구의(광진구청),20,7
20250513,영등포구청,구의(광진구청),22,2
20250513,영등포구청,구의(광진구청),23,4
20250513,영등포구청,낙성대,0,3
20250513,영등포구청,낙성대,5,1
20250513,영등포구청,낙성대,6,2
20250513,영등포구청,낙성대,7,12
20250513,영등포구청,낙성대,8,13
20250513,영등포구청,낙성대,9,6
20250513,영등포구청,낙성대,10,5
20250513,영등포구청,낙성대,11,6
20250513,영등포구청,낙성대,12,4
20250513,영등포구청,낙성대,13,4
20250513,영등포구청,낙성대,14,7
20250513,영등포구청,낙성대,15,9
20250513,영등포구청,낙성대,16,15
20250513,영등포구청,낙성대,17,20
20250513,영등포구청,낙성대,18,37
20250513,영등포구청,낙성대,19,20
20250513,영등포구청,낙성대,20,13
20250513,영등포구청,낙성대,21,17
20250513,영등포구청,낙성대,22,8
20250513,영등포구청,낙성대,23,4
20250513,영등포구청,당산,5,4
20250513,영등포구청,당산,6,4
20250513,영등포구청,당산,7,8
20250513,영등포구청,당산,8,16
20250513,영등포구청,당산,9,21
20250513,영등포구청,당산,10,18
20250513,영등포구청,당산,11,30
20250513,영등포구청,당산,12,12
20250513,영등포구청,당산,13,15
20250513,영등포구청,당산,14,29
20250513,영등포구청,당산,15,19
20250513,영등포구청,당산,16,21
20250513,영등포구청,당산,17,34
20250513,영등포구청,당산,18,35
20250513,영등포구청,당산,19,20
20250513,영등포구청,당산,20,24
20250513,영등포구청,당산,21,19
20250513,영등포구청,당산,22,12
20250513,영등포구청,대림(구로구청),0,1
20250513,영등포구청,대림(구로구청),5,4
20250513,영등포구청,대림(구로구청),6,8
20250513,영등포구청,대림(구로구청),7,23
20250513,영등포구청,대림(구로구청),8,34
20250513,영등포구청,대림(구로구청),9,34
20250513,영등포구청,대림(구로구청),10,31
20250513,영등포구청,대림(구로구청),11,39
20250513,영등포구청,대림(구로구청),12,26
20250513,영등포구청,대림(구로구청),13,23
20250513,영등포구청,대림(구로구청),14,35
20250513,영등포구청,대림(구로구청),15,42
20250513,영등포구청,대림(구로구청),16,27
20250513,영등포구청,대림(구로구청),17,32
20250513,영등포구청,대림(구로구청),18,59
20250513,영등포구청,대림(구로구청),19,46
20250513,영등포구청,대림(구로구청),20,26
20250513,영등포구청,대림(구로구청),21,33
20250513,영등포구청,대림(구로구청),22,16
20250513,영등포구청,대림(구로구청),23,5
20250513,영등포구청,동대문역사문화공원,5,1
20250513,영등포구청,동대문역사문화공원,6,3
20250513,영등포구청,동대문역사문화공원,7,16
20250513,영등포구청,동대문역사문화공원,8,9
20250513,영등포구청,동대문역사문화공원,9,9
20250513,영등포구청,동대문역사문화공원,10,4
20250513,영등포구청,동대문역사문화공원,11,2
20250513,영등포구청,동대문역사문화공원,12,2
20250513,영등포구청,동대문역사문화공원,13,3
20250513,영등포구청,동대문역사문화공원,14,1
20250513,영등포구청,동대문역사문화공원,16,1
20250513,영등포구청,동대문역사문화공원,17,4
20250513,영등포구청,동대문역사문화공원,18,7
20250513,영등포구청,동대문역사문화공원,19,2
20250513,영등포구청,동대문역사문화공원,20,1
20250513,영등포구청,동대문역사문화공원,22,3
20250513,영등포구청,뚝섬,6,1
20250513,영등포구청,뚝섬,7,21
20250513,영등포구청,뚝섬,8,30
20250513,영등포구청,뚝섬,9,12
20250513,영등포구청,뚝섬,10,4
20250513,영등포구청,뚝섬,11,4
20250513,영등포구청,뚝섬,12,3
20250513,영등포구청,뚝섬,14,3
20250513,영등포구청,뚝섬,15,3
20250513,영등포구청,뚝섬,16,2
20250513,영등포구청,뚝섬,17,5
20250513,영등포구청,뚝섬,18,6
20250513,영등포구청,뚝섬,19,2
20250513,영등포구청,뚝섬,20,4
20250513,영등포구청,뚝섬,21,2
20250513,영등포구청,뚝섬,23,1
20250513,영등포구청,문래,5,2
20250513,영등포구청,문래,6,4
20250513,영등포구청,문래,7,10
20250513,영등포구청,문래,8,23
20250513,영등포구청,문래,9,32
20250513,영등포구청,문래,10,40
20250513,영등포구청,문래,11,25
20250513,영등포구청,문래,12,32
20250513,영등포구청,문래,13,23
20250513,영등포구청,문래,14,26
20250513,영등포구청,문래,15,22
20250513,영등포구청,문래,16,29
20250513,영등포구청,문래,17,23
20250513,영등포구청,문래,18,34
20250513,영등포구청,문래,19,16
20250513,영등포구청,문래,20,11
20250513,영등포구청,문래,21,5
20250513,영등포구청,문래,22,5
20250513,영등포구청,문래,23,4
20250513,영등포구청,방배,5,1
20250513,영등포구청,방배,6,8
20250513,영등포구청,방배,7,15
20250513,영등포구청,방배,8,22
20250513,영등포구청,방배,9,9
20250513,영등포구청,방배,10,8
20250513,영등포구청,방배,11,6
20250513,영등포구청,방배,12,6
20250513,영등포구청,방배,14,3
20250513,영등포구청,방배,15,7
20250513,영등포구청,방배,16,10
20250513,영등포구청,방배,17,14
20250513,영등포구청,방배,18,17
20250513,영등포구청,방배,19,5
20250513,영등포구청,방배,20,4
20250513,영등포구청,방배,21,3
20250513,영등포구청,방배,22,4
20250513,영등포구청,방배,23,1
20250513,영등포구청,봉천,0,2
20250513,영등포구청,봉천,5,1
20250513,영등포구청,봉천,7,9
20250513,영등포구청,봉천,8,13
20250513,영등포구청,봉천,9,3
20250513,영등포구청,봉천,10,4
20250513,영등포구청,봉천,11,9
20250513,영등포구청,봉천,12,3
20250513,영등포구청,봉천,13,8
20250513,영등포구청,봉천,14,5
20250513,영등포구청,봉천,15,22
20250513,영등포구청,봉천,16,12
20250513,영등포구청,봉천,17,43
20250513,영등포구청,봉천,18,60
20250513,영등포구청,봉천,19,28
20250513,영등포구청,봉천,20,15
20250513,영등포구청,봉천,21,16
20250513,영등포구청,봉천,22,13
20250513,영등포구청,봉천,23,4
20250513,영등포구청,사당,5,5
20250513,영등포구청,사당,6,10
20250513,영등포구청,사당,7,36
20250513,영등포구청,사당,8,17
20250513,영등포구청,사당,9,7
20250513,영등포구청,사당,10,12
20250513,영등포구청,사당,11,6
20250513,영등포구청,사당,12,9
20250513,영등포구청,사당,13,10
20250513,영등포구청,사당,14,11
20250513,영등포구청,사당,15,11
20250513,영등포구청,사당,16,31
20250513,영등포구청,사당,17,33
20250513,영등포구청,사당,18,52
20250513,영등포구청,사당,19,25
20250513,영등포구청,사당,20,13
20250513,영등포구청,사당,21,18
20250513,영등포구청,사당,22,7
20250513,영등포구청,사당,23,5
20250513,영등포구청,삼성(무역센터),5,4
20250513,영등포구청,삼성(무역센터),6,22
20250513,영등포구청,삼성(무역센터),7,44
20250513,영등포구청,삼성(무역센터),8,26
20250513,영등포구청,삼성(무역센터),9,18
20250513,영등포구청,삼성(무역센터),10,2
20250513,영등포구청,삼성(무역센터),11,4
20250513,영등포구청,삼성(무역센터),12,4
20250513,영등포구청,삼성(무역센터),13,8
20250513,영등포구청,삼성(무역센터),14,2
20250513,영등포구청,삼성(무역센터),15,8
20250513,영등포구청,삼성(무역센터),16,3
20250513,영등포구청,삼성(무역센터),17,1
20250513,영등포구청,삼성(무역센터),18,9
20250513,영등포구청,삼성(무역센터),19,3
20250513,영등포구청,삼성(무역센터),21,2
20250513,영등포구청,상왕십리,6,3
20250513,영등포구청,상왕십리,7,11
20250513,영등포구청,상왕십리,8,3
20250513,영등포구청,상왕십리,9,2
20250513,영등포구청,상왕십리,10,3
20250513,영등포구청,상왕십리,12,2
20250513,영등포구청,상왕십리,13,2
20250513,영등포구청,상왕십리,14,3
20250513,영등포구청,상왕십리,15,1
20250513,영등포구청,상왕십리,16,6
20250513,영등포구청,상왕십리,17,9
20250513,영등포구청,상왕십리,18,17
20250513,영등포구청,상왕십리,19,3
20250513,영등포구청,상왕십리,20,3
20250513,영등포구청,상왕십리,21,3
20250513,영등포구청,상왕십리,22,2
20250513,영등포구청,상왕십리,23,1
20250513,영등포구청,서울대입구(관악구청),0,3
20250513,영등포구청,서울대입구(관악구청),6,6
20250513,영등포구청,서울대입구(관악구청),7,23
20250513,영등포구청,서울대입구(관악구청),8,27
20250513,영등포구청,서울대입구(관악구청),9,21
20250513,영등포구청,서울대입구(관악구청),10,19
20250513,영등포구청,서울대입구(관악구청),11,11
20250513,영등포구청,서울대입구(관악구청),12,12
20250513,영등포구청,서울대입구(관악구청),13,16
20250513,영등포구청,서울대입구(관악구청),14,11
20250513,영등포구청,서울대입구(관악구청),15,11
20250513,영등포구청,서울대입구(관악구청),16,15
20250513,영등포구청,서울대입구(관악구청),17,34
20250513,영등포구청,서울대입구(관악구청),18,64
20250513,영등포구청,서울대입구(관악구청),19,21
20250513,영등포구청,서울대입구(관악구청),20,25
20250513,영등포구청,서울대입구(관악구청),21,13
20250513,영등포구청,서울대입구(관악구청),22,17
20250513,영등포구청,서울대입구(관악구청),23,5
20250513,영등포구청,서초,5,2
20250513,영등포구청,서초,6,7
20250513,영등포구청,서초,7,24
20250513,영등포구청,서초,8,37
20250513,영등포구청,서초,9,11
20250513,영등포구청,서초,10,6
20250513,영등포구청,서초,11,3
20250513,영등포구청,서초,12,3
20250513,영등포구청,서초,13,5
20250513,영등포구청,서초,14,6
20250513,영등포구청,서초,15,2
20250513,영등포구청,서초,16,3
20250513,영등포구청,서초,17,4
20250513,영등포구청,서초,18,8
20250513,영등포구청,서초,19,2
20250513,영등포구청,서초,20,1
20250513,영등포구청,서초,22,3
20250513,영등포구청,서초,23,1
20250513,영등포구청,선릉,5,4
20250513,영등포구청,선릉,6,15
20250513,영등포구청,선릉,7,57
20250513,영등포구청,선릉,8,30
20250513,영등포구청,선릉,9,26
20250513,영등포구청,선릉,10,12
20250513,영등포구청,선릉,11,11
20250513,영등포구청,선릉,12,7
20250513,영등포구청,선릉,13,11
20250513,영등포구청,선릉,14,5
20250513,영등포구청,선릉,15,9
20250513,영등포구청,선릉,16,9
20250513,영등포구청,선릉,17,12
20250513,영등포구청,선릉,18,4
20250513,영등포구청,선릉,19,4
20250513,영등포구청,선릉,20,4
20250513,영등포구청,선릉,21,1
20250513,영등포구청,선릉,22,2
20250513,영등포구청,선릉,23,2
20250513,영등포구청,성수,5,3
20250513,영등포구청,성수,6,5
20250513,영등포구청,성수,7,31
20250513,영등포구청,성수,8,29
20250513,영등포구청,성수,9,13
20250513,영등포구청,성수,10,7
20250513,영등포구청,성수,11,2
20250513,영등포구청,성수,12,8
20250513,영등포구청,성수,13,4
20250513,영등포구청,성수,14,1
20250513,영등포구청,성수,15,9
20250513,영등포구청,성수,16,8
20250513,영등포구청,성수,17,8
20250513,영등포구청,성수,18,11
20250513,영등포구청,성수,20,2
20250513,영등포구청,성수,21,2
20250513,영등포구청,성수,22,1
20250513,영등포구청,시청,0,1
20250513,영등포구청,시청,5,6
20250513,영등포구청,시청,6,14
20250513,영등포구청,시청,7,65
20250513,영등포구청,시청,8,136
20250513,영등포구청,시청,9,37
20250513,영등포구청,시청,10,13
20250513,영등포구청,시청,11,15
20250513,영등포구청,시청,12,8
20250513,영등포구청,시청,13,14
20250513,영등포구청,시청,14,8
20250513,영등포구청,시청,15,8
20250513,영등포구청,시청,16,8
20250513,영등포구청,시청,17,8
20250513,영등포구청,시청,18,9
20250513,영등포구청,시청,19,1
20250513,영등포구청,시청,20,6
20250513,영등포구청,시청,21,2
20250513,영등포구청,신당,0,1
20250513,영등포구청,신당,6,1
20250513,영등포구청,신당,7,4
20250513,영등포구청,신당,8,7
20250513,영등포구청,신당,9,2
20250513,영등포구청,신당,10,3
20250513,영등포구청,신당,11,4
20250513,영등포구청,신당,12,2
20250513,영등포구청,신당,13,3
20250513,영등포구청,신당,14,2
20250513,영등포구청,신당,15,2
20250513,영등포구청,신당,16,2
20250513,영등포구청,신당,17,13
20250513,영등포구청,신당,18,7
20250513,영등포구청,신당,19,4
20250513,영등포구청,신당,20,6
20250513,영등포구청,신당,21,2
20250513,영등포구청,신당,22,3
20250513,영등포구청,신대방,0,1
20250513,영등포구청,신대방,5,3
20250513,영등포구청,신대방,6,1
20250513,영등포구청,신대방,7,8
20250513,영등포구청,신대방,8,10
20250513,영등포구청,신대방,9,10
20250513,영등포구청,신대방,10,6
20250513,영등포구청,신대방,11,9
20250513,영등포구청,신대방,12,7
20250513,영등포구청,신대방,13,12
20250513,영등포구청,신대방,14,21
20250513,영등포구청,신대방,15,14
20250513,영등포구청,신대방,16,23
20250513,영등포구청,신대방,17,43
20250513,영등포구청,신대방,18,86
20250513,영등포구청,신대방,19,38
20250513,영등포구청,신대방,20,27
20250513,영등포구청,신대방,21,35
20250513,영등포구청,신대방,22,11
20250513,영등포구청,신대방,23,5
20250513,영등포구청,신도림,0,7
20250513,영등포구청,신도림,5,4
20250513,영등포구청,신도림,6,9
20250513,영등포구청,신도림,7,19
20250513,영등포구청,신도림,8,31
20250513,영등포구청,신도림,9,27
20250513,영등포구청,신도림,10,29
20250513,영등포구청,신도림,11,48
20250513,영등포구청,신도림,12,36
20250513,영등포구청,신도림,13,46
20250513,영등포구청,신도림,14,39
20250513,영등포구청,신도림,15,72
20250513,영등포구청,신도림,16,61
20250513,영등포구청,신도림,17,69
20250513,영등포구청,신도림,18,150
20250513,영등포구청,신도림,19,53
20250513,영등포구청,신도림,20,47
20250513,영등포구청,신도림,21,46
20250513,영등포구청,신도림,22,19
20250513,영등포구청,신도림,23,10
20250513,영등포구청,신림,0,5
20250513,영등포구청,신림,5,2
20250513,영등포구청,신림,6,4
20250513,영등포구청,신림,7,14
20250513,영등포구청,신림,8,26
20250513,영등포구청,신림,9,13
20250513,영등포구청,신림,10,5
20250513,영등포구청,신림,11,17
20250513,영등포구청,신림,12,14
20250513,영등포구청,신림,13,15
20250513,영등포구청,신림,14,17
20250513,영등포구청,신림,15,27
20250513,영등포구청,신림,16,23
20250513,영등포구청,신림,17,67
20250513,영등포구청,신림,18,146
20250513,영등포구청,신림,19,45
20250513,영등포구청,신림,20,42
20250513,영등포구청,신림,21,32
20250513,영등포구청,신림,22,26
20250513,영등포구청,신림,23,13
20250513,영등포구청,신촌,5,4
20250513,영등포구청,신촌,6,16
20250513,영등포구청,신촌,7,39
20250513,영등포구청,신촌,8,63
20250513,영등포구청,신촌,9,49
20250513,영등포구청,신촌,10,32
20250513,영등포구청,신촌,11,32
20250513,영등포구청,신촌,12,35
20250513,영등포구청,신촌,13,26
20250513,영등포구청,신촌,14,12
20250513,영등포구청,신촌,15,26
20250513,영등포구청,신촌,16,25
20250513,영등포구청,신촌,17,36
20250513,영등포구청,신촌,18,66
20250513,영등포구청,신촌,19,34
20250513,영등포구청,신촌,20,15
20250513,영등포구청,신촌,21,15
20250513,영등포구청,신촌,22,5
20250513,영등포구청,신촌,23,1
20250513,영등포구청,아현,0,1
20250513,영등포구청,아현,6,3
20250513,영등포구청,아현,7,2
20250513,영등포구청,아현,8,8
20250513,영등포구청,아현,9,5
20250513,영등포구청,아현,10,3
20250513,영등포구청,아현,11,11
20250513,영등포구청,아현,12,4
20250513,영등포구청,아현,13,4
20250513,영등포구청,아현,14,6
20250513,영등포구청,아현,15,5
20250513,영등포구청,아현,16,11
20250513,영등포구청,아현,17,18
20250513,영등포구청,아현,18,16
20250513,영등포구청,아현,19,9
20250513,영등포구청,아현,20,4
20250513,영등포구청,아현,21,7
20250513,영등포구청,아현,22,3
20250513,영등포구청,아현,23,3
20250513,영등포구청,역삼,5,3
20250513,영등포구청,역삼,6,24
20250513,영등포구청,역삼,7,85
20250513,영등포구청,역삼,8,82
20250513,영등포구청,역삼,9,67
20250513,영등포구청,역삼,10,13
20250513,영등포구청,역삼,11,7
20250513,영등포구청,역삼,12,7
20250513,영등포구청,역삼,13,7
20250513,영등포구청,역삼,14,7
20250513,영등포구청,역삼,15,5
20250513,영등포구청,역삼,16,5
20250513,영등포구청,역삼,17,10
20250513,영등포구청,역삼,18,15
20250513,영등포구청,역삼,19,10
20250513,영등포구청,역삼,20,2
20250513,영등포구청,역삼,21,2
20250513,영등포구청,역삼,22,4
20250513,영등포구청,역삼,23,1
20250513,영등포구청,영등포구청,0,4
20250513,영등포구청,영등포구청,5,4
20250513,영등포구청,영등포구청,6,4
20250513,영등포구청,영등포구청,7,8
20250513,영등포구청,영등포구청,8,9
20250513,영등포구청,영등포구청,9,10
20250513,영등포구청,영등포구청,10,20
20250513,영등포구청,영등포구청,11,25
20250513,영등포구청,영등포구청,12,27
20250513,영등포구청,영등포구청,13,12
20250513,영등포구청,영등포구청,14,33
20250513,영등포구청,영등포구청,15,24
20250513,영등포구청,영등포구청,16,21
20250513,영등포구청,영등포구청,17,15
20250513,영등포구청,영등포구청,18,27
20250513,영등포구청,영등포구청,19,14
20250513,영등포구청,영등포구청,20,14
20250513,영등포구청,영등포구청,21,15
20250513,영등포구청,영등포구청,22,15
20250513,영등포구청,영등포구청,23,7
20250513,영등포구청,왕십리(성동구청),6,1
20250513,영등포구청,왕십리(성동구청),7,2
20250513,영등포구청,왕십리(성동구청),8,1
20250513,영등포구청,왕십리(성동구청),9,5
20250513,영등포구청,왕십리(성동구청),10,3
20250513,영등포구청,왕십리(성동구청),11,1
20250513,영등포구청,왕십리(성동구청),12,1
20250513,영등포구청,왕십리(성동구청),13,2
20250513,영등포구청,왕십리(성동구청),15,1
20250513,영등포구청,왕십리(성동구청),16,1
20250513,영등포구청,왕십리(성동구청),17,3
20250513,영등포구청,왕십리(성동구청),18,12
20250513,영등포구청,왕십리(성동구청),19,6
20250513,영등포구청,왕십리(성동구청),20,4
20250513,영등포구청,왕십리(성동구청),21,3
20250513,영등포구청,왕십리(성동구청),22,1
20250513,영등포구청,왕십리(성동구청),23,1
20250513,영등포구청,용두(동대문구청),10,1
20250513,영등포구청,을지로3가,5,1
20250513,영등포구청,을지로3가,6,10
20250513,영등포구청,을지로3가,7,49
20250513,영등포구청,을지로3가,8,64
20250513,영등포구청,을지로3가,9,16
20250513,영등포구청,을지로3가,10,11
20250513,영등포구청,을지로3가,11,3
20250513,영등포구청,을지로3가,12,11
20250513,영등포구청,을지로3가,13,10
20250513,영등포구청,을지로3가,14,6
20250513,영등포구청,을지로3가,15,6
20250513,영등포구청,을지로3가,16,6
20250513,영등포구청,을지로3가,17,8
20250513,영등포구청,을지로3가,18,10
20250513,영등포구청,을지로3가,19,3
20250513,영등포구청,을지로3가,21,2
20250513,영등포구청,을지로3가,23,1
20250513,영등포구청,을지로4가,5,6
20250513,영등포구청,을지로4가,6,3
20250513,영등포구청,을지로4가,7,21
20250513,영등포구청,을지로4가,8,21
20250513,영등포구청,을지로4가,9,12
20250513,영등포구청,을지로4가,10,8
20250513,영등포구청,을지로4가,11,7
20250513,영등포구청,을지로4가,12,6
20250513,영등포구청,을지로4가,13,5
20250513,영등포구청,을지로4가,14,4
20250513,영등포구청,을지로4가,15,6
20250513,영등포구청,을지로4가,16,5
20250513,영등포구청,을지로4가,17,2
20250513,영등포구청,을지로4가,18,1
20250513,영등포구청,을지로4가,20,3
20250513,영등포구청,을지로4가,21,4
20250513,영등포구청,을지로4가,22,2
20250513,영등포구청,을지로4가,23,1
20250513,영등포구청,을지로입구,5,6
20250513,영등포구청,을지로입구,6,31
20250513,영등포구청,을지로입구,7,142
20250513,영등포구청,을지로입구,8,178
20250513,영등포구청,을지로입구,9,64
20250513,영등포구청,을지로입구,10,32
20250513,영등포구청,을지로입구,11,18
20250513,영등포구청,을지로입구,12,25
20250513,영등포구청,을지로입구,13,12
20250513,영등포구청,을지로입구,14,14
20250513,영등포구청,을지로입구,15,13
20250513,영등포구청,을지로입구,16,14
20250513,영등포구청,을지로입구,17,16
20250513,영등포구청,을지로입구,18,28
20250513,영등포구청,을지로입구,19,8
20250513,영등포구청,을지로입구,20,13
20250513,영등포구청,을지로입구,21,6
20250513,영등포구청,을지로입구,22,4
20250513,영등포구청,을지로입구,23,1
20250513,영등포구청,이대,4,1
20250513,영등포구청,이대,5,1
20250513,영등포구청,이대,6,4
20250513,영등포구청,이대,7,12
20250513,영등포구청,이대,8,30
20250513,영등포구청,이대,9,25
20250513,영등포구청,이대,10,17
20250513,영등포구청,이대,11,16
20250513,영등포구청,이대,12,10
20250513,영등포구청,이대,13,10
20250513,영등포구청,이대,14,10
20250513,영등포구청,이대,15,5
20250513,영등포구청,이대,16,7
20250513,영등포구청,이대,17,16
20250513,영등포구청,이대,18,28
20250513,영등포구청,이대,19,13
20250513,영등포구청,이대,20,7
20250513,영등포구청,이대,21,11
20250513,영등포구청,이대,22,7
20250513,영등포구청,이대,23,2
20250513,영등포구청,잠실(송파구청),6,12
20250513,영등포구청,잠실(송파구청),7,38
20250513,영등포구청,잠실(송파구청),8,25
20250513,영등포구청,잠실(송파구청),9,11
20250513,영등포구청,잠실(송파구청),10,9
20250513,영등포구청,잠실(송파구청),11,12
20250513,영등포구청,잠실(송파구청),12,7
20250513,영등포구청,잠실(송파구청),13,8
20250513,영등포구청,잠실(송파구청),14,9
20250513,영등포구청,잠실(송파구청),15,9
20250513,영등포구청,잠실(송파구청),16,17
20250513,영등포구청,잠실(송파구청),17,14
20250513,영등포구청,잠실(송파구청),18,13
20250513,영등포구청,잠실(송파구청),19,9
20250513,영등포구청,잠실(송파구청),20,4
20250513,영등포구청,잠실(송파구청),21,3
20250513,영등포구청,잠실(송파구청),22,4
20250513,영등포구청,잠실나루,5,1
20250513,영등포구청,잠실나루,6,1
20250513,영등포구청,잠실나루,7,2
20250513,영등포구청,잠실나루,10,1
20250513,영등포구청,잠실나루,11,2
20250513,영등포구청,잠실나루,12,4
20250513,영등포구청,잠실나루,13,1
20250513,영등포구청,잠실나루,14,2
20250513,영등포구청,잠실나루,16,2
20250513,영등포구청,잠실나루,17,6
20250513,영등포구청,잠실나루,18,3
20250513,영등포구청,잠실나루,19,2
20250513,영등포구청,잠실나루,20,1
20250513,영등포구청,잠실새내,8,2
20250513,영등포구청,잠실새내,11,1
20250513,영등포구청,잠실새내,12,1
20250513,영등포구청,잠실새내,13,1
20250513,영등포구청,잠실새내,14,2
20250513,영등포구청,잠실새내,15,2
20250513,영등포구청,잠실새내,16,3
20250513,영등포구청,잠실새내,17,9
20250513,영등포구청,잠실새내,18,7
20250513,영등포구청,잠실새내,19,5
20250513,영등포구청,잠실새내,20,1
20250513,영등포구청,잠실새내,22,2
20250513,영등포구청,잠실새내,23,4
20250513,영등포구청,종합운동장,5,1
20250513,영등포구청,종합운동장,7,1
20250513,영등포구청,종합운동장,8,2
20250513,영등포구청,종합운동장,11,1
20250513,영등포구청,종합운동장,12,1
20250513,영등포구청,종합운동장,14,1
20250513,영등포구청,종합운동장,15,4
20250513,영등포구청,종합운동장,16,2
20250513,영등포구청,종합운동장,17,13
20250513,영등포구청,종합운동장,18,5
20250513,영등포구청,종합운동장,19,1
20250513,영등포구청,종합운동장,21,1
20250513,영등포구청,충정로(경기대입구),6,3
20250513,영등포구청,충정로(경기대입구),7,21
20250513,영등포구청,충정로(경기대입구),8,31
20250513,영등포구청,충정로(경기대입구),9,8
20250513,영등포구청,충정로(경기대입구),10,1
20250513,영등포구청,충정로(경기대입구),11,6
20250513,영등포구청,충정로(경기대입구),12,2
20250513,영등포구청,충정로(경기대입구),13,5
20250513,영등포구청,충정로(경기대입구),14,2
20250513,영등포구청,충정로(경기대입구),15,7
20250513,영등포구청,충정로(경기대입구),16,5
20250513,영등포구청,충정로(경기대입구),17,2
20250513,영등포구청,충정로(경기대입구),18,14
20250513,영등포구청,충정로(경기대입구),19,2
20250513,영등포구청,충정로(경기대입구),20,5
20250513,영등포구청,충정로(경기대입구),21,4
20250513,영등포구청,충정로(경기대입구),22,2
20250513,영등포구청,한양대,0,1
20250513,영등포구청,한양대,5,1
20250513,영등포구청,한양대,7,8
20250513,영등포구청,한양대,8,9
20250513,영등포구청,한양대,9,5
20250513,영등포구청,한양대,11,1
20250513,영등포구청,한양대,12,8
20250513,영등포구청,한양대,13,2
20250513,영등포구청,한양대,14,2
20250513,영등포구청,한양대,15,1
20250513,영등포구청,한양대,16,1
20250513,영등포구청,한양대,17,6
20250513,영등포구청,한양대,18,1
20250513,영등포구청,한양대,20,1
20250513,영등포구청,한양대,21,1
20250513,영등포구청,한양대,22,3
20250513,영등포구청,한양대,23,1
20250513,영등포구청,합정,5,4
20250513,영등포구청,합정,6,8
20250513,영등포구청,합정,7,21
20250513,영등포구청,합정,8,64
20250513,영등포구청,합정,9,48
20250513,영등포구청,합정,10,14
20250513,영등포구청,합정,11,21
20250513,영등포구청,합정,12,19
20250513,영등포구청,합정,13,23
20250513,영등포구청,합정,14,43
20250513,영등포구청,합정,15,27
20250513,영등포구청,합정,16,25
20250513,영등포구청,합정,17,52
20250513,영등포구청,합정,18,99
20250513,영등포구청,합정,19,41
20250513,영등포구청,합정,20,26
20250513,영등포구청,합정,21,13
20250513,영등포구청,합정,22,13
20250513,영등포구청,합정,23,6
20250513,영등포구청,홍대입구,0,4
20250513,영등포구청,홍대입구,5,2
20250513,영등포구청,홍대입구,6,5
20250513,영등포구청,홍대입구,7,22
20250513,영등포구청,홍대입구,8,70
20250513,영등포구청,홍대입구,9,47
20250513,영등포구청,홍대입구,10,41
20250513,영등포구청,홍대입구,11,31
20250513,영등포구청,홍대입구,12,30
20250513,영등포구청,홍대입구,13,36
20250513,영등포구청,홍대입구,14,21
20250513,영등포구청,홍대입구,15,23
20250513,영등포구청,홍대입구,16,31
20250513,영등포구청,홍대입구,17,57
20250513,영등포구청,홍대입구,18,121
20250513,영등포구청,홍대입구,19,31
20250513,영등포구청,홍대입구,20,25
20250513,영등포구청,홍대입구,21,20
20250513,영등포구청,홍대입구,22,11
20250513,영등포구청,홍대입구,23,9
20250513,왕십리(성동구청),강남,0,2
20250513,왕십리(성동구청),강남,4,1
20250513,왕십리(성동구청),강남,5,1
20250513,왕십리(성동구청),강남,6,8
20250513,왕십리(성동구청),강남,7,28
20250513,왕십리(성동구청),강남,8,38
20250513,왕십리(성동구청),강남,9,27
20250513,왕십리(성동구청),강남,10,5
20250513,왕십리(성동구청),강남,11,7
20250513,왕십리(성동구청),강남,12,15
20250513,왕십리(성동구청),강남,13,10
20250513,왕십리(성동구청),강남,14,10
20250513,왕십리(성동구청),강남,15,8
20250513,왕십리(성동구청),강남,16,11
20250513,왕십리(성동구청),강남,17,12
20250513,왕십리(성동구청),강남,18,11
20250513,왕십리(성동구청),강남,19,7
20250513,왕십리(성동구청),강남,20,4
20250513,왕십리(성동구청),강남,21,7
20250513,왕십리(성동구청),강남,22,2
20250513,왕십리(성동구청),강남,23,3
20250513,왕십리(성동구청),강변(동서울터미널),0,2
20250513,왕십리(성동구청),강변(동서울터미널),5,7
20250513,왕십리(성동구청),강변(동서울터미널),6,9
20250513,왕십리(성동구청),강변(동서울터미널),7,5
20250513,왕십리(성동구청),강변(동서울터미널),8,18
20250513,왕십리(성동구청),강변(동서울터미널),9,7
20250513,왕십리(성동구청),강변(동서울터미널),10,8
20250513,왕십리(성동구청),강변(동서울터미널),11,6
20250513,왕십리(성동구청),강변(동서울터미널),12,6
20250513,왕십리(성동구청),강변(동서울터미널),13,6
20250513,왕십리(성동구청),강변(동서울터미널),14,5
20250513,왕십리(성동구청),강변(동서울터미널),15,9
20250513,왕십리(성동구청),강변(동서울터미널),16,15
20250513,왕십리(성동구청),강변(동서울터미널),17,14
20250513,왕십리(성동구청),강변(동서울터미널),18,23
20250513,왕십리(성동구청),강변(동서울터미널),19,10
20250513,왕십리(성동구청),강변(동서울터미널),20,14
20250513,왕십리(성동구청),강변(동서울터미널),21,12
20250513,왕십리(성동구청),강변(동서울터미널),22,15
20250513,왕십리(성동구청),강변(동서울터미널),23,3
20250513,왕십리(성동구청),건대입구,0,3
20250513,왕십리(성동구청),건대입구,5,4
20250513,왕십리(성동구청),건대입구,6,7
20250513,왕십리(성동구청),건대입구,7,9
20250513,왕십리(성동구청),건대입구,8,44
20250513,왕십리(성동구청),건대입구,9,27
20250513,왕십리(성동구청),건대입구,10,24
20250513,왕십리(성동구청),건대입구,11,14
20250513,왕십리(성동구청),건대입구,12,24
20250513,왕십리(성동구청),건대입구,13,30
20250513,왕십리(성동구청),건대입구,14,30
20250513,왕십리(성동구청),건대입구,15,35
20250513,왕십리(성동구청),건대입구,16,58
20250513,왕십리(성동구청),건대입구,17,65
20250513,왕십리(성동구청),건대입구,18,57
20250513,왕십리(성동구청),건대입구,19,27
20250513,왕십리(성동구청),건대입구,20,25
20250513,왕십리(성동구청),건대입구,21,33
20250513,왕십리(성동구청),건대입구,22,34
20250513,왕십리(성동구청),건대입구,23,30
20250513,왕십리(성동구청),교대(법원.검찰청),0,1
20250513,왕십리(성동구청),교대(법원.검찰청),5,3
20250513,왕십리(성동구청),교대(법원.검찰청),6,1
20250513,왕십리(성동구청),교대(법원.검찰청),7,4
20250513,왕십리(성동구청),교대(법원.검찰청),8,8
20250513,왕십리(성동구청),교대(법원.검찰청),9,6
20250513,왕십리(성동구청),교대(법원.검찰청),10,3
20250513,왕십리(성동구청),교대(법원.검찰청),11,6
20250513,왕십리(성동구청),교대(법원.검찰청),12,1
20250513,왕십리(성동구청),교대(법원.검찰청),13,5
20250513,왕십리(성동구청),교대(법원.검찰청),14,3
20250513,왕십리(성동구청),교대(법원.검찰청),15,4
20250513,왕십리(성동구청),교대(법원.검찰청),16,4
20250513,왕십리(성동구청),교대(법원.검찰청),17,8
20250513,왕십리(성동구청),교대(법원.검찰청),18,3
20250513,왕십리(성동구청),교대(법원.검찰청),19,3
20250513,왕십리(성동구청),교대(법원.검찰청),20,1
20250513,왕십리(성동구청),교대(법원.검찰청),21,1
20250513,왕십리(성동구청),구로디지털단지,0,2
20250513,왕십리(성동구청),구로디지털단지,5,3
20250513,왕십리(성동구청),구로디지털단지,6,14
20250513,왕십리(성동구청),구로디지털단지,7,27
20250513,왕십리(성동구청),구로디지털단지,8,19
20250513,왕십리(성동구청),구로디지털단지,9,7
20250513,왕십리(성동구청),구로디지털단지,10,4
20250513,왕십리(성동구청),구로디지털단지,11,2
20250513,왕십리(성동구청),구로디지털단지,12,2
20250513,왕십리(성동구청),구로디지털단지,13,3
20250513,왕십리(성동구청),구로디지털단지,14,6
20250513,왕십리(성동구청),구로디지털단지,15,9
20250513,왕십리(성동구청),구로디지털단지,16,16
20250513,왕십리(성동구청),구로디지털단지,17,10
20250513,왕십리(성동구청),구로디지털단지,18,11
20250513,왕십리(성동구청),구로디지털단지,19,10
20250513,왕십리(성동구청),구로디지털단지,20,6
20250513,왕십리(성동구청),구로디지털단지,21,10
20250513,왕십리(성동구청),구로디지털단지,22,6
20250513,왕십리(성동구청),구로디지털단지,23,2
20250513,왕십리(성동구청),구의(광진구청),0,2
20250513,왕십리(성동구청),구의(광진구청),5,5
20250513,왕십리(성동구청),구의(광진구청),6,10
20250513,왕십리(성동구청),구의(광진구청),7,24
20250513,왕십리(성동구청),구의(광진구청),8,29
20250513,왕십리(성동구청),구의(광진구청),9,9
20250513,왕십리(성동구청),구의(광진구청),10,10
20250513,왕십리(성동구청),구의(광진구청),11,15
20250513,왕십리(성동구청),구의(광진구청),12,9
20250513,왕십리(성동구청),구의(광진구청),13,13
20250513,왕십리(성동구청),구의(광진구청),14,12
20250513,왕십리(성동구청),구의(광진구청),15,21
20250513,왕십리(성동구청),구의(광진구청),16,31
20250513,왕십리(성동구청),구의(광진구청),17,38
20250513,왕십리(성동구청),구의(광진구청),18,34
20250513,왕십리(성동구청),구의(광진구청),19,45
20250513,왕십리(성동구청),구의(광진구청),20,24
20250513,왕십리(성동구청),구의(광진구청),21,22
20250513,왕십리(성동구청),구의(광진구청),22,21
20250513,왕십리(성동구청),구의(광진구청),23,14
20250513,왕십리(성동구청),낙성대,0,1
20250513,왕십리(성동구청),낙성대,5,2
20250513,왕십리(성동구청),낙성대,7,4
20250513,왕십리(성동구청),낙성대,12,3
20250513,왕십리(성동구청),낙성대,14,1
20250513,왕십리(성동구청),낙성대,16,2
20250513,왕십리(성동구청),낙성대,17,2
20250513,왕십리(성동구청),낙성대,18,5
20250513,왕십리(성동구청),낙성대,19,4
20250513,왕십리(성동구청),낙성대,20,2
20250513,왕십리(성동구청),낙성대,21,1
20250513,왕십리(성동구청),낙성대,22,2
20250513,왕십리(성동구청),낙성대,23,4
20250513,왕십리(성동구청),당산,0,3
20250513,왕십리(성동구청),당산,5,4
20250513,왕십리(성동구청),당산,6,1
20250513,왕십리(성동구청),당산,7,8
20250513,왕십리(성동구청),당산,8,12
20250513,왕십리(성동구청),당산,9,3
20250513,왕십리(성동구청),당산,10,1
20250513,왕십리(성동구청),당산,11,3
20250513,왕십리(성동구청),당산,12,4
20250513,왕십리(성동구청),당산,13,1
20250513,왕십리(성동구청),당산,14,4
20250513,왕십리(성동구청),당산,15,2
20250513,왕십리(성동구청),당산,16,10
20250513,왕십리(성동구청),당산,17,14
20250513,왕십리(성동구청),당산,18,10
20250513,왕십리(성동구청),당산,19,4
20250513,왕십리(성동구청),당산,20,11
20250513,왕십리(성동구청),당산,21,7
20250513,왕십리(성동구청),당산,22,12
20250513,왕십리(성동구청),당산,23,4
20250513,왕십리(성동구청),대림(구로구청),6,3
20250513,왕십리(성동구청),대림(구로구청),7,6
20250513,왕십리(성동구청),대림(구로구청),8,4
20250513,왕십리(성동구청),대림(구로구청),9,2
20250513,왕십리(성동구청),대림(구로구청),11,4
20250513,왕십리(성동구청),대림(구로구청),12,3
20250513,왕십리(성동구청),대림(구로구청),13,1
20250513,왕십리(성동구청),대림(구로구청),15,6
20250513,왕십리(성동구청),대림(구로구청),16,9
20250513,왕십리(성동구청),대림(구로구청),17,5
20250513,왕십리(성동구청),대림(구로구청),18,5
20250513,왕십리(성동구청),대림(구로구청),19,2
20250513,왕십리(성동구청),대림(구로구청),20,9
20250513,왕십리(성동구청),대림(구로구청),21,5
20250513,왕십리(성동구청),대림(구로구청),22,2
20250513,왕십리(성동구청),대림(구로구청),23,1
20250513,왕십리(성동구청),동대문역사문화공원,0,4
20250513,왕십리(성동구청),동대문역사문화공원,5,4
20250513,왕십리(성동구청),동대문역사문화공원,6,6
20250513,왕십리(성동구청),동대문역사문화공원,7,17
20250513,왕십리(성동구청),동대문역사문화공원,8,28
20250513,왕십리(성동구청),동대문역사문화공원,9,16
20250513,왕십리(성동구청),동대문역사문화공원,10,12
20250513,왕십리(성동구청),동대문역사문화공원,11,12
20250513,왕십리(성동구청),동대문역사문화공원,12,14
20250513,왕십리(성동구청),동대문역사문화공원,13,13
20250513,왕십리(성동구청),동대문역사문화공원,14,17
20250513,왕십리(성동구청),동대문역사문화공원,15,16
20250513,왕십리(성동구청),동대문역사문화공원,16,9
20250513,왕십리(성동구청),동대문역사문화공원,17,7
20250513,왕십리(성동구청),동대문역사문화공원,18,9
20250513,왕십리(성동구청),동대문역사문화공원,19,14
20250513,왕십리(성동구청),동대문역사문화공원,20,3
20250513,왕십리(성동구청),동대문역사문화공원,21,6
20250513,왕십리(성동구청),동대문역사문화공원,22,8
20250513,왕십리(성동구청),동대문역사문화공원,23,8
20250513,왕십리(성동구청),뚝섬,0,1
20250513,왕십리(성동구청),뚝섬,5,2
20250513,왕십리(성동구청),뚝섬,6,6
20250513,왕십리(성동구청),뚝섬,7,15
20250513,왕십리(성동구청),뚝섬,8,72
20250513,왕십리(성동구청),뚝섬,9,47
20250513,왕십리(성동구청),뚝섬,10,20
20250513,왕십리(성동구청),뚝섬,11,22
20250513,왕십리(성동구청),뚝섬,12,21
20250513,왕십리(성동구청),뚝섬,13,38
20250513,왕십리(성동구청),뚝섬,14,25
20250513,왕십리(성동구청),뚝섬,15,23
20250513,왕십리(성동구청),뚝섬,16,34
20250513,왕십리(성동구청),뚝섬,17,34
20250513,왕십리(성동구청),뚝섬,18,42
20250513,왕십리(성동구청),뚝섬,19,39
20250513,왕십리(성동구청),뚝섬,20,12
20250513,왕십리(성동구청),뚝섬,21,14
20250513,왕십리(성동구청),뚝섬,22,9
20250513,왕십리(성동구청),뚝섬,23,8
20250513,왕십리(성동구청),문래,6,4
20250513,왕십리(성동구청),문래,7,11
20250513,왕십리(성동구청),문래,8,9
20250513,왕십리(성동구청),문래,9,1
20250513,왕십리(성동구청),문래,10,1
20250513,왕십리(성동구청),문래,11,1
20250513,왕십리(성동구청),문래,12,1
20250513,왕십리(성동구청),문래,14,1
20250513,왕십리(성동구청),문래,15,1
20250513,왕십리(성동구청),문래,16,3
20250513,왕십리(성동구청),문래,17,6
20250513,왕십리(성동구청),문래,18,3
20250513,왕십리(성동구청),문래,20,2
20250513,왕십리(성동구청),문래,21,4
20250513,왕십리(성동구청),문래,22,3
20250513,왕십리(성동구청),문래,23,2
20250513,왕십리(성동구청),방배,5,1
20250513,왕십리(성동구청),방배,7,4
20250513,왕십리(성동구청),방배,8,5
20250513,왕십리(성동구청),방배,11,1
20250513,왕십리(성동구청),방배,13,2
20250513,왕십리(성동구청),방배,14,1
20250513,왕십리(성동구청),방배,15,2
20250513,왕십리(성동구청),방배,16,1
20250513,왕십리(성동구청),방배,17,2
20250513,왕십리(성동구청),방배,18,4
20250513,왕십리(성동구청),방배,21,1
20250513,왕십리(성동구청),방배,22,1
20250513,왕십리(성동구청),방배,23,3
20250513,왕십리(성동구청),봉천,5,1
20250513,왕십리(성동구청),봉천,9,3
20250513,왕십리(성동구청),봉천,11,1
20250513,왕십리(성동구청),봉천,12,1
20250513,왕십리(성동구청),봉천,14,1
20250513,왕십리(성동구청),봉천,15,4
20250513,왕십리(성동구청),봉천,16,2
20250513,왕십리(성동구청),봉천,18,2
20250513,왕십리(성동구청),봉천,19,3
20250513,왕십리(성동구청),봉천,20,3
20250513,왕십리(성동구청),봉천,21,2
20250513,왕십리(성동구청),봉천,22,1
20250513,왕십리(성동구청),봉천,23,1
20250513,왕십리(성동구청),사당,0,1
20250513,왕십리(성동구청),사당,7,3
20250513,왕십리(성동구청),사당,8,3
20250513,왕십리(성동구청),사당,9,2
20250513,왕십리(성동구청),사당,10,3
20250513,왕십리(성동구청),사당,11,1
20250513,왕십리(성동구청),사당,12,1
20250513,왕십리(성동구청),사당,13,3
20250513,왕십리(성동구청),사당,14,4
20250513,왕십리(성동구청),사당,15,4
20250513,왕십리(성동구청),사당,16,7
20250513,왕십리(성동구청),사당,17,2
20250513,왕십리(성동구청),사당,18,3
20250513,왕십리(성동구청),사당,19,4
20250513,왕십리(성동구청),사당,20,2
20250513,왕십리(성동구청),사당,21,10
20250513,왕십리(성동구청),사당,22,5
20250513,왕십리(성동구청),사당,23,4
20250513,왕십리(성동구청),삼성(무역센터),0,4
20250513,왕십리(성동구청),삼성(무역센터),5,6
20250513,왕십리(성동구청),삼성(무역센터),6,10
20250513,왕십리(성동구청),삼성(무역센터),7,33
20250513,왕십리(성동구청),삼성(무역센터),8,53
20250513,왕십리(성동구청),삼성(무역센터),9,26
20250513,왕십리(성동구청),삼성(무역센터),10,10
20250513,왕십리(성동구청),삼성(무역센터),11,4
20250513,왕십리(성동구청),삼성(무역센터),12,8
20250513,왕십리(성동구청),삼성(무역센터),13,5
20250513,왕십리(성동구청),삼성(무역센터),14,2
20250513,왕십리(성동구청),삼성(무역센터),15,5
20250513,왕십리(성동구청),삼성(무역센터),16,9
20250513,왕십리(성동구청),삼성(무역센터),17,8
20250513,왕십리(성동구청),삼성(무역센터),18,7
20250513,왕십리(성동구청),삼성(무역센터),19,4
20250513,왕십리(성동구청),삼성(무역센터),20,4
20250513,왕십리(성동구청),삼성(무역센터),21,3
20250513,왕십리(성동구청),삼성(무역센터),22,4
20250513,왕십리(성동구청),삼성(무역센터),23,1
20250513,왕십리(성동구청),상왕십리,0,7
20250513,왕십리(성동구청),상왕십리,5,1
20250513,왕십리(성동구청),상왕십리,6,1
20250513,왕십리(성동구청),상왕십리,7,5
20250513,왕십리(성동구청),상왕십리,8,6
20250513,왕십리(성동구청),상왕십리,9,11
20250513,왕십리(성동구청),상왕십리,10,14
20250513,왕십리(성동구청),상왕십리,11,6
20250513,왕십리(성동구청),상왕십리,12,20
20250513,왕십리(성동구청),상왕십리,13,16
20250513,왕십리(성동구청),상왕십리,14,18
20250513,왕십리(성동구청),상왕십리,15,53
20250513,왕십리(성동구청),상왕십리,16,57
20250513,왕십리(성동구청),상왕십리,17,21
20250513,왕십리(성동구청),상왕십리,18,22
20250513,왕십리(성동구청),상왕십리,19,31
20250513,왕십리(성동구청),상왕십리,20,22
20250513,왕십리(성동구청),상왕십리,21,16
20250513,왕십리(성동구청),상왕십리,22,12
20250513,왕십리(성동구청),상왕십리,23,3
20250513,왕십리(성동구청),서울대입구(관악구청),0,2
20250513,왕십리(성동구청),서울대입구(관악구청),5,1
20250513,왕십리(성동구청),서울대입구(관악구청),6,1
20250513,왕십리(성동구청),서울대입구(관악구청),7,4
20250513,왕십리(성동구청),서울대입구(관악구청),8,3
20250513,왕십리(성동구청),서울대입구(관악구청),9,3
20250513,왕십리(성동구청),서울대입구(관악구청),10,1
20250513,왕십리(성동구청),서울대입구(관악구청),11,4
20250513,왕십리(성동구청),서울대입구(관악구청),12,2
20250513,왕십리(성동구청),서울대입구(관악구청),13,2
20250513,왕십리(성동구청),서울대입구(관악구청),14,3
20250513,왕십리(성동구청),서울대입구(관악구청),15,3
20250513,왕십리(성동구청),서울대입구(관악구청),16,4
20250513,왕십리(성동구청),서울대입구(관악구청),17,5
20250513,왕십리(성동구청),서울대입구(관악구청),18,7
20250513,왕십리(성동구청),서울대입구(관악구청),19,3
20250513,왕십리(성동구청),서울대입구(관악구청),20,4
20250513,왕십리(성동구청),서울대입구(관악구청),21,5
20250513,왕십리(성동구청),서울대입구(관악구청),22,2
20250513,왕십리(성동구청),서울대입구(관악구청),23,3
20250513,왕십리(성동구청),서초,5,1
20250513,왕십리(성동구청),서초,6,3
20250513,왕십리(성동구청),서초,7,4
20250513,왕십리(성동구청),서초,8,7
20250513,왕십리(성동구청),서초,10,2
20250513,왕십리(성동구청),서초,12,2
20250513,왕십리(성동구청),서초,13,1
20250513,왕십리(성동구청),서초,15,2
20250513,왕십리(성동구청),서초,16,1
20250513,왕십리(성동구청),서초,17,2
20250513,왕십리(성동구청),서초,21,3
20250513,왕십리(성동구청),선릉,5,1
20250513,왕십리(성동구청),선릉,6,1
20250513,왕십리(성동구청),선릉,7,16
20250513,왕십리(성동구청),선릉,8,13
20250513,왕십리(성동구청),선릉,9,4
20250513,왕십리(성동구청),선릉,10,4
20250513,왕십리(성동구청),선릉,11,4
20250513,왕십리(성동구청),선릉,12,1
20250513,왕십리(성동구청),선릉,13,3
20250513,왕십리(성동구청),선릉,14,2
20250513,왕십리(성동구청),선릉,15,1
20250513,왕십리(성동구청),선릉,16,2
20250513,왕십리(성동구청),선릉,18,3
20250513,왕십리(성동구청),선릉,20,1
20250513,왕십리(성동구청),선릉,23,1
20250513,왕십리(성동구청),성수,0,9
20250513,왕십리(성동구청),성수,5,17
20250513,왕십리(성동구청),성수,6,10
20250513,왕십리(성동구청),성수,7,33
20250513,왕십리(성동구청),성수,8,100
20250513,왕십리(성동구청),성수,9,73
20250513,왕십리(성동구청),성수,10,50
20250513,왕십리(성동구청),성수,11,30
20250513,왕십리(성동구청),성수,12,29
20250513,왕십리(성동구청),성수,13,34
20250513,왕십리(성동구청),성수,14,20
20250513,왕십리(성동구청),성수,15,26
20250513,왕십리(성동구청),성수,16,35
20250513,왕십리(성동구청),성수,17,40
20250513,왕십리(성동구청),성수,18,35
20250513,왕십리(성동구청),성수,19,26
20250513,왕십리(성동구청),성수,20,11
20250513,왕십리(성동구청),성수,21,9
20250513,왕십리(성동구청),성수,22,10
20250513,왕십리(성동구청),성수,23,8
20250513,왕십리(성동구청),시청,5,2
20250513,왕십리(성동구청),시청,6,12
20250513,왕십리(성동구청),시청,7,53
20250513,왕십리(성동구청),시청,8,94
20250513,왕십리(성동구청),시청,9,22
20250513,왕십리(성동구청),시청,10,6
20250513,왕십리(성동구청),시청,11,1
20250513,왕십리(성동구청),시청,12,12
20250513,왕십리(성동구청),시청,13,16
20250513,왕십리(성동구청),시청,14,9
20250513,왕십리(성동구청),시청,15,2
20250513,왕십리(성동구청),시청,16,9
20250513,왕십리(성동구청),시청,17,3
20250513,왕십리(성동구청),시청,18,6
20250513,왕십리(성동구청),시청,19,3
20250513,왕십리(성동구청),시청,20,2
20250513,왕십리(성동구청),시청,21,2
20250513,왕십리(성동구청),시청,22,3
20250513,왕십리(성동구청),시청,23,2
20250513,왕십리(성동구청),신당,0,3
20250513,왕십리(성동구청),신당,6,4
20250513,왕십리(성동구청),신당,7,5
20250513,왕십리(성동구청),신당,8,9
20250513,왕십리(성동구청),신당,9,12
20250513,왕십리(성동구청),신당,10,18
20250513,왕십리(성동구청),신당,11,19
20250513,왕십리(성동구청),신당,12,20
20250513,왕십리(성동구청),신당,13,17
20250513,왕십리(성동구청),신당,14,12
20250513,왕십리(성동구청),신당,15,20
20250513,왕십리(성동구청),신당,16,25
20250513,왕십리(성동구청),신당,17,25
20250513,왕십리(성동구청),신당,18,26
20250513,왕십리(성동구청),신당,19,10
20250513,왕십리(성동구청),신당,20,10
20250513,왕십리(성동구청),신당,21,16
20250513,왕십리(성동구청),신당,22,7
20250513,왕십리(성동구청),신당,23,6
20250513,왕십리(성동구청),신대방,0,1
20250513,왕십리(성동구청),신대방,5,1
20250513,왕십리(성동구청),신대방,6,1
20250513,왕십리(성동구청),신대방,7,1
20250513,왕십리(성동구청),신대방,9,1
20250513,왕십리(성동구청),신대방,11,1
20250513,왕십리(성동구청),신대방,12,1
20250513,왕십리(성동구청),신대방,14,2
20250513,왕십리(성동구청),신대방,15,2
20250513,왕십리(성동구청),신대방,16,4
20250513,왕십리(성동구청),신대방,17,1
20250513,왕십리(성동구청),신대방,18,8
20250513,왕십리(성동구청),신대방,19,7
20250513,왕십리(성동구청),신대방,20,10
20250513,왕십리(성동구청),신대방,21,3
20250513,왕십리(성동구청),신대방,22,7
20250513,왕십리(성동구청),신대방,23,4
20250513,왕십리(성동구청),신도림,0,3
20250513,왕십리(성동구청),신도림,6,7
20250513,왕십리(성동구청),신도림,7,14
20250513,왕십리(성동구청),신도림,8,13
20250513,왕십리(성동구청),신도림,9,3
20250513,왕십리(성동구청),신도림,10,2
20250513,왕십리(성동구청),신도림,11,1
20250513,왕십리(성동구청),신도림,12,1
20250513,왕십리(성동구청),신도림,13,2
20250513,왕십리(성동구청),신도림,14,3
20250513,왕십리(성동구청),신도림,15,2
20250513,왕십리(성동구청),신도림,16,6
20250513,왕십리(성동구청),신도림,17,17
20250513,왕십리(성동구청),신도림,18,9
20250513,왕십리(성동구청),신도림,19,12
20250513,왕십리(성동구청),신도림,20,4
20250513,왕십리(성동구청),신도림,21,10
20250513,왕십리(성동구청),신도림,22,10
20250513,왕십리(성동구청),신도림,23,10
20250513,왕십리(성동구청),신림,7,2
20250513,왕십리(성동구청),신림,8,2
20250513,왕십리(성동구청),신림,9,1
20250513,왕십리(성동구청),신림,10,1
20250513,왕십리(성동구청),신림,11,2
20250513,왕십리(성동구청),신림,12,1
20250513,왕십리(성동구청),신림,14,3
20250513,왕십리(성동구청),신림,15,1
20250513,왕십리(성동구청),신림,16,4
20250513,왕십리(성동구청),신림,17,7
20250513,왕십리(성동구청),신림,18,8
20250513,왕십리(성동구청),신림,19,5
20250513,왕십리(성동구청),신림,20,2
20250513,왕십리(성동구청),신림,21,9
20250513,왕십리(성동구청),신림,22,5
20250513,왕십리(성동구청),신림,23,3
20250513,왕십리(성동구청),신촌,0,3
20250513,왕십리(성동구청),신촌,4,1
20250513,왕십리(성동구청),신촌,6,6
20250513,왕십리(성동구청),신촌,7,12
20250513,왕십리(성동구청),신촌,8,37
20250513,왕십리(성동구청),신촌,9,27
20250513,왕십리(성동구청),신촌,10,19
20250513,왕십리(성동구청),신촌,11,17
20250513,왕십리(성동구청),신촌,12,23
20250513,왕십리(성동구청),신촌,13,12
20250513,왕십리(성동구청),신촌,14,4
20250513,왕십리(성동구청),신촌,15,14
20250513,왕십리(성동구청),신촌,16,24
20250513,왕십리(성동구청),신촌,17,25
20250513,왕십리(성동구청),신촌,18,30
20250513,왕십리(성동구청),신촌,19,13
20250513,왕십리(성동구청),신촌,20,12
20250513,왕십리(성동구청),신촌,21,17
20250513,왕십리(성동구청),신촌,22,18
20250513,왕십리(성동구청),신촌,23,8
20250513,왕십리(성동구청),아현,0,8
20250513,왕십리(성동구청),아현,6,2
20250513,왕십리(성동구청),아현,7,5
20250513,왕십리(성동구청),아현,8,7
20250513,왕십리(성동구청),아현,9,4
20250513,왕십리(성동구청),아현,11,4
20250513,왕십리(성동구청),아현,12,1
20250513,왕십리(성동구청),아현,13,3
20250513,왕십리(성동구청),아현,14,1
20250513,왕십리(성동구청),아현,15,1
20250513,왕십리(성동구청),아현,16,4
20250513,왕십리(성동구청),아현,17,3
20250513,왕십리(성동구청),아현,18,7
20250513,왕십리(성동구청),아현,19,9
20250513,왕십리(성동구청),아현,20,5
20250513,왕십리(성동구청),아현,21,6
20250513,왕십리(성동구청),아현,22,3
20250513,왕십리(성동구청),아현,23,3
20250513,왕십리(성동구청),역삼,5,2
20250513,왕십리(성동구청),역삼,6,2
20250513,왕십리(성동구청),역삼,7,20
20250513,왕십리(성동구청),역삼,8,26
20250513,왕십리(성동구청),역삼,9,21
20250513,왕십리(성동구청),역삼,10,5
20250513,왕십리(성동구청),역삼,11,4
20250513,왕십리(성동구청),역삼,12,2
20250513,왕십리(성동구청),역삼,13,4
20250513,왕십리(성동구청),역삼,14,4
20250513,왕십리(성동구청),역삼,15,4
20250513,왕십리(성동구청),역삼,16,6
20250513,왕십리(성동구청),역삼,17,7
20250513,왕십리(성동구청),역삼,18,2
20250513,왕십리(성동구청),역삼,19,1
20250513,왕십리(성동구청),영등포구청,0,1
20250513,왕십리(성동구청),영등포구청,5,1
20250513,왕십리(성동구청),영등포구청,6,4
20250513,왕십리(성동구청),영등포구청,7,12
20250513,왕십리(성동구청),영등포구청,8,4
20250513,왕십리(성동구청),영등포구청,9,3
20250513,왕십리(성동구청),영등포구청,10,2
20250513,왕십리(성동구청),영등포구청,11,2
20250513,왕십리(성동구청),영등포구청,13,5
20250513,왕십리(성동구청),영등포구청,15,3
20250513,왕십리(성동구청),영등포구청,16,3
20250513,왕십리(성동구청),영등포구청,17,2
20250513,왕십리(성동구청),영등포구청,18,4
20250513,왕십리(성동구청),영등포구청,19,2
20250513,왕십리(성동구청),영등포구청,20,7
20250513,왕십리(성동구청),영등포구청,21,2
20250513,왕십리(성동구청),영등포구청,23,3
20250513,왕십리(성동구청),왕십리(성동구청),0,16
20250513,왕십리(성동구청),왕십리(성동구청),5,4
20250513,왕십리(성동구청),왕십리(성동구청),6,2
20250513,왕십리(성동구청),왕십리(성동구청),7,6
20250513,왕십리(성동구청),왕십리(성동구청),8,5
20250513,왕십리(성동구청),왕십리(성동구청),9,8
20250513,왕십리(성동구청),왕십리(성동구청),10,14
20250513,왕십리(성동구청),왕십리(성동구청),11,11
20250513,왕십리(성동구청),왕십리(성동구청),12,22
20250513,왕십리(성동구청),왕십리(성동구청),13,12
20250513,왕십리(성동구청),왕십리(성동구청),14,19
20250513,왕십리(성동구청),왕십리(성동구청),15,17
20250513,왕십리(성동구청),왕십리(성동구청),16,15
20250513,왕십리(성동구청),왕십리(성동구청),17,34
20250513,왕십리(성동구청),왕십리(성동구청),18,37
20250513,왕십리(성동구청),왕십리(성동구청),19,18
20250513,왕십리(성동구청),왕십리(성동구청),20,17
20250513,왕십리(성동구청),왕십리(성동구청),21,21
20250513,왕십리(성동구청),왕십리(성동구청),22,30
20250513,왕십리(성동구청),왕십리(성동구청),23,20
20250513,왕십리(성동구청),용두(동대문구청),9,1
20250513,왕십리(성동구청),용두(동대문구청),13,1
20250513,왕십리(성동구청),용두(동대문구청),14,2
20250513,왕십리(성동구청),용두(동대문구청),17,1
20250513,왕십리(성동구청),용두(동대문구청),18,3
20250513,왕십리(성동구청),용두(동대문구청),22,1
20250513,왕십리(성동구청),을지로3가,0,2
20250513,왕십리(성동구청),을지로3가,5,1
20250513,왕십리(성동구청),을지로3가,6,14
20250513,왕십리(성동구청),을지로3가,7,62
20250513,왕십리(성동구청),을지로3가,8,87
20250513,왕십리(성동구청),을지로3가,9,29
20250513,왕십리(성동구청),을지로3가,10,23
20250513,왕십리(성동구청),을지로3가,11,11
20250513,왕십리(성동구청),을지로3가,12,10
20250513,왕십리(성동구청),을지로3가,13,13
20250513,왕십리(성동구청),을지로3가,14,9
20250513,왕십리(성동구청),을지로3가,15,7
20250513,왕십리(성동구청),을지로3가,16,16
20250513,왕십리(성동구청),을지로3가,17,9
20250513,왕십리(성동구청),을지로3가,18,10
20250513,왕십리(성동구청),을지로3가,19,10
20250513,왕십리(성동구청),을지로3가,20,7
20250513,왕십리(성동구청),을지로3가,21,4
20250513,왕십리(성동구청),을지로3가,22,10
20250513,왕십리(성동구청),을지로3가,23,6
20250513,왕십리(성동구청),을지로4가,0,1
20250513,왕십리(성동구청),을지로4가,6,2
20250513,왕십리(성동구청),을지로4가,7,25
20250513,왕십리(성동구청),을지로4가,8,45
20250513,왕십리(성동구청),을지로4가,9,12
20250513,왕십리(성동구청),을지로4가,10,9
20250513,왕십리(성동구청),을지로4가,11,11
20250513,왕십리(성동구청),을지로4가,12,14
20250513,왕십리(성동구청),을지로4가,13,4
20250513,왕십리(성동구청),을지로4가,14,10
20250513,왕십리(성동구청),을지로4가,15,9
20250513,왕십리(성동구청),을지로4가,16,3
20250513,왕십리(성동구청),을지로4가,17,7
20250513,왕십리(성동구청),을지로4가,18,7
20250513,왕십리(성동구청),을지로4가,19,5
20250513,왕십리(성동구청),을지로4가,20,5
20250513,왕십리(성동구청),을지로4가,21,3
20250513,왕십리(성동구청),을지로4가,22,2
20250513,왕십리(성동구청),을지로4가,23,2
20250513,왕십리(성동구청),을지로입구,0,2
20250513,왕십리(성동구청),을지로입구,5,2
20250513,왕십리(성동구청),을지로입구,6,21
20250513,왕십리(성동구청),을지로입구,7,84
20250513,왕십리(성동구청),을지로입구,8,166
20250513,왕십리(성동구청),을지로입구,9,61
20250513,왕십리(성동구청),을지로입구,10,32
20250513,왕십리(성동구청),을지로입구,11,27
20250513,왕십리(성동구청),을지로입구,12,23
20250513,왕십리(성동구청),을지로입구,13,21
20250513,왕십리(성동구청),을지로입구,14,16
20250513,왕십리(성동구청),을지로입구,15,17
20250513,왕십리(성동구청),을지로입구,16,21
20250513,왕십리(성동구청),을지로입구,17,28
20250513,왕십리(성동구청),을지로입구,18,19
20250513,왕십리(성동구청),을지로입구,19,7
20250513,왕십리(성동구청),을지로입구,20,5
20250513,왕십리(성동구청),을지로입구,21,11
20250513,왕십리(성동구청),을지로입구,22,2
20250513,왕십리(성동구청),을지로입구,23,4
20250513,왕십리(성동구청),이대,0,1
20250513,왕십리(성동구청),이대,6,2
20250513,왕십리(성동구청),이대,7,7
20250513,왕십리(성동구청),이대,8,23
20250513,왕십리(성동구청),이대,9,15
20250513,왕십리(성동구청),이대,10,17
20250513,왕십리(성동구청),이대,11,5
20250513,왕십리(성동구청),이대,12,10
20250513,왕십리(성동구청),이대,13,11
20250513,왕십리(성동구청),이대,14,7
20250513,왕십리(성동구청),이대,15,5
20250513,왕십리(성동구청),이대,16,9
20250513,왕십리(성동구청),이대,17,11
20250513,왕십리(성동구청),이대,18,14
20250513,왕십리(성동구청),이대,19,6
20250513,왕십리(성동구청),이대,20,10
20250513,왕십리(성동구청),이대,21,8
20250513,왕십리(성동구청),이대,22,3
20250513,왕십리(성동구청),이대,23,2
20250513,왕십리(성동구청),잠실(송파구청),0,4
20250513,왕십리(성동구청),잠실(송파구청),5,5
20250513,왕십리(성동구청),잠실(송파구청),6,19
20250513,왕십리(성동구청),잠실(송파구청),7,47
20250513,왕십리(성동구청),잠실(송파구청),8,80
20250513,왕십리(성동구청),잠실(송파구청),9,47
20250513,왕십리(성동구청),잠실(송파구청),10,25
20250513,왕십리(성동구청),잠실(송파구청),11,17
20250513,왕십리(성동구청),잠실(송파구청),12,19
20250513,왕십리(성동구청),잠실(송파구청),13,21
20250513,왕십리(성동구청),잠실(송파구청),14,24
20250513,왕십리(성동구청),잠실(송파구청),15,21
20250513,왕십리(성동구청),잠실(송파구청),16,43
20250513,왕십리(성동구청),잠실(송파구청),17,33
20250513,왕십리(성동구청),잠실(송파구청),18,37
20250513,왕십리(성동구청),잠실(송파구청),19,22
20250513,왕십리(성동구청),잠실(송파구청),20,30
20250513,왕십리(성동구청),잠실(송파구청),21,22
20250513,왕십리(성동구청),잠실(송파구청),22,27
20250513,왕십리(성동구청),잠실(송파구청),23,12
20250513,왕십리(성동구청),잠실나루,0,2
20250513,왕십리(성동구청),잠실나루,5,14
20250513,왕십리(성동구청),잠실나루,6,7
20250513,왕십리(성동구청),잠실나루,7,15
20250513,왕십리(성동구청),잠실나루,8,17
20250513,왕십리(성동구청),잠실나루,9,8
20250513,왕십리(성동구청),잠실나루,10,2
20250513,왕십리(성동구청),잠실나루,11,3
20250513,왕십리(성동구청),잠실나루,12,5
20250513,왕십리(성동구청),잠실나루,13,5
20250513,왕십리(성동구청),잠실나루,14,4
20250513,왕십리(성동구청),잠실나루,15,7
20250513,왕십리(성동구청),잠실나루,16,18
20250513,왕십리(성동구청),잠실나루,17,14
20250513,왕십리(성동구청),잠실나루,18,7
20250513,왕십리(성동구청),잠실나루,19,6
20250513,왕십리(성동구청),잠실나루,20,11
20250513,왕십리(성동구청),잠실나루,21,10
20250513,왕십리(성동구청),잠실나루,22,15
20250513,왕십리(성동구청),잠실나루,23,7
20250513,왕십리(성동구청),잠실새내,0,1
20250513,왕십리(성동구청),잠실새내,5,1
20250513,왕십리(성동구청),잠실새내,6,1
20250513,왕십리(성동구청),잠실새내,7,11
20250513,왕십리(성동구청),잠실새내,8,10
20250513,왕십리(성동구청),잠실새내,9,6
20250513,왕십리(성동구청),잠실새내,10,4
20250513,왕십리(성동구청),잠실새내,11,6
20250513,왕십리(성동구청),잠실새내,12,3
20250513,왕십리(성동구청),잠실새내,13,7
20250513,왕십리(성동구청),잠실새내,14,5
20250513,왕십리(성동구청),잠실새내,15,7
20250513,왕십리(성동구청),잠실새내,16,25
20250513,왕십리(성동구청),잠실새내,17,15
20250513,왕십리(성동구청),잠실새내,18,18
20250513,왕십리(성동구청),잠실새내,19,8
20250513,왕십리(성동구청),잠실새내,20,9
20250513,왕십리(성동구청),잠실새내,21,10
20250513,왕십리(성동구청),잠실새내,22,4
20250513,왕십리(성동구청),잠실새내,23,1
20250513,왕십리(성동구청),종합운동장,0,1
20250513,왕십리(성동구청),종합운동장,5,1
20250513,왕십리(성동구청),종합운동장,6,3
20250513,왕십리(성동구청),종합운동장,7,5
20250513,왕십리(성동구청),종합운동장,8,9
20250513,왕십리(성동구청),종합운동장,9,4
20250513,왕십리(성동구청),종합운동장,11,3
20250513,왕십리(성동구청),종합운동장,12,1
20250513,왕십리(성동구청),종합운동장,14,1
20250513,왕십리(성동구청),종합운동장,15,6
20250513,왕십리(성동구청),종합운동장,16,12
20250513,왕십리(성동구청),종합운동장,17,38
20250513,왕십리(성동구청),종합운동장,18,22
20250513,왕십리(성동구청),종합운동장,19,4
20250513,왕십리(성동구청),종합운동장,22,4
20250513,왕십리(성동구청),종합운동장,23,1
20250513,왕십리(성동구청),충정로(경기대입구),0,1
20250513,왕십리(성동구청),충정로(경기대입구),5,2
20250513,왕십리(성동구청),충정로(경기대입구),7,17
20250513,왕십리(성동구청),충정로(경기대입구),8,16
20250513,왕십리(성동구청),충정로(경기대입구),9,5
20250513,왕십리(성동구청),충정로(경기대입구),10,5
20250513,왕십리(성동구청),충정로(경기대입구),11,2
20250513,왕십리(성동구청),충정로(경기대입구),12,5
20250513,왕십리(성동구청),충정로(경기대입구),13,2
20250513,왕십리(성동구청),충정로(경기대입구),14,4
20250513,왕십리(성동구청),충정로(경기대입구),15,4
20250513,왕십리(성동구청),충정로(경기대입구),16,1
20250513,왕십리(성동구청),충정로(경기대입구),17,3
20250513,왕십리(성동구청),충정로(경기대입구),18,4
20250513,왕십리(성동구청),충정로(경기대입구),19,8
20250513,왕십리(성동구청),충정로(경기대입구),20,3
20250513,왕십리(성동구청),충정로(경기대입구),21,2
20250513,왕십리(성동구청),충정로(경기대입구),22,1
20250513,왕십리(성동구청),충정로(경기대입구),23,2
20250513,왕십리(성동구청),한양대,6,7
20250513,왕십리(성동구청),한양대,7,7
20250513,왕십리(성동구청),한양대,8,69
20250513,왕십리(성동구청),한양대,9,40
20250513,왕십리(성동구청),한양대,10,68
20250513,왕십리(성동구청),한양대,11,10
20250513,왕십리(성동구청),한양대,12,65
20250513,왕십리(성동구청),한양대,13,29
20250513,왕십리(성동구청),한양대,14,22
20250513,왕십리(성동구청),한양대,15,21
20250513,왕십리(성동구청),한양대,16,21
20250513,왕십리(성동구청),한양대,17,17
20250513,왕십리(성동구청),한양대,18,18
20250513,왕십리(성동구청),한양대,19,8
20250513,왕십리(성동구청),한양대,20,6
20250513,왕십리(성동구청),한양대,21,3
20250513,왕십리(성동구청),한양대,22,1
20250513,왕십리(성동구청),한양대,23,1
20250513,왕십리(성동구청),합정,0,5
20250513,왕십리(성동구청),합정,5,2
20250513,왕십리(성동구청),합정,6,3
20250513,왕십리(성동구청),합정,7,13
20250513,왕십리(성동구청),합정,8,22
20250513,왕십리(성동구청),합정,9,9
20250513,왕십리(성동구청),합정,10,7
20250513,왕십리(성동구청),합정,11,4
20250513,왕십리(성동구청),합정,12,5
20250513,왕십리(성동구청),합정,13,4
20250513,왕십리(성동구청),합정,14,2
20250513,왕십리(성동구청),합정,15,8
20250513,왕십리(성동구청),합정,16,8
20250513,왕십리(성동구청),합정,17,13
20250513,왕십리(성동구청),합정,18,10
20250513,왕십리(성동구청),합정,19,6
20250513,왕십리(성동구청),합정,20,6
20250513,왕십리(성동구청),합정,21,7
20250513,왕십리(성동구청),합정,22,4
20250513,왕십리(성동구청),합정,23,4
20250513,왕십리(성동구청),홍대입구,0,1
20250513,왕십리(성동구청),홍대입구,6,3
20250513,왕십리(성동구청),홍대입구,7,6
20250513,왕십리(성동구청),홍대입구,8,29
20250513,왕십리(성동구청),홍대입구,9,27
20250513,왕십리(성동구청),홍대입구,10,26
20250513,왕십리(성동구청),홍대입구,11,8
20250513,왕십리(성동구청),홍대입구,12,15
20250513,왕십리(성동구청),홍대입구,13,24
20250513,왕십리(성동구청),홍대입구,14,18
20250513,왕십리(성동구청),홍대입구,15,20
20250513,왕십리(성동구청),홍대입구,16,20
20250513,왕십리(성동구청),홍대입구,17,40
20250513,왕십리(성동구청),홍대입구,18,34
20250513,왕십리(성동구청),홍대입구,19,16
20250513,왕십리(성동구청),홍대입구,20,26
20250513,왕십리(성동구청),홍대입구,21,18
20250513,왕십리(성동구청),홍대입구,22,18
20250513,왕십리(성동구청),홍대입구,23,11
20250513,용두(동대문구청),강남,5,3
20250513,용두(동대문구청),강남,6,2
20250513,용두(동대문구청),강남,7,19
20250513,용두(동대문구청),강남,8,12
20250513,용두(동대문구청),강남,9,7
20250513,용두(동대문구청),강남,11,1
20250513,용두(동대문구청),강남,12,3
20250513,용두(동대문구청),강남,13,2
20250513,용두(동대문구청),강남,14,2
20250513,용두(동대문구청),강남,15,4
20250513,용두(동대문구청),강남,16,1
20250513,용두(동대문구청),강남,17,3
20250513,용두(동대문구청),강남,18,1
20250513,용두(동대문구청),강남,19,1
20250513,용두(동대문구청),강남,21,1
20250513,용두(동대문구청),강남,23,1
20250513,용두(동대문구청),강변(동서울터미널),5,2
20250513,용두(동대문구청),강변(동서울터미널),6,1
20250513,용두(동대문구청),강변(동서울터미널),7,3
20250513,용두(동대문구청),강변(동서울터미널),8,6
20250513,용두(동대문구청),강변(동서울터미널),9,3
20250513,용두(동대문구청),강변(동서울터미널),10,1
20250513,용두(동대문구청),강변(동서울터미널),11,3
20250513,용두(동대문구청),강변(동서울터미널),12,1
20250513,용두(동대문구청),강변(동서울터미널),13,1
20250513,용두(동대문구청),강변(동서울터미널),14,4
20250513,용두(동대문구청),강변(동서울터미널),15,7
20250513,용두(동대문구청),강변(동서울터미널),16,1
20250513,용두(동대문구청),강변(동서울터미널),17,6
20250513,용두(동대문구청),강변(동서울터미널),18,8
20250513,용두(동대문구청),강변(동서울터미널),19,2
20250513,용두(동대문구청),강변(동서울터미널),20,2
20250513,용두(동대문구청),건대입구,5,1
20250513,용두(동대문구청),건대입구,6,4
20250513,용두(동대문구청),건대입구,7,7
20250513,용두(동대문구청),건대입구,8,8
20250513,용두(동대문구청),건대입구,9,7
20250513,용두(동대문구청),건대입구,10,3
20250513,용두(동대문구청),건대입구,11,7
20250513,용두(동대문구청),건대입구,12,4
20250513,용두(동대문구청),건대입구,13,9
20250513,용두(동대문구청),건대입구,14,3
20250513,용두(동대문구청),건대입구,15,9
20250513,용두(동대문구청),건대입구,16,12
20250513,용두(동대문구청),건대입구,17,12
20250513,용두(동대문구청),건대입구,18,10
20250513,용두(동대문구청),건대입구,19,3
20250513,용두(동대문구청),건대입구,20,2
20250513,용두(동대문구청),건대입구,21,3
20250513,용두(동대문구청),건대입구,23,1
20250513,용두(동대문구청),교대(법원.검찰청),6,1
20250513,용두(동대문구청),교대(법원.검찰청),7,3
20250513,용두(동대문구청),교대(법원.검찰청),8,5
20250513,용두(동대문구청),교대(법원.검찰청),9,3
20250513,용두(동대문구청),교대(법원.검찰청),10,1
20250513,용두(동대문구청),교대(법원.검찰청),11,1
20250513,용두(동대문구청),교대(법원.검찰청),13,2
20250513,용두(동대문구청),교대(법원.검찰청),14,1
20250513,용두(동대문구청),교대(법원.검찰청),15,1
20250513,용두(동대문구청),교대(법원.검찰청),17,4
20250513,용두(동대문구청),교대(법원.검찰청),18,3
20250513,용두(동대문구청),구로디지털단지,8,1
20250513,용두(동대문구청),구로디지털단지,9,1
20250513,용두(동대문구청),구로디지털단지,13,1
20250513,용두(동대문구청),구로디지털단지,14,1
20250513,용두(동대문구청),구로디지털단지,15,4
20250513,용두(동대문구청),구로디지털단지,18,1
20250513,용두(동대문구청),구의(광진구청),5,2
20250513,용두(동대문구청),구의(광진구청),6,1
20250513,용두(동대문구청),구의(광진구청),7,4
20250513,용두(동대문구청),구의(광진구청),8,7
20250513,용두(동대문구청),구의(광진구청),9,2
20250513,용두(동대문구청),구의(광진구청),10,4
20250513,용두(동대문구청),구의(광진구청),11,3
20250513,용두(동대문구청),구의(광진구청),12,5
20250513,용두(동대문구청),구의(광진구청),13,6
20250513,용두(동대문구청),구의(광진구청),14,9
20250513,용두(동대문구청),구의(광진구청),15,8
20250513,용두(동대문구청),구의(광진구청),16,4
20250513,용두(동대문구청),구의(광진구청),17,5
20250513,용두(동대문구청),구의(광진구청),18,10
20250513,용두(동대문구청),구의(광진구청),19,2
20250513,용두(동대문구청),구의(광진구청),21,1
20250513,용두(동대문구청),구의(광진구청),22,1
20250513,용두(동대문구청),구의(광진구청),23,2
20250513,용두(동대문구청),낙성대,5,1
20250513,용두(동대문구청),낙성대,6,1
20250513,용두(동대문구청),낙성대,7,1
20250513,용두(동대문구청),낙성대,8,1
20250513,용두(동대문구청),낙성대,9,1
20250513,용두(동대문구청),낙성대,12,2
20250513,용두(동대문구청),낙성대,14,1
20250513,용두(동대문구청),낙성대,15,1
20250513,용두(동대문구청),낙성대,16,1
20250513,용두(동대문구청),낙성대,17,1
20250513,용두(동대문구청),낙성대,18,1
20250513,용두(동대문구청),대림(구로구청),10,1
20250513,용두(동대문구청),대림(구로구청),14,1
20250513,용두(동대문구청),동대문역사문화공원,11,1
20250513,용두(동대문구청),동대문역사문화공원,13,1
20250513,용두(동대문구청),동대문역사문화공원,14,1
20250513,용두(동대문구청),뚝섬,5,4
20250513,용두(동대문구청),뚝섬,6,4
20250513,용두(동대문구청),뚝섬,7,13
20250513,용두(동대문구청),뚝섬,8,37
20250513,용두(동대문구청),뚝섬,9,13
20250513,용두(동대문구청),뚝섬,10,11
20250513,용두(동대문구청),뚝섬,11,3
20250513,용두(동대문구청),뚝섬,12,2
20250513,용두(동대문구청),뚝섬,13,8
20250513,용두(동대문구청),뚝섬,14,10
20250513,용두(동대문구청),뚝섬,15,7
20250513,용두(동대문구청),뚝섬,16,3
20250513,용두(동대문구청),뚝섬,17,1
20250513,용두(동대문구청),뚝섬,18,9
20250513,용두(동대문구청),뚝섬,20,1
20250513,용두(동대문구청),뚝섬,21,2
20250513,용두(동대문구청),문래,6,1
20250513,용두(동대문구청),문래,13,1
20250513,용두(동대문구청),문래,14,1
20250513,용두(동대문구청),방배,6,1
20250513,용두(동대문구청),방배,7,1
20250513,용두(동대문구청),방배,8,2
20250513,용두(동대문구청),방배,10,1
20250513,용두(동대문구청),방배,11,1
20250513,용두(동대문구청),봉천,7,1
20250513,용두(동대문구청),봉천,15,1
20250513,용두(동대문구청),봉천,16,1
20250513,용두(동대문구청),봉천,18,2
20250513,용두(동대문구청),사당,7,1
20250513,용두(동대문구청),사당,9,1
20250513,용두(동대문구청),사당,12,1
20250513,용두(동대문구청),사당,15,2
20250513,용두(동대문구청),사당,16,2
20250513,용두(동대문구청),사당,17,1
20250513,용두(동대문구청),사당,19,1
20250513,용두(동대문구청),삼성(무역센터),5,1
20250513,용두(동대문구청),삼성(무역센터),6,8
20250513,용두(동대문구청),삼성(무역센터),7,22
20250513,용두(동대문구청),삼성(무역센터),8,44
20250513,용두(동대문구청),삼성(무역센터),9,18
20250513,용두(동대문구청),삼성(무역센터),10,5
20250513,용두(동대문구청),삼성(무역센터),11,6
20250513,용두(동대문구청),삼성(무역센터),12,2
20250513,용두(동대문구청),삼성(무역센터),13,1
20250513,용두(동대문구청),삼성(무역센터),14,6
20250513,용두(동대문구청),삼성(무역센터),15,3
20250513,용두(동대문구청),삼성(무역센터),16,2
20250513,용두(동대문구청),삼성(무역센터),17,1
20250513,용두(동대문구청),삼성(무역센터),19,1
20250513,용두(동대문구청),상왕십리,7,1
20250513,용두(동대문구청),상왕십리,8,1
20250513,용두(동대문구청),상왕십리,10,1
20250513,용두(동대문구청),상왕십리,11,1
20250513,용두(동대문구청),상왕십리,12,1
20250513,용두(동대문구청),상왕십리,14,1
20250513,용두(동대문구청),상왕십리,16,1
20250513,용두(동대문구청),상왕십리,18,1
20250513,용두(동대문구청),서울대입구(관악구청),5,1
20250513,용두(동대문구청),서울대입구(관악구청),6,3
20250513,용두(동대문구청),서울대입구(관악구청),7,1
20250513,용두(동대문구청),서울대입구(관악구청),10,1
20250513,용두(동대문구청),서울대입구(관악구청),12,1
20250513,용두(동대문구청),서울대입구(관악구청),13,1
20250513,용두(동대문구청),서울대입구(관악구청),14,2
20250513,용두(동대문구청),서울대입구(관악구청),15,2
20250513,용두(동대문구청),서울대입구(관악구청),16,1
20250513,용두(동대문구청),서울대입구(관악구청),21,1
20250513,용두(동대문구청),서울대입구(관악구청),22,1
20250513,용두(동대문구청),서초,6,2
20250513,용두(동대문구청),서초,7,5
20250513,용두(동대문구청),서초,8,2
20250513,용두(동대문구청),서초,10,1
20250513,용두(동대문구청),서초,11,1
20250513,용두(동대문구청),서초,12,1
20250513,용두(동대문구청),서초,13,1
20250513,용두(동대문구청),서초,15,7
20250513,용두(동대문구청),서초,16,1
20250513,용두(동대문구청),선릉,6,4
20250513,용두(동대문구청),선릉,7,10
20250513,용두(동대문구청),선릉,8,8
20250513,용두(동대문구청),선릉,9,5
20250513,용두(동대문구청),선릉,10,4
20250513,용두(동대문구청),선릉,11,3
20250513,용두(동대문구청),선릉,12,4
20250513,용두(동대문구청),선릉,13,3
20250513,용두(동대문구청),선릉,14,1
20250513,용두(동대문구청),선릉,15,4
20250513,용두(동대문구청),선릉,16,1
20250513,용두(동대문구청),선릉,17,1
20250513,용두(동대문구청),선릉,19,1
20250513,용두(동대문구청),성수,0,1
20250513,용두(동대문구청),성수,4,1
20250513,용두(동대문구청),성수,5,19
20250513,용두(동대문구청),성수,6,25
20250513,용두(동대문구청),성수,7,44
20250513,용두(동대문구청),성수,8,147
20250513,용두(동대문구청),성수,9,61
20250513,용두(동대문구청),성수,10,29
20250513,용두(동대문구청),성수,11,23
20250513,용두(동대문구청),성수,12,20
20250513,용두(동대문구청),성수,13,28
20250513,용두(동대문구청),성수,14,23
20250513,용두(동대문구청),성수,15,15
20250513,용두(동대문구청),성수,16,21
20250513,용두(동대문구청),성수,17,17
20250513,용두(동대문구청),성수,18,24
20250513,용두(동대문구청),성수,19,7
20250513,용두(동대문구청),성수,20,1
20250513,용두(동대문구청),성수,21,4
20250513,용두(동대문구청),성수,23,4
20250513,용두(동대문구청),시청,8,2
20250513,용두(동대문구청),시청,10,1
20250513,용두(동대문구청),시청,22,2
20250513,용두(동대문구청),신당,10,2
20250513,용두(동대문구청),신당,13,1
20250513,용두(동대문구청),신당,14,2
20250513,용두(동대문구청),신당,16,1
20250513,용두(동대문구청),신대방,6,1
20250513,용두(동대문구청),신대방,16,1
20250513,용두(동대문구청),신대방,18,1
20250513,용두(동대문구청),신대방,19,1
20250513,용두(동대문구청),신대방,20,1
20250513,용두(동대문구청),신도림,8,1
20250513,용두(동대문구청),신도림,16,3
20250513,용두(동대문구청),신도림,22,1
20250513,용두(동대문구청),신도림,23,1
20250513,용두(동대문구청),신림,6,1
20250513,용두(동대문구청),신림,11,1
20250513,용두(동대문구청),신림,12,1
20250513,용두(동대문구청),신림,16,1
20250513,용두(동대문구청),신림,17,1
20250513,용두(동대문구청),신림,18,2
20250513,용두(동대문구청),신림,20,1
20250513,용두(동대문구청),신촌,7,2
20250513,용두(동대문구청),신촌,8,1
20250513,용두(동대문구청),신촌,15,1
20250513,용두(동대문구청),신촌,21,1
20250513,용두(동대문구청),아현,15,1
20250513,용두(동대문구청),아현,16,1
20250513,용두(동대문구청),역삼,6,3
20250513,용두(동대문구청),역삼,7,13
20250513,용두(동대문구청),역삼,8,17
20250513,용두(동대문구청),역삼,9,7
20250513,용두(동대문구청),역삼,10,4
20250513,용두(동대문구청),역삼,11,1
20250513,용두(동대문구청),역삼,12,2
20250513,용두(동대문구청),역삼,16,2
20250513,용두(동대문구청),역삼,17,2
20250513,용두(동대문구청),역삼,18,1
20250513,용두(동대문구청),역삼,22,2
20250513,용두(동대문구청),영등포구청,8,1
20250513,용두(동대문구청),영등포구청,13,1
20250513,용두(동대문구청),영등포구청,14,1
20250513,용두(동대문구청),왕십리(성동구청),8,2
20250513,용두(동대문구청),왕십리(성동구청),14,1
20250513,용두(동대문구청),왕십리(성동구청),15,1
20250513,용두(동대문구청),왕십리(성동구청),16,2
20250513,용두(동대문구청),왕십리(성동구청),18,4
20250513,용두(동대문구청),왕십리(성동구청),20,1
20250513,용두(동대문구청),용두(동대문구청),0,2
20250513,용두(동대문구청),용두(동대문구청),5,2
20250513,용두(동대문구청),용두(동대문구청),6,1
20250513,용두(동대문구청),용두(동대문구청),7,2
20250513,용두(동대문구청),용두(동대문구청),8,2
20250513,용두(동대문구청),용두(동대문구청),9,3
20250513,용두(동대문구청),용두(동대문구청),10,3
20250513,용두(동대문구청),용두(동대문구청),11,3
20250513,용두(동대문구청),용두(동대문구청),12,5
20250513,용두(동대문구청),용두(동대문구청),13,1
20250513,용두(동대문구청),용두(동대문구청),14,4
20250513,용두(동대문구청),용두(동대문구청),15,1
20250513,용두(동대문구청),용두(동대문구청),16,1
20250513,용두(동대문구청),용두(동대문구청),17,3
20250513,용두(동대문구청),용두(동대문구청),18,3
20250513,용두(동대문구청),용두(동대문구청),21,1
20250513,용두(동대문구청),용두(동대문구청),22,4
20250513,용두(동대문구청),용두(동대문구청),23,1
20250513,용두(동대문구청),을지로3가,7,4
20250513,용두(동대문구청),을지로3가,10,2
20250513,용두(동대문구청),을지로3가,13,1
20250513,용두(동대문구청),을지로4가,8,1
20250513,용두(동대문구청),을지로4가,19,1
20250513,용두(동대문구청),을지로4가,23,2
20250513,용두(동대문구청),을지로입구,7,1
20250513,용두(동대문구청),을지로입구,8,2
20250513,용두(동대문구청),을지로입구,9,2
20250513,용두(동대문구청),을지로입구,14,1
20250513,용두(동대문구청),을지로입구,17,1
20250513,용두(동대문구청),잠실(송파구청),5,1
20250513,용두(동대문구청),잠실(송파구청),6,6
20250513,용두(동대문구청),잠실(송파구청),7,14
20250513,용두(동대문구청),잠실(송파구청),8,21
20250513,용두(동대문구청),잠실(송파구청),9,10
20250513,용두(동대문구청),잠실(송파구청),10,10
20250513,용두(동대문구청),잠실(송파구청),11,4
20250513,용두(동대문구청),잠실(송파구청),12,3
20250513,용두(동대문구청),잠실(송파구청),13,5
20250513,용두(동대문구청),잠실(송파구청),14,6
20250513,용두(동대문구청),잠실(송파구청),15,8
20250513,용두(동대문구청),잠실(송파구청),16,7
20250513,용두(동대문구청),잠실(송파구청),17,9
20250513,용두(동대문구청),잠실(송파구청),18,15
20250513,용두(동대문구청),잠실(송파구청),19,1
20250513,용두(동대문구청),잠실(송파구청),20,3
20250513,용두(동대문구청),잠실(송파구청),21,2
20250513,용두(동대문구청),잠실(송파구청),22,4
20250513,용두(동대문구청),잠실나루,5,1
20250513,용두(동대문구청),잠실나루,6,4
20250513,용두(동대문구청),잠실나루,7,8
20250513,용두(동대문구청),잠실나루,8,3
20250513,용두(동대문구청),잠실나루,9,1
20250513,용두(동대문구청),잠실나루,10,2
20250513,용두(동대문구청),잠실나루,11,1
20250513,용두(동대문구청),잠실나루,12,2
20250513,용두(동대문구청),잠실나루,13,2
20250513,용두(동대문구청),잠실나루,14,2
20250513,용두(동대문구청),잠실나루,15,1
20250513,용두(동대문구청),잠실나루,16,5
20250513,용두(동대문구청),잠실나루,17,6
20250513,용두(동대문구청),잠실나루,18,4
20250513,용두(동대문구청),잠실나루,19,1
20250513,용두(동대문구청),잠실나루,21,3
20250513,용두(동대문구청),잠실나루,22,1
20250513,용두(동대문구청),잠실나루,23,1
20250513,용두(동대문구청),잠실새내,6,1
20250513,용두(동대문구청),잠실새내,7,3
20250513,용두(동대문구청),잠실새내,8,7
20250513,용두(동대문구청),잠실새내,9,2
20250513,용두(동대문구청),잠실새내,10,2
20250513,용두(동대문구청),잠실새내,11,1
20250513,용두(동대문구청),잠실새내,12,1
20250513,용두(동대문구청),잠실새내,13,3
20250513,용두(동대문구청),잠실새내,14,4
20250513,용두(동대문구청),잠실새내,15,2
20250513,용두(동대문구청),잠실새내,16,6
20250513,용두(동대문구청),잠실새내,17,3
20250513,용두(동대문구청),잠실새내,18,8
20250513,용두(동대문구청),잠실새내,19,2
20250513,용두(동대문구청),잠실새내,20,3
20250513,용두(동대문구청),잠실새내,21,2
20250513,용두(동대문구청),잠실새내,22,1
20250513,용두(동대문구청),종합운동장,7,2
20250513,용두(동대문구청),종합운동장,8,4
20250513,용두(동대문구청),종합운동장,14,1
20250513,용두(동대문구청),종합운동장,16,1
20250513,용두(동대문구청),종합운동장,17,1
20250513,용두(동대문구청),종합운동장,18,5
20250513,용두(동대문구청),종합운동장,22,1
20250513,용두(동대문구청),충정로(경기대입구),15,1
20250513,용두(동대문구청),한양대,7,1
20250513,용두(동대문구청),한양대,8,1
20250513,용두(동대문구청),한양대,9,1
20250513,용두(동대문구청),한양대,10,6
20250513,용두(동대문구청),한양대,11,1
20250513,용두(동대문구청),한양대,12,3
20250513,용두(동대문구청),한양대,13,3
20250513,용두(동대문구청),한양대,21,2
20250513,용두(동대문구청),한양대,23,1
20250513,용두(동대문구청),합정,9,1
20250513,용두(동대문구청),합정,11,1
20250513,용두(동대문구청),합정,12,1
20250513,용두(동대문구청),합정,21,1
20250513,용두(동대문구청),홍대입구,10,2
20250513,용두(동대문구청),홍대입구,12,3
20250513,용두(동대문구청),홍대입구,13,1
20250513,용두(동대문구청),홍대입구,15,2
20250513,용두(동대문구청),홍대입구,16,1
20250513,용두(동대문구청),홍대입구,18,1
20250513,용두(동대문구청),홍대입구,19,2
20250513,용두(동대문구청),홍대입구,20,1
20250513,을지로3가,강남,0,1
20250513,을지로3가,강남,7,1
20250513,을지로3가,강남,8,2
20250513,을지로3가,강남,9,2
20250513,을지로3가,강남,10,4
20250513,을지로3가,강남,11,4
20250513,을지로3가,강남,12,4
20250513,을지로3가,강남,13,4
20250513,을지로3가,강남,14,3
20250513,을지로3가,강남,15,2
20250513,을지로3가,강남,16,3
20250513,을지로3가,강남,17,8
20250513,을지로3가,강남,18,9
20250513,을지로3가,강남,19,4
20250513,을지로3가,강남,22,2
20250513,을지로3가,강변(동서울터미널),0,1
20250513,을지로3가,강변(동서울터미널),6,1
20250513,을지로3가,강변(동서울터미널),7,3
20250513,을지로3가,강변(동서울터미널),8,4
20250513,을지로3가,강변(동서울터미널),9,3
20250513,을지로3가,강변(동서울터미널),10,4
20250513,을지로3가,강변(동서울터미널),11,8
20250513,을지로3가,강변(동서울터미널),12,7
20250513,을지로3가,강변(동서울터미널),13,8
20250513,을지로3가,강변(동서울터미널),14,14
20250513,을지로3가,강변(동서울터미널),15,16
20250513,을지로3가,강변(동서울터미널),16,21
20250513,을지로3가,강변(동서울터미널),17,48
20250513,을지로3가,강변(동서울터미널),18,76
20250513,을지로3가,강변(동서울터미널),19,24
20250513,을지로3가,강변(동서울터미널),20,19
20250513,을지로3가,강변(동서울터미널),21,22
20250513,을지로3가,강변(동서울터미널),22,17
20250513,을지로3가,강변(동서울터미널),23,6
20250513,을지로3가,건대입구,0,3
20250513,을지로3가,건대입구,5,2
20250513,을지로3가,건대입구,6,2
20250513,을지로3가,건대입구,7,3
20250513,을지로3가,건대입구,8,6
20250513,을지로3가,건대입구,9,7
20250513,을지로3가,건대입구,10,8
20250513,을지로3가,건대입구,11,9
20250513,을지로3가,건대입구,12,16
20250513,을지로3가,건대입구,13,20
20250513,을지로3가,건대입구,14,10
20250513,을지로3가,건대입구,15,26
20250513,을지로3가,건대입구,16,25
20250513,을지로3가,건대입구,17,72
20250513,을지로3가,건대입구,18,109
20250513,을지로3가,건대입구,19,44
20250513,을지로3가,건대입구,20,41
20250513,을지로3가,건대입구,21,23
20250513,을지로3가,건대입구,22,32
20250513,을지로3가,건대입구,23,22
20250513,을지로3가,교대(법원.검찰청),5,1
20250513,을지로3가,교대(법원.검찰청),9,1
20250513,을지로3가,교대(법원.검찰청),11,2
20250513,을지로3가,교대(법원.검찰청),12,1
20250513,을지로3가,교대(법원.검찰청),13,1
20250513,을지로3가,교대(법원.검찰청),14,2
20250513,을지로3가,교대(법원.검찰청),15,3
20250513,을지로3가,교대(법원.검찰청),16,1
20250513,을지로3가,교대(법원.검찰청),18,2
20250513,을지로3가,교대(법원.검찰청),19,1
20250513,을지로3가,교대(법원.검찰청),21,3
20250513,을지로3가,구로디지털단지,0,1
20250513,을지로3가,구로디지털단지,6,2
20250513,을지로3가,구로디지털단지,7,7
20250513,을지로3가,구로디지털단지,8,8
20250513,을지로3가,구로디지털단지,9,6
20250513,을지로3가,구로디지털단지,10,7
20250513,을지로3가,구로디지털단지,11,6
20250513,을지로3가,구로디지털단지,12,7
20250513,을지로3가,구로디지털단지,13,13
20250513,을지로3가,구로디지털단지,14,9
20250513,을지로3가,구로디지털단지,15,46
20250513,을지로3가,구로디지털단지,16,33
20250513,을지로3가,구로디지털단지,17,66
20250513,을지로3가,구로디지털단지,18,124
20250513,을지로3가,구로디지털단지,19,38
20250513,을지로3가,구로디지털단지,20,34
20250513,을지로3가,구로디지털단지,21,42
20250513,을지로3가,구로디지털단지,22,28
20250513,을지로3가,구로디지털단지,23,18
20250513,을지로3가,구의(광진구청),0,1
20250513,을지로3가,구의(광진구청),5,1
20250513,을지로3가,구의(광진구청),6,1
20250513,을지로3가,구의(광진구청),7,1
20250513,을지로3가,구의(광진구청),8,1
20250513,을지로3가,구의(광진구청),9,2
20250513,을지로3가,구의(광진구청),10,7
20250513,을지로3가,구의(광진구청),11,8
20250513,을지로3가,구의(광진구청),12,7
20250513,을지로3가,구의(광진구청),13,12
20250513,을지로3가,구의(광진구청),14,8
20250513,을지로3가,구의(광진구청),15,14
20250513,을지로3가,구의(광진구청),16,13
20250513,을지로3가,구의(광진구청),17,50
20250513,을지로3가,구의(광진구청),18,80
20250513,을지로3가,구의(광진구청),19,46
20250513,을지로3가,구의(광진구청),20,36
20250513,을지로3가,구의(광진구청),21,33
20250513,을지로3가,구의(광진구청),22,24
20250513,을지로3가,구의(광진구청),23,17
20250513,을지로3가,낙성대,10,2
20250513,을지로3가,낙성대,13,3
20250513,을지로3가,낙성대,14,2
20250513,을지로3가,낙성대,15,2
20250513,을지로3가,낙성대,16,9
20250513,을지로3가,낙성대,17,4
20250513,을지로3가,낙성대,18,9
20250513,을지로3가,낙성대,19,3
20250513,을지로3가,낙성대,20,8
20250513,을지로3가,낙성대,21,7
20250513,을지로3가,낙성대,22,7
20250513,을지로3가,낙성대,23,6
20250513,을지로3가,당산,0,11
20250513,을지로3가,당산,7,2
20250513,을지로3가,당산,8,7
20250513,을지로3가,당산,9,3
20250513,을지로3가,당산,10,7
20250513,을지로3가,당산,11,6
20250513,을지로3가,당산,12,11
20250513,을지로3가,당산,13,4
20250513,을지로3가,당산,14,16
20250513,을지로3가,당산,15,12
20250513,을지로3가,당산,16,36
20250513,을지로3가,당산,17,89
20250513,을지로3가,당산,18,147
20250513,을지로3가,당산,19,43
20250513,을지로3가,당산,20,42
20250513,을지로3가,당산,21,43
20250513,을지로3가,당산,22,32
20250513,을지로3가,당산,23,12
20250513,을지로3가,대림(구로구청),9,1
20250513,을지로3가,대림(구로구청),10,1
20250513,을지로3가,대림(구로구청),12,5
20250513,을지로3가,대림(구로구청),13,1
20250513,을지로3가,대림(구로구청),14,6
20250513,을지로3가,대림(구로구청),15,12
20250513,을지로3가,대림(구로구청),16,16
20250513,을지로3가,대림(구로구청),17,15
20250513,을지로3가,대림(구로구청),18,48
20250513,을지로3가,대림(구로구청),19,18
20250513,을지로3가,대림(구로구청),20,17
20250513,을지로3가,대림(구로구청),21,16
20250513,을지로3가,대림(구로구청),22,16
20250513,을지로3가,대림(구로구청),23,3
20250513,을지로3가,동대문역사문화공원,7,11
20250513,을지로3가,동대문역사문화공원,8,11
20250513,을지로3가,동대문역사문화공원,9,11
20250513,을지로3가,동대문역사문화공원,10,14
20250513,을지로3가,동대문역사문화공원,11,27
20250513,을지로3가,동대문역사문화공원,12,27
20250513,을지로3가,동대문역사문화공원,13,12
20250513,을지로3가,동대문역사문화공원,14,19
20250513,을지로3가,동대문역사문화공원,15,11
20250513,을지로3가,동대문역사문화공원,16,14
20250513,을지로3가,동대문역사문화공원,17,20
20250513,을지로3가,동대문역사문화공원,18,32
20250513,을지로3가,동대문역사문화공원,19,18
20250513,을지로3가,동대문역사문화공원,20,21
20250513,을지로3가,동대문역사문화공원,21,14
20250513,을지로3가,동대문역사문화공원,22,22
20250513,을지로3가,동대문역사문화공원,23,4
20250513,을지로3가,뚝섬,0,2
20250513,을지로3가,뚝섬,6,1
20250513,을지로3가,뚝섬,7,15
20250513,을지로3가,뚝섬,8,37
20250513,을지로3가,뚝섬,9,40
20250513,을지로3가,뚝섬,10,32
20250513,을지로3가,뚝섬,11,27
20250513,을지로3가,뚝섬,12,15
20250513,을지로3가,뚝섬,13,17
20250513,을지로3가,뚝섬,14,18
20250513,을지로3가,뚝섬,15,24
20250513,을지로3가,뚝섬,16,23
20250513,을지로3가,뚝섬,17,37
20250513,을지로3가,뚝섬,18,38
20250513,을지로3가,뚝섬,19,25
20250513,을지로3가,뚝섬,20,13
20250513,을지로3가,뚝섬,21,16
20250513,을지로3가,뚝섬,22,18
20250513,을지로3가,뚝섬,23,5
20250513,을지로3가,문래,0,1
20250513,을지로3가,문래,6,3
20250513,을지로3가,문래,7,3
20250513,을지로3가,문래,8,4
20250513,을지로3가,문래,9,2
20250513,을지로3가,문래,10,4
20250513,을지로3가,문래,11,1
20250513,을지로3가,문래,12,6
20250513,을지로3가,문래,13,5
20250513,을지로3가,문래,14,7
20250513,을지로3가,문래,15,11
20250513,을지로3가,문래,16,16
20250513,을지로3가,문래,17,40
20250513,을지로3가,문래,18,58
20250513,을지로3가,문래,19,24
20250513,을지로3가,문래,20,12
20250513,을지로3가,문래,21,19
20250513,을지로3가,문래,22,4
20250513,을지로3가,문래,23,4
20250513,을지로3가,방배,12,1
20250513,을지로3가,방배,13,1
20250513,을지로3가,방배,15,1
20250513,을지로3가,방배,16,1
20250513,을지로3가,봉천,0,3
20250513,을지로3가,봉천,12,1
20250513,을지로3가,봉천,13,4
20250513,을지로3가,봉천,14,7
20250513,을지로3가,봉천,15,3
20250513,을지로3가,봉천,16,5
20250513,을지로3가,봉천,17,16
20250513,을지로3가,봉천,18,30
20250513,을지로3가,봉천,19,13
20250513,을지로3가,봉천,20,12
20250513,을지로3가,봉천,21,7
20250513,을지로3가,봉천,22,6
20250513,을지로3가,봉천,23,5
20250513,을지로3가,사당,0,1
20250513,을지로3가,사당,9,1
20250513,을지로3가,사당,11,1
20250513,을지로3가,사당,13,2
20250513,을지로3가,사당,14,1
20250513,을지로3가,사당,15,3
20250513,을지로3가,사당,16,1
20250513,을지로3가,사당,17,2
20250513,을지로3가,사당,18,3
20250513,을지로3가,사당,19,5
20250513,을지로3가,사당,20,1
20250513,을지로3가,사당,21,2
20250513,을지로3가,사당,22,4
20250513,을지로3가,사당,23,1
20250513,을지로3가,삼성(무역센터),6,1
20250513,을지로3가,삼성(무역센터),7,2
20250513,을지로3가,삼성(무역센터),8,8
20250513,을지로3가,삼성(무역센터),9,3
20250513,을지로3가,삼성(무역센터),10,15
20250513,을지로3가,삼성(무역센터),11,21
20250513,을지로3가,삼성(무역센터),12,13
20250513,을지로3가,삼성(무역센터),13,11
20250513,을지로3가,삼성(무역센터),14,11
20250513,을지로3가,삼성(무역센터),15,12
20250513,을지로3가,삼성(무역센터),16,15
20250513,을지로3가,삼성(무역센터),17,12
20250513,을지로3가,삼성(무역센터),18,19
20250513,을지로3가,삼성(무역센터),19,8
20250513,을지로3가,삼성(무역센터),20,2
20250513,을지로3가,삼성(무역센터),21,2
20250513,을지로3가,삼성(무역센터),22,1
20250513,을지로3가,삼성(무역센터),23,2
20250513,을지로3가,상왕십리,0,7
20250513,을지로3가,상왕십리,7,9
20250513,을지로3가,상왕십리,8,8
20250513,을지로3가,상왕십리,9,9
20250513,을지로3가,상왕십리,10,6
20250513,을지로3가,상왕십리,11,16
20250513,을지로3가,상왕십리,12,10
20250513,을지로3가,상왕십리,13,5
20250513,을지로3가,상왕십리,14,17
20250513,을지로3가,상왕십리,15,18
20250513,을지로3가,상왕십리,16,19
20250513,을지로3가,상왕십리,17,51
20250513,을지로3가,상왕십리,18,97
20250513,을지로3가,상왕십리,19,46
20250513,을지로3가,상왕십리,20,35
20250513,을지로3가,상왕십리,21,54
20250513,을지로3가,상왕십리,22,23
20250513,을지로3가,상왕십리,23,25
20250513,을지로3가,서울대입구(관악구청),0,1
20250513,을지로3가,서울대입구(관악구청),5,1
20250513,을지로3가,서울대입구(관악구청),6,1
20250513,을지로3가,서울대입구(관악구청),9,1
20250513,을지로3가,서울대입구(관악구청),10,2
20250513,을지로3가,서울대입구(관악구청),11,3
20250513,을지로3가,서울대입구(관악구청),12,1
20250513,을지로3가,서울대입구(관악구청),13,5
20250513,을지로3가,서울대입구(관악구청),14,6
20250513,을지로3가,서울대입구(관악구청),15,4
20250513,을지로3가,서울대입구(관악구청),16,8
20250513,을지로3가,서울대입구(관악구청),17,15
20250513,을지로3가,서울대입구(관악구청),18,39
20250513,을지로3가,서울대입구(관악구청),19,14
20250513,을지로3가,서울대입구(관악구청),20,9
20250513,을지로3가,서울대입구(관악구청),21,3
20250513,을지로3가,서울대입구(관악구청),22,12
20250513,을지로3가,서울대입구(관악구청),23,7
20250513,을지로3가,서초,17,2
20250513,을지로3가,서초,18,4
20250513,을지로3가,선릉,0,1
20250513,을지로3가,선릉,6,2
20250513,을지로3가,선릉,7,2
20250513,을지로3가,선릉,8,4
20250513,을지로3가,선릉,9,4
20250513,을지로3가,선릉,10,4
20250513,을지로3가,선릉,11,5
20250513,을지로3가,선릉,12,4
20250513,을지로3가,선릉,13,7
20250513,을지로3가,선릉,14,5
20250513,을지로3가,선릉,15,5
20250513,을지로3가,선릉,16,1
20250513,을지로3가,선릉,17,7
20250513,을지로3가,선릉,18,10
20250513,을지로3가,선릉,19,3
20250513,을지로3가,선릉,20,5
20250513,을지로3가,선릉,21,2
20250513,을지로3가,선릉,22,5
20250513,을지로3가,선릉,23,2
20250513,을지로3가,성수,0,5
20250513,을지로3가,성수,5,3
20250513,을지로3가,성수,6,3
20250513,을지로3가,성수,7,17
20250513,을지로3가,성수,8,26
20250513,을지로3가,성수,9,52
20250513,을지로3가,성수,10,99
20250513,을지로3가,성수,11,59
20250513,을지로3가,성수,12,62
20250513,을지로3가,성수,13,44
20250513,을지로3가,성수,14,42
20250513,을지로3가,성수,15,39
20250513,을지로3가,성수,16,41
20250513,을지로3가,성수,17,42
20250513,을지로3가,성수,18,43
20250513,을지로3가,성수,19,18
20250513,을지로3가,성수,20,18
20250513,을지로3가,성수,21,13
20250513,을지로3가,성수,22,11
20250513,을지로3가,성수,23,5
20250513,을지로3가,시청,0,1
20250513,을지로3가,시청,6,2
20250513,을지로3가,시청,7,9
20250513,을지로3가,시청,8,34
20250513,을지로3가,시청,9,27
20250513,을지로3가,시청,10,19
20250513,을지로3가,시청,11,26
20250513,을지로3가,시청,12,24
20250513,을지로3가,시청,13,20
20250513,을지로3가,시청,14,25
20250513,을지로3가,시청,15,16
20250513,을지로3가,시청,16,20
20250513,을지로3가,시청,17,18
20250513,을지로3가,시청,18,20
20250513,을지로3가,시청,19,12
20250513,을지로3가,시청,20,5
20250513,을지로3가,시청,21,5
20250513,을지로3가,시청,22,7
20250513,을지로3가,시청,23,1
20250513,을지로3가,신당,0,11
20250513,을지로3가,신당,5,1
20250513,을지로3가,신당,6,2
20250513,을지로3가,신당,7,5
20250513,을지로3가,신당,8,6
20250513,을지로3가,신당,9,12
20250513,을지로3가,신당,10,14
20250513,을지로3가,신당,11,30
20250513,을지로3가,신당,12,4
20250513,을지로3가,신당,13,18
20250513,을지로3가,신당,14,19
20250513,을지로3가,신당,15,15
20250513,을지로3가,신당,16,25
20250513,을지로3가,신당,17,67
20250513,을지로3가,신당,18,106
20250513,을지로3가,신당,19,66
20250513,을지로3가,신당,20,31
20250513,을지로3가,신당,21,40
20250513,을지로3가,신당,22,24
20250513,을지로3가,신당,23,16
20250513,을지로3가,신대방,0,2
20250513,을지로3가,신대방,5,1
20250513,을지로3가,신대방,6,1
20250513,을지로3가,신대방,7,1
20250513,을지로3가,신대방,8,1
20250513,을지로3가,신대방,9,1
20250513,을지로3가,신대방,10,4
20250513,을지로3가,신대방,11,3
20250513,을지로3가,신대방,12,6
20250513,을지로3가,신대방,13,7
20250513,을지로3가,신대방,14,7
20250513,을지로3가,신대방,15,7
20250513,을지로3가,신대방,16,15
20250513,을지로3가,신대방,17,23
20250513,을지로3가,신대방,18,51
20250513,을지로3가,신대방,19,15
20250513,을지로3가,신대방,20,16
20250513,을지로3가,신대방,21,18
20250513,을지로3가,신대방,22,21
20250513,을지로3가,신대방,23,8
20250513,을지로3가,신도림,0,12
20250513,을지로3가,신도림,6,1
20250513,을지로3가,신도림,7,3
20250513,을지로3가,신도림,8,6
20250513,을지로3가,신도림,9,5
20250513,을지로3가,신도림,10,1
20250513,을지로3가,신도림,11,10
20250513,을지로3가,신도림,12,7
20250513,을지로3가,신도림,13,6
20250513,을지로3가,신도림,14,10
20250513,을지로3가,신도림,15,18
20250513,을지로3가,신도림,16,32
20250513,을지로3가,신도림,17,70
20250513,을지로3가,신도림,18,135
20250513,을지로3가,신도림,19,45
20250513,을지로3가,신도림,20,37
20250513,을지로3가,신도림,21,43
20250513,을지로3가,신도림,22,39
20250513,을지로3가,신도림,23,22
20250513,을지로3가,신림,0,2
20250513,을지로3가,신림,7,1
20250513,을지로3가,신림,8,1
20250513,을지로3가,신림,11,1
20250513,을지로3가,신림,12,7
20250513,을지로3가,신림,13,5
20250513,을지로3가,신림,14,11
20250513,을지로3가,신림,15,11
20250513,을지로3가,신림,16,16
20250513,을지로3가,신림,17,40
20250513,을지로3가,신림,18,86
20250513,을지로3가,신림,19,23
20250513,을지로3가,신림,20,24
20250513,을지로3가,신림,21,33
20250513,을지로3가,신림,22,26
20250513,을지로3가,신림,23,22
20250513,을지로3가,신촌,0,4
20250513,을지로3가,신촌,7,11
20250513,을지로3가,신촌,8,20
20250513,을지로3가,신촌,9,55
20250513,을지로3가,신촌,10,34
20250513,을지로3가,신촌,11,37
20250513,을지로3가,신촌,12,25
20250513,을지로3가,신촌,13,23
20250513,을지로3가,신촌,14,40
20250513,을지로3가,신촌,15,40
20250513,을지로3가,신촌,16,49
20250513,을지로3가,신촌,17,102
20250513,을지로3가,신촌,18,165
20250513,을지로3가,신촌,19,53
20250513,을지로3가,신촌,20,30
20250513,을지로3가,신촌,21,48
20250513,을지로3가,신촌,22,59
20250513,을지로3가,신촌,23,30
20250513,을지로3가,아현,0,6
20250513,을지로3가,아현,6,1
20250513,을지로3가,아현,7,3
20250513,을지로3가,아현,8,7
20250513,을지로3가,아현,9,9
20250513,을지로3가,아현,10,4
20250513,을지로3가,아현,11,14
20250513,을지로3가,아현,12,9
20250513,을지로3가,아현,13,5
20250513,을지로3가,아현,14,8
20250513,을지로3가,아현,15,13
20250513,을지로3가,아현,16,16
20250513,을지로3가,아현,17,40
20250513,을지로3가,아현,18,82
20250513,을지로3가,아현,19,49
20250513,을지로3가,아현,20,29
20250513,을지로3가,아현,21,34
20250513,을지로3가,아현,22,27
20250513,을지로3가,아현,23,6
20250513,을지로3가,역삼,7,1
20250513,을지로3가,역삼,8,2
20250513,을지로3가,역삼,9,1
20250513,을지로3가,역삼,11,1
20250513,을지로3가,역삼,12,3
20250513,을지로3가,역삼,13,3
20250513,을지로3가,역삼,14,3
20250513,을지로3가,역삼,15,6
20250513,을지로3가,역삼,16,5
20250513,을지로3가,역삼,17,4
20250513,을지로3가,역삼,18,5
20250513,을지로3가,역삼,19,3
20250513,을지로3가,역삼,20,2
20250513,을지로3가,역삼,21,1
20250513,을지로3가,역삼,22,1
20250513,을지로3가,영등포구청,0,1
20250513,을지로3가,영등포구청,5,1
20250513,을지로3가,영등포구청,6,2
20250513,을지로3가,영등포구청,7,8
20250513,을지로3가,영등포구청,8,9
20250513,을지로3가,영등포구청,9,8
20250513,을지로3가,영등포구청,10,3
20250513,을지로3가,영등포구청,12,9
20250513,을지로3가,영등포구청,13,7
20250513,을지로3가,영등포구청,14,7
20250513,을지로3가,영등포구청,15,11
20250513,을지로3가,영등포구청,16,22
20250513,을지로3가,영등포구청,17,34
20250513,을지로3가,영등포구청,18,58
20250513,을지로3가,영등포구청,19,36
20250513,을지로3가,영등포구청,20,12
20250513,을지로3가,영등포구청,21,20
20250513,을지로3가,영등포구청,22,6
20250513,을지로3가,영등포구청,23,7
20250513,을지로3가,왕십리(성동구청),0,8
20250513,을지로3가,왕십리(성동구청),7,6
20250513,을지로3가,왕십리(성동구청),8,10
20250513,을지로3가,왕십리(성동구청),9,11
20250513,을지로3가,왕십리(성동구청),10,6
20250513,을지로3가,왕십리(성동구청),11,19
20250513,을지로3가,왕십리(성동구청),12,5
20250513,을지로3가,왕십리(성동구청),13,19
20250513,을지로3가,왕십리(성동구청),14,13
20250513,을지로3가,왕십리(성동구청),15,19
20250513,을지로3가,왕십리(성동구청),16,18
20250513,을지로3가,왕십리(성동구청),17,42
20250513,을지로3가,왕십리(성동구청),18,92
20250513,을지로3가,왕십리(성동구청),19,33
20250513,을지로3가,왕십리(성동구청),20,20
20250513,을지로3가,왕십리(성동구청),21,31
20250513,을지로3가,왕십리(성동구청),22,29
20250513,을지로3가,왕십리(성동구청),23,14
20250513,을지로3가,용두(동대문구청),14,1
20250513,을지로3가,용두(동대문구청),18,1
20250513,을지로3가,용두(동대문구청),22,1
20250513,을지로3가,을지로3가,0,5
20250513,을지로3가,을지로3가,5,2
20250513,을지로3가,을지로3가,7,5
20250513,을지로3가,을지로3가,8,22
20250513,을지로3가,을지로3가,9,27
20250513,을지로3가,을지로3가,10,32
20250513,을지로3가,을지로3가,11,51
20250513,을지로3가,을지로3가,12,37
20250513,을지로3가,을지로3가,13,24
20250513,을지로3가,을지로3가,14,74
20250513,을지로3가,을지로3가,15,20
20250513,을지로3가,을지로3가,16,25
20250513,을지로3가,을지로3가,17,41
20250513,을지로3가,을지로3가,18,56
20250513,을지로3가,을지로3가,19,25
20250513,을지로3가,을지로3가,20,15
20250513,을지로3가,을지로3가,21,29
20250513,을지로3가,을지로3가,22,38
20250513,을지로3가,을지로3가,23,26
20250513,을지로3가,을지로4가,6,3
20250513,을지로3가,을지로4가,7,6
20250513,을지로3가,을지로4가,8,12
20250513,을지로3가,을지로4가,9,19
20250513,을지로3가,을지로4가,10,21
20250513,을지로3가,을지로4가,11,27
20250513,을지로3가,을지로4가,12,16
20250513,을지로3가,을지로4가,13,12
20250513,을지로3가,을지로4가,14,20
20250513,을지로3가,을지로4가,15,17
20250513,을지로3가,을지로4가,16,13
20250513,을지로3가,을지로4가,17,14
20250513,을지로3가,을지로4가,18,19
20250513,을지로3가,을지로4가,19,13
20250513,을지로3가,을지로4가,20,10
20250513,을지로3가,을지로4가,21,5
20250513,을지로3가,을지로4가,22,4
20250513,을지로3가,을지로4가,23,4
20250513,을지로3가,을지로입구,1,1
20250513,을지로3가,을지로입구,6,4
20250513,을지로3가,을지로입구,7,17
20250513,을지로3가,을지로입구,8,19
20250513,을지로3가,을지로입구,9,50
20250513,을지로3가,을지로입구,10,30
20250513,을지로3가,을지로입구,11,58
20250513,을지로3가,을지로입구,12,40
20250513,을지로3가,을지로입구,13,25
20250513,을지로3가,을지로입구,14,39
20250513,을지로3가,을지로입구,15,50
20250513,을지로3가,을지로입구,16,36
20250513,을지로3가,을지로입구,17,36
20250513,을지로3가,을지로입구,18,60
20250513,을지로3가,을지로입구,19,29
20250513,을지로3가,을지로입구,20,24
20250513,을지로3가,을지로입구,21,31
20250513,을지로3가,을지로입구,22,17
20250513,을지로3가,을지로입구,23,4
20250513,을지로3가,이대,0,4
20250513,을지로3가,이대,5,1
20250513,을지로3가,이대,6,4
20250513,을지로3가,이대,7,9
20250513,을지로3가,이대,8,18
20250513,을지로3가,이대,9,25
20250513,을지로3가,이대,10,21
20250513,을지로3가,이대,11,27
20250513,을지로3가,이대,12,18
20250513,을지로3가,이대,13,17
20250513,을지로3가,이대,14,21
20250513,을지로3가,이대,15,16
20250513,을지로3가,이대,16,22
20250513,을지로3가,이대,17,55
20250513,을지로3가,이대,18,71
20250513,을지로3가,이대,19,37
20250513,을지로3가,이대,20,24
20250513,을지로3가,이대,21,35
20250513,을지로3가,이대,22,34
20250513,을지로3가,이대,23,11
20250513,을지로3가,잠실(송파구청),0,10
20250513,을지로3가,잠실(송파구청),5,2
20250513,을지로3가,잠실(송파구청),7,4
20250513,을지로3가,잠실(송파구청),8,15
20250513,을지로3가,잠실(송파구청),9,17
20250513,을지로3가,잠실(송파구청),10,40
20250513,을지로3가,잠실(송파구청),11,38
20250513,을지로3가,잠실(송파구청),12,31
20250513,을지로3가,잠실(송파구청),13,23
20250513,을지로3가,잠실(송파구청),14,31
20250513,을지로3가,잠실(송파구청),15,31
20250513,을지로3가,잠실(송파구청),16,26
20250513,을지로3가,잠실(송파구청),17,90
20250513,을지로3가,잠실(송파구청),18,130
20250513,을지로3가,잠실(송파구청),19,50
20250513,을지로3가,잠실(송파구청),20,53
20250513,을지로3가,잠실(송파구청),21,60
20250513,을지로3가,잠실(송파구청),22,39
20250513,을지로3가,잠실(송파구청),23,10
20250513,을지로3가,잠실나루,0,1
20250513,을지로3가,잠실나루,5,2
20250513,을지로3가,잠실나루,6,1
20250513,을지로3가,잠실나루,7,1
20250513,을지로3가,잠실나루,8,3
20250513,을지로3가,잠실나루,9,3
20250513,을지로3가,잠실나루,10,2
20250513,을지로3가,잠실나루,11,5
20250513,을지로3가,잠실나루,12,5
20250513,을지로3가,잠실나루,13,6
20250513,을지로3가,잠실나루,14,8
20250513,을지로3가,잠실나루,15,9
20250513,을지로3가,잠실나루,16,9
20250513,을지로3가,잠실나루,17,34
20250513,을지로3가,잠실나루,18,54
20250513,을지로3가,잠실나루,19,18
20250513,을지로3가,잠실나루,20,13
20250513,을지로3가,잠실나루,21,9
20250513,을지로3가,잠실나루,22,10
20250513,을지로3가,잠실나루,23,7
20250513,을지로3가,잠실새내,0,2
20250513,을지로3가,잠실새내,5,1
20250513,을지로3가,잠실새내,6,1
20250513,을지로3가,잠실새내,8,2
20250513,을지로3가,잠실새내,9,2
20250513,을지로3가,잠실새내,10,1
20250513,을지로3가,잠실새내,11,3
20250513,을지로3가,잠실새내,12,1
20250513,을지로3가,잠실새내,13,6
20250513,을지로3가,잠실새내,14,9
20250513,을지로3가,잠실새내,15,9
20250513,을지로3가,잠실새내,16,15
20250513,을지로3가,잠실새내,17,40
20250513,을지로3가,잠실새내,18,64
20250513,을지로3가,잠실새내,19,22
20250513,을지로3가,잠실새내,20,21
20250513,을지로3가,잠실새내,21,18
20250513,을지로3가,잠실새내,22,16
20250513,을지로3가,잠실새내,23,6
20250513,을지로3가,종합운동장,0,1
20250513,을지로3가,종합운동장,10,2
20250513,을지로3가,종합운동장,13,5
20250513,을지로3가,종합운동장,14,4
20250513,을지로3가,종합운동장,15,17
20250513,을지로3가,종합운동장,16,7
20250513,을지로3가,종합운동장,17,33
20250513,을지로3가,종합운동장,18,39
20250513,을지로3가,종합운동장,19,4
20250513,을지로3가,종합운동장,20,4
20250513,을지로3가,종합운동장,21,4
20250513,을지로3가,종합운동장,22,2
20250513,을지로3가,종합운동장,23,3
20250513,을지로3가,충정로(경기대입구),0,3
20250513,을지로3가,충정로(경기대입구),5,1
20250513,을지로3가,충정로(경기대입구),6,1
20250513,을지로3가,충정로(경기대입구),7,6
20250513,을지로3가,충정로(경기대입구),8,15
20250513,을지로3가,충정로(경기대입구),9,12
20250513,을지로3가,충정로(경기대입구),10,8
20250513,을지로3가,충정로(경기대입구),11,4
20250513,을지로3가,충정로(경기대입구),12,18
20250513,을지로3가,충정로(경기대입구),13,7
20250513,을지로3가,충정로(경기대입구),14,10
20250513,을지로3가,충정로(경기대입구),15,14
20250513,을지로3가,충정로(경기대입구),16,19
20250513,을지로3가,충정로(경기대입구),17,26
20250513,을지로3가,충정로(경기대입구),18,51
20250513,을지로3가,충정로(경기대입구),19,23
20250513,을지로3가,충정로(경기대입구),20,18
20250513,을지로3가,충정로(경기대입구),21,16
20250513,을지로3가,충정로(경기대입구),22,11
20250513,을지로3가,충정로(경기대입구),23,9
20250513,을지로3가,한양대,0,1
20250513,을지로3가,한양대,5,1
20250513,을지로3가,한양대,6,3
20250513,을지로3가,한양대,7,13
20250513,을지로3가,한양대,8,50
20250513,을지로3가,한양대,9,57
20250513,을지로3가,한양대,10,40
20250513,을지로3가,한양대,11,11
20250513,을지로3가,한양대,12,30
20250513,을지로3가,한양대,13,29
20250513,을지로3가,한양대,14,17
20250513,을지로3가,한양대,15,9
20250513,을지로3가,한양대,16,16
20250513,을지로3가,한양대,17,17
20250513,을지로3가,한양대,18,22
20250513,을지로3가,한양대,19,7
20250513,을지로3가,한양대,20,7
20250513,을지로3가,한양대,21,5
20250513,을지로3가,한양대,22,6
20250513,을지로3가,한양대,23,4
20250513,을지로3가,합정,0,6
20250513,을지로3가,합정,5,4
20250513,을지로3가,합정,7,6
20250513,을지로3가,합정,8,16
20250513,을지로3가,합정,9,18
20250513,을지로3가,합정,10,19
20250513,을지로3가,합정,11,16
20250513,을지로3가,합정,12,21
20250513,을지로3가,합정,13,13
20250513,을지로3가,합정,14,20
20250513,을지로3가,합정,15,20
20250513,을지로3가,합정,16,35
20250513,을지로3가,합정,17,63
20250513,을지로3가,합정,18,118
20250513,을지로3가,합정,19,56
20250513,을지로3가,합정,20,19
20250513,을지로3가,합정,21,32
20250513,을지로3가,합정,22,23
20250513,을지로3가,합정,23,11
20250513,을지로3가,홍대입구,0,13
20250513,을지로3가,홍대입구,5,2
20250513,을지로3가,홍대입구,6,6
20250513,을지로3가,홍대입구,7,19
20250513,을지로3가,홍대입구,8,33
20250513,을지로3가,홍대입구,9,70
20250513,을지로3가,홍대입구,10,79
20250513,을지로3가,홍대입구,11,93
20250513,을지로3가,홍대입구,12,95
20250513,을지로3가,홍대입구,13,75
20250513,을지로3가,홍대입구,14,66
20250513,을지로3가,홍대입구,15,76
20250513,을지로3가,홍대입구,16,95
20250513,을지로3가,홍대입구,17,146
20250513,을지로3가,홍대입구,18,249
20250513,을지로3가,홍대입구,19,151
20250513,을지로3가,홍대입구,20,72
20250513,을지로3가,홍대입구,21,95
20250513,을지로3가,홍대입구,22,58
20250513,을지로3가,홍대입구,23,43
20250513,을지로4가,강남,7,2
20250513,을지로4가,강남,8,2
20250513,을지로4가,강남,9,15
20250513,을지로4가,강남,10,6
20250513,을지로4가,강남,11,6
20250513,을지로4가,강남,12,1
20250513,을지로4가,강남,13,6
20250513,을지로4가,강남,14,5
20250513,을지로4가,강남,15,5
20250513,을지로4가,강남,16,4
20250513,을지로4가,강남,17,11
20250513,을지로4가,강남,18,4
20250513,을지로4가,강남,19,2
20250513,을지로4가,강남,20,5
20250513,을지로4가,강남,21,2
20250513,을지로4가,강변(동서울터미널),0,2
20250513,을지로4가,강변(동서울터미널),6,3
20250513,을지로4가,강변(동서울터미널),8,1
20250513,을지로4가,강변(동서울터미널),9,5
20250513,을지로4가,강변(동서울터미널),10,6
20250513,을지로4가,강변(동서울터미널),11,4
20250513,을지로4가,강변(동서울터미널),12,3
20250513,을지로4가,강변(동서울터미널),13,12
20250513,을지로4가,강변(동서울터미널),14,15
20250513,을지로4가,강변(동서울터미널),15,12
20250513,을지로4가,강변(동서울터미널),16,9
20250513,을지로4가,강변(동서울터미널),17,35
20250513,을지로4가,강변(동서울터미널),18,40
20250513,을지로4가,강변(동서울터미널),19,15
20250513,을지로4가,강변(동서울터미널),20,7
20250513,을지로4가,강변(동서울터미널),21,6
20250513,을지로4가,강변(동서울터미널),22,3
20250513,을지로4가,강변(동서울터미널),23,5
20250513,을지로4가,건대입구,0,4
20250513,을지로4가,건대입구,6,3
20250513,을지로4가,건대입구,7,2
20250513,을지로4가,건대입구,8,8
20250513,을지로4가,건대입구,9,7
20250513,을지로4가,건대입구,10,8
20250513,을지로4가,건대입구,11,13
20250513,을지로4가,건대입구,12,17
20250513,을지로4가,건대입구,13,13
20250513,을지로4가,건대입구,14,22
20250513,을지로4가,건대입구,15,21
20250513,을지로4가,건대입구,16,29
20250513,을지로4가,건대입구,17,56
20250513,을지로4가,건대입구,18,61
20250513,을지로4가,건대입구,19,28
20250513,을지로4가,건대입구,20,19
20250513,을지로4가,건대입구,21,23
20250513,을지로4가,건대입구,22,12
20250513,을지로4가,건대입구,23,7
20250513,을지로4가,교대(법원.검찰청),5,1
20250513,을지로4가,교대(법원.검찰청),8,2
20250513,을지로4가,교대(법원.검찰청),9,2
20250513,을지로4가,교대(법원.검찰청),11,2
20250513,을지로4가,교대(법원.검찰청),12,3
20250513,을지로4가,교대(법원.검찰청),13,2
20250513,을지로4가,교대(법원.검찰청),14,2
20250513,을지로4가,교대(법원.검찰청),15,1
20250513,을지로4가,교대(법원.검찰청),16,3
20250513,을지로4가,교대(법원.검찰청),17,3
20250513,을지로4가,교대(법원.검찰청),18,2
20250513,을지로4가,교대(법원.검찰청),19,1
20250513,을지로4가,구로디지털단지,0,2
20250513,을지로4가,구로디지털단지,5,1
20250513,을지로4가,구로디지털단지,6,2
20250513,을지로4가,구로디지털단지,7,5
20250513,을지로4가,구로디지털단지,8,5
20250513,을지로4가,구로디지털단지,9,4
20250513,을지로4가,구로디지털단지,10,1
20250513,을지로4가,구로디지털단지,11,6
20250513,을지로4가,구로디지털단지,12,7
20250513,을지로4가,구로디지털단지,13,10
20250513,을지로4가,구로디지털단지,14,7
20250513,을지로4가,구로디지털단지,15,13
20250513,을지로4가,구로디지털단지,16,24
20250513,을지로4가,구로디지털단지,17,51
20250513,을지로4가,구로디지털단지,18,60
20250513,을지로4가,구로디지털단지,19,20
20250513,을지로4가,구로디지털단지,20,12
20250513,을지로4가,구로디지털단지,21,17
20250513,을지로4가,구로디지털단지,22,4
20250513,을지로4가,구로디지털단지,23,4
20250513,을지로4가,구의(광진구청),0,1
20250513,을지로4가,구의(광진구청),5,3
20250513,을지로4가,구의(광진구청),6,1
20250513,을지로4가,구의(광진구청),7,8
20250513,을지로4가,구의(광진구청),8,6
20250513,을지로4가,구의(광진구청),9,4
20250513,을지로4가,구의(광진구청),10,7
20250513,을지로4가,구의(광진구청),11,6
20250513,을지로4가,구의(광진구청),12,9
20250513,을지로4가,구의(광진구청),13,20
20250513,을지로4가,구의(광진구청),14,9
20250513,을지로4가,구의(광진구청),15,17
20250513,을지로4가,구의(광진구청),16,19
20250513,을지로4가,구의(광진구청),17,33
20250513,을지로4가,구의(광진구청),18,69
20250513,을지로4가,구의(광진구청),19,42
20250513,을지로4가,구의(광진구청),20,17
20250513,을지로4가,구의(광진구청),21,15
20250513,을지로4가,구의(광진구청),22,7
20250513,을지로4가,구의(광진구청),23,7
20250513,을지로4가,낙성대,0,2
20250513,을지로4가,낙성대,8,1
20250513,을지로4가,낙성대,10,1
20250513,을지로4가,낙성대,11,1
20250513,을지로4가,낙성대,12,2
20250513,을지로4가,낙성대,13,1
20250513,을지로4가,낙성대,15,3
20250513,을지로4가,낙성대,16,3
20250513,을지로4가,낙성대,17,5
20250513,을지로4가,낙성대,18,6
20250513,을지로4가,낙성대,19,3
20250513,을지로4가,낙성대,20,4
20250513,을지로4가,낙성대,21,1
20250513,을지로4가,낙성대,23,1
20250513,을지로4가,당산,5,1
20250513,을지로4가,당산,6,1
20250513,을지로4가,당산,7,1
20250513,을지로4가,당산,8,8
20250513,을지로4가,당산,9,3
20250513,을지로4가,당산,10,3
20250513,을지로4가,당산,11,8
20250513,을지로4가,당산,12,2
20250513,을지로4가,당산,13,10
20250513,을지로4가,당산,14,11
20250513,을지로4가,당산,15,9
20250513,을지로4가,당산,16,14
20250513,을지로4가,당산,17,56
20250513,을지로4가,당산,18,49
20250513,을지로4가,당산,19,27
20250513,을지로4가,당산,20,26
20250513,을지로4가,당산,21,16
20250513,을지로4가,당산,22,8
20250513,을지로4가,당산,23,5
20250513,을지로4가,대림(구로구청),0,3
20250513,을지로4가,대림(구로구청),7,4
20250513,을지로4가,대림(구로구청),8,1
20250513,을지로4가,대림(구로구청),9,3
20250513,을지로4가,대림(구로구청),10,1
20250513,을지로4가,대림(구로구청),11,2
20250513,을지로4가,대림(구로구청),12,1
20250513,을지로4가,대림(구로구청),13,9
20250513,을지로4가,대림(구로구청),14,8
20250513,을지로4가,대림(구로구청),15,6
20250513,을지로4가,대림(구로구청),16,13
20250513,을지로4가,대림(구로구청),17,19
20250513,을지로4가,대림(구로구청),18,26
20250513,을지로4가,대림(구로구청),19,9
20250513,을지로4가,대림(구로구청),20,9
20250513,을지로4가,대림(구로구청),21,8
20250513,을지로4가,대림(구로구청),22,2
20250513,을지로4가,대림(구로구청),23,2
20250513,을지로4가,동대문역사문화공원,5,1
20250513,을지로4가,동대문역사문화공원,7,4
20250513,을지로4가,동대문역사문화공원,8,4
20250513,을지로4가,동대문역사문화공원,9,7
20250513,을지로4가,동대문역사문화공원,10,21
20250513,을지로4가,동대문역사문화공원,11,22
20250513,을지로4가,동대문역사문화공원,12,10
20250513,을지로4가,동대문역사문화공원,13,22
20250513,을지로4가,동대문역사문화공원,14,20
20250513,을지로4가,동대문역사문화공원,15,16
20250513,을지로4가,동대문역사문화공원,16,13
20250513,을지로4가,동대문역사문화공원,17,9
20250513,을지로4가,동대문역사문화공원,18,22
20250513,을지로4가,동대문역사문화공원,19,15
20250513,을지로4가,동대문역사문화공원,20,9
20250513,을지로4가,동대문역사문화공원,21,3
20250513,을지로4가,동대문역사문화공원,22,4
20250513,을지로4가,동대문역사문화공원,23,5
20250513,을지로4가,뚝섬,0,2
20250513,을지로4가,뚝섬,6,3
20250513,을지로4가,뚝섬,7,4
20250513,을지로4가,뚝섬,8,10
20250513,을지로4가,뚝섬,9,8
20250513,을지로4가,뚝섬,10,22
20250513,을지로4가,뚝섬,11,18
20250513,을지로4가,뚝섬,12,15
20250513,을지로4가,뚝섬,13,13
20250513,을지로4가,뚝섬,14,12
20250513,을지로4가,뚝섬,15,14
20250513,을지로4가,뚝섬,16,24
20250513,을지로4가,뚝섬,17,35
20250513,을지로4가,뚝섬,18,32
20250513,을지로4가,뚝섬,19,22
20250513,을지로4가,뚝섬,20,11
20250513,을지로4가,뚝섬,21,10
20250513,을지로4가,뚝섬,22,3
20250513,을지로4가,뚝섬,23,3
20250513,을지로4가,문래,5,1
20250513,을지로4가,문래,7,3
20250513,을지로4가,문래,8,3
20250513,을지로4가,문래,9,3
20250513,을지로4가,문래,10,2
20250513,을지로4가,문래,11,4
20250513,을지로4가,문래,12,2
20250513,을지로4가,문래,13,11
20250513,을지로4가,문래,14,3
20250513,을지로4가,문래,15,2
20250513,을지로4가,문래,16,4
20250513,을지로4가,문래,17,21
20250513,을지로4가,문래,18,22
20250513,을지로4가,문래,19,8
20250513,을지로4가,문래,20,9
20250513,을지로4가,문래,21,6
20250513,을지로4가,문래,22,5
20250513,을지로4가,문래,23,4
20250513,을지로4가,방배,11,1
20250513,을지로4가,방배,13,1
20250513,을지로4가,방배,14,3
20250513,을지로4가,방배,16,1
20250513,을지로4가,방배,17,1
20250513,을지로4가,방배,21,1
20250513,을지로4가,방배,22,1
20250513,을지로4가,봉천,8,1
20250513,을지로4가,봉천,10,1
20250513,을지로4가,봉천,11,1
20250513,을지로4가,봉천,14,2
20250513,을지로4가,봉천,15,5
20250513,을지로4가,봉천,16,8
20250513,을지로4가,봉천,17,18
20250513,을지로4가,봉천,18,16
20250513,을지로4가,봉천,19,3
20250513,을지로4가,봉천,20,2
20250513,을지로4가,봉천,21,1
20250513,을지로4가,봉천,22,7
20250513,을지로4가,봉천,23,1
20250513,을지로4가,사당,6,1
20250513,을지로4가,사당,9,2
20250513,을지로4가,사당,11,1
20250513,을지로4가,사당,12,1
20250513,을지로4가,사당,13,3
20250513,을지로4가,사당,14,2
20250513,을지로4가,사당,15,3
20250513,을지로4가,사당,16,2
20250513,을지로4가,사당,17,4
20250513,을지로4가,사당,18,5
20250513,을지로4가,사당,19,2
20250513,을지로4가,사당,21,1
20250513,을지로4가,삼성(무역센터),5,2
20250513,을지로4가,삼성(무역센터),7,9
20250513,을지로4가,삼성(무역센터),8,27
20250513,을지로4가,삼성(무역센터),9,12
20250513,을지로4가,삼성(무역센터),10,23
20250513,을지로4가,삼성(무역센터),11,12
20250513,을지로4가,삼성(무역센터),12,6
20250513,을지로4가,삼성(무역센터),13,20
20250513,을지로4가,삼성(무역센터),14,15
20250513,을지로4가,삼성(무역센터),15,12
20250513,을지로4가,삼성(무역센터),16,10
20250513,을지로4가,삼성(무역센터),17,16
20250513,을지로4가,삼성(무역센터),18,13
20250513,을지로4가,삼성(무역센터),19,3
20250513,을지로4가,삼성(무역센터),20,3
20250513,을지로4가,상왕십리,0,2
20250513,을지로4가,상왕십리,5,1
20250513,을지로4가,상왕십리,6,1
20250513,을지로4가,상왕십리,8,2
20250513,을지로4가,상왕십리,9,7
20250513,을지로4가,상왕십리,10,11
20250513,을지로4가,상왕십리,11,7
20250513,을지로4가,상왕십리,12,8
20250513,을지로4가,상왕십리,13,14
20250513,을지로4가,상왕십리,14,23
20250513,을지로4가,상왕십리,15,21
20250513,을지로4가,상왕십리,16,29
20250513,을지로4가,상왕십리,17,32
20250513,을지로4가,상왕십리,18,45
20250513,을지로4가,상왕십리,19,21
20250513,을지로4가,상왕십리,20,13
20250513,을지로4가,상왕십리,21,12
20250513,을지로4가,상왕십리,22,7
20250513,을지로4가,상왕십리,23,6
20250513,을지로4가,서울대입구(관악구청),8,2
20250513,을지로4가,서울대입구(관악구청),11,4
20250513,을지로4가,서울대입구(관악구청),12,2
20250513,을지로4가,서울대입구(관악구청),13,4
20250513,을지로4가,서울대입구(관악구청),14,4
20250513,을지로4가,서울대입구(관악구청),15,2
20250513,을지로4가,서울대입구(관악구청),16,7
20250513,을지로4가,서울대입구(관악구청),17,16
20250513,을지로4가,서울대입구(관악구청),18,18
20250513,을지로4가,서울대입구(관악구청),19,6
20250513,을지로4가,서울대입구(관악구청),20,4
20250513,을지로4가,서울대입구(관악구청),21,5
20250513,을지로4가,서울대입구(관악구청),22,1
20250513,을지로4가,서울대입구(관악구청),23,2
20250513,을지로4가,서초,6,1
20250513,을지로4가,서초,7,1
20250513,을지로4가,서초,13,1
20250513,을지로4가,서초,14,3
20250513,을지로4가,서초,18,1
20250513,을지로4가,선릉,7,9
20250513,을지로4가,선릉,8,15
20250513,을지로4가,선릉,9,3
20250513,을지로4가,선릉,10,6
20250513,을지로4가,선릉,11,4
20250513,을지로4가,선릉,12,5
20250513,을지로4가,선릉,13,5
20250513,을지로4가,선릉,14,6
20250513,을지로4가,선릉,15,2
20250513,을지로4가,선릉,16,7
20250513,을지로4가,선릉,17,10
20250513,을지로4가,선릉,18,3
20250513,을지로4가,선릉,19,6
20250513,을지로4가,선릉,20,4
20250513,을지로4가,선릉,22,3
20250513,을지로4가,선릉,23,1
20250513,을지로4가,성수,0,3
20250513,을지로4가,성수,5,3
20250513,을지로4가,성수,6,1
20250513,을지로4가,성수,7,14
20250513,을지로4가,성수,8,15
20250513,을지로4가,성수,9,22
20250513,을지로4가,성수,10,83
20250513,을지로4가,성수,11,61
20250513,을지로4가,성수,12,47
20250513,을지로4가,성수,13,55
20250513,을지로4가,성수,14,37
20250513,을지로4가,성수,15,42
20250513,을지로4가,성수,16,40
20250513,을지로4가,성수,17,31
20250513,을지로4가,성수,18,50
20250513,을지로4가,성수,19,17
20250513,을지로4가,성수,20,7
20250513,을지로4가,성수,21,8
20250513,을지로4가,성수,22,3
20250513,을지로4가,성수,23,1
20250513,을지로4가,시청,5,1
20250513,을지로4가,시청,6,6
20250513,을지로4가,시청,7,14
20250513,을지로4가,시청,8,20
20250513,을지로4가,시청,9,13
20250513,을지로4가,시청,10,13
20250513,을지로4가,시청,11,10
20250513,을지로4가,시청,12,32
20250513,을지로4가,시청,13,18
20250513,을지로4가,시청,14,27
20250513,을지로4가,시청,15,17
20250513,을지로4가,시청,16,16
20250513,을지로4가,시청,17,39
20250513,을지로4가,시청,18,17
20250513,을지로4가,시청,19,2
20250513,을지로4가,시청,20,9
20250513,을지로4가,시청,21,4
20250513,을지로4가,시청,22,7
20250513,을지로4가,시청,23,3
20250513,을지로4가,신당,0,2
20250513,을지로4가,신당,5,1
20250513,을지로4가,신당,6,2
20250513,을지로4가,신당,7,1
20250513,을지로4가,신당,8,11
20250513,을지로4가,신당,9,10
20250513,을지로4가,신당,10,14
20250513,을지로4가,신당,11,15
20250513,을지로4가,신당,12,24
20250513,을지로4가,신당,13,23
20250513,을지로4가,신당,14,46
20250513,을지로4가,신당,15,36
20250513,을지로4가,신당,16,33
20250513,을지로4가,신당,17,60
20250513,을지로4가,신당,18,69
20250513,을지로4가,신당,19,37
20250513,을지로4가,신당,20,12
20250513,을지로4가,신당,21,13
20250513,을지로4가,신당,22,14
20250513,을지로4가,신당,23,4
20250513,을지로4가,신대방,9,2
20250513,을지로4가,신대방,11,6
20250513,을지로4가,신대방,12,2
20250513,을지로4가,신대방,13,2
20250513,을지로4가,신대방,14,12
20250513,을지로4가,신대방,15,4
20250513,을지로4가,신대방,16,14
20250513,을지로4가,신대방,17,25
20250513,을지로4가,신대방,18,35
20250513,을지로4가,신대방,19,14
20250513,을지로4가,신대방,20,5
20250513,을지로4가,신대방,21,8
20250513,을지로4가,신대방,22,5
20250513,을지로4가,신대방,23,1
20250513,을지로4가,신도림,0,4
20250513,을지로4가,신도림,6,3
20250513,을지로4가,신도림,7,1
20250513,을지로4가,신도림,9,1
20250513,을지로4가,신도림,10,4
20250513,을지로4가,신도림,11,6
20250513,을지로4가,신도림,12,5
20250513,을지로4가,신도림,13,3
20250513,을지로4가,신도림,14,8
20250513,을지로4가,신도림,15,12
20250513,을지로4가,신도림,16,15
20250513,을지로4가,신도림,17,39
20250513,을지로4가,신도림,18,49
20250513,을지로4가,신도림,19,24
20250513,을지로4가,신도림,20,12
20250513,을지로4가,신도림,21,12
20250513,을지로4가,신도림,22,8
20250513,을지로4가,신도림,23,3
20250513,을지로4가,신림,7,4
20250513,을지로4가,신림,8,1
20250513,을지로4가,신림,9,1
20250513,을지로4가,신림,10,2
20250513,을지로4가,신림,11,2
20250513,을지로4가,신림,12,3
20250513,을지로4가,신림,13,7
20250513,을지로4가,신림,14,9
20250513,을지로4가,신림,15,6
20250513,을지로4가,신림,16,13
20250513,을지로4가,신림,17,26
20250513,을지로4가,신림,18,45
20250513,을지로4가,신림,19,12
20250513,을지로4가,신림,20,8
20250513,을지로4가,신림,21,12
20250513,을지로4가,신림,22,6
20250513,을지로4가,신림,23,6
20250513,을지로4가,신촌,0,2
20250513,을지로4가,신촌,5,3
20250513,을지로4가,신촌,6,2
20250513,을지로4가,신촌,7,5
20250513,을지로4가,신촌,8,19
20250513,을지로4가,신촌,9,8
20250513,을지로4가,신촌,10,17
20250513,을지로4가,신촌,11,17
20250513,을지로4가,신촌,12,19
20250513,을지로4가,신촌,13,25
20250513,을지로4가,신촌,14,22
20250513,을지로4가,신촌,15,17
20250513,을지로4가,신촌,16,26
20250513,을지로4가,신촌,17,50
20250513,을지로4가,신촌,18,64
20250513,을지로4가,신촌,19,25
20250513,을지로4가,신촌,20,16
20250513,을지로4가,신촌,21,21
20250513,을지로4가,신촌,22,9
20250513,을지로4가,신촌,23,7
20250513,을지로4가,아현,8,2
20250513,을지로4가,아현,9,5
20250513,을지로4가,아현,10,5
20250513,을지로4가,아현,11,5
20250513,을지로4가,아현,12,3
20250513,을지로4가,아현,13,3
20250513,을지로4가,아현,14,13
20250513,을지로4가,아현,15,12
20250513,을지로4가,아현,16,8
20250513,을지로4가,아현,17,33
20250513,을지로4가,아현,18,26
20250513,을지로4가,아현,19,28
20250513,을지로4가,아현,20,7
20250513,을지로4가,아현,21,8
20250513,을지로4가,아현,22,5
20250513,을지로4가,아현,23,1
20250513,을지로4가,역삼,6,2
20250513,을지로4가,역삼,7,8
20250513,을지로4가,역삼,8,6
20250513,을지로4가,역삼,9,5
20250513,을지로4가,역삼,10,1
20250513,을지로4가,역삼,11,2
20250513,을지로4가,역삼,12,2
20250513,을지로4가,역삼,13,2
20250513,을지로4가,역삼,14,2
20250513,을지로4가,역삼,15,7
20250513,을지로4가,역삼,16,6
20250513,을지로4가,역삼,17,6
20250513,을지로4가,역삼,18,8
20250513,을지로4가,역삼,19,2
20250513,을지로4가,역삼,20,2
20250513,을지로4가,역삼,21,2
20250513,을지로4가,역삼,22,1
20250513,을지로4가,영등포구청,0,1
20250513,을지로4가,영등포구청,6,2
20250513,을지로4가,영등포구청,7,6
20250513,을지로4가,영등포구청,8,5
20250513,을지로4가,영등포구청,9,2
20250513,을지로4가,영등포구청,10,2
20250513,을지로4가,영등포구청,11,6
20250513,을지로4가,영등포구청,12,4
20250513,을지로4가,영등포구청,13,7
20250513,을지로4가,영등포구청,14,7
20250513,을지로4가,영등포구청,15,6
20250513,을지로4가,영등포구청,16,8
20250513,을지로4가,영등포구청,17,20
20250513,을지로4가,영등포구청,18,16
20250513,을지로4가,영등포구청,19,10
20250513,을지로4가,영등포구청,20,8
20250513,을지로4가,영등포구청,21,6
20250513,을지로4가,영등포구청,22,4
20250513,을지로4가,영등포구청,23,2
20250513,을지로4가,왕십리(성동구청),6,1
20250513,을지로4가,왕십리(성동구청),7,2
20250513,을지로4가,왕십리(성동구청),8,2
20250513,을지로4가,왕십리(성동구청),9,2
20250513,을지로4가,왕십리(성동구청),10,6
20250513,을지로4가,왕십리(성동구청),11,11
20250513,을지로4가,왕십리(성동구청),12,4
20250513,을지로4가,왕십리(성동구청),13,4
20250513,을지로4가,왕십리(성동구청),14,14
20250513,을지로4가,왕십리(성동구청),15,16
20250513,을지로4가,왕십리(성동구청),16,16
20250513,을지로4가,왕십리(성동구청),17,32
20250513,을지로4가,왕십리(성동구청),18,40
20250513,을지로4가,왕십리(성동구청),19,16
20250513,을지로4가,왕십리(성동구청),20,4
20250513,을지로4가,왕십리(성동구청),21,10
20250513,을지로4가,왕십리(성동구청),22,8
20250513,을지로4가,왕십리(성동구청),23,3
20250513,을지로4가,용두(동대문구청),9,1
20250513,을지로4가,용두(동대문구청),10,1
20250513,을지로4가,용두(동대문구청),21,1
20250513,을지로4가,을지로3가,5,1
20250513,을지로4가,을지로3가,6,3
20250513,을지로4가,을지로3가,7,4
20250513,을지로4가,을지로3가,8,16
20250513,을지로4가,을지로3가,9,15
20250513,을지로4가,을지로3가,10,12
20250513,을지로4가,을지로3가,11,16
20250513,을지로4가,을지로3가,12,16
20250513,을지로4가,을지로3가,13,23
20250513,을지로4가,을지로3가,14,7
20250513,을지로4가,을지로3가,15,15
20250513,을지로4가,을지로3가,16,16
20250513,을지로4가,을지로3가,17,24
20250513,을지로4가,을지로3가,18,26
20250513,을지로4가,을지로3가,19,10
20250513,을지로4가,을지로3가,20,13
20250513,을지로4가,을지로3가,21,6
20250513,을지로4가,을지로3가,22,9
20250513,을지로4가,을지로3가,23,2
20250513,을지로4가,을지로4가,0,2
20250513,을지로4가,을지로4가,6,1
20250513,을지로4가,을지로4가,7,8
20250513,을지로4가,을지로4가,8,5
20250513,을지로4가,을지로4가,9,19
20250513,을지로4가,을지로4가,10,20
20250513,을지로4가,을지로4가,11,16
20250513,을지로4가,을지로4가,12,21
20250513,을지로4가,을지로4가,13,17
20250513,을지로4가,을지로4가,14,34
20250513,을지로4가,을지로4가,15,15
20250513,을지로4가,을지로4가,16,32
20250513,을지로4가,을지로4가,17,23
20250513,을지로4가,을지로4가,18,22
20250513,을지로4가,을지로4가,19,18
20250513,을지로4가,을지로4가,20,11
20250513,을지로4가,을지로4가,21,21
20250513,을지로4가,을지로4가,22,5
20250513,을지로4가,을지로4가,23,7
20250513,을지로4가,을지로입구,0,1
20250513,을지로4가,을지로입구,5,1
20250513,을지로4가,을지로입구,6,5
20250513,을지로4가,을지로입구,7,26
20250513,을지로4가,을지로입구,8,49
20250513,을지로4가,을지로입구,9,46
20250513,을지로4가,을지로입구,10,43
20250513,을지로4가,을지로입구,11,65
20250513,을지로4가,을지로입구,12,45
20250513,을지로4가,을지로입구,13,53
20250513,을지로4가,을지로입구,14,46
20250513,을지로4가,을지로입구,15,66
20250513,을지로4가,을지로입구,16,49
20250513,을지로4가,을지로입구,17,89
20250513,을지로4가,을지로입구,18,68
20250513,을지로4가,을지로입구,19,47
20250513,을지로4가,을지로입구,20,25
20250513,을지로4가,을지로입구,21,15
20250513,을지로4가,을지로입구,22,6
20250513,을지로4가,을지로입구,23,2
20250513,을지로4가,이대,6,1
20250513,을지로4가,이대,8,7
20250513,을지로4가,이대,9,8
20250513,을지로4가,이대,10,11
20250513,을지로4가,이대,11,11
20250513,을지로4가,이대,12,8
20250513,을지로4가,이대,13,11
20250513,을지로4가,이대,14,9
20250513,을지로4가,이대,15,12
20250513,을지로4가,이대,16,15
20250513,을지로4가,이대,17,27
20250513,을지로4가,이대,18,37
20250513,을지로4가,이대,19,25
20250513,을지로4가,이대,20,4
20250513,을지로4가,이대,21,8
20250513,을지로4가,이대,22,9
20250513,을지로4가,이대,23,6
20250513,을지로4가,잠실(송파구청),5,3
20250513,을지로4가,잠실(송파구청),6,1
20250513,을지로4가,잠실(송파구청),7,8
20250513,을지로4가,잠실(송파구청),8,26
20250513,을지로4가,잠실(송파구청),9,35
20250513,을지로4가,잠실(송파구청),10,29
20250513,을지로4가,잠실(송파구청),11,23
20250513,을지로4가,잠실(송파구청),12,25
20250513,을지로4가,잠실(송파구청),13,31
20250513,을지로4가,잠실(송파구청),14,29
20250513,을지로4가,잠실(송파구청),15,42
20250513,을지로4가,잠실(송파구청),16,33
20250513,을지로4가,잠실(송파구청),17,58
20250513,을지로4가,잠실(송파구청),18,81
20250513,을지로4가,잠실(송파구청),19,25
20250513,을지로4가,잠실(송파구청),20,24
20250513,을지로4가,잠실(송파구청),21,12
20250513,을지로4가,잠실(송파구청),22,14
20250513,을지로4가,잠실(송파구청),23,6
20250513,을지로4가,잠실나루,5,3
20250513,을지로4가,잠실나루,6,1
20250513,을지로4가,잠실나루,8,1
20250513,을지로4가,잠실나루,9,1
20250513,을지로4가,잠실나루,10,5
20250513,을지로4가,잠실나루,11,6
20250513,을지로4가,잠실나루,12,5
20250513,을지로4가,잠실나루,13,7
20250513,을지로4가,잠실나루,14,7
20250513,을지로4가,잠실나루,15,7
20250513,을지로4가,잠실나루,16,3
20250513,을지로4가,잠실나루,17,24
20250513,을지로4가,잠실나루,18,19
20250513,을지로4가,잠실나루,19,13
20250513,을지로4가,잠실나루,20,10
20250513,을지로4가,잠실나루,21,4
20250513,을지로4가,잠실나루,22,5
20250513,을지로4가,잠실나루,23,4
20250513,을지로4가,잠실새내,5,2
20250513,을지로4가,잠실새내,7,2
20250513,을지로4가,잠실새내,8,1
20250513,을지로4가,잠실새내,9,3
20250513,을지로4가,잠실새내,10,3
20250513,을지로4가,잠실새내,11,9
20250513,을지로4가,잠실새내,12,8
20250513,을지로4가,잠실새내,13,7
20250513,을지로4가,잠실새내,14,14
20250513,을지로4가,잠실새내,15,5
20250513,을지로4가,잠실새내,16,3
20250513,을지로4가,잠실새내,17,35
20250513,을지로4가,잠실새내,18,39
20250513,을지로4가,잠실새내,19,12
20250513,을지로4가,잠실새내,20,16
20250513,을지로4가,잠실새내,21,9
20250513,을지로4가,잠실새내,22,6
20250513,을지로4가,잠실새내,23,3
20250513,을지로4가,종합운동장,5,1
20250513,을지로4가,종합운동장,7,2
20250513,을지로4가,종합운동장,10,1
20250513,을지로4가,종합운동장,11,7
20250513,을지로4가,종합운동장,12,2
20250513,을지로4가,종합운동장,13,2
20250513,을지로4가,종합운동장,14,1
20250513,을지로4가,종합운동장,15,7
20250513,을지로4가,종합운동장,16,16
20250513,을지로4가,종합운동장,17,38
20250513,을지로4가,종합운동장,18,18
20250513,을지로4가,종합운동장,19,5
20250513,을지로4가,종합운동장,20,2
20250513,을지로4가,종합운동장,21,1
20250513,을지로4가,종합운동장,22,2
20250513,을지로4가,종합운동장,23,2
20250513,을지로4가,충정로(경기대입구),7,1
20250513,을지로4가,충정로(경기대입구),8,4
20250513,을지로4가,충정로(경기대입구),9,4
20250513,을지로4가,충정로(경기대입구),10,1
20250513,을지로4가,충정로(경기대입구),11,9
20250513,을지로4가,충정로(경기대입구),12,5
20250513,을지로4가,충정로(경기대입구),13,9
20250513,을지로4가,충정로(경기대입구),14,10
20250513,을지로4가,충정로(경기대입구),15,12
20250513,을지로4가,충정로(경기대입구),16,7
20250513,을지로4가,충정로(경기대입구),17,13
20250513,을지로4가,충정로(경기대입구),18,27
20250513,을지로4가,충정로(경기대입구),19,10
20250513,을지로4가,충정로(경기대입구),20,10
20250513,을지로4가,충정로(경기대입구),21,6
20250513,을지로4가,충정로(경기대입구),22,6
20250513,을지로4가,충정로(경기대입구),23,2
20250513,을지로4가,한양대,5,1
20250513,을지로4가,한양대,8,11
20250513,을지로4가,한양대,9,9
20250513,을지로4가,한양대,10,5
20250513,을지로4가,한양대,11,6
20250513,을지로4가,한양대,12,6
20250513,을지로4가,한양대,13,2
20250513,을지로4가,한양대,14,4
20250513,을지로4가,한양대,15,6
20250513,을지로4가,한양대,16,8
20250513,을지로4가,한양대,17,7
20250513,을지로4가,한양대,18,8
20250513,을지로4가,한양대,19,5
20250513,을지로4가,한양대,20,5
20250513,을지로4가,한양대,21,4
20250513,을지로4가,한양대,22,1
20250513,을지로4가,한양대,23,1
20250513,을지로4가,합정,0,3
20250513,을지로4가,합정,6,1
20250513,을지로4가,합정,7,3
20250513,을지로4가,합정,8,9
20250513,을지로4가,합정,9,5
20250513,을지로4가,합정,10,8
20250513,을지로4가,합정,11,6
20250513,을지로4가,합정,12,11
20250513,을지로4가,합정,13,6
20250513,을지로4가,합정,14,14
20250513,을지로4가,합정,15,18
20250513,을지로4가,합정,16,16
20250513,을지로4가,합정,17,34
20250513,을지로4가,합정,18,53
20250513,을지로4가,합정,19,15
20250513,을지로4가,합정,20,15
20250513,을지로4가,합정,21,21
20250513,을지로4가,합정,22,4
20250513,을지로4가,합정,23,8
20250513,을지로4가,홍대입구,0,5
20250513,을지로4가,홍대입구,6,1
20250513,을지로4가,홍대입구,7,5
20250513,을지로4가,홍대입구,8,7
20250513,을지로4가,홍대입구,9,26
20250513,을지로4가,홍대입구,10,30
20250513,을지로4가,홍대입구,11,36
20250513,을지로4가,홍대입구,12,44
20250513,을지로4가,홍대입구,13,33
20250513,을지로4가,홍대입구,14,53
20250513,을지로4가,홍대입구,15,37
20250513,을지로4가,홍대입구,16,47
20250513,을지로4가,홍대입구,17,96
20250513,을지로4가,홍대입구,18,86
20250513,을지로4가,홍대입구,19,45
20250513,을지로4가,홍대입구,20,37
20250513,을지로4가,홍대입구,21,21
20250513,을지로4가,홍대입구,22,13
20250513,을지로4가,홍대입구,23,9
20250513,을지로입구,강남,8,5
20250513,을지로입구,강남,9,3
20250513,을지로입구,강남,10,13
20250513,을지로입구,강남,11,11
20250513,을지로입구,강남,12,6
20250513,을지로입구,강남,13,9
20250513,을지로입구,강남,14,22
20250513,을지로입구,강남,15,14
20250513,을지로입구,강남,16,18
20250513,을지로입구,강남,17,23
20250513,을지로입구,강남,18,29
20250513,을지로입구,강남,19,14
20250513,을지로입구,강남,20,6
20250513,을지로입구,강남,21,4
20250513,을지로입구,강남,23,1
20250513,을지로입구,강변(동서울터미널),0,2
20250513,을지로입구,강변(동서울터미널),7,1
20250513,을지로입구,강변(동서울터미널),8,2
20250513,을지로입구,강변(동서울터미널),10,6
20250513,을지로입구,강변(동서울터미널),11,7
20250513,을지로입구,강변(동서울터미널),12,10
20250513,을지로입구,강변(동서울터미널),13,19
20250513,을지로입구,강변(동서울터미널),14,15
20250513,을지로입구,강변(동서울터미널),15,25
20250513,을지로입구,강변(동서울터미널),16,28
20250513,을지로입구,강변(동서울터미널),17,59
20250513,을지로입구,강변(동서울터미널),18,121
20250513,을지로입구,강변(동서울터미널),19,53
20250513,을지로입구,강변(동서울터미널),20,47
20250513,을지로입구,강변(동서울터미널),21,46
20250513,을지로입구,강변(동서울터미널),22,27
20250513,을지로입구,강변(동서울터미널),23,7
20250513,을지로입구,건대입구,0,8
20250513,을지로입구,건대입구,5,3
20250513,을지로입구,건대입구,7,3
20250513,을지로입구,건대입구,8,2
20250513,을지로입구,건대입구,9,6
20250513,을지로입구,건대입구,10,12
20250513,을지로입구,건대입구,11,21
20250513,을지로입구,건대입구,12,13
20250513,을지로입구,건대입구,13,33
20250513,을지로입구,건대입구,14,33
20250513,을지로입구,건대입구,15,35
20250513,을지로입구,건대입구,16,58
20250513,을지로입구,건대입구,17,114
20250513,을지로입구,건대입구,18,190
20250513,을지로입구,건대입구,19,86
20250513,을지로입구,건대입구,20,82
20250513,을지로입구,건대입구,21,86
20250513,을지로입구,건대입구,22,65
20250513,을지로입구,건대입구,23,45
20250513,을지로입구,교대(법원.검찰청),0,1
20250513,을지로입구,교대(법원.검찰청),6,1
20250513,을지로입구,교대(법원.검찰청),8,1
20250513,을지로입구,교대(법원.검찰청),9,5
20250513,을지로입구,교대(법원.검찰청),10,3
20250513,을지로입구,교대(법원.검찰청),11,3
20250513,을지로입구,교대(법원.검찰청),12,3
20250513,을지로입구,교대(법원.검찰청),13,16
20250513,을지로입구,교대(법원.검찰청),14,8
20250513,을지로입구,교대(법원.검찰청),15,4
20250513,을지로입구,교대(법원.검찰청),16,3
20250513,을지로입구,교대(법원.검찰청),17,12
20250513,을지로입구,교대(법원.검찰청),18,25
20250513,을지로입구,교대(법원.검찰청),19,8
20250513,을지로입구,교대(법원.검찰청),20,3
20250513,을지로입구,교대(법원.검찰청),21,9
20250513,을지로입구,교대(법원.검찰청),22,2
20250513,을지로입구,교대(법원.검찰청),23,1
20250513,을지로입구,구로디지털단지,0,1
20250513,을지로입구,구로디지털단지,5,3
20250513,을지로입구,구로디지털단지,6,3
20250513,을지로입구,구로디지털단지,7,6
20250513,을지로입구,구로디지털단지,8,4
20250513,을지로입구,구로디지털단지,9,7
20250513,을지로입구,구로디지털단지,10,8
20250513,을지로입구,구로디지털단지,11,10
20250513,을지로입구,구로디지털단지,12,19
20250513,을지로입구,구로디지털단지,13,17
20250513,을지로입구,구로디지털단지,14,24
20250513,을지로입구,구로디지털단지,15,41
20250513,을지로입구,구로디지털단지,16,51
20250513,을지로입구,구로디지털단지,17,92
20250513,을지로입구,구로디지털단지,18,197
20250513,을지로입구,구로디지털단지,19,92
20250513,을지로입구,구로디지털단지,20,99
20250513,을지로입구,구로디지털단지,21,68
20250513,을지로입구,구로디지털단지,22,62
20250513,을지로입구,구로디지털단지,23,32
20250513,을지로입구,구의(광진구청),0,3
20250513,을지로입구,구의(광진구청),5,2
20250513,을지로입구,구의(광진구청),6,2
20250513,을지로입구,구의(광진구청),7,2
20250513,을지로입구,구의(광진구청),8,3
20250513,을지로입구,구의(광진구청),9,3
20250513,을지로입구,구의(광진구청),10,2
20250513,을지로입구,구의(광진구청),11,9
20250513,을지로입구,구의(광진구청),12,9
20250513,을지로입구,구의(광진구청),13,13
20250513,을지로입구,구의(광진구청),14,15
20250513,을지로입구,구의(광진구청),15,29
20250513,을지로입구,구의(광진구청),16,38
20250513,을지로입구,구의(광진구청),17,82
20250513,을지로입구,구의(광진구청),18,167
20250513,을지로입구,구의(광진구청),19,72
20250513,을지로입구,구의(광진구청),20,64
20250513,을지로입구,구의(광진구청),21,50
20250513,을지로입구,구의(광진구청),22,35
20250513,을지로입구,구의(광진구청),23,21
20250513,을지로입구,낙성대,8,1
20250513,을지로입구,낙성대,10,2
20250513,을지로입구,낙성대,11,1
20250513,을지로입구,낙성대,12,6
20250513,을지로입구,낙성대,13,7
20250513,을지로입구,낙성대,14,3
20250513,을지로입구,낙성대,15,8
20250513,을지로입구,낙성대,16,6
20250513,을지로입구,낙성대,17,20
20250513,을지로입구,낙성대,18,25
20250513,을지로입구,낙성대,19,13
20250513,을지로입구,낙성대,20,12
20250513,을지로입구,낙성대,21,10
20250513,을지로입구,낙성대,22,5
20250513,을지로입구,낙성대,23,5
20250513,을지로입구,당산,5,3
20250513,을지로입구,당산,6,5
20250513,을지로입구,당산,7,16
20250513,을지로입구,당산,8,13
20250513,을지로입구,당산,9,16
20250513,을지로입구,당산,10,8
20250513,을지로입구,당산,11,14
20250513,을지로입구,당산,12,20
20250513,을지로입구,당산,13,27
20250513,을지로입구,당산,14,41
20250513,을지로입구,당산,15,43
20250513,을지로입구,당산,16,66
20250513,을지로입구,당산,17,173
20250513,을지로입구,당산,18,321
20250513,을지로입구,당산,19,159
20250513,을지로입구,당산,20,107
20250513,을지로입구,당산,21,91
20250513,을지로입구,당산,22,60
20250513,을지로입구,당산,23,42
20250513,을지로입구,대림(구로구청),0,3
20250513,을지로입구,대림(구로구청),5,3
20250513,을지로입구,대림(구로구청),7,2
20250513,을지로입구,대림(구로구청),8,3
20250513,을지로입구,대림(구로구청),9,4
20250513,을지로입구,대림(구로구청),10,5
20250513,을지로입구,대림(구로구청),11,6
20250513,을지로입구,대림(구로구청),12,13
20250513,을지로입구,대림(구로구청),13,7
20250513,을지로입구,대림(구로구청),14,15
20250513,을지로입구,대림(구로구청),15,20
20250513,을지로입구,대림(구로구청),16,29
20250513,을지로입구,대림(구로구청),17,53
20250513,을지로입구,대림(구로구청),18,93
20250513,을지로입구,대림(구로구청),19,49
20250513,을지로입구,대림(구로구청),20,65
20250513,을지로입구,대림(구로구청),21,40
20250513,을지로입구,대림(구로구청),22,45
20250513,을지로입구,대림(구로구청),23,32
20250513,을지로입구,동대문역사문화공원,0,5
20250513,을지로입구,동대문역사문화공원,5,2
20250513,을지로입구,동대문역사문화공원,6,2
20250513,을지로입구,동대문역사문화공원,7,3
20250513,을지로입구,동대문역사문화공원,8,13
20250513,을지로입구,동대문역사문화공원,9,9
20250513,을지로입구,동대문역사문화공원,10,18
20250513,을지로입구,동대문역사문화공원,11,38
20250513,을지로입구,동대문역사문화공원,12,33
20250513,을지로입구,동대문역사문화공원,13,55
20250513,을지로입구,동대문역사문화공원,14,45
20250513,을지로입구,동대문역사문화공원,15,56
20250513,을지로입구,동대문역사문화공원,16,66
20250513,을지로입구,동대문역사문화공원,17,57
20250513,을지로입구,동대문역사문화공원,18,93
20250513,을지로입구,동대문역사문화공원,19,75
20250513,을지로입구,동대문역사문화공원,20,91
20250513,을지로입구,동대문역사문화공원,21,61
20250513,을지로입구,동대문역사문화공원,22,36
20250513,을지로입구,동대문역사문화공원,23,23
20250513,을지로입구,뚝섬,0,4
20250513,을지로입구,뚝섬,5,1
20250513,을지로입구,뚝섬,6,2
20250513,을지로입구,뚝섬,7,8
20250513,을지로입구,뚝섬,8,13
20250513,을지로입구,뚝섬,9,19
20250513,을지로입구,뚝섬,10,35
20250513,을지로입구,뚝섬,11,25
20250513,을지로입구,뚝섬,12,31
20250513,을지로입구,뚝섬,13,47
20250513,을지로입구,뚝섬,14,41
20250513,을지로입구,뚝섬,15,26
20250513,을지로입구,뚝섬,16,40
20250513,을지로입구,뚝섬,17,41
20250513,을지로입구,뚝섬,18,101
20250513,을지로입구,뚝섬,19,30
20250513,을지로입구,뚝섬,20,25
20250513,을지로입구,뚝섬,21,25
20250513,을지로입구,뚝섬,22,12
20250513,을지로입구,뚝섬,23,5
20250513,을지로입구,문래,0,3
20250513,을지로입구,문래,5,1
20250513,을지로입구,문래,6,6
20250513,을지로입구,문래,7,19
20250513,을지로입구,문래,8,15
20250513,을지로입구,문래,9,9
20250513,을지로입구,문래,10,5
20250513,을지로입구,문래,11,10
20250513,을지로입구,문래,12,20
20250513,을지로입구,문래,13,21
20250513,을지로입구,문래,14,13
20250513,을지로입구,문래,15,22
20250513,을지로입구,문래,16,19
20250513,을지로입구,문래,17,70
20250513,을지로입구,문래,18,115
20250513,을지로입구,문래,19,66
20250513,을지로입구,문래,20,38
20250513,을지로입구,문래,21,24
20250513,을지로입구,문래,22,23
20250513,을지로입구,문래,23,9
20250513,을지로입구,방배,11,1
20250513,을지로입구,방배,12,2
20250513,을지로입구,방배,13,3
20250513,을지로입구,방배,15,1
20250513,을지로입구,방배,17,7
20250513,을지로입구,방배,18,5
20250513,을지로입구,방배,19,4
20250513,을지로입구,방배,20,2
20250513,을지로입구,방배,21,3
20250513,을지로입구,방배,22,1
20250513,을지로입구,방배,23,1
20250513,을지로입구,봉천,0,2
20250513,을지로입구,봉천,8,4
20250513,을지로입구,봉천,10,4
20250513,을지로입구,봉천,11,1
20250513,을지로입구,봉천,12,2
20250513,을지로입구,봉천,13,7
20250513,을지로입구,봉천,14,5
20250513,을지로입구,봉천,15,6
20250513,을지로입구,봉천,16,16
20250513,을지로입구,봉천,17,31
20250513,을지로입구,봉천,18,49
20250513,을지로입구,봉천,19,25
20250513,을지로입구,봉천,20,30
20250513,을지로입구,봉천,21,16
20250513,을지로입구,봉천,22,8
20250513,을지로입구,봉천,23,3
20250513,을지로입구,사당,9,1
20250513,을지로입구,사당,10,2
20250513,을지로입구,사당,11,1
20250513,을지로입구,사당,12,2
20250513,을지로입구,사당,14,1
20250513,을지로입구,사당,15,5
20250513,을지로입구,사당,16,2
20250513,을지로입구,사당,17,6
20250513,을지로입구,사당,18,10
20250513,을지로입구,사당,19,3
20250513,을지로입구,사당,20,6
20250513,을지로입구,사당,21,4
20250513,을지로입구,사당,22,1
20250513,을지로입구,사당,23,1
20250513,을지로입구,삼성(무역센터),5,2
20250513,을지로입구,삼성(무역센터),6,3
20250513,을지로입구,삼성(무역센터),7,4
20250513,을지로입구,삼성(무역센터),8,3
20250513,을지로입구,삼성(무역센터),9,21
20250513,을지로입구,삼성(무역센터),10,33
20250513,을지로입구,삼성(무역센터),11,35
20250513,을지로입구,삼성(무역센터),12,30
20250513,을지로입구,삼성(무역센터),13,33
20250513,을지로입구,삼성(무역센터),14,36
20250513,을지로입구,삼성(무역센터),15,32
20250513,을지로입구,삼성(무역센터),16,42
20250513,을지로입구,삼성(무역센터),17,37
20250513,을지로입구,삼성(무역센터),18,46
20250513,을지로입구,삼성(무역센터),19,19
20250513,을지로입구,삼성(무역센터),20,10
20250513,을지로입구,삼성(무역센터),21,3
20250513,을지로입구,삼성(무역센터),22,5
20250513,을지로입구,삼성(무역센터),23,3
20250513,을지로입구,상왕십리,0,2
20250513,을지로입구,상왕십리,4,1
20250513,을지로입구,상왕십리,5,1
20250513,을지로입구,상왕십리,6,1
20250513,을지로입구,상왕십리,7,1
20250513,을지로입구,상왕십리,8,4
20250513,을지로입구,상왕십리,9,4
20250513,을지로입구,상왕십리,10,7
20250513,을지로입구,상왕십리,11,12
20250513,을지로입구,상왕십리,12,17
20250513,을지로입구,상왕십리,13,25
20250513,을지로입구,상왕십리,14,34
20250513,을지로입구,상왕십리,15,38
20250513,을지로입구,상왕십리,16,32
20250513,을지로입구,상왕십리,17,89
20250513,을지로입구,상왕십리,18,161
20250513,을지로입구,상왕십리,19,90
20250513,을지로입구,상왕십리,20,63
20250513,을지로입구,상왕십리,21,65
20250513,을지로입구,상왕십리,22,32
20250513,을지로입구,상왕십리,23,11
20250513,을지로입구,서울대입구(관악구청),0,2
20250513,을지로입구,서울대입구(관악구청),10,2
20250513,을지로입구,서울대입구(관악구청),11,3
20250513,을지로입구,서울대입구(관악구청),12,1
20250513,을지로입구,서울대입구(관악구청),13,7
20250513,을지로입구,서울대입구(관악구청),14,5
20250513,을지로입구,서울대입구(관악구청),15,12
20250513,을지로입구,서울대입구(관악구청),16,29
20250513,을지로입구,서울대입구(관악구청),17,38
20250513,을지로입구,서울대입구(관악구청),18,86
20250513,을지로입구,서울대입구(관악구청),19,24
20250513,을지로입구,서울대입구(관악구청),20,29
20250513,을지로입구,서울대입구(관악구청),21,24
20250513,을지로입구,서울대입구(관악구청),22,20
20250513,을지로입구,서울대입구(관악구청),23,14
20250513,을지로입구,서초,9,1
20250513,을지로입구,서초,10,1
20250513,을지로입구,서초,11,1
20250513,을지로입구,서초,12,2
20250513,을지로입구,서초,13,3
20250513,을지로입구,서초,14,3
20250513,을지로입구,서초,15,3
20250513,을지로입구,서초,16,1
20250513,을지로입구,서초,17,5
20250513,을지로입구,서초,18,5
20250513,을지로입구,선릉,0,2
20250513,을지로입구,선릉,7,1
20250513,을지로입구,선릉,8,8
20250513,을지로입구,선릉,9,3
20250513,을지로입구,선릉,10,4
20250513,을지로입구,선릉,11,10
20250513,을지로입구,선릉,12,11
20250513,을지로입구,선릉,13,16
20250513,을지로입구,선릉,14,10
20250513,을지로입구,선릉,15,13
20250513,을지로입구,선릉,16,13
20250513,을지로입구,선릉,17,20
20250513,을지로입구,선릉,18,28
20250513,을지로입구,선릉,19,5
20250513,을지로입구,선릉,20,11
20250513,을지로입구,선릉,21,8
20250513,을지로입구,선릉,22,3
20250513,을지로입구,성수,4,1
20250513,을지로입구,성수,5,7
20250513,을지로입구,성수,6,3
20250513,을지로입구,성수,7,18
20250513,을지로입구,성수,8,26
20250513,을지로입구,성수,9,70
20250513,을지로입구,성수,10,80
20250513,을지로입구,성수,11,98
20250513,을지로입구,성수,12,121
20250513,을지로입구,성수,13,60
20250513,을지로입구,성수,14,66
20250513,을지로입구,성수,15,78
20250513,을지로입구,성수,16,71
20250513,을지로입구,성수,17,52
20250513,을지로입구,성수,18,87
20250513,을지로입구,성수,19,31
20250513,을지로입구,성수,20,35
20250513,을지로입구,성수,21,19
20250513,을지로입구,성수,22,18
20250513,을지로입구,성수,23,1
20250513,을지로입구,시청,7,10
20250513,을지로입구,시청,8,15
20250513,을지로입구,시청,9,24
20250513,을지로입구,시청,10,17
20250513,을지로입구,시청,11,33
20250513,을지로입구,시청,12,39
20250513,을지로입구,시청,13,38
20250513,을지로입구,시청,14,22
20250513,을지로입구,시청,15,16
20250513,을지로입구,시청,16,27
20250513,을지로입구,시청,17,20
20250513,을지로입구,시청,18,14
20250513,을지로입구,시청,19,14
20250513,을지로입구,시청,20,5
20250513,을지로입구,시청,21,16
20250513,을지로입구,시청,22,9
20250513,을지로입구,시청,23,2
20250513,을지로입구,신당,0,8
20250513,을지로입구,신당,5,2
20250513,을지로입구,신당,7,5
20250513,을지로입구,신당,8,14
20250513,을지로입구,신당,9,10
20250513,을지로입구,신당,10,11
20250513,을지로입구,신당,11,15
20250513,을지로입구,신당,12,24
20250513,을지로입구,신당,13,37
20250513,을지로입구,신당,14,36
20250513,을지로입구,신당,15,47
20250513,을지로입구,신당,16,46
20250513,을지로입구,신당,17,118
20250513,을지로입구,신당,18,218
20250513,을지로입구,신당,19,87
20250513,을지로입구,신당,20,80
20250513,을지로입구,신당,21,55
20250513,을지로입구,신당,22,42
20250513,을지로입구,신당,23,14
20250513,을지로입구,신대방,0,3
20250513,을지로입구,신대방,6,1
20250513,을지로입구,신대방,8,2
20250513,을지로입구,신대방,9,3
20250513,을지로입구,신대방,10,2
20250513,을지로입구,신대방,11,4
20250513,을지로입구,신대방,12,6
20250513,을지로입구,신대방,13,12
20250513,을지로입구,신대방,14,16
20250513,을지로입구,신대방,15,12
20250513,을지로입구,신대방,16,21
20250513,을지로입구,신대방,17,66
20250513,을지로입구,신대방,18,78
20250513,을지로입구,신대방,19,50
20250513,을지로입구,신대방,20,54
20250513,을지로입구,신대방,21,43
20250513,을지로입구,신대방,22,22
20250513,을지로입구,신대방,23,11
20250513,을지로입구,신도림,0,11
20250513,을지로입구,신도림,5,3
20250513,을지로입구,신도림,7,5
20250513,을지로입구,신도림,8,5
20250513,을지로입구,신도림,9,2
20250513,을지로입구,신도림,10,10
20250513,을지로입구,신도림,11,13
20250513,을지로입구,신도림,12,12
20250513,을지로입구,신도림,13,18
20250513,을지로입구,신도림,14,35
20250513,을지로입구,신도림,15,39
20250513,을지로입구,신도림,16,53
20250513,을지로입구,신도림,17,116
20250513,을지로입구,신도림,18,218
20250513,을지로입구,신도림,19,77
20250513,을지로입구,신도림,20,85
20250513,을지로입구,신도림,21,68
20250513,을지로입구,신도림,22,52
20250513,을지로입구,신도림,23,26
20250513,을지로입구,신림,0,3
20250513,을지로입구,신림,5,1
20250513,을지로입구,신림,6,5
20250513,을지로입구,신림,7,3
20250513,을지로입구,신림,8,5
20250513,을지로입구,신림,9,1
20250513,을지로입구,신림,10,3
20250513,을지로입구,신림,11,2
20250513,을지로입구,신림,12,9
20250513,을지로입구,신림,13,10
20250513,을지로입구,신림,14,11
20250513,을지로입구,신림,15,20
20250513,을지로입구,신림,16,28
20250513,을지로입구,신림,17,75
20250513,을지로입구,신림,18,152
20250513,을지로입구,신림,19,69
20250513,을지로입구,신림,20,79
20250513,을지로입구,신림,21,35
20250513,을지로입구,신림,22,47
20250513,을지로입구,신림,23,17
20250513,을지로입구,신촌,0,8
20250513,을지로입구,신촌,5,2
20250513,을지로입구,신촌,6,1
20250513,을지로입구,신촌,7,16
20250513,을지로입구,신촌,8,60
20250513,을지로입구,신촌,9,63
20250513,을지로입구,신촌,10,48
20250513,을지로입구,신촌,11,68
20250513,을지로입구,신촌,12,81
20250513,을지로입구,신촌,13,79
20250513,을지로입구,신촌,14,96
20250513,을지로입구,신촌,15,109
20250513,을지로입구,신촌,16,115
20250513,을지로입구,신촌,17,231
20250513,을지로입구,신촌,18,403
20250513,을지로입구,신촌,19,183
20250513,을지로입구,신촌,20,115
20250513,을지로입구,신촌,21,96
20250513,을지로입구,신촌,22,76
20250513,을지로입구,신촌,23,47
20250513,을지로입구,아현,0,6
20250513,을지로입구,아현,6,5
20250513,을지로입구,아현,7,7
20250513,을지로입구,아현,8,8
20250513,을지로입구,아현,9,31
20250513,을지로입구,아현,10,14
20250513,을지로입구,아현,11,21
20250513,을지로입구,아현,12,22
20250513,을지로입구,아현,13,25
20250513,을지로입구,아현,14,23
20250513,을지로입구,아현,15,37
20250513,을지로입구,아현,16,46
20250513,을지로입구,아현,17,115
20250513,을지로입구,아현,18,214
20250513,을지로입구,아현,19,123
20250513,을지로입구,아현,20,63
20250513,을지로입구,아현,21,48
20250513,을지로입구,아현,22,33
20250513,을지로입구,아현,23,15
20250513,을지로입구,역삼,7,1
20250513,을지로입구,역삼,9,4
20250513,을지로입구,역삼,10,10
20250513,을지로입구,역삼,11,9
20250513,을지로입구,역삼,12,9
20250513,을지로입구,역삼,13,11
20250513,을지로입구,역삼,14,13
20250513,을지로입구,역삼,15,7
20250513,을지로입구,역삼,16,8
20250513,을지로입구,역삼,17,19
20250513,을지로입구,역삼,18,32
20250513,을지로입구,역삼,19,11
20250513,을지로입구,역삼,20,3
20250513,을지로입구,역삼,21,4
20250513,을지로입구,역삼,22,7
20250513,을지로입구,역삼,23,1
20250513,을지로입구,영등포구청,0,1
20250513,을지로입구,영등포구청,5,2
20250513,을지로입구,영등포구청,6,4
20250513,을지로입구,영등포구청,7,20
20250513,을지로입구,영등포구청,8,12
20250513,을지로입구,영등포구청,9,8
20250513,을지로입구,영등포구청,10,14
20250513,을지로입구,영등포구청,11,9
20250513,을지로입구,영등포구청,12,15
20250513,을지로입구,영등포구청,13,15
20250513,을지로입구,영등포구청,14,15
20250513,을지로입구,영등포구청,15,23
20250513,을지로입구,영등포구청,16,39
20250513,을지로입구,영등포구청,17,94
20250513,을지로입구,영등포구청,18,139
20250513,을지로입구,영등포구청,19,64
20250513,을지로입구,영등포구청,20,54
20250513,을지로입구,영등포구청,21,39
20250513,을지로입구,영등포구청,22,34
20250513,을지로입구,영등포구청,23,6
20250513,을지로입구,왕십리(성동구청),0,2
20250513,을지로입구,왕십리(성동구청),5,2
20250513,을지로입구,왕십리(성동구청),6,2
20250513,을지로입구,왕십리(성동구청),7,1
20250513,을지로입구,왕십리(성동구청),8,6
20250513,을지로입구,왕십리(성동구청),9,6
20250513,을지로입구,왕십리(성동구청),10,8
20250513,을지로입구,왕십리(성동구청),11,16
20250513,을지로입구,왕십리(성동구청),12,16
20250513,을지로입구,왕십리(성동구청),13,16
20250513,을지로입구,왕십리(성동구청),14,29
20250513,을지로입구,왕십리(성동구청),15,19
20250513,을지로입구,왕십리(성동구청),16,60
20250513,을지로입구,왕십리(성동구청),17,88
20250513,을지로입구,왕십리(성동구청),18,152
20250513,을지로입구,왕십리(성동구청),19,57
20250513,을지로입구,왕십리(성동구청),20,59
20250513,을지로입구,왕십리(성동구청),21,52
20250513,을지로입구,왕십리(성동구청),22,32
20250513,을지로입구,왕십리(성동구청),23,16
20250513,을지로입구,용두(동대문구청),12,1
20250513,을지로입구,용두(동대문구청),13,1
20250513,을지로입구,용두(동대문구청),14,1
20250513,을지로입구,용두(동대문구청),15,1
20250513,을지로입구,용두(동대문구청),17,1
20250513,을지로입구,용두(동대문구청),18,1
20250513,을지로입구,용두(동대문구청),19,1
20250513,을지로입구,용두(동대문구청),20,1
20250513,을지로입구,용두(동대문구청),21,3
20250513,을지로입구,을지로3가,0,5
20250513,을지로입구,을지로3가,5,1
20250513,을지로입구,을지로3가,6,5
20250513,을지로입구,을지로3가,7,8
20250513,을지로입구,을지로3가,8,15
20250513,을지로입구,을지로3가,9,13
20250513,을지로입구,을지로3가,10,20
20250513,을지로입구,을지로3가,11,16
20250513,을지로입구,을지로3가,12,24
20250513,을지로입구,을지로3가,13,42
20250513,을지로입구,을지로3가,14,47
20250513,을지로입구,을지로3가,15,22
20250513,을지로입구,을지로3가,16,32
20250513,을지로입구,을지로3가,17,43
20250513,을지로입구,을지로3가,18,65
20250513,을지로입구,을지로3가,19,33
20250513,을지로입구,을지로3가,20,37
20250513,을지로입구,을지로3가,21,46
20250513,을지로입구,을지로3가,22,34
20250513,을지로입구,을지로3가,23,18
20250513,을지로입구,을지로4가,0,1
20250513,을지로입구,을지로4가,6,3
20250513,을지로입구,을지로4가,7,12
20250513,을지로입구,을지로4가,8,11
20250513,을지로입구,을지로4가,9,22
20250513,을지로입구,을지로4가,10,39
20250513,을지로입구,을지로4가,11,53
20250513,을지로입구,을지로4가,12,43
20250513,을지로입구,을지로4가,13,59
20250513,을지로입구,을지로4가,14,52
20250513,을지로입구,을지로4가,15,46
20250513,을지로입구,을지로4가,16,35
20250513,을지로입구,을지로4가,17,32
20250513,을지로입구,을지로4가,18,56
20250513,을지로입구,을지로4가,19,41
20250513,을지로입구,을지로4가,20,29
20250513,을지로입구,을지로4가,21,40
20250513,을지로입구,을지로4가,22,34
20250513,을지로입구,을지로4가,23,24
20250513,을지로입구,을지로입구,0,10
20250513,을지로입구,을지로입구,5,1
20250513,을지로입구,을지로입구,6,2
20250513,을지로입구,을지로입구,7,10
20250513,을지로입구,을지로입구,8,5
20250513,을지로입구,을지로입구,9,32
20250513,을지로입구,을지로입구,10,36
20250513,을지로입구,을지로입구,11,53
20250513,을지로입구,을지로입구,12,44
20250513,을지로입구,을지로입구,13,40
20250513,을지로입구,을지로입구,14,85
20250513,을지로입구,을지로입구,15,70
20250513,을지로입구,을지로입구,16,47
20250513,을지로입구,을지로입구,17,95
20250513,을지로입구,을지로입구,18,178
20250513,을지로입구,을지로입구,19,60
20250513,을지로입구,을지로입구,20,49
20250513,을지로입구,을지로입구,21,39
20250513,을지로입구,을지로입구,22,59
20250513,을지로입구,을지로입구,23,26
20250513,을지로입구,이대,0,4
20250513,을지로입구,이대,6,7
20250513,을지로입구,이대,7,27
20250513,을지로입구,이대,8,56
20250513,을지로입구,이대,9,60
20250513,을지로입구,이대,10,63
20250513,을지로입구,이대,11,52
20250513,을지로입구,이대,12,60
20250513,을지로입구,이대,13,46
20250513,을지로입구,이대,14,48
20250513,을지로입구,이대,15,45
20250513,을지로입구,이대,16,54
20250513,을지로입구,이대,17,109
20250513,을지로입구,이대,18,159
20250513,을지로입구,이대,19,93
20250513,을지로입구,이대,20,86
20250513,을지로입구,이대,21,73
20250513,을지로입구,이대,22,54
20250513,을지로입구,이대,23,28
20250513,을지로입구,잠실(송파구청),0,11
20250513,을지로입구,잠실(송파구청),5,3
20250513,을지로입구,잠실(송파구청),6,4
20250513,을지로입구,잠실(송파구청),7,10
20250513,을지로입구,잠실(송파구청),8,28
20250513,을지로입구,잠실(송파구청),9,62
20250513,을지로입구,잠실(송파구청),10,51
20250513,을지로입구,잠실(송파구청),11,57
20250513,을지로입구,잠실(송파구청),12,47
20250513,을지로입구,잠실(송파구청),13,69
20250513,을지로입구,잠실(송파구청),14,92
20250513,을지로입구,잠실(송파구청),15,93
20250513,을지로입구,잠실(송파구청),16,82
20250513,을지로입구,잠실(송파구청),17,198
20250513,을지로입구,잠실(송파구청),18,285
20250513,을지로입구,잠실(송파구청),19,117
20250513,을지로입구,잠실(송파구청),20,108
20250513,을지로입구,잠실(송파구청),21,83
20250513,을지로입구,잠실(송파구청),22,55
20250513,을지로입구,잠실(송파구청),23,25
20250513,을지로입구,잠실나루,0,1
20250513,을지로입구,잠실나루,5,4
20250513,을지로입구,잠실나루,6,2
20250513,을지로입구,잠실나루,7,5
20250513,을지로입구,잠실나루,8,5
20250513,을지로입구,잠실나루,9,3
20250513,을지로입구,잠실나루,10,5
20250513,을지로입구,잠실나루,11,11
20250513,을지로입구,잠실나루,12,7
20250513,을지로입구,잠실나루,13,8
20250513,을지로입구,잠실나루,14,12
20250513,을지로입구,잠실나루,15,28
20250513,을지로입구,잠실나루,16,22
20250513,을지로입구,잠실나루,17,59
20250513,을지로입구,잠실나루,18,122
20250513,을지로입구,잠실나루,19,47
20250513,을지로입구,잠실나루,20,39
20250513,을지로입구,잠실나루,21,35
20250513,을지로입구,잠실나루,22,19
20250513,을지로입구,잠실나루,23,7
20250513,을지로입구,잠실새내,7,2
20250513,을지로입구,잠실새내,9,3
20250513,을지로입구,잠실새내,10,10
20250513,을지로입구,잠실새내,11,4
20250513,을지로입구,잠실새내,12,5
20250513,을지로입구,잠실새내,13,19
20250513,을지로입구,잠실새내,14,16
20250513,을지로입구,잠실새내,15,22
20250513,을지로입구,잠실새내,16,25
20250513,을지로입구,잠실새내,17,83
20250513,을지로입구,잠실새내,18,156
20250513,을지로입구,잠실새내,19,72
20250513,을지로입구,잠실새내,20,53
20250513,을지로입구,잠실새내,21,39
20250513,을지로입구,잠실새내,22,15
20250513,을지로입구,잠실새내,23,10
20250513,을지로입구,종합운동장,0,1
20250513,을지로입구,종합운동장,10,1
20250513,을지로입구,종합운동장,11,1
20250513,을지로입구,종합운동장,12,1
20250513,을지로입구,종합운동장,13,5
20250513,을지로입구,종합운동장,14,8
20250513,을지로입구,종합운동장,15,14
20250513,을지로입구,종합운동장,16,32
20250513,을지로입구,종합운동장,17,83
20250513,을지로입구,종합운동장,18,75
20250513,을지로입구,종합운동장,19,9
20250513,을지로입구,종합운동장,20,11
20250513,을지로입구,종합운동장,21,6
20250513,을지로입구,종합운동장,22,7
20250513,을지로입구,종합운동장,23,1
20250513,을지로입구,충정로(경기대입구),0,3
20250513,을지로입구,충정로(경기대입구),6,7
20250513,을지로입구,충정로(경기대입구),7,27
20250513,을지로입구,충정로(경기대입구),8,27
20250513,을지로입구,충정로(경기대입구),9,18
20250513,을지로입구,충정로(경기대입구),10,7
20250513,을지로입구,충정로(경기대입구),11,24
20250513,을지로입구,충정로(경기대입구),12,31
20250513,을지로입구,충정로(경기대입구),13,27
20250513,을지로입구,충정로(경기대입구),14,30
20250513,을지로입구,충정로(경기대입구),15,27
20250513,을지로입구,충정로(경기대입구),16,20
20250513,을지로입구,충정로(경기대입구),17,54
20250513,을지로입구,충정로(경기대입구),18,76
20250513,을지로입구,충정로(경기대입구),19,45
20250513,을지로입구,충정로(경기대입구),20,38
20250513,을지로입구,충정로(경기대입구),21,28
20250513,을지로입구,충정로(경기대입구),22,42
20250513,을지로입구,충정로(경기대입구),23,16
20250513,을지로입구,한양대,5,2
20250513,을지로입구,한양대,6,2
20250513,을지로입구,한양대,7,1
20250513,을지로입구,한양대,8,18
20250513,을지로입구,한양대,9,23
20250513,을지로입구,한양대,10,11
20250513,을지로입구,한양대,11,17
20250513,을지로입구,한양대,12,24
20250513,을지로입구,한양대,13,21
20250513,을지로입구,한양대,14,14
20250513,을지로입구,한양대,15,17
20250513,을지로입구,한양대,16,11
20250513,을지로입구,한양대,17,25
20250513,을지로입구,한양대,18,57
20250513,을지로입구,한양대,19,12
20250513,을지로입구,한양대,20,14
20250513,을지로입구,한양대,21,15
20250513,을지로입구,한양대,22,7
20250513,을지로입구,한양대,23,10
20250513,을지로입구,합정,0,6
20250513,을지로입구,합정,5,2
20250513,을지로입구,합정,6,9
20250513,을지로입구,합정,7,20
20250513,을지로입구,합정,8,42
20250513,을지로입구,합정,9,36
20250513,을지로입구,합정,10,43
20250513,을지로입구,합정,11,46
20250513,을지로입구,합정,12,51
20250513,을지로입구,합정,13,37
20250513,을지로입구,합정,14,58
20250513,을지로입구,합정,15,68
20250513,을지로입구,합정,16,77
20250513,을지로입구,합정,17,140
20250513,을지로입구,합정,18,232
20250513,을지로입구,합정,19,121
20250513,을지로입구,합정,20,88
20250513,을지로입구,합정,21,61
20250513,을지로입구,합정,22,42
20250513,을지로입구,합정,23,17
20250513,을지로입구,홍대입구,0,22
20250513,을지로입구,홍대입구,5,6
20250513,을지로입구,홍대입구,6,14
20250513,을지로입구,홍대입구,7,45
20250513,을지로입구,홍대입구,8,77
20250513,을지로입구,홍대입구,9,154
20250513,을지로입구,홍대입구,10,132
20250513,을지로입구,홍대입구,11,141
20250513,을지로입구,홍대입구,12,180
20250513,을지로입구,홍대입구,13,172
20250513,을지로입구,홍대입구,14,141
20250513,을지로입구,홍대입구,15,174
20250513,을지로입구,홍대입구,16,259
20250513,을지로입구,홍대입구,17,390
20250513,을지로입구,홍대입구,18,511
20250513,을지로입구,홍대입구,19,276
20250513,을지로입구,홍대입구,20,204
20250513,을지로입구,홍대입구,21,182
20250513,을지로입구,홍대입구,22,159
20250513,을지로입구,홍대입구,23,85
20250513,이대,강남,5,2
20250513,이대,강남,6,17
20250513,이대,강남,7,40
20250513,이대,강남,8,28
20250513,이대,강남,9,20
20250513,이대,강남,10,7
20250513,이대,강남,11,2
20250513,이대,강남,12,9
20250513,이대,강남,13,13
20250513,이대,강남,14,7
20250513,이대,강남,15,14
20250513,이대,강남,16,9
20250513,이대,강남,17,21
20250513,이대,강남,18,12
20250513,이대,강남,19,7
20250513,이대,강남,20,5
20250513,이대,강남,21,8
20250513,이대,강남,22,1
20250513,이대,강남,23,1
20250513,이대,강변(동서울터미널),5,4
20250513,이대,강변(동서울터미널),6,1
20250513,이대,강변(동서울터미널),7,3
20250513,이대,강변(동서울터미널),8,5
20250513,이대,강변(동서울터미널),9,3
20250513,이대,강변(동서울터미널),10,5
20250513,이대,강변(동서울터미널),11,3
20250513,이대,강변(동서울터미널),12,4
20250513,이대,강변(동서울터미널),13,7
20250513,이대,강변(동서울터미널),14,6
20250513,이대,강변(동서울터미널),15,8
20250513,이대,강변(동서울터미널),16,11
20250513,이대,강변(동서울터미널),17,16
20250513,이대,강변(동서울터미널),18,19
20250513,이대,강변(동서울터미널),19,7
20250513,이대,강변(동서울터미널),20,11
20250513,이대,강변(동서울터미널),21,10
20250513,이대,강변(동서울터미널),22,9
20250513,이대,강변(동서울터미널),23,4
20250513,이대,건대입구,6,2
20250513,이대,건대입구,7,7
20250513,이대,건대입구,8,9
20250513,이대,건대입구,9,7
20250513,이대,건대입구,10,9
20250513,이대,건대입구,11,6
20250513,이대,건대입구,12,15
20250513,이대,건대입구,13,14
20250513,이대,건대입구,14,7
20250513,이대,건대입구,15,8
20250513,이대,건대입구,16,12
20250513,이대,건대입구,17,28
20250513,이대,건대입구,18,28
20250513,이대,건대입구,19,24
20250513,이대,건대입구,20,10
20250513,이대,건대입구,21,17
20250513,이대,건대입구,22,8
20250513,이대,건대입구,23,7
20250513,이대,교대(법원.검찰청),5,1
20250513,이대,교대(법원.검찰청),6,4
20250513,이대,교대(법원.검찰청),7,3
20250513,이대,교대(법원.검찰청),8,10
20250513,이대,교대(법원.검찰청),9,4
20250513,이대,교대(법원.검찰청),10,2
20250513,이대,교대(법원.검찰청),11,2
20250513,이대,교대(법원.검찰청),12,3
20250513,이대,교대(법원.검찰청),13,4
20250513,이대,교대(법원.검찰청),14,4
20250513,이대,교대(법원.검찰청),15,7
20250513,이대,교대(법원.검찰청),16,5
20250513,이대,교대(법원.검찰청),17,3
20250513,이대,교대(법원.검찰청),18,5
20250513,이대,교대(법원.검찰청),19,3
20250513,이대,교대(법원.검찰청),20,3
20250513,이대,교대(법원.검찰청),21,4
20250513,이대,교대(법원.검찰청),22,2
20250513,이대,교대(법원.검찰청),23,1
20250513,이대,구로디지털단지,5,2
20250513,이대,구로디지털단지,6,6
20250513,이대,구로디지털단지,7,21
20250513,이대,구로디지털단지,8,34
20250513,이대,구로디지털단지,9,17
20250513,이대,구로디지털단지,10,7
20250513,이대,구로디지털단지,11,6
20250513,이대,구로디지털단지,12,17
20250513,이대,구로디지털단지,13,17
20250513,이대,구로디지털단지,14,9
20250513,이대,구로디지털단지,15,17
20250513,이대,구로디지털단지,16,19
20250513,이대,구로디지털단지,17,23
20250513,이대,구로디지털단지,18,34
20250513,이대,구로디지털단지,19,21
20250513,이대,구로디지털단지,20,27
20250513,이대,구로디지털단지,21,41
20250513,이대,구로디지털단지,22,24
20250513,이대,구로디지털단지,23,11
20250513,이대,구의(광진구청),0,1
20250513,이대,구의(광진구청),5,1
20250513,이대,구의(광진구청),6,5
20250513,이대,구의(광진구청),7,3
20250513,이대,구의(광진구청),8,2
20250513,이대,구의(광진구청),9,1
20250513,이대,구의(광진구청),10,2
20250513,이대,구의(광진구청),11,4
20250513,이대,구의(광진구청),12,9
20250513,이대,구의(광진구청),13,4
20250513,이대,구의(광진구청),14,5
20250513,이대,구의(광진구청),15,5
20250513,이대,구의(광진구청),16,5
20250513,이대,구의(광진구청),17,14
20250513,이대,구의(광진구청),18,16
20250513,이대,구의(광진구청),19,8
20250513,이대,구의(광진구청),20,17
20250513,이대,구의(광진구청),21,14
20250513,이대,구의(광진구청),22,5
20250513,이대,구의(광진구청),23,2
20250513,이대,낙성대,5,1
20250513,이대,낙성대,6,1
20250513,이대,낙성대,7,10
20250513,이대,낙성대,8,4
20250513,이대,낙성대,9,4
20250513,이대,낙성대,10,1
20250513,이대,낙성대,11,1
20250513,이대,낙성대,12,3
20250513,이대,낙성대,13,6
20250513,이대,낙성대,14,2
20250513,이대,낙성대,15,10
20250513,이대,낙성대,16,7
20250513,이대,낙성대,17,6
20250513,이대,낙성대,18,8
20250513,이대,낙성대,19,8
20250513,이대,낙성대,20,10
20250513,이대,낙성대,21,9
20250513,이대,낙성대,22,7
20250513,이대,낙성대,23,1
20250513,이대,당산,0,3
20250513,이대,당산,5,3
20250513,이대,당산,6,3
20250513,이대,당산,7,4
20250513,이대,당산,8,31
20250513,이대,당산,9,10
20250513,이대,당산,10,3
20250513,이대,당산,11,7
20250513,이대,당산,12,11
20250513,이대,당산,13,12
20250513,이대,당산,14,8
20250513,이대,당산,15,17
20250513,이대,당산,16,15
20250513,이대,당산,17,27
20250513,이대,당산,18,29
20250513,이대,당산,19,9
20250513,이대,당산,20,22
20250513,이대,당산,21,30
20250513,이대,당산,22,21
20250513,이대,당산,23,9
20250513,이대,대림(구로구청),5,2
20250513,이대,대림(구로구청),6,3
20250513,이대,대림(구로구청),7,8
20250513,이대,대림(구로구청),8,9
20250513,이대,대림(구로구청),9,3
20250513,이대,대림(구로구청),10,6
20250513,이대,대림(구로구청),11,4
20250513,이대,대림(구로구청),12,6
20250513,이대,대림(구로구청),13,5
20250513,이대,대림(구로구청),14,4
20250513,이대,대림(구로구청),15,14
20250513,이대,대림(구로구청),16,9
20250513,이대,대림(구로구청),17,14
20250513,이대,대림(구로구청),18,7
20250513,이대,대림(구로구청),19,6
20250513,이대,대림(구로구청),20,10
20250513,이대,대림(구로구청),21,10
20250513,이대,대림(구로구청),22,6
20250513,이대,대림(구로구청),23,3
20250513,이대,동대문역사문화공원,0,4
20250513,이대,동대문역사문화공원,5,2
20250513,이대,동대문역사문화공원,6,5
20250513,이대,동대문역사문화공원,7,18
20250513,이대,동대문역사문화공원,8,25
20250513,이대,동대문역사문화공원,9,10
20250513,이대,동대문역사문화공원,10,9
20250513,이대,동대문역사문화공원,11,11
20250513,이대,동대문역사문화공원,12,11
20250513,이대,동대문역사문화공원,13,12
20250513,이대,동대문역사문화공원,14,9
20250513,이대,동대문역사문화공원,15,14
20250513,이대,동대문역사문화공원,16,11
20250513,이대,동대문역사문화공원,17,17
20250513,이대,동대문역사문화공원,18,13
20250513,이대,동대문역사문화공원,19,10
20250513,이대,동대문역사문화공원,20,8
20250513,이대,동대문역사문화공원,21,15
20250513,이대,동대문역사문화공원,22,7
20250513,이대,동대문역사문화공원,23,4
20250513,이대,뚝섬,5,2
20250513,이대,뚝섬,6,1
20250513,이대,뚝섬,7,11
20250513,이대,뚝섬,8,28
20250513,이대,뚝섬,9,19
20250513,이대,뚝섬,10,7
20250513,이대,뚝섬,11,4
20250513,이대,뚝섬,12,5
20250513,이대,뚝섬,13,5
20250513,이대,뚝섬,14,2
20250513,이대,뚝섬,15,8
20250513,이대,뚝섬,16,15
20250513,이대,뚝섬,17,18
20250513,이대,뚝섬,18,19
20250513,이대,뚝섬,19,5
20250513,이대,뚝섬,20,6
20250513,이대,뚝섬,21,1
20250513,이대,뚝섬,22,1
20250513,이대,뚝섬,23,1
20250513,이대,문래,6,1
20250513,이대,문래,7,17
20250513,이대,문래,8,24
20250513,이대,문래,9,8
20250513,이대,문래,10,2
20250513,이대,문래,11,6
20250513,이대,문래,12,10
20250513,이대,문래,13,7
20250513,이대,문래,14,13
20250513,이대,문래,15,8
20250513,이대,문래,16,11
20250513,이대,문래,17,25
20250513,이대,문래,18,22
20250513,이대,문래,19,11
20250513,이대,문래,20,14
20250513,이대,문래,21,14
20250513,이대,문래,22,4
20250513,이대,문래,23,3
20250513,이대,방배,5,1
20250513,이대,방배,6,3
20250513,이대,방배,7,6
20250513,이대,방배,8,4
20250513,이대,방배,9,3
20250513,이대,방배,10,1
20250513,이대,방배,11,3
20250513,이대,방배,12,5
20250513,이대,방배,13,3
20250513,이대,방배,14,4
20250513,이대,방배,15,8
20250513,이대,방배,16,7
20250513,이대,방배,17,8
20250513,이대,방배,18,10
20250513,이대,방배,19,2
20250513,이대,방배,20,6
20250513,이대,방배,21,5
20250513,이대,방배,22,9
20250513,이대,방배,23,2
20250513,이대,봉천,6,1
20250513,이대,봉천,7,6
20250513,이대,봉천,8,4
20250513,이대,봉천,9,2
20250513,이대,봉천,11,1
20250513,이대,봉천,12,4
20250513,이대,봉천,13,3
20250513,이대,봉천,14,6
20250513,이대,봉천,15,7
20250513,이대,봉천,16,7
20250513,이대,봉천,17,6
20250513,이대,봉천,18,9
20250513,이대,봉천,19,17
20250513,이대,봉천,20,7
20250513,이대,봉천,21,12
20250513,이대,봉천,22,7
20250513,이대,봉천,23,3
20250513,이대,사당,6,2
20250513,이대,사당,7,5
20250513,이대,사당,8,2
20250513,이대,사당,9,4
20250513,이대,사당,10,2
20250513,이대,사당,11,6
20250513,이대,사당,12,6
20250513,이대,사당,13,10
20250513,이대,사당,14,8
20250513,이대,사당,15,15
20250513,이대,사당,16,14
20250513,이대,사당,17,21
20250513,이대,사당,18,14
20250513,이대,사당,19,12
20250513,이대,사당,20,12
20250513,이대,사당,21,15
20250513,이대,사당,22,13
20250513,이대,사당,23,3
20250513,이대,삼성(무역센터),5,2
20250513,이대,삼성(무역센터),6,18
20250513,이대,삼성(무역센터),7,32
20250513,이대,삼성(무역센터),8,39
20250513,이대,삼성(무역센터),9,24
20250513,이대,삼성(무역센터),10,4
20250513,이대,삼성(무역센터),11,4
20250513,이대,삼성(무역센터),12,6
20250513,이대,삼성(무역센터),13,7
20250513,이대,삼성(무역센터),14,6
20250513,이대,삼성(무역센터),15,11
20250513,이대,삼성(무역센터),16,13
20250513,이대,삼성(무역센터),17,11
20250513,이대,삼성(무역센터),18,5
20250513,이대,삼성(무역센터),19,2
20250513,이대,삼성(무역센터),20,3
20250513,이대,삼성(무역센터),21,3
20250513,이대,삼성(무역센터),22,2
20250513,이대,삼성(무역센터),23,2
20250513,이대,상왕십리,7,5
20250513,이대,상왕십리,8,7
20250513,이대,상왕십리,9,4
20250513,이대,상왕십리,10,4
20250513,이대,상왕십리,12,8
20250513,이대,상왕십리,13,8
20250513,이대,상왕십리,14,3
20250513,이대,상왕십리,15,8
20250513,이대,상왕십리,16,18
20250513,이대,상왕십리,17,8
20250513,이대,상왕십리,18,18
20250513,이대,상왕십리,19,7
20250513,이대,상왕십리,20,11
20250513,이대,상왕십리,21,12
20250513,이대,상왕십리,22,10
20250513,이대,상왕십리,23,3
20250513,이대,서울대입구(관악구청),0,3
20250513,이대,서울대입구(관악구청),5,1
20250513,이대,서울대입구(관악구청),6,1
20250513,이대,서울대입구(관악구청),7,7
20250513,이대,서울대입구(관악구청),8,13
20250513,이대,서울대입구(관악구청),9,5
20250513,이대,서울대입구(관악구청),10,11
20250513,이대,서울대입구(관악구청),11,7
20250513,이대,서울대입구(관악구청),12,8
20250513,이대,서울대입구(관악구청),13,10
20250513,이대,서울대입구(관악구청),14,7
20250513,이대,서울대입구(관악구청),15,23
20250513,이대,서울대입구(관악구청),16,19
20250513,이대,서울대입구(관악구청),17,20
20250513,이대,서울대입구(관악구청),18,11
20250513,이대,서울대입구(관악구청),19,12
20250513,이대,서울대입구(관악구청),20,12
20250513,이대,서울대입구(관악구청),21,17
20250513,이대,서울대입구(관악구청),22,7
20250513,이대,서울대입구(관악구청),23,7
20250513,이대,서초,6,4
20250513,이대,서초,7,10
20250513,이대,서초,8,5
20250513,이대,서초,9,5
20250513,이대,서초,10,2
20250513,이대,서초,11,3
20250513,이대,서초,12,1
20250513,이대,서초,13,4
20250513,이대,서초,14,1
20250513,이대,서초,15,8
20250513,이대,서초,16,2
20250513,이대,서초,17,6
20250513,이대,서초,18,4
20250513,이대,서초,19,1
20250513,이대,서초,20,4
20250513,이대,서초,21,5
20250513,이대,서초,22,4
20250513,이대,선릉,5,1
20250513,이대,선릉,6,7
20250513,이대,선릉,7,27
20250513,이대,선릉,8,21
20250513,이대,선릉,9,7
20250513,이대,선릉,11,4
20250513,이대,선릉,12,3
20250513,이대,선릉,13,5
20250513,이대,선릉,14,4
20250513,이대,선릉,15,9
20250513,이대,선릉,16,5
20250513,이대,선릉,17,7
20250513,이대,선릉,18,8
20250513,이대,선릉,19,3
20250513,이대,선릉,20,2
20250513,이대,선릉,21,2
20250513,이대,선릉,22,5
20250513,이대,선릉,23,1
20250513,이대,성수,0,1
20250513,이대,성수,5,3
20250513,이대,성수,6,3
20250513,이대,성수,7,20
20250513,이대,성수,8,28
20250513,이대,성수,9,22
20250513,이대,성수,10,16
20250513,이대,성수,11,28
20250513,이대,성수,12,16
20250513,이대,성수,13,14
20250513,이대,성수,14,8
20250513,이대,성수,15,13
20250513,이대,성수,16,23
20250513,이대,성수,17,27
20250513,이대,성수,18,8
20250513,이대,성수,19,5
20250513,이대,성수,20,10
20250513,이대,성수,21,7
20250513,이대,성수,22,3
20250513,이대,시청,5,2
20250513,이대,시청,6,14
20250513,이대,시청,7,51
20250513,이대,시청,8,159
20250513,이대,시청,9,38
20250513,이대,시청,10,19
20250513,이대,시청,11,23
20250513,이대,시청,12,17
20250513,이대,시청,13,16
20250513,이대,시청,14,5
20250513,이대,시청,15,5
20250513,이대,시청,16,12
20250513,이대,시청,17,14
20250513,이대,시청,18,16
20250513,이대,시청,19,5
20250513,이대,시청,21,3
20250513,이대,시청,22,2
20250513,이대,신당,0,1
20250513,이대,신당,5,2
20250513,이대,신당,6,1
20250513,이대,신당,7,6
20250513,이대,신당,8,9
20250513,이대,신당,9,7
20250513,이대,신당,11,5
20250513,이대,신당,12,11
20250513,이대,신당,13,6
20250513,이대,신당,14,4
20250513,이대,신당,15,8
20250513,이대,신당,16,11
20250513,이대,신당,17,16
20250513,이대,신당,18,15
20250513,이대,신당,19,11
20250513,이대,신당,20,7
20250513,이대,신당,21,14
20250513,이대,신당,22,8
20250513,이대,신당,23,3
20250513,이대,신대방,5,1
20250513,이대,신대방,6,1
20250513,이대,신대방,7,3
20250513,이대,신대방,8,1
20250513,이대,신대방,9,1
20250513,이대,신대방,10,1
20250513,이대,신대방,11,4
20250513,이대,신대방,12,3
20250513,이대,신대방,13,8
20250513,이대,신대방,14,3
20250513,이대,신대방,15,6
20250513,이대,신대방,16,6
20250513,이대,신대방,17,12
20250513,이대,신대방,18,17
20250513,이대,신대방,19,8
20250513,이대,신대방,20,11
20250513,이대,신대방,21,14
20250513,이대,신대방,22,11
20250513,이대,신대방,23,5
20250513,이대,신도림,0,3
20250513,이대,신도림,5,2
20250513,이대,신도림,6,3
20250513,이대,신도림,7,8
20250513,이대,신도림,8,16
20250513,이대,신도림,9,6
20250513,이대,신도림,10,11
20250513,이대,신도림,11,11
20250513,이대,신도림,12,11
20250513,이대,신도림,13,15
20250513,이대,신도림,14,13
20250513,이대,신도림,15,15
20250513,이대,신도림,16,33
20250513,이대,신도림,17,37
20250513,이대,신도림,18,54
20250513,이대,신도림,19,30
20250513,이대,신도림,20,41
20250513,이대,신도림,21,31
20250513,이대,신도림,22,21
20250513,이대,신도림,23,17
20250513,이대,신림,6,6
20250513,이대,신림,7,4
20250513,이대,신림,8,7
20250513,이대,신림,9,3
20250513,이대,신림,10,3
20250513,이대,신림,12,9
20250513,이대,신림,13,7
20250513,이대,신림,14,6
20250513,이대,신림,15,6
20250513,이대,신림,16,8
20250513,이대,신림,17,23
20250513,이대,신림,18,30
20250513,이대,신림,19,22
20250513,이대,신림,20,19
20250513,이대,신림,21,22
20250513,이대,신림,22,9
20250513,이대,신림,23,2
20250513,이대,신촌,6,4
20250513,이대,신촌,7,9
20250513,이대,신촌,8,14
20250513,이대,신촌,9,25
20250513,이대,신촌,10,14
20250513,이대,신촌,11,45
20250513,이대,신촌,12,31
20250513,이대,신촌,13,37
20250513,이대,신촌,14,46
20250513,이대,신촌,15,39
20250513,이대,신촌,16,33
20250513,이대,신촌,17,41
20250513,이대,신촌,18,45
20250513,이대,신촌,19,27
20250513,이대,신촌,20,28
20250513,이대,신촌,21,12
20250513,이대,신촌,22,5
20250513,이대,신촌,23,5
20250513,이대,아현,0,3
20250513,이대,아현,6,1
20250513,이대,아현,7,5
20250513,이대,아현,8,6
20250513,이대,아현,9,16
20250513,이대,아현,10,11
20250513,이대,아현,11,11
20250513,이대,아현,12,13
20250513,이대,아현,13,13
20250513,이대,아현,14,31
20250513,이대,아현,15,31
20250513,이대,아현,16,25
20250513,이대,아현,17,18
20250513,이대,아현,18,17
20250513,이대,아현,19,9
20250513,이대,아현,20,9
20250513,이대,아현,21,4
20250513,이대,아현,22,5
20250513,이대,아현,23,4
20250513,이대,역삼,5,4
20250513,이대,역삼,6,8
20250513,이대,역삼,7,26
20250513,이대,역삼,8,30
20250513,이대,역삼,9,12
20250513,이대,역삼,10,3
20250513,이대,역삼,11,2
20250513,이대,역삼,12,2
20250513,이대,역삼,13,8
20250513,이대,역삼,14,4
20250513,이대,역삼,15,3
20250513,이대,역삼,16,2
20250513,이대,역삼,17,1
20250513,이대,역삼,18,2
20250513,이대,역삼,19,4
20250513,이대,역삼,20,1
20250513,이대,역삼,21,1
20250513,이대,역삼,22,1
20250513,이대,영등포구청,5,1
20250513,이대,영등포구청,6,2
20250513,이대,영등포구청,7,15
20250513,이대,영등포구청,8,19
20250513,이대,영등포구청,9,10
20250513,이대,영등포구청,10,8
20250513,이대,영등포구청,11,9
20250513,이대,영등포구청,12,8
20250513,이대,영등포구청,13,2
20250513,이대,영등포구청,14,12
20250513,이대,영등포구청,15,18
20250513,이대,영등포구청,16,11
20250513,이대,영등포구청,17,18
20250513,이대,영등포구청,18,28
20250513,이대,영등포구청,19,16
20250513,이대,영등포구청,20,11
20250513,이대,영등포구청,21,14
20250513,이대,영등포구청,22,9
20250513,이대,영등포구청,23,3
20250513,이대,왕십리(성동구청),0,1
20250513,이대,왕십리(성동구청),5,1
20250513,이대,왕십리(성동구청),6,1
20250513,이대,왕십리(성동구청),7,6
20250513,이대,왕십리(성동구청),8,8
20250513,이대,왕십리(성동구청),9,2
20250513,이대,왕십리(성동구청),10,4
20250513,이대,왕십리(성동구청),11,2
20250513,이대,왕십리(성동구청),12,11
20250513,이대,왕십리(성동구청),13,6
20250513,이대,왕십리(성동구청),15,8
20250513,이대,왕십리(성동구청),16,13
20250513,이대,왕십리(성동구청),17,13
20250513,이대,왕십리(성동구청),18,35
20250513,이대,왕십리(성동구청),19,11
20250513,이대,왕십리(성동구청),20,12
20250513,이대,왕십리(성동구청),21,12
20250513,이대,왕십리(성동구청),22,11
20250513,이대,왕십리(성동구청),23,3
20250513,이대,을지로3가,5,6
20250513,이대,을지로3가,6,9
20250513,이대,을지로3가,7,59
20250513,이대,을지로3가,8,80
20250513,이대,을지로3가,9,33
20250513,이대,을지로3가,10,12
20250513,이대,을지로3가,11,12
20250513,이대,을지로3가,12,17
20250513,이대,을지로3가,13,14
20250513,이대,을지로3가,14,12
20250513,이대,을지로3가,15,20
20250513,이대,을지로3가,16,15
20250513,이대,을지로3가,17,22
20250513,이대,을지로3가,18,25
20250513,이대,을지로3가,19,9
20250513,이대,을지로3가,20,6
20250513,이대,을지로3가,21,4
20250513,이대,을지로3가,22,6
20250513,이대,을지로3가,23,1
20250513,이대,을지로4가,5,2
20250513,이대,을지로4가,6,7
20250513,이대,을지로4가,7,18
20250513,이대,을지로4가,8,32
20250513,이대,을지로4가,9,16
20250513,이대,을지로4가,10,15
20250513,이대,을지로4가,11,11
20250513,이대,을지로4가,12,15
20250513,이대,을지로4가,13,6
20250513,이대,을지로4가,14,5
20250513,이대,을지로4가,15,6
20250513,이대,을지로4가,16,11
20250513,이대,을지로4가,17,14
20250513,이대,을지로4가,18,18
20250513,이대,을지로4가,19,4
20250513,이대,을지로4가,20,3
20250513,이대,을지로4가,21,11
20250513,이대,을지로4가,22,3
20250513,이대,을지로입구,5,4
20250513,이대,을지로입구,6,20
20250513,이대,을지로입구,7,117
20250513,이대,을지로입구,8,219
20250513,이대,을지로입구,9,80
20250513,이대,을지로입구,10,40
20250513,이대,을지로입구,11,31
20250513,이대,을지로입구,12,37
20250513,이대,을지로입구,13,37
20250513,이대,을지로입구,14,40
20250513,이대,을지로입구,15,50
20250513,이대,을지로입구,16,61
20250513,이대,을지로입구,17,72
20250513,이대,을지로입구,18,92
20250513,이대,을지로입구,19,37
20250513,이대,을지로입구,20,42
20250513,이대,을지로입구,21,47
20250513,이대,을지로입구,22,27
20250513,이대,을지로입구,23,5
20250513,이대,이대,0,1
20250513,이대,이대,5,1
20250513,이대,이대,6,2
20250513,이대,이대,7,1
20250513,이대,이대,8,1
20250513,이대,이대,9,7
20250513,이대,이대,10,5
20250513,이대,이대,11,5
20250513,이대,이대,12,3
20250513,이대,이대,13,6
20250513,이대,이대,14,29
20250513,이대,이대,15,10
20250513,이대,이대,16,9
20250513,이대,이대,17,8
20250513,이대,이대,18,21
20250513,이대,이대,19,5
20250513,이대,이대,20,9
20250513,이대,이대,21,6
20250513,이대,이대,22,5
20250513,이대,이대,23,6
20250513,이대,잠실(송파구청),0,3
20250513,이대,잠실(송파구청),5,3
20250513,이대,잠실(송파구청),6,9
20250513,이대,잠실(송파구청),7,28
20250513,이대,잠실(송파구청),8,36
20250513,이대,잠실(송파구청),9,18
20250513,이대,잠실(송파구청),10,13
20250513,이대,잠실(송파구청),11,14
20250513,이대,잠실(송파구청),12,15
20250513,이대,잠실(송파구청),13,18
20250513,이대,잠실(송파구청),14,32
20250513,이대,잠실(송파구청),15,32
20250513,이대,잠실(송파구청),16,43
20250513,이대,잠실(송파구청),17,48
20250513,이대,잠실(송파구청),18,34
20250513,이대,잠실(송파구청),19,21
20250513,이대,잠실(송파구청),20,26
20250513,이대,잠실(송파구청),21,27
20250513,이대,잠실(송파구청),22,13
20250513,이대,잠실(송파구청),23,13
20250513,이대,잠실나루,0,2
20250513,이대,잠실나루,6,7
20250513,이대,잠실나루,7,13
20250513,이대,잠실나루,8,4
20250513,이대,잠실나루,9,3
20250513,이대,잠실나루,10,1
20250513,이대,잠실나루,11,2
20250513,이대,잠실나루,12,2
20250513,이대,잠실나루,13,6
20250513,이대,잠실나루,14,9
20250513,이대,잠실나루,15,7
20250513,이대,잠실나루,16,11
20250513,이대,잠실나루,17,13
20250513,이대,잠실나루,18,12
20250513,이대,잠실나루,19,8
20250513,이대,잠실나루,20,4
20250513,이대,잠실나루,21,7
20250513,이대,잠실나루,22,6
20250513,이대,잠실나루,23,3
20250513,이대,잠실새내,0,1
20250513,이대,잠실새내,5,1
20250513,이대,잠실새내,7,2
20250513,이대,잠실새내,9,5
20250513,이대,잠실새내,11,4
20250513,이대,잠실새내,12,6
20250513,이대,잠실새내,13,3
20250513,이대,잠실새내,14,8
20250513,이대,잠실새내,15,14
20250513,이대,잠실새내,16,21
20250513,이대,잠실새내,17,13
20250513,이대,잠실새내,18,18
20250513,이대,잠실새내,19,7
20250513,이대,잠실새내,20,7
20250513,이대,잠실새내,21,11
20250513,이대,잠실새내,22,7
20250513,이대,잠실새내,23,1
20250513,이대,종합운동장,6,1
20250513,이대,종합운동장,8,2
20250513,이대,종합운동장,12,2
20250513,이대,종합운동장,13,2
20250513,이대,종합운동장,14,3
20250513,이대,종합운동장,15,8
20250513,이대,종합운동장,16,16
20250513,이대,종합운동장,17,43
20250513,이대,종합운동장,18,17
20250513,이대,종합운동장,19,5
20250513,이대,종합운동장,20,4
20250513,이대,종합운동장,21,5
20250513,이대,종합운동장,22,1
20250513,이대,충정로(경기대입구),0,2
20250513,이대,충정로(경기대입구),5,2
20250513,이대,충정로(경기대입구),6,2
20250513,이대,충정로(경기대입구),7,10
20250513,이대,충정로(경기대입구),8,27
20250513,이대,충정로(경기대입구),9,13
20250513,이대,충정로(경기대입구),10,1
20250513,이대,충정로(경기대입구),11,7
20250513,이대,충정로(경기대입구),12,9
20250513,이대,충정로(경기대입구),13,7
20250513,이대,충정로(경기대입구),14,18
20250513,이대,충정로(경기대입구),15,8
20250513,이대,충정로(경기대입구),16,7
20250513,이대,충정로(경기대입구),17,15
20250513,이대,충정로(경기대입구),18,7
20250513,이대,충정로(경기대입구),19,8
20250513,이대,충정로(경기대입구),20,3
20250513,이대,충정로(경기대입구),21,14
20250513,이대,충정로(경기대입구),22,1
20250513,이대,충정로(경기대입구),23,1
20250513,이대,한양대,5,1
20250513,이대,한양대,6,2
20250513,이대,한양대,7,6
20250513,이대,한양대,8,19
20250513,이대,한양대,9,22
20250513,이대,한양대,10,10
20250513,이대,한양대,11,5
20250513,이대,한양대,12,25
20250513,이대,한양대,13,11
20250513,이대,한양대,14,4
20250513,이대,한양대,15,14
20250513,이대,한양대,16,5
20250513,이대,한양대,17,6
20250513,이대,한양대,18,6
20250513,이대,한양대,19,6
20250513,이대,한양대,20,4
20250513,이대,한양대,21,4
20250513,이대,한양대,23,3
20250513,이대,합정,0,5
20250513,이대,합정,5,1
20250513,이대,합정,6,10
20250513,이대,합정,7,11
20250513,이대,합정,8,27
20250513,이대,합정,9,30
20250513,이대,합정,10,23
20250513,이대,합정,11,16
20250513,이대,합정,12,22
20250513,이대,합정,13,25
20250513,이대,합정,14,31
20250513,이대,합정,15,30
20250513,이대,합정,16,48
20250513,이대,합정,17,39
20250513,이대,합정,18,59
20250513,이대,합정,19,31
20250513,이대,합정,20,12
20250513,이대,합정,21,16
20250513,이대,합정,22,9
20250513,이대,합정,23,7
20250513,이대,홍대입구,0,4
20250513,이대,홍대입구,5,5
20250513,이대,홍대입구,6,4
20250513,이대,홍대입구,7,13
20250513,이대,홍대입구,8,26
20250513,이대,홍대입구,9,39
20250513,이대,홍대입구,10,57
20250513,이대,홍대입구,11,46
20250513,이대,홍대입구,12,57
20250513,이대,홍대입구,13,72
20250513,이대,홍대입구,14,73
20250513,이대,홍대입구,15,108
20250513,이대,홍대입구,16,120
20250513,이대,홍대입구,17,134
20250513,이대,홍대입구,18,126
20250513,이대,홍대입구,19,81
20250513,이대,홍대입구,20,57
20250513,이대,홍대입구,21,63
20250513,이대,홍대입구,22,26
20250513,이대,홍대입구,23,20
20250513,잠실(송파구청),강남,0,15
20250513,잠실(송파구청),강남,5,42
20250513,잠실(송파구청),강남,6,211
20250513,잠실(송파구청),강남,7,565
20250513,잠실(송파구청),강남,8,816
20250513,잠실(송파구청),강남,9,608
20250513,잠실(송파구청),강남,10,289
20250513,잠실(송파구청),강남,11,181
20250513,잠실(송파구청),강남,12,223
20250513,잠실(송파구청),강남,13,235
20250513,잠실(송파구청),강남,14,182
20250513,잠실(송파구청),강남,15,258
20250513,잠실(송파구청),강남,16,250
20250513,잠실(송파구청),강남,17,368
20250513,잠실(송파구청),강남,18,435
20250513,잠실(송파구청),강남,19,267
20250513,잠실(송파구청),강남,20,204
20250513,잠실(송파구청),강남,21,174
20250513,잠실(송파구청),강남,22,96
20250513,잠실(송파구청),강남,23,38
20250513,잠실(송파구청),강변(동서울터미널),0,5
20250513,잠실(송파구청),강변(동서울터미널),5,7
20250513,잠실(송파구청),강변(동서울터미널),6,41
20250513,잠실(송파구청),강변(동서울터미널),7,56
20250513,잠실(송파구청),강변(동서울터미널),8,74
20250513,잠실(송파구청),강변(동서울터미널),9,73
20250513,잠실(송파구청),강변(동서울터미널),10,67
20250513,잠실(송파구청),강변(동서울터미널),11,62
20250513,잠실(송파구청),강변(동서울터미널),12,82
20250513,잠실(송파구청),강변(동서울터미널),13,95
20250513,잠실(송파구청),강변(동서울터미널),14,106
20250513,잠실(송파구청),강변(동서울터미널),15,128
20250513,잠실(송파구청),강변(동서울터미널),16,126
20250513,잠실(송파구청),강변(동서울터미널),17,159
20250513,잠실(송파구청),강변(동서울터미널),18,195
20250513,잠실(송파구청),강변(동서울터미널),19,160
20250513,잠실(송파구청),강변(동서울터미널),20,124
20250513,잠실(송파구청),강변(동서울터미널),21,99
20250513,잠실(송파구청),강변(동서울터미널),22,64
20250513,잠실(송파구청),강변(동서울터미널),23,17
20250513,잠실(송파구청),건대입구,0,29
20250513,잠실(송파구청),건대입구,5,7
20250513,잠실(송파구청),건대입구,6,25
20250513,잠실(송파구청),건대입구,7,57
20250513,잠실(송파구청),건대입구,8,145
20250513,잠실(송파구청),건대입구,9,106
20250513,잠실(송파구청),건대입구,10,87
20250513,잠실(송파구청),건대입구,11,81
20250513,잠실(송파구청),건대입구,12,86
20250513,잠실(송파구청),건대입구,13,71
20250513,잠실(송파구청),건대입구,14,95
20250513,잠실(송파구청),건대입구,15,114
20250513,잠실(송파구청),건대입구,16,118
20250513,잠실(송파구청),건대입구,17,181
20250513,잠실(송파구청),건대입구,18,278
20250513,잠실(송파구청),건대입구,19,161
20250513,잠실(송파구청),건대입구,20,181
20250513,잠실(송파구청),건대입구,21,147
20250513,잠실(송파구청),건대입구,22,93
20250513,잠실(송파구청),건대입구,23,41
20250513,잠실(송파구청),교대(법원.검찰청),0,4
20250513,잠실(송파구청),교대(법원.검찰청),5,15
20250513,잠실(송파구청),교대(법원.검찰청),6,63
20250513,잠실(송파구청),교대(법원.검찰청),7,131
20250513,잠실(송파구청),교대(법원.검찰청),8,222
20250513,잠실(송파구청),교대(법원.검찰청),9,128
20250513,잠실(송파구청),교대(법원.검찰청),10,66
20250513,잠실(송파구청),교대(법원.검찰청),11,58
20250513,잠실(송파구청),교대(법원.검찰청),12,72
20250513,잠실(송파구청),교대(법원.검찰청),13,80
20250513,잠실(송파구청),교대(법원.검찰청),14,63
20250513,잠실(송파구청),교대(법원.검찰청),15,62
20250513,잠실(송파구청),교대(법원.검찰청),16,69
20250513,잠실(송파구청),교대(법원.검찰청),17,100
20250513,잠실(송파구청),교대(법원.검찰청),18,107
20250513,잠실(송파구청),교대(법원.검찰청),19,62
20250513,잠실(송파구청),교대(법원.검찰청),20,43
20250513,잠실(송파구청),교대(법원.검찰청),21,44
20250513,잠실(송파구청),교대(법원.검찰청),22,34
20250513,잠실(송파구청),교대(법원.검찰청),23,11
20250513,잠실(송파구청),구로디지털단지,0,3
20250513,잠실(송파구청),구로디지털단지,5,11
20250513,잠실(송파구청),구로디지털단지,6,67
20250513,잠실(송파구청),구로디지털단지,7,181
20250513,잠실(송파구청),구로디지털단지,8,122
20250513,잠실(송파구청),구로디지털단지,9,48
20250513,잠실(송파구청),구로디지털단지,10,36
20250513,잠실(송파구청),구로디지털단지,11,23
20250513,잠실(송파구청),구로디지털단지,12,29
20250513,잠실(송파구청),구로디지털단지,13,31
20250513,잠실(송파구청),구로디지털단지,14,36
20250513,잠실(송파구청),구로디지털단지,15,49
20250513,잠실(송파구청),구로디지털단지,16,66
20250513,잠실(송파구청),구로디지털단지,17,91
20250513,잠실(송파구청),구로디지털단지,18,132
20250513,잠실(송파구청),구로디지털단지,19,96
20250513,잠실(송파구청),구로디지털단지,20,84
20250513,잠실(송파구청),구로디지털단지,21,81
20250513,잠실(송파구청),구로디지털단지,22,67
20250513,잠실(송파구청),구로디지털단지,23,25
20250513,잠실(송파구청),구의(광진구청),0,9
20250513,잠실(송파구청),구의(광진구청),5,4
20250513,잠실(송파구청),구의(광진구청),6,26
20250513,잠실(송파구청),구의(광진구청),7,32
20250513,잠실(송파구청),구의(광진구청),8,67
20250513,잠실(송파구청),구의(광진구청),9,34
20250513,잠실(송파구청),구의(광진구청),10,32
20250513,잠실(송파구청),구의(광진구청),11,38
20250513,잠실(송파구청),구의(광진구청),12,41
20250513,잠실(송파구청),구의(광진구청),13,48
20250513,잠실(송파구청),구의(광진구청),14,64
20250513,잠실(송파구청),구의(광진구청),15,78
20250513,잠실(송파구청),구의(광진구청),16,62
20250513,잠실(송파구청),구의(광진구청),17,120
20250513,잠실(송파구청),구의(광진구청),18,194
20250513,잠실(송파구청),구의(광진구청),19,113
20250513,잠실(송파구청),구의(광진구청),20,86
20250513,잠실(송파구청),구의(광진구청),21,80
20250513,잠실(송파구청),구의(광진구청),22,56
20250513,잠실(송파구청),구의(광진구청),23,22
20250513,잠실(송파구청),낙성대,0,10
20250513,잠실(송파구청),낙성대,5,5
20250513,잠실(송파구청),낙성대,6,11
20250513,잠실(송파구청),낙성대,7,31
20250513,잠실(송파구청),낙성대,8,40
20250513,잠실(송파구청),낙성대,9,38
20250513,잠실(송파구청),낙성대,10,23
20250513,잠실(송파구청),낙성대,11,28
20250513,잠실(송파구청),낙성대,12,14
20250513,잠실(송파구청),낙성대,13,19
20250513,잠실(송파구청),낙성대,14,26
20250513,잠실(송파구청),낙성대,15,24
20250513,잠실(송파구청),낙성대,16,40
20250513,잠실(송파구청),낙성대,17,58
20250513,잠실(송파구청),낙성대,18,94
20250513,잠실(송파구청),낙성대,19,63
20250513,잠실(송파구청),낙성대,20,76
20250513,잠실(송파구청),낙성대,21,81
20250513,잠실(송파구청),낙성대,22,53
20250513,잠실(송파구청),낙성대,23,23
20250513,잠실(송파구청),당산,0,1
20250513,잠실(송파구청),당산,6,4
20250513,잠실(송파구청),당산,7,7
20250513,잠실(송파구청),당산,8,5
20250513,잠실(송파구청),당산,9,4
20250513,잠실(송파구청),당산,10,2
20250513,잠실(송파구청),당산,11,2
20250513,잠실(송파구청),당산,12,1
20250513,잠실(송파구청),당산,14,7
20250513,잠실(송파구청),당산,15,6
20250513,잠실(송파구청),당산,16,11
20250513,잠실(송파구청),당산,17,12
20250513,잠실(송파구청),당산,18,23
20250513,잠실(송파구청),당산,19,15
20250513,잠실(송파구청),당산,20,17
20250513,잠실(송파구청),당산,21,20
20250513,잠실(송파구청),당산,22,24
20250513,잠실(송파구청),당산,23,5
20250513,잠실(송파구청),대림(구로구청),0,3
20250513,잠실(송파구청),대림(구로구청),5,5
20250513,잠실(송파구청),대림(구로구청),6,12
20250513,잠실(송파구청),대림(구로구청),7,25
20250513,잠실(송파구청),대림(구로구청),8,18
20250513,잠실(송파구청),대림(구로구청),9,12
20250513,잠실(송파구청),대림(구로구청),10,24
20250513,잠실(송파구청),대림(구로구청),11,6
20250513,잠실(송파구청),대림(구로구청),12,14
20250513,잠실(송파구청),대림(구로구청),13,15
20250513,잠실(송파구청),대림(구로구청),14,16
20250513,잠실(송파구청),대림(구로구청),15,19
20250513,잠실(송파구청),대림(구로구청),16,32
20250513,잠실(송파구청),대림(구로구청),17,29
20250513,잠실(송파구청),대림(구로구청),18,59
20250513,잠실(송파구청),대림(구로구청),19,34
20250513,잠실(송파구청),대림(구로구청),20,30
20250513,잠실(송파구청),대림(구로구청),21,34
20250513,잠실(송파구청),대림(구로구청),22,24
20250513,잠실(송파구청),대림(구로구청),23,4
20250513,잠실(송파구청),동대문역사문화공원,0,5
20250513,잠실(송파구청),동대문역사문화공원,5,3
20250513,잠실(송파구청),동대문역사문화공원,6,16
20250513,잠실(송파구청),동대문역사문화공원,7,61
20250513,잠실(송파구청),동대문역사문화공원,8,58
20250513,잠실(송파구청),동대문역사문화공원,9,40
20250513,잠실(송파구청),동대문역사문화공원,10,38
20250513,잠실(송파구청),동대문역사문화공원,11,39
20250513,잠실(송파구청),동대문역사문화공원,12,42
20250513,잠실(송파구청),동대문역사문화공원,13,35
20250513,잠실(송파구청),동대문역사문화공원,14,35
20250513,잠실(송파구청),동대문역사문화공원,15,36
20250513,잠실(송파구청),동대문역사문화공원,16,33
20250513,잠실(송파구청),동대문역사문화공원,17,39
20250513,잠실(송파구청),동대문역사문화공원,18,39
20250513,잠실(송파구청),동대문역사문화공원,19,62
20250513,잠실(송파구청),동대문역사문화공원,20,40
20250513,잠실(송파구청),동대문역사문화공원,21,35
20250513,잠실(송파구청),동대문역사문화공원,22,17
20250513,잠실(송파구청),동대문역사문화공원,23,5
20250513,잠실(송파구청),뚝섬,5,5
20250513,잠실(송파구청),뚝섬,6,24
20250513,잠실(송파구청),뚝섬,7,110
20250513,잠실(송파구청),뚝섬,8,222
20250513,잠실(송파구청),뚝섬,9,144
20250513,잠실(송파구청),뚝섬,10,55
20250513,잠실(송파구청),뚝섬,11,49
20250513,잠실(송파구청),뚝섬,12,43
20250513,잠실(송파구청),뚝섬,13,55
20250513,잠실(송파구청),뚝섬,14,70
20250513,잠실(송파구청),뚝섬,15,46
20250513,잠실(송파구청),뚝섬,16,48
20250513,잠실(송파구청),뚝섬,17,57
20250513,잠실(송파구청),뚝섬,18,68
20250513,잠실(송파구청),뚝섬,19,50
20250513,잠실(송파구청),뚝섬,20,35
20250513,잠실(송파구청),뚝섬,21,16
20250513,잠실(송파구청),뚝섬,22,14
20250513,잠실(송파구청),뚝섬,23,10
20250513,잠실(송파구청),문래,5,2
20250513,잠실(송파구청),문래,6,12
20250513,잠실(송파구청),문래,7,38
20250513,잠실(송파구청),문래,8,19
20250513,잠실(송파구청),문래,9,10
20250513,잠실(송파구청),문래,10,13
20250513,잠실(송파구청),문래,11,4
20250513,잠실(송파구청),문래,12,7
20250513,잠실(송파구청),문래,13,14
20250513,잠실(송파구청),문래,14,10
20250513,잠실(송파구청),문래,15,8
20250513,잠실(송파구청),문래,16,9
20250513,잠실(송파구청),문래,17,28
20250513,잠실(송파구청),문래,18,32
20250513,잠실(송파구청),문래,19,19
20250513,잠실(송파구청),문래,20,14
20250513,잠실(송파구청),문래,21,16
20250513,잠실(송파구청),문래,22,15
20250513,잠실(송파구청),문래,23,6
20250513,잠실(송파구청),방배,0,3
20250513,잠실(송파구청),방배,5,10
20250513,잠실(송파구청),방배,6,30
20250513,잠실(송파구청),방배,7,97
20250513,잠실(송파구청),방배,8,99
20250513,잠실(송파구청),방배,9,93
20250513,잠실(송파구청),방배,10,65
20250513,잠실(송파구청),방배,11,48
20250513,잠실(송파구청),방배,12,68
20250513,잠실(송파구청),방배,13,33
20250513,잠실(송파구청),방배,14,34
20250513,잠실(송파구청),방배,15,40
20250513,잠실(송파구청),방배,16,38
20250513,잠실(송파구청),방배,17,47
20250513,잠실(송파구청),방배,18,59
20250513,잠실(송파구청),방배,19,30
20250513,잠실(송파구청),방배,20,24
20250513,잠실(송파구청),방배,21,32
20250513,잠실(송파구청),방배,22,16
20250513,잠실(송파구청),방배,23,15
20250513,잠실(송파구청),봉천,0,3
20250513,잠실(송파구청),봉천,5,1
20250513,잠실(송파구청),봉천,6,6
20250513,잠실(송파구청),봉천,7,26
20250513,잠실(송파구청),봉천,8,9
20250513,잠실(송파구청),봉천,9,8
20250513,잠실(송파구청),봉천,10,12
20250513,잠실(송파구청),봉천,11,9
20250513,잠실(송파구청),봉천,12,13
20250513,잠실(송파구청),봉천,13,12
20250513,잠실(송파구청),봉천,14,24
20250513,잠실(송파구청),봉천,15,25
20250513,잠실(송파구청),봉천,16,36
20250513,잠실(송파구청),봉천,17,52
20250513,잠실(송파구청),봉천,18,93
20250513,잠실(송파구청),봉천,19,60
20250513,잠실(송파구청),봉천,20,58
20250513,잠실(송파구청),봉천,21,64
20250513,잠실(송파구청),봉천,22,40
20250513,잠실(송파구청),봉천,23,13
20250513,잠실(송파구청),사당,0,5
20250513,잠실(송파구청),사당,5,13
20250513,잠실(송파구청),사당,6,44
20250513,잠실(송파구청),사당,7,106
20250513,잠실(송파구청),사당,8,67
20250513,잠실(송파구청),사당,9,49
20250513,잠실(송파구청),사당,10,68
20250513,잠실(송파구청),사당,11,74
20250513,잠실(송파구청),사당,12,47
20250513,잠실(송파구청),사당,13,52
20250513,잠실(송파구청),사당,14,45
20250513,잠실(송파구청),사당,15,83
20250513,잠실(송파구청),사당,16,150
20250513,잠실(송파구청),사당,17,194
20250513,잠실(송파구청),사당,18,284
20250513,잠실(송파구청),사당,19,181
20250513,잠실(송파구청),사당,20,153
20250513,잠실(송파구청),사당,21,134
20250513,잠실(송파구청),사당,22,103
20250513,잠실(송파구청),사당,23,54
20250513,잠실(송파구청),삼성(무역센터),0,3
20250513,잠실(송파구청),삼성(무역센터),1,1
20250513,잠실(송파구청),삼성(무역센터),5,28
20250513,잠실(송파구청),삼성(무역센터),6,149
20250513,잠실(송파구청),삼성(무역센터),7,449
20250513,잠실(송파구청),삼성(무역센터),8,796
20250513,잠실(송파구청),삼성(무역센터),9,492
20250513,잠실(송파구청),삼성(무역센터),10,221
20250513,잠실(송파구청),삼성(무역센터),11,122
20250513,잠실(송파구청),삼성(무역센터),12,123
20250513,잠실(송파구청),삼성(무역센터),13,163
20250513,잠실(송파구청),삼성(무역센터),14,137
20250513,잠실(송파구청),삼성(무역센터),15,132
20250513,잠실(송파구청),삼성(무역센터),16,137
20250513,잠실(송파구청),삼성(무역센터),17,170
20250513,잠실(송파구청),삼성(무역센터),18,139
20250513,잠실(송파구청),삼성(무역센터),19,111
20250513,잠실(송파구청),삼성(무역센터),20,63
20250513,잠실(송파구청),삼성(무역센터),21,56
20250513,잠실(송파구청),삼성(무역센터),22,38
20250513,잠실(송파구청),삼성(무역센터),23,12
20250513,잠실(송파구청),상왕십리,0,3
20250513,잠실(송파구청),상왕십리,6,9
20250513,잠실(송파구청),상왕십리,7,16
20250513,잠실(송파구청),상왕십리,8,20
20250513,잠실(송파구청),상왕십리,9,11
20250513,잠실(송파구청),상왕십리,10,10
20250513,잠실(송파구청),상왕십리,11,12
20250513,잠실(송파구청),상왕십리,12,16
20250513,잠실(송파구청),상왕십리,13,9
20250513,잠실(송파구청),상왕십리,14,12
20250513,잠실(송파구청),상왕십리,15,18
20250513,잠실(송파구청),상왕십리,16,28
20250513,잠실(송파구청),상왕십리,17,34
20250513,잠실(송파구청),상왕십리,18,64
20250513,잠실(송파구청),상왕십리,19,37
20250513,잠실(송파구청),상왕십리,20,42
20250513,잠실(송파구청),상왕십리,21,29
20250513,잠실(송파구청),상왕십리,22,29
20250513,잠실(송파구청),상왕십리,23,17
20250513,잠실(송파구청),서울대입구(관악구청),0,8
20250513,잠실(송파구청),서울대입구(관악구청),5,10
20250513,잠실(송파구청),서울대입구(관악구청),6,22
20250513,잠실(송파구청),서울대입구(관악구청),7,53
20250513,잠실(송파구청),서울대입구(관악구청),8,75
20250513,잠실(송파구청),서울대입구(관악구청),9,65
20250513,잠실(송파구청),서울대입구(관악구청),10,33
20250513,잠실(송파구청),서울대입구(관악구청),11,37
20250513,잠실(송파구청),서울대입구(관악구청),12,43
20250513,잠실(송파구청),서울대입구(관악구청),13,35
20250513,잠실(송파구청),서울대입구(관악구청),14,44
20250513,잠실(송파구청),서울대입구(관악구청),15,59
20250513,잠실(송파구청),서울대입구(관악구청),16,79
20250513,잠실(송파구청),서울대입구(관악구청),17,111
20250513,잠실(송파구청),서울대입구(관악구청),18,187
20250513,잠실(송파구청),서울대입구(관악구청),19,131
20250513,잠실(송파구청),서울대입구(관악구청),20,118
20250513,잠실(송파구청),서울대입구(관악구청),21,165
20250513,잠실(송파구청),서울대입구(관악구청),22,115
20250513,잠실(송파구청),서울대입구(관악구청),23,44
20250513,잠실(송파구청),서초,0,3
20250513,잠실(송파구청),서초,5,14
20250513,잠실(송파구청),서초,6,77
20250513,잠실(송파구청),서초,7,118
20250513,잠실(송파구청),서초,8,176
20250513,잠실(송파구청),서초,9,98
20250513,잠실(송파구청),서초,10,52
20250513,잠실(송파구청),서초,11,30
20250513,잠실(송파구청),서초,12,29
20250513,잠실(송파구청),서초,13,18
20250513,잠실(송파구청),서초,14,36
20250513,잠실(송파구청),서초,15,23
20250513,잠실(송파구청),서초,16,44
20250513,잠실(송파구청),서초,17,51
20250513,잠실(송파구청),서초,18,70
20250513,잠실(송파구청),서초,19,33
20250513,잠실(송파구청),서초,20,31
20250513,잠실(송파구청),서초,21,37
20250513,잠실(송파구청),서초,22,17
20250513,잠실(송파구청),서초,23,7
20250513,잠실(송파구청),선릉,0,15
20250513,잠실(송파구청),선릉,5,20
20250513,잠실(송파구청),선릉,6,152
20250513,잠실(송파구청),선릉,7,465
20250513,잠실(송파구청),선릉,8,696
20250513,잠실(송파구청),선릉,9,447
20250513,잠실(송파구청),선릉,10,194
20250513,잠실(송파구청),선릉,11,140
20250513,잠실(송파구청),선릉,12,145
20250513,잠실(송파구청),선릉,13,161
20250513,잠실(송파구청),선릉,14,132
20250513,잠실(송파구청),선릉,15,99
20250513,잠실(송파구청),선릉,16,93
20250513,잠실(송파구청),선릉,17,126
20250513,잠실(송파구청),선릉,18,154
20250513,잠실(송파구청),선릉,19,89
20250513,잠실(송파구청),선릉,20,59
20250513,잠실(송파구청),선릉,21,66
20250513,잠실(송파구청),선릉,22,30
20250513,잠실(송파구청),선릉,23,22
20250513,잠실(송파구청),성수,0,4
20250513,잠실(송파구청),성수,5,22
20250513,잠실(송파구청),성수,6,50
20250513,잠실(송파구청),성수,7,209
20250513,잠실(송파구청),성수,8,457
20250513,잠실(송파구청),성수,9,233
20250513,잠실(송파구청),성수,10,112
20250513,잠실(송파구청),성수,11,102
20250513,잠실(송파구청),성수,12,122
20250513,잠실(송파구청),성수,13,131
20250513,잠실(송파구청),성수,14,98
20250513,잠실(송파구청),성수,15,126
20250513,잠실(송파구청),성수,16,132
20250513,잠실(송파구청),성수,17,127
20250513,잠실(송파구청),성수,18,137
20250513,잠실(송파구청),성수,19,78
20250513,잠실(송파구청),성수,20,54
20250513,잠실(송파구청),성수,21,36
20250513,잠실(송파구청),성수,22,19
20250513,잠실(송파구청),성수,23,7
20250513,잠실(송파구청),시청,5,10
20250513,잠실(송파구청),시청,6,44
20250513,잠실(송파구청),시청,7,169
20250513,잠실(송파구청),시청,8,158
20250513,잠실(송파구청),시청,9,55
20250513,잠실(송파구청),시청,10,36
20250513,잠실(송파구청),시청,11,21
20250513,잠실(송파구청),시청,12,27
20250513,잠실(송파구청),시청,13,29
20250513,잠실(송파구청),시청,14,26
20250513,잠실(송파구청),시청,15,28
20250513,잠실(송파구청),시청,16,11
20250513,잠실(송파구청),시청,17,25
20250513,잠실(송파구청),시청,18,44
20250513,잠실(송파구청),시청,19,25
20250513,잠실(송파구청),시청,20,19
20250513,잠실(송파구청),시청,21,14
20250513,잠실(송파구청),시청,22,4
20250513,잠실(송파구청),시청,23,4
20250513,잠실(송파구청),신당,0,2
20250513,잠실(송파구청),신당,5,6
20250513,잠실(송파구청),신당,6,5
20250513,잠실(송파구청),신당,7,12
20250513,잠실(송파구청),신당,8,26
20250513,잠실(송파구청),신당,9,19
20250513,잠실(송파구청),신당,10,10
20250513,잠실(송파구청),신당,11,13
20250513,잠실(송파구청),신당,12,10
20250513,잠실(송파구청),신당,13,14
20250513,잠실(송파구청),신당,14,18
20250513,잠실(송파구청),신당,15,15
20250513,잠실(송파구청),신당,16,21
20250513,잠실(송파구청),신당,17,28
20250513,잠실(송파구청),신당,18,64
20250513,잠실(송파구청),신당,19,37
20250513,잠실(송파구청),신당,20,28
20250513,잠실(송파구청),신당,21,33
20250513,잠실(송파구청),신당,22,18
20250513,잠실(송파구청),신당,23,1
20250513,잠실(송파구청),신대방,0,4
20250513,잠실(송파구청),신대방,5,2
20250513,잠실(송파구청),신대방,6,11
20250513,잠실(송파구청),신대방,7,19
20250513,잠실(송파구청),신대방,8,6
20250513,잠실(송파구청),신대방,9,10
20250513,잠실(송파구청),신대방,10,9
20250513,잠실(송파구청),신대방,11,9
20250513,잠실(송파구청),신대방,12,13
20250513,잠실(송파구청),신대방,13,11
20250513,잠실(송파구청),신대방,14,13
20250513,잠실(송파구청),신대방,15,16
20250513,잠실(송파구청),신대방,16,28
20250513,잠실(송파구청),신대방,17,47
20250513,잠실(송파구청),신대방,18,63
20250513,잠실(송파구청),신대방,19,38
20250513,잠실(송파구청),신대방,20,54
20250513,잠실(송파구청),신대방,21,39
20250513,잠실(송파구청),신대방,22,31
20250513,잠실(송파구청),신대방,23,15
20250513,잠실(송파구청),신도림,0,4
20250513,잠실(송파구청),신도림,5,2
20250513,잠실(송파구청),신도림,6,13
20250513,잠실(송파구청),신도림,7,24
20250513,잠실(송파구청),신도림,8,17
20250513,잠실(송파구청),신도림,9,13
20250513,잠실(송파구청),신도림,10,10
20250513,잠실(송파구청),신도림,11,11
20250513,잠실(송파구청),신도림,12,12
20250513,잠실(송파구청),신도림,13,10
20250513,잠실(송파구청),신도림,14,25
20250513,잠실(송파구청),신도림,15,48
20250513,잠실(송파구청),신도림,16,54
20250513,잠실(송파구청),신도림,17,87
20250513,잠실(송파구청),신도림,18,121
20250513,잠실(송파구청),신도림,19,83
20250513,잠실(송파구청),신도림,20,99
20250513,잠실(송파구청),신도림,21,84
20250513,잠실(송파구청),신도림,22,37
20250513,잠실(송파구청),신도림,23,24
20250513,잠실(송파구청),신림,0,8
20250513,잠실(송파구청),신림,5,8
20250513,잠실(송파구청),신림,6,29
20250513,잠실(송파구청),신림,7,39
20250513,잠실(송파구청),신림,8,34
20250513,잠실(송파구청),신림,9,23
20250513,잠실(송파구청),신림,10,20
20250513,잠실(송파구청),신림,11,19
20250513,잠실(송파구청),신림,12,24
20250513,잠실(송파구청),신림,13,19
20250513,잠실(송파구청),신림,14,41
20250513,잠실(송파구청),신림,15,57
20250513,잠실(송파구청),신림,16,79
20250513,잠실(송파구청),신림,17,122
20250513,잠실(송파구청),신림,18,231
20250513,잠실(송파구청),신림,19,172
20250513,잠실(송파구청),신림,20,142
20250513,잠실(송파구청),신림,21,142
20250513,잠실(송파구청),신림,22,114
20250513,잠실(송파구청),신림,23,63
20250513,잠실(송파구청),신촌,0,2
20250513,잠실(송파구청),신촌,5,8
20250513,잠실(송파구청),신촌,6,16
20250513,잠실(송파구청),신촌,7,41
20250513,잠실(송파구청),신촌,8,52
20250513,잠실(송파구청),신촌,9,56
20250513,잠실(송파구청),신촌,10,39
20250513,잠실(송파구청),신촌,11,42
20250513,잠실(송파구청),신촌,12,50
20250513,잠실(송파구청),신촌,13,27
20250513,잠실(송파구청),신촌,14,22
20250513,잠실(송파구청),신촌,15,38
20250513,잠실(송파구청),신촌,16,46
20250513,잠실(송파구청),신촌,17,64
20250513,잠실(송파구청),신촌,18,65
20250513,잠실(송파구청),신촌,19,55
20250513,잠실(송파구청),신촌,20,39
20250513,잠실(송파구청),신촌,21,43
20250513,잠실(송파구청),신촌,22,27
20250513,잠실(송파구청),신촌,23,8
20250513,잠실(송파구청),아현,6,5
20250513,잠실(송파구청),아현,7,6
20250513,잠실(송파구청),아현,8,3
20250513,잠실(송파구청),아현,9,4
20250513,잠실(송파구청),아현,10,5
20250513,잠실(송파구청),아현,11,6
20250513,잠실(송파구청),아현,12,6
20250513,잠실(송파구청),아현,13,6
20250513,잠실(송파구청),아현,14,3
20250513,잠실(송파구청),아현,15,14
20250513,잠실(송파구청),아현,16,14
20250513,잠실(송파구청),아현,17,18
20250513,잠실(송파구청),아현,18,31
20250513,잠실(송파구청),아현,19,15
20250513,잠실(송파구청),아현,20,20
20250513,잠실(송파구청),아현,21,12
20250513,잠실(송파구청),아현,22,14
20250513,잠실(송파구청),아현,23,6
20250513,잠실(송파구청),역삼,0,5
20250513,잠실(송파구청),역삼,5,23
20250513,잠실(송파구청),역삼,6,139
20250513,잠실(송파구청),역삼,7,579
20250513,잠실(송파구청),역삼,8,870
20250513,잠실(송파구청),역삼,9,595
20250513,잠실(송파구청),역삼,10,195
20250513,잠실(송파구청),역삼,11,108
20250513,잠실(송파구청),역삼,12,108
20250513,잠실(송파구청),역삼,13,107
20250513,잠실(송파구청),역삼,14,104
20250513,잠실(송파구청),역삼,15,81
20250513,잠실(송파구청),역삼,16,61
20250513,잠실(송파구청),역삼,17,103
20250513,잠실(송파구청),역삼,18,130
20250513,잠실(송파구청),역삼,19,88
20250513,잠실(송파구청),역삼,20,69
20250513,잠실(송파구청),역삼,21,58
20250513,잠실(송파구청),역삼,22,33
20250513,잠실(송파구청),역삼,23,17
20250513,잠실(송파구청),영등포구청,5,1
20250513,잠실(송파구청),영등포구청,6,6
20250513,잠실(송파구청),영등포구청,7,11
20250513,잠실(송파구청),영등포구청,8,5
20250513,잠실(송파구청),영등포구청,9,2
20250513,잠실(송파구청),영등포구청,10,2
20250513,잠실(송파구청),영등포구청,11,6
20250513,잠실(송파구청),영등포구청,12,4
20250513,잠실(송파구청),영등포구청,13,4
20250513,잠실(송파구청),영등포구청,14,2
20250513,잠실(송파구청),영등포구청,15,3
20250513,잠실(송파구청),영등포구청,16,10
20250513,잠실(송파구청),영등포구청,17,13
20250513,잠실(송파구청),영등포구청,18,28
20250513,잠실(송파구청),영등포구청,19,18
20250513,잠실(송파구청),영등포구청,20,13
20250513,잠실(송파구청),영등포구청,21,23
20250513,잠실(송파구청),영등포구청,22,21
20250513,잠실(송파구청),영등포구청,23,2
20250513,잠실(송파구청),왕십리(성동구청),0,4
20250513,잠실(송파구청),왕십리(성동구청),5,2
20250513,잠실(송파구청),왕십리(성동구청),6,10
20250513,잠실(송파구청),왕십리(성동구청),7,10
20250513,잠실(송파구청),왕십리(성동구청),8,19
20250513,잠실(송파구청),왕십리(성동구청),9,17
20250513,잠실(송파구청),왕십리(성동구청),10,8
20250513,잠실(송파구청),왕십리(성동구청),11,11
20250513,잠실(송파구청),왕십리(성동구청),12,13
20250513,잠실(송파구청),왕십리(성동구청),13,11
20250513,잠실(송파구청),왕십리(성동구청),14,25
20250513,잠실(송파구청),왕십리(성동구청),15,26
20250513,잠실(송파구청),왕십리(성동구청),16,24
20250513,잠실(송파구청),왕십리(성동구청),17,51
20250513,잠실(송파구청),왕십리(성동구청),18,86
20250513,잠실(송파구청),왕십리(성동구청),19,44
20250513,잠실(송파구청),왕십리(성동구청),20,28
20250513,잠실(송파구청),왕십리(성동구청),21,40
20250513,잠실(송파구청),왕십리(성동구청),22,24
20250513,잠실(송파구청),왕십리(성동구청),23,6
20250513,잠실(송파구청),용두(동대문구청),0,3
20250513,잠실(송파구청),용두(동대문구청),5,1
20250513,잠실(송파구청),용두(동대문구청),6,2
20250513,잠실(송파구청),용두(동대문구청),7,12
20250513,잠실(송파구청),용두(동대문구청),8,14
20250513,잠실(송파구청),용두(동대문구청),9,6
20250513,잠실(송파구청),용두(동대문구청),10,7
20250513,잠실(송파구청),용두(동대문구청),11,6
20250513,잠실(송파구청),용두(동대문구청),12,14
20250513,잠실(송파구청),용두(동대문구청),13,4
20250513,잠실(송파구청),용두(동대문구청),14,14
20250513,잠실(송파구청),용두(동대문구청),15,9
20250513,잠실(송파구청),용두(동대문구청),16,8
20250513,잠실(송파구청),용두(동대문구청),17,22
20250513,잠실(송파구청),용두(동대문구청),18,24
20250513,잠실(송파구청),용두(동대문구청),19,10
20250513,잠실(송파구청),용두(동대문구청),20,6
20250513,잠실(송파구청),용두(동대문구청),21,9
20250513,잠실(송파구청),용두(동대문구청),22,4
20250513,잠실(송파구청),용두(동대문구청),23,1
20250513,잠실(송파구청),을지로3가,0,2
20250513,잠실(송파구청),을지로3가,5,12
20250513,잠실(송파구청),을지로3가,6,41
20250513,잠실(송파구청),을지로3가,7,119
20250513,잠실(송파구청),을지로3가,8,102
20250513,잠실(송파구청),을지로3가,9,38
20250513,잠실(송파구청),을지로3가,10,30
20250513,잠실(송파구청),을지로3가,11,12
20250513,잠실(송파구청),을지로3가,12,23
20250513,잠실(송파구청),을지로3가,13,22
20250513,잠실(송파구청),을지로3가,14,16
20250513,잠실(송파구청),을지로3가,15,27
20250513,잠실(송파구청),을지로3가,16,29
20250513,잠실(송파구청),을지로3가,17,59
20250513,잠실(송파구청),을지로3가,18,52
20250513,잠실(송파구청),을지로3가,19,20
20250513,잠실(송파구청),을지로3가,20,51
20250513,잠실(송파구청),을지로3가,21,29
20250513,잠실(송파구청),을지로3가,22,17
20250513,잠실(송파구청),을지로3가,23,4
20250513,잠실(송파구청),을지로4가,0,1
20250513,잠실(송파구청),을지로4가,5,3
20250513,잠실(송파구청),을지로4가,6,17
20250513,잠실(송파구청),을지로4가,7,62
20250513,잠실(송파구청),을지로4가,8,57
20250513,잠실(송파구청),을지로4가,9,37
20250513,잠실(송파구청),을지로4가,10,23
20250513,잠실(송파구청),을지로4가,11,27
20250513,잠실(송파구청),을지로4가,12,23
20250513,잠실(송파구청),을지로4가,13,16
20250513,잠실(송파구청),을지로4가,14,15
20250513,잠실(송파구청),을지로4가,15,17
20250513,잠실(송파구청),을지로4가,16,21
20250513,잠실(송파구청),을지로4가,17,31
20250513,잠실(송파구청),을지로4가,18,25
20250513,잠실(송파구청),을지로4가,19,14
20250513,잠실(송파구청),을지로4가,20,23
20250513,잠실(송파구청),을지로4가,21,13
20250513,잠실(송파구청),을지로4가,22,16
20250513,잠실(송파구청),을지로4가,23,5
20250513,잠실(송파구청),을지로입구,0,2
20250513,잠실(송파구청),을지로입구,5,21
20250513,잠실(송파구청),을지로입구,6,69
20250513,잠실(송파구청),을지로입구,7,221
20250513,잠실(송파구청),을지로입구,8,254
20250513,잠실(송파구청),을지로입구,9,120
20250513,잠실(송파구청),을지로입구,10,61
20250513,잠실(송파구청),을지로입구,11,40
20250513,잠실(송파구청),을지로입구,12,40
20250513,잠실(송파구청),을지로입구,13,69
20250513,잠실(송파구청),을지로입구,14,42
20250513,잠실(송파구청),을지로입구,15,52
20250513,잠실(송파구청),을지로입구,16,71
20250513,잠실(송파구청),을지로입구,17,75
20250513,잠실(송파구청),을지로입구,18,85
20250513,잠실(송파구청),을지로입구,19,48
20250513,잠실(송파구청),을지로입구,20,40
20250513,잠실(송파구청),을지로입구,21,38
20250513,잠실(송파구청),을지로입구,22,16
20250513,잠실(송파구청),을지로입구,23,1
20250513,잠실(송파구청),이대,0,1
20250513,잠실(송파구청),이대,5,2
20250513,잠실(송파구청),이대,6,5
20250513,잠실(송파구청),이대,7,20
20250513,잠실(송파구청),이대,8,49
20250513,잠실(송파구청),이대,9,44
20250513,잠실(송파구청),이대,10,23
20250513,잠실(송파구청),이대,11,37
20250513,잠실(송파구청),이대,12,28
20250513,잠실(송파구청),이대,13,14
20250513,잠실(송파구청),이대,14,28
20250513,잠실(송파구청),이대,15,14
20250513,잠실(송파구청),이대,16,10
20250513,잠실(송파구청),이대,17,36
20250513,잠실(송파구청),이대,18,34
20250513,잠실(송파구청),이대,19,21
20250513,잠실(송파구청),이대,20,22
20250513,잠실(송파구청),이대,21,28
20250513,잠실(송파구청),이대,22,24
20250513,잠실(송파구청),이대,23,3
20250513,잠실(송파구청),잠실(송파구청),0,17
20250513,잠실(송파구청),잠실(송파구청),5,3
20250513,잠실(송파구청),잠실(송파구청),6,10
20250513,잠실(송파구청),잠실(송파구청),7,12
20250513,잠실(송파구청),잠실(송파구청),8,37
20250513,잠실(송파구청),잠실(송파구청),9,41
20250513,잠실(송파구청),잠실(송파구청),10,34
20250513,잠실(송파구청),잠실(송파구청),11,63
20250513,잠실(송파구청),잠실(송파구청),12,57
20250513,잠실(송파구청),잠실(송파구청),13,69
20250513,잠실(송파구청),잠실(송파구청),14,157
20250513,잠실(송파구청),잠실(송파구청),15,194
20250513,잠실(송파구청),잠실(송파구청),16,163
20250513,잠실(송파구청),잠실(송파구청),17,201
20250513,잠실(송파구청),잠실(송파구청),18,160
20250513,잠실(송파구청),잠실(송파구청),19,94
20250513,잠실(송파구청),잠실(송파구청),20,137
20250513,잠실(송파구청),잠실(송파구청),21,128
20250513,잠실(송파구청),잠실(송파구청),22,97
20250513,잠실(송파구청),잠실(송파구청),23,35
20250513,잠실(송파구청),잠실나루,0,2
20250513,잠실(송파구청),잠실나루,5,1
20250513,잠실(송파구청),잠실나루,6,19
20250513,잠실(송파구청),잠실나루,7,39
20250513,잠실(송파구청),잠실나루,8,49
20250513,잠실(송파구청),잠실나루,9,47
20250513,잠실(송파구청),잠실나루,10,39
20250513,잠실(송파구청),잠실나루,11,35
20250513,잠실(송파구청),잠실나루,12,61
20250513,잠실(송파구청),잠실나루,13,56
20250513,잠실(송파구청),잠실나루,14,69
20250513,잠실(송파구청),잠실나루,15,57
20250513,잠실(송파구청),잠실나루,16,66
20250513,잠실(송파구청),잠실나루,17,61
20250513,잠실(송파구청),잠실나루,18,61
20250513,잠실(송파구청),잠실나루,19,27
20250513,잠실(송파구청),잠실나루,20,25
20250513,잠실(송파구청),잠실나루,21,32
20250513,잠실(송파구청),잠실나루,22,12
20250513,잠실(송파구청),잠실나루,23,2
20250513,잠실(송파구청),잠실새내,0,5
20250513,잠실(송파구청),잠실새내,5,2
20250513,잠실(송파구청),잠실새내,6,17
20250513,잠실(송파구청),잠실새내,7,59
20250513,잠실(송파구청),잠실새내,8,91
20250513,잠실(송파구청),잠실새내,9,86
20250513,잠실(송파구청),잠실새내,10,117
20250513,잠실(송파구청),잠실새내,11,128
20250513,잠실(송파구청),잠실새내,12,129
20250513,잠실(송파구청),잠실새내,13,158
20250513,잠실(송파구청),잠실새내,14,147
20250513,잠실(송파구청),잠실새내,15,205
20250513,잠실(송파구청),잠실새내,16,171
20250513,잠실(송파구청),잠실새내,17,287
20250513,잠실(송파구청),잠실새내,18,271
20250513,잠실(송파구청),잠실새내,19,191
20250513,잠실(송파구청),잠실새내,20,136
20250513,잠실(송파구청),잠실새내,21,109
20250513,잠실(송파구청),잠실새내,22,55
20250513,잠실(송파구청),잠실새내,23,27
20250513,잠실(송파구청),종합운동장,0,1
20250513,잠실(송파구청),종합운동장,5,4
20250513,잠실(송파구청),종합운동장,6,27
20250513,잠실(송파구청),종합운동장,7,51
20250513,잠실(송파구청),종합운동장,8,63
20250513,잠실(송파구청),종합운동장,9,32
20250513,잠실(송파구청),종합운동장,10,24
20250513,잠실(송파구청),종합운동장,11,21
20250513,잠실(송파구청),종합운동장,12,30
20250513,잠실(송파구청),종합운동장,13,24
20250513,잠실(송파구청),종합운동장,14,56
20250513,잠실(송파구청),종합운동장,15,57
20250513,잠실(송파구청),종합운동장,16,176
20250513,잠실(송파구청),종합운동장,17,430
20250513,잠실(송파구청),종합운동장,18,286
20250513,잠실(송파구청),종합운동장,19,47
20250513,잠실(송파구청),종합운동장,20,19
20250513,잠실(송파구청),종합운동장,21,24
20250513,잠실(송파구청),종합운동장,22,11
20250513,잠실(송파구청),종합운동장,23,1
20250513,잠실(송파구청),충정로(경기대입구),5,3
20250513,잠실(송파구청),충정로(경기대입구),6,11
20250513,잠실(송파구청),충정로(경기대입구),7,41
20250513,잠실(송파구청),충정로(경기대입구),8,31
20250513,잠실(송파구청),충정로(경기대입구),9,5
20250513,잠실(송파구청),충정로(경기대입구),10,8
20250513,잠실(송파구청),충정로(경기대입구),11,7
20250513,잠실(송파구청),충정로(경기대입구),12,5
20250513,잠실(송파구청),충정로(경기대입구),13,6
20250513,잠실(송파구청),충정로(경기대입구),14,6
20250513,잠실(송파구청),충정로(경기대입구),15,6
20250513,잠실(송파구청),충정로(경기대입구),16,6
20250513,잠실(송파구청),충정로(경기대입구),17,11
20250513,잠실(송파구청),충정로(경기대입구),18,13
20250513,잠실(송파구청),충정로(경기대입구),19,10
20250513,잠실(송파구청),충정로(경기대입구),20,8
20250513,잠실(송파구청),충정로(경기대입구),21,5
20250513,잠실(송파구청),충정로(경기대입구),22,7
20250513,잠실(송파구청),충정로(경기대입구),23,4
20250513,잠실(송파구청),한양대,0,3
20250513,잠실(송파구청),한양대,5,6
20250513,잠실(송파구청),한양대,6,6
20250513,잠실(송파구청),한양대,7,30
20250513,잠실(송파구청),한양대,8,97
20250513,잠실(송파구청),한양대,9,107
20250513,잠실(송파구청),한양대,10,71
20250513,잠실(송파구청),한양대,11,23
20250513,잠실(송파구청),한양대,12,67
20250513,잠실(송파구청),한양대,13,47
20250513,잠실(송파구청),한양대,14,19
20250513,잠실(송파구청),한양대,15,18
20250513,잠실(송파구청),한양대,16,21
20250513,잠실(송파구청),한양대,17,30
20250513,잠실(송파구청),한양대,18,27
20250513,잠실(송파구청),한양대,19,21
20250513,잠실(송파구청),한양대,20,8
20250513,잠실(송파구청),한양대,21,5
20250513,잠실(송파구청),한양대,22,8
20250513,잠실(송파구청),한양대,23,1
20250513,잠실(송파구청),합정,0,1
20250513,잠실(송파구청),합정,5,1
20250513,잠실(송파구청),합정,6,3
20250513,잠실(송파구청),합정,7,19
20250513,잠실(송파구청),합정,8,19
20250513,잠실(송파구청),합정,9,9
20250513,잠실(송파구청),합정,10,9
20250513,잠실(송파구청),합정,11,8
20250513,잠실(송파구청),합정,12,14
20250513,잠실(송파구청),합정,13,7
20250513,잠실(송파구청),합정,14,15
20250513,잠실(송파구청),합정,15,20
20250513,잠실(송파구청),합정,16,27
20250513,잠실(송파구청),합정,17,39
20250513,잠실(송파구청),합정,18,56
20250513,잠실(송파구청),합정,19,30
20250513,잠실(송파구청),합정,20,20
20250513,잠실(송파구청),합정,21,34
20250513,잠실(송파구청),합정,22,15
20250513,잠실(송파구청),합정,23,8
20250513,잠실(송파구청),홍대입구,0,1
20250513,잠실(송파구청),홍대입구,5,3
20250513,잠실(송파구청),홍대입구,6,9
20250513,잠실(송파구청),홍대입구,7,39
20250513,잠실(송파구청),홍대입구,8,52
20250513,잠실(송파구청),홍대입구,9,40
20250513,잠실(송파구청),홍대입구,10,44
20250513,잠실(송파구청),홍대입구,11,50
20250513,잠실(송파구청),홍대입구,12,82
20250513,잠실(송파구청),홍대입구,13,76
20250513,잠실(송파구청),홍대입구,14,76
20250513,잠실(송파구청),홍대입구,15,65
20250513,잠실(송파구청),홍대입구,16,67
20250513,잠실(송파구청),홍대입구,17,93
20250513,잠실(송파구청),홍대입구,18,105
20250513,잠실(송파구청),홍대입구,19,88
20250513,잠실(송파구청),홍대입구,20,99
20250513,잠실(송파구청),홍대입구,21,89
20250513,잠실(송파구청),홍대입구,22,65
20250513,잠실(송파구청),홍대입구,23,17
20250513,잠실나루,강남,0,2
20250513,잠실나루,강남,5,9
20250513,잠실나루,강남,6,29
20250513,잠실나루,강남,7,121
20250513,잠실나루,강남,8,144
20250513,잠실나루,강남,9,80
20250513,잠실나루,강남,10,45
20250513,잠실나루,강남,11,30
20250513,잠실나루,강남,12,33
20250513,잠실나루,강남,13,17
20250513,잠실나루,강남,14,22
20250513,잠실나루,강남,15,28
20250513,잠실나루,강남,16,31
20250513,잠실나루,강남,17,59
20250513,잠실나루,강남,18,37
20250513,잠실나루,강남,19,8
20250513,잠실나루,강남,20,6
20250513,잠실나루,강남,21,7
20250513,잠실나루,강남,22,3
20250513,잠실나루,강남,23,2
20250513,잠실나루,강변(동서울터미널),0,2
20250513,잠실나루,강변(동서울터미널),5,3
20250513,잠실나루,강변(동서울터미널),6,11
20250513,잠실나루,강변(동서울터미널),7,12
20250513,잠실나루,강변(동서울터미널),8,21
20250513,잠실나루,강변(동서울터미널),9,18
20250513,잠실나루,강변(동서울터미널),10,41
20250513,잠실나루,강변(동서울터미널),11,57
20250513,잠실나루,강변(동서울터미널),12,54
20250513,잠실나루,강변(동서울터미널),13,49
20250513,잠실나루,강변(동서울터미널),14,42
20250513,잠실나루,강변(동서울터미널),15,52
20250513,잠실나루,강변(동서울터미널),16,42
20250513,잠실나루,강변(동서울터미널),17,48
20250513,잠실나루,강변(동서울터미널),18,41
20250513,잠실나루,강변(동서울터미널),19,26
20250513,잠실나루,강변(동서울터미널),20,28
20250513,잠실나루,강변(동서울터미널),21,17
20250513,잠실나루,강변(동서울터미널),22,5
20250513,잠실나루,강변(동서울터미널),23,3
20250513,잠실나루,건대입구,0,5
20250513,잠실나루,건대입구,5,1
20250513,잠실나루,건대입구,6,4
20250513,잠실나루,건대입구,7,3
20250513,잠실나루,건대입구,8,32
20250513,잠실나루,건대입구,9,19
20250513,잠실나루,건대입구,10,23
20250513,잠실나루,건대입구,11,26
20250513,잠실나루,건대입구,12,11
20250513,잠실나루,건대입구,13,26
20250513,잠실나루,건대입구,14,19
20250513,잠실나루,건대입구,15,26
20250513,잠실나루,건대입구,16,27
20250513,잠실나루,건대입구,17,41
20250513,잠실나루,건대입구,18,34
20250513,잠실나루,건대입구,19,23
20250513,잠실나루,건대입구,20,14
20250513,잠실나루,건대입구,21,9
20250513,잠실나루,건대입구,22,9
20250513,잠실나루,건대입구,23,2
20250513,잠실나루,교대(법원.검찰청),5,6
20250513,잠실나루,교대(법원.검찰청),6,11
20250513,잠실나루,교대(법원.검찰청),7,23
20250513,잠실나루,교대(법원.검찰청),8,48
20250513,잠실나루,교대(법원.검찰청),9,37
20250513,잠실나루,교대(법원.검찰청),10,20
20250513,잠실나루,교대(법원.검찰청),11,28
20250513,잠실나루,교대(법원.검찰청),12,19
20250513,잠실나루,교대(법원.검찰청),13,9
20250513,잠실나루,교대(법원.검찰청),14,8
20250513,잠실나루,교대(법원.검찰청),15,9
20250513,잠실나루,교대(법원.검찰청),16,7
20250513,잠실나루,교대(법원.검찰청),17,18
20250513,잠실나루,교대(법원.검찰청),18,10
20250513,잠실나루,교대(법원.검찰청),19,4
20250513,잠실나루,교대(법원.검찰청),20,3
20250513,잠실나루,교대(법원.검찰청),21,4
20250513,잠실나루,교대(법원.검찰청),22,1
20250513,잠실나루,구로디지털단지,5,1
20250513,잠실나루,구로디지털단지,6,7
20250513,잠실나루,구로디지털단지,7,32
20250513,잠실나루,구로디지털단지,8,12
20250513,잠실나루,구로디지털단지,9,6
20250513,잠실나루,구로디지털단지,10,1
20250513,잠실나루,구로디지털단지,11,10
20250513,잠실나루,구로디지털단지,12,9
20250513,잠실나루,구로디지털단지,13,4
20250513,잠실나루,구로디지털단지,14,4
20250513,잠실나루,구로디지털단지,15,6
20250513,잠실나루,구로디지털단지,16,23
20250513,잠실나루,구로디지털단지,17,22
20250513,잠실나루,구로디지털단지,18,18
20250513,잠실나루,구로디지털단지,19,6
20250513,잠실나루,구로디지털단지,20,7
20250513,잠실나루,구로디지털단지,21,5
20250513,잠실나루,구로디지털단지,22,9
20250513,잠실나루,구로디지털단지,23,5
20250513,잠실나루,구의(광진구청),0,3
20250513,잠실나루,구의(광진구청),6,7
20250513,잠실나루,구의(광진구청),7,12
20250513,잠실나루,구의(광진구청),8,33
20250513,잠실나루,구의(광진구청),9,16
20250513,잠실나루,구의(광진구청),10,23
20250513,잠실나루,구의(광진구청),11,15
20250513,잠실나루,구의(광진구청),12,17
20250513,잠실나루,구의(광진구청),13,14
20250513,잠실나루,구의(광진구청),14,18
20250513,잠실나루,구의(광진구청),15,26
20250513,잠실나루,구의(광진구청),16,44
20250513,잠실나루,구의(광진구청),17,31
20250513,잠실나루,구의(광진구청),18,36
20250513,잠실나루,구의(광진구청),19,17
20250513,잠실나루,구의(광진구청),20,17
20250513,잠실나루,구의(광진구청),21,9
20250513,잠실나루,구의(광진구청),22,6
20250513,잠실나루,구의(광진구청),23,4
20250513,잠실나루,낙성대,6,3
20250513,잠실나루,낙성대,7,11
20250513,잠실나루,낙성대,8,17
20250513,잠실나루,낙성대,9,8
20250513,잠실나루,낙성대,10,9
20250513,잠실나루,낙성대,11,4
20250513,잠실나루,낙성대,12,2
20250513,잠실나루,낙성대,13,2
20250513,잠실나루,낙성대,14,6
20250513,잠실나루,낙성대,15,7
20250513,잠실나루,낙성대,16,10
20250513,잠실나루,낙성대,17,11
20250513,잠실나루,낙성대,18,8
20250513,잠실나루,낙성대,19,6
20250513,잠실나루,낙성대,20,3
20250513,잠실나루,낙성대,21,2
20250513,잠실나루,낙성대,22,2
20250513,잠실나루,낙성대,23,1
20250513,잠실나루,당산,6,2
20250513,잠실나루,당산,7,9
20250513,잠실나루,당산,8,3
20250513,잠실나루,당산,9,4
20250513,잠실나루,당산,10,1
20250513,잠실나루,당산,11,2
20250513,잠실나루,당산,12,2
20250513,잠실나루,당산,13,1
20250513,잠실나루,당산,14,1
20250513,잠실나루,당산,15,5
20250513,잠실나루,당산,16,1
20250513,잠실나루,당산,17,4
20250513,잠실나루,당산,18,5
20250513,잠실나루,당산,19,1
20250513,잠실나루,당산,20,1
20250513,잠실나루,당산,21,2
20250513,잠실나루,당산,22,1
20250513,잠실나루,대림(구로구청),5,2
20250513,잠실나루,대림(구로구청),6,3
20250513,잠실나루,대림(구로구청),7,8
20250513,잠실나루,대림(구로구청),8,1
20250513,잠실나루,대림(구로구청),9,3
20250513,잠실나루,대림(구로구청),10,6
20250513,잠실나루,대림(구로구청),11,5
20250513,잠실나루,대림(구로구청),12,2
20250513,잠실나루,대림(구로구청),14,4
20250513,잠실나루,대림(구로구청),15,5
20250513,잠실나루,대림(구로구청),16,24
20250513,잠실나루,대림(구로구청),17,12
20250513,잠실나루,대림(구로구청),18,4
20250513,잠실나루,대림(구로구청),19,5
20250513,잠실나루,대림(구로구청),20,2
20250513,잠실나루,대림(구로구청),22,3
20250513,잠실나루,동대문역사문화공원,5,3
20250513,잠실나루,동대문역사문화공원,6,5
20250513,잠실나루,동대문역사문화공원,7,20
20250513,잠실나루,동대문역사문화공원,8,20
20250513,잠실나루,동대문역사문화공원,9,12
20250513,잠실나루,동대문역사문화공원,10,10
20250513,잠실나루,동대문역사문화공원,11,4
20250513,잠실나루,동대문역사문화공원,12,10
20250513,잠실나루,동대문역사문화공원,13,5
20250513,잠실나루,동대문역사문화공원,14,6
20250513,잠실나루,동대문역사문화공원,15,4
20250513,잠실나루,동대문역사문화공원,16,2
20250513,잠실나루,동대문역사문화공원,17,4
20250513,잠실나루,동대문역사문화공원,18,8
20250513,잠실나루,동대문역사문화공원,19,5
20250513,잠실나루,동대문역사문화공원,20,2
20250513,잠실나루,동대문역사문화공원,21,1
20250513,잠실나루,뚝섬,5,3
20250513,잠실나루,뚝섬,6,3
20250513,잠실나루,뚝섬,7,25
20250513,잠실나루,뚝섬,8,44
20250513,잠실나루,뚝섬,9,29
20250513,잠실나루,뚝섬,10,17
20250513,잠실나루,뚝섬,11,11
20250513,잠실나루,뚝섬,12,6
20250513,잠실나루,뚝섬,13,9
20250513,잠실나루,뚝섬,14,2
20250513,잠실나루,뚝섬,15,7
20250513,잠실나루,뚝섬,16,9
20250513,잠실나루,뚝섬,17,8
20250513,잠실나루,뚝섬,18,17
20250513,잠실나루,뚝섬,19,6
20250513,잠실나루,뚝섬,20,3
20250513,잠실나루,뚝섬,22,2
20250513,잠실나루,뚝섬,23,1
20250513,잠실나루,문래,6,4
20250513,잠실나루,문래,7,11
20250513,잠실나루,문래,8,5
20250513,잠실나루,문래,9,2
20250513,잠실나루,문래,10,3
20250513,잠실나루,문래,11,3
20250513,잠실나루,문래,12,1
20250513,잠실나루,문래,14,1
20250513,잠실나루,문래,15,4
20250513,잠실나루,문래,16,3
20250513,잠실나루,문래,17,4
20250513,잠실나루,문래,18,1
20250513,잠실나루,문래,19,5
20250513,잠실나루,문래,21,1
20250513,잠실나루,문래,22,1
20250513,잠실나루,방배,5,5
20250513,잠실나루,방배,6,3
20250513,잠실나루,방배,7,14
20250513,잠실나루,방배,8,11
20250513,잠실나루,방배,9,12
20250513,잠실나루,방배,10,10
20250513,잠실나루,방배,11,9
20250513,잠실나루,방배,12,2
20250513,잠실나루,방배,13,5
20250513,잠실나루,방배,14,5
20250513,잠실나루,방배,15,11
20250513,잠실나루,방배,16,9
20250513,잠실나루,방배,17,10
20250513,잠실나루,방배,18,12
20250513,잠실나루,방배,19,13
20250513,잠실나루,방배,22,2
20250513,잠실나루,방배,23,1
20250513,잠실나루,봉천,5,1
20250513,잠실나루,봉천,6,1
20250513,잠실나루,봉천,7,6
20250513,잠실나루,봉천,8,4
20250513,잠실나루,봉천,9,3
20250513,잠실나루,봉천,10,3
20250513,잠실나루,봉천,11,3
20250513,잠실나루,봉천,12,1
20250513,잠실나루,봉천,13,1
20250513,잠실나루,봉천,14,1
20250513,잠실나루,봉천,15,5
20250513,잠실나루,봉천,16,11
20250513,잠실나루,봉천,17,6
20250513,잠실나루,봉천,18,11
20250513,잠실나루,봉천,19,3
20250513,잠실나루,봉천,20,5
20250513,잠실나루,봉천,21,4
20250513,잠실나루,봉천,23,2
20250513,잠실나루,사당,0,1
20250513,잠실나루,사당,5,6
20250513,잠실나루,사당,6,6
20250513,잠실나루,사당,7,30
20250513,잠실나루,사당,8,22
20250513,잠실나루,사당,9,10
20250513,잠실나루,사당,10,11
20250513,잠실나루,사당,11,14
20250513,잠실나루,사당,12,10
20250513,잠실나루,사당,13,16
20250513,잠실나루,사당,14,10
20250513,잠실나루,사당,15,22
20250513,잠실나루,사당,16,31
20250513,잠실나루,사당,17,38
20250513,잠실나루,사당,18,30
20250513,잠실나루,사당,19,14
20250513,잠실나루,사당,20,10
20250513,잠실나루,사당,21,3
20250513,잠실나루,사당,22,10
20250513,잠실나루,사당,23,2
20250513,잠실나루,삼성(무역센터),0,1
20250513,잠실나루,삼성(무역센터),5,4
20250513,잠실나루,삼성(무역센터),6,18
20250513,잠실나루,삼성(무역센터),7,88
20250513,잠실나루,삼성(무역센터),8,131
20250513,잠실나루,삼성(무역센터),9,67
20250513,잠실나루,삼성(무역센터),10,23
20250513,잠실나루,삼성(무역센터),11,26
20250513,잠실나루,삼성(무역센터),12,19
20250513,잠실나루,삼성(무역센터),13,17
20250513,잠실나루,삼성(무역센터),14,16
20250513,잠실나루,삼성(무역센터),15,13
20250513,잠실나루,삼성(무역센터),16,10
20250513,잠실나루,삼성(무역센터),17,24
20250513,잠실나루,삼성(무역센터),18,16
20250513,잠실나루,삼성(무역센터),19,9
20250513,잠실나루,삼성(무역센터),20,2
20250513,잠실나루,삼성(무역센터),21,2
20250513,잠실나루,삼성(무역센터),22,1
20250513,잠실나루,삼성(무역센터),23,2
20250513,잠실나루,상왕십리,0,1
20250513,잠실나루,상왕십리,5,2
20250513,잠실나루,상왕십리,6,1
20250513,잠실나루,상왕십리,7,6
20250513,잠실나루,상왕십리,8,6
20250513,잠실나루,상왕십리,9,4
20250513,잠실나루,상왕십리,10,4
20250513,잠실나루,상왕십리,11,4
20250513,잠실나루,상왕십리,12,8
20250513,잠실나루,상왕십리,13,5
20250513,잠실나루,상왕십리,14,5
20250513,잠실나루,상왕십리,15,7
20250513,잠실나루,상왕십리,16,10
20250513,잠실나루,상왕십리,17,13
20250513,잠실나루,상왕십리,18,19
20250513,잠실나루,상왕십리,19,3
20250513,잠실나루,상왕십리,20,10
20250513,잠실나루,상왕십리,21,3
20250513,잠실나루,상왕십리,22,3
20250513,잠실나루,상왕십리,23,1
20250513,잠실나루,서울대입구(관악구청),5,2
20250513,잠실나루,서울대입구(관악구청),6,1
20250513,잠실나루,서울대입구(관악구청),7,15
20250513,잠실나루,서울대입구(관악구청),8,20
20250513,잠실나루,서울대입구(관악구청),9,20
20250513,잠실나루,서울대입구(관악구청),10,11
20250513,잠실나루,서울대입구(관악구청),11,8
20250513,잠실나루,서울대입구(관악구청),12,12
20250513,잠실나루,서울대입구(관악구청),13,13
20250513,잠실나루,서울대입구(관악구청),15,5
20250513,잠실나루,서울대입구(관악구청),16,11
20250513,잠실나루,서울대입구(관악구청),17,31
20250513,잠실나루,서울대입구(관악구청),18,21
20250513,잠실나루,서울대입구(관악구청),19,10
20250513,잠실나루,서울대입구(관악구청),20,4
20250513,잠실나루,서울대입구(관악구청),21,5
20250513,잠실나루,서울대입구(관악구청),22,9
20250513,잠실나루,서울대입구(관악구청),23,1
20250513,잠실나루,서초,6,8
20250513,잠실나루,서초,7,23
20250513,잠실나루,서초,8,32
20250513,잠실나루,서초,9,15
20250513,잠실나루,서초,10,5
20250513,잠실나루,서초,11,9
20250513,잠실나루,서초,12,6
20250513,잠실나루,서초,13,3
20250513,잠실나루,서초,14,4
20250513,잠실나루,서초,15,3
20250513,잠실나루,서초,16,5
20250513,잠실나루,서초,17,8
20250513,잠실나루,서초,18,7
20250513,잠실나루,서초,19,1
20250513,잠실나루,서초,20,2
20250513,잠실나루,서초,22,5
20250513,잠실나루,서초,23,2
20250513,잠실나루,선릉,5,3
20250513,잠실나루,선릉,6,15
20250513,잠실나루,선릉,7,62
20250513,잠실나루,선릉,8,114
20250513,잠실나루,선릉,9,54
20250513,잠실나루,선릉,10,28
20250513,잠실나루,선릉,11,23
20250513,잠실나루,선릉,12,15
20250513,잠실나루,선릉,13,6
20250513,잠실나루,선릉,14,25
20250513,잠실나루,선릉,15,16
20250513,잠실나루,선릉,16,19
20250513,잠실나루,선릉,17,17
20250513,잠실나루,선릉,18,16
20250513,잠실나루,선릉,19,7
20250513,잠실나루,선릉,20,6
20250513,잠실나루,선릉,21,6
20250513,잠실나루,선릉,22,2
20250513,잠실나루,선릉,23,1
20250513,잠실나루,성수,0,1
20250513,잠실나루,성수,5,3
20250513,잠실나루,성수,6,7
20250513,잠실나루,성수,7,26
20250513,잠실나루,성수,8,58
20250513,잠실나루,성수,9,39
20250513,잠실나루,성수,10,26
20250513,잠실나루,성수,11,7
20250513,잠실나루,성수,12,10
20250513,잠실나루,성수,13,5
20250513,잠실나루,성수,14,9
20250513,잠실나루,성수,15,12
20250513,잠실나루,성수,16,20
20250513,잠실나루,성수,17,17
20250513,잠실나루,성수,18,24
20250513,잠실나루,성수,19,5
20250513,잠실나루,성수,20,5
20250513,잠실나루,성수,21,6
20250513,잠실나루,성수,22,3
20250513,잠실나루,성수,23,1
20250513,잠실나루,시청,5,6
20250513,잠실나루,시청,6,24
20250513,잠실나루,시청,7,73
20250513,잠실나루,시청,8,77
20250513,잠실나루,시청,9,26
20250513,잠실나루,시청,10,14
20250513,잠실나루,시청,11,8
20250513,잠실나루,시청,12,15
20250513,잠실나루,시청,13,5
20250513,잠실나루,시청,14,6
20250513,잠실나루,시청,15,8
20250513,잠실나루,시청,16,5
20250513,잠실나루,시청,17,6
20250513,잠실나루,시청,18,5
20250513,잠실나루,시청,19,1
20250513,잠실나루,신당,0,1
20250513,잠실나루,신당,6,2
20250513,잠실나루,신당,7,5
20250513,잠실나루,신당,8,14
20250513,잠실나루,신당,9,3
20250513,잠실나루,신당,10,3
20250513,잠실나루,신당,11,3
20250513,잠실나루,신당,13,5
20250513,잠실나루,신당,14,5
20250513,잠실나루,신당,15,6
20250513,잠실나루,신당,16,7
20250513,잠실나루,신당,17,11
20250513,잠실나루,신당,18,5
20250513,잠실나루,신당,19,1
20250513,잠실나루,신당,20,3
20250513,잠실나루,신대방,6,1
20250513,잠실나루,신대방,7,2
20250513,잠실나루,신대방,8,2
20250513,잠실나루,신대방,9,3
20250513,잠실나루,신대방,10,4
20250513,잠실나루,신대방,11,2
20250513,잠실나루,신대방,12,1
20250513,잠실나루,신대방,14,2
20250513,잠실나루,신대방,15,5
20250513,잠실나루,신대방,16,6
20250513,잠실나루,신대방,17,12
20250513,잠실나루,신대방,18,9
20250513,잠실나루,신대방,19,9
20250513,잠실나루,신대방,20,4
20250513,잠실나루,신대방,21,4
20250513,잠실나루,신대방,22,4
20250513,잠실나루,신도림,0,1
20250513,잠실나루,신도림,6,1
20250513,잠실나루,신도림,7,7
20250513,잠실나루,신도림,8,4
20250513,잠실나루,신도림,9,5
20250513,잠실나루,신도림,10,2
20250513,잠실나루,신도림,11,7
20250513,잠실나루,신도림,12,5
20250513,잠실나루,신도림,13,2
20250513,잠실나루,신도림,14,4
20250513,잠실나루,신도림,15,2
20250513,잠실나루,신도림,16,18
20250513,잠실나루,신도림,17,26
20250513,잠실나루,신도림,18,12
20250513,잠실나루,신도림,19,5
20250513,잠실나루,신도림,20,3
20250513,잠실나루,신도림,21,5
20250513,잠실나루,신도림,22,5
20250513,잠실나루,신림,5,1
20250513,잠실나루,신림,6,2
20250513,잠실나루,신림,7,9
20250513,잠실나루,신림,8,4
20250513,잠실나루,신림,9,2
20250513,잠실나루,신림,10,13
20250513,잠실나루,신림,11,4
20250513,잠실나루,신림,12,3
20250513,잠실나루,신림,13,4
20250513,잠실나루,신림,14,7
20250513,잠실나루,신림,15,6
20250513,잠실나루,신림,16,14
20250513,잠실나루,신림,17,26
20250513,잠실나루,신림,18,16
20250513,잠실나루,신림,19,6
20250513,잠실나루,신림,20,11
20250513,잠실나루,신림,21,5
20250513,잠실나루,신림,22,7
20250513,잠실나루,신림,23,1
20250513,잠실나루,신촌,5,2
20250513,잠실나루,신촌,6,6
20250513,잠실나루,신촌,7,20
20250513,잠실나루,신촌,8,23
20250513,잠실나루,신촌,9,27
20250513,잠실나루,신촌,10,16
20250513,잠실나루,신촌,11,12
20250513,잠실나루,신촌,12,15
20250513,잠실나루,신촌,13,8
20250513,잠실나루,신촌,14,3
20250513,잠실나루,신촌,15,12
20250513,잠실나루,신촌,16,10
20250513,잠실나루,신촌,17,18
20250513,잠실나루,신촌,18,15
20250513,잠실나루,신촌,19,5
20250513,잠실나루,신촌,20,4
20250513,잠실나루,신촌,21,3
20250513,잠실나루,신촌,23,1
20250513,잠실나루,아현,6,2
20250513,잠실나루,아현,7,1
20250513,잠실나루,아현,8,3
20250513,잠실나루,아현,9,3
20250513,잠실나루,아현,11,1
20250513,잠실나루,아현,12,8
20250513,잠실나루,아현,13,1
20250513,잠실나루,아현,14,2
20250513,잠실나루,아현,16,3
20250513,잠실나루,아현,17,5
20250513,잠실나루,아현,18,7
20250513,잠실나루,아현,19,5
20250513,잠실나루,아현,20,2
20250513,잠실나루,아현,22,4
20250513,잠실나루,역삼,5,6
20250513,잠실나루,역삼,6,18
20250513,잠실나루,역삼,7,69
20250513,잠실나루,역삼,8,114
20250513,잠실나루,역삼,9,83
20250513,잠실나루,역삼,10,34
20250513,잠실나루,역삼,11,17
20250513,잠실나루,역삼,12,9
20250513,잠실나루,역삼,13,9
20250513,잠실나루,역삼,14,10
20250513,잠실나루,역삼,15,5
20250513,잠실나루,역삼,16,5
20250513,잠실나루,역삼,17,17
20250513,잠실나루,역삼,18,13
20250513,잠실나루,역삼,19,8
20250513,잠실나루,역삼,20,2
20250513,잠실나루,역삼,21,3
20250513,잠실나루,역삼,22,2
20250513,잠실나루,역삼,23,1
20250513,잠실나루,영등포구청,5,1
20250513,잠실나루,영등포구청,6,4
20250513,잠실나루,영등포구청,7,1
20250513,잠실나루,영등포구청,8,6
20250513,잠실나루,영등포구청,10,1
20250513,잠실나루,영등포구청,11,2
20250513,잠실나루,영등포구청,12,1
20250513,잠실나루,영등포구청,16,2
20250513,잠실나루,영등포구청,17,1
20250513,잠실나루,영등포구청,18,2
20250513,잠실나루,영등포구청,19,4
20250513,잠실나루,영등포구청,20,1
20250513,잠실나루,영등포구청,21,1
20250513,잠실나루,왕십리(성동구청),5,2
20250513,잠실나루,왕십리(성동구청),6,4
20250513,잠실나루,왕십리(성동구청),7,14
20250513,잠실나루,왕십리(성동구청),8,15
20250513,잠실나루,왕십리(성동구청),9,5
20250513,잠실나루,왕십리(성동구청),10,5
20250513,잠실나루,왕십리(성동구청),11,5
20250513,잠실나루,왕십리(성동구청),12,4
20250513,잠실나루,왕십리(성동구청),13,3
20250513,잠실나루,왕십리(성동구청),14,2
20250513,잠실나루,왕십리(성동구청),15,7
20250513,잠실나루,왕십리(성동구청),16,9
20250513,잠실나루,왕십리(성동구청),17,22
20250513,잠실나루,왕십리(성동구청),18,16
20250513,잠실나루,왕십리(성동구청),19,6
20250513,잠실나루,왕십리(성동구청),20,3
20250513,잠실나루,왕십리(성동구청),21,2
20250513,잠실나루,왕십리(성동구청),22,3
20250513,잠실나루,왕십리(성동구청),23,1
20250513,잠실나루,용두(동대문구청),6,1
20250513,잠실나루,용두(동대문구청),7,6
20250513,잠실나루,용두(동대문구청),8,11
20250513,잠실나루,용두(동대문구청),9,2
20250513,잠실나루,용두(동대문구청),10,2
20250513,잠실나루,용두(동대문구청),11,5
20250513,잠실나루,용두(동대문구청),12,5
20250513,잠실나루,용두(동대문구청),13,1
20250513,잠실나루,용두(동대문구청),14,1
20250513,잠실나루,용두(동대문구청),15,3
20250513,잠실나루,용두(동대문구청),16,6
20250513,잠실나루,용두(동대문구청),17,8
20250513,잠실나루,용두(동대문구청),18,9
20250513,잠실나루,용두(동대문구청),19,5
20250513,잠실나루,용두(동대문구청),22,1
20250513,잠실나루,을지로3가,6,17
20250513,잠실나루,을지로3가,7,62
20250513,잠실나루,을지로3가,8,48
20250513,잠실나루,을지로3가,9,14
20250513,잠실나루,을지로3가,10,6
20250513,잠실나루,을지로3가,11,9
20250513,잠실나루,을지로3가,12,6
20250513,잠실나루,을지로3가,14,1
20250513,잠실나루,을지로3가,15,3
20250513,잠실나루,을지로3가,16,3
20250513,잠실나루,을지로3가,17,5
20250513,잠실나루,을지로3가,18,4
20250513,잠실나루,을지로3가,19,1
20250513,잠실나루,을지로3가,21,1
20250513,잠실나루,을지로3가,22,1
20250513,잠실나루,을지로4가,5,1
20250513,잠실나루,을지로4가,6,8
20250513,잠실나루,을지로4가,7,24
20250513,잠실나루,을지로4가,8,28
20250513,잠실나루,을지로4가,9,18
20250513,잠실나루,을지로4가,10,12
20250513,잠실나루,을지로4가,11,14
20250513,잠실나루,을지로4가,12,6
20250513,잠실나루,을지로4가,13,3
20250513,잠실나루,을지로4가,14,2
20250513,잠실나루,을지로4가,15,4
20250513,잠실나루,을지로4가,16,4
20250513,잠실나루,을지로4가,17,4
20250513,잠실나루,을지로4가,18,2
20250513,잠실나루,을지로입구,5,4
20250513,잠실나루,을지로입구,6,27
20250513,잠실나루,을지로입구,7,109
20250513,잠실나루,을지로입구,8,151
20250513,잠실나루,을지로입구,9,37
20250513,잠실나루,을지로입구,10,26
20250513,잠실나루,을지로입구,11,11
20250513,잠실나루,을지로입구,12,12
20250513,잠실나루,을지로입구,13,7
20250513,잠실나루,을지로입구,14,7
20250513,잠실나루,을지로입구,15,12
20250513,잠실나루,을지로입구,16,10
20250513,잠실나루,을지로입구,17,7
20250513,잠실나루,을지로입구,18,5
20250513,잠실나루,을지로입구,19,9
20250513,잠실나루,을지로입구,20,4
20250513,잠실나루,을지로입구,21,1
20250513,잠실나루,을지로입구,23,2
20250513,잠실나루,이대,6,3
20250513,잠실나루,이대,7,10
20250513,잠실나루,이대,8,26
20250513,잠실나루,이대,9,14
20250513,잠실나루,이대,10,13
20250513,잠실나루,이대,11,15
20250513,잠실나루,이대,12,7
20250513,잠실나루,이대,13,6
20250513,잠실나루,이대,14,4
20250513,잠실나루,이대,15,6
20250513,잠실나루,이대,16,7
20250513,잠실나루,이대,17,11
20250513,잠실나루,이대,18,6
20250513,잠실나루,이대,19,7
20250513,잠실나루,이대,20,4
20250513,잠실나루,이대,22,1
20250513,잠실나루,잠실(송파구청),0,2
20250513,잠실나루,잠실(송파구청),5,3
20250513,잠실나루,잠실(송파구청),6,35
20250513,잠실나루,잠실(송파구청),7,25
20250513,잠실나루,잠실(송파구청),8,32
20250513,잠실나루,잠실(송파구청),9,22
20250513,잠실나루,잠실(송파구청),10,65
20250513,잠실나루,잠실(송파구청),11,65
20250513,잠실나루,잠실(송파구청),12,51
20250513,잠실나루,잠실(송파구청),13,54
20250513,잠실나루,잠실(송파구청),14,75
20250513,잠실나루,잠실(송파구청),15,66
20250513,잠실나루,잠실(송파구청),16,45
20250513,잠실나루,잠실(송파구청),17,61
20250513,잠실나루,잠실(송파구청),18,43
20250513,잠실나루,잠실(송파구청),19,29
20250513,잠실나루,잠실(송파구청),20,19
20250513,잠실나루,잠실(송파구청),21,8
20250513,잠실나루,잠실(송파구청),22,15
20250513,잠실나루,잠실(송파구청),23,1
20250513,잠실나루,잠실나루,6,1
20250513,잠실나루,잠실나루,7,2
20250513,잠실나루,잠실나루,8,6
20250513,잠실나루,잠실나루,9,10
20250513,잠실나루,잠실나루,10,9
20250513,잠실나루,잠실나루,11,6
20250513,잠실나루,잠실나루,12,8
20250513,잠실나루,잠실나루,13,6
20250513,잠실나루,잠실나루,14,8
20250513,잠실나루,잠실나루,15,10
20250513,잠실나루,잠실나루,16,7
20250513,잠실나루,잠실나루,17,4
20250513,잠실나루,잠실나루,18,5
20250513,잠실나루,잠실나루,19,9
20250513,잠실나루,잠실나루,20,1
20250513,잠실나루,잠실나루,21,6
20250513,잠실나루,잠실나루,22,6
20250513,잠실나루,잠실나루,23,2
20250513,잠실나루,잠실새내,5,2
20250513,잠실나루,잠실새내,6,7
20250513,잠실나루,잠실새내,7,46
20250513,잠실나루,잠실새내,8,21
20250513,잠실나루,잠실새내,9,28
20250513,잠실나루,잠실새내,10,43
20250513,잠실나루,잠실새내,11,31
20250513,잠실나루,잠실새내,12,23
20250513,잠실나루,잠실새내,13,25
20250513,잠실나루,잠실새내,14,37
20250513,잠실나루,잠실새내,15,60
20250513,잠실나루,잠실새내,16,42
20250513,잠실나루,잠실새내,17,52
20250513,잠실나루,잠실새내,18,38
20250513,잠실나루,잠실새내,19,18
20250513,잠실나루,잠실새내,20,17
20250513,잠실나루,잠실새내,21,12
20250513,잠실나루,잠실새내,22,5
20250513,잠실나루,잠실새내,23,1
20250513,잠실나루,종합운동장,5,3
20250513,잠실나루,종합운동장,6,13
20250513,잠실나루,종합운동장,7,53
20250513,잠실나루,종합운동장,8,28
20250513,잠실나루,종합운동장,9,13
20250513,잠실나루,종합운동장,10,10
20250513,잠실나루,종합운동장,11,6
20250513,잠실나루,종합운동장,12,12
20250513,잠실나루,종합운동장,13,7
20250513,잠실나루,종합운동장,14,8
20250513,잠실나루,종합운동장,15,8
20250513,잠실나루,종합운동장,16,9
20250513,잠실나루,종합운동장,17,22
20250513,잠실나루,종합운동장,18,27
20250513,잠실나루,종합운동장,19,8
20250513,잠실나루,종합운동장,20,1
20250513,잠실나루,종합운동장,21,6
20250513,잠실나루,종합운동장,22,1
20250513,잠실나루,충정로(경기대입구),6,2
20250513,잠실나루,충정로(경기대입구),7,6
20250513,잠실나루,충정로(경기대입구),8,14
20250513,잠실나루,충정로(경기대입구),9,6
20250513,잠실나루,충정로(경기대입구),10,2
20250513,잠실나루,충정로(경기대입구),11,2
20250513,잠실나루,충정로(경기대입구),12,1
20250513,잠실나루,충정로(경기대입구),14,1
20250513,잠실나루,충정로(경기대입구),15,2
20250513,잠실나루,충정로(경기대입구),16,4
20250513,잠실나루,충정로(경기대입구),17,6
20250513,잠실나루,충정로(경기대입구),19,3
20250513,잠실나루,충정로(경기대입구),22,1
20250513,잠실나루,한양대,0,2
20250513,잠실나루,한양대,7,5
20250513,잠실나루,한양대,8,30
20250513,잠실나루,한양대,9,28
20250513,잠실나루,한양대,10,23
20250513,잠실나루,한양대,11,5
20250513,잠실나루,한양대,12,11
20250513,잠실나루,한양대,13,3
20250513,잠실나루,한양대,14,6
20250513,잠실나루,한양대,15,2
20250513,잠실나루,한양대,16,1
20250513,잠실나루,한양대,17,11
20250513,잠실나루,한양대,18,5
20250513,잠실나루,한양대,19,4
20250513,잠실나루,한양대,20,4
20250513,잠실나루,한양대,21,2
20250513,잠실나루,한양대,23,1
20250513,잠실나루,합정,6,6
20250513,잠실나루,합정,7,7
20250513,잠실나루,합정,8,3
20250513,잠실나루,합정,9,4
20250513,잠실나루,합정,10,4
20250513,잠실나루,합정,11,2
20250513,잠실나루,합정,12,5
20250513,잠실나루,합정,13,1
20250513,잠실나루,합정,14,2
20250513,잠실나루,합정,15,1
20250513,잠실나루,합정,16,1
20250513,잠실나루,합정,17,4
20250513,잠실나루,합정,18,4
20250513,잠실나루,합정,19,4
20250513,잠실나루,합정,20,3
20250513,잠실나루,합정,21,1
20250513,잠실나루,합정,22,3
20250513,잠실나루,홍대입구,6,3
20250513,잠실나루,홍대입구,7,14
20250513,잠실나루,홍대입구,8,10
20250513,잠실나루,홍대입구,9,15
20250513,잠실나루,홍대입구,10,4
20250513,잠실나루,홍대입구,11,4
20250513,잠실나루,홍대입구,12,7
20250513,잠실나루,홍대입구,13,8
20250513,잠실나루,홍대입구,14,3
20250513,잠실나루,홍대입구,15,5
20250513,잠실나루,홍대입구,16,10
20250513,잠실나루,홍대입구,17,18
20250513,잠실나루,홍대입구,18,15
20250513,잠실나루,홍대입구,19,5
20250513,잠실나루,홍대입구,20,4
20250513,잠실나루,홍대입구,21,5
20250513,잠실나루,홍대입구,22,1
20250513,잠실새내,강남,0,6
20250513,잠실새내,강남,5,15
20250513,잠실새내,강남,6,71
20250513,잠실새내,강남,7,247
20250513,잠실새내,강남,8,272
20250513,잠실새내,강남,9,224
20250513,잠실새내,강남,10,92
20250513,잠실새내,강남,11,54
20250513,잠실새내,강남,12,51
20250513,잠실새내,강남,13,56
20250513,잠실새내,강남,14,50
20250513,잠실새내,강남,15,48
20250513,잠실새내,강남,16,49
20250513,잠실새내,강남,17,73
20250513,잠실새내,강남,18,76
20250513,잠실새내,강남,19,50
20250513,잠실새내,강남,20,38
20250513,잠실새내,강남,21,32
20250513,잠실새내,강남,22,18
20250513,잠실새내,강남,23,11
20250513,잠실새내,강변(동서울터미널),0,8
20250513,잠실새내,강변(동서울터미널),5,3
20250513,잠실새내,강변(동서울터미널),6,13
20250513,잠실새내,강변(동서울터미널),7,23
20250513,잠실새내,강변(동서울터미널),8,22
20250513,잠실새내,강변(동서울터미널),9,22
20250513,잠실새내,강변(동서울터미널),10,15
20250513,잠실새내,강변(동서울터미널),11,21
20250513,잠실새내,강변(동서울터미널),12,11
20250513,잠실새내,강변(동서울터미널),13,30
20250513,잠실새내,강변(동서울터미널),14,23
20250513,잠실새내,강변(동서울터미널),15,28
20250513,잠실새내,강변(동서울터미널),16,25
20250513,잠실새내,강변(동서울터미널),17,26
20250513,잠실새내,강변(동서울터미널),18,42
20250513,잠실새내,강변(동서울터미널),19,36
20250513,잠실새내,강변(동서울터미널),20,41
20250513,잠실새내,강변(동서울터미널),21,28
20250513,잠실새내,강변(동서울터미널),22,19
20250513,잠실새내,강변(동서울터미널),23,15
20250513,잠실새내,건대입구,0,11
20250513,잠실새내,건대입구,5,3
20250513,잠실새내,건대입구,6,7
20250513,잠실새내,건대입구,7,11
20250513,잠실새내,건대입구,8,47
20250513,잠실새내,건대입구,9,34
20250513,잠실새내,건대입구,10,24
20250513,잠실새내,건대입구,11,20
20250513,잠실새내,건대입구,12,35
20250513,잠실새내,건대입구,13,21
20250513,잠실새내,건대입구,14,18
20250513,잠실새내,건대입구,15,21
20250513,잠실새내,건대입구,16,27
20250513,잠실새내,건대입구,17,35
20250513,잠실새내,건대입구,18,61
20250513,잠실새내,건대입구,19,31
20250513,잠실새내,건대입구,20,21
20250513,잠실새내,건대입구,21,28
20250513,잠실새내,건대입구,22,39
20250513,잠실새내,건대입구,23,20
20250513,잠실새내,교대(법원.검찰청),0,1
20250513,잠실새내,교대(법원.검찰청),5,6
20250513,잠실새내,교대(법원.검찰청),6,18
20250513,잠실새내,교대(법원.검찰청),7,47
20250513,잠실새내,교대(법원.검찰청),8,98
20250513,잠실새내,교대(법원.검찰청),9,80
20250513,잠실새내,교대(법원.검찰청),10,33
20250513,잠실새내,교대(법원.검찰청),11,29
20250513,잠실새내,교대(법원.검찰청),12,32
20250513,잠실새내,교대(법원.검찰청),13,24
20250513,잠실새내,교대(법원.검찰청),14,16
20250513,잠실새내,교대(법원.검찰청),15,15
20250513,잠실새내,교대(법원.검찰청),16,20
20250513,잠실새내,교대(법원.검찰청),17,30
20250513,잠실새내,교대(법원.검찰청),18,18
20250513,잠실새내,교대(법원.검찰청),19,10
20250513,잠실새내,교대(법원.검찰청),20,7
20250513,잠실새내,교대(법원.검찰청),21,8
20250513,잠실새내,교대(법원.검찰청),22,10
20250513,잠실새내,교대(법원.검찰청),23,7
20250513,잠실새내,구로디지털단지,0,2
20250513,잠실새내,구로디지털단지,6,19
20250513,잠실새내,구로디지털단지,7,44
20250513,잠실새내,구로디지털단지,8,37
20250513,잠실새내,구로디지털단지,9,15
20250513,잠실새내,구로디지털단지,10,13
20250513,잠실새내,구로디지털단지,11,9
20250513,잠실새내,구로디지털단지,12,8
20250513,잠실새내,구로디지털단지,13,5
20250513,잠실새내,구로디지털단지,14,4
20250513,잠실새내,구로디지털단지,15,9
20250513,잠실새내,구로디지털단지,16,10
20250513,잠실새내,구로디지털단지,17,10
20250513,잠실새내,구로디지털단지,18,13
20250513,잠실새내,구로디지털단지,19,11
20250513,잠실새내,구로디지털단지,20,12
20250513,잠실새내,구로디지털단지,21,15
20250513,잠실새내,구로디지털단지,22,16
20250513,잠실새내,구로디지털단지,23,6
20250513,잠실새내,구의(광진구청),0,2
20250513,잠실새내,구의(광진구청),5,1
20250513,잠실새내,구의(광진구청),6,6
20250513,잠실새내,구의(광진구청),7,16
20250513,잠실새내,구의(광진구청),8,37
20250513,잠실새내,구의(광진구청),9,20
20250513,잠실새내,구의(광진구청),10,17
20250513,잠실새내,구의(광진구청),11,20
20250513,잠실새내,구의(광진구청),12,22
20250513,잠실새내,구의(광진구청),13,21
20250513,잠실새내,구의(광진구청),14,9
20250513,잠실새내,구의(광진구청),15,26
20250513,잠실새내,구의(광진구청),16,35
20250513,잠실새내,구의(광진구청),17,30
20250513,잠실새내,구의(광진구청),18,33
20250513,잠실새내,구의(광진구청),19,39
20250513,잠실새내,구의(광진구청),20,29
20250513,잠실새내,구의(광진구청),21,19
20250513,잠실새내,구의(광진구청),22,25
20250513,잠실새내,구의(광진구청),23,14
20250513,잠실새내,낙성대,0,2
20250513,잠실새내,낙성대,7,21
20250513,잠실새내,낙성대,8,14
20250513,잠실새내,낙성대,9,16
20250513,잠실새내,낙성대,10,10
20250513,잠실새내,낙성대,11,9
20250513,잠실새내,낙성대,12,7
20250513,잠실새내,낙성대,13,6
20250513,잠실새내,낙성대,14,9
20250513,잠실새내,낙성대,15,5
20250513,잠실새내,낙성대,16,9
20250513,잠실새내,낙성대,17,10
20250513,잠실새내,낙성대,18,16
20250513,잠실새내,낙성대,19,9
20250513,잠실새내,낙성대,20,15
20250513,잠실새내,낙성대,21,11
20250513,잠실새내,낙성대,22,8
20250513,잠실새내,낙성대,23,12
20250513,잠실새내,당산,0,1
20250513,잠실새내,당산,6,2
20250513,잠실새내,당산,7,2
20250513,잠실새내,당산,8,4
20250513,잠실새내,당산,9,1
20250513,잠실새내,당산,11,1
20250513,잠실새내,당산,14,1
20250513,잠실새내,당산,16,2
20250513,잠실새내,당산,17,1
20250513,잠실새내,당산,18,1
20250513,잠실새내,당산,22,3
20250513,잠실새내,대림(구로구청),5,1
20250513,잠실새내,대림(구로구청),6,5
20250513,잠실새내,대림(구로구청),7,6
20250513,잠실새내,대림(구로구청),8,4
20250513,잠실새내,대림(구로구청),9,7
20250513,잠실새내,대림(구로구청),10,2
20250513,잠실새내,대림(구로구청),11,8
20250513,잠실새내,대림(구로구청),12,3
20250513,잠실새내,대림(구로구청),13,4
20250513,잠실새내,대림(구로구청),14,3
20250513,잠실새내,대림(구로구청),15,3
20250513,잠실새내,대림(구로구청),16,2
20250513,잠실새내,대림(구로구청),17,4
20250513,잠실새내,대림(구로구청),18,7
20250513,잠실새내,대림(구로구청),19,4
20250513,잠실새내,대림(구로구청),20,5
20250513,잠실새내,대림(구로구청),21,1
20250513,잠실새내,대림(구로구청),22,8
20250513,잠실새내,대림(구로구청),23,3
20250513,잠실새내,동대문역사문화공원,5,2
20250513,잠실새내,동대문역사문화공원,6,6
20250513,잠실새내,동대문역사문화공원,7,24
20250513,잠실새내,동대문역사문화공원,8,45
20250513,잠실새내,동대문역사문화공원,9,14
20250513,잠실새내,동대문역사문화공원,10,22
20250513,잠실새내,동대문역사문화공원,11,14
20250513,잠실새내,동대문역사문화공원,12,13
20250513,잠실새내,동대문역사문화공원,13,6
20250513,잠실새내,동대문역사문화공원,14,7
20250513,잠실새내,동대문역사문화공원,15,5
20250513,잠실새내,동대문역사문화공원,16,5
20250513,잠실새내,동대문역사문화공원,17,6
20250513,잠실새내,동대문역사문화공원,18,10
20250513,잠실새내,동대문역사문화공원,19,9
20250513,잠실새내,동대문역사문화공원,20,2
20250513,잠실새내,동대문역사문화공원,21,2
20250513,잠실새내,동대문역사문화공원,22,1
20250513,잠실새내,동대문역사문화공원,23,3
20250513,잠실새내,뚝섬,5,1
20250513,잠실새내,뚝섬,6,3
20250513,잠실새내,뚝섬,7,24
20250513,잠실새내,뚝섬,8,59
20250513,잠실새내,뚝섬,9,30
20250513,잠실새내,뚝섬,10,14
20250513,잠실새내,뚝섬,11,10
20250513,잠실새내,뚝섬,12,10
20250513,잠실새내,뚝섬,13,9
20250513,잠실새내,뚝섬,14,9
20250513,잠실새내,뚝섬,15,7
20250513,잠실새내,뚝섬,16,16
20250513,잠실새내,뚝섬,17,10
20250513,잠실새내,뚝섬,18,8
20250513,잠실새내,뚝섬,19,5
20250513,잠실새내,뚝섬,20,4
20250513,잠실새내,뚝섬,21,8
20250513,잠실새내,뚝섬,22,2
20250513,잠실새내,문래,5,1
20250513,잠실새내,문래,6,3
20250513,잠실새내,문래,7,22
20250513,잠실새내,문래,8,9
20250513,잠실새내,문래,9,4
20250513,잠실새내,문래,10,4
20250513,잠실새내,문래,12,1
20250513,잠실새내,문래,13,3
20250513,잠실새내,문래,15,2
20250513,잠실새내,문래,17,4
20250513,잠실새내,문래,18,2
20250513,잠실새내,문래,20,1
20250513,잠실새내,문래,21,1
20250513,잠실새내,문래,23,1
20250513,잠실새내,방배,5,1
20250513,잠실새내,방배,6,5
20250513,잠실새내,방배,7,19
20250513,잠실새내,방배,8,49
20250513,잠실새내,방배,9,11
20250513,잠실새내,방배,10,17
20250513,잠실새내,방배,11,11
20250513,잠실새내,방배,12,12
20250513,잠실새내,방배,13,8
20250513,잠실새내,방배,14,16
20250513,잠실새내,방배,15,11
20250513,잠실새내,방배,16,14
20250513,잠실새내,방배,17,11
20250513,잠실새내,방배,18,9
20250513,잠실새내,방배,19,2
20250513,잠실새내,방배,20,5
20250513,잠실새내,방배,21,9
20250513,잠실새내,방배,22,4
20250513,잠실새내,방배,23,1
20250513,잠실새내,봉천,0,1
20250513,잠실새내,봉천,5,1
20250513,잠실새내,봉천,7,6
20250513,잠실새내,봉천,8,6
20250513,잠실새내,봉천,9,3
20250513,잠실새내,봉천,10,3
20250513,잠실새내,봉천,11,5
20250513,잠실새내,봉천,12,1
20250513,잠실새내,봉천,14,3
20250513,잠실새내,봉천,15,8
20250513,잠실새내,봉천,16,7
20250513,잠실새내,봉천,17,9
20250513,잠실새내,봉천,18,15
20250513,잠실새내,봉천,19,9
20250513,잠실새내,봉천,20,7
20250513,잠실새내,봉천,21,10
20250513,잠실새내,봉천,22,9
20250513,잠실새내,봉천,23,5
20250513,잠실새내,사당,0,5
20250513,잠실새내,사당,5,4
20250513,잠실새내,사당,6,23
20250513,잠실새내,사당,7,31
20250513,잠실새내,사당,8,35
20250513,잠실새내,사당,9,26
20250513,잠실새내,사당,10,24
20250513,잠실새내,사당,11,26
20250513,잠실새내,사당,12,21
20250513,잠실새내,사당,13,22
20250513,잠실새내,사당,14,17
20250513,잠실새내,사당,15,14
20250513,잠실새내,사당,16,28
20250513,잠실새내,사당,17,27
20250513,잠실새내,사당,18,38
20250513,잠실새내,사당,19,19
20250513,잠실새내,사당,20,14
20250513,잠실새내,사당,21,30
20250513,잠실새내,사당,22,31
20250513,잠실새내,사당,23,24
20250513,잠실새내,삼성(무역센터),0,1
20250513,잠실새내,삼성(무역센터),5,10
20250513,잠실새내,삼성(무역센터),6,25
20250513,잠실새내,삼성(무역센터),7,123
20250513,잠실새내,삼성(무역센터),8,230
20250513,잠실새내,삼성(무역센터),9,150
20250513,잠실새내,삼성(무역센터),10,69
20250513,잠실새내,삼성(무역센터),11,49
20250513,잠실새내,삼성(무역센터),12,31
20250513,잠실새내,삼성(무역센터),13,41
20250513,잠실새내,삼성(무역센터),14,40
20250513,잠실새내,삼성(무역센터),15,45
20250513,잠실새내,삼성(무역센터),16,29
20250513,잠실새내,삼성(무역센터),17,35
20250513,잠실새내,삼성(무역센터),18,35
20250513,잠실새내,삼성(무역센터),19,27
20250513,잠실새내,삼성(무역센터),20,16
20250513,잠실새내,삼성(무역센터),21,11
20250513,잠실새내,삼성(무역센터),22,10
20250513,잠실새내,삼성(무역센터),23,8
20250513,잠실새내,상왕십리,0,4
20250513,잠실새내,상왕십리,7,11
20250513,잠실새내,상왕십리,8,12
20250513,잠실새내,상왕십리,9,7
20250513,잠실새내,상왕십리,10,1
20250513,잠실새내,상왕십리,11,2
20250513,잠실새내,상왕십리,12,3
20250513,잠실새내,상왕십리,13,7
20250513,잠실새내,상왕십리,14,3
20250513,잠실새내,상왕십리,15,9
20250513,잠실새내,상왕십리,16,11
20250513,잠실새내,상왕십리,17,8
20250513,잠실새내,상왕십리,18,5
20250513,잠실새내,상왕십리,20,8
20250513,잠실새내,상왕십리,21,13
20250513,잠실새내,상왕십리,22,7
20250513,잠실새내,상왕십리,23,6
20250513,잠실새내,서울대입구(관악구청),0,5
20250513,잠실새내,서울대입구(관악구청),5,2
20250513,잠실새내,서울대입구(관악구청),6,5
20250513,잠실새내,서울대입구(관악구청),7,27
20250513,잠실새내,서울대입구(관악구청),8,68
20250513,잠실새내,서울대입구(관악구청),9,33
20250513,잠실새내,서울대입구(관악구청),10,31
20250513,잠실새내,서울대입구(관악구청),11,27
20250513,잠실새내,서울대입구(관악구청),12,14
20250513,잠실새내,서울대입구(관악구청),13,13
20250513,잠실새내,서울대입구(관악구청),14,10
20250513,잠실새내,서울대입구(관악구청),15,16
20250513,잠실새내,서울대입구(관악구청),16,9
20250513,잠실새내,서울대입구(관악구청),17,20
20250513,잠실새내,서울대입구(관악구청),18,24
20250513,잠실새내,서울대입구(관악구청),19,28
20250513,잠실새내,서울대입구(관악구청),20,17
20250513,잠실새내,서울대입구(관악구청),21,28
20250513,잠실새내,서울대입구(관악구청),22,23
20250513,잠실새내,서울대입구(관악구청),23,12
20250513,잠실새내,서초,5,3
20250513,잠실새내,서초,6,12
20250513,잠실새내,서초,7,53
20250513,잠실새내,서초,8,78
20250513,잠실새내,서초,9,51
20250513,잠실새내,서초,10,25
20250513,잠실새내,서초,11,16
20250513,잠실새내,서초,12,8
20250513,잠실새내,서초,13,5
20250513,잠실새내,서초,14,8
20250513,잠실새내,서초,15,12
20250513,잠실새내,서초,16,5
20250513,잠실새내,서초,17,11
20250513,잠실새내,서초,18,6
20250513,잠실새내,서초,19,3
20250513,잠실새내,서초,20,1
20250513,잠실새내,서초,21,2
20250513,잠실새내,서초,22,4
20250513,잠실새내,서초,23,3
20250513,잠실새내,선릉,0,5
20250513,잠실새내,선릉,5,5
20250513,잠실새내,선릉,6,27
20250513,잠실새내,선릉,7,102
20250513,잠실새내,선릉,8,222
20250513,잠실새내,선릉,9,153
20250513,잠실새내,선릉,10,64
20250513,잠실새내,선릉,11,42
20250513,잠실새내,선릉,12,32
20250513,잠실새내,선릉,13,46
20250513,잠실새내,선릉,14,37
20250513,잠실새내,선릉,15,19
20250513,잠실새내,선릉,16,32
20250513,잠실새내,선릉,17,21
20250513,잠실새내,선릉,18,28
20250513,잠실새내,선릉,19,23
20250513,잠실새내,선릉,20,24
20250513,잠실새내,선릉,21,16
20250513,잠실새내,선릉,22,14
20250513,잠실새내,선릉,23,7
20250513,잠실새내,성수,5,2
20250513,잠실새내,성수,6,9
20250513,잠실새내,성수,7,34
20250513,잠실새내,성수,8,86
20250513,잠실새내,성수,9,44
20250513,잠실새내,성수,10,24
20250513,잠실새내,성수,11,24
20250513,잠실새내,성수,12,11
20250513,잠실새내,성수,13,16
20250513,잠실새내,성수,14,12
20250513,잠실새내,성수,15,18
20250513,잠실새내,성수,16,15
20250513,잠실새내,성수,17,18
20250513,잠실새내,성수,18,23
20250513,잠실새내,성수,19,14
20250513,잠실새내,성수,20,6
20250513,잠실새내,성수,21,7
20250513,잠실새내,성수,22,9
20250513,잠실새내,성수,23,3
20250513,잠실새내,시청,5,5
20250513,잠실새내,시청,6,24
20250513,잠실새내,시청,7,106
20250513,잠실새내,시청,8,110
20250513,잠실새내,시청,9,24
20250513,잠실새내,시청,10,17
20250513,잠실새내,시청,11,7
20250513,잠실새내,시청,12,8
20250513,잠실새내,시청,13,8
20250513,잠실새내,시청,14,3
20250513,잠실새내,시청,15,3
20250513,잠실새내,시청,16,5
20250513,잠실새내,시청,17,8
20250513,잠실새내,시청,18,1
20250513,잠실새내,시청,21,1
20250513,잠실새내,시청,23,1
20250513,잠실새내,신당,0,1
20250513,잠실새내,신당,5,4
20250513,잠실새내,신당,6,3
20250513,잠실새내,신당,7,10
20250513,잠실새내,신당,8,14
20250513,잠실새내,신당,9,12
20250513,잠실새내,신당,10,5
20250513,잠실새내,신당,11,7
20250513,잠실새내,신당,12,5
20250513,잠실새내,신당,13,2
20250513,잠실새내,신당,14,4
20250513,잠실새내,신당,15,8
20250513,잠실새내,신당,16,8
20250513,잠실새내,신당,17,4
20250513,잠실새내,신당,18,5
20250513,잠실새내,신당,19,6
20250513,잠실새내,신당,20,5
20250513,잠실새내,신당,21,4
20250513,잠실새내,신당,22,4
20250513,잠실새내,신당,23,1
20250513,잠실새내,신대방,0,2
20250513,잠실새내,신대방,6,2
20250513,잠실새내,신대방,7,7
20250513,잠실새내,신대방,8,5
20250513,잠실새내,신대방,9,2
20250513,잠실새내,신대방,10,1
20250513,잠실새내,신대방,11,1
20250513,잠실새내,신대방,12,1
20250513,잠실새내,신대방,13,4
20250513,잠실새내,신대방,14,3
20250513,잠실새내,신대방,15,5
20250513,잠실새내,신대방,16,5
20250513,잠실새내,신대방,17,2
20250513,잠실새내,신대방,18,12
20250513,잠실새내,신대방,19,6
20250513,잠실새내,신대방,20,8
20250513,잠실새내,신대방,21,8
20250513,잠실새내,신대방,22,3
20250513,잠실새내,신대방,23,3
20250513,잠실새내,신도림,0,2
20250513,잠실새내,신도림,5,2
20250513,잠실새내,신도림,6,7
20250513,잠실새내,신도림,7,12
20250513,잠실새내,신도림,8,8
20250513,잠실새내,신도림,9,4
20250513,잠실새내,신도림,10,6
20250513,잠실새내,신도림,11,3
20250513,잠실새내,신도림,12,3
20250513,잠실새내,신도림,13,2
20250513,잠실새내,신도림,14,8
20250513,잠실새내,신도림,15,8
20250513,잠실새내,신도림,16,5
20250513,잠실새내,신도림,17,7
20250513,잠실새내,신도림,18,8
20250513,잠실새내,신도림,19,8
20250513,잠실새내,신도림,20,4
20250513,잠실새내,신도림,21,6
20250513,잠실새내,신도림,22,14
20250513,잠실새내,신도림,23,4
20250513,잠실새내,신림,0,6
20250513,잠실새내,신림,6,7
20250513,잠실새내,신림,7,23
20250513,잠실새내,신림,8,18
20250513,잠실새내,신림,9,3
20250513,잠실새내,신림,10,3
20250513,잠실새내,신림,11,4
20250513,잠실새내,신림,12,9
20250513,잠실새내,신림,13,7
20250513,잠실새내,신림,14,10
20250513,잠실새내,신림,15,19
20250513,잠실새내,신림,16,17
20250513,잠실새내,신림,17,15
20250513,잠실새내,신림,18,28
20250513,잠실새내,신림,19,23
20250513,잠실새내,신림,20,17
20250513,잠실새내,신림,21,24
20250513,잠실새내,신림,22,30
20250513,잠실새내,신림,23,22
20250513,잠실새내,신촌,5,3
20250513,잠실새내,신촌,6,7
20250513,잠실새내,신촌,7,35
20250513,잠실새내,신촌,8,43
20250513,잠실새내,신촌,9,38
20250513,잠실새내,신촌,10,25
20250513,잠실새내,신촌,11,28
20250513,잠실새내,신촌,12,15
20250513,잠실새내,신촌,13,11
20250513,잠실새내,신촌,14,7
20250513,잠실새내,신촌,15,7
20250513,잠실새내,신촌,16,13
20250513,잠실새내,신촌,17,18
20250513,잠실새내,신촌,18,10
20250513,잠실새내,신촌,19,11
20250513,잠실새내,신촌,20,6
20250513,잠실새내,신촌,21,8
20250513,잠실새내,신촌,22,5
20250513,잠실새내,신촌,23,3
20250513,잠실새내,아현,6,1
20250513,잠실새내,아현,7,6
20250513,잠실새내,아현,8,3
20250513,잠실새내,아현,10,1
20250513,잠실새내,아현,11,2
20250513,잠실새내,아현,12,1
20250513,잠실새내,아현,13,3
20250513,잠실새내,아현,14,1
20250513,잠실새내,아현,16,3
20250513,잠실새내,아현,17,4
20250513,잠실새내,아현,18,5
20250513,잠실새내,아현,19,7
20250513,잠실새내,아현,20,2
20250513,잠실새내,아현,21,8
20250513,잠실새내,아현,22,4
20250513,잠실새내,역삼,0,1
20250513,잠실새내,역삼,5,5
20250513,잠실새내,역삼,6,21
20250513,잠실새내,역삼,7,134
20250513,잠실새내,역삼,8,288
20250513,잠실새내,역삼,9,200
20250513,잠실새내,역삼,10,56
20250513,잠실새내,역삼,11,47
20250513,잠실새내,역삼,12,30
20250513,잠실새내,역삼,13,34
20250513,잠실새내,역삼,14,22
20250513,잠실새내,역삼,15,25
20250513,잠실새내,역삼,16,17
20250513,잠실새내,역삼,17,20
20250513,잠실새내,역삼,18,19
20250513,잠실새내,역삼,19,16
20250513,잠실새내,역삼,20,17
20250513,잠실새내,역삼,21,15
20250513,잠실새내,역삼,22,13
20250513,잠실새내,역삼,23,2
20250513,잠실새내,영등포구청,0,1
20250513,잠실새내,영등포구청,5,2
20250513,잠실새내,영등포구청,6,3
20250513,잠실새내,영등포구청,7,6
20250513,잠실새내,영등포구청,8,4
20250513,잠실새내,영등포구청,9,2
20250513,잠실새내,영등포구청,10,4
20250513,잠실새내,영등포구청,11,2
20250513,잠실새내,영등포구청,12,5
20250513,잠실새내,영등포구청,13,2
20250513,잠실새내,영등포구청,14,2
20250513,잠실새내,영등포구청,15,2
20250513,잠실새내,영등포구청,17,3
20250513,잠실새내,영등포구청,20,1
20250513,잠실새내,영등포구청,21,1
20250513,잠실새내,영등포구청,22,1
20250513,잠실새내,영등포구청,23,1
20250513,잠실새내,왕십리(성동구청),0,1
20250513,잠실새내,왕십리(성동구청),5,1
20250513,잠실새내,왕십리(성동구청),6,3
20250513,잠실새내,왕십리(성동구청),7,14
20250513,잠실새내,왕십리(성동구청),8,12
20250513,잠실새내,왕십리(성동구청),9,7
20250513,잠실새내,왕십리(성동구청),10,11
20250513,잠실새내,왕십리(성동구청),11,1
20250513,잠실새내,왕십리(성동구청),12,8
20250513,잠실새내,왕십리(성동구청),13,6
20250513,잠실새내,왕십리(성동구청),14,2
20250513,잠실새내,왕십리(성동구청),15,9
20250513,잠실새내,왕십리(성동구청),16,5
20250513,잠실새내,왕십리(성동구청),17,7
20250513,잠실새내,왕십리(성동구청),18,9
20250513,잠실새내,왕십리(성동구청),19,5
20250513,잠실새내,왕십리(성동구청),20,3
20250513,잠실새내,왕십리(성동구청),21,10
20250513,잠실새내,왕십리(성동구청),22,9
20250513,잠실새내,왕십리(성동구청),23,6
20250513,잠실새내,용두(동대문구청),6,2
20250513,잠실새내,용두(동대문구청),7,4
20250513,잠실새내,용두(동대문구청),8,10
20250513,잠실새내,용두(동대문구청),9,2
20250513,잠실새내,용두(동대문구청),10,3
20250513,잠실새내,용두(동대문구청),11,2
20250513,잠실새내,용두(동대문구청),13,4
20250513,잠실새내,용두(동대문구청),14,2
20250513,잠실새내,용두(동대문구청),15,3
20250513,잠실새내,용두(동대문구청),16,2
20250513,잠실새내,용두(동대문구청),17,3
20250513,잠실새내,용두(동대문구청),18,3
20250513,잠실새내,용두(동대문구청),19,3
20250513,잠실새내,용두(동대문구청),20,2
20250513,잠실새내,용두(동대문구청),21,3
20250513,잠실새내,용두(동대문구청),22,2
20250513,잠실새내,용두(동대문구청),23,1
20250513,잠실새내,을지로3가,5,1
20250513,잠실새내,을지로3가,6,22
20250513,잠실새내,을지로3가,7,85
20250513,잠실새내,을지로3가,8,74
20250513,잠실새내,을지로3가,9,19
20250513,잠실새내,을지로3가,10,12
20250513,잠실새내,을지로3가,11,4
20250513,잠실새내,을지로3가,12,5
20250513,잠실새내,을지로3가,13,4
20250513,잠실새내,을지로3가,14,3
20250513,잠실새내,을지로3가,15,4
20250513,잠실새내,을지로3가,16,1
20250513,잠실새내,을지로3가,17,7
20250513,잠실새내,을지로3가,18,13
20250513,잠실새내,을지로3가,19,1
20250513,잠실새내,을지로3가,22,4
20250513,잠실새내,을지로3가,23,1
20250513,잠실새내,을지로4가,0,1
20250513,잠실새내,을지로4가,5,4
20250513,잠실새내,을지로4가,6,7
20250513,잠실새내,을지로4가,7,41
20250513,잠실새내,을지로4가,8,40
20250513,잠실새내,을지로4가,9,15
20250513,잠실새내,을지로4가,10,8
20250513,잠실새내,을지로4가,11,8
20250513,잠실새내,을지로4가,12,4
20250513,잠실새내,을지로4가,13,4
20250513,잠실새내,을지로4가,14,6
20250513,잠실새내,을지로4가,15,6
20250513,잠실새내,을지로4가,16,3
20250513,잠실새내,을지로4가,17,8
20250513,잠실새내,을지로4가,18,11
20250513,잠실새내,을지로4가,19,1
20250513,잠실새내,을지로4가,21,2
20250513,잠실새내,을지로4가,22,2
20250513,잠실새내,을지로입구,0,1
20250513,잠실새내,을지로입구,5,4
20250513,잠실새내,을지로입구,6,44
20250513,잠실새내,을지로입구,7,199
20250513,잠실새내,을지로입구,8,204
20250513,잠실새내,을지로입구,9,46
20250513,잠실새내,을지로입구,10,30
20250513,잠실새내,을지로입구,11,12
20250513,잠실새내,을지로입구,12,19
20250513,잠실새내,을지로입구,13,3
20250513,잠실새내,을지로입구,14,9
20250513,잠실새내,을지로입구,15,4
20250513,잠실새내,을지로입구,16,8
20250513,잠실새내,을지로입구,17,8
20250513,잠실새내,을지로입구,18,7
20250513,잠실새내,을지로입구,21,1
20250513,잠실새내,을지로입구,22,4
20250513,잠실새내,이대,0,2
20250513,잠실새내,이대,5,2
20250513,잠실새내,이대,6,10
20250513,잠실새내,이대,7,12
20250513,잠실새내,이대,8,34
20250513,잠실새내,이대,9,30
20250513,잠실새내,이대,10,9
20250513,잠실새내,이대,11,13
20250513,잠실새내,이대,12,12
20250513,잠실새내,이대,13,10
20250513,잠실새내,이대,14,9
20250513,잠실새내,이대,15,4
20250513,잠실새내,이대,16,3
20250513,잠실새내,이대,17,3
20250513,잠실새내,이대,18,7
20250513,잠실새내,이대,19,1
20250513,잠실새내,이대,20,5
20250513,잠실새내,이대,21,8
20250513,잠실새내,이대,22,7
20250513,잠실새내,이대,23,1
20250513,잠실새내,잠실(송파구청),0,8
20250513,잠실새내,잠실(송파구청),4,1
20250513,잠실새내,잠실(송파구청),5,9
20250513,잠실새내,잠실(송파구청),6,32
20250513,잠실새내,잠실(송파구청),7,64
20250513,잠실새내,잠실(송파구청),8,110
20250513,잠실새내,잠실(송파구청),9,94
20250513,잠실새내,잠실(송파구청),10,122
20250513,잠실새내,잠실(송파구청),11,153
20250513,잠실새내,잠실(송파구청),12,134
20250513,잠실새내,잠실(송파구청),13,97
20250513,잠실새내,잠실(송파구청),14,147
20250513,잠실새내,잠실(송파구청),15,119
20250513,잠실새내,잠실(송파구청),16,166
20250513,잠실새내,잠실(송파구청),17,126
20250513,잠실새내,잠실(송파구청),18,172
20250513,잠실새내,잠실(송파구청),19,119
20250513,잠실새내,잠실(송파구청),20,101
20250513,잠실새내,잠실(송파구청),21,92
20250513,잠실새내,잠실(송파구청),22,82
20250513,잠실새내,잠실(송파구청),23,37
20250513,잠실새내,잠실나루,0,2
20250513,잠실새내,잠실나루,5,1
20250513,잠실새내,잠실나루,6,8
20250513,잠실새내,잠실나루,7,44
20250513,잠실새내,잠실나루,8,27
20250513,잠실새내,잠실나루,9,25
20250513,잠실새내,잠실나루,10,26
20250513,잠실새내,잠실나루,11,32
20250513,잠실새내,잠실나루,12,26
20250513,잠실새내,잠실나루,13,23
20250513,잠실새내,잠실나루,14,26
20250513,잠실새내,잠실나루,15,27
20250513,잠실새내,잠실나루,16,55
20250513,잠실새내,잠실나루,17,41
20250513,잠실새내,잠실나루,18,40
20250513,잠실새내,잠실나루,19,29
20250513,잠실새내,잠실나루,20,38
20250513,잠실새내,잠실나루,21,24
20250513,잠실새내,잠실나루,22,21
20250513,잠실새내,잠실나루,23,5
20250513,잠실새내,잠실새내,0,3
20250513,잠실새내,잠실새내,6,1
20250513,잠실새내,잠실새내,7,5
20250513,잠실새내,잠실새내,8,10
20250513,잠실새내,잠실새내,9,10
20250513,잠실새내,잠실새내,10,10
20250513,잠실새내,잠실새내,11,11
20250513,잠실새내,잠실새내,12,5
20250513,잠실새내,잠실새내,13,12
20250513,잠실새내,잠실새내,14,29
20250513,잠실새내,잠실새내,15,13
20250513,잠실새내,잠실새내,16,17
20250513,잠실새내,잠실새내,17,24
20250513,잠실새내,잠실새내,18,8
20250513,잠실새내,잠실새내,19,10
20250513,잠실새내,잠실새내,20,5
20250513,잠실새내,잠실새내,21,20
20250513,잠실새내,잠실새내,22,18
20250513,잠실새내,잠실새내,23,12
20250513,잠실새내,종합운동장,0,1
20250513,잠실새내,종합운동장,6,12
20250513,잠실새내,종합운동장,7,105
20250513,잠실새내,종합운동장,8,213
20250513,잠실새내,종합운동장,9,15
20250513,잠실새내,종합운동장,10,19
20250513,잠실새내,종합운동장,11,12
20250513,잠실새내,종합운동장,12,28
20250513,잠실새내,종합운동장,13,19
20250513,잠실새내,종합운동장,14,16
20250513,잠실새내,종합운동장,15,18
20250513,잠실새내,종합운동장,16,39
20250513,잠실새내,종합운동장,17,125
20250513,잠실새내,종합운동장,18,95
20250513,잠실새내,종합운동장,19,15
20250513,잠실새내,종합운동장,20,11
20250513,잠실새내,종합운동장,21,1
20250513,잠실새내,종합운동장,22,5
20250513,잠실새내,충정로(경기대입구),5,1
20250513,잠실새내,충정로(경기대입구),6,3
20250513,잠실새내,충정로(경기대입구),7,12
20250513,잠실새내,충정로(경기대입구),8,15
20250513,잠실새내,충정로(경기대입구),9,3
20250513,잠실새내,충정로(경기대입구),10,1
20250513,잠실새내,충정로(경기대입구),11,1
20250513,잠실새내,충정로(경기대입구),12,2
20250513,잠실새내,충정로(경기대입구),13,3
20250513,잠실새내,충정로(경기대입구),14,2
20250513,잠실새내,충정로(경기대입구),15,1
20250513,잠실새내,충정로(경기대입구),16,1
20250513,잠실새내,충정로(경기대입구),17,1
20250513,잠실새내,충정로(경기대입구),18,1
20250513,잠실새내,충정로(경기대입구),19,2
20250513,잠실새내,충정로(경기대입구),21,1
20250513,잠실새내,충정로(경기대입구),22,1
20250513,잠실새내,한양대,0,3
20250513,잠실새내,한양대,6,4
20250513,잠실새내,한양대,7,20
20250513,잠실새내,한양대,8,35
20250513,잠실새내,한양대,9,22
20250513,잠실새내,한양대,10,26
20250513,잠실새내,한양대,11,5
20250513,잠실새내,한양대,12,29
20250513,잠실새내,한양대,13,12
20250513,잠실새내,한양대,14,9
20250513,잠실새내,한양대,15,3
20250513,잠실새내,한양대,16,4
20250513,잠실새내,한양대,17,6
20250513,잠실새내,한양대,18,8
20250513,잠실새내,한양대,19,8
20250513,잠실새내,한양대,20,1
20250513,잠실새내,한양대,21,3
20250513,잠실새내,한양대,22,5
20250513,잠실새내,합정,0,2
20250513,잠실새내,합정,6,1
20250513,잠실새내,합정,7,12
20250513,잠실새내,합정,8,11
20250513,잠실새내,합정,9,7
20250513,잠실새내,합정,10,3
20250513,잠실새내,합정,11,3
20250513,잠실새내,합정,12,3
20250513,잠실새내,합정,13,1
20250513,잠실새내,합정,14,3
20250513,잠실새내,합정,15,4
20250513,잠실새내,합정,16,3
20250513,잠실새내,합정,17,5
20250513,잠실새내,합정,18,5
20250513,잠실새내,합정,19,4
20250513,잠실새내,합정,20,3
20250513,잠실새내,합정,21,4
20250513,잠실새내,합정,22,3
20250513,잠실새내,합정,23,3
20250513,잠실새내,홍대입구,5,1
20250513,잠실새내,홍대입구,6,3
20250513,잠실새내,홍대입구,7,28
20250513,잠실새내,홍대입구,8,33
20250513,잠실새내,홍대입구,9,15
20250513,잠실새내,홍대입구,10,11
20250513,잠실새내,홍대입구,11,5
20250513,잠실새내,홍대입구,12,13
20250513,잠실새내,홍대입구,13,7
20250513,잠실새내,홍대입구,14,7
20250513,잠실새내,홍대입구,15,7
20250513,잠실새내,홍대입구,16,19
20250513,잠실새내,홍대입구,17,12
20250513,잠실새내,홍대입구,18,10
20250513,잠실새내,홍대입구,19,11
20250513,잠실새내,홍대입구,20,6
20250513,잠실새내,홍대입구,21,3
20250513,잠실새내,홍대입구,22,7
20250513,잠실새내,홍대입구,23,3
20250513,종합운동장,강남,5,6
20250513,종합운동장,강남,6,15
20250513,종합운동장,강남,7,84
20250513,종합운동장,강남,8,107
20250513,종합운동장,강남,9,77
20250513,종합운동장,강남,10,39
20250513,종합운동장,강남,11,21
20250513,종합운동장,강남,12,6
20250513,종합운동장,강남,13,19
20250513,종합운동장,강남,14,16
20250513,종합운동장,강남,15,7
20250513,종합운동장,강남,16,24
20250513,종합운동장,강남,17,16
20250513,종합운동장,강남,18,17
20250513,종합운동장,강남,19,6
20250513,종합운동장,강남,20,49
20250513,종합운동장,강남,21,110
20250513,종합운동장,강남,22,233
20250513,종합운동장,강남,23,3
20250513,종합운동장,강변(동서울터미널),6,2
20250513,종합운동장,강변(동서울터미널),7,5
20250513,종합운동장,강변(동서울터미널),8,6
20250513,종합운동장,강변(동서울터미널),9,2
20250513,종합운동장,강변(동서울터미널),10,7
20250513,종합운동장,강변(동서울터미널),11,3
20250513,종합운동장,강변(동서울터미널),12,4
20250513,종합운동장,강변(동서울터미널),13,8
20250513,종합운동장,강변(동서울터미널),14,9
20250513,종합운동장,강변(동서울터미널),15,6
20250513,종합운동장,강변(동서울터미널),16,19
20250513,종합운동장,강변(동서울터미널),17,10
20250513,종합운동장,강변(동서울터미널),18,6
20250513,종합운동장,강변(동서울터미널),19,8
20250513,종합운동장,강변(동서울터미널),20,23
20250513,종합운동장,강변(동서울터미널),21,59
20250513,종합운동장,강변(동서울터미널),22,84
20250513,종합운동장,강변(동서울터미널),23,1
20250513,종합운동장,건대입구,5,1
20250513,종합운동장,건대입구,6,1
20250513,종합운동장,건대입구,7,3
20250513,종합운동장,건대입구,8,8
20250513,종합운동장,건대입구,9,5
20250513,종합운동장,건대입구,10,4
20250513,종합운동장,건대입구,11,2
20250513,종합운동장,건대입구,12,5
20250513,종합운동장,건대입구,13,4
20250513,종합운동장,건대입구,14,1
20250513,종합운동장,건대입구,15,3
20250513,종합운동장,건대입구,16,7
20250513,종합운동장,건대입구,17,8
20250513,종합운동장,건대입구,18,12
20250513,종합운동장,건대입구,19,10
20250513,종합운동장,건대입구,20,26
20250513,종합운동장,건대입구,21,56
20250513,종합운동장,건대입구,22,125
20250513,종합운동장,건대입구,23,2
20250513,종합운동장,교대(법원.검찰청),6,9
20250513,종합운동장,교대(법원.검찰청),7,19
20250513,종합운동장,교대(법원.검찰청),8,45
20250513,종합운동장,교대(법원.검찰청),9,36
20250513,종합운동장,교대(법원.검찰청),10,19
20250513,종합운동장,교대(법원.검찰청),11,14
20250513,종합운동장,교대(법원.검찰청),12,5
20250513,종합운동장,교대(법원.검찰청),13,6
20250513,종합운동장,교대(법원.검찰청),14,5
20250513,종합운동장,교대(법원.검찰청),15,3
20250513,종합운동장,교대(법원.검찰청),16,9
20250513,종합운동장,교대(법원.검찰청),17,16
20250513,종합운동장,교대(법원.검찰청),18,11
20250513,종합운동장,교대(법원.검찰청),19,5
20250513,종합운동장,교대(법원.검찰청),20,15
20250513,종합운동장,교대(법원.검찰청),21,26
20250513,종합운동장,교대(법원.검찰청),22,66
20250513,종합운동장,구로디지털단지,5,1
20250513,종합운동장,구로디지털단지,6,4
20250513,종합운동장,구로디지털단지,7,22
20250513,종합운동장,구로디지털단지,8,18
20250513,종합운동장,구로디지털단지,9,13
20250513,종합운동장,구로디지털단지,10,1
20250513,종합운동장,구로디지털단지,11,3
20250513,종합운동장,구로디지털단지,12,2
20250513,종합운동장,구로디지털단지,14,2
20250513,종합운동장,구로디지털단지,15,12
20250513,종합운동장,구로디지털단지,16,29
20250513,종합운동장,구로디지털단지,17,26
20250513,종합운동장,구로디지털단지,18,14
20250513,종합운동장,구로디지털단지,19,7
20250513,종합운동장,구로디지털단지,20,14
20250513,종합운동장,구로디지털단지,21,45
20250513,종합운동장,구로디지털단지,22,124
20250513,종합운동장,구로디지털단지,23,7
20250513,종합운동장,구의(광진구청),0,1
20250513,종합운동장,구의(광진구청),6,1
20250513,종합운동장,구의(광진구청),7,2
20250513,종합운동장,구의(광진구청),8,6
20250513,종합운동장,구의(광진구청),9,4
20250513,종합운동장,구의(광진구청),10,2
20250513,종합운동장,구의(광진구청),11,7
20250513,종합운동장,구의(광진구청),12,4
20250513,종합운동장,구의(광진구청),13,9
20250513,종합운동장,구의(광진구청),14,8
20250513,종합운동장,구의(광진구청),15,6
20250513,종합운동장,구의(광진구청),16,11
20250513,종합운동장,구의(광진구청),17,6
20250513,종합운동장,구의(광진구청),18,12
20250513,종합운동장,구의(광진구청),19,11
20250513,종합운동장,구의(광진구청),20,13
20250513,종합운동장,구의(광진구청),21,26
20250513,종합운동장,구의(광진구청),22,73
20250513,종합운동장,구의(광진구청),23,6
20250513,종합운동장,낙성대,6,2
20250513,종합운동장,낙성대,7,4
20250513,종합운동장,낙성대,8,11
20250513,종합운동장,낙성대,9,3
20250513,종합운동장,낙성대,10,5
20250513,종합운동장,낙성대,11,3
20250513,종합운동장,낙성대,12,4
20250513,종합운동장,낙성대,13,1
20250513,종합운동장,낙성대,14,2
20250513,종합운동장,낙성대,15,3
20250513,종합운동장,낙성대,16,8
20250513,종합운동장,낙성대,17,4
20250513,종합운동장,낙성대,18,5
20250513,종합운동장,낙성대,19,7
20250513,종합운동장,낙성대,20,16
20250513,종합운동장,낙성대,21,28
20250513,종합운동장,낙성대,22,48
20250513,종합운동장,낙성대,23,4
20250513,종합운동장,당산,7,1
20250513,종합운동장,당산,17,2
20250513,종합운동장,당산,19,1
20250513,종합운동장,당산,20,5
20250513,종합운동장,당산,21,12
20250513,종합운동장,당산,22,15
20250513,종합운동장,대림(구로구청),5,1
20250513,종합운동장,대림(구로구청),6,2
20250513,종합운동장,대림(구로구청),7,5
20250513,종합운동장,대림(구로구청),8,6
20250513,종합운동장,대림(구로구청),9,1
20250513,종합운동장,대림(구로구청),10,5
20250513,종합운동장,대림(구로구청),11,1
20250513,종합운동장,대림(구로구청),14,4
20250513,종합운동장,대림(구로구청),15,5
20250513,종합운동장,대림(구로구청),16,23
20250513,종합운동장,대림(구로구청),17,11
20250513,종합운동장,대림(구로구청),18,1
20250513,종합운동장,대림(구로구청),19,2
20250513,종합운동장,대림(구로구청),20,15
20250513,종합운동장,대림(구로구청),21,23
20250513,종합운동장,대림(구로구청),22,27
20250513,종합운동장,대림(구로구청),23,2
20250513,종합운동장,동대문역사문화공원,6,2
20250513,종합운동장,동대문역사문화공원,7,10
20250513,종합운동장,동대문역사문화공원,8,4
20250513,종합운동장,동대문역사문화공원,9,10
20250513,종합운동장,동대문역사문화공원,10,7
20250513,종합운동장,동대문역사문화공원,11,1
20250513,종합운동장,동대문역사문화공원,12,2
20250513,종합운동장,동대문역사문화공원,13,4
20250513,종합운동장,동대문역사문화공원,15,1
20250513,종합운동장,동대문역사문화공원,16,1
20250513,종합운동장,동대문역사문화공원,17,2
20250513,종합운동장,동대문역사문화공원,19,2
20250513,종합운동장,동대문역사문화공원,20,4
20250513,종합운동장,동대문역사문화공원,21,10
20250513,종합운동장,동대문역사문화공원,22,6
20250513,종합운동장,뚝섬,7,4
20250513,종합운동장,뚝섬,8,9
20250513,종합운동장,뚝섬,9,4
20250513,종합운동장,뚝섬,10,5
20250513,종합운동장,뚝섬,12,1
20250513,종합운동장,뚝섬,13,3
20250513,종합운동장,뚝섬,14,1
20250513,종합운동장,뚝섬,15,3
20250513,종합운동장,뚝섬,16,1
20250513,종합운동장,뚝섬,17,1
20250513,종합운동장,뚝섬,18,1
20250513,종합운동장,뚝섬,21,4
20250513,종합운동장,뚝섬,22,8
20250513,종합운동장,문래,7,9
20250513,종합운동장,문래,8,2
20250513,종합운동장,문래,9,1
20250513,종합운동장,문래,11,1
20250513,종합운동장,문래,14,1
20250513,종합운동장,문래,18,2
20250513,종합운동장,문래,19,2
20250513,종합운동장,문래,20,4
20250513,종합운동장,문래,21,13
20250513,종합운동장,문래,22,22
20250513,종합운동장,방배,6,4
20250513,종합운동장,방배,7,8
20250513,종합운동장,방배,8,13
20250513,종합운동장,방배,9,8
20250513,종합운동장,방배,10,5
20250513,종합운동장,방배,11,4
20250513,종합운동장,방배,12,4
20250513,종합운동장,방배,13,9
20250513,종합운동장,방배,14,2
20250513,종합운동장,방배,15,7
20250513,종합운동장,방배,16,3
20250513,종합운동장,방배,17,9
20250513,종합운동장,방배,18,2
20250513,종합운동장,방배,19,3
20250513,종합운동장,방배,20,2
20250513,종합운동장,방배,21,12
20250513,종합운동장,방배,22,31
20250513,종합운동장,방배,23,1
20250513,종합운동장,봉천,0,1
20250513,종합운동장,봉천,7,3
20250513,종합운동장,봉천,8,6
20250513,종합운동장,봉천,9,2
20250513,종합운동장,봉천,10,1
20250513,종합운동장,봉천,12,1
20250513,종합운동장,봉천,13,1
20250513,종합운동장,봉천,14,3
20250513,종합운동장,봉천,15,2
20250513,종합운동장,봉천,16,8
20250513,종합운동장,봉천,17,9
20250513,종합운동장,봉천,18,7
20250513,종합운동장,봉천,19,4
20250513,종합운동장,봉천,20,8
20250513,종합운동장,봉천,21,15
20250513,종합운동장,봉천,22,38
20250513,종합운동장,사당,5,3
20250513,종합운동장,사당,6,3
20250513,종합운동장,사당,7,8
20250513,종합운동장,사당,8,16
20250513,종합운동장,사당,9,13
20250513,종합운동장,사당,10,8
20250513,종합운동장,사당,11,6
20250513,종합운동장,사당,12,7
20250513,종합운동장,사당,13,6
20250513,종합운동장,사당,14,6
20250513,종합운동장,사당,15,5
20250513,종합운동장,사당,16,22
20250513,종합운동장,사당,17,20
20250513,종합운동장,사당,18,16
20250513,종합운동장,사당,19,16
20250513,종합운동장,사당,20,35
20250513,종합운동장,사당,21,110
20250513,종합운동장,사당,22,189
20250513,종합운동장,사당,23,5
20250513,종합운동장,삼성(무역센터),0,1
20250513,종합운동장,삼성(무역센터),5,1
20250513,종합운동장,삼성(무역센터),6,7
20250513,종합운동장,삼성(무역센터),7,22
20250513,종합운동장,삼성(무역센터),8,62
20250513,종합운동장,삼성(무역센터),9,51
20250513,종합운동장,삼성(무역센터),10,19
20250513,종합운동장,삼성(무역센터),11,33
20250513,종합운동장,삼성(무역센터),12,21
20250513,종합운동장,삼성(무역센터),13,23
20250513,종합운동장,삼성(무역센터),14,24
20250513,종합운동장,삼성(무역센터),15,30
20250513,종합운동장,삼성(무역센터),16,27
20250513,종합운동장,삼성(무역센터),17,25
20250513,종합운동장,삼성(무역센터),18,17
20250513,종합운동장,삼성(무역센터),19,15
20250513,종합운동장,삼성(무역센터),20,19
20250513,종합운동장,삼성(무역센터),21,27
20250513,종합운동장,삼성(무역센터),22,38
20250513,종합운동장,삼성(무역센터),23,1
20250513,종합운동장,상왕십리,6,1
20250513,종합운동장,상왕십리,8,2
20250513,종합운동장,상왕십리,11,1
20250513,종합운동장,상왕십리,12,1
20250513,종합운동장,상왕십리,13,4
20250513,종합운동장,상왕십리,14,1
20250513,종합운동장,상왕십리,15,2
20250513,종합운동장,상왕십리,16,3
20250513,종합운동장,상왕십리,18,5
20250513,종합운동장,상왕십리,19,1
20250513,종합운동장,상왕십리,20,5
20250513,종합운동장,상왕십리,21,25
20250513,종합운동장,상왕십리,22,42
20250513,종합운동장,상왕십리,23,3
20250513,종합운동장,서울대입구(관악구청),0,1
20250513,종합운동장,서울대입구(관악구청),5,1
20250513,종합운동장,서울대입구(관악구청),6,3
20250513,종합운동장,서울대입구(관악구청),7,10
20250513,종합운동장,서울대입구(관악구청),8,24
20250513,종합운동장,서울대입구(관악구청),9,14
20250513,종합운동장,서울대입구(관악구청),10,10
20250513,종합운동장,서울대입구(관악구청),11,6
20250513,종합운동장,서울대입구(관악구청),12,3
20250513,종합운동장,서울대입구(관악구청),13,4
20250513,종합운동장,서울대입구(관악구청),14,5
20250513,종합운동장,서울대입구(관악구청),15,4
20250513,종합운동장,서울대입구(관악구청),16,11
20250513,종합운동장,서울대입구(관악구청),17,13
20250513,종합운동장,서울대입구(관악구청),18,19
20250513,종합운동장,서울대입구(관악구청),19,19
20250513,종합운동장,서울대입구(관악구청),20,23
20250513,종합운동장,서울대입구(관악구청),21,59
20250513,종합운동장,서울대입구(관악구청),22,82
20250513,종합운동장,서울대입구(관악구청),23,3
20250513,종합운동장,서초,5,1
20250513,종합운동장,서초,6,3
20250513,종합운동장,서초,7,13
20250513,종합운동장,서초,8,28
20250513,종합운동장,서초,9,23
20250513,종합운동장,서초,10,6
20250513,종합운동장,서초,11,1
20250513,종합운동장,서초,12,3
20250513,종합운동장,서초,13,2
20250513,종합운동장,서초,14,1
20250513,종합운동장,서초,15,2
20250513,종합운동장,서초,16,1
20250513,종합운동장,서초,17,4
20250513,종합운동장,서초,18,1
20250513,종합운동장,서초,19,2
20250513,종합운동장,서초,20,13
20250513,종합운동장,서초,21,17
20250513,종합운동장,서초,22,30
20250513,종합운동장,선릉,5,1
20250513,종합운동장,선릉,6,10
20250513,종합운동장,선릉,7,51
20250513,종합운동장,선릉,8,81
20250513,종합운동장,선릉,9,63
20250513,종합운동장,선릉,10,26
20250513,종합운동장,선릉,11,30
20250513,종합운동장,선릉,12,13
20250513,종합운동장,선릉,13,12
20250513,종합운동장,선릉,14,17
20250513,종합운동장,선릉,15,10
20250513,종합운동장,선릉,16,16
20250513,종합운동장,선릉,17,12
20250513,종합운동장,선릉,18,14
20250513,종합운동장,선릉,19,7
20250513,종합운동장,선릉,20,9
20250513,종합운동장,선릉,21,18
20250513,종합운동장,선릉,22,44
20250513,종합운동장,성수,6,3
20250513,종합운동장,성수,7,12
20250513,종합운동장,성수,8,11
20250513,종합운동장,성수,9,8
20250513,종합운동장,성수,10,1
20250513,종합운동장,성수,11,3
20250513,종합운동장,성수,12,1
20250513,종합운동장,성수,13,5
20250513,종합운동장,성수,14,3
20250513,종합운동장,성수,15,6
20250513,종합운동장,성수,16,4
20250513,종합운동장,성수,17,2
20250513,종합운동장,성수,18,1
20250513,종합운동장,성수,19,3
20250513,종합운동장,성수,20,9
20250513,종합운동장,성수,21,3
20250513,종합운동장,성수,22,18
20250513,종합운동장,성수,23,1
20250513,종합운동장,시청,6,6
20250513,종합운동장,시청,7,22
20250513,종합운동장,시청,8,13
20250513,종합운동장,시청,9,4
20250513,종합운동장,시청,10,3
20250513,종합운동장,시청,11,4
20250513,종합운동장,시청,12,2
20250513,종합운동장,시청,15,1
20250513,종합운동장,시청,16,2
20250513,종합운동장,시청,17,1
20250513,종합운동장,시청,18,1
20250513,종합운동장,시청,21,7
20250513,종합운동장,시청,22,8
20250513,종합운동장,신당,6,1
20250513,종합운동장,신당,8,2
20250513,종합운동장,신당,9,1
20250513,종합운동장,신당,10,3
20250513,종합운동장,신당,12,3
20250513,종합운동장,신당,13,1
20250513,종합운동장,신당,17,1
20250513,종합운동장,신당,18,1
20250513,종합운동장,신당,19,2
20250513,종합운동장,신당,20,2
20250513,종합운동장,신당,21,7
20250513,종합운동장,신당,22,23
20250513,종합운동장,신대방,7,1
20250513,종합운동장,신대방,8,2
20250513,종합운동장,신대방,9,2
20250513,종합운동장,신대방,10,2
20250513,종합운동장,신대방,11,1
20250513,종합운동장,신대방,12,1
20250513,종합운동장,신대방,13,1
20250513,종합운동장,신대방,14,1
20250513,종합운동장,신대방,15,2
20250513,종합운동장,신대방,16,3
20250513,종합운동장,신대방,17,14
20250513,종합운동장,신대방,18,8
20250513,종합운동장,신대방,19,6
20250513,종합운동장,신대방,20,7
20250513,종합운동장,신대방,21,22
20250513,종합운동장,신대방,22,31
20250513,종합운동장,신대방,23,1
20250513,종합운동장,신도림,0,1
20250513,종합운동장,신도림,7,2
20250513,종합운동장,신도림,8,3
20250513,종합운동장,신도림,9,3
20250513,종합운동장,신도림,10,2
20250513,종합운동장,신도림,11,2
20250513,종합운동장,신도림,12,1
20250513,종합운동장,신도림,13,2
20250513,종합운동장,신도림,14,2
20250513,종합운동장,신도림,15,1
20250513,종합운동장,신도림,16,5
20250513,종합운동장,신도림,17,5
20250513,종합운동장,신도림,18,12
20250513,종합운동장,신도림,19,3
20250513,종합운동장,신도림,20,7
20250513,종합운동장,신도림,21,46
20250513,종합운동장,신도림,22,96
20250513,종합운동장,신도림,23,2
20250513,종합운동장,신림,5,1
20250513,종합운동장,신림,6,3
20250513,종합운동장,신림,7,5
20250513,종합운동장,신림,8,6
20250513,종합운동장,신림,9,3
20250513,종합운동장,신림,10,2
20250513,종합운동장,신림,11,3
20250513,종합운동장,신림,12,1
20250513,종합운동장,신림,13,3
20250513,종합운동장,신림,14,3
20250513,종합운동장,신림,15,7
20250513,종합운동장,신림,16,10
20250513,종합운동장,신림,17,25
20250513,종합운동장,신림,18,22
20250513,종합운동장,신림,19,12
20250513,종합운동장,신림,20,23
20250513,종합운동장,신림,21,68
20250513,종합운동장,신림,22,89
20250513,종합운동장,신림,23,6
20250513,종합운동장,신촌,5,1
20250513,종합운동장,신촌,6,2
20250513,종합운동장,신촌,7,5
20250513,종합운동장,신촌,8,8
20250513,종합운동장,신촌,9,7
20250513,종합운동장,신촌,10,4
20250513,종합운동장,신촌,11,7
20250513,종합운동장,신촌,12,3
20250513,종합운동장,신촌,13,2
20250513,종합운동장,신촌,14,2
20250513,종합운동장,신촌,16,4
20250513,종합운동장,신촌,17,6
20250513,종합운동장,신촌,18,2
20250513,종합운동장,신촌,19,3
20250513,종합운동장,신촌,20,11
20250513,종합운동장,신촌,21,33
20250513,종합운동장,신촌,22,55
20250513,종합운동장,신촌,23,4
20250513,종합운동장,아현,7,2
20250513,종합운동장,아현,8,1
20250513,종합운동장,아현,11,1
20250513,종합운동장,아현,14,1
20250513,종합운동장,아현,15,1
20250513,종합운동장,아현,19,1
20250513,종합운동장,아현,20,10
20250513,종합운동장,아현,21,12
20250513,종합운동장,아현,22,24
20250513,종합운동장,역삼,5,2
20250513,종합운동장,역삼,6,8
20250513,종합운동장,역삼,7,41
20250513,종합운동장,역삼,8,95
20250513,종합운동장,역삼,9,77
20250513,종합운동장,역삼,10,33
20250513,종합운동장,역삼,11,13
20250513,종합운동장,역삼,12,10
20250513,종합운동장,역삼,13,15
20250513,종합운동장,역삼,14,5
20250513,종합운동장,역삼,15,11
20250513,종합운동장,역삼,16,10
20250513,종합운동장,역삼,17,10
20250513,종합운동장,역삼,18,7
20250513,종합운동장,역삼,19,8
20250513,종합운동장,역삼,20,13
20250513,종합운동장,역삼,21,28
20250513,종합운동장,역삼,22,30
20250513,종합운동장,영등포구청,7,1
20250513,종합운동장,영등포구청,10,1
20250513,종합운동장,영등포구청,13,1
20250513,종합운동장,영등포구청,16,1
20250513,종합운동장,영등포구청,17,3
20250513,종합운동장,영등포구청,18,2
20250513,종합운동장,영등포구청,20,1
20250513,종합운동장,영등포구청,21,6
20250513,종합운동장,영등포구청,22,9
20250513,종합운동장,왕십리(성동구청),6,1
20250513,종합운동장,왕십리(성동구청),7,2
20250513,종합운동장,왕십리(성동구청),9,2
20250513,종합운동장,왕십리(성동구청),10,2
20250513,종합운동장,왕십리(성동구청),12,3
20250513,종합운동장,왕십리(성동구청),13,2
20250513,종합운동장,왕십리(성동구청),14,3
20250513,종합운동장,왕십리(성동구청),16,6
20250513,종합운동장,왕십리(성동구청),17,4
20250513,종합운동장,왕십리(성동구청),18,3
20250513,종합운동장,왕십리(성동구청),19,4
20250513,종합운동장,왕십리(성동구청),20,9
20250513,종합운동장,왕십리(성동구청),21,19
20250513,종합운동장,왕십리(성동구청),22,46
20250513,종합운동장,왕십리(성동구청),23,1
20250513,종합운동장,용두(동대문구청),8,3
20250513,종합운동장,용두(동대문구청),11,1
20250513,종합운동장,용두(동대문구청),13,1
20250513,종합운동장,용두(동대문구청),15,3
20250513,종합운동장,용두(동대문구청),18,1
20250513,종합운동장,용두(동대문구청),19,1
20250513,종합운동장,용두(동대문구청),20,1
20250513,종합운동장,용두(동대문구청),21,5
20250513,종합운동장,용두(동대문구청),22,7
20250513,종합운동장,을지로3가,6,3
20250513,종합운동장,을지로3가,7,15
20250513,종합운동장,을지로3가,8,14
20250513,종합운동장,을지로3가,9,5
20250513,종합운동장,을지로3가,10,1
20250513,종합운동장,을지로3가,11,2
20250513,종합운동장,을지로3가,12,1
20250513,종합운동장,을지로3가,15,1
20250513,종합운동장,을지로3가,16,1
20250513,종합운동장,을지로3가,17,2
20250513,종합운동장,을지로3가,18,3
20250513,종합운동장,을지로3가,20,1
20250513,종합운동장,을지로3가,21,15
20250513,종합운동장,을지로3가,22,17
20250513,종합운동장,을지로4가,0,1
20250513,종합운동장,을지로4가,6,2
20250513,종합운동장,을지로4가,7,11
20250513,종합운동장,을지로4가,8,8
20250513,종합운동장,을지로4가,9,5
20250513,종합운동장,을지로4가,10,2
20250513,종합운동장,을지로4가,11,4
20250513,종합운동장,을지로4가,13,3
20250513,종합운동장,을지로4가,14,1
20250513,종합운동장,을지로4가,15,3
20250513,종합운동장,을지로4가,16,4
20250513,종합운동장,을지로4가,17,2
20250513,종합운동장,을지로4가,18,1
20250513,종합운동장,을지로4가,20,2
20250513,종합운동장,을지로4가,21,9
20250513,종합운동장,을지로4가,22,10
20250513,종합운동장,을지로입구,5,5
20250513,종합운동장,을지로입구,6,6
20250513,종합운동장,을지로입구,7,42
20250513,종합운동장,을지로입구,8,34
20250513,종합운동장,을지로입구,9,4
20250513,종합운동장,을지로입구,10,5
20250513,종합운동장,을지로입구,11,8
20250513,종합운동장,을지로입구,12,8
20250513,종합운동장,을지로입구,15,1
20250513,종합운동장,을지로입구,16,1
20250513,종합운동장,을지로입구,17,3
20250513,종합운동장,을지로입구,18,2
20250513,종합운동장,을지로입구,20,3
20250513,종합운동장,을지로입구,21,9
20250513,종합운동장,을지로입구,22,18
20250513,종합운동장,이대,0,1
20250513,종합운동장,이대,6,1
20250513,종합운동장,이대,7,6
20250513,종합운동장,이대,8,6
20250513,종합운동장,이대,9,4
20250513,종합운동장,이대,10,5
20250513,종합운동장,이대,11,8
20250513,종합운동장,이대,12,4
20250513,종합운동장,이대,13,1
20250513,종합운동장,이대,14,1
20250513,종합운동장,이대,17,1
20250513,종합운동장,이대,18,3
20250513,종합운동장,이대,19,1
20250513,종합운동장,이대,20,8
20250513,종합운동장,이대,21,16
20250513,종합운동장,이대,22,24
20250513,종합운동장,잠실(송파구청),5,2
20250513,종합운동장,잠실(송파구청),6,3
20250513,종합운동장,잠실(송파구청),7,23
20250513,종합운동장,잠실(송파구청),8,21
20250513,종합운동장,잠실(송파구청),9,14
20250513,종합운동장,잠실(송파구청),10,23
20250513,종합운동장,잠실(송파구청),11,25
20250513,종합운동장,잠실(송파구청),12,26
20250513,종합운동장,잠실(송파구청),13,49
20250513,종합운동장,잠실(송파구청),14,27
20250513,종합운동장,잠실(송파구청),15,42
20250513,종합운동장,잠실(송파구청),16,117
20250513,종합운동장,잠실(송파구청),17,37
20250513,종합운동장,잠실(송파구청),18,43
20250513,종합운동장,잠실(송파구청),19,29
20250513,종합운동장,잠실(송파구청),20,48
20250513,종합운동장,잠실(송파구청),21,190
20250513,종합운동장,잠실(송파구청),22,424
20250513,종합운동장,잠실(송파구청),23,11
20250513,종합운동장,잠실나루,6,7
20250513,종합운동장,잠실나루,7,8
20250513,종합운동장,잠실나루,8,5
20250513,종합운동장,잠실나루,9,5
20250513,종합운동장,잠실나루,10,4
20250513,종합운동장,잠실나루,11,6
20250513,종합운동장,잠실나루,12,9
20250513,종합운동장,잠실나루,13,10
20250513,종합운동장,잠실나루,14,12
20250513,종합운동장,잠실나루,15,8
20250513,종합운동장,잠실나루,16,32
20250513,종합운동장,잠실나루,17,10
20250513,종합운동장,잠실나루,18,4
20250513,종합운동장,잠실나루,19,2
20250513,종합운동장,잠실나루,20,12
20250513,종합운동장,잠실나루,21,24
20250513,종합운동장,잠실나루,22,23
20250513,종합운동장,잠실나루,23,2
20250513,종합운동장,잠실새내,0,1
20250513,종합운동장,잠실새내,6,4
20250513,종합운동장,잠실새내,7,11
20250513,종합운동장,잠실새내,8,6
20250513,종합운동장,잠실새내,9,12
20250513,종합운동장,잠실새내,10,17
20250513,종합운동장,잠실새내,11,21
20250513,종합운동장,잠실새내,12,15
20250513,종합운동장,잠실새내,13,16
20250513,종합운동장,잠실새내,14,20
20250513,종합운동장,잠실새내,15,33
20250513,종합운동장,잠실새내,16,201
20250513,종합운동장,잠실새내,17,42
20250513,종합운동장,잠실새내,18,12
20250513,종합운동장,잠실새내,19,8
20250513,종합운동장,잠실새내,20,8
20250513,종합운동장,잠실새내,21,50
20250513,종합운동장,잠실새내,22,36
20250513,종합운동장,잠실새내,23,1
20250513,종합운동장,종합운동장,0,6
20250513,종합운동장,종합운동장,5,2
20250513,종합운동장,종합운동장,6,5
20250513,종합운동장,종합운동장,7,9
20250513,종합운동장,종합운동장,8,8
20250513,종합운동장,종합운동장,9,10
20250513,종합운동장,종합운동장,10,6
20250513,종합운동장,종합운동장,11,5
20250513,종합운동장,종합운동장,12,6
20250513,종합운동장,종합운동장,13,5
20250513,종합운동장,종합운동장,14,14
20250513,종합운동장,종합운동장,15,12
20250513,종합운동장,종합운동장,16,20
20250513,종합운동장,종합운동장,17,22
20250513,종합운동장,종합운동장,18,29
20250513,종합운동장,종합운동장,19,15
20250513,종합운동장,종합운동장,20,31
20250513,종합운동장,종합운동장,21,65
20250513,종합운동장,종합운동장,22,282
20250513,종합운동장,종합운동장,23,6
20250513,종합운동장,충정로(경기대입구),6,1
20250513,종합운동장,충정로(경기대입구),7,7
20250513,종합운동장,충정로(경기대입구),8,6
20250513,종합운동장,충정로(경기대입구),16,1
20250513,종합운동장,충정로(경기대입구),18,2
20250513,종합운동장,충정로(경기대입구),20,4
20250513,종합운동장,충정로(경기대입구),21,6
20250513,종합운동장,충정로(경기대입구),22,13
20250513,종합운동장,한양대,7,4
20250513,종합운동장,한양대,8,5
20250513,종합운동장,한양대,9,9
20250513,종합운동장,한양대,10,1
20250513,종합운동장,한양대,11,1
20250513,종합운동장,한양대,12,5
20250513,종합운동장,한양대,13,1
20250513,종합운동장,한양대,14,3
20250513,종합운동장,한양대,16,1
20250513,종합운동장,한양대,17,1
20250513,종합운동장,한양대,18,3
20250513,종합운동장,한양대,20,1
20250513,종합운동장,한양대,21,5
20250513,종합운동장,한양대,22,10
20250513,종합운동장,한양대,23,1
20250513,종합운동장,합정,7,2
20250513,종합운동장,합정,8,2
20250513,종합운동장,합정,9,2
20250513,종합운동장,합정,10,1
20250513,종합운동장,합정,14,1
20250513,종합운동장,합정,16,1
20250513,종합운동장,합정,17,4
20250513,종합운동장,합정,18,4
20250513,종합운동장,합정,20,10
20250513,종합운동장,합정,21,17
20250513,종합운동장,합정,22,31
20250513,종합운동장,홍대입구,0,1
20250513,종합운동장,홍대입구,7,2
20250513,종합운동장,홍대입구,8,11
20250513,종합운동장,홍대입구,9,5
20250513,종합운동장,홍대입구,10,3
20250513,종합운동장,홍대입구,11,2
20250513,종합운동장,홍대입구,12,1
20250513,종합운동장,홍대입구,13,2
20250513,종합운동장,홍대입구,14,2
20250513,종합운동장,홍대입구,15,2
20250513,종합운동장,홍대입구,16,1
20250513,종합운동장,홍대입구,17,1
20250513,종합운동장,홍대입구,18,1
20250513,종합운동장,홍대입구,19,1
20250513,종합운동장,홍대입구,20,9
20250513,종합운동장,홍대입구,21,19
20250513,종합운동장,홍대입구,22,71
20250513,충정로(경기대입구),강남,6,6
20250513,충정로(경기대입구),강남,7,20
20250513,충정로(경기대입구),강남,8,9
20250513,충정로(경기대입구),강남,9,5
20250513,충정로(경기대입구),강남,10,2
20250513,충정로(경기대입구),강남,11,3
20250513,충정로(경기대입구),강남,12,4
20250513,충정로(경기대입구),강남,13,2
20250513,충정로(경기대입구),강남,14,3
20250513,충정로(경기대입구),강남,15,1
20250513,충정로(경기대입구),강남,16,1
20250513,충정로(경기대입구),강남,17,4
20250513,충정로(경기대입구),강남,18,4
20250513,충정로(경기대입구),강남,19,3
20250513,충정로(경기대입구),강남,20,1
20250513,충정로(경기대입구),강변(동서울터미널),6,5
20250513,충정로(경기대입구),강변(동서울터미널),7,2
20250513,충정로(경기대입구),강변(동서울터미널),8,1
20250513,충정로(경기대입구),강변(동서울터미널),9,1
20250513,충정로(경기대입구),강변(동서울터미널),10,1
20250513,충정로(경기대입구),강변(동서울터미널),11,3
20250513,충정로(경기대입구),강변(동서울터미널),12,2
20250513,충정로(경기대입구),강변(동서울터미널),14,5
20250513,충정로(경기대입구),강변(동서울터미널),15,1
20250513,충정로(경기대입구),강변(동서울터미널),16,6
20250513,충정로(경기대입구),강변(동서울터미널),17,16
20250513,충정로(경기대입구),강변(동서울터미널),18,13
20250513,충정로(경기대입구),강변(동서울터미널),19,7
20250513,충정로(경기대입구),강변(동서울터미널),21,4
20250513,충정로(경기대입구),강변(동서울터미널),22,3
20250513,충정로(경기대입구),건대입구,0,3
20250513,충정로(경기대입구),건대입구,5,1
20250513,충정로(경기대입구),건대입구,6,3
20250513,충정로(경기대입구),건대입구,7,4
20250513,충정로(경기대입구),건대입구,8,10
20250513,충정로(경기대입구),건대입구,9,4
20250513,충정로(경기대입구),건대입구,10,3
20250513,충정로(경기대입구),건대입구,11,2
20250513,충정로(경기대입구),건대입구,12,3
20250513,충정로(경기대입구),건대입구,13,3
20250513,충정로(경기대입구),건대입구,14,1
20250513,충정로(경기대입구),건대입구,15,2
20250513,충정로(경기대입구),건대입구,16,4
20250513,충정로(경기대입구),건대입구,17,19
20250513,충정로(경기대입구),건대입구,18,22
20250513,충정로(경기대입구),건대입구,19,11
20250513,충정로(경기대입구),건대입구,20,10
20250513,충정로(경기대입구),건대입구,21,6
20250513,충정로(경기대입구),건대입구,22,2
20250513,충정로(경기대입구),건대입구,23,1
20250513,충정로(경기대입구),교대(법원.검찰청),5,2
20250513,충정로(경기대입구),교대(법원.검찰청),7,1
20250513,충정로(경기대입구),교대(법원.검찰청),8,6
20250513,충정로(경기대입구),교대(법원.검찰청),9,1
20250513,충정로(경기대입구),교대(법원.검찰청),10,2
20250513,충정로(경기대입구),교대(법원.검찰청),14,2
20250513,충정로(경기대입구),교대(법원.검찰청),15,1
20250513,충정로(경기대입구),교대(법원.검찰청),16,3
20250513,충정로(경기대입구),교대(법원.검찰청),17,4
20250513,충정로(경기대입구),교대(법원.검찰청),18,3
20250513,충정로(경기대입구),교대(법원.검찰청),19,2
20250513,충정로(경기대입구),교대(법원.검찰청),20,1
20250513,충정로(경기대입구),교대(법원.검찰청),22,1
20250513,충정로(경기대입구),구로디지털단지,0,1
20250513,충정로(경기대입구),구로디지털단지,5,1
20250513,충정로(경기대입구),구로디지털단지,6,4
20250513,충정로(경기대입구),구로디지털단지,7,20
20250513,충정로(경기대입구),구로디지털단지,8,16
20250513,충정로(경기대입구),구로디지털단지,9,8
20250513,충정로(경기대입구),구로디지털단지,10,3
20250513,충정로(경기대입구),구로디지털단지,11,4
20250513,충정로(경기대입구),구로디지털단지,12,3
20250513,충정로(경기대입구),구로디지털단지,13,6
20250513,충정로(경기대입구),구로디지털단지,14,7
20250513,충정로(경기대입구),구로디지털단지,15,6
20250513,충정로(경기대입구),구로디지털단지,16,10
20250513,충정로(경기대입구),구로디지털단지,17,24
20250513,충정로(경기대입구),구로디지털단지,18,61
20250513,충정로(경기대입구),구로디지털단지,19,17
20250513,충정로(경기대입구),구로디지털단지,20,12
20250513,충정로(경기대입구),구로디지털단지,21,7
20250513,충정로(경기대입구),구로디지털단지,22,5
20250513,충정로(경기대입구),구로디지털단지,23,2
20250513,충정로(경기대입구),구의(광진구청),0,1
20250513,충정로(경기대입구),구의(광진구청),6,2
20250513,충정로(경기대입구),구의(광진구청),7,4
20250513,충정로(경기대입구),구의(광진구청),8,1
20250513,충정로(경기대입구),구의(광진구청),10,3
20250513,충정로(경기대입구),구의(광진구청),11,2
20250513,충정로(경기대입구),구의(광진구청),13,2
20250513,충정로(경기대입구),구의(광진구청),14,3
20250513,충정로(경기대입구),구의(광진구청),16,4
20250513,충정로(경기대입구),구의(광진구청),17,7
20250513,충정로(경기대입구),구의(광진구청),18,19
20250513,충정로(경기대입구),구의(광진구청),19,14
20250513,충정로(경기대입구),구의(광진구청),20,6
20250513,충정로(경기대입구),구의(광진구청),21,1
20250513,충정로(경기대입구),구의(광진구청),22,2
20250513,충정로(경기대입구),구의(광진구청),23,3
20250513,충정로(경기대입구),낙성대,6,1
20250513,충정로(경기대입구),낙성대,8,2
20250513,충정로(경기대입구),낙성대,9,2
20250513,충정로(경기대입구),낙성대,15,1
20250513,충정로(경기대입구),낙성대,16,4
20250513,충정로(경기대입구),낙성대,17,5
20250513,충정로(경기대입구),낙성대,18,21
20250513,충정로(경기대입구),낙성대,19,2
20250513,충정로(경기대입구),낙성대,20,1
20250513,충정로(경기대입구),낙성대,21,1
20250513,충정로(경기대입구),낙성대,22,1
20250513,충정로(경기대입구),낙성대,23,1
20250513,충정로(경기대입구),당산,5,4
20250513,충정로(경기대입구),당산,6,1
20250513,충정로(경기대입구),당산,7,8
20250513,충정로(경기대입구),당산,8,10
20250513,충정로(경기대입구),당산,9,1
20250513,충정로(경기대입구),당산,10,8
20250513,충정로(경기대입구),당산,12,4
20250513,충정로(경기대입구),당산,13,4
20250513,충정로(경기대입구),당산,14,5
20250513,충정로(경기대입구),당산,15,6
20250513,충정로(경기대입구),당산,16,10
20250513,충정로(경기대입구),당산,17,37
20250513,충정로(경기대입구),당산,18,39
20250513,충정로(경기대입구),당산,19,15
20250513,충정로(경기대입구),당산,20,9
20250513,충정로(경기대입구),당산,21,8
20250513,충정로(경기대입구),당산,22,2
20250513,충정로(경기대입구),당산,23,3
20250513,충정로(경기대입구),대림(구로구청),5,1
20250513,충정로(경기대입구),대림(구로구청),6,1
20250513,충정로(경기대입구),대림(구로구청),7,2
20250513,충정로(경기대입구),대림(구로구청),8,3
20250513,충정로(경기대입구),대림(구로구청),9,3
20250513,충정로(경기대입구),대림(구로구청),10,3
20250513,충정로(경기대입구),대림(구로구청),11,3
20250513,충정로(경기대입구),대림(구로구청),12,1
20250513,충정로(경기대입구),대림(구로구청),13,5
20250513,충정로(경기대입구),대림(구로구청),14,4
20250513,충정로(경기대입구),대림(구로구청),15,7
20250513,충정로(경기대입구),대림(구로구청),16,7
20250513,충정로(경기대입구),대림(구로구청),17,13
20250513,충정로(경기대입구),대림(구로구청),18,25
20250513,충정로(경기대입구),대림(구로구청),19,5
20250513,충정로(경기대입구),대림(구로구청),20,6
20250513,충정로(경기대입구),대림(구로구청),21,1
20250513,충정로(경기대입구),대림(구로구청),22,3
20250513,충정로(경기대입구),대림(구로구청),23,1
20250513,충정로(경기대입구),동대문역사문화공원,0,2
20250513,충정로(경기대입구),동대문역사문화공원,5,2
20250513,충정로(경기대입구),동대문역사문화공원,6,4
20250513,충정로(경기대입구),동대문역사문화공원,7,11
20250513,충정로(경기대입구),동대문역사문화공원,8,20
20250513,충정로(경기대입구),동대문역사문화공원,9,8
20250513,충정로(경기대입구),동대문역사문화공원,10,8
20250513,충정로(경기대입구),동대문역사문화공원,11,13
20250513,충정로(경기대입구),동대문역사문화공원,12,2
20250513,충정로(경기대입구),동대문역사문화공원,13,8
20250513,충정로(경기대입구),동대문역사문화공원,14,3
20250513,충정로(경기대입구),동대문역사문화공원,15,7
20250513,충정로(경기대입구),동대문역사문화공원,16,5
20250513,충정로(경기대입구),동대문역사문화공원,17,6
20250513,충정로(경기대입구),동대문역사문화공원,18,6
20250513,충정로(경기대입구),동대문역사문화공원,19,5
20250513,충정로(경기대입구),동대문역사문화공원,20,4
20250513,충정로(경기대입구),동대문역사문화공원,21,5
20250513,충정로(경기대입구),동대문역사문화공원,22,3
20250513,충정로(경기대입구),동대문역사문화공원,23,3
20250513,충정로(경기대입구),뚝섬,5,3
20250513,충정로(경기대입구),뚝섬,6,3
20250513,충정로(경기대입구),뚝섬,7,8
20250513,충정로(경기대입구),뚝섬,8,29
20250513,충정로(경기대입구),뚝섬,9,14
20250513,충정로(경기대입구),뚝섬,10,5
20250513,충정로(경기대입구),뚝섬,11,7
20250513,충정로(경기대입구),뚝섬,12,9
20250513,충정로(경기대입구),뚝섬,13,1
20250513,충정로(경기대입구),뚝섬,14,6
20250513,충정로(경기대입구),뚝섬,15,2
20250513,충정로(경기대입구),뚝섬,16,6
20250513,충정로(경기대입구),뚝섬,17,5
20250513,충정로(경기대입구),뚝섬,18,9
20250513,충정로(경기대입구),뚝섬,19,1
20250513,충정로(경기대입구),뚝섬,20,2
20250513,충정로(경기대입구),뚝섬,21,3
20250513,충정로(경기대입구),뚝섬,22,2
20250513,충정로(경기대입구),문래,5,2
20250513,충정로(경기대입구),문래,7,8
20250513,충정로(경기대입구),문래,8,12
20250513,충정로(경기대입구),문래,9,7
20250513,충정로(경기대입구),문래,10,3
20250513,충정로(경기대입구),문래,11,3
20250513,충정로(경기대입구),문래,12,2
20250513,충정로(경기대입구),문래,13,5
20250513,충정로(경기대입구),문래,15,12
20250513,충정로(경기대입구),문래,16,5
20250513,충정로(경기대입구),문래,17,12
20250513,충정로(경기대입구),문래,18,36
20250513,충정로(경기대입구),문래,19,11
20250513,충정로(경기대입구),문래,20,4
20250513,충정로(경기대입구),문래,21,2
20250513,충정로(경기대입구),문래,22,3
20250513,충정로(경기대입구),문래,23,3
20250513,충정로(경기대입구),방배,6,1
20250513,충정로(경기대입구),방배,7,5
20250513,충정로(경기대입구),방배,8,1
20250513,충정로(경기대입구),방배,9,3
20250513,충정로(경기대입구),방배,11,1
20250513,충정로(경기대입구),방배,13,2
20250513,충정로(경기대입구),방배,14,2
20250513,충정로(경기대입구),방배,17,1
20250513,충정로(경기대입구),방배,18,2
20250513,충정로(경기대입구),봉천,0,1
20250513,충정로(경기대입구),봉천,5,1
20250513,충정로(경기대입구),봉천,6,3
20250513,충정로(경기대입구),봉천,7,1
20250513,충정로(경기대입구),봉천,8,2
20250513,충정로(경기대입구),봉천,9,1
20250513,충정로(경기대입구),봉천,10,1
20250513,충정로(경기대입구),봉천,12,1
20250513,충정로(경기대입구),봉천,13,2
20250513,충정로(경기대입구),봉천,14,1
20250513,충정로(경기대입구),봉천,16,3
20250513,충정로(경기대입구),봉천,17,10
20250513,충정로(경기대입구),봉천,18,11
20250513,충정로(경기대입구),봉천,19,5
20250513,충정로(경기대입구),봉천,20,6
20250513,충정로(경기대입구),봉천,21,3
20250513,충정로(경기대입구),봉천,22,3
20250513,충정로(경기대입구),봉천,23,1
20250513,충정로(경기대입구),사당,11,1
20250513,충정로(경기대입구),사당,14,2
20250513,충정로(경기대입구),사당,15,2
20250513,충정로(경기대입구),사당,16,2
20250513,충정로(경기대입구),사당,17,4
20250513,충정로(경기대입구),사당,18,4
20250513,충정로(경기대입구),사당,19,1
20250513,충정로(경기대입구),사당,22,1
20250513,충정로(경기대입구),삼성(무역센터),5,2
20250513,충정로(경기대입구),삼성(무역센터),6,8
20250513,충정로(경기대입구),삼성(무역센터),7,17
20250513,충정로(경기대입구),삼성(무역센터),8,23
20250513,충정로(경기대입구),삼성(무역센터),9,11
20250513,충정로(경기대입구),삼성(무역센터),10,6
20250513,충정로(경기대입구),삼성(무역센터),11,5
20250513,충정로(경기대입구),삼성(무역센터),12,2
20250513,충정로(경기대입구),삼성(무역센터),13,7
20250513,충정로(경기대입구),삼성(무역센터),14,2
20250513,충정로(경기대입구),삼성(무역센터),16,5
20250513,충정로(경기대입구),삼성(무역센터),17,5
20250513,충정로(경기대입구),삼성(무역센터),18,8
20250513,충정로(경기대입구),삼성(무역센터),21,1
20250513,충정로(경기대입구),삼성(무역센터),23,1
20250513,충정로(경기대입구),상왕십리,5,1
20250513,충정로(경기대입구),상왕십리,7,3
20250513,충정로(경기대입구),상왕십리,8,8
20250513,충정로(경기대입구),상왕십리,9,2
20250513,충정로(경기대입구),상왕십리,10,4
20250513,충정로(경기대입구),상왕십리,12,2
20250513,충정로(경기대입구),상왕십리,13,2
20250513,충정로(경기대입구),상왕십리,14,2
20250513,충정로(경기대입구),상왕십리,15,4
20250513,충정로(경기대입구),상왕십리,16,7
20250513,충정로(경기대입구),상왕십리,17,11
20250513,충정로(경기대입구),상왕십리,18,18
20250513,충정로(경기대입구),상왕십리,19,11
20250513,충정로(경기대입구),상왕십리,20,6
20250513,충정로(경기대입구),상왕십리,21,5
20250513,충정로(경기대입구),서울대입구(관악구청),7,2
20250513,충정로(경기대입구),서울대입구(관악구청),8,4
20250513,충정로(경기대입구),서울대입구(관악구청),9,3
20250513,충정로(경기대입구),서울대입구(관악구청),10,1
20250513,충정로(경기대입구),서울대입구(관악구청),11,3
20250513,충정로(경기대입구),서울대입구(관악구청),13,3
20250513,충정로(경기대입구),서울대입구(관악구청),14,1
20250513,충정로(경기대입구),서울대입구(관악구청),15,1
20250513,충정로(경기대입구),서울대입구(관악구청),16,4
20250513,충정로(경기대입구),서울대입구(관악구청),17,18
20250513,충정로(경기대입구),서울대입구(관악구청),18,16
20250513,충정로(경기대입구),서울대입구(관악구청),19,3
20250513,충정로(경기대입구),서울대입구(관악구청),20,6
20250513,충정로(경기대입구),서울대입구(관악구청),23,1
20250513,충정로(경기대입구),서초,4,1
20250513,충정로(경기대입구),서초,7,1
20250513,충정로(경기대입구),서초,8,1
20250513,충정로(경기대입구),서초,10,1
20250513,충정로(경기대입구),서초,11,2
20250513,충정로(경기대입구),서초,12,1
20250513,충정로(경기대입구),서초,13,3
20250513,충정로(경기대입구),서초,15,2
20250513,충정로(경기대입구),서초,17,1
20250513,충정로(경기대입구),서초,19,1
20250513,충정로(경기대입구),선릉,5,2
20250513,충정로(경기대입구),선릉,6,2
20250513,충정로(경기대입구),선릉,7,14
20250513,충정로(경기대입구),선릉,8,15
20250513,충정로(경기대입구),선릉,9,4
20250513,충정로(경기대입구),선릉,10,2
20250513,충정로(경기대입구),선릉,11,2
20250513,충정로(경기대입구),선릉,13,4
20250513,충정로(경기대입구),선릉,14,1
20250513,충정로(경기대입구),선릉,15,1
20250513,충정로(경기대입구),선릉,16,1
20250513,충정로(경기대입구),선릉,17,3
20250513,충정로(경기대입구),선릉,18,1
20250513,충정로(경기대입구),선릉,19,1
20250513,충정로(경기대입구),선릉,20,2
20250513,충정로(경기대입구),선릉,23,1
20250513,충정로(경기대입구),성수,0,1
20250513,충정로(경기대입구),성수,5,5
20250513,충정로(경기대입구),성수,6,7
20250513,충정로(경기대입구),성수,7,22
20250513,충정로(경기대입구),성수,8,30
20250513,충정로(경기대입구),성수,9,7
20250513,충정로(경기대입구),성수,10,6
20250513,충정로(경기대입구),성수,11,13
20250513,충정로(경기대입구),성수,12,4
20250513,충정로(경기대입구),성수,13,9
20250513,충정로(경기대입구),성수,14,2
20250513,충정로(경기대입구),성수,15,8
20250513,충정로(경기대입구),성수,16,5
20250513,충정로(경기대입구),성수,17,7
20250513,충정로(경기대입구),성수,18,10
20250513,충정로(경기대입구),성수,19,4
20250513,충정로(경기대입구),성수,20,3
20250513,충정로(경기대입구),성수,21,1
20250513,충정로(경기대입구),성수,22,4
20250513,충정로(경기대입구),성수,23,1
20250513,충정로(경기대입구),시청,5,5
20250513,충정로(경기대입구),시청,6,6
20250513,충정로(경기대입구),시청,7,13
20250513,충정로(경기대입구),시청,8,39
20250513,충정로(경기대입구),시청,9,19
20250513,충정로(경기대입구),시청,10,7
20250513,충정로(경기대입구),시청,11,14
20250513,충정로(경기대입구),시청,12,15
20250513,충정로(경기대입구),시청,13,10
20250513,충정로(경기대입구),시청,14,5
20250513,충정로(경기대입구),시청,15,5
20250513,충정로(경기대입구),시청,16,1
20250513,충정로(경기대입구),시청,17,11
20250513,충정로(경기대입구),시청,18,9
20250513,충정로(경기대입구),시청,19,2
20250513,충정로(경기대입구),시청,20,2
20250513,충정로(경기대입구),시청,21,1
20250513,충정로(경기대입구),시청,22,1
20250513,충정로(경기대입구),신당,5,2
20250513,충정로(경기대입구),신당,6,7
20250513,충정로(경기대입구),신당,7,14
20250513,충정로(경기대입구),신당,8,21
20250513,충정로(경기대입구),신당,9,14
20250513,충정로(경기대입구),신당,10,13
20250513,충정로(경기대입구),신당,11,3
20250513,충정로(경기대입구),신당,12,10
20250513,충정로(경기대입구),신당,13,6
20250513,충정로(경기대입구),신당,14,6
20250513,충정로(경기대입구),신당,15,5
20250513,충정로(경기대입구),신당,16,20
20250513,충정로(경기대입구),신당,17,18
20250513,충정로(경기대입구),신당,18,22
20250513,충정로(경기대입구),신당,19,6
20250513,충정로(경기대입구),신당,20,6
20250513,충정로(경기대입구),신당,21,4
20250513,충정로(경기대입구),신당,22,3
20250513,충정로(경기대입구),신당,23,2
20250513,충정로(경기대입구),신대방,5,1
20250513,충정로(경기대입구),신대방,6,1
20250513,충정로(경기대입구),신대방,7,3
20250513,충정로(경기대입구),신대방,10,1
20250513,충정로(경기대입구),신대방,11,1
20250513,충정로(경기대입구),신대방,12,1
20250513,충정로(경기대입구),신대방,15,4
20250513,충정로(경기대입구),신대방,16,1
20250513,충정로(경기대입구),신대방,17,19
20250513,충정로(경기대입구),신대방,18,25
20250513,충정로(경기대입구),신대방,19,8
20250513,충정로(경기대입구),신대방,20,7
20250513,충정로(경기대입구),신대방,21,5
20250513,충정로(경기대입구),신대방,22,2
20250513,충정로(경기대입구),신도림,6,2
20250513,충정로(경기대입구),신도림,7,4
20250513,충정로(경기대입구),신도림,8,6
20250513,충정로(경기대입구),신도림,9,7
20250513,충정로(경기대입구),신도림,12,4
20250513,충정로(경기대입구),신도림,13,3
20250513,충정로(경기대입구),신도림,14,6
20250513,충정로(경기대입구),신도림,15,1
20250513,충정로(경기대입구),신도림,16,10
20250513,충정로(경기대입구),신도림,17,33
20250513,충정로(경기대입구),신도림,18,61
20250513,충정로(경기대입구),신도림,19,13
20250513,충정로(경기대입구),신도림,20,14
20250513,충정로(경기대입구),신도림,21,17
20250513,충정로(경기대입구),신도림,22,4
20250513,충정로(경기대입구),신도림,23,3
20250513,충정로(경기대입구),신림,6,2
20250513,충정로(경기대입구),신림,7,4
20250513,충정로(경기대입구),신림,8,1
20250513,충정로(경기대입구),신림,9,1
20250513,충정로(경기대입구),신림,10,1
20250513,충정로(경기대입구),신림,12,6
20250513,충정로(경기대입구),신림,13,5
20250513,충정로(경기대입구),신림,14,3
20250513,충정로(경기대입구),신림,15,6
20250513,충정로(경기대입구),신림,16,6
20250513,충정로(경기대입구),신림,17,22
20250513,충정로(경기대입구),신림,18,34
20250513,충정로(경기대입구),신림,19,16
20250513,충정로(경기대입구),신림,20,7
20250513,충정로(경기대입구),신림,21,12
20250513,충정로(경기대입구),신림,22,9
20250513,충정로(경기대입구),신림,23,2
20250513,충정로(경기대입구),신촌,0,1
20250513,충정로(경기대입구),신촌,5,2
20250513,충정로(경기대입구),신촌,6,2
20250513,충정로(경기대입구),신촌,7,16
20250513,충정로(경기대입구),신촌,8,27
20250513,충정로(경기대입구),신촌,9,23
20250513,충정로(경기대입구),신촌,10,19
20250513,충정로(경기대입구),신촌,11,14
20250513,충정로(경기대입구),신촌,12,15
20250513,충정로(경기대입구),신촌,13,18
20250513,충정로(경기대입구),신촌,14,16
20250513,충정로(경기대입구),신촌,15,11
20250513,충정로(경기대입구),신촌,16,18
20250513,충정로(경기대입구),신촌,17,39
20250513,충정로(경기대입구),신촌,18,74
20250513,충정로(경기대입구),신촌,19,30
20250513,충정로(경기대입구),신촌,20,15
20250513,충정로(경기대입구),신촌,21,3
20250513,충정로(경기대입구),신촌,22,7
20250513,충정로(경기대입구),신촌,23,3
20250513,충정로(경기대입구),아현,0,2
20250513,충정로(경기대입구),아현,5,3
20250513,충정로(경기대입구),아현,6,1
20250513,충정로(경기대입구),아현,7,5
20250513,충정로(경기대입구),아현,8,7
20250513,충정로(경기대입구),아현,9,9
20250513,충정로(경기대입구),아현,10,10
20250513,충정로(경기대입구),아현,11,17
20250513,충정로(경기대입구),아현,12,8
20250513,충정로(경기대입구),아현,13,8
20250513,충정로(경기대입구),아현,14,18
20250513,충정로(경기대입구),아현,15,12
20250513,충정로(경기대입구),아현,16,9
20250513,충정로(경기대입구),아현,17,6
20250513,충정로(경기대입구),아현,18,7
20250513,충정로(경기대입구),아현,19,6
20250513,충정로(경기대입구),아현,20,3
20250513,충정로(경기대입구),아현,21,4
20250513,충정로(경기대입구),아현,22,1
20250513,충정로(경기대입구),아현,23,1
20250513,충정로(경기대입구),역삼,5,2
20250513,충정로(경기대입구),역삼,6,5
20250513,충정로(경기대입구),역삼,7,18
20250513,충정로(경기대입구),역삼,8,20
20250513,충정로(경기대입구),역삼,9,12
20250513,충정로(경기대입구),역삼,10,1
20250513,충정로(경기대입구),역삼,11,2
20250513,충정로(경기대입구),역삼,14,1
20250513,충정로(경기대입구),역삼,15,1
20250513,충정로(경기대입구),역삼,16,1
20250513,충정로(경기대입구),역삼,17,7
20250513,충정로(경기대입구),역삼,18,4
20250513,충정로(경기대입구),역삼,19,1
20250513,충정로(경기대입구),역삼,22,1
20250513,충정로(경기대입구),영등포구청,5,2
20250513,충정로(경기대입구),영등포구청,6,3
20250513,충정로(경기대입구),영등포구청,7,4
20250513,충정로(경기대입구),영등포구청,8,11
20250513,충정로(경기대입구),영등포구청,9,4
20250513,충정로(경기대입구),영등포구청,10,5
20250513,충정로(경기대입구),영등포구청,12,1
20250513,충정로(경기대입구),영등포구청,13,4
20250513,충정로(경기대입구),영등포구청,14,2
20250513,충정로(경기대입구),영등포구청,15,7
20250513,충정로(경기대입구),영등포구청,16,3
20250513,충정로(경기대입구),영등포구청,17,15
20250513,충정로(경기대입구),영등포구청,18,22
20250513,충정로(경기대입구),영등포구청,19,2
20250513,충정로(경기대입구),영등포구청,20,5
20250513,충정로(경기대입구),영등포구청,21,3
20250513,충정로(경기대입구),영등포구청,22,3
20250513,충정로(경기대입구),영등포구청,23,2
20250513,충정로(경기대입구),왕십리(성동구청),0,2
20250513,충정로(경기대입구),왕십리(성동구청),5,1
20250513,충정로(경기대입구),왕십리(성동구청),6,1
20250513,충정로(경기대입구),왕십리(성동구청),7,3
20250513,충정로(경기대입구),왕십리(성동구청),8,6
20250513,충정로(경기대입구),왕십리(성동구청),9,5
20250513,충정로(경기대입구),왕십리(성동구청),10,1
20250513,충정로(경기대입구),왕십리(성동구청),11,7
20250513,충정로(경기대입구),왕십리(성동구청),13,1
20250513,충정로(경기대입구),왕십리(성동구청),14,3
20250513,충정로(경기대입구),왕십리(성동구청),15,16
20250513,충정로(경기대입구),왕십리(성동구청),16,4
20250513,충정로(경기대입구),왕십리(성동구청),17,9
20250513,충정로(경기대입구),왕십리(성동구청),18,23
20250513,충정로(경기대입구),왕십리(성동구청),19,7
20250513,충정로(경기대입구),왕십리(성동구청),20,4
20250513,충정로(경기대입구),왕십리(성동구청),21,1
20250513,충정로(경기대입구),왕십리(성동구청),22,1
20250513,충정로(경기대입구),왕십리(성동구청),23,1
20250513,충정로(경기대입구),용두(동대문구청),12,1
20250513,충정로(경기대입구),을지로3가,5,1
20250513,충정로(경기대입구),을지로3가,6,9
20250513,충정로(경기대입구),을지로3가,7,31
20250513,충정로(경기대입구),을지로3가,8,56
20250513,충정로(경기대입구),을지로3가,9,24
20250513,충정로(경기대입구),을지로3가,10,11
20250513,충정로(경기대입구),을지로3가,11,19
20250513,충정로(경기대입구),을지로3가,12,5
20250513,충정로(경기대입구),을지로3가,13,12
20250513,충정로(경기대입구),을지로3가,14,14
20250513,충정로(경기대입구),을지로3가,15,14
20250513,충정로(경기대입구),을지로3가,16,8
20250513,충정로(경기대입구),을지로3가,17,13
20250513,충정로(경기대입구),을지로3가,18,22
20250513,충정로(경기대입구),을지로3가,19,5
20250513,충정로(경기대입구),을지로3가,20,6
20250513,충정로(경기대입구),을지로3가,21,1
20250513,충정로(경기대입구),을지로3가,22,3
20250513,충정로(경기대입구),을지로3가,23,1
20250513,충정로(경기대입구),을지로4가,5,4
20250513,충정로(경기대입구),을지로4가,6,7
20250513,충정로(경기대입구),을지로4가,7,19
20250513,충정로(경기대입구),을지로4가,8,33
20250513,충정로(경기대입구),을지로4가,9,11
20250513,충정로(경기대입구),을지로4가,10,10
20250513,충정로(경기대입구),을지로4가,11,5
20250513,충정로(경기대입구),을지로4가,12,9
20250513,충정로(경기대입구),을지로4가,13,17
20250513,충정로(경기대입구),을지로4가,14,12
20250513,충정로(경기대입구),을지로4가,15,7
20250513,충정로(경기대입구),을지로4가,16,8
20250513,충정로(경기대입구),을지로4가,17,5
20250513,충정로(경기대입구),을지로4가,18,5
20250513,충정로(경기대입구),을지로4가,19,5
20250513,충정로(경기대입구),을지로4가,20,2
20250513,충정로(경기대입구),을지로4가,21,1
20250513,충정로(경기대입구),을지로4가,22,1
20250513,충정로(경기대입구),을지로입구,0,1
20250513,충정로(경기대입구),을지로입구,5,2
20250513,충정로(경기대입구),을지로입구,6,13
20250513,충정로(경기대입구),을지로입구,7,80
20250513,충정로(경기대입구),을지로입구,8,123
20250513,충정로(경기대입구),을지로입구,9,54
20250513,충정로(경기대입구),을지로입구,10,25
20250513,충정로(경기대입구),을지로입구,11,34
20250513,충정로(경기대입구),을지로입구,12,25
20250513,충정로(경기대입구),을지로입구,13,30
20250513,충정로(경기대입구),을지로입구,14,15
20250513,충정로(경기대입구),을지로입구,15,28
20250513,충정로(경기대입구),을지로입구,16,20
20250513,충정로(경기대입구),을지로입구,17,26
20250513,충정로(경기대입구),을지로입구,18,49
20250513,충정로(경기대입구),을지로입구,19,11
20250513,충정로(경기대입구),을지로입구,20,11
20250513,충정로(경기대입구),을지로입구,21,4
20250513,충정로(경기대입구),을지로입구,23,1
20250513,충정로(경기대입구),이대,0,2
20250513,충정로(경기대입구),이대,5,1
20250513,충정로(경기대입구),이대,6,1
20250513,충정로(경기대입구),이대,7,3
20250513,충정로(경기대입구),이대,8,10
20250513,충정로(경기대입구),이대,9,11
20250513,충정로(경기대입구),이대,10,7
20250513,충정로(경기대입구),이대,11,11
20250513,충정로(경기대입구),이대,12,3
20250513,충정로(경기대입구),이대,13,14
20250513,충정로(경기대입구),이대,14,8
20250513,충정로(경기대입구),이대,15,12
20250513,충정로(경기대입구),이대,16,13
20250513,충정로(경기대입구),이대,17,16
20250513,충정로(경기대입구),이대,18,25
20250513,충정로(경기대입구),이대,19,10
20250513,충정로(경기대입구),이대,20,3
20250513,충정로(경기대입구),이대,21,4
20250513,충정로(경기대입구),이대,22,2
20250513,충정로(경기대입구),이대,23,3
20250513,충정로(경기대입구),잠실(송파구청),6,9
20250513,충정로(경기대입구),잠실(송파구청),7,13
20250513,충정로(경기대입구),잠실(송파구청),8,16
20250513,충정로(경기대입구),잠실(송파구청),9,6
20250513,충정로(경기대입구),잠실(송파구청),10,10
20250513,충정로(경기대입구),잠실(송파구청),11,3
20250513,충정로(경기대입구),잠실(송파구청),12,2
20250513,충정로(경기대입구),잠실(송파구청),13,5
20250513,충정로(경기대입구),잠실(송파구청),14,10
20250513,충정로(경기대입구),잠실(송파구청),15,5
20250513,충정로(경기대입구),잠실(송파구청),16,5
20250513,충정로(경기대입구),잠실(송파구청),17,30
20250513,충정로(경기대입구),잠실(송파구청),18,41
20250513,충정로(경기대입구),잠실(송파구청),19,14
20250513,충정로(경기대입구),잠실(송파구청),20,6
20250513,충정로(경기대입구),잠실(송파구청),21,2
20250513,충정로(경기대입구),잠실(송파구청),22,8
20250513,충정로(경기대입구),잠실나루,5,2
20250513,충정로(경기대입구),잠실나루,6,1
20250513,충정로(경기대입구),잠실나루,7,6
20250513,충정로(경기대입구),잠실나루,8,1
20250513,충정로(경기대입구),잠실나루,9,4
20250513,충정로(경기대입구),잠실나루,11,3
20250513,충정로(경기대입구),잠실나루,13,1
20250513,충정로(경기대입구),잠실나루,14,4
20250513,충정로(경기대입구),잠실나루,15,2
20250513,충정로(경기대입구),잠실나루,16,3
20250513,충정로(경기대입구),잠실나루,17,5
20250513,충정로(경기대입구),잠실나루,18,10
20250513,충정로(경기대입구),잠실나루,19,3
20250513,충정로(경기대입구),잠실나루,20,2
20250513,충정로(경기대입구),잠실나루,22,1
20250513,충정로(경기대입구),잠실새내,6,1
20250513,충정로(경기대입구),잠실새내,8,4
20250513,충정로(경기대입구),잠실새내,10,3
20250513,충정로(경기대입구),잠실새내,11,1
20250513,충정로(경기대입구),잠실새내,12,2
20250513,충정로(경기대입구),잠실새내,13,1
20250513,충정로(경기대입구),잠실새내,14,2
20250513,충정로(경기대입구),잠실새내,15,1
20250513,충정로(경기대입구),잠실새내,16,2
20250513,충정로(경기대입구),잠실새내,17,5
20250513,충정로(경기대입구),잠실새내,18,11
20250513,충정로(경기대입구),잠실새내,19,2
20250513,충정로(경기대입구),잠실새내,20,3
20250513,충정로(경기대입구),잠실새내,21,3
20250513,충정로(경기대입구),잠실새내,22,1
20250513,충정로(경기대입구),잠실새내,23,2
20250513,충정로(경기대입구),종합운동장,5,3
20250513,충정로(경기대입구),종합운동장,6,1
20250513,충정로(경기대입구),종합운동장,7,1
20250513,충정로(경기대입구),종합운동장,10,2
20250513,충정로(경기대입구),종합운동장,16,8
20250513,충정로(경기대입구),종합운동장,17,10
20250513,충정로(경기대입구),종합운동장,18,3
20250513,충정로(경기대입구),종합운동장,19,4
20250513,충정로(경기대입구),종합운동장,21,1
20250513,충정로(경기대입구),충정로(경기대입구),5,1
20250513,충정로(경기대입구),충정로(경기대입구),6,1
20250513,충정로(경기대입구),충정로(경기대입구),7,4
20250513,충정로(경기대입구),충정로(경기대입구),8,5
20250513,충정로(경기대입구),충정로(경기대입구),9,3
20250513,충정로(경기대입구),충정로(경기대입구),10,7
20250513,충정로(경기대입구),충정로(경기대입구),11,5
20250513,충정로(경기대입구),충정로(경기대입구),12,2
20250513,충정로(경기대입구),충정로(경기대입구),13,7
20250513,충정로(경기대입구),충정로(경기대입구),14,23
20250513,충정로(경기대입구),충정로(경기대입구),15,11
20250513,충정로(경기대입구),충정로(경기대입구),16,8
20250513,충정로(경기대입구),충정로(경기대입구),17,5
20250513,충정로(경기대입구),충정로(경기대입구),18,8
20250513,충정로(경기대입구),충정로(경기대입구),19,1
20250513,충정로(경기대입구),충정로(경기대입구),20,4
20250513,충정로(경기대입구),충정로(경기대입구),21,4
20250513,충정로(경기대입구),충정로(경기대입구),22,5
20250513,충정로(경기대입구),충정로(경기대입구),23,2
20250513,충정로(경기대입구),한양대,6,4
20250513,충정로(경기대입구),한양대,7,6
20250513,충정로(경기대입구),한양대,8,13
20250513,충정로(경기대입구),한양대,9,8
20250513,충정로(경기대입구),한양대,10,9
20250513,충정로(경기대입구),한양대,11,3
20250513,충정로(경기대입구),한양대,12,7
20250513,충정로(경기대입구),한양대,13,2
20250513,충정로(경기대입구),한양대,15,3
20250513,충정로(경기대입구),한양대,16,2
20250513,충정로(경기대입구),한양대,17,6
20250513,충정로(경기대입구),한양대,18,8
20250513,충정로(경기대입구),한양대,19,1
20250513,충정로(경기대입구),한양대,20,3
20250513,충정로(경기대입구),한양대,21,1
20250513,충정로(경기대입구),합정,0,2
20250513,충정로(경기대입구),합정,6,2
20250513,충정로(경기대입구),합정,7,6
20250513,충정로(경기대입구),합정,8,16
20250513,충정로(경기대입구),합정,9,16
20250513,충정로(경기대입구),합정,10,4
20250513,충정로(경기대입구),합정,11,10
20250513,충정로(경기대입구),합정,12,9
20250513,충정로(경기대입구),합정,13,7
20250513,충정로(경기대입구),합정,14,6
20250513,충정로(경기대입구),합정,15,5
20250513,충정로(경기대입구),합정,16,21
20250513,충정로(경기대입구),합정,17,30
20250513,충정로(경기대입구),합정,18,65
20250513,충정로(경기대입구),합정,19,18
20250513,충정로(경기대입구),합정,20,7
20250513,충정로(경기대입구),합정,21,4
20250513,충정로(경기대입구),합정,22,3
20250513,충정로(경기대입구),합정,23,2
20250513,충정로(경기대입구),홍대입구,0,6
20250513,충정로(경기대입구),홍대입구,5,3
20250513,충정로(경기대입구),홍대입구,6,7
20250513,충정로(경기대입구),홍대입구,7,10
20250513,충정로(경기대입구),홍대입구,8,10
20250513,충정로(경기대입구),홍대입구,9,17
20250513,충정로(경기대입구),홍대입구,10,16
20250513,충정로(경기대입구),홍대입구,11,11
20250513,충정로(경기대입구),홍대입구,12,13
20250513,충정로(경기대입구),홍대입구,13,23
20250513,충정로(경기대입구),홍대입구,14,12
20250513,충정로(경기대입구),홍대입구,15,13
20250513,충정로(경기대입구),홍대입구,16,26
20250513,충정로(경기대입구),홍대입구,17,52
20250513,충정로(경기대입구),홍대입구,18,54
20250513,충정로(경기대입구),홍대입구,19,24
20250513,충정로(경기대입구),홍대입구,20,8
20250513,충정로(경기대입구),홍대입구,21,17
20250513,충정로(경기대입구),홍대입구,22,6
20250513,충정로(경기대입구),홍대입구,23,1
20250513,한양대,강남,0,3
20250513,한양대,강남,6,3
20250513,한양대,강남,7,2
20250513,한양대,강남,8,7
20250513,한양대,강남,9,2
20250513,한양대,강남,10,7
20250513,한양대,강남,11,6
20250513,한양대,강남,12,17
20250513,한양대,강남,13,14
20250513,한양대,강남,14,16
20250513,한양대,강남,15,33
20250513,한양대,강남,16,39
20250513,한양대,강남,17,56
20250513,한양대,강남,18,36
20250513,한양대,강남,19,15
20250513,한양대,강남,20,11
20250513,한양대,강남,21,17
20250513,한양대,강남,22,5
20250513,한양대,강남,23,2
20250513,한양대,강변(동서울터미널),0,1
20250513,한양대,강변(동서울터미널),5,1
20250513,한양대,강변(동서울터미널),6,3
20250513,한양대,강변(동서울터미널),7,2
20250513,한양대,강변(동서울터미널),8,5
20250513,한양대,강변(동서울터미널),9,4
20250513,한양대,강변(동서울터미널),10,4
20250513,한양대,강변(동서울터미널),11,13
20250513,한양대,강변(동서울터미널),12,8
20250513,한양대,강변(동서울터미널),13,11
20250513,한양대,강변(동서울터미널),14,17
20250513,한양대,강변(동서울터미널),15,21
20250513,한양대,강변(동서울터미널),16,45
20250513,한양대,강변(동서울터미널),17,61
20250513,한양대,강변(동서울터미널),18,35
20250513,한양대,강변(동서울터미널),19,11
20250513,한양대,강변(동서울터미널),20,11
20250513,한양대,강변(동서울터미널),21,18
20250513,한양대,강변(동서울터미널),22,12
20250513,한양대,강변(동서울터미널),23,4
20250513,한양대,건대입구,0,6
20250513,한양대,건대입구,6,1
20250513,한양대,건대입구,7,1
20250513,한양대,건대입구,8,6
20250513,한양대,건대입구,9,4
20250513,한양대,건대입구,10,16
20250513,한양대,건대입구,11,32
20250513,한양대,건대입구,12,60
20250513,한양대,건대입구,13,30
20250513,한양대,건대입구,14,61
20250513,한양대,건대입구,15,76
20250513,한양대,건대입구,16,98
20250513,한양대,건대입구,17,150
20250513,한양대,건대입구,18,85
20250513,한양대,건대입구,19,53
20250513,한양대,건대입구,20,46
20250513,한양대,건대입구,21,48
20250513,한양대,건대입구,22,29
20250513,한양대,건대입구,23,16
20250513,한양대,교대(법원.검찰청),7,2
20250513,한양대,교대(법원.검찰청),8,2
20250513,한양대,교대(법원.검찰청),10,1
20250513,한양대,교대(법원.검찰청),11,1
20250513,한양대,교대(법원.검찰청),12,6
20250513,한양대,교대(법원.검찰청),13,5
20250513,한양대,교대(법원.검찰청),14,4
20250513,한양대,교대(법원.검찰청),15,10
20250513,한양대,교대(법원.검찰청),16,8
20250513,한양대,교대(법원.검찰청),17,11
20250513,한양대,교대(법원.검찰청),18,6
20250513,한양대,교대(법원.검찰청),19,5
20250513,한양대,교대(법원.검찰청),20,4
20250513,한양대,교대(법원.검찰청),21,4
20250513,한양대,교대(법원.검찰청),22,4
20250513,한양대,교대(법원.검찰청),23,3
20250513,한양대,구로디지털단지,6,1
20250513,한양대,구로디지털단지,7,3
20250513,한양대,구로디지털단지,8,3
20250513,한양대,구로디지털단지,11,4
20250513,한양대,구로디지털단지,12,5
20250513,한양대,구로디지털단지,13,1
20250513,한양대,구로디지털단지,14,9
20250513,한양대,구로디지털단지,15,9
20250513,한양대,구로디지털단지,16,20
20250513,한양대,구로디지털단지,17,26
20250513,한양대,구로디지털단지,18,11
20250513,한양대,구로디지털단지,19,14
20250513,한양대,구로디지털단지,20,8
20250513,한양대,구로디지털단지,21,12
20250513,한양대,구로디지털단지,22,3
20250513,한양대,구로디지털단지,23,2
20250513,한양대,구의(광진구청),0,2
20250513,한양대,구의(광진구청),6,1
20250513,한양대,구의(광진구청),7,9
20250513,한양대,구의(광진구청),8,5
20250513,한양대,구의(광진구청),9,4
20250513,한양대,구의(광진구청),10,7
20250513,한양대,구의(광진구청),11,7
20250513,한양대,구의(광진구청),12,8
20250513,한양대,구의(광진구청),13,11
20250513,한양대,구의(광진구청),14,20
20250513,한양대,구의(광진구청),15,17
20250513,한양대,구의(광진구청),16,42
20250513,한양대,구의(광진구청),17,39
20250513,한양대,구의(광진구청),18,36
20250513,한양대,구의(광진구청),19,22
20250513,한양대,구의(광진구청),20,31
20250513,한양대,구의(광진구청),21,37
20250513,한양대,구의(광진구청),22,21
20250513,한양대,구의(광진구청),23,7
20250513,한양대,낙성대,7,1
20250513,한양대,낙성대,8,1
20250513,한양대,낙성대,11,2
20250513,한양대,낙성대,12,2
20250513,한양대,낙성대,13,2
20250513,한양대,낙성대,14,2
20250513,한양대,낙성대,15,2
20250513,한양대,낙성대,16,4
20250513,한양대,낙성대,17,7
20250513,한양대,낙성대,18,8
20250513,한양대,낙성대,19,4
20250513,한양대,낙성대,20,6
20250513,한양대,낙성대,21,1
20250513,한양대,낙성대,22,1
20250513,한양대,낙성대,23,1
20250513,한양대,당산,6,1
20250513,한양대,당산,7,1
20250513,한양대,당산,8,2
20250513,한양대,당산,9,3
20250513,한양대,당산,10,2
20250513,한양대,당산,11,3
20250513,한양대,당산,12,3
20250513,한양대,당산,13,6
20250513,한양대,당산,14,7
20250513,한양대,당산,15,19
20250513,한양대,당산,16,26
20250513,한양대,당산,17,33
20250513,한양대,당산,18,19
20250513,한양대,당산,19,12
20250513,한양대,당산,20,11
20250513,한양대,당산,21,18
20250513,한양대,당산,22,3
20250513,한양대,당산,23,6
20250513,한양대,대림(구로구청),7,1
20250513,한양대,대림(구로구청),9,2
20250513,한양대,대림(구로구청),11,1
20250513,한양대,대림(구로구청),12,4
20250513,한양대,대림(구로구청),13,2
20250513,한양대,대림(구로구청),14,3
20250513,한양대,대림(구로구청),15,3
20250513,한양대,대림(구로구청),16,8
20250513,한양대,대림(구로구청),17,8
20250513,한양대,대림(구로구청),18,4
20250513,한양대,대림(구로구청),19,3
20250513,한양대,대림(구로구청),20,3
20250513,한양대,대림(구로구청),21,3
20250513,한양대,대림(구로구청),22,7
20250513,한양대,대림(구로구청),23,2
20250513,한양대,동대문역사문화공원,0,1
20250513,한양대,동대문역사문화공원,5,1
20250513,한양대,동대문역사문화공원,7,4
20250513,한양대,동대문역사문화공원,8,11
20250513,한양대,동대문역사문화공원,9,8
20250513,한양대,동대문역사문화공원,10,3
20250513,한양대,동대문역사문화공원,11,5
20250513,한양대,동대문역사문화공원,12,15
20250513,한양대,동대문역사문화공원,13,10
20250513,한양대,동대문역사문화공원,14,11
20250513,한양대,동대문역사문화공원,15,24
20250513,한양대,동대문역사문화공원,16,18
20250513,한양대,동대문역사문화공원,17,20
20250513,한양대,동대문역사문화공원,18,17
20250513,한양대,동대문역사문화공원,19,7
20250513,한양대,동대문역사문화공원,20,5
20250513,한양대,동대문역사문화공원,21,4
20250513,한양대,동대문역사문화공원,22,4
20250513,한양대,뚝섬,7,6
20250513,한양대,뚝섬,8,10
20250513,한양대,뚝섬,9,16
20250513,한양대,뚝섬,10,13
20250513,한양대,뚝섬,11,27
20250513,한양대,뚝섬,12,21
20250513,한양대,뚝섬,13,16
20250513,한양대,뚝섬,14,18
20250513,한양대,뚝섬,15,22
20250513,한양대,뚝섬,16,44
20250513,한양대,뚝섬,17,43
20250513,한양대,뚝섬,18,41
20250513,한양대,뚝섬,19,20
20250513,한양대,뚝섬,20,4
20250513,한양대,뚝섬,21,8
20250513,한양대,뚝섬,22,7
20250513,한양대,뚝섬,23,2
20250513,한양대,문래,0,1
20250513,한양대,문래,6,2
20250513,한양대,문래,7,5
20250513,한양대,문래,8,1
20250513,한양대,문래,10,1
20250513,한양대,문래,12,2
20250513,한양대,문래,13,5
20250513,한양대,문래,14,4
20250513,한양대,문래,15,2
20250513,한양대,문래,16,9
20250513,한양대,문래,17,10
20250513,한양대,문래,18,4
20250513,한양대,문래,19,5
20250513,한양대,문래,20,3
20250513,한양대,문래,21,2
20250513,한양대,문래,22,3
20250513,한양대,문래,23,2
20250513,한양대,방배,0,1
20250513,한양대,방배,8,1
20250513,한양대,방배,9,1
20250513,한양대,방배,11,1
20250513,한양대,방배,12,1
20250513,한양대,방배,13,1
20250513,한양대,방배,14,4
20250513,한양대,방배,15,1
20250513,한양대,방배,16,7
20250513,한양대,방배,17,6
20250513,한양대,방배,18,2
20250513,한양대,방배,19,2
20250513,한양대,방배,20,3
20250513,한양대,방배,21,2
20250513,한양대,방배,22,6
20250513,한양대,봉천,6,1
20250513,한양대,봉천,9,1
20250513,한양대,봉천,11,1
20250513,한양대,봉천,12,1
20250513,한양대,봉천,13,2
20250513,한양대,봉천,14,4
20250513,한양대,봉천,15,6
20250513,한양대,봉천,16,14
20250513,한양대,봉천,17,12
20250513,한양대,봉천,18,4
20250513,한양대,봉천,19,3
20250513,한양대,봉천,20,2
20250513,한양대,봉천,21,2
20250513,한양대,봉천,23,3
20250513,한양대,사당,0,1
20250513,한양대,사당,6,1
20250513,한양대,사당,8,1
20250513,한양대,사당,9,1
20250513,한양대,사당,11,2
20250513,한양대,사당,12,4
20250513,한양대,사당,13,5
20250513,한양대,사당,14,11
20250513,한양대,사당,15,15
20250513,한양대,사당,16,19
20250513,한양대,사당,17,20
20250513,한양대,사당,18,19
20250513,한양대,사당,19,14
20250513,한양대,사당,20,16
20250513,한양대,사당,21,21
20250513,한양대,사당,22,6
20250513,한양대,사당,23,3
20250513,한양대,삼성(무역센터),0,1
20250513,한양대,삼성(무역센터),5,1
20250513,한양대,삼성(무역센터),6,3
20250513,한양대,삼성(무역센터),7,8
20250513,한양대,삼성(무역센터),8,8
20250513,한양대,삼성(무역센터),9,3
20250513,한양대,삼성(무역센터),10,4
20250513,한양대,삼성(무역센터),11,5
20250513,한양대,삼성(무역센터),12,9
20250513,한양대,삼성(무역센터),13,3
20250513,한양대,삼성(무역센터),14,12
20250513,한양대,삼성(무역센터),15,12
20250513,한양대,삼성(무역센터),16,8
20250513,한양대,삼성(무역센터),17,25
20250513,한양대,삼성(무역센터),18,18
20250513,한양대,삼성(무역센터),19,8
20250513,한양대,삼성(무역센터),20,7
20250513,한양대,삼성(무역센터),21,4
20250513,한양대,삼성(무역센터),22,2
20250513,한양대,삼성(무역센터),23,1
20250513,한양대,상왕십리,0,3
20250513,한양대,상왕십리,6,2
20250513,한양대,상왕십리,7,1
20250513,한양대,상왕십리,8,4
20250513,한양대,상왕십리,9,4
20250513,한양대,상왕십리,10,3
20250513,한양대,상왕십리,11,24
20250513,한양대,상왕십리,12,21
20250513,한양대,상왕십리,13,12
20250513,한양대,상왕십리,14,14
20250513,한양대,상왕십리,15,37
20250513,한양대,상왕십리,16,67
20250513,한양대,상왕십리,17,38
20250513,한양대,상왕십리,18,38
20250513,한양대,상왕십리,19,44
20250513,한양대,상왕십리,20,25
20250513,한양대,상왕십리,21,13
20250513,한양대,상왕십리,22,10
20250513,한양대,상왕십리,23,6
20250513,한양대,서울대입구(관악구청),7,1
20250513,한양대,서울대입구(관악구청),8,2
20250513,한양대,서울대입구(관악구청),10,1
20250513,한양대,서울대입구(관악구청),11,4
20250513,한양대,서울대입구(관악구청),12,7
20250513,한양대,서울대입구(관악구청),13,10
20250513,한양대,서울대입구(관악구청),14,4
20250513,한양대,서울대입구(관악구청),15,7
20250513,한양대,서울대입구(관악구청),16,15
20250513,한양대,서울대입구(관악구청),17,26
20250513,한양대,서울대입구(관악구청),18,19
20250513,한양대,서울대입구(관악구청),19,10
20250513,한양대,서울대입구(관악구청),20,7
20250513,한양대,서울대입구(관악구청),21,9
20250513,한양대,서울대입구(관악구청),22,1
20250513,한양대,서초,7,2
20250513,한양대,서초,9,1
20250513,한양대,서초,12,3
20250513,한양대,서초,13,2
20250513,한양대,서초,14,2
20250513,한양대,서초,16,5
20250513,한양대,서초,17,8
20250513,한양대,서초,18,5
20250513,한양대,서초,19,4
20250513,한양대,서초,20,4
20250513,한양대,서초,21,4
20250513,한양대,서초,22,3
20250513,한양대,선릉,6,1
20250513,한양대,선릉,8,3
20250513,한양대,선릉,9,3
20250513,한양대,선릉,10,1
20250513,한양대,선릉,11,3
20250513,한양대,선릉,12,3
20250513,한양대,선릉,13,7
20250513,한양대,선릉,14,4
20250513,한양대,선릉,15,7
20250513,한양대,선릉,16,5
20250513,한양대,선릉,17,9
20250513,한양대,선릉,18,5
20250513,한양대,선릉,19,4
20250513,한양대,선릉,21,5
20250513,한양대,선릉,22,1
20250513,한양대,선릉,23,2
20250513,한양대,성수,0,2
20250513,한양대,성수,6,3
20250513,한양대,성수,7,4
20250513,한양대,성수,8,15
20250513,한양대,성수,9,15
20250513,한양대,성수,10,14
20250513,한양대,성수,11,38
20250513,한양대,성수,12,32
20250513,한양대,성수,13,43
20250513,한양대,성수,14,37
20250513,한양대,성수,15,63
20250513,한양대,성수,16,70
20250513,한양대,성수,17,79
20250513,한양대,성수,18,57
20250513,한양대,성수,19,15
20250513,한양대,성수,20,4
20250513,한양대,성수,21,9
20250513,한양대,성수,22,5
20250513,한양대,성수,23,4
20250513,한양대,시청,5,1
20250513,한양대,시청,6,6
20250513,한양대,시청,7,22
20250513,한양대,시청,8,30
20250513,한양대,시청,9,8
20250513,한양대,시청,10,3
20250513,한양대,시청,11,1
20250513,한양대,시청,12,10
20250513,한양대,시청,13,6
20250513,한양대,시청,14,4
20250513,한양대,시청,15,5
20250513,한양대,시청,16,17
20250513,한양대,시청,17,17
20250513,한양대,시청,18,7
20250513,한양대,시청,19,2
20250513,한양대,시청,20,3
20250513,한양대,시청,22,3
20250513,한양대,시청,23,2
20250513,한양대,신당,0,2
20250513,한양대,신당,6,2
20250513,한양대,신당,7,1
20250513,한양대,신당,8,6
20250513,한양대,신당,10,5
20250513,한양대,신당,11,7
20250513,한양대,신당,12,15
20250513,한양대,신당,13,7
20250513,한양대,신당,14,8
20250513,한양대,신당,15,19
20250513,한양대,신당,16,23
20250513,한양대,신당,17,27
20250513,한양대,신당,18,19
20250513,한양대,신당,19,12
20250513,한양대,신당,20,11
20250513,한양대,신당,21,5
20250513,한양대,신당,22,8
20250513,한양대,신당,23,4
20250513,한양대,신대방,0,1
20250513,한양대,신대방,7,1
20250513,한양대,신대방,10,1
20250513,한양대,신대방,11,1
20250513,한양대,신대방,12,1
20250513,한양대,신대방,13,1
20250513,한양대,신대방,14,3
20250513,한양대,신대방,15,3
20250513,한양대,신대방,16,9
20250513,한양대,신대방,17,11
20250513,한양대,신대방,18,5
20250513,한양대,신대방,19,3
20250513,한양대,신대방,20,4
20250513,한양대,신대방,21,4
20250513,한양대,신대방,22,1
20250513,한양대,신대방,23,2
20250513,한양대,신도림,0,2
20250513,한양대,신도림,6,1
20250513,한양대,신도림,7,2
20250513,한양대,신도림,10,2
20250513,한양대,신도림,11,5
20250513,한양대,신도림,12,3
20250513,한양대,신도림,13,8
20250513,한양대,신도림,14,8
20250513,한양대,신도림,15,14
20250513,한양대,신도림,16,18
20250513,한양대,신도림,17,22
20250513,한양대,신도림,18,17
20250513,한양대,신도림,19,18
20250513,한양대,신도림,20,8
20250513,한양대,신도림,21,25
20250513,한양대,신도림,22,5
20250513,한양대,신도림,23,3
20250513,한양대,신림,10,1
20250513,한양대,신림,11,2
20250513,한양대,신림,12,4
20250513,한양대,신림,13,4
20250513,한양대,신림,14,6
20250513,한양대,신림,15,4
20250513,한양대,신림,16,16
20250513,한양대,신림,17,25
20250513,한양대,신림,18,11
20250513,한양대,신림,19,3
20250513,한양대,신림,20,10
20250513,한양대,신림,21,9
20250513,한양대,신림,22,8
20250513,한양대,신림,23,2
20250513,한양대,신촌,0,5
20250513,한양대,신촌,5,1
20250513,한양대,신촌,6,3
20250513,한양대,신촌,7,4
20250513,한양대,신촌,8,7
20250513,한양대,신촌,9,11
20250513,한양대,신촌,10,3
20250513,한양대,신촌,11,10
20250513,한양대,신촌,12,26
20250513,한양대,신촌,13,18
20250513,한양대,신촌,14,22
20250513,한양대,신촌,15,34
20250513,한양대,신촌,16,48
20250513,한양대,신촌,17,58
20250513,한양대,신촌,18,53
20250513,한양대,신촌,19,21
20250513,한양대,신촌,20,17
20250513,한양대,신촌,21,17
20250513,한양대,신촌,22,14
20250513,한양대,신촌,23,4
20250513,한양대,아현,0,1
20250513,한양대,아현,7,1
20250513,한양대,아현,9,1
20250513,한양대,아현,10,1
20250513,한양대,아현,12,1
20250513,한양대,아현,14,5
20250513,한양대,아현,15,6
20250513,한양대,아현,16,15
20250513,한양대,아현,17,7
20250513,한양대,아현,18,10
20250513,한양대,아현,19,4
20250513,한양대,아현,20,8
20250513,한양대,아현,21,6
20250513,한양대,아현,22,5
20250513,한양대,아현,23,3
20250513,한양대,역삼,0,1
20250513,한양대,역삼,6,1
20250513,한양대,역삼,7,3
20250513,한양대,역삼,8,3
20250513,한양대,역삼,9,5
20250513,한양대,역삼,10,3
20250513,한양대,역삼,11,2
20250513,한양대,역삼,12,4
20250513,한양대,역삼,13,6
20250513,한양대,역삼,14,4
20250513,한양대,역삼,15,6
20250513,한양대,역삼,16,9
20250513,한양대,역삼,17,5
20250513,한양대,역삼,18,8
20250513,한양대,역삼,19,2
20250513,한양대,역삼,20,4
20250513,한양대,역삼,21,9
20250513,한양대,역삼,22,2
20250513,한양대,영등포구청,7,4
20250513,한양대,영등포구청,8,1
20250513,한양대,영등포구청,9,2
20250513,한양대,영등포구청,12,1
20250513,한양대,영등포구청,13,2
20250513,한양대,영등포구청,14,6
20250513,한양대,영등포구청,15,2
20250513,한양대,영등포구청,16,9
20250513,한양대,영등포구청,17,6
20250513,한양대,영등포구청,18,6
20250513,한양대,영등포구청,19,2
20250513,한양대,영등포구청,20,2
20250513,한양대,영등포구청,21,5
20250513,한양대,영등포구청,22,4
20250513,한양대,영등포구청,23,2
20250513,한양대,왕십리(성동구청),0,1
20250513,한양대,왕십리(성동구청),6,2
20250513,한양대,왕십리(성동구청),7,2
20250513,한양대,왕십리(성동구청),8,4
20250513,한양대,왕십리(성동구청),9,4
20250513,한양대,왕십리(성동구청),10,11
20250513,한양대,왕십리(성동구청),11,16
20250513,한양대,왕십리(성동구청),12,20
20250513,한양대,왕십리(성동구청),13,6
20250513,한양대,왕십리(성동구청),14,32
20250513,한양대,왕십리(성동구청),15,20
20250513,한양대,왕십리(성동구청),16,38
20250513,한양대,왕십리(성동구청),17,46
20250513,한양대,왕십리(성동구청),18,22
20250513,한양대,왕십리(성동구청),19,16
20250513,한양대,왕십리(성동구청),20,21
20250513,한양대,왕십리(성동구청),21,17
20250513,한양대,왕십리(성동구청),22,8
20250513,한양대,왕십리(성동구청),23,7
20250513,한양대,용두(동대문구청),0,1
20250513,한양대,용두(동대문구청),7,1
20250513,한양대,용두(동대문구청),13,1
20250513,한양대,용두(동대문구청),14,2
20250513,한양대,용두(동대문구청),17,1
20250513,한양대,용두(동대문구청),18,1
20250513,한양대,을지로3가,5,1
20250513,한양대,을지로3가,6,3
20250513,한양대,을지로3가,7,11
20250513,한양대,을지로3가,8,6
20250513,한양대,을지로3가,9,3
20250513,한양대,을지로3가,10,5
20250513,한양대,을지로3가,11,4
20250513,한양대,을지로3가,12,28
20250513,한양대,을지로3가,13,27
20250513,한양대,을지로3가,14,15
20250513,한양대,을지로3가,15,25
20250513,한양대,을지로3가,16,23
20250513,한양대,을지로3가,17,28
20250513,한양대,을지로3가,18,20
20250513,한양대,을지로3가,19,16
20250513,한양대,을지로3가,20,8
20250513,한양대,을지로3가,21,4
20250513,한양대,을지로3가,22,6
20250513,한양대,을지로3가,23,2
20250513,한양대,을지로4가,5,2
20250513,한양대,을지로4가,6,2
20250513,한양대,을지로4가,7,1
20250513,한양대,을지로4가,8,11
20250513,한양대,을지로4가,9,6
20250513,한양대,을지로4가,10,3
20250513,한양대,을지로4가,11,12
20250513,한양대,을지로4가,12,7
20250513,한양대,을지로4가,13,2
20250513,한양대,을지로4가,14,7
20250513,한양대,을지로4가,15,5
20250513,한양대,을지로4가,16,10
20250513,한양대,을지로4가,17,12
20250513,한양대,을지로4가,18,9
20250513,한양대,을지로4가,19,8
20250513,한양대,을지로4가,20,1
20250513,한양대,을지로4가,21,6
20250513,한양대,을지로4가,22,1
20250513,한양대,을지로입구,5,1
20250513,한양대,을지로입구,6,5
20250513,한양대,을지로입구,7,19
20250513,한양대,을지로입구,8,41
20250513,한양대,을지로입구,9,16
20250513,한양대,을지로입구,10,11
20250513,한양대,을지로입구,11,19
20250513,한양대,을지로입구,12,23
20250513,한양대,을지로입구,13,18
20250513,한양대,을지로입구,14,26
20250513,한양대,을지로입구,15,26
20250513,한양대,을지로입구,16,45
20250513,한양대,을지로입구,17,46
20250513,한양대,을지로입구,18,36
20250513,한양대,을지로입구,19,7
20250513,한양대,을지로입구,20,12
20250513,한양대,을지로입구,21,12
20250513,한양대,을지로입구,22,8
20250513,한양대,을지로입구,23,2
20250513,한양대,이대,6,1
20250513,한양대,이대,7,3
20250513,한양대,이대,8,4
20250513,한양대,이대,9,6
20250513,한양대,이대,10,5
20250513,한양대,이대,11,7
20250513,한양대,이대,12,4
20250513,한양대,이대,13,3
20250513,한양대,이대,14,9
20250513,한양대,이대,15,12
20250513,한양대,이대,16,16
20250513,한양대,이대,17,20
20250513,한양대,이대,18,15
20250513,한양대,이대,19,7
20250513,한양대,이대,20,11
20250513,한양대,이대,21,3
20250513,한양대,이대,22,5
20250513,한양대,이대,23,3
20250513,한양대,잠실(송파구청),0,8
20250513,한양대,잠실(송파구청),5,1
20250513,한양대,잠실(송파구청),6,1
20250513,한양대,잠실(송파구청),7,3
20250513,한양대,잠실(송파구청),8,14
20250513,한양대,잠실(송파구청),9,7
20250513,한양대,잠실(송파구청),10,10
20250513,한양대,잠실(송파구청),11,18
20250513,한양대,잠실(송파구청),12,34
20250513,한양대,잠실(송파구청),13,22
20250513,한양대,잠실(송파구청),14,46
20250513,한양대,잠실(송파구청),15,58
20250513,한양대,잠실(송파구청),16,114
20250513,한양대,잠실(송파구청),17,115
20250513,한양대,잠실(송파구청),18,71
20250513,한양대,잠실(송파구청),19,36
20250513,한양대,잠실(송파구청),20,51
20250513,한양대,잠실(송파구청),21,39
20250513,한양대,잠실(송파구청),22,20
20250513,한양대,잠실(송파구청),23,10
20250513,한양대,잠실나루,0,1
20250513,한양대,잠실나루,5,1
20250513,한양대,잠실나루,6,2
20250513,한양대,잠실나루,7,7
20250513,한양대,잠실나루,8,6
20250513,한양대,잠실나루,9,2
20250513,한양대,잠실나루,10,4
20250513,한양대,잠실나루,12,7
20250513,한양대,잠실나루,13,5
20250513,한양대,잠실나루,14,8
20250513,한양대,잠실나루,15,6
20250513,한양대,잠실나루,16,11
20250513,한양대,잠실나루,17,15
20250513,한양대,잠실나루,18,19
20250513,한양대,잠실나루,19,7
20250513,한양대,잠실나루,20,5
20250513,한양대,잠실나루,21,10
20250513,한양대,잠실나루,22,9
20250513,한양대,잠실나루,23,9
20250513,한양대,잠실새내,0,2
20250513,한양대,잠실새내,6,1
20250513,한양대,잠실새내,7,3
20250513,한양대,잠실새내,9,4
20250513,한양대,잠실새내,10,3
20250513,한양대,잠실새내,11,5
20250513,한양대,잠실새내,12,10
20250513,한양대,잠실새내,13,7
20250513,한양대,잠실새내,14,9
20250513,한양대,잠실새내,15,16
20250513,한양대,잠실새내,16,41
20250513,한양대,잠실새내,17,47
20250513,한양대,잠실새내,18,15
20250513,한양대,잠실새내,19,12
20250513,한양대,잠실새내,20,9
20250513,한양대,잠실새내,21,12
20250513,한양대,잠실새내,22,7
20250513,한양대,잠실새내,23,4
20250513,한양대,종합운동장,7,1
20250513,한양대,종합운동장,10,1
20250513,한양대,종합운동장,12,1
20250513,한양대,종합운동장,13,3
20250513,한양대,종합운동장,14,2
20250513,한양대,종합운동장,15,6
20250513,한양대,종합운동장,16,14
20250513,한양대,종합운동장,17,56
20250513,한양대,종합운동장,18,14
20250513,한양대,종합운동장,19,3
20250513,한양대,종합운동장,20,1
20250513,한양대,종합운동장,21,5
20250513,한양대,종합운동장,22,1
20250513,한양대,충정로(경기대입구),7,3
20250513,한양대,충정로(경기대입구),8,4
20250513,한양대,충정로(경기대입구),10,2
20250513,한양대,충정로(경기대입구),12,2
20250513,한양대,충정로(경기대입구),13,3
20250513,한양대,충정로(경기대입구),14,3
20250513,한양대,충정로(경기대입구),15,4
20250513,한양대,충정로(경기대입구),16,7
20250513,한양대,충정로(경기대입구),17,13
20250513,한양대,충정로(경기대입구),18,4
20250513,한양대,충정로(경기대입구),19,4
20250513,한양대,충정로(경기대입구),20,4
20250513,한양대,충정로(경기대입구),21,4
20250513,한양대,충정로(경기대입구),22,4
20250513,한양대,충정로(경기대입구),23,1
20250513,한양대,한양대,6,1
20250513,한양대,한양대,7,3
20250513,한양대,한양대,8,3
20250513,한양대,한양대,9,9
20250513,한양대,한양대,10,8
20250513,한양대,한양대,11,9
20250513,한양대,한양대,12,14
20250513,한양대,한양대,13,15
20250513,한양대,한양대,14,17
20250513,한양대,한양대,15,12
20250513,한양대,한양대,16,19
20250513,한양대,한양대,17,25
20250513,한양대,한양대,18,19
20250513,한양대,한양대,19,10
20250513,한양대,한양대,20,11
20250513,한양대,한양대,21,1
20250513,한양대,한양대,22,10
20250513,한양대,한양대,23,2
20250513,한양대,합정,5,1
20250513,한양대,합정,7,1
20250513,한양대,합정,8,7
20250513,한양대,합정,9,4
20250513,한양대,합정,10,3
20250513,한양대,합정,11,5
20250513,한양대,합정,12,6
20250513,한양대,합정,13,4
20250513,한양대,합정,14,10
20250513,한양대,합정,15,12
20250513,한양대,합정,16,18
20250513,한양대,합정,17,16
20250513,한양대,합정,18,22
20250513,한양대,합정,19,11
20250513,한양대,합정,20,10
20250513,한양대,합정,21,4
20250513,한양대,합정,22,4
20250513,한양대,합정,23,5
20250513,한양대,홍대입구,0,4
20250513,한양대,홍대입구,5,2
20250513,한양대,홍대입구,6,2
20250513,한양대,홍대입구,7,8
20250513,한양대,홍대입구,8,7
20250513,한양대,홍대입구,9,11
20250513,한양대,홍대입구,10,9
20250513,한양대,홍대입구,11,16
20250513,한양대,홍대입구,12,40
20250513,한양대,홍대입구,13,30
20250513,한양대,홍대입구,14,38
20250513,한양대,홍대입구,15,34
20250513,한양대,홍대입구,16,72
20250513,한양대,홍대입구,17,102
20250513,한양대,홍대입구,18,62
20250513,한양대,홍대입구,19,22
20250513,한양대,홍대입구,20,20
20250513,한양대,홍대입구,21,17
20250513,한양대,홍대입구,22,9
20250513,한양대,홍대입구,23,2
20250513,합정,강남,5,14
20250513,합정,강남,6,18
20250513,합정,강남,7,65
20250513,합정,강남,8,49
20250513,합정,강남,9,31
20250513,합정,강남,10,22
20250513,합정,강남,11,10
20250513,합정,강남,12,14
20250513,합정,강남,13,14
20250513,합정,강남,14,24
20250513,합정,강남,15,13
20250513,합정,강남,16,26
20250513,합정,강남,17,24
20250513,합정,강남,18,40
20250513,합정,강남,19,9
20250513,합정,강남,20,9
20250513,합정,강남,21,18
20250513,합정,강남,22,12
20250513,합정,강남,23,4
20250513,합정,강변(동서울터미널),5,3
20250513,합정,강변(동서울터미널),6,3
20250513,합정,강변(동서울터미널),7,4
20250513,합정,강변(동서울터미널),8,3
20250513,합정,강변(동서울터미널),9,8
20250513,합정,강변(동서울터미널),10,3
20250513,합정,강변(동서울터미널),11,7
20250513,합정,강변(동서울터미널),12,5
20250513,합정,강변(동서울터미널),13,1
20250513,합정,강변(동서울터미널),14,6
20250513,합정,강변(동서울터미널),15,5
20250513,합정,강변(동서울터미널),16,2
20250513,합정,강변(동서울터미널),17,10
20250513,합정,강변(동서울터미널),18,15
20250513,합정,강변(동서울터미널),19,12
20250513,합정,강변(동서울터미널),20,2
20250513,합정,강변(동서울터미널),21,7
20250513,합정,강변(동서울터미널),22,5
20250513,합정,강변(동서울터미널),23,4
20250513,합정,건대입구,0,3
20250513,합정,건대입구,5,3
20250513,합정,건대입구,6,3
20250513,합정,건대입구,7,11
20250513,합정,건대입구,8,8
20250513,합정,건대입구,9,7
20250513,합정,건대입구,10,6
20250513,합정,건대입구,11,2
20250513,합정,건대입구,12,10
20250513,합정,건대입구,13,12
20250513,합정,건대입구,14,5
20250513,합정,건대입구,15,7
20250513,합정,건대입구,16,5
20250513,합정,건대입구,17,23
20250513,합정,건대입구,18,43
20250513,합정,건대입구,19,28
20250513,합정,건대입구,20,17
20250513,합정,건대입구,21,19
20250513,합정,건대입구,22,15
20250513,합정,건대입구,23,13
20250513,합정,교대(법원.검찰청),0,1
20250513,합정,교대(법원.검찰청),5,3
20250513,합정,교대(법원.검찰청),6,4
20250513,합정,교대(법원.검찰청),7,11
20250513,합정,교대(법원.검찰청),8,13
20250513,합정,교대(법원.검찰청),9,6
20250513,합정,교대(법원.검찰청),10,8
20250513,합정,교대(법원.검찰청),11,8
20250513,합정,교대(법원.검찰청),12,4
20250513,합정,교대(법원.검찰청),13,10
20250513,합정,교대(법원.검찰청),14,6
20250513,합정,교대(법원.검찰청),15,4
20250513,합정,교대(법원.검찰청),16,10
20250513,합정,교대(법원.검찰청),17,8
20250513,합정,교대(법원.검찰청),18,14
20250513,합정,교대(법원.검찰청),19,6
20250513,합정,교대(법원.검찰청),20,3
20250513,합정,교대(법원.검찰청),21,3
20250513,합정,교대(법원.검찰청),22,4
20250513,합정,교대(법원.검찰청),23,1
20250513,합정,구로디지털단지,0,18
20250513,합정,구로디지털단지,4,1
20250513,합정,구로디지털단지,5,14
20250513,합정,구로디지털단지,6,20
20250513,합정,구로디지털단지,7,82
20250513,합정,구로디지털단지,8,100
20250513,합정,구로디지털단지,9,47
20250513,합정,구로디지털단지,10,18
20250513,합정,구로디지털단지,11,21
20250513,합정,구로디지털단지,12,33
20250513,합정,구로디지털단지,13,20
20250513,합정,구로디지털단지,14,24
20250513,합정,구로디지털단지,15,33
20250513,합정,구로디지털단지,16,52
20250513,합정,구로디지털단지,17,92
20250513,합정,구로디지털단지,18,195
20250513,합정,구로디지털단지,19,118
20250513,합정,구로디지털단지,20,115
20250513,합정,구로디지털단지,21,127
20250513,합정,구로디지털단지,22,98
20250513,합정,구로디지털단지,23,56
20250513,합정,구의(광진구청),0,1
20250513,합정,구의(광진구청),5,1
20250513,합정,구의(광진구청),6,5
20250513,합정,구의(광진구청),7,8
20250513,합정,구의(광진구청),8,4
20250513,합정,구의(광진구청),9,2
20250513,합정,구의(광진구청),10,1
20250513,합정,구의(광진구청),11,3
20250513,합정,구의(광진구청),12,3
20250513,합정,구의(광진구청),13,3
20250513,합정,구의(광진구청),14,5
20250513,합정,구의(광진구청),15,6
20250513,합정,구의(광진구청),16,7
20250513,합정,구의(광진구청),17,15
20250513,합정,구의(광진구청),18,28
20250513,합정,구의(광진구청),19,21
20250513,합정,구의(광진구청),20,9
20250513,합정,구의(광진구청),21,11
20250513,합정,구의(광진구청),22,15
20250513,합정,구의(광진구청),23,12
20250513,합정,낙성대,0,1
20250513,합정,낙성대,4,1
20250513,합정,낙성대,5,1
20250513,합정,낙성대,6,1
20250513,합정,낙성대,7,4
20250513,합정,낙성대,8,7
20250513,합정,낙성대,9,6
20250513,합정,낙성대,10,8
20250513,합정,낙성대,11,3
20250513,합정,낙성대,12,5
20250513,합정,낙성대,13,4
20250513,합정,낙성대,14,5
20250513,합정,낙성대,15,11
20250513,합정,낙성대,16,11
20250513,합정,낙성대,17,23
20250513,합정,낙성대,18,44
20250513,합정,낙성대,19,24
20250513,합정,낙성대,20,23
20250513,합정,낙성대,21,20
20250513,합정,낙성대,22,32
20250513,합정,낙성대,23,13
20250513,합정,당산,0,4
20250513,합정,당산,5,5
20250513,합정,당산,6,6
20250513,합정,당산,7,16
20250513,합정,당산,8,41
20250513,합정,당산,9,13
20250513,합정,당산,10,9
20250513,합정,당산,11,19
20250513,합정,당산,12,26
20250513,합정,당산,13,27
20250513,합정,당산,14,21
20250513,합정,당산,15,29
20250513,합정,당산,16,30
20250513,합정,당산,17,44
20250513,합정,당산,18,85
20250513,합정,당산,19,57
20250513,합정,당산,20,50
20250513,합정,당산,21,46
20250513,합정,당산,22,39
20250513,합정,당산,23,18
20250513,합정,대림(구로구청),0,3
20250513,합정,대림(구로구청),5,6
20250513,합정,대림(구로구청),6,5
20250513,합정,대림(구로구청),7,20
20250513,합정,대림(구로구청),8,25
20250513,합정,대림(구로구청),9,13
20250513,합정,대림(구로구청),10,16
20250513,합정,대림(구로구청),11,7
20250513,합정,대림(구로구청),12,11
20250513,합정,대림(구로구청),13,11
20250513,합정,대림(구로구청),14,13
20250513,합정,대림(구로구청),15,21
20250513,합정,대림(구로구청),16,28
20250513,합정,대림(구로구청),17,20
20250513,합정,대림(구로구청),18,57
20250513,합정,대림(구로구청),19,29
20250513,합정,대림(구로구청),20,32
20250513,합정,대림(구로구청),21,48
20250513,합정,대림(구로구청),22,37
20250513,합정,대림(구로구청),23,18
20250513,합정,동대문역사문화공원,0,3
20250513,합정,동대문역사문화공원,5,1
20250513,합정,동대문역사문화공원,6,3
20250513,합정,동대문역사문화공원,7,16
20250513,합정,동대문역사문화공원,8,34
20250513,합정,동대문역사문화공원,9,18
20250513,합정,동대문역사문화공원,10,7
20250513,합정,동대문역사문화공원,11,7
20250513,합정,동대문역사문화공원,12,14
20250513,합정,동대문역사문화공원,13,11
20250513,합정,동대문역사문화공원,14,17
20250513,합정,동대문역사문화공원,15,1
20250513,합정,동대문역사문화공원,16,10
20250513,합정,동대문역사문화공원,17,14
20250513,합정,동대문역사문화공원,18,10
20250513,합정,동대문역사문화공원,19,13
20250513,합정,동대문역사문화공원,20,4
20250513,합정,동대문역사문화공원,21,7
20250513,합정,동대문역사문화공원,22,6
20250513,합정,동대문역사문화공원,23,4
20250513,합정,뚝섬,0,1
20250513,합정,뚝섬,5,3
20250513,합정,뚝섬,6,6
20250513,합정,뚝섬,7,31
20250513,합정,뚝섬,8,44
20250513,합정,뚝섬,9,38
20250513,합정,뚝섬,10,8
20250513,합정,뚝섬,11,16
20250513,합정,뚝섬,12,8
20250513,합정,뚝섬,13,8
20250513,합정,뚝섬,14,9
20250513,합정,뚝섬,15,12
20250513,합정,뚝섬,16,18
20250513,합정,뚝섬,17,14
20250513,합정,뚝섬,18,21
20250513,합정,뚝섬,19,9
20250513,합정,뚝섬,20,7
20250513,합정,뚝섬,21,5
20250513,합정,뚝섬,22,5
20250513,합정,뚝섬,23,3
20250513,합정,문래,0,8
20250513,합정,문래,5,1
20250513,합정,문래,6,9
20250513,합정,문래,7,36
20250513,합정,문래,8,79
20250513,합정,문래,9,25
20250513,합정,문래,10,16
20250513,합정,문래,11,17
20250513,합정,문래,12,20
20250513,합정,문래,13,20
20250513,합정,문래,14,16
20250513,합정,문래,15,15
20250513,합정,문래,16,29
20250513,합정,문래,17,31
20250513,합정,문래,18,69
20250513,합정,문래,19,42
20250513,합정,문래,20,30
20250513,합정,문래,21,36
20250513,합정,문래,22,29
20250513,합정,문래,23,9
20250513,합정,방배,5,3
20250513,합정,방배,6,2
20250513,합정,방배,7,11
20250513,합정,방배,8,16
20250513,합정,방배,9,15
20250513,합정,방배,10,9
20250513,합정,방배,11,10
20250513,합정,방배,12,11
20250513,합정,방배,13,10
20250513,합정,방배,14,6
20250513,합정,방배,15,5
20250513,합정,방배,16,7
20250513,합정,방배,17,12
20250513,합정,방배,18,13
20250513,합정,방배,19,8
20250513,합정,방배,20,6
20250513,합정,방배,21,10
20250513,합정,방배,22,13
20250513,합정,방배,23,5
20250513,합정,봉천,0,5
20250513,합정,봉천,4,1
20250513,합정,봉천,5,1
20250513,합정,봉천,6,1
20250513,합정,봉천,7,9
20250513,합정,봉천,8,6
20250513,합정,봉천,10,2
20250513,합정,봉천,11,2
20250513,합정,봉천,12,3
20250513,합정,봉천,13,5
20250513,합정,봉천,14,15
20250513,합정,봉천,15,10
20250513,합정,봉천,16,13
20250513,합정,봉천,17,18
20250513,합정,봉천,18,63
20250513,합정,봉천,19,40
20250513,합정,봉천,20,34
20250513,합정,봉천,21,20
20250513,합정,봉천,22,31
20250513,합정,봉천,23,17
20250513,합정,사당,0,2
20250513,합정,사당,5,2
20250513,합정,사당,6,3
20250513,합정,사당,7,3
20250513,합정,사당,8,6
20250513,합정,사당,9,6
20250513,합정,사당,10,8
20250513,합정,사당,11,12
20250513,합정,사당,12,4
20250513,합정,사당,13,10
20250513,합정,사당,14,4
20250513,합정,사당,15,12
20250513,합정,사당,16,17
20250513,합정,사당,17,35
20250513,합정,사당,18,42
20250513,합정,사당,19,36
20250513,합정,사당,20,24
20250513,합정,사당,21,24
20250513,합정,사당,22,29
20250513,합정,사당,23,17
20250513,합정,삼성(무역센터),0,2
20250513,합정,삼성(무역센터),5,5
20250513,합정,삼성(무역센터),6,14
20250513,합정,삼성(무역센터),7,55
20250513,합정,삼성(무역센터),8,37
20250513,합정,삼성(무역센터),9,19
20250513,합정,삼성(무역센터),10,2
20250513,합정,삼성(무역센터),11,6
20250513,합정,삼성(무역센터),12,6
20250513,합정,삼성(무역센터),13,9
20250513,합정,삼성(무역센터),14,6
20250513,합정,삼성(무역센터),15,11
20250513,합정,삼성(무역센터),16,7
20250513,합정,삼성(무역센터),17,8
20250513,합정,삼성(무역센터),18,13
20250513,합정,삼성(무역센터),19,4
20250513,합정,삼성(무역센터),20,2
20250513,합정,삼성(무역센터),22,2
20250513,합정,삼성(무역센터),23,1
20250513,합정,상왕십리,5,2
20250513,합정,상왕십리,6,8
20250513,합정,상왕십리,7,6
20250513,합정,상왕십리,8,5
20250513,합정,상왕십리,10,3
20250513,합정,상왕십리,11,10
20250513,합정,상왕십리,12,1
20250513,합정,상왕십리,13,5
20250513,합정,상왕십리,14,3
20250513,합정,상왕십리,15,3
20250513,합정,상왕십리,16,9
20250513,합정,상왕십리,17,5
20250513,합정,상왕십리,18,21
20250513,합정,상왕십리,19,20
20250513,합정,상왕십리,20,12
20250513,합정,상왕십리,21,11
20250513,합정,상왕십리,22,11
20250513,합정,상왕십리,23,7
20250513,합정,서울대입구(관악구청),0,8
20250513,합정,서울대입구(관악구청),5,4
20250513,합정,서울대입구(관악구청),6,9
20250513,합정,서울대입구(관악구청),7,11
20250513,합정,서울대입구(관악구청),8,14
20250513,합정,서울대입구(관악구청),9,23
20250513,합정,서울대입구(관악구청),10,14
20250513,합정,서울대입구(관악구청),11,12
20250513,합정,서울대입구(관악구청),12,7
20250513,합정,서울대입구(관악구청),13,15
20250513,합정,서울대입구(관악구청),14,12
20250513,합정,서울대입구(관악구청),15,14
20250513,합정,서울대입구(관악구청),16,24
20250513,합정,서울대입구(관악구청),17,34
20250513,합정,서울대입구(관악구청),18,80
20250513,합정,서울대입구(관악구청),19,57
20250513,합정,서울대입구(관악구청),20,42
20250513,합정,서울대입구(관악구청),21,42
20250513,합정,서울대입구(관악구청),22,47
20250513,합정,서울대입구(관악구청),23,25
20250513,합정,서초,5,2
20250513,합정,서초,6,11
20250513,합정,서초,7,15
20250513,합정,서초,8,20
20250513,합정,서초,9,6
20250513,합정,서초,10,7
20250513,합정,서초,11,2
20250513,합정,서초,12,1
20250513,합정,서초,13,3
20250513,합정,서초,14,4
20250513,합정,서초,15,2
20250513,합정,서초,16,6
20250513,합정,서초,17,2
20250513,합정,서초,18,10
20250513,합정,서초,19,1
20250513,합정,서초,20,1
20250513,합정,서초,21,2
20250513,합정,서초,22,5
20250513,합정,서초,23,3
20250513,합정,선릉,5,1
20250513,합정,선릉,6,19
20250513,합정,선릉,7,41
20250513,합정,선릉,8,32
20250513,합정,선릉,9,15
20250513,합정,선릉,10,12
20250513,합정,선릉,11,9
20250513,합정,선릉,12,10
20250513,합정,선릉,13,9
20250513,합정,선릉,14,8
20250513,합정,선릉,15,2
20250513,합정,선릉,16,7
20250513,합정,선릉,17,8
20250513,합정,선릉,18,12
20250513,합정,선릉,19,9
20250513,합정,선릉,20,7
20250513,합정,선릉,21,6
20250513,합정,선릉,22,2
20250513,합정,선릉,23,4
20250513,합정,성수,0,3
20250513,합정,성수,5,9
20250513,합정,성수,6,10
20250513,합정,성수,7,36
20250513,합정,성수,8,45
20250513,합정,성수,9,39
20250513,합정,성수,10,16
20250513,합정,성수,11,19
20250513,합정,성수,12,25
20250513,합정,성수,13,17
20250513,합정,성수,14,11
20250513,합정,성수,15,15
20250513,합정,성수,16,16
20250513,합정,성수,17,12
20250513,합정,성수,18,15
20250513,합정,성수,19,12
20250513,합정,성수,20,5
20250513,합정,성수,21,6
20250513,합정,성수,22,7
20250513,합정,성수,23,1
20250513,합정,시청,5,6
20250513,합정,시청,6,23
20250513,합정,시청,7,74
20250513,합정,시청,8,106
20250513,합정,시청,9,43
20250513,합정,시청,10,27
20250513,합정,시청,11,18
20250513,합정,시청,12,28
20250513,합정,시청,13,20
20250513,합정,시청,14,17
20250513,합정,시청,15,13
20250513,합정,시청,16,9
20250513,합정,시청,17,16
20250513,합정,시청,18,23
20250513,합정,시청,19,9
20250513,합정,시청,20,5
20250513,합정,시청,21,7
20250513,합정,시청,22,7
20250513,합정,신당,0,1
20250513,합정,신당,5,1
20250513,합정,신당,6,3
20250513,합정,신당,7,4
20250513,합정,신당,8,5
20250513,합정,신당,9,4
20250513,합정,신당,10,4
20250513,합정,신당,11,3
20250513,합정,신당,12,3
20250513,합정,신당,13,3
20250513,합정,신당,14,4
20250513,합정,신당,15,7
20250513,합정,신당,16,12
20250513,합정,신당,17,5
20250513,합정,신당,18,27
20250513,합정,신당,19,14
20250513,합정,신당,20,15
20250513,합정,신당,21,9
20250513,합정,신당,22,12
20250513,합정,신당,23,10
20250513,합정,신대방,0,4
20250513,합정,신대방,5,2
20250513,합정,신대방,6,5
20250513,합정,신대방,7,10
20250513,합정,신대방,8,11
20250513,합정,신대방,9,6
20250513,합정,신대방,10,7
20250513,합정,신대방,11,16
20250513,합정,신대방,12,5
20250513,합정,신대방,13,8
20250513,합정,신대방,14,20
20250513,합정,신대방,15,19
20250513,합정,신대방,16,30
20250513,합정,신대방,17,50
20250513,합정,신대방,18,78
20250513,합정,신대방,19,74
20250513,합정,신대방,20,37
20250513,합정,신대방,21,52
20250513,합정,신대방,22,38
20250513,합정,신대방,23,38
20250513,합정,신도림,0,42
20250513,합정,신도림,5,2
20250513,합정,신도림,6,10
20250513,합정,신도림,7,16
20250513,합정,신도림,8,33
20250513,합정,신도림,9,32
20250513,합정,신도림,10,12
20250513,합정,신도림,11,25
20250513,합정,신도림,12,28
20250513,합정,신도림,13,38
20250513,합정,신도림,14,23
20250513,합정,신도림,15,45
20250513,합정,신도림,16,42
20250513,합정,신도림,17,84
20250513,합정,신도림,18,155
20250513,합정,신도림,19,109
20250513,합정,신도림,20,97
20250513,합정,신도림,21,94
20250513,합정,신도림,22,99
20250513,합정,신도림,23,55
20250513,합정,신림,0,17
20250513,합정,신림,5,7
20250513,합정,신림,6,9
20250513,합정,신림,7,23
20250513,합정,신림,8,16
20250513,합정,신림,9,10
20250513,합정,신림,10,10
20250513,합정,신림,11,7
20250513,합정,신림,12,15
20250513,합정,신림,13,7
20250513,합정,신림,14,20
20250513,합정,신림,15,29
20250513,합정,신림,16,28
20250513,합정,신림,17,67
20250513,합정,신림,18,155
20250513,합정,신림,19,111
20250513,합정,신림,20,71
20250513,합정,신림,21,70
20250513,합정,신림,22,113
20250513,합정,신림,23,44
20250513,합정,신촌,0,3
20250513,합정,신촌,5,7
20250513,합정,신촌,6,11
20250513,합정,신촌,7,27
20250513,합정,신촌,8,64
20250513,합정,신촌,9,65
20250513,합정,신촌,10,47
20250513,합정,신촌,11,49
20250513,합정,신촌,12,53
20250513,합정,신촌,13,63
20250513,합정,신촌,14,41
20250513,합정,신촌,15,62
20250513,합정,신촌,16,49
20250513,합정,신촌,17,63
20250513,합정,신촌,18,86
20250513,합정,신촌,19,68
20250513,합정,신촌,20,41
20250513,합정,신촌,21,48
20250513,합정,신촌,22,41
20250513,합정,신촌,23,32
20250513,합정,아현,0,4
20250513,합정,아현,5,1
20250513,합정,아현,6,6
20250513,합정,아현,7,17
20250513,합정,아현,8,16
20250513,합정,아현,9,15
20250513,합정,아현,10,11
20250513,합정,아현,11,10
20250513,합정,아현,12,18
20250513,합정,아현,13,11
20250513,합정,아현,14,6
20250513,합정,아현,15,14
20250513,합정,아현,16,16
20250513,합정,아현,17,22
20250513,합정,아현,18,22
20250513,합정,아현,19,20
20250513,합정,아현,20,20
20250513,합정,아현,21,14
20250513,합정,아현,22,12
20250513,합정,아현,23,7
20250513,합정,역삼,5,4
20250513,합정,역삼,6,20
20250513,합정,역삼,7,65
20250513,합정,역삼,8,49
20250513,합정,역삼,9,38
20250513,합정,역삼,10,12
20250513,합정,역삼,11,6
20250513,합정,역삼,12,9
20250513,합정,역삼,13,3
20250513,합정,역삼,14,2
20250513,합정,역삼,15,10
20250513,합정,역삼,16,4
20250513,합정,역삼,17,11
20250513,합정,역삼,18,16
20250513,합정,역삼,19,6
20250513,합정,역삼,20,1
20250513,합정,역삼,21,4
20250513,합정,역삼,22,6
20250513,합정,역삼,23,3
20250513,합정,영등포구청,0,11
20250513,합정,영등포구청,5,4
20250513,합정,영등포구청,6,11
20250513,합정,영등포구청,7,22
20250513,합정,영등포구청,8,62
20250513,합정,영등포구청,9,21
20250513,합정,영등포구청,10,13
20250513,합정,영등포구청,11,20
20250513,합정,영등포구청,12,22
20250513,합정,영등포구청,13,16
20250513,합정,영등포구청,14,23
20250513,합정,영등포구청,15,27
20250513,합정,영등포구청,16,15
20250513,합정,영등포구청,17,31
20250513,합정,영등포구청,18,61
20250513,합정,영등포구청,19,33
20250513,합정,영등포구청,20,31
20250513,합정,영등포구청,21,36
20250513,합정,영등포구청,22,37
20250513,합정,영등포구청,23,23
20250513,합정,왕십리(성동구청),0,1
20250513,합정,왕십리(성동구청),6,5
20250513,합정,왕십리(성동구청),7,9
20250513,합정,왕십리(성동구청),8,5
20250513,합정,왕십리(성동구청),10,4
20250513,합정,왕십리(성동구청),11,3
20250513,합정,왕십리(성동구청),12,3
20250513,합정,왕십리(성동구청),13,2
20250513,합정,왕십리(성동구청),14,4
20250513,합정,왕십리(성동구청),15,4
20250513,합정,왕십리(성동구청),16,7
20250513,합정,왕십리(성동구청),17,22
20250513,합정,왕십리(성동구청),18,24
20250513,합정,왕십리(성동구청),19,14
20250513,합정,왕십리(성동구청),20,12
20250513,합정,왕십리(성동구청),21,11
20250513,합정,왕십리(성동구청),22,9
20250513,합정,왕십리(성동구청),23,9
20250513,합정,용두(동대문구청),5,2
20250513,합정,용두(동대문구청),8,1
20250513,합정,용두(동대문구청),15,1
20250513,합정,용두(동대문구청),18,3
20250513,합정,을지로3가,0,3
20250513,합정,을지로3가,5,5
20250513,합정,을지로3가,6,16
20250513,합정,을지로3가,7,39
20250513,합정,을지로3가,8,78
20250513,합정,을지로3가,9,30
20250513,합정,을지로3가,10,19
20250513,합정,을지로3가,11,20
20250513,합정,을지로3가,12,10
20250513,합정,을지로3가,13,19
20250513,합정,을지로3가,14,8
20250513,합정,을지로3가,15,17
20250513,합정,을지로3가,16,18
20250513,합정,을지로3가,17,25
20250513,합정,을지로3가,18,27
20250513,합정,을지로3가,19,22
20250513,합정,을지로3가,20,13
20250513,합정,을지로3가,21,13
20250513,합정,을지로3가,22,15
20250513,합정,을지로3가,23,3
20250513,합정,을지로4가,0,2
20250513,합정,을지로4가,5,6
20250513,합정,을지로4가,6,10
20250513,합정,을지로4가,7,25
20250513,합정,을지로4가,8,50
20250513,합정,을지로4가,9,24
20250513,합정,을지로4가,10,16
20250513,합정,을지로4가,11,13
20250513,합정,을지로4가,12,8
20250513,합정,을지로4가,13,15
20250513,합정,을지로4가,14,9
20250513,합정,을지로4가,15,16
20250513,합정,을지로4가,16,19
20250513,합정,을지로4가,17,11
20250513,합정,을지로4가,18,16
20250513,합정,을지로4가,19,10
20250513,합정,을지로4가,20,12
20250513,합정,을지로4가,21,12
20250513,합정,을지로4가,22,6
20250513,합정,을지로4가,23,3
20250513,합정,을지로입구,0,3
20250513,합정,을지로입구,5,18
20250513,합정,을지로입구,6,35
20250513,합정,을지로입구,7,142
20250513,합정,을지로입구,8,199
20250513,합정,을지로입구,9,79
20250513,합정,을지로입구,10,54
20250513,합정,을지로입구,11,50
20250513,합정,을지로입구,12,34
20250513,합정,을지로입구,13,47
20250513,합정,을지로입구,14,37
20250513,합정,을지로입구,15,33
20250513,합정,을지로입구,16,35
20250513,합정,을지로입구,17,60
20250513,합정,을지로입구,18,67
20250513,합정,을지로입구,19,53
20250513,합정,을지로입구,20,30
20250513,합정,을지로입구,21,41
20250513,합정,을지로입구,22,39
20250513,합정,을지로입구,23,16
20250513,합정,이대,0,4
20250513,합정,이대,5,1
20250513,합정,이대,6,6
20250513,합정,이대,7,7
20250513,합정,이대,8,29
20250513,합정,이대,9,36
20250513,합정,이대,10,27
20250513,합정,이대,11,23
20250513,합정,이대,12,18
20250513,합정,이대,13,20
20250513,합정,이대,14,13
20250513,합정,이대,15,24
20250513,합정,이대,16,22
20250513,합정,이대,17,27
20250513,합정,이대,18,44
20250513,합정,이대,19,18
20250513,합정,이대,20,21
20250513,합정,이대,21,27
20250513,합정,이대,22,21
20250513,합정,이대,23,16
20250513,합정,잠실(송파구청),0,1
20250513,합정,잠실(송파구청),5,5
20250513,합정,잠실(송파구청),6,6
20250513,합정,잠실(송파구청),7,30
20250513,합정,잠실(송파구청),8,36
20250513,합정,잠실(송파구청),9,20
20250513,합정,잠실(송파구청),10,22
20250513,합정,잠실(송파구청),11,15
20250513,합정,잠실(송파구청),12,12
20250513,합정,잠실(송파구청),13,17
20250513,합정,잠실(송파구청),14,16
20250513,합정,잠실(송파구청),15,18
20250513,합정,잠실(송파구청),16,21
20250513,합정,잠실(송파구청),17,13
20250513,합정,잠실(송파구청),18,34
20250513,합정,잠실(송파구청),19,21
20250513,합정,잠실(송파구청),20,11
20250513,합정,잠실(송파구청),21,12
20250513,합정,잠실(송파구청),22,17
20250513,합정,잠실(송파구청),23,5
20250513,합정,잠실나루,5,1
20250513,합정,잠실나루,6,4
20250513,합정,잠실나루,7,4
20250513,합정,잠실나루,8,5
20250513,합정,잠실나루,9,2
20250513,합정,잠실나루,10,1
20250513,합정,잠실나루,11,4
20250513,합정,잠실나루,12,2
20250513,합정,잠실나루,13,1
20250513,합정,잠실나루,15,4
20250513,합정,잠실나루,16,3
20250513,합정,잠실나루,17,6
20250513,합정,잠실나루,18,8
20250513,합정,잠실나루,19,8
20250513,합정,잠실나루,20,5
20250513,합정,잠실나루,21,5
20250513,합정,잠실나루,22,6
20250513,합정,잠실새내,5,1
20250513,합정,잠실새내,6,1
20250513,합정,잠실새내,7,5
20250513,합정,잠실새내,8,4
20250513,합정,잠실새내,9,5
20250513,합정,잠실새내,10,1
20250513,합정,잠실새내,11,2
20250513,합정,잠실새내,12,2
20250513,합정,잠실새내,13,3
20250513,합정,잠실새내,14,6
20250513,합정,잠실새내,16,3
20250513,합정,잠실새내,17,7
20250513,합정,잠실새내,18,16
20250513,합정,잠실새내,19,12
20250513,합정,잠실새내,20,7
20250513,합정,잠실새내,21,5
20250513,합정,잠실새내,22,5
20250513,합정,잠실새내,23,2
20250513,합정,종합운동장,5,2
20250513,합정,종합운동장,7,2
20250513,합정,종합운동장,8,1
20250513,합정,종합운동장,10,1
20250513,합정,종합운동장,12,1
20250513,합정,종합운동장,14,1
20250513,합정,종합운동장,15,6
20250513,합정,종합운동장,16,14
20250513,합정,종합운동장,17,20
20250513,합정,종합운동장,18,11
20250513,합정,종합운동장,19,4
20250513,합정,종합운동장,20,3
20250513,합정,종합운동장,21,2
20250513,합정,종합운동장,22,2
20250513,합정,종합운동장,23,1
20250513,합정,충정로(경기대입구),0,2
20250513,합정,충정로(경기대입구),5,1
20250513,합정,충정로(경기대입구),6,4
20250513,합정,충정로(경기대입구),7,20
20250513,합정,충정로(경기대입구),8,42
20250513,합정,충정로(경기대입구),9,13
20250513,합정,충정로(경기대입구),10,6
20250513,합정,충정로(경기대입구),11,11
20250513,합정,충정로(경기대입구),12,5
20250513,합정,충정로(경기대입구),13,5
20250513,합정,충정로(경기대입구),14,12
20250513,합정,충정로(경기대입구),15,9
20250513,합정,충정로(경기대입구),16,16
20250513,합정,충정로(경기대입구),17,12
20250513,합정,충정로(경기대입구),18,14
20250513,합정,충정로(경기대입구),19,16
20250513,합정,충정로(경기대입구),20,5
20250513,합정,충정로(경기대입구),21,11
20250513,합정,충정로(경기대입구),22,7
20250513,합정,충정로(경기대입구),23,4
20250513,합정,한양대,0,2
20250513,합정,한양대,6,9
20250513,합정,한양대,7,7
20250513,합정,한양대,8,18
20250513,합정,한양대,9,18
20250513,합정,한양대,10,8
20250513,합정,한양대,11,9
20250513,합정,한양대,12,14
20250513,합정,한양대,13,8
20250513,합정,한양대,14,2
20250513,합정,한양대,15,2
20250513,합정,한양대,16,2
20250513,합정,한양대,17,6
20250513,합정,한양대,18,10
20250513,합정,한양대,19,1
20250513,합정,한양대,20,3
20250513,합정,한양대,21,1
20250513,합정,한양대,22,1
20250513,합정,합정,0,11
20250513,합정,합정,1,1
20250513,합정,합정,4,1
20250513,합정,합정,5,6
20250513,합정,합정,6,5
20250513,합정,합정,7,8
20250513,합정,합정,8,13
20250513,합정,합정,9,13
20250513,합정,합정,10,10
20250513,합정,합정,11,12
20250513,합정,합정,12,26
20250513,합정,합정,13,22
20250513,합정,합정,14,87
20250513,합정,합정,15,35
20250513,합정,합정,16,25
20250513,합정,합정,17,41
20250513,합정,합정,18,75
20250513,합정,합정,19,28
20250513,합정,합정,20,36
20250513,합정,합정,21,39
20250513,합정,합정,22,43
20250513,합정,합정,23,29
20250513,합정,홍대입구,0,2
20250513,합정,홍대입구,5,5
20250513,합정,홍대입구,6,11
20250513,합정,홍대입구,7,15
20250513,합정,홍대입구,8,23
20250513,합정,홍대입구,9,39
20250513,합정,홍대입구,10,44
20250513,합정,홍대입구,11,66
20250513,합정,홍대입구,12,81
20250513,합정,홍대입구,13,72
20250513,합정,홍대입구,14,57
20250513,합정,홍대입구,15,73
20250513,합정,홍대입구,16,61
20250513,합정,홍대입구,17,86
20250513,합정,홍대입구,18,129
20250513,합정,홍대입구,19,99
20250513,합정,홍대입구,20,71
20250513,합정,홍대입구,21,50
20250513,합정,홍대입구,22,26
20250513,합정,홍대입구,23,18
20250513,홍대입구,강남,0,2
20250513,홍대입구,강남,4,1
20250513,홍대입구,강남,5,10
20250513,홍대입구,강남,6,34
20250513,홍대입구,강남,7,95
20250513,홍대입구,강남,8,103
20250513,홍대입구,강남,9,64
20250513,홍대입구,강남,10,33
20250513,홍대입구,강남,11,33
20250513,홍대입구,강남,12,45
20250513,홍대입구,강남,13,49
20250513,홍대입구,강남,14,41
20250513,홍대입구,강남,15,37
20250513,홍대입구,강남,16,49
20250513,홍대입구,강남,17,73
20250513,홍대입구,강남,18,59
20250513,홍대입구,강남,19,21
20250513,홍대입구,강남,20,31
20250513,홍대입구,강남,21,28
20250513,홍대입구,강남,22,32
20250513,홍대입구,강남,23,23
20250513,홍대입구,강변(동서울터미널),0,2
20250513,홍대입구,강변(동서울터미널),4,1
20250513,홍대입구,강변(동서울터미널),5,15
20250513,홍대입구,강변(동서울터미널),6,8
20250513,홍대입구,강변(동서울터미널),7,7
20250513,홍대입구,강변(동서울터미널),8,9
20250513,홍대입구,강변(동서울터미널),9,8
20250513,홍대입구,강변(동서울터미널),10,12
20250513,홍대입구,강변(동서울터미널),11,5
20250513,홍대입구,강변(동서울터미널),12,5
20250513,홍대입구,강변(동서울터미널),13,10
20250513,홍대입구,강변(동서울터미널),14,16
20250513,홍대입구,강변(동서울터미널),15,20
20250513,홍대입구,강변(동서울터미널),16,17
20250513,홍대입구,강변(동서울터미널),17,28
20250513,홍대입구,강변(동서울터미널),18,39
20250513,홍대입구,강변(동서울터미널),19,22
20250513,홍대입구,강변(동서울터미널),20,26
20250513,홍대입구,강변(동서울터미널),21,30
20250513,홍대입구,강변(동서울터미널),22,25
20250513,홍대입구,강변(동서울터미널),23,13
20250513,홍대입구,건대입구,0,16
20250513,홍대입구,건대입구,4,1
20250513,홍대입구,건대입구,5,6
20250513,홍대입구,건대입구,6,10
20250513,홍대입구,건대입구,7,18
20250513,홍대입구,건대입구,8,26
20250513,홍대입구,건대입구,9,22
20250513,홍대입구,건대입구,10,15
20250513,홍대입구,건대입구,11,28
20250513,홍대입구,건대입구,12,31
20250513,홍대입구,건대입구,13,20
20250513,홍대입구,건대입구,14,20
20250513,홍대입구,건대입구,15,40
20250513,홍대입구,건대입구,16,51
20250513,홍대입구,건대입구,17,57
20250513,홍대입구,건대입구,18,76
20250513,홍대입구,건대입구,19,46
20250513,홍대입구,건대입구,20,58
20250513,홍대입구,건대입구,21,63
20250513,홍대입구,건대입구,22,81
20250513,홍대입구,건대입구,23,36
20250513,홍대입구,교대(법원.검찰청),0,1
20250513,홍대입구,교대(법원.검찰청),4,1
20250513,홍대입구,교대(법원.검찰청),5,1
20250513,홍대입구,교대(법원.검찰청),6,9
20250513,홍대입구,교대(법원.검찰청),7,27
20250513,홍대입구,교대(법원.검찰청),8,23
20250513,홍대입구,교대(법원.검찰청),9,12
20250513,홍대입구,교대(법원.검찰청),10,9
20250513,홍대입구,교대(법원.검찰청),11,6
20250513,홍대입구,교대(법원.검찰청),12,8
20250513,홍대입구,교대(법원.검찰청),13,16
20250513,홍대입구,교대(법원.검찰청),14,10
20250513,홍대입구,교대(법원.검찰청),15,9
20250513,홍대입구,교대(법원.검찰청),16,16
20250513,홍대입구,교대(법원.검찰청),17,5
20250513,홍대입구,교대(법원.검찰청),18,18
20250513,홍대입구,교대(법원.검찰청),19,4
20250513,홍대입구,교대(법원.검찰청),20,10
20250513,홍대입구,교대(법원.검찰청),21,7
20250513,홍대입구,교대(법원.검찰청),22,7
20250513,홍대입구,교대(법원.검찰청),23,10
20250513,홍대입구,구로디지털단지,0,17
20250513,홍대입구,구로디지털단지,4,1
20250513,홍대입구,구로디지털단지,5,12
20250513,홍대입구,구로디지털단지,6,39
20250513,홍대입구,구로디지털단지,7,129
20250513,홍대입구,구로디지털단지,8,140
20250513,홍대입구,구로디지털단지,9,66
20250513,홍대입구,구로디지털단지,10,27
20250513,홍대입구,구로디지털단지,11,28
20250513,홍대입구,구로디지털단지,12,40
20250513,홍대입구,구로디지털단지,13,53
20250513,홍대입구,구로디지털단지,14,42
20250513,홍대입구,구로디지털단지,15,83
20250513,홍대입구,구로디지털단지,16,107
20250513,홍대입구,구로디지털단지,17,159
20250513,홍대입구,구로디지털단지,18,228
20250513,홍대입구,구로디지털단지,19,180
20250513,홍대입구,구로디지털단지,20,160
20250513,홍대입구,구로디지털단지,21,187
20250513,홍대입구,구로디지털단지,22,188
20250513,홍대입구,구로디지털단지,23,110
20250513,홍대입구,구의(광진구청),0,6
20250513,홍대입구,구의(광진구청),5,3
20250513,홍대입구,구의(광진구청),6,5
20250513,홍대입구,구의(광진구청),7,14
20250513,홍대입구,구의(광진구청),8,5
20250513,홍대입구,구의(광진구청),9,9
20250513,홍대입구,구의(광진구청),10,1
20250513,홍대입구,구의(광진구청),11,7
20250513,홍대입구,구의(광진구청),12,7
20250513,홍대입구,구의(광진구청),13,8
20250513,홍대입구,구의(광진구청),14,9
20250513,홍대입구,구의(광진구청),15,11
20250513,홍대입구,구의(광진구청),16,21
20250513,홍대입구,구의(광진구청),17,31
20250513,홍대입구,구의(광진구청),18,45
20250513,홍대입구,구의(광진구청),19,32
20250513,홍대입구,구의(광진구청),20,23
20250513,홍대입구,구의(광진구청),21,40
20250513,홍대입구,구의(광진구청),22,37
20250513,홍대입구,구의(광진구청),23,22
20250513,홍대입구,낙성대,0,5
20250513,홍대입구,낙성대,5,3
20250513,홍대입구,낙성대,6,11
20250513,홍대입구,낙성대,7,20
20250513,홍대입구,낙성대,8,13
20250513,홍대입구,낙성대,9,9
20250513,홍대입구,낙성대,10,8
20250513,홍대입구,낙성대,11,8
20250513,홍대입구,낙성대,12,11
20250513,홍대입구,낙성대,13,12
20250513,홍대입구,낙성대,14,16
20250513,홍대입구,낙성대,15,12
20250513,홍대입구,낙성대,16,13
20250513,홍대입구,낙성대,17,38
20250513,홍대입구,낙성대,18,43
20250513,홍대입구,낙성대,19,28
20250513,홍대입구,낙성대,20,24
20250513,홍대입구,낙성대,21,45
20250513,홍대입구,낙성대,22,30
20250513,홍대입구,낙성대,23,42
20250513,홍대입구,당산,0,12
20250513,홍대입구,당산,5,7
20250513,홍대입구,당산,6,7
20250513,홍대입구,당산,7,14
20250513,홍대입구,당산,8,54
20250513,홍대입구,당산,9,13
20250513,홍대입구,당산,10,10
20250513,홍대입구,당산,11,13
20250513,홍대입구,당산,12,21
20250513,홍대입구,당산,13,40
20250513,홍대입구,당산,14,45
20250513,홍대입구,당산,15,36
20250513,홍대입구,당산,16,37
20250513,홍대입구,당산,17,64
20250513,홍대입구,당산,18,77
20250513,홍대입구,당산,19,68
20250513,홍대입구,당산,20,51
20250513,홍대입구,당산,21,65
20250513,홍대입구,당산,22,57
20250513,홍대입구,당산,23,45
20250513,홍대입구,대림(구로구청),0,7
20250513,홍대입구,대림(구로구청),5,8
20250513,홍대입구,대림(구로구청),6,3
20250513,홍대입구,대림(구로구청),7,35
20250513,홍대입구,대림(구로구청),8,37
20250513,홍대입구,대림(구로구청),9,17
20250513,홍대입구,대림(구로구청),10,10
20250513,홍대입구,대림(구로구청),11,11
20250513,홍대입구,대림(구로구청),12,14
20250513,홍대입구,대림(구로구청),13,23
20250513,홍대입구,대림(구로구청),14,24
20250513,홍대입구,대림(구로구청),15,23
20250513,홍대입구,대림(구로구청),16,41
20250513,홍대입구,대림(구로구청),17,39
20250513,홍대입구,대림(구로구청),18,49
20250513,홍대입구,대림(구로구청),19,56
20250513,홍대입구,대림(구로구청),20,56
20250513,홍대입구,대림(구로구청),21,55
20250513,홍대입구,대림(구로구청),22,61
20250513,홍대입구,대림(구로구청),23,32
20250513,홍대입구,동대문역사문화공원,0,17
20250513,홍대입구,동대문역사문화공원,5,8
20250513,홍대입구,동대문역사문화공원,6,11
20250513,홍대입구,동대문역사문화공원,7,33
20250513,홍대입구,동대문역사문화공원,8,39
20250513,홍대입구,동대문역사문화공원,9,41
20250513,홍대입구,동대문역사문화공원,10,48
20250513,홍대입구,동대문역사문화공원,11,39
20250513,홍대입구,동대문역사문화공원,12,42
20250513,홍대입구,동대문역사문화공원,13,50
20250513,홍대입구,동대문역사문화공원,14,49
20250513,홍대입구,동대문역사문화공원,15,38
20250513,홍대입구,동대문역사문화공원,16,50
20250513,홍대입구,동대문역사문화공원,17,56
20250513,홍대입구,동대문역사문화공원,18,84
20250513,홍대입구,동대문역사문화공원,19,85
20250513,홍대입구,동대문역사문화공원,20,58
20250513,홍대입구,동대문역사문화공원,21,83
20250513,홍대입구,동대문역사문화공원,22,63
20250513,홍대입구,동대문역사문화공원,23,45
20250513,홍대입구,뚝섬,0,4
20250513,홍대입구,뚝섬,5,2
20250513,홍대입구,뚝섬,6,12
20250513,홍대입구,뚝섬,7,44
20250513,홍대입구,뚝섬,8,65
20250513,홍대입구,뚝섬,9,45
20250513,홍대입구,뚝섬,10,43
20250513,홍대입구,뚝섬,11,46
20250513,홍대입구,뚝섬,12,31
20250513,홍대입구,뚝섬,13,44
20250513,홍대입구,뚝섬,14,34
20250513,홍대입구,뚝섬,15,30
20250513,홍대입구,뚝섬,16,24
20250513,홍대입구,뚝섬,17,22
20250513,홍대입구,뚝섬,18,29
20250513,홍대입구,뚝섬,19,16
20250513,홍대입구,뚝섬,20,14
20250513,홍대입구,뚝섬,21,13
20250513,홍대입구,뚝섬,22,21
20250513,홍대입구,뚝섬,23,7
20250513,홍대입구,문래,0,10
20250513,홍대입구,문래,5,12
20250513,홍대입구,문래,6,11
20250513,홍대입구,문래,7,43
20250513,홍대입구,문래,8,107
20250513,홍대입구,문래,9,30
20250513,홍대입구,문래,10,16
20250513,홍대입구,문래,11,13
20250513,홍대입구,문래,12,25
20250513,홍대입구,문래,13,22
20250513,홍대입구,문래,14,19
20250513,홍대입구,문래,15,34
20250513,홍대입구,문래,16,49
20250513,홍대입구,문래,17,70
20250513,홍대입구,문래,18,78
20250513,홍대입구,문래,19,52
20250513,홍대입구,문래,20,41
20250513,홍대입구,문래,21,45
20250513,홍대입구,문래,22,34
20250513,홍대입구,문래,23,13
20250513,홍대입구,방배,0,1
20250513,홍대입구,방배,5,3
20250513,홍대입구,방배,6,4
20250513,홍대입구,방배,7,25
20250513,홍대입구,방배,8,17
20250513,홍대입구,방배,9,17
20250513,홍대입구,방배,10,11
20250513,홍대입구,방배,11,12
20250513,홍대입구,방배,12,11
20250513,홍대입구,방배,13,12
20250513,홍대입구,방배,14,10
20250513,홍대입구,방배,15,13
20250513,홍대입구,방배,16,15
20250513,홍대입구,방배,17,20
20250513,홍대입구,방배,18,21
20250513,홍대입구,방배,19,16
20250513,홍대입구,방배,20,16
20250513,홍대입구,방배,21,13
20250513,홍대입구,방배,22,26
20250513,홍대입구,방배,23,19
20250513,홍대입구,봉천,0,3
20250513,홍대입구,봉천,5,5
20250513,홍대입구,봉천,6,5
20250513,홍대입구,봉천,7,4
20250513,홍대입구,봉천,8,10
20250513,홍대입구,봉천,9,6
20250513,홍대입구,봉천,10,2
20250513,홍대입구,봉천,11,5
20250513,홍대입구,봉천,12,4
20250513,홍대입구,봉천,13,6
20250513,홍대입구,봉천,14,6
20250513,홍대입구,봉천,15,24
20250513,홍대입구,봉천,16,27
20250513,홍대입구,봉천,17,38
20250513,홍대입구,봉천,18,58
20250513,홍대입구,봉천,19,30
20250513,홍대입구,봉천,20,45
20250513,홍대입구,봉천,21,37
20250513,홍대입구,봉천,22,40
20250513,홍대입구,봉천,23,34
20250513,홍대입구,사당,0,4
20250513,홍대입구,사당,5,10
20250513,홍대입구,사당,6,7
20250513,홍대입구,사당,7,22
20250513,홍대입구,사당,8,6
20250513,홍대입구,사당,9,9
20250513,홍대입구,사당,10,9
20250513,홍대입구,사당,11,10
20250513,홍대입구,사당,12,15
20250513,홍대입구,사당,13,7
20250513,홍대입구,사당,14,18
20250513,홍대입구,사당,15,19
20250513,홍대입구,사당,16,43
20250513,홍대입구,사당,17,47
20250513,홍대입구,사당,18,69
20250513,홍대입구,사당,19,56
20250513,홍대입구,사당,20,41
20250513,홍대입구,사당,21,55
20250513,홍대입구,사당,22,61
20250513,홍대입구,사당,23,39
20250513,홍대입구,삼성(무역센터),0,1
20250513,홍대입구,삼성(무역센터),5,9
20250513,홍대입구,삼성(무역센터),6,29
20250513,홍대입구,삼성(무역센터),7,56
20250513,홍대입구,삼성(무역센터),8,39
20250513,홍대입구,삼성(무역센터),9,29
20250513,홍대입구,삼성(무역센터),10,20
20250513,홍대입구,삼성(무역센터),11,10
20250513,홍대입구,삼성(무역센터),12,26
20250513,홍대입구,삼성(무역센터),13,20
20250513,홍대입구,삼성(무역센터),14,18
20250513,홍대입구,삼성(무역센터),15,19
20250513,홍대입구,삼성(무역센터),16,20
20250513,홍대입구,삼성(무역센터),17,11
20250513,홍대입구,삼성(무역센터),18,19
20250513,홍대입구,삼성(무역센터),19,5
20250513,홍대입구,삼성(무역센터),20,10
20250513,홍대입구,삼성(무역센터),21,5
20250513,홍대입구,삼성(무역센터),22,3
20250513,홍대입구,삼성(무역센터),23,1
20250513,홍대입구,상왕십리,0,10
20250513,홍대입구,상왕십리,5,4
20250513,홍대입구,상왕십리,6,6
20250513,홍대입구,상왕십리,7,16
20250513,홍대입구,상왕십리,8,16
20250513,홍대입구,상왕십리,9,6
20250513,홍대입구,상왕십리,10,8
20250513,홍대입구,상왕십리,11,6
20250513,홍대입구,상왕십리,12,15
20250513,홍대입구,상왕십리,13,13
20250513,홍대입구,상왕십리,14,9
20250513,홍대입구,상왕십리,15,21
20250513,홍대입구,상왕십리,16,27
20250513,홍대입구,상왕십리,17,26
20250513,홍대입구,상왕십리,18,21
20250513,홍대입구,상왕십리,19,27
20250513,홍대입구,상왕십리,20,28
20250513,홍대입구,상왕십리,21,37
20250513,홍대입구,상왕십리,22,43
20250513,홍대입구,상왕십리,23,16
20250513,홍대입구,서울대입구(관악구청),0,18
20250513,홍대입구,서울대입구(관악구청),4,1
20250513,홍대입구,서울대입구(관악구청),5,5
20250513,홍대입구,서울대입구(관악구청),6,8
20250513,홍대입구,서울대입구(관악구청),7,16
20250513,홍대입구,서울대입구(관악구청),8,31
20250513,홍대입구,서울대입구(관악구청),9,15
20250513,홍대입구,서울대입구(관악구청),10,12
20250513,홍대입구,서울대입구(관악구청),11,18
20250513,홍대입구,서울대입구(관악구청),12,24
20250513,홍대입구,서울대입구(관악구청),13,39
20250513,홍대입구,서울대입구(관악구청),14,24
20250513,홍대입구,서울대입구(관악구청),15,37
20250513,홍대입구,서울대입구(관악구청),16,53
20250513,홍대입구,서울대입구(관악구청),17,71
20250513,홍대입구,서울대입구(관악구청),18,108
20250513,홍대입구,서울대입구(관악구청),19,67
20250513,홍대입구,서울대입구(관악구청),20,57
20250513,홍대입구,서울대입구(관악구청),21,83
20250513,홍대입구,서울대입구(관악구청),22,84
20250513,홍대입구,서울대입구(관악구청),23,50
20250513,홍대입구,서초,5,3
20250513,홍대입구,서초,6,5
20250513,홍대입구,서초,7,30
20250513,홍대입구,서초,8,18
20250513,홍대입구,서초,9,11
20250513,홍대입구,서초,10,13
20250513,홍대입구,서초,11,5
20250513,홍대입구,서초,12,5
20250513,홍대입구,서초,13,1
20250513,홍대입구,서초,14,2
20250513,홍대입구,서초,15,8
20250513,홍대입구,서초,16,5
20250513,홍대입구,서초,17,16
20250513,홍대입구,서초,18,11
20250513,홍대입구,서초,19,3
20250513,홍대입구,서초,20,5
20250513,홍대입구,서초,21,4
20250513,홍대입구,서초,22,10
20250513,홍대입구,서초,23,8
20250513,홍대입구,선릉,0,2
20250513,홍대입구,선릉,5,8
20250513,홍대입구,선릉,6,30
20250513,홍대입구,선릉,7,52
20250513,홍대입구,선릉,8,46
20250513,홍대입구,선릉,9,24
20250513,홍대입구,선릉,10,13
20250513,홍대입구,선릉,11,7
20250513,홍대입구,선릉,12,19
20250513,홍대입구,선릉,13,19
20250513,홍대입구,선릉,14,11
20250513,홍대입구,선릉,15,10
20250513,홍대입구,선릉,16,18
20250513,홍대입구,선릉,17,12
20250513,홍대입구,선릉,18,26
20250513,홍대입구,선릉,19,10
20250513,홍대입구,선릉,20,9
20250513,홍대입구,선릉,21,17
20250513,홍대입구,선릉,22,11
20250513,홍대입구,선릉,23,17
20250513,홍대입구,성수,0,11
20250513,홍대입구,성수,5,6
20250513,홍대입구,성수,6,18
20250513,홍대입구,성수,7,72
20250513,홍대입구,성수,8,92
20250513,홍대입구,성수,9,103
20250513,홍대입구,성수,10,105
20250513,홍대입구,성수,11,115
20250513,홍대입구,성수,12,73
20250513,홍대입구,성수,13,114
20250513,홍대입구,성수,14,86
20250513,홍대입구,성수,15,75
20250513,홍대입구,성수,16,90
20250513,홍대입구,성수,17,50
20250513,홍대입구,성수,18,42
20250513,홍대입구,성수,19,27
20250513,홍대입구,성수,20,16
20250513,홍대입구,성수,21,22
20250513,홍대입구,성수,22,17
20250513,홍대입구,성수,23,5
20250513,홍대입구,시청,0,5
20250513,홍대입구,시청,5,10
20250513,홍대입구,시청,6,13
20250513,홍대입구,시청,7,80
20250513,홍대입구,시청,8,166
20250513,홍대입구,시청,9,71
20250513,홍대입구,시청,10,51
20250513,홍대입구,시청,11,51
20250513,홍대입구,시청,12,47
20250513,홍대입구,시청,13,60
20250513,홍대입구,시청,14,35
20250513,홍대입구,시청,15,38
20250513,홍대입구,시청,16,42
20250513,홍대입구,시청,17,43
20250513,홍대입구,시청,18,33
20250513,홍대입구,시청,19,46
20250513,홍대입구,시청,20,54
20250513,홍대입구,시청,21,38
20250513,홍대입구,시청,22,55
20250513,홍대입구,시청,23,10
20250513,홍대입구,신당,0,6
20250513,홍대입구,신당,5,6
20250513,홍대입구,신당,6,6
20250513,홍대입구,신당,7,11
20250513,홍대입구,신당,8,13
20250513,홍대입구,신당,9,9
20250513,홍대입구,신당,10,12
20250513,홍대입구,신당,11,13
20250513,홍대입구,신당,12,16
20250513,홍대입구,신당,13,12
20250513,홍대입구,신당,14,15
20250513,홍대입구,신당,15,21
20250513,홍대입구,신당,16,26
20250513,홍대입구,신당,17,31
20250513,홍대입구,신당,18,43
20250513,홍대입구,신당,19,38
20250513,홍대입구,신당,20,31
20250513,홍대입구,신당,21,31
20250513,홍대입구,신당,22,36
20250513,홍대입구,신당,23,19
20250513,홍대입구,신대방,0,7
20250513,홍대입구,신대방,4,1
20250513,홍대입구,신대방,5,4
20250513,홍대입구,신대방,6,6
20250513,홍대입구,신대방,7,16
20250513,홍대입구,신대방,8,14
20250513,홍대입구,신대방,9,4
20250513,홍대입구,신대방,10,5
20250513,홍대입구,신대방,11,6
20250513,홍대입구,신대방,12,10
20250513,홍대입구,신대방,13,14
20250513,홍대입구,신대방,14,21
20250513,홍대입구,신대방,15,18
20250513,홍대입구,신대방,16,47
20250513,홍대입구,신대방,17,50
20250513,홍대입구,신대방,18,84
20250513,홍대입구,신대방,19,78
20250513,홍대입구,신대방,20,66
20250513,홍대입구,신대방,21,82
20250513,홍대입구,신대방,22,94
20250513,홍대입구,신대방,23,53
20250513,홍대입구,신도림,0,48
20250513,홍대입구,신도림,5,9
20250513,홍대입구,신도림,6,16
20250513,홍대입구,신도림,7,28
20250513,홍대입구,신도림,8,52
20250513,홍대입구,신도림,9,37
20250513,홍대입구,신도림,10,24
20250513,홍대입구,신도림,11,32
20250513,홍대입구,신도림,12,38
20250513,홍대입구,신도림,13,62
20250513,홍대입구,신도림,14,63
20250513,홍대입구,신도림,15,90
20250513,홍대입구,신도림,16,97
20250513,홍대입구,신도림,17,144
20250513,홍대입구,신도림,18,206
20250513,홍대입구,신도림,19,135
20250513,홍대입구,신도림,20,130
20250513,홍대입구,신도림,21,200
20250513,홍대입구,신도림,22,172
20250513,홍대입구,신도림,23,131
20250513,홍대입구,신림,0,25
20250513,홍대입구,신림,5,17
20250513,홍대입구,신림,6,19
20250513,홍대입구,신림,7,21
20250513,홍대입구,신림,8,20
20250513,홍대입구,신림,9,13
20250513,홍대입구,신림,10,12
20250513,홍대입구,신림,11,22
20250513,홍대입구,신림,12,22
20250513,홍대입구,신림,13,44
20250513,홍대입구,신림,14,37
20250513,홍대입구,신림,15,62
20250513,홍대입구,신림,16,72
20250513,홍대입구,신림,17,110
20250513,홍대입구,신림,18,182
20250513,홍대입구,신림,19,154
20250513,홍대입구,신림,20,146
20250513,홍대입구,신림,21,145
20250513,홍대입구,신림,22,156
20250513,홍대입구,신림,23,109
20250513,홍대입구,신촌,0,16
20250513,홍대입구,신촌,4,1
20250513,홍대입구,신촌,5,8
20250513,홍대입구,신촌,6,8
20250513,홍대입구,신촌,7,21
20250513,홍대입구,신촌,8,25
20250513,홍대입구,신촌,9,62
20250513,홍대입구,신촌,10,57
20250513,홍대입구,신촌,11,79
20250513,홍대입구,신촌,12,87
20250513,홍대입구,신촌,13,138
20250513,홍대입구,신촌,14,104
20250513,홍대입구,신촌,15,119
20250513,홍대입구,신촌,16,123
20250513,홍대입구,신촌,17,137
20250513,홍대입구,신촌,18,112
20250513,홍대입구,신촌,19,110
20250513,홍대입구,신촌,20,136
20250513,홍대입구,신촌,21,136
20250513,홍대입구,신촌,22,123
20250513,홍대입구,신촌,23,55
20250513,홍대입구,아현,0,5
20250513,홍대입구,아현,5,1
20250513,홍대입구,아현,6,7
20250513,홍대입구,아현,7,24
20250513,홍대입구,아현,8,22
20250513,홍대입구,아현,9,14
20250513,홍대입구,아현,10,9
20250513,홍대입구,아현,11,11
20250513,홍대입구,아현,12,27
20250513,홍대입구,아현,13,27
20250513,홍대입구,아현,14,22
20250513,홍대입구,아현,15,26
20250513,홍대입구,아현,16,31
20250513,홍대입구,아현,17,40
20250513,홍대입구,아현,18,35
20250513,홍대입구,아현,19,19
20250513,홍대입구,아현,20,47
20250513,홍대입구,아현,21,37
20250513,홍대입구,아현,22,40
20250513,홍대입구,아현,23,17
20250513,홍대입구,역삼,0,1
20250513,홍대입구,역삼,5,8
20250513,홍대입구,역삼,6,32
20250513,홍대입구,역삼,7,97
20250513,홍대입구,역삼,8,80
20250513,홍대입구,역삼,9,47
20250513,홍대입구,역삼,10,22
20250513,홍대입구,역삼,11,13
20250513,홍대입구,역삼,12,15
20250513,홍대입구,역삼,13,18
20250513,홍대입구,역삼,14,23
20250513,홍대입구,역삼,15,9
20250513,홍대입구,역삼,16,21
20250513,홍대입구,역삼,17,16
20250513,홍대입구,역삼,18,12
20250513,홍대입구,역삼,19,9
20250513,홍대입구,역삼,20,10
20250513,홍대입구,역삼,21,7
20250513,홍대입구,역삼,22,16
20250513,홍대입구,역삼,23,4
20250513,홍대입구,영등포구청,0,8
20250513,홍대입구,영등포구청,5,3
20250513,홍대입구,영등포구청,6,10
20250513,홍대입구,영등포구청,7,23
20250513,홍대입구,영등포구청,8,76
20250513,홍대입구,영등포구청,9,28
20250513,홍대입구,영등포구청,10,13
20250513,홍대입구,영등포구청,11,14
20250513,홍대입구,영등포구청,12,22
20250513,홍대입구,영등포구청,13,17
20250513,홍대입구,영등포구청,14,24
20250513,홍대입구,영등포구청,15,27
20250513,홍대입구,영등포구청,16,40
20250513,홍대입구,영등포구청,17,48
20250513,홍대입구,영등포구청,18,75
20250513,홍대입구,영등포구청,19,53
20250513,홍대입구,영등포구청,20,41
20250513,홍대입구,영등포구청,21,45
20250513,홍대입구,영등포구청,22,39
20250513,홍대입구,영등포구청,23,23
20250513,홍대입구,왕십리(성동구청),0,4
20250513,홍대입구,왕십리(성동구청),5,4
20250513,홍대입구,왕십리(성동구청),6,4
20250513,홍대입구,왕십리(성동구청),7,9
20250513,홍대입구,왕십리(성동구청),8,8
20250513,홍대입구,왕십리(성동구청),9,7
20250513,홍대입구,왕십리(성동구청),10,13
20250513,홍대입구,왕십리(성동구청),11,10
20250513,홍대입구,왕십리(성동구청),12,14
20250513,홍대입구,왕십리(성동구청),13,11
20250513,홍대입구,왕십리(성동구청),14,11
20250513,홍대입구,왕십리(성동구청),15,13
20250513,홍대입구,왕십리(성동구청),16,16
20250513,홍대입구,왕십리(성동구청),17,31
20250513,홍대입구,왕십리(성동구청),18,38
20250513,홍대입구,왕십리(성동구청),19,36
20250513,홍대입구,왕십리(성동구청),20,36
20250513,홍대입구,왕십리(성동구청),21,62
20250513,홍대입구,왕십리(성동구청),22,41
20250513,홍대입구,왕십리(성동구청),23,38
20250513,홍대입구,용두(동대문구청),6,1
20250513,홍대입구,용두(동대문구청),17,1
20250513,홍대입구,용두(동대문구청),18,2
20250513,홍대입구,용두(동대문구청),19,1
20250513,홍대입구,용두(동대문구청),22,1
20250513,홍대입구,을지로3가,0,8
20250513,홍대입구,을지로3가,5,9
20250513,홍대입구,을지로3가,6,27
20250513,홍대입구,을지로3가,7,87
20250513,홍대입구,을지로3가,8,115
20250513,홍대입구,을지로3가,9,54
20250513,홍대입구,을지로3가,10,47
20250513,홍대입구,을지로3가,11,27
20250513,홍대입구,을지로3가,12,37
20250513,홍대입구,을지로3가,13,53
20250513,홍대입구,을지로3가,14,38
20250513,홍대입구,을지로3가,15,51
20250513,홍대입구,을지로3가,16,68
20250513,홍대입구,을지로3가,17,65
20250513,홍대입구,을지로3가,18,103
20250513,홍대입구,을지로3가,19,81
20250513,홍대입구,을지로3가,20,86
20250513,홍대입구,을지로3가,21,110
20250513,홍대입구,을지로3가,22,94
20250513,홍대입구,을지로3가,23,43
20250513,홍대입구,을지로4가,0,6
20250513,홍대입구,을지로4가,5,6
20250513,홍대입구,을지로4가,6,22
20250513,홍대입구,을지로4가,7,38
20250513,홍대입구,을지로4가,8,48
20250513,홍대입구,을지로4가,9,57
20250513,홍대입구,을지로4가,10,43
20250513,홍대입구,을지로4가,11,32
20250513,홍대입구,을지로4가,12,27
20250513,홍대입구,을지로4가,13,23
20250513,홍대입구,을지로4가,14,46
20250513,홍대입구,을지로4가,15,30
20250513,홍대입구,을지로4가,16,32
20250513,홍대입구,을지로4가,17,23
20250513,홍대입구,을지로4가,18,26
20250513,홍대입구,을지로4가,19,30
20250513,홍대입구,을지로4가,20,32
20250513,홍대입구,을지로4가,21,63
20250513,홍대입구,을지로4가,22,38
20250513,홍대입구,을지로4가,23,35
20250513,홍대입구,을지로입구,0,23
20250513,홍대입구,을지로입구,4,1
20250513,홍대입구,을지로입구,5,21
20250513,홍대입구,을지로입구,6,57
20250513,홍대입구,을지로입구,7,185
20250513,홍대입구,을지로입구,8,298
20250513,홍대입구,을지로입구,9,150
20250513,홍대입구,을지로입구,10,123
20250513,홍대입구,을지로입구,11,144
20250513,홍대입구,을지로입구,12,152
20250513,홍대입구,을지로입구,13,138
20250513,홍대입구,을지로입구,14,199
20250513,홍대입구,을지로입구,15,166
20250513,홍대입구,을지로입구,16,208
20250513,홍대입구,을지로입구,17,220
20250513,홍대입구,을지로입구,18,231
20250513,홍대입구,을지로입구,19,185
20250513,홍대입구,을지로입구,20,243
20250513,홍대입구,을지로입구,21,250
20250513,홍대입구,을지로입구,22,200
20250513,홍대입구,을지로입구,23,62
20250513,홍대입구,이대,0,17
20250513,홍대입구,이대,5,1
20250513,홍대입구,이대,6,3
20250513,홍대입구,이대,7,6
20250513,홍대입구,이대,8,31
20250513,홍대입구,이대,9,52
20250513,홍대입구,이대,10,34
20250513,홍대입구,이대,11,34
20250513,홍대입구,이대,12,37
20250513,홍대입구,이대,13,47
20250513,홍대입구,이대,14,52
20250513,홍대입구,이대,15,41
20250513,홍대입구,이대,16,66
20250513,홍대입구,이대,17,79
20250513,홍대입구,이대,18,79
20250513,홍대입구,이대,19,76
20250513,홍대입구,이대,20,74
20250513,홍대입구,이대,21,101
20250513,홍대입구,이대,22,68
20250513,홍대입구,이대,23,50
20250513,홍대입구,잠실(송파구청),0,6
20250513,홍대입구,잠실(송파구청),5,3
20250513,홍대입구,잠실(송파구청),6,22
20250513,홍대입구,잠실(송파구청),7,45
20250513,홍대입구,잠실(송파구청),8,59
20250513,홍대입구,잠실(송파구청),9,44
20250513,홍대입구,잠실(송파구청),10,55
20250513,홍대입구,잠실(송파구청),11,55
20250513,홍대입구,잠실(송파구청),12,63
20250513,홍대입구,잠실(송파구청),13,49
20250513,홍대입구,잠실(송파구청),14,61
20250513,홍대입구,잠실(송파구청),15,61
20250513,홍대입구,잠실(송파구청),16,83
20250513,홍대입구,잠실(송파구청),17,126
20250513,홍대입구,잠실(송파구청),18,74
20250513,홍대입구,잠실(송파구청),19,78
20250513,홍대입구,잠실(송파구청),20,58
20250513,홍대입구,잠실(송파구청),21,68
20250513,홍대입구,잠실(송파구청),22,75
20250513,홍대입구,잠실(송파구청),23,44
20250513,홍대입구,잠실나루,5,9
20250513,홍대입구,잠실나루,6,10
20250513,홍대입구,잠실나루,7,16
20250513,홍대입구,잠실나루,8,11
20250513,홍대입구,잠실나루,9,5
20250513,홍대입구,잠실나루,10,5
20250513,홍대입구,잠실나루,11,2
20250513,홍대입구,잠실나루,12,12
20250513,홍대입구,잠실나루,13,5
20250513,홍대입구,잠실나루,14,16
20250513,홍대입구,잠실나루,15,11
20250513,홍대입구,잠실나루,16,7
20250513,홍대입구,잠실나루,17,15
20250513,홍대입구,잠실나루,18,3
20250513,홍대입구,잠실나루,19,11
20250513,홍대입구,잠실나루,20,12
20250513,홍대입구,잠실나루,21,13
20250513,홍대입구,잠실나루,22,9
20250513,홍대입구,잠실나루,23,4
20250513,홍대입구,잠실새내,0,2
20250513,홍대입구,잠실새내,5,1
20250513,홍대입구,잠실새내,6,2
20250513,홍대입구,잠실새내,7,6
20250513,홍대입구,잠실새내,8,3
20250513,홍대입구,잠실새내,9,3
20250513,홍대입구,잠실새내,10,3
20250513,홍대입구,잠실새내,11,6
20250513,홍대입구,잠실새내,12,15
20250513,홍대입구,잠실새내,13,8
20250513,홍대입구,잠실새내,14,11
20250513,홍대입구,잠실새내,15,11
20250513,홍대입구,잠실새내,16,28
20250513,홍대입구,잠실새내,17,13
20250513,홍대입구,잠실새내,18,23
20250513,홍대입구,잠실새내,19,15
20250513,홍대입구,잠실새내,20,13
20250513,홍대입구,잠실새내,21,11
20250513,홍대입구,잠실새내,22,21
20250513,홍대입구,잠실새내,23,15
20250513,홍대입구,종합운동장,5,3
20250513,홍대입구,종합운동장,6,2
20250513,홍대입구,종합운동장,7,3
20250513,홍대입구,종합운동장,9,2
20250513,홍대입구,종합운동장,10,1
20250513,홍대입구,종합운동장,12,1
20250513,홍대입구,종합운동장,13,2
20250513,홍대입구,종합운동장,14,4
20250513,홍대입구,종합운동장,15,10
20250513,홍대입구,종합운동장,16,36
20250513,홍대입구,종합운동장,17,56
20250513,홍대입구,종합운동장,18,29
20250513,홍대입구,종합운동장,19,1
20250513,홍대입구,종합운동장,20,5
20250513,홍대입구,종합운동장,21,7
20250513,홍대입구,종합운동장,22,5
20250513,홍대입구,종합운동장,23,1
20250513,홍대입구,충정로(경기대입구),0,8
20250513,홍대입구,충정로(경기대입구),5,6
20250513,홍대입구,충정로(경기대입구),6,5
20250513,홍대입구,충정로(경기대입구),7,16
20250513,홍대입구,충정로(경기대입구),8,40
20250513,홍대입구,충정로(경기대입구),9,12
20250513,홍대입구,충정로(경기대입구),10,4
20250513,홍대입구,충정로(경기대입구),11,14
20250513,홍대입구,충정로(경기대입구),12,9
20250513,홍대입구,충정로(경기대입구),13,10
20250513,홍대입구,충정로(경기대입구),14,12
20250513,홍대입구,충정로(경기대입구),15,6
20250513,홍대입구,충정로(경기대입구),16,22
20250513,홍대입구,충정로(경기대입구),17,14
20250513,홍대입구,충정로(경기대입구),18,11
20250513,홍대입구,충정로(경기대입구),19,22
20250513,홍대입구,충정로(경기대입구),20,27
20250513,홍대입구,충정로(경기대입구),21,20
20250513,홍대입구,충정로(경기대입구),22,27
20250513,홍대입구,충정로(경기대입구),23,21
20250513,홍대입구,한양대,0,4
20250513,홍대입구,한양대,5,3
20250513,홍대입구,한양대,6,4
20250513,홍대입구,한양대,7,19
20250513,홍대입구,한양대,8,51
20250513,홍대입구,한양대,9,36
20250513,홍대입구,한양대,10,16
20250513,홍대입구,한양대,11,6
20250513,홍대입구,한양대,12,27
20250513,홍대입구,한양대,13,34
20250513,홍대입구,한양대,14,19
20250513,홍대입구,한양대,15,15
20250513,홍대입구,한양대,16,13
20250513,홍대입구,한양대,17,12
20250513,홍대입구,한양대,18,16
20250513,홍대입구,한양대,19,13
20250513,홍대입구,한양대,20,10
20250513,홍대입구,한양대,21,17
20250513,홍대입구,한양대,22,12
20250513,홍대입구,한양대,23,6
20250513,홍대입구,합정,0,6
20250513,홍대입구,합정,6,9
20250513,홍대입구,합정,7,15
20250513,홍대입구,합정,8,28
20250513,홍대입구,합정,9,33
20250513,홍대입구,합정,10,36
20250513,홍대입구,합정,11,40
20250513,홍대입구,합정,12,70
20250513,홍대입구,합정,13,66
20250513,홍대입구,합정,14,82
20250513,홍대입구,합정,15,66
20250513,홍대입구,합정,16,88
20250513,홍대입구,합정,17,86
20250513,홍대입구,합정,18,109
20250513,홍대입구,합정,19,84
20250513,홍대입구,합정,20,59
20250513,홍대입구,합정,21,49
20250513,홍대입구,합정,22,70
20250513,홍대입구,합정,23,31
20250513,홍대입구,홍대입구,0,18
20250513,홍대입구,홍대입구,4,1
20250513,홍대입구,홍대입구,5,5
20250513,홍대입구,홍대입구,6,5
20250513,홍대입구,홍대입구,7,7
20250513,홍대입구,홍대입구,8,13
20250513,홍대입구,홍대입구,9,11
20250513,홍대입구,홍대입구,10,12
20250513,홍대입구,홍대입구,11,26
20250513,홍대입구,홍대입구,12,28
20250513,홍대입구,홍대입구,13,26
20250513,홍대입구,홍대입구,14,79
20250513,홍대입구,홍대입구,15,27
20250513,홍대입구,홍대입구,16,41
20250513,홍대입구,홍대입구,17,67
20250513,홍대입구,홍대입구,18,37
20250513,홍대입구,홍대입구,19,36
20250513,홍대입구,홍대입구,20,34
20250513,홍대입구,홍대입구,21,59
20250513,홍대입구,홍대입구,22,62
20250513,홍대입구,홍대입구,23,59
