기준_날짜,승차_역,하차_역,승차시간,인원수
20250524,강남,강남,4,1
20250524,강남,강남,5,18
20250524,강남,강남,6,7
20250524,강남,강남,7,11
20250524,강남,강남,8,13
20250524,강남,강남,9,20
20250524,강남,강남,10,29
20250524,강남,강남,11,34
20250524,강남,강남,12,37
20250524,강남,강남,13,50
20250524,강남,강남,14,46
20250524,강남,강남,15,43
20250524,강남,강남,16,50
20250524,강남,강남,17,48
20250524,강남,강남,18,42
20250524,강남,강남,19,40
20250524,강남,강남,20,37
20250524,강남,강남,21,34
20250524,강남,강남,22,44
20250524,강남,강남,23,69
20250524,강남,강변(동서울터미널),5,15
20250524,강남,강변(동서울터미널),6,14
20250524,강남,강변(동서울터미널),7,17
20250524,강남,강변(동서울터미널),8,19
20250524,강남,강변(동서울터미널),9,33
20250524,강남,강변(동서울터미널),10,36
20250524,강남,강변(동서울터미널),11,40
20250524,강남,강변(동서울터미널),12,76
20250524,강남,강변(동서울터미널),13,68
20250524,강남,강변(동서울터미널),14,78
20250524,강남,강변(동서울터미널),15,109
20250524,강남,강변(동서울터미널),16,116
20250524,강남,강변(동서울터미널),17,90
20250524,강남,강변(동서울터미널),18,79
20250524,강남,강변(동서울터미널),19,52
20250524,강남,강변(동서울터미널),20,57
20250524,강남,강변(동서울터미널),21,69
20250524,강남,강변(동서울터미널),22,46
20250524,강남,강변(동서울터미널),23,23
20250524,강남,건대입구,5,2
20250524,강남,건대입구,6,5
20250524,강남,건대입구,7,11
20250524,강남,건대입구,8,13
20250524,강남,건대입구,9,11
20250524,강남,건대입구,10,44
20250524,강남,건대입구,11,56
20250524,강남,건대입구,12,65
20250524,강남,건대입구,13,80
20250524,강남,건대입구,14,72
20250524,강남,건대입구,15,89
20250524,강남,건대입구,16,106
20250524,강남,건대입구,17,128
20250524,강남,건대입구,18,77
20250524,강남,건대입구,19,51
20250524,강남,건대입구,20,61
20250524,강남,건대입구,21,73
20250524,강남,건대입구,22,97
20250524,강남,건대입구,23,59
20250524,강남,교대(법원.검찰청),5,3
20250524,강남,교대(법원.검찰청),6,17
20250524,강남,교대(법원.검찰청),7,12
20250524,강남,교대(법원.검찰청),8,26
20250524,강남,교대(법원.검찰청),9,43
20250524,강남,교대(법원.검찰청),10,46
20250524,강남,교대(법원.검찰청),11,52
20250524,강남,교대(법원.검찰청),12,61
20250524,강남,교대(법원.검찰청),13,67
20250524,강남,교대(법원.검찰청),14,89
20250524,강남,교대(법원.검찰청),15,83
20250524,강남,교대(법원.검찰청),16,84
20250524,강남,교대(법원.검찰청),17,77
20250524,강남,교대(법원.검찰청),18,48
20250524,강남,교대(법원.검찰청),19,36
20250524,강남,교대(법원.검찰청),20,39
20250524,강남,교대(법원.검찰청),21,55
20250524,강남,교대(법원.검찰청),22,58
20250524,강남,교대(법원.검찰청),23,38
20250524,강남,구로디지털단지,5,14
20250524,강남,구로디지털단지,6,15
20250524,강남,구로디지털단지,7,12
20250524,강남,구로디지털단지,8,17
20250524,강남,구로디지털단지,9,23
20250524,강남,구로디지털단지,10,33
20250524,강남,구로디지털단지,11,42
20250524,강남,구로디지털단지,12,51
20250524,강남,구로디지털단지,13,64
20250524,강남,구로디지털단지,14,107
20250524,강남,구로디지털단지,15,131
20250524,강남,구로디지털단지,16,145
20250524,강남,구로디지털단지,17,157
20250524,강남,구로디지털단지,18,124
20250524,강남,구로디지털단지,19,88
20250524,강남,구로디지털단지,20,119
20250524,강남,구로디지털단지,21,157
20250524,강남,구로디지털단지,22,163
20250524,강남,구로디지털단지,23,77
20250524,강남,구의(광진구청),5,4
20250524,강남,구의(광진구청),6,9
20250524,강남,구의(광진구청),7,9
20250524,강남,구의(광진구청),8,12
20250524,강남,구의(광진구청),9,20
20250524,강남,구의(광진구청),10,19
20250524,강남,구의(광진구청),11,32
20250524,강남,구의(광진구청),12,43
20250524,강남,구의(광진구청),13,51
20250524,강남,구의(광진구청),14,52
20250524,강남,구의(광진구청),15,69
20250524,강남,구의(광진구청),16,82
20250524,강남,구의(광진구청),17,69
20250524,강남,구의(광진구청),18,63
20250524,강남,구의(광진구청),19,31
20250524,강남,구의(광진구청),20,56
20250524,강남,구의(광진구청),21,67
20250524,강남,구의(광진구청),22,72
20250524,강남,구의(광진구청),23,35
20250524,강남,낙성대,5,13
20250524,강남,낙성대,6,17
20250524,강남,낙성대,7,9
20250524,강남,낙성대,8,18
20250524,강남,낙성대,9,19
20250524,강남,낙성대,10,40
20250524,강남,낙성대,11,57
20250524,강남,낙성대,12,61
20250524,강남,낙성대,13,81
20250524,강남,낙성대,14,75
20250524,강남,낙성대,15,92
20250524,강남,낙성대,16,94
20250524,강남,낙성대,17,120
20250524,강남,낙성대,18,92
20250524,강남,낙성대,19,109
20250524,강남,낙성대,20,102
20250524,강남,낙성대,21,113
20250524,강남,낙성대,22,129
20250524,강남,낙성대,23,69
20250524,강남,당산,6,1
20250524,강남,당산,7,1
20250524,강남,당산,8,6
20250524,강남,당산,9,2
20250524,강남,당산,10,4
20250524,강남,당산,11,6
20250524,강남,당산,12,23
20250524,강남,당산,13,14
20250524,강남,당산,14,15
20250524,강남,당산,15,19
20250524,강남,당산,16,20
20250524,강남,당산,17,17
20250524,강남,당산,18,18
20250524,강남,당산,19,16
20250524,강남,당산,20,4
20250524,강남,당산,21,10
20250524,강남,당산,22,13
20250524,강남,당산,23,6
20250524,강남,대림(구로구청),5,3
20250524,강남,대림(구로구청),6,7
20250524,강남,대림(구로구청),7,8
20250524,강남,대림(구로구청),8,12
20250524,강남,대림(구로구청),9,16
20250524,강남,대림(구로구청),10,15
20250524,강남,대림(구로구청),11,22
20250524,강남,대림(구로구청),12,19
20250524,강남,대림(구로구청),13,34
20250524,강남,대림(구로구청),14,34
20250524,강남,대림(구로구청),15,52
20250524,강남,대림(구로구청),16,71
20250524,강남,대림(구로구청),17,43
20250524,강남,대림(구로구청),18,31
20250524,강남,대림(구로구청),19,33
20250524,강남,대림(구로구청),20,63
20250524,강남,대림(구로구청),21,93
20250524,강남,대림(구로구청),22,61
20250524,강남,대림(구로구청),23,31
20250524,강남,동대문역사문화공원,7,2
20250524,강남,동대문역사문화공원,8,1
20250524,강남,동대문역사문화공원,9,7
20250524,강남,동대문역사문화공원,10,6
20250524,강남,동대문역사문화공원,11,10
20250524,강남,동대문역사문화공원,12,16
20250524,강남,동대문역사문화공원,13,12
20250524,강남,동대문역사문화공원,14,5
20250524,강남,동대문역사문화공원,15,11
20250524,강남,동대문역사문화공원,16,13
20250524,강남,동대문역사문화공원,17,22
20250524,강남,동대문역사문화공원,18,11
20250524,강남,동대문역사문화공원,19,8
20250524,강남,동대문역사문화공원,20,10
20250524,강남,동대문역사문화공원,21,10
20250524,강남,동대문역사문화공원,22,3
20250524,강남,뚝섬,6,1
20250524,강남,뚝섬,7,3
20250524,강남,뚝섬,8,2
20250524,강남,뚝섬,9,6
20250524,강남,뚝섬,10,18
20250524,강남,뚝섬,11,28
20250524,강남,뚝섬,12,55
20250524,강남,뚝섬,13,57
20250524,강남,뚝섬,14,31
20250524,강남,뚝섬,15,36
20250524,강남,뚝섬,16,21
20250524,강남,뚝섬,17,25
20250524,강남,뚝섬,18,21
20250524,강남,뚝섬,19,10
20250524,강남,뚝섬,20,19
20250524,강남,뚝섬,21,8
20250524,강남,뚝섬,22,10
20250524,강남,뚝섬,23,5
20250524,강남,문래,6,1
20250524,강남,문래,7,1
20250524,강남,문래,8,3
20250524,강남,문래,9,8
20250524,강남,문래,10,15
20250524,강남,문래,11,10
20250524,강남,문래,12,12
20250524,강남,문래,13,31
20250524,강남,문래,14,31
20250524,강남,문래,15,29
20250524,강남,문래,16,26
20250524,강남,문래,17,32
20250524,강남,문래,18,22
20250524,강남,문래,19,16
20250524,강남,문래,20,13
20250524,강남,문래,21,15
20250524,강남,문래,22,20
20250524,강남,문래,23,7
20250524,강남,방배,5,2
20250524,강남,방배,6,4
20250524,강남,방배,7,6
20250524,강남,방배,8,17
20250524,강남,방배,9,38
20250524,강남,방배,10,34
20250524,강남,방배,11,35
20250524,강남,방배,12,49
20250524,강남,방배,13,44
20250524,강남,방배,14,49
20250524,강남,방배,15,66
20250524,강남,방배,16,57
20250524,강남,방배,17,61
20250524,강남,방배,18,55
20250524,강남,방배,19,44
20250524,강남,방배,20,46
20250524,강남,방배,21,46
20250524,강남,방배,22,56
20250524,강남,방배,23,42
20250524,강남,봉천,5,7
20250524,강남,봉천,6,6
20250524,강남,봉천,7,8
20250524,강남,봉천,8,15
20250524,강남,봉천,9,14
20250524,강남,봉천,10,30
20250524,강남,봉천,11,24
20250524,강남,봉천,12,37
20250524,강남,봉천,13,29
20250524,강남,봉천,14,56
20250524,강남,봉천,15,70
20250524,강남,봉천,16,79
20250524,강남,봉천,17,90
20250524,강남,봉천,18,76
20250524,강남,봉천,19,64
20250524,강남,봉천,20,65
20250524,강남,봉천,21,71
20250524,강남,봉천,22,81
20250524,강남,봉천,23,46
20250524,강남,사당,4,1
20250524,강남,사당,5,12
20250524,강남,사당,6,27
20250524,강남,사당,7,28
20250524,강남,사당,8,30
20250524,강남,사당,9,39
20250524,강남,사당,10,87
20250524,강남,사당,11,91
20250524,강남,사당,12,116
20250524,강남,사당,13,148
20250524,강남,사당,14,186
20250524,강남,사당,15,255
20250524,강남,사당,16,275
20250524,강남,사당,17,306
20250524,강남,사당,18,225
20250524,강남,사당,19,153
20250524,강남,사당,20,190
20250524,강남,사당,21,207
20250524,강남,사당,22,198
20250524,강남,사당,23,111
20250524,강남,삼성(무역센터),5,5
20250524,강남,삼성(무역센터),6,17
20250524,강남,삼성(무역센터),7,18
20250524,강남,삼성(무역센터),8,36
20250524,강남,삼성(무역센터),9,78
20250524,강남,삼성(무역센터),10,132
20250524,강남,삼성(무역센터),11,142
20250524,강남,삼성(무역센터),12,160
20250524,강남,삼성(무역센터),13,260
20250524,강남,삼성(무역센터),14,230
20250524,강남,삼성(무역센터),15,214
20250524,강남,삼성(무역센터),16,270
20250524,강남,삼성(무역센터),17,207
20250524,강남,삼성(무역센터),18,109
20250524,강남,삼성(무역센터),19,64
20250524,강남,삼성(무역센터),20,63
20250524,강남,삼성(무역센터),21,51
20250524,강남,삼성(무역센터),22,29
20250524,강남,삼성(무역센터),23,41
20250524,강남,상왕십리,6,1
20250524,강남,상왕십리,7,1
20250524,강남,상왕십리,8,2
20250524,강남,상왕십리,9,4
20250524,강남,상왕십리,10,4
20250524,강남,상왕십리,11,10
20250524,강남,상왕십리,12,10
20250524,강남,상왕십리,13,7
20250524,강남,상왕십리,14,15
20250524,강남,상왕십리,15,11
20250524,강남,상왕십리,16,13
20250524,강남,상왕십리,17,14
20250524,강남,상왕십리,18,13
20250524,강남,상왕십리,19,13
20250524,강남,상왕십리,20,13
20250524,강남,상왕십리,21,16
20250524,강남,상왕십리,22,8
20250524,강남,상왕십리,23,3
20250524,강남,서울대입구(관악구청),5,12
20250524,강남,서울대입구(관악구청),6,19
20250524,강남,서울대입구(관악구청),7,21
20250524,강남,서울대입구(관악구청),8,37
20250524,강남,서울대입구(관악구청),9,56
20250524,강남,서울대입구(관악구청),10,78
20250524,강남,서울대입구(관악구청),11,95
20250524,강남,서울대입구(관악구청),12,109
20250524,강남,서울대입구(관악구청),13,119
20250524,강남,서울대입구(관악구청),14,135
20250524,강남,서울대입구(관악구청),15,184
20250524,강남,서울대입구(관악구청),16,216
20250524,강남,서울대입구(관악구청),17,227
20250524,강남,서울대입구(관악구청),18,184
20250524,강남,서울대입구(관악구청),19,145
20250524,강남,서울대입구(관악구청),20,150
20250524,강남,서울대입구(관악구청),21,211
20250524,강남,서울대입구(관악구청),22,224
20250524,강남,서울대입구(관악구청),23,211
20250524,강남,서초,5,32
20250524,강남,서초,6,43
20250524,강남,서초,7,23
20250524,강남,서초,8,20
20250524,강남,서초,9,36
20250524,강남,서초,10,26
20250524,강남,서초,11,47
20250524,강남,서초,12,73
20250524,강남,서초,13,91
20250524,강남,서초,14,84
20250524,강남,서초,15,68
20250524,강남,서초,16,99
20250524,강남,서초,17,81
20250524,강남,서초,18,62
20250524,강남,서초,19,46
20250524,강남,서초,20,24
20250524,강남,서초,21,47
20250524,강남,서초,22,48
20250524,강남,서초,23,21
20250524,강남,선릉,5,5
20250524,강남,선릉,6,21
20250524,강남,선릉,7,29
20250524,강남,선릉,8,48
20250524,강남,선릉,9,87
20250524,강남,선릉,10,88
20250524,강남,선릉,11,125
20250524,강남,선릉,12,135
20250524,강남,선릉,13,133
20250524,강남,선릉,14,135
20250524,강남,선릉,15,153
20250524,강남,선릉,16,119
20250524,강남,선릉,17,124
20250524,강남,선릉,18,104
20250524,강남,선릉,19,85
20250524,강남,선릉,20,74
20250524,강남,선릉,21,82
20250524,강남,선릉,22,70
20250524,강남,선릉,23,50
20250524,강남,성수,5,3
20250524,강남,성수,6,7
20250524,강남,성수,7,6
20250524,강남,성수,8,15
20250524,강남,성수,9,39
20250524,강남,성수,10,67
20250524,강남,성수,11,114
20250524,강남,성수,12,135
20250524,강남,성수,13,189
20250524,강남,성수,14,165
20250524,강남,성수,15,193
20250524,강남,성수,16,170
20250524,강남,성수,17,96
20250524,강남,성수,18,58
20250524,강남,성수,19,25
20250524,강남,성수,20,24
20250524,강남,성수,21,26
20250524,강남,성수,22,16
20250524,강남,성수,23,17
20250524,강남,시청,7,1
20250524,강남,시청,9,1
20250524,강남,시청,10,5
20250524,강남,시청,11,8
20250524,강남,시청,12,4
20250524,강남,시청,13,10
20250524,강남,시청,14,7
20250524,강남,시청,15,5
20250524,강남,시청,16,10
20250524,강남,시청,17,2
20250524,강남,시청,18,3
20250524,강남,시청,19,11
20250524,강남,시청,20,2
20250524,강남,시청,21,2
20250524,강남,신당,6,1
20250524,강남,신당,7,2
20250524,강남,신당,8,3
20250524,강남,신당,9,2
20250524,강남,신당,10,2
20250524,강남,신당,11,7
20250524,강남,신당,12,15
20250524,강남,신당,13,5
20250524,강남,신당,14,5
20250524,강남,신당,15,8
20250524,강남,신당,16,24
20250524,강남,신당,17,27
20250524,강남,신당,18,6
20250524,강남,신당,19,11
20250524,강남,신당,20,6
20250524,강남,신당,21,10
20250524,강남,신당,22,2
20250524,강남,신당,23,2
20250524,강남,신대방,5,8
20250524,강남,신대방,6,8
20250524,강남,신대방,7,6
20250524,강남,신대방,8,16
20250524,강남,신대방,9,15
20250524,강남,신대방,10,23
20250524,강남,신대방,11,26
20250524,강남,신대방,12,35
20250524,강남,신대방,13,45
20250524,강남,신대방,14,41
20250524,강남,신대방,15,77
20250524,강남,신대방,16,103
20250524,강남,신대방,17,72
20250524,강남,신대방,18,64
20250524,강남,신대방,19,45
20250524,강남,신대방,20,75
20250524,강남,신대방,21,112
20250524,강남,신대방,22,80
20250524,강남,신대방,23,50
20250524,강남,신도림,5,3
20250524,강남,신도림,6,8
20250524,강남,신도림,7,5
20250524,강남,신도림,8,11
20250524,강남,신도림,9,19
20250524,강남,신도림,10,19
20250524,강남,신도림,11,48
20250524,강남,신도림,12,58
20250524,강남,신도림,13,81
20250524,강남,신도림,14,69
20250524,강남,신도림,15,83
20250524,강남,신도림,16,88
20250524,강남,신도림,17,97
20250524,강남,신도림,18,75
20250524,강남,신도림,19,45
20250524,강남,신도림,20,55
20250524,강남,신도림,21,78
20250524,강남,신도림,22,93
20250524,강남,신도림,23,85
20250524,강남,신림,4,1
20250524,강남,신림,5,22
20250524,강남,신림,6,32
20250524,강남,신림,7,34
20250524,강남,신림,8,34
20250524,강남,신림,9,57
20250524,강남,신림,10,55
20250524,강남,신림,11,71
20250524,강남,신림,12,115
20250524,강남,신림,13,100
20250524,강남,신림,14,153
20250524,강남,신림,15,232
20250524,강남,신림,16,250
20250524,강남,신림,17,257
20250524,강남,신림,18,178
20250524,강남,신림,19,214
20250524,강남,신림,20,219
20250524,강남,신림,21,235
20250524,강남,신림,22,284
20250524,강남,신림,23,169
20250524,강남,신촌,9,15
20250524,강남,신촌,10,11
20250524,강남,신촌,11,21
20250524,강남,신촌,12,30
20250524,강남,신촌,13,23
20250524,강남,신촌,14,21
20250524,강남,신촌,15,30
20250524,강남,신촌,16,54
20250524,강남,신촌,17,44
20250524,강남,신촌,18,30
20250524,강남,신촌,19,10
20250524,강남,신촌,20,25
20250524,강남,신촌,21,17
20250524,강남,신촌,22,24
20250524,강남,신촌,23,5
20250524,강남,아현,7,1
20250524,강남,아현,8,1
20250524,강남,아현,10,1
20250524,강남,아현,11,1
20250524,강남,아현,12,2
20250524,강남,아현,13,3
20250524,강남,아현,14,3
20250524,강남,아현,15,6
20250524,강남,아현,16,10
20250524,강남,아현,17,6
20250524,강남,아현,18,5
20250524,강남,아현,19,4
20250524,강남,아현,20,5
20250524,강남,아현,21,6
20250524,강남,아현,22,9
20250524,강남,아현,23,2
20250524,강남,역삼,5,7
20250524,강남,역삼,6,7
20250524,강남,역삼,7,16
20250524,강남,역삼,8,16
20250524,강남,역삼,9,51
20250524,강남,역삼,10,30
20250524,강남,역삼,11,44
20250524,강남,역삼,12,81
20250524,강남,역삼,13,98
20250524,강남,역삼,14,68
20250524,강남,역삼,15,75
20250524,강남,역삼,16,81
20250524,강남,역삼,17,78
20250524,강남,역삼,18,61
20250524,강남,역삼,19,34
20250524,강남,역삼,20,38
20250524,강남,역삼,21,55
20250524,강남,역삼,22,23
20250524,강남,역삼,23,14
20250524,강남,영등포구청,6,1
20250524,강남,영등포구청,8,2
20250524,강남,영등포구청,9,8
20250524,강남,영등포구청,10,11
20250524,강남,영등포구청,11,7
20250524,강남,영등포구청,12,17
20250524,강남,영등포구청,13,12
20250524,강남,영등포구청,14,12
20250524,강남,영등포구청,15,17
20250524,강남,영등포구청,16,17
20250524,강남,영등포구청,17,24
20250524,강남,영등포구청,18,10
20250524,강남,영등포구청,19,5
20250524,강남,영등포구청,20,20
20250524,강남,영등포구청,21,24
20250524,강남,영등포구청,22,21
20250524,강남,영등포구청,23,4
20250524,강남,왕십리(성동구청),6,1
20250524,강남,왕십리(성동구청),8,1
20250524,강남,왕십리(성동구청),10,3
20250524,강남,왕십리(성동구청),11,3
20250524,강남,왕십리(성동구청),12,8
20250524,강남,왕십리(성동구청),13,8
20250524,강남,왕십리(성동구청),14,9
20250524,강남,왕십리(성동구청),15,9
20250524,강남,왕십리(성동구청),16,13
20250524,강남,왕십리(성동구청),17,12
20250524,강남,왕십리(성동구청),18,9
20250524,강남,왕십리(성동구청),19,6
20250524,강남,왕십리(성동구청),20,7
20250524,강남,왕십리(성동구청),21,7
20250524,강남,왕십리(성동구청),22,11
20250524,강남,왕십리(성동구청),23,1
20250524,강남,용두(동대문구청),5,1
20250524,강남,용두(동대문구청),6,2
20250524,강남,용두(동대문구청),7,1
20250524,강남,용두(동대문구청),10,1
20250524,강남,용두(동대문구청),11,3
20250524,강남,용두(동대문구청),14,4
20250524,강남,용두(동대문구청),15,7
20250524,강남,용두(동대문구청),16,2
20250524,강남,용두(동대문구청),17,6
20250524,강남,용두(동대문구청),18,2
20250524,강남,용두(동대문구청),19,2
20250524,강남,용두(동대문구청),20,1
20250524,강남,용두(동대문구청),21,3
20250524,강남,용두(동대문구청),22,2
20250524,강남,용두(동대문구청),23,2
20250524,강남,을지로3가,10,2
20250524,강남,을지로3가,11,5
20250524,강남,을지로3가,12,2
20250524,강남,을지로3가,13,3
20250524,강남,을지로3가,15,4
20250524,강남,을지로3가,16,7
20250524,강남,을지로3가,17,6
20250524,강남,을지로3가,18,1
20250524,강남,을지로3가,19,3
20250524,강남,을지로3가,20,2
20250524,강남,을지로3가,21,2
20250524,강남,을지로3가,22,2
20250524,강남,을지로3가,23,1
20250524,강남,을지로4가,8,1
20250524,강남,을지로4가,10,2
20250524,강남,을지로4가,11,7
20250524,강남,을지로4가,12,12
20250524,강남,을지로4가,13,2
20250524,강남,을지로4가,14,6
20250524,강남,을지로4가,15,6
20250524,강남,을지로4가,16,4
20250524,강남,을지로4가,17,6
20250524,강남,을지로4가,18,2
20250524,강남,을지로4가,19,6
20250524,강남,을지로4가,20,4
20250524,강남,을지로4가,21,3
20250524,강남,을지로4가,22,2
20250524,강남,을지로입구,7,1
20250524,강남,을지로입구,9,2
20250524,강남,을지로입구,10,4
20250524,강남,을지로입구,11,5
20250524,강남,을지로입구,12,10
20250524,강남,을지로입구,13,22
20250524,강남,을지로입구,14,8
20250524,강남,을지로입구,15,15
20250524,강남,을지로입구,16,21
20250524,강남,을지로입구,17,13
20250524,강남,을지로입구,18,9
20250524,강남,을지로입구,19,1
20250524,강남,을지로입구,20,6
20250524,강남,을지로입구,22,4
20250524,강남,을지로입구,23,1
20250524,강남,이대,5,2
20250524,강남,이대,6,2
20250524,강남,이대,7,3
20250524,강남,이대,8,1
20250524,강남,이대,9,2
20250524,강남,이대,10,7
20250524,강남,이대,11,4
20250524,강남,이대,12,8
20250524,강남,이대,13,7
20250524,강남,이대,14,11
20250524,강남,이대,15,14
20250524,강남,이대,16,13
20250524,강남,이대,17,13
20250524,강남,이대,18,10
20250524,강남,이대,19,8
20250524,강남,이대,20,10
20250524,강남,이대,21,12
20250524,강남,이대,22,21
20250524,강남,이대,23,5
20250524,강남,잠실(송파구청),4,1
20250524,강남,잠실(송파구청),5,13
20250524,강남,잠실(송파구청),6,47
20250524,강남,잠실(송파구청),7,31
20250524,강남,잠실(송파구청),8,57
20250524,강남,잠실(송파구청),9,138
20250524,강남,잠실(송파구청),10,180
20250524,강남,잠실(송파구청),11,270
20250524,강남,잠실(송파구청),12,297
20250524,강남,잠실(송파구청),13,361
20250524,강남,잠실(송파구청),14,402
20250524,강남,잠실(송파구청),15,407
20250524,강남,잠실(송파구청),16,449
20250524,강남,잠실(송파구청),17,447
20250524,강남,잠실(송파구청),18,321
20250524,강남,잠실(송파구청),19,241
20250524,강남,잠실(송파구청),20,208
20250524,강남,잠실(송파구청),21,239
20250524,강남,잠실(송파구청),22,243
20250524,강남,잠실(송파구청),23,147
20250524,강남,잠실나루,5,2
20250524,강남,잠실나루,6,9
20250524,강남,잠실나루,7,6
20250524,강남,잠실나루,8,4
20250524,강남,잠실나루,9,10
20250524,강남,잠실나루,10,12
20250524,강남,잠실나루,11,12
20250524,강남,잠실나루,12,14
20250524,강남,잠실나루,13,23
20250524,강남,잠실나루,14,21
20250524,강남,잠실나루,15,22
20250524,강남,잠실나루,16,30
20250524,강남,잠실나루,17,35
20250524,강남,잠실나루,18,34
20250524,강남,잠실나루,19,14
20250524,강남,잠실나루,20,19
20250524,강남,잠실나루,21,23
20250524,강남,잠실나루,22,26
20250524,강남,잠실나루,23,15
20250524,강남,잠실새내,5,3
20250524,강남,잠실새내,6,7
20250524,강남,잠실새내,7,11
20250524,강남,잠실새내,8,21
20250524,강남,잠실새내,9,19
20250524,강남,잠실새내,10,31
20250524,강남,잠실새내,11,57
20250524,강남,잠실새내,12,50
20250524,강남,잠실새내,13,79
20250524,강남,잠실새내,14,80
20250524,강남,잠실새내,15,104
20250524,강남,잠실새내,16,79
20250524,강남,잠실새내,17,112
20250524,강남,잠실새내,18,85
20250524,강남,잠실새내,19,66
20250524,강남,잠실새내,20,72
20250524,강남,잠실새내,21,72
20250524,강남,잠실새내,22,73
20250524,강남,잠실새내,23,24
20250524,강남,종합운동장,5,1
20250524,강남,종합운동장,6,13
20250524,강남,종합운동장,7,8
20250524,강남,종합운동장,8,12
20250524,강남,종합운동장,9,7
20250524,강남,종합운동장,10,15
20250524,강남,종합운동장,11,32
20250524,강남,종합운동장,12,53
20250524,강남,종합운동장,13,59
20250524,강남,종합운동장,14,88
20250524,강남,종합운동장,15,203
20250524,강남,종합운동장,16,239
20250524,강남,종합운동장,17,52
20250524,강남,종합운동장,18,24
20250524,강남,종합운동장,19,29
20250524,강남,종합운동장,20,23
20250524,강남,종합운동장,21,20
20250524,강남,종합운동장,22,32
20250524,강남,종합운동장,23,7
20250524,강남,충정로(경기대입구),8,2
20250524,강남,충정로(경기대입구),10,1
20250524,강남,충정로(경기대입구),11,1
20250524,강남,충정로(경기대입구),12,3
20250524,강남,충정로(경기대입구),13,3
20250524,강남,충정로(경기대입구),14,2
20250524,강남,충정로(경기대입구),15,4
20250524,강남,충정로(경기대입구),16,9
20250524,강남,충정로(경기대입구),17,8
20250524,강남,충정로(경기대입구),18,4
20250524,강남,충정로(경기대입구),19,2
20250524,강남,충정로(경기대입구),20,3
20250524,강남,충정로(경기대입구),22,2
20250524,강남,충정로(경기대입구),23,2
20250524,강남,한양대,7,2
20250524,강남,한양대,8,15
20250524,강남,한양대,9,6
20250524,강남,한양대,10,4
20250524,강남,한양대,11,13
20250524,강남,한양대,12,11
20250524,강남,한양대,13,13
20250524,강남,한양대,14,11
20250524,강남,한양대,15,10
20250524,강남,한양대,16,8
20250524,강남,한양대,17,5
20250524,강남,한양대,18,8
20250524,강남,한양대,19,4
20250524,강남,한양대,20,6
20250524,강남,한양대,21,2
20250524,강남,한양대,22,1
20250524,강남,한양대,23,1
20250524,강남,합정,5,1
20250524,강남,합정,6,1
20250524,강남,합정,7,5
20250524,강남,합정,8,6
20250524,강남,합정,9,17
20250524,강남,합정,10,29
20250524,강남,합정,11,36
20250524,강남,합정,12,53
20250524,강남,합정,13,44
20250524,강남,합정,14,57
20250524,강남,합정,15,61
20250524,강남,합정,16,49
20250524,강남,합정,17,55
20250524,강남,합정,18,50
20250524,강남,합정,19,24
20250524,강남,합정,20,32
20250524,강남,합정,21,26
20250524,강남,합정,22,30
20250524,강남,합정,23,13
20250524,강남,홍대입구,5,7
20250524,강남,홍대입구,6,1
20250524,강남,홍대입구,7,9
20250524,강남,홍대입구,8,11
20250524,강남,홍대입구,9,20
20250524,강남,홍대입구,10,39
20250524,강남,홍대입구,11,69
20250524,강남,홍대입구,12,112
20250524,강남,홍대입구,13,102
20250524,강남,홍대입구,14,114
20250524,강남,홍대입구,15,131
20250524,강남,홍대입구,16,127
20250524,강남,홍대입구,17,105
20250524,강남,홍대입구,18,104
20250524,강남,홍대입구,19,72
20250524,강남,홍대입구,20,49
20250524,강남,홍대입구,21,60
20250524,강남,홍대입구,22,63
20250524,강남,홍대입구,23,17
20250524,강변(동서울터미널),강남,5,10
20250524,강변(동서울터미널),강남,6,12
20250524,강변(동서울터미널),강남,7,41
20250524,강변(동서울터미널),강남,8,88
20250524,강변(동서울터미널),강남,9,150
20250524,강변(동서울터미널),강남,10,119
20250524,강변(동서울터미널),강남,11,79
20250524,강변(동서울터미널),강남,12,105
20250524,강변(동서울터미널),강남,13,100
20250524,강변(동서울터미널),강남,14,74
20250524,강변(동서울터미널),강남,15,63
20250524,강변(동서울터미널),강남,16,67
20250524,강변(동서울터미널),강남,17,70
20250524,강변(동서울터미널),강남,18,54
20250524,강변(동서울터미널),강남,19,34
20250524,강변(동서울터미널),강남,20,23
20250524,강변(동서울터미널),강남,21,22
20250524,강변(동서울터미널),강남,22,17
20250524,강변(동서울터미널),강남,23,4
20250524,강변(동서울터미널),강변(동서울터미널),5,2
20250524,강변(동서울터미널),강변(동서울터미널),6,2
20250524,강변(동서울터미널),강변(동서울터미널),7,5
20250524,강변(동서울터미널),강변(동서울터미널),8,9
20250524,강변(동서울터미널),강변(동서울터미널),9,21
20250524,강변(동서울터미널),강변(동서울터미널),10,19
20250524,강변(동서울터미널),강변(동서울터미널),11,17
20250524,강변(동서울터미널),강변(동서울터미널),12,10
20250524,강변(동서울터미널),강변(동서울터미널),13,14
20250524,강변(동서울터미널),강변(동서울터미널),14,19
20250524,강변(동서울터미널),강변(동서울터미널),15,21
20250524,강변(동서울터미널),강변(동서울터미널),16,15
20250524,강변(동서울터미널),강변(동서울터미널),17,11
20250524,강변(동서울터미널),강변(동서울터미널),18,15
20250524,강변(동서울터미널),강변(동서울터미널),19,21
20250524,강변(동서울터미널),강변(동서울터미널),20,7
20250524,강변(동서울터미널),강변(동서울터미널),21,10
20250524,강변(동서울터미널),강변(동서울터미널),22,9
20250524,강변(동서울터미널),강변(동서울터미널),23,5
20250524,강변(동서울터미널),건대입구,5,8
20250524,강변(동서울터미널),건대입구,6,8
20250524,강변(동서울터미널),건대입구,7,25
20250524,강변(동서울터미널),건대입구,8,63
20250524,강변(동서울터미널),건대입구,9,89
20250524,강변(동서울터미널),건대입구,10,118
20250524,강변(동서울터미널),건대입구,11,147
20250524,강변(동서울터미널),건대입구,12,149
20250524,강변(동서울터미널),건대입구,13,118
20250524,강변(동서울터미널),건대입구,14,123
20250524,강변(동서울터미널),건대입구,15,91
20250524,강변(동서울터미널),건대입구,16,127
20250524,강변(동서울터미널),건대입구,17,123
20250524,강변(동서울터미널),건대입구,18,151
20250524,강변(동서울터미널),건대입구,19,86
20250524,강변(동서울터미널),건대입구,20,66
20250524,강변(동서울터미널),건대입구,21,49
20250524,강변(동서울터미널),건대입구,22,35
20250524,강변(동서울터미널),건대입구,23,16
20250524,강변(동서울터미널),교대(법원.검찰청),5,3
20250524,강변(동서울터미널),교대(법원.검찰청),6,11
20250524,강변(동서울터미널),교대(법원.검찰청),7,8
20250524,강변(동서울터미널),교대(법원.검찰청),8,30
20250524,강변(동서울터미널),교대(법원.검찰청),9,17
20250524,강변(동서울터미널),교대(법원.검찰청),10,16
20250524,강변(동서울터미널),교대(법원.검찰청),11,25
20250524,강변(동서울터미널),교대(법원.검찰청),12,19
20250524,강변(동서울터미널),교대(법원.검찰청),13,17
20250524,강변(동서울터미널),교대(법원.검찰청),14,11
20250524,강변(동서울터미널),교대(법원.검찰청),15,15
20250524,강변(동서울터미널),교대(법원.검찰청),16,14
20250524,강변(동서울터미널),교대(법원.검찰청),17,11
20250524,강변(동서울터미널),교대(법원.검찰청),18,8
20250524,강변(동서울터미널),교대(법원.검찰청),19,8
20250524,강변(동서울터미널),교대(법원.검찰청),20,7
20250524,강변(동서울터미널),교대(법원.검찰청),21,3
20250524,강변(동서울터미널),교대(법원.검찰청),22,4
20250524,강변(동서울터미널),교대(법원.검찰청),23,2
20250524,강변(동서울터미널),구로디지털단지,6,3
20250524,강변(동서울터미널),구로디지털단지,7,3
20250524,강변(동서울터미널),구로디지털단지,8,6
20250524,강변(동서울터미널),구로디지털단지,9,16
20250524,강변(동서울터미널),구로디지털단지,10,11
20250524,강변(동서울터미널),구로디지털단지,11,16
20250524,강변(동서울터미널),구로디지털단지,12,15
20250524,강변(동서울터미널),구로디지털단지,13,13
20250524,강변(동서울터미널),구로디지털단지,14,11
20250524,강변(동서울터미널),구로디지털단지,15,19
20250524,강변(동서울터미널),구로디지털단지,16,27
20250524,강변(동서울터미널),구로디지털단지,17,24
20250524,강변(동서울터미널),구로디지털단지,18,6
20250524,강변(동서울터미널),구로디지털단지,19,11
20250524,강변(동서울터미널),구로디지털단지,20,13
20250524,강변(동서울터미널),구로디지털단지,21,7
20250524,강변(동서울터미널),구로디지털단지,22,10
20250524,강변(동서울터미널),구로디지털단지,23,3
20250524,강변(동서울터미널),구의(광진구청),5,1
20250524,강변(동서울터미널),구의(광진구청),6,8
20250524,강변(동서울터미널),구의(광진구청),7,7
20250524,강변(동서울터미널),구의(광진구청),8,21
20250524,강변(동서울터미널),구의(광진구청),9,31
20250524,강변(동서울터미널),구의(광진구청),10,47
20250524,강변(동서울터미널),구의(광진구청),11,44
20250524,강변(동서울터미널),구의(광진구청),12,29
20250524,강변(동서울터미널),구의(광진구청),13,39
20250524,강변(동서울터미널),구의(광진구청),14,28
20250524,강변(동서울터미널),구의(광진구청),15,43
20250524,강변(동서울터미널),구의(광진구청),16,37
20250524,강변(동서울터미널),구의(광진구청),17,53
20250524,강변(동서울터미널),구의(광진구청),18,34
20250524,강변(동서울터미널),구의(광진구청),19,31
20250524,강변(동서울터미널),구의(광진구청),20,31
20250524,강변(동서울터미널),구의(광진구청),21,28
20250524,강변(동서울터미널),구의(광진구청),22,12
20250524,강변(동서울터미널),구의(광진구청),23,6
20250524,강변(동서울터미널),낙성대,6,3
20250524,강변(동서울터미널),낙성대,7,1
20250524,강변(동서울터미널),낙성대,8,8
20250524,강변(동서울터미널),낙성대,9,8
20250524,강변(동서울터미널),낙성대,10,12
20250524,강변(동서울터미널),낙성대,11,5
20250524,강변(동서울터미널),낙성대,12,6
20250524,강변(동서울터미널),낙성대,13,10
20250524,강변(동서울터미널),낙성대,14,5
20250524,강변(동서울터미널),낙성대,15,8
20250524,강변(동서울터미널),낙성대,16,11
20250524,강변(동서울터미널),낙성대,17,10
20250524,강변(동서울터미널),낙성대,18,6
20250524,강변(동서울터미널),낙성대,19,7
20250524,강변(동서울터미널),낙성대,20,7
20250524,강변(동서울터미널),낙성대,21,6
20250524,강변(동서울터미널),낙성대,22,1
20250524,강변(동서울터미널),당산,5,1
20250524,강변(동서울터미널),당산,6,1
20250524,강변(동서울터미널),당산,7,1
20250524,강변(동서울터미널),당산,8,11
20250524,강변(동서울터미널),당산,9,2
20250524,강변(동서울터미널),당산,10,9
20250524,강변(동서울터미널),당산,11,6
20250524,강변(동서울터미널),당산,12,6
20250524,강변(동서울터미널),당산,13,2
20250524,강변(동서울터미널),당산,14,4
20250524,강변(동서울터미널),당산,15,3
20250524,강변(동서울터미널),당산,16,10
20250524,강변(동서울터미널),당산,17,6
20250524,강변(동서울터미널),당산,18,8
20250524,강변(동서울터미널),당산,19,6
20250524,강변(동서울터미널),당산,20,9
20250524,강변(동서울터미널),당산,21,4
20250524,강변(동서울터미널),당산,22,3
20250524,강변(동서울터미널),당산,23,3
20250524,강변(동서울터미널),대림(구로구청),5,1
20250524,강변(동서울터미널),대림(구로구청),6,3
20250524,강변(동서울터미널),대림(구로구청),7,6
20250524,강변(동서울터미널),대림(구로구청),8,5
20250524,강변(동서울터미널),대림(구로구청),9,13
20250524,강변(동서울터미널),대림(구로구청),10,10
20250524,강변(동서울터미널),대림(구로구청),11,10
20250524,강변(동서울터미널),대림(구로구청),12,12
20250524,강변(동서울터미널),대림(구로구청),13,3
20250524,강변(동서울터미널),대림(구로구청),14,5
20250524,강변(동서울터미널),대림(구로구청),15,14
20250524,강변(동서울터미널),대림(구로구청),16,22
20250524,강변(동서울터미널),대림(구로구청),17,10
20250524,강변(동서울터미널),대림(구로구청),18,8
20250524,강변(동서울터미널),대림(구로구청),19,8
20250524,강변(동서울터미널),대림(구로구청),20,3
20250524,강변(동서울터미널),대림(구로구청),21,13
20250524,강변(동서울터미널),대림(구로구청),22,5
20250524,강변(동서울터미널),대림(구로구청),23,2
20250524,강변(동서울터미널),동대문역사문화공원,5,1
20250524,강변(동서울터미널),동대문역사문화공원,6,4
20250524,강변(동서울터미널),동대문역사문화공원,7,6
20250524,강변(동서울터미널),동대문역사문화공원,8,19
20250524,강변(동서울터미널),동대문역사문화공원,9,30
20250524,강변(동서울터미널),동대문역사문화공원,10,35
20250524,강변(동서울터미널),동대문역사문화공원,11,56
20250524,강변(동서울터미널),동대문역사문화공원,12,41
20250524,강변(동서울터미널),동대문역사문화공원,13,47
20250524,강변(동서울터미널),동대문역사문화공원,14,35
20250524,강변(동서울터미널),동대문역사문화공원,15,24
20250524,강변(동서울터미널),동대문역사문화공원,16,23
20250524,강변(동서울터미널),동대문역사문화공원,17,19
20250524,강변(동서울터미널),동대문역사문화공원,18,6
20250524,강변(동서울터미널),동대문역사문화공원,19,12
20250524,강변(동서울터미널),동대문역사문화공원,20,12
20250524,강변(동서울터미널),동대문역사문화공원,21,2
20250524,강변(동서울터미널),동대문역사문화공원,22,2
20250524,강변(동서울터미널),동대문역사문화공원,23,2
20250524,강변(동서울터미널),뚝섬,5,5
20250524,강변(동서울터미널),뚝섬,6,7
20250524,강변(동서울터미널),뚝섬,7,6
20250524,강변(동서울터미널),뚝섬,8,14
20250524,강변(동서울터미널),뚝섬,9,35
20250524,강변(동서울터미널),뚝섬,10,69
20250524,강변(동서울터미널),뚝섬,11,82
20250524,강변(동서울터미널),뚝섬,12,79
20250524,강변(동서울터미널),뚝섬,13,58
20250524,강변(동서울터미널),뚝섬,14,35
20250524,강변(동서울터미널),뚝섬,15,31
20250524,강변(동서울터미널),뚝섬,16,49
20250524,강변(동서울터미널),뚝섬,17,37
20250524,강변(동서울터미널),뚝섬,18,19
20250524,강변(동서울터미널),뚝섬,19,13
20250524,강변(동서울터미널),뚝섬,20,12
20250524,강변(동서울터미널),뚝섬,21,11
20250524,강변(동서울터미널),뚝섬,22,5
20250524,강변(동서울터미널),뚝섬,23,2
20250524,강변(동서울터미널),문래,7,3
20250524,강변(동서울터미널),문래,8,3
20250524,강변(동서울터미널),문래,9,2
20250524,강변(동서울터미널),문래,10,6
20250524,강변(동서울터미널),문래,11,3
20250524,강변(동서울터미널),문래,13,6
20250524,강변(동서울터미널),문래,14,1
20250524,강변(동서울터미널),문래,16,5
20250524,강변(동서울터미널),문래,17,3
20250524,강변(동서울터미널),문래,18,5
20250524,강변(동서울터미널),문래,19,1
20250524,강변(동서울터미널),문래,20,2
20250524,강변(동서울터미널),문래,21,4
20250524,강변(동서울터미널),문래,23,2
20250524,강변(동서울터미널),방배,6,3
20250524,강변(동서울터미널),방배,7,6
20250524,강변(동서울터미널),방배,8,12
20250524,강변(동서울터미널),방배,9,9
20250524,강변(동서울터미널),방배,10,7
20250524,강변(동서울터미널),방배,11,4
20250524,강변(동서울터미널),방배,12,3
20250524,강변(동서울터미널),방배,13,6
20250524,강변(동서울터미널),방배,14,7
20250524,강변(동서울터미널),방배,15,1
20250524,강변(동서울터미널),방배,16,8
20250524,강변(동서울터미널),방배,17,4
20250524,강변(동서울터미널),방배,18,3
20250524,강변(동서울터미널),방배,19,3
20250524,강변(동서울터미널),방배,20,3
20250524,강변(동서울터미널),방배,21,2
20250524,강변(동서울터미널),방배,22,1
20250524,강변(동서울터미널),봉천,6,2
20250524,강변(동서울터미널),봉천,7,4
20250524,강변(동서울터미널),봉천,8,4
20250524,강변(동서울터미널),봉천,9,5
20250524,강변(동서울터미널),봉천,10,8
20250524,강변(동서울터미널),봉천,11,5
20250524,강변(동서울터미널),봉천,12,9
20250524,강변(동서울터미널),봉천,13,8
20250524,강변(동서울터미널),봉천,14,16
20250524,강변(동서울터미널),봉천,15,12
20250524,강변(동서울터미널),봉천,16,10
20250524,강변(동서울터미널),봉천,17,12
20250524,강변(동서울터미널),봉천,18,5
20250524,강변(동서울터미널),봉천,19,6
20250524,강변(동서울터미널),봉천,20,4
20250524,강변(동서울터미널),봉천,21,5
20250524,강변(동서울터미널),봉천,22,2
20250524,강변(동서울터미널),사당,5,8
20250524,강변(동서울터미널),사당,6,13
20250524,강변(동서울터미널),사당,7,16
20250524,강변(동서울터미널),사당,8,15
20250524,강변(동서울터미널),사당,9,14
20250524,강변(동서울터미널),사당,10,28
20250524,강변(동서울터미널),사당,11,25
20250524,강변(동서울터미널),사당,12,33
20250524,강변(동서울터미널),사당,13,26
20250524,강변(동서울터미널),사당,14,36
20250524,강변(동서울터미널),사당,15,36
20250524,강변(동서울터미널),사당,16,31
20250524,강변(동서울터미널),사당,17,28
20250524,강변(동서울터미널),사당,18,23
20250524,강변(동서울터미널),사당,19,24
20250524,강변(동서울터미널),사당,20,29
20250524,강변(동서울터미널),사당,21,14
20250524,강변(동서울터미널),사당,22,7
20250524,강변(동서울터미널),사당,23,5
20250524,강변(동서울터미널),삼성(무역센터),5,10
20250524,강변(동서울터미널),삼성(무역센터),6,12
20250524,강변(동서울터미널),삼성(무역센터),7,25
20250524,강변(동서울터미널),삼성(무역센터),8,50
20250524,강변(동서울터미널),삼성(무역센터),9,58
20250524,강변(동서울터미널),삼성(무역센터),10,54
20250524,강변(동서울터미널),삼성(무역센터),11,69
20250524,강변(동서울터미널),삼성(무역센터),12,89
20250524,강변(동서울터미널),삼성(무역센터),13,61
20250524,강변(동서울터미널),삼성(무역센터),14,41
20250524,강변(동서울터미널),삼성(무역센터),15,51
20250524,강변(동서울터미널),삼성(무역센터),16,50
20250524,강변(동서울터미널),삼성(무역센터),17,31
20250524,강변(동서울터미널),삼성(무역센터),18,20
20250524,강변(동서울터미널),삼성(무역센터),19,20
20250524,강변(동서울터미널),삼성(무역센터),20,8
20250524,강변(동서울터미널),삼성(무역센터),21,7
20250524,강변(동서울터미널),삼성(무역센터),22,7
20250524,강변(동서울터미널),삼성(무역센터),23,2
20250524,강변(동서울터미널),상왕십리,5,1
20250524,강변(동서울터미널),상왕십리,6,1
20250524,강변(동서울터미널),상왕십리,7,5
20250524,강변(동서울터미널),상왕십리,8,5
20250524,강변(동서울터미널),상왕십리,9,6
20250524,강변(동서울터미널),상왕십리,10,9
20250524,강변(동서울터미널),상왕십리,11,7
20250524,강변(동서울터미널),상왕십리,12,4
20250524,강변(동서울터미널),상왕십리,13,6
20250524,강변(동서울터미널),상왕십리,14,5
20250524,강변(동서울터미널),상왕십리,15,8
20250524,강변(동서울터미널),상왕십리,16,9
20250524,강변(동서울터미널),상왕십리,17,8
20250524,강변(동서울터미널),상왕십리,18,12
20250524,강변(동서울터미널),상왕십리,19,9
20250524,강변(동서울터미널),상왕십리,20,13
20250524,강변(동서울터미널),상왕십리,21,11
20250524,강변(동서울터미널),상왕십리,22,6
20250524,강변(동서울터미널),서울대입구(관악구청),5,3
20250524,강변(동서울터미널),서울대입구(관악구청),6,2
20250524,강변(동서울터미널),서울대입구(관악구청),7,10
20250524,강변(동서울터미널),서울대입구(관악구청),8,17
20250524,강변(동서울터미널),서울대입구(관악구청),9,19
20250524,강변(동서울터미널),서울대입구(관악구청),10,18
20250524,강변(동서울터미널),서울대입구(관악구청),11,8
20250524,강변(동서울터미널),서울대입구(관악구청),12,20
20250524,강변(동서울터미널),서울대입구(관악구청),13,10
20250524,강변(동서울터미널),서울대입구(관악구청),14,14
20250524,강변(동서울터미널),서울대입구(관악구청),15,24
20250524,강변(동서울터미널),서울대입구(관악구청),16,9
20250524,강변(동서울터미널),서울대입구(관악구청),17,16
20250524,강변(동서울터미널),서울대입구(관악구청),18,17
20250524,강변(동서울터미널),서울대입구(관악구청),19,9
20250524,강변(동서울터미널),서울대입구(관악구청),20,17
20250524,강변(동서울터미널),서울대입구(관악구청),21,18
20250524,강변(동서울터미널),서울대입구(관악구청),22,11
20250524,강변(동서울터미널),서울대입구(관악구청),23,5
20250524,강변(동서울터미널),서초,5,4
20250524,강변(동서울터미널),서초,6,9
20250524,강변(동서울터미널),서초,7,8
20250524,강변(동서울터미널),서초,8,14
20250524,강변(동서울터미널),서초,9,19
20250524,강변(동서울터미널),서초,10,9
20250524,강변(동서울터미널),서초,11,9
20250524,강변(동서울터미널),서초,12,20
20250524,강변(동서울터미널),서초,13,15
20250524,강변(동서울터미널),서초,14,7
20250524,강변(동서울터미널),서초,15,11
20250524,강변(동서울터미널),서초,16,7
20250524,강변(동서울터미널),서초,17,1
20250524,강변(동서울터미널),서초,18,6
20250524,강변(동서울터미널),서초,19,1
20250524,강변(동서울터미널),서초,20,3
20250524,강변(동서울터미널),서초,21,4
20250524,강변(동서울터미널),선릉,5,6
20250524,강변(동서울터미널),선릉,6,12
20250524,강변(동서울터미널),선릉,7,19
20250524,강변(동서울터미널),선릉,8,51
20250524,강변(동서울터미널),선릉,9,68
20250524,강변(동서울터미널),선릉,10,49
20250524,강변(동서울터미널),선릉,11,57
20250524,강변(동서울터미널),선릉,12,51
20250524,강변(동서울터미널),선릉,13,46
20250524,강변(동서울터미널),선릉,14,27
20250524,강변(동서울터미널),선릉,15,34
20250524,강변(동서울터미널),선릉,16,35
20250524,강변(동서울터미널),선릉,17,28
20250524,강변(동서울터미널),선릉,18,14
20250524,강변(동서울터미널),선릉,19,12
20250524,강변(동서울터미널),선릉,20,11
20250524,강변(동서울터미널),선릉,21,7
20250524,강변(동서울터미널),선릉,22,5
20250524,강변(동서울터미널),선릉,23,2
20250524,강변(동서울터미널),성수,5,8
20250524,강변(동서울터미널),성수,6,18
20250524,강변(동서울터미널),성수,7,11
20250524,강변(동서울터미널),성수,8,52
20250524,강변(동서울터미널),성수,9,92
20250524,강변(동서울터미널),성수,10,122
20250524,강변(동서울터미널),성수,11,163
20250524,강변(동서울터미널),성수,12,201
20250524,강변(동서울터미널),성수,13,125
20250524,강변(동서울터미널),성수,14,97
20250524,강변(동서울터미널),성수,15,94
20250524,강변(동서울터미널),성수,16,96
20250524,강변(동서울터미널),성수,17,83
20250524,강변(동서울터미널),성수,18,62
20250524,강변(동서울터미널),성수,19,23
20250524,강변(동서울터미널),성수,20,12
20250524,강변(동서울터미널),성수,21,9
20250524,강변(동서울터미널),성수,22,11
20250524,강변(동서울터미널),성수,23,8
20250524,강변(동서울터미널),시청,6,1
20250524,강변(동서울터미널),시청,7,9
20250524,강변(동서울터미널),시청,8,16
20250524,강변(동서울터미널),시청,9,17
20250524,강변(동서울터미널),시청,10,17
20250524,강변(동서울터미널),시청,11,30
20250524,강변(동서울터미널),시청,12,24
20250524,강변(동서울터미널),시청,13,15
20250524,강변(동서울터미널),시청,14,6
20250524,강변(동서울터미널),시청,15,13
20250524,강변(동서울터미널),시청,16,19
20250524,강변(동서울터미널),시청,17,5
20250524,강변(동서울터미널),시청,18,4
20250524,강변(동서울터미널),시청,19,2
20250524,강변(동서울터미널),시청,20,1
20250524,강변(동서울터미널),시청,21,3
20250524,강변(동서울터미널),신당,5,2
20250524,강변(동서울터미널),신당,6,1
20250524,강변(동서울터미널),신당,7,4
20250524,강변(동서울터미널),신당,8,5
20250524,강변(동서울터미널),신당,9,8
20250524,강변(동서울터미널),신당,10,16
20250524,강변(동서울터미널),신당,11,19
20250524,강변(동서울터미널),신당,12,23
20250524,강변(동서울터미널),신당,13,12
20250524,강변(동서울터미널),신당,14,14
20250524,강변(동서울터미널),신당,15,15
20250524,강변(동서울터미널),신당,16,14
20250524,강변(동서울터미널),신당,17,24
20250524,강변(동서울터미널),신당,18,8
20250524,강변(동서울터미널),신당,19,8
20250524,강변(동서울터미널),신당,20,8
20250524,강변(동서울터미널),신당,21,8
20250524,강변(동서울터미널),신당,22,7
20250524,강변(동서울터미널),신당,23,2
20250524,강변(동서울터미널),신대방,5,1
20250524,강변(동서울터미널),신대방,6,2
20250524,강변(동서울터미널),신대방,8,3
20250524,강변(동서울터미널),신대방,9,11
20250524,강변(동서울터미널),신대방,10,5
20250524,강변(동서울터미널),신대방,11,4
20250524,강변(동서울터미널),신대방,12,7
20250524,강변(동서울터미널),신대방,13,12
20250524,강변(동서울터미널),신대방,14,11
20250524,강변(동서울터미널),신대방,15,11
20250524,강변(동서울터미널),신대방,16,13
20250524,강변(동서울터미널),신대방,17,6
20250524,강변(동서울터미널),신대방,18,7
20250524,강변(동서울터미널),신대방,19,7
20250524,강변(동서울터미널),신대방,20,15
20250524,강변(동서울터미널),신대방,21,6
20250524,강변(동서울터미널),신대방,22,2
20250524,강변(동서울터미널),신도림,5,2
20250524,강변(동서울터미널),신도림,6,3
20250524,강변(동서울터미널),신도림,7,4
20250524,강변(동서울터미널),신도림,8,7
20250524,강변(동서울터미널),신도림,9,14
20250524,강변(동서울터미널),신도림,10,21
20250524,강변(동서울터미널),신도림,11,28
20250524,강변(동서울터미널),신도림,12,16
20250524,강변(동서울터미널),신도림,13,15
20250524,강변(동서울터미널),신도림,14,15
20250524,강변(동서울터미널),신도림,15,21
20250524,강변(동서울터미널),신도림,16,17
20250524,강변(동서울터미널),신도림,17,7
20250524,강변(동서울터미널),신도림,18,10
20250524,강변(동서울터미널),신도림,19,9
20250524,강변(동서울터미널),신도림,20,7
20250524,강변(동서울터미널),신도림,21,5
20250524,강변(동서울터미널),신도림,22,10
20250524,강변(동서울터미널),신도림,23,4
20250524,강변(동서울터미널),신림,5,1
20250524,강변(동서울터미널),신림,7,4
20250524,강변(동서울터미널),신림,8,3
20250524,강변(동서울터미널),신림,9,12
20250524,강변(동서울터미널),신림,10,13
20250524,강변(동서울터미널),신림,11,7
20250524,강변(동서울터미널),신림,12,17
20250524,강변(동서울터미널),신림,13,15
20250524,강변(동서울터미널),신림,14,11
20250524,강변(동서울터미널),신림,15,19
20250524,강변(동서울터미널),신림,16,29
20250524,강변(동서울터미널),신림,17,20
20250524,강변(동서울터미널),신림,18,24
20250524,강변(동서울터미널),신림,19,26
20250524,강변(동서울터미널),신림,20,33
20250524,강변(동서울터미널),신림,21,11
20250524,강변(동서울터미널),신림,22,13
20250524,강변(동서울터미널),신촌,5,1
20250524,강변(동서울터미널),신촌,6,1
20250524,강변(동서울터미널),신촌,7,5
20250524,강변(동서울터미널),신촌,8,18
20250524,강변(동서울터미널),신촌,9,18
20250524,강변(동서울터미널),신촌,10,62
20250524,강변(동서울터미널),신촌,11,38
20250524,강변(동서울터미널),신촌,12,44
20250524,강변(동서울터미널),신촌,13,28
20250524,강변(동서울터미널),신촌,14,28
20250524,강변(동서울터미널),신촌,15,27
20250524,강변(동서울터미널),신촌,16,24
20250524,강변(동서울터미널),신촌,17,24
20250524,강변(동서울터미널),신촌,18,13
20250524,강변(동서울터미널),신촌,19,8
20250524,강변(동서울터미널),신촌,20,10
20250524,강변(동서울터미널),신촌,21,10
20250524,강변(동서울터미널),신촌,22,7
20250524,강변(동서울터미널),신촌,23,5
20250524,강변(동서울터미널),아현,7,1
20250524,강변(동서울터미널),아현,8,2
20250524,강변(동서울터미널),아현,9,3
20250524,강변(동서울터미널),아현,10,3
20250524,강변(동서울터미널),아현,11,1
20250524,강변(동서울터미널),아현,12,2
20250524,강변(동서울터미널),아현,13,1
20250524,강변(동서울터미널),아현,14,4
20250524,강변(동서울터미널),아현,15,3
20250524,강변(동서울터미널),아현,16,10
20250524,강변(동서울터미널),아현,17,2
20250524,강변(동서울터미널),아현,18,2
20250524,강변(동서울터미널),아현,19,4
20250524,강변(동서울터미널),아현,20,4
20250524,강변(동서울터미널),아현,21,3
20250524,강변(동서울터미널),역삼,5,7
20250524,강변(동서울터미널),역삼,6,9
20250524,강변(동서울터미널),역삼,7,13
20250524,강변(동서울터미널),역삼,8,39
20250524,강변(동서울터미널),역삼,9,48
20250524,강변(동서울터미널),역삼,10,35
20250524,강변(동서울터미널),역삼,11,24
20250524,강변(동서울터미널),역삼,12,39
20250524,강변(동서울터미널),역삼,13,26
20250524,강변(동서울터미널),역삼,14,27
20250524,강변(동서울터미널),역삼,15,16
20250524,강변(동서울터미널),역삼,16,15
20250524,강변(동서울터미널),역삼,17,23
20250524,강변(동서울터미널),역삼,18,15
20250524,강변(동서울터미널),역삼,19,8
20250524,강변(동서울터미널),역삼,20,7
20250524,강변(동서울터미널),역삼,21,13
20250524,강변(동서울터미널),역삼,22,5
20250524,강변(동서울터미널),역삼,23,1
20250524,강변(동서울터미널),영등포구청,5,1
20250524,강변(동서울터미널),영등포구청,6,2
20250524,강변(동서울터미널),영등포구청,7,1
20250524,강변(동서울터미널),영등포구청,8,1
20250524,강변(동서울터미널),영등포구청,9,5
20250524,강변(동서울터미널),영등포구청,10,2
20250524,강변(동서울터미널),영등포구청,11,5
20250524,강변(동서울터미널),영등포구청,12,5
20250524,강변(동서울터미널),영등포구청,13,6
20250524,강변(동서울터미널),영등포구청,14,4
20250524,강변(동서울터미널),영등포구청,15,4
20250524,강변(동서울터미널),영등포구청,16,3
20250524,강변(동서울터미널),영등포구청,17,1
20250524,강변(동서울터미널),영등포구청,18,3
20250524,강변(동서울터미널),영등포구청,19,2
20250524,강변(동서울터미널),영등포구청,21,3
20250524,강변(동서울터미널),왕십리(성동구청),5,1
20250524,강변(동서울터미널),왕십리(성동구청),6,2
20250524,강변(동서울터미널),왕십리(성동구청),7,6
20250524,강변(동서울터미널),왕십리(성동구청),8,19
20250524,강변(동서울터미널),왕십리(성동구청),9,10
20250524,강변(동서울터미널),왕십리(성동구청),10,13
20250524,강변(동서울터미널),왕십리(성동구청),11,9
20250524,강변(동서울터미널),왕십리(성동구청),12,17
20250524,강변(동서울터미널),왕십리(성동구청),13,8
20250524,강변(동서울터미널),왕십리(성동구청),14,22
20250524,강변(동서울터미널),왕십리(성동구청),15,14
20250524,강변(동서울터미널),왕십리(성동구청),16,21
20250524,강변(동서울터미널),왕십리(성동구청),17,16
20250524,강변(동서울터미널),왕십리(성동구청),18,18
20250524,강변(동서울터미널),왕십리(성동구청),19,8
20250524,강변(동서울터미널),왕십리(성동구청),20,15
20250524,강변(동서울터미널),왕십리(성동구청),21,8
20250524,강변(동서울터미널),왕십리(성동구청),22,7
20250524,강변(동서울터미널),왕십리(성동구청),23,3
20250524,강변(동서울터미널),용두(동대문구청),8,1
20250524,강변(동서울터미널),용두(동대문구청),9,1
20250524,강변(동서울터미널),용두(동대문구청),10,5
20250524,강변(동서울터미널),용두(동대문구청),11,5
20250524,강변(동서울터미널),용두(동대문구청),12,4
20250524,강변(동서울터미널),용두(동대문구청),13,3
20250524,강변(동서울터미널),용두(동대문구청),14,1
20250524,강변(동서울터미널),용두(동대문구청),15,4
20250524,강변(동서울터미널),용두(동대문구청),16,9
20250524,강변(동서울터미널),용두(동대문구청),17,4
20250524,강변(동서울터미널),용두(동대문구청),18,7
20250524,강변(동서울터미널),용두(동대문구청),19,1
20250524,강변(동서울터미널),용두(동대문구청),20,2
20250524,강변(동서울터미널),용두(동대문구청),21,3
20250524,강변(동서울터미널),용두(동대문구청),22,4
20250524,강변(동서울터미널),용두(동대문구청),23,1
20250524,강변(동서울터미널),을지로3가,5,3
20250524,강변(동서울터미널),을지로3가,6,7
20250524,강변(동서울터미널),을지로3가,7,3
20250524,강변(동서울터미널),을지로3가,8,3
20250524,강변(동서울터미널),을지로3가,9,14
20250524,강변(동서울터미널),을지로3가,10,15
20250524,강변(동서울터미널),을지로3가,11,27
20250524,강변(동서울터미널),을지로3가,12,23
20250524,강변(동서울터미널),을지로3가,13,15
20250524,강변(동서울터미널),을지로3가,14,24
20250524,강변(동서울터미널),을지로3가,15,12
20250524,강변(동서울터미널),을지로3가,16,16
20250524,강변(동서울터미널),을지로3가,17,24
20250524,강변(동서울터미널),을지로3가,18,11
20250524,강변(동서울터미널),을지로3가,19,13
20250524,강변(동서울터미널),을지로3가,20,8
20250524,강변(동서울터미널),을지로3가,21,4
20250524,강변(동서울터미널),을지로3가,22,2
20250524,강변(동서울터미널),을지로4가,5,3
20250524,강변(동서울터미널),을지로4가,6,2
20250524,강변(동서울터미널),을지로4가,7,6
20250524,강변(동서울터미널),을지로4가,8,11
20250524,강변(동서울터미널),을지로4가,9,13
20250524,강변(동서울터미널),을지로4가,10,23
20250524,강변(동서울터미널),을지로4가,11,13
20250524,강변(동서울터미널),을지로4가,12,17
20250524,강변(동서울터미널),을지로4가,13,17
20250524,강변(동서울터미널),을지로4가,14,28
20250524,강변(동서울터미널),을지로4가,15,6
20250524,강변(동서울터미널),을지로4가,16,6
20250524,강변(동서울터미널),을지로4가,17,4
20250524,강변(동서울터미널),을지로4가,18,2
20250524,강변(동서울터미널),을지로4가,19,3
20250524,강변(동서울터미널),을지로4가,20,2
20250524,강변(동서울터미널),을지로4가,21,1
20250524,강변(동서울터미널),을지로4가,23,2
20250524,강변(동서울터미널),을지로입구,5,3
20250524,강변(동서울터미널),을지로입구,6,2
20250524,강변(동서울터미널),을지로입구,7,13
20250524,강변(동서울터미널),을지로입구,8,15
20250524,강변(동서울터미널),을지로입구,9,29
20250524,강변(동서울터미널),을지로입구,10,40
20250524,강변(동서울터미널),을지로입구,11,43
20250524,강변(동서울터미널),을지로입구,12,30
20250524,강변(동서울터미널),을지로입구,13,21
20250524,강변(동서울터미널),을지로입구,14,24
20250524,강변(동서울터미널),을지로입구,15,20
20250524,강변(동서울터미널),을지로입구,16,20
20250524,강변(동서울터미널),을지로입구,17,12
20250524,강변(동서울터미널),을지로입구,18,4
20250524,강변(동서울터미널),을지로입구,19,5
20250524,강변(동서울터미널),을지로입구,20,4
20250524,강변(동서울터미널),을지로입구,21,2
20250524,강변(동서울터미널),을지로입구,23,5
20250524,강변(동서울터미널),이대,5,1
20250524,강변(동서울터미널),이대,7,4
20250524,강변(동서울터미널),이대,8,6
20250524,강변(동서울터미널),이대,9,14
20250524,강변(동서울터미널),이대,10,17
20250524,강변(동서울터미널),이대,11,18
20250524,강변(동서울터미널),이대,12,9
20250524,강변(동서울터미널),이대,13,6
20250524,강변(동서울터미널),이대,14,10
20250524,강변(동서울터미널),이대,15,6
20250524,강변(동서울터미널),이대,16,7
20250524,강변(동서울터미널),이대,17,3
20250524,강변(동서울터미널),이대,18,6
20250524,강변(동서울터미널),이대,19,4
20250524,강변(동서울터미널),이대,20,6
20250524,강변(동서울터미널),이대,21,6
20250524,강변(동서울터미널),이대,22,5
20250524,강변(동서울터미널),잠실(송파구청),5,8
20250524,강변(동서울터미널),잠실(송파구청),6,21
20250524,강변(동서울터미널),잠실(송파구청),7,44
20250524,강변(동서울터미널),잠실(송파구청),8,128
20250524,강변(동서울터미널),잠실(송파구청),9,205
20250524,강변(동서울터미널),잠실(송파구청),10,218
20250524,강변(동서울터미널),잠실(송파구청),11,205
20250524,강변(동서울터미널),잠실(송파구청),12,212
20250524,강변(동서울터미널),잠실(송파구청),13,236
20250524,강변(동서울터미널),잠실(송파구청),14,183
20250524,강변(동서울터미널),잠실(송파구청),15,217
20250524,강변(동서울터미널),잠실(송파구청),16,214
20250524,강변(동서울터미널),잠실(송파구청),17,194
20250524,강변(동서울터미널),잠실(송파구청),18,148
20250524,강변(동서울터미널),잠실(송파구청),19,110
20250524,강변(동서울터미널),잠실(송파구청),20,68
20250524,강변(동서울터미널),잠실(송파구청),21,63
20250524,강변(동서울터미널),잠실(송파구청),22,47
20250524,강변(동서울터미널),잠실(송파구청),23,25
20250524,강변(동서울터미널),잠실나루,5,11
20250524,강변(동서울터미널),잠실나루,6,6
20250524,강변(동서울터미널),잠실나루,7,5
20250524,강변(동서울터미널),잠실나루,8,18
20250524,강변(동서울터미널),잠실나루,9,25
20250524,강변(동서울터미널),잠실나루,10,29
20250524,강변(동서울터미널),잠실나루,11,17
20250524,강변(동서울터미널),잠실나루,12,23
20250524,강변(동서울터미널),잠실나루,13,19
20250524,강변(동서울터미널),잠실나루,14,37
20250524,강변(동서울터미널),잠실나루,15,18
20250524,강변(동서울터미널),잠실나루,16,32
20250524,강변(동서울터미널),잠실나루,17,34
20250524,강변(동서울터미널),잠실나루,18,27
20250524,강변(동서울터미널),잠실나루,19,18
20250524,강변(동서울터미널),잠실나루,20,25
20250524,강변(동서울터미널),잠실나루,21,20
20250524,강변(동서울터미널),잠실나루,22,11
20250524,강변(동서울터미널),잠실나루,23,4
20250524,강변(동서울터미널),잠실새내,5,3
20250524,강변(동서울터미널),잠실새내,6,3
20250524,강변(동서울터미널),잠실새내,7,13
20250524,강변(동서울터미널),잠실새내,8,30
20250524,강변(동서울터미널),잠실새내,9,50
20250524,강변(동서울터미널),잠실새내,10,57
20250524,강변(동서울터미널),잠실새내,11,62
20250524,강변(동서울터미널),잠실새내,12,40
20250524,강변(동서울터미널),잠실새내,13,26
20250524,강변(동서울터미널),잠실새내,14,47
20250524,강변(동서울터미널),잠실새내,15,43
20250524,강변(동서울터미널),잠실새내,16,41
20250524,강변(동서울터미널),잠실새내,17,47
20250524,강변(동서울터미널),잠실새내,18,23
20250524,강변(동서울터미널),잠실새내,19,21
20250524,강변(동서울터미널),잠실새내,20,16
20250524,강변(동서울터미널),잠실새내,21,17
20250524,강변(동서울터미널),잠실새내,22,11
20250524,강변(동서울터미널),잠실새내,23,8
20250524,강변(동서울터미널),종합운동장,5,3
20250524,강변(동서울터미널),종합운동장,6,10
20250524,강변(동서울터미널),종합운동장,7,14
20250524,강변(동서울터미널),종합운동장,8,10
20250524,강변(동서울터미널),종합운동장,9,12
20250524,강변(동서울터미널),종합운동장,10,13
20250524,강변(동서울터미널),종합운동장,11,21
20250524,강변(동서울터미널),종합운동장,12,20
20250524,강변(동서울터미널),종합운동장,13,43
20250524,강변(동서울터미널),종합운동장,14,31
20250524,강변(동서울터미널),종합운동장,15,71
20250524,강변(동서울터미널),종합운동장,16,91
20250524,강변(동서울터미널),종합운동장,17,12
20250524,강변(동서울터미널),종합운동장,18,5
20250524,강변(동서울터미널),종합운동장,19,2
20250524,강변(동서울터미널),종합운동장,20,5
20250524,강변(동서울터미널),종합운동장,21,5
20250524,강변(동서울터미널),종합운동장,22,2
20250524,강변(동서울터미널),종합운동장,23,2
20250524,강변(동서울터미널),충정로(경기대입구),7,3
20250524,강변(동서울터미널),충정로(경기대입구),8,3
20250524,강변(동서울터미널),충정로(경기대입구),9,1
20250524,강변(동서울터미널),충정로(경기대입구),10,9
20250524,강변(동서울터미널),충정로(경기대입구),11,5
20250524,강변(동서울터미널),충정로(경기대입구),12,5
20250524,강변(동서울터미널),충정로(경기대입구),13,2
20250524,강변(동서울터미널),충정로(경기대입구),14,3
20250524,강변(동서울터미널),충정로(경기대입구),15,3
20250524,강변(동서울터미널),충정로(경기대입구),16,1
20250524,강변(동서울터미널),충정로(경기대입구),17,5
20250524,강변(동서울터미널),충정로(경기대입구),18,4
20250524,강변(동서울터미널),충정로(경기대입구),19,2
20250524,강변(동서울터미널),충정로(경기대입구),20,1
20250524,강변(동서울터미널),충정로(경기대입구),22,1
20250524,강변(동서울터미널),충정로(경기대입구),23,1
20250524,강변(동서울터미널),한양대,5,1
20250524,강변(동서울터미널),한양대,6,2
20250524,강변(동서울터미널),한양대,7,5
20250524,강변(동서울터미널),한양대,8,28
20250524,강변(동서울터미널),한양대,9,11
20250524,강변(동서울터미널),한양대,10,17
20250524,강변(동서울터미널),한양대,11,6
20250524,강변(동서울터미널),한양대,12,10
20250524,강변(동서울터미널),한양대,13,13
20250524,강변(동서울터미널),한양대,14,15
20250524,강변(동서울터미널),한양대,15,2
20250524,강변(동서울터미널),한양대,16,5
20250524,강변(동서울터미널),한양대,17,13
20250524,강변(동서울터미널),한양대,18,6
20250524,강변(동서울터미널),한양대,19,2
20250524,강변(동서울터미널),한양대,20,2
20250524,강변(동서울터미널),한양대,21,3
20250524,강변(동서울터미널),한양대,22,4
20250524,강변(동서울터미널),한양대,23,1
20250524,강변(동서울터미널),합정,5,3
20250524,강변(동서울터미널),합정,6,1
20250524,강변(동서울터미널),합정,7,7
20250524,강변(동서울터미널),합정,8,10
20250524,강변(동서울터미널),합정,9,15
20250524,강변(동서울터미널),합정,10,32
20250524,강변(동서울터미널),합정,11,25
20250524,강변(동서울터미널),합정,12,38
20250524,강변(동서울터미널),합정,13,24
20250524,강변(동서울터미널),합정,14,28
20250524,강변(동서울터미널),합정,15,10
20250524,강변(동서울터미널),합정,16,25
20250524,강변(동서울터미널),합정,17,12
20250524,강변(동서울터미널),합정,18,11
20250524,강변(동서울터미널),합정,19,12
20250524,강변(동서울터미널),합정,20,3
20250524,강변(동서울터미널),합정,21,7
20250524,강변(동서울터미널),합정,22,7
20250524,강변(동서울터미널),합정,23,2
20250524,강변(동서울터미널),홍대입구,5,3
20250524,강변(동서울터미널),홍대입구,6,3
20250524,강변(동서울터미널),홍대입구,7,13
20250524,강변(동서울터미널),홍대입구,8,30
20250524,강변(동서울터미널),홍대입구,9,69
20250524,강변(동서울터미널),홍대입구,10,103
20250524,강변(동서울터미널),홍대입구,11,119
20250524,강변(동서울터미널),홍대입구,12,98
20250524,강변(동서울터미널),홍대입구,13,71
20250524,강변(동서울터미널),홍대입구,14,55
20250524,강변(동서울터미널),홍대입구,15,47
20250524,강변(동서울터미널),홍대입구,16,48
20250524,강변(동서울터미널),홍대입구,17,60
20250524,강변(동서울터미널),홍대입구,18,32
20250524,강변(동서울터미널),홍대입구,19,26
20250524,강변(동서울터미널),홍대입구,20,17
20250524,강변(동서울터미널),홍대입구,21,22
20250524,강변(동서울터미널),홍대입구,22,11
20250524,강변(동서울터미널),홍대입구,23,1
20250524,건대입구,강남,5,12
20250524,건대입구,강남,6,15
20250524,건대입구,강남,7,22
20250524,건대입구,강남,8,72
20250524,건대입구,강남,9,89
20250524,건대입구,강남,10,56
20250524,건대입구,강남,11,49
20250524,건대입구,강남,12,62
20250524,건대입구,강남,13,82
20250524,건대입구,강남,14,64
20250524,건대입구,강남,15,78
20250524,건대입구,강남,16,71
20250524,건대입구,강남,17,82
20250524,건대입구,강남,18,71
20250524,건대입구,강남,19,51
20250524,건대입구,강남,20,69
20250524,건대입구,강남,21,66
20250524,건대입구,강남,22,86
20250524,건대입구,강남,23,39
20250524,건대입구,강변(동서울터미널),5,21
20250524,건대입구,강변(동서울터미널),6,29
20250524,건대입구,강변(동서울터미널),7,42
20250524,건대입구,강변(동서울터미널),8,59
20250524,건대입구,강변(동서울터미널),9,56
20250524,건대입구,강변(동서울터미널),10,56
20250524,건대입구,강변(동서울터미널),11,37
20250524,건대입구,강변(동서울터미널),12,63
20250524,건대입구,강변(동서울터미널),13,75
20250524,건대입구,강변(동서울터미널),14,98
20250524,건대입구,강변(동서울터미널),15,87
20250524,건대입구,강변(동서울터미널),16,105
20250524,건대입구,강변(동서울터미널),17,125
20250524,건대입구,강변(동서울터미널),18,94
20250524,건대입구,강변(동서울터미널),19,125
20250524,건대입구,강변(동서울터미널),20,108
20250524,건대입구,강변(동서울터미널),21,90
20250524,건대입구,강변(동서울터미널),22,92
20250524,건대입구,강변(동서울터미널),23,58
20250524,건대입구,건대입구,0,2
20250524,건대입구,건대입구,5,13
20250524,건대입구,건대입구,6,10
20250524,건대입구,건대입구,7,17
20250524,건대입구,건대입구,8,21
20250524,건대입구,건대입구,9,24
20250524,건대입구,건대입구,10,34
20250524,건대입구,건대입구,11,42
20250524,건대입구,건대입구,12,43
20250524,건대입구,건대입구,13,44
20250524,건대입구,건대입구,14,67
20250524,건대입구,건대입구,15,64
20250524,건대입구,건대입구,16,65
20250524,건대입구,건대입구,17,62
20250524,건대입구,건대입구,18,76
20250524,건대입구,건대입구,19,74
20250524,건대입구,건대입구,20,59
20250524,건대입구,건대입구,21,66
20250524,건대입구,건대입구,22,61
20250524,건대입구,건대입구,23,85
20250524,건대입구,교대(법원.검찰청),5,8
20250524,건대입구,교대(법원.검찰청),6,12
20250524,건대입구,교대(법원.검찰청),7,3
20250524,건대입구,교대(법원.검찰청),8,13
20250524,건대입구,교대(법원.검찰청),9,17
20250524,건대입구,교대(법원.검찰청),10,6
20250524,건대입구,교대(법원.검찰청),11,8
20250524,건대입구,교대(법원.검찰청),12,5
20250524,건대입구,교대(법원.검찰청),13,13
20250524,건대입구,교대(법원.검찰청),14,8
20250524,건대입구,교대(법원.검찰청),15,13
20250524,건대입구,교대(법원.검찰청),16,17
20250524,건대입구,교대(법원.검찰청),17,17
20250524,건대입구,교대(법원.검찰청),18,12
20250524,건대입구,교대(법원.검찰청),19,6
20250524,건대입구,교대(법원.검찰청),20,5
20250524,건대입구,교대(법원.검찰청),21,7
20250524,건대입구,교대(법원.검찰청),22,12
20250524,건대입구,교대(법원.검찰청),23,2
20250524,건대입구,구로디지털단지,5,3
20250524,건대입구,구로디지털단지,6,3
20250524,건대입구,구로디지털단지,7,9
20250524,건대입구,구로디지털단지,8,3
20250524,건대입구,구로디지털단지,9,10
20250524,건대입구,구로디지털단지,10,7
20250524,건대입구,구로디지털단지,11,5
20250524,건대입구,구로디지털단지,12,14
20250524,건대입구,구로디지털단지,13,12
20250524,건대입구,구로디지털단지,14,6
20250524,건대입구,구로디지털단지,15,9
20250524,건대입구,구로디지털단지,16,14
20250524,건대입구,구로디지털단지,17,16
20250524,건대입구,구로디지털단지,18,16
20250524,건대입구,구로디지털단지,19,18
20250524,건대입구,구로디지털단지,20,17
20250524,건대입구,구로디지털단지,21,25
20250524,건대입구,구로디지털단지,22,25
20250524,건대입구,구로디지털단지,23,4
20250524,건대입구,구의(광진구청),5,6
20250524,건대입구,구의(광진구청),6,12
20250524,건대입구,구의(광진구청),7,21
20250524,건대입구,구의(광진구청),8,40
20250524,건대입구,구의(광진구청),9,34
20250524,건대입구,구의(광진구청),10,40
20250524,건대입구,구의(광진구청),11,63
20250524,건대입구,구의(광진구청),12,84
20250524,건대입구,구의(광진구청),13,82
20250524,건대입구,구의(광진구청),14,67
20250524,건대입구,구의(광진구청),15,112
20250524,건대입구,구의(광진구청),16,100
20250524,건대입구,구의(광진구청),17,102
20250524,건대입구,구의(광진구청),18,92
20250524,건대입구,구의(광진구청),19,96
20250524,건대입구,구의(광진구청),20,73
20250524,건대입구,구의(광진구청),21,87
20250524,건대입구,구의(광진구청),22,75
20250524,건대입구,구의(광진구청),23,50
20250524,건대입구,낙성대,6,3
20250524,건대입구,낙성대,7,2
20250524,건대입구,낙성대,8,1
20250524,건대입구,낙성대,9,3
20250524,건대입구,낙성대,10,8
20250524,건대입구,낙성대,11,3
20250524,건대입구,낙성대,12,6
20250524,건대입구,낙성대,13,7
20250524,건대입구,낙성대,14,10
20250524,건대입구,낙성대,15,4
20250524,건대입구,낙성대,16,9
20250524,건대입구,낙성대,17,13
20250524,건대입구,낙성대,18,17
20250524,건대입구,낙성대,19,9
20250524,건대입구,낙성대,20,17
20250524,건대입구,낙성대,21,22
20250524,건대입구,낙성대,22,20
20250524,건대입구,낙성대,23,7
20250524,건대입구,당산,5,1
20250524,건대입구,당산,6,2
20250524,건대입구,당산,7,5
20250524,건대입구,당산,8,6
20250524,건대입구,당산,9,7
20250524,건대입구,당산,10,7
20250524,건대입구,당산,11,12
20250524,건대입구,당산,12,9
20250524,건대입구,당산,13,8
20250524,건대입구,당산,14,7
20250524,건대입구,당산,15,17
20250524,건대입구,당산,16,7
20250524,건대입구,당산,17,13
20250524,건대입구,당산,18,15
20250524,건대입구,당산,19,9
20250524,건대입구,당산,20,15
20250524,건대입구,당산,21,13
20250524,건대입구,당산,22,16
20250524,건대입구,당산,23,13
20250524,건대입구,대림(구로구청),6,1
20250524,건대입구,대림(구로구청),8,2
20250524,건대입구,대림(구로구청),9,3
20250524,건대입구,대림(구로구청),10,5
20250524,건대입구,대림(구로구청),11,4
20250524,건대입구,대림(구로구청),12,4
20250524,건대입구,대림(구로구청),13,3
20250524,건대입구,대림(구로구청),14,1
20250524,건대입구,대림(구로구청),15,2
20250524,건대입구,대림(구로구청),16,6
20250524,건대입구,대림(구로구청),17,3
20250524,건대입구,대림(구로구청),18,3
20250524,건대입구,대림(구로구청),19,4
20250524,건대입구,대림(구로구청),20,6
20250524,건대입구,대림(구로구청),21,6
20250524,건대입구,대림(구로구청),22,5
20250524,건대입구,대림(구로구청),23,3
20250524,건대입구,동대문역사문화공원,5,2
20250524,건대입구,동대문역사문화공원,6,7
20250524,건대입구,동대문역사문화공원,7,6
20250524,건대입구,동대문역사문화공원,8,17
20250524,건대입구,동대문역사문화공원,9,37
20250524,건대입구,동대문역사문화공원,10,27
20250524,건대입구,동대문역사문화공원,11,39
20250524,건대입구,동대문역사문화공원,12,37
20250524,건대입구,동대문역사문화공원,13,48
20250524,건대입구,동대문역사문화공원,14,34
20250524,건대입구,동대문역사문화공원,15,44
20250524,건대입구,동대문역사문화공원,16,37
20250524,건대입구,동대문역사문화공원,17,32
20250524,건대입구,동대문역사문화공원,18,20
20250524,건대입구,동대문역사문화공원,19,24
20250524,건대입구,동대문역사문화공원,20,22
20250524,건대입구,동대문역사문화공원,21,28
20250524,건대입구,동대문역사문화공원,22,10
20250524,건대입구,동대문역사문화공원,23,14
20250524,건대입구,뚝섬,5,3
20250524,건대입구,뚝섬,6,14
20250524,건대입구,뚝섬,7,12
20250524,건대입구,뚝섬,8,21
20250524,건대입구,뚝섬,9,47
20250524,건대입구,뚝섬,10,53
20250524,건대입구,뚝섬,11,61
20250524,건대입구,뚝섬,12,53
20250524,건대입구,뚝섬,13,72
20250524,건대입구,뚝섬,14,48
20250524,건대입구,뚝섬,15,69
20250524,건대입구,뚝섬,16,54
20250524,건대입구,뚝섬,17,88
20250524,건대입구,뚝섬,18,54
20250524,건대입구,뚝섬,19,43
20250524,건대입구,뚝섬,20,42
20250524,건대입구,뚝섬,21,28
20250524,건대입구,뚝섬,22,27
20250524,건대입구,뚝섬,23,19
20250524,건대입구,문래,5,1
20250524,건대입구,문래,6,2
20250524,건대입구,문래,7,2
20250524,건대입구,문래,8,3
20250524,건대입구,문래,9,3
20250524,건대입구,문래,10,10
20250524,건대입구,문래,11,7
20250524,건대입구,문래,12,1
20250524,건대입구,문래,13,10
20250524,건대입구,문래,14,4
20250524,건대입구,문래,15,5
20250524,건대입구,문래,16,3
20250524,건대입구,문래,17,8
20250524,건대입구,문래,18,14
20250524,건대입구,문래,19,1
20250524,건대입구,문래,20,6
20250524,건대입구,문래,21,8
20250524,건대입구,문래,22,4
20250524,건대입구,방배,5,3
20250524,건대입구,방배,6,4
20250524,건대입구,방배,7,1
20250524,건대입구,방배,8,6
20250524,건대입구,방배,9,1
20250524,건대입구,방배,10,4
20250524,건대입구,방배,11,1
20250524,건대입구,방배,12,3
20250524,건대입구,방배,13,2
20250524,건대입구,방배,14,3
20250524,건대입구,방배,15,2
20250524,건대입구,방배,16,3
20250524,건대입구,방배,17,4
20250524,건대입구,방배,18,4
20250524,건대입구,방배,19,2
20250524,건대입구,방배,20,4
20250524,건대입구,방배,21,3
20250524,건대입구,방배,22,5
20250524,건대입구,방배,23,2
20250524,건대입구,봉천,5,1
20250524,건대입구,봉천,8,4
20250524,건대입구,봉천,9,2
20250524,건대입구,봉천,10,2
20250524,건대입구,봉천,11,6
20250524,건대입구,봉천,12,4
20250524,건대입구,봉천,13,6
20250524,건대입구,봉천,14,3
20250524,건대입구,봉천,15,3
20250524,건대입구,봉천,16,7
20250524,건대입구,봉천,17,8
20250524,건대입구,봉천,18,7
20250524,건대입구,봉천,19,8
20250524,건대입구,봉천,20,14
20250524,건대입구,봉천,21,13
20250524,건대입구,봉천,22,17
20250524,건대입구,봉천,23,3
20250524,건대입구,사당,5,5
20250524,건대입구,사당,6,11
20250524,건대입구,사당,7,9
20250524,건대입구,사당,8,12
20250524,건대입구,사당,9,15
20250524,건대입구,사당,10,17
20250524,건대입구,사당,11,14
20250524,건대입구,사당,12,12
20250524,건대입구,사당,13,24
20250524,건대입구,사당,14,23
20250524,건대입구,사당,15,25
20250524,건대입구,사당,16,26
20250524,건대입구,사당,17,32
20250524,건대입구,사당,18,41
20250524,건대입구,사당,19,30
20250524,건대입구,사당,20,46
20250524,건대입구,사당,21,34
20250524,건대입구,사당,22,49
20250524,건대입구,사당,23,23
20250524,건대입구,삼성(무역센터),5,8
20250524,건대입구,삼성(무역센터),6,16
20250524,건대입구,삼성(무역센터),7,9
20250524,건대입구,삼성(무역센터),8,18
20250524,건대입구,삼성(무역센터),9,44
20250524,건대입구,삼성(무역센터),10,29
20250524,건대입구,삼성(무역센터),11,26
20250524,건대입구,삼성(무역센터),12,17
20250524,건대입구,삼성(무역센터),13,33
20250524,건대입구,삼성(무역센터),14,44
20250524,건대입구,삼성(무역센터),15,40
20250524,건대입구,삼성(무역센터),16,42
20250524,건대입구,삼성(무역센터),17,26
20250524,건대입구,삼성(무역센터),18,6
20250524,건대입구,삼성(무역센터),19,17
20250524,건대입구,삼성(무역센터),20,15
20250524,건대입구,삼성(무역센터),21,6
20250524,건대입구,삼성(무역센터),22,12
20250524,건대입구,삼성(무역센터),23,32
20250524,건대입구,상왕십리,5,1
20250524,건대입구,상왕십리,6,1
20250524,건대입구,상왕십리,7,4
20250524,건대입구,상왕십리,8,8
20250524,건대입구,상왕십리,9,14
20250524,건대입구,상왕십리,10,9
20250524,건대입구,상왕십리,11,19
20250524,건대입구,상왕십리,12,18
20250524,건대입구,상왕십리,13,9
20250524,건대입구,상왕십리,14,15
20250524,건대입구,상왕십리,15,16
20250524,건대입구,상왕십리,16,11
20250524,건대입구,상왕십리,17,19
20250524,건대입구,상왕십리,18,30
20250524,건대입구,상왕십리,19,25
20250524,건대입구,상왕십리,20,23
20250524,건대입구,상왕십리,21,19
20250524,건대입구,상왕십리,22,22
20250524,건대입구,상왕십리,23,15
20250524,건대입구,서울대입구(관악구청),5,7
20250524,건대입구,서울대입구(관악구청),6,4
20250524,건대입구,서울대입구(관악구청),7,7
20250524,건대입구,서울대입구(관악구청),8,11
20250524,건대입구,서울대입구(관악구청),9,11
20250524,건대입구,서울대입구(관악구청),10,10
20250524,건대입구,서울대입구(관악구청),11,10
20250524,건대입구,서울대입구(관악구청),12,6
20250524,건대입구,서울대입구(관악구청),13,5
20250524,건대입구,서울대입구(관악구청),14,10
20250524,건대입구,서울대입구(관악구청),15,11
20250524,건대입구,서울대입구(관악구청),16,16
20250524,건대입구,서울대입구(관악구청),17,24
20250524,건대입구,서울대입구(관악구청),18,18
20250524,건대입구,서울대입구(관악구청),19,19
20250524,건대입구,서울대입구(관악구청),20,26
20250524,건대입구,서울대입구(관악구청),21,28
20250524,건대입구,서울대입구(관악구청),22,26
20250524,건대입구,서울대입구(관악구청),23,22
20250524,건대입구,서초,5,10
20250524,건대입구,서초,6,3
20250524,건대입구,서초,7,9
20250524,건대입구,서초,8,11
20250524,건대입구,서초,9,9
20250524,건대입구,서초,10,6
20250524,건대입구,서초,11,5
20250524,건대입구,서초,12,11
20250524,건대입구,서초,13,7
20250524,건대입구,서초,14,2
20250524,건대입구,서초,15,4
20250524,건대입구,서초,16,3
20250524,건대입구,서초,17,6
20250524,건대입구,서초,18,4
20250524,건대입구,서초,19,2
20250524,건대입구,서초,20,3
20250524,건대입구,서초,21,2
20250524,건대입구,서초,22,6
20250524,건대입구,서초,23,4
20250524,건대입구,선릉,5,6
20250524,건대입구,선릉,6,5
20250524,건대입구,선릉,7,13
20250524,건대입구,선릉,8,26
20250524,건대입구,선릉,9,33
20250524,건대입구,선릉,10,21
20250524,건대입구,선릉,11,21
20250524,건대입구,선릉,12,29
20250524,건대입구,선릉,13,23
20250524,건대입구,선릉,14,13
20250524,건대입구,선릉,15,20
20250524,건대입구,선릉,16,18
20250524,건대입구,선릉,17,17
20250524,건대입구,선릉,18,12
20250524,건대입구,선릉,19,20
20250524,건대입구,선릉,20,12
20250524,건대입구,선릉,21,22
20250524,건대입구,선릉,22,10
20250524,건대입구,선릉,23,2
20250524,건대입구,성수,5,5
20250524,건대입구,성수,6,8
20250524,건대입구,성수,7,21
20250524,건대입구,성수,8,25
20250524,건대입구,성수,9,37
20250524,건대입구,성수,10,69
20250524,건대입구,성수,11,76
20250524,건대입구,성수,12,98
20250524,건대입구,성수,13,114
20250524,건대입구,성수,14,115
20250524,건대입구,성수,15,133
20250524,건대입구,성수,16,134
20250524,건대입구,성수,17,113
20250524,건대입구,성수,18,65
20250524,건대입구,성수,19,71
20250524,건대입구,성수,20,41
20250524,건대입구,성수,21,39
20250524,건대입구,성수,22,35
20250524,건대입구,성수,23,39
20250524,건대입구,시청,5,2
20250524,건대입구,시청,6,6
20250524,건대입구,시청,7,9
20250524,건대입구,시청,8,18
20250524,건대입구,시청,9,6
20250524,건대입구,시청,10,6
20250524,건대입구,시청,11,11
20250524,건대입구,시청,12,16
20250524,건대입구,시청,13,16
20250524,건대입구,시청,14,12
20250524,건대입구,시청,15,13
20250524,건대입구,시청,16,5
20250524,건대입구,시청,17,15
20250524,건대입구,시청,18,13
20250524,건대입구,시청,19,7
20250524,건대입구,시청,20,1
20250524,건대입구,시청,21,3
20250524,건대입구,시청,22,13
20250524,건대입구,시청,23,4
20250524,건대입구,신당,5,3
20250524,건대입구,신당,6,5
20250524,건대입구,신당,7,11
20250524,건대입구,신당,8,16
20250524,건대입구,신당,9,18
20250524,건대입구,신당,10,13
20250524,건대입구,신당,11,31
20250524,건대입구,신당,12,9
20250524,건대입구,신당,13,20
20250524,건대입구,신당,14,28
20250524,건대입구,신당,15,22
20250524,건대입구,신당,16,26
20250524,건대입구,신당,17,18
20250524,건대입구,신당,18,24
20250524,건대입구,신당,19,21
20250524,건대입구,신당,20,17
20250524,건대입구,신당,21,14
20250524,건대입구,신당,22,26
20250524,건대입구,신당,23,8
20250524,건대입구,신대방,5,1
20250524,건대입구,신대방,8,1
20250524,건대입구,신대방,10,1
20250524,건대입구,신대방,11,2
20250524,건대입구,신대방,12,2
20250524,건대입구,신대방,13,8
20250524,건대입구,신대방,14,4
20250524,건대입구,신대방,15,1
20250524,건대입구,신대방,16,2
20250524,건대입구,신대방,17,9
20250524,건대입구,신대방,18,15
20250524,건대입구,신대방,19,12
20250524,건대입구,신대방,20,14
20250524,건대입구,신대방,21,16
20250524,건대입구,신대방,22,12
20250524,건대입구,신대방,23,7
20250524,건대입구,신도림,5,4
20250524,건대입구,신도림,6,1
20250524,건대입구,신도림,7,1
20250524,건대입구,신도림,8,2
20250524,건대입구,신도림,9,5
20250524,건대입구,신도림,10,10
20250524,건대입구,신도림,11,12
20250524,건대입구,신도림,12,16
20250524,건대입구,신도림,13,13
20250524,건대입구,신도림,14,10
20250524,건대입구,신도림,15,7
20250524,건대입구,신도림,16,15
20250524,건대입구,신도림,17,12
20250524,건대입구,신도림,18,9
20250524,건대입구,신도림,19,5
20250524,건대입구,신도림,20,13
20250524,건대입구,신도림,21,7
20250524,건대입구,신도림,22,16
20250524,건대입구,신도림,23,20
20250524,건대입구,신림,5,5
20250524,건대입구,신림,6,2
20250524,건대입구,신림,7,7
20250524,건대입구,신림,8,2
20250524,건대입구,신림,9,4
20250524,건대입구,신림,10,4
20250524,건대입구,신림,11,10
20250524,건대입구,신림,12,12
20250524,건대입구,신림,13,15
20250524,건대입구,신림,14,8
20250524,건대입구,신림,15,15
20250524,건대입구,신림,16,28
20250524,건대입구,신림,17,28
20250524,건대입구,신림,18,26
20250524,건대입구,신림,19,15
20250524,건대입구,신림,20,47
20250524,건대입구,신림,21,41
20250524,건대입구,신림,22,44
20250524,건대입구,신림,23,18
20250524,건대입구,신촌,6,3
20250524,건대입구,신촌,7,9
20250524,건대입구,신촌,8,23
20250524,건대입구,신촌,9,33
20250524,건대입구,신촌,10,26
20250524,건대입구,신촌,11,37
20250524,건대입구,신촌,12,46
20250524,건대입구,신촌,13,35
20250524,건대입구,신촌,14,33
20250524,건대입구,신촌,15,34
20250524,건대입구,신촌,16,48
20250524,건대입구,신촌,17,43
20250524,건대입구,신촌,18,44
20250524,건대입구,신촌,19,29
20250524,건대입구,신촌,20,39
20250524,건대입구,신촌,21,40
20250524,건대입구,신촌,22,32
20250524,건대입구,신촌,23,26
20250524,건대입구,아현,5,2
20250524,건대입구,아현,7,3
20250524,건대입구,아현,8,2
20250524,건대입구,아현,9,6
20250524,건대입구,아현,10,1
20250524,건대입구,아현,11,1
20250524,건대입구,아현,12,5
20250524,건대입구,아현,14,3
20250524,건대입구,아현,15,7
20250524,건대입구,아현,16,2
20250524,건대입구,아현,17,5
20250524,건대입구,아현,18,10
20250524,건대입구,아현,19,8
20250524,건대입구,아현,20,15
20250524,건대입구,아현,21,4
20250524,건대입구,아현,22,5
20250524,건대입구,아현,23,3
20250524,건대입구,역삼,5,5
20250524,건대입구,역삼,6,8
20250524,건대입구,역삼,7,9
20250524,건대입구,역삼,8,19
20250524,건대입구,역삼,9,33
20250524,건대입구,역삼,10,21
20250524,건대입구,역삼,11,10
20250524,건대입구,역삼,12,14
20250524,건대입구,역삼,13,13
20250524,건대입구,역삼,14,12
20250524,건대입구,역삼,15,8
20250524,건대입구,역삼,16,29
20250524,건대입구,역삼,17,16
20250524,건대입구,역삼,18,9
20250524,건대입구,역삼,19,14
20250524,건대입구,역삼,20,10
20250524,건대입구,역삼,21,10
20250524,건대입구,역삼,22,9
20250524,건대입구,역삼,23,3
20250524,건대입구,영등포구청,5,1
20250524,건대입구,영등포구청,6,2
20250524,건대입구,영등포구청,7,2
20250524,건대입구,영등포구청,9,3
20250524,건대입구,영등포구청,10,9
20250524,건대입구,영등포구청,11,5
20250524,건대입구,영등포구청,12,2
20250524,건대입구,영등포구청,13,4
20250524,건대입구,영등포구청,14,5
20250524,건대입구,영등포구청,15,5
20250524,건대입구,영등포구청,16,1
20250524,건대입구,영등포구청,17,4
20250524,건대입구,영등포구청,18,6
20250524,건대입구,영등포구청,19,5
20250524,건대입구,영등포구청,20,6
20250524,건대입구,영등포구청,21,5
20250524,건대입구,영등포구청,22,6
20250524,건대입구,영등포구청,23,7
20250524,건대입구,왕십리(성동구청),5,1
20250524,건대입구,왕십리(성동구청),6,1
20250524,건대입구,왕십리(성동구청),7,3
20250524,건대입구,왕십리(성동구청),8,16
20250524,건대입구,왕십리(성동구청),9,20
20250524,건대입구,왕십리(성동구청),10,16
20250524,건대입구,왕십리(성동구청),11,14
20250524,건대입구,왕십리(성동구청),12,18
20250524,건대입구,왕십리(성동구청),13,23
20250524,건대입구,왕십리(성동구청),14,34
20250524,건대입구,왕십리(성동구청),15,33
20250524,건대입구,왕십리(성동구청),16,36
20250524,건대입구,왕십리(성동구청),17,29
20250524,건대입구,왕십리(성동구청),18,41
20250524,건대입구,왕십리(성동구청),19,34
20250524,건대입구,왕십리(성동구청),20,43
20250524,건대입구,왕십리(성동구청),21,19
20250524,건대입구,왕십리(성동구청),22,28
20250524,건대입구,왕십리(성동구청),23,14
20250524,건대입구,용두(동대문구청),5,1
20250524,건대입구,용두(동대문구청),7,4
20250524,건대입구,용두(동대문구청),8,6
20250524,건대입구,용두(동대문구청),9,4
20250524,건대입구,용두(동대문구청),10,12
20250524,건대입구,용두(동대문구청),11,6
20250524,건대입구,용두(동대문구청),12,4
20250524,건대입구,용두(동대문구청),13,7
20250524,건대입구,용두(동대문구청),14,10
20250524,건대입구,용두(동대문구청),15,7
20250524,건대입구,용두(동대문구청),16,6
20250524,건대입구,용두(동대문구청),17,4
20250524,건대입구,용두(동대문구청),18,2
20250524,건대입구,용두(동대문구청),19,2
20250524,건대입구,용두(동대문구청),20,11
20250524,건대입구,용두(동대문구청),21,3
20250524,건대입구,용두(동대문구청),22,12
20250524,건대입구,용두(동대문구청),23,4
20250524,건대입구,을지로3가,5,4
20250524,건대입구,을지로3가,6,9
20250524,건대입구,을지로3가,7,6
20250524,건대입구,을지로3가,8,15
20250524,건대입구,을지로3가,9,6
20250524,건대입구,을지로3가,10,9
20250524,건대입구,을지로3가,11,11
20250524,건대입구,을지로3가,12,16
20250524,건대입구,을지로3가,13,17
20250524,건대입구,을지로3가,14,20
20250524,건대입구,을지로3가,15,19
20250524,건대입구,을지로3가,16,43
20250524,건대입구,을지로3가,17,39
20250524,건대입구,을지로3가,18,37
20250524,건대입구,을지로3가,19,19
20250524,건대입구,을지로3가,20,23
20250524,건대입구,을지로3가,21,7
20250524,건대입구,을지로3가,22,8
20250524,건대입구,을지로3가,23,4
20250524,건대입구,을지로4가,5,5
20250524,건대입구,을지로4가,6,5
20250524,건대입구,을지로4가,7,11
20250524,건대입구,을지로4가,8,13
20250524,건대입구,을지로4가,9,13
20250524,건대입구,을지로4가,10,15
20250524,건대입구,을지로4가,11,12
20250524,건대입구,을지로4가,12,14
20250524,건대입구,을지로4가,13,8
20250524,건대입구,을지로4가,14,15
20250524,건대입구,을지로4가,15,21
20250524,건대입구,을지로4가,16,15
20250524,건대입구,을지로4가,17,10
20250524,건대입구,을지로4가,18,11
20250524,건대입구,을지로4가,19,1
20250524,건대입구,을지로4가,20,7
20250524,건대입구,을지로4가,21,19
20250524,건대입구,을지로4가,22,10
20250524,건대입구,을지로4가,23,5
20250524,건대입구,을지로입구,5,7
20250524,건대입구,을지로입구,6,5
20250524,건대입구,을지로입구,7,13
20250524,건대입구,을지로입구,8,49
20250524,건대입구,을지로입구,9,68
20250524,건대입구,을지로입구,10,61
20250524,건대입구,을지로입구,11,47
20250524,건대입구,을지로입구,12,38
20250524,건대입구,을지로입구,13,44
20250524,건대입구,을지로입구,14,44
20250524,건대입구,을지로입구,15,32
20250524,건대입구,을지로입구,16,47
20250524,건대입구,을지로입구,17,45
20250524,건대입구,을지로입구,18,40
20250524,건대입구,을지로입구,19,7
20250524,건대입구,을지로입구,20,15
20250524,건대입구,을지로입구,21,12
20250524,건대입구,을지로입구,22,5
20250524,건대입구,을지로입구,23,16
20250524,건대입구,이대,5,4
20250524,건대입구,이대,6,3
20250524,건대입구,이대,7,7
20250524,건대입구,이대,8,4
20250524,건대입구,이대,9,8
20250524,건대입구,이대,10,9
20250524,건대입구,이대,11,9
20250524,건대입구,이대,12,9
20250524,건대입구,이대,13,8
20250524,건대입구,이대,14,18
20250524,건대입구,이대,15,5
20250524,건대입구,이대,16,13
20250524,건대입구,이대,17,9
20250524,건대입구,이대,18,12
20250524,건대입구,이대,19,7
20250524,건대입구,이대,20,14
20250524,건대입구,이대,21,17
20250524,건대입구,이대,22,11
20250524,건대입구,이대,23,10
20250524,건대입구,잠실(송파구청),5,24
20250524,건대입구,잠실(송파구청),6,34
20250524,건대입구,잠실(송파구청),7,42
20250524,건대입구,잠실(송파구청),8,73
20250524,건대입구,잠실(송파구청),9,128
20250524,건대입구,잠실(송파구청),10,97
20250524,건대입구,잠실(송파구청),11,126
20250524,건대입구,잠실(송파구청),12,131
20250524,건대입구,잠실(송파구청),13,134
20250524,건대입구,잠실(송파구청),14,163
20250524,건대입구,잠실(송파구청),15,142
20250524,건대입구,잠실(송파구청),16,172
20250524,건대입구,잠실(송파구청),17,180
20250524,건대입구,잠실(송파구청),18,165
20250524,건대입구,잠실(송파구청),19,163
20250524,건대입구,잠실(송파구청),20,162
20250524,건대입구,잠실(송파구청),21,190
20250524,건대입구,잠실(송파구청),22,207
20250524,건대입구,잠실(송파구청),23,128
20250524,건대입구,잠실나루,5,7
20250524,건대입구,잠실나루,6,9
20250524,건대입구,잠실나루,7,9
20250524,건대입구,잠실나루,8,13
20250524,건대입구,잠실나루,9,17
20250524,건대입구,잠실나루,10,6
20250524,건대입구,잠실나루,11,10
20250524,건대입구,잠실나루,12,17
20250524,건대입구,잠실나루,13,15
20250524,건대입구,잠실나루,14,13
20250524,건대입구,잠실나루,15,12
20250524,건대입구,잠실나루,16,27
20250524,건대입구,잠실나루,17,18
20250524,건대입구,잠실나루,18,17
20250524,건대입구,잠실나루,19,22
20250524,건대입구,잠실나루,20,18
20250524,건대입구,잠실나루,21,29
20250524,건대입구,잠실나루,22,23
20250524,건대입구,잠실나루,23,11
20250524,건대입구,잠실새내,5,2
20250524,건대입구,잠실새내,6,9
20250524,건대입구,잠실새내,7,8
20250524,건대입구,잠실새내,8,23
20250524,건대입구,잠실새내,9,32
20250524,건대입구,잠실새내,10,21
20250524,건대입구,잠실새내,11,20
20250524,건대입구,잠실새내,12,18
20250524,건대입구,잠실새내,13,30
20250524,건대입구,잠실새내,14,42
20250524,건대입구,잠실새내,15,32
20250524,건대입구,잠실새내,16,42
20250524,건대입구,잠실새내,17,21
20250524,건대입구,잠실새내,18,35
20250524,건대입구,잠실새내,19,36
20250524,건대입구,잠실새내,20,34
20250524,건대입구,잠실새내,21,25
20250524,건대입구,잠실새내,22,31
20250524,건대입구,잠실새내,23,31
20250524,건대입구,종합운동장,5,2
20250524,건대입구,종합운동장,6,5
20250524,건대입구,종합운동장,7,2
20250524,건대입구,종합운동장,8,9
20250524,건대입구,종합운동장,9,3
20250524,건대입구,종합운동장,10,4
20250524,건대입구,종합운동장,11,7
20250524,건대입구,종합운동장,12,13
20250524,건대입구,종합운동장,13,18
20250524,건대입구,종합운동장,14,16
20250524,건대입구,종합운동장,15,69
20250524,건대입구,종합운동장,16,72
20250524,건대입구,종합운동장,17,11
20250524,건대입구,종합운동장,18,5
20250524,건대입구,종합운동장,19,4
20250524,건대입구,종합운동장,20,3
20250524,건대입구,종합운동장,21,11
20250524,건대입구,종합운동장,22,9
20250524,건대입구,종합운동장,23,3
20250524,건대입구,충정로(경기대입구),5,1
20250524,건대입구,충정로(경기대입구),6,3
20250524,건대입구,충정로(경기대입구),7,3
20250524,건대입구,충정로(경기대입구),8,1
20250524,건대입구,충정로(경기대입구),9,3
20250524,건대입구,충정로(경기대입구),10,4
20250524,건대입구,충정로(경기대입구),11,4
20250524,건대입구,충정로(경기대입구),12,1
20250524,건대입구,충정로(경기대입구),13,4
20250524,건대입구,충정로(경기대입구),14,4
20250524,건대입구,충정로(경기대입구),15,6
20250524,건대입구,충정로(경기대입구),16,5
20250524,건대입구,충정로(경기대입구),17,9
20250524,건대입구,충정로(경기대입구),18,2
20250524,건대입구,충정로(경기대입구),19,8
20250524,건대입구,충정로(경기대입구),20,3
20250524,건대입구,충정로(경기대입구),21,6
20250524,건대입구,충정로(경기대입구),22,10
20250524,건대입구,충정로(경기대입구),23,3
20250524,건대입구,한양대,5,1
20250524,건대입구,한양대,6,3
20250524,건대입구,한양대,7,5
20250524,건대입구,한양대,8,38
20250524,건대입구,한양대,9,19
20250524,건대입구,한양대,10,22
20250524,건대입구,한양대,11,9
20250524,건대입구,한양대,12,23
20250524,건대입구,한양대,13,12
20250524,건대입구,한양대,14,9
20250524,건대입구,한양대,15,16
20250524,건대입구,한양대,16,13
20250524,건대입구,한양대,17,13
20250524,건대입구,한양대,18,11
20250524,건대입구,한양대,19,17
20250524,건대입구,한양대,20,13
20250524,건대입구,한양대,21,13
20250524,건대입구,한양대,22,12
20250524,건대입구,한양대,23,8
20250524,건대입구,합정,5,5
20250524,건대입구,합정,6,2
20250524,건대입구,합정,7,4
20250524,건대입구,합정,8,12
20250524,건대입구,합정,9,27
20250524,건대입구,합정,10,22
20250524,건대입구,합정,11,23
20250524,건대입구,합정,12,27
20250524,건대입구,합정,13,32
20250524,건대입구,합정,14,26
20250524,건대입구,합정,15,26
20250524,건대입구,합정,16,29
20250524,건대입구,합정,17,30
20250524,건대입구,합정,18,23
20250524,건대입구,합정,19,18
20250524,건대입구,합정,20,23
20250524,건대입구,합정,21,21
20250524,건대입구,합정,22,26
20250524,건대입구,합정,23,7
20250524,건대입구,홍대입구,5,10
20250524,건대입구,홍대입구,6,7
20250524,건대입구,홍대입구,7,8
20250524,건대입구,홍대입구,8,26
20250524,건대입구,홍대입구,9,28
20250524,건대입구,홍대입구,10,48
20250524,건대입구,홍대입구,11,62
20250524,건대입구,홍대입구,12,81
20250524,건대입구,홍대입구,13,87
20250524,건대입구,홍대입구,14,64
20250524,건대입구,홍대입구,15,73
20250524,건대입구,홍대입구,16,78
20250524,건대입구,홍대입구,17,82
20250524,건대입구,홍대입구,18,79
20250524,건대입구,홍대입구,19,57
20250524,건대입구,홍대입구,20,56
20250524,건대입구,홍대입구,21,61
20250524,건대입구,홍대입구,22,97
20250524,건대입구,홍대입구,23,63
20250524,교대(법원.검찰청),강남,5,1
20250524,교대(법원.검찰청),강남,6,8
20250524,교대(법원.검찰청),강남,7,16
20250524,교대(법원.검찰청),강남,8,21
20250524,교대(법원.검찰청),강남,9,39
20250524,교대(법원.검찰청),강남,10,51
20250524,교대(법원.검찰청),강남,11,46
20250524,교대(법원.검찰청),강남,12,87
20250524,교대(법원.검찰청),강남,13,88
20250524,교대(법원.검찰청),강남,14,112
20250524,교대(법원.검찰청),강남,15,81
20250524,교대(법원.검찰청),강남,16,81
20250524,교대(법원.검찰청),강남,17,114
20250524,교대(법원.검찰청),강남,18,79
20250524,교대(법원.검찰청),강남,19,94
20250524,교대(법원.검찰청),강남,20,82
20250524,교대(법원.검찰청),강남,21,57
20250524,교대(법원.검찰청),강남,22,30
20250524,교대(법원.검찰청),강남,23,24
20250524,교대(법원.검찰청),강변(동서울터미널),5,2
20250524,교대(법원.검찰청),강변(동서울터미널),6,6
20250524,교대(법원.검찰청),강변(동서울터미널),7,4
20250524,교대(법원.검찰청),강변(동서울터미널),8,8
20250524,교대(법원.검찰청),강변(동서울터미널),9,7
20250524,교대(법원.검찰청),강변(동서울터미널),10,6
20250524,교대(법원.검찰청),강변(동서울터미널),11,7
20250524,교대(법원.검찰청),강변(동서울터미널),12,15
20250524,교대(법원.검찰청),강변(동서울터미널),13,12
20250524,교대(법원.검찰청),강변(동서울터미널),14,9
20250524,교대(법원.검찰청),강변(동서울터미널),15,17
20250524,교대(법원.검찰청),강변(동서울터미널),16,12
20250524,교대(법원.검찰청),강변(동서울터미널),17,24
20250524,교대(법원.검찰청),강변(동서울터미널),18,22
20250524,교대(법원.검찰청),강변(동서울터미널),19,24
20250524,교대(법원.검찰청),강변(동서울터미널),20,16
20250524,교대(법원.검찰청),강변(동서울터미널),21,11
20250524,교대(법원.검찰청),강변(동서울터미널),22,10
20250524,교대(법원.검찰청),강변(동서울터미널),23,9
20250524,교대(법원.검찰청),건대입구,6,1
20250524,교대(법원.검찰청),건대입구,8,5
20250524,교대(법원.검찰청),건대입구,9,6
20250524,교대(법원.검찰청),건대입구,10,4
20250524,교대(법원.검찰청),건대입구,11,9
20250524,교대(법원.검찰청),건대입구,12,13
20250524,교대(법원.검찰청),건대입구,13,7
20250524,교대(법원.검찰청),건대입구,14,16
20250524,교대(법원.검찰청),건대입구,15,18
20250524,교대(법원.검찰청),건대입구,16,27
20250524,교대(법원.검찰청),건대입구,17,15
20250524,교대(법원.검찰청),건대입구,18,18
20250524,교대(법원.검찰청),건대입구,19,11
20250524,교대(법원.검찰청),건대입구,20,22
20250524,교대(법원.검찰청),건대입구,21,9
20250524,교대(법원.검찰청),건대입구,22,10
20250524,교대(법원.검찰청),건대입구,23,5
20250524,교대(법원.검찰청),교대(법원.검찰청),5,1
20250524,교대(법원.검찰청),교대(법원.검찰청),6,3
20250524,교대(법원.검찰청),교대(법원.검찰청),7,2
20250524,교대(법원.검찰청),교대(법원.검찰청),8,8
20250524,교대(법원.검찰청),교대(법원.검찰청),9,4
20250524,교대(법원.검찰청),교대(법원.검찰청),10,10
20250524,교대(법원.검찰청),교대(법원.검찰청),11,18
20250524,교대(법원.검찰청),교대(법원.검찰청),12,16
20250524,교대(법원.검찰청),교대(법원.검찰청),13,19
20250524,교대(법원.검찰청),교대(법원.검찰청),14,28
20250524,교대(법원.검찰청),교대(법원.검찰청),15,26
20250524,교대(법원.검찰청),교대(법원.검찰청),16,25
20250524,교대(법원.검찰청),교대(법원.검찰청),17,26
20250524,교대(법원.검찰청),교대(법원.검찰청),18,15
20250524,교대(법원.검찰청),교대(법원.검찰청),19,23
20250524,교대(법원.검찰청),교대(법원.검찰청),20,18
20250524,교대(법원.검찰청),교대(법원.검찰청),21,16
20250524,교대(법원.검찰청),교대(법원.검찰청),22,13
20250524,교대(법원.검찰청),교대(법원.검찰청),23,6
20250524,교대(법원.검찰청),구로디지털단지,5,2
20250524,교대(법원.검찰청),구로디지털단지,6,8
20250524,교대(법원.검찰청),구로디지털단지,7,6
20250524,교대(법원.검찰청),구로디지털단지,8,10
20250524,교대(법원.검찰청),구로디지털단지,9,13
20250524,교대(법원.검찰청),구로디지털단지,10,6
20250524,교대(법원.검찰청),구로디지털단지,11,8
20250524,교대(법원.검찰청),구로디지털단지,12,20
20250524,교대(법원.검찰청),구로디지털단지,13,38
20250524,교대(법원.검찰청),구로디지털단지,14,29
20250524,교대(법원.검찰청),구로디지털단지,15,29
20250524,교대(법원.검찰청),구로디지털단지,16,21
20250524,교대(법원.검찰청),구로디지털단지,17,30
20250524,교대(법원.검찰청),구로디지털단지,18,29
20250524,교대(법원.검찰청),구로디지털단지,19,33
20250524,교대(법원.검찰청),구로디지털단지,20,40
20250524,교대(법원.검찰청),구로디지털단지,21,46
20250524,교대(법원.검찰청),구로디지털단지,22,31
20250524,교대(법원.검찰청),구로디지털단지,23,14
20250524,교대(법원.검찰청),구의(광진구청),5,1
20250524,교대(법원.검찰청),구의(광진구청),6,3
20250524,교대(법원.검찰청),구의(광진구청),7,1
20250524,교대(법원.검찰청),구의(광진구청),9,5
20250524,교대(법원.검찰청),구의(광진구청),10,8
20250524,교대(법원.검찰청),구의(광진구청),11,8
20250524,교대(법원.검찰청),구의(광진구청),12,12
20250524,교대(법원.검찰청),구의(광진구청),13,11
20250524,교대(법원.검찰청),구의(광진구청),14,3
20250524,교대(법원.검찰청),구의(광진구청),15,11
20250524,교대(법원.검찰청),구의(광진구청),16,23
20250524,교대(법원.검찰청),구의(광진구청),17,9
20250524,교대(법원.검찰청),구의(광진구청),18,16
20250524,교대(법원.검찰청),구의(광진구청),19,18
20250524,교대(법원.검찰청),구의(광진구청),20,24
20250524,교대(법원.검찰청),구의(광진구청),21,7
20250524,교대(법원.검찰청),구의(광진구청),22,11
20250524,교대(법원.검찰청),구의(광진구청),23,7
20250524,교대(법원.검찰청),낙성대,5,1
20250524,교대(법원.검찰청),낙성대,6,7
20250524,교대(법원.검찰청),낙성대,7,1
20250524,교대(법원.검찰청),낙성대,8,6
20250524,교대(법원.검찰청),낙성대,9,14
20250524,교대(법원.검찰청),낙성대,10,8
20250524,교대(법원.검찰청),낙성대,11,15
20250524,교대(법원.검찰청),낙성대,12,24
20250524,교대(법원.검찰청),낙성대,13,31
20250524,교대(법원.검찰청),낙성대,14,21
20250524,교대(법원.검찰청),낙성대,15,25
20250524,교대(법원.검찰청),낙성대,16,35
20250524,교대(법원.검찰청),낙성대,17,38
20250524,교대(법원.검찰청),낙성대,18,39
20250524,교대(법원.검찰청),낙성대,19,23
20250524,교대(법원.검찰청),낙성대,20,28
20250524,교대(법원.검찰청),낙성대,21,19
20250524,교대(법원.검찰청),낙성대,22,38
20250524,교대(법원.검찰청),낙성대,23,19
20250524,교대(법원.검찰청),당산,6,1
20250524,교대(법원.검찰청),당산,7,2
20250524,교대(법원.검찰청),당산,8,2
20250524,교대(법원.검찰청),당산,11,2
20250524,교대(법원.검찰청),당산,12,6
20250524,교대(법원.검찰청),당산,13,2
20250524,교대(법원.검찰청),당산,14,7
20250524,교대(법원.검찰청),당산,15,3
20250524,교대(법원.검찰청),당산,16,5
20250524,교대(법원.검찰청),당산,17,12
20250524,교대(법원.검찰청),당산,18,7
20250524,교대(법원.검찰청),당산,19,11
20250524,교대(법원.검찰청),당산,20,11
20250524,교대(법원.검찰청),당산,21,2
20250524,교대(법원.검찰청),당산,22,2
20250524,교대(법원.검찰청),당산,23,1
20250524,교대(법원.검찰청),대림(구로구청),6,4
20250524,교대(법원.검찰청),대림(구로구청),7,7
20250524,교대(법원.검찰청),대림(구로구청),8,2
20250524,교대(법원.검찰청),대림(구로구청),9,10
20250524,교대(법원.검찰청),대림(구로구청),10,8
20250524,교대(법원.검찰청),대림(구로구청),11,7
20250524,교대(법원.검찰청),대림(구로구청),12,10
20250524,교대(법원.검찰청),대림(구로구청),13,7
20250524,교대(법원.검찰청),대림(구로구청),14,15
20250524,교대(법원.검찰청),대림(구로구청),15,19
20250524,교대(법원.검찰청),대림(구로구청),16,23
20250524,교대(법원.검찰청),대림(구로구청),17,10
20250524,교대(법원.검찰청),대림(구로구청),18,6
20250524,교대(법원.검찰청),대림(구로구청),19,15
20250524,교대(법원.검찰청),대림(구로구청),20,35
20250524,교대(법원.검찰청),대림(구로구청),21,28
20250524,교대(법원.검찰청),대림(구로구청),22,16
20250524,교대(법원.검찰청),대림(구로구청),23,7
20250524,교대(법원.검찰청),동대문역사문화공원,11,1
20250524,교대(법원.검찰청),동대문역사문화공원,12,2
20250524,교대(법원.검찰청),동대문역사문화공원,14,2
20250524,교대(법원.검찰청),동대문역사문화공원,15,1
20250524,교대(법원.검찰청),동대문역사문화공원,16,1
20250524,교대(법원.검찰청),동대문역사문화공원,19,1
20250524,교대(법원.검찰청),동대문역사문화공원,20,2
20250524,교대(법원.검찰청),동대문역사문화공원,21,1
20250524,교대(법원.검찰청),뚝섬,7,2
20250524,교대(법원.검찰청),뚝섬,8,1
20250524,교대(법원.검찰청),뚝섬,9,2
20250524,교대(법원.검찰청),뚝섬,10,2
20250524,교대(법원.검찰청),뚝섬,11,7
20250524,교대(법원.검찰청),뚝섬,12,6
20250524,교대(법원.검찰청),뚝섬,13,10
20250524,교대(법원.검찰청),뚝섬,14,7
20250524,교대(법원.검찰청),뚝섬,15,8
20250524,교대(법원.검찰청),뚝섬,16,1
20250524,교대(법원.검찰청),뚝섬,17,4
20250524,교대(법원.검찰청),뚝섬,18,8
20250524,교대(법원.검찰청),뚝섬,19,6
20250524,교대(법원.검찰청),뚝섬,21,1
20250524,교대(법원.검찰청),뚝섬,22,2
20250524,교대(법원.검찰청),뚝섬,23,1
20250524,교대(법원.검찰청),문래,8,1
20250524,교대(법원.검찰청),문래,9,4
20250524,교대(법원.검찰청),문래,10,3
20250524,교대(법원.검찰청),문래,11,4
20250524,교대(법원.검찰청),문래,12,4
20250524,교대(법원.검찰청),문래,13,3
20250524,교대(법원.검찰청),문래,14,11
20250524,교대(법원.검찰청),문래,15,7
20250524,교대(법원.검찰청),문래,16,11
20250524,교대(법원.검찰청),문래,17,7
20250524,교대(법원.검찰청),문래,18,5
20250524,교대(법원.검찰청),문래,19,16
20250524,교대(법원.검찰청),문래,20,5
20250524,교대(법원.검찰청),문래,21,3
20250524,교대(법원.검찰청),문래,22,1
20250524,교대(법원.검찰청),문래,23,5
20250524,교대(법원.검찰청),방배,5,3
20250524,교대(법원.검찰청),방배,6,2
20250524,교대(법원.검찰청),방배,7,2
20250524,교대(법원.검찰청),방배,8,9
20250524,교대(법원.검찰청),방배,9,9
20250524,교대(법원.검찰청),방배,10,22
20250524,교대(법원.검찰청),방배,11,22
20250524,교대(법원.검찰청),방배,12,40
20250524,교대(법원.검찰청),방배,13,21
20250524,교대(법원.검찰청),방배,14,17
20250524,교대(법원.검찰청),방배,15,25
20250524,교대(법원.검찰청),방배,16,32
20250524,교대(법원.검찰청),방배,17,38
20250524,교대(법원.검찰청),방배,18,26
20250524,교대(법원.검찰청),방배,19,12
20250524,교대(법원.검찰청),방배,20,28
20250524,교대(법원.검찰청),방배,21,19
20250524,교대(법원.검찰청),방배,22,15
20250524,교대(법원.검찰청),방배,23,4
20250524,교대(법원.검찰청),봉천,5,2
20250524,교대(법원.검찰청),봉천,6,6
20250524,교대(법원.검찰청),봉천,7,3
20250524,교대(법원.검찰청),봉천,8,12
20250524,교대(법원.검찰청),봉천,9,3
20250524,교대(법원.검찰청),봉천,10,14
20250524,교대(법원.검찰청),봉천,11,10
20250524,교대(법원.검찰청),봉천,12,12
20250524,교대(법원.검찰청),봉천,13,17
20250524,교대(법원.검찰청),봉천,14,17
20250524,교대(법원.검찰청),봉천,15,13
20250524,교대(법원.검찰청),봉천,16,29
20250524,교대(법원.검찰청),봉천,17,35
20250524,교대(법원.검찰청),봉천,18,22
20250524,교대(법원.검찰청),봉천,19,13
20250524,교대(법원.검찰청),봉천,20,21
20250524,교대(법원.검찰청),봉천,21,19
20250524,교대(법원.검찰청),봉천,22,16
20250524,교대(법원.검찰청),봉천,23,5
20250524,교대(법원.검찰청),사당,5,3
20250524,교대(법원.검찰청),사당,6,20
20250524,교대(법원.검찰청),사당,7,13
20250524,교대(법원.검찰청),사당,8,24
20250524,교대(법원.검찰청),사당,9,26
20250524,교대(법원.검찰청),사당,10,29
20250524,교대(법원.검찰청),사당,11,31
20250524,교대(법원.검찰청),사당,12,42
20250524,교대(법원.검찰청),사당,13,50
20250524,교대(법원.검찰청),사당,14,62
20250524,교대(법원.검찰청),사당,15,63
20250524,교대(법원.검찰청),사당,16,59
20250524,교대(법원.검찰청),사당,17,73
20250524,교대(법원.검찰청),사당,18,54
20250524,교대(법원.검찰청),사당,19,54
20250524,교대(법원.검찰청),사당,20,66
20250524,교대(법원.검찰청),사당,21,57
20250524,교대(법원.검찰청),사당,22,36
20250524,교대(법원.검찰청),사당,23,14
20250524,교대(법원.검찰청),삼성(무역센터),5,2
20250524,교대(법원.검찰청),삼성(무역센터),6,10
20250524,교대(법원.검찰청),삼성(무역센터),7,13
20250524,교대(법원.검찰청),삼성(무역센터),8,13
20250524,교대(법원.검찰청),삼성(무역센터),9,45
20250524,교대(법원.검찰청),삼성(무역센터),10,33
20250524,교대(법원.검찰청),삼성(무역센터),11,29
20250524,교대(법원.검찰청),삼성(무역센터),12,47
20250524,교대(법원.검찰청),삼성(무역센터),13,52
20250524,교대(법원.검찰청),삼성(무역센터),14,79
20250524,교대(법원.검찰청),삼성(무역센터),15,46
20250524,교대(법원.검찰청),삼성(무역센터),16,52
20250524,교대(법원.검찰청),삼성(무역센터),17,39
20250524,교대(법원.검찰청),삼성(무역센터),18,37
20250524,교대(법원.검찰청),삼성(무역센터),19,15
20250524,교대(법원.검찰청),삼성(무역센터),20,12
20250524,교대(법원.검찰청),삼성(무역센터),21,8
20250524,교대(법원.검찰청),삼성(무역센터),22,7
20250524,교대(법원.검찰청),삼성(무역센터),23,17
20250524,교대(법원.검찰청),상왕십리,7,3
20250524,교대(법원.검찰청),상왕십리,8,1
20250524,교대(법원.검찰청),상왕십리,9,1
20250524,교대(법원.검찰청),상왕십리,11,3
20250524,교대(법원.검찰청),상왕십리,12,1
20250524,교대(법원.검찰청),상왕십리,13,8
20250524,교대(법원.검찰청),상왕십리,14,1
20250524,교대(법원.검찰청),상왕십리,15,2
20250524,교대(법원.검찰청),상왕십리,16,2
20250524,교대(법원.검찰청),상왕십리,17,8
20250524,교대(법원.검찰청),상왕십리,18,3
20250524,교대(법원.검찰청),상왕십리,19,3
20250524,교대(법원.검찰청),상왕십리,20,5
20250524,교대(법원.검찰청),상왕십리,21,1
20250524,교대(법원.검찰청),상왕십리,22,2
20250524,교대(법원.검찰청),상왕십리,23,1
20250524,교대(법원.검찰청),서울대입구(관악구청),5,3
20250524,교대(법원.검찰청),서울대입구(관악구청),6,8
20250524,교대(법원.검찰청),서울대입구(관악구청),7,8
20250524,교대(법원.검찰청),서울대입구(관악구청),8,25
20250524,교대(법원.검찰청),서울대입구(관악구청),9,21
20250524,교대(법원.검찰청),서울대입구(관악구청),10,36
20250524,교대(법원.검찰청),서울대입구(관악구청),11,31
20250524,교대(법원.검찰청),서울대입구(관악구청),12,40
20250524,교대(법원.검찰청),서울대입구(관악구청),13,42
20250524,교대(법원.검찰청),서울대입구(관악구청),14,60
20250524,교대(법원.검찰청),서울대입구(관악구청),15,27
20250524,교대(법원.검찰청),서울대입구(관악구청),16,36
20250524,교대(법원.검찰청),서울대입구(관악구청),17,46
20250524,교대(법원.검찰청),서울대입구(관악구청),18,60
20250524,교대(법원.검찰청),서울대입구(관악구청),19,44
20250524,교대(법원.검찰청),서울대입구(관악구청),20,54
20250524,교대(법원.검찰청),서울대입구(관악구청),21,48
20250524,교대(법원.검찰청),서울대입구(관악구청),22,50
20250524,교대(법원.검찰청),서울대입구(관악구청),23,27
20250524,교대(법원.검찰청),서초,5,9
20250524,교대(법원.검찰청),서초,6,25
20250524,교대(법원.검찰청),서초,7,7
20250524,교대(법원.검찰청),서초,8,11
20250524,교대(법원.검찰청),서초,9,17
20250524,교대(법원.검찰청),서초,10,19
20250524,교대(법원.검찰청),서초,11,12
20250524,교대(법원.검찰청),서초,12,28
20250524,교대(법원.검찰청),서초,13,41
20250524,교대(법원.검찰청),서초,14,41
20250524,교대(법원.검찰청),서초,15,22
20250524,교대(법원.검찰청),서초,16,20
20250524,교대(법원.검찰청),서초,17,20
20250524,교대(법원.검찰청),서초,18,14
20250524,교대(법원.검찰청),서초,19,6
20250524,교대(법원.검찰청),서초,20,11
20250524,교대(법원.검찰청),서초,21,7
20250524,교대(법원.검찰청),서초,22,11
20250524,교대(법원.검찰청),서초,23,3
20250524,교대(법원.검찰청),선릉,5,2
20250524,교대(법원.검찰청),선릉,6,4
20250524,교대(법원.검찰청),선릉,7,9
20250524,교대(법원.검찰청),선릉,8,11
20250524,교대(법원.검찰청),선릉,9,23
20250524,교대(법원.검찰청),선릉,10,37
20250524,교대(법원.검찰청),선릉,11,33
20250524,교대(법원.검찰청),선릉,12,50
20250524,교대(법원.검찰청),선릉,13,46
20250524,교대(법원.검찰청),선릉,14,44
20250524,교대(법원.검찰청),선릉,15,28
20250524,교대(법원.검찰청),선릉,16,40
20250524,교대(법원.검찰청),선릉,17,31
20250524,교대(법원.검찰청),선릉,18,40
20250524,교대(법원.검찰청),선릉,19,20
20250524,교대(법원.검찰청),선릉,20,20
20250524,교대(법원.검찰청),선릉,21,18
20250524,교대(법원.검찰청),선릉,22,21
20250524,교대(법원.검찰청),선릉,23,13
20250524,교대(법원.검찰청),성수,5,2
20250524,교대(법원.검찰청),성수,6,1
20250524,교대(법원.검찰청),성수,7,1
20250524,교대(법원.검찰청),성수,8,3
20250524,교대(법원.검찰청),성수,9,9
20250524,교대(법원.검찰청),성수,10,18
20250524,교대(법원.검찰청),성수,11,5
20250524,교대(법원.검찰청),성수,12,31
20250524,교대(법원.검찰청),성수,13,31
20250524,교대(법원.검찰청),성수,14,26
20250524,교대(법원.검찰청),성수,15,15
20250524,교대(법원.검찰청),성수,16,20
20250524,교대(법원.검찰청),성수,17,6
20250524,교대(법원.검찰청),성수,18,11
20250524,교대(법원.검찰청),성수,19,10
20250524,교대(법원.검찰청),성수,20,12
20250524,교대(법원.검찰청),성수,21,1
20250524,교대(법원.검찰청),성수,22,3
20250524,교대(법원.검찰청),성수,23,2
20250524,교대(법원.검찰청),시청,6,1
20250524,교대(법원.검찰청),시청,8,1
20250524,교대(법원.검찰청),시청,10,2
20250524,교대(법원.검찰청),시청,11,2
20250524,교대(법원.검찰청),시청,13,4
20250524,교대(법원.검찰청),시청,14,1
20250524,교대(법원.검찰청),시청,16,1
20250524,교대(법원.검찰청),시청,17,1
20250524,교대(법원.검찰청),시청,19,1
20250524,교대(법원.검찰청),신당,7,1
20250524,교대(법원.검찰청),신당,9,1
20250524,교대(법원.검찰청),신당,11,1
20250524,교대(법원.검찰청),신당,13,1
20250524,교대(법원.검찰청),신당,14,2
20250524,교대(법원.검찰청),신당,15,1
20250524,교대(법원.검찰청),신당,16,1
20250524,교대(법원.검찰청),신당,17,7
20250524,교대(법원.검찰청),신당,18,1
20250524,교대(법원.검찰청),신당,19,2
20250524,교대(법원.검찰청),신당,22,3
20250524,교대(법원.검찰청),신대방,5,1
20250524,교대(법원.검찰청),신대방,6,2
20250524,교대(법원.검찰청),신대방,7,6
20250524,교대(법원.검찰청),신대방,8,5
20250524,교대(법원.검찰청),신대방,9,6
20250524,교대(법원.검찰청),신대방,10,9
20250524,교대(법원.검찰청),신대방,11,6
20250524,교대(법원.검찰청),신대방,12,18
20250524,교대(법원.검찰청),신대방,13,23
20250524,교대(법원.검찰청),신대방,14,22
20250524,교대(법원.검찰청),신대방,15,14
20250524,교대(법원.검찰청),신대방,16,16
20250524,교대(법원.검찰청),신대방,17,13
20250524,교대(법원.검찰청),신대방,18,21
20250524,교대(법원.검찰청),신대방,19,17
20250524,교대(법원.검찰청),신대방,20,33
20250524,교대(법원.검찰청),신대방,21,24
20250524,교대(법원.검찰청),신대방,22,23
20250524,교대(법원.검찰청),신대방,23,7
20250524,교대(법원.검찰청),신도림,6,5
20250524,교대(법원.검찰청),신도림,7,4
20250524,교대(법원.검찰청),신도림,8,4
20250524,교대(법원.검찰청),신도림,9,6
20250524,교대(법원.검찰청),신도림,10,14
20250524,교대(법원.검찰청),신도림,11,9
20250524,교대(법원.검찰청),신도림,12,22
20250524,교대(법원.검찰청),신도림,13,24
20250524,교대(법원.검찰청),신도림,14,22
20250524,교대(법원.검찰청),신도림,15,28
20250524,교대(법원.검찰청),신도림,16,28
20250524,교대(법원.검찰청),신도림,17,25
20250524,교대(법원.검찰청),신도림,18,16
20250524,교대(법원.검찰청),신도림,19,19
20250524,교대(법원.검찰청),신도림,20,34
20250524,교대(법원.검찰청),신도림,21,21
20250524,교대(법원.검찰청),신도림,22,17
20250524,교대(법원.검찰청),신도림,23,6
20250524,교대(법원.검찰청),신림,6,5
20250524,교대(법원.검찰청),신림,7,8
20250524,교대(법원.검찰청),신림,8,16
20250524,교대(법원.검찰청),신림,9,15
20250524,교대(법원.검찰청),신림,10,26
20250524,교대(법원.검찰청),신림,11,22
20250524,교대(법원.검찰청),신림,12,39
20250524,교대(법원.검찰청),신림,13,37
20250524,교대(법원.검찰청),신림,14,57
20250524,교대(법원.검찰청),신림,15,50
20250524,교대(법원.검찰청),신림,16,53
20250524,교대(법원.검찰청),신림,17,66
20250524,교대(법원.검찰청),신림,18,51
20250524,교대(법원.검찰청),신림,19,65
20250524,교대(법원.검찰청),신림,20,86
20250524,교대(법원.검찰청),신림,21,67
20250524,교대(법원.검찰청),신림,22,72
20250524,교대(법원.검찰청),신림,23,26
20250524,교대(법원.검찰청),신촌,8,5
20250524,교대(법원.검찰청),신촌,9,1
20250524,교대(법원.검찰청),신촌,10,13
20250524,교대(법원.검찰청),신촌,11,16
20250524,교대(법원.검찰청),신촌,12,8
20250524,교대(법원.검찰청),신촌,13,13
20250524,교대(법원.검찰청),신촌,14,16
20250524,교대(법원.검찰청),신촌,15,10
20250524,교대(법원.검찰청),신촌,16,12
20250524,교대(법원.검찰청),신촌,17,13
20250524,교대(법원.검찰청),신촌,18,4
20250524,교대(법원.검찰청),신촌,19,9
20250524,교대(법원.검찰청),신촌,20,3
20250524,교대(법원.검찰청),신촌,21,4
20250524,교대(법원.검찰청),신촌,22,8
20250524,교대(법원.검찰청),아현,8,1
20250524,교대(법원.검찰청),아현,12,1
20250524,교대(법원.검찰청),아현,13,3
20250524,교대(법원.검찰청),아현,15,2
20250524,교대(법원.검찰청),아현,16,6
20250524,교대(법원.검찰청),아현,17,2
20250524,교대(법원.검찰청),아현,18,1
20250524,교대(법원.검찰청),아현,20,2
20250524,교대(법원.검찰청),아현,21,2
20250524,교대(법원.검찰청),역삼,6,5
20250524,교대(법원.검찰청),역삼,7,6
20250524,교대(법원.검찰청),역삼,8,16
20250524,교대(법원.검찰청),역삼,9,12
20250524,교대(법원.검찰청),역삼,10,21
20250524,교대(법원.검찰청),역삼,11,24
20250524,교대(법원.검찰청),역삼,12,25
20250524,교대(법원.검찰청),역삼,13,28
20250524,교대(법원.검찰청),역삼,14,40
20250524,교대(법원.검찰청),역삼,15,24
20250524,교대(법원.검찰청),역삼,16,24
20250524,교대(법원.검찰청),역삼,17,38
20250524,교대(법원.검찰청),역삼,18,15
20250524,교대(법원.검찰청),역삼,19,15
20250524,교대(법원.검찰청),역삼,20,15
20250524,교대(법원.검찰청),역삼,21,10
20250524,교대(법원.검찰청),역삼,22,6
20250524,교대(법원.검찰청),역삼,23,4
20250524,교대(법원.검찰청),영등포구청,6,2
20250524,교대(법원.검찰청),영등포구청,7,1
20250524,교대(법원.검찰청),영등포구청,8,3
20250524,교대(법원.검찰청),영등포구청,9,4
20250524,교대(법원.검찰청),영등포구청,11,6
20250524,교대(법원.검찰청),영등포구청,12,3
20250524,교대(법원.검찰청),영등포구청,13,5
20250524,교대(법원.검찰청),영등포구청,14,7
20250524,교대(법원.검찰청),영등포구청,15,4
20250524,교대(법원.검찰청),영등포구청,16,8
20250524,교대(법원.검찰청),영등포구청,17,13
20250524,교대(법원.검찰청),영등포구청,18,4
20250524,교대(법원.검찰청),영등포구청,19,9
20250524,교대(법원.검찰청),영등포구청,20,4
20250524,교대(법원.검찰청),영등포구청,21,6
20250524,교대(법원.검찰청),영등포구청,22,7
20250524,교대(법원.검찰청),영등포구청,23,1
20250524,교대(법원.검찰청),왕십리(성동구청),6,1
20250524,교대(법원.검찰청),왕십리(성동구청),7,1
20250524,교대(법원.검찰청),왕십리(성동구청),8,1
20250524,교대(법원.검찰청),왕십리(성동구청),10,2
20250524,교대(법원.검찰청),왕십리(성동구청),11,1
20250524,교대(법원.검찰청),왕십리(성동구청),12,1
20250524,교대(법원.검찰청),왕십리(성동구청),13,5
20250524,교대(법원.검찰청),왕십리(성동구청),14,5
20250524,교대(법원.검찰청),왕십리(성동구청),15,3
20250524,교대(법원.검찰청),왕십리(성동구청),16,4
20250524,교대(법원.검찰청),왕십리(성동구청),17,4
20250524,교대(법원.검찰청),왕십리(성동구청),19,1
20250524,교대(법원.검찰청),왕십리(성동구청),20,2
20250524,교대(법원.검찰청),왕십리(성동구청),21,2
20250524,교대(법원.검찰청),왕십리(성동구청),22,3
20250524,교대(법원.검찰청),용두(동대문구청),12,1
20250524,교대(법원.검찰청),용두(동대문구청),15,1
20250524,교대(법원.검찰청),용두(동대문구청),16,2
20250524,교대(법원.검찰청),용두(동대문구청),17,4
20250524,교대(법원.검찰청),용두(동대문구청),20,1
20250524,교대(법원.검찰청),용두(동대문구청),21,1
20250524,교대(법원.검찰청),을지로3가,9,1
20250524,교대(법원.검찰청),을지로3가,11,1
20250524,교대(법원.검찰청),을지로3가,13,1
20250524,교대(법원.검찰청),을지로3가,16,3
20250524,교대(법원.검찰청),을지로3가,21,1
20250524,교대(법원.검찰청),을지로4가,6,1
20250524,교대(법원.검찰청),을지로4가,7,2
20250524,교대(법원.검찰청),을지로4가,12,1
20250524,교대(법원.검찰청),을지로4가,15,2
20250524,교대(법원.검찰청),을지로4가,16,1
20250524,교대(법원.검찰청),을지로입구,7,3
20250524,교대(법원.검찰청),을지로입구,8,1
20250524,교대(법원.검찰청),을지로입구,10,2
20250524,교대(법원.검찰청),을지로입구,11,1
20250524,교대(법원.검찰청),을지로입구,12,5
20250524,교대(법원.검찰청),을지로입구,13,2
20250524,교대(법원.검찰청),을지로입구,14,2
20250524,교대(법원.검찰청),을지로입구,15,1
20250524,교대(법원.검찰청),을지로입구,17,2
20250524,교대(법원.검찰청),을지로입구,18,3
20250524,교대(법원.검찰청),이대,6,1
20250524,교대(법원.검찰청),이대,8,2
20250524,교대(법원.검찰청),이대,9,3
20250524,교대(법원.검찰청),이대,10,4
20250524,교대(법원.검찰청),이대,12,3
20250524,교대(법원.검찰청),이대,13,4
20250524,교대(법원.검찰청),이대,14,2
20250524,교대(법원.검찰청),이대,15,2
20250524,교대(법원.검찰청),이대,16,7
20250524,교대(법원.검찰청),이대,17,2
20250524,교대(법원.검찰청),이대,18,2
20250524,교대(법원.검찰청),이대,20,3
20250524,교대(법원.검찰청),이대,22,3
20250524,교대(법원.검찰청),잠실(송파구청),5,1
20250524,교대(법원.검찰청),잠실(송파구청),6,19
20250524,교대(법원.검찰청),잠실(송파구청),7,12
20250524,교대(법원.검찰청),잠실(송파구청),8,13
20250524,교대(법원.검찰청),잠실(송파구청),9,21
20250524,교대(법원.검찰청),잠실(송파구청),10,50
20250524,교대(법원.검찰청),잠실(송파구청),11,56
20250524,교대(법원.검찰청),잠실(송파구청),12,79
20250524,교대(법원.검찰청),잠실(송파구청),13,68
20250524,교대(법원.검찰청),잠실(송파구청),14,100
20250524,교대(법원.검찰청),잠실(송파구청),15,72
20250524,교대(법원.검찰청),잠실(송파구청),16,88
20250524,교대(법원.검찰청),잠실(송파구청),17,63
20250524,교대(법원.검찰청),잠실(송파구청),18,88
20250524,교대(법원.검찰청),잠실(송파구청),19,59
20250524,교대(법원.검찰청),잠실(송파구청),20,58
20250524,교대(법원.검찰청),잠실(송파구청),21,61
20250524,교대(법원.검찰청),잠실(송파구청),22,36
20250524,교대(법원.검찰청),잠실(송파구청),23,19
20250524,교대(법원.검찰청),잠실나루,5,1
20250524,교대(법원.검찰청),잠실나루,6,5
20250524,교대(법원.검찰청),잠실나루,7,2
20250524,교대(법원.검찰청),잠실나루,8,3
20250524,교대(법원.검찰청),잠실나루,9,3
20250524,교대(법원.검찰청),잠실나루,10,2
20250524,교대(법원.검찰청),잠실나루,11,2
20250524,교대(법원.검찰청),잠실나루,12,10
20250524,교대(법원.검찰청),잠실나루,13,13
20250524,교대(법원.검찰청),잠실나루,14,10
20250524,교대(법원.검찰청),잠실나루,15,5
20250524,교대(법원.검찰청),잠실나루,16,2
20250524,교대(법원.검찰청),잠실나루,17,13
20250524,교대(법원.검찰청),잠실나루,18,15
20250524,교대(법원.검찰청),잠실나루,19,7
20250524,교대(법원.검찰청),잠실나루,20,11
20250524,교대(법원.검찰청),잠실나루,21,14
20250524,교대(법원.검찰청),잠실나루,22,6
20250524,교대(법원.검찰청),잠실나루,23,2
20250524,교대(법원.검찰청),잠실새내,6,2
20250524,교대(법원.검찰청),잠실새내,7,1
20250524,교대(법원.검찰청),잠실새내,8,2
20250524,교대(법원.검찰청),잠실새내,9,13
20250524,교대(법원.검찰청),잠실새내,10,8
20250524,교대(법원.검찰청),잠실새내,11,9
20250524,교대(법원.검찰청),잠실새내,12,14
20250524,교대(법원.검찰청),잠실새내,13,19
20250524,교대(법원.검찰청),잠실새내,14,15
20250524,교대(법원.검찰청),잠실새내,15,18
20250524,교대(법원.검찰청),잠실새내,16,22
20250524,교대(법원.검찰청),잠실새내,17,20
20250524,교대(법원.검찰청),잠실새내,18,27
20250524,교대(법원.검찰청),잠실새내,19,15
20250524,교대(법원.검찰청),잠실새내,20,25
20250524,교대(법원.검찰청),잠실새내,21,12
20250524,교대(법원.검찰청),잠실새내,22,14
20250524,교대(법원.검찰청),잠실새내,23,8
20250524,교대(법원.검찰청),종합운동장,6,9
20250524,교대(법원.검찰청),종합운동장,7,7
20250524,교대(법원.검찰청),종합운동장,8,10
20250524,교대(법원.검찰청),종합운동장,9,5
20250524,교대(법원.검찰청),종합운동장,10,4
20250524,교대(법원.검찰청),종합운동장,11,6
20250524,교대(법원.검찰청),종합운동장,12,10
20250524,교대(법원.검찰청),종합운동장,13,16
20250524,교대(법원.검찰청),종합운동장,14,10
20250524,교대(법원.검찰청),종합운동장,15,36
20250524,교대(법원.검찰청),종합운동장,16,50
20250524,교대(법원.검찰청),종합운동장,17,10
20250524,교대(법원.검찰청),종합운동장,18,7
20250524,교대(법원.검찰청),종합운동장,19,5
20250524,교대(법원.검찰청),종합운동장,20,10
20250524,교대(법원.검찰청),종합운동장,21,10
20250524,교대(법원.검찰청),종합운동장,22,9
20250524,교대(법원.검찰청),종합운동장,23,2
20250524,교대(법원.검찰청),충정로(경기대입구),6,1
20250524,교대(법원.검찰청),충정로(경기대입구),11,3
20250524,교대(법원.검찰청),충정로(경기대입구),14,1
20250524,교대(법원.검찰청),충정로(경기대입구),15,1
20250524,교대(법원.검찰청),충정로(경기대입구),16,1
20250524,교대(법원.검찰청),충정로(경기대입구),17,1
20250524,교대(법원.검찰청),충정로(경기대입구),19,1
20250524,교대(법원.검찰청),충정로(경기대입구),20,1
20250524,교대(법원.검찰청),충정로(경기대입구),21,1
20250524,교대(법원.검찰청),한양대,6,1
20250524,교대(법원.검찰청),한양대,7,1
20250524,교대(법원.검찰청),한양대,8,9
20250524,교대(법원.검찰청),한양대,9,2
20250524,교대(법원.검찰청),한양대,10,3
20250524,교대(법원.검찰청),한양대,12,3
20250524,교대(법원.검찰청),한양대,13,1
20250524,교대(법원.검찰청),한양대,14,1
20250524,교대(법원.검찰청),한양대,17,1
20250524,교대(법원.검찰청),한양대,19,2
20250524,교대(법원.검찰청),합정,5,1
20250524,교대(법원.검찰청),합정,7,4
20250524,교대(법원.검찰청),합정,9,6
20250524,교대(법원.검찰청),합정,10,7
20250524,교대(법원.검찰청),합정,11,10
20250524,교대(법원.검찰청),합정,12,23
20250524,교대(법원.검찰청),합정,13,11
20250524,교대(법원.검찰청),합정,14,8
20250524,교대(법원.검찰청),합정,15,17
20250524,교대(법원.검찰청),합정,16,8
20250524,교대(법원.검찰청),합정,17,16
20250524,교대(법원.검찰청),합정,18,5
20250524,교대(법원.검찰청),합정,19,7
20250524,교대(법원.검찰청),합정,20,13
20250524,교대(법원.검찰청),합정,21,8
20250524,교대(법원.검찰청),합정,22,4
20250524,교대(법원.검찰청),합정,23,6
20250524,교대(법원.검찰청),홍대입구,7,1
20250524,교대(법원.검찰청),홍대입구,8,3
20250524,교대(법원.검찰청),홍대입구,9,11
20250524,교대(법원.검찰청),홍대입구,10,8
20250524,교대(법원.검찰청),홍대입구,11,12
20250524,교대(법원.검찰청),홍대입구,12,27
20250524,교대(법원.검찰청),홍대입구,13,19
20250524,교대(법원.검찰청),홍대입구,14,19
20250524,교대(법원.검찰청),홍대입구,15,23
20250524,교대(법원.검찰청),홍대입구,16,17
20250524,교대(법원.검찰청),홍대입구,17,20
20250524,교대(법원.검찰청),홍대입구,18,18
20250524,교대(법원.검찰청),홍대입구,19,13
20250524,교대(법원.검찰청),홍대입구,20,22
20250524,교대(법원.검찰청),홍대입구,21,19
20250524,교대(법원.검찰청),홍대입구,22,3
20250524,교대(법원.검찰청),홍대입구,23,1
20250524,구로디지털단지,강남,5,56
20250524,구로디지털단지,강남,6,46
20250524,구로디지털단지,강남,7,72
20250524,구로디지털단지,강남,8,193
20250524,구로디지털단지,강남,9,214
20250524,구로디지털단지,강남,10,121
20250524,구로디지털단지,강남,11,126
20250524,구로디지털단지,강남,12,119
20250524,구로디지털단지,강남,13,131
20250524,구로디지털단지,강남,14,109
20250524,구로디지털단지,강남,15,78
20250524,구로디지털단지,강남,16,83
20250524,구로디지털단지,강남,17,77
20250524,구로디지털단지,강남,18,62
20250524,구로디지털단지,강남,19,34
20250524,구로디지털단지,강남,20,24
20250524,구로디지털단지,강남,21,21
20250524,구로디지털단지,강남,22,23
20250524,구로디지털단지,강남,23,11
20250524,구로디지털단지,강변(동서울터미널),5,13
20250524,구로디지털단지,강변(동서울터미널),6,12
20250524,구로디지털단지,강변(동서울터미널),7,12
20250524,구로디지털단지,강변(동서울터미널),8,14
20250524,구로디지털단지,강변(동서울터미널),9,20
20250524,구로디지털단지,강변(동서울터미널),10,21
20250524,구로디지털단지,강변(동서울터미널),11,12
20250524,구로디지털단지,강변(동서울터미널),12,21
20250524,구로디지털단지,강변(동서울터미널),13,17
20250524,구로디지털단지,강변(동서울터미널),14,6
20250524,구로디지털단지,강변(동서울터미널),15,14
20250524,구로디지털단지,강변(동서울터미널),16,12
20250524,구로디지털단지,강변(동서울터미널),17,8
20250524,구로디지털단지,강변(동서울터미널),18,7
20250524,구로디지털단지,강변(동서울터미널),19,6
20250524,구로디지털단지,강변(동서울터미널),20,1
20250524,구로디지털단지,강변(동서울터미널),21,6
20250524,구로디지털단지,강변(동서울터미널),22,4
20250524,구로디지털단지,건대입구,5,11
20250524,구로디지털단지,건대입구,6,6
20250524,구로디지털단지,건대입구,7,4
20250524,구로디지털단지,건대입구,8,9
20250524,구로디지털단지,건대입구,9,16
20250524,구로디지털단지,건대입구,10,14
20250524,구로디지털단지,건대입구,11,15
20250524,구로디지털단지,건대입구,12,15
20250524,구로디지털단지,건대입구,13,19
20250524,구로디지털단지,건대입구,14,7
20250524,구로디지털단지,건대입구,15,13
20250524,구로디지털단지,건대입구,16,16
20250524,구로디지털단지,건대입구,17,11
20250524,구로디지털단지,건대입구,18,4
20250524,구로디지털단지,건대입구,19,4
20250524,구로디지털단지,건대입구,20,6
20250524,구로디지털단지,건대입구,21,8
20250524,구로디지털단지,건대입구,22,6
20250524,구로디지털단지,건대입구,23,1
20250524,구로디지털단지,교대(법원.검찰청),5,24
20250524,구로디지털단지,교대(법원.검찰청),6,29
20250524,구로디지털단지,교대(법원.검찰청),7,28
20250524,구로디지털단지,교대(법원.검찰청),8,57
20250524,구로디지털단지,교대(법원.검찰청),9,42
20250524,구로디지털단지,교대(법원.검찰청),10,25
20250524,구로디지털단지,교대(법원.검찰청),11,30
20250524,구로디지털단지,교대(법원.검찰청),12,27
20250524,구로디지털단지,교대(법원.검찰청),13,26
20250524,구로디지털단지,교대(법원.검찰청),14,22
20250524,구로디지털단지,교대(법원.검찰청),15,25
20250524,구로디지털단지,교대(법원.검찰청),16,12
20250524,구로디지털단지,교대(법원.검찰청),17,13
20250524,구로디지털단지,교대(법원.검찰청),18,7
20250524,구로디지털단지,교대(법원.검찰청),19,11
20250524,구로디지털단지,교대(법원.검찰청),20,6
20250524,구로디지털단지,교대(법원.검찰청),21,11
20250524,구로디지털단지,교대(법원.검찰청),22,3
20250524,구로디지털단지,교대(법원.검찰청),23,2
20250524,구로디지털단지,구로디지털단지,0,2
20250524,구로디지털단지,구로디지털단지,4,2
20250524,구로디지털단지,구로디지털단지,5,19
20250524,구로디지털단지,구로디지털단지,6,10
20250524,구로디지털단지,구로디지털단지,7,16
20250524,구로디지털단지,구로디지털단지,8,18
20250524,구로디지털단지,구로디지털단지,9,18
20250524,구로디지털단지,구로디지털단지,10,31
20250524,구로디지털단지,구로디지털단지,11,48
20250524,구로디지털단지,구로디지털단지,12,39
20250524,구로디지털단지,구로디지털단지,13,45
20250524,구로디지털단지,구로디지털단지,14,51
20250524,구로디지털단지,구로디지털단지,15,34
20250524,구로디지털단지,구로디지털단지,16,48
20250524,구로디지털단지,구로디지털단지,17,32
20250524,구로디지털단지,구로디지털단지,18,44
20250524,구로디지털단지,구로디지털단지,19,22
20250524,구로디지털단지,구로디지털단지,20,36
20250524,구로디지털단지,구로디지털단지,21,28
20250524,구로디지털단지,구로디지털단지,22,32
20250524,구로디지털단지,구로디지털단지,23,25
20250524,구로디지털단지,구의(광진구청),5,3
20250524,구로디지털단지,구의(광진구청),6,2
20250524,구로디지털단지,구의(광진구청),7,5
20250524,구로디지털단지,구의(광진구청),8,5
20250524,구로디지털단지,구의(광진구청),9,8
20250524,구로디지털단지,구의(광진구청),10,8
20250524,구로디지털단지,구의(광진구청),11,8
20250524,구로디지털단지,구의(광진구청),12,8
20250524,구로디지털단지,구의(광진구청),13,14
20250524,구로디지털단지,구의(광진구청),14,8
20250524,구로디지털단지,구의(광진구청),15,9
20250524,구로디지털단지,구의(광진구청),16,17
20250524,구로디지털단지,구의(광진구청),17,13
20250524,구로디지털단지,구의(광진구청),18,9
20250524,구로디지털단지,구의(광진구청),19,10
20250524,구로디지털단지,구의(광진구청),20,8
20250524,구로디지털단지,구의(광진구청),21,4
20250524,구로디지털단지,구의(광진구청),22,6
20250524,구로디지털단지,구의(광진구청),23,4
20250524,구로디지털단지,낙성대,5,12
20250524,구로디지털단지,낙성대,6,8
20250524,구로디지털단지,낙성대,7,8
20250524,구로디지털단지,낙성대,8,24
20250524,구로디지털단지,낙성대,9,24
20250524,구로디지털단지,낙성대,10,30
20250524,구로디지털단지,낙성대,11,17
20250524,구로디지털단지,낙성대,12,17
20250524,구로디지털단지,낙성대,13,15
20250524,구로디지털단지,낙성대,14,16
20250524,구로디지털단지,낙성대,15,18
20250524,구로디지털단지,낙성대,16,24
20250524,구로디지털단지,낙성대,17,18
20250524,구로디지털단지,낙성대,18,24
20250524,구로디지털단지,낙성대,19,19
20250524,구로디지털단지,낙성대,20,19
20250524,구로디지털단지,낙성대,21,28
20250524,구로디지털단지,낙성대,22,12
20250524,구로디지털단지,낙성대,23,11
20250524,구로디지털단지,당산,5,18
20250524,구로디지털단지,당산,6,17
20250524,구로디지털단지,당산,7,38
20250524,구로디지털단지,당산,8,57
20250524,구로디지털단지,당산,9,46
20250524,구로디지털단지,당산,10,59
20250524,구로디지털단지,당산,11,41
20250524,구로디지털단지,당산,12,46
20250524,구로디지털단지,당산,13,26
20250524,구로디지털단지,당산,14,32
20250524,구로디지털단지,당산,15,36
20250524,구로디지털단지,당산,16,36
20250524,구로디지털단지,당산,17,34
20250524,구로디지털단지,당산,18,51
20250524,구로디지털단지,당산,19,29
20250524,구로디지털단지,당산,20,31
20250524,구로디지털단지,당산,21,30
20250524,구로디지털단지,당산,22,22
20250524,구로디지털단지,당산,23,14
20250524,구로디지털단지,대림(구로구청),5,8
20250524,구로디지털단지,대림(구로구청),6,8
20250524,구로디지털단지,대림(구로구청),7,13
20250524,구로디지털단지,대림(구로구청),8,35
20250524,구로디지털단지,대림(구로구청),9,40
20250524,구로디지털단지,대림(구로구청),10,71
20250524,구로디지털단지,대림(구로구청),11,73
20250524,구로디지털단지,대림(구로구청),12,49
20250524,구로디지털단지,대림(구로구청),13,49
20250524,구로디지털단지,대림(구로구청),14,35
20250524,구로디지털단지,대림(구로구청),15,59
20250524,구로디지털단지,대림(구로구청),16,47
20250524,구로디지털단지,대림(구로구청),17,47
20250524,구로디지털단지,대림(구로구청),18,40
20250524,구로디지털단지,대림(구로구청),19,37
20250524,구로디지털단지,대림(구로구청),20,38
20250524,구로디지털단지,대림(구로구청),21,32
20250524,구로디지털단지,대림(구로구청),22,39
20250524,구로디지털단지,대림(구로구청),23,18
20250524,구로디지털단지,동대문역사문화공원,5,6
20250524,구로디지털단지,동대문역사문화공원,6,8
20250524,구로디지털단지,동대문역사문화공원,7,10
20250524,구로디지털단지,동대문역사문화공원,8,19
20250524,구로디지털단지,동대문역사문화공원,9,21
20250524,구로디지털단지,동대문역사문화공원,10,37
20250524,구로디지털단지,동대문역사문화공원,11,40
20250524,구로디지털단지,동대문역사문화공원,12,30
20250524,구로디지털단지,동대문역사문화공원,13,22
20250524,구로디지털단지,동대문역사문화공원,14,27
20250524,구로디지털단지,동대문역사문화공원,15,13
20250524,구로디지털단지,동대문역사문화공원,16,16
20250524,구로디지털단지,동대문역사문화공원,17,9
20250524,구로디지털단지,동대문역사문화공원,18,5
20250524,구로디지털단지,동대문역사문화공원,19,6
20250524,구로디지털단지,동대문역사문화공원,20,5
20250524,구로디지털단지,동대문역사문화공원,21,1
20250524,구로디지털단지,동대문역사문화공원,23,2
20250524,구로디지털단지,뚝섬,5,8
20250524,구로디지털단지,뚝섬,6,3
20250524,구로디지털단지,뚝섬,7,3
20250524,구로디지털단지,뚝섬,8,4
20250524,구로디지털단지,뚝섬,9,12
20250524,구로디지털단지,뚝섬,10,17
20250524,구로디지털단지,뚝섬,11,23
20250524,구로디지털단지,뚝섬,12,14
20250524,구로디지털단지,뚝섬,13,21
20250524,구로디지털단지,뚝섬,14,5
20250524,구로디지털단지,뚝섬,15,9
20250524,구로디지털단지,뚝섬,16,10
20250524,구로디지털단지,뚝섬,17,5
20250524,구로디지털단지,뚝섬,18,5
20250524,구로디지털단지,뚝섬,19,3
20250524,구로디지털단지,뚝섬,20,4
20250524,구로디지털단지,뚝섬,22,1
20250524,구로디지털단지,뚝섬,23,2
20250524,구로디지털단지,문래,5,9
20250524,구로디지털단지,문래,6,16
20250524,구로디지털단지,문래,7,22
20250524,구로디지털단지,문래,8,40
20250524,구로디지털단지,문래,9,45
20250524,구로디지털단지,문래,10,48
20250524,구로디지털단지,문래,11,56
20250524,구로디지털단지,문래,12,83
20250524,구로디지털단지,문래,13,55
20250524,구로디지털단지,문래,14,45
20250524,구로디지털단지,문래,15,47
20250524,구로디지털단지,문래,16,58
20250524,구로디지털단지,문래,17,68
20250524,구로디지털단지,문래,18,58
20250524,구로디지털단지,문래,19,24
20250524,구로디지털단지,문래,20,21
20250524,구로디지털단지,문래,21,18
20250524,구로디지털단지,문래,22,12
20250524,구로디지털단지,문래,23,7
20250524,구로디지털단지,방배,5,8
20250524,구로디지털단지,방배,6,12
20250524,구로디지털단지,방배,7,15
20250524,구로디지털단지,방배,8,46
20250524,구로디지털단지,방배,9,28
20250524,구로디지털단지,방배,10,8
20250524,구로디지털단지,방배,11,15
20250524,구로디지털단지,방배,12,13
20250524,구로디지털단지,방배,13,17
20250524,구로디지털단지,방배,14,9
20250524,구로디지털단지,방배,15,8
20250524,구로디지털단지,방배,16,20
20250524,구로디지털단지,방배,17,11
20250524,구로디지털단지,방배,18,7
20250524,구로디지털단지,방배,19,10
20250524,구로디지털단지,방배,20,8
20250524,구로디지털단지,방배,21,4
20250524,구로디지털단지,방배,22,4
20250524,구로디지털단지,방배,23,1
20250524,구로디지털단지,봉천,5,6
20250524,구로디지털단지,봉천,6,2
20250524,구로디지털단지,봉천,7,12
20250524,구로디지털단지,봉천,8,24
20250524,구로디지털단지,봉천,9,21
20250524,구로디지털단지,봉천,10,30
20250524,구로디지털단지,봉천,11,38
20250524,구로디지털단지,봉천,12,23
20250524,구로디지털단지,봉천,13,24
20250524,구로디지털단지,봉천,14,28
20250524,구로디지털단지,봉천,15,48
20250524,구로디지털단지,봉천,16,40
20250524,구로디지털단지,봉천,17,37
20250524,구로디지털단지,봉천,18,29
20250524,구로디지털단지,봉천,19,25
20250524,구로디지털단지,봉천,20,16
20250524,구로디지털단지,봉천,21,23
20250524,구로디지털단지,봉천,22,18
20250524,구로디지털단지,봉천,23,14
20250524,구로디지털단지,사당,4,1
20250524,구로디지털단지,사당,5,21
20250524,구로디지털단지,사당,6,40
20250524,구로디지털단지,사당,7,35
20250524,구로디지털단지,사당,8,45
20250524,구로디지털단지,사당,9,48
20250524,구로디지털단지,사당,10,48
20250524,구로디지털단지,사당,11,49
20250524,구로디지털단지,사당,12,52
20250524,구로디지털단지,사당,13,39
20250524,구로디지털단지,사당,14,31
20250524,구로디지털단지,사당,15,41
20250524,구로디지털단지,사당,16,70
20250524,구로디지털단지,사당,17,66
20250524,구로디지털단지,사당,18,51
20250524,구로디지털단지,사당,19,15
20250524,구로디지털단지,사당,20,26
20250524,구로디지털단지,사당,21,24
20250524,구로디지털단지,사당,22,16
20250524,구로디지털단지,사당,23,8
20250524,구로디지털단지,삼성(무역센터),4,2
20250524,구로디지털단지,삼성(무역센터),5,54
20250524,구로디지털단지,삼성(무역센터),6,34
20250524,구로디지털단지,삼성(무역센터),7,33
20250524,구로디지털단지,삼성(무역센터),8,60
20250524,구로디지털단지,삼성(무역센터),9,67
20250524,구로디지털단지,삼성(무역센터),10,69
20250524,구로디지털단지,삼성(무역센터),11,56
20250524,구로디지털단지,삼성(무역센터),12,46
20250524,구로디지털단지,삼성(무역센터),13,42
20250524,구로디지털단지,삼성(무역센터),14,51
20250524,구로디지털단지,삼성(무역센터),15,26
20250524,구로디지털단지,삼성(무역센터),16,25
20250524,구로디지털단지,삼성(무역센터),17,21
20250524,구로디지털단지,삼성(무역센터),18,9
20250524,구로디지털단지,삼성(무역센터),19,6
20250524,구로디지털단지,삼성(무역센터),20,5
20250524,구로디지털단지,삼성(무역센터),21,3
20250524,구로디지털단지,삼성(무역센터),22,1
20250524,구로디지털단지,삼성(무역센터),23,7
20250524,구로디지털단지,상왕십리,5,7
20250524,구로디지털단지,상왕십리,6,2
20250524,구로디지털단지,상왕십리,7,3
20250524,구로디지털단지,상왕십리,8,7
20250524,구로디지털단지,상왕십리,9,5
20250524,구로디지털단지,상왕십리,10,5
20250524,구로디지털단지,상왕십리,11,6
20250524,구로디지털단지,상왕십리,12,3
20250524,구로디지털단지,상왕십리,13,2
20250524,구로디지털단지,상왕십리,14,2
20250524,구로디지털단지,상왕십리,15,8
20250524,구로디지털단지,상왕십리,16,7
20250524,구로디지털단지,상왕십리,17,8
20250524,구로디지털단지,상왕십리,18,5
20250524,구로디지털단지,상왕십리,19,3
20250524,구로디지털단지,상왕십리,20,3
20250524,구로디지털단지,상왕십리,21,5
20250524,구로디지털단지,상왕십리,22,1
20250524,구로디지털단지,서울대입구(관악구청),5,14
20250524,구로디지털단지,서울대입구(관악구청),6,10
20250524,구로디지털단지,서울대입구(관악구청),7,22
20250524,구로디지털단지,서울대입구(관악구청),8,46
20250524,구로디지털단지,서울대입구(관악구청),9,54
20250524,구로디지털단지,서울대입구(관악구청),10,39
20250524,구로디지털단지,서울대입구(관악구청),11,41
20250524,구로디지털단지,서울대입구(관악구청),12,47
20250524,구로디지털단지,서울대입구(관악구청),13,69
20250524,구로디지털단지,서울대입구(관악구청),14,69
20250524,구로디지털단지,서울대입구(관악구청),15,72
20250524,구로디지털단지,서울대입구(관악구청),16,42
20250524,구로디지털단지,서울대입구(관악구청),17,57
20250524,구로디지털단지,서울대입구(관악구청),18,63
20250524,구로디지털단지,서울대입구(관악구청),19,57
20250524,구로디지털단지,서울대입구(관악구청),20,39
20250524,구로디지털단지,서울대입구(관악구청),21,27
20250524,구로디지털단지,서울대입구(관악구청),22,25
20250524,구로디지털단지,서울대입구(관악구청),23,28
20250524,구로디지털단지,서초,5,26
20250524,구로디지털단지,서초,6,19
20250524,구로디지털단지,서초,7,25
20250524,구로디지털단지,서초,8,37
20250524,구로디지털단지,서초,9,32
20250524,구로디지털단지,서초,10,26
20250524,구로디지털단지,서초,11,18
20250524,구로디지털단지,서초,12,25
20250524,구로디지털단지,서초,13,15
20250524,구로디지털단지,서초,14,22
20250524,구로디지털단지,서초,15,20
20250524,구로디지털단지,서초,16,12
20250524,구로디지털단지,서초,17,5
20250524,구로디지털단지,서초,18,9
20250524,구로디지털단지,서초,19,3
20250524,구로디지털단지,서초,20,11
20250524,구로디지털단지,서초,21,5
20250524,구로디지털단지,서초,22,4
20250524,구로디지털단지,서초,23,1
20250524,구로디지털단지,선릉,4,1
20250524,구로디지털단지,선릉,5,32
20250524,구로디지털단지,선릉,6,39
20250524,구로디지털단지,선릉,7,47
20250524,구로디지털단지,선릉,8,69
20250524,구로디지털단지,선릉,9,85
20250524,구로디지털단지,선릉,10,43
20250524,구로디지털단지,선릉,11,39
20250524,구로디지털단지,선릉,12,83
20250524,구로디지털단지,선릉,13,50
20250524,구로디지털단지,선릉,14,47
20250524,구로디지털단지,선릉,15,50
20250524,구로디지털단지,선릉,16,35
20250524,구로디지털단지,선릉,17,26
20250524,구로디지털단지,선릉,18,17
20250524,구로디지털단지,선릉,19,6
20250524,구로디지털단지,선릉,20,10
20250524,구로디지털단지,선릉,21,10
20250524,구로디지털단지,선릉,22,6
20250524,구로디지털단지,선릉,23,2
20250524,구로디지털단지,성수,5,12
20250524,구로디지털단지,성수,6,7
20250524,구로디지털단지,성수,7,4
20250524,구로디지털단지,성수,8,9
20250524,구로디지털단지,성수,9,21
20250524,구로디지털단지,성수,10,29
20250524,구로디지털단지,성수,11,30
20250524,구로디지털단지,성수,12,47
20250524,구로디지털단지,성수,13,32
20250524,구로디지털단지,성수,14,22
20250524,구로디지털단지,성수,15,22
20250524,구로디지털단지,성수,16,13
20250524,구로디지털단지,성수,17,8
20250524,구로디지털단지,성수,18,12
20250524,구로디지털단지,성수,19,2
20250524,구로디지털단지,성수,20,1
20250524,구로디지털단지,성수,23,2
20250524,구로디지털단지,시청,5,3
20250524,구로디지털단지,시청,6,15
20250524,구로디지털단지,시청,7,18
20250524,구로디지털단지,시청,8,28
20250524,구로디지털단지,시청,9,22
20250524,구로디지털단지,시청,10,15
20250524,구로디지털단지,시청,11,28
20250524,구로디지털단지,시청,12,28
20250524,구로디지털단지,시청,13,13
20250524,구로디지털단지,시청,14,21
20250524,구로디지털단지,시청,15,14
20250524,구로디지털단지,시청,16,11
20250524,구로디지털단지,시청,17,6
20250524,구로디지털단지,시청,18,4
20250524,구로디지털단지,시청,19,9
20250524,구로디지털단지,시청,20,7
20250524,구로디지털단지,시청,21,2
20250524,구로디지털단지,시청,23,3
20250524,구로디지털단지,신당,5,4
20250524,구로디지털단지,신당,6,3
20250524,구로디지털단지,신당,7,13
20250524,구로디지털단지,신당,8,8
20250524,구로디지털단지,신당,9,8
20250524,구로디지털단지,신당,10,10
20250524,구로디지털단지,신당,11,10
20250524,구로디지털단지,신당,12,7
20250524,구로디지털단지,신당,13,4
20250524,구로디지털단지,신당,14,4
20250524,구로디지털단지,신당,15,9
20250524,구로디지털단지,신당,16,9
20250524,구로디지털단지,신당,17,12
20250524,구로디지털단지,신당,18,7
20250524,구로디지털단지,신당,19,7
20250524,구로디지털단지,신당,20,6
20250524,구로디지털단지,신당,21,6
20250524,구로디지털단지,신당,22,8
20250524,구로디지털단지,신당,23,1
20250524,구로디지털단지,신대방,5,15
20250524,구로디지털단지,신대방,6,5
20250524,구로디지털단지,신대방,7,1
20250524,구로디지털단지,신대방,8,7
20250524,구로디지털단지,신대방,9,24
20250524,구로디지털단지,신대방,10,21
20250524,구로디지털단지,신대방,11,35
20250524,구로디지털단지,신대방,12,32
20250524,구로디지털단지,신대방,13,37
20250524,구로디지털단지,신대방,14,33
20250524,구로디지털단지,신대방,15,45
20250524,구로디지털단지,신대방,16,36
20250524,구로디지털단지,신대방,17,35
20250524,구로디지털단지,신대방,18,35
20250524,구로디지털단지,신대방,19,38
20250524,구로디지털단지,신대방,20,24
20250524,구로디지털단지,신대방,21,23
20250524,구로디지털단지,신대방,22,24
20250524,구로디지털단지,신대방,23,12
20250524,구로디지털단지,신도림,5,20
20250524,구로디지털단지,신도림,6,32
20250524,구로디지털단지,신도림,7,26
20250524,구로디지털단지,신도림,8,65
20250524,구로디지털단지,신도림,9,88
20250524,구로디지털단지,신도림,10,86
20250524,구로디지털단지,신도림,11,97
20250524,구로디지털단지,신도림,12,97
20250524,구로디지털단지,신도림,13,94
20250524,구로디지털단지,신도림,14,83
20250524,구로디지털단지,신도림,15,86
20250524,구로디지털단지,신도림,16,113
20250524,구로디지털단지,신도림,17,108
20250524,구로디지털단지,신도림,18,63
20250524,구로디지털단지,신도림,19,65
20250524,구로디지털단지,신도림,20,46
20250524,구로디지털단지,신도림,21,31
20250524,구로디지털단지,신도림,22,30
20250524,구로디지털단지,신도림,23,43
20250524,구로디지털단지,신림,5,13
20250524,구로디지털단지,신림,6,10
20250524,구로디지털단지,신림,7,11
20250524,구로디지털단지,신림,8,35
20250524,구로디지털단지,신림,9,42
20250524,구로디지털단지,신림,10,51
20250524,구로디지털단지,신림,11,80
20250524,구로디지털단지,신림,12,65
20250524,구로디지털단지,신림,13,78
20250524,구로디지털단지,신림,14,85
20250524,구로디지털단지,신림,15,88
20250524,구로디지털단지,신림,16,89
20250524,구로디지털단지,신림,17,102
20250524,구로디지털단지,신림,18,90
20250524,구로디지털단지,신림,19,77
20250524,구로디지털단지,신림,20,98
20250524,구로디지털단지,신림,21,87
20250524,구로디지털단지,신림,22,76
20250524,구로디지털단지,신림,23,69
20250524,구로디지털단지,신촌,5,6
20250524,구로디지털단지,신촌,6,11
20250524,구로디지털단지,신촌,7,29
20250524,구로디지털단지,신촌,8,54
20250524,구로디지털단지,신촌,9,72
20250524,구로디지털단지,신촌,10,57
20250524,구로디지털단지,신촌,11,56
20250524,구로디지털단지,신촌,12,80
20250524,구로디지털단지,신촌,13,95
20250524,구로디지털단지,신촌,14,107
20250524,구로디지털단지,신촌,15,70
20250524,구로디지털단지,신촌,16,43
20250524,구로디지털단지,신촌,17,31
20250524,구로디지털단지,신촌,18,29
20250524,구로디지털단지,신촌,19,28
20250524,구로디지털단지,신촌,20,13
20250524,구로디지털단지,신촌,21,17
20250524,구로디지털단지,신촌,22,11
20250524,구로디지털단지,신촌,23,7
20250524,구로디지털단지,아현,4,2
20250524,구로디지털단지,아현,5,9
20250524,구로디지털단지,아현,6,4
20250524,구로디지털단지,아현,7,11
20250524,구로디지털단지,아현,8,8
20250524,구로디지털단지,아현,9,15
20250524,구로디지털단지,아현,10,6
20250524,구로디지털단지,아현,11,6
20250524,구로디지털단지,아현,12,2
20250524,구로디지털단지,아현,13,7
20250524,구로디지털단지,아현,14,5
20250524,구로디지털단지,아현,15,5
20250524,구로디지털단지,아현,16,9
20250524,구로디지털단지,아현,17,10
20250524,구로디지털단지,아현,18,6
20250524,구로디지털단지,아현,19,4
20250524,구로디지털단지,아현,20,3
20250524,구로디지털단지,아현,21,5
20250524,구로디지털단지,아현,22,3
20250524,구로디지털단지,역삼,5,16
20250524,구로디지털단지,역삼,6,23
20250524,구로디지털단지,역삼,7,37
20250524,구로디지털단지,역삼,8,57
20250524,구로디지털단지,역삼,9,59
20250524,구로디지털단지,역삼,10,36
20250524,구로디지털단지,역삼,11,37
20250524,구로디지털단지,역삼,12,30
20250524,구로디지털단지,역삼,13,22
20250524,구로디지털단지,역삼,14,39
20250524,구로디지털단지,역삼,15,20
20250524,구로디지털단지,역삼,16,24
20250524,구로디지털단지,역삼,17,17
20250524,구로디지털단지,역삼,18,12
20250524,구로디지털단지,역삼,19,13
20250524,구로디지털단지,역삼,20,5
20250524,구로디지털단지,역삼,21,9
20250524,구로디지털단지,역삼,22,6
20250524,구로디지털단지,역삼,23,3
20250524,구로디지털단지,영등포구청,5,19
20250524,구로디지털단지,영등포구청,6,22
20250524,구로디지털단지,영등포구청,7,20
20250524,구로디지털단지,영등포구청,8,34
20250524,구로디지털단지,영등포구청,9,62
20250524,구로디지털단지,영등포구청,10,55
20250524,구로디지털단지,영등포구청,11,32
20250524,구로디지털단지,영등포구청,12,25
20250524,구로디지털단지,영등포구청,13,42
20250524,구로디지털단지,영등포구청,14,37
20250524,구로디지털단지,영등포구청,15,32
20250524,구로디지털단지,영등포구청,16,25
20250524,구로디지털단지,영등포구청,17,38
20250524,구로디지털단지,영등포구청,18,13
20250524,구로디지털단지,영등포구청,19,10
20250524,구로디지털단지,영등포구청,20,12
20250524,구로디지털단지,영등포구청,21,12
20250524,구로디지털단지,영등포구청,22,14
20250524,구로디지털단지,영등포구청,23,9
20250524,구로디지털단지,왕십리(성동구청),5,9
20250524,구로디지털단지,왕십리(성동구청),6,4
20250524,구로디지털단지,왕십리(성동구청),7,7
20250524,구로디지털단지,왕십리(성동구청),8,8
20250524,구로디지털단지,왕십리(성동구청),9,8
20250524,구로디지털단지,왕십리(성동구청),10,10
20250524,구로디지털단지,왕십리(성동구청),11,10
20250524,구로디지털단지,왕십리(성동구청),12,7
20250524,구로디지털단지,왕십리(성동구청),13,12
20250524,구로디지털단지,왕십리(성동구청),14,7
20250524,구로디지털단지,왕십리(성동구청),15,5
20250524,구로디지털단지,왕십리(성동구청),16,3
20250524,구로디지털단지,왕십리(성동구청),17,13
20250524,구로디지털단지,왕십리(성동구청),18,5
20250524,구로디지털단지,왕십리(성동구청),19,4
20250524,구로디지털단지,왕십리(성동구청),20,1
20250524,구로디지털단지,왕십리(성동구청),21,2
20250524,구로디지털단지,왕십리(성동구청),22,6
20250524,구로디지털단지,왕십리(성동구청),23,1
20250524,구로디지털단지,용두(동대문구청),6,1
20250524,구로디지털단지,용두(동대문구청),9,1
20250524,구로디지털단지,용두(동대문구청),10,1
20250524,구로디지털단지,용두(동대문구청),11,1
20250524,구로디지털단지,용두(동대문구청),18,2
20250524,구로디지털단지,용두(동대문구청),20,1
20250524,구로디지털단지,을지로3가,5,24
20250524,구로디지털단지,을지로3가,6,9
20250524,구로디지털단지,을지로3가,7,9
20250524,구로디지털단지,을지로3가,8,7
20250524,구로디지털단지,을지로3가,9,16
20250524,구로디지털단지,을지로3가,10,28
20250524,구로디지털단지,을지로3가,11,16
20250524,구로디지털단지,을지로3가,12,12
20250524,구로디지털단지,을지로3가,13,11
20250524,구로디지털단지,을지로3가,14,22
20250524,구로디지털단지,을지로3가,15,19
20250524,구로디지털단지,을지로3가,16,22
20250524,구로디지털단지,을지로3가,17,17
20250524,구로디지털단지,을지로3가,18,9
20250524,구로디지털단지,을지로3가,19,5
20250524,구로디지털단지,을지로3가,20,5
20250524,구로디지털단지,을지로3가,21,1
20250524,구로디지털단지,을지로3가,22,3
20250524,구로디지털단지,을지로4가,5,8
20250524,구로디지털단지,을지로4가,6,15
20250524,구로디지털단지,을지로4가,7,12
20250524,구로디지털단지,을지로4가,8,12
20250524,구로디지털단지,을지로4가,9,12
20250524,구로디지털단지,을지로4가,10,9
20250524,구로디지털단지,을지로4가,11,10
20250524,구로디지털단지,을지로4가,12,15
20250524,구로디지털단지,을지로4가,13,15
20250524,구로디지털단지,을지로4가,14,10
20250524,구로디지털단지,을지로4가,15,5
20250524,구로디지털단지,을지로4가,16,6
20250524,구로디지털단지,을지로4가,17,13
20250524,구로디지털단지,을지로4가,18,4
20250524,구로디지털단지,을지로4가,19,1
20250524,구로디지털단지,을지로4가,20,1
20250524,구로디지털단지,을지로4가,21,1
20250524,구로디지털단지,을지로4가,22,2
20250524,구로디지털단지,을지로입구,5,17
20250524,구로디지털단지,을지로입구,6,24
20250524,구로디지털단지,을지로입구,7,36
20250524,구로디지털단지,을지로입구,8,98
20250524,구로디지털단지,을지로입구,9,57
20250524,구로디지털단지,을지로입구,10,56
20250524,구로디지털단지,을지로입구,11,38
20250524,구로디지털단지,을지로입구,12,49
20250524,구로디지털단지,을지로입구,13,46
20250524,구로디지털단지,을지로입구,14,31
20250524,구로디지털단지,을지로입구,15,24
20250524,구로디지털단지,을지로입구,16,26
20250524,구로디지털단지,을지로입구,17,23
20250524,구로디지털단지,을지로입구,18,10
20250524,구로디지털단지,을지로입구,19,3
20250524,구로디지털단지,을지로입구,20,4
20250524,구로디지털단지,을지로입구,22,1
20250524,구로디지털단지,을지로입구,23,5
20250524,구로디지털단지,이대,5,1
20250524,구로디지털단지,이대,6,4
20250524,구로디지털단지,이대,7,9
20250524,구로디지털단지,이대,8,15
20250524,구로디지털단지,이대,9,30
20250524,구로디지털단지,이대,10,20
20250524,구로디지털단지,이대,11,24
20250524,구로디지털단지,이대,12,17
20250524,구로디지털단지,이대,13,26
20250524,구로디지털단지,이대,14,51
20250524,구로디지털단지,이대,15,14
20250524,구로디지털단지,이대,16,13
20250524,구로디지털단지,이대,17,7
20250524,구로디지털단지,이대,18,13
20250524,구로디지털단지,이대,19,6
20250524,구로디지털단지,이대,20,4
20250524,구로디지털단지,이대,21,4
20250524,구로디지털단지,이대,22,5
20250524,구로디지털단지,이대,23,1
20250524,구로디지털단지,잠실(송파구청),5,32
20250524,구로디지털단지,잠실(송파구청),6,41
20250524,구로디지털단지,잠실(송파구청),7,36
20250524,구로디지털단지,잠실(송파구청),8,45
20250524,구로디지털단지,잠실(송파구청),9,91
20250524,구로디지털단지,잠실(송파구청),10,73
20250524,구로디지털단지,잠실(송파구청),11,81
20250524,구로디지털단지,잠실(송파구청),12,69
20250524,구로디지털단지,잠실(송파구청),13,76
20250524,구로디지털단지,잠실(송파구청),14,62
20250524,구로디지털단지,잠실(송파구청),15,60
20250524,구로디지털단지,잠실(송파구청),16,63
20250524,구로디지털단지,잠실(송파구청),17,58
20250524,구로디지털단지,잠실(송파구청),18,37
20250524,구로디지털단지,잠실(송파구청),19,25
20250524,구로디지털단지,잠실(송파구청),20,31
20250524,구로디지털단지,잠실(송파구청),21,23
20250524,구로디지털단지,잠실(송파구청),22,8
20250524,구로디지털단지,잠실(송파구청),23,7
20250524,구로디지털단지,잠실나루,5,38
20250524,구로디지털단지,잠실나루,6,6
20250524,구로디지털단지,잠실나루,7,2
20250524,구로디지털단지,잠실나루,9,4
20250524,구로디지털단지,잠실나루,10,5
20250524,구로디지털단지,잠실나루,11,2
20250524,구로디지털단지,잠실나루,12,4
20250524,구로디지털단지,잠실나루,13,2
20250524,구로디지털단지,잠실나루,14,2
20250524,구로디지털단지,잠실나루,15,1
20250524,구로디지털단지,잠실나루,16,3
20250524,구로디지털단지,잠실나루,17,2
20250524,구로디지털단지,잠실나루,18,4
20250524,구로디지털단지,잠실나루,19,1
20250524,구로디지털단지,잠실나루,20,3
20250524,구로디지털단지,잠실나루,21,1
20250524,구로디지털단지,잠실나루,22,1
20250524,구로디지털단지,잠실새내,5,5
20250524,구로디지털단지,잠실새내,6,2
20250524,구로디지털단지,잠실새내,7,5
20250524,구로디지털단지,잠실새내,8,9
20250524,구로디지털단지,잠실새내,9,7
20250524,구로디지털단지,잠실새내,10,8
20250524,구로디지털단지,잠실새내,11,6
20250524,구로디지털단지,잠실새내,12,11
20250524,구로디지털단지,잠실새내,13,19
20250524,구로디지털단지,잠실새내,14,15
20250524,구로디지털단지,잠실새내,15,14
20250524,구로디지털단지,잠실새내,16,16
20250524,구로디지털단지,잠실새내,17,11
20250524,구로디지털단지,잠실새내,18,6
20250524,구로디지털단지,잠실새내,19,11
20250524,구로디지털단지,잠실새내,20,1
20250524,구로디지털단지,잠실새내,21,2
20250524,구로디지털단지,잠실새내,22,3
20250524,구로디지털단지,잠실새내,23,2
20250524,구로디지털단지,종합운동장,5,28
20250524,구로디지털단지,종합운동장,6,17
20250524,구로디지털단지,종합운동장,7,4
20250524,구로디지털단지,종합운동장,8,1
20250524,구로디지털단지,종합운동장,9,8
20250524,구로디지털단지,종합운동장,10,9
20250524,구로디지털단지,종합운동장,11,5
20250524,구로디지털단지,종합운동장,12,22
20250524,구로디지털단지,종합운동장,13,21
20250524,구로디지털단지,종합운동장,14,16
20250524,구로디지털단지,종합운동장,15,68
20250524,구로디지털단지,종합운동장,16,35
20250524,구로디지털단지,종합운동장,17,9
20250524,구로디지털단지,종합운동장,18,3
20250524,구로디지털단지,종합운동장,20,1
20250524,구로디지털단지,종합운동장,21,3
20250524,구로디지털단지,종합운동장,22,2
20250524,구로디지털단지,충정로(경기대입구),5,5
20250524,구로디지털단지,충정로(경기대입구),6,2
20250524,구로디지털단지,충정로(경기대입구),7,4
20250524,구로디지털단지,충정로(경기대입구),8,8
20250524,구로디지털단지,충정로(경기대입구),9,7
20250524,구로디지털단지,충정로(경기대입구),10,3
20250524,구로디지털단지,충정로(경기대입구),11,8
20250524,구로디지털단지,충정로(경기대입구),12,6
20250524,구로디지털단지,충정로(경기대입구),13,4
20250524,구로디지털단지,충정로(경기대입구),14,8
20250524,구로디지털단지,충정로(경기대입구),15,3
20250524,구로디지털단지,충정로(경기대입구),16,7
20250524,구로디지털단지,충정로(경기대입구),17,1
20250524,구로디지털단지,충정로(경기대입구),18,1
20250524,구로디지털단지,충정로(경기대입구),20,2
20250524,구로디지털단지,충정로(경기대입구),21,7
20250524,구로디지털단지,충정로(경기대입구),22,3
20250524,구로디지털단지,한양대,5,3
20250524,구로디지털단지,한양대,6,1
20250524,구로디지털단지,한양대,7,3
20250524,구로디지털단지,한양대,8,5
20250524,구로디지털단지,한양대,9,19
20250524,구로디지털단지,한양대,10,5
20250524,구로디지털단지,한양대,11,1
20250524,구로디지털단지,한양대,12,4
20250524,구로디지털단지,한양대,13,12
20250524,구로디지털단지,한양대,14,6
20250524,구로디지털단지,한양대,15,4
20250524,구로디지털단지,한양대,17,1
20250524,구로디지털단지,한양대,18,1
20250524,구로디지털단지,한양대,19,2
20250524,구로디지털단지,한양대,21,1
20250524,구로디지털단지,합정,5,16
20250524,구로디지털단지,합정,6,29
20250524,구로디지털단지,합정,7,34
20250524,구로디지털단지,합정,8,58
20250524,구로디지털단지,합정,9,101
20250524,구로디지털단지,합정,10,96
20250524,구로디지털단지,합정,11,128
20250524,구로디지털단지,합정,12,153
20250524,구로디지털단지,합정,13,173
20250524,구로디지털단지,합정,14,128
20250524,구로디지털단지,합정,15,111
20250524,구로디지털단지,합정,16,114
20250524,구로디지털단지,합정,17,85
20250524,구로디지털단지,합정,18,82
20250524,구로디지털단지,합정,19,74
20250524,구로디지털단지,합정,20,41
20250524,구로디지털단지,합정,21,45
20250524,구로디지털단지,합정,22,34
20250524,구로디지털단지,합정,23,15
20250524,구로디지털단지,홍대입구,5,23
20250524,구로디지털단지,홍대입구,6,22
20250524,구로디지털단지,홍대입구,7,44
20250524,구로디지털단지,홍대입구,8,80
20250524,구로디지털단지,홍대입구,9,159
20250524,구로디지털단지,홍대입구,10,148
20250524,구로디지털단지,홍대입구,11,190
20250524,구로디지털단지,홍대입구,12,223
20250524,구로디지털단지,홍대입구,13,338
20250524,구로디지털단지,홍대입구,14,238
20250524,구로디지털단지,홍대입구,15,191
20250524,구로디지털단지,홍대입구,16,181
20250524,구로디지털단지,홍대입구,17,191
20250524,구로디지털단지,홍대입구,18,98
20250524,구로디지털단지,홍대입구,19,101
20250524,구로디지털단지,홍대입구,20,59
20250524,구로디지털단지,홍대입구,21,38
20250524,구로디지털단지,홍대입구,22,44
20250524,구로디지털단지,홍대입구,23,28
20250524,구의(광진구청),강남,5,19
20250524,구의(광진구청),강남,6,21
20250524,구의(광진구청),강남,7,35
20250524,구의(광진구청),강남,8,96
20250524,구의(광진구청),강남,9,104
20250524,구의(광진구청),강남,10,70
20250524,구의(광진구청),강남,11,54
20250524,구의(광진구청),강남,12,58
20250524,구의(광진구청),강남,13,63
20250524,구의(광진구청),강남,14,58
20250524,구의(광진구청),강남,15,50
20250524,구의(광진구청),강남,16,46
20250524,구의(광진구청),강남,17,48
20250524,구의(광진구청),강남,18,39
20250524,구의(광진구청),강남,19,23
20250524,구의(광진구청),강남,20,18
20250524,구의(광진구청),강남,21,15
20250524,구의(광진구청),강남,22,19
20250524,구의(광진구청),강남,23,6
20250524,구의(광진구청),강변(동서울터미널),5,9
20250524,구의(광진구청),강변(동서울터미널),6,12
20250524,구의(광진구청),강변(동서울터미널),7,20
20250524,구의(광진구청),강변(동서울터미널),8,25
20250524,구의(광진구청),강변(동서울터미널),9,45
20250524,구의(광진구청),강변(동서울터미널),10,50
20250524,구의(광진구청),강변(동서울터미널),11,41
20250524,구의(광진구청),강변(동서울터미널),12,52
20250524,구의(광진구청),강변(동서울터미널),13,58
20250524,구의(광진구청),강변(동서울터미널),14,48
20250524,구의(광진구청),강변(동서울터미널),15,35
20250524,구의(광진구청),강변(동서울터미널),16,49
20250524,구의(광진구청),강변(동서울터미널),17,42
20250524,구의(광진구청),강변(동서울터미널),18,41
20250524,구의(광진구청),강변(동서울터미널),19,50
20250524,구의(광진구청),강변(동서울터미널),20,28
20250524,구의(광진구청),강변(동서울터미널),21,22
20250524,구의(광진구청),강변(동서울터미널),22,14
20250524,구의(광진구청),강변(동서울터미널),23,9
20250524,구의(광진구청),건대입구,5,5
20250524,구의(광진구청),건대입구,6,12
20250524,구의(광진구청),건대입구,7,21
20250524,구의(광진구청),건대입구,8,54
20250524,구의(광진구청),건대입구,9,75
20250524,구의(광진구청),건대입구,10,75
20250524,구의(광진구청),건대입구,11,120
20250524,구의(광진구청),건대입구,12,103
20250524,구의(광진구청),건대입구,13,97
20250524,구의(광진구청),건대입구,14,90
20250524,구의(광진구청),건대입구,15,83
20250524,구의(광진구청),건대입구,16,144
20250524,구의(광진구청),건대입구,17,119
20250524,구의(광진구청),건대입구,18,98
20250524,구의(광진구청),건대입구,19,82
20250524,구의(광진구청),건대입구,20,70
20250524,구의(광진구청),건대입구,21,42
20250524,구의(광진구청),건대입구,22,48
20250524,구의(광진구청),건대입구,23,27
20250524,구의(광진구청),교대(법원.검찰청),5,5
20250524,구의(광진구청),교대(법원.검찰청),6,9
20250524,구의(광진구청),교대(법원.검찰청),7,15
20250524,구의(광진구청),교대(법원.검찰청),8,24
20250524,구의(광진구청),교대(법원.검찰청),9,22
20250524,구의(광진구청),교대(법원.검찰청),10,18
20250524,구의(광진구청),교대(법원.검찰청),11,8
20250524,구의(광진구청),교대(법원.검찰청),12,10
20250524,구의(광진구청),교대(법원.검찰청),13,14
20250524,구의(광진구청),교대(법원.검찰청),14,8
20250524,구의(광진구청),교대(법원.검찰청),15,11
20250524,구의(광진구청),교대(법원.검찰청),16,5
20250524,구의(광진구청),교대(법원.검찰청),17,5
20250524,구의(광진구청),교대(법원.검찰청),18,3
20250524,구의(광진구청),교대(법원.검찰청),19,6
20250524,구의(광진구청),교대(법원.검찰청),20,5
20250524,구의(광진구청),교대(법원.검찰청),21,4
20250524,구의(광진구청),교대(법원.검찰청),22,4
20250524,구의(광진구청),교대(법원.검찰청),23,4
20250524,구의(광진구청),구로디지털단지,5,2
20250524,구의(광진구청),구로디지털단지,6,2
20250524,구의(광진구청),구로디지털단지,7,8
20250524,구의(광진구청),구로디지털단지,8,4
20250524,구의(광진구청),구로디지털단지,9,6
20250524,구의(광진구청),구로디지털단지,10,10
20250524,구의(광진구청),구로디지털단지,11,8
20250524,구의(광진구청),구로디지털단지,12,11
20250524,구의(광진구청),구로디지털단지,13,11
20250524,구의(광진구청),구로디지털단지,14,10
20250524,구의(광진구청),구로디지털단지,15,13
20250524,구의(광진구청),구로디지털단지,16,9
20250524,구의(광진구청),구로디지털단지,17,7
20250524,구의(광진구청),구로디지털단지,18,5
20250524,구의(광진구청),구로디지털단지,19,5
20250524,구의(광진구청),구로디지털단지,20,7
20250524,구의(광진구청),구로디지털단지,21,4
20250524,구의(광진구청),구로디지털단지,22,4
20250524,구의(광진구청),구로디지털단지,23,1
20250524,구의(광진구청),구의(광진구청),5,7
20250524,구의(광진구청),구의(광진구청),6,4
20250524,구의(광진구청),구의(광진구청),7,9
20250524,구의(광진구청),구의(광진구청),8,9
20250524,구의(광진구청),구의(광진구청),9,24
20250524,구의(광진구청),구의(광진구청),10,20
20250524,구의(광진구청),구의(광진구청),11,30
20250524,구의(광진구청),구의(광진구청),12,22
20250524,구의(광진구청),구의(광진구청),13,31
20250524,구의(광진구청),구의(광진구청),14,36
20250524,구의(광진구청),구의(광진구청),15,37
20250524,구의(광진구청),구의(광진구청),16,39
20250524,구의(광진구청),구의(광진구청),17,23
20250524,구의(광진구청),구의(광진구청),18,27
20250524,구의(광진구청),구의(광진구청),19,21
20250524,구의(광진구청),구의(광진구청),20,20
20250524,구의(광진구청),구의(광진구청),21,24
20250524,구의(광진구청),구의(광진구청),22,15
20250524,구의(광진구청),구의(광진구청),23,26
20250524,구의(광진구청),낙성대,6,2
20250524,구의(광진구청),낙성대,7,3
20250524,구의(광진구청),낙성대,8,3
20250524,구의(광진구청),낙성대,9,4
20250524,구의(광진구청),낙성대,10,4
20250524,구의(광진구청),낙성대,11,8
20250524,구의(광진구청),낙성대,12,3
20250524,구의(광진구청),낙성대,13,2
20250524,구의(광진구청),낙성대,14,7
20250524,구의(광진구청),낙성대,15,5
20250524,구의(광진구청),낙성대,16,8
20250524,구의(광진구청),낙성대,17,10
20250524,구의(광진구청),낙성대,18,4
20250524,구의(광진구청),낙성대,19,5
20250524,구의(광진구청),낙성대,20,6
20250524,구의(광진구청),낙성대,21,1
20250524,구의(광진구청),낙성대,22,7
20250524,구의(광진구청),낙성대,23,2
20250524,구의(광진구청),당산,5,2
20250524,구의(광진구청),당산,6,2
20250524,구의(광진구청),당산,7,4
20250524,구의(광진구청),당산,8,3
20250524,구의(광진구청),당산,9,3
20250524,구의(광진구청),당산,10,4
20250524,구의(광진구청),당산,11,4
20250524,구의(광진구청),당산,12,3
20250524,구의(광진구청),당산,13,2
20250524,구의(광진구청),당산,14,3
20250524,구의(광진구청),당산,15,4
20250524,구의(광진구청),당산,16,10
20250524,구의(광진구청),당산,17,4
20250524,구의(광진구청),당산,18,4
20250524,구의(광진구청),당산,19,2
20250524,구의(광진구청),당산,21,3
20250524,구의(광진구청),당산,22,2
20250524,구의(광진구청),당산,23,4
20250524,구의(광진구청),대림(구로구청),5,1
20250524,구의(광진구청),대림(구로구청),6,1
20250524,구의(광진구청),대림(구로구청),7,2
20250524,구의(광진구청),대림(구로구청),8,6
20250524,구의(광진구청),대림(구로구청),9,5
20250524,구의(광진구청),대림(구로구청),10,7
20250524,구의(광진구청),대림(구로구청),11,7
20250524,구의(광진구청),대림(구로구청),12,1
20250524,구의(광진구청),대림(구로구청),13,3
20250524,구의(광진구청),대림(구로구청),14,1
20250524,구의(광진구청),대림(구로구청),15,8
20250524,구의(광진구청),대림(구로구청),16,5
20250524,구의(광진구청),대림(구로구청),17,5
20250524,구의(광진구청),대림(구로구청),18,4
20250524,구의(광진구청),대림(구로구청),19,3
20250524,구의(광진구청),대림(구로구청),20,3
20250524,구의(광진구청),대림(구로구청),21,4
20250524,구의(광진구청),대림(구로구청),22,1
20250524,구의(광진구청),대림(구로구청),23,2
20250524,구의(광진구청),동대문역사문화공원,5,6
20250524,구의(광진구청),동대문역사문화공원,6,4
20250524,구의(광진구청),동대문역사문화공원,7,5
20250524,구의(광진구청),동대문역사문화공원,8,17
20250524,구의(광진구청),동대문역사문화공원,9,20
20250524,구의(광진구청),동대문역사문화공원,10,26
20250524,구의(광진구청),동대문역사문화공원,11,23
20250524,구의(광진구청),동대문역사문화공원,12,24
20250524,구의(광진구청),동대문역사문화공원,13,26
20250524,구의(광진구청),동대문역사문화공원,14,36
20250524,구의(광진구청),동대문역사문화공원,15,19
20250524,구의(광진구청),동대문역사문화공원,16,26
20250524,구의(광진구청),동대문역사문화공원,17,4
20250524,구의(광진구청),동대문역사문화공원,18,8
20250524,구의(광진구청),동대문역사문화공원,19,3
20250524,구의(광진구청),동대문역사문화공원,20,4
20250524,구의(광진구청),동대문역사문화공원,22,2
20250524,구의(광진구청),동대문역사문화공원,23,3
20250524,구의(광진구청),뚝섬,5,6
20250524,구의(광진구청),뚝섬,6,12
20250524,구의(광진구청),뚝섬,7,9
20250524,구의(광진구청),뚝섬,8,25
20250524,구의(광진구청),뚝섬,9,51
20250524,구의(광진구청),뚝섬,10,39
20250524,구의(광진구청),뚝섬,11,41
20250524,구의(광진구청),뚝섬,12,64
20250524,구의(광진구청),뚝섬,13,59
20250524,구의(광진구청),뚝섬,14,46
20250524,구의(광진구청),뚝섬,15,41
20250524,구의(광진구청),뚝섬,16,38
20250524,구의(광진구청),뚝섬,17,34
20250524,구의(광진구청),뚝섬,18,26
20250524,구의(광진구청),뚝섬,19,15
20250524,구의(광진구청),뚝섬,20,16
20250524,구의(광진구청),뚝섬,21,6
20250524,구의(광진구청),뚝섬,22,7
20250524,구의(광진구청),뚝섬,23,3
20250524,구의(광진구청),문래,5,3
20250524,구의(광진구청),문래,7,2
20250524,구의(광진구청),문래,8,3
20250524,구의(광진구청),문래,9,7
20250524,구의(광진구청),문래,10,6
20250524,구의(광진구청),문래,11,6
20250524,구의(광진구청),문래,12,8
20250524,구의(광진구청),문래,13,8
20250524,구의(광진구청),문래,14,4
20250524,구의(광진구청),문래,15,6
20250524,구의(광진구청),문래,16,5
20250524,구의(광진구청),문래,17,3
20250524,구의(광진구청),문래,18,5
20250524,구의(광진구청),문래,19,5
20250524,구의(광진구청),문래,21,1
20250524,구의(광진구청),문래,22,3
20250524,구의(광진구청),방배,5,3
20250524,구의(광진구청),방배,6,5
20250524,구의(광진구청),방배,7,2
20250524,구의(광진구청),방배,8,11
20250524,구의(광진구청),방배,9,11
20250524,구의(광진구청),방배,10,3
20250524,구의(광진구청),방배,11,3
20250524,구의(광진구청),방배,12,4
20250524,구의(광진구청),방배,13,2
20250524,구의(광진구청),방배,14,5
20250524,구의(광진구청),방배,15,4
20250524,구의(광진구청),방배,16,3
20250524,구의(광진구청),방배,17,2
20250524,구의(광진구청),방배,18,3
20250524,구의(광진구청),방배,20,5
20250524,구의(광진구청),방배,21,2
20250524,구의(광진구청),방배,22,1
20250524,구의(광진구청),방배,23,1
20250524,구의(광진구청),봉천,5,1
20250524,구의(광진구청),봉천,6,3
20250524,구의(광진구청),봉천,7,2
20250524,구의(광진구청),봉천,8,7
20250524,구의(광진구청),봉천,9,5
20250524,구의(광진구청),봉천,11,2
20250524,구의(광진구청),봉천,12,8
20250524,구의(광진구청),봉천,13,5
20250524,구의(광진구청),봉천,14,2
20250524,구의(광진구청),봉천,15,4
20250524,구의(광진구청),봉천,16,7
20250524,구의(광진구청),봉천,17,5
20250524,구의(광진구청),봉천,18,5
20250524,구의(광진구청),봉천,19,6
20250524,구의(광진구청),봉천,20,4
20250524,구의(광진구청),봉천,21,5
20250524,구의(광진구청),봉천,22,5
20250524,구의(광진구청),사당,4,1
20250524,구의(광진구청),사당,5,5
20250524,구의(광진구청),사당,6,12
20250524,구의(광진구청),사당,7,5
20250524,구의(광진구청),사당,8,20
20250524,구의(광진구청),사당,9,16
20250524,구의(광진구청),사당,10,23
20250524,구의(광진구청),사당,11,22
20250524,구의(광진구청),사당,12,20
20250524,구의(광진구청),사당,13,22
20250524,구의(광진구청),사당,14,15
20250524,구의(광진구청),사당,15,24
20250524,구의(광진구청),사당,16,33
20250524,구의(광진구청),사당,17,34
20250524,구의(광진구청),사당,18,22
20250524,구의(광진구청),사당,19,14
20250524,구의(광진구청),사당,20,7
20250524,구의(광진구청),사당,21,7
20250524,구의(광진구청),사당,22,10
20250524,구의(광진구청),사당,23,5
20250524,구의(광진구청),삼성(무역센터),5,12
20250524,구의(광진구청),삼성(무역센터),6,20
20250524,구의(광진구청),삼성(무역센터),7,33
20250524,구의(광진구청),삼성(무역센터),8,51
20250524,구의(광진구청),삼성(무역센터),9,62
20250524,구의(광진구청),삼성(무역센터),10,49
20250524,구의(광진구청),삼성(무역센터),11,52
20250524,구의(광진구청),삼성(무역센터),12,45
20250524,구의(광진구청),삼성(무역센터),13,41
20250524,구의(광진구청),삼성(무역센터),14,33
20250524,구의(광진구청),삼성(무역센터),15,36
20250524,구의(광진구청),삼성(무역센터),16,27
20250524,구의(광진구청),삼성(무역센터),17,20
20250524,구의(광진구청),삼성(무역센터),18,14
20250524,구의(광진구청),삼성(무역센터),19,10
20250524,구의(광진구청),삼성(무역센터),20,6
20250524,구의(광진구청),삼성(무역센터),21,8
20250524,구의(광진구청),삼성(무역센터),22,2
20250524,구의(광진구청),삼성(무역센터),23,8
20250524,구의(광진구청),상왕십리,5,1
20250524,구의(광진구청),상왕십리,6,1
20250524,구의(광진구청),상왕십리,7,5
20250524,구의(광진구청),상왕십리,8,12
20250524,구의(광진구청),상왕십리,9,10
20250524,구의(광진구청),상왕십리,10,5
20250524,구의(광진구청),상왕십리,11,13
20250524,구의(광진구청),상왕십리,12,11
20250524,구의(광진구청),상왕십리,13,9
20250524,구의(광진구청),상왕십리,14,4
20250524,구의(광진구청),상왕십리,15,9
20250524,구의(광진구청),상왕십리,16,6
20250524,구의(광진구청),상왕십리,17,6
20250524,구의(광진구청),상왕십리,18,15
20250524,구의(광진구청),상왕십리,19,3
20250524,구의(광진구청),상왕십리,20,8
20250524,구의(광진구청),상왕십리,21,11
20250524,구의(광진구청),상왕십리,22,4
20250524,구의(광진구청),상왕십리,23,3
20250524,구의(광진구청),서울대입구(관악구청),5,1
20250524,구의(광진구청),서울대입구(관악구청),6,4
20250524,구의(광진구청),서울대입구(관악구청),7,5
20250524,구의(광진구청),서울대입구(관악구청),8,8
20250524,구의(광진구청),서울대입구(관악구청),9,14
20250524,구의(광진구청),서울대입구(관악구청),10,6
20250524,구의(광진구청),서울대입구(관악구청),11,11
20250524,구의(광진구청),서울대입구(관악구청),12,11
20250524,구의(광진구청),서울대입구(관악구청),13,11
20250524,구의(광진구청),서울대입구(관악구청),14,11
20250524,구의(광진구청),서울대입구(관악구청),15,11
20250524,구의(광진구청),서울대입구(관악구청),16,14
20250524,구의(광진구청),서울대입구(관악구청),17,15
20250524,구의(광진구청),서울대입구(관악구청),18,9
20250524,구의(광진구청),서울대입구(관악구청),19,10
20250524,구의(광진구청),서울대입구(관악구청),20,14
20250524,구의(광진구청),서울대입구(관악구청),21,11
20250524,구의(광진구청),서울대입구(관악구청),22,11
20250524,구의(광진구청),서울대입구(관악구청),23,7
20250524,구의(광진구청),서초,5,8
20250524,구의(광진구청),서초,6,8
20250524,구의(광진구청),서초,7,6
20250524,구의(광진구청),서초,8,12
20250524,구의(광진구청),서초,9,11
20250524,구의(광진구청),서초,10,7
20250524,구의(광진구청),서초,11,11
20250524,구의(광진구청),서초,12,14
20250524,구의(광진구청),서초,13,9
20250524,구의(광진구청),서초,14,5
20250524,구의(광진구청),서초,15,15
20250524,구의(광진구청),서초,16,9
20250524,구의(광진구청),서초,17,4
20250524,구의(광진구청),서초,18,5
20250524,구의(광진구청),서초,19,2
20250524,구의(광진구청),서초,21,1
20250524,구의(광진구청),서초,22,3
20250524,구의(광진구청),선릉,5,7
20250524,구의(광진구청),선릉,6,20
20250524,구의(광진구청),선릉,7,15
20250524,구의(광진구청),선릉,8,38
20250524,구의(광진구청),선릉,9,48
20250524,구의(광진구청),선릉,10,43
20250524,구의(광진구청),선릉,11,27
20250524,구의(광진구청),선릉,12,29
20250524,구의(광진구청),선릉,13,26
20250524,구의(광진구청),선릉,14,21
20250524,구의(광진구청),선릉,15,15
20250524,구의(광진구청),선릉,16,25
20250524,구의(광진구청),선릉,17,10
20250524,구의(광진구청),선릉,18,21
20250524,구의(광진구청),선릉,19,9
20250524,구의(광진구청),선릉,20,7
20250524,구의(광진구청),선릉,21,4
20250524,구의(광진구청),선릉,22,5
20250524,구의(광진구청),선릉,23,3
20250524,구의(광진구청),성수,5,10
20250524,구의(광진구청),성수,6,12
20250524,구의(광진구청),성수,7,13
20250524,구의(광진구청),성수,8,46
20250524,구의(광진구청),성수,9,63
20250524,구의(광진구청),성수,10,79
20250524,구의(광진구청),성수,11,64
20250524,구의(광진구청),성수,12,120
20250524,구의(광진구청),성수,13,100
20250524,구의(광진구청),성수,14,91
20250524,구의(광진구청),성수,15,87
20250524,구의(광진구청),성수,16,83
20250524,구의(광진구청),성수,17,108
20250524,구의(광진구청),성수,18,66
20250524,구의(광진구청),성수,19,42
20250524,구의(광진구청),성수,20,23
20250524,구의(광진구청),성수,21,14
20250524,구의(광진구청),성수,22,14
20250524,구의(광진구청),성수,23,12
20250524,구의(광진구청),시청,5,3
20250524,구의(광진구청),시청,6,4
20250524,구의(광진구청),시청,7,4
20250524,구의(광진구청),시청,8,7
20250524,구의(광진구청),시청,9,8
20250524,구의(광진구청),시청,10,16
20250524,구의(광진구청),시청,11,17
20250524,구의(광진구청),시청,12,18
20250524,구의(광진구청),시청,13,10
20250524,구의(광진구청),시청,14,12
20250524,구의(광진구청),시청,15,12
20250524,구의(광진구청),시청,16,10
20250524,구의(광진구청),시청,17,14
20250524,구의(광진구청),시청,18,3
20250524,구의(광진구청),시청,19,3
20250524,구의(광진구청),시청,21,1
20250524,구의(광진구청),시청,23,5
20250524,구의(광진구청),신당,5,3
20250524,구의(광진구청),신당,6,10
20250524,구의(광진구청),신당,7,11
20250524,구의(광진구청),신당,8,18
20250524,구의(광진구청),신당,9,10
20250524,구의(광진구청),신당,10,12
20250524,구의(광진구청),신당,11,15
20250524,구의(광진구청),신당,12,14
20250524,구의(광진구청),신당,13,14
20250524,구의(광진구청),신당,14,13
20250524,구의(광진구청),신당,15,17
20250524,구의(광진구청),신당,16,5
20250524,구의(광진구청),신당,17,13
20250524,구의(광진구청),신당,18,12
20250524,구의(광진구청),신당,19,8
20250524,구의(광진구청),신당,20,9
20250524,구의(광진구청),신당,21,5
20250524,구의(광진구청),신당,22,6
20250524,구의(광진구청),신당,23,5
20250524,구의(광진구청),신대방,7,1
20250524,구의(광진구청),신대방,8,3
20250524,구의(광진구청),신대방,9,3
20250524,구의(광진구청),신대방,10,2
20250524,구의(광진구청),신대방,11,5
20250524,구의(광진구청),신대방,12,3
20250524,구의(광진구청),신대방,13,6
20250524,구의(광진구청),신대방,14,3
20250524,구의(광진구청),신대방,15,5
20250524,구의(광진구청),신대방,16,5
20250524,구의(광진구청),신대방,17,5
20250524,구의(광진구청),신대방,18,2
20250524,구의(광진구청),신대방,19,2
20250524,구의(광진구청),신대방,20,3
20250524,구의(광진구청),신대방,21,2
20250524,구의(광진구청),신대방,23,1
20250524,구의(광진구청),신도림,5,4
20250524,구의(광진구청),신도림,6,3
20250524,구의(광진구청),신도림,7,3
20250524,구의(광진구청),신도림,8,6
20250524,구의(광진구청),신도림,9,14
20250524,구의(광진구청),신도림,10,17
20250524,구의(광진구청),신도림,11,4
20250524,구의(광진구청),신도림,12,12
20250524,구의(광진구청),신도림,13,12
20250524,구의(광진구청),신도림,14,11
20250524,구의(광진구청),신도림,15,13
20250524,구의(광진구청),신도림,16,9
20250524,구의(광진구청),신도림,17,8
20250524,구의(광진구청),신도림,18,6
20250524,구의(광진구청),신도림,19,9
20250524,구의(광진구청),신도림,20,3
20250524,구의(광진구청),신도림,21,8
20250524,구의(광진구청),신도림,22,4
20250524,구의(광진구청),신도림,23,1
20250524,구의(광진구청),신림,5,1
20250524,구의(광진구청),신림,6,2
20250524,구의(광진구청),신림,7,4
20250524,구의(광진구청),신림,8,4
20250524,구의(광진구청),신림,9,4
20250524,구의(광진구청),신림,10,6
20250524,구의(광진구청),신림,11,10
20250524,구의(광진구청),신림,12,6
20250524,구의(광진구청),신림,13,9
20250524,구의(광진구청),신림,14,7
20250524,구의(광진구청),신림,15,11
20250524,구의(광진구청),신림,16,16
20250524,구의(광진구청),신림,17,10
20250524,구의(광진구청),신림,18,13
20250524,구의(광진구청),신림,19,7
20250524,구의(광진구청),신림,20,18
20250524,구의(광진구청),신림,21,10
20250524,구의(광진구청),신림,22,10
20250524,구의(광진구청),신림,23,2
20250524,구의(광진구청),신촌,5,1
20250524,구의(광진구청),신촌,6,6
20250524,구의(광진구청),신촌,7,4
20250524,구의(광진구청),신촌,8,17
20250524,구의(광진구청),신촌,9,14
20250524,구의(광진구청),신촌,10,12
20250524,구의(광진구청),신촌,11,19
20250524,구의(광진구청),신촌,12,24
20250524,구의(광진구청),신촌,13,27
20250524,구의(광진구청),신촌,14,20
20250524,구의(광진구청),신촌,15,13
20250524,구의(광진구청),신촌,16,14
20250524,구의(광진구청),신촌,17,6
20250524,구의(광진구청),신촌,18,19
20250524,구의(광진구청),신촌,19,10
20250524,구의(광진구청),신촌,20,7
20250524,구의(광진구청),신촌,21,10
20250524,구의(광진구청),신촌,22,4
20250524,구의(광진구청),신촌,23,3
20250524,구의(광진구청),아현,6,2
20250524,구의(광진구청),아현,7,1
20250524,구의(광진구청),아현,8,3
20250524,구의(광진구청),아현,9,2
20250524,구의(광진구청),아현,10,4
20250524,구의(광진구청),아현,11,4
20250524,구의(광진구청),아현,12,3
20250524,구의(광진구청),아현,13,1
20250524,구의(광진구청),아현,15,4
20250524,구의(광진구청),아현,16,4
20250524,구의(광진구청),아현,17,1
20250524,구의(광진구청),아현,18,2
20250524,구의(광진구청),아현,19,3
20250524,구의(광진구청),아현,20,3
20250524,구의(광진구청),아현,21,3
20250524,구의(광진구청),아현,22,3
20250524,구의(광진구청),아현,23,3
20250524,구의(광진구청),역삼,5,5
20250524,구의(광진구청),역삼,6,9
20250524,구의(광진구청),역삼,7,15
20250524,구의(광진구청),역삼,8,36
20250524,구의(광진구청),역삼,9,42
20250524,구의(광진구청),역삼,10,19
20250524,구의(광진구청),역삼,11,27
20250524,구의(광진구청),역삼,12,17
20250524,구의(광진구청),역삼,13,21
20250524,구의(광진구청),역삼,14,14
20250524,구의(광진구청),역삼,15,13
20250524,구의(광진구청),역삼,16,12
20250524,구의(광진구청),역삼,17,9
20250524,구의(광진구청),역삼,18,11
20250524,구의(광진구청),역삼,19,7
20250524,구의(광진구청),역삼,20,6
20250524,구의(광진구청),역삼,21,12
20250524,구의(광진구청),역삼,22,6
20250524,구의(광진구청),역삼,23,2
20250524,구의(광진구청),영등포구청,5,1
20250524,구의(광진구청),영등포구청,7,2
20250524,구의(광진구청),영등포구청,8,1
20250524,구의(광진구청),영등포구청,9,2
20250524,구의(광진구청),영등포구청,10,5
20250524,구의(광진구청),영등포구청,11,2
20250524,구의(광진구청),영등포구청,12,2
20250524,구의(광진구청),영등포구청,13,4
20250524,구의(광진구청),영등포구청,14,1
20250524,구의(광진구청),영등포구청,15,1
20250524,구의(광진구청),영등포구청,16,3
20250524,구의(광진구청),영등포구청,17,2
20250524,구의(광진구청),영등포구청,18,2
20250524,구의(광진구청),영등포구청,19,5
20250524,구의(광진구청),영등포구청,21,6
20250524,구의(광진구청),영등포구청,23,1
20250524,구의(광진구청),왕십리(성동구청),5,4
20250524,구의(광진구청),왕십리(성동구청),6,3
20250524,구의(광진구청),왕십리(성동구청),7,9
20250524,구의(광진구청),왕십리(성동구청),8,23
20250524,구의(광진구청),왕십리(성동구청),9,14
20250524,구의(광진구청),왕십리(성동구청),10,20
20250524,구의(광진구청),왕십리(성동구청),11,12
20250524,구의(광진구청),왕십리(성동구청),12,12
20250524,구의(광진구청),왕십리(성동구청),13,20
20250524,구의(광진구청),왕십리(성동구청),14,22
20250524,구의(광진구청),왕십리(성동구청),15,6
20250524,구의(광진구청),왕십리(성동구청),16,21
20250524,구의(광진구청),왕십리(성동구청),17,17
20250524,구의(광진구청),왕십리(성동구청),18,9
20250524,구의(광진구청),왕십리(성동구청),19,8
20250524,구의(광진구청),왕십리(성동구청),20,9
20250524,구의(광진구청),왕십리(성동구청),21,12
20250524,구의(광진구청),왕십리(성동구청),22,5
20250524,구의(광진구청),왕십리(성동구청),23,1
20250524,구의(광진구청),용두(동대문구청),5,1
20250524,구의(광진구청),용두(동대문구청),7,2
20250524,구의(광진구청),용두(동대문구청),8,5
20250524,구의(광진구청),용두(동대문구청),9,6
20250524,구의(광진구청),용두(동대문구청),10,1
20250524,구의(광진구청),용두(동대문구청),11,6
20250524,구의(광진구청),용두(동대문구청),12,5
20250524,구의(광진구청),용두(동대문구청),13,14
20250524,구의(광진구청),용두(동대문구청),14,4
20250524,구의(광진구청),용두(동대문구청),15,3
20250524,구의(광진구청),용두(동대문구청),16,3
20250524,구의(광진구청),용두(동대문구청),17,1
20250524,구의(광진구청),용두(동대문구청),18,2
20250524,구의(광진구청),용두(동대문구청),19,1
20250524,구의(광진구청),용두(동대문구청),20,2
20250524,구의(광진구청),용두(동대문구청),21,2
20250524,구의(광진구청),용두(동대문구청),22,2
20250524,구의(광진구청),용두(동대문구청),23,1
20250524,구의(광진구청),을지로3가,6,5
20250524,구의(광진구청),을지로3가,7,6
20250524,구의(광진구청),을지로3가,8,8
20250524,구의(광진구청),을지로3가,9,10
20250524,구의(광진구청),을지로3가,10,10
20250524,구의(광진구청),을지로3가,11,13
20250524,구의(광진구청),을지로3가,12,15
20250524,구의(광진구청),을지로3가,13,10
20250524,구의(광진구청),을지로3가,14,15
20250524,구의(광진구청),을지로3가,15,15
20250524,구의(광진구청),을지로3가,16,21
20250524,구의(광진구청),을지로3가,17,44
20250524,구의(광진구청),을지로3가,18,24
20250524,구의(광진구청),을지로3가,19,10
20250524,구의(광진구청),을지로3가,20,7
20250524,구의(광진구청),을지로3가,21,3
20250524,구의(광진구청),을지로3가,22,4
20250524,구의(광진구청),을지로3가,23,1
20250524,구의(광진구청),을지로4가,5,1
20250524,구의(광진구청),을지로4가,6,10
20250524,구의(광진구청),을지로4가,7,13
20250524,구의(광진구청),을지로4가,8,9
20250524,구의(광진구청),을지로4가,9,16
20250524,구의(광진구청),을지로4가,10,34
20250524,구의(광진구청),을지로4가,11,14
20250524,구의(광진구청),을지로4가,12,8
20250524,구의(광진구청),을지로4가,13,15
20250524,구의(광진구청),을지로4가,14,15
20250524,구의(광진구청),을지로4가,15,15
20250524,구의(광진구청),을지로4가,16,4
20250524,구의(광진구청),을지로4가,17,15
20250524,구의(광진구청),을지로4가,18,3
20250524,구의(광진구청),을지로4가,19,6
20250524,구의(광진구청),을지로4가,20,1
20250524,구의(광진구청),을지로4가,21,5
20250524,구의(광진구청),을지로4가,22,2
20250524,구의(광진구청),을지로입구,5,1
20250524,구의(광진구청),을지로입구,6,10
20250524,구의(광진구청),을지로입구,7,9
20250524,구의(광진구청),을지로입구,8,23
20250524,구의(광진구청),을지로입구,9,46
20250524,구의(광진구청),을지로입구,10,39
20250524,구의(광진구청),을지로입구,11,29
20250524,구의(광진구청),을지로입구,12,27
20250524,구의(광진구청),을지로입구,13,27
20250524,구의(광진구청),을지로입구,14,23
20250524,구의(광진구청),을지로입구,15,24
20250524,구의(광진구청),을지로입구,16,23
20250524,구의(광진구청),을지로입구,17,26
20250524,구의(광진구청),을지로입구,18,16
20250524,구의(광진구청),을지로입구,19,7
20250524,구의(광진구청),을지로입구,20,4
20250524,구의(광진구청),을지로입구,21,5
20250524,구의(광진구청),을지로입구,23,2
20250524,구의(광진구청),이대,5,1
20250524,구의(광진구청),이대,6,1
20250524,구의(광진구청),이대,7,2
20250524,구의(광진구청),이대,8,9
20250524,구의(광진구청),이대,9,1
20250524,구의(광진구청),이대,10,5
20250524,구의(광진구청),이대,11,13
20250524,구의(광진구청),이대,12,6
20250524,구의(광진구청),이대,13,8
20250524,구의(광진구청),이대,14,4
20250524,구의(광진구청),이대,15,2
20250524,구의(광진구청),이대,16,2
20250524,구의(광진구청),이대,17,7
20250524,구의(광진구청),이대,18,3
20250524,구의(광진구청),이대,19,2
20250524,구의(광진구청),이대,20,3
20250524,구의(광진구청),이대,21,1
20250524,구의(광진구청),이대,22,3
20250524,구의(광진구청),이대,23,1
20250524,구의(광진구청),잠실(송파구청),5,12
20250524,구의(광진구청),잠실(송파구청),6,24
20250524,구의(광진구청),잠실(송파구청),7,25
20250524,구의(광진구청),잠실(송파구청),8,44
20250524,구의(광진구청),잠실(송파구청),9,83
20250524,구의(광진구청),잠실(송파구청),10,75
20250524,구의(광진구청),잠실(송파구청),11,87
20250524,구의(광진구청),잠실(송파구청),12,91
20250524,구의(광진구청),잠실(송파구청),13,119
20250524,구의(광진구청),잠실(송파구청),14,82
20250524,구의(광진구청),잠실(송파구청),15,90
20250524,구의(광진구청),잠실(송파구청),16,95
20250524,구의(광진구청),잠실(송파구청),17,74
20250524,구의(광진구청),잠실(송파구청),18,64
20250524,구의(광진구청),잠실(송파구청),19,62
20250524,구의(광진구청),잠실(송파구청),20,26
20250524,구의(광진구청),잠실(송파구청),21,38
20250524,구의(광진구청),잠실(송파구청),22,36
20250524,구의(광진구청),잠실(송파구청),23,11
20250524,구의(광진구청),잠실나루,5,9
20250524,구의(광진구청),잠실나루,6,15
20250524,구의(광진구청),잠실나루,7,15
20250524,구의(광진구청),잠실나루,8,18
20250524,구의(광진구청),잠실나루,9,22
20250524,구의(광진구청),잠실나루,10,21
20250524,구의(광진구청),잠실나루,11,15
20250524,구의(광진구청),잠실나루,12,16
20250524,구의(광진구청),잠실나루,13,22
20250524,구의(광진구청),잠실나루,14,27
20250524,구의(광진구청),잠실나루,15,16
20250524,구의(광진구청),잠실나루,16,16
20250524,구의(광진구청),잠실나루,17,16
20250524,구의(광진구청),잠실나루,18,22
20250524,구의(광진구청),잠실나루,19,10
20250524,구의(광진구청),잠실나루,20,6
20250524,구의(광진구청),잠실나루,21,10
20250524,구의(광진구청),잠실나루,22,6
20250524,구의(광진구청),잠실나루,23,8
20250524,구의(광진구청),잠실새내,5,5
20250524,구의(광진구청),잠실새내,6,10
20250524,구의(광진구청),잠실새내,7,12
20250524,구의(광진구청),잠실새내,8,27
20250524,구의(광진구청),잠실새내,9,29
20250524,구의(광진구청),잠실새내,10,33
20250524,구의(광진구청),잠실새내,11,24
20250524,구의(광진구청),잠실새내,12,18
20250524,구의(광진구청),잠실새내,13,28
20250524,구의(광진구청),잠실새내,14,30
20250524,구의(광진구청),잠실새내,15,30
20250524,구의(광진구청),잠실새내,16,29
20250524,구의(광진구청),잠실새내,17,31
20250524,구의(광진구청),잠실새내,18,11
20250524,구의(광진구청),잠실새내,19,16
20250524,구의(광진구청),잠실새내,20,9
20250524,구의(광진구청),잠실새내,21,4
20250524,구의(광진구청),잠실새내,22,8
20250524,구의(광진구청),잠실새내,23,12
20250524,구의(광진구청),종합운동장,5,1
20250524,구의(광진구청),종합운동장,6,9
20250524,구의(광진구청),종합운동장,7,11
20250524,구의(광진구청),종합운동장,8,13
20250524,구의(광진구청),종합운동장,9,3
20250524,구의(광진구청),종합운동장,10,5
20250524,구의(광진구청),종합운동장,11,10
20250524,구의(광진구청),종합운동장,12,6
20250524,구의(광진구청),종합운동장,13,10
20250524,구의(광진구청),종합운동장,14,18
20250524,구의(광진구청),종합운동장,15,40
20250524,구의(광진구청),종합운동장,16,48
20250524,구의(광진구청),종합운동장,17,8
20250524,구의(광진구청),종합운동장,18,2
20250524,구의(광진구청),종합운동장,20,4
20250524,구의(광진구청),종합운동장,21,2
20250524,구의(광진구청),종합운동장,22,2
20250524,구의(광진구청),종합운동장,23,2
20250524,구의(광진구청),충정로(경기대입구),6,2
20250524,구의(광진구청),충정로(경기대입구),8,1
20250524,구의(광진구청),충정로(경기대입구),9,3
20250524,구의(광진구청),충정로(경기대입구),10,7
20250524,구의(광진구청),충정로(경기대입구),11,2
20250524,구의(광진구청),충정로(경기대입구),12,4
20250524,구의(광진구청),충정로(경기대입구),13,4
20250524,구의(광진구청),충정로(경기대입구),14,5
20250524,구의(광진구청),충정로(경기대입구),15,2
20250524,구의(광진구청),충정로(경기대입구),16,2
20250524,구의(광진구청),충정로(경기대입구),17,4
20250524,구의(광진구청),충정로(경기대입구),19,2
20250524,구의(광진구청),충정로(경기대입구),20,1
20250524,구의(광진구청),충정로(경기대입구),22,2
20250524,구의(광진구청),충정로(경기대입구),23,1
20250524,구의(광진구청),한양대,5,3
20250524,구의(광진구청),한양대,6,1
20250524,구의(광진구청),한양대,7,5
20250524,구의(광진구청),한양대,8,13
20250524,구의(광진구청),한양대,9,17
20250524,구의(광진구청),한양대,10,11
20250524,구의(광진구청),한양대,11,13
20250524,구의(광진구청),한양대,12,8
20250524,구의(광진구청),한양대,13,12
20250524,구의(광진구청),한양대,14,6
20250524,구의(광진구청),한양대,15,9
20250524,구의(광진구청),한양대,16,6
20250524,구의(광진구청),한양대,17,7
20250524,구의(광진구청),한양대,18,8
20250524,구의(광진구청),한양대,19,2
20250524,구의(광진구청),한양대,20,6
20250524,구의(광진구청),한양대,21,8
20250524,구의(광진구청),한양대,22,1
20250524,구의(광진구청),한양대,23,1
20250524,구의(광진구청),합정,5,2
20250524,구의(광진구청),합정,6,7
20250524,구의(광진구청),합정,7,9
20250524,구의(광진구청),합정,8,6
20250524,구의(광진구청),합정,9,9
20250524,구의(광진구청),합정,10,13
20250524,구의(광진구청),합정,11,17
20250524,구의(광진구청),합정,12,18
20250524,구의(광진구청),합정,13,22
20250524,구의(광진구청),합정,14,19
20250524,구의(광진구청),합정,15,22
20250524,구의(광진구청),합정,16,22
20250524,구의(광진구청),합정,17,13
20250524,구의(광진구청),합정,18,12
20250524,구의(광진구청),합정,19,6
20250524,구의(광진구청),합정,20,8
20250524,구의(광진구청),합정,21,5
20250524,구의(광진구청),합정,22,5
20250524,구의(광진구청),합정,23,1
20250524,구의(광진구청),홍대입구,5,2
20250524,구의(광진구청),홍대입구,6,4
20250524,구의(광진구청),홍대입구,7,5
20250524,구의(광진구청),홍대입구,8,8
20250524,구의(광진구청),홍대입구,9,35
20250524,구의(광진구청),홍대입구,10,26
20250524,구의(광진구청),홍대입구,11,38
20250524,구의(광진구청),홍대입구,12,46
20250524,구의(광진구청),홍대입구,13,34
20250524,구의(광진구청),홍대입구,14,45
20250524,구의(광진구청),홍대입구,15,32
20250524,구의(광진구청),홍대입구,16,44
20250524,구의(광진구청),홍대입구,17,35
20250524,구의(광진구청),홍대입구,18,20
20250524,구의(광진구청),홍대입구,19,14
20250524,구의(광진구청),홍대입구,20,5
20250524,구의(광진구청),홍대입구,21,14
20250524,구의(광진구청),홍대입구,22,17
20250524,구의(광진구청),홍대입구,23,10
20250524,낙성대,강남,5,19
20250524,낙성대,강남,6,34
20250524,낙성대,강남,7,44
20250524,낙성대,강남,8,152
20250524,낙성대,강남,9,168
20250524,낙성대,강남,10,127
20250524,낙성대,강남,11,99
20250524,낙성대,강남,12,103
20250524,낙성대,강남,13,90
20250524,낙성대,강남,14,103
20250524,낙성대,강남,15,76
20250524,낙성대,강남,16,89
20250524,낙성대,강남,17,85
20250524,낙성대,강남,18,55
20250524,낙성대,강남,19,39
20250524,낙성대,강남,20,40
20250524,낙성대,강남,21,23
20250524,낙성대,강남,22,23
20250524,낙성대,강남,23,7
20250524,낙성대,강변(동서울터미널),5,4
20250524,낙성대,강변(동서울터미널),6,4
20250524,낙성대,강변(동서울터미널),7,5
20250524,낙성대,강변(동서울터미널),8,10
20250524,낙성대,강변(동서울터미널),9,8
20250524,낙성대,강변(동서울터미널),10,7
20250524,낙성대,강변(동서울터미널),11,7
20250524,낙성대,강변(동서울터미널),12,11
20250524,낙성대,강변(동서울터미널),13,17
20250524,낙성대,강변(동서울터미널),14,4
20250524,낙성대,강변(동서울터미널),15,5
20250524,낙성대,강변(동서울터미널),16,5
20250524,낙성대,강변(동서울터미널),17,7
20250524,낙성대,강변(동서울터미널),18,9
20250524,낙성대,강변(동서울터미널),19,3
20250524,낙성대,강변(동서울터미널),20,3
20250524,낙성대,강변(동서울터미널),21,5
20250524,낙성대,강변(동서울터미널),22,4
20250524,낙성대,강변(동서울터미널),23,3
20250524,낙성대,건대입구,5,2
20250524,낙성대,건대입구,6,3
20250524,낙성대,건대입구,7,2
20250524,낙성대,건대입구,8,11
20250524,낙성대,건대입구,9,9
20250524,낙성대,건대입구,10,10
20250524,낙성대,건대입구,11,18
20250524,낙성대,건대입구,12,14
20250524,낙성대,건대입구,13,9
20250524,낙성대,건대입구,14,22
20250524,낙성대,건대입구,15,10
20250524,낙성대,건대입구,16,12
20250524,낙성대,건대입구,17,13
20250524,낙성대,건대입구,18,10
20250524,낙성대,건대입구,19,7
20250524,낙성대,건대입구,20,15
20250524,낙성대,건대입구,21,5
20250524,낙성대,건대입구,22,3
20250524,낙성대,건대입구,23,8
20250524,낙성대,교대(법원.검찰청),5,11
20250524,낙성대,교대(법원.검찰청),6,20
20250524,낙성대,교대(법원.검찰청),7,21
20250524,낙성대,교대(법원.검찰청),8,41
20250524,낙성대,교대(법원.검찰청),9,50
20250524,낙성대,교대(법원.검찰청),10,47
20250524,낙성대,교대(법원.검찰청),11,24
20250524,낙성대,교대(법원.검찰청),12,35
20250524,낙성대,교대(법원.검찰청),13,27
20250524,낙성대,교대(법원.검찰청),14,31
20250524,낙성대,교대(법원.검찰청),15,33
20250524,낙성대,교대(법원.검찰청),16,25
20250524,낙성대,교대(법원.검찰청),17,21
20250524,낙성대,교대(법원.검찰청),18,15
20250524,낙성대,교대(법원.검찰청),19,14
20250524,낙성대,교대(법원.검찰청),20,5
20250524,낙성대,교대(법원.검찰청),21,9
20250524,낙성대,교대(법원.검찰청),22,5
20250524,낙성대,교대(법원.검찰청),23,4
20250524,낙성대,구로디지털단지,5,2
20250524,낙성대,구로디지털단지,6,6
20250524,낙성대,구로디지털단지,7,14
20250524,낙성대,구로디지털단지,8,29
20250524,낙성대,구로디지털단지,9,30
20250524,낙성대,구로디지털단지,10,27
20250524,낙성대,구로디지털단지,11,13
20250524,낙성대,구로디지털단지,12,26
20250524,낙성대,구로디지털단지,13,42
20250524,낙성대,구로디지털단지,14,27
20250524,낙성대,구로디지털단지,15,21
20250524,낙성대,구로디지털단지,16,22
20250524,낙성대,구로디지털단지,17,25
20250524,낙성대,구로디지털단지,18,27
20250524,낙성대,구로디지털단지,19,28
20250524,낙성대,구로디지털단지,20,24
20250524,낙성대,구로디지털단지,21,16
20250524,낙성대,구로디지털단지,22,19
20250524,낙성대,구로디지털단지,23,10
20250524,낙성대,구의(광진구청),5,2
20250524,낙성대,구의(광진구청),6,3
20250524,낙성대,구의(광진구청),7,5
20250524,낙성대,구의(광진구청),8,1
20250524,낙성대,구의(광진구청),9,6
20250524,낙성대,구의(광진구청),10,3
20250524,낙성대,구의(광진구청),11,5
20250524,낙성대,구의(광진구청),12,2
20250524,낙성대,구의(광진구청),13,3
20250524,낙성대,구의(광진구청),14,8
20250524,낙성대,구의(광진구청),15,10
20250524,낙성대,구의(광진구청),16,6
20250524,낙성대,구의(광진구청),17,1
20250524,낙성대,구의(광진구청),18,5
20250524,낙성대,구의(광진구청),19,3
20250524,낙성대,구의(광진구청),20,1
20250524,낙성대,구의(광진구청),21,4
20250524,낙성대,구의(광진구청),22,7
20250524,낙성대,구의(광진구청),23,3
20250524,낙성대,낙성대,5,3
20250524,낙성대,낙성대,6,4
20250524,낙성대,낙성대,7,10
20250524,낙성대,낙성대,8,12
20250524,낙성대,낙성대,9,22
20250524,낙성대,낙성대,10,28
20250524,낙성대,낙성대,11,21
20250524,낙성대,낙성대,12,27
20250524,낙성대,낙성대,13,40
20250524,낙성대,낙성대,14,27
20250524,낙성대,낙성대,15,24
20250524,낙성대,낙성대,16,20
20250524,낙성대,낙성대,17,19
20250524,낙성대,낙성대,18,18
20250524,낙성대,낙성대,19,22
20250524,낙성대,낙성대,20,15
20250524,낙성대,낙성대,21,17
20250524,낙성대,낙성대,22,23
20250524,낙성대,낙성대,23,14
20250524,낙성대,당산,5,1
20250524,낙성대,당산,6,2
20250524,낙성대,당산,7,10
20250524,낙성대,당산,8,18
20250524,낙성대,당산,9,24
20250524,낙성대,당산,10,9
20250524,낙성대,당산,11,15
20250524,낙성대,당산,12,18
20250524,낙성대,당산,13,20
20250524,낙성대,당산,14,20
20250524,낙성대,당산,15,11
20250524,낙성대,당산,16,10
20250524,낙성대,당산,17,9
20250524,낙성대,당산,18,9
20250524,낙성대,당산,19,13
20250524,낙성대,당산,20,13
20250524,낙성대,당산,21,13
20250524,낙성대,당산,22,8
20250524,낙성대,당산,23,2
20250524,낙성대,대림(구로구청),5,1
20250524,낙성대,대림(구로구청),6,2
20250524,낙성대,대림(구로구청),7,2
20250524,낙성대,대림(구로구청),8,16
20250524,낙성대,대림(구로구청),9,14
20250524,낙성대,대림(구로구청),10,8
20250524,낙성대,대림(구로구청),11,12
20250524,낙성대,대림(구로구청),12,13
20250524,낙성대,대림(구로구청),13,12
20250524,낙성대,대림(구로구청),14,16
20250524,낙성대,대림(구로구청),15,22
20250524,낙성대,대림(구로구청),16,12
20250524,낙성대,대림(구로구청),17,16
20250524,낙성대,대림(구로구청),18,8
20250524,낙성대,대림(구로구청),19,11
20250524,낙성대,대림(구로구청),20,9
20250524,낙성대,대림(구로구청),21,12
20250524,낙성대,대림(구로구청),22,7
20250524,낙성대,동대문역사문화공원,5,1
20250524,낙성대,동대문역사문화공원,7,2
20250524,낙성대,동대문역사문화공원,8,2
20250524,낙성대,동대문역사문화공원,9,5
20250524,낙성대,동대문역사문화공원,10,6
20250524,낙성대,동대문역사문화공원,12,1
20250524,낙성대,동대문역사문화공원,13,7
20250524,낙성대,동대문역사문화공원,14,5
20250524,낙성대,동대문역사문화공원,16,6
20250524,낙성대,동대문역사문화공원,17,3
20250524,낙성대,동대문역사문화공원,19,1
20250524,낙성대,뚝섬,5,1
20250524,낙성대,뚝섬,7,1
20250524,낙성대,뚝섬,8,3
20250524,낙성대,뚝섬,9,6
20250524,낙성대,뚝섬,10,6
20250524,낙성대,뚝섬,11,5
20250524,낙성대,뚝섬,12,7
20250524,낙성대,뚝섬,13,10
20250524,낙성대,뚝섬,14,11
20250524,낙성대,뚝섬,15,9
20250524,낙성대,뚝섬,16,3
20250524,낙성대,뚝섬,17,7
20250524,낙성대,뚝섬,18,3
20250524,낙성대,뚝섬,19,2
20250524,낙성대,문래,5,1
20250524,낙성대,문래,6,4
20250524,낙성대,문래,7,4
20250524,낙성대,문래,8,5
20250524,낙성대,문래,9,4
20250524,낙성대,문래,10,8
20250524,낙성대,문래,11,12
20250524,낙성대,문래,12,19
20250524,낙성대,문래,13,14
20250524,낙성대,문래,14,18
20250524,낙성대,문래,15,15
20250524,낙성대,문래,16,18
20250524,낙성대,문래,17,17
20250524,낙성대,문래,18,16
20250524,낙성대,문래,19,6
20250524,낙성대,문래,20,5
20250524,낙성대,문래,21,3
20250524,낙성대,문래,22,3
20250524,낙성대,문래,23,3
20250524,낙성대,방배,5,7
20250524,낙성대,방배,6,13
20250524,낙성대,방배,7,17
20250524,낙성대,방배,8,34
20250524,낙성대,방배,9,48
20250524,낙성대,방배,10,30
20250524,낙성대,방배,11,25
20250524,낙성대,방배,12,16
20250524,낙성대,방배,13,26
20250524,낙성대,방배,14,19
20250524,낙성대,방배,15,12
20250524,낙성대,방배,16,10
20250524,낙성대,방배,17,22
20250524,낙성대,방배,18,13
20250524,낙성대,방배,19,10
20250524,낙성대,방배,20,11
20250524,낙성대,방배,21,5
20250524,낙성대,방배,22,4
20250524,낙성대,방배,23,2
20250524,낙성대,봉천,5,5
20250524,낙성대,봉천,6,11
20250524,낙성대,봉천,7,18
20250524,낙성대,봉천,8,34
20250524,낙성대,봉천,9,36
20250524,낙성대,봉천,10,44
20250524,낙성대,봉천,11,38
20250524,낙성대,봉천,12,30
20250524,낙성대,봉천,13,34
20250524,낙성대,봉천,14,30
20250524,낙성대,봉천,15,27
20250524,낙성대,봉천,16,40
20250524,낙성대,봉천,17,39
20250524,낙성대,봉천,18,44
20250524,낙성대,봉천,19,22
20250524,낙성대,봉천,20,16
20250524,낙성대,봉천,21,13
20250524,낙성대,봉천,22,9
20250524,낙성대,봉천,23,4
20250524,낙성대,사당,5,10
20250524,낙성대,사당,6,26
20250524,낙성대,사당,7,27
20250524,낙성대,사당,8,45
20250524,낙성대,사당,9,63
20250524,낙성대,사당,10,58
20250524,낙성대,사당,11,72
20250524,낙성대,사당,12,71
20250524,낙성대,사당,13,63
20250524,낙성대,사당,14,87
20250524,낙성대,사당,15,51
20250524,낙성대,사당,16,84
20250524,낙성대,사당,17,65
20250524,낙성대,사당,18,65
20250524,낙성대,사당,19,32
20250524,낙성대,사당,20,40
20250524,낙성대,사당,21,29
20250524,낙성대,사당,22,23
20250524,낙성대,사당,23,14
20250524,낙성대,삼성(무역센터),5,14
20250524,낙성대,삼성(무역센터),6,32
20250524,낙성대,삼성(무역센터),7,30
20250524,낙성대,삼성(무역센터),8,43
20250524,낙성대,삼성(무역센터),9,48
20250524,낙성대,삼성(무역센터),10,46
20250524,낙성대,삼성(무역센터),11,51
20250524,낙성대,삼성(무역센터),12,52
20250524,낙성대,삼성(무역센터),13,35
20250524,낙성대,삼성(무역센터),14,32
20250524,낙성대,삼성(무역센터),15,25
20250524,낙성대,삼성(무역센터),16,37
20250524,낙성대,삼성(무역센터),17,22
20250524,낙성대,삼성(무역센터),18,11
20250524,낙성대,삼성(무역센터),19,16
20250524,낙성대,삼성(무역센터),20,5
20250524,낙성대,삼성(무역센터),21,7
20250524,낙성대,삼성(무역센터),22,5
20250524,낙성대,삼성(무역센터),23,7
20250524,낙성대,상왕십리,7,3
20250524,낙성대,상왕십리,8,2
20250524,낙성대,상왕십리,9,2
20250524,낙성대,상왕십리,10,2
20250524,낙성대,상왕십리,13,1
20250524,낙성대,상왕십리,14,1
20250524,낙성대,상왕십리,15,1
20250524,낙성대,상왕십리,16,1
20250524,낙성대,상왕십리,17,1
20250524,낙성대,상왕십리,18,1
20250524,낙성대,상왕십리,21,1
20250524,낙성대,서울대입구(관악구청),5,4
20250524,낙성대,서울대입구(관악구청),6,10
20250524,낙성대,서울대입구(관악구청),7,23
20250524,낙성대,서울대입구(관악구청),8,54
20250524,낙성대,서울대입구(관악구청),9,68
20250524,낙성대,서울대입구(관악구청),10,82
20250524,낙성대,서울대입구(관악구청),11,81
20250524,낙성대,서울대입구(관악구청),12,98
20250524,낙성대,서울대입구(관악구청),13,88
20250524,낙성대,서울대입구(관악구청),14,71
20250524,낙성대,서울대입구(관악구청),15,83
20250524,낙성대,서울대입구(관악구청),16,68
20250524,낙성대,서울대입구(관악구청),17,63
20250524,낙성대,서울대입구(관악구청),18,59
20250524,낙성대,서울대입구(관악구청),19,41
20250524,낙성대,서울대입구(관악구청),20,46
20250524,낙성대,서울대입구(관악구청),21,33
20250524,낙성대,서울대입구(관악구청),22,29
20250524,낙성대,서울대입구(관악구청),23,19
20250524,낙성대,서초,5,18
20250524,낙성대,서초,6,35
20250524,낙성대,서초,7,22
20250524,낙성대,서초,8,15
20250524,낙성대,서초,9,26
20250524,낙성대,서초,10,22
20250524,낙성대,서초,11,21
20250524,낙성대,서초,12,25
20250524,낙성대,서초,13,18
20250524,낙성대,서초,14,27
20250524,낙성대,서초,15,14
20250524,낙성대,서초,16,14
20250524,낙성대,서초,17,19
20250524,낙성대,서초,18,12
20250524,낙성대,서초,19,10
20250524,낙성대,서초,20,3
20250524,낙성대,서초,21,3
20250524,낙성대,서초,22,5
20250524,낙성대,서초,23,6
20250524,낙성대,선릉,5,14
20250524,낙성대,선릉,6,21
20250524,낙성대,선릉,7,28
20250524,낙성대,선릉,8,50
20250524,낙성대,선릉,9,57
20250524,낙성대,선릉,10,38
20250524,낙성대,선릉,11,43
20250524,낙성대,선릉,12,53
20250524,낙성대,선릉,13,34
20250524,낙성대,선릉,14,25
20250524,낙성대,선릉,15,20
20250524,낙성대,선릉,16,14
20250524,낙성대,선릉,17,14
20250524,낙성대,선릉,18,16
20250524,낙성대,선릉,19,14
20250524,낙성대,선릉,20,17
20250524,낙성대,선릉,21,17
20250524,낙성대,선릉,22,6
20250524,낙성대,선릉,23,7
20250524,낙성대,성수,5,3
20250524,낙성대,성수,6,7
20250524,낙성대,성수,7,6
20250524,낙성대,성수,8,8
20250524,낙성대,성수,9,13
20250524,낙성대,성수,10,14
20250524,낙성대,성수,11,16
20250524,낙성대,성수,12,23
20250524,낙성대,성수,13,21
20250524,낙성대,성수,14,23
20250524,낙성대,성수,15,10
20250524,낙성대,성수,16,14
20250524,낙성대,성수,17,9
20250524,낙성대,성수,18,8
20250524,낙성대,성수,19,5
20250524,낙성대,성수,20,5
20250524,낙성대,성수,21,3
20250524,낙성대,성수,22,4
20250524,낙성대,성수,23,2
20250524,낙성대,시청,6,2
20250524,낙성대,시청,7,1
20250524,낙성대,시청,8,5
20250524,낙성대,시청,9,8
20250524,낙성대,시청,10,7
20250524,낙성대,시청,11,9
20250524,낙성대,시청,12,7
20250524,낙성대,시청,13,13
20250524,낙성대,시청,14,6
20250524,낙성대,시청,15,3
20250524,낙성대,시청,16,7
20250524,낙성대,시청,17,1
20250524,낙성대,시청,18,2
20250524,낙성대,시청,20,1
20250524,낙성대,신당,6,1
20250524,낙성대,신당,7,2
20250524,낙성대,신당,8,3
20250524,낙성대,신당,9,2
20250524,낙성대,신당,11,1
20250524,낙성대,신당,12,3
20250524,낙성대,신당,13,4
20250524,낙성대,신당,14,3
20250524,낙성대,신당,15,2
20250524,낙성대,신당,16,1
20250524,낙성대,신당,19,2
20250524,낙성대,신당,21,1
20250524,낙성대,신당,22,1
20250524,낙성대,신대방,5,4
20250524,낙성대,신대방,6,2
20250524,낙성대,신대방,7,7
20250524,낙성대,신대방,8,12
20250524,낙성대,신대방,9,10
20250524,낙성대,신대방,10,12
20250524,낙성대,신대방,11,11
20250524,낙성대,신대방,12,17
20250524,낙성대,신대방,13,24
20250524,낙성대,신대방,14,42
20250524,낙성대,신대방,15,17
20250524,낙성대,신대방,16,38
20250524,낙성대,신대방,17,26
20250524,낙성대,신대방,18,15
20250524,낙성대,신대방,19,10
20250524,낙성대,신대방,20,16
20250524,낙성대,신대방,21,14
20250524,낙성대,신대방,22,8
20250524,낙성대,신대방,23,7
20250524,낙성대,신도림,6,8
20250524,낙성대,신도림,7,10
20250524,낙성대,신도림,8,24
20250524,낙성대,신도림,9,19
20250524,낙성대,신도림,10,24
20250524,낙성대,신도림,11,28
20250524,낙성대,신도림,12,28
20250524,낙성대,신도림,13,36
20250524,낙성대,신도림,14,24
20250524,낙성대,신도림,15,29
20250524,낙성대,신도림,16,30
20250524,낙성대,신도림,17,33
20250524,낙성대,신도림,18,27
20250524,낙성대,신도림,19,13
20250524,낙성대,신도림,20,10
20250524,낙성대,신도림,21,10
20250524,낙성대,신도림,22,2
20250524,낙성대,신도림,23,7
20250524,낙성대,신림,5,8
20250524,낙성대,신림,6,12
20250524,낙성대,신림,7,15
20250524,낙성대,신림,8,44
20250524,낙성대,신림,9,56
20250524,낙성대,신림,10,54
20250524,낙성대,신림,11,67
20250524,낙성대,신림,12,60
20250524,낙성대,신림,13,79
20250524,낙성대,신림,14,73
20250524,낙성대,신림,15,74
20250524,낙성대,신림,16,87
20250524,낙성대,신림,17,95
20250524,낙성대,신림,18,75
20250524,낙성대,신림,19,74
20250524,낙성대,신림,20,64
20250524,낙성대,신림,21,60
20250524,낙성대,신림,22,26
20250524,낙성대,신림,23,18
20250524,낙성대,신촌,6,2
20250524,낙성대,신촌,7,12
20250524,낙성대,신촌,8,15
20250524,낙성대,신촌,9,20
20250524,낙성대,신촌,10,12
20250524,낙성대,신촌,11,19
20250524,낙성대,신촌,12,29
20250524,낙성대,신촌,13,21
20250524,낙성대,신촌,14,17
20250524,낙성대,신촌,15,11
20250524,낙성대,신촌,16,16
20250524,낙성대,신촌,17,18
20250524,낙성대,신촌,18,15
20250524,낙성대,신촌,19,9
20250524,낙성대,신촌,20,9
20250524,낙성대,신촌,21,3
20250524,낙성대,신촌,22,1
20250524,낙성대,신촌,23,1
20250524,낙성대,아현,5,1
20250524,낙성대,아현,7,1
20250524,낙성대,아현,8,6
20250524,낙성대,아현,9,2
20250524,낙성대,아현,10,3
20250524,낙성대,아현,12,3
20250524,낙성대,아현,13,3
20250524,낙성대,아현,14,4
20250524,낙성대,아현,15,3
20250524,낙성대,아현,16,3
20250524,낙성대,아현,17,1
20250524,낙성대,아현,18,3
20250524,낙성대,아현,20,2
20250524,낙성대,아현,22,1
20250524,낙성대,역삼,5,10
20250524,낙성대,역삼,6,9
20250524,낙성대,역삼,7,28
20250524,낙성대,역삼,8,40
20250524,낙성대,역삼,9,43
20250524,낙성대,역삼,10,45
20250524,낙성대,역삼,11,38
20250524,낙성대,역삼,12,22
20250524,낙성대,역삼,13,28
20250524,낙성대,역삼,14,26
20250524,낙성대,역삼,15,19
20250524,낙성대,역삼,16,22
20250524,낙성대,역삼,17,20
20250524,낙성대,역삼,18,13
20250524,낙성대,역삼,19,9
20250524,낙성대,역삼,20,7
20250524,낙성대,역삼,21,3
20250524,낙성대,역삼,22,6
20250524,낙성대,역삼,23,6
20250524,낙성대,영등포구청,5,1
20250524,낙성대,영등포구청,6,3
20250524,낙성대,영등포구청,7,3
20250524,낙성대,영등포구청,8,7
20250524,낙성대,영등포구청,9,12
20250524,낙성대,영등포구청,10,16
20250524,낙성대,영등포구청,11,8
20250524,낙성대,영등포구청,12,14
20250524,낙성대,영등포구청,13,15
20250524,낙성대,영등포구청,14,14
20250524,낙성대,영등포구청,15,14
20250524,낙성대,영등포구청,16,15
20250524,낙성대,영등포구청,17,8
20250524,낙성대,영등포구청,18,9
20250524,낙성대,영등포구청,19,4
20250524,낙성대,영등포구청,20,3
20250524,낙성대,영등포구청,21,2
20250524,낙성대,영등포구청,22,5
20250524,낙성대,영등포구청,23,1
20250524,낙성대,왕십리(성동구청),5,1
20250524,낙성대,왕십리(성동구청),6,1
20250524,낙성대,왕십리(성동구청),7,1
20250524,낙성대,왕십리(성동구청),8,1
20250524,낙성대,왕십리(성동구청),9,3
20250524,낙성대,왕십리(성동구청),10,4
20250524,낙성대,왕십리(성동구청),11,3
20250524,낙성대,왕십리(성동구청),12,2
20250524,낙성대,왕십리(성동구청),13,1
20250524,낙성대,왕십리(성동구청),14,2
20250524,낙성대,왕십리(성동구청),15,2
20250524,낙성대,왕십리(성동구청),16,6
20250524,낙성대,왕십리(성동구청),17,2
20250524,낙성대,왕십리(성동구청),18,5
20250524,낙성대,왕십리(성동구청),20,1
20250524,낙성대,왕십리(성동구청),21,1
20250524,낙성대,용두(동대문구청),8,1
20250524,낙성대,용두(동대문구청),10,2
20250524,낙성대,용두(동대문구청),11,1
20250524,낙성대,용두(동대문구청),12,2
20250524,낙성대,용두(동대문구청),13,2
20250524,낙성대,용두(동대문구청),17,1
20250524,낙성대,을지로3가,6,1
20250524,낙성대,을지로3가,7,1
20250524,낙성대,을지로3가,8,1
20250524,낙성대,을지로3가,9,2
20250524,낙성대,을지로3가,10,2
20250524,낙성대,을지로3가,12,1
20250524,낙성대,을지로3가,13,4
20250524,낙성대,을지로3가,14,4
20250524,낙성대,을지로3가,16,2
20250524,낙성대,을지로3가,17,3
20250524,낙성대,을지로3가,18,3
20250524,낙성대,을지로4가,6,2
20250524,낙성대,을지로4가,8,2
20250524,낙성대,을지로4가,9,6
20250524,낙성대,을지로4가,10,7
20250524,낙성대,을지로4가,11,1
20250524,낙성대,을지로4가,12,5
20250524,낙성대,을지로4가,13,4
20250524,낙성대,을지로4가,14,3
20250524,낙성대,을지로4가,15,3
20250524,낙성대,을지로4가,16,5
20250524,낙성대,을지로4가,17,3
20250524,낙성대,을지로4가,18,2
20250524,낙성대,을지로4가,19,1
20250524,낙성대,을지로입구,6,2
20250524,낙성대,을지로입구,7,4
20250524,낙성대,을지로입구,8,5
20250524,낙성대,을지로입구,9,6
20250524,낙성대,을지로입구,10,8
20250524,낙성대,을지로입구,11,10
20250524,낙성대,을지로입구,12,2
20250524,낙성대,을지로입구,13,10
20250524,낙성대,을지로입구,14,2
20250524,낙성대,을지로입구,15,4
20250524,낙성대,을지로입구,16,6
20250524,낙성대,을지로입구,17,8
20250524,낙성대,을지로입구,18,4
20250524,낙성대,을지로입구,19,1
20250524,낙성대,이대,7,3
20250524,낙성대,이대,8,5
20250524,낙성대,이대,9,9
20250524,낙성대,이대,10,5
20250524,낙성대,이대,11,5
20250524,낙성대,이대,12,6
20250524,낙성대,이대,13,6
20250524,낙성대,이대,14,3
20250524,낙성대,이대,15,11
20250524,낙성대,이대,16,9
20250524,낙성대,이대,17,4
20250524,낙성대,이대,18,3
20250524,낙성대,이대,20,3
20250524,낙성대,이대,21,1
20250524,낙성대,이대,22,2
20250524,낙성대,이대,23,1
20250524,낙성대,잠실(송파구청),5,7
20250524,낙성대,잠실(송파구청),6,16
20250524,낙성대,잠실(송파구청),7,27
20250524,낙성대,잠실(송파구청),8,37
20250524,낙성대,잠실(송파구청),9,53
20250524,낙성대,잠실(송파구청),10,51
20250524,낙성대,잠실(송파구청),11,42
20250524,낙성대,잠실(송파구청),12,54
20250524,낙성대,잠실(송파구청),13,69
20250524,낙성대,잠실(송파구청),14,71
20250524,낙성대,잠실(송파구청),15,58
20250524,낙성대,잠실(송파구청),16,44
20250524,낙성대,잠실(송파구청),17,50
20250524,낙성대,잠실(송파구청),18,44
20250524,낙성대,잠실(송파구청),19,42
20250524,낙성대,잠실(송파구청),20,29
20250524,낙성대,잠실(송파구청),21,11
20250524,낙성대,잠실(송파구청),22,14
20250524,낙성대,잠실(송파구청),23,7
20250524,낙성대,잠실나루,5,5
20250524,낙성대,잠실나루,6,1
20250524,낙성대,잠실나루,7,2
20250524,낙성대,잠실나루,8,4
20250524,낙성대,잠실나루,9,6
20250524,낙성대,잠실나루,10,2
20250524,낙성대,잠실나루,11,4
20250524,낙성대,잠실나루,13,2
20250524,낙성대,잠실나루,14,4
20250524,낙성대,잠실나루,15,8
20250524,낙성대,잠실나루,16,2
20250524,낙성대,잠실나루,18,3
20250524,낙성대,잠실나루,20,1
20250524,낙성대,잠실나루,21,2
20250524,낙성대,잠실나루,22,2
20250524,낙성대,잠실나루,23,2
20250524,낙성대,잠실새내,5,2
20250524,낙성대,잠실새내,6,2
20250524,낙성대,잠실새내,7,3
20250524,낙성대,잠실새내,8,12
20250524,낙성대,잠실새내,9,11
20250524,낙성대,잠실새내,10,10
20250524,낙성대,잠실새내,11,10
20250524,낙성대,잠실새내,12,1
20250524,낙성대,잠실새내,13,9
20250524,낙성대,잠실새내,14,8
20250524,낙성대,잠실새내,15,10
20250524,낙성대,잠실새내,16,15
20250524,낙성대,잠실새내,17,7
20250524,낙성대,잠실새내,18,9
20250524,낙성대,잠실새내,19,5
20250524,낙성대,잠실새내,20,17
20250524,낙성대,잠실새내,21,3
20250524,낙성대,잠실새내,22,4
20250524,낙성대,잠실새내,23,2
20250524,낙성대,종합운동장,5,3
20250524,낙성대,종합운동장,6,14
20250524,낙성대,종합운동장,7,5
20250524,낙성대,종합운동장,8,7
20250524,낙성대,종합운동장,9,7
20250524,낙성대,종합운동장,10,9
20250524,낙성대,종합운동장,11,2
20250524,낙성대,종합운동장,12,7
20250524,낙성대,종합운동장,13,9
20250524,낙성대,종합운동장,14,14
20250524,낙성대,종합운동장,15,35
20250524,낙성대,종합운동장,16,27
20250524,낙성대,종합운동장,17,15
20250524,낙성대,종합운동장,18,5
20250524,낙성대,종합운동장,19,2
20250524,낙성대,종합운동장,20,4
20250524,낙성대,종합운동장,21,5
20250524,낙성대,종합운동장,22,4
20250524,낙성대,충정로(경기대입구),5,1
20250524,낙성대,충정로(경기대입구),7,1
20250524,낙성대,충정로(경기대입구),9,2
20250524,낙성대,충정로(경기대입구),10,1
20250524,낙성대,충정로(경기대입구),11,4
20250524,낙성대,충정로(경기대입구),12,4
20250524,낙성대,충정로(경기대입구),13,5
20250524,낙성대,충정로(경기대입구),14,3
20250524,낙성대,충정로(경기대입구),15,2
20250524,낙성대,충정로(경기대입구),16,2
20250524,낙성대,충정로(경기대입구),17,4
20250524,낙성대,충정로(경기대입구),20,1
20250524,낙성대,충정로(경기대입구),21,3
20250524,낙성대,충정로(경기대입구),22,1
20250524,낙성대,충정로(경기대입구),23,1
20250524,낙성대,한양대,5,1
20250524,낙성대,한양대,7,2
20250524,낙성대,한양대,8,2
20250524,낙성대,한양대,9,3
20250524,낙성대,한양대,11,5
20250524,낙성대,한양대,13,4
20250524,낙성대,한양대,14,1
20250524,낙성대,한양대,16,2
20250524,낙성대,한양대,17,2
20250524,낙성대,한양대,18,2
20250524,낙성대,한양대,20,1
20250524,낙성대,한양대,21,1
20250524,낙성대,한양대,22,3
20250524,낙성대,합정,5,2
20250524,낙성대,합정,6,4
20250524,낙성대,합정,7,7
20250524,낙성대,합정,8,15
20250524,낙성대,합정,9,34
20250524,낙성대,합정,10,21
20250524,낙성대,합정,11,44
20250524,낙성대,합정,12,26
20250524,낙성대,합정,13,37
20250524,낙성대,합정,14,32
20250524,낙성대,합정,15,38
20250524,낙성대,합정,16,34
20250524,낙성대,합정,17,22
20250524,낙성대,합정,18,15
20250524,낙성대,합정,19,28
20250524,낙성대,합정,20,11
20250524,낙성대,합정,21,10
20250524,낙성대,합정,22,10
20250524,낙성대,합정,23,7
20250524,낙성대,홍대입구,5,1
20250524,낙성대,홍대입구,6,1
20250524,낙성대,홍대입구,7,12
20250524,낙성대,홍대입구,8,17
20250524,낙성대,홍대입구,9,32
20250524,낙성대,홍대입구,10,31
20250524,낙성대,홍대입구,11,36
20250524,낙성대,홍대입구,12,62
20250524,낙성대,홍대입구,13,46
20250524,낙성대,홍대입구,14,59
20250524,낙성대,홍대입구,15,46
20250524,낙성대,홍대입구,16,42
20250524,낙성대,홍대입구,17,56
20250524,낙성대,홍대입구,18,45
20250524,낙성대,홍대입구,19,20
20250524,낙성대,홍대입구,20,13
20250524,낙성대,홍대입구,21,12
20250524,낙성대,홍대입구,22,7
20250524,낙성대,홍대입구,23,7
20250524,당산,강남,5,2
20250524,당산,강남,6,6
20250524,당산,강남,7,6
20250524,당산,강남,8,17
20250524,당산,강남,9,14
20250524,당산,강남,10,10
20250524,당산,강남,11,15
20250524,당산,강남,12,23
20250524,당산,강남,13,17
20250524,당산,강남,14,8
20250524,당산,강남,15,11
20250524,당산,강남,16,2
20250524,당산,강남,17,13
20250524,당산,강남,18,9
20250524,당산,강남,20,3
20250524,당산,강남,21,1
20250524,당산,강남,22,4
20250524,당산,강변(동서울터미널),5,4
20250524,당산,강변(동서울터미널),6,3
20250524,당산,강변(동서울터미널),7,9
20250524,당산,강변(동서울터미널),8,12
20250524,당산,강변(동서울터미널),9,11
20250524,당산,강변(동서울터미널),10,6
20250524,당산,강변(동서울터미널),11,6
20250524,당산,강변(동서울터미널),12,10
20250524,당산,강변(동서울터미널),13,7
20250524,당산,강변(동서울터미널),14,7
20250524,당산,강변(동서울터미널),15,7
20250524,당산,강변(동서울터미널),16,5
20250524,당산,강변(동서울터미널),17,3
20250524,당산,강변(동서울터미널),18,6
20250524,당산,강변(동서울터미널),19,1
20250524,당산,강변(동서울터미널),21,1
20250524,당산,건대입구,5,1
20250524,당산,건대입구,6,3
20250524,당산,건대입구,7,6
20250524,당산,건대입구,8,5
20250524,당산,건대입구,9,18
20250524,당산,건대입구,10,16
20250524,당산,건대입구,11,14
20250524,당산,건대입구,12,14
20250524,당산,건대입구,13,9
20250524,당산,건대입구,14,13
20250524,당산,건대입구,15,8
20250524,당산,건대입구,16,8
20250524,당산,건대입구,17,10
20250524,당산,건대입구,18,10
20250524,당산,건대입구,19,2
20250524,당산,건대입구,20,4
20250524,당산,건대입구,21,7
20250524,당산,건대입구,22,2
20250524,당산,건대입구,23,2
20250524,당산,교대(법원.검찰청),6,1
20250524,당산,교대(법원.검찰청),7,1
20250524,당산,교대(법원.검찰청),8,4
20250524,당산,교대(법원.검찰청),9,3
20250524,당산,교대(법원.검찰청),10,2
20250524,당산,교대(법원.검찰청),11,7
20250524,당산,교대(법원.검찰청),12,4
20250524,당산,교대(법원.검찰청),13,10
20250524,당산,교대(법원.검찰청),14,7
20250524,당산,교대(법원.검찰청),15,3
20250524,당산,교대(법원.검찰청),16,5
20250524,당산,교대(법원.검찰청),17,2
20250524,당산,교대(법원.검찰청),18,3
20250524,당산,교대(법원.검찰청),19,1
20250524,당산,교대(법원.검찰청),20,2
20250524,당산,교대(법원.검찰청),21,1
20250524,당산,교대(법원.검찰청),22,1
20250524,당산,교대(법원.검찰청),23,1
20250524,당산,구로디지털단지,5,16
20250524,당산,구로디지털단지,6,13
20250524,당산,구로디지털단지,7,20
20250524,당산,구로디지털단지,8,33
20250524,당산,구로디지털단지,9,31
20250524,당산,구로디지털단지,10,29
20250524,당산,구로디지털단지,11,29
20250524,당산,구로디지털단지,12,44
20250524,당산,구로디지털단지,13,38
20250524,당산,구로디지털단지,14,32
20250524,당산,구로디지털단지,15,46
20250524,당산,구로디지털단지,16,48
20250524,당산,구로디지털단지,17,38
20250524,당산,구로디지털단지,18,46
20250524,당산,구로디지털단지,19,21
20250524,당산,구로디지털단지,20,29
20250524,당산,구로디지털단지,21,39
20250524,당산,구로디지털단지,22,42
20250524,당산,구로디지털단지,23,16
20250524,당산,구의(광진구청),5,4
20250524,당산,구의(광진구청),7,4
20250524,당산,구의(광진구청),8,4
20250524,당산,구의(광진구청),9,1
20250524,당산,구의(광진구청),10,6
20250524,당산,구의(광진구청),11,1
20250524,당산,구의(광진구청),12,2
20250524,당산,구의(광진구청),13,10
20250524,당산,구의(광진구청),14,7
20250524,당산,구의(광진구청),15,3
20250524,당산,구의(광진구청),16,2
20250524,당산,구의(광진구청),17,3
20250524,당산,구의(광진구청),18,5
20250524,당산,구의(광진구청),19,5
20250524,당산,구의(광진구청),20,3
20250524,당산,구의(광진구청),22,1
20250524,당산,낙성대,5,4
20250524,당산,낙성대,6,1
20250524,당산,낙성대,7,2
20250524,당산,낙성대,8,6
20250524,당산,낙성대,9,9
20250524,당산,낙성대,10,17
20250524,당산,낙성대,11,9
20250524,당산,낙성대,12,21
20250524,당산,낙성대,13,11
20250524,당산,낙성대,14,5
20250524,당산,낙성대,15,11
20250524,당산,낙성대,16,7
20250524,당산,낙성대,17,5
20250524,당산,낙성대,18,11
20250524,당산,낙성대,19,8
20250524,당산,낙성대,20,16
20250524,당산,낙성대,21,18
20250524,당산,낙성대,22,18
20250524,당산,낙성대,23,2
20250524,당산,당산,4,2
20250524,당산,당산,5,8
20250524,당산,당산,6,13
20250524,당산,당산,7,8
20250524,당산,당산,8,18
20250524,당산,당산,9,19
20250524,당산,당산,10,18
20250524,당산,당산,11,27
20250524,당산,당산,12,26
20250524,당산,당산,13,29
20250524,당산,당산,14,33
20250524,당산,당산,15,33
20250524,당산,당산,16,55
20250524,당산,당산,17,25
20250524,당산,당산,18,31
20250524,당산,당산,19,25
20250524,당산,당산,20,34
20250524,당산,당산,21,37
20250524,당산,당산,22,30
20250524,당산,당산,23,39
20250524,당산,대림(구로구청),5,3
20250524,당산,대림(구로구청),6,3
20250524,당산,대림(구로구청),7,11
20250524,당산,대림(구로구청),8,24
20250524,당산,대림(구로구청),9,24
20250524,당산,대림(구로구청),10,23
20250524,당산,대림(구로구청),11,26
20250524,당산,대림(구로구청),12,19
20250524,당산,대림(구로구청),13,16
20250524,당산,대림(구로구청),14,20
20250524,당산,대림(구로구청),15,14
20250524,당산,대림(구로구청),16,36
20250524,당산,대림(구로구청),17,11
20250524,당산,대림(구로구청),18,17
20250524,당산,대림(구로구청),19,11
20250524,당산,대림(구로구청),20,13
20250524,당산,대림(구로구청),21,18
20250524,당산,대림(구로구청),22,22
20250524,당산,대림(구로구청),23,3
20250524,당산,동대문역사문화공원,5,2
20250524,당산,동대문역사문화공원,6,8
20250524,당산,동대문역사문화공원,7,4
20250524,당산,동대문역사문화공원,8,12
20250524,당산,동대문역사문화공원,9,13
20250524,당산,동대문역사문화공원,10,19
20250524,당산,동대문역사문화공원,11,30
20250524,당산,동대문역사문화공원,12,32
20250524,당산,동대문역사문화공원,13,23
20250524,당산,동대문역사문화공원,14,17
20250524,당산,동대문역사문화공원,15,20
20250524,당산,동대문역사문화공원,16,15
20250524,당산,동대문역사문화공원,17,8
20250524,당산,동대문역사문화공원,18,1
20250524,당산,동대문역사문화공원,21,5
20250524,당산,동대문역사문화공원,22,1
20250524,당산,동대문역사문화공원,23,1
20250524,당산,뚝섬,5,2
20250524,당산,뚝섬,6,2
20250524,당산,뚝섬,7,3
20250524,당산,뚝섬,8,4
20250524,당산,뚝섬,9,8
20250524,당산,뚝섬,10,10
20250524,당산,뚝섬,11,19
20250524,당산,뚝섬,12,13
20250524,당산,뚝섬,13,6
20250524,당산,뚝섬,14,11
20250524,당산,뚝섬,15,7
20250524,당산,뚝섬,16,1
20250524,당산,뚝섬,17,8
20250524,당산,뚝섬,18,2
20250524,당산,뚝섬,19,2
20250524,당산,뚝섬,20,1
20250524,당산,뚝섬,21,1
20250524,당산,뚝섬,22,1
20250524,당산,뚝섬,23,1
20250524,당산,문래,5,2
20250524,당산,문래,6,6
20250524,당산,문래,7,9
20250524,당산,문래,8,10
20250524,당산,문래,9,24
20250524,당산,문래,10,23
20250524,당산,문래,11,29
20250524,당산,문래,12,18
20250524,당산,문래,13,25
20250524,당산,문래,14,27
20250524,당산,문래,15,34
20250524,당산,문래,16,40
20250524,당산,문래,17,35
20250524,당산,문래,18,24
20250524,당산,문래,19,21
20250524,당산,문래,20,11
20250524,당산,문래,21,9
20250524,당산,문래,22,15
20250524,당산,문래,23,5
20250524,당산,방배,5,1
20250524,당산,방배,6,2
20250524,당산,방배,7,10
20250524,당산,방배,8,9
20250524,당산,방배,9,9
20250524,당산,방배,10,13
20250524,당산,방배,11,8
20250524,당산,방배,12,7
20250524,당산,방배,13,7
20250524,당산,방배,14,4
20250524,당산,방배,15,5
20250524,당산,방배,16,6
20250524,당산,방배,17,2
20250524,당산,방배,18,1
20250524,당산,방배,19,2
20250524,당산,방배,20,2
20250524,당산,방배,21,2
20250524,당산,방배,22,3
20250524,당산,봉천,5,1
20250524,당산,봉천,6,1
20250524,당산,봉천,7,5
20250524,당산,봉천,8,6
20250524,당산,봉천,9,3
20250524,당산,봉천,10,4
20250524,당산,봉천,11,8
20250524,당산,봉천,12,13
20250524,당산,봉천,13,8
20250524,당산,봉천,14,5
20250524,당산,봉천,15,12
20250524,당산,봉천,16,12
20250524,당산,봉천,17,14
20250524,당산,봉천,18,11
20250524,당산,봉천,19,8
20250524,당산,봉천,20,7
20250524,당산,봉천,21,5
20250524,당산,봉천,22,5
20250524,당산,봉천,23,10
20250524,당산,사당,5,13
20250524,당산,사당,6,11
20250524,당산,사당,7,13
20250524,당산,사당,8,18
20250524,당산,사당,9,15
20250524,당산,사당,10,19
20250524,당산,사당,11,17
20250524,당산,사당,12,26
20250524,당산,사당,13,12
20250524,당산,사당,14,20
20250524,당산,사당,15,17
20250524,당산,사당,16,23
20250524,당산,사당,17,27
20250524,당산,사당,18,14
20250524,당산,사당,19,6
20250524,당산,사당,20,15
20250524,당산,사당,21,13
20250524,당산,사당,22,26
20250524,당산,사당,23,4
20250524,당산,삼성(무역센터),5,2
20250524,당산,삼성(무역센터),6,4
20250524,당산,삼성(무역센터),7,2
20250524,당산,삼성(무역센터),8,4
20250524,당산,삼성(무역센터),9,7
20250524,당산,삼성(무역센터),10,8
20250524,당산,삼성(무역센터),11,7
20250524,당산,삼성(무역센터),12,1
20250524,당산,삼성(무역센터),13,8
20250524,당산,삼성(무역센터),14,3
20250524,당산,삼성(무역센터),15,6
20250524,당산,삼성(무역센터),16,3
20250524,당산,삼성(무역센터),17,1
20250524,당산,삼성(무역센터),21,1
20250524,당산,상왕십리,5,2
20250524,당산,상왕십리,6,1
20250524,당산,상왕십리,7,2
20250524,당산,상왕십리,8,2
20250524,당산,상왕십리,9,2
20250524,당산,상왕십리,10,5
20250524,당산,상왕십리,11,4
20250524,당산,상왕십리,12,8
20250524,당산,상왕십리,13,2
20250524,당산,상왕십리,14,4
20250524,당산,상왕십리,15,5
20250524,당산,상왕십리,16,5
20250524,당산,상왕십리,17,4
20250524,당산,상왕십리,18,3
20250524,당산,상왕십리,19,3
20250524,당산,상왕십리,20,3
20250524,당산,상왕십리,21,4
20250524,당산,상왕십리,22,5
20250524,당산,상왕십리,23,1
20250524,당산,서울대입구(관악구청),5,3
20250524,당산,서울대입구(관악구청),6,4
20250524,당산,서울대입구(관악구청),7,13
20250524,당산,서울대입구(관악구청),8,24
20250524,당산,서울대입구(관악구청),9,19
20250524,당산,서울대입구(관악구청),10,22
20250524,당산,서울대입구(관악구청),11,10
20250524,당산,서울대입구(관악구청),12,24
20250524,당산,서울대입구(관악구청),13,28
20250524,당산,서울대입구(관악구청),14,20
20250524,당산,서울대입구(관악구청),15,10
20250524,당산,서울대입구(관악구청),16,15
20250524,당산,서울대입구(관악구청),17,18
20250524,당산,서울대입구(관악구청),18,23
20250524,당산,서울대입구(관악구청),19,12
20250524,당산,서울대입구(관악구청),20,7
20250524,당산,서울대입구(관악구청),21,14
20250524,당산,서울대입구(관악구청),22,15
20250524,당산,서울대입구(관악구청),23,17
20250524,당산,서초,5,4
20250524,당산,서초,6,4
20250524,당산,서초,7,5
20250524,당산,서초,8,10
20250524,당산,서초,9,10
20250524,당산,서초,10,4
20250524,당산,서초,11,6
20250524,당산,서초,12,11
20250524,당산,서초,13,9
20250524,당산,서초,14,8
20250524,당산,서초,15,8
20250524,당산,서초,16,3
20250524,당산,서초,17,3
20250524,당산,서초,22,2
20250524,당산,서초,23,1
20250524,당산,선릉,5,3
20250524,당산,선릉,6,1
20250524,당산,선릉,7,3
20250524,당산,선릉,8,4
20250524,당산,선릉,9,4
20250524,당산,선릉,10,7
20250524,당산,선릉,11,9
20250524,당산,선릉,12,10
20250524,당산,선릉,13,6
20250524,당산,선릉,14,4
20250524,당산,선릉,15,4
20250524,당산,선릉,16,5
20250524,당산,선릉,17,3
20250524,당산,선릉,18,4
20250524,당산,선릉,19,1
20250524,당산,선릉,20,1
20250524,당산,선릉,21,3
20250524,당산,선릉,22,2
20250524,당산,성수,5,4
20250524,당산,성수,6,6
20250524,당산,성수,7,1
20250524,당산,성수,8,5
20250524,당산,성수,9,11
20250524,당산,성수,10,15
20250524,당산,성수,11,26
20250524,당산,성수,12,22
20250524,당산,성수,13,23
20250524,당산,성수,14,17
20250524,당산,성수,15,18
20250524,당산,성수,16,28
20250524,당산,성수,17,8
20250524,당산,성수,18,6
20250524,당산,성수,19,1
20250524,당산,성수,22,2
20250524,당산,성수,23,6
20250524,당산,시청,5,9
20250524,당산,시청,6,7
20250524,당산,시청,7,15
20250524,당산,시청,8,19
20250524,당산,시청,9,24
20250524,당산,시청,10,19
20250524,당산,시청,11,24
20250524,당산,시청,12,34
20250524,당산,시청,13,19
20250524,당산,시청,14,26
20250524,당산,시청,15,19
20250524,당산,시청,16,22
20250524,당산,시청,17,19
20250524,당산,시청,18,6
20250524,당산,시청,19,4
20250524,당산,시청,20,7
20250524,당산,시청,21,1
20250524,당산,신당,5,2
20250524,당산,신당,6,4
20250524,당산,신당,7,5
20250524,당산,신당,8,7
20250524,당산,신당,9,6
20250524,당산,신당,10,3
20250524,당산,신당,11,5
20250524,당산,신당,12,9
20250524,당산,신당,13,5
20250524,당산,신당,14,5
20250524,당산,신당,15,7
20250524,당산,신당,16,3
20250524,당산,신당,17,9
20250524,당산,신당,18,8
20250524,당산,신당,19,8
20250524,당산,신당,20,6
20250524,당산,신당,21,1
20250524,당산,신당,22,3
20250524,당산,신당,23,1
20250524,당산,신대방,5,2
20250524,당산,신대방,6,9
20250524,당산,신대방,7,6
20250524,당산,신대방,8,8
20250524,당산,신대방,9,10
20250524,당산,신대방,10,16
20250524,당산,신대방,11,21
20250524,당산,신대방,12,25
20250524,당산,신대방,13,18
20250524,당산,신대방,14,8
20250524,당산,신대방,15,25
20250524,당산,신대방,16,23
20250524,당산,신대방,17,15
20250524,당산,신대방,18,15
20250524,당산,신대방,19,17
20250524,당산,신대방,20,12
20250524,당산,신대방,21,18
20250524,당산,신대방,22,20
20250524,당산,신대방,23,8
20250524,당산,신도림,5,11
20250524,당산,신도림,6,8
20250524,당산,신도림,7,8
20250524,당산,신도림,8,18
20250524,당산,신도림,9,23
20250524,당산,신도림,10,48
20250524,당산,신도림,11,61
20250524,당산,신도림,12,55
20250524,당산,신도림,13,43
20250524,당산,신도림,14,38
20250524,당산,신도림,15,35
20250524,당산,신도림,16,64
20250524,당산,신도림,17,33
20250524,당산,신도림,18,40
20250524,당산,신도림,19,28
20250524,당산,신도림,20,27
20250524,당산,신도림,21,24
20250524,당산,신도림,22,24
20250524,당산,신도림,23,25
20250524,당산,신림,5,2
20250524,당산,신림,6,4
20250524,당산,신림,7,11
20250524,당산,신림,8,11
20250524,당산,신림,9,22
20250524,당산,신림,10,16
20250524,당산,신림,11,27
20250524,당산,신림,12,30
20250524,당산,신림,13,30
20250524,당산,신림,14,23
20250524,당산,신림,15,27
20250524,당산,신림,16,24
20250524,당산,신림,17,23
20250524,당산,신림,18,26
20250524,당산,신림,19,22
20250524,당산,신림,20,37
20250524,당산,신림,21,28
20250524,당산,신림,22,28
20250524,당산,신림,23,18
20250524,당산,신촌,5,1
20250524,당산,신촌,6,3
20250524,당산,신촌,7,11
20250524,당산,신촌,8,21
20250524,당산,신촌,9,36
20250524,당산,신촌,10,32
20250524,당산,신촌,11,42
20250524,당산,신촌,12,50
20250524,당산,신촌,13,53
20250524,당산,신촌,14,47
20250524,당산,신촌,15,36
20250524,당산,신촌,16,38
20250524,당산,신촌,17,32
20250524,당산,신촌,18,36
20250524,당산,신촌,19,10
20250524,당산,신촌,20,13
20250524,당산,신촌,21,19
20250524,당산,신촌,22,6
20250524,당산,신촌,23,7
20250524,당산,아현,6,3
20250524,당산,아현,7,3
20250524,당산,아현,8,6
20250524,당산,아현,9,4
20250524,당산,아현,10,2
20250524,당산,아현,11,6
20250524,당산,아현,12,7
20250524,당산,아현,13,8
20250524,당산,아현,14,1
20250524,당산,아현,15,9
20250524,당산,아현,16,12
20250524,당산,아현,17,4
20250524,당산,아현,18,3
20250524,당산,아현,19,2
20250524,당산,아현,20,3
20250524,당산,아현,21,5
20250524,당산,아현,22,5
20250524,당산,아현,23,3
20250524,당산,역삼,5,2
20250524,당산,역삼,6,1
20250524,당산,역삼,7,4
20250524,당산,역삼,8,11
20250524,당산,역삼,9,5
20250524,당산,역삼,10,11
20250524,당산,역삼,11,10
20250524,당산,역삼,12,8
20250524,당산,역삼,13,5
20250524,당산,역삼,14,1
20250524,당산,역삼,15,3
20250524,당산,역삼,16,8
20250524,당산,역삼,17,6
20250524,당산,역삼,18,3
20250524,당산,역삼,21,2
20250524,당산,역삼,22,1
20250524,당산,역삼,23,2
20250524,당산,영등포구청,5,7
20250524,당산,영등포구청,6,7
20250524,당산,영등포구청,7,1
20250524,당산,영등포구청,8,1
20250524,당산,영등포구청,9,8
20250524,당산,영등포구청,10,18
20250524,당산,영등포구청,11,12
20250524,당산,영등포구청,12,18
20250524,당산,영등포구청,13,15
20250524,당산,영등포구청,14,14
20250524,당산,영등포구청,15,19
20250524,당산,영등포구청,16,17
20250524,당산,영등포구청,17,26
20250524,당산,영등포구청,18,12
20250524,당산,영등포구청,19,5
20250524,당산,영등포구청,20,4
20250524,당산,영등포구청,21,5
20250524,당산,영등포구청,22,12
20250524,당산,영등포구청,23,3
20250524,당산,왕십리(성동구청),5,2
20250524,당산,왕십리(성동구청),8,3
20250524,당산,왕십리(성동구청),9,8
20250524,당산,왕십리(성동구청),10,3
20250524,당산,왕십리(성동구청),11,4
20250524,당산,왕십리(성동구청),12,8
20250524,당산,왕십리(성동구청),13,6
20250524,당산,왕십리(성동구청),14,11
20250524,당산,왕십리(성동구청),15,7
20250524,당산,왕십리(성동구청),16,9
20250524,당산,왕십리(성동구청),17,6
20250524,당산,왕십리(성동구청),18,4
20250524,당산,왕십리(성동구청),19,3
20250524,당산,왕십리(성동구청),21,9
20250524,당산,왕십리(성동구청),22,4
20250524,당산,왕십리(성동구청),23,1
20250524,당산,용두(동대문구청),9,1
20250524,당산,을지로3가,5,3
20250524,당산,을지로3가,6,5
20250524,당산,을지로3가,7,6
20250524,당산,을지로3가,8,12
20250524,당산,을지로3가,9,9
20250524,당산,을지로3가,10,8
20250524,당산,을지로3가,11,19
20250524,당산,을지로3가,12,16
20250524,당산,을지로3가,13,8
20250524,당산,을지로3가,14,18
20250524,당산,을지로3가,15,10
20250524,당산,을지로3가,16,26
20250524,당산,을지로3가,17,23
20250524,당산,을지로3가,18,20
20250524,당산,을지로3가,19,7
20250524,당산,을지로3가,20,6
20250524,당산,을지로3가,21,2
20250524,당산,을지로3가,22,3
20250524,당산,을지로4가,5,2
20250524,당산,을지로4가,6,4
20250524,당산,을지로4가,7,9
20250524,당산,을지로4가,8,5
20250524,당산,을지로4가,9,5
20250524,당산,을지로4가,10,19
20250524,당산,을지로4가,11,8
20250524,당산,을지로4가,12,9
20250524,당산,을지로4가,13,7
20250524,당산,을지로4가,14,10
20250524,당산,을지로4가,15,11
20250524,당산,을지로4가,16,6
20250524,당산,을지로4가,17,8
20250524,당산,을지로4가,18,1
20250524,당산,을지로4가,19,4
20250524,당산,을지로4가,20,2
20250524,당산,을지로4가,21,1
20250524,당산,을지로4가,22,3
20250524,당산,을지로4가,23,1
20250524,당산,을지로입구,5,4
20250524,당산,을지로입구,6,8
20250524,당산,을지로입구,7,15
20250524,당산,을지로입구,8,42
20250524,당산,을지로입구,9,46
20250524,당산,을지로입구,10,53
20250524,당산,을지로입구,11,57
20250524,당산,을지로입구,12,61
20250524,당산,을지로입구,13,39
20250524,당산,을지로입구,14,34
20250524,당산,을지로입구,15,28
20250524,당산,을지로입구,16,21
20250524,당산,을지로입구,17,19
20250524,당산,을지로입구,18,19
20250524,당산,을지로입구,19,4
20250524,당산,을지로입구,20,8
20250524,당산,을지로입구,21,4
20250524,당산,을지로입구,22,10
20250524,당산,을지로입구,23,6
20250524,당산,이대,5,1
20250524,당산,이대,6,1
20250524,당산,이대,7,8
20250524,당산,이대,8,11
20250524,당산,이대,9,15
20250524,당산,이대,10,15
20250524,당산,이대,11,9
20250524,당산,이대,12,10
20250524,당산,이대,13,12
20250524,당산,이대,14,9
20250524,당산,이대,15,4
20250524,당산,이대,16,11
20250524,당산,이대,17,7
20250524,당산,이대,18,10
20250524,당산,이대,19,3
20250524,당산,이대,20,3
20250524,당산,이대,21,5
20250524,당산,이대,22,7
20250524,당산,이대,23,2
20250524,당산,잠실(송파구청),5,3
20250524,당산,잠실(송파구청),6,2
20250524,당산,잠실(송파구청),7,3
20250524,당산,잠실(송파구청),8,8
20250524,당산,잠실(송파구청),9,25
20250524,당산,잠실(송파구청),10,14
20250524,당산,잠실(송파구청),11,8
20250524,당산,잠실(송파구청),12,9
20250524,당산,잠실(송파구청),13,18
20250524,당산,잠실(송파구청),14,7
20250524,당산,잠실(송파구청),15,14
20250524,당산,잠실(송파구청),16,7
20250524,당산,잠실(송파구청),17,10
20250524,당산,잠실(송파구청),18,4
20250524,당산,잠실(송파구청),19,4
20250524,당산,잠실(송파구청),21,6
20250524,당산,잠실(송파구청),22,2
20250524,당산,잠실나루,5,1
20250524,당산,잠실나루,7,2
20250524,당산,잠실나루,9,1
20250524,당산,잠실나루,10,1
20250524,당산,잠실나루,11,2
20250524,당산,잠실나루,12,1
20250524,당산,잠실나루,14,1
20250524,당산,잠실나루,15,3
20250524,당산,잠실나루,17,2
20250524,당산,잠실나루,18,1
20250524,당산,잠실나루,19,1
20250524,당산,잠실나루,21,1
20250524,당산,잠실나루,23,1
20250524,당산,잠실새내,7,2
20250524,당산,잠실새내,9,1
20250524,당산,잠실새내,10,2
20250524,당산,잠실새내,11,3
20250524,당산,잠실새내,12,2
20250524,당산,잠실새내,15,3
20250524,당산,잠실새내,16,1
20250524,당산,잠실새내,17,1
20250524,당산,잠실새내,18,2
20250524,당산,잠실새내,21,2
20250524,당산,잠실새내,22,1
20250524,당산,종합운동장,12,1
20250524,당산,종합운동장,13,3
20250524,당산,종합운동장,14,1
20250524,당산,종합운동장,15,11
20250524,당산,종합운동장,16,6
20250524,당산,종합운동장,17,2
20250524,당산,종합운동장,19,1
20250524,당산,종합운동장,20,1
20250524,당산,충정로(경기대입구),7,5
20250524,당산,충정로(경기대입구),8,7
20250524,당산,충정로(경기대입구),9,6
20250524,당산,충정로(경기대입구),10,6
20250524,당산,충정로(경기대입구),11,4
20250524,당산,충정로(경기대입구),12,15
20250524,당산,충정로(경기대입구),13,6
20250524,당산,충정로(경기대입구),14,3
20250524,당산,충정로(경기대입구),15,6
20250524,당산,충정로(경기대입구),16,5
20250524,당산,충정로(경기대입구),17,3
20250524,당산,충정로(경기대입구),18,5
20250524,당산,충정로(경기대입구),19,1
20250524,당산,충정로(경기대입구),20,1
20250524,당산,충정로(경기대입구),22,2
20250524,당산,한양대,5,1
20250524,당산,한양대,6,1
20250524,당산,한양대,7,2
20250524,당산,한양대,8,11
20250524,당산,한양대,9,3
20250524,당산,한양대,10,7
20250524,당산,한양대,11,4
20250524,당산,한양대,12,6
20250524,당산,한양대,13,3
20250524,당산,한양대,14,6
20250524,당산,한양대,15,4
20250524,당산,한양대,16,3
20250524,당산,한양대,17,2
20250524,당산,한양대,18,1
20250524,당산,한양대,20,1
20250524,당산,합정,5,5
20250524,당산,합정,6,5
20250524,당산,합정,7,11
20250524,당산,합정,8,15
20250524,당산,합정,9,34
20250524,당산,합정,10,41
20250524,당산,합정,11,35
20250524,당산,합정,12,56
20250524,당산,합정,13,34
20250524,당산,합정,14,47
20250524,당산,합정,15,58
20250524,당산,합정,16,59
20250524,당산,합정,17,51
20250524,당산,합정,18,35
20250524,당산,합정,19,46
20250524,당산,합정,20,33
20250524,당산,합정,21,29
20250524,당산,합정,22,15
20250524,당산,합정,23,13
20250524,당산,홍대입구,5,4
20250524,당산,홍대입구,6,6
20250524,당산,홍대입구,7,9
20250524,당산,홍대입구,8,27
20250524,당산,홍대입구,9,37
20250524,당산,홍대입구,10,37
20250524,당산,홍대입구,11,67
20250524,당산,홍대입구,12,72
20250524,당산,홍대입구,13,76
20250524,당산,홍대입구,14,61
20250524,당산,홍대입구,15,61
20250524,당산,홍대입구,16,68
20250524,당산,홍대입구,17,73
20250524,당산,홍대입구,18,54
20250524,당산,홍대입구,19,32
20250524,당산,홍대입구,20,20
20250524,당산,홍대입구,21,17
20250524,당산,홍대입구,22,11
20250524,당산,홍대입구,23,20
20250524,대림(구로구청),강남,4,2
20250524,대림(구로구청),강남,5,37
20250524,대림(구로구청),강남,6,31
20250524,대림(구로구청),강남,7,38
20250524,대림(구로구청),강남,8,102
20250524,대림(구로구청),강남,9,94
20250524,대림(구로구청),강남,10,53
20250524,대림(구로구청),강남,11,49
20250524,대림(구로구청),강남,12,50
20250524,대림(구로구청),강남,13,30
20250524,대림(구로구청),강남,14,27
20250524,대림(구로구청),강남,15,29
20250524,대림(구로구청),강남,16,34
20250524,대림(구로구청),강남,17,39
20250524,대림(구로구청),강남,18,15
20250524,대림(구로구청),강남,19,5
20250524,대림(구로구청),강남,20,9
20250524,대림(구로구청),강남,21,8
20250524,대림(구로구청),강남,22,8
20250524,대림(구로구청),강변(동서울터미널),5,12
20250524,대림(구로구청),강변(동서울터미널),6,13
20250524,대림(구로구청),강변(동서울터미널),7,10
20250524,대림(구로구청),강변(동서울터미널),8,15
20250524,대림(구로구청),강변(동서울터미널),9,5
20250524,대림(구로구청),강변(동서울터미널),10,5
20250524,대림(구로구청),강변(동서울터미널),11,18
20250524,대림(구로구청),강변(동서울터미널),12,6
20250524,대림(구로구청),강변(동서울터미널),13,6
20250524,대림(구로구청),강변(동서울터미널),14,5
20250524,대림(구로구청),강변(동서울터미널),15,8
20250524,대림(구로구청),강변(동서울터미널),16,7
20250524,대림(구로구청),강변(동서울터미널),17,3
20250524,대림(구로구청),강변(동서울터미널),18,3
20250524,대림(구로구청),강변(동서울터미널),19,4
20250524,대림(구로구청),강변(동서울터미널),20,3
20250524,대림(구로구청),강변(동서울터미널),22,2
20250524,대림(구로구청),강변(동서울터미널),23,1
20250524,대림(구로구청),건대입구,5,2
20250524,대림(구로구청),건대입구,6,1
20250524,대림(구로구청),건대입구,8,2
20250524,대림(구로구청),건대입구,9,4
20250524,대림(구로구청),건대입구,10,6
20250524,대림(구로구청),건대입구,11,1
20250524,대림(구로구청),건대입구,12,3
20250524,대림(구로구청),건대입구,13,4
20250524,대림(구로구청),건대입구,14,7
20250524,대림(구로구청),건대입구,15,5
20250524,대림(구로구청),건대입구,16,7
20250524,대림(구로구청),건대입구,17,1
20250524,대림(구로구청),건대입구,18,6
20250524,대림(구로구청),건대입구,19,2
20250524,대림(구로구청),건대입구,22,2
20250524,대림(구로구청),교대(법원.검찰청),4,2
20250524,대림(구로구청),교대(법원.검찰청),5,21
20250524,대림(구로구청),교대(법원.검찰청),6,12
20250524,대림(구로구청),교대(법원.검찰청),7,23
20250524,대림(구로구청),교대(법원.검찰청),8,38
20250524,대림(구로구청),교대(법원.검찰청),9,33
20250524,대림(구로구청),교대(법원.검찰청),10,9
20250524,대림(구로구청),교대(법원.검찰청),11,11
20250524,대림(구로구청),교대(법원.검찰청),12,11
20250524,대림(구로구청),교대(법원.검찰청),13,16
20250524,대림(구로구청),교대(법원.검찰청),14,9
20250524,대림(구로구청),교대(법원.검찰청),15,11
20250524,대림(구로구청),교대(법원.검찰청),16,10
20250524,대림(구로구청),교대(법원.검찰청),17,4
20250524,대림(구로구청),교대(법원.검찰청),18,6
20250524,대림(구로구청),교대(법원.검찰청),19,3
20250524,대림(구로구청),교대(법원.검찰청),20,3
20250524,대림(구로구청),교대(법원.검찰청),21,2
20250524,대림(구로구청),교대(법원.검찰청),22,2
20250524,대림(구로구청),구로디지털단지,5,10
20250524,대림(구로구청),구로디지털단지,6,6
20250524,대림(구로구청),구로디지털단지,7,22
20250524,대림(구로구청),구로디지털단지,8,34
20250524,대림(구로구청),구로디지털단지,9,40
20250524,대림(구로구청),구로디지털단지,10,48
20250524,대림(구로구청),구로디지털단지,11,55
20250524,대림(구로구청),구로디지털단지,12,50
20250524,대림(구로구청),구로디지털단지,13,56
20250524,대림(구로구청),구로디지털단지,14,67
20250524,대림(구로구청),구로디지털단지,15,42
20250524,대림(구로구청),구로디지털단지,16,52
20250524,대림(구로구청),구로디지털단지,17,54
20250524,대림(구로구청),구로디지털단지,18,49
20250524,대림(구로구청),구로디지털단지,19,40
20250524,대림(구로구청),구로디지털단지,20,34
20250524,대림(구로구청),구로디지털단지,21,23
20250524,대림(구로구청),구로디지털단지,22,16
20250524,대림(구로구청),구로디지털단지,23,17
20250524,대림(구로구청),구의(광진구청),5,4
20250524,대림(구로구청),구의(광진구청),6,1
20250524,대림(구로구청),구의(광진구청),7,2
20250524,대림(구로구청),구의(광진구청),8,5
20250524,대림(구로구청),구의(광진구청),9,2
20250524,대림(구로구청),구의(광진구청),11,5
20250524,대림(구로구청),구의(광진구청),12,1
20250524,대림(구로구청),구의(광진구청),13,2
20250524,대림(구로구청),구의(광진구청),14,3
20250524,대림(구로구청),구의(광진구청),15,9
20250524,대림(구로구청),구의(광진구청),16,3
20250524,대림(구로구청),구의(광진구청),17,3
20250524,대림(구로구청),구의(광진구청),18,3
20250524,대림(구로구청),구의(광진구청),19,8
20250524,대림(구로구청),구의(광진구청),20,5
20250524,대림(구로구청),구의(광진구청),21,6
20250524,대림(구로구청),구의(광진구청),22,6
20250524,대림(구로구청),구의(광진구청),23,1
20250524,대림(구로구청),낙성대,5,4
20250524,대림(구로구청),낙성대,6,5
20250524,대림(구로구청),낙성대,7,10
20250524,대림(구로구청),낙성대,8,14
20250524,대림(구로구청),낙성대,9,11
20250524,대림(구로구청),낙성대,10,11
20250524,대림(구로구청),낙성대,11,9
20250524,대림(구로구청),낙성대,12,8
20250524,대림(구로구청),낙성대,13,17
20250524,대림(구로구청),낙성대,14,13
20250524,대림(구로구청),낙성대,15,5
20250524,대림(구로구청),낙성대,16,14
20250524,대림(구로구청),낙성대,17,14
20250524,대림(구로구청),낙성대,18,13
20250524,대림(구로구청),낙성대,19,9
20250524,대림(구로구청),낙성대,20,15
20250524,대림(구로구청),낙성대,21,7
20250524,대림(구로구청),낙성대,22,3
20250524,대림(구로구청),낙성대,23,1
20250524,대림(구로구청),당산,5,16
20250524,대림(구로구청),당산,6,12
20250524,대림(구로구청),당산,7,10
20250524,대림(구로구청),당산,8,30
20250524,대림(구로구청),당산,9,24
20250524,대림(구로구청),당산,10,18
20250524,대림(구로구청),당산,11,32
20250524,대림(구로구청),당산,12,21
20250524,대림(구로구청),당산,13,35
20250524,대림(구로구청),당산,14,19
20250524,대림(구로구청),당산,15,20
20250524,대림(구로구청),당산,16,19
20250524,대림(구로구청),당산,17,20
20250524,대림(구로구청),당산,18,22
20250524,대림(구로구청),당산,19,5
20250524,대림(구로구청),당산,20,10
20250524,대림(구로구청),당산,21,3
20250524,대림(구로구청),당산,22,10
20250524,대림(구로구청),당산,23,7
20250524,대림(구로구청),대림(구로구청),0,2
20250524,대림(구로구청),대림(구로구청),4,4
20250524,대림(구로구청),대림(구로구청),5,12
20250524,대림(구로구청),대림(구로구청),6,14
20250524,대림(구로구청),대림(구로구청),7,11
20250524,대림(구로구청),대림(구로구청),8,18
20250524,대림(구로구청),대림(구로구청),9,19
20250524,대림(구로구청),대림(구로구청),10,26
20250524,대림(구로구청),대림(구로구청),11,30
20250524,대림(구로구청),대림(구로구청),12,29
20250524,대림(구로구청),대림(구로구청),13,26
20250524,대림(구로구청),대림(구로구청),14,32
20250524,대림(구로구청),대림(구로구청),15,30
20250524,대림(구로구청),대림(구로구청),16,31
20250524,대림(구로구청),대림(구로구청),17,25
20250524,대림(구로구청),대림(구로구청),18,19
20250524,대림(구로구청),대림(구로구청),19,12
20250524,대림(구로구청),대림(구로구청),20,14
20250524,대림(구로구청),대림(구로구청),21,20
20250524,대림(구로구청),대림(구로구청),22,16
20250524,대림(구로구청),대림(구로구청),23,9
20250524,대림(구로구청),동대문역사문화공원,4,1
20250524,대림(구로구청),동대문역사문화공원,5,2
20250524,대림(구로구청),동대문역사문화공원,6,1
20250524,대림(구로구청),동대문역사문화공원,7,5
20250524,대림(구로구청),동대문역사문화공원,8,10
20250524,대림(구로구청),동대문역사문화공원,9,14
20250524,대림(구로구청),동대문역사문화공원,10,18
20250524,대림(구로구청),동대문역사문화공원,11,19
20250524,대림(구로구청),동대문역사문화공원,12,10
20250524,대림(구로구청),동대문역사문화공원,13,15
20250524,대림(구로구청),동대문역사문화공원,14,7
20250524,대림(구로구청),동대문역사문화공원,15,4
20250524,대림(구로구청),동대문역사문화공원,16,6
20250524,대림(구로구청),동대문역사문화공원,17,3
20250524,대림(구로구청),동대문역사문화공원,18,4
20250524,대림(구로구청),동대문역사문화공원,19,5
20250524,대림(구로구청),동대문역사문화공원,20,2
20250524,대림(구로구청),동대문역사문화공원,21,2
20250524,대림(구로구청),동대문역사문화공원,22,1
20250524,대림(구로구청),뚝섬,5,2
20250524,대림(구로구청),뚝섬,8,5
20250524,대림(구로구청),뚝섬,9,6
20250524,대림(구로구청),뚝섬,10,3
20250524,대림(구로구청),뚝섬,11,2
20250524,대림(구로구청),뚝섬,12,3
20250524,대림(구로구청),뚝섬,13,3
20250524,대림(구로구청),뚝섬,14,1
20250524,대림(구로구청),뚝섬,15,3
20250524,대림(구로구청),뚝섬,16,5
20250524,대림(구로구청),뚝섬,17,2
20250524,대림(구로구청),뚝섬,19,1
20250524,대림(구로구청),뚝섬,20,1
20250524,대림(구로구청),문래,5,17
20250524,대림(구로구청),문래,6,10
20250524,대림(구로구청),문래,7,9
20250524,대림(구로구청),문래,8,30
20250524,대림(구로구청),문래,9,36
20250524,대림(구로구청),문래,10,31
20250524,대림(구로구청),문래,11,31
20250524,대림(구로구청),문래,12,13
20250524,대림(구로구청),문래,13,17
20250524,대림(구로구청),문래,14,17
20250524,대림(구로구청),문래,15,22
20250524,대림(구로구청),문래,16,13
20250524,대림(구로구청),문래,17,28
20250524,대림(구로구청),문래,18,6
20250524,대림(구로구청),문래,19,10
20250524,대림(구로구청),문래,20,8
20250524,대림(구로구청),문래,21,2
20250524,대림(구로구청),문래,22,5
20250524,대림(구로구청),문래,23,2
20250524,대림(구로구청),방배,5,10
20250524,대림(구로구청),방배,6,9
20250524,대림(구로구청),방배,7,10
20250524,대림(구로구청),방배,8,17
20250524,대림(구로구청),방배,9,22
20250524,대림(구로구청),방배,10,11
20250524,대림(구로구청),방배,11,7
20250524,대림(구로구청),방배,12,1
20250524,대림(구로구청),방배,13,8
20250524,대림(구로구청),방배,14,4
20250524,대림(구로구청),방배,15,4
20250524,대림(구로구청),방배,16,5
20250524,대림(구로구청),방배,17,2
20250524,대림(구로구청),방배,18,4
20250524,대림(구로구청),방배,19,4
20250524,대림(구로구청),방배,20,3
20250524,대림(구로구청),방배,21,4
20250524,대림(구로구청),방배,22,1
20250524,대림(구로구청),봉천,5,5
20250524,대림(구로구청),봉천,6,6
20250524,대림(구로구청),봉천,7,10
20250524,대림(구로구청),봉천,8,21
20250524,대림(구로구청),봉천,9,20
20250524,대림(구로구청),봉천,10,23
20250524,대림(구로구청),봉천,11,16
20250524,대림(구로구청),봉천,12,21
20250524,대림(구로구청),봉천,13,33
20250524,대림(구로구청),봉천,14,21
20250524,대림(구로구청),봉천,15,16
20250524,대림(구로구청),봉천,16,13
20250524,대림(구로구청),봉천,17,16
20250524,대림(구로구청),봉천,18,22
20250524,대림(구로구청),봉천,19,13
20250524,대림(구로구청),봉천,20,15
20250524,대림(구로구청),봉천,21,8
20250524,대림(구로구청),봉천,22,5
20250524,대림(구로구청),봉천,23,8
20250524,대림(구로구청),사당,4,1
20250524,대림(구로구청),사당,5,27
20250524,대림(구로구청),사당,6,18
20250524,대림(구로구청),사당,7,17
20250524,대림(구로구청),사당,8,24
20250524,대림(구로구청),사당,9,41
20250524,대림(구로구청),사당,10,34
20250524,대림(구로구청),사당,11,28
20250524,대림(구로구청),사당,12,28
20250524,대림(구로구청),사당,13,22
20250524,대림(구로구청),사당,14,19
20250524,대림(구로구청),사당,15,18
20250524,대림(구로구청),사당,16,31
20250524,대림(구로구청),사당,17,31
20250524,대림(구로구청),사당,18,20
20250524,대림(구로구청),사당,19,14
20250524,대림(구로구청),사당,20,5
20250524,대림(구로구청),사당,21,7
20250524,대림(구로구청),사당,22,3
20250524,대림(구로구청),사당,23,1
20250524,대림(구로구청),삼성(무역센터),4,2
20250524,대림(구로구청),삼성(무역센터),5,49
20250524,대림(구로구청),삼성(무역센터),6,21
20250524,대림(구로구청),삼성(무역센터),7,24
20250524,대림(구로구청),삼성(무역센터),8,41
20250524,대림(구로구청),삼성(무역센터),9,32
20250524,대림(구로구청),삼성(무역센터),10,22
20250524,대림(구로구청),삼성(무역센터),11,17
20250524,대림(구로구청),삼성(무역센터),12,19
20250524,대림(구로구청),삼성(무역센터),13,6
20250524,대림(구로구청),삼성(무역센터),14,12
20250524,대림(구로구청),삼성(무역센터),15,5
20250524,대림(구로구청),삼성(무역센터),16,13
20250524,대림(구로구청),삼성(무역센터),17,5
20250524,대림(구로구청),삼성(무역센터),18,2
20250524,대림(구로구청),삼성(무역센터),19,1
20250524,대림(구로구청),삼성(무역센터),20,4
20250524,대림(구로구청),삼성(무역센터),21,2
20250524,대림(구로구청),삼성(무역센터),22,2
20250524,대림(구로구청),삼성(무역센터),23,4
20250524,대림(구로구청),상왕십리,5,4
20250524,대림(구로구청),상왕십리,7,3
20250524,대림(구로구청),상왕십리,8,3
20250524,대림(구로구청),상왕십리,9,2
20250524,대림(구로구청),상왕십리,10,5
20250524,대림(구로구청),상왕십리,11,2
20250524,대림(구로구청),상왕십리,12,1
20250524,대림(구로구청),상왕십리,13,5
20250524,대림(구로구청),상왕십리,16,4
20250524,대림(구로구청),상왕십리,17,3
20250524,대림(구로구청),상왕십리,18,2
20250524,대림(구로구청),상왕십리,19,2
20250524,대림(구로구청),상왕십리,20,3
20250524,대림(구로구청),상왕십리,21,2
20250524,대림(구로구청),상왕십리,22,3
20250524,대림(구로구청),서울대입구(관악구청),5,13
20250524,대림(구로구청),서울대입구(관악구청),6,10
20250524,대림(구로구청),서울대입구(관악구청),7,17
20250524,대림(구로구청),서울대입구(관악구청),8,28
20250524,대림(구로구청),서울대입구(관악구청),9,53
20250524,대림(구로구청),서울대입구(관악구청),10,25
20250524,대림(구로구청),서울대입구(관악구청),11,25
20250524,대림(구로구청),서울대입구(관악구청),12,33
20250524,대림(구로구청),서울대입구(관악구청),13,24
20250524,대림(구로구청),서울대입구(관악구청),14,23
20250524,대림(구로구청),서울대입구(관악구청),15,25
20250524,대림(구로구청),서울대입구(관악구청),16,30
20250524,대림(구로구청),서울대입구(관악구청),17,27
20250524,대림(구로구청),서울대입구(관악구청),18,14
20250524,대림(구로구청),서울대입구(관악구청),19,11
20250524,대림(구로구청),서울대입구(관악구청),20,18
20250524,대림(구로구청),서울대입구(관악구청),21,10
20250524,대림(구로구청),서울대입구(관악구청),22,14
20250524,대림(구로구청),서울대입구(관악구청),23,7
20250524,대림(구로구청),서초,5,26
20250524,대림(구로구청),서초,6,9
20250524,대림(구로구청),서초,7,13
20250524,대림(구로구청),서초,8,21
20250524,대림(구로구청),서초,9,17
20250524,대림(구로구청),서초,10,15
20250524,대림(구로구청),서초,11,9
20250524,대림(구로구청),서초,12,10
20250524,대림(구로구청),서초,13,12
20250524,대림(구로구청),서초,14,8
20250524,대림(구로구청),서초,15,10
20250524,대림(구로구청),서초,16,5
20250524,대림(구로구청),서초,17,3
20250524,대림(구로구청),서초,18,5
20250524,대림(구로구청),서초,19,4
20250524,대림(구로구청),서초,20,2
20250524,대림(구로구청),서초,21,3
20250524,대림(구로구청),서초,22,3
20250524,대림(구로구청),서초,23,2
20250524,대림(구로구청),선릉,5,16
20250524,대림(구로구청),선릉,6,19
20250524,대림(구로구청),선릉,7,25
20250524,대림(구로구청),선릉,8,48
20250524,대림(구로구청),선릉,9,37
20250524,대림(구로구청),선릉,10,37
20250524,대림(구로구청),선릉,11,24
20250524,대림(구로구청),선릉,12,23
20250524,대림(구로구청),선릉,13,16
20250524,대림(구로구청),선릉,14,14
20250524,대림(구로구청),선릉,15,7
20250524,대림(구로구청),선릉,16,6
20250524,대림(구로구청),선릉,17,10
20250524,대림(구로구청),선릉,18,6
20250524,대림(구로구청),선릉,19,7
20250524,대림(구로구청),선릉,20,3
20250524,대림(구로구청),선릉,21,4
20250524,대림(구로구청),선릉,22,1
20250524,대림(구로구청),선릉,23,1
20250524,대림(구로구청),성수,4,2
20250524,대림(구로구청),성수,5,21
20250524,대림(구로구청),성수,6,7
20250524,대림(구로구청),성수,7,4
20250524,대림(구로구청),성수,8,5
20250524,대림(구로구청),성수,9,8
20250524,대림(구로구청),성수,10,7
20250524,대림(구로구청),성수,11,3
20250524,대림(구로구청),성수,12,8
20250524,대림(구로구청),성수,13,10
20250524,대림(구로구청),성수,14,9
20250524,대림(구로구청),성수,15,5
20250524,대림(구로구청),성수,16,2
20250524,대림(구로구청),성수,17,8
20250524,대림(구로구청),성수,18,2
20250524,대림(구로구청),성수,19,1
20250524,대림(구로구청),성수,20,1
20250524,대림(구로구청),성수,21,3
20250524,대림(구로구청),성수,22,1
20250524,대림(구로구청),시청,5,6
20250524,대림(구로구청),시청,6,9
20250524,대림(구로구청),시청,7,12
20250524,대림(구로구청),시청,8,17
20250524,대림(구로구청),시청,9,18
20250524,대림(구로구청),시청,10,10
20250524,대림(구로구청),시청,11,10
20250524,대림(구로구청),시청,12,11
20250524,대림(구로구청),시청,13,9
20250524,대림(구로구청),시청,14,13
20250524,대림(구로구청),시청,15,10
20250524,대림(구로구청),시청,16,7
20250524,대림(구로구청),시청,18,3
20250524,대림(구로구청),시청,19,3
20250524,대림(구로구청),시청,21,1
20250524,대림(구로구청),시청,22,2
20250524,대림(구로구청),신당,6,1
20250524,대림(구로구청),신당,7,4
20250524,대림(구로구청),신당,8,7
20250524,대림(구로구청),신당,9,15
20250524,대림(구로구청),신당,10,4
20250524,대림(구로구청),신당,11,7
20250524,대림(구로구청),신당,12,3
20250524,대림(구로구청),신당,13,4
20250524,대림(구로구청),신당,14,3
20250524,대림(구로구청),신당,15,9
20250524,대림(구로구청),신당,16,3
20250524,대림(구로구청),신당,17,5
20250524,대림(구로구청),신당,18,2
20250524,대림(구로구청),신당,19,2
20250524,대림(구로구청),신당,20,4
20250524,대림(구로구청),신당,21,2
20250524,대림(구로구청),신대방,5,15
20250524,대림(구로구청),신대방,6,14
20250524,대림(구로구청),신대방,7,9
20250524,대림(구로구청),신대방,8,16
20250524,대림(구로구청),신대방,9,26
20250524,대림(구로구청),신대방,10,61
20250524,대림(구로구청),신대방,11,40
20250524,대림(구로구청),신대방,12,48
20250524,대림(구로구청),신대방,13,68
20250524,대림(구로구청),신대방,14,46
20250524,대림(구로구청),신대방,15,29
20250524,대림(구로구청),신대방,16,40
20250524,대림(구로구청),신대방,17,37
20250524,대림(구로구청),신대방,18,30
20250524,대림(구로구청),신대방,19,28
20250524,대림(구로구청),신대방,20,32
20250524,대림(구로구청),신대방,21,27
20250524,대림(구로구청),신대방,22,14
20250524,대림(구로구청),신대방,23,9
20250524,대림(구로구청),신도림,5,9
20250524,대림(구로구청),신도림,6,13
20250524,대림(구로구청),신도림,7,11
20250524,대림(구로구청),신도림,8,31
20250524,대림(구로구청),신도림,9,36
20250524,대림(구로구청),신도림,10,61
20250524,대림(구로구청),신도림,11,39
20250524,대림(구로구청),신도림,12,50
20250524,대림(구로구청),신도림,13,49
20250524,대림(구로구청),신도림,14,50
20250524,대림(구로구청),신도림,15,40
20250524,대림(구로구청),신도림,16,46
20250524,대림(구로구청),신도림,17,34
20250524,대림(구로구청),신도림,18,51
20250524,대림(구로구청),신도림,19,15
20250524,대림(구로구청),신도림,20,18
20250524,대림(구로구청),신도림,21,14
20250524,대림(구로구청),신도림,22,9
20250524,대림(구로구청),신도림,23,12
20250524,대림(구로구청),신림,5,9
20250524,대림(구로구청),신림,6,21
20250524,대림(구로구청),신림,7,15
20250524,대림(구로구청),신림,8,29
20250524,대림(구로구청),신림,9,36
20250524,대림(구로구청),신림,10,45
20250524,대림(구로구청),신림,11,47
20250524,대림(구로구청),신림,12,46
20250524,대림(구로구청),신림,13,57
20250524,대림(구로구청),신림,14,42
20250524,대림(구로구청),신림,15,50
20250524,대림(구로구청),신림,16,40
20250524,대림(구로구청),신림,17,58
20250524,대림(구로구청),신림,18,52
20250524,대림(구로구청),신림,19,43
20250524,대림(구로구청),신림,20,31
20250524,대림(구로구청),신림,21,24
20250524,대림(구로구청),신림,22,18
20250524,대림(구로구청),신림,23,10
20250524,대림(구로구청),신촌,5,3
20250524,대림(구로구청),신촌,6,6
20250524,대림(구로구청),신촌,7,17
20250524,대림(구로구청),신촌,8,26
20250524,대림(구로구청),신촌,9,43
20250524,대림(구로구청),신촌,10,29
20250524,대림(구로구청),신촌,11,34
20250524,대림(구로구청),신촌,12,36
20250524,대림(구로구청),신촌,13,28
20250524,대림(구로구청),신촌,14,19
20250524,대림(구로구청),신촌,15,20
20250524,대림(구로구청),신촌,16,22
20250524,대림(구로구청),신촌,17,16
20250524,대림(구로구청),신촌,18,22
20250524,대림(구로구청),신촌,19,5
20250524,대림(구로구청),신촌,20,7
20250524,대림(구로구청),신촌,21,22
20250524,대림(구로구청),신촌,22,1
20250524,대림(구로구청),신촌,23,2
20250524,대림(구로구청),아현,5,8
20250524,대림(구로구청),아현,6,1
20250524,대림(구로구청),아현,7,5
20250524,대림(구로구청),아현,8,9
20250524,대림(구로구청),아현,9,7
20250524,대림(구로구청),아현,10,1
20250524,대림(구로구청),아현,11,4
20250524,대림(구로구청),아현,12,9
20250524,대림(구로구청),아현,13,6
20250524,대림(구로구청),아현,14,4
20250524,대림(구로구청),아현,15,8
20250524,대림(구로구청),아현,16,8
20250524,대림(구로구청),아현,17,2
20250524,대림(구로구청),아현,18,2
20250524,대림(구로구청),아현,19,5
20250524,대림(구로구청),아현,20,12
20250524,대림(구로구청),아현,21,3
20250524,대림(구로구청),아현,22,1
20250524,대림(구로구청),아현,23,1
20250524,대림(구로구청),역삼,5,13
20250524,대림(구로구청),역삼,6,15
20250524,대림(구로구청),역삼,7,25
20250524,대림(구로구청),역삼,8,39
20250524,대림(구로구청),역삼,9,28
20250524,대림(구로구청),역삼,10,16
20250524,대림(구로구청),역삼,11,14
20250524,대림(구로구청),역삼,12,16
20250524,대림(구로구청),역삼,13,20
20250524,대림(구로구청),역삼,14,14
20250524,대림(구로구청),역삼,15,11
20250524,대림(구로구청),역삼,16,6
20250524,대림(구로구청),역삼,17,9
20250524,대림(구로구청),역삼,18,3
20250524,대림(구로구청),역삼,19,4
20250524,대림(구로구청),역삼,20,2
20250524,대림(구로구청),역삼,21,4
20250524,대림(구로구청),역삼,22,1
20250524,대림(구로구청),영등포구청,5,10
20250524,대림(구로구청),영등포구청,6,9
20250524,대림(구로구청),영등포구청,7,16
20250524,대림(구로구청),영등포구청,8,21
20250524,대림(구로구청),영등포구청,9,31
20250524,대림(구로구청),영등포구청,10,29
20250524,대림(구로구청),영등포구청,11,31
20250524,대림(구로구청),영등포구청,12,22
20250524,대림(구로구청),영등포구청,13,20
20250524,대림(구로구청),영등포구청,14,26
20250524,대림(구로구청),영등포구청,15,17
20250524,대림(구로구청),영등포구청,16,14
20250524,대림(구로구청),영등포구청,17,17
20250524,대림(구로구청),영등포구청,18,16
20250524,대림(구로구청),영등포구청,19,8
20250524,대림(구로구청),영등포구청,20,9
20250524,대림(구로구청),영등포구청,21,10
20250524,대림(구로구청),영등포구청,22,3
20250524,대림(구로구청),영등포구청,23,4
20250524,대림(구로구청),왕십리(성동구청),5,4
20250524,대림(구로구청),왕십리(성동구청),6,4
20250524,대림(구로구청),왕십리(성동구청),7,3
20250524,대림(구로구청),왕십리(성동구청),8,7
20250524,대림(구로구청),왕십리(성동구청),9,3
20250524,대림(구로구청),왕십리(성동구청),10,6
20250524,대림(구로구청),왕십리(성동구청),11,5
20250524,대림(구로구청),왕십리(성동구청),12,2
20250524,대림(구로구청),왕십리(성동구청),13,5
20250524,대림(구로구청),왕십리(성동구청),14,3
20250524,대림(구로구청),왕십리(성동구청),15,1
20250524,대림(구로구청),왕십리(성동구청),16,3
20250524,대림(구로구청),왕십리(성동구청),17,4
20250524,대림(구로구청),왕십리(성동구청),18,1
20250524,대림(구로구청),왕십리(성동구청),19,3
20250524,대림(구로구청),왕십리(성동구청),20,1
20250524,대림(구로구청),왕십리(성동구청),21,1
20250524,대림(구로구청),왕십리(성동구청),22,2
20250524,대림(구로구청),용두(동대문구청),5,1
20250524,대림(구로구청),용두(동대문구청),17,1
20250524,대림(구로구청),을지로3가,4,1
20250524,대림(구로구청),을지로3가,5,12
20250524,대림(구로구청),을지로3가,6,2
20250524,대림(구로구청),을지로3가,7,6
20250524,대림(구로구청),을지로3가,8,7
20250524,대림(구로구청),을지로3가,9,12
20250524,대림(구로구청),을지로3가,10,4
20250524,대림(구로구청),을지로3가,11,7
20250524,대림(구로구청),을지로3가,12,8
20250524,대림(구로구청),을지로3가,13,4
20250524,대림(구로구청),을지로3가,14,3
20250524,대림(구로구청),을지로3가,15,5
20250524,대림(구로구청),을지로3가,16,7
20250524,대림(구로구청),을지로3가,17,2
20250524,대림(구로구청),을지로3가,18,9
20250524,대림(구로구청),을지로3가,19,7
20250524,대림(구로구청),을지로3가,22,1
20250524,대림(구로구청),을지로4가,5,9
20250524,대림(구로구청),을지로4가,6,4
20250524,대림(구로구청),을지로4가,7,5
20250524,대림(구로구청),을지로4가,8,7
20250524,대림(구로구청),을지로4가,9,5
20250524,대림(구로구청),을지로4가,10,3
20250524,대림(구로구청),을지로4가,11,5
20250524,대림(구로구청),을지로4가,12,7
20250524,대림(구로구청),을지로4가,13,6
20250524,대림(구로구청),을지로4가,14,3
20250524,대림(구로구청),을지로4가,15,3
20250524,대림(구로구청),을지로4가,16,2
20250524,대림(구로구청),을지로4가,17,5
20250524,대림(구로구청),을지로4가,18,1
20250524,대림(구로구청),을지로4가,19,1
20250524,대림(구로구청),을지로4가,21,1
20250524,대림(구로구청),을지로입구,5,14
20250524,대림(구로구청),을지로입구,6,6
20250524,대림(구로구청),을지로입구,7,23
20250524,대림(구로구청),을지로입구,8,58
20250524,대림(구로구청),을지로입구,9,78
20250524,대림(구로구청),을지로입구,10,59
20250524,대림(구로구청),을지로입구,11,17
20250524,대림(구로구청),을지로입구,12,19
20250524,대림(구로구청),을지로입구,13,27
20250524,대림(구로구청),을지로입구,14,12
20250524,대림(구로구청),을지로입구,15,9
20250524,대림(구로구청),을지로입구,16,10
20250524,대림(구로구청),을지로입구,17,10
20250524,대림(구로구청),을지로입구,18,1
20250524,대림(구로구청),을지로입구,19,5
20250524,대림(구로구청),을지로입구,20,4
20250524,대림(구로구청),을지로입구,21,1
20250524,대림(구로구청),을지로입구,23,4
20250524,대림(구로구청),이대,6,2
20250524,대림(구로구청),이대,7,2
20250524,대림(구로구청),이대,8,13
20250524,대림(구로구청),이대,9,10
20250524,대림(구로구청),이대,10,5
20250524,대림(구로구청),이대,11,13
20250524,대림(구로구청),이대,12,4
20250524,대림(구로구청),이대,13,13
20250524,대림(구로구청),이대,14,6
20250524,대림(구로구청),이대,15,9
20250524,대림(구로구청),이대,16,10
20250524,대림(구로구청),이대,17,6
20250524,대림(구로구청),이대,18,5
20250524,대림(구로구청),이대,19,1
20250524,대림(구로구청),이대,20,1
20250524,대림(구로구청),이대,22,2
20250524,대림(구로구청),잠실(송파구청),5,22
20250524,대림(구로구청),잠실(송파구청),6,19
20250524,대림(구로구청),잠실(송파구청),7,28
20250524,대림(구로구청),잠실(송파구청),8,35
20250524,대림(구로구청),잠실(송파구청),9,41
20250524,대림(구로구청),잠실(송파구청),10,35
20250524,대림(구로구청),잠실(송파구청),11,32
20250524,대림(구로구청),잠실(송파구청),12,13
20250524,대림(구로구청),잠실(송파구청),13,25
20250524,대림(구로구청),잠실(송파구청),14,21
20250524,대림(구로구청),잠실(송파구청),15,6
20250524,대림(구로구청),잠실(송파구청),16,14
20250524,대림(구로구청),잠실(송파구청),17,25
20250524,대림(구로구청),잠실(송파구청),18,10
20250524,대림(구로구청),잠실(송파구청),19,8
20250524,대림(구로구청),잠실(송파구청),20,5
20250524,대림(구로구청),잠실(송파구청),21,4
20250524,대림(구로구청),잠실(송파구청),22,6
20250524,대림(구로구청),잠실나루,5,26
20250524,대림(구로구청),잠실나루,6,1
20250524,대림(구로구청),잠실나루,7,5
20250524,대림(구로구청),잠실나루,8,1
20250524,대림(구로구청),잠실나루,9,1
20250524,대림(구로구청),잠실나루,10,1
20250524,대림(구로구청),잠실나루,13,4
20250524,대림(구로구청),잠실나루,14,1
20250524,대림(구로구청),잠실나루,15,5
20250524,대림(구로구청),잠실나루,18,4
20250524,대림(구로구청),잠실나루,19,1
20250524,대림(구로구청),잠실새내,5,4
20250524,대림(구로구청),잠실새내,6,7
20250524,대림(구로구청),잠실새내,7,3
20250524,대림(구로구청),잠실새내,8,10
20250524,대림(구로구청),잠실새내,9,4
20250524,대림(구로구청),잠실새내,10,3
20250524,대림(구로구청),잠실새내,11,7
20250524,대림(구로구청),잠실새내,12,4
20250524,대림(구로구청),잠실새내,13,8
20250524,대림(구로구청),잠실새내,14,5
20250524,대림(구로구청),잠실새내,15,4
20250524,대림(구로구청),잠실새내,16,1
20250524,대림(구로구청),잠실새내,17,2
20250524,대림(구로구청),잠실새내,19,3
20250524,대림(구로구청),잠실새내,21,2
20250524,대림(구로구청),잠실새내,22,2
20250524,대림(구로구청),잠실새내,23,1
20250524,대림(구로구청),종합운동장,5,29
20250524,대림(구로구청),종합운동장,6,4
20250524,대림(구로구청),종합운동장,7,2
20250524,대림(구로구청),종합운동장,8,5
20250524,대림(구로구청),종합운동장,9,1
20250524,대림(구로구청),종합운동장,10,7
20250524,대림(구로구청),종합운동장,11,3
20250524,대림(구로구청),종합운동장,12,6
20250524,대림(구로구청),종합운동장,13,3
20250524,대림(구로구청),종합운동장,14,9
20250524,대림(구로구청),종합운동장,15,22
20250524,대림(구로구청),종합운동장,16,7
20250524,대림(구로구청),종합운동장,18,4
20250524,대림(구로구청),종합운동장,19,2
20250524,대림(구로구청),종합운동장,20,1
20250524,대림(구로구청),종합운동장,21,2
20250524,대림(구로구청),충정로(경기대입구),5,4
20250524,대림(구로구청),충정로(경기대입구),7,5
20250524,대림(구로구청),충정로(경기대입구),8,3
20250524,대림(구로구청),충정로(경기대입구),9,5
20250524,대림(구로구청),충정로(경기대입구),10,4
20250524,대림(구로구청),충정로(경기대입구),11,3
20250524,대림(구로구청),충정로(경기대입구),12,3
20250524,대림(구로구청),충정로(경기대입구),13,1
20250524,대림(구로구청),충정로(경기대입구),14,2
20250524,대림(구로구청),충정로(경기대입구),15,2
20250524,대림(구로구청),충정로(경기대입구),16,1
20250524,대림(구로구청),충정로(경기대입구),18,1
20250524,대림(구로구청),충정로(경기대입구),19,1
20250524,대림(구로구청),충정로(경기대입구),20,1
20250524,대림(구로구청),충정로(경기대입구),22,1
20250524,대림(구로구청),한양대,6,1
20250524,대림(구로구청),한양대,7,2
20250524,대림(구로구청),한양대,8,2
20250524,대림(구로구청),한양대,9,1
20250524,대림(구로구청),한양대,10,2
20250524,대림(구로구청),한양대,11,1
20250524,대림(구로구청),한양대,13,1
20250524,대림(구로구청),한양대,15,2
20250524,대림(구로구청),한양대,16,1
20250524,대림(구로구청),한양대,18,3
20250524,대림(구로구청),한양대,22,1
20250524,대림(구로구청),합정,5,11
20250524,대림(구로구청),합정,6,9
20250524,대림(구로구청),합정,7,7
20250524,대림(구로구청),합정,8,46
20250524,대림(구로구청),합정,9,40
20250524,대림(구로구청),합정,10,27
20250524,대림(구로구청),합정,11,44
20250524,대림(구로구청),합정,12,39
20250524,대림(구로구청),합정,13,26
20250524,대림(구로구청),합정,14,21
20250524,대림(구로구청),합정,15,24
20250524,대림(구로구청),합정,16,32
20250524,대림(구로구청),합정,17,29
20250524,대림(구로구청),합정,18,15
20250524,대림(구로구청),합정,19,19
20250524,대림(구로구청),합정,20,6
20250524,대림(구로구청),합정,21,5
20250524,대림(구로구청),합정,22,4
20250524,대림(구로구청),합정,23,7
20250524,대림(구로구청),홍대입구,5,8
20250524,대림(구로구청),홍대입구,6,10
20250524,대림(구로구청),홍대입구,7,17
20250524,대림(구로구청),홍대입구,8,31
20250524,대림(구로구청),홍대입구,9,71
20250524,대림(구로구청),홍대입구,10,48
20250524,대림(구로구청),홍대입구,11,69
20250524,대림(구로구청),홍대입구,12,60
20250524,대림(구로구청),홍대입구,13,53
20250524,대림(구로구청),홍대입구,14,56
20250524,대림(구로구청),홍대입구,15,48
20250524,대림(구로구청),홍대입구,16,45
20250524,대림(구로구청),홍대입구,17,52
20250524,대림(구로구청),홍대입구,18,45
20250524,대림(구로구청),홍대입구,19,27
20250524,대림(구로구청),홍대입구,20,15
20250524,대림(구로구청),홍대입구,21,14
20250524,대림(구로구청),홍대입구,22,8
20250524,대림(구로구청),홍대입구,23,8
20250524,동대문역사문화공원,강남,5,2
20250524,동대문역사문화공원,강남,6,1
20250524,동대문역사문화공원,강남,8,8
20250524,동대문역사문화공원,강남,9,15
20250524,동대문역사문화공원,강남,10,21
20250524,동대문역사문화공원,강남,11,7
20250524,동대문역사문화공원,강남,12,15
20250524,동대문역사문화공원,강남,13,11
20250524,동대문역사문화공원,강남,14,3
20250524,동대문역사문화공원,강남,15,13
20250524,동대문역사문화공원,강남,16,9
20250524,동대문역사문화공원,강남,17,25
20250524,동대문역사문화공원,강남,18,8
20250524,동대문역사문화공원,강남,19,13
20250524,동대문역사문화공원,강남,20,4
20250524,동대문역사문화공원,강남,21,7
20250524,동대문역사문화공원,강남,23,2
20250524,동대문역사문화공원,강변(동서울터미널),5,1
20250524,동대문역사문화공원,강변(동서울터미널),6,2
20250524,동대문역사문화공원,강변(동서울터미널),7,4
20250524,동대문역사문화공원,강변(동서울터미널),8,6
20250524,동대문역사문화공원,강변(동서울터미널),9,6
20250524,동대문역사문화공원,강변(동서울터미널),10,12
20250524,동대문역사문화공원,강변(동서울터미널),11,13
20250524,동대문역사문화공원,강변(동서울터미널),12,15
20250524,동대문역사문화공원,강변(동서울터미널),13,10
20250524,동대문역사문화공원,강변(동서울터미널),14,30
20250524,동대문역사문화공원,강변(동서울터미널),15,41
20250524,동대문역사문화공원,강변(동서울터미널),16,35
20250524,동대문역사문화공원,강변(동서울터미널),17,36
20250524,동대문역사문화공원,강변(동서울터미널),18,36
20250524,동대문역사문화공원,강변(동서울터미널),19,15
20250524,동대문역사문화공원,강변(동서울터미널),20,16
20250524,동대문역사문화공원,강변(동서울터미널),21,9
20250524,동대문역사문화공원,강변(동서울터미널),22,3
20250524,동대문역사문화공원,강변(동서울터미널),23,3
20250524,동대문역사문화공원,건대입구,5,3
20250524,동대문역사문화공원,건대입구,6,2
20250524,동대문역사문화공원,건대입구,7,3
20250524,동대문역사문화공원,건대입구,8,4
20250524,동대문역사문화공원,건대입구,9,6
20250524,동대문역사문화공원,건대입구,10,10
20250524,동대문역사문화공원,건대입구,11,19
20250524,동대문역사문화공원,건대입구,12,24
20250524,동대문역사문화공원,건대입구,13,16
20250524,동대문역사문화공원,건대입구,14,33
20250524,동대문역사문화공원,건대입구,15,51
20250524,동대문역사문화공원,건대입구,16,46
20250524,동대문역사문화공원,건대입구,17,64
20250524,동대문역사문화공원,건대입구,18,35
20250524,동대문역사문화공원,건대입구,19,35
20250524,동대문역사문화공원,건대입구,20,50
20250524,동대문역사문화공원,건대입구,21,41
20250524,동대문역사문화공원,건대입구,22,15
20250524,동대문역사문화공원,건대입구,23,8
20250524,동대문역사문화공원,교대(법원.검찰청),7,1
20250524,동대문역사문화공원,교대(법원.검찰청),10,1
20250524,동대문역사문화공원,교대(법원.검찰청),13,1
20250524,동대문역사문화공원,교대(법원.검찰청),14,3
20250524,동대문역사문화공원,교대(법원.검찰청),15,2
20250524,동대문역사문화공원,교대(법원.검찰청),17,2
20250524,동대문역사문화공원,교대(법원.검찰청),18,8
20250524,동대문역사문화공원,구로디지털단지,5,1
20250524,동대문역사문화공원,구로디지털단지,6,1
20250524,동대문역사문화공원,구로디지털단지,7,5
20250524,동대문역사문화공원,구로디지털단지,8,3
20250524,동대문역사문화공원,구로디지털단지,10,2
20250524,동대문역사문화공원,구로디지털단지,11,8
20250524,동대문역사문화공원,구로디지털단지,12,6
20250524,동대문역사문화공원,구로디지털단지,13,20
20250524,동대문역사문화공원,구로디지털단지,14,9
20250524,동대문역사문화공원,구로디지털단지,15,18
20250524,동대문역사문화공원,구로디지털단지,16,18
20250524,동대문역사문화공원,구로디지털단지,17,22
20250524,동대문역사문화공원,구로디지털단지,18,18
20250524,동대문역사문화공원,구로디지털단지,19,29
20250524,동대문역사문화공원,구로디지털단지,20,37
20250524,동대문역사문화공원,구로디지털단지,21,49
20250524,동대문역사문화공원,구로디지털단지,22,14
20250524,동대문역사문화공원,구로디지털단지,23,2
20250524,동대문역사문화공원,구의(광진구청),5,2
20250524,동대문역사문화공원,구의(광진구청),6,2
20250524,동대문역사문화공원,구의(광진구청),7,3
20250524,동대문역사문화공원,구의(광진구청),8,2
20250524,동대문역사문화공원,구의(광진구청),9,2
20250524,동대문역사문화공원,구의(광진구청),10,7
20250524,동대문역사문화공원,구의(광진구청),11,14
20250524,동대문역사문화공원,구의(광진구청),12,10
20250524,동대문역사문화공원,구의(광진구청),13,13
20250524,동대문역사문화공원,구의(광진구청),14,16
20250524,동대문역사문화공원,구의(광진구청),15,27
20250524,동대문역사문화공원,구의(광진구청),16,29
20250524,동대문역사문화공원,구의(광진구청),17,27
20250524,동대문역사문화공원,구의(광진구청),18,28
20250524,동대문역사문화공원,구의(광진구청),19,29
20250524,동대문역사문화공원,구의(광진구청),20,26
20250524,동대문역사문화공원,구의(광진구청),21,20
20250524,동대문역사문화공원,구의(광진구청),22,12
20250524,동대문역사문화공원,구의(광진구청),23,3
20250524,동대문역사문화공원,낙성대,9,1
20250524,동대문역사문화공원,낙성대,11,2
20250524,동대문역사문화공원,낙성대,12,4
20250524,동대문역사문화공원,낙성대,13,1
20250524,동대문역사문화공원,낙성대,15,1
20250524,동대문역사문화공원,낙성대,16,6
20250524,동대문역사문화공원,낙성대,17,2
20250524,동대문역사문화공원,낙성대,18,3
20250524,동대문역사문화공원,낙성대,19,1
20250524,동대문역사문화공원,낙성대,20,3
20250524,동대문역사문화공원,낙성대,21,1
20250524,동대문역사문화공원,당산,7,4
20250524,동대문역사문화공원,당산,9,2
20250524,동대문역사문화공원,당산,10,5
20250524,동대문역사문화공원,당산,11,6
20250524,동대문역사문화공원,당산,12,10
20250524,동대문역사문화공원,당산,13,16
20250524,동대문역사문화공원,당산,14,12
20250524,동대문역사문화공원,당산,15,14
20250524,동대문역사문화공원,당산,16,23
20250524,동대문역사문화공원,당산,17,28
20250524,동대문역사문화공원,당산,18,23
20250524,동대문역사문화공원,당산,19,22
20250524,동대문역사문화공원,당산,20,17
20250524,동대문역사문화공원,당산,21,16
20250524,동대문역사문화공원,당산,22,6
20250524,동대문역사문화공원,당산,23,4
20250524,동대문역사문화공원,대림(구로구청),5,3
20250524,동대문역사문화공원,대림(구로구청),7,1
20250524,동대문역사문화공원,대림(구로구청),8,1
20250524,동대문역사문화공원,대림(구로구청),9,2
20250524,동대문역사문화공원,대림(구로구청),10,5
20250524,동대문역사문화공원,대림(구로구청),11,6
20250524,동대문역사문화공원,대림(구로구청),12,8
20250524,동대문역사문화공원,대림(구로구청),13,10
20250524,동대문역사문화공원,대림(구로구청),14,13
20250524,동대문역사문화공원,대림(구로구청),15,20
20250524,동대문역사문화공원,대림(구로구청),16,13
20250524,동대문역사문화공원,대림(구로구청),17,17
20250524,동대문역사문화공원,대림(구로구청),18,8
20250524,동대문역사문화공원,대림(구로구청),19,7
20250524,동대문역사문화공원,대림(구로구청),20,10
20250524,동대문역사문화공원,대림(구로구청),21,16
20250524,동대문역사문화공원,대림(구로구청),22,4
20250524,동대문역사문화공원,대림(구로구청),23,1
20250524,동대문역사문화공원,동대문역사문화공원,0,1
20250524,동대문역사문화공원,동대문역사문화공원,4,1
20250524,동대문역사문화공원,동대문역사문화공원,5,1
20250524,동대문역사문화공원,동대문역사문화공원,6,3
20250524,동대문역사문화공원,동대문역사문화공원,7,2
20250524,동대문역사문화공원,동대문역사문화공원,8,15
20250524,동대문역사문화공원,동대문역사문화공원,9,21
20250524,동대문역사문화공원,동대문역사문화공원,10,9
20250524,동대문역사문화공원,동대문역사문화공원,11,25
20250524,동대문역사문화공원,동대문역사문화공원,12,22
20250524,동대문역사문화공원,동대문역사문화공원,13,20
20250524,동대문역사문화공원,동대문역사문화공원,14,30
20250524,동대문역사문화공원,동대문역사문화공원,15,34
20250524,동대문역사문화공원,동대문역사문화공원,16,25
20250524,동대문역사문화공원,동대문역사문화공원,17,35
20250524,동대문역사문화공원,동대문역사문화공원,18,28
20250524,동대문역사문화공원,동대문역사문화공원,19,22
20250524,동대문역사문화공원,동대문역사문화공원,20,22
20250524,동대문역사문화공원,동대문역사문화공원,21,30
20250524,동대문역사문화공원,동대문역사문화공원,22,30
20250524,동대문역사문화공원,동대문역사문화공원,23,28
20250524,동대문역사문화공원,뚝섬,6,2
20250524,동대문역사문화공원,뚝섬,7,3
20250524,동대문역사문화공원,뚝섬,8,2
20250524,동대문역사문화공원,뚝섬,9,21
20250524,동대문역사문화공원,뚝섬,10,13
20250524,동대문역사문화공원,뚝섬,11,15
20250524,동대문역사문화공원,뚝섬,12,22
20250524,동대문역사문화공원,뚝섬,13,32
20250524,동대문역사문화공원,뚝섬,14,32
20250524,동대문역사문화공원,뚝섬,15,20
20250524,동대문역사문화공원,뚝섬,16,31
20250524,동대문역사문화공원,뚝섬,17,37
20250524,동대문역사문화공원,뚝섬,18,29
20250524,동대문역사문화공원,뚝섬,19,12
20250524,동대문역사문화공원,뚝섬,20,11
20250524,동대문역사문화공원,뚝섬,21,8
20250524,동대문역사문화공원,뚝섬,22,5
20250524,동대문역사문화공원,뚝섬,23,2
20250524,동대문역사문화공원,문래,6,2
20250524,동대문역사문화공원,문래,7,1
20250524,동대문역사문화공원,문래,8,2
20250524,동대문역사문화공원,문래,9,3
20250524,동대문역사문화공원,문래,11,1
20250524,동대문역사문화공원,문래,12,9
20250524,동대문역사문화공원,문래,13,5
20250524,동대문역사문화공원,문래,14,2
20250524,동대문역사문화공원,문래,15,14
20250524,동대문역사문화공원,문래,16,18
20250524,동대문역사문화공원,문래,17,12
20250524,동대문역사문화공원,문래,18,14
20250524,동대문역사문화공원,문래,19,3
20250524,동대문역사문화공원,문래,20,3
20250524,동대문역사문화공원,문래,21,10
20250524,동대문역사문화공원,문래,22,4
20250524,동대문역사문화공원,문래,23,2
20250524,동대문역사문화공원,방배,11,2
20250524,동대문역사문화공원,방배,13,3
20250524,동대문역사문화공원,방배,15,3
20250524,동대문역사문화공원,방배,17,1
20250524,동대문역사문화공원,방배,18,3
20250524,동대문역사문화공원,봉천,10,2
20250524,동대문역사문화공원,봉천,11,3
20250524,동대문역사문화공원,봉천,13,4
20250524,동대문역사문화공원,봉천,14,1
20250524,동대문역사문화공원,봉천,15,6
20250524,동대문역사문화공원,봉천,16,5
20250524,동대문역사문화공원,봉천,17,4
20250524,동대문역사문화공원,봉천,18,5
20250524,동대문역사문화공원,봉천,19,3
20250524,동대문역사문화공원,봉천,20,2
20250524,동대문역사문화공원,봉천,21,3
20250524,동대문역사문화공원,봉천,22,2
20250524,동대문역사문화공원,사당,5,1
20250524,동대문역사문화공원,사당,8,1
20250524,동대문역사문화공원,사당,10,1
20250524,동대문역사문화공원,사당,11,2
20250524,동대문역사문화공원,사당,12,4
20250524,동대문역사문화공원,사당,14,1
20250524,동대문역사문화공원,사당,16,4
20250524,동대문역사문화공원,사당,17,4
20250524,동대문역사문화공원,사당,18,3
20250524,동대문역사문화공원,사당,19,1
20250524,동대문역사문화공원,사당,20,2
20250524,동대문역사문화공원,사당,21,1
20250524,동대문역사문화공원,사당,22,2
20250524,동대문역사문화공원,삼성(무역센터),5,3
20250524,동대문역사문화공원,삼성(무역센터),6,2
20250524,동대문역사문화공원,삼성(무역센터),7,2
20250524,동대문역사문화공원,삼성(무역센터),8,1
20250524,동대문역사문화공원,삼성(무역센터),9,8
20250524,동대문역사문화공원,삼성(무역센터),10,14
20250524,동대문역사문화공원,삼성(무역센터),11,20
20250524,동대문역사문화공원,삼성(무역센터),12,19
20250524,동대문역사문화공원,삼성(무역센터),13,20
20250524,동대문역사문화공원,삼성(무역센터),14,18
20250524,동대문역사문화공원,삼성(무역센터),15,16
20250524,동대문역사문화공원,삼성(무역센터),16,22
20250524,동대문역사문화공원,삼성(무역센터),17,35
20250524,동대문역사문화공원,삼성(무역센터),18,12
20250524,동대문역사문화공원,삼성(무역센터),19,5
20250524,동대문역사문화공원,삼성(무역센터),20,12
20250524,동대문역사문화공원,삼성(무역센터),21,2
20250524,동대문역사문화공원,삼성(무역센터),22,6
20250524,동대문역사문화공원,삼성(무역센터),23,2
20250524,동대문역사문화공원,상왕십리,6,4
20250524,동대문역사문화공원,상왕십리,7,3
20250524,동대문역사문화공원,상왕십리,8,5
20250524,동대문역사문화공원,상왕십리,10,9
20250524,동대문역사문화공원,상왕십리,11,5
20250524,동대문역사문화공원,상왕십리,12,19
20250524,동대문역사문화공원,상왕십리,13,5
20250524,동대문역사문화공원,상왕십리,14,17
20250524,동대문역사문화공원,상왕십리,15,28
20250524,동대문역사문화공원,상왕십리,16,31
20250524,동대문역사문화공원,상왕십리,17,26
20250524,동대문역사문화공원,상왕십리,18,18
20250524,동대문역사문화공원,상왕십리,19,25
20250524,동대문역사문화공원,상왕십리,20,10
20250524,동대문역사문화공원,상왕십리,21,18
20250524,동대문역사문화공원,상왕십리,22,10
20250524,동대문역사문화공원,상왕십리,23,7
20250524,동대문역사문화공원,서울대입구(관악구청),11,6
20250524,동대문역사문화공원,서울대입구(관악구청),12,3
20250524,동대문역사문화공원,서울대입구(관악구청),13,4
20250524,동대문역사문화공원,서울대입구(관악구청),14,4
20250524,동대문역사문화공원,서울대입구(관악구청),15,2
20250524,동대문역사문화공원,서울대입구(관악구청),16,4
20250524,동대문역사문화공원,서울대입구(관악구청),17,11
20250524,동대문역사문화공원,서울대입구(관악구청),18,6
20250524,동대문역사문화공원,서울대입구(관악구청),19,8
20250524,동대문역사문화공원,서울대입구(관악구청),20,9
20250524,동대문역사문화공원,서울대입구(관악구청),21,13
20250524,동대문역사문화공원,서울대입구(관악구청),22,4
20250524,동대문역사문화공원,서울대입구(관악구청),23,1
20250524,동대문역사문화공원,서초,8,1
20250524,동대문역사문화공원,서초,11,2
20250524,동대문역사문화공원,서초,12,1
20250524,동대문역사문화공원,서초,17,1
20250524,동대문역사문화공원,서초,18,1
20250524,동대문역사문화공원,서초,19,2
20250524,동대문역사문화공원,서초,22,1
20250524,동대문역사문화공원,선릉,5,2
20250524,동대문역사문화공원,선릉,6,1
20250524,동대문역사문화공원,선릉,9,3
20250524,동대문역사문화공원,선릉,11,3
20250524,동대문역사문화공원,선릉,12,2
20250524,동대문역사문화공원,선릉,13,5
20250524,동대문역사문화공원,선릉,14,9
20250524,동대문역사문화공원,선릉,15,6
20250524,동대문역사문화공원,선릉,16,1
20250524,동대문역사문화공원,선릉,17,4
20250524,동대문역사문화공원,선릉,19,5
20250524,동대문역사문화공원,선릉,20,5
20250524,동대문역사문화공원,선릉,21,4
20250524,동대문역사문화공원,선릉,22,1
20250524,동대문역사문화공원,선릉,23,1
20250524,동대문역사문화공원,성수,5,5
20250524,동대문역사문화공원,성수,6,1
20250524,동대문역사문화공원,성수,7,2
20250524,동대문역사문화공원,성수,8,12
20250524,동대문역사문화공원,성수,9,84
20250524,동대문역사문화공원,성수,10,81
20250524,동대문역사문화공원,성수,11,81
20250524,동대문역사문화공원,성수,12,61
20250524,동대문역사문화공원,성수,13,82
20250524,동대문역사문화공원,성수,14,75
20250524,동대문역사문화공원,성수,15,77
20250524,동대문역사문화공원,성수,16,83
20250524,동대문역사문화공원,성수,17,48
20250524,동대문역사문화공원,성수,18,42
20250524,동대문역사문화공원,성수,19,26
20250524,동대문역사문화공원,성수,20,28
20250524,동대문역사문화공원,성수,21,10
20250524,동대문역사문화공원,성수,22,5
20250524,동대문역사문화공원,성수,23,14
20250524,동대문역사문화공원,시청,5,1
20250524,동대문역사문화공원,시청,8,6
20250524,동대문역사문화공원,시청,9,3
20250524,동대문역사문화공원,시청,10,9
20250524,동대문역사문화공원,시청,11,18
20250524,동대문역사문화공원,시청,12,27
20250524,동대문역사문화공원,시청,13,22
20250524,동대문역사문화공원,시청,14,28
20250524,동대문역사문화공원,시청,15,40
20250524,동대문역사문화공원,시청,16,69
20250524,동대문역사문화공원,시청,17,45
20250524,동대문역사문화공원,시청,18,32
20250524,동대문역사문화공원,시청,19,26
20250524,동대문역사문화공원,시청,20,34
20250524,동대문역사문화공원,시청,21,17
20250524,동대문역사문화공원,시청,22,22
20250524,동대문역사문화공원,시청,23,13
20250524,동대문역사문화공원,신당,6,1
20250524,동대문역사문화공원,신당,8,3
20250524,동대문역사문화공원,신당,9,3
20250524,동대문역사문화공원,신당,10,12
20250524,동대문역사문화공원,신당,11,16
20250524,동대문역사문화공원,신당,12,11
20250524,동대문역사문화공원,신당,13,22
20250524,동대문역사문화공원,신당,14,26
20250524,동대문역사문화공원,신당,15,31
20250524,동대문역사문화공원,신당,16,25
20250524,동대문역사문화공원,신당,17,22
20250524,동대문역사문화공원,신당,18,34
20250524,동대문역사문화공원,신당,19,32
20250524,동대문역사문화공원,신당,20,18
20250524,동대문역사문화공원,신당,21,20
20250524,동대문역사문화공원,신당,22,6
20250524,동대문역사문화공원,신당,23,7
20250524,동대문역사문화공원,신대방,5,1
20250524,동대문역사문화공원,신대방,8,2
20250524,동대문역사문화공원,신대방,9,2
20250524,동대문역사문화공원,신대방,10,4
20250524,동대문역사문화공원,신대방,11,3
20250524,동대문역사문화공원,신대방,12,2
20250524,동대문역사문화공원,신대방,13,6
20250524,동대문역사문화공원,신대방,14,10
20250524,동대문역사문화공원,신대방,15,18
20250524,동대문역사문화공원,신대방,16,8
20250524,동대문역사문화공원,신대방,17,17
20250524,동대문역사문화공원,신대방,18,9
20250524,동대문역사문화공원,신대방,19,10
20250524,동대문역사문화공원,신대방,20,23
20250524,동대문역사문화공원,신대방,21,24
20250524,동대문역사문화공원,신대방,22,9
20250524,동대문역사문화공원,신도림,6,1
20250524,동대문역사문화공원,신도림,7,2
20250524,동대문역사문화공원,신도림,9,3
20250524,동대문역사문화공원,신도림,10,4
20250524,동대문역사문화공원,신도림,11,11
20250524,동대문역사문화공원,신도림,12,9
20250524,동대문역사문화공원,신도림,13,15
20250524,동대문역사문화공원,신도림,14,14
20250524,동대문역사문화공원,신도림,15,23
20250524,동대문역사문화공원,신도림,16,18
20250524,동대문역사문화공원,신도림,17,20
20250524,동대문역사문화공원,신도림,18,12
20250524,동대문역사문화공원,신도림,19,24
20250524,동대문역사문화공원,신도림,20,11
20250524,동대문역사문화공원,신도림,21,17
20250524,동대문역사문화공원,신도림,22,22
20250524,동대문역사문화공원,신도림,23,12
20250524,동대문역사문화공원,신림,6,1
20250524,동대문역사문화공원,신림,7,1
20250524,동대문역사문화공원,신림,8,2
20250524,동대문역사문화공원,신림,9,1
20250524,동대문역사문화공원,신림,10,4
20250524,동대문역사문화공원,신림,11,3
20250524,동대문역사문화공원,신림,12,9
20250524,동대문역사문화공원,신림,13,10
20250524,동대문역사문화공원,신림,14,3
20250524,동대문역사문화공원,신림,15,13
20250524,동대문역사문화공원,신림,16,16
20250524,동대문역사문화공원,신림,17,25
20250524,동대문역사문화공원,신림,18,20
20250524,동대문역사문화공원,신림,19,24
20250524,동대문역사문화공원,신림,20,21
20250524,동대문역사문화공원,신림,21,23
20250524,동대문역사문화공원,신림,22,16
20250524,동대문역사문화공원,신림,23,7
20250524,동대문역사문화공원,신촌,5,2
20250524,동대문역사문화공원,신촌,7,6
20250524,동대문역사문화공원,신촌,8,5
20250524,동대문역사문화공원,신촌,9,9
20250524,동대문역사문화공원,신촌,10,10
20250524,동대문역사문화공원,신촌,11,22
20250524,동대문역사문화공원,신촌,12,13
20250524,동대문역사문화공원,신촌,13,32
20250524,동대문역사문화공원,신촌,14,30
20250524,동대문역사문화공원,신촌,15,37
20250524,동대문역사문화공원,신촌,16,41
20250524,동대문역사문화공원,신촌,17,56
20250524,동대문역사문화공원,신촌,18,41
20250524,동대문역사문화공원,신촌,19,26
20250524,동대문역사문화공원,신촌,20,44
20250524,동대문역사문화공원,신촌,21,50
20250524,동대문역사문화공원,신촌,22,23
20250524,동대문역사문화공원,신촌,23,11
20250524,동대문역사문화공원,아현,7,1
20250524,동대문역사문화공원,아현,8,2
20250524,동대문역사문화공원,아현,9,6
20250524,동대문역사문화공원,아현,10,1
20250524,동대문역사문화공원,아현,11,6
20250524,동대문역사문화공원,아현,12,18
20250524,동대문역사문화공원,아현,13,6
20250524,동대문역사문화공원,아현,14,11
20250524,동대문역사문화공원,아현,15,9
20250524,동대문역사문화공원,아현,16,19
20250524,동대문역사문화공원,아현,17,16
20250524,동대문역사문화공원,아현,18,8
20250524,동대문역사문화공원,아현,19,6
20250524,동대문역사문화공원,아현,20,10
20250524,동대문역사문화공원,아현,21,12
20250524,동대문역사문화공원,아현,22,3
20250524,동대문역사문화공원,아현,23,6
20250524,동대문역사문화공원,역삼,7,1
20250524,동대문역사문화공원,역삼,8,3
20250524,동대문역사문화공원,역삼,9,4
20250524,동대문역사문화공원,역삼,10,5
20250524,동대문역사문화공원,역삼,11,3
20250524,동대문역사문화공원,역삼,12,1
20250524,동대문역사문화공원,역삼,13,2
20250524,동대문역사문화공원,역삼,14,4
20250524,동대문역사문화공원,역삼,15,3
20250524,동대문역사문화공원,역삼,16,7
20250524,동대문역사문화공원,역삼,17,7
20250524,동대문역사문화공원,역삼,18,7
20250524,동대문역사문화공원,역삼,19,5
20250524,동대문역사문화공원,역삼,20,5
20250524,동대문역사문화공원,역삼,21,10
20250524,동대문역사문화공원,역삼,22,9
20250524,동대문역사문화공원,영등포구청,5,2
20250524,동대문역사문화공원,영등포구청,7,1
20250524,동대문역사문화공원,영등포구청,9,2
20250524,동대문역사문화공원,영등포구청,10,5
20250524,동대문역사문화공원,영등포구청,11,1
20250524,동대문역사문화공원,영등포구청,12,3
20250524,동대문역사문화공원,영등포구청,13,5
20250524,동대문역사문화공원,영등포구청,14,6
20250524,동대문역사문화공원,영등포구청,15,12
20250524,동대문역사문화공원,영등포구청,16,3
20250524,동대문역사문화공원,영등포구청,17,9
20250524,동대문역사문화공원,영등포구청,18,5
20250524,동대문역사문화공원,영등포구청,19,3
20250524,동대문역사문화공원,영등포구청,20,6
20250524,동대문역사문화공원,영등포구청,21,2
20250524,동대문역사문화공원,영등포구청,22,4
20250524,동대문역사문화공원,영등포구청,23,4
20250524,동대문역사문화공원,왕십리(성동구청),6,1
20250524,동대문역사문화공원,왕십리(성동구청),7,4
20250524,동대문역사문화공원,왕십리(성동구청),8,3
20250524,동대문역사문화공원,왕십리(성동구청),9,3
20250524,동대문역사문화공원,왕십리(성동구청),10,9
20250524,동대문역사문화공원,왕십리(성동구청),11,14
20250524,동대문역사문화공원,왕십리(성동구청),12,15
20250524,동대문역사문화공원,왕십리(성동구청),13,20
20250524,동대문역사문화공원,왕십리(성동구청),14,24
20250524,동대문역사문화공원,왕십리(성동구청),15,21
20250524,동대문역사문화공원,왕십리(성동구청),16,31
20250524,동대문역사문화공원,왕십리(성동구청),17,37
20250524,동대문역사문화공원,왕십리(성동구청),18,30
20250524,동대문역사문화공원,왕십리(성동구청),19,36
20250524,동대문역사문화공원,왕십리(성동구청),20,26
20250524,동대문역사문화공원,왕십리(성동구청),21,11
20250524,동대문역사문화공원,왕십리(성동구청),22,9
20250524,동대문역사문화공원,왕십리(성동구청),23,7
20250524,동대문역사문화공원,용두(동대문구청),17,1
20250524,동대문역사문화공원,을지로3가,6,1
20250524,동대문역사문화공원,을지로3가,7,2
20250524,동대문역사문화공원,을지로3가,8,4
20250524,동대문역사문화공원,을지로3가,9,5
20250524,동대문역사문화공원,을지로3가,10,8
20250524,동대문역사문화공원,을지로3가,11,9
20250524,동대문역사문화공원,을지로3가,12,26
20250524,동대문역사문화공원,을지로3가,13,10
20250524,동대문역사문화공원,을지로3가,14,17
20250524,동대문역사문화공원,을지로3가,15,18
20250524,동대문역사문화공원,을지로3가,16,39
20250524,동대문역사문화공원,을지로3가,17,53
20250524,동대문역사문화공원,을지로3가,18,35
20250524,동대문역사문화공원,을지로3가,19,43
20250524,동대문역사문화공원,을지로3가,20,24
20250524,동대문역사문화공원,을지로3가,21,38
20250524,동대문역사문화공원,을지로3가,22,30
20250524,동대문역사문화공원,을지로3가,23,18
20250524,동대문역사문화공원,을지로4가,6,1
20250524,동대문역사문화공원,을지로4가,7,2
20250524,동대문역사문화공원,을지로4가,8,1
20250524,동대문역사문화공원,을지로4가,9,1
20250524,동대문역사문화공원,을지로4가,10,18
20250524,동대문역사문화공원,을지로4가,11,9
20250524,동대문역사문화공원,을지로4가,12,8
20250524,동대문역사문화공원,을지로4가,13,7
20250524,동대문역사문화공원,을지로4가,14,23
20250524,동대문역사문화공원,을지로4가,15,18
20250524,동대문역사문화공원,을지로4가,16,15
20250524,동대문역사문화공원,을지로4가,17,8
20250524,동대문역사문화공원,을지로4가,18,11
20250524,동대문역사문화공원,을지로4가,19,13
20250524,동대문역사문화공원,을지로4가,20,7
20250524,동대문역사문화공원,을지로4가,21,13
20250524,동대문역사문화공원,을지로4가,22,20
20250524,동대문역사문화공원,을지로4가,23,17
20250524,동대문역사문화공원,을지로입구,4,1
20250524,동대문역사문화공원,을지로입구,5,3
20250524,동대문역사문화공원,을지로입구,6,4
20250524,동대문역사문화공원,을지로입구,7,10
20250524,동대문역사문화공원,을지로입구,8,28
20250524,동대문역사문화공원,을지로입구,9,24
20250524,동대문역사문화공원,을지로입구,10,46
20250524,동대문역사문화공원,을지로입구,11,46
20250524,동대문역사문화공원,을지로입구,12,48
20250524,동대문역사문화공원,을지로입구,13,44
20250524,동대문역사문화공원,을지로입구,14,61
20250524,동대문역사문화공원,을지로입구,15,75
20250524,동대문역사문화공원,을지로입구,16,93
20250524,동대문역사문화공원,을지로입구,17,87
20250524,동대문역사문화공원,을지로입구,18,46
20250524,동대문역사문화공원,을지로입구,19,53
20250524,동대문역사문화공원,을지로입구,20,45
20250524,동대문역사문화공원,을지로입구,21,15
20250524,동대문역사문화공원,을지로입구,22,16
20250524,동대문역사문화공원,을지로입구,23,7
20250524,동대문역사문화공원,이대,6,1
20250524,동대문역사문화공원,이대,7,2
20250524,동대문역사문화공원,이대,8,12
20250524,동대문역사문화공원,이대,9,7
20250524,동대문역사문화공원,이대,10,5
20250524,동대문역사문화공원,이대,11,13
20250524,동대문역사문화공원,이대,12,10
20250524,동대문역사문화공원,이대,13,10
20250524,동대문역사문화공원,이대,14,13
20250524,동대문역사문화공원,이대,15,16
20250524,동대문역사문화공원,이대,16,19
20250524,동대문역사문화공원,이대,17,31
20250524,동대문역사문화공원,이대,18,17
20250524,동대문역사문화공원,이대,19,12
20250524,동대문역사문화공원,이대,20,16
20250524,동대문역사문화공원,이대,21,9
20250524,동대문역사문화공원,이대,22,3
20250524,동대문역사문화공원,이대,23,7
20250524,동대문역사문화공원,잠실(송파구청),5,2
20250524,동대문역사문화공원,잠실(송파구청),6,4
20250524,동대문역사문화공원,잠실(송파구청),7,2
20250524,동대문역사문화공원,잠실(송파구청),8,9
20250524,동대문역사문화공원,잠실(송파구청),9,25
20250524,동대문역사문화공원,잠실(송파구청),10,50
20250524,동대문역사문화공원,잠실(송파구청),11,41
20250524,동대문역사문화공원,잠실(송파구청),12,62
20250524,동대문역사문화공원,잠실(송파구청),13,59
20250524,동대문역사문화공원,잠실(송파구청),14,59
20250524,동대문역사문화공원,잠실(송파구청),15,73
20250524,동대문역사문화공원,잠실(송파구청),16,75
20250524,동대문역사문화공원,잠실(송파구청),17,119
20250524,동대문역사문화공원,잠실(송파구청),18,53
20250524,동대문역사문화공원,잠실(송파구청),19,48
20250524,동대문역사문화공원,잠실(송파구청),20,28
20250524,동대문역사문화공원,잠실(송파구청),21,32
20250524,동대문역사문화공원,잠실(송파구청),22,14
20250524,동대문역사문화공원,잠실(송파구청),23,11
20250524,동대문역사문화공원,잠실나루,4,1
20250524,동대문역사문화공원,잠실나루,5,7
20250524,동대문역사문화공원,잠실나루,6,1
20250524,동대문역사문화공원,잠실나루,9,1
20250524,동대문역사문화공원,잠실나루,11,4
20250524,동대문역사문화공원,잠실나루,12,1
20250524,동대문역사문화공원,잠실나루,13,11
20250524,동대문역사문화공원,잠실나루,14,4
20250524,동대문역사문화공원,잠실나루,15,4
20250524,동대문역사문화공원,잠실나루,16,10
20250524,동대문역사문화공원,잠실나루,17,21
20250524,동대문역사문화공원,잠실나루,18,4
20250524,동대문역사문화공원,잠실나루,19,3
20250524,동대문역사문화공원,잠실나루,20,3
20250524,동대문역사문화공원,잠실나루,21,4
20250524,동대문역사문화공원,잠실나루,22,6
20250524,동대문역사문화공원,잠실나루,23,2
20250524,동대문역사문화공원,잠실새내,5,2
20250524,동대문역사문화공원,잠실새내,6,1
20250524,동대문역사문화공원,잠실새내,7,2
20250524,동대문역사문화공원,잠실새내,8,4
20250524,동대문역사문화공원,잠실새내,9,2
20250524,동대문역사문화공원,잠실새내,10,2
20250524,동대문역사문화공원,잠실새내,11,9
20250524,동대문역사문화공원,잠실새내,12,2
20250524,동대문역사문화공원,잠실새내,13,12
20250524,동대문역사문화공원,잠실새내,14,6
20250524,동대문역사문화공원,잠실새내,15,26
20250524,동대문역사문화공원,잠실새내,16,15
20250524,동대문역사문화공원,잠실새내,17,23
20250524,동대문역사문화공원,잠실새내,18,20
20250524,동대문역사문화공원,잠실새내,19,11
20250524,동대문역사문화공원,잠실새내,20,14
20250524,동대문역사문화공원,잠실새내,21,8
20250524,동대문역사문화공원,잠실새내,22,2
20250524,동대문역사문화공원,잠실새내,23,5
20250524,동대문역사문화공원,종합운동장,6,1
20250524,동대문역사문화공원,종합운동장,10,3
20250524,동대문역사문화공원,종합운동장,11,1
20250524,동대문역사문화공원,종합운동장,12,2
20250524,동대문역사문화공원,종합운동장,13,2
20250524,동대문역사문화공원,종합운동장,14,6
20250524,동대문역사문화공원,종합운동장,15,24
20250524,동대문역사문화공원,종합운동장,16,10
20250524,동대문역사문화공원,종합운동장,17,2
20250524,동대문역사문화공원,종합운동장,18,2
20250524,동대문역사문화공원,종합운동장,19,1
20250524,동대문역사문화공원,종합운동장,20,2
20250524,동대문역사문화공원,종합운동장,21,1
20250524,동대문역사문화공원,종합운동장,22,1
20250524,동대문역사문화공원,종합운동장,23,2
20250524,동대문역사문화공원,충정로(경기대입구),6,1
20250524,동대문역사문화공원,충정로(경기대입구),7,1
20250524,동대문역사문화공원,충정로(경기대입구),9,2
20250524,동대문역사문화공원,충정로(경기대입구),10,5
20250524,동대문역사문화공원,충정로(경기대입구),11,1
20250524,동대문역사문화공원,충정로(경기대입구),12,7
20250524,동대문역사문화공원,충정로(경기대입구),13,9
20250524,동대문역사문화공원,충정로(경기대입구),14,6
20250524,동대문역사문화공원,충정로(경기대입구),15,8
20250524,동대문역사문화공원,충정로(경기대입구),16,12
20250524,동대문역사문화공원,충정로(경기대입구),17,8
20250524,동대문역사문화공원,충정로(경기대입구),18,9
20250524,동대문역사문화공원,충정로(경기대입구),19,8
20250524,동대문역사문화공원,충정로(경기대입구),20,9
20250524,동대문역사문화공원,충정로(경기대입구),21,5
20250524,동대문역사문화공원,충정로(경기대입구),22,5
20250524,동대문역사문화공원,충정로(경기대입구),23,1
20250524,동대문역사문화공원,한양대,5,1
20250524,동대문역사문화공원,한양대,7,2
20250524,동대문역사문화공원,한양대,9,4
20250524,동대문역사문화공원,한양대,10,4
20250524,동대문역사문화공원,한양대,11,4
20250524,동대문역사문화공원,한양대,12,5
20250524,동대문역사문화공원,한양대,13,2
20250524,동대문역사문화공원,한양대,14,6
20250524,동대문역사문화공원,한양대,15,8
20250524,동대문역사문화공원,한양대,16,10
20250524,동대문역사문화공원,한양대,17,8
20250524,동대문역사문화공원,한양대,18,3
20250524,동대문역사문화공원,한양대,19,3
20250524,동대문역사문화공원,한양대,20,3
20250524,동대문역사문화공원,한양대,21,4
20250524,동대문역사문화공원,한양대,23,1
20250524,동대문역사문화공원,합정,5,1
20250524,동대문역사문화공원,합정,7,4
20250524,동대문역사문화공원,합정,9,9
20250524,동대문역사문화공원,합정,10,5
20250524,동대문역사문화공원,합정,11,14
20250524,동대문역사문화공원,합정,12,13
20250524,동대문역사문화공원,합정,13,13
20250524,동대문역사문화공원,합정,14,30
20250524,동대문역사문화공원,합정,15,24
20250524,동대문역사문화공원,합정,16,42
20250524,동대문역사문화공원,합정,17,29
20250524,동대문역사문화공원,합정,18,21
20250524,동대문역사문화공원,합정,19,19
20250524,동대문역사문화공원,합정,20,13
20250524,동대문역사문화공원,합정,21,10
20250524,동대문역사문화공원,합정,22,10
20250524,동대문역사문화공원,합정,23,6
20250524,동대문역사문화공원,홍대입구,5,7
20250524,동대문역사문화공원,홍대입구,6,3
20250524,동대문역사문화공원,홍대입구,7,3
20250524,동대문역사문화공원,홍대입구,8,14
20250524,동대문역사문화공원,홍대입구,9,25
20250524,동대문역사문화공원,홍대입구,10,65
20250524,동대문역사문화공원,홍대입구,11,84
20250524,동대문역사문화공원,홍대입구,12,79
20250524,동대문역사문화공원,홍대입구,13,77
20250524,동대문역사문화공원,홍대입구,14,96
20250524,동대문역사문화공원,홍대입구,15,106
20250524,동대문역사문화공원,홍대입구,16,126
20250524,동대문역사문화공원,홍대입구,17,141
20250524,동대문역사문화공원,홍대입구,18,136
20250524,동대문역사문화공원,홍대입구,19,115
20250524,동대문역사문화공원,홍대입구,20,100
20250524,동대문역사문화공원,홍대입구,21,57
20250524,동대문역사문화공원,홍대입구,22,69
20250524,동대문역사문화공원,홍대입구,23,35
20250524,뚝섬,강남,5,4
20250524,뚝섬,강남,6,1
20250524,뚝섬,강남,7,4
20250524,뚝섬,강남,8,8
20250524,뚝섬,강남,9,14
20250524,뚝섬,강남,10,8
20250524,뚝섬,강남,11,5
20250524,뚝섬,강남,12,10
20250524,뚝섬,강남,13,26
20250524,뚝섬,강남,14,15
20250524,뚝섬,강남,15,34
20250524,뚝섬,강남,16,28
20250524,뚝섬,강남,17,33
20250524,뚝섬,강남,18,26
20250524,뚝섬,강남,19,51
20250524,뚝섬,강남,20,40
20250524,뚝섬,강남,21,32
20250524,뚝섬,강남,22,20
20250524,뚝섬,강남,23,6
20250524,뚝섬,강변(동서울터미널),5,3
20250524,뚝섬,강변(동서울터미널),6,15
20250524,뚝섬,강변(동서울터미널),7,10
20250524,뚝섬,강변(동서울터미널),8,15
20250524,뚝섬,강변(동서울터미널),9,12
20250524,뚝섬,강변(동서울터미널),10,17
20250524,뚝섬,강변(동서울터미널),11,16
20250524,뚝섬,강변(동서울터미널),12,26
20250524,뚝섬,강변(동서울터미널),13,17
20250524,뚝섬,강변(동서울터미널),14,38
20250524,뚝섬,강변(동서울터미널),15,30
20250524,뚝섬,강변(동서울터미널),16,43
20250524,뚝섬,강변(동서울터미널),17,53
20250524,뚝섬,강변(동서울터미널),18,58
20250524,뚝섬,강변(동서울터미널),19,41
20250524,뚝섬,강변(동서울터미널),20,40
20250524,뚝섬,강변(동서울터미널),21,41
20250524,뚝섬,강변(동서울터미널),22,23
20250524,뚝섬,강변(동서울터미널),23,3
20250524,뚝섬,건대입구,5,4
20250524,뚝섬,건대입구,6,4
20250524,뚝섬,건대입구,7,5
20250524,뚝섬,건대입구,8,17
20250524,뚝섬,건대입구,9,28
20250524,뚝섬,건대입구,10,26
20250524,뚝섬,건대입구,11,42
20250524,뚝섬,건대입구,12,51
20250524,뚝섬,건대입구,13,79
20250524,뚝섬,건대입구,14,59
20250524,뚝섬,건대입구,15,89
20250524,뚝섬,건대입구,16,104
20250524,뚝섬,건대입구,17,125
20250524,뚝섬,건대입구,18,116
20250524,뚝섬,건대입구,19,122
20250524,뚝섬,건대입구,20,126
20250524,뚝섬,건대입구,21,84
20250524,뚝섬,건대입구,22,54
20250524,뚝섬,건대입구,23,11
20250524,뚝섬,교대(법원.검찰청),6,2
20250524,뚝섬,교대(법원.검찰청),7,2
20250524,뚝섬,교대(법원.검찰청),8,2
20250524,뚝섬,교대(법원.검찰청),9,3
20250524,뚝섬,교대(법원.검찰청),10,1
20250524,뚝섬,교대(법원.검찰청),11,3
20250524,뚝섬,교대(법원.검찰청),12,2
20250524,뚝섬,교대(법원.검찰청),13,1
20250524,뚝섬,교대(법원.검찰청),14,3
20250524,뚝섬,교대(법원.검찰청),15,2
20250524,뚝섬,교대(법원.검찰청),16,3
20250524,뚝섬,교대(법원.검찰청),17,4
20250524,뚝섬,교대(법원.검찰청),18,3
20250524,뚝섬,교대(법원.검찰청),19,4
20250524,뚝섬,교대(법원.검찰청),20,11
20250524,뚝섬,교대(법원.검찰청),21,9
20250524,뚝섬,교대(법원.검찰청),22,5
20250524,뚝섬,구로디지털단지,7,2
20250524,뚝섬,구로디지털단지,9,2
20250524,뚝섬,구로디지털단지,10,2
20250524,뚝섬,구로디지털단지,11,3
20250524,뚝섬,구로디지털단지,12,2
20250524,뚝섬,구로디지털단지,13,8
20250524,뚝섬,구로디지털단지,14,2
20250524,뚝섬,구로디지털단지,15,4
20250524,뚝섬,구로디지털단지,16,15
20250524,뚝섬,구로디지털단지,17,19
20250524,뚝섬,구로디지털단지,18,12
20250524,뚝섬,구로디지털단지,19,12
20250524,뚝섬,구로디지털단지,20,17
20250524,뚝섬,구로디지털단지,21,17
20250524,뚝섬,구로디지털단지,22,7
20250524,뚝섬,구로디지털단지,23,1
20250524,뚝섬,구의(광진구청),5,2
20250524,뚝섬,구의(광진구청),6,6
20250524,뚝섬,구의(광진구청),7,8
20250524,뚝섬,구의(광진구청),8,9
20250524,뚝섬,구의(광진구청),9,23
20250524,뚝섬,구의(광진구청),10,19
20250524,뚝섬,구의(광진구청),11,26
20250524,뚝섬,구의(광진구청),12,29
20250524,뚝섬,구의(광진구청),13,44
20250524,뚝섬,구의(광진구청),14,34
20250524,뚝섬,구의(광진구청),15,57
20250524,뚝섬,구의(광진구청),16,45
20250524,뚝섬,구의(광진구청),17,68
20250524,뚝섬,구의(광진구청),18,43
20250524,뚝섬,구의(광진구청),19,49
20250524,뚝섬,구의(광진구청),20,38
20250524,뚝섬,구의(광진구청),21,36
20250524,뚝섬,구의(광진구청),22,28
20250524,뚝섬,구의(광진구청),23,5
20250524,뚝섬,낙성대,5,1
20250524,뚝섬,낙성대,7,2
20250524,뚝섬,낙성대,10,1
20250524,뚝섬,낙성대,11,1
20250524,뚝섬,낙성대,13,3
20250524,뚝섬,낙성대,14,3
20250524,뚝섬,낙성대,15,5
20250524,뚝섬,낙성대,16,2
20250524,뚝섬,낙성대,17,6
20250524,뚝섬,낙성대,18,9
20250524,뚝섬,낙성대,19,8
20250524,뚝섬,낙성대,20,8
20250524,뚝섬,낙성대,21,19
20250524,뚝섬,낙성대,22,10
20250524,뚝섬,낙성대,23,1
20250524,뚝섬,당산,5,2
20250524,뚝섬,당산,6,1
20250524,뚝섬,당산,7,3
20250524,뚝섬,당산,8,1
20250524,뚝섬,당산,9,7
20250524,뚝섬,당산,11,2
20250524,뚝섬,당산,12,4
20250524,뚝섬,당산,14,6
20250524,뚝섬,당산,15,8
20250524,뚝섬,당산,16,5
20250524,뚝섬,당산,17,4
20250524,뚝섬,당산,18,11
20250524,뚝섬,당산,19,12
20250524,뚝섬,당산,20,11
20250524,뚝섬,당산,21,8
20250524,뚝섬,당산,22,5
20250524,뚝섬,당산,23,5
20250524,뚝섬,대림(구로구청),5,1
20250524,뚝섬,대림(구로구청),9,1
20250524,뚝섬,대림(구로구청),10,2
20250524,뚝섬,대림(구로구청),12,2
20250524,뚝섬,대림(구로구청),13,1
20250524,뚝섬,대림(구로구청),15,6
20250524,뚝섬,대림(구로구청),16,2
20250524,뚝섬,대림(구로구청),17,2
20250524,뚝섬,대림(구로구청),18,1
20250524,뚝섬,대림(구로구청),19,3
20250524,뚝섬,대림(구로구청),20,8
20250524,뚝섬,대림(구로구청),21,3
20250524,뚝섬,대림(구로구청),22,2
20250524,뚝섬,대림(구로구청),23,1
20250524,뚝섬,동대문역사문화공원,5,4
20250524,뚝섬,동대문역사문화공원,6,3
20250524,뚝섬,동대문역사문화공원,7,2
20250524,뚝섬,동대문역사문화공원,8,4
20250524,뚝섬,동대문역사문화공원,9,5
20250524,뚝섬,동대문역사문화공원,10,11
20250524,뚝섬,동대문역사문화공원,11,23
20250524,뚝섬,동대문역사문화공원,12,21
20250524,뚝섬,동대문역사문화공원,13,33
20250524,뚝섬,동대문역사문화공원,14,18
20250524,뚝섬,동대문역사문화공원,15,40
20250524,뚝섬,동대문역사문화공원,16,39
20250524,뚝섬,동대문역사문화공원,17,34
20250524,뚝섬,동대문역사문화공원,18,13
20250524,뚝섬,동대문역사문화공원,19,39
20250524,뚝섬,동대문역사문화공원,20,44
20250524,뚝섬,동대문역사문화공원,21,11
20250524,뚝섬,동대문역사문화공원,22,5
20250524,뚝섬,동대문역사문화공원,23,4
20250524,뚝섬,뚝섬,5,1
20250524,뚝섬,뚝섬,6,2
20250524,뚝섬,뚝섬,7,3
20250524,뚝섬,뚝섬,8,2
20250524,뚝섬,뚝섬,9,9
20250524,뚝섬,뚝섬,10,9
20250524,뚝섬,뚝섬,11,12
20250524,뚝섬,뚝섬,12,23
20250524,뚝섬,뚝섬,13,29
20250524,뚝섬,뚝섬,14,36
20250524,뚝섬,뚝섬,15,47
20250524,뚝섬,뚝섬,16,47
20250524,뚝섬,뚝섬,17,39
20250524,뚝섬,뚝섬,18,38
20250524,뚝섬,뚝섬,19,32
20250524,뚝섬,뚝섬,20,42
20250524,뚝섬,뚝섬,21,30
20250524,뚝섬,뚝섬,22,32
20250524,뚝섬,뚝섬,23,10
20250524,뚝섬,문래,8,1
20250524,뚝섬,문래,9,1
20250524,뚝섬,문래,10,4
20250524,뚝섬,문래,11,1
20250524,뚝섬,문래,12,4
20250524,뚝섬,문래,13,1
20250524,뚝섬,문래,14,4
20250524,뚝섬,문래,15,1
20250524,뚝섬,문래,16,7
20250524,뚝섬,문래,17,9
20250524,뚝섬,문래,18,4
20250524,뚝섬,문래,19,3
20250524,뚝섬,문래,20,3
20250524,뚝섬,문래,21,5
20250524,뚝섬,문래,22,5
20250524,뚝섬,문래,23,2
20250524,뚝섬,방배,6,1
20250524,뚝섬,방배,8,1
20250524,뚝섬,방배,9,5
20250524,뚝섬,방배,11,2
20250524,뚝섬,방배,13,2
20250524,뚝섬,방배,16,5
20250524,뚝섬,방배,17,3
20250524,뚝섬,방배,18,2
20250524,뚝섬,방배,19,3
20250524,뚝섬,방배,20,2
20250524,뚝섬,방배,21,4
20250524,뚝섬,방배,22,3
20250524,뚝섬,봉천,5,1
20250524,뚝섬,봉천,6,2
20250524,뚝섬,봉천,8,1
20250524,뚝섬,봉천,11,1
20250524,뚝섬,봉천,12,1
20250524,뚝섬,봉천,13,1
20250524,뚝섬,봉천,14,5
20250524,뚝섬,봉천,15,4
20250524,뚝섬,봉천,16,7
20250524,뚝섬,봉천,17,5
20250524,뚝섬,봉천,18,4
20250524,뚝섬,봉천,19,6
20250524,뚝섬,봉천,20,3
20250524,뚝섬,봉천,21,6
20250524,뚝섬,봉천,22,5
20250524,뚝섬,봉천,23,1
20250524,뚝섬,사당,5,2
20250524,뚝섬,사당,6,2
20250524,뚝섬,사당,7,2
20250524,뚝섬,사당,8,1
20250524,뚝섬,사당,9,4
20250524,뚝섬,사당,10,3
20250524,뚝섬,사당,11,2
20250524,뚝섬,사당,12,4
20250524,뚝섬,사당,13,5
20250524,뚝섬,사당,14,10
20250524,뚝섬,사당,15,12
20250524,뚝섬,사당,16,23
20250524,뚝섬,사당,17,19
20250524,뚝섬,사당,18,17
20250524,뚝섬,사당,19,18
20250524,뚝섬,사당,20,30
20250524,뚝섬,사당,21,33
20250524,뚝섬,사당,22,21
20250524,뚝섬,사당,23,3
20250524,뚝섬,삼성(무역센터),5,2
20250524,뚝섬,삼성(무역센터),7,1
20250524,뚝섬,삼성(무역센터),8,2
20250524,뚝섬,삼성(무역센터),9,5
20250524,뚝섬,삼성(무역센터),10,7
20250524,뚝섬,삼성(무역센터),11,9
20250524,뚝섬,삼성(무역센터),12,10
20250524,뚝섬,삼성(무역센터),13,19
20250524,뚝섬,삼성(무역센터),14,12
20250524,뚝섬,삼성(무역센터),15,27
20250524,뚝섬,삼성(무역센터),16,14
20250524,뚝섬,삼성(무역센터),17,18
20250524,뚝섬,삼성(무역센터),18,7
20250524,뚝섬,삼성(무역센터),19,6
20250524,뚝섬,삼성(무역센터),20,4
20250524,뚝섬,삼성(무역센터),21,2
20250524,뚝섬,삼성(무역센터),22,6
20250524,뚝섬,삼성(무역센터),23,6
20250524,뚝섬,상왕십리,5,2
20250524,뚝섬,상왕십리,6,3
20250524,뚝섬,상왕십리,7,8
20250524,뚝섬,상왕십리,8,12
20250524,뚝섬,상왕십리,9,9
20250524,뚝섬,상왕십리,10,8
20250524,뚝섬,상왕십리,11,16
20250524,뚝섬,상왕십리,12,14
20250524,뚝섬,상왕십리,13,18
20250524,뚝섬,상왕십리,14,11
20250524,뚝섬,상왕십리,15,23
20250524,뚝섬,상왕십리,16,14
20250524,뚝섬,상왕십리,17,15
20250524,뚝섬,상왕십리,18,11
20250524,뚝섬,상왕십리,19,26
20250524,뚝섬,상왕십리,20,24
20250524,뚝섬,상왕십리,21,17
20250524,뚝섬,상왕십리,22,12
20250524,뚝섬,상왕십리,23,8
20250524,뚝섬,서울대입구(관악구청),6,1
20250524,뚝섬,서울대입구(관악구청),7,3
20250524,뚝섬,서울대입구(관악구청),9,1
20250524,뚝섬,서울대입구(관악구청),10,1
20250524,뚝섬,서울대입구(관악구청),12,2
20250524,뚝섬,서울대입구(관악구청),13,4
20250524,뚝섬,서울대입구(관악구청),14,4
20250524,뚝섬,서울대입구(관악구청),15,4
20250524,뚝섬,서울대입구(관악구청),16,9
20250524,뚝섬,서울대입구(관악구청),17,7
20250524,뚝섬,서울대입구(관악구청),18,7
20250524,뚝섬,서울대입구(관악구청),19,13
20250524,뚝섬,서울대입구(관악구청),20,12
20250524,뚝섬,서울대입구(관악구청),21,12
20250524,뚝섬,서울대입구(관악구청),22,10
20250524,뚝섬,서울대입구(관악구청),23,2
20250524,뚝섬,서초,5,3
20250524,뚝섬,서초,6,1
20250524,뚝섬,서초,7,3
20250524,뚝섬,서초,8,1
20250524,뚝섬,서초,9,2
20250524,뚝섬,서초,11,1
20250524,뚝섬,서초,12,2
20250524,뚝섬,서초,13,2
20250524,뚝섬,서초,15,4
20250524,뚝섬,서초,17,2
20250524,뚝섬,서초,18,3
20250524,뚝섬,서초,19,1
20250524,뚝섬,서초,20,1
20250524,뚝섬,서초,21,3
20250524,뚝섬,서초,22,2
20250524,뚝섬,선릉,5,2
20250524,뚝섬,선릉,6,1
20250524,뚝섬,선릉,7,1
20250524,뚝섬,선릉,9,4
20250524,뚝섬,선릉,10,3
20250524,뚝섬,선릉,11,7
20250524,뚝섬,선릉,12,9
20250524,뚝섬,선릉,13,3
20250524,뚝섬,선릉,14,4
20250524,뚝섬,선릉,15,8
20250524,뚝섬,선릉,16,5
20250524,뚝섬,선릉,17,6
20250524,뚝섬,선릉,18,3
20250524,뚝섬,선릉,19,4
20250524,뚝섬,선릉,20,4
20250524,뚝섬,선릉,21,1
20250524,뚝섬,선릉,22,2
20250524,뚝섬,성수,5,2
20250524,뚝섬,성수,6,2
20250524,뚝섬,성수,7,6
20250524,뚝섬,성수,8,12
20250524,뚝섬,성수,9,7
20250524,뚝섬,성수,10,28
20250524,뚝섬,성수,11,47
20250524,뚝섬,성수,12,46
20250524,뚝섬,성수,13,94
20250524,뚝섬,성수,14,73
20250524,뚝섬,성수,15,84
20250524,뚝섬,성수,16,80
20250524,뚝섬,성수,17,101
20250524,뚝섬,성수,18,58
20250524,뚝섬,성수,19,82
20250524,뚝섬,성수,20,38
20250524,뚝섬,성수,21,12
20250524,뚝섬,성수,22,4
20250524,뚝섬,성수,23,9
20250524,뚝섬,시청,6,4
20250524,뚝섬,시청,7,3
20250524,뚝섬,시청,8,2
20250524,뚝섬,시청,9,4
20250524,뚝섬,시청,10,5
20250524,뚝섬,시청,11,9
20250524,뚝섬,시청,12,10
20250524,뚝섬,시청,13,10
20250524,뚝섬,시청,14,10
20250524,뚝섬,시청,15,16
20250524,뚝섬,시청,16,12
20250524,뚝섬,시청,17,17
20250524,뚝섬,시청,18,24
20250524,뚝섬,시청,19,11
20250524,뚝섬,시청,20,2
20250524,뚝섬,시청,21,12
20250524,뚝섬,시청,22,4
20250524,뚝섬,시청,23,2
20250524,뚝섬,신당,5,2
20250524,뚝섬,신당,6,6
20250524,뚝섬,신당,7,4
20250524,뚝섬,신당,8,6
20250524,뚝섬,신당,9,5
20250524,뚝섬,신당,10,12
20250524,뚝섬,신당,11,16
20250524,뚝섬,신당,12,9
20250524,뚝섬,신당,13,26
20250524,뚝섬,신당,14,21
20250524,뚝섬,신당,15,16
20250524,뚝섬,신당,16,35
20250524,뚝섬,신당,17,24
20250524,뚝섬,신당,18,14
20250524,뚝섬,신당,19,18
20250524,뚝섬,신당,20,17
20250524,뚝섬,신당,21,12
20250524,뚝섬,신당,22,11
20250524,뚝섬,신당,23,6
20250524,뚝섬,신대방,5,1
20250524,뚝섬,신대방,8,1
20250524,뚝섬,신대방,9,1
20250524,뚝섬,신대방,11,2
20250524,뚝섬,신대방,12,1
20250524,뚝섬,신대방,13,3
20250524,뚝섬,신대방,14,4
20250524,뚝섬,신대방,15,8
20250524,뚝섬,신대방,16,2
20250524,뚝섬,신대방,17,3
20250524,뚝섬,신대방,18,5
20250524,뚝섬,신대방,19,6
20250524,뚝섬,신대방,20,5
20250524,뚝섬,신대방,21,12
20250524,뚝섬,신대방,22,1
20250524,뚝섬,신도림,6,2
20250524,뚝섬,신도림,8,1
20250524,뚝섬,신도림,9,3
20250524,뚝섬,신도림,10,1
20250524,뚝섬,신도림,11,2
20250524,뚝섬,신도림,12,4
20250524,뚝섬,신도림,13,9
20250524,뚝섬,신도림,14,5
20250524,뚝섬,신도림,15,10
20250524,뚝섬,신도림,16,14
20250524,뚝섬,신도림,17,16
20250524,뚝섬,신도림,18,9
20250524,뚝섬,신도림,19,15
20250524,뚝섬,신도림,20,24
20250524,뚝섬,신도림,21,18
20250524,뚝섬,신도림,22,5
20250524,뚝섬,신도림,23,9
20250524,뚝섬,신림,7,2
20250524,뚝섬,신림,9,1
20250524,뚝섬,신림,10,1
20250524,뚝섬,신림,11,2
20250524,뚝섬,신림,12,3
20250524,뚝섬,신림,13,5
20250524,뚝섬,신림,14,3
20250524,뚝섬,신림,15,3
20250524,뚝섬,신림,16,10
20250524,뚝섬,신림,17,25
20250524,뚝섬,신림,18,12
20250524,뚝섬,신림,19,24
20250524,뚝섬,신림,20,11
20250524,뚝섬,신림,21,14
20250524,뚝섬,신림,22,15
20250524,뚝섬,신림,23,2
20250524,뚝섬,신촌,6,3
20250524,뚝섬,신촌,7,1
20250524,뚝섬,신촌,8,7
20250524,뚝섬,신촌,9,1
20250524,뚝섬,신촌,10,11
20250524,뚝섬,신촌,11,10
20250524,뚝섬,신촌,12,14
20250524,뚝섬,신촌,13,20
20250524,뚝섬,신촌,14,12
20250524,뚝섬,신촌,15,21
20250524,뚝섬,신촌,16,23
20250524,뚝섬,신촌,17,36
20250524,뚝섬,신촌,18,28
20250524,뚝섬,신촌,19,30
20250524,뚝섬,신촌,20,17
20250524,뚝섬,신촌,21,21
20250524,뚝섬,신촌,22,12
20250524,뚝섬,신촌,23,9
20250524,뚝섬,아현,6,2
20250524,뚝섬,아현,7,3
20250524,뚝섬,아현,8,3
20250524,뚝섬,아현,9,4
20250524,뚝섬,아현,10,1
20250524,뚝섬,아현,11,1
20250524,뚝섬,아현,12,1
20250524,뚝섬,아현,13,3
20250524,뚝섬,아현,14,2
20250524,뚝섬,아현,15,7
20250524,뚝섬,아현,16,8
20250524,뚝섬,아현,17,11
20250524,뚝섬,아현,18,5
20250524,뚝섬,아현,19,7
20250524,뚝섬,아현,20,14
20250524,뚝섬,아현,21,3
20250524,뚝섬,아현,22,5
20250524,뚝섬,아현,23,3
20250524,뚝섬,역삼,5,1
20250524,뚝섬,역삼,7,1
20250524,뚝섬,역삼,8,2
20250524,뚝섬,역삼,9,3
20250524,뚝섬,역삼,10,3
20250524,뚝섬,역삼,11,1
20250524,뚝섬,역삼,12,6
20250524,뚝섬,역삼,13,5
20250524,뚝섬,역삼,14,3
20250524,뚝섬,역삼,15,8
20250524,뚝섬,역삼,16,11
20250524,뚝섬,역삼,17,9
20250524,뚝섬,역삼,18,3
20250524,뚝섬,역삼,19,2
20250524,뚝섬,역삼,20,12
20250524,뚝섬,역삼,21,11
20250524,뚝섬,역삼,22,5
20250524,뚝섬,역삼,23,1
20250524,뚝섬,영등포구청,9,2
20250524,뚝섬,영등포구청,10,1
20250524,뚝섬,영등포구청,11,3
20250524,뚝섬,영등포구청,12,1
20250524,뚝섬,영등포구청,13,4
20250524,뚝섬,영등포구청,14,6
20250524,뚝섬,영등포구청,15,5
20250524,뚝섬,영등포구청,16,7
20250524,뚝섬,영등포구청,17,2
20250524,뚝섬,영등포구청,18,5
20250524,뚝섬,영등포구청,19,7
20250524,뚝섬,영등포구청,20,14
20250524,뚝섬,영등포구청,21,5
20250524,뚝섬,영등포구청,22,3
20250524,뚝섬,영등포구청,23,2
20250524,뚝섬,왕십리(성동구청),6,4
20250524,뚝섬,왕십리(성동구청),7,1
20250524,뚝섬,왕십리(성동구청),8,14
20250524,뚝섬,왕십리(성동구청),9,10
20250524,뚝섬,왕십리(성동구청),10,15
20250524,뚝섬,왕십리(성동구청),11,23
20250524,뚝섬,왕십리(성동구청),12,6
20250524,뚝섬,왕십리(성동구청),13,20
20250524,뚝섬,왕십리(성동구청),14,19
20250524,뚝섬,왕십리(성동구청),15,36
20250524,뚝섬,왕십리(성동구청),16,22
20250524,뚝섬,왕십리(성동구청),17,35
20250524,뚝섬,왕십리(성동구청),18,37
20250524,뚝섬,왕십리(성동구청),19,44
20250524,뚝섬,왕십리(성동구청),20,38
20250524,뚝섬,왕십리(성동구청),21,20
20250524,뚝섬,왕십리(성동구청),22,13
20250524,뚝섬,왕십리(성동구청),23,7
20250524,뚝섬,용두(동대문구청),8,1
20250524,뚝섬,용두(동대문구청),9,4
20250524,뚝섬,용두(동대문구청),10,4
20250524,뚝섬,용두(동대문구청),11,3
20250524,뚝섬,용두(동대문구청),12,3
20250524,뚝섬,용두(동대문구청),13,5
20250524,뚝섬,용두(동대문구청),14,3
20250524,뚝섬,용두(동대문구청),15,5
20250524,뚝섬,용두(동대문구청),16,2
20250524,뚝섬,용두(동대문구청),17,3
20250524,뚝섬,용두(동대문구청),18,3
20250524,뚝섬,용두(동대문구청),19,1
20250524,뚝섬,용두(동대문구청),20,9
20250524,뚝섬,용두(동대문구청),21,4
20250524,뚝섬,용두(동대문구청),22,2
20250524,뚝섬,용두(동대문구청),23,2
20250524,뚝섬,을지로3가,5,3
20250524,뚝섬,을지로3가,6,3
20250524,뚝섬,을지로3가,7,3
20250524,뚝섬,을지로3가,8,5
20250524,뚝섬,을지로3가,9,6
20250524,뚝섬,을지로3가,10,5
20250524,뚝섬,을지로3가,11,9
20250524,뚝섬,을지로3가,12,15
20250524,뚝섬,을지로3가,13,17
20250524,뚝섬,을지로3가,14,24
20250524,뚝섬,을지로3가,15,20
20250524,뚝섬,을지로3가,16,39
20250524,뚝섬,을지로3가,17,40
20250524,뚝섬,을지로3가,18,28
20250524,뚝섬,을지로3가,19,36
20250524,뚝섬,을지로3가,20,34
20250524,뚝섬,을지로3가,21,14
20250524,뚝섬,을지로3가,22,17
20250524,뚝섬,을지로3가,23,2
20250524,뚝섬,을지로4가,5,2
20250524,뚝섬,을지로4가,6,6
20250524,뚝섬,을지로4가,7,5
20250524,뚝섬,을지로4가,8,7
20250524,뚝섬,을지로4가,9,7
20250524,뚝섬,을지로4가,10,6
20250524,뚝섬,을지로4가,11,10
20250524,뚝섬,을지로4가,12,9
20250524,뚝섬,을지로4가,13,17
20250524,뚝섬,을지로4가,14,12
20250524,뚝섬,을지로4가,15,13
20250524,뚝섬,을지로4가,16,31
20250524,뚝섬,을지로4가,17,13
20250524,뚝섬,을지로4가,18,22
20250524,뚝섬,을지로4가,19,9
20250524,뚝섬,을지로4가,20,9
20250524,뚝섬,을지로4가,21,7
20250524,뚝섬,을지로4가,22,1
20250524,뚝섬,을지로입구,5,2
20250524,뚝섬,을지로입구,6,3
20250524,뚝섬,을지로입구,7,4
20250524,뚝섬,을지로입구,8,7
20250524,뚝섬,을지로입구,9,11
20250524,뚝섬,을지로입구,10,17
20250524,뚝섬,을지로입구,11,27
20250524,뚝섬,을지로입구,12,24
20250524,뚝섬,을지로입구,13,43
20250524,뚝섬,을지로입구,14,26
20250524,뚝섬,을지로입구,15,54
20250524,뚝섬,을지로입구,16,92
20250524,뚝섬,을지로입구,17,84
20250524,뚝섬,을지로입구,18,66
20250524,뚝섬,을지로입구,19,40
20250524,뚝섬,을지로입구,20,41
20250524,뚝섬,을지로입구,21,19
20250524,뚝섬,을지로입구,22,18
20250524,뚝섬,을지로입구,23,4
20250524,뚝섬,이대,6,1
20250524,뚝섬,이대,7,1
20250524,뚝섬,이대,8,2
20250524,뚝섬,이대,9,4
20250524,뚝섬,이대,10,3
20250524,뚝섬,이대,11,9
20250524,뚝섬,이대,12,5
20250524,뚝섬,이대,13,3
20250524,뚝섬,이대,14,4
20250524,뚝섬,이대,15,10
20250524,뚝섬,이대,16,16
20250524,뚝섬,이대,17,11
20250524,뚝섬,이대,18,18
20250524,뚝섬,이대,19,13
20250524,뚝섬,이대,20,12
20250524,뚝섬,이대,21,13
20250524,뚝섬,이대,22,6
20250524,뚝섬,이대,23,5
20250524,뚝섬,잠실(송파구청),5,1
20250524,뚝섬,잠실(송파구청),6,13
20250524,뚝섬,잠실(송파구청),7,9
20250524,뚝섬,잠실(송파구청),8,5
20250524,뚝섬,잠실(송파구청),9,18
20250524,뚝섬,잠실(송파구청),10,22
20250524,뚝섬,잠실(송파구청),11,26
20250524,뚝섬,잠실(송파구청),12,51
20250524,뚝섬,잠실(송파구청),13,55
20250524,뚝섬,잠실(송파구청),14,73
20250524,뚝섬,잠실(송파구청),15,118
20250524,뚝섬,잠실(송파구청),16,104
20250524,뚝섬,잠실(송파구청),17,129
20250524,뚝섬,잠실(송파구청),18,92
20250524,뚝섬,잠실(송파구청),19,79
20250524,뚝섬,잠실(송파구청),20,107
20250524,뚝섬,잠실(송파구청),21,79
20250524,뚝섬,잠실(송파구청),22,40
20250524,뚝섬,잠실(송파구청),23,23
20250524,뚝섬,잠실나루,5,2
20250524,뚝섬,잠실나루,6,1
20250524,뚝섬,잠실나루,7,2
20250524,뚝섬,잠실나루,9,3
20250524,뚝섬,잠실나루,10,4
20250524,뚝섬,잠실나루,11,4
20250524,뚝섬,잠실나루,12,9
20250524,뚝섬,잠실나루,13,5
20250524,뚝섬,잠실나루,14,4
20250524,뚝섬,잠실나루,15,16
20250524,뚝섬,잠실나루,16,7
20250524,뚝섬,잠실나루,17,7
20250524,뚝섬,잠실나루,18,8
20250524,뚝섬,잠실나루,19,10
20250524,뚝섬,잠실나루,20,15
20250524,뚝섬,잠실나루,21,8
20250524,뚝섬,잠실나루,22,12
20250524,뚝섬,잠실나루,23,1
20250524,뚝섬,잠실새내,5,1
20250524,뚝섬,잠실새내,6,2
20250524,뚝섬,잠실새내,7,2
20250524,뚝섬,잠실새내,8,4
20250524,뚝섬,잠실새내,9,4
20250524,뚝섬,잠실새내,10,5
20250524,뚝섬,잠실새내,11,5
20250524,뚝섬,잠실새내,12,4
20250524,뚝섬,잠실새내,13,5
20250524,뚝섬,잠실새내,14,8
20250524,뚝섬,잠실새내,15,21
20250524,뚝섬,잠실새내,16,21
20250524,뚝섬,잠실새내,17,21
20250524,뚝섬,잠실새내,18,16
20250524,뚝섬,잠실새내,19,20
20250524,뚝섬,잠실새내,20,22
20250524,뚝섬,잠실새내,21,10
20250524,뚝섬,잠실새내,22,19
20250524,뚝섬,잠실새내,23,7
20250524,뚝섬,종합운동장,6,6
20250524,뚝섬,종합운동장,7,1
20250524,뚝섬,종합운동장,8,1
20250524,뚝섬,종합운동장,9,5
20250524,뚝섬,종합운동장,10,2
20250524,뚝섬,종합운동장,11,2
20250524,뚝섬,종합운동장,12,3
20250524,뚝섬,종합운동장,13,3
20250524,뚝섬,종합운동장,14,6
20250524,뚝섬,종합운동장,15,26
20250524,뚝섬,종합운동장,16,31
20250524,뚝섬,종합운동장,17,1
20250524,뚝섬,종합운동장,19,3
20250524,뚝섬,종합운동장,20,3
20250524,뚝섬,종합운동장,21,5
20250524,뚝섬,종합운동장,22,1
20250524,뚝섬,종합운동장,23,1
20250524,뚝섬,충정로(경기대입구),7,1
20250524,뚝섬,충정로(경기대입구),8,4
20250524,뚝섬,충정로(경기대입구),9,2
20250524,뚝섬,충정로(경기대입구),11,1
20250524,뚝섬,충정로(경기대입구),13,6
20250524,뚝섬,충정로(경기대입구),14,7
20250524,뚝섬,충정로(경기대입구),15,12
20250524,뚝섬,충정로(경기대입구),16,16
20250524,뚝섬,충정로(경기대입구),17,9
20250524,뚝섬,충정로(경기대입구),18,5
20250524,뚝섬,충정로(경기대입구),19,4
20250524,뚝섬,충정로(경기대입구),20,5
20250524,뚝섬,충정로(경기대입구),21,4
20250524,뚝섬,충정로(경기대입구),22,6
20250524,뚝섬,충정로(경기대입구),23,1
20250524,뚝섬,한양대,6,2
20250524,뚝섬,한양대,7,2
20250524,뚝섬,한양대,8,10
20250524,뚝섬,한양대,9,8
20250524,뚝섬,한양대,10,5
20250524,뚝섬,한양대,11,4
20250524,뚝섬,한양대,12,6
20250524,뚝섬,한양대,13,8
20250524,뚝섬,한양대,14,8
20250524,뚝섬,한양대,15,6
20250524,뚝섬,한양대,16,8
20250524,뚝섬,한양대,17,5
20250524,뚝섬,한양대,18,16
20250524,뚝섬,한양대,19,14
20250524,뚝섬,한양대,20,5
20250524,뚝섬,한양대,21,12
20250524,뚝섬,한양대,22,6
20250524,뚝섬,한양대,23,1
20250524,뚝섬,합정,5,2
20250524,뚝섬,합정,6,3
20250524,뚝섬,합정,7,1
20250524,뚝섬,합정,8,3
20250524,뚝섬,합정,9,6
20250524,뚝섬,합정,10,5
20250524,뚝섬,합정,11,5
20250524,뚝섬,합정,12,14
20250524,뚝섬,합정,13,11
20250524,뚝섬,합정,14,15
20250524,뚝섬,합정,15,24
20250524,뚝섬,합정,16,24
20250524,뚝섬,합정,17,23
20250524,뚝섬,합정,18,23
20250524,뚝섬,합정,19,22
20250524,뚝섬,합정,20,21
20250524,뚝섬,합정,21,12
20250524,뚝섬,합정,22,17
20250524,뚝섬,합정,23,2
20250524,뚝섬,홍대입구,5,2
20250524,뚝섬,홍대입구,6,5
20250524,뚝섬,홍대입구,7,1
20250524,뚝섬,홍대입구,8,4
20250524,뚝섬,홍대입구,9,6
20250524,뚝섬,홍대입구,10,21
20250524,뚝섬,홍대입구,11,20
20250524,뚝섬,홍대입구,12,33
20250524,뚝섬,홍대입구,13,46
20250524,뚝섬,홍대입구,14,69
20250524,뚝섬,홍대입구,15,65
20250524,뚝섬,홍대입구,16,73
20250524,뚝섬,홍대입구,17,80
20250524,뚝섬,홍대입구,18,68
20250524,뚝섬,홍대입구,19,76
20250524,뚝섬,홍대입구,20,99
20250524,뚝섬,홍대입구,21,67
20250524,뚝섬,홍대입구,22,27
20250524,뚝섬,홍대입구,23,10
20250524,문래,강남,5,1
20250524,문래,강남,6,2
20250524,문래,강남,7,7
20250524,문래,강남,8,27
20250524,문래,강남,9,18
20250524,문래,강남,10,16
20250524,문래,강남,11,12
20250524,문래,강남,12,22
20250524,문래,강남,13,11
20250524,문래,강남,14,16
20250524,문래,강남,15,21
20250524,문래,강남,16,21
20250524,문래,강남,17,19
20250524,문래,강남,18,15
20250524,문래,강남,19,9
20250524,문래,강남,20,15
20250524,문래,강남,21,17
20250524,문래,강남,22,12
20250524,문래,강남,23,5
20250524,문래,강변(동서울터미널),5,2
20250524,문래,강변(동서울터미널),6,1
20250524,문래,강변(동서울터미널),7,1
20250524,문래,강변(동서울터미널),8,2
20250524,문래,강변(동서울터미널),9,1
20250524,문래,강변(동서울터미널),10,3
20250524,문래,강변(동서울터미널),11,3
20250524,문래,강변(동서울터미널),12,3
20250524,문래,강변(동서울터미널),13,4
20250524,문래,강변(동서울터미널),14,4
20250524,문래,강변(동서울터미널),15,9
20250524,문래,강변(동서울터미널),16,1
20250524,문래,강변(동서울터미널),17,2
20250524,문래,강변(동서울터미널),19,1
20250524,문래,강변(동서울터미널),20,3
20250524,문래,강변(동서울터미널),21,1
20250524,문래,건대입구,5,1
20250524,문래,건대입구,7,2
20250524,문래,건대입구,8,4
20250524,문래,건대입구,9,2
20250524,문래,건대입구,10,6
20250524,문래,건대입구,11,2
20250524,문래,건대입구,12,8
20250524,문래,건대입구,13,5
20250524,문래,건대입구,14,9
20250524,문래,건대입구,15,2
20250524,문래,건대입구,16,8
20250524,문래,건대입구,17,2
20250524,문래,건대입구,18,6
20250524,문래,건대입구,19,4
20250524,문래,건대입구,20,1
20250524,문래,건대입구,21,4
20250524,문래,건대입구,22,8
20250524,문래,건대입구,23,1
20250524,문래,교대(법원.검찰청),6,5
20250524,문래,교대(법원.검찰청),7,4
20250524,문래,교대(법원.검찰청),8,7
20250524,문래,교대(법원.검찰청),9,11
20250524,문래,교대(법원.검찰청),10,4
20250524,문래,교대(법원.검찰청),11,8
20250524,문래,교대(법원.검찰청),12,8
20250524,문래,교대(법원.검찰청),13,9
20250524,문래,교대(법원.검찰청),14,3
20250524,문래,교대(법원.검찰청),15,8
20250524,문래,교대(법원.검찰청),16,6
20250524,문래,교대(법원.검찰청),17,5
20250524,문래,교대(법원.검찰청),18,4
20250524,문래,교대(법원.검찰청),19,1
20250524,문래,교대(법원.검찰청),20,4
20250524,문래,교대(법원.검찰청),21,2
20250524,문래,교대(법원.검찰청),22,1
20250524,문래,교대(법원.검찰청),23,3
20250524,문래,구로디지털단지,5,6
20250524,문래,구로디지털단지,6,7
20250524,문래,구로디지털단지,7,8
20250524,문래,구로디지털단지,8,12
20250524,문래,구로디지털단지,9,19
20250524,문래,구로디지털단지,10,17
20250524,문래,구로디지털단지,11,21
20250524,문래,구로디지털단지,12,45
20250524,문래,구로디지털단지,13,25
20250524,문래,구로디지털단지,14,37
20250524,문래,구로디지털단지,15,46
20250524,문래,구로디지털단지,16,40
20250524,문래,구로디지털단지,17,43
20250524,문래,구로디지털단지,18,31
20250524,문래,구로디지털단지,19,44
20250524,문래,구로디지털단지,20,55
20250524,문래,구로디지털단지,21,57
20250524,문래,구로디지털단지,22,41
20250524,문래,구로디지털단지,23,38
20250524,문래,구의(광진구청),5,2
20250524,문래,구의(광진구청),6,1
20250524,문래,구의(광진구청),7,2
20250524,문래,구의(광진구청),9,1
20250524,문래,구의(광진구청),10,2
20250524,문래,구의(광진구청),11,1
20250524,문래,구의(광진구청),12,7
20250524,문래,구의(광진구청),13,8
20250524,문래,구의(광진구청),14,3
20250524,문래,구의(광진구청),15,6
20250524,문래,구의(광진구청),16,1
20250524,문래,구의(광진구청),17,5
20250524,문래,구의(광진구청),18,8
20250524,문래,구의(광진구청),19,3
20250524,문래,구의(광진구청),20,3
20250524,문래,구의(광진구청),21,2
20250524,문래,구의(광진구청),22,6
20250524,문래,구의(광진구청),23,1
20250524,문래,낙성대,7,2
20250524,문래,낙성대,8,6
20250524,문래,낙성대,9,6
20250524,문래,낙성대,10,7
20250524,문래,낙성대,11,4
20250524,문래,낙성대,12,5
20250524,문래,낙성대,13,5
20250524,문래,낙성대,14,8
20250524,문래,낙성대,15,9
20250524,문래,낙성대,16,11
20250524,문래,낙성대,17,10
20250524,문래,낙성대,18,13
20250524,문래,낙성대,19,3
20250524,문래,낙성대,20,13
20250524,문래,낙성대,21,7
20250524,문래,낙성대,22,10
20250524,문래,낙성대,23,3
20250524,문래,당산,5,4
20250524,문래,당산,6,6
20250524,문래,당산,7,7
20250524,문래,당산,8,12
20250524,문래,당산,9,15
20250524,문래,당산,10,15
20250524,문래,당산,11,17
20250524,문래,당산,12,13
20250524,문래,당산,13,33
20250524,문래,당산,14,21
20250524,문래,당산,15,33
20250524,문래,당산,16,38
20250524,문래,당산,17,27
20250524,문래,당산,18,24
20250524,문래,당산,19,19
20250524,문래,당산,20,20
20250524,문래,당산,21,24
20250524,문래,당산,22,21
20250524,문래,당산,23,16
20250524,문래,대림(구로구청),5,2
20250524,문래,대림(구로구청),6,2
20250524,문래,대림(구로구청),7,4
20250524,문래,대림(구로구청),8,14
20250524,문래,대림(구로구청),9,22
20250524,문래,대림(구로구청),10,17
20250524,문래,대림(구로구청),11,17
20250524,문래,대림(구로구청),12,23
20250524,문래,대림(구로구청),13,21
20250524,문래,대림(구로구청),14,12
20250524,문래,대림(구로구청),15,19
20250524,문래,대림(구로구청),16,12
20250524,문래,대림(구로구청),17,24
20250524,문래,대림(구로구청),18,18
20250524,문래,대림(구로구청),19,19
20250524,문래,대림(구로구청),20,15
20250524,문래,대림(구로구청),21,25
20250524,문래,대림(구로구청),22,22
20250524,문래,대림(구로구청),23,4
20250524,문래,동대문역사문화공원,7,2
20250524,문래,동대문역사문화공원,8,5
20250524,문래,동대문역사문화공원,9,5
20250524,문래,동대문역사문화공원,10,5
20250524,문래,동대문역사문화공원,11,14
20250524,문래,동대문역사문화공원,12,8
20250524,문래,동대문역사문화공원,13,15
20250524,문래,동대문역사문화공원,14,11
20250524,문래,동대문역사문화공원,15,3
20250524,문래,동대문역사문화공원,16,2
20250524,문래,동대문역사문화공원,17,1
20250524,문래,동대문역사문화공원,18,3
20250524,문래,동대문역사문화공원,19,1
20250524,문래,동대문역사문화공원,20,2
20250524,문래,동대문역사문화공원,21,3
20250524,문래,동대문역사문화공원,22,2
20250524,문래,동대문역사문화공원,23,1
20250524,문래,뚝섬,6,1
20250524,문래,뚝섬,7,2
20250524,문래,뚝섬,8,1
20250524,문래,뚝섬,9,2
20250524,문래,뚝섬,10,4
20250524,문래,뚝섬,11,5
20250524,문래,뚝섬,12,10
20250524,문래,뚝섬,13,3
20250524,문래,뚝섬,14,7
20250524,문래,뚝섬,15,4
20250524,문래,뚝섬,16,2
20250524,문래,뚝섬,17,2
20250524,문래,뚝섬,18,2
20250524,문래,뚝섬,19,3
20250524,문래,뚝섬,20,2
20250524,문래,뚝섬,21,2
20250524,문래,뚝섬,22,2
20250524,문래,문래,5,3
20250524,문래,문래,6,3
20250524,문래,문래,7,3
20250524,문래,문래,8,6
20250524,문래,문래,9,6
20250524,문래,문래,10,9
20250524,문래,문래,11,12
20250524,문래,문래,12,10
20250524,문래,문래,13,14
20250524,문래,문래,14,13
20250524,문래,문래,15,27
20250524,문래,문래,16,18
20250524,문래,문래,17,17
20250524,문래,문래,18,13
20250524,문래,문래,19,10
20250524,문래,문래,20,7
20250524,문래,문래,21,21
20250524,문래,문래,22,33
20250524,문래,문래,23,22
20250524,문래,방배,5,1
20250524,문래,방배,6,1
20250524,문래,방배,8,2
20250524,문래,방배,9,6
20250524,문래,방배,10,9
20250524,문래,방배,11,5
20250524,문래,방배,12,5
20250524,문래,방배,13,2
20250524,문래,방배,14,7
20250524,문래,방배,15,7
20250524,문래,방배,16,4
20250524,문래,방배,17,2
20250524,문래,방배,19,5
20250524,문래,방배,20,2
20250524,문래,방배,21,4
20250524,문래,방배,22,2
20250524,문래,방배,23,1
20250524,문래,봉천,5,2
20250524,문래,봉천,6,1
20250524,문래,봉천,7,2
20250524,문래,봉천,8,4
20250524,문래,봉천,9,6
20250524,문래,봉천,10,4
20250524,문래,봉천,11,1
20250524,문래,봉천,12,4
20250524,문래,봉천,13,5
20250524,문래,봉천,14,14
20250524,문래,봉천,15,7
20250524,문래,봉천,16,6
20250524,문래,봉천,17,14
20250524,문래,봉천,18,12
20250524,문래,봉천,19,9
20250524,문래,봉천,20,21
20250524,문래,봉천,21,10
20250524,문래,봉천,22,9
20250524,문래,봉천,23,7
20250524,문래,사당,5,7
20250524,문래,사당,6,16
20250524,문래,사당,7,6
20250524,문래,사당,8,4
20250524,문래,사당,9,6
20250524,문래,사당,10,9
20250524,문래,사당,11,11
20250524,문래,사당,12,16
20250524,문래,사당,13,13
20250524,문래,사당,14,11
20250524,문래,사당,15,19
20250524,문래,사당,16,18
20250524,문래,사당,17,21
20250524,문래,사당,18,17
20250524,문래,사당,19,10
20250524,문래,사당,20,16
20250524,문래,사당,21,25
20250524,문래,사당,22,22
20250524,문래,사당,23,10
20250524,문래,삼성(무역센터),5,1
20250524,문래,삼성(무역센터),6,3
20250524,문래,삼성(무역센터),7,3
20250524,문래,삼성(무역센터),8,12
20250524,문래,삼성(무역센터),9,6
20250524,문래,삼성(무역센터),10,8
20250524,문래,삼성(무역센터),11,3
20250524,문래,삼성(무역센터),12,6
20250524,문래,삼성(무역센터),13,15
20250524,문래,삼성(무역센터),14,6
20250524,문래,삼성(무역센터),15,9
20250524,문래,삼성(무역센터),16,7
20250524,문래,삼성(무역센터),17,3
20250524,문래,삼성(무역센터),18,3
20250524,문래,삼성(무역센터),19,2
20250524,문래,삼성(무역센터),21,1
20250524,문래,삼성(무역센터),22,1
20250524,문래,삼성(무역센터),23,4
20250524,문래,상왕십리,6,1
20250524,문래,상왕십리,9,1
20250524,문래,상왕십리,10,1
20250524,문래,상왕십리,12,1
20250524,문래,상왕십리,13,2
20250524,문래,상왕십리,14,4
20250524,문래,상왕십리,15,1
20250524,문래,상왕십리,16,5
20250524,문래,상왕십리,17,1
20250524,문래,상왕십리,18,6
20250524,문래,상왕십리,19,2
20250524,문래,상왕십리,20,4
20250524,문래,상왕십리,21,1
20250524,문래,상왕십리,22,5
20250524,문래,상왕십리,23,3
20250524,문래,서울대입구(관악구청),5,4
20250524,문래,서울대입구(관악구청),6,2
20250524,문래,서울대입구(관악구청),7,1
20250524,문래,서울대입구(관악구청),8,8
20250524,문래,서울대입구(관악구청),9,17
20250524,문래,서울대입구(관악구청),10,6
20250524,문래,서울대입구(관악구청),11,7
20250524,문래,서울대입구(관악구청),12,10
20250524,문래,서울대입구(관악구청),13,13
20250524,문래,서울대입구(관악구청),14,18
20250524,문래,서울대입구(관악구청),15,13
20250524,문래,서울대입구(관악구청),16,19
20250524,문래,서울대입구(관악구청),17,23
20250524,문래,서울대입구(관악구청),18,20
20250524,문래,서울대입구(관악구청),19,22
20250524,문래,서울대입구(관악구청),20,30
20250524,문래,서울대입구(관악구청),21,34
20250524,문래,서울대입구(관악구청),22,28
20250524,문래,서울대입구(관악구청),23,24
20250524,문래,서초,5,3
20250524,문래,서초,6,2
20250524,문래,서초,7,4
20250524,문래,서초,8,11
20250524,문래,서초,9,5
20250524,문래,서초,10,6
20250524,문래,서초,11,6
20250524,문래,서초,12,7
20250524,문래,서초,13,8
20250524,문래,서초,14,5
20250524,문래,서초,15,7
20250524,문래,서초,16,2
20250524,문래,서초,17,2
20250524,문래,서초,18,1
20250524,문래,서초,20,1
20250524,문래,서초,21,1
20250524,문래,서초,22,3
20250524,문래,서초,23,1
20250524,문래,선릉,6,2
20250524,문래,선릉,7,3
20250524,문래,선릉,8,9
20250524,문래,선릉,9,16
20250524,문래,선릉,10,7
20250524,문래,선릉,11,8
20250524,문래,선릉,12,10
20250524,문래,선릉,13,17
20250524,문래,선릉,14,7
20250524,문래,선릉,15,8
20250524,문래,선릉,16,3
20250524,문래,선릉,17,7
20250524,문래,선릉,18,3
20250524,문래,선릉,19,2
20250524,문래,선릉,20,2
20250524,문래,선릉,21,4
20250524,문래,선릉,22,5
20250524,문래,선릉,23,2
20250524,문래,성수,5,1
20250524,문래,성수,6,1
20250524,문래,성수,7,1
20250524,문래,성수,8,1
20250524,문래,성수,9,7
20250524,문래,성수,10,8
20250524,문래,성수,11,11
20250524,문래,성수,12,14
20250524,문래,성수,13,4
20250524,문래,성수,14,19
20250524,문래,성수,15,9
20250524,문래,성수,16,8
20250524,문래,성수,17,4
20250524,문래,성수,18,7
20250524,문래,성수,19,1
20250524,문래,성수,20,4
20250524,문래,성수,21,2
20250524,문래,성수,22,4
20250524,문래,성수,23,4
20250524,문래,시청,5,2
20250524,문래,시청,6,4
20250524,문래,시청,7,2
20250524,문래,시청,8,4
20250524,문래,시청,9,10
20250524,문래,시청,10,24
20250524,문래,시청,11,10
20250524,문래,시청,12,20
20250524,문래,시청,13,11
20250524,문래,시청,14,5
20250524,문래,시청,15,13
20250524,문래,시청,16,11
20250524,문래,시청,17,8
20250524,문래,시청,18,6
20250524,문래,시청,19,1
20250524,문래,시청,20,6
20250524,문래,시청,21,3
20250524,문래,시청,22,1
20250524,문래,시청,23,4
20250524,문래,신당,6,1
20250524,문래,신당,7,4
20250524,문래,신당,8,5
20250524,문래,신당,10,2
20250524,문래,신당,12,8
20250524,문래,신당,13,1
20250524,문래,신당,14,6
20250524,문래,신당,15,6
20250524,문래,신당,16,1
20250524,문래,신당,17,4
20250524,문래,신당,18,5
20250524,문래,신당,19,3
20250524,문래,신당,20,2
20250524,문래,신당,21,2
20250524,문래,신당,22,3
20250524,문래,신당,23,2
20250524,문래,신대방,6,3
20250524,문래,신대방,7,1
20250524,문래,신대방,8,4
20250524,문래,신대방,9,8
20250524,문래,신대방,10,15
20250524,문래,신대방,11,16
20250524,문래,신대방,12,25
20250524,문래,신대방,13,40
20250524,문래,신대방,14,22
20250524,문래,신대방,15,21
20250524,문래,신대방,16,20
20250524,문래,신대방,17,16
20250524,문래,신대방,18,23
20250524,문래,신대방,19,30
20250524,문래,신대방,20,15
20250524,문래,신대방,21,32
20250524,문래,신대방,22,26
20250524,문래,신대방,23,11
20250524,문래,신도림,0,1
20250524,문래,신도림,5,1
20250524,문래,신도림,6,7
20250524,문래,신도림,7,4
20250524,문래,신도림,8,11
20250524,문래,신도림,9,14
20250524,문래,신도림,10,21
20250524,문래,신도림,11,34
20250524,문래,신도림,12,30
20250524,문래,신도림,13,35
20250524,문래,신도림,14,44
20250524,문래,신도림,15,48
20250524,문래,신도림,16,51
20250524,문래,신도림,17,31
20250524,문래,신도림,18,35
20250524,문래,신도림,19,30
20250524,문래,신도림,20,24
20250524,문래,신도림,21,37
20250524,문래,신도림,22,18
20250524,문래,신도림,23,27
20250524,문래,신림,6,3
20250524,문래,신림,7,6
20250524,문래,신림,8,8
20250524,문래,신림,9,9
20250524,문래,신림,10,6
20250524,문래,신림,11,14
20250524,문래,신림,12,20
20250524,문래,신림,13,19
20250524,문래,신림,14,35
20250524,문래,신림,15,27
20250524,문래,신림,16,33
20250524,문래,신림,17,26
20250524,문래,신림,18,47
20250524,문래,신림,19,51
20250524,문래,신림,20,41
20250524,문래,신림,21,43
20250524,문래,신림,22,48
20250524,문래,신림,23,39
20250524,문래,신촌,5,2
20250524,문래,신촌,6,4
20250524,문래,신촌,7,12
20250524,문래,신촌,8,20
20250524,문래,신촌,9,26
20250524,문래,신촌,10,30
20250524,문래,신촌,11,28
20250524,문래,신촌,12,22
20250524,문래,신촌,13,31
20250524,문래,신촌,14,34
20250524,문래,신촌,15,20
20250524,문래,신촌,16,17
20250524,문래,신촌,17,24
20250524,문래,신촌,18,21
20250524,문래,신촌,19,28
20250524,문래,신촌,20,13
20250524,문래,신촌,21,19
20250524,문래,신촌,22,11
20250524,문래,신촌,23,14
20250524,문래,아현,6,1
20250524,문래,아현,8,7
20250524,문래,아현,9,4
20250524,문래,아현,10,4
20250524,문래,아현,11,2
20250524,문래,아현,12,4
20250524,문래,아현,13,2
20250524,문래,아현,15,2
20250524,문래,아현,16,4
20250524,문래,아현,17,3
20250524,문래,아현,18,7
20250524,문래,아현,19,1
20250524,문래,아현,20,3
20250524,문래,아현,21,8
20250524,문래,아현,22,2
20250524,문래,아현,23,1
20250524,문래,역삼,5,5
20250524,문래,역삼,6,2
20250524,문래,역삼,7,5
20250524,문래,역삼,8,2
20250524,문래,역삼,9,4
20250524,문래,역삼,10,12
20250524,문래,역삼,11,10
20250524,문래,역삼,12,1
20250524,문래,역삼,13,5
20250524,문래,역삼,14,3
20250524,문래,역삼,15,9
20250524,문래,역삼,16,5
20250524,문래,역삼,17,4
20250524,문래,역삼,18,1
20250524,문래,역삼,19,2
20250524,문래,역삼,20,2
20250524,문래,역삼,21,2
20250524,문래,역삼,22,5
20250524,문래,역삼,23,1
20250524,문래,영등포구청,5,2
20250524,문래,영등포구청,7,7
20250524,문래,영등포구청,8,7
20250524,문래,영등포구청,9,8
20250524,문래,영등포구청,10,20
20250524,문래,영등포구청,11,17
20250524,문래,영등포구청,12,20
20250524,문래,영등포구청,13,21
20250524,문래,영등포구청,14,20
20250524,문래,영등포구청,15,17
20250524,문래,영등포구청,16,22
20250524,문래,영등포구청,17,22
20250524,문래,영등포구청,18,20
20250524,문래,영등포구청,19,14
20250524,문래,영등포구청,20,16
20250524,문래,영등포구청,21,11
20250524,문래,영등포구청,22,2
20250524,문래,영등포구청,23,8
20250524,문래,왕십리(성동구청),6,2
20250524,문래,왕십리(성동구청),8,1
20250524,문래,왕십리(성동구청),9,1
20250524,문래,왕십리(성동구청),10,3
20250524,문래,왕십리(성동구청),11,3
20250524,문래,왕십리(성동구청),13,4
20250524,문래,왕십리(성동구청),14,4
20250524,문래,왕십리(성동구청),15,2
20250524,문래,왕십리(성동구청),16,5
20250524,문래,왕십리(성동구청),17,1
20250524,문래,왕십리(성동구청),18,1
20250524,문래,왕십리(성동구청),19,7
20250524,문래,왕십리(성동구청),20,6
20250524,문래,왕십리(성동구청),21,3
20250524,문래,왕십리(성동구청),22,3
20250524,문래,왕십리(성동구청),23,4
20250524,문래,용두(동대문구청),10,1
20250524,문래,을지로3가,5,3
20250524,문래,을지로3가,6,7
20250524,문래,을지로3가,7,1
20250524,문래,을지로3가,8,4
20250524,문래,을지로3가,9,8
20250524,문래,을지로3가,10,3
20250524,문래,을지로3가,11,4
20250524,문래,을지로3가,12,4
20250524,문래,을지로3가,13,6
20250524,문래,을지로3가,14,4
20250524,문래,을지로3가,15,4
20250524,문래,을지로3가,16,9
20250524,문래,을지로3가,17,11
20250524,문래,을지로3가,18,5
20250524,문래,을지로3가,19,4
20250524,문래,을지로3가,20,4
20250524,문래,을지로3가,21,1
20250524,문래,을지로3가,22,4
20250524,문래,을지로3가,23,2
20250524,문래,을지로4가,6,3
20250524,문래,을지로4가,7,3
20250524,문래,을지로4가,8,1
20250524,문래,을지로4가,9,3
20250524,문래,을지로4가,10,4
20250524,문래,을지로4가,11,8
20250524,문래,을지로4가,12,9
20250524,문래,을지로4가,13,5
20250524,문래,을지로4가,14,8
20250524,문래,을지로4가,15,4
20250524,문래,을지로4가,16,3
20250524,문래,을지로4가,17,4
20250524,문래,을지로4가,18,1
20250524,문래,을지로4가,19,3
20250524,문래,을지로4가,22,5
20250524,문래,을지로4가,23,2
20250524,문래,을지로입구,5,2
20250524,문래,을지로입구,6,2
20250524,문래,을지로입구,7,10
20250524,문래,을지로입구,8,9
20250524,문래,을지로입구,9,22
20250524,문래,을지로입구,10,20
20250524,문래,을지로입구,11,24
20250524,문래,을지로입구,12,23
20250524,문래,을지로입구,13,15
20250524,문래,을지로입구,14,17
20250524,문래,을지로입구,15,8
20250524,문래,을지로입구,16,15
20250524,문래,을지로입구,17,18
20250524,문래,을지로입구,18,12
20250524,문래,을지로입구,19,10
20250524,문래,을지로입구,20,8
20250524,문래,을지로입구,21,10
20250524,문래,을지로입구,22,10
20250524,문래,을지로입구,23,10
20250524,문래,이대,6,2
20250524,문래,이대,7,4
20250524,문래,이대,8,6
20250524,문래,이대,9,7
20250524,문래,이대,10,6
20250524,문래,이대,11,9
20250524,문래,이대,12,6
20250524,문래,이대,13,8
20250524,문래,이대,14,6
20250524,문래,이대,15,6
20250524,문래,이대,16,2
20250524,문래,이대,17,7
20250524,문래,이대,18,12
20250524,문래,이대,19,5
20250524,문래,이대,20,2
20250524,문래,이대,21,4
20250524,문래,이대,22,4
20250524,문래,이대,23,7
20250524,문래,잠실(송파구청),5,4
20250524,문래,잠실(송파구청),6,1
20250524,문래,잠실(송파구청),7,4
20250524,문래,잠실(송파구청),8,16
20250524,문래,잠실(송파구청),9,10
20250524,문래,잠실(송파구청),10,10
20250524,문래,잠실(송파구청),11,13
20250524,문래,잠실(송파구청),12,14
20250524,문래,잠실(송파구청),13,15
20250524,문래,잠실(송파구청),14,8
20250524,문래,잠실(송파구청),15,17
20250524,문래,잠실(송파구청),16,16
20250524,문래,잠실(송파구청),17,16
20250524,문래,잠실(송파구청),18,6
20250524,문래,잠실(송파구청),19,11
20250524,문래,잠실(송파구청),20,9
20250524,문래,잠실(송파구청),21,10
20250524,문래,잠실(송파구청),22,15
20250524,문래,잠실(송파구청),23,3
20250524,문래,잠실나루,6,2
20250524,문래,잠실나루,9,1
20250524,문래,잠실나루,11,2
20250524,문래,잠실나루,12,2
20250524,문래,잠실나루,13,4
20250524,문래,잠실나루,14,1
20250524,문래,잠실나루,17,1
20250524,문래,잠실나루,20,2
20250524,문래,잠실나루,21,1
20250524,문래,잠실새내,7,1
20250524,문래,잠실새내,8,2
20250524,문래,잠실새내,9,3
20250524,문래,잠실새내,12,3
20250524,문래,잠실새내,13,2
20250524,문래,잠실새내,14,4
20250524,문래,잠실새내,15,8
20250524,문래,잠실새내,16,6
20250524,문래,잠실새내,17,2
20250524,문래,잠실새내,18,5
20250524,문래,잠실새내,19,6
20250524,문래,잠실새내,20,3
20250524,문래,잠실새내,21,2
20250524,문래,잠실새내,22,5
20250524,문래,잠실새내,23,1
20250524,문래,종합운동장,5,2
20250524,문래,종합운동장,6,3
20250524,문래,종합운동장,8,1
20250524,문래,종합운동장,10,1
20250524,문래,종합운동장,11,2
20250524,문래,종합운동장,12,2
20250524,문래,종합운동장,13,4
20250524,문래,종합운동장,14,5
20250524,문래,종합운동장,15,27
20250524,문래,종합운동장,16,13
20250524,문래,종합운동장,17,1
20250524,문래,종합운동장,18,2
20250524,문래,종합운동장,19,5
20250524,문래,종합운동장,21,1
20250524,문래,종합운동장,22,1
20250524,문래,종합운동장,23,1
20250524,문래,충정로(경기대입구),6,1
20250524,문래,충정로(경기대입구),8,4
20250524,문래,충정로(경기대입구),9,2
20250524,문래,충정로(경기대입구),10,2
20250524,문래,충정로(경기대입구),11,1
20250524,문래,충정로(경기대입구),12,5
20250524,문래,충정로(경기대입구),13,2
20250524,문래,충정로(경기대입구),15,1
20250524,문래,충정로(경기대입구),16,4
20250524,문래,충정로(경기대입구),17,7
20250524,문래,충정로(경기대입구),18,3
20250524,문래,충정로(경기대입구),19,3
20250524,문래,충정로(경기대입구),21,1
20250524,문래,충정로(경기대입구),22,2
20250524,문래,충정로(경기대입구),23,3
20250524,문래,한양대,7,2
20250524,문래,한양대,8,5
20250524,문래,한양대,9,3
20250524,문래,한양대,10,2
20250524,문래,한양대,12,1
20250524,문래,한양대,13,1
20250524,문래,한양대,14,1
20250524,문래,한양대,18,2
20250524,문래,한양대,19,1
20250524,문래,한양대,20,1
20250524,문래,합정,5,2
20250524,문래,합정,6,4
20250524,문래,합정,7,14
20250524,문래,합정,8,17
20250524,문래,합정,9,20
20250524,문래,합정,10,23
20250524,문래,합정,11,30
20250524,문래,합정,12,40
20250524,문래,합정,13,44
20250524,문래,합정,14,42
20250524,문래,합정,15,44
20250524,문래,합정,16,52
20250524,문래,합정,17,47
20250524,문래,합정,18,37
20250524,문래,합정,19,45
20250524,문래,합정,20,23
20250524,문래,합정,21,20
20250524,문래,합정,22,30
20250524,문래,합정,23,19
20250524,문래,홍대입구,5,1
20250524,문래,홍대입구,6,5
20250524,문래,홍대입구,7,5
20250524,문래,홍대입구,8,15
20250524,문래,홍대입구,9,30
20250524,문래,홍대입구,10,42
20250524,문래,홍대입구,11,39
20250524,문래,홍대입구,12,53
20250524,문래,홍대입구,13,76
20250524,문래,홍대입구,14,67
20250524,문래,홍대입구,15,99
20250524,문래,홍대입구,16,81
20250524,문래,홍대입구,17,63
20250524,문래,홍대입구,18,55
20250524,문래,홍대입구,19,54
20250524,문래,홍대입구,20,37
20250524,문래,홍대입구,21,42
20250524,문래,홍대입구,22,26
20250524,문래,홍대입구,23,28
20250524,방배,강남,5,2
20250524,방배,강남,6,8
20250524,방배,강남,7,11
20250524,방배,강남,8,39
20250524,방배,강남,9,47
20250524,방배,강남,10,61
20250524,방배,강남,11,32
20250524,방배,강남,12,41
20250524,방배,강남,13,75
20250524,방배,강남,14,59
20250524,방배,강남,15,57
20250524,방배,강남,16,52
20250524,방배,강남,17,73
20250524,방배,강남,18,70
20250524,방배,강남,19,36
20250524,방배,강남,20,25
20250524,방배,강남,21,20
20250524,방배,강남,22,17
20250524,방배,강남,23,20
20250524,방배,강변(동서울터미널),5,1
20250524,방배,강변(동서울터미널),6,2
20250524,방배,강변(동서울터미널),7,4
20250524,방배,강변(동서울터미널),8,4
20250524,방배,강변(동서울터미널),10,1
20250524,방배,강변(동서울터미널),11,6
20250524,방배,강변(동서울터미널),12,9
20250524,방배,강변(동서울터미널),13,5
20250524,방배,강변(동서울터미널),14,6
20250524,방배,강변(동서울터미널),15,2
20250524,방배,강변(동서울터미널),16,6
20250524,방배,강변(동서울터미널),17,9
20250524,방배,강변(동서울터미널),18,7
20250524,방배,강변(동서울터미널),19,5
20250524,방배,강변(동서울터미널),20,4
20250524,방배,강변(동서울터미널),21,3
20250524,방배,강변(동서울터미널),22,3
20250524,방배,강변(동서울터미널),23,1
20250524,방배,건대입구,7,1
20250524,방배,건대입구,9,2
20250524,방배,건대입구,10,1
20250524,방배,건대입구,11,2
20250524,방배,건대입구,12,2
20250524,방배,건대입구,13,9
20250524,방배,건대입구,14,2
20250524,방배,건대입구,15,3
20250524,방배,건대입구,16,8
20250524,방배,건대입구,17,11
20250524,방배,건대입구,18,8
20250524,방배,건대입구,19,3
20250524,방배,건대입구,21,4
20250524,방배,건대입구,22,3
20250524,방배,교대(법원.검찰청),5,4
20250524,방배,교대(법원.검찰청),6,11
20250524,방배,교대(법원.검찰청),7,8
20250524,방배,교대(법원.검찰청),8,17
20250524,방배,교대(법원.검찰청),9,27
20250524,방배,교대(법원.검찰청),10,34
20250524,방배,교대(법원.검찰청),11,28
20250524,방배,교대(법원.검찰청),12,39
20250524,방배,교대(법원.검찰청),13,38
20250524,방배,교대(법원.검찰청),14,27
20250524,방배,교대(법원.검찰청),15,29
20250524,방배,교대(법원.검찰청),16,26
20250524,방배,교대(법원.검찰청),17,33
20250524,방배,교대(법원.검찰청),18,26
20250524,방배,교대(법원.검찰청),19,20
20250524,방배,교대(법원.검찰청),20,12
20250524,방배,교대(법원.검찰청),21,6
20250524,방배,교대(법원.검찰청),22,5
20250524,방배,교대(법원.검찰청),23,5
20250524,방배,구로디지털단지,6,4
20250524,방배,구로디지털단지,7,7
20250524,방배,구로디지털단지,8,8
20250524,방배,구로디지털단지,9,7
20250524,방배,구로디지털단지,10,1
20250524,방배,구로디지털단지,11,14
20250524,방배,구로디지털단지,12,7
20250524,방배,구로디지털단지,13,22
20250524,방배,구로디지털단지,14,17
20250524,방배,구로디지털단지,15,13
20250524,방배,구로디지털단지,16,24
20250524,방배,구로디지털단지,17,16
20250524,방배,구로디지털단지,18,10
20250524,방배,구로디지털단지,19,13
20250524,방배,구로디지털단지,20,10
20250524,방배,구로디지털단지,21,17
20250524,방배,구로디지털단지,22,13
20250524,방배,구로디지털단지,23,6
20250524,방배,구의(광진구청),6,1
20250524,방배,구의(광진구청),8,1
20250524,방배,구의(광진구청),10,1
20250524,방배,구의(광진구청),11,2
20250524,방배,구의(광진구청),12,5
20250524,방배,구의(광진구청),13,8
20250524,방배,구의(광진구청),14,5
20250524,방배,구의(광진구청),15,2
20250524,방배,구의(광진구청),16,8
20250524,방배,구의(광진구청),17,10
20250524,방배,구의(광진구청),18,3
20250524,방배,구의(광진구청),19,1
20250524,방배,구의(광진구청),20,4
20250524,방배,구의(광진구청),21,2
20250524,방배,구의(광진구청),22,3
20250524,방배,낙성대,5,2
20250524,방배,낙성대,6,3
20250524,방배,낙성대,7,4
20250524,방배,낙성대,8,12
20250524,방배,낙성대,9,8
20250524,방배,낙성대,10,18
20250524,방배,낙성대,11,13
20250524,방배,낙성대,12,17
20250524,방배,낙성대,13,21
20250524,방배,낙성대,14,25
20250524,방배,낙성대,15,10
20250524,방배,낙성대,16,29
20250524,방배,낙성대,17,25
20250524,방배,낙성대,18,23
20250524,방배,낙성대,19,25
20250524,방배,낙성대,20,19
20250524,방배,낙성대,21,16
20250524,방배,낙성대,22,14
20250524,방배,낙성대,23,20
20250524,방배,당산,6,2
20250524,방배,당산,7,1
20250524,방배,당산,8,3
20250524,방배,당산,9,1
20250524,방배,당산,10,3
20250524,방배,당산,12,5
20250524,방배,당산,13,8
20250524,방배,당산,14,7
20250524,방배,당산,15,5
20250524,방배,당산,16,6
20250524,방배,당산,17,6
20250524,방배,당산,18,7
20250524,방배,당산,19,3
20250524,방배,당산,20,2
20250524,방배,당산,22,4
20250524,방배,당산,23,1
20250524,방배,대림(구로구청),5,1
20250524,방배,대림(구로구청),6,2
20250524,방배,대림(구로구청),8,7
20250524,방배,대림(구로구청),9,3
20250524,방배,대림(구로구청),10,7
20250524,방배,대림(구로구청),11,3
20250524,방배,대림(구로구청),12,6
20250524,방배,대림(구로구청),13,12
20250524,방배,대림(구로구청),14,1
20250524,방배,대림(구로구청),15,9
20250524,방배,대림(구로구청),16,12
20250524,방배,대림(구로구청),17,14
20250524,방배,대림(구로구청),18,6
20250524,방배,대림(구로구청),19,9
20250524,방배,대림(구로구청),20,10
20250524,방배,대림(구로구청),21,8
20250524,방배,대림(구로구청),22,15
20250524,방배,대림(구로구청),23,3
20250524,방배,동대문역사문화공원,8,1
20250524,방배,동대문역사문화공원,11,1
20250524,방배,동대문역사문화공원,12,1
20250524,방배,동대문역사문화공원,14,1
20250524,방배,동대문역사문화공원,16,2
20250524,방배,동대문역사문화공원,17,1
20250524,방배,동대문역사문화공원,20,1
20250524,방배,뚝섬,6,1
20250524,방배,뚝섬,7,1
20250524,방배,뚝섬,9,1
20250524,방배,뚝섬,10,1
20250524,방배,뚝섬,11,2
20250524,방배,뚝섬,13,3
20250524,방배,뚝섬,14,5
20250524,방배,뚝섬,15,2
20250524,방배,뚝섬,16,5
20250524,방배,뚝섬,17,1
20250524,방배,뚝섬,18,3
20250524,방배,뚝섬,19,1
20250524,방배,뚝섬,20,1
20250524,방배,뚝섬,22,3
20250524,방배,문래,5,1
20250524,방배,문래,6,1
20250524,방배,문래,7,1
20250524,방배,문래,8,4
20250524,방배,문래,9,4
20250524,방배,문래,10,4
20250524,방배,문래,11,3
20250524,방배,문래,12,4
20250524,방배,문래,13,3
20250524,방배,문래,14,9
20250524,방배,문래,15,11
20250524,방배,문래,16,9
20250524,방배,문래,17,8
20250524,방배,문래,18,5
20250524,방배,문래,19,9
20250524,방배,문래,20,5
20250524,방배,문래,21,3
20250524,방배,문래,23,1
20250524,방배,방배,7,1
20250524,방배,방배,8,4
20250524,방배,방배,9,10
20250524,방배,방배,10,7
20250524,방배,방배,11,8
20250524,방배,방배,12,6
20250524,방배,방배,13,9
20250524,방배,방배,14,8
20250524,방배,방배,15,6
20250524,방배,방배,16,5
20250524,방배,방배,17,10
20250524,방배,방배,18,7
20250524,방배,방배,19,8
20250524,방배,방배,20,4
20250524,방배,방배,21,2
20250524,방배,방배,22,9
20250524,방배,방배,23,2
20250524,방배,봉천,6,9
20250524,방배,봉천,8,7
20250524,방배,봉천,9,6
20250524,방배,봉천,10,10
20250524,방배,봉천,11,7
20250524,방배,봉천,12,13
20250524,방배,봉천,13,13
20250524,방배,봉천,14,15
20250524,방배,봉천,15,14
20250524,방배,봉천,16,19
20250524,방배,봉천,17,24
20250524,방배,봉천,18,19
20250524,방배,봉천,19,14
20250524,방배,봉천,20,13
20250524,방배,봉천,21,14
20250524,방배,봉천,22,12
20250524,방배,봉천,23,4
20250524,방배,사당,5,5
20250524,방배,사당,6,11
20250524,방배,사당,7,19
20250524,방배,사당,8,17
20250524,방배,사당,9,34
20250524,방배,사당,10,46
20250524,방배,사당,11,37
20250524,방배,사당,12,67
20250524,방배,사당,13,53
20250524,방배,사당,14,50
20250524,방배,사당,15,36
20250524,방배,사당,16,57
20250524,방배,사당,17,79
20250524,방배,사당,18,65
20250524,방배,사당,19,43
20250524,방배,사당,20,37
20250524,방배,사당,21,34
20250524,방배,사당,22,35
20250524,방배,사당,23,14
20250524,방배,삼성(무역센터),5,2
20250524,방배,삼성(무역센터),6,8
20250524,방배,삼성(무역센터),7,7
20250524,방배,삼성(무역센터),8,11
20250524,방배,삼성(무역센터),9,19
20250524,방배,삼성(무역센터),10,28
20250524,방배,삼성(무역센터),11,25
20250524,방배,삼성(무역센터),12,29
20250524,방배,삼성(무역센터),13,27
20250524,방배,삼성(무역센터),14,19
20250524,방배,삼성(무역센터),15,37
20250524,방배,삼성(무역센터),16,18
20250524,방배,삼성(무역센터),17,15
20250524,방배,삼성(무역센터),18,14
20250524,방배,삼성(무역센터),19,7
20250524,방배,삼성(무역센터),20,3
20250524,방배,삼성(무역센터),21,5
20250524,방배,삼성(무역센터),22,2
20250524,방배,삼성(무역센터),23,3
20250524,방배,상왕십리,8,3
20250524,방배,상왕십리,9,1
20250524,방배,상왕십리,10,2
20250524,방배,상왕십리,12,1
20250524,방배,상왕십리,15,2
20250524,방배,상왕십리,16,1
20250524,방배,상왕십리,17,2
20250524,방배,상왕십리,18,5
20250524,방배,상왕십리,19,1
20250524,방배,상왕십리,20,1
20250524,방배,상왕십리,21,2
20250524,방배,서울대입구(관악구청),5,3
20250524,방배,서울대입구(관악구청),6,9
20250524,방배,서울대입구(관악구청),7,5
20250524,방배,서울대입구(관악구청),8,15
20250524,방배,서울대입구(관악구청),9,19
20250524,방배,서울대입구(관악구청),10,17
20250524,방배,서울대입구(관악구청),11,19
20250524,방배,서울대입구(관악구청),12,37
20250524,방배,서울대입구(관악구청),13,33
20250524,방배,서울대입구(관악구청),14,35
20250524,방배,서울대입구(관악구청),15,36
20250524,방배,서울대입구(관악구청),16,43
20250524,방배,서울대입구(관악구청),17,47
20250524,방배,서울대입구(관악구청),18,28
20250524,방배,서울대입구(관악구청),19,33
20250524,방배,서울대입구(관악구청),20,23
20250524,방배,서울대입구(관악구청),21,21
20250524,방배,서울대입구(관악구청),22,36
20250524,방배,서울대입구(관악구청),23,12
20250524,방배,서초,5,5
20250524,방배,서초,6,19
20250524,방배,서초,7,7
20250524,방배,서초,8,10
20250524,방배,서초,9,14
20250524,방배,서초,10,8
20250524,방배,서초,11,13
20250524,방배,서초,12,11
20250524,방배,서초,13,17
20250524,방배,서초,14,8
20250524,방배,서초,15,15
20250524,방배,서초,16,21
20250524,방배,서초,17,22
20250524,방배,서초,18,10
20250524,방배,서초,19,7
20250524,방배,서초,20,11
20250524,방배,서초,21,9
20250524,방배,서초,22,8
20250524,방배,서초,23,6
20250524,방배,선릉,5,4
20250524,방배,선릉,6,7
20250524,방배,선릉,7,7
20250524,방배,선릉,8,13
20250524,방배,선릉,9,19
20250524,방배,선릉,10,31
20250524,방배,선릉,11,21
20250524,방배,선릉,12,22
20250524,방배,선릉,13,29
20250524,방배,선릉,14,20
20250524,방배,선릉,15,16
20250524,방배,선릉,16,8
20250524,방배,선릉,17,21
20250524,방배,선릉,18,6
20250524,방배,선릉,19,7
20250524,방배,선릉,20,6
20250524,방배,선릉,21,4
20250524,방배,선릉,22,3
20250524,방배,선릉,23,3
20250524,방배,성수,7,3
20250524,방배,성수,8,1
20250524,방배,성수,9,3
20250524,방배,성수,10,4
20250524,방배,성수,11,9
20250524,방배,성수,12,13
20250524,방배,성수,13,8
20250524,방배,성수,14,10
20250524,방배,성수,15,5
20250524,방배,성수,16,5
20250524,방배,성수,17,1
20250524,방배,성수,18,2
20250524,방배,성수,20,2
20250524,방배,성수,23,1
20250524,방배,시청,7,1
20250524,방배,시청,9,1
20250524,방배,시청,10,2
20250524,방배,시청,11,1
20250524,방배,시청,12,1
20250524,방배,시청,13,3
20250524,방배,시청,14,1
20250524,방배,시청,16,3
20250524,방배,시청,17,2
20250524,방배,신당,6,1
20250524,방배,신당,11,1
20250524,방배,신당,12,1
20250524,방배,신당,14,1
20250524,방배,신당,16,1
20250524,방배,신당,17,2
20250524,방배,신당,18,3
20250524,방배,신당,21,1
20250524,방배,신당,22,1
20250524,방배,신대방,5,1
20250524,방배,신대방,6,2
20250524,방배,신대방,7,2
20250524,방배,신대방,8,5
20250524,방배,신대방,9,7
20250524,방배,신대방,10,7
20250524,방배,신대방,11,6
20250524,방배,신대방,12,8
20250524,방배,신대방,13,12
20250524,방배,신대방,14,13
20250524,방배,신대방,15,13
20250524,방배,신대방,16,14
20250524,방배,신대방,17,6
20250524,방배,신대방,18,13
20250524,방배,신대방,19,14
20250524,방배,신대방,20,19
20250524,방배,신대방,21,12
20250524,방배,신대방,22,17
20250524,방배,신대방,23,7
20250524,방배,신도림,5,1
20250524,방배,신도림,6,3
20250524,방배,신도림,7,5
20250524,방배,신도림,8,6
20250524,방배,신도림,9,6
20250524,방배,신도림,10,5
20250524,방배,신도림,11,10
20250524,방배,신도림,12,20
20250524,방배,신도림,13,18
20250524,방배,신도림,14,22
20250524,방배,신도림,15,13
20250524,방배,신도림,16,24
20250524,방배,신도림,17,15
20250524,방배,신도림,18,13
20250524,방배,신도림,19,6
20250524,방배,신도림,20,10
20250524,방배,신도림,21,6
20250524,방배,신도림,22,7
20250524,방배,신도림,23,5
20250524,방배,신림,5,2
20250524,방배,신림,6,10
20250524,방배,신림,7,6
20250524,방배,신림,8,12
20250524,방배,신림,9,14
20250524,방배,신림,10,18
20250524,방배,신림,11,18
20250524,방배,신림,12,27
20250524,방배,신림,13,32
20250524,방배,신림,14,34
20250524,방배,신림,15,21
20250524,방배,신림,16,37
20250524,방배,신림,17,44
20250524,방배,신림,18,54
20250524,방배,신림,19,33
20250524,방배,신림,20,33
20250524,방배,신림,21,37
20250524,방배,신림,22,32
20250524,방배,신림,23,17
20250524,방배,신촌,6,3
20250524,방배,신촌,7,3
20250524,방배,신촌,8,2
20250524,방배,신촌,9,5
20250524,방배,신촌,10,14
20250524,방배,신촌,11,16
20250524,방배,신촌,12,11
20250524,방배,신촌,13,22
20250524,방배,신촌,14,15
20250524,방배,신촌,15,7
20250524,방배,신촌,16,13
20250524,방배,신촌,17,8
20250524,방배,신촌,18,9
20250524,방배,신촌,19,6
20250524,방배,신촌,20,2
20250524,방배,신촌,21,1
20250524,방배,신촌,22,2
20250524,방배,아현,10,1
20250524,방배,아현,11,1
20250524,방배,아현,12,2
20250524,방배,아현,13,1
20250524,방배,아현,14,1
20250524,방배,아현,15,2
20250524,방배,아현,17,5
20250524,방배,아현,19,1
20250524,방배,아현,23,1
20250524,방배,역삼,5,2
20250524,방배,역삼,6,2
20250524,방배,역삼,7,4
20250524,방배,역삼,8,11
20250524,방배,역삼,9,16
20250524,방배,역삼,10,19
20250524,방배,역삼,11,16
20250524,방배,역삼,12,18
20250524,방배,역삼,13,24
20250524,방배,역삼,14,10
20250524,방배,역삼,15,7
20250524,방배,역삼,16,10
20250524,방배,역삼,17,11
20250524,방배,역삼,18,7
20250524,방배,역삼,19,8
20250524,방배,역삼,20,6
20250524,방배,역삼,21,4
20250524,방배,역삼,22,7
20250524,방배,역삼,23,1
20250524,방배,영등포구청,6,2
20250524,방배,영등포구청,7,2
20250524,방배,영등포구청,8,2
20250524,방배,영등포구청,9,3
20250524,방배,영등포구청,10,6
20250524,방배,영등포구청,11,1
20250524,방배,영등포구청,12,6
20250524,방배,영등포구청,13,3
20250524,방배,영등포구청,14,9
20250524,방배,영등포구청,15,3
20250524,방배,영등포구청,16,6
20250524,방배,영등포구청,17,4
20250524,방배,영등포구청,18,4
20250524,방배,영등포구청,20,1
20250524,방배,영등포구청,21,3
20250524,방배,왕십리(성동구청),8,1
20250524,방배,왕십리(성동구청),9,1
20250524,방배,왕십리(성동구청),10,1
20250524,방배,왕십리(성동구청),12,1
20250524,방배,왕십리(성동구청),13,2
20250524,방배,왕십리(성동구청),14,1
20250524,방배,왕십리(성동구청),16,1
20250524,방배,왕십리(성동구청),17,1
20250524,방배,왕십리(성동구청),23,2
20250524,방배,용두(동대문구청),6,1
20250524,방배,용두(동대문구청),12,1
20250524,방배,용두(동대문구청),16,1
20250524,방배,을지로3가,12,1
20250524,방배,을지로3가,13,1
20250524,방배,을지로4가,5,1
20250524,방배,을지로4가,7,1
20250524,방배,을지로4가,8,1
20250524,방배,을지로4가,11,1
20250524,방배,을지로4가,12,1
20250524,방배,을지로4가,14,1
20250524,방배,을지로4가,16,1
20250524,방배,을지로4가,19,2
20250524,방배,을지로입구,8,1
20250524,방배,을지로입구,9,1
20250524,방배,을지로입구,10,1
20250524,방배,을지로입구,13,2
20250524,방배,을지로입구,15,2
20250524,방배,을지로입구,16,1
20250524,방배,을지로입구,18,2
20250524,방배,이대,5,1
20250524,방배,이대,7,1
20250524,방배,이대,8,4
20250524,방배,이대,9,3
20250524,방배,이대,11,1
20250524,방배,이대,12,2
20250524,방배,이대,13,6
20250524,방배,이대,14,3
20250524,방배,이대,15,1
20250524,방배,이대,16,1
20250524,방배,이대,17,4
20250524,방배,이대,18,1
20250524,방배,이대,19,4
20250524,방배,이대,20,1
20250524,방배,이대,21,4
20250524,방배,이대,22,5
20250524,방배,이대,23,1
20250524,방배,잠실(송파구청),5,1
20250524,방배,잠실(송파구청),6,20
20250524,방배,잠실(송파구청),7,8
20250524,방배,잠실(송파구청),8,13
20250524,방배,잠실(송파구청),9,29
20250524,방배,잠실(송파구청),10,25
20250524,방배,잠실(송파구청),11,28
20250524,방배,잠실(송파구청),12,40
20250524,방배,잠실(송파구청),13,37
20250524,방배,잠실(송파구청),14,53
20250524,방배,잠실(송파구청),15,32
20250524,방배,잠실(송파구청),16,31
20250524,방배,잠실(송파구청),17,59
20250524,방배,잠실(송파구청),18,33
20250524,방배,잠실(송파구청),19,15
20250524,방배,잠실(송파구청),20,9
20250524,방배,잠실(송파구청),21,12
20250524,방배,잠실(송파구청),22,18
20250524,방배,잠실(송파구청),23,10
20250524,방배,잠실나루,5,1
20250524,방배,잠실나루,6,1
20250524,방배,잠실나루,7,1
20250524,방배,잠실나루,9,2
20250524,방배,잠실나루,11,2
20250524,방배,잠실나루,13,1
20250524,방배,잠실나루,14,2
20250524,방배,잠실나루,16,5
20250524,방배,잠실나루,17,3
20250524,방배,잠실나루,18,1
20250524,방배,잠실나루,19,1
20250524,방배,잠실나루,20,4
20250524,방배,잠실나루,21,2
20250524,방배,잠실나루,22,3
20250524,방배,잠실새내,7,2
20250524,방배,잠실새내,8,2
20250524,방배,잠실새내,9,8
20250524,방배,잠실새내,10,6
20250524,방배,잠실새내,11,3
20250524,방배,잠실새내,12,8
20250524,방배,잠실새내,13,11
20250524,방배,잠실새내,14,18
20250524,방배,잠실새내,15,5
20250524,방배,잠실새내,16,5
20250524,방배,잠실새내,17,5
20250524,방배,잠실새내,18,6
20250524,방배,잠실새내,19,2
20250524,방배,잠실새내,20,1
20250524,방배,잠실새내,21,4
20250524,방배,잠실새내,22,3
20250524,방배,잠실새내,23,1
20250524,방배,종합운동장,5,2
20250524,방배,종합운동장,6,4
20250524,방배,종합운동장,7,7
20250524,방배,종합운동장,8,9
20250524,방배,종합운동장,9,2
20250524,방배,종합운동장,10,5
20250524,방배,종합운동장,11,8
20250524,방배,종합운동장,12,6
20250524,방배,종합운동장,13,12
20250524,방배,종합운동장,14,5
20250524,방배,종합운동장,15,24
20250524,방배,종합운동장,16,32
20250524,방배,종합운동장,17,4
20250524,방배,종합운동장,18,6
20250524,방배,종합운동장,19,1
20250524,방배,종합운동장,20,5
20250524,방배,종합운동장,21,3
20250524,방배,충정로(경기대입구),9,2
20250524,방배,충정로(경기대입구),11,2
20250524,방배,충정로(경기대입구),14,1
20250524,방배,충정로(경기대입구),15,2
20250524,방배,충정로(경기대입구),19,1
20250524,방배,한양대,6,1
20250524,방배,한양대,7,1
20250524,방배,한양대,8,4
20250524,방배,한양대,9,4
20250524,방배,한양대,13,1
20250524,방배,한양대,14,3
20250524,방배,한양대,16,2
20250524,방배,한양대,18,2
20250524,방배,한양대,23,1
20250524,방배,합정,5,1
20250524,방배,합정,6,2
20250524,방배,합정,7,5
20250524,방배,합정,8,5
20250524,방배,합정,9,4
20250524,방배,합정,10,7
20250524,방배,합정,11,14
20250524,방배,합정,12,16
20250524,방배,합정,13,7
20250524,방배,합정,14,12
20250524,방배,합정,15,14
20250524,방배,합정,16,9
20250524,방배,합정,17,15
20250524,방배,합정,18,9
20250524,방배,합정,19,14
20250524,방배,합정,20,2
20250524,방배,합정,21,5
20250524,방배,합정,22,1
20250524,방배,합정,23,2
20250524,방배,홍대입구,6,3
20250524,방배,홍대입구,7,1
20250524,방배,홍대입구,8,5
20250524,방배,홍대입구,9,11
20250524,방배,홍대입구,10,21
20250524,방배,홍대입구,11,12
20250524,방배,홍대입구,12,18
20250524,방배,홍대입구,13,18
20250524,방배,홍대입구,14,35
20250524,방배,홍대입구,15,23
20250524,방배,홍대입구,16,25
20250524,방배,홍대입구,17,32
20250524,방배,홍대입구,18,18
20250524,방배,홍대입구,19,15
20250524,방배,홍대입구,20,5
20250524,방배,홍대입구,21,3
20250524,방배,홍대입구,22,4
20250524,방배,홍대입구,23,2
20250524,봉천,강남,5,20
20250524,봉천,강남,6,34
20250524,봉천,강남,7,50
20250524,봉천,강남,8,114
20250524,봉천,강남,9,170
20250524,봉천,강남,10,95
20250524,봉천,강남,11,78
20250524,봉천,강남,12,84
20250524,봉천,강남,13,78
20250524,봉천,강남,14,72
20250524,봉천,강남,15,52
20250524,봉천,강남,16,52
20250524,봉천,강남,17,59
20250524,봉천,강남,18,27
20250524,봉천,강남,19,20
20250524,봉천,강남,20,14
20250524,봉천,강남,21,10
20250524,봉천,강남,22,8
20250524,봉천,강남,23,10
20250524,봉천,강변(동서울터미널),5,11
20250524,봉천,강변(동서울터미널),6,6
20250524,봉천,강변(동서울터미널),7,4
20250524,봉천,강변(동서울터미널),8,8
20250524,봉천,강변(동서울터미널),9,5
20250524,봉천,강변(동서울터미널),10,11
20250524,봉천,강변(동서울터미널),11,9
20250524,봉천,강변(동서울터미널),12,6
20250524,봉천,강변(동서울터미널),13,7
20250524,봉천,강변(동서울터미널),14,5
20250524,봉천,강변(동서울터미널),15,4
20250524,봉천,강변(동서울터미널),16,5
20250524,봉천,강변(동서울터미널),17,10
20250524,봉천,강변(동서울터미널),18,4
20250524,봉천,강변(동서울터미널),19,6
20250524,봉천,강변(동서울터미널),20,1
20250524,봉천,강변(동서울터미널),21,5
20250524,봉천,강변(동서울터미널),22,3
20250524,봉천,강변(동서울터미널),23,2
20250524,봉천,건대입구,5,2
20250524,봉천,건대입구,7,9
20250524,봉천,건대입구,8,9
20250524,봉천,건대입구,9,7
20250524,봉천,건대입구,10,12
20250524,봉천,건대입구,11,15
20250524,봉천,건대입구,12,9
20250524,봉천,건대입구,13,8
20250524,봉천,건대입구,14,11
20250524,봉천,건대입구,15,5
20250524,봉천,건대입구,16,8
20250524,봉천,건대입구,17,10
20250524,봉천,건대입구,18,5
20250524,봉천,건대입구,19,3
20250524,봉천,건대입구,20,4
20250524,봉천,건대입구,21,3
20250524,봉천,건대입구,22,3
20250524,봉천,건대입구,23,1
20250524,봉천,교대(법원.검찰청),5,13
20250524,봉천,교대(법원.검찰청),6,13
20250524,봉천,교대(법원.검찰청),7,25
20250524,봉천,교대(법원.검찰청),8,36
20250524,봉천,교대(법원.검찰청),9,44
20250524,봉천,교대(법원.검찰청),10,24
20250524,봉천,교대(법원.검찰청),11,15
20250524,봉천,교대(법원.검찰청),12,20
20250524,봉천,교대(법원.검찰청),13,13
20250524,봉천,교대(법원.검찰청),14,21
20250524,봉천,교대(법원.검찰청),15,18
20250524,봉천,교대(법원.검찰청),16,12
20250524,봉천,교대(법원.검찰청),17,6
20250524,봉천,교대(법원.검찰청),18,8
20250524,봉천,교대(법원.검찰청),19,7
20250524,봉천,교대(법원.검찰청),20,3
20250524,봉천,교대(법원.검찰청),21,5
20250524,봉천,교대(법원.검찰청),22,2
20250524,봉천,교대(법원.검찰청),23,2
20250524,봉천,구로디지털단지,5,1
20250524,봉천,구로디지털단지,6,6
20250524,봉천,구로디지털단지,7,22
20250524,봉천,구로디지털단지,8,30
20250524,봉천,구로디지털단지,9,33
20250524,봉천,구로디지털단지,10,38
20250524,봉천,구로디지털단지,11,32
20250524,봉천,구로디지털단지,12,42
20250524,봉천,구로디지털단지,13,42
20250524,봉천,구로디지털단지,14,41
20250524,봉천,구로디지털단지,15,12
20250524,봉천,구로디지털단지,16,26
20250524,봉천,구로디지털단지,17,36
20250524,봉천,구로디지털단지,18,19
20250524,봉천,구로디지털단지,19,32
20250524,봉천,구로디지털단지,20,23
20250524,봉천,구로디지털단지,21,33
20250524,봉천,구로디지털단지,22,22
20250524,봉천,구로디지털단지,23,8
20250524,봉천,구의(광진구청),6,2
20250524,봉천,구의(광진구청),7,3
20250524,봉천,구의(광진구청),8,3
20250524,봉천,구의(광진구청),9,4
20250524,봉천,구의(광진구청),10,5
20250524,봉천,구의(광진구청),11,2
20250524,봉천,구의(광진구청),12,3
20250524,봉천,구의(광진구청),13,4
20250524,봉천,구의(광진구청),14,6
20250524,봉천,구의(광진구청),15,3
20250524,봉천,구의(광진구청),16,4
20250524,봉천,구의(광진구청),17,2
20250524,봉천,구의(광진구청),19,5
20250524,봉천,구의(광진구청),20,6
20250524,봉천,구의(광진구청),21,4
20250524,봉천,구의(광진구청),22,2
20250524,봉천,구의(광진구청),23,2
20250524,봉천,낙성대,5,9
20250524,봉천,낙성대,6,16
20250524,봉천,낙성대,7,8
20250524,봉천,낙성대,8,34
20250524,봉천,낙성대,9,41
20250524,봉천,낙성대,10,48
20250524,봉천,낙성대,11,41
20250524,봉천,낙성대,12,44
20250524,봉천,낙성대,13,32
20250524,봉천,낙성대,14,36
20250524,봉천,낙성대,15,43
20250524,봉천,낙성대,16,29
20250524,봉천,낙성대,17,38
20250524,봉천,낙성대,18,32
20250524,봉천,낙성대,19,29
20250524,봉천,낙성대,20,30
20250524,봉천,낙성대,21,23
20250524,봉천,낙성대,22,12
20250524,봉천,낙성대,23,7
20250524,봉천,당산,5,1
20250524,봉천,당산,6,2
20250524,봉천,당산,7,7
20250524,봉천,당산,8,15
20250524,봉천,당산,9,15
20250524,봉천,당산,10,8
20250524,봉천,당산,11,12
20250524,봉천,당산,12,12
20250524,봉천,당산,13,9
20250524,봉천,당산,14,10
20250524,봉천,당산,15,18
20250524,봉천,당산,16,5
20250524,봉천,당산,17,9
20250524,봉천,당산,18,7
20250524,봉천,당산,19,8
20250524,봉천,당산,20,8
20250524,봉천,당산,21,6
20250524,봉천,당산,22,1
20250524,봉천,당산,23,1
20250524,봉천,대림(구로구청),5,6
20250524,봉천,대림(구로구청),6,3
20250524,봉천,대림(구로구청),7,9
20250524,봉천,대림(구로구청),8,25
20250524,봉천,대림(구로구청),9,12
20250524,봉천,대림(구로구청),10,25
20250524,봉천,대림(구로구청),11,44
20250524,봉천,대림(구로구청),12,18
20250524,봉천,대림(구로구청),13,22
20250524,봉천,대림(구로구청),14,21
20250524,봉천,대림(구로구청),15,22
20250524,봉천,대림(구로구청),16,24
20250524,봉천,대림(구로구청),17,16
20250524,봉천,대림(구로구청),18,13
20250524,봉천,대림(구로구청),19,11
20250524,봉천,대림(구로구청),20,11
20250524,봉천,대림(구로구청),21,15
20250524,봉천,대림(구로구청),22,10
20250524,봉천,대림(구로구청),23,6
20250524,봉천,동대문역사문화공원,5,1
20250524,봉천,동대문역사문화공원,7,4
20250524,봉천,동대문역사문화공원,8,9
20250524,봉천,동대문역사문화공원,9,5
20250524,봉천,동대문역사문화공원,10,9
20250524,봉천,동대문역사문화공원,11,6
20250524,봉천,동대문역사문화공원,12,6
20250524,봉천,동대문역사문화공원,13,9
20250524,봉천,동대문역사문화공원,14,3
20250524,봉천,동대문역사문화공원,15,6
20250524,봉천,동대문역사문화공원,16,3
20250524,봉천,동대문역사문화공원,17,2
20250524,봉천,동대문역사문화공원,18,1
20250524,봉천,동대문역사문화공원,19,1
20250524,봉천,동대문역사문화공원,22,3
20250524,봉천,뚝섬,7,1
20250524,봉천,뚝섬,8,3
20250524,봉천,뚝섬,9,5
20250524,봉천,뚝섬,10,7
20250524,봉천,뚝섬,11,3
20250524,봉천,뚝섬,12,5
20250524,봉천,뚝섬,13,3
20250524,봉천,뚝섬,14,3
20250524,봉천,뚝섬,15,3
20250524,봉천,뚝섬,16,4
20250524,봉천,뚝섬,17,2
20250524,봉천,뚝섬,18,1
20250524,봉천,뚝섬,19,1
20250524,봉천,뚝섬,20,1
20250524,봉천,문래,5,3
20250524,봉천,문래,6,2
20250524,봉천,문래,7,9
20250524,봉천,문래,8,8
20250524,봉천,문래,9,6
20250524,봉천,문래,10,11
20250524,봉천,문래,11,15
20250524,봉천,문래,12,10
20250524,봉천,문래,13,21
20250524,봉천,문래,14,15
20250524,봉천,문래,15,14
20250524,봉천,문래,16,12
20250524,봉천,문래,17,20
20250524,봉천,문래,18,13
20250524,봉천,문래,19,6
20250524,봉천,문래,20,5
20250524,봉천,문래,21,4
20250524,봉천,문래,23,3
20250524,봉천,방배,5,6
20250524,봉천,방배,6,10
20250524,봉천,방배,7,12
20250524,봉천,방배,8,36
20250524,봉천,방배,9,35
20250524,봉천,방배,10,16
20250524,봉천,방배,11,16
20250524,봉천,방배,12,19
20250524,봉천,방배,13,13
20250524,봉천,방배,14,13
20250524,봉천,방배,15,12
20250524,봉천,방배,16,12
20250524,봉천,방배,17,4
20250524,봉천,방배,18,3
20250524,봉천,방배,19,2
20250524,봉천,방배,20,3
20250524,봉천,방배,21,2
20250524,봉천,방배,22,2
20250524,봉천,방배,23,5
20250524,봉천,봉천,5,2
20250524,봉천,봉천,6,3
20250524,봉천,봉천,7,5
20250524,봉천,봉천,8,7
20250524,봉천,봉천,9,12
20250524,봉천,봉천,10,13
20250524,봉천,봉천,11,12
20250524,봉천,봉천,12,10
20250524,봉천,봉천,13,9
20250524,봉천,봉천,14,21
20250524,봉천,봉천,15,9
20250524,봉천,봉천,16,17
20250524,봉천,봉천,17,7
20250524,봉천,봉천,18,12
20250524,봉천,봉천,19,12
20250524,봉천,봉천,20,8
20250524,봉천,봉천,21,2
20250524,봉천,봉천,22,12
20250524,봉천,봉천,23,5
20250524,봉천,사당,5,5
20250524,봉천,사당,6,27
20250524,봉천,사당,7,28
20250524,봉천,사당,8,27
20250524,봉천,사당,9,43
20250524,봉천,사당,10,44
20250524,봉천,사당,11,37
20250524,봉천,사당,12,55
20250524,봉천,사당,13,45
20250524,봉천,사당,14,44
20250524,봉천,사당,15,44
20250524,봉천,사당,16,43
20250524,봉천,사당,17,42
20250524,봉천,사당,18,53
20250524,봉천,사당,19,27
20250524,봉천,사당,20,34
20250524,봉천,사당,21,16
20250524,봉천,사당,22,13
20250524,봉천,사당,23,8
20250524,봉천,삼성(무역센터),5,14
20250524,봉천,삼성(무역센터),6,23
20250524,봉천,삼성(무역센터),7,26
20250524,봉천,삼성(무역센터),8,46
20250524,봉천,삼성(무역센터),9,44
20250524,봉천,삼성(무역센터),10,35
20250524,봉천,삼성(무역센터),11,23
20250524,봉천,삼성(무역센터),12,21
20250524,봉천,삼성(무역센터),13,18
20250524,봉천,삼성(무역센터),14,13
20250524,봉천,삼성(무역센터),15,17
20250524,봉천,삼성(무역센터),16,15
20250524,봉천,삼성(무역센터),17,17
20250524,봉천,삼성(무역센터),18,5
20250524,봉천,삼성(무역센터),19,5
20250524,봉천,삼성(무역센터),20,4
20250524,봉천,삼성(무역센터),21,4
20250524,봉천,삼성(무역센터),22,3
20250524,봉천,삼성(무역센터),23,2
20250524,봉천,상왕십리,5,1
20250524,봉천,상왕십리,6,1
20250524,봉천,상왕십리,8,1
20250524,봉천,상왕십리,11,1
20250524,봉천,상왕십리,12,3
20250524,봉천,상왕십리,15,1
20250524,봉천,상왕십리,16,2
20250524,봉천,상왕십리,19,1
20250524,봉천,상왕십리,20,1
20250524,봉천,상왕십리,21,2
20250524,봉천,서울대입구(관악구청),0,2
20250524,봉천,서울대입구(관악구청),5,4
20250524,봉천,서울대입구(관악구청),6,7
20250524,봉천,서울대입구(관악구청),7,11
20250524,봉천,서울대입구(관악구청),8,31
20250524,봉천,서울대입구(관악구청),9,62
20250524,봉천,서울대입구(관악구청),10,48
20250524,봉천,서울대입구(관악구청),11,60
20250524,봉천,서울대입구(관악구청),12,58
20250524,봉천,서울대입구(관악구청),13,71
20250524,봉천,서울대입구(관악구청),14,65
20250524,봉천,서울대입구(관악구청),15,57
20250524,봉천,서울대입구(관악구청),16,42
20250524,봉천,서울대입구(관악구청),17,64
20250524,봉천,서울대입구(관악구청),18,38
20250524,봉천,서울대입구(관악구청),19,32
20250524,봉천,서울대입구(관악구청),20,22
20250524,봉천,서울대입구(관악구청),21,11
20250524,봉천,서울대입구(관악구청),22,13
20250524,봉천,서울대입구(관악구청),23,10
20250524,봉천,서초,5,18
20250524,봉천,서초,6,28
20250524,봉천,서초,7,24
20250524,봉천,서초,8,40
20250524,봉천,서초,9,20
20250524,봉천,서초,10,21
20250524,봉천,서초,11,16
20250524,봉천,서초,12,27
20250524,봉천,서초,13,15
20250524,봉천,서초,14,15
20250524,봉천,서초,15,12
20250524,봉천,서초,16,15
20250524,봉천,서초,17,10
20250524,봉천,서초,18,2
20250524,봉천,서초,19,6
20250524,봉천,서초,20,2
20250524,봉천,서초,21,4
20250524,봉천,서초,22,3
20250524,봉천,서초,23,4
20250524,봉천,선릉,5,9
20250524,봉천,선릉,6,20
20250524,봉천,선릉,7,18
20250524,봉천,선릉,8,51
20250524,봉천,선릉,9,64
20250524,봉천,선릉,10,47
20250524,봉천,선릉,11,41
20250524,봉천,선릉,12,36
20250524,봉천,선릉,13,22
20250524,봉천,선릉,14,16
20250524,봉천,선릉,15,20
20250524,봉천,선릉,16,19
20250524,봉천,선릉,17,21
20250524,봉천,선릉,18,9
20250524,봉천,선릉,19,4
20250524,봉천,선릉,20,9
20250524,봉천,선릉,21,4
20250524,봉천,선릉,22,1
20250524,봉천,선릉,23,2
20250524,봉천,성수,5,3
20250524,봉천,성수,6,7
20250524,봉천,성수,7,3
20250524,봉천,성수,8,4
20250524,봉천,성수,9,13
20250524,봉천,성수,10,11
20250524,봉천,성수,11,14
20250524,봉천,성수,12,14
20250524,봉천,성수,13,12
20250524,봉천,성수,14,6
20250524,봉천,성수,15,17
20250524,봉천,성수,16,10
20250524,봉천,성수,17,11
20250524,봉천,성수,18,4
20250524,봉천,성수,19,1
20250524,봉천,성수,20,3
20250524,봉천,성수,23,1
20250524,봉천,시청,6,2
20250524,봉천,시청,7,5
20250524,봉천,시청,8,6
20250524,봉천,시청,9,5
20250524,봉천,시청,10,4
20250524,봉천,시청,11,9
20250524,봉천,시청,12,5
20250524,봉천,시청,13,5
20250524,봉천,시청,14,2
20250524,봉천,시청,15,4
20250524,봉천,시청,16,6
20250524,봉천,시청,17,5
20250524,봉천,신당,5,2
20250524,봉천,신당,6,2
20250524,봉천,신당,7,2
20250524,봉천,신당,8,5
20250524,봉천,신당,10,4
20250524,봉천,신당,11,4
20250524,봉천,신당,12,1
20250524,봉천,신당,13,1
20250524,봉천,신당,14,2
20250524,봉천,신당,15,3
20250524,봉천,신당,16,1
20250524,봉천,신당,17,2
20250524,봉천,신당,21,3
20250524,봉천,신대방,5,5
20250524,봉천,신대방,6,6
20250524,봉천,신대방,7,14
20250524,봉천,신대방,8,20
20250524,봉천,신대방,9,18
20250524,봉천,신대방,10,28
20250524,봉천,신대방,11,31
20250524,봉천,신대방,12,27
20250524,봉천,신대방,13,37
20250524,봉천,신대방,14,29
20250524,봉천,신대방,15,30
20250524,봉천,신대방,16,24
20250524,봉천,신대방,17,25
20250524,봉천,신대방,18,20
20250524,봉천,신대방,19,16
20250524,봉천,신대방,20,18
20250524,봉천,신대방,21,9
20250524,봉천,신대방,22,16
20250524,봉천,신대방,23,11
20250524,봉천,신도림,5,4
20250524,봉천,신도림,6,10
20250524,봉천,신도림,7,11
20250524,봉천,신도림,8,22
20250524,봉천,신도림,9,32
20250524,봉천,신도림,10,26
20250524,봉천,신도림,11,52
20250524,봉천,신도림,12,35
20250524,봉천,신도림,13,29
20250524,봉천,신도림,14,24
20250524,봉천,신도림,15,30
20250524,봉천,신도림,16,24
20250524,봉천,신도림,17,39
20250524,봉천,신도림,18,16
20250524,봉천,신도림,19,17
20250524,봉천,신도림,20,8
20250524,봉천,신도림,21,16
20250524,봉천,신도림,22,5
20250524,봉천,신도림,23,13
20250524,봉천,신림,5,11
20250524,봉천,신림,6,15
20250524,봉천,신림,7,10
20250524,봉천,신림,8,32
20250524,봉천,신림,9,39
20250524,봉천,신림,10,71
20250524,봉천,신림,11,76
20250524,봉천,신림,12,85
20250524,봉천,신림,13,86
20250524,봉천,신림,14,84
20250524,봉천,신림,15,67
20250524,봉천,신림,16,61
20250524,봉천,신림,17,75
20250524,봉천,신림,18,74
20250524,봉천,신림,19,60
20250524,봉천,신림,20,61
20250524,봉천,신림,21,41
20250524,봉천,신림,22,49
20250524,봉천,신림,23,21
20250524,봉천,신촌,5,6
20250524,봉천,신촌,6,3
20250524,봉천,신촌,7,9
20250524,봉천,신촌,8,11
20250524,봉천,신촌,9,15
20250524,봉천,신촌,10,12
20250524,봉천,신촌,11,17
20250524,봉천,신촌,12,28
20250524,봉천,신촌,13,16
20250524,봉천,신촌,14,15
20250524,봉천,신촌,15,18
20250524,봉천,신촌,16,12
20250524,봉천,신촌,17,15
20250524,봉천,신촌,18,6
20250524,봉천,신촌,19,8
20250524,봉천,신촌,20,8
20250524,봉천,신촌,21,2
20250524,봉천,신촌,22,5
20250524,봉천,아현,6,2
20250524,봉천,아현,7,2
20250524,봉천,아현,8,2
20250524,봉천,아현,9,1
20250524,봉천,아현,10,2
20250524,봉천,아현,11,1
20250524,봉천,아현,12,2
20250524,봉천,아현,13,2
20250524,봉천,아현,14,1
20250524,봉천,아현,15,3
20250524,봉천,아현,16,1
20250524,봉천,아현,17,1
20250524,봉천,아현,18,3
20250524,봉천,아현,19,1
20250524,봉천,아현,20,3
20250524,봉천,역삼,5,10
20250524,봉천,역삼,6,12
20250524,봉천,역삼,7,34
20250524,봉천,역삼,8,39
20250524,봉천,역삼,9,50
20250524,봉천,역삼,10,33
20250524,봉천,역삼,11,33
20250524,봉천,역삼,12,29
20250524,봉천,역삼,13,26
20250524,봉천,역삼,14,21
20250524,봉천,역삼,15,21
20250524,봉천,역삼,16,10
20250524,봉천,역삼,17,11
20250524,봉천,역삼,18,5
20250524,봉천,역삼,19,2
20250524,봉천,역삼,20,3
20250524,봉천,역삼,21,4
20250524,봉천,역삼,22,2
20250524,봉천,역삼,23,2
20250524,봉천,영등포구청,5,2
20250524,봉천,영등포구청,6,3
20250524,봉천,영등포구청,7,11
20250524,봉천,영등포구청,8,18
20250524,봉천,영등포구청,9,11
20250524,봉천,영등포구청,10,12
20250524,봉천,영등포구청,11,16
20250524,봉천,영등포구청,12,15
20250524,봉천,영등포구청,13,12
20250524,봉천,영등포구청,14,9
20250524,봉천,영등포구청,15,8
20250524,봉천,영등포구청,16,6
20250524,봉천,영등포구청,17,9
20250524,봉천,영등포구청,18,6
20250524,봉천,영등포구청,19,11
20250524,봉천,영등포구청,20,7
20250524,봉천,영등포구청,21,7
20250524,봉천,영등포구청,22,1
20250524,봉천,영등포구청,23,1
20250524,봉천,왕십리(성동구청),5,1
20250524,봉천,왕십리(성동구청),7,2
20250524,봉천,왕십리(성동구청),8,4
20250524,봉천,왕십리(성동구청),11,3
20250524,봉천,왕십리(성동구청),12,2
20250524,봉천,왕십리(성동구청),13,1
20250524,봉천,왕십리(성동구청),15,2
20250524,봉천,왕십리(성동구청),17,3
20250524,봉천,왕십리(성동구청),18,4
20250524,봉천,왕십리(성동구청),19,2
20250524,봉천,왕십리(성동구청),21,1
20250524,봉천,용두(동대문구청),9,2
20250524,봉천,용두(동대문구청),13,1
20250524,봉천,용두(동대문구청),18,1
20250524,봉천,을지로3가,5,2
20250524,봉천,을지로3가,6,3
20250524,봉천,을지로3가,7,2
20250524,봉천,을지로3가,8,1
20250524,봉천,을지로3가,9,2
20250524,봉천,을지로3가,10,4
20250524,봉천,을지로3가,11,4
20250524,봉천,을지로3가,12,5
20250524,봉천,을지로3가,13,5
20250524,봉천,을지로3가,14,7
20250524,봉천,을지로3가,15,4
20250524,봉천,을지로3가,16,4
20250524,봉천,을지로3가,17,4
20250524,봉천,을지로3가,18,2
20250524,봉천,을지로3가,22,2
20250524,봉천,을지로4가,4,1
20250524,봉천,을지로4가,5,1
20250524,봉천,을지로4가,6,2
20250524,봉천,을지로4가,7,7
20250524,봉천,을지로4가,8,6
20250524,봉천,을지로4가,9,2
20250524,봉천,을지로4가,10,6
20250524,봉천,을지로4가,11,5
20250524,봉천,을지로4가,12,8
20250524,봉천,을지로4가,13,7
20250524,봉천,을지로4가,14,3
20250524,봉천,을지로4가,15,1
20250524,봉천,을지로4가,16,1
20250524,봉천,을지로입구,5,3
20250524,봉천,을지로입구,6,6
20250524,봉천,을지로입구,7,9
20250524,봉천,을지로입구,8,9
20250524,봉천,을지로입구,9,11
20250524,봉천,을지로입구,10,9
20250524,봉천,을지로입구,11,9
20250524,봉천,을지로입구,12,8
20250524,봉천,을지로입구,13,8
20250524,봉천,을지로입구,14,8
20250524,봉천,을지로입구,15,10
20250524,봉천,을지로입구,16,5
20250524,봉천,을지로입구,17,6
20250524,봉천,을지로입구,18,2
20250524,봉천,을지로입구,19,2
20250524,봉천,을지로입구,20,1
20250524,봉천,을지로입구,21,1
20250524,봉천,이대,5,1
20250524,봉천,이대,6,2
20250524,봉천,이대,8,6
20250524,봉천,이대,9,8
20250524,봉천,이대,10,3
20250524,봉천,이대,11,7
20250524,봉천,이대,12,10
20250524,봉천,이대,13,4
20250524,봉천,이대,14,6
20250524,봉천,이대,15,3
20250524,봉천,이대,16,2
20250524,봉천,이대,17,5
20250524,봉천,이대,18,2
20250524,봉천,이대,20,4
20250524,봉천,이대,21,3
20250524,봉천,이대,22,2
20250524,봉천,잠실(송파구청),5,8
20250524,봉천,잠실(송파구청),6,19
20250524,봉천,잠실(송파구청),7,22
20250524,봉천,잠실(송파구청),8,41
20250524,봉천,잠실(송파구청),9,43
20250524,봉천,잠실(송파구청),10,32
20250524,봉천,잠실(송파구청),11,35
20250524,봉천,잠실(송파구청),12,44
20250524,봉천,잠실(송파구청),13,31
20250524,봉천,잠실(송파구청),14,23
20250524,봉천,잠실(송파구청),15,41
20250524,봉천,잠실(송파구청),16,28
20250524,봉천,잠실(송파구청),17,30
20250524,봉천,잠실(송파구청),18,23
20250524,봉천,잠실(송파구청),19,22
20250524,봉천,잠실(송파구청),20,16
20250524,봉천,잠실(송파구청),21,3
20250524,봉천,잠실(송파구청),22,9
20250524,봉천,잠실(송파구청),23,3
20250524,봉천,잠실나루,5,8
20250524,봉천,잠실나루,6,5
20250524,봉천,잠실나루,7,5
20250524,봉천,잠실나루,8,1
20250524,봉천,잠실나루,9,4
20250524,봉천,잠실나루,10,3
20250524,봉천,잠실나루,11,6
20250524,봉천,잠실나루,13,1
20250524,봉천,잠실나루,14,2
20250524,봉천,잠실나루,15,2
20250524,봉천,잠실나루,17,1
20250524,봉천,잠실나루,19,1
20250524,봉천,잠실나루,20,4
20250524,봉천,잠실나루,21,2
20250524,봉천,잠실새내,6,6
20250524,봉천,잠실새내,7,3
20250524,봉천,잠실새내,8,12
20250524,봉천,잠실새내,9,10
20250524,봉천,잠실새내,10,6
20250524,봉천,잠실새내,11,1
20250524,봉천,잠실새내,12,13
20250524,봉천,잠실새내,13,9
20250524,봉천,잠실새내,14,3
20250524,봉천,잠실새내,15,11
20250524,봉천,잠실새내,16,10
20250524,봉천,잠실새내,17,4
20250524,봉천,잠실새내,18,4
20250524,봉천,잠실새내,19,1
20250524,봉천,잠실새내,20,4
20250524,봉천,잠실새내,21,3
20250524,봉천,잠실새내,22,1
20250524,봉천,잠실새내,23,2
20250524,봉천,종합운동장,5,2
20250524,봉천,종합운동장,6,4
20250524,봉천,종합운동장,7,5
20250524,봉천,종합운동장,8,6
20250524,봉천,종합운동장,9,6
20250524,봉천,종합운동장,10,7
20250524,봉천,종합운동장,11,7
20250524,봉천,종합운동장,12,4
20250524,봉천,종합운동장,13,3
20250524,봉천,종합운동장,14,14
20250524,봉천,종합운동장,15,32
20250524,봉천,종합운동장,16,20
20250524,봉천,종합운동장,17,4
20250524,봉천,종합운동장,18,2
20250524,봉천,종합운동장,20,2
20250524,봉천,충정로(경기대입구),6,1
20250524,봉천,충정로(경기대입구),7,3
20250524,봉천,충정로(경기대입구),8,1
20250524,봉천,충정로(경기대입구),9,3
20250524,봉천,충정로(경기대입구),10,3
20250524,봉천,충정로(경기대입구),12,6
20250524,봉천,충정로(경기대입구),13,1
20250524,봉천,충정로(경기대입구),15,2
20250524,봉천,충정로(경기대입구),17,3
20250524,봉천,충정로(경기대입구),19,1
20250524,봉천,한양대,6,1
20250524,봉천,한양대,7,3
20250524,봉천,한양대,9,4
20250524,봉천,한양대,10,1
20250524,봉천,한양대,11,2
20250524,봉천,한양대,12,2
20250524,봉천,한양대,13,1
20250524,봉천,한양대,14,1
20250524,봉천,한양대,15,2
20250524,봉천,한양대,20,1
20250524,봉천,합정,5,3
20250524,봉천,합정,6,9
20250524,봉천,합정,7,6
20250524,봉천,합정,8,16
20250524,봉천,합정,9,35
20250524,봉천,합정,10,30
20250524,봉천,합정,11,26
20250524,봉천,합정,12,43
20250524,봉천,합정,13,26
20250524,봉천,합정,14,27
20250524,봉천,합정,15,43
20250524,봉천,합정,16,35
20250524,봉천,합정,17,26
20250524,봉천,합정,18,15
20250524,봉천,합정,19,5
20250524,봉천,합정,20,11
20250524,봉천,합정,21,9
20250524,봉천,합정,22,7
20250524,봉천,합정,23,10
20250524,봉천,홍대입구,5,3
20250524,봉천,홍대입구,6,7
20250524,봉천,홍대입구,7,7
20250524,봉천,홍대입구,8,27
20250524,봉천,홍대입구,9,34
20250524,봉천,홍대입구,10,38
20250524,봉천,홍대입구,11,51
20250524,봉천,홍대입구,12,50
20250524,봉천,홍대입구,13,42
20250524,봉천,홍대입구,14,53
20250524,봉천,홍대입구,15,50
20250524,봉천,홍대입구,16,35
20250524,봉천,홍대입구,17,50
20250524,봉천,홍대입구,18,24
20250524,봉천,홍대입구,19,33
20250524,봉천,홍대입구,20,16
20250524,봉천,홍대입구,21,10
20250524,봉천,홍대입구,22,12
20250524,봉천,홍대입구,23,6
20250524,사당,강남,5,10
20250524,사당,강남,6,27
20250524,사당,강남,7,41
20250524,사당,강남,8,130
20250524,사당,강남,9,162
20250524,사당,강남,10,120
20250524,사당,강남,11,127
20250524,사당,강남,12,111
20250524,사당,강남,13,151
20250524,사당,강남,14,131
20250524,사당,강남,15,124
20250524,사당,강남,16,119
20250524,사당,강남,17,106
20250524,사당,강남,18,105
20250524,사당,강남,19,120
20250524,사당,강남,20,72
20250524,사당,강남,21,90
20250524,사당,강남,22,68
20250524,사당,강남,23,63
20250524,사당,강변(동서울터미널),5,3
20250524,사당,강변(동서울터미널),6,5
20250524,사당,강변(동서울터미널),7,11
20250524,사당,강변(동서울터미널),8,5
20250524,사당,강변(동서울터미널),9,13
20250524,사당,강변(동서울터미널),10,13
20250524,사당,강변(동서울터미널),11,8
20250524,사당,강변(동서울터미널),12,14
20250524,사당,강변(동서울터미널),13,21
20250524,사당,강변(동서울터미널),14,12
20250524,사당,강변(동서울터미널),15,13
20250524,사당,강변(동서울터미널),16,14
20250524,사당,강변(동서울터미널),17,12
20250524,사당,강변(동서울터미널),18,21
20250524,사당,강변(동서울터미널),19,9
20250524,사당,강변(동서울터미널),20,19
20250524,사당,강변(동서울터미널),21,22
20250524,사당,강변(동서울터미널),22,12
20250524,사당,강변(동서울터미널),23,3
20250524,사당,건대입구,5,1
20250524,사당,건대입구,6,2
20250524,사당,건대입구,7,4
20250524,사당,건대입구,8,5
20250524,사당,건대입구,9,4
20250524,사당,건대입구,10,9
20250524,사당,건대입구,11,24
20250524,사당,건대입구,12,10
20250524,사당,건대입구,13,20
20250524,사당,건대입구,14,21
20250524,사당,건대입구,15,12
20250524,사당,건대입구,16,16
20250524,사당,건대입구,17,8
20250524,사당,건대입구,18,26
20250524,사당,건대입구,19,11
20250524,사당,건대입구,20,15
20250524,사당,건대입구,21,21
20250524,사당,건대입구,22,15
20250524,사당,건대입구,23,14
20250524,사당,교대(법원.검찰청),5,15
20250524,사당,교대(법원.검찰청),6,28
20250524,사당,교대(법원.검찰청),7,20
20250524,사당,교대(법원.검찰청),8,44
20250524,사당,교대(법원.검찰청),9,49
20250524,사당,교대(법원.검찰청),10,26
20250524,사당,교대(법원.검찰청),11,34
20250524,사당,교대(법원.검찰청),12,41
20250524,사당,교대(법원.검찰청),13,45
20250524,사당,교대(법원.검찰청),14,39
20250524,사당,교대(법원.검찰청),15,41
20250524,사당,교대(법원.검찰청),16,40
20250524,사당,교대(법원.검찰청),17,25
20250524,사당,교대(법원.검찰청),18,30
20250524,사당,교대(법원.검찰청),19,27
20250524,사당,교대(법원.검찰청),20,20
20250524,사당,교대(법원.검찰청),21,21
20250524,사당,교대(법원.검찰청),22,13
20250524,사당,교대(법원.검찰청),23,14
20250524,사당,구로디지털단지,5,1
20250524,사당,구로디지털단지,6,7
20250524,사당,구로디지털단지,7,21
20250524,사당,구로디지털단지,8,29
20250524,사당,구로디지털단지,9,27
20250524,사당,구로디지털단지,10,27
20250524,사당,구로디지털단지,11,30
20250524,사당,구로디지털단지,12,50
20250524,사당,구로디지털단지,13,43
20250524,사당,구로디지털단지,14,48
20250524,사당,구로디지털단지,15,50
20250524,사당,구로디지털단지,16,52
20250524,사당,구로디지털단지,17,62
20250524,사당,구로디지털단지,18,76
20250524,사당,구로디지털단지,19,69
20250524,사당,구로디지털단지,20,93
20250524,사당,구로디지털단지,21,92
20250524,사당,구로디지털단지,22,96
20250524,사당,구로디지털단지,23,44
20250524,사당,구의(광진구청),5,3
20250524,사당,구의(광진구청),6,3
20250524,사당,구의(광진구청),7,5
20250524,사당,구의(광진구청),8,5
20250524,사당,구의(광진구청),9,6
20250524,사당,구의(광진구청),10,6
20250524,사당,구의(광진구청),11,4
20250524,사당,구의(광진구청),12,11
20250524,사당,구의(광진구청),13,10
20250524,사당,구의(광진구청),14,13
20250524,사당,구의(광진구청),15,16
20250524,사당,구의(광진구청),16,16
20250524,사당,구의(광진구청),17,12
20250524,사당,구의(광진구청),18,17
20250524,사당,구의(광진구청),19,13
20250524,사당,구의(광진구청),20,27
20250524,사당,구의(광진구청),21,20
20250524,사당,구의(광진구청),22,20
20250524,사당,구의(광진구청),23,12
20250524,사당,낙성대,5,9
20250524,사당,낙성대,6,14
20250524,사당,낙성대,7,16
20250524,사당,낙성대,8,37
20250524,사당,낙성대,9,43
20250524,사당,낙성대,10,38
20250524,사당,낙성대,11,58
20250524,사당,낙성대,12,54
20250524,사당,낙성대,13,78
20250524,사당,낙성대,14,72
20250524,사당,낙성대,15,80
20250524,사당,낙성대,16,84
20250524,사당,낙성대,17,77
20250524,사당,낙성대,18,91
20250524,사당,낙성대,19,92
20250524,사당,낙성대,20,90
20250524,사당,낙성대,21,112
20250524,사당,낙성대,22,78
20250524,사당,낙성대,23,62
20250524,사당,당산,5,2
20250524,사당,당산,6,10
20250524,사당,당산,7,9
20250524,사당,당산,8,13
20250524,사당,당산,9,17
20250524,사당,당산,10,18
20250524,사당,당산,11,24
20250524,사당,당산,12,12
20250524,사당,당산,13,24
20250524,사당,당산,14,37
20250524,사당,당산,15,28
20250524,사당,당산,16,22
20250524,사당,당산,17,26
20250524,사당,당산,18,26
20250524,사당,당산,19,25
20250524,사당,당산,20,20
20250524,사당,당산,21,41
20250524,사당,당산,22,21
20250524,사당,당산,23,17
20250524,사당,대림(구로구청),5,1
20250524,사당,대림(구로구청),6,3
20250524,사당,대림(구로구청),7,8
20250524,사당,대림(구로구청),8,19
20250524,사당,대림(구로구청),9,21
20250524,사당,대림(구로구청),10,16
20250524,사당,대림(구로구청),11,24
20250524,사당,대림(구로구청),12,23
20250524,사당,대림(구로구청),13,11
20250524,사당,대림(구로구청),14,27
20250524,사당,대림(구로구청),15,37
20250524,사당,대림(구로구청),16,41
20250524,사당,대림(구로구청),17,29
20250524,사당,대림(구로구청),18,34
20250524,사당,대림(구로구청),19,29
20250524,사당,대림(구로구청),20,43
20250524,사당,대림(구로구청),21,47
20250524,사당,대림(구로구청),22,27
20250524,사당,대림(구로구청),23,28
20250524,사당,동대문역사문화공원,6,1
20250524,사당,동대문역사문화공원,7,3
20250524,사당,동대문역사문화공원,8,1
20250524,사당,동대문역사문화공원,11,4
20250524,사당,동대문역사문화공원,12,1
20250524,사당,동대문역사문화공원,13,4
20250524,사당,동대문역사문화공원,14,7
20250524,사당,동대문역사문화공원,16,3
20250524,사당,동대문역사문화공원,18,3
20250524,사당,동대문역사문화공원,20,4
20250524,사당,동대문역사문화공원,22,2
20250524,사당,뚝섬,6,3
20250524,사당,뚝섬,7,3
20250524,사당,뚝섬,8,8
20250524,사당,뚝섬,9,6
20250524,사당,뚝섬,10,6
20250524,사당,뚝섬,11,14
20250524,사당,뚝섬,12,13
20250524,사당,뚝섬,13,14
20250524,사당,뚝섬,14,10
20250524,사당,뚝섬,15,9
20250524,사당,뚝섬,16,3
20250524,사당,뚝섬,17,4
20250524,사당,뚝섬,18,1
20250524,사당,뚝섬,19,1
20250524,사당,뚝섬,20,2
20250524,사당,뚝섬,21,3
20250524,사당,뚝섬,22,3
20250524,사당,뚝섬,23,4
20250524,사당,문래,5,3
20250524,사당,문래,6,6
20250524,사당,문래,7,3
20250524,사당,문래,8,10
20250524,사당,문래,9,12
20250524,사당,문래,10,8
20250524,사당,문래,11,16
20250524,사당,문래,12,21
20250524,사당,문래,13,20
20250524,사당,문래,14,20
20250524,사당,문래,15,18
20250524,사당,문래,16,37
20250524,사당,문래,17,27
20250524,사당,문래,18,23
20250524,사당,문래,19,10
20250524,사당,문래,20,18
20250524,사당,문래,21,24
20250524,사당,문래,22,10
20250524,사당,문래,23,6
20250524,사당,방배,5,2
20250524,사당,방배,6,11
20250524,사당,방배,7,13
20250524,사당,방배,8,29
20250524,사당,방배,9,34
20250524,사당,방배,10,27
20250524,사당,방배,11,37
20250524,사당,방배,12,55
20250524,사당,방배,13,45
20250524,사당,방배,14,31
20250524,사당,방배,15,35
20250524,사당,방배,16,29
20250524,사당,방배,17,38
20250524,사당,방배,18,43
20250524,사당,방배,19,29
20250524,사당,방배,20,19
20250524,사당,방배,21,28
20250524,사당,방배,22,39
20250524,사당,방배,23,24
20250524,사당,봉천,5,5
20250524,사당,봉천,6,6
20250524,사당,봉천,7,18
20250524,사당,봉천,8,17
20250524,사당,봉천,9,17
20250524,사당,봉천,10,27
20250524,사당,봉천,11,41
20250524,사당,봉천,12,49
20250524,사당,봉천,13,44
20250524,사당,봉천,14,50
20250524,사당,봉천,15,42
20250524,사당,봉천,16,52
20250524,사당,봉천,17,56
20250524,사당,봉천,18,47
20250524,사당,봉천,19,52
20250524,사당,봉천,20,55
20250524,사당,봉천,21,75
20250524,사당,봉천,22,59
20250524,사당,봉천,23,48
20250524,사당,사당,4,1
20250524,사당,사당,5,4
20250524,사당,사당,6,9
20250524,사당,사당,7,16
20250524,사당,사당,8,18
20250524,사당,사당,9,24
20250524,사당,사당,10,24
20250524,사당,사당,11,42
20250524,사당,사당,12,51
20250524,사당,사당,13,52
20250524,사당,사당,14,55
20250524,사당,사당,15,51
20250524,사당,사당,16,57
20250524,사당,사당,17,43
20250524,사당,사당,18,49
20250524,사당,사당,19,46
20250524,사당,사당,20,49
20250524,사당,사당,21,49
20250524,사당,사당,22,58
20250524,사당,사당,23,51
20250524,사당,삼성(무역센터),5,12
20250524,사당,삼성(무역센터),6,21
20250524,사당,삼성(무역센터),7,31
20250524,사당,삼성(무역센터),8,54
20250524,사당,삼성(무역센터),9,60
20250524,사당,삼성(무역센터),10,47
20250524,사당,삼성(무역센터),11,65
20250524,사당,삼성(무역센터),12,67
20250524,사당,삼성(무역센터),13,74
20250524,사당,삼성(무역센터),14,53
20250524,사당,삼성(무역센터),15,42
20250524,사당,삼성(무역센터),16,52
20250524,사당,삼성(무역센터),17,33
20250524,사당,삼성(무역센터),18,18
20250524,사당,삼성(무역센터),19,14
20250524,사당,삼성(무역센터),20,20
20250524,사당,삼성(무역센터),21,18
20250524,사당,삼성(무역센터),22,17
20250524,사당,삼성(무역센터),23,18
20250524,사당,상왕십리,5,1
20250524,사당,상왕십리,7,1
20250524,사당,상왕십리,8,3
20250524,사당,상왕십리,9,1
20250524,사당,상왕십리,10,1
20250524,사당,상왕십리,13,1
20250524,사당,상왕십리,14,1
20250524,사당,상왕십리,15,2
20250524,사당,상왕십리,16,2
20250524,사당,상왕십리,17,1
20250524,사당,상왕십리,18,3
20250524,사당,상왕십리,19,3
20250524,사당,상왕십리,20,4
20250524,사당,상왕십리,21,10
20250524,사당,상왕십리,22,5
20250524,사당,상왕십리,23,1
20250524,사당,서울대입구(관악구청),5,7
20250524,사당,서울대입구(관악구청),6,12
20250524,사당,서울대입구(관악구청),7,30
20250524,사당,서울대입구(관악구청),8,51
20250524,사당,서울대입구(관악구청),9,77
20250524,사당,서울대입구(관악구청),10,53
20250524,사당,서울대입구(관악구청),11,89
20250524,사당,서울대입구(관악구청),12,101
20250524,사당,서울대입구(관악구청),13,102
20250524,사당,서울대입구(관악구청),14,137
20250524,사당,서울대입구(관악구청),15,115
20250524,사당,서울대입구(관악구청),16,147
20250524,사당,서울대입구(관악구청),17,115
20250524,사당,서울대입구(관악구청),18,129
20250524,사당,서울대입구(관악구청),19,98
20250524,사당,서울대입구(관악구청),20,89
20250524,사당,서울대입구(관악구청),21,146
20250524,사당,서울대입구(관악구청),22,102
20250524,사당,서울대입구(관악구청),23,118
20250524,사당,서초,5,13
20250524,사당,서초,6,28
20250524,사당,서초,7,12
20250524,사당,서초,8,20
20250524,사당,서초,9,27
20250524,사당,서초,10,18
20250524,사당,서초,11,21
20250524,사당,서초,12,40
20250524,사당,서초,13,33
20250524,사당,서초,14,31
20250524,사당,서초,15,17
20250524,사당,서초,16,15
20250524,사당,서초,17,18
20250524,사당,서초,18,13
20250524,사당,서초,19,19
20250524,사당,서초,20,20
20250524,사당,서초,21,20
20250524,사당,서초,22,24
20250524,사당,서초,23,12
20250524,사당,선릉,5,17
20250524,사당,선릉,6,14
20250524,사당,선릉,7,23
20250524,사당,선릉,8,45
20250524,사당,선릉,9,71
20250524,사당,선릉,10,62
20250524,사당,선릉,11,36
20250524,사당,선릉,12,63
20250524,사당,선릉,13,45
20250524,사당,선릉,14,46
20250524,사당,선릉,15,55
20250524,사당,선릉,16,44
20250524,사당,선릉,17,39
20250524,사당,선릉,18,26
20250524,사당,선릉,19,28
20250524,사당,선릉,20,18
20250524,사당,선릉,21,32
20250524,사당,선릉,22,21
20250524,사당,선릉,23,19
20250524,사당,성수,5,3
20250524,사당,성수,6,2
20250524,사당,성수,7,7
20250524,사당,성수,8,3
20250524,사당,성수,9,13
20250524,사당,성수,10,17
20250524,사당,성수,11,24
20250524,사당,성수,12,29
20250524,사당,성수,13,34
20250524,사당,성수,14,35
20250524,사당,성수,15,36
20250524,사당,성수,16,18
20250524,사당,성수,17,17
20250524,사당,성수,18,8
20250524,사당,성수,19,13
20250524,사당,성수,20,6
20250524,사당,성수,21,4
20250524,사당,성수,22,7
20250524,사당,성수,23,5
20250524,사당,시청,5,2
20250524,사당,시청,7,2
20250524,사당,시청,8,1
20250524,사당,시청,9,1
20250524,사당,시청,11,3
20250524,사당,시청,12,6
20250524,사당,시청,13,6
20250524,사당,시청,14,1
20250524,사당,시청,15,2
20250524,사당,시청,17,2
20250524,사당,시청,20,2
20250524,사당,신당,6,2
20250524,사당,신당,8,1
20250524,사당,신당,11,1
20250524,사당,신당,12,2
20250524,사당,신당,13,3
20250524,사당,신당,14,2
20250524,사당,신당,15,1
20250524,사당,신당,16,3
20250524,사당,신당,17,8
20250524,사당,신당,18,2
20250524,사당,신당,20,2
20250524,사당,신당,21,3
20250524,사당,신당,22,5
20250524,사당,신당,23,1
20250524,사당,신대방,5,3
20250524,사당,신대방,6,13
20250524,사당,신대방,7,15
20250524,사당,신대방,8,21
20250524,사당,신대방,9,28
20250524,사당,신대방,10,21
20250524,사당,신대방,11,30
20250524,사당,신대방,12,27
20250524,사당,신대방,13,44
20250524,사당,신대방,14,63
20250524,사당,신대방,15,45
20250524,사당,신대방,16,40
20250524,사당,신대방,17,48
20250524,사당,신대방,18,45
20250524,사당,신대방,19,32
20250524,사당,신대방,20,47
20250524,사당,신대방,21,67
20250524,사당,신대방,22,66
20250524,사당,신대방,23,35
20250524,사당,신도림,5,6
20250524,사당,신도림,6,6
20250524,사당,신도림,7,19
20250524,사당,신도림,8,19
20250524,사당,신도림,9,41
20250524,사당,신도림,10,40
20250524,사당,신도림,11,56
20250524,사당,신도림,12,48
20250524,사당,신도림,13,36
20250524,사당,신도림,14,51
20250524,사당,신도림,15,58
20250524,사당,신도림,16,62
20250524,사당,신도림,17,40
20250524,사당,신도림,18,37
20250524,사당,신도림,19,40
20250524,사당,신도림,20,58
20250524,사당,신도림,21,60
20250524,사당,신도림,22,76
20250524,사당,신도림,23,65
20250524,사당,신림,5,11
20250524,사당,신림,6,33
20250524,사당,신림,7,47
20250524,사당,신림,8,28
20250524,사당,신림,9,41
20250524,사당,신림,10,64
20250524,사당,신림,11,74
20250524,사당,신림,12,63
20250524,사당,신림,13,99
20250524,사당,신림,14,94
20250524,사당,신림,15,102
20250524,사당,신림,16,137
20250524,사당,신림,17,145
20250524,사당,신림,18,121
20250524,사당,신림,19,147
20250524,사당,신림,20,137
20250524,사당,신림,21,163
20250524,사당,신림,22,176
20250524,사당,신림,23,89
20250524,사당,신촌,5,1
20250524,사당,신촌,6,4
20250524,사당,신촌,7,13
20250524,사당,신촌,8,17
20250524,사당,신촌,9,20
20250524,사당,신촌,10,32
20250524,사당,신촌,11,39
20250524,사당,신촌,12,35
20250524,사당,신촌,13,47
20250524,사당,신촌,14,51
20250524,사당,신촌,15,34
20250524,사당,신촌,16,30
20250524,사당,신촌,17,33
20250524,사당,신촌,18,12
20250524,사당,신촌,19,18
20250524,사당,신촌,20,23
20250524,사당,신촌,21,21
20250524,사당,신촌,22,14
20250524,사당,신촌,23,4
20250524,사당,아현,5,1
20250524,사당,아현,7,4
20250524,사당,아현,8,2
20250524,사당,아현,9,3
20250524,사당,아현,10,1
20250524,사당,아현,11,2
20250524,사당,아현,12,2
20250524,사당,아현,13,1
20250524,사당,아현,14,5
20250524,사당,아현,15,3
20250524,사당,아현,16,1
20250524,사당,아현,17,6
20250524,사당,아현,18,9
20250524,사당,아현,19,3
20250524,사당,아현,20,8
20250524,사당,아현,21,5
20250524,사당,아현,22,3
20250524,사당,아현,23,1
20250524,사당,역삼,5,16
20250524,사당,역삼,6,12
20250524,사당,역삼,7,11
20250524,사당,역삼,8,38
20250524,사당,역삼,9,43
20250524,사당,역삼,10,57
20250524,사당,역삼,11,27
20250524,사당,역삼,12,36
20250524,사당,역삼,13,41
20250524,사당,역삼,14,29
20250524,사당,역삼,15,32
20250524,사당,역삼,16,39
20250524,사당,역삼,17,45
20250524,사당,역삼,18,26
20250524,사당,역삼,19,18
20250524,사당,역삼,20,17
20250524,사당,역삼,21,16
20250524,사당,역삼,22,21
20250524,사당,역삼,23,9
20250524,사당,영등포구청,5,1
20250524,사당,영등포구청,6,4
20250524,사당,영등포구청,7,10
20250524,사당,영등포구청,8,10
20250524,사당,영등포구청,9,13
20250524,사당,영등포구청,10,13
20250524,사당,영등포구청,11,16
20250524,사당,영등포구청,12,14
20250524,사당,영등포구청,13,22
20250524,사당,영등포구청,14,15
20250524,사당,영등포구청,15,10
20250524,사당,영등포구청,16,27
20250524,사당,영등포구청,17,16
20250524,사당,영등포구청,18,16
20250524,사당,영등포구청,19,20
20250524,사당,영등포구청,20,17
20250524,사당,영등포구청,21,18
20250524,사당,영등포구청,22,7
20250524,사당,영등포구청,23,10
20250524,사당,왕십리(성동구청),7,2
20250524,사당,왕십리(성동구청),8,2
20250524,사당,왕십리(성동구청),9,1
20250524,사당,왕십리(성동구청),10,1
20250524,사당,왕십리(성동구청),12,3
20250524,사당,왕십리(성동구청),13,3
20250524,사당,왕십리(성동구청),14,2
20250524,사당,왕십리(성동구청),15,3
20250524,사당,왕십리(성동구청),16,1
20250524,사당,왕십리(성동구청),17,2
20250524,사당,왕십리(성동구청),18,5
20250524,사당,왕십리(성동구청),19,2
20250524,사당,왕십리(성동구청),20,8
20250524,사당,왕십리(성동구청),21,4
20250524,사당,왕십리(성동구청),22,7
20250524,사당,왕십리(성동구청),23,2
20250524,사당,용두(동대문구청),13,1
20250524,사당,용두(동대문구청),15,2
20250524,사당,용두(동대문구청),16,2
20250524,사당,용두(동대문구청),17,3
20250524,사당,용두(동대문구청),20,1
20250524,사당,을지로3가,5,1
20250524,사당,을지로3가,7,2
20250524,사당,을지로3가,10,1
20250524,사당,을지로3가,13,1
20250524,사당,을지로3가,14,2
20250524,사당,을지로3가,17,1
20250524,사당,을지로3가,18,2
20250524,사당,을지로3가,20,1
20250524,사당,을지로4가,9,1
20250524,사당,을지로4가,11,3
20250524,사당,을지로4가,12,1
20250524,사당,을지로4가,13,2
20250524,사당,을지로4가,14,1
20250524,사당,을지로4가,15,1
20250524,사당,을지로4가,22,1
20250524,사당,을지로입구,5,1
20250524,사당,을지로입구,6,2
20250524,사당,을지로입구,7,3
20250524,사당,을지로입구,8,1
20250524,사당,을지로입구,9,4
20250524,사당,을지로입구,10,1
20250524,사당,을지로입구,11,4
20250524,사당,을지로입구,12,1
20250524,사당,을지로입구,13,3
20250524,사당,을지로입구,14,2
20250524,사당,을지로입구,15,1
20250524,사당,을지로입구,16,4
20250524,사당,을지로입구,18,2
20250524,사당,을지로입구,23,2
20250524,사당,이대,5,1
20250524,사당,이대,6,2
20250524,사당,이대,7,6
20250524,사당,이대,8,10
20250524,사당,이대,9,11
20250524,사당,이대,10,15
20250524,사당,이대,11,7
20250524,사당,이대,12,14
20250524,사당,이대,13,20
20250524,사당,이대,14,9
20250524,사당,이대,15,6
20250524,사당,이대,16,10
20250524,사당,이대,17,9
20250524,사당,이대,18,11
20250524,사당,이대,19,12
20250524,사당,이대,20,6
20250524,사당,이대,21,8
20250524,사당,이대,22,10
20250524,사당,이대,23,1
20250524,사당,잠실(송파구청),4,1
20250524,사당,잠실(송파구청),5,16
20250524,사당,잠실(송파구청),6,32
20250524,사당,잠실(송파구청),7,27
20250524,사당,잠실(송파구청),8,48
20250524,사당,잠실(송파구청),9,61
20250524,사당,잠실(송파구청),10,77
20250524,사당,잠실(송파구청),11,92
20250524,사당,잠실(송파구청),12,79
20250524,사당,잠실(송파구청),13,85
20250524,사당,잠실(송파구청),14,93
20250524,사당,잠실(송파구청),15,90
20250524,사당,잠실(송파구청),16,88
20250524,사당,잠실(송파구청),17,99
20250524,사당,잠실(송파구청),18,86
20250524,사당,잠실(송파구청),19,86
20250524,사당,잠실(송파구청),20,92
20250524,사당,잠실(송파구청),21,105
20250524,사당,잠실(송파구청),22,91
20250524,사당,잠실(송파구청),23,42
20250524,사당,잠실나루,5,6
20250524,사당,잠실나루,6,1
20250524,사당,잠실나루,7,3
20250524,사당,잠실나루,8,6
20250524,사당,잠실나루,9,7
20250524,사당,잠실나루,10,1
20250524,사당,잠실나루,11,3
20250524,사당,잠실나루,12,10
20250524,사당,잠실나루,13,8
20250524,사당,잠실나루,14,7
20250524,사당,잠실나루,15,3
20250524,사당,잠실나루,16,8
20250524,사당,잠실나루,17,3
20250524,사당,잠실나루,18,7
20250524,사당,잠실나루,19,9
20250524,사당,잠실나루,20,11
20250524,사당,잠실나루,21,3
20250524,사당,잠실나루,22,3
20250524,사당,잠실나루,23,5
20250524,사당,잠실새내,5,2
20250524,사당,잠실새내,6,4
20250524,사당,잠실새내,7,5
20250524,사당,잠실새내,8,9
20250524,사당,잠실새내,9,11
20250524,사당,잠실새내,10,21
20250524,사당,잠실새내,11,13
20250524,사당,잠실새내,12,20
20250524,사당,잠실새내,13,18
20250524,사당,잠실새내,14,20
20250524,사당,잠실새내,15,16
20250524,사당,잠실새내,16,21
20250524,사당,잠실새내,17,23
20250524,사당,잠실새내,18,18
20250524,사당,잠실새내,19,26
20250524,사당,잠실새내,20,14
20250524,사당,잠실새내,21,23
20250524,사당,잠실새내,22,24
20250524,사당,잠실새내,23,9
20250524,사당,종합운동장,5,4
20250524,사당,종합운동장,6,11
20250524,사당,종합운동장,7,10
20250524,사당,종합운동장,8,9
20250524,사당,종합운동장,9,16
20250524,사당,종합운동장,10,5
20250524,사당,종합운동장,11,13
20250524,사당,종합운동장,12,23
20250524,사당,종합운동장,13,30
20250524,사당,종합운동장,14,24
20250524,사당,종합운동장,15,70
20250524,사당,종합운동장,16,52
20250524,사당,종합운동장,17,14
20250524,사당,종합운동장,18,8
20250524,사당,종합운동장,19,6
20250524,사당,종합운동장,20,7
20250524,사당,종합운동장,21,10
20250524,사당,종합운동장,22,9
20250524,사당,종합운동장,23,4
20250524,사당,충정로(경기대입구),7,1
20250524,사당,충정로(경기대입구),8,1
20250524,사당,충정로(경기대입구),9,4
20250524,사당,충정로(경기대입구),10,5
20250524,사당,충정로(경기대입구),11,1
20250524,사당,충정로(경기대입구),12,5
20250524,사당,충정로(경기대입구),13,3
20250524,사당,충정로(경기대입구),14,3
20250524,사당,충정로(경기대입구),15,8
20250524,사당,충정로(경기대입구),16,2
20250524,사당,충정로(경기대입구),17,2
20250524,사당,충정로(경기대입구),18,1
20250524,사당,충정로(경기대입구),20,3
20250524,사당,충정로(경기대입구),21,3
20250524,사당,충정로(경기대입구),22,2
20250524,사당,충정로(경기대입구),23,2
20250524,사당,한양대,7,3
20250524,사당,한양대,8,6
20250524,사당,한양대,9,3
20250524,사당,한양대,11,2
20250524,사당,한양대,12,4
20250524,사당,한양대,14,3
20250524,사당,한양대,15,2
20250524,사당,한양대,16,1
20250524,사당,한양대,18,1
20250524,사당,한양대,19,4
20250524,사당,한양대,22,2
20250524,사당,합정,5,5
20250524,사당,합정,6,9
20250524,사당,합정,7,17
20250524,사당,합정,8,17
20250524,사당,합정,9,23
20250524,사당,합정,10,39
20250524,사당,합정,11,51
20250524,사당,합정,12,65
20250524,사당,합정,13,44
20250524,사당,합정,14,60
20250524,사당,합정,15,56
20250524,사당,합정,16,44
20250524,사당,합정,17,51
20250524,사당,합정,18,22
20250524,사당,합정,19,21
20250524,사당,합정,20,30
20250524,사당,합정,21,20
20250524,사당,합정,22,27
20250524,사당,합정,23,20
20250524,사당,홍대입구,5,4
20250524,사당,홍대입구,6,5
20250524,사당,홍대입구,7,7
20250524,사당,홍대입구,8,22
20250524,사당,홍대입구,9,58
20250524,사당,홍대입구,10,72
20250524,사당,홍대입구,11,98
20250524,사당,홍대입구,12,116
20250524,사당,홍대입구,13,114
20250524,사당,홍대입구,14,132
20250524,사당,홍대입구,15,95
20250524,사당,홍대입구,16,86
20250524,사당,홍대입구,17,77
20250524,사당,홍대입구,18,63
20250524,사당,홍대입구,19,50
20250524,사당,홍대입구,20,29
20250524,사당,홍대입구,21,33
20250524,사당,홍대입구,22,31
20250524,사당,홍대입구,23,26
20250524,삼성(무역센터),강남,4,1
20250524,삼성(무역센터),강남,5,2
20250524,삼성(무역센터),강남,6,5
20250524,삼성(무역센터),강남,7,10
20250524,삼성(무역센터),강남,8,32
20250524,삼성(무역센터),강남,9,57
20250524,삼성(무역센터),강남,10,54
20250524,삼성(무역센터),강남,11,71
20250524,삼성(무역센터),강남,12,96
20250524,삼성(무역센터),강남,13,132
20250524,삼성(무역센터),강남,14,189
20250524,삼성(무역센터),강남,15,176
20250524,삼성(무역센터),강남,16,214
20250524,삼성(무역센터),강남,17,217
20250524,삼성(무역센터),강남,18,209
20250524,삼성(무역센터),강남,19,220
20250524,삼성(무역센터),강남,20,170
20250524,삼성(무역센터),강남,21,118
20250524,삼성(무역센터),강남,22,86
20250524,삼성(무역센터),강남,23,21
20250524,삼성(무역센터),강변(동서울터미널),5,3
20250524,삼성(무역센터),강변(동서울터미널),6,3
20250524,삼성(무역센터),강변(동서울터미널),7,9
20250524,삼성(무역센터),강변(동서울터미널),8,11
20250524,삼성(무역센터),강변(동서울터미널),9,13
20250524,삼성(무역센터),강변(동서울터미널),10,12
20250524,삼성(무역센터),강변(동서울터미널),11,16
20250524,삼성(무역센터),강변(동서울터미널),12,27
20250524,삼성(무역센터),강변(동서울터미널),13,33
20250524,삼성(무역센터),강변(동서울터미널),14,51
20250524,삼성(무역센터),강변(동서울터미널),15,49
20250524,삼성(무역센터),강변(동서울터미널),16,77
20250524,삼성(무역센터),강변(동서울터미널),17,83
20250524,삼성(무역센터),강변(동서울터미널),18,71
20250524,삼성(무역센터),강변(동서울터미널),19,62
20250524,삼성(무역센터),강변(동서울터미널),20,54
20250524,삼성(무역센터),강변(동서울터미널),21,48
20250524,삼성(무역센터),강변(동서울터미널),22,31
20250524,삼성(무역센터),강변(동서울터미널),23,8
20250524,삼성(무역센터),건대입구,5,1
20250524,삼성(무역센터),건대입구,6,1
20250524,삼성(무역센터),건대입구,7,5
20250524,삼성(무역센터),건대입구,8,2
20250524,삼성(무역센터),건대입구,9,4
20250524,삼성(무역센터),건대입구,10,11
20250524,삼성(무역센터),건대입구,11,20
20250524,삼성(무역센터),건대입구,12,20
20250524,삼성(무역센터),건대입구,13,23
20250524,삼성(무역센터),건대입구,14,49
20250524,삼성(무역센터),건대입구,15,39
20250524,삼성(무역센터),건대입구,16,56
20250524,삼성(무역센터),건대입구,17,42
20250524,삼성(무역센터),건대입구,18,55
20250524,삼성(무역센터),건대입구,19,65
20250524,삼성(무역센터),건대입구,20,75
20250524,삼성(무역센터),건대입구,21,45
20250524,삼성(무역센터),건대입구,22,33
20250524,삼성(무역센터),건대입구,23,6
20250524,삼성(무역센터),교대(법원.검찰청),5,3
20250524,삼성(무역센터),교대(법원.검찰청),6,8
20250524,삼성(무역센터),교대(법원.검찰청),7,4
20250524,삼성(무역센터),교대(법원.검찰청),8,11
20250524,삼성(무역센터),교대(법원.검찰청),9,7
20250524,삼성(무역센터),교대(법원.검찰청),10,13
20250524,삼성(무역센터),교대(법원.검찰청),11,30
20250524,삼성(무역센터),교대(법원.검찰청),12,33
20250524,삼성(무역센터),교대(법원.검찰청),13,32
20250524,삼성(무역센터),교대(법원.검찰청),14,41
20250524,삼성(무역센터),교대(법원.검찰청),15,55
20250524,삼성(무역센터),교대(법원.검찰청),16,63
20250524,삼성(무역센터),교대(법원.검찰청),17,73
20250524,삼성(무역센터),교대(법원.검찰청),18,35
20250524,삼성(무역센터),교대(법원.검찰청),19,46
20250524,삼성(무역센터),교대(법원.검찰청),20,47
20250524,삼성(무역센터),교대(법원.검찰청),21,31
20250524,삼성(무역센터),교대(법원.검찰청),22,26
20250524,삼성(무역센터),교대(법원.검찰청),23,4
20250524,삼성(무역센터),구로디지털단지,5,7
20250524,삼성(무역센터),구로디지털단지,6,4
20250524,삼성(무역센터),구로디지털단지,7,8
20250524,삼성(무역센터),구로디지털단지,8,6
20250524,삼성(무역센터),구로디지털단지,9,6
20250524,삼성(무역센터),구로디지털단지,10,8
20250524,삼성(무역센터),구로디지털단지,11,11
20250524,삼성(무역센터),구로디지털단지,12,16
20250524,삼성(무역센터),구로디지털단지,13,25
20250524,삼성(무역센터),구로디지털단지,14,26
20250524,삼성(무역센터),구로디지털단지,15,41
20250524,삼성(무역센터),구로디지털단지,16,69
20250524,삼성(무역센터),구로디지털단지,17,49
20250524,삼성(무역센터),구로디지털단지,18,57
20250524,삼성(무역센터),구로디지털단지,19,57
20250524,삼성(무역센터),구로디지털단지,20,66
20250524,삼성(무역센터),구로디지털단지,21,64
20250524,삼성(무역센터),구로디지털단지,22,53
20250524,삼성(무역센터),구로디지털단지,23,8
20250524,삼성(무역센터),구의(광진구청),5,3
20250524,삼성(무역센터),구의(광진구청),6,2
20250524,삼성(무역센터),구의(광진구청),7,3
20250524,삼성(무역센터),구의(광진구청),8,4
20250524,삼성(무역센터),구의(광진구청),9,4
20250524,삼성(무역센터),구의(광진구청),10,5
20250524,삼성(무역센터),구의(광진구청),11,14
20250524,삼성(무역센터),구의(광진구청),12,16
20250524,삼성(무역센터),구의(광진구청),13,36
20250524,삼성(무역센터),구의(광진구청),14,30
20250524,삼성(무역센터),구의(광진구청),15,41
20250524,삼성(무역센터),구의(광진구청),16,48
20250524,삼성(무역센터),구의(광진구청),17,54
20250524,삼성(무역센터),구의(광진구청),18,56
20250524,삼성(무역센터),구의(광진구청),19,54
20250524,삼성(무역센터),구의(광진구청),20,69
20250524,삼성(무역센터),구의(광진구청),21,65
20250524,삼성(무역센터),구의(광진구청),22,47
20250524,삼성(무역센터),구의(광진구청),23,14
20250524,삼성(무역센터),낙성대,5,3
20250524,삼성(무역센터),낙성대,6,4
20250524,삼성(무역센터),낙성대,7,8
20250524,삼성(무역센터),낙성대,8,5
20250524,삼성(무역센터),낙성대,9,4
20250524,삼성(무역센터),낙성대,10,6
20250524,삼성(무역센터),낙성대,11,9
20250524,삼성(무역센터),낙성대,12,22
20250524,삼성(무역센터),낙성대,13,22
20250524,삼성(무역센터),낙성대,14,28
20250524,삼성(무역센터),낙성대,15,28
20250524,삼성(무역센터),낙성대,16,30
20250524,삼성(무역센터),낙성대,17,41
20250524,삼성(무역센터),낙성대,18,35
20250524,삼성(무역센터),낙성대,19,38
20250524,삼성(무역센터),낙성대,20,38
20250524,삼성(무역센터),낙성대,21,42
20250524,삼성(무역센터),낙성대,22,39
20250524,삼성(무역센터),낙성대,23,13
20250524,삼성(무역센터),당산,10,3
20250524,삼성(무역센터),당산,11,4
20250524,삼성(무역센터),당산,12,4
20250524,삼성(무역센터),당산,13,3
20250524,삼성(무역센터),당산,14,7
20250524,삼성(무역센터),당산,15,7
20250524,삼성(무역센터),당산,16,8
20250524,삼성(무역센터),당산,17,11
20250524,삼성(무역센터),당산,18,9
20250524,삼성(무역센터),당산,19,6
20250524,삼성(무역센터),당산,20,6
20250524,삼성(무역센터),당산,21,8
20250524,삼성(무역센터),당산,22,3
20250524,삼성(무역센터),당산,23,1
20250524,삼성(무역센터),대림(구로구청),6,2
20250524,삼성(무역센터),대림(구로구청),7,2
20250524,삼성(무역센터),대림(구로구청),8,1
20250524,삼성(무역센터),대림(구로구청),9,5
20250524,삼성(무역센터),대림(구로구청),10,2
20250524,삼성(무역센터),대림(구로구청),11,3
20250524,삼성(무역센터),대림(구로구청),12,3
20250524,삼성(무역센터),대림(구로구청),13,4
20250524,삼성(무역센터),대림(구로구청),14,8
20250524,삼성(무역센터),대림(구로구청),15,23
20250524,삼성(무역센터),대림(구로구청),16,44
20250524,삼성(무역센터),대림(구로구청),17,17
20250524,삼성(무역센터),대림(구로구청),18,21
20250524,삼성(무역센터),대림(구로구청),19,29
20250524,삼성(무역센터),대림(구로구청),20,44
20250524,삼성(무역센터),대림(구로구청),21,25
20250524,삼성(무역센터),대림(구로구청),22,23
20250524,삼성(무역센터),대림(구로구청),23,1
20250524,삼성(무역센터),동대문역사문화공원,6,1
20250524,삼성(무역센터),동대문역사문화공원,7,1
20250524,삼성(무역센터),동대문역사문화공원,8,1
20250524,삼성(무역센터),동대문역사문화공원,9,5
20250524,삼성(무역센터),동대문역사문화공원,10,2
20250524,삼성(무역센터),동대문역사문화공원,11,13
20250524,삼성(무역센터),동대문역사문화공원,12,12
20250524,삼성(무역센터),동대문역사문화공원,13,23
20250524,삼성(무역센터),동대문역사문화공원,14,10
20250524,삼성(무역센터),동대문역사문화공원,15,28
20250524,삼성(무역센터),동대문역사문화공원,16,27
20250524,삼성(무역센터),동대문역사문화공원,17,19
20250524,삼성(무역센터),동대문역사문화공원,18,25
20250524,삼성(무역센터),동대문역사문화공원,19,28
20250524,삼성(무역센터),동대문역사문화공원,20,17
20250524,삼성(무역센터),동대문역사문화공원,21,24
20250524,삼성(무역센터),동대문역사문화공원,22,6
20250524,삼성(무역센터),뚝섬,6,1
20250524,삼성(무역센터),뚝섬,7,1
20250524,삼성(무역센터),뚝섬,10,6
20250524,삼성(무역센터),뚝섬,11,10
20250524,삼성(무역센터),뚝섬,12,13
20250524,삼성(무역센터),뚝섬,13,14
20250524,삼성(무역센터),뚝섬,14,20
20250524,삼성(무역센터),뚝섬,15,16
20250524,삼성(무역센터),뚝섬,16,16
20250524,삼성(무역센터),뚝섬,17,17
20250524,삼성(무역센터),뚝섬,18,15
20250524,삼성(무역센터),뚝섬,19,11
20250524,삼성(무역센터),뚝섬,20,12
20250524,삼성(무역센터),뚝섬,21,11
20250524,삼성(무역센터),뚝섬,22,3
20250524,삼성(무역센터),문래,5,1
20250524,삼성(무역센터),문래,6,1
20250524,삼성(무역센터),문래,7,2
20250524,삼성(무역센터),문래,8,1
20250524,삼성(무역센터),문래,9,1
20250524,삼성(무역센터),문래,10,1
20250524,삼성(무역센터),문래,11,2
20250524,삼성(무역센터),문래,12,6
20250524,삼성(무역센터),문래,13,8
20250524,삼성(무역센터),문래,14,7
20250524,삼성(무역센터),문래,15,12
20250524,삼성(무역센터),문래,16,12
20250524,삼성(무역센터),문래,17,10
20250524,삼성(무역센터),문래,18,9
20250524,삼성(무역센터),문래,19,9
20250524,삼성(무역센터),문래,20,16
20250524,삼성(무역센터),문래,21,12
20250524,삼성(무역센터),문래,22,4
20250524,삼성(무역센터),방배,5,1
20250524,삼성(무역센터),방배,6,2
20250524,삼성(무역센터),방배,7,1
20250524,삼성(무역센터),방배,8,4
20250524,삼성(무역센터),방배,9,7
20250524,삼성(무역센터),방배,10,4
20250524,삼성(무역센터),방배,11,13
20250524,삼성(무역센터),방배,12,13
20250524,삼성(무역센터),방배,13,18
20250524,삼성(무역센터),방배,14,28
20250524,삼성(무역센터),방배,15,18
20250524,삼성(무역센터),방배,16,30
20250524,삼성(무역센터),방배,17,41
20250524,삼성(무역센터),방배,18,25
20250524,삼성(무역센터),방배,19,27
20250524,삼성(무역센터),방배,20,22
20250524,삼성(무역센터),방배,21,13
20250524,삼성(무역센터),방배,22,16
20250524,삼성(무역센터),봉천,5,2
20250524,삼성(무역센터),봉천,6,1
20250524,삼성(무역센터),봉천,7,3
20250524,삼성(무역센터),봉천,8,3
20250524,삼성(무역센터),봉천,9,3
20250524,삼성(무역센터),봉천,10,4
20250524,삼성(무역센터),봉천,11,7
20250524,삼성(무역센터),봉천,12,5
20250524,삼성(무역센터),봉천,13,23
20250524,삼성(무역센터),봉천,14,15
20250524,삼성(무역센터),봉천,15,17
20250524,삼성(무역센터),봉천,16,35
20250524,삼성(무역센터),봉천,17,22
20250524,삼성(무역센터),봉천,18,15
20250524,삼성(무역센터),봉천,19,38
20250524,삼성(무역센터),봉천,20,33
20250524,삼성(무역센터),봉천,21,34
20250524,삼성(무역센터),봉천,22,37
20250524,삼성(무역센터),봉천,23,7
20250524,삼성(무역센터),사당,5,15
20250524,삼성(무역센터),사당,6,6
20250524,삼성(무역센터),사당,7,10
20250524,삼성(무역센터),사당,8,10
20250524,삼성(무역센터),사당,9,10
20250524,삼성(무역센터),사당,10,13
20250524,삼성(무역센터),사당,11,27
20250524,삼성(무역센터),사당,12,50
20250524,삼성(무역센터),사당,13,43
20250524,삼성(무역센터),사당,14,60
20250524,삼성(무역센터),사당,15,86
20250524,삼성(무역센터),사당,16,131
20250524,삼성(무역센터),사당,17,145
20250524,삼성(무역센터),사당,18,125
20250524,삼성(무역센터),사당,19,106
20250524,삼성(무역센터),사당,20,127
20250524,삼성(무역센터),사당,21,124
20250524,삼성(무역센터),사당,22,58
20250524,삼성(무역센터),사당,23,16
20250524,삼성(무역센터),삼성(무역센터),6,3
20250524,삼성(무역센터),삼성(무역센터),7,1
20250524,삼성(무역센터),삼성(무역센터),8,6
20250524,삼성(무역센터),삼성(무역센터),9,1
20250524,삼성(무역센터),삼성(무역센터),10,7
20250524,삼성(무역센터),삼성(무역센터),11,13
20250524,삼성(무역센터),삼성(무역센터),12,9
20250524,삼성(무역센터),삼성(무역센터),13,17
20250524,삼성(무역센터),삼성(무역센터),14,15
20250524,삼성(무역센터),삼성(무역센터),15,16
20250524,삼성(무역센터),삼성(무역센터),16,31
20250524,삼성(무역센터),삼성(무역센터),17,25
20250524,삼성(무역센터),삼성(무역센터),18,9
20250524,삼성(무역센터),삼성(무역센터),19,18
20250524,삼성(무역센터),삼성(무역센터),20,14
20250524,삼성(무역센터),삼성(무역센터),21,10
20250524,삼성(무역센터),삼성(무역센터),22,13
20250524,삼성(무역센터),삼성(무역센터),23,3
20250524,삼성(무역센터),상왕십리,7,1
20250524,삼성(무역센터),상왕십리,9,5
20250524,삼성(무역센터),상왕십리,11,2
20250524,삼성(무역센터),상왕십리,12,12
20250524,삼성(무역센터),상왕십리,13,6
20250524,삼성(무역센터),상왕십리,14,10
20250524,삼성(무역센터),상왕십리,15,13
20250524,삼성(무역센터),상왕십리,16,21
20250524,삼성(무역센터),상왕십리,17,17
20250524,삼성(무역센터),상왕십리,18,9
20250524,삼성(무역센터),상왕십리,19,13
20250524,삼성(무역센터),상왕십리,20,15
20250524,삼성(무역센터),상왕십리,21,15
20250524,삼성(무역센터),상왕십리,22,5
20250524,삼성(무역센터),상왕십리,23,2
20250524,삼성(무역센터),서울대입구(관악구청),5,3
20250524,삼성(무역센터),서울대입구(관악구청),6,4
20250524,삼성(무역센터),서울대입구(관악구청),7,8
20250524,삼성(무역센터),서울대입구(관악구청),8,9
20250524,삼성(무역센터),서울대입구(관악구청),9,14
20250524,삼성(무역센터),서울대입구(관악구청),10,15
20250524,삼성(무역센터),서울대입구(관악구청),11,27
20250524,삼성(무역센터),서울대입구(관악구청),12,26
20250524,삼성(무역센터),서울대입구(관악구청),13,46
20250524,삼성(무역센터),서울대입구(관악구청),14,63
20250524,삼성(무역센터),서울대입구(관악구청),15,55
20250524,삼성(무역센터),서울대입구(관악구청),16,71
20250524,삼성(무역센터),서울대입구(관악구청),17,85
20250524,삼성(무역센터),서울대입구(관악구청),18,98
20250524,삼성(무역센터),서울대입구(관악구청),19,66
20250524,삼성(무역센터),서울대입구(관악구청),20,85
20250524,삼성(무역센터),서울대입구(관악구청),21,89
20250524,삼성(무역센터),서울대입구(관악구청),22,71
20250524,삼성(무역센터),서울대입구(관악구청),23,35
20250524,삼성(무역센터),서초,5,2
20250524,삼성(무역센터),서초,6,4
20250524,삼성(무역센터),서초,7,1
20250524,삼성(무역센터),서초,8,7
20250524,삼성(무역센터),서초,9,4
20250524,삼성(무역센터),서초,10,6
20250524,삼성(무역센터),서초,11,19
20250524,삼성(무역센터),서초,12,14
20250524,삼성(무역센터),서초,13,29
20250524,삼성(무역센터),서초,14,26
20250524,삼성(무역센터),서초,15,25
20250524,삼성(무역센터),서초,16,34
20250524,삼성(무역센터),서초,17,30
20250524,삼성(무역센터),서초,18,35
20250524,삼성(무역센터),서초,19,24
20250524,삼성(무역센터),서초,20,28
20250524,삼성(무역센터),서초,21,15
20250524,삼성(무역센터),서초,22,12
20250524,삼성(무역센터),서초,23,5
20250524,삼성(무역센터),선릉,6,1
20250524,삼성(무역센터),선릉,7,2
20250524,삼성(무역센터),선릉,8,4
20250524,삼성(무역센터),선릉,9,10
20250524,삼성(무역센터),선릉,10,17
20250524,삼성(무역센터),선릉,11,24
20250524,삼성(무역센터),선릉,12,46
20250524,삼성(무역센터),선릉,13,45
20250524,삼성(무역센터),선릉,14,55
20250524,삼성(무역센터),선릉,15,61
20250524,삼성(무역센터),선릉,16,49
20250524,삼성(무역센터),선릉,17,61
20250524,삼성(무역센터),선릉,18,83
20250524,삼성(무역센터),선릉,19,35
20250524,삼성(무역센터),선릉,20,50
20250524,삼성(무역센터),선릉,21,51
20250524,삼성(무역센터),선릉,22,30
20250524,삼성(무역센터),선릉,23,8
20250524,삼성(무역센터),성수,5,1
20250524,삼성(무역센터),성수,8,8
20250524,삼성(무역센터),성수,9,10
20250524,삼성(무역센터),성수,10,16
20250524,삼성(무역센터),성수,11,49
20250524,삼성(무역센터),성수,12,45
20250524,삼성(무역센터),성수,13,73
20250524,삼성(무역센터),성수,14,65
20250524,삼성(무역센터),성수,15,58
20250524,삼성(무역센터),성수,16,76
20250524,삼성(무역센터),성수,17,70
20250524,삼성(무역센터),성수,18,33
20250524,삼성(무역센터),성수,19,23
20250524,삼성(무역센터),성수,20,22
20250524,삼성(무역센터),성수,21,11
20250524,삼성(무역센터),성수,22,2
20250524,삼성(무역센터),성수,23,4
20250524,삼성(무역센터),시청,6,1
20250524,삼성(무역센터),시청,7,1
20250524,삼성(무역센터),시청,8,1
20250524,삼성(무역센터),시청,9,3
20250524,삼성(무역센터),시청,10,3
20250524,삼성(무역센터),시청,11,2
20250524,삼성(무역센터),시청,12,9
20250524,삼성(무역센터),시청,13,24
20250524,삼성(무역센터),시청,14,19
20250524,삼성(무역센터),시청,15,7
20250524,삼성(무역센터),시청,16,15
20250524,삼성(무역센터),시청,17,25
20250524,삼성(무역센터),시청,18,7
20250524,삼성(무역센터),시청,19,13
20250524,삼성(무역센터),시청,20,12
20250524,삼성(무역센터),시청,21,8
20250524,삼성(무역센터),시청,22,1
20250524,삼성(무역센터),신당,5,2
20250524,삼성(무역센터),신당,6,2
20250524,삼성(무역센터),신당,7,1
20250524,삼성(무역센터),신당,8,1
20250524,삼성(무역센터),신당,9,1
20250524,삼성(무역센터),신당,10,2
20250524,삼성(무역센터),신당,11,6
20250524,삼성(무역센터),신당,12,4
20250524,삼성(무역센터),신당,13,10
20250524,삼성(무역센터),신당,14,8
20250524,삼성(무역센터),신당,15,7
20250524,삼성(무역센터),신당,16,22
20250524,삼성(무역센터),신당,17,9
20250524,삼성(무역센터),신당,18,13
20250524,삼성(무역센터),신당,19,13
20250524,삼성(무역센터),신당,20,24
20250524,삼성(무역센터),신당,21,14
20250524,삼성(무역센터),신당,22,14
20250524,삼성(무역센터),신당,23,2
20250524,삼성(무역센터),신대방,5,2
20250524,삼성(무역센터),신대방,6,1
20250524,삼성(무역센터),신대방,7,7
20250524,삼성(무역센터),신대방,8,4
20250524,삼성(무역센터),신대방,9,4
20250524,삼성(무역센터),신대방,10,7
20250524,삼성(무역센터),신대방,11,4
20250524,삼성(무역센터),신대방,12,7
20250524,삼성(무역센터),신대방,13,16
20250524,삼성(무역센터),신대방,14,16
20250524,삼성(무역센터),신대방,15,25
20250524,삼성(무역센터),신대방,16,45
20250524,삼성(무역센터),신대방,17,16
20250524,삼성(무역센터),신대방,18,34
20250524,삼성(무역센터),신대방,19,34
20250524,삼성(무역센터),신대방,20,38
20250524,삼성(무역센터),신대방,21,44
20250524,삼성(무역센터),신대방,22,25
20250524,삼성(무역센터),신대방,23,6
20250524,삼성(무역센터),신도림,5,2
20250524,삼성(무역센터),신도림,6,2
20250524,삼성(무역센터),신도림,7,2
20250524,삼성(무역센터),신도림,8,3
20250524,삼성(무역센터),신도림,9,10
20250524,삼성(무역센터),신도림,10,11
20250524,삼성(무역센터),신도림,11,11
20250524,삼성(무역센터),신도림,12,11
20250524,삼성(무역센터),신도림,13,27
20250524,삼성(무역센터),신도림,14,27
20250524,삼성(무역센터),신도림,15,35
20250524,삼성(무역센터),신도림,16,34
20250524,삼성(무역센터),신도림,17,35
20250524,삼성(무역센터),신도림,18,22
20250524,삼성(무역센터),신도림,19,37
20250524,삼성(무역센터),신도림,20,30
20250524,삼성(무역센터),신도림,21,41
20250524,삼성(무역센터),신도림,22,18
20250524,삼성(무역센터),신도림,23,10
20250524,삼성(무역센터),신림,5,5
20250524,삼성(무역센터),신림,6,10
20250524,삼성(무역센터),신림,7,17
20250524,삼성(무역센터),신림,8,10
20250524,삼성(무역센터),신림,9,11
20250524,삼성(무역센터),신림,10,10
20250524,삼성(무역센터),신림,11,17
20250524,삼성(무역센터),신림,12,22
20250524,삼성(무역센터),신림,13,37
20250524,삼성(무역센터),신림,14,41
20250524,삼성(무역센터),신림,15,52
20250524,삼성(무역센터),신림,16,97
20250524,삼성(무역센터),신림,17,72
20250524,삼성(무역센터),신림,18,80
20250524,삼성(무역센터),신림,19,87
20250524,삼성(무역센터),신림,20,111
20250524,삼성(무역센터),신림,21,95
20250524,삼성(무역센터),신림,22,76
20250524,삼성(무역센터),신림,23,14
20250524,삼성(무역센터),신촌,7,3
20250524,삼성(무역센터),신촌,8,10
20250524,삼성(무역센터),신촌,10,3
20250524,삼성(무역센터),신촌,11,9
20250524,삼성(무역센터),신촌,12,13
20250524,삼성(무역센터),신촌,13,15
20250524,삼성(무역센터),신촌,14,8
20250524,삼성(무역센터),신촌,15,19
20250524,삼성(무역센터),신촌,16,35
20250524,삼성(무역센터),신촌,17,28
20250524,삼성(무역센터),신촌,18,17
20250524,삼성(무역센터),신촌,19,21
20250524,삼성(무역센터),신촌,20,14
20250524,삼성(무역센터),신촌,21,15
20250524,삼성(무역센터),신촌,22,8
20250524,삼성(무역센터),아현,6,1
20250524,삼성(무역센터),아현,7,4
20250524,삼성(무역센터),아현,8,1
20250524,삼성(무역센터),아현,10,1
20250524,삼성(무역센터),아현,11,1
20250524,삼성(무역센터),아현,13,6
20250524,삼성(무역센터),아현,14,6
20250524,삼성(무역센터),아현,15,7
20250524,삼성(무역센터),아현,16,7
20250524,삼성(무역센터),아현,17,4
20250524,삼성(무역센터),아현,18,5
20250524,삼성(무역센터),아현,19,14
20250524,삼성(무역센터),아현,20,8
20250524,삼성(무역센터),아현,21,7
20250524,삼성(무역센터),아현,22,6
20250524,삼성(무역센터),역삼,5,3
20250524,삼성(무역센터),역삼,6,7
20250524,삼성(무역센터),역삼,7,5
20250524,삼성(무역센터),역삼,8,14
20250524,삼성(무역센터),역삼,9,17
20250524,삼성(무역센터),역삼,10,16
20250524,삼성(무역센터),역삼,11,23
20250524,삼성(무역센터),역삼,12,36
20250524,삼성(무역센터),역삼,13,38
20250524,삼성(무역센터),역삼,14,47
20250524,삼성(무역센터),역삼,15,72
20250524,삼성(무역센터),역삼,16,47
20250524,삼성(무역센터),역삼,17,71
20250524,삼성(무역센터),역삼,18,58
20250524,삼성(무역센터),역삼,19,40
20250524,삼성(무역센터),역삼,20,53
20250524,삼성(무역센터),역삼,21,38
20250524,삼성(무역센터),역삼,22,28
20250524,삼성(무역센터),역삼,23,6
20250524,삼성(무역센터),영등포구청,8,1
20250524,삼성(무역센터),영등포구청,9,1
20250524,삼성(무역센터),영등포구청,10,1
20250524,삼성(무역센터),영등포구청,11,7
20250524,삼성(무역센터),영등포구청,12,2
20250524,삼성(무역센터),영등포구청,13,10
20250524,삼성(무역센터),영등포구청,14,15
20250524,삼성(무역센터),영등포구청,15,27
20250524,삼성(무역센터),영등포구청,16,8
20250524,삼성(무역센터),영등포구청,17,11
20250524,삼성(무역센터),영등포구청,18,11
20250524,삼성(무역센터),영등포구청,19,4
20250524,삼성(무역센터),영등포구청,20,4
20250524,삼성(무역센터),영등포구청,21,10
20250524,삼성(무역센터),영등포구청,22,2
20250524,삼성(무역센터),왕십리(성동구청),5,1
20250524,삼성(무역센터),왕십리(성동구청),8,2
20250524,삼성(무역센터),왕십리(성동구청),9,3
20250524,삼성(무역센터),왕십리(성동구청),10,5
20250524,삼성(무역센터),왕십리(성동구청),11,2
20250524,삼성(무역센터),왕십리(성동구청),12,11
20250524,삼성(무역센터),왕십리(성동구청),13,1
20250524,삼성(무역센터),왕십리(성동구청),14,7
20250524,삼성(무역센터),왕십리(성동구청),15,10
20250524,삼성(무역센터),왕십리(성동구청),16,17
20250524,삼성(무역센터),왕십리(성동구청),17,10
20250524,삼성(무역센터),왕십리(성동구청),18,12
20250524,삼성(무역센터),왕십리(성동구청),19,12
20250524,삼성(무역센터),왕십리(성동구청),20,13
20250524,삼성(무역센터),왕십리(성동구청),21,8
20250524,삼성(무역센터),왕십리(성동구청),22,7
20250524,삼성(무역센터),왕십리(성동구청),23,1
20250524,삼성(무역센터),용두(동대문구청),6,1
20250524,삼성(무역센터),용두(동대문구청),7,2
20250524,삼성(무역센터),용두(동대문구청),9,1
20250524,삼성(무역센터),용두(동대문구청),11,1
20250524,삼성(무역센터),용두(동대문구청),12,4
20250524,삼성(무역센터),용두(동대문구청),13,2
20250524,삼성(무역센터),용두(동대문구청),14,3
20250524,삼성(무역센터),용두(동대문구청),15,1
20250524,삼성(무역센터),용두(동대문구청),16,4
20250524,삼성(무역센터),용두(동대문구청),17,11
20250524,삼성(무역센터),용두(동대문구청),18,4
20250524,삼성(무역센터),용두(동대문구청),19,6
20250524,삼성(무역센터),용두(동대문구청),20,7
20250524,삼성(무역센터),용두(동대문구청),21,5
20250524,삼성(무역센터),용두(동대문구청),22,4
20250524,삼성(무역센터),을지로3가,6,1
20250524,삼성(무역센터),을지로3가,8,1
20250524,삼성(무역센터),을지로3가,9,1
20250524,삼성(무역센터),을지로3가,10,4
20250524,삼성(무역센터),을지로3가,11,6
20250524,삼성(무역센터),을지로3가,12,3
20250524,삼성(무역센터),을지로3가,13,10
20250524,삼성(무역센터),을지로3가,14,6
20250524,삼성(무역센터),을지로3가,15,17
20250524,삼성(무역센터),을지로3가,16,15
20250524,삼성(무역센터),을지로3가,17,22
20250524,삼성(무역센터),을지로3가,18,13
20250524,삼성(무역센터),을지로3가,19,11
20250524,삼성(무역센터),을지로3가,20,11
20250524,삼성(무역센터),을지로3가,21,16
20250524,삼성(무역센터),을지로3가,22,4
20250524,삼성(무역센터),을지로4가,8,2
20250524,삼성(무역센터),을지로4가,9,7
20250524,삼성(무역센터),을지로4가,10,4
20250524,삼성(무역센터),을지로4가,11,8
20250524,삼성(무역센터),을지로4가,12,11
20250524,삼성(무역센터),을지로4가,13,17
20250524,삼성(무역센터),을지로4가,14,9
20250524,삼성(무역센터),을지로4가,15,10
20250524,삼성(무역센터),을지로4가,16,23
20250524,삼성(무역센터),을지로4가,17,10
20250524,삼성(무역센터),을지로4가,18,11
20250524,삼성(무역센터),을지로4가,19,13
20250524,삼성(무역센터),을지로4가,20,3
20250524,삼성(무역센터),을지로4가,21,2
20250524,삼성(무역센터),을지로입구,6,2
20250524,삼성(무역센터),을지로입구,8,4
20250524,삼성(무역센터),을지로입구,9,6
20250524,삼성(무역센터),을지로입구,10,16
20250524,삼성(무역센터),을지로입구,11,13
20250524,삼성(무역센터),을지로입구,12,24
20250524,삼성(무역센터),을지로입구,13,20
20250524,삼성(무역센터),을지로입구,14,18
20250524,삼성(무역센터),을지로입구,15,36
20250524,삼성(무역센터),을지로입구,16,29
20250524,삼성(무역센터),을지로입구,17,46
20250524,삼성(무역센터),을지로입구,18,31
20250524,삼성(무역센터),을지로입구,19,18
20250524,삼성(무역센터),을지로입구,20,25
20250524,삼성(무역센터),을지로입구,21,19
20250524,삼성(무역센터),을지로입구,22,7
20250524,삼성(무역센터),을지로입구,23,2
20250524,삼성(무역센터),이대,7,1
20250524,삼성(무역센터),이대,8,1
20250524,삼성(무역센터),이대,9,6
20250524,삼성(무역센터),이대,10,3
20250524,삼성(무역센터),이대,11,1
20250524,삼성(무역센터),이대,12,3
20250524,삼성(무역센터),이대,13,9
20250524,삼성(무역센터),이대,14,8
20250524,삼성(무역센터),이대,15,6
20250524,삼성(무역센터),이대,16,6
20250524,삼성(무역센터),이대,17,4
20250524,삼성(무역센터),이대,18,10
20250524,삼성(무역센터),이대,19,6
20250524,삼성(무역센터),이대,20,8
20250524,삼성(무역센터),이대,21,1
20250524,삼성(무역센터),이대,22,6
20250524,삼성(무역센터),잠실(송파구청),5,6
20250524,삼성(무역센터),잠실(송파구청),6,16
20250524,삼성(무역센터),잠실(송파구청),7,14
20250524,삼성(무역센터),잠실(송파구청),8,8
20250524,삼성(무역센터),잠실(송파구청),9,24
20250524,삼성(무역센터),잠실(송파구청),10,65
20250524,삼성(무역센터),잠실(송파구청),11,110
20250524,삼성(무역센터),잠실(송파구청),12,161
20250524,삼성(무역센터),잠실(송파구청),13,181
20250524,삼성(무역센터),잠실(송파구청),14,247
20250524,삼성(무역센터),잠실(송파구청),15,299
20250524,삼성(무역센터),잠실(송파구청),16,315
20250524,삼성(무역센터),잠실(송파구청),17,343
20250524,삼성(무역센터),잠실(송파구청),18,276
20250524,삼성(무역센터),잠실(송파구청),19,237
20250524,삼성(무역센터),잠실(송파구청),20,223
20250524,삼성(무역센터),잠실(송파구청),21,173
20250524,삼성(무역센터),잠실(송파구청),22,116
20250524,삼성(무역센터),잠실(송파구청),23,17
20250524,삼성(무역센터),잠실나루,5,1
20250524,삼성(무역센터),잠실나루,6,1
20250524,삼성(무역센터),잠실나루,7,3
20250524,삼성(무역센터),잠실나루,8,4
20250524,삼성(무역센터),잠실나루,9,1
20250524,삼성(무역센터),잠실나루,10,4
20250524,삼성(무역센터),잠실나루,11,7
20250524,삼성(무역센터),잠실나루,12,16
20250524,삼성(무역센터),잠실나루,13,18
20250524,삼성(무역센터),잠실나루,14,19
20250524,삼성(무역센터),잠실나루,15,14
20250524,삼성(무역센터),잠실나루,16,19
20250524,삼성(무역센터),잠실나루,17,33
20250524,삼성(무역센터),잠실나루,18,27
20250524,삼성(무역센터),잠실나루,19,31
20250524,삼성(무역센터),잠실나루,20,20
20250524,삼성(무역센터),잠실나루,21,19
20250524,삼성(무역센터),잠실나루,22,23
20250524,삼성(무역센터),잠실나루,23,4
20250524,삼성(무역센터),잠실새내,5,2
20250524,삼성(무역센터),잠실새내,6,2
20250524,삼성(무역센터),잠실새내,7,1
20250524,삼성(무역센터),잠실새내,8,7
20250524,삼성(무역센터),잠실새내,9,8
20250524,삼성(무역센터),잠실새내,10,17
20250524,삼성(무역센터),잠실새내,11,33
20250524,삼성(무역센터),잠실새내,12,38
20250524,삼성(무역센터),잠실새내,13,48
20250524,삼성(무역센터),잠실새내,14,63
20250524,삼성(무역센터),잠실새내,15,76
20250524,삼성(무역센터),잠실새내,16,99
20250524,삼성(무역센터),잠실새내,17,86
20250524,삼성(무역센터),잠실새내,18,83
20250524,삼성(무역센터),잠실새내,19,53
20250524,삼성(무역센터),잠실새내,20,79
20250524,삼성(무역센터),잠실새내,21,52
20250524,삼성(무역센터),잠실새내,22,27
20250524,삼성(무역센터),잠실새내,23,6
20250524,삼성(무역센터),종합운동장,6,2
20250524,삼성(무역센터),종합운동장,7,6
20250524,삼성(무역센터),종합운동장,8,4
20250524,삼성(무역센터),종합운동장,9,3
20250524,삼성(무역센터),종합운동장,10,8
20250524,삼성(무역센터),종합운동장,11,13
20250524,삼성(무역센터),종합운동장,12,8
20250524,삼성(무역센터),종합운동장,13,32
20250524,삼성(무역센터),종합운동장,14,57
20250524,삼성(무역센터),종합운동장,15,91
20250524,삼성(무역센터),종합운동장,16,153
20250524,삼성(무역센터),종합운동장,17,67
20250524,삼성(무역센터),종합운동장,18,38
20250524,삼성(무역센터),종합운동장,19,31
20250524,삼성(무역센터),종합운동장,20,27
20250524,삼성(무역센터),종합운동장,21,27
20250524,삼성(무역센터),종합운동장,22,14
20250524,삼성(무역센터),충정로(경기대입구),5,1
20250524,삼성(무역센터),충정로(경기대입구),7,1
20250524,삼성(무역센터),충정로(경기대입구),9,2
20250524,삼성(무역센터),충정로(경기대입구),10,4
20250524,삼성(무역센터),충정로(경기대입구),12,7
20250524,삼성(무역센터),충정로(경기대입구),13,2
20250524,삼성(무역센터),충정로(경기대입구),14,7
20250524,삼성(무역센터),충정로(경기대입구),15,4
20250524,삼성(무역센터),충정로(경기대입구),16,6
20250524,삼성(무역센터),충정로(경기대입구),17,9
20250524,삼성(무역센터),충정로(경기대입구),18,6
20250524,삼성(무역센터),충정로(경기대입구),19,5
20250524,삼성(무역센터),충정로(경기대입구),20,5
20250524,삼성(무역센터),충정로(경기대입구),21,2
20250524,삼성(무역센터),충정로(경기대입구),22,2
20250524,삼성(무역센터),한양대,7,3
20250524,삼성(무역센터),한양대,8,1
20250524,삼성(무역센터),한양대,9,4
20250524,삼성(무역센터),한양대,10,4
20250524,삼성(무역센터),한양대,11,2
20250524,삼성(무역센터),한양대,12,8
20250524,삼성(무역센터),한양대,13,5
20250524,삼성(무역센터),한양대,14,17
20250524,삼성(무역센터),한양대,15,7
20250524,삼성(무역센터),한양대,16,5
20250524,삼성(무역센터),한양대,17,5
20250524,삼성(무역센터),한양대,18,6
20250524,삼성(무역센터),한양대,19,2
20250524,삼성(무역센터),한양대,20,4
20250524,삼성(무역센터),한양대,21,11
20250524,삼성(무역센터),한양대,22,2
20250524,삼성(무역센터),한양대,23,1
20250524,삼성(무역센터),합정,7,4
20250524,삼성(무역센터),합정,8,2
20250524,삼성(무역센터),합정,9,2
20250524,삼성(무역센터),합정,10,4
20250524,삼성(무역센터),합정,11,9
20250524,삼성(무역센터),합정,12,8
20250524,삼성(무역센터),합정,13,22
20250524,삼성(무역센터),합정,14,27
20250524,삼성(무역센터),합정,15,16
20250524,삼성(무역센터),합정,16,33
20250524,삼성(무역센터),합정,17,17
20250524,삼성(무역센터),합정,18,12
20250524,삼성(무역센터),합정,19,22
20250524,삼성(무역센터),합정,20,11
20250524,삼성(무역센터),합정,21,17
20250524,삼성(무역센터),합정,22,6
20250524,삼성(무역센터),합정,23,1
20250524,삼성(무역센터),홍대입구,5,2
20250524,삼성(무역센터),홍대입구,6,4
20250524,삼성(무역센터),홍대입구,7,1
20250524,삼성(무역센터),홍대입구,9,2
20250524,삼성(무역센터),홍대입구,10,12
20250524,삼성(무역센터),홍대입구,11,15
20250524,삼성(무역센터),홍대입구,12,23
20250524,삼성(무역센터),홍대입구,13,31
20250524,삼성(무역센터),홍대입구,14,33
20250524,삼성(무역센터),홍대입구,15,50
20250524,삼성(무역센터),홍대입구,16,60
20250524,삼성(무역센터),홍대입구,17,54
20250524,삼성(무역센터),홍대입구,18,59
20250524,삼성(무역센터),홍대입구,19,32
20250524,삼성(무역센터),홍대입구,20,32
20250524,삼성(무역센터),홍대입구,21,25
20250524,삼성(무역센터),홍대입구,22,14
20250524,삼성(무역센터),홍대입구,23,7
20250524,상왕십리,강남,5,2
20250524,상왕십리,강남,6,1
20250524,상왕십리,강남,7,5
20250524,상왕십리,강남,8,19
20250524,상왕십리,강남,9,20
20250524,상왕십리,강남,10,19
20250524,상왕십리,강남,11,14
20250524,상왕십리,강남,12,12
20250524,상왕십리,강남,13,15
20250524,상왕십리,강남,14,18
20250524,상왕십리,강남,15,7
20250524,상왕십리,강남,16,10
20250524,상왕십리,강남,17,5
20250524,상왕십리,강남,18,6
20250524,상왕십리,강남,19,4
20250524,상왕십리,강남,20,1
20250524,상왕십리,강남,21,2
20250524,상왕십리,강남,22,1
20250524,상왕십리,강변(동서울터미널),5,5
20250524,상왕십리,강변(동서울터미널),6,8
20250524,상왕십리,강변(동서울터미널),7,15
20250524,상왕십리,강변(동서울터미널),8,23
20250524,상왕십리,강변(동서울터미널),9,21
20250524,상왕십리,강변(동서울터미널),10,14
20250524,상왕십리,강변(동서울터미널),11,10
20250524,상왕십리,강변(동서울터미널),12,13
20250524,상왕십리,강변(동서울터미널),13,12
20250524,상왕십리,강변(동서울터미널),14,12
20250524,상왕십리,강변(동서울터미널),15,17
20250524,상왕십리,강변(동서울터미널),16,2
20250524,상왕십리,강변(동서울터미널),17,9
20250524,상왕십리,강변(동서울터미널),18,2
20250524,상왕십리,강변(동서울터미널),19,7
20250524,상왕십리,강변(동서울터미널),20,6
20250524,상왕십리,강변(동서울터미널),21,5
20250524,상왕십리,강변(동서울터미널),22,1
20250524,상왕십리,건대입구,5,2
20250524,상왕십리,건대입구,6,2
20250524,상왕십리,건대입구,7,3
20250524,상왕십리,건대입구,8,10
20250524,상왕십리,건대입구,9,27
20250524,상왕십리,건대입구,10,16
20250524,상왕십리,건대입구,11,30
20250524,상왕십리,건대입구,12,19
20250524,상왕십리,건대입구,13,19
20250524,상왕십리,건대입구,14,36
20250524,상왕십리,건대입구,15,27
20250524,상왕십리,건대입구,16,42
20250524,상왕십리,건대입구,17,18
20250524,상왕십리,건대입구,18,20
20250524,상왕십리,건대입구,19,29
20250524,상왕십리,건대입구,20,15
20250524,상왕십리,건대입구,21,11
20250524,상왕십리,건대입구,22,8
20250524,상왕십리,건대입구,23,2
20250524,상왕십리,교대(법원.검찰청),5,1
20250524,상왕십리,교대(법원.검찰청),6,2
20250524,상왕십리,교대(법원.검찰청),7,2
20250524,상왕십리,교대(법원.검찰청),8,3
20250524,상왕십리,교대(법원.검찰청),9,5
20250524,상왕십리,교대(법원.검찰청),11,6
20250524,상왕십리,교대(법원.검찰청),12,3
20250524,상왕십리,교대(법원.검찰청),13,1
20250524,상왕십리,교대(법원.검찰청),14,3
20250524,상왕십리,교대(법원.검찰청),15,5
20250524,상왕십리,교대(법원.검찰청),16,2
20250524,상왕십리,교대(법원.검찰청),17,1
20250524,상왕십리,교대(법원.검찰청),19,2
20250524,상왕십리,교대(법원.검찰청),20,1
20250524,상왕십리,교대(법원.검찰청),21,1
20250524,상왕십리,구로디지털단지,5,2
20250524,상왕십리,구로디지털단지,6,1
20250524,상왕십리,구로디지털단지,7,6
20250524,상왕십리,구로디지털단지,8,4
20250524,상왕십리,구로디지털단지,9,4
20250524,상왕십리,구로디지털단지,10,2
20250524,상왕십리,구로디지털단지,11,8
20250524,상왕십리,구로디지털단지,12,3
20250524,상왕십리,구로디지털단지,13,4
20250524,상왕십리,구로디지털단지,14,5
20250524,상왕십리,구로디지털단지,15,8
20250524,상왕십리,구로디지털단지,16,3
20250524,상왕십리,구로디지털단지,17,5
20250524,상왕십리,구로디지털단지,18,4
20250524,상왕십리,구로디지털단지,19,3
20250524,상왕십리,구로디지털단지,21,1
20250524,상왕십리,구로디지털단지,22,1
20250524,상왕십리,구로디지털단지,23,3
20250524,상왕십리,구의(광진구청),5,1
20250524,상왕십리,구의(광진구청),6,4
20250524,상왕십리,구의(광진구청),7,5
20250524,상왕십리,구의(광진구청),8,8
20250524,상왕십리,구의(광진구청),9,6
20250524,상왕십리,구의(광진구청),10,9
20250524,상왕십리,구의(광진구청),11,8
20250524,상왕십리,구의(광진구청),12,4
20250524,상왕십리,구의(광진구청),13,13
20250524,상왕십리,구의(광진구청),14,11
20250524,상왕십리,구의(광진구청),15,7
20250524,상왕십리,구의(광진구청),16,9
20250524,상왕십리,구의(광진구청),17,6
20250524,상왕십리,구의(광진구청),18,9
20250524,상왕십리,구의(광진구청),19,8
20250524,상왕십리,구의(광진구청),20,13
20250524,상왕십리,구의(광진구청),21,6
20250524,상왕십리,구의(광진구청),22,10
20250524,상왕십리,구의(광진구청),23,3
20250524,상왕십리,낙성대,6,1
20250524,상왕십리,낙성대,8,2
20250524,상왕십리,낙성대,9,3
20250524,상왕십리,낙성대,10,1
20250524,상왕십리,낙성대,11,5
20250524,상왕십리,낙성대,13,1
20250524,상왕십리,낙성대,14,1
20250524,상왕십리,낙성대,17,2
20250524,상왕십리,낙성대,18,5
20250524,상왕십리,낙성대,19,1
20250524,상왕십리,낙성대,22,1
20250524,상왕십리,당산,5,3
20250524,상왕십리,당산,6,2
20250524,상왕십리,당산,7,1
20250524,상왕십리,당산,8,6
20250524,상왕십리,당산,9,2
20250524,상왕십리,당산,10,5
20250524,상왕십리,당산,11,3
20250524,상왕십리,당산,12,4
20250524,상왕십리,당산,13,1
20250524,상왕십리,당산,14,3
20250524,상왕십리,당산,15,5
20250524,상왕십리,당산,16,2
20250524,상왕십리,당산,17,3
20250524,상왕십리,당산,18,3
20250524,상왕십리,당산,20,2
20250524,상왕십리,당산,21,2
20250524,상왕십리,당산,22,2
20250524,상왕십리,당산,23,2
20250524,상왕십리,대림(구로구청),5,2
20250524,상왕십리,대림(구로구청),7,2
20250524,상왕십리,대림(구로구청),8,2
20250524,상왕십리,대림(구로구청),10,1
20250524,상왕십리,대림(구로구청),11,1
20250524,상왕십리,대림(구로구청),12,4
20250524,상왕십리,대림(구로구청),13,2
20250524,상왕십리,대림(구로구청),14,1
20250524,상왕십리,대림(구로구청),15,6
20250524,상왕십리,대림(구로구청),16,3
20250524,상왕십리,대림(구로구청),17,5
20250524,상왕십리,대림(구로구청),19,2
20250524,상왕십리,대림(구로구청),21,4
20250524,상왕십리,대림(구로구청),22,1
20250524,상왕십리,동대문역사문화공원,5,4
20250524,상왕십리,동대문역사문화공원,6,5
20250524,상왕십리,동대문역사문화공원,7,1
20250524,상왕십리,동대문역사문화공원,8,17
20250524,상왕십리,동대문역사문화공원,9,11
20250524,상왕십리,동대문역사문화공원,10,18
20250524,상왕십리,동대문역사문화공원,11,30
20250524,상왕십리,동대문역사문화공원,12,26
20250524,상왕십리,동대문역사문화공원,13,17
20250524,상왕십리,동대문역사문화공원,14,17
20250524,상왕십리,동대문역사문화공원,15,22
20250524,상왕십리,동대문역사문화공원,16,18
20250524,상왕십리,동대문역사문화공원,17,11
20250524,상왕십리,동대문역사문화공원,18,15
20250524,상왕십리,동대문역사문화공원,19,4
20250524,상왕십리,동대문역사문화공원,20,9
20250524,상왕십리,동대문역사문화공원,21,4
20250524,상왕십리,동대문역사문화공원,22,5
20250524,상왕십리,뚝섬,5,3
20250524,상왕십리,뚝섬,6,4
20250524,상왕십리,뚝섬,7,3
20250524,상왕십리,뚝섬,8,20
20250524,상왕십리,뚝섬,9,25
20250524,상왕십리,뚝섬,10,20
20250524,상왕십리,뚝섬,11,29
20250524,상왕십리,뚝섬,12,26
20250524,상왕십리,뚝섬,13,37
20250524,상왕십리,뚝섬,14,30
20250524,상왕십리,뚝섬,15,14
20250524,상왕십리,뚝섬,16,13
20250524,상왕십리,뚝섬,17,22
20250524,상왕십리,뚝섬,18,7
20250524,상왕십리,뚝섬,19,13
20250524,상왕십리,뚝섬,20,6
20250524,상왕십리,뚝섬,21,3
20250524,상왕십리,문래,6,2
20250524,상왕십리,문래,7,1
20250524,상왕십리,문래,8,1
20250524,상왕십리,문래,9,1
20250524,상왕십리,문래,10,9
20250524,상왕십리,문래,11,2
20250524,상왕십리,문래,12,5
20250524,상왕십리,문래,13,3
20250524,상왕십리,문래,14,4
20250524,상왕십리,문래,15,5
20250524,상왕십리,문래,16,4
20250524,상왕십리,문래,17,3
20250524,상왕십리,문래,19,2
20250524,상왕십리,문래,20,1
20250524,상왕십리,문래,21,1
20250524,상왕십리,방배,5,1
20250524,상왕십리,방배,6,4
20250524,상왕십리,방배,8,3
20250524,상왕십리,방배,9,1
20250524,상왕십리,방배,10,1
20250524,상왕십리,방배,11,3
20250524,상왕십리,방배,12,2
20250524,상왕십리,방배,13,1
20250524,상왕십리,방배,17,2
20250524,상왕십리,방배,18,2
20250524,상왕십리,봉천,9,1
20250524,상왕십리,봉천,13,2
20250524,상왕십리,봉천,14,1
20250524,상왕십리,봉천,15,3
20250524,상왕십리,봉천,16,2
20250524,상왕십리,봉천,17,1
20250524,상왕십리,봉천,18,3
20250524,상왕십리,봉천,22,1
20250524,상왕십리,봉천,23,1
20250524,상왕십리,사당,4,1
20250524,상왕십리,사당,5,3
20250524,상왕십리,사당,6,2
20250524,상왕십리,사당,7,1
20250524,상왕십리,사당,8,7
20250524,상왕십리,사당,9,5
20250524,상왕십리,사당,10,4
20250524,상왕십리,사당,11,4
20250524,상왕십리,사당,12,7
20250524,상왕십리,사당,13,4
20250524,상왕십리,사당,14,8
20250524,상왕십리,사당,15,6
20250524,상왕십리,사당,16,4
20250524,상왕십리,사당,17,6
20250524,상왕십리,사당,18,1
20250524,상왕십리,사당,19,2
20250524,상왕십리,사당,20,1
20250524,상왕십리,사당,21,1
20250524,상왕십리,삼성(무역센터),5,6
20250524,상왕십리,삼성(무역센터),6,5
20250524,상왕십리,삼성(무역센터),7,5
20250524,상왕십리,삼성(무역센터),8,12
20250524,상왕십리,삼성(무역센터),9,17
20250524,상왕십리,삼성(무역센터),10,13
20250524,상왕십리,삼성(무역센터),11,15
20250524,상왕십리,삼성(무역센터),12,17
20250524,상왕십리,삼성(무역센터),13,17
20250524,상왕십리,삼성(무역센터),14,10
20250524,상왕십리,삼성(무역센터),15,15
20250524,상왕십리,삼성(무역센터),16,11
20250524,상왕십리,삼성(무역센터),17,11
20250524,상왕십리,삼성(무역센터),18,1
20250524,상왕십리,삼성(무역센터),19,1
20250524,상왕십리,삼성(무역센터),23,1
20250524,상왕십리,상왕십리,5,2
20250524,상왕십리,상왕십리,6,2
20250524,상왕십리,상왕십리,7,1
20250524,상왕십리,상왕십리,8,5
20250524,상왕십리,상왕십리,9,7
20250524,상왕십리,상왕십리,10,17
20250524,상왕십리,상왕십리,11,8
20250524,상왕십리,상왕십리,12,5
20250524,상왕십리,상왕십리,13,12
20250524,상왕십리,상왕십리,14,7
20250524,상왕십리,상왕십리,15,12
20250524,상왕십리,상왕십리,16,5
20250524,상왕십리,상왕십리,17,5
20250524,상왕십리,상왕십리,18,10
20250524,상왕십리,상왕십리,19,9
20250524,상왕십리,상왕십리,20,6
20250524,상왕십리,상왕십리,21,3
20250524,상왕십리,상왕십리,22,3
20250524,상왕십리,상왕십리,23,3
20250524,상왕십리,서울대입구(관악구청),6,1
20250524,상왕십리,서울대입구(관악구청),7,2
20250524,상왕십리,서울대입구(관악구청),8,3
20250524,상왕십리,서울대입구(관악구청),9,3
20250524,상왕십리,서울대입구(관악구청),10,4
20250524,상왕십리,서울대입구(관악구청),11,3
20250524,상왕십리,서울대입구(관악구청),12,3
20250524,상왕십리,서울대입구(관악구청),13,3
20250524,상왕십리,서울대입구(관악구청),14,3
20250524,상왕십리,서울대입구(관악구청),15,4
20250524,상왕십리,서울대입구(관악구청),16,1
20250524,상왕십리,서울대입구(관악구청),17,2
20250524,상왕십리,서울대입구(관악구청),18,2
20250524,상왕십리,서울대입구(관악구청),19,1
20250524,상왕십리,서울대입구(관악구청),21,3
20250524,상왕십리,서울대입구(관악구청),22,2
20250524,상왕십리,서초,5,2
20250524,상왕십리,서초,6,2
20250524,상왕십리,서초,7,1
20250524,상왕십리,서초,9,5
20250524,상왕십리,서초,11,1
20250524,상왕십리,서초,12,3
20250524,상왕십리,서초,13,3
20250524,상왕십리,서초,14,3
20250524,상왕십리,서초,17,2
20250524,상왕십리,서초,18,1
20250524,상왕십리,선릉,5,2
20250524,상왕십리,선릉,6,2
20250524,상왕십리,선릉,7,2
20250524,상왕십리,선릉,8,2
20250524,상왕십리,선릉,9,5
20250524,상왕십리,선릉,10,4
20250524,상왕십리,선릉,11,3
20250524,상왕십리,선릉,12,7
20250524,상왕십리,선릉,13,6
20250524,상왕십리,선릉,14,4
20250524,상왕십리,선릉,15,3
20250524,상왕십리,선릉,18,1
20250524,상왕십리,선릉,19,1
20250524,상왕십리,선릉,20,1
20250524,상왕십리,성수,5,7
20250524,상왕십리,성수,6,8
20250524,상왕십리,성수,7,10
20250524,상왕십리,성수,8,19
20250524,상왕십리,성수,9,17
20250524,상왕십리,성수,10,19
20250524,상왕십리,성수,11,36
20250524,상왕십리,성수,12,32
20250524,상왕십리,성수,13,40
20250524,상왕십리,성수,14,33
20250524,상왕십리,성수,15,44
20250524,상왕십리,성수,16,33
20250524,상왕십리,성수,17,25
20250524,상왕십리,성수,18,24
20250524,상왕십리,성수,19,7
20250524,상왕십리,성수,20,2
20250524,상왕십리,성수,21,5
20250524,상왕십리,성수,22,3
20250524,상왕십리,성수,23,1
20250524,상왕십리,시청,5,2
20250524,상왕십리,시청,6,6
20250524,상왕십리,시청,7,4
20250524,상왕십리,시청,8,8
20250524,상왕십리,시청,9,16
20250524,상왕십리,시청,10,18
20250524,상왕십리,시청,11,6
20250524,상왕십리,시청,12,11
20250524,상왕십리,시청,13,14
20250524,상왕십리,시청,14,8
20250524,상왕십리,시청,15,16
20250524,상왕십리,시청,16,14
20250524,상왕십리,시청,17,15
20250524,상왕십리,시청,18,1
20250524,상왕십리,시청,19,4
20250524,상왕십리,시청,20,6
20250524,상왕십리,시청,22,3
20250524,상왕십리,신당,6,2
20250524,상왕십리,신당,7,3
20250524,상왕십리,신당,8,7
20250524,상왕십리,신당,9,10
20250524,상왕십리,신당,10,17
20250524,상왕십리,신당,11,23
20250524,상왕십리,신당,12,10
20250524,상왕십리,신당,13,21
20250524,상왕십리,신당,14,14
20250524,상왕십리,신당,15,13
20250524,상왕십리,신당,16,12
20250524,상왕십리,신당,17,11
20250524,상왕십리,신당,18,9
20250524,상왕십리,신당,19,6
20250524,상왕십리,신당,20,3
20250524,상왕십리,신당,21,4
20250524,상왕십리,신당,22,2
20250524,상왕십리,신당,23,1
20250524,상왕십리,신대방,10,2
20250524,상왕십리,신대방,11,1
20250524,상왕십리,신대방,12,4
20250524,상왕십리,신대방,13,2
20250524,상왕십리,신대방,14,4
20250524,상왕십리,신대방,15,4
20250524,상왕십리,신대방,16,2
20250524,상왕십리,신대방,17,3
20250524,상왕십리,신대방,18,1
20250524,상왕십리,신대방,20,3
20250524,상왕십리,신대방,21,3
20250524,상왕십리,신대방,22,2
20250524,상왕십리,신도림,5,1
20250524,상왕십리,신도림,8,4
20250524,상왕십리,신도림,9,3
20250524,상왕십리,신도림,10,6
20250524,상왕십리,신도림,11,11
20250524,상왕십리,신도림,12,12
20250524,상왕십리,신도림,13,8
20250524,상왕십리,신도림,14,11
20250524,상왕십리,신도림,15,3
20250524,상왕십리,신도림,16,5
20250524,상왕십리,신도림,17,7
20250524,상왕십리,신도림,18,2
20250524,상왕십리,신도림,19,3
20250524,상왕십리,신도림,20,4
20250524,상왕십리,신도림,21,1
20250524,상왕십리,신림,5,1
20250524,상왕십리,신림,8,7
20250524,상왕십리,신림,9,2
20250524,상왕십리,신림,11,3
20250524,상왕십리,신림,12,5
20250524,상왕십리,신림,13,3
20250524,상왕십리,신림,14,5
20250524,상왕십리,신림,15,5
20250524,상왕십리,신림,16,4
20250524,상왕십리,신림,17,1
20250524,상왕십리,신림,18,7
20250524,상왕십리,신림,19,3
20250524,상왕십리,신림,20,4
20250524,상왕십리,신림,21,3
20250524,상왕십리,신림,22,4
20250524,상왕십리,신촌,5,3
20250524,상왕십리,신촌,6,3
20250524,상왕십리,신촌,7,4
20250524,상왕십리,신촌,8,25
20250524,상왕십리,신촌,9,11
20250524,상왕십리,신촌,10,16
20250524,상왕십리,신촌,11,27
20250524,상왕십리,신촌,12,29
20250524,상왕십리,신촌,13,36
20250524,상왕십리,신촌,14,22
20250524,상왕십리,신촌,15,16
20250524,상왕십리,신촌,16,15
20250524,상왕십리,신촌,17,17
20250524,상왕십리,신촌,18,18
20250524,상왕십리,신촌,19,10
20250524,상왕십리,신촌,20,8
20250524,상왕십리,신촌,21,9
20250524,상왕십리,신촌,22,4
20250524,상왕십리,신촌,23,2
20250524,상왕십리,아현,5,2
20250524,상왕십리,아현,6,1
20250524,상왕십리,아현,7,7
20250524,상왕십리,아현,8,5
20250524,상왕십리,아현,9,1
20250524,상왕십리,아현,10,3
20250524,상왕십리,아현,11,5
20250524,상왕십리,아현,12,2
20250524,상왕십리,아현,13,5
20250524,상왕십리,아현,14,2
20250524,상왕십리,아현,15,2
20250524,상왕십리,아현,16,5
20250524,상왕십리,아현,17,2
20250524,상왕십리,아현,18,3
20250524,상왕십리,아현,19,2
20250524,상왕십리,아현,20,2
20250524,상왕십리,아현,21,1
20250524,상왕십리,아현,22,2
20250524,상왕십리,역삼,5,2
20250524,상왕십리,역삼,6,2
20250524,상왕십리,역삼,7,1
20250524,상왕십리,역삼,8,3
20250524,상왕십리,역삼,9,2
20250524,상왕십리,역삼,10,4
20250524,상왕십리,역삼,11,4
20250524,상왕십리,역삼,12,3
20250524,상왕십리,역삼,13,6
20250524,상왕십리,역삼,14,2
20250524,상왕십리,역삼,15,2
20250524,상왕십리,역삼,16,4
20250524,상왕십리,역삼,17,1
20250524,상왕십리,역삼,18,2
20250524,상왕십리,역삼,19,1
20250524,상왕십리,역삼,21,1
20250524,상왕십리,영등포구청,5,2
20250524,상왕십리,영등포구청,7,5
20250524,상왕십리,영등포구청,8,2
20250524,상왕십리,영등포구청,9,1
20250524,상왕십리,영등포구청,10,3
20250524,상왕십리,영등포구청,12,8
20250524,상왕십리,영등포구청,13,2
20250524,상왕십리,영등포구청,14,3
20250524,상왕십리,영등포구청,15,2
20250524,상왕십리,영등포구청,16,3
20250524,상왕십리,영등포구청,17,2
20250524,상왕십리,영등포구청,18,4
20250524,상왕십리,영등포구청,19,1
20250524,상왕십리,영등포구청,21,3
20250524,상왕십리,영등포구청,22,1
20250524,상왕십리,왕십리(성동구청),6,2
20250524,상왕십리,왕십리(성동구청),7,4
20250524,상왕십리,왕십리(성동구청),8,9
20250524,상왕십리,왕십리(성동구청),9,11
20250524,상왕십리,왕십리(성동구청),10,21
20250524,상왕십리,왕십리(성동구청),11,16
20250524,상왕십리,왕십리(성동구청),12,27
20250524,상왕십리,왕십리(성동구청),13,28
20250524,상왕십리,왕십리(성동구청),14,25
20250524,상왕십리,왕십리(성동구청),15,23
20250524,상왕십리,왕십리(성동구청),16,25
20250524,상왕십리,왕십리(성동구청),17,27
20250524,상왕십리,왕십리(성동구청),18,26
20250524,상왕십리,왕십리(성동구청),19,18
20250524,상왕십리,왕십리(성동구청),20,11
20250524,상왕십리,왕십리(성동구청),21,8
20250524,상왕십리,왕십리(성동구청),22,9
20250524,상왕십리,왕십리(성동구청),23,2
20250524,상왕십리,용두(동대문구청),10,1
20250524,상왕십리,용두(동대문구청),16,1
20250524,상왕십리,용두(동대문구청),17,1
20250524,상왕십리,을지로3가,5,4
20250524,상왕십리,을지로3가,6,4
20250524,상왕십리,을지로3가,7,5
20250524,상왕십리,을지로3가,8,12
20250524,상왕십리,을지로3가,9,14
20250524,상왕십리,을지로3가,10,17
20250524,상왕십리,을지로3가,11,16
20250524,상왕십리,을지로3가,12,15
20250524,상왕십리,을지로3가,13,9
20250524,상왕십리,을지로3가,14,8
20250524,상왕십리,을지로3가,15,7
20250524,상왕십리,을지로3가,16,16
20250524,상왕십리,을지로3가,17,15
20250524,상왕십리,을지로3가,18,9
20250524,상왕십리,을지로3가,19,7
20250524,상왕십리,을지로3가,20,4
20250524,상왕십리,을지로3가,21,2
20250524,상왕십리,을지로3가,22,6
20250524,상왕십리,을지로3가,23,4
20250524,상왕십리,을지로4가,5,2
20250524,상왕십리,을지로4가,6,9
20250524,상왕십리,을지로4가,7,5
20250524,상왕십리,을지로4가,8,6
20250524,상왕십리,을지로4가,9,12
20250524,상왕십리,을지로4가,10,10
20250524,상왕십리,을지로4가,11,7
20250524,상왕십리,을지로4가,12,4
20250524,상왕십리,을지로4가,13,11
20250524,상왕십리,을지로4가,14,10
20250524,상왕십리,을지로4가,15,7
20250524,상왕십리,을지로4가,16,9
20250524,상왕십리,을지로4가,17,6
20250524,상왕십리,을지로4가,18,8
20250524,상왕십리,을지로4가,19,5
20250524,상왕십리,을지로4가,20,3
20250524,상왕십리,을지로입구,5,3
20250524,상왕십리,을지로입구,6,10
20250524,상왕십리,을지로입구,7,12
20250524,상왕십리,을지로입구,8,15
20250524,상왕십리,을지로입구,9,36
20250524,상왕십리,을지로입구,10,35
20250524,상왕십리,을지로입구,11,45
20250524,상왕십리,을지로입구,12,36
20250524,상왕십리,을지로입구,13,50
20250524,상왕십리,을지로입구,14,29
20250524,상왕십리,을지로입구,15,29
20250524,상왕십리,을지로입구,16,22
20250524,상왕십리,을지로입구,17,23
20250524,상왕십리,을지로입구,18,15
20250524,상왕십리,을지로입구,19,12
20250524,상왕십리,을지로입구,20,9
20250524,상왕십리,을지로입구,21,3
20250524,상왕십리,을지로입구,22,1
20250524,상왕십리,을지로입구,23,1
20250524,상왕십리,이대,5,1
20250524,상왕십리,이대,6,1
20250524,상왕십리,이대,7,1
20250524,상왕십리,이대,8,8
20250524,상왕십리,이대,9,5
20250524,상왕십리,이대,10,7
20250524,상왕십리,이대,11,4
20250524,상왕십리,이대,12,5
20250524,상왕십리,이대,13,9
20250524,상왕십리,이대,14,6
20250524,상왕십리,이대,15,11
20250524,상왕십리,이대,16,3
20250524,상왕십리,이대,17,3
20250524,상왕십리,이대,18,4
20250524,상왕십리,이대,19,1
20250524,상왕십리,이대,20,1
20250524,상왕십리,이대,22,3
20250524,상왕십리,이대,23,6
20250524,상왕십리,잠실(송파구청),5,7
20250524,상왕십리,잠실(송파구청),6,14
20250524,상왕십리,잠실(송파구청),7,10
20250524,상왕십리,잠실(송파구청),8,16
20250524,상왕십리,잠실(송파구청),9,22
20250524,상왕십리,잠실(송파구청),10,42
20250524,상왕십리,잠실(송파구청),11,46
20250524,상왕십리,잠실(송파구청),12,42
20250524,상왕십리,잠실(송파구청),13,53
20250524,상왕십리,잠실(송파구청),14,32
20250524,상왕십리,잠실(송파구청),15,23
20250524,상왕십리,잠실(송파구청),16,29
20250524,상왕십리,잠실(송파구청),17,32
20250524,상왕십리,잠실(송파구청),18,20
20250524,상왕십리,잠실(송파구청),19,13
20250524,상왕십리,잠실(송파구청),20,11
20250524,상왕십리,잠실(송파구청),21,6
20250524,상왕십리,잠실(송파구청),22,8
20250524,상왕십리,잠실(송파구청),23,2
20250524,상왕십리,잠실나루,5,2
20250524,상왕십리,잠실나루,6,1
20250524,상왕십리,잠실나루,7,2
20250524,상왕십리,잠실나루,8,2
20250524,상왕십리,잠실나루,9,3
20250524,상왕십리,잠실나루,10,4
20250524,상왕십리,잠실나루,11,8
20250524,상왕십리,잠실나루,12,2
20250524,상왕십리,잠실나루,13,7
20250524,상왕십리,잠실나루,14,5
20250524,상왕십리,잠실나루,15,1
20250524,상왕십리,잠실나루,16,5
20250524,상왕십리,잠실나루,17,2
20250524,상왕십리,잠실나루,18,5
20250524,상왕십리,잠실나루,22,2
20250524,상왕십리,잠실새내,5,2
20250524,상왕십리,잠실새내,6,5
20250524,상왕십리,잠실새내,7,3
20250524,상왕십리,잠실새내,8,9
20250524,상왕십리,잠실새내,9,4
20250524,상왕십리,잠실새내,10,14
20250524,상왕십리,잠실새내,11,7
20250524,상왕십리,잠실새내,12,7
20250524,상왕십리,잠실새내,13,9
20250524,상왕십리,잠실새내,14,11
20250524,상왕십리,잠실새내,15,9
20250524,상왕십리,잠실새내,16,10
20250524,상왕십리,잠실새내,17,7
20250524,상왕십리,잠실새내,18,6
20250524,상왕십리,잠실새내,19,7
20250524,상왕십리,잠실새내,20,2
20250524,상왕십리,잠실새내,21,1
20250524,상왕십리,잠실새내,22,3
20250524,상왕십리,종합운동장,5,1
20250524,상왕십리,종합운동장,6,12
20250524,상왕십리,종합운동장,8,2
20250524,상왕십리,종합운동장,11,3
20250524,상왕십리,종합운동장,12,7
20250524,상왕십리,종합운동장,13,7
20250524,상왕십리,종합운동장,14,6
20250524,상왕십리,종합운동장,15,23
20250524,상왕십리,종합운동장,16,28
20250524,상왕십리,종합운동장,17,4
20250524,상왕십리,종합운동장,18,1
20250524,상왕십리,종합운동장,22,3
20250524,상왕십리,충정로(경기대입구),5,1
20250524,상왕십리,충정로(경기대입구),6,3
20250524,상왕십리,충정로(경기대입구),8,4
20250524,상왕십리,충정로(경기대입구),9,1
20250524,상왕십리,충정로(경기대입구),10,6
20250524,상왕십리,충정로(경기대입구),11,5
20250524,상왕십리,충정로(경기대입구),12,2
20250524,상왕십리,충정로(경기대입구),13,5
20250524,상왕십리,충정로(경기대입구),14,3
20250524,상왕십리,충정로(경기대입구),15,4
20250524,상왕십리,충정로(경기대입구),16,3
20250524,상왕십리,충정로(경기대입구),17,3
20250524,상왕십리,충정로(경기대입구),18,2
20250524,상왕십리,충정로(경기대입구),20,1
20250524,상왕십리,충정로(경기대입구),21,1
20250524,상왕십리,충정로(경기대입구),22,3
20250524,상왕십리,한양대,6,3
20250524,상왕십리,한양대,7,1
20250524,상왕십리,한양대,8,17
20250524,상왕십리,한양대,9,12
20250524,상왕십리,한양대,10,6
20250524,상왕십리,한양대,11,6
20250524,상왕십리,한양대,12,16
20250524,상왕십리,한양대,13,9
20250524,상왕십리,한양대,14,14
20250524,상왕십리,한양대,15,7
20250524,상왕십리,한양대,16,5
20250524,상왕십리,한양대,17,1
20250524,상왕십리,한양대,18,3
20250524,상왕십리,한양대,19,3
20250524,상왕십리,한양대,20,2
20250524,상왕십리,한양대,21,2
20250524,상왕십리,한양대,22,3
20250524,상왕십리,합정,5,1
20250524,상왕십리,합정,6,1
20250524,상왕십리,합정,7,3
20250524,상왕십리,합정,8,5
20250524,상왕십리,합정,9,7
20250524,상왕십리,합정,10,16
20250524,상왕십리,합정,11,18
20250524,상왕십리,합정,12,11
20250524,상왕십리,합정,13,16
20250524,상왕십리,합정,14,13
20250524,상왕십리,합정,15,7
20250524,상왕십리,합정,16,13
20250524,상왕십리,합정,17,16
20250524,상왕십리,합정,18,8
20250524,상왕십리,합정,19,8
20250524,상왕십리,합정,20,6
20250524,상왕십리,합정,21,1
20250524,상왕십리,합정,22,2
20250524,상왕십리,합정,23,1
20250524,상왕십리,홍대입구,5,2
20250524,상왕십리,홍대입구,6,1
20250524,상왕십리,홍대입구,7,4
20250524,상왕십리,홍대입구,8,10
20250524,상왕십리,홍대입구,9,22
20250524,상왕십리,홍대입구,10,22
20250524,상왕십리,홍대입구,11,34
20250524,상왕십리,홍대입구,12,39
20250524,상왕십리,홍대입구,13,73
20250524,상왕십리,홍대입구,14,48
20250524,상왕십리,홍대입구,15,24
20250524,상왕십리,홍대입구,16,28
20250524,상왕십리,홍대입구,17,37
20250524,상왕십리,홍대입구,18,17
20250524,상왕십리,홍대입구,19,25
20250524,상왕십리,홍대입구,20,17
20250524,상왕십리,홍대입구,21,16
20250524,상왕십리,홍대입구,22,15
20250524,상왕십리,홍대입구,23,6
20250524,서울대입구(관악구청),강남,4,7
20250524,서울대입구(관악구청),강남,5,47
20250524,서울대입구(관악구청),강남,6,52
20250524,서울대입구(관악구청),강남,7,83
20250524,서울대입구(관악구청),강남,8,227
20250524,서울대입구(관악구청),강남,9,258
20250524,서울대입구(관악구청),강남,10,209
20250524,서울대입구(관악구청),강남,11,164
20250524,서울대입구(관악구청),강남,12,194
20250524,서울대입구(관악구청),강남,13,207
20250524,서울대입구(관악구청),강남,14,190
20250524,서울대입구(관악구청),강남,15,146
20250524,서울대입구(관악구청),강남,16,170
20250524,서울대입구(관악구청),강남,17,194
20250524,서울대입구(관악구청),강남,18,141
20250524,서울대입구(관악구청),강남,19,99
20250524,서울대입구(관악구청),강남,20,61
20250524,서울대입구(관악구청),강남,21,58
20250524,서울대입구(관악구청),강남,22,55
20250524,서울대입구(관악구청),강남,23,30
20250524,서울대입구(관악구청),강변(동서울터미널),5,11
20250524,서울대입구(관악구청),강변(동서울터미널),6,13
20250524,서울대입구(관악구청),강변(동서울터미널),7,11
20250524,서울대입구(관악구청),강변(동서울터미널),8,19
20250524,서울대입구(관악구청),강변(동서울터미널),9,15
20250524,서울대입구(관악구청),강변(동서울터미널),10,13
20250524,서울대입구(관악구청),강변(동서울터미널),11,12
20250524,서울대입구(관악구청),강변(동서울터미널),12,33
20250524,서울대입구(관악구청),강변(동서울터미널),13,16
20250524,서울대입구(관악구청),강변(동서울터미널),14,17
20250524,서울대입구(관악구청),강변(동서울터미널),15,14
20250524,서울대입구(관악구청),강변(동서울터미널),16,16
20250524,서울대입구(관악구청),강변(동서울터미널),17,26
20250524,서울대입구(관악구청),강변(동서울터미널),18,6
20250524,서울대입구(관악구청),강변(동서울터미널),19,16
20250524,서울대입구(관악구청),강변(동서울터미널),20,7
20250524,서울대입구(관악구청),강변(동서울터미널),21,10
20250524,서울대입구(관악구청),강변(동서울터미널),22,13
20250524,서울대입구(관악구청),강변(동서울터미널),23,4
20250524,서울대입구(관악구청),건대입구,5,3
20250524,서울대입구(관악구청),건대입구,6,9
20250524,서울대입구(관악구청),건대입구,7,5
20250524,서울대입구(관악구청),건대입구,8,5
20250524,서울대입구(관악구청),건대입구,9,12
20250524,서울대입구(관악구청),건대입구,10,23
20250524,서울대입구(관악구청),건대입구,11,18
20250524,서울대입구(관악구청),건대입구,12,34
20250524,서울대입구(관악구청),건대입구,13,26
20250524,서울대입구(관악구청),건대입구,14,20
20250524,서울대입구(관악구청),건대입구,15,26
20250524,서울대입구(관악구청),건대입구,16,17
20250524,서울대입구(관악구청),건대입구,17,21
20250524,서울대입구(관악구청),건대입구,18,18
20250524,서울대입구(관악구청),건대입구,19,8
20250524,서울대입구(관악구청),건대입구,20,12
20250524,서울대입구(관악구청),건대입구,21,14
20250524,서울대입구(관악구청),건대입구,22,13
20250524,서울대입구(관악구청),건대입구,23,7
20250524,서울대입구(관악구청),교대(법원.검찰청),4,2
20250524,서울대입구(관악구청),교대(법원.검찰청),5,21
20250524,서울대입구(관악구청),교대(법원.검찰청),6,30
20250524,서울대입구(관악구청),교대(법원.검찰청),7,28
20250524,서울대입구(관악구청),교대(법원.검찰청),8,80
20250524,서울대입구(관악구청),교대(법원.검찰청),9,81
20250524,서울대입구(관악구청),교대(법원.검찰청),10,50
20250524,서울대입구(관악구청),교대(법원.검찰청),11,43
20250524,서울대입구(관악구청),교대(법원.검찰청),12,59
20250524,서울대입구(관악구청),교대(법원.검찰청),13,45
20250524,서울대입구(관악구청),교대(법원.검찰청),14,33
20250524,서울대입구(관악구청),교대(법원.검찰청),15,42
20250524,서울대입구(관악구청),교대(법원.검찰청),16,35
20250524,서울대입구(관악구청),교대(법원.검찰청),17,44
20250524,서울대입구(관악구청),교대(법원.검찰청),18,37
20250524,서울대입구(관악구청),교대(법원.검찰청),19,15
20250524,서울대입구(관악구청),교대(법원.검찰청),20,22
20250524,서울대입구(관악구청),교대(법원.검찰청),21,15
20250524,서울대입구(관악구청),교대(법원.검찰청),22,8
20250524,서울대입구(관악구청),교대(법원.검찰청),23,13
20250524,서울대입구(관악구청),구로디지털단지,5,8
20250524,서울대입구(관악구청),구로디지털단지,6,7
20250524,서울대입구(관악구청),구로디지털단지,7,18
20250524,서울대입구(관악구청),구로디지털단지,8,31
20250524,서울대입구(관악구청),구로디지털단지,9,37
20250524,서울대입구(관악구청),구로디지털단지,10,49
20250524,서울대입구(관악구청),구로디지털단지,11,39
20250524,서울대입구(관악구청),구로디지털단지,12,56
20250524,서울대입구(관악구청),구로디지털단지,13,72
20250524,서울대입구(관악구청),구로디지털단지,14,62
20250524,서울대입구(관악구청),구로디지털단지,15,82
20250524,서울대입구(관악구청),구로디지털단지,16,57
20250524,서울대입구(관악구청),구로디지털단지,17,89
20250524,서울대입구(관악구청),구로디지털단지,18,46
20250524,서울대입구(관악구청),구로디지털단지,19,46
20250524,서울대입구(관악구청),구로디지털단지,20,46
20250524,서울대입구(관악구청),구로디지털단지,21,70
20250524,서울대입구(관악구청),구로디지털단지,22,41
20250524,서울대입구(관악구청),구로디지털단지,23,24
20250524,서울대입구(관악구청),구의(광진구청),5,4
20250524,서울대입구(관악구청),구의(광진구청),6,5
20250524,서울대입구(관악구청),구의(광진구청),7,4
20250524,서울대입구(관악구청),구의(광진구청),8,7
20250524,서울대입구(관악구청),구의(광진구청),9,10
20250524,서울대입구(관악구청),구의(광진구청),10,13
20250524,서울대입구(관악구청),구의(광진구청),11,16
20250524,서울대입구(관악구청),구의(광진구청),12,13
20250524,서울대입구(관악구청),구의(광진구청),13,19
20250524,서울대입구(관악구청),구의(광진구청),14,9
20250524,서울대입구(관악구청),구의(광진구청),15,11
20250524,서울대입구(관악구청),구의(광진구청),16,19
20250524,서울대입구(관악구청),구의(광진구청),17,14
20250524,서울대입구(관악구청),구의(광진구청),18,27
20250524,서울대입구(관악구청),구의(광진구청),19,15
20250524,서울대입구(관악구청),구의(광진구청),20,7
20250524,서울대입구(관악구청),구의(광진구청),21,13
20250524,서울대입구(관악구청),구의(광진구청),22,8
20250524,서울대입구(관악구청),구의(광진구청),23,3
20250524,서울대입구(관악구청),낙성대,5,5
20250524,서울대입구(관악구청),낙성대,6,11
20250524,서울대입구(관악구청),낙성대,7,14
20250524,서울대입구(관악구청),낙성대,8,31
20250524,서울대입구(관악구청),낙성대,9,43
20250524,서울대입구(관악구청),낙성대,10,57
20250524,서울대입구(관악구청),낙성대,11,72
20250524,서울대입구(관악구청),낙성대,12,98
20250524,서울대입구(관악구청),낙성대,13,63
20250524,서울대입구(관악구청),낙성대,14,65
20250524,서울대입구(관악구청),낙성대,15,69
20250524,서울대입구(관악구청),낙성대,16,85
20250524,서울대입구(관악구청),낙성대,17,75
20250524,서울대입구(관악구청),낙성대,18,66
20250524,서울대입구(관악구청),낙성대,19,74
20250524,서울대입구(관악구청),낙성대,20,44
20250524,서울대입구(관악구청),낙성대,21,41
20250524,서울대입구(관악구청),낙성대,22,38
20250524,서울대입구(관악구청),낙성대,23,13
20250524,서울대입구(관악구청),당산,5,7
20250524,서울대입구(관악구청),당산,6,12
20250524,서울대입구(관악구청),당산,7,13
20250524,서울대입구(관악구청),당산,8,30
20250524,서울대입구(관악구청),당산,9,16
20250524,서울대입구(관악구청),당산,10,17
20250524,서울대입구(관악구청),당산,11,19
20250524,서울대입구(관악구청),당산,12,30
20250524,서울대입구(관악구청),당산,13,30
20250524,서울대입구(관악구청),당산,14,28
20250524,서울대입구(관악구청),당산,15,18
20250524,서울대입구(관악구청),당산,16,27
20250524,서울대입구(관악구청),당산,17,23
20250524,서울대입구(관악구청),당산,18,23
20250524,서울대입구(관악구청),당산,19,19
20250524,서울대입구(관악구청),당산,20,18
20250524,서울대입구(관악구청),당산,21,14
20250524,서울대입구(관악구청),당산,22,15
20250524,서울대입구(관악구청),당산,23,13
20250524,서울대입구(관악구청),대림(구로구청),5,7
20250524,서울대입구(관악구청),대림(구로구청),6,4
20250524,서울대입구(관악구청),대림(구로구청),7,6
20250524,서울대입구(관악구청),대림(구로구청),8,23
20250524,서울대입구(관악구청),대림(구로구청),9,19
20250524,서울대입구(관악구청),대림(구로구청),10,23
20250524,서울대입구(관악구청),대림(구로구청),11,19
20250524,서울대입구(관악구청),대림(구로구청),12,51
20250524,서울대입구(관악구청),대림(구로구청),13,23
20250524,서울대입구(관악구청),대림(구로구청),14,15
20250524,서울대입구(관악구청),대림(구로구청),15,23
20250524,서울대입구(관악구청),대림(구로구청),16,26
20250524,서울대입구(관악구청),대림(구로구청),17,23
20250524,서울대입구(관악구청),대림(구로구청),18,23
20250524,서울대입구(관악구청),대림(구로구청),19,21
20250524,서울대입구(관악구청),대림(구로구청),20,32
20250524,서울대입구(관악구청),대림(구로구청),21,24
20250524,서울대입구(관악구청),대림(구로구청),22,24
20250524,서울대입구(관악구청),대림(구로구청),23,17
20250524,서울대입구(관악구청),동대문역사문화공원,6,1
20250524,서울대입구(관악구청),동대문역사문화공원,7,1
20250524,서울대입구(관악구청),동대문역사문화공원,8,5
20250524,서울대입구(관악구청),동대문역사문화공원,9,4
20250524,서울대입구(관악구청),동대문역사문화공원,10,12
20250524,서울대입구(관악구청),동대문역사문화공원,11,5
20250524,서울대입구(관악구청),동대문역사문화공원,12,5
20250524,서울대입구(관악구청),동대문역사문화공원,13,7
20250524,서울대입구(관악구청),동대문역사문화공원,14,6
20250524,서울대입구(관악구청),동대문역사문화공원,15,6
20250524,서울대입구(관악구청),동대문역사문화공원,16,2
20250524,서울대입구(관악구청),동대문역사문화공원,17,6
20250524,서울대입구(관악구청),동대문역사문화공원,18,2
20250524,서울대입구(관악구청),동대문역사문화공원,19,1
20250524,서울대입구(관악구청),동대문역사문화공원,20,3
20250524,서울대입구(관악구청),동대문역사문화공원,21,3
20250524,서울대입구(관악구청),뚝섬,5,1
20250524,서울대입구(관악구청),뚝섬,6,1
20250524,서울대입구(관악구청),뚝섬,8,2
20250524,서울대입구(관악구청),뚝섬,9,6
20250524,서울대입구(관악구청),뚝섬,10,5
20250524,서울대입구(관악구청),뚝섬,11,9
20250524,서울대입구(관악구청),뚝섬,12,13
20250524,서울대입구(관악구청),뚝섬,13,13
20250524,서울대입구(관악구청),뚝섬,14,12
20250524,서울대입구(관악구청),뚝섬,15,4
20250524,서울대입구(관악구청),뚝섬,16,9
20250524,서울대입구(관악구청),뚝섬,17,7
20250524,서울대입구(관악구청),뚝섬,18,3
20250524,서울대입구(관악구청),뚝섬,20,2
20250524,서울대입구(관악구청),뚝섬,22,1
20250524,서울대입구(관악구청),문래,5,2
20250524,서울대입구(관악구청),문래,6,4
20250524,서울대입구(관악구청),문래,7,11
20250524,서울대입구(관악구청),문래,8,9
20250524,서울대입구(관악구청),문래,9,13
20250524,서울대입구(관악구청),문래,10,12
20250524,서울대입구(관악구청),문래,11,21
20250524,서울대입구(관악구청),문래,12,22
20250524,서울대입구(관악구청),문래,13,36
20250524,서울대입구(관악구청),문래,14,26
20250524,서울대입구(관악구청),문래,15,28
20250524,서울대입구(관악구청),문래,16,22
20250524,서울대입구(관악구청),문래,17,26
20250524,서울대입구(관악구청),문래,18,23
20250524,서울대입구(관악구청),문래,19,11
20250524,서울대입구(관악구청),문래,20,8
20250524,서울대입구(관악구청),문래,21,10
20250524,서울대입구(관악구청),문래,22,7
20250524,서울대입구(관악구청),문래,23,3
20250524,서울대입구(관악구청),방배,5,12
20250524,서울대입구(관악구청),방배,6,20
20250524,서울대입구(관악구청),방배,7,17
20250524,서울대입구(관악구청),방배,8,38
20250524,서울대입구(관악구청),방배,9,54
20250524,서울대입구(관악구청),방배,10,29
20250524,서울대입구(관악구청),방배,11,25
20250524,서울대입구(관악구청),방배,12,31
20250524,서울대입구(관악구청),방배,13,39
20250524,서울대입구(관악구청),방배,14,22
20250524,서울대입구(관악구청),방배,15,27
20250524,서울대입구(관악구청),방배,16,31
20250524,서울대입구(관악구청),방배,17,25
20250524,서울대입구(관악구청),방배,18,17
20250524,서울대입구(관악구청),방배,19,17
20250524,서울대입구(관악구청),방배,20,17
20250524,서울대입구(관악구청),방배,21,17
20250524,서울대입구(관악구청),방배,22,10
20250524,서울대입구(관악구청),방배,23,11
20250524,서울대입구(관악구청),봉천,5,5
20250524,서울대입구(관악구청),봉천,6,6
20250524,서울대입구(관악구청),봉천,7,12
20250524,서울대입구(관악구청),봉천,8,32
20250524,서울대입구(관악구청),봉천,9,27
20250524,서울대입구(관악구청),봉천,10,49
20250524,서울대입구(관악구청),봉천,11,52
20250524,서울대입구(관악구청),봉천,12,61
20250524,서울대입구(관악구청),봉천,13,55
20250524,서울대입구(관악구청),봉천,14,46
20250524,서울대입구(관악구청),봉천,15,49
20250524,서울대입구(관악구청),봉천,16,64
20250524,서울대입구(관악구청),봉천,17,65
20250524,서울대입구(관악구청),봉천,18,62
20250524,서울대입구(관악구청),봉천,19,32
20250524,서울대입구(관악구청),봉천,20,31
20250524,서울대입구(관악구청),봉천,21,38
20250524,서울대입구(관악구청),봉천,22,27
20250524,서울대입구(관악구청),봉천,23,12
20250524,서울대입구(관악구청),사당,5,14
20250524,서울대입구(관악구청),사당,6,34
20250524,서울대입구(관악구청),사당,7,38
20250524,서울대입구(관악구청),사당,8,49
20250524,서울대입구(관악구청),사당,9,69
20250524,서울대입구(관악구청),사당,10,88
20250524,서울대입구(관악구청),사당,11,96
20250524,서울대입구(관악구청),사당,12,119
20250524,서울대입구(관악구청),사당,13,96
20250524,서울대입구(관악구청),사당,14,88
20250524,서울대입구(관악구청),사당,15,74
20250524,서울대입구(관악구청),사당,16,97
20250524,서울대입구(관악구청),사당,17,119
20250524,서울대입구(관악구청),사당,18,84
20250524,서울대입구(관악구청),사당,19,81
20250524,서울대입구(관악구청),사당,20,51
20250524,서울대입구(관악구청),사당,21,52
20250524,서울대입구(관악구청),사당,22,31
20250524,서울대입구(관악구청),사당,23,29
20250524,서울대입구(관악구청),삼성(무역센터),4,6
20250524,서울대입구(관악구청),삼성(무역센터),5,50
20250524,서울대입구(관악구청),삼성(무역센터),6,46
20250524,서울대입구(관악구청),삼성(무역센터),7,60
20250524,서울대입구(관악구청),삼성(무역센터),8,65
20250524,서울대입구(관악구청),삼성(무역센터),9,87
20250524,서울대입구(관악구청),삼성(무역센터),10,97
20250524,서울대입구(관악구청),삼성(무역센터),11,76
20250524,서울대입구(관악구청),삼성(무역센터),12,94
20250524,서울대입구(관악구청),삼성(무역센터),13,76
20250524,서울대입구(관악구청),삼성(무역센터),14,85
20250524,서울대입구(관악구청),삼성(무역센터),15,56
20250524,서울대입구(관악구청),삼성(무역센터),16,42
20250524,서울대입구(관악구청),삼성(무역센터),17,54
20250524,서울대입구(관악구청),삼성(무역센터),18,10
20250524,서울대입구(관악구청),삼성(무역센터),19,13
20250524,서울대입구(관악구청),삼성(무역센터),20,19
20250524,서울대입구(관악구청),삼성(무역센터),21,9
20250524,서울대입구(관악구청),삼성(무역센터),22,5
20250524,서울대입구(관악구청),삼성(무역센터),23,21
20250524,서울대입구(관악구청),상왕십리,5,1
20250524,서울대입구(관악구청),상왕십리,7,2
20250524,서울대입구(관악구청),상왕십리,8,1
20250524,서울대입구(관악구청),상왕십리,10,2
20250524,서울대입구(관악구청),상왕십리,11,3
20250524,서울대입구(관악구청),상왕십리,12,2
20250524,서울대입구(관악구청),상왕십리,13,2
20250524,서울대입구(관악구청),상왕십리,14,1
20250524,서울대입구(관악구청),상왕십리,16,2
20250524,서울대입구(관악구청),상왕십리,17,2
20250524,서울대입구(관악구청),상왕십리,18,3
20250524,서울대입구(관악구청),상왕십리,20,1
20250524,서울대입구(관악구청),상왕십리,21,2
20250524,서울대입구(관악구청),상왕십리,22,5
20250524,서울대입구(관악구청),서울대입구(관악구청),4,1
20250524,서울대입구(관악구청),서울대입구(관악구청),5,6
20250524,서울대입구(관악구청),서울대입구(관악구청),6,4
20250524,서울대입구(관악구청),서울대입구(관악구청),7,8
20250524,서울대입구(관악구청),서울대입구(관악구청),8,13
20250524,서울대입구(관악구청),서울대입구(관악구청),9,20
20250524,서울대입구(관악구청),서울대입구(관악구청),10,19
20250524,서울대입구(관악구청),서울대입구(관악구청),11,28
20250524,서울대입구(관악구청),서울대입구(관악구청),12,44
20250524,서울대입구(관악구청),서울대입구(관악구청),13,36
20250524,서울대입구(관악구청),서울대입구(관악구청),14,23
20250524,서울대입구(관악구청),서울대입구(관악구청),15,28
20250524,서울대입구(관악구청),서울대입구(관악구청),16,35
20250524,서울대입구(관악구청),서울대입구(관악구청),17,34
20250524,서울대입구(관악구청),서울대입구(관악구청),18,37
20250524,서울대입구(관악구청),서울대입구(관악구청),19,23
20250524,서울대입구(관악구청),서울대입구(관악구청),20,29
20250524,서울대입구(관악구청),서울대입구(관악구청),21,37
20250524,서울대입구(관악구청),서울대입구(관악구청),22,40
20250524,서울대입구(관악구청),서울대입구(관악구청),23,27
20250524,서울대입구(관악구청),서초,5,35
20250524,서울대입구(관악구청),서초,6,44
20250524,서울대입구(관악구청),서초,7,28
20250524,서울대입구(관악구청),서초,8,61
20250524,서울대입구(관악구청),서초,9,51
20250524,서울대입구(관악구청),서초,10,38
20250524,서울대입구(관악구청),서초,11,36
20250524,서울대입구(관악구청),서초,12,32
20250524,서울대입구(관악구청),서초,13,48
20250524,서울대입구(관악구청),서초,14,28
20250524,서울대입구(관악구청),서초,15,27
20250524,서울대입구(관악구청),서초,16,21
20250524,서울대입구(관악구청),서초,17,33
20250524,서울대입구(관악구청),서초,18,31
20250524,서울대입구(관악구청),서초,19,13
20250524,서울대입구(관악구청),서초,20,19
20250524,서울대입구(관악구청),서초,21,18
20250524,서울대입구(관악구청),서초,22,12
20250524,서울대입구(관악구청),서초,23,3
20250524,서울대입구(관악구청),선릉,4,2
20250524,서울대입구(관악구청),선릉,5,27
20250524,서울대입구(관악구청),선릉,6,38
20250524,서울대입구(관악구청),선릉,7,31
20250524,서울대입구(관악구청),선릉,8,70
20250524,서울대입구(관악구청),선릉,9,101
20250524,서울대입구(관악구청),선릉,10,73
20250524,서울대입구(관악구청),선릉,11,76
20250524,서울대입구(관악구청),선릉,12,56
20250524,서울대입구(관악구청),선릉,13,65
20250524,서울대입구(관악구청),선릉,14,48
20250524,서울대입구(관악구청),선릉,15,50
20250524,서울대입구(관악구청),선릉,16,38
20250524,서울대입구(관악구청),선릉,17,42
20250524,서울대입구(관악구청),선릉,18,22
20250524,서울대입구(관악구청),선릉,19,23
20250524,서울대입구(관악구청),선릉,20,18
20250524,서울대입구(관악구청),선릉,21,15
20250524,서울대입구(관악구청),선릉,22,10
20250524,서울대입구(관악구청),선릉,23,10
20250524,서울대입구(관악구청),성수,4,2
20250524,서울대입구(관악구청),성수,5,8
20250524,서울대입구(관악구청),성수,6,4
20250524,서울대입구(관악구청),성수,7,11
20250524,서울대입구(관악구청),성수,8,14
20250524,서울대입구(관악구청),성수,9,26
20250524,서울대입구(관악구청),성수,10,24
20250524,서울대입구(관악구청),성수,11,30
20250524,서울대입구(관악구청),성수,12,42
20250524,서울대입구(관악구청),성수,13,44
20250524,서울대입구(관악구청),성수,14,40
20250524,서울대입구(관악구청),성수,15,20
20250524,서울대입구(관악구청),성수,16,29
20250524,서울대입구(관악구청),성수,17,25
20250524,서울대입구(관악구청),성수,18,13
20250524,서울대입구(관악구청),성수,19,6
20250524,서울대입구(관악구청),성수,21,1
20250524,서울대입구(관악구청),성수,22,2
20250524,서울대입구(관악구청),성수,23,2
20250524,서울대입구(관악구청),시청,5,1
20250524,서울대입구(관악구청),시청,6,1
20250524,서울대입구(관악구청),시청,7,9
20250524,서울대입구(관악구청),시청,8,5
20250524,서울대입구(관악구청),시청,9,8
20250524,서울대입구(관악구청),시청,10,9
20250524,서울대입구(관악구청),시청,11,3
20250524,서울대입구(관악구청),시청,12,8
20250524,서울대입구(관악구청),시청,13,14
20250524,서울대입구(관악구청),시청,14,7
20250524,서울대입구(관악구청),시청,15,4
20250524,서울대입구(관악구청),시청,16,11
20250524,서울대입구(관악구청),시청,17,7
20250524,서울대입구(관악구청),시청,18,1
20250524,서울대입구(관악구청),시청,19,3
20250524,서울대입구(관악구청),시청,20,4
20250524,서울대입구(관악구청),신당,5,2
20250524,서울대입구(관악구청),신당,6,1
20250524,서울대입구(관악구청),신당,7,4
20250524,서울대입구(관악구청),신당,8,2
20250524,서울대입구(관악구청),신당,9,4
20250524,서울대입구(관악구청),신당,10,4
20250524,서울대입구(관악구청),신당,11,4
20250524,서울대입구(관악구청),신당,12,4
20250524,서울대입구(관악구청),신당,13,4
20250524,서울대입구(관악구청),신당,14,2
20250524,서울대입구(관악구청),신당,15,5
20250524,서울대입구(관악구청),신당,16,5
20250524,서울대입구(관악구청),신당,17,5
20250524,서울대입구(관악구청),신당,18,1
20250524,서울대입구(관악구청),신당,19,5
20250524,서울대입구(관악구청),신당,20,2
20250524,서울대입구(관악구청),신당,21,1
20250524,서울대입구(관악구청),신당,22,3
20250524,서울대입구(관악구청),신대방,5,4
20250524,서울대입구(관악구청),신대방,6,12
20250524,서울대입구(관악구청),신대방,7,13
20250524,서울대입구(관악구청),신대방,8,27
20250524,서울대입구(관악구청),신대방,9,22
20250524,서울대입구(관악구청),신대방,10,28
20250524,서울대입구(관악구청),신대방,11,30
20250524,서울대입구(관악구청),신대방,12,58
20250524,서울대입구(관악구청),신대방,13,44
20250524,서울대입구(관악구청),신대방,14,33
20250524,서울대입구(관악구청),신대방,15,43
20250524,서울대입구(관악구청),신대방,16,42
20250524,서울대입구(관악구청),신대방,17,45
20250524,서울대입구(관악구청),신대방,18,48
20250524,서울대입구(관악구청),신대방,19,42
20250524,서울대입구(관악구청),신대방,20,52
20250524,서울대입구(관악구청),신대방,21,42
20250524,서울대입구(관악구청),신대방,22,42
20250524,서울대입구(관악구청),신대방,23,22
20250524,서울대입구(관악구청),신도림,5,10
20250524,서울대입구(관악구청),신도림,6,16
20250524,서울대입구(관악구청),신도림,7,11
20250524,서울대입구(관악구청),신도림,8,28
20250524,서울대입구(관악구청),신도림,9,26
20250524,서울대입구(관악구청),신도림,10,57
20250524,서울대입구(관악구청),신도림,11,45
20250524,서울대입구(관악구청),신도림,12,62
20250524,서울대입구(관악구청),신도림,13,57
20250524,서울대입구(관악구청),신도림,14,59
20250524,서울대입구(관악구청),신도림,15,48
20250524,서울대입구(관악구청),신도림,16,66
20250524,서울대입구(관악구청),신도림,17,48
20250524,서울대입구(관악구청),신도림,18,55
20250524,서울대입구(관악구청),신도림,19,25
20250524,서울대입구(관악구청),신도림,20,24
20250524,서울대입구(관악구청),신도림,21,28
20250524,서울대입구(관악구청),신도림,22,28
20250524,서울대입구(관악구청),신도림,23,36
20250524,서울대입구(관악구청),신림,5,9
20250524,서울대입구(관악구청),신림,6,18
20250524,서울대입구(관악구청),신림,7,21
20250524,서울대입구(관악구청),신림,8,39
20250524,서울대입구(관악구청),신림,9,74
20250524,서울대입구(관악구청),신림,10,94
20250524,서울대입구(관악구청),신림,11,121
20250524,서울대입구(관악구청),신림,12,117
20250524,서울대입구(관악구청),신림,13,158
20250524,서울대입구(관악구청),신림,14,147
20250524,서울대입구(관악구청),신림,15,155
20250524,서울대입구(관악구청),신림,16,146
20250524,서울대입구(관악구청),신림,17,175
20250524,서울대입구(관악구청),신림,18,159
20250524,서울대입구(관악구청),신림,19,124
20250524,서울대입구(관악구청),신림,20,130
20250524,서울대입구(관악구청),신림,21,138
20250524,서울대입구(관악구청),신림,22,109
20250524,서울대입구(관악구청),신림,23,38
20250524,서울대입구(관악구청),신촌,5,2
20250524,서울대입구(관악구청),신촌,6,5
20250524,서울대입구(관악구청),신촌,7,18
20250524,서울대입구(관악구청),신촌,8,20
20250524,서울대입구(관악구청),신촌,9,27
20250524,서울대입구(관악구청),신촌,10,27
20250524,서울대입구(관악구청),신촌,11,33
20250524,서울대입구(관악구청),신촌,12,55
20250524,서울대입구(관악구청),신촌,13,36
20250524,서울대입구(관악구청),신촌,14,43
20250524,서울대입구(관악구청),신촌,15,34
20250524,서울대입구(관악구청),신촌,16,34
20250524,서울대입구(관악구청),신촌,17,32
20250524,서울대입구(관악구청),신촌,18,24
20250524,서울대입구(관악구청),신촌,19,23
20250524,서울대입구(관악구청),신촌,20,13
20250524,서울대입구(관악구청),신촌,21,16
20250524,서울대입구(관악구청),신촌,22,12
20250524,서울대입구(관악구청),신촌,23,5
20250524,서울대입구(관악구청),아현,5,2
20250524,서울대입구(관악구청),아현,7,3
20250524,서울대입구(관악구청),아현,8,1
20250524,서울대입구(관악구청),아현,9,8
20250524,서울대입구(관악구청),아현,10,2
20250524,서울대입구(관악구청),아현,11,1
20250524,서울대입구(관악구청),아현,12,4
20250524,서울대입구(관악구청),아현,13,2
20250524,서울대입구(관악구청),아현,14,3
20250524,서울대입구(관악구청),아현,15,6
20250524,서울대입구(관악구청),아현,17,3
20250524,서울대입구(관악구청),아현,18,3
20250524,서울대입구(관악구청),아현,19,3
20250524,서울대입구(관악구청),아현,21,7
20250524,서울대입구(관악구청),아현,22,1
20250524,서울대입구(관악구청),아현,23,4
20250524,서울대입구(관악구청),역삼,4,6
20250524,서울대입구(관악구청),역삼,5,21
20250524,서울대입구(관악구청),역삼,6,31
20250524,서울대입구(관악구청),역삼,7,45
20250524,서울대입구(관악구청),역삼,8,94
20250524,서울대입구(관악구청),역삼,9,72
20250524,서울대입구(관악구청),역삼,10,59
20250524,서울대입구(관악구청),역삼,11,57
20250524,서울대입구(관악구청),역삼,12,51
20250524,서울대입구(관악구청),역삼,13,64
20250524,서울대입구(관악구청),역삼,14,39
20250524,서울대입구(관악구청),역삼,15,25
20250524,서울대입구(관악구청),역삼,16,28
20250524,서울대입구(관악구청),역삼,17,47
20250524,서울대입구(관악구청),역삼,18,14
20250524,서울대입구(관악구청),역삼,19,9
20250524,서울대입구(관악구청),역삼,20,12
20250524,서울대입구(관악구청),역삼,21,8
20250524,서울대입구(관악구청),역삼,22,13
20250524,서울대입구(관악구청),역삼,23,16
20250524,서울대입구(관악구청),영등포구청,5,4
20250524,서울대입구(관악구청),영등포구청,6,5
20250524,서울대입구(관악구청),영등포구청,7,10
20250524,서울대입구(관악구청),영등포구청,8,8
20250524,서울대입구(관악구청),영등포구청,9,20
20250524,서울대입구(관악구청),영등포구청,10,15
20250524,서울대입구(관악구청),영등포구청,11,11
20250524,서울대입구(관악구청),영등포구청,12,18
20250524,서울대입구(관악구청),영등포구청,13,15
20250524,서울대입구(관악구청),영등포구청,14,24
20250524,서울대입구(관악구청),영등포구청,15,27
20250524,서울대입구(관악구청),영등포구청,16,27
20250524,서울대입구(관악구청),영등포구청,17,22
20250524,서울대입구(관악구청),영등포구청,18,13
20250524,서울대입구(관악구청),영등포구청,19,6
20250524,서울대입구(관악구청),영등포구청,20,9
20250524,서울대입구(관악구청),영등포구청,21,8
20250524,서울대입구(관악구청),영등포구청,22,4
20250524,서울대입구(관악구청),영등포구청,23,5
20250524,서울대입구(관악구청),왕십리(성동구청),5,1
20250524,서울대입구(관악구청),왕십리(성동구청),6,1
20250524,서울대입구(관악구청),왕십리(성동구청),8,2
20250524,서울대입구(관악구청),왕십리(성동구청),9,1
20250524,서울대입구(관악구청),왕십리(성동구청),10,2
20250524,서울대입구(관악구청),왕십리(성동구청),11,5
20250524,서울대입구(관악구청),왕십리(성동구청),12,4
20250524,서울대입구(관악구청),왕십리(성동구청),13,2
20250524,서울대입구(관악구청),왕십리(성동구청),14,2
20250524,서울대입구(관악구청),왕십리(성동구청),15,5
20250524,서울대입구(관악구청),왕십리(성동구청),16,3
20250524,서울대입구(관악구청),왕십리(성동구청),17,1
20250524,서울대입구(관악구청),왕십리(성동구청),18,1
20250524,서울대입구(관악구청),왕십리(성동구청),19,7
20250524,서울대입구(관악구청),왕십리(성동구청),20,2
20250524,서울대입구(관악구청),왕십리(성동구청),21,3
20250524,서울대입구(관악구청),왕십리(성동구청),22,1
20250524,서울대입구(관악구청),용두(동대문구청),9,1
20250524,서울대입구(관악구청),용두(동대문구청),10,1
20250524,서울대입구(관악구청),용두(동대문구청),11,1
20250524,서울대입구(관악구청),용두(동대문구청),12,2
20250524,서울대입구(관악구청),용두(동대문구청),13,1
20250524,서울대입구(관악구청),용두(동대문구청),16,3
20250524,서울대입구(관악구청),용두(동대문구청),21,1
20250524,서울대입구(관악구청),을지로3가,5,1
20250524,서울대입구(관악구청),을지로3가,6,1
20250524,서울대입구(관악구청),을지로3가,7,2
20250524,서울대입구(관악구청),을지로3가,8,7
20250524,서울대입구(관악구청),을지로3가,9,5
20250524,서울대입구(관악구청),을지로3가,10,6
20250524,서울대입구(관악구청),을지로3가,11,11
20250524,서울대입구(관악구청),을지로3가,12,6
20250524,서울대입구(관악구청),을지로3가,13,3
20250524,서울대입구(관악구청),을지로3가,14,7
20250524,서울대입구(관악구청),을지로3가,15,7
20250524,서울대입구(관악구청),을지로3가,16,9
20250524,서울대입구(관악구청),을지로3가,17,11
20250524,서울대입구(관악구청),을지로3가,18,4
20250524,서울대입구(관악구청),을지로3가,20,3
20250524,서울대입구(관악구청),을지로3가,21,1
20250524,서울대입구(관악구청),을지로3가,22,2
20250524,서울대입구(관악구청),을지로4가,5,3
20250524,서울대입구(관악구청),을지로4가,6,1
20250524,서울대입구(관악구청),을지로4가,7,1
20250524,서울대입구(관악구청),을지로4가,9,2
20250524,서울대입구(관악구청),을지로4가,10,9
20250524,서울대입구(관악구청),을지로4가,11,8
20250524,서울대입구(관악구청),을지로4가,12,7
20250524,서울대입구(관악구청),을지로4가,13,11
20250524,서울대입구(관악구청),을지로4가,14,3
20250524,서울대입구(관악구청),을지로4가,15,1
20250524,서울대입구(관악구청),을지로4가,16,7
20250524,서울대입구(관악구청),을지로4가,17,5
20250524,서울대입구(관악구청),을지로4가,18,2
20250524,서울대입구(관악구청),을지로4가,22,2
20250524,서울대입구(관악구청),을지로4가,23,1
20250524,서울대입구(관악구청),을지로입구,4,1
20250524,서울대입구(관악구청),을지로입구,6,2
20250524,서울대입구(관악구청),을지로입구,7,9
20250524,서울대입구(관악구청),을지로입구,8,12
20250524,서울대입구(관악구청),을지로입구,9,14
20250524,서울대입구(관악구청),을지로입구,10,17
20250524,서울대입구(관악구청),을지로입구,11,10
20250524,서울대입구(관악구청),을지로입구,12,15
20250524,서울대입구(관악구청),을지로입구,13,10
20250524,서울대입구(관악구청),을지로입구,14,13
20250524,서울대입구(관악구청),을지로입구,15,7
20250524,서울대입구(관악구청),을지로입구,16,9
20250524,서울대입구(관악구청),을지로입구,17,10
20250524,서울대입구(관악구청),을지로입구,18,5
20250524,서울대입구(관악구청),을지로입구,19,7
20250524,서울대입구(관악구청),을지로입구,22,1
20250524,서울대입구(관악구청),이대,5,1
20250524,서울대입구(관악구청),이대,7,5
20250524,서울대입구(관악구청),이대,8,10
20250524,서울대입구(관악구청),이대,9,7
20250524,서울대입구(관악구청),이대,10,13
20250524,서울대입구(관악구청),이대,11,9
20250524,서울대입구(관악구청),이대,12,9
20250524,서울대입구(관악구청),이대,13,13
20250524,서울대입구(관악구청),이대,14,3
20250524,서울대입구(관악구청),이대,15,18
20250524,서울대입구(관악구청),이대,16,6
20250524,서울대입구(관악구청),이대,17,11
20250524,서울대입구(관악구청),이대,18,6
20250524,서울대입구(관악구청),이대,19,8
20250524,서울대입구(관악구청),이대,20,7
20250524,서울대입구(관악구청),이대,21,5
20250524,서울대입구(관악구청),이대,22,5
20250524,서울대입구(관악구청),이대,23,5
20250524,서울대입구(관악구청),잠실(송파구청),4,1
20250524,서울대입구(관악구청),잠실(송파구청),5,21
20250524,서울대입구(관악구청),잠실(송파구청),6,59
20250524,서울대입구(관악구청),잠실(송파구청),7,40
20250524,서울대입구(관악구청),잠실(송파구청),8,61
20250524,서울대입구(관악구청),잠실(송파구청),9,89
20250524,서울대입구(관악구청),잠실(송파구청),10,105
20250524,서울대입구(관악구청),잠실(송파구청),11,96
20250524,서울대입구(관악구청),잠실(송파구청),12,115
20250524,서울대입구(관악구청),잠실(송파구청),13,113
20250524,서울대입구(관악구청),잠실(송파구청),14,101
20250524,서울대입구(관악구청),잠실(송파구청),15,116
20250524,서울대입구(관악구청),잠실(송파구청),16,104
20250524,서울대입구(관악구청),잠실(송파구청),17,82
20250524,서울대입구(관악구청),잠실(송파구청),18,72
20250524,서울대입구(관악구청),잠실(송파구청),19,46
20250524,서울대입구(관악구청),잠실(송파구청),20,52
20250524,서울대입구(관악구청),잠실(송파구청),21,50
20250524,서울대입구(관악구청),잠실(송파구청),22,45
20250524,서울대입구(관악구청),잠실(송파구청),23,18
20250524,서울대입구(관악구청),잠실나루,4,2
20250524,서울대입구(관악구청),잠실나루,5,14
20250524,서울대입구(관악구청),잠실나루,6,5
20250524,서울대입구(관악구청),잠실나루,7,6
20250524,서울대입구(관악구청),잠실나루,8,3
20250524,서울대입구(관악구청),잠실나루,9,2
20250524,서울대입구(관악구청),잠실나루,10,3
20250524,서울대입구(관악구청),잠실나루,11,8
20250524,서울대입구(관악구청),잠실나루,12,4
20250524,서울대입구(관악구청),잠실나루,13,6
20250524,서울대입구(관악구청),잠실나루,14,1
20250524,서울대입구(관악구청),잠실나루,15,9
20250524,서울대입구(관악구청),잠실나루,16,5
20250524,서울대입구(관악구청),잠실나루,17,1
20250524,서울대입구(관악구청),잠실나루,18,1
20250524,서울대입구(관악구청),잠실나루,19,1
20250524,서울대입구(관악구청),잠실나루,20,2
20250524,서울대입구(관악구청),잠실나루,21,6
20250524,서울대입구(관악구청),잠실나루,22,7
20250524,서울대입구(관악구청),잠실나루,23,5
20250524,서울대입구(관악구청),잠실새내,5,2
20250524,서울대입구(관악구청),잠실새내,6,8
20250524,서울대입구(관악구청),잠실새내,7,7
20250524,서울대입구(관악구청),잠실새내,8,28
20250524,서울대입구(관악구청),잠실새내,9,16
20250524,서울대입구(관악구청),잠실새내,10,19
20250524,서울대입구(관악구청),잠실새내,11,19
20250524,서울대입구(관악구청),잠실새내,12,18
20250524,서울대입구(관악구청),잠실새내,13,17
20250524,서울대입구(관악구청),잠실새내,14,23
20250524,서울대입구(관악구청),잠실새내,15,20
20250524,서울대입구(관악구청),잠실새내,16,33
20250524,서울대입구(관악구청),잠실새내,17,15
20250524,서울대입구(관악구청),잠실새내,18,14
20250524,서울대입구(관악구청),잠실새내,19,11
20250524,서울대입구(관악구청),잠실새내,20,6
20250524,서울대입구(관악구청),잠실새내,21,10
20250524,서울대입구(관악구청),잠실새내,22,9
20250524,서울대입구(관악구청),잠실새내,23,10
20250524,서울대입구(관악구청),종합운동장,4,2
20250524,서울대입구(관악구청),종합운동장,5,12
20250524,서울대입구(관악구청),종합운동장,6,16
20250524,서울대입구(관악구청),종합운동장,7,7
20250524,서울대입구(관악구청),종합운동장,8,13
20250524,서울대입구(관악구청),종합운동장,9,8
20250524,서울대입구(관악구청),종합운동장,10,17
20250524,서울대입구(관악구청),종합운동장,11,4
20250524,서울대입구(관악구청),종합운동장,12,13
20250524,서울대입구(관악구청),종합운동장,13,18
20250524,서울대입구(관악구청),종합운동장,14,23
20250524,서울대입구(관악구청),종합운동장,15,114
20250524,서울대입구(관악구청),종합운동장,16,102
20250524,서울대입구(관악구청),종합운동장,17,8
20250524,서울대입구(관악구청),종합운동장,18,3
20250524,서울대입구(관악구청),종합운동장,19,11
20250524,서울대입구(관악구청),종합운동장,20,5
20250524,서울대입구(관악구청),종합운동장,21,2
20250524,서울대입구(관악구청),종합운동장,22,10
20250524,서울대입구(관악구청),종합운동장,23,8
20250524,서울대입구(관악구청),충정로(경기대입구),6,2
20250524,서울대입구(관악구청),충정로(경기대입구),7,2
20250524,서울대입구(관악구청),충정로(경기대입구),9,1
20250524,서울대입구(관악구청),충정로(경기대입구),10,4
20250524,서울대입구(관악구청),충정로(경기대입구),11,1
20250524,서울대입구(관악구청),충정로(경기대입구),12,4
20250524,서울대입구(관악구청),충정로(경기대입구),13,5
20250524,서울대입구(관악구청),충정로(경기대입구),14,3
20250524,서울대입구(관악구청),충정로(경기대입구),15,3
20250524,서울대입구(관악구청),충정로(경기대입구),16,5
20250524,서울대입구(관악구청),충정로(경기대입구),17,3
20250524,서울대입구(관악구청),충정로(경기대입구),18,1
20250524,서울대입구(관악구청),충정로(경기대입구),20,1
20250524,서울대입구(관악구청),충정로(경기대입구),22,1
20250524,서울대입구(관악구청),충정로(경기대입구),23,1
20250524,서울대입구(관악구청),한양대,5,4
20250524,서울대입구(관악구청),한양대,6,1
20250524,서울대입구(관악구청),한양대,7,2
20250524,서울대입구(관악구청),한양대,8,14
20250524,서울대입구(관악구청),한양대,9,7
20250524,서울대입구(관악구청),한양대,10,1
20250524,서울대입구(관악구청),한양대,11,1
20250524,서울대입구(관악구청),한양대,12,1
20250524,서울대입구(관악구청),한양대,13,2
20250524,서울대입구(관악구청),한양대,14,3
20250524,서울대입구(관악구청),한양대,15,6
20250524,서울대입구(관악구청),한양대,17,2
20250524,서울대입구(관악구청),한양대,20,2
20250524,서울대입구(관악구청),한양대,21,1
20250524,서울대입구(관악구청),한양대,22,3
20250524,서울대입구(관악구청),합정,5,7
20250524,서울대입구(관악구청),합정,6,14
20250524,서울대입구(관악구청),합정,7,15
20250524,서울대입구(관악구청),합정,8,28
20250524,서울대입구(관악구청),합정,9,36
20250524,서울대입구(관악구청),합정,10,48
20250524,서울대입구(관악구청),합정,11,69
20250524,서울대입구(관악구청),합정,12,70
20250524,서울대입구(관악구청),합정,13,62
20250524,서울대입구(관악구청),합정,14,58
20250524,서울대입구(관악구청),합정,15,62
20250524,서울대입구(관악구청),합정,16,79
20250524,서울대입구(관악구청),합정,17,67
20250524,서울대입구(관악구청),합정,18,55
20250524,서울대입구(관악구청),합정,19,41
20250524,서울대입구(관악구청),합정,20,29
20250524,서울대입구(관악구청),합정,21,26
20250524,서울대입구(관악구청),합정,22,21
20250524,서울대입구(관악구청),합정,23,8
20250524,서울대입구(관악구청),홍대입구,5,2
20250524,서울대입구(관악구청),홍대입구,6,7
20250524,서울대입구(관악구청),홍대입구,7,14
20250524,서울대입구(관악구청),홍대입구,8,24
20250524,서울대입구(관악구청),홍대입구,9,62
20250524,서울대입구(관악구청),홍대입구,10,54
20250524,서울대입구(관악구청),홍대입구,11,74
20250524,서울대입구(관악구청),홍대입구,12,117
20250524,서울대입구(관악구청),홍대입구,13,96
20250524,서울대입구(관악구청),홍대입구,14,118
20250524,서울대입구(관악구청),홍대입구,15,96
20250524,서울대입구(관악구청),홍대입구,16,117
20250524,서울대입구(관악구청),홍대입구,17,66
20250524,서울대입구(관악구청),홍대입구,18,70
20250524,서울대입구(관악구청),홍대입구,19,55
20250524,서울대입구(관악구청),홍대입구,20,36
20250524,서울대입구(관악구청),홍대입구,21,30
20250524,서울대입구(관악구청),홍대입구,22,25
20250524,서울대입구(관악구청),홍대입구,23,25
20250524,서초,강남,5,1
20250524,서초,강남,6,4
20250524,서초,강남,7,20
20250524,서초,강남,8,69
20250524,서초,강남,9,60
20250524,서초,강남,10,64
20250524,서초,강남,11,110
20250524,서초,강남,12,148
20250524,서초,강남,13,118
20250524,서초,강남,14,88
20250524,서초,강남,15,62
20250524,서초,강남,16,111
20250524,서초,강남,17,91
20250524,서초,강남,18,83
20250524,서초,강남,19,50
20250524,서초,강남,20,33
20250524,서초,강남,21,21
20250524,서초,강남,22,8
20250524,서초,강남,23,3
20250524,서초,강변(동서울터미널),5,1
20250524,서초,강변(동서울터미널),6,6
20250524,서초,강변(동서울터미널),7,6
20250524,서초,강변(동서울터미널),8,12
20250524,서초,강변(동서울터미널),9,10
20250524,서초,강변(동서울터미널),10,8
20250524,서초,강변(동서울터미널),11,9
20250524,서초,강변(동서울터미널),12,15
20250524,서초,강변(동서울터미널),13,7
20250524,서초,강변(동서울터미널),14,15
20250524,서초,강변(동서울터미널),15,6
20250524,서초,강변(동서울터미널),16,23
20250524,서초,강변(동서울터미널),17,17
20250524,서초,강변(동서울터미널),18,14
20250524,서초,강변(동서울터미널),19,7
20250524,서초,강변(동서울터미널),20,3
20250524,서초,강변(동서울터미널),21,9
20250524,서초,강변(동서울터미널),22,5
20250524,서초,강변(동서울터미널),23,1
20250524,서초,건대입구,7,3
20250524,서초,건대입구,8,4
20250524,서초,건대입구,9,5
20250524,서초,건대입구,10,4
20250524,서초,건대입구,11,9
20250524,서초,건대입구,12,18
20250524,서초,건대입구,13,14
20250524,서초,건대입구,14,5
20250524,서초,건대입구,15,8
20250524,서초,건대입구,16,20
20250524,서초,건대입구,17,20
20250524,서초,건대입구,18,6
20250524,서초,건대입구,19,11
20250524,서초,건대입구,20,16
20250524,서초,건대입구,21,14
20250524,서초,건대입구,22,2
20250524,서초,건대입구,23,4
20250524,서초,교대(법원.검찰청),5,1
20250524,서초,교대(법원.검찰청),6,2
20250524,서초,교대(법원.검찰청),7,7
20250524,서초,교대(법원.검찰청),8,24
20250524,서초,교대(법원.검찰청),9,14
20250524,서초,교대(법원.검찰청),10,21
20250524,서초,교대(법원.검찰청),11,31
20250524,서초,교대(법원.검찰청),12,36
20250524,서초,교대(법원.검찰청),13,21
20250524,서초,교대(법원.검찰청),14,25
20250524,서초,교대(법원.검찰청),15,26
20250524,서초,교대(법원.검찰청),16,20
20250524,서초,교대(법원.검찰청),17,30
20250524,서초,교대(법원.검찰청),18,16
20250524,서초,교대(법원.검찰청),19,4
20250524,서초,교대(법원.검찰청),20,14
20250524,서초,교대(법원.검찰청),21,5
20250524,서초,교대(법원.검찰청),22,7
20250524,서초,교대(법원.검찰청),23,2
20250524,서초,구로디지털단지,5,1
20250524,서초,구로디지털단지,6,2
20250524,서초,구로디지털단지,7,7
20250524,서초,구로디지털단지,8,11
20250524,서초,구로디지털단지,9,5
20250524,서초,구로디지털단지,10,8
20250524,서초,구로디지털단지,11,6
20250524,서초,구로디지털단지,12,17
20250524,서초,구로디지털단지,13,19
20250524,서초,구로디지털단지,14,12
20250524,서초,구로디지털단지,15,15
20250524,서초,구로디지털단지,16,30
20250524,서초,구로디지털단지,17,27
20250524,서초,구로디지털단지,18,25
20250524,서초,구로디지털단지,19,17
20250524,서초,구로디지털단지,20,29
20250524,서초,구로디지털단지,21,27
20250524,서초,구로디지털단지,22,13
20250524,서초,구로디지털단지,23,4
20250524,서초,구의(광진구청),6,1
20250524,서초,구의(광진구청),7,1
20250524,서초,구의(광진구청),8,9
20250524,서초,구의(광진구청),9,7
20250524,서초,구의(광진구청),10,9
20250524,서초,구의(광진구청),11,9
20250524,서초,구의(광진구청),12,17
20250524,서초,구의(광진구청),13,6
20250524,서초,구의(광진구청),14,5
20250524,서초,구의(광진구청),15,8
20250524,서초,구의(광진구청),16,12
20250524,서초,구의(광진구청),17,13
20250524,서초,구의(광진구청),18,9
20250524,서초,구의(광진구청),19,7
20250524,서초,구의(광진구청),20,5
20250524,서초,구의(광진구청),21,5
20250524,서초,구의(광진구청),22,3
20250524,서초,구의(광진구청),23,1
20250524,서초,낙성대,5,1
20250524,서초,낙성대,6,3
20250524,서초,낙성대,7,13
20250524,서초,낙성대,8,12
20250524,서초,낙성대,9,14
20250524,서초,낙성대,10,19
20250524,서초,낙성대,11,23
20250524,서초,낙성대,12,17
20250524,서초,낙성대,13,30
20250524,서초,낙성대,14,19
20250524,서초,낙성대,15,18
20250524,서초,낙성대,16,19
20250524,서초,낙성대,17,17
20250524,서초,낙성대,18,8
20250524,서초,낙성대,19,24
20250524,서초,낙성대,20,28
20250524,서초,낙성대,21,26
20250524,서초,낙성대,22,13
20250524,서초,낙성대,23,9
20250524,서초,당산,7,1
20250524,서초,당산,9,1
20250524,서초,당산,10,2
20250524,서초,당산,11,6
20250524,서초,당산,12,2
20250524,서초,당산,13,9
20250524,서초,당산,14,3
20250524,서초,당산,15,6
20250524,서초,당산,16,7
20250524,서초,당산,17,12
20250524,서초,당산,18,7
20250524,서초,당산,19,7
20250524,서초,당산,20,8
20250524,서초,당산,21,4
20250524,서초,당산,22,1
20250524,서초,당산,23,1
20250524,서초,대림(구로구청),6,1
20250524,서초,대림(구로구청),7,4
20250524,서초,대림(구로구청),8,3
20250524,서초,대림(구로구청),9,7
20250524,서초,대림(구로구청),10,6
20250524,서초,대림(구로구청),11,6
20250524,서초,대림(구로구청),12,8
20250524,서초,대림(구로구청),13,4
20250524,서초,대림(구로구청),14,12
20250524,서초,대림(구로구청),15,15
20250524,서초,대림(구로구청),16,24
20250524,서초,대림(구로구청),17,12
20250524,서초,대림(구로구청),18,9
20250524,서초,대림(구로구청),19,6
20250524,서초,대림(구로구청),20,17
20250524,서초,대림(구로구청),21,15
20250524,서초,대림(구로구청),22,11
20250524,서초,대림(구로구청),23,1
20250524,서초,동대문역사문화공원,5,1
20250524,서초,동대문역사문화공원,7,1
20250524,서초,동대문역사문화공원,8,1
20250524,서초,동대문역사문화공원,11,3
20250524,서초,동대문역사문화공원,12,3
20250524,서초,동대문역사문화공원,13,4
20250524,서초,동대문역사문화공원,14,1
20250524,서초,동대문역사문화공원,15,2
20250524,서초,동대문역사문화공원,16,3
20250524,서초,동대문역사문화공원,18,6
20250524,서초,동대문역사문화공원,19,1
20250524,서초,동대문역사문화공원,20,1
20250524,서초,동대문역사문화공원,21,2
20250524,서초,동대문역사문화공원,22,2
20250524,서초,뚝섬,5,1
20250524,서초,뚝섬,8,5
20250524,서초,뚝섬,9,1
20250524,서초,뚝섬,10,4
20250524,서초,뚝섬,11,6
20250524,서초,뚝섬,12,8
20250524,서초,뚝섬,13,10
20250524,서초,뚝섬,14,6
20250524,서초,뚝섬,15,3
20250524,서초,뚝섬,16,1
20250524,서초,뚝섬,17,1
20250524,서초,뚝섬,18,2
20250524,서초,뚝섬,19,1
20250524,서초,뚝섬,21,1
20250524,서초,문래,6,1
20250524,서초,문래,8,3
20250524,서초,문래,9,5
20250524,서초,문래,10,3
20250524,서초,문래,11,6
20250524,서초,문래,12,7
20250524,서초,문래,13,5
20250524,서초,문래,14,8
20250524,서초,문래,15,13
20250524,서초,문래,16,6
20250524,서초,문래,17,3
20250524,서초,문래,18,5
20250524,서초,문래,19,3
20250524,서초,문래,20,2
20250524,서초,문래,21,2
20250524,서초,문래,22,1
20250524,서초,방배,6,5
20250524,서초,방배,7,2
20250524,서초,방배,8,23
20250524,서초,방배,9,18
20250524,서초,방배,10,19
20250524,서초,방배,11,11
20250524,서초,방배,12,18
20250524,서초,방배,13,21
20250524,서초,방배,14,15
20250524,서초,방배,15,19
20250524,서초,방배,16,14
20250524,서초,방배,17,27
20250524,서초,방배,18,13
20250524,서초,방배,19,13
20250524,서초,방배,20,14
20250524,서초,방배,21,7
20250524,서초,방배,22,4
20250524,서초,방배,23,6
20250524,서초,봉천,5,1
20250524,서초,봉천,7,9
20250524,서초,봉천,8,15
20250524,서초,봉천,9,18
20250524,서초,봉천,10,11
20250524,서초,봉천,11,11
20250524,서초,봉천,12,7
20250524,서초,봉천,13,19
20250524,서초,봉천,14,20
20250524,서초,봉천,15,12
20250524,서초,봉천,16,14
20250524,서초,봉천,17,20
20250524,서초,봉천,18,15
20250524,서초,봉천,19,7
20250524,서초,봉천,20,11
20250524,서초,봉천,21,20
20250524,서초,봉천,22,8
20250524,서초,봉천,23,3
20250524,서초,사당,6,7
20250524,서초,사당,7,10
20250524,서초,사당,8,38
20250524,서초,사당,9,23
20250524,서초,사당,10,21
20250524,서초,사당,11,43
20250524,서초,사당,12,52
20250524,서초,사당,13,59
20250524,서초,사당,14,29
20250524,서초,사당,15,38
20250524,서초,사당,16,51
20250524,서초,사당,17,33
20250524,서초,사당,18,38
20250524,서초,사당,19,44
20250524,서초,사당,20,23
20250524,서초,사당,21,27
20250524,서초,사당,22,11
20250524,서초,사당,23,9
20250524,서초,삼성(무역센터),5,2
20250524,서초,삼성(무역센터),6,13
20250524,서초,삼성(무역센터),7,10
20250524,서초,삼성(무역센터),8,27
20250524,서초,삼성(무역센터),9,45
20250524,서초,삼성(무역센터),10,35
20250524,서초,삼성(무역센터),11,34
20250524,서초,삼성(무역센터),12,66
20250524,서초,삼성(무역센터),13,53
20250524,서초,삼성(무역센터),14,53
20250524,서초,삼성(무역센터),15,57
20250524,서초,삼성(무역센터),16,29
20250524,서초,삼성(무역센터),17,46
20250524,서초,삼성(무역센터),18,19
20250524,서초,삼성(무역센터),19,20
20250524,서초,삼성(무역센터),20,5
20250524,서초,삼성(무역센터),21,4
20250524,서초,삼성(무역센터),22,3
20250524,서초,삼성(무역센터),23,2
20250524,서초,상왕십리,8,1
20250524,서초,상왕십리,9,2
20250524,서초,상왕십리,11,1
20250524,서초,상왕십리,12,3
20250524,서초,상왕십리,13,1
20250524,서초,상왕십리,14,2
20250524,서초,상왕십리,15,1
20250524,서초,상왕십리,16,1
20250524,서초,상왕십리,17,1
20250524,서초,상왕십리,19,3
20250524,서초,상왕십리,20,1
20250524,서초,상왕십리,21,1
20250524,서초,상왕십리,22,1
20250524,서초,서울대입구(관악구청),5,2
20250524,서초,서울대입구(관악구청),6,5
20250524,서초,서울대입구(관악구청),7,8
20250524,서초,서울대입구(관악구청),8,28
20250524,서초,서울대입구(관악구청),9,26
20250524,서초,서울대입구(관악구청),10,20
20250524,서초,서울대입구(관악구청),11,35
20250524,서초,서울대입구(관악구청),12,41
20250524,서초,서울대입구(관악구청),13,37
20250524,서초,서울대입구(관악구청),14,36
20250524,서초,서울대입구(관악구청),15,36
20250524,서초,서울대입구(관악구청),16,40
20250524,서초,서울대입구(관악구청),17,31
20250524,서초,서울대입구(관악구청),18,33
20250524,서초,서울대입구(관악구청),19,29
20250524,서초,서울대입구(관악구청),20,37
20250524,서초,서울대입구(관악구청),21,26
20250524,서초,서울대입구(관악구청),22,26
20250524,서초,서울대입구(관악구청),23,19
20250524,서초,서초,5,3
20250524,서초,서초,6,1
20250524,서초,서초,7,4
20250524,서초,서초,8,8
20250524,서초,서초,9,9
20250524,서초,서초,10,8
20250524,서초,서초,11,17
20250524,서초,서초,12,17
20250524,서초,서초,13,17
20250524,서초,서초,14,19
20250524,서초,서초,15,23
20250524,서초,서초,16,32
20250524,서초,서초,17,25
20250524,서초,서초,18,11
20250524,서초,서초,19,8
20250524,서초,서초,20,9
20250524,서초,서초,21,4
20250524,서초,서초,22,5
20250524,서초,서초,23,1
20250524,서초,선릉,5,1
20250524,서초,선릉,6,9
20250524,서초,선릉,7,7
20250524,서초,선릉,8,27
20250524,서초,선릉,9,32
20250524,서초,선릉,10,29
20250524,서초,선릉,11,34
20250524,서초,선릉,12,50
20250524,서초,선릉,13,37
20250524,서초,선릉,14,28
20250524,서초,선릉,15,25
20250524,서초,선릉,16,32
20250524,서초,선릉,17,18
20250524,서초,선릉,18,17
20250524,서초,선릉,19,17
20250524,서초,선릉,20,12
20250524,서초,선릉,21,8
20250524,서초,선릉,22,6
20250524,서초,선릉,23,3
20250524,서초,성수,5,1
20250524,서초,성수,6,4
20250524,서초,성수,7,1
20250524,서초,성수,8,4
20250524,서초,성수,9,3
20250524,서초,성수,10,15
20250524,서초,성수,11,18
20250524,서초,성수,12,34
20250524,서초,성수,13,22
20250524,서초,성수,14,20
20250524,서초,성수,15,30
20250524,서초,성수,16,24
20250524,서초,성수,17,22
20250524,서초,성수,18,14
20250524,서초,성수,19,6
20250524,서초,성수,20,3
20250524,서초,성수,21,3
20250524,서초,성수,22,1
20250524,서초,성수,23,1
20250524,서초,시청,8,1
20250524,서초,시청,9,2
20250524,서초,시청,11,3
20250524,서초,시청,12,13
20250524,서초,시청,13,4
20250524,서초,시청,14,5
20250524,서초,시청,15,2
20250524,서초,시청,17,1
20250524,서초,시청,18,1
20250524,서초,신당,6,1
20250524,서초,신당,8,1
20250524,서초,신당,9,1
20250524,서초,신당,10,3
20250524,서초,신당,15,1
20250524,서초,신당,17,3
20250524,서초,신당,18,1
20250524,서초,신당,20,1
20250524,서초,신당,22,1
20250524,서초,신대방,6,1
20250524,서초,신대방,7,6
20250524,서초,신대방,8,5
20250524,서초,신대방,9,5
20250524,서초,신대방,10,7
20250524,서초,신대방,11,5
20250524,서초,신대방,12,18
20250524,서초,신대방,13,17
20250524,서초,신대방,14,10
20250524,서초,신대방,15,20
20250524,서초,신대방,16,21
20250524,서초,신대방,17,14
20250524,서초,신대방,18,9
20250524,서초,신대방,19,12
20250524,서초,신대방,20,21
20250524,서초,신대방,21,14
20250524,서초,신대방,22,10
20250524,서초,신대방,23,5
20250524,서초,신도림,5,1
20250524,서초,신도림,6,4
20250524,서초,신도림,7,5
20250524,서초,신도림,8,2
20250524,서초,신도림,9,12
20250524,서초,신도림,10,9
20250524,서초,신도림,11,13
20250524,서초,신도림,12,22
20250524,서초,신도림,13,18
20250524,서초,신도림,14,19
20250524,서초,신도림,15,14
20250524,서초,신도림,16,21
20250524,서초,신도림,17,17
20250524,서초,신도림,18,13
20250524,서초,신도림,19,13
20250524,서초,신도림,20,18
20250524,서초,신도림,21,5
20250524,서초,신도림,22,9
20250524,서초,신도림,23,9
20250524,서초,신림,5,2
20250524,서초,신림,6,13
20250524,서초,신림,7,8
20250524,서초,신림,8,18
20250524,서초,신림,9,12
20250524,서초,신림,10,24
20250524,서초,신림,11,14
20250524,서초,신림,12,22
20250524,서초,신림,13,33
20250524,서초,신림,14,33
20250524,서초,신림,15,48
20250524,서초,신림,16,32
20250524,서초,신림,17,48
20250524,서초,신림,18,56
20250524,서초,신림,19,33
20250524,서초,신림,20,69
20250524,서초,신림,21,45
20250524,서초,신림,22,31
20250524,서초,신림,23,11
20250524,서초,신촌,5,1
20250524,서초,신촌,7,2
20250524,서초,신촌,8,3
20250524,서초,신촌,9,6
20250524,서초,신촌,10,16
20250524,서초,신촌,11,7
20250524,서초,신촌,12,8
20250524,서초,신촌,13,17
20250524,서초,신촌,14,8
20250524,서초,신촌,15,11
20250524,서초,신촌,16,13
20250524,서초,신촌,17,20
20250524,서초,신촌,18,7
20250524,서초,신촌,19,5
20250524,서초,신촌,20,6
20250524,서초,신촌,21,3
20250524,서초,아현,9,1
20250524,서초,아현,15,1
20250524,서초,아현,16,1
20250524,서초,아현,17,3
20250524,서초,아현,18,3
20250524,서초,역삼,6,1
20250524,서초,역삼,7,6
20250524,서초,역삼,8,31
20250524,서초,역삼,9,18
20250524,서초,역삼,10,19
20250524,서초,역삼,11,28
20250524,서초,역삼,12,30
20250524,서초,역삼,13,38
20250524,서초,역삼,14,18
20250524,서초,역삼,15,15
20250524,서초,역삼,16,19
20250524,서초,역삼,17,29
20250524,서초,역삼,18,18
20250524,서초,역삼,19,14
20250524,서초,역삼,20,9
20250524,서초,역삼,21,9
20250524,서초,역삼,22,1
20250524,서초,역삼,23,3
20250524,서초,영등포구청,6,1
20250524,서초,영등포구청,7,2
20250524,서초,영등포구청,8,4
20250524,서초,영등포구청,9,3
20250524,서초,영등포구청,10,4
20250524,서초,영등포구청,11,3
20250524,서초,영등포구청,12,1
20250524,서초,영등포구청,13,5
20250524,서초,영등포구청,14,6
20250524,서초,영등포구청,15,4
20250524,서초,영등포구청,16,7
20250524,서초,영등포구청,17,5
20250524,서초,영등포구청,18,7
20250524,서초,영등포구청,19,4
20250524,서초,영등포구청,20,6
20250524,서초,영등포구청,21,3
20250524,서초,영등포구청,22,6
20250524,서초,왕십리(성동구청),8,1
20250524,서초,왕십리(성동구청),12,1
20250524,서초,왕십리(성동구청),13,1
20250524,서초,왕십리(성동구청),14,3
20250524,서초,왕십리(성동구청),15,1
20250524,서초,왕십리(성동구청),16,2
20250524,서초,왕십리(성동구청),17,1
20250524,서초,왕십리(성동구청),19,1
20250524,서초,용두(동대문구청),8,1
20250524,서초,용두(동대문구청),9,1
20250524,서초,용두(동대문구청),12,1
20250524,서초,용두(동대문구청),13,3
20250524,서초,용두(동대문구청),16,6
20250524,서초,용두(동대문구청),19,1
20250524,서초,용두(동대문구청),22,2
20250524,서초,을지로3가,9,1
20250524,서초,을지로3가,12,1
20250524,서초,을지로3가,13,1
20250524,서초,을지로3가,18,2
20250524,서초,을지로4가,13,1
20250524,서초,을지로4가,17,1
20250524,서초,을지로입구,8,2
20250524,서초,을지로입구,10,1
20250524,서초,을지로입구,11,1
20250524,서초,을지로입구,12,1
20250524,서초,을지로입구,13,3
20250524,서초,을지로입구,15,4
20250524,서초,을지로입구,16,1
20250524,서초,을지로입구,17,10
20250524,서초,을지로입구,18,1
20250524,서초,이대,6,1
20250524,서초,이대,7,3
20250524,서초,이대,8,4
20250524,서초,이대,9,1
20250524,서초,이대,10,1
20250524,서초,이대,11,3
20250524,서초,이대,12,3
20250524,서초,이대,13,1
20250524,서초,이대,14,2
20250524,서초,이대,15,2
20250524,서초,이대,16,5
20250524,서초,이대,17,9
20250524,서초,이대,18,1
20250524,서초,이대,20,3
20250524,서초,이대,21,1
20250524,서초,잠실(송파구청),5,2
20250524,서초,잠실(송파구청),6,21
20250524,서초,잠실(송파구청),7,15
20250524,서초,잠실(송파구청),8,45
20250524,서초,잠실(송파구청),9,33
20250524,서초,잠실(송파구청),10,44
20250524,서초,잠실(송파구청),11,80
20250524,서초,잠실(송파구청),12,101
20250524,서초,잠실(송파구청),13,103
20250524,서초,잠실(송파구청),14,65
20250524,서초,잠실(송파구청),15,70
20250524,서초,잠실(송파구청),16,91
20250524,서초,잠실(송파구청),17,89
20250524,서초,잠실(송파구청),18,39
20250524,서초,잠실(송파구청),19,40
20250524,서초,잠실(송파구청),20,29
20250524,서초,잠실(송파구청),21,22
20250524,서초,잠실(송파구청),22,12
20250524,서초,잠실(송파구청),23,9
20250524,서초,잠실나루,6,2
20250524,서초,잠실나루,7,2
20250524,서초,잠실나루,8,7
20250524,서초,잠실나루,9,2
20250524,서초,잠실나루,10,4
20250524,서초,잠실나루,11,4
20250524,서초,잠실나루,12,6
20250524,서초,잠실나루,13,4
20250524,서초,잠실나루,14,8
20250524,서초,잠실나루,15,8
20250524,서초,잠실나루,16,7
20250524,서초,잠실나루,17,8
20250524,서초,잠실나루,18,1
20250524,서초,잠실나루,19,1
20250524,서초,잠실나루,20,7
20250524,서초,잠실나루,21,1
20250524,서초,잠실나루,22,2
20250524,서초,잠실새내,6,1
20250524,서초,잠실새내,7,6
20250524,서초,잠실새내,8,16
20250524,서초,잠실새내,9,14
20250524,서초,잠실새내,10,10
20250524,서초,잠실새내,11,12
20250524,서초,잠실새내,12,12
20250524,서초,잠실새내,13,15
20250524,서초,잠실새내,14,16
20250524,서초,잠실새내,15,20
20250524,서초,잠실새내,16,14
20250524,서초,잠실새내,17,16
20250524,서초,잠실새내,18,11
20250524,서초,잠실새내,19,3
20250524,서초,잠실새내,20,7
20250524,서초,잠실새내,21,7
20250524,서초,잠실새내,22,5
20250524,서초,잠실새내,23,1
20250524,서초,종합운동장,5,1
20250524,서초,종합운동장,6,6
20250524,서초,종합운동장,7,3
20250524,서초,종합운동장,8,5
20250524,서초,종합운동장,9,6
20250524,서초,종합운동장,10,6
20250524,서초,종합운동장,11,2
20250524,서초,종합운동장,12,11
20250524,서초,종합운동장,13,18
20250524,서초,종합운동장,14,15
20250524,서초,종합운동장,15,44
20250524,서초,종합운동장,16,65
20250524,서초,종합운동장,17,15
20250524,서초,종합운동장,18,6
20250524,서초,종합운동장,19,4
20250524,서초,종합운동장,20,6
20250524,서초,종합운동장,22,2
20250524,서초,종합운동장,23,1
20250524,서초,충정로(경기대입구),10,1
20250524,서초,충정로(경기대입구),13,1
20250524,서초,충정로(경기대입구),19,1
20250524,서초,충정로(경기대입구),22,1
20250524,서초,한양대,6,1
20250524,서초,한양대,7,2
20250524,서초,한양대,8,5
20250524,서초,한양대,9,3
20250524,서초,한양대,10,1
20250524,서초,한양대,11,1
20250524,서초,한양대,12,3
20250524,서초,한양대,14,1
20250524,서초,한양대,16,1
20250524,서초,한양대,17,1
20250524,서초,한양대,19,1
20250524,서초,한양대,21,1
20250524,서초,한양대,22,1
20250524,서초,합정,5,1
20250524,서초,합정,7,2
20250524,서초,합정,8,40
20250524,서초,합정,9,14
20250524,서초,합정,10,7
20250524,서초,합정,11,20
20250524,서초,합정,12,20
20250524,서초,합정,13,17
20250524,서초,합정,14,9
20250524,서초,합정,15,9
20250524,서초,합정,16,24
20250524,서초,합정,17,16
20250524,서초,합정,18,16
20250524,서초,합정,19,7
20250524,서초,합정,20,3
20250524,서초,합정,21,1
20250524,서초,합정,22,1
20250524,서초,합정,23,1
20250524,서초,홍대입구,6,1
20250524,서초,홍대입구,8,2
20250524,서초,홍대입구,9,7
20250524,서초,홍대입구,10,12
20250524,서초,홍대입구,11,16
20250524,서초,홍대입구,12,23
20250524,서초,홍대입구,13,32
20250524,서초,홍대입구,14,25
20250524,서초,홍대입구,15,18
20250524,서초,홍대입구,16,21
20250524,서초,홍대입구,17,19
20250524,서초,홍대입구,18,16
20250524,서초,홍대입구,19,19
20250524,서초,홍대입구,20,6
20250524,서초,홍대입구,21,2
20250524,서초,홍대입구,22,2
20250524,서초,홍대입구,23,3
20250524,선릉,강남,5,3
20250524,선릉,강남,6,12
20250524,선릉,강남,7,15
20250524,선릉,강남,8,50
20250524,선릉,강남,9,88
20250524,선릉,강남,10,80
20250524,선릉,강남,11,84
20250524,선릉,강남,12,156
20250524,선릉,강남,13,180
20250524,선릉,강남,14,164
20250524,선릉,강남,15,179
20250524,선릉,강남,16,176
20250524,선릉,강남,17,178
20250524,선릉,강남,18,143
20250524,선릉,강남,19,120
20250524,선릉,강남,20,104
20250524,선릉,강남,21,82
20250524,선릉,강남,22,87
20250524,선릉,강남,23,44
20250524,선릉,강변(동서울터미널),5,1
20250524,선릉,강변(동서울터미널),6,10
20250524,선릉,강변(동서울터미널),7,10
20250524,선릉,강변(동서울터미널),8,13
20250524,선릉,강변(동서울터미널),9,14
20250524,선릉,강변(동서울터미널),10,27
20250524,선릉,강변(동서울터미널),11,23
20250524,선릉,강변(동서울터미널),12,23
20250524,선릉,강변(동서울터미널),13,30
20250524,선릉,강변(동서울터미널),14,55
20250524,선릉,강변(동서울터미널),15,54
20250524,선릉,강변(동서울터미널),16,33
20250524,선릉,강변(동서울터미널),17,37
20250524,선릉,강변(동서울터미널),18,55
20250524,선릉,강변(동서울터미널),19,24
20250524,선릉,강변(동서울터미널),20,25
20250524,선릉,강변(동서울터미널),21,25
20250524,선릉,강변(동서울터미널),22,46
20250524,선릉,강변(동서울터미널),23,12
20250524,선릉,건대입구,6,1
20250524,선릉,건대입구,7,4
20250524,선릉,건대입구,8,9
20250524,선릉,건대입구,9,10
20250524,선릉,건대입구,10,13
20250524,선릉,건대입구,11,12
20250524,선릉,건대입구,12,26
20250524,선릉,건대입구,13,40
20250524,선릉,건대입구,14,31
20250524,선릉,건대입구,15,24
20250524,선릉,건대입구,16,33
20250524,선릉,건대입구,17,33
20250524,선릉,건대입구,18,31
20250524,선릉,건대입구,19,17
20250524,선릉,건대입구,20,32
20250524,선릉,건대입구,21,28
20250524,선릉,건대입구,22,22
20250524,선릉,건대입구,23,17
20250524,선릉,교대(법원.검찰청),5,2
20250524,선릉,교대(법원.검찰청),6,5
20250524,선릉,교대(법원.검찰청),7,16
20250524,선릉,교대(법원.검찰청),8,9
20250524,선릉,교대(법원.검찰청),9,20
20250524,선릉,교대(법원.검찰청),10,14
20250524,선릉,교대(법원.검찰청),11,28
20250524,선릉,교대(법원.검찰청),12,32
20250524,선릉,교대(법원.검찰청),13,53
20250524,선릉,교대(법원.검찰청),14,42
20250524,선릉,교대(법원.검찰청),15,45
20250524,선릉,교대(법원.검찰청),16,35
20250524,선릉,교대(법원.검찰청),17,32
20250524,선릉,교대(법원.검찰청),18,44
20250524,선릉,교대(법원.검찰청),19,25
20250524,선릉,교대(법원.검찰청),20,23
20250524,선릉,교대(법원.검찰청),21,19
20250524,선릉,교대(법원.검찰청),22,42
20250524,선릉,교대(법원.검찰청),23,5
20250524,선릉,구로디지털단지,5,1
20250524,선릉,구로디지털단지,6,5
20250524,선릉,구로디지털단지,7,8
20250524,선릉,구로디지털단지,8,14
20250524,선릉,구로디지털단지,9,3
20250524,선릉,구로디지털단지,10,11
20250524,선릉,구로디지털단지,11,21
20250524,선릉,구로디지털단지,12,39
20250524,선릉,구로디지털단지,13,39
20250524,선릉,구로디지털단지,14,42
20250524,선릉,구로디지털단지,15,48
20250524,선릉,구로디지털단지,16,58
20250524,선릉,구로디지털단지,17,42
20250524,선릉,구로디지털단지,18,42
20250524,선릉,구로디지털단지,19,50
20250524,선릉,구로디지털단지,20,49
20250524,선릉,구로디지털단지,21,58
20250524,선릉,구로디지털단지,22,45
20250524,선릉,구로디지털단지,23,13
20250524,선릉,구의(광진구청),5,2
20250524,선릉,구의(광진구청),6,5
20250524,선릉,구의(광진구청),7,5
20250524,선릉,구의(광진구청),8,10
20250524,선릉,구의(광진구청),9,13
20250524,선릉,구의(광진구청),10,9
20250524,선릉,구의(광진구청),11,16
20250524,선릉,구의(광진구청),12,21
20250524,선릉,구의(광진구청),13,23
20250524,선릉,구의(광진구청),14,14
20250524,선릉,구의(광진구청),15,33
20250524,선릉,구의(광진구청),16,21
20250524,선릉,구의(광진구청),17,20
20250524,선릉,구의(광진구청),18,35
20250524,선릉,구의(광진구청),19,19
20250524,선릉,구의(광진구청),20,22
20250524,선릉,구의(광진구청),21,23
20250524,선릉,구의(광진구청),22,30
20250524,선릉,구의(광진구청),23,12
20250524,선릉,낙성대,5,5
20250524,선릉,낙성대,6,10
20250524,선릉,낙성대,7,3
20250524,선릉,낙성대,8,10
20250524,선릉,낙성대,9,16
20250524,선릉,낙성대,10,12
20250524,선릉,낙성대,11,11
20250524,선릉,낙성대,12,20
20250524,선릉,낙성대,13,28
20250524,선릉,낙성대,14,32
20250524,선릉,낙성대,15,38
20250524,선릉,낙성대,16,35
20250524,선릉,낙성대,17,38
20250524,선릉,낙성대,18,27
20250524,선릉,낙성대,19,32
20250524,선릉,낙성대,20,20
20250524,선릉,낙성대,21,39
20250524,선릉,낙성대,22,39
20250524,선릉,낙성대,23,20
20250524,선릉,당산,5,1
20250524,선릉,당산,6,1
20250524,선릉,당산,9,4
20250524,선릉,당산,10,2
20250524,선릉,당산,11,5
20250524,선릉,당산,12,10
20250524,선릉,당산,13,7
20250524,선릉,당산,14,6
20250524,선릉,당산,15,2
20250524,선릉,당산,16,11
20250524,선릉,당산,17,10
20250524,선릉,당산,18,11
20250524,선릉,당산,19,10
20250524,선릉,당산,20,5
20250524,선릉,당산,21,10
20250524,선릉,당산,22,9
20250524,선릉,당산,23,5
20250524,선릉,대림(구로구청),5,2
20250524,선릉,대림(구로구청),6,3
20250524,선릉,대림(구로구청),7,4
20250524,선릉,대림(구로구청),8,11
20250524,선릉,대림(구로구청),9,3
20250524,선릉,대림(구로구청),10,7
20250524,선릉,대림(구로구청),11,4
20250524,선릉,대림(구로구청),12,21
20250524,선릉,대림(구로구청),13,26
20250524,선릉,대림(구로구청),14,8
20250524,선릉,대림(구로구청),15,28
20250524,선릉,대림(구로구청),16,33
20250524,선릉,대림(구로구청),17,18
20250524,선릉,대림(구로구청),18,10
20250524,선릉,대림(구로구청),19,16
20250524,선릉,대림(구로구청),20,31
20250524,선릉,대림(구로구청),21,38
20250524,선릉,대림(구로구청),22,35
20250524,선릉,대림(구로구청),23,5
20250524,선릉,동대문역사문화공원,6,5
20250524,선릉,동대문역사문화공원,8,2
20250524,선릉,동대문역사문화공원,9,2
20250524,선릉,동대문역사문화공원,10,5
20250524,선릉,동대문역사문화공원,11,7
20250524,선릉,동대문역사문화공원,12,14
20250524,선릉,동대문역사문화공원,13,15
20250524,선릉,동대문역사문화공원,14,15
20250524,선릉,동대문역사문화공원,15,9
20250524,선릉,동대문역사문화공원,16,10
20250524,선릉,동대문역사문화공원,17,4
20250524,선릉,동대문역사문화공원,18,6
20250524,선릉,동대문역사문화공원,19,12
20250524,선릉,동대문역사문화공원,20,2
20250524,선릉,동대문역사문화공원,21,2
20250524,선릉,동대문역사문화공원,22,4
20250524,선릉,뚝섬,6,2
20250524,선릉,뚝섬,10,3
20250524,선릉,뚝섬,11,5
20250524,선릉,뚝섬,12,3
20250524,선릉,뚝섬,13,6
20250524,선릉,뚝섬,14,4
20250524,선릉,뚝섬,15,6
20250524,선릉,뚝섬,16,9
20250524,선릉,뚝섬,17,1
20250524,선릉,뚝섬,18,5
20250524,선릉,뚝섬,19,2
20250524,선릉,뚝섬,20,2
20250524,선릉,뚝섬,21,1
20250524,선릉,뚝섬,22,3
20250524,선릉,뚝섬,23,1
20250524,선릉,문래,5,1
20250524,선릉,문래,7,2
20250524,선릉,문래,8,6
20250524,선릉,문래,9,1
20250524,선릉,문래,10,3
20250524,선릉,문래,11,6
20250524,선릉,문래,12,13
20250524,선릉,문래,13,5
20250524,선릉,문래,14,11
20250524,선릉,문래,15,12
20250524,선릉,문래,16,18
20250524,선릉,문래,17,12
20250524,선릉,문래,18,11
20250524,선릉,문래,19,14
20250524,선릉,문래,20,3
20250524,선릉,문래,21,4
20250524,선릉,문래,22,4
20250524,선릉,문래,23,2
20250524,선릉,방배,5,3
20250524,선릉,방배,6,2
20250524,선릉,방배,7,2
20250524,선릉,방배,8,10
20250524,선릉,방배,9,4
20250524,선릉,방배,10,9
20250524,선릉,방배,11,16
20250524,선릉,방배,12,20
20250524,선릉,방배,13,18
20250524,선릉,방배,14,23
20250524,선릉,방배,15,15
20250524,선릉,방배,16,15
20250524,선릉,방배,17,22
20250524,선릉,방배,18,26
20250524,선릉,방배,19,11
20250524,선릉,방배,20,8
20250524,선릉,방배,21,17
20250524,선릉,방배,22,21
20250524,선릉,방배,23,3
20250524,선릉,봉천,6,4
20250524,선릉,봉천,7,5
20250524,선릉,봉천,8,3
20250524,선릉,봉천,9,10
20250524,선릉,봉천,10,10
20250524,선릉,봉천,11,14
20250524,선릉,봉천,12,29
20250524,선릉,봉천,13,31
20250524,선릉,봉천,14,28
20250524,선릉,봉천,15,34
20250524,선릉,봉천,16,42
20250524,선릉,봉천,17,42
20250524,선릉,봉천,18,36
20250524,선릉,봉천,19,27
20250524,선릉,봉천,20,27
20250524,선릉,봉천,21,29
20250524,선릉,봉천,22,46
20250524,선릉,봉천,23,10
20250524,선릉,사당,5,7
20250524,선릉,사당,6,11
20250524,선릉,사당,7,16
20250524,선릉,사당,8,17
20250524,선릉,사당,9,22
20250524,선릉,사당,10,25
20250524,선릉,사당,11,58
20250524,선릉,사당,12,62
20250524,선릉,사당,13,60
20250524,선릉,사당,14,76
20250524,선릉,사당,15,95
20250524,선릉,사당,16,90
20250524,선릉,사당,17,106
20250524,선릉,사당,18,112
20250524,선릉,사당,19,94
20250524,선릉,사당,20,66
20250524,선릉,사당,21,65
20250524,선릉,사당,22,65
20250524,선릉,사당,23,32
20250524,선릉,삼성(무역센터),5,2
20250524,선릉,삼성(무역센터),6,6
20250524,선릉,삼성(무역센터),7,7
20250524,선릉,삼성(무역센터),8,15
20250524,선릉,삼성(무역센터),9,35
20250524,선릉,삼성(무역센터),10,55
20250524,선릉,삼성(무역센터),11,63
20250524,선릉,삼성(무역센터),12,87
20250524,선릉,삼성(무역센터),13,90
20250524,선릉,삼성(무역센터),14,67
20250524,선릉,삼성(무역센터),15,57
20250524,선릉,삼성(무역센터),16,57
20250524,선릉,삼성(무역센터),17,54
20250524,선릉,삼성(무역센터),18,38
20250524,선릉,삼성(무역센터),19,25
20250524,선릉,삼성(무역센터),20,27
20250524,선릉,삼성(무역센터),21,15
20250524,선릉,삼성(무역센터),22,18
20250524,선릉,삼성(무역센터),23,5
20250524,선릉,상왕십리,5,1
20250524,선릉,상왕십리,8,1
20250524,선릉,상왕십리,10,1
20250524,선릉,상왕십리,11,4
20250524,선릉,상왕십리,12,1
20250524,선릉,상왕십리,13,7
20250524,선릉,상왕십리,14,2
20250524,선릉,상왕십리,15,4
20250524,선릉,상왕십리,16,4
20250524,선릉,상왕십리,17,6
20250524,선릉,상왕십리,18,4
20250524,선릉,상왕십리,19,4
20250524,선릉,상왕십리,20,5
20250524,선릉,상왕십리,21,3
20250524,선릉,상왕십리,22,2
20250524,선릉,서울대입구(관악구청),5,3
20250524,선릉,서울대입구(관악구청),6,8
20250524,선릉,서울대입구(관악구청),7,3
20250524,선릉,서울대입구(관악구청),8,22
20250524,선릉,서울대입구(관악구청),9,21
20250524,선릉,서울대입구(관악구청),10,21
20250524,선릉,서울대입구(관악구청),11,33
20250524,선릉,서울대입구(관악구청),12,51
20250524,선릉,서울대입구(관악구청),13,56
20250524,선릉,서울대입구(관악구청),14,39
20250524,선릉,서울대입구(관악구청),15,83
20250524,선릉,서울대입구(관악구청),16,64
20250524,선릉,서울대입구(관악구청),17,78
20250524,선릉,서울대입구(관악구청),18,74
20250524,선릉,서울대입구(관악구청),19,50
20250524,선릉,서울대입구(관악구청),20,66
20250524,선릉,서울대입구(관악구청),21,64
20250524,선릉,서울대입구(관악구청),22,73
20250524,선릉,서울대입구(관악구청),23,41
20250524,선릉,서초,5,9
20250524,선릉,서초,6,8
20250524,선릉,서초,7,8
20250524,선릉,서초,8,14
20250524,선릉,서초,9,9
20250524,선릉,서초,10,13
20250524,선릉,서초,11,15
20250524,선릉,서초,12,25
20250524,선릉,서초,13,27
20250524,선릉,서초,14,28
20250524,선릉,서초,15,23
20250524,선릉,서초,16,24
20250524,선릉,서초,17,20
20250524,선릉,서초,18,21
20250524,선릉,서초,19,23
20250524,선릉,서초,20,12
20250524,선릉,서초,21,10
20250524,선릉,서초,22,21
20250524,선릉,서초,23,4
20250524,선릉,선릉,5,1
20250524,선릉,선릉,6,5
20250524,선릉,선릉,7,5
20250524,선릉,선릉,8,9
20250524,선릉,선릉,9,12
20250524,선릉,선릉,10,21
20250524,선릉,선릉,11,36
20250524,선릉,선릉,12,53
20250524,선릉,선릉,13,59
20250524,선릉,선릉,14,58
20250524,선릉,선릉,15,43
20250524,선릉,선릉,16,56
20250524,선릉,선릉,17,69
20250524,선릉,선릉,18,54
20250524,선릉,선릉,19,41
20250524,선릉,선릉,20,38
20250524,선릉,선릉,21,31
20250524,선릉,선릉,22,35
20250524,선릉,선릉,23,15
20250524,선릉,성수,6,3
20250524,선릉,성수,7,1
20250524,선릉,성수,8,4
20250524,선릉,성수,9,10
20250524,선릉,성수,10,20
20250524,선릉,성수,11,22
20250524,선릉,성수,12,48
20250524,선릉,성수,13,43
20250524,선릉,성수,14,27
20250524,선릉,성수,15,33
20250524,선릉,성수,16,47
20250524,선릉,성수,17,23
20250524,선릉,성수,18,23
20250524,선릉,성수,19,12
20250524,선릉,성수,20,9
20250524,선릉,성수,21,5
20250524,선릉,성수,22,5
20250524,선릉,성수,23,6
20250524,선릉,시청,7,1
20250524,선릉,시청,8,2
20250524,선릉,시청,9,2
20250524,선릉,시청,10,3
20250524,선릉,시청,11,4
20250524,선릉,시청,12,3
20250524,선릉,시청,13,11
20250524,선릉,시청,14,5
20250524,선릉,시청,15,6
20250524,선릉,시청,16,4
20250524,선릉,시청,17,2
20250524,선릉,시청,18,6
20250524,선릉,시청,20,1
20250524,선릉,시청,22,4
20250524,선릉,신당,8,3
20250524,선릉,신당,10,3
20250524,선릉,신당,11,1
20250524,선릉,신당,12,4
20250524,선릉,신당,13,7
20250524,선릉,신당,14,5
20250524,선릉,신당,15,7
20250524,선릉,신당,16,5
20250524,선릉,신당,17,5
20250524,선릉,신당,18,5
20250524,선릉,신당,19,2
20250524,선릉,신당,20,1
20250524,선릉,신당,21,2
20250524,선릉,신당,22,5
20250524,선릉,신당,23,2
20250524,선릉,신대방,6,3
20250524,선릉,신대방,7,6
20250524,선릉,신대방,8,10
20250524,선릉,신대방,9,5
20250524,선릉,신대방,10,10
20250524,선릉,신대방,11,17
20250524,선릉,신대방,12,14
20250524,선릉,신대방,13,25
20250524,선릉,신대방,14,31
20250524,선릉,신대방,15,27
20250524,선릉,신대방,16,21
20250524,선릉,신대방,17,29
20250524,선릉,신대방,18,31
20250524,선릉,신대방,19,27
20250524,선릉,신대방,20,27
20250524,선릉,신대방,21,37
20250524,선릉,신대방,22,28
20250524,선릉,신대방,23,8
20250524,선릉,신도림,5,1
20250524,선릉,신도림,6,3
20250524,선릉,신도림,7,6
20250524,선릉,신도림,8,3
20250524,선릉,신도림,9,7
20250524,선릉,신도림,10,17
20250524,선릉,신도림,11,15
20250524,선릉,신도림,12,22
20250524,선릉,신도림,13,36
20250524,선릉,신도림,14,32
20250524,선릉,신도림,15,43
20250524,선릉,신도림,16,35
20250524,선릉,신도림,17,35
20250524,선릉,신도림,18,27
20250524,선릉,신도림,19,21
20250524,선릉,신도림,20,23
20250524,선릉,신도림,21,20
20250524,선릉,신도림,22,18
20250524,선릉,신도림,23,16
20250524,선릉,신림,5,6
20250524,선릉,신림,6,8
20250524,선릉,신림,7,16
20250524,선릉,신림,8,17
20250524,선릉,신림,9,16
20250524,선릉,신림,10,18
20250524,선릉,신림,11,30
20250524,선릉,신림,12,45
20250524,선릉,신림,13,47
20250524,선릉,신림,14,33
20250524,선릉,신림,15,69
20250524,선릉,신림,16,49
20250524,선릉,신림,17,64
20250524,선릉,신림,18,62
20250524,선릉,신림,19,54
20250524,선릉,신림,20,50
20250524,선릉,신림,21,67
20250524,선릉,신림,22,78
20250524,선릉,신림,23,28
20250524,선릉,신촌,6,1
20250524,선릉,신촌,8,2
20250524,선릉,신촌,9,9
20250524,선릉,신촌,10,10
20250524,선릉,신촌,11,16
20250524,선릉,신촌,12,23
20250524,선릉,신촌,13,16
20250524,선릉,신촌,14,26
20250524,선릉,신촌,15,11
20250524,선릉,신촌,16,10
20250524,선릉,신촌,17,10
20250524,선릉,신촌,18,6
20250524,선릉,신촌,19,4
20250524,선릉,신촌,20,8
20250524,선릉,신촌,21,4
20250524,선릉,신촌,22,6
20250524,선릉,아현,7,1
20250524,선릉,아현,8,1
20250524,선릉,아현,9,1
20250524,선릉,아현,12,1
20250524,선릉,아현,13,2
20250524,선릉,아현,14,1
20250524,선릉,아현,15,5
20250524,선릉,아현,16,2
20250524,선릉,아현,17,1
20250524,선릉,아현,19,3
20250524,선릉,아현,20,1
20250524,선릉,아현,21,1
20250524,선릉,아현,22,6
20250524,선릉,역삼,5,3
20250524,선릉,역삼,6,3
20250524,선릉,역삼,7,13
20250524,선릉,역삼,8,15
20250524,선릉,역삼,9,29
20250524,선릉,역삼,10,32
20250524,선릉,역삼,11,58
20250524,선릉,역삼,12,61
20250524,선릉,역삼,13,77
20250524,선릉,역삼,14,52
20250524,선릉,역삼,15,72
20250524,선릉,역삼,16,59
20250524,선릉,역삼,17,49
20250524,선릉,역삼,18,49
20250524,선릉,역삼,19,31
20250524,선릉,역삼,20,18
20250524,선릉,역삼,21,25
20250524,선릉,역삼,22,28
20250524,선릉,역삼,23,9
20250524,선릉,영등포구청,5,1
20250524,선릉,영등포구청,7,2
20250524,선릉,영등포구청,8,2
20250524,선릉,영등포구청,9,2
20250524,선릉,영등포구청,10,1
20250524,선릉,영등포구청,11,4
20250524,선릉,영등포구청,12,4
20250524,선릉,영등포구청,13,11
20250524,선릉,영등포구청,14,4
20250524,선릉,영등포구청,15,7
20250524,선릉,영등포구청,16,10
20250524,선릉,영등포구청,17,8
20250524,선릉,영등포구청,18,2
20250524,선릉,영등포구청,19,6
20250524,선릉,영등포구청,20,6
20250524,선릉,영등포구청,21,3
20250524,선릉,영등포구청,22,5
20250524,선릉,영등포구청,23,6
20250524,선릉,왕십리(성동구청),6,2
20250524,선릉,왕십리(성동구청),7,1
20250524,선릉,왕십리(성동구청),8,1
20250524,선릉,왕십리(성동구청),10,1
20250524,선릉,왕십리(성동구청),14,2
20250524,선릉,왕십리(성동구청),15,3
20250524,선릉,왕십리(성동구청),16,5
20250524,선릉,왕십리(성동구청),17,2
20250524,선릉,왕십리(성동구청),18,4
20250524,선릉,왕십리(성동구청),19,2
20250524,선릉,왕십리(성동구청),20,1
20250524,선릉,왕십리(성동구청),21,3
20250524,선릉,왕십리(성동구청),22,1
20250524,선릉,왕십리(성동구청),23,1
20250524,선릉,용두(동대문구청),6,1
20250524,선릉,용두(동대문구청),9,1
20250524,선릉,용두(동대문구청),10,1
20250524,선릉,용두(동대문구청),11,1
20250524,선릉,용두(동대문구청),12,2
20250524,선릉,용두(동대문구청),13,1
20250524,선릉,용두(동대문구청),14,1
20250524,선릉,용두(동대문구청),15,1
20250524,선릉,용두(동대문구청),16,3
20250524,선릉,용두(동대문구청),17,4
20250524,선릉,용두(동대문구청),19,2
20250524,선릉,용두(동대문구청),20,1
20250524,선릉,용두(동대문구청),22,1
20250524,선릉,용두(동대문구청),23,1
20250524,선릉,을지로3가,6,1
20250524,선릉,을지로3가,7,1
20250524,선릉,을지로3가,8,3
20250524,선릉,을지로3가,9,1
20250524,선릉,을지로3가,10,1
20250524,선릉,을지로3가,11,1
20250524,선릉,을지로3가,12,7
20250524,선릉,을지로3가,14,4
20250524,선릉,을지로3가,15,8
20250524,선릉,을지로3가,16,6
20250524,선릉,을지로3가,17,8
20250524,선릉,을지로3가,18,5
20250524,선릉,을지로3가,19,2
20250524,선릉,을지로3가,21,3
20250524,선릉,을지로3가,22,1
20250524,선릉,을지로3가,23,1
20250524,선릉,을지로4가,7,1
20250524,선릉,을지로4가,8,4
20250524,선릉,을지로4가,11,3
20250524,선릉,을지로4가,12,3
20250524,선릉,을지로4가,13,6
20250524,선릉,을지로4가,14,8
20250524,선릉,을지로4가,15,3
20250524,선릉,을지로4가,16,7
20250524,선릉,을지로4가,17,4
20250524,선릉,을지로4가,18,5
20250524,선릉,을지로4가,19,1
20250524,선릉,을지로4가,20,1
20250524,선릉,을지로4가,21,1
20250524,선릉,을지로4가,22,2
20250524,선릉,을지로입구,7,2
20250524,선릉,을지로입구,8,2
20250524,선릉,을지로입구,9,3
20250524,선릉,을지로입구,10,6
20250524,선릉,을지로입구,11,11
20250524,선릉,을지로입구,12,6
20250524,선릉,을지로입구,13,12
20250524,선릉,을지로입구,14,10
20250524,선릉,을지로입구,15,9
20250524,선릉,을지로입구,16,12
20250524,선릉,을지로입구,17,9
20250524,선릉,을지로입구,18,8
20250524,선릉,을지로입구,19,4
20250524,선릉,을지로입구,20,3
20250524,선릉,을지로입구,23,1
20250524,선릉,이대,7,1
20250524,선릉,이대,8,5
20250524,선릉,이대,9,1
20250524,선릉,이대,10,3
20250524,선릉,이대,11,1
20250524,선릉,이대,12,2
20250524,선릉,이대,13,3
20250524,선릉,이대,14,3
20250524,선릉,이대,15,4
20250524,선릉,이대,16,5
20250524,선릉,이대,17,4
20250524,선릉,이대,18,2
20250524,선릉,이대,19,7
20250524,선릉,이대,20,3
20250524,선릉,이대,21,1
20250524,선릉,이대,22,6
20250524,선릉,잠실(송파구청),5,4
20250524,선릉,잠실(송파구청),6,17
20250524,선릉,잠실(송파구청),7,19
20250524,선릉,잠실(송파구청),8,37
20250524,선릉,잠실(송파구청),9,34
20250524,선릉,잠실(송파구청),10,61
20250524,선릉,잠실(송파구청),11,114
20250524,선릉,잠실(송파구청),12,139
20250524,선릉,잠실(송파구청),13,149
20250524,선릉,잠실(송파구청),14,164
20250524,선릉,잠실(송파구청),15,174
20250524,선릉,잠실(송파구청),16,156
20250524,선릉,잠실(송파구청),17,156
20250524,선릉,잠실(송파구청),18,163
20250524,선릉,잠실(송파구청),19,107
20250524,선릉,잠실(송파구청),20,73
20250524,선릉,잠실(송파구청),21,82
20250524,선릉,잠실(송파구청),22,124
20250524,선릉,잠실(송파구청),23,36
20250524,선릉,잠실나루,5,2
20250524,선릉,잠실나루,6,5
20250524,선릉,잠실나루,7,3
20250524,선릉,잠실나루,8,6
20250524,선릉,잠실나루,9,5
20250524,선릉,잠실나루,10,5
20250524,선릉,잠실나루,11,7
20250524,선릉,잠실나루,12,12
20250524,선릉,잠실나루,13,8
20250524,선릉,잠실나루,14,12
20250524,선릉,잠실나루,15,12
20250524,선릉,잠실나루,16,8
20250524,선릉,잠실나루,17,11
20250524,선릉,잠실나루,18,13
20250524,선릉,잠실나루,19,11
20250524,선릉,잠실나루,20,7
20250524,선릉,잠실나루,21,13
20250524,선릉,잠실나루,22,19
20250524,선릉,잠실나루,23,7
20250524,선릉,잠실새내,5,1
20250524,선릉,잠실새내,6,3
20250524,선릉,잠실새내,7,3
20250524,선릉,잠실새내,8,13
20250524,선릉,잠실새내,9,12
20250524,선릉,잠실새내,10,21
20250524,선릉,잠실새내,11,26
20250524,선릉,잠실새내,12,38
20250524,선릉,잠실새내,13,22
20250524,선릉,잠실새내,14,40
20250524,선릉,잠실새내,15,38
20250524,선릉,잠실새내,16,37
20250524,선릉,잠실새내,17,42
20250524,선릉,잠실새내,18,65
20250524,선릉,잠실새내,19,40
20250524,선릉,잠실새내,20,27
20250524,선릉,잠실새내,21,17
20250524,선릉,잠실새내,22,44
20250524,선릉,잠실새내,23,5
20250524,선릉,종합운동장,5,1
20250524,선릉,종합운동장,6,8
20250524,선릉,종합운동장,7,1
20250524,선릉,종합운동장,8,4
20250524,선릉,종합운동장,9,6
20250524,선릉,종합운동장,10,2
20250524,선릉,종합운동장,11,21
20250524,선릉,종합운동장,12,14
20250524,선릉,종합운동장,13,25
20250524,선릉,종합운동장,14,34
20250524,선릉,종합운동장,15,44
20250524,선릉,종합운동장,16,48
20250524,선릉,종합운동장,17,20
20250524,선릉,종합운동장,18,15
20250524,선릉,종합운동장,19,5
20250524,선릉,종합운동장,20,13
20250524,선릉,종합운동장,21,9
20250524,선릉,종합운동장,22,11
20250524,선릉,종합운동장,23,2
20250524,선릉,충정로(경기대입구),7,2
20250524,선릉,충정로(경기대입구),9,2
20250524,선릉,충정로(경기대입구),10,1
20250524,선릉,충정로(경기대입구),11,1
20250524,선릉,충정로(경기대입구),12,1
20250524,선릉,충정로(경기대입구),13,3
20250524,선릉,충정로(경기대입구),14,2
20250524,선릉,충정로(경기대입구),15,3
20250524,선릉,충정로(경기대입구),17,6
20250524,선릉,충정로(경기대입구),19,1
20250524,선릉,충정로(경기대입구),20,2
20250524,선릉,충정로(경기대입구),22,1
20250524,선릉,충정로(경기대입구),23,1
20250524,선릉,한양대,7,2
20250524,선릉,한양대,8,6
20250524,선릉,한양대,9,5
20250524,선릉,한양대,11,3
20250524,선릉,한양대,12,4
20250524,선릉,한양대,13,2
20250524,선릉,한양대,14,3
20250524,선릉,한양대,15,1
20250524,선릉,한양대,16,3
20250524,선릉,한양대,17,2
20250524,선릉,한양대,18,1
20250524,선릉,한양대,19,1
20250524,선릉,한양대,20,1
20250524,선릉,한양대,23,1
20250524,선릉,합정,6,6
20250524,선릉,합정,7,4
20250524,선릉,합정,8,5
20250524,선릉,합정,9,9
20250524,선릉,합정,10,9
20250524,선릉,합정,11,17
20250524,선릉,합정,12,18
20250524,선릉,합정,13,14
20250524,선릉,합정,14,14
20250524,선릉,합정,15,20
20250524,선릉,합정,16,5
20250524,선릉,합정,17,29
20250524,선릉,합정,18,10
20250524,선릉,합정,19,7
20250524,선릉,합정,20,6
20250524,선릉,합정,21,6
20250524,선릉,합정,22,11
20250524,선릉,합정,23,4
20250524,선릉,홍대입구,5,1
20250524,선릉,홍대입구,6,1
20250524,선릉,홍대입구,7,2
20250524,선릉,홍대입구,8,8
20250524,선릉,홍대입구,9,18
20250524,선릉,홍대입구,10,21
20250524,선릉,홍대입구,11,19
20250524,선릉,홍대입구,12,31
20250524,선릉,홍대입구,13,57
20250524,선릉,홍대입구,14,37
20250524,선릉,홍대입구,15,39
20250524,선릉,홍대입구,16,23
20250524,선릉,홍대입구,17,23
20250524,선릉,홍대입구,18,30
20250524,선릉,홍대입구,19,17
20250524,선릉,홍대입구,20,13
20250524,선릉,홍대입구,21,13
20250524,선릉,홍대입구,22,21
20250524,선릉,홍대입구,23,2
20250524,성수,강남,5,4
20250524,성수,강남,6,3
20250524,성수,강남,7,8
20250524,성수,강남,8,10
20250524,성수,강남,9,20
20250524,성수,강남,10,19
20250524,성수,강남,11,12
20250524,성수,강남,12,33
20250524,성수,강남,13,66
20250524,성수,강남,14,73
20250524,성수,강남,15,68
20250524,성수,강남,16,119
20250524,성수,강남,17,167
20250524,성수,강남,18,107
20250524,성수,강남,19,140
20250524,성수,강남,20,159
20250524,성수,강남,21,111
20250524,성수,강남,22,65
20250524,성수,강남,23,13
20250524,성수,강변(동서울터미널),5,8
20250524,성수,강변(동서울터미널),6,12
20250524,성수,강변(동서울터미널),7,12
20250524,성수,강변(동서울터미널),8,15
20250524,성수,강변(동서울터미널),9,19
20250524,성수,강변(동서울터미널),10,12
20250524,성수,강변(동서울터미널),11,23
20250524,성수,강변(동서울터미널),12,39
20250524,성수,강변(동서울터미널),13,37
20250524,성수,강변(동서울터미널),14,59
20250524,성수,강변(동서울터미널),15,73
20250524,성수,강변(동서울터미널),16,95
20250524,성수,강변(동서울터미널),17,119
20250524,성수,강변(동서울터미널),18,116
20250524,성수,강변(동서울터미널),19,146
20250524,성수,강변(동서울터미널),20,99
20250524,성수,강변(동서울터미널),21,93
20250524,성수,강변(동서울터미널),22,45
20250524,성수,강변(동서울터미널),23,20
20250524,성수,건대입구,5,2
20250524,성수,건대입구,6,10
20250524,성수,건대입구,7,5
20250524,성수,건대입구,8,9
20250524,성수,건대입구,9,15
20250524,성수,건대입구,10,32
20250524,성수,건대입구,11,43
20250524,성수,건대입구,12,46
20250524,성수,건대입구,13,84
20250524,성수,건대입구,14,105
20250524,성수,건대입구,15,147
20250524,성수,건대입구,16,145
20250524,성수,건대입구,17,186
20250524,성수,건대입구,18,210
20250524,성수,건대입구,19,198
20250524,성수,건대입구,20,206
20250524,성수,건대입구,21,113
20250524,성수,건대입구,22,94
20250524,성수,건대입구,23,32
20250524,성수,교대(법원.검찰청),6,5
20250524,성수,교대(법원.검찰청),7,1
20250524,성수,교대(법원.검찰청),8,1
20250524,성수,교대(법원.검찰청),9,6
20250524,성수,교대(법원.검찰청),10,2
20250524,성수,교대(법원.검찰청),11,9
20250524,성수,교대(법원.검찰청),12,12
20250524,성수,교대(법원.검찰청),13,1
20250524,성수,교대(법원.검찰청),14,7
20250524,성수,교대(법원.검찰청),15,14
20250524,성수,교대(법원.검찰청),16,8
20250524,성수,교대(법원.검찰청),17,17
20250524,성수,교대(법원.검찰청),18,18
20250524,성수,교대(법원.검찰청),19,17
20250524,성수,교대(법원.검찰청),20,19
20250524,성수,교대(법원.검찰청),21,7
20250524,성수,교대(법원.검찰청),22,13
20250524,성수,교대(법원.검찰청),23,6
20250524,성수,구로디지털단지,5,1
20250524,성수,구로디지털단지,8,1
20250524,성수,구로디지털단지,10,2
20250524,성수,구로디지털단지,11,2
20250524,성수,구로디지털단지,12,4
20250524,성수,구로디지털단지,13,6
20250524,성수,구로디지털단지,14,10
20250524,성수,구로디지털단지,15,12
20250524,성수,구로디지털단지,16,31
20250524,성수,구로디지털단지,17,39
20250524,성수,구로디지털단지,18,26
20250524,성수,구로디지털단지,19,33
20250524,성수,구로디지털단지,20,38
20250524,성수,구로디지털단지,21,33
20250524,성수,구로디지털단지,22,24
20250524,성수,구로디지털단지,23,1
20250524,성수,구의(광진구청),5,2
20250524,성수,구의(광진구청),6,3
20250524,성수,구의(광진구청),7,7
20250524,성수,구의(광진구청),8,16
20250524,성수,구의(광진구청),9,13
20250524,성수,구의(광진구청),10,27
20250524,성수,구의(광진구청),11,25
20250524,성수,구의(광진구청),12,31
20250524,성수,구의(광진구청),13,31
20250524,성수,구의(광진구청),14,48
20250524,성수,구의(광진구청),15,71
20250524,성수,구의(광진구청),16,80
20250524,성수,구의(광진구청),17,55
20250524,성수,구의(광진구청),18,80
20250524,성수,구의(광진구청),19,81
20250524,성수,구의(광진구청),20,80
20250524,성수,구의(광진구청),21,76
20250524,성수,구의(광진구청),22,54
20250524,성수,구의(광진구청),23,24
20250524,성수,낙성대,5,1
20250524,성수,낙성대,8,2
20250524,성수,낙성대,9,5
20250524,성수,낙성대,10,2
20250524,성수,낙성대,11,3
20250524,성수,낙성대,12,3
20250524,성수,낙성대,13,5
20250524,성수,낙성대,14,4
20250524,성수,낙성대,15,8
20250524,성수,낙성대,16,14
20250524,성수,낙성대,17,9
20250524,성수,낙성대,18,18
20250524,성수,낙성대,19,14
20250524,성수,낙성대,20,21
20250524,성수,낙성대,21,32
20250524,성수,낙성대,22,12
20250524,성수,낙성대,23,1
20250524,성수,당산,5,2
20250524,성수,당산,6,2
20250524,성수,당산,7,2
20250524,성수,당산,8,3
20250524,성수,당산,9,5
20250524,성수,당산,10,3
20250524,성수,당산,11,3
20250524,성수,당산,12,1
20250524,성수,당산,13,5
20250524,성수,당산,14,11
20250524,성수,당산,15,9
20250524,성수,당산,16,13
20250524,성수,당산,17,16
20250524,성수,당산,18,11
20250524,성수,당산,19,9
20250524,성수,당산,20,32
20250524,성수,당산,21,28
20250524,성수,당산,22,23
20250524,성수,당산,23,7
20250524,성수,대림(구로구청),6,1
20250524,성수,대림(구로구청),7,1
20250524,성수,대림(구로구청),9,2
20250524,성수,대림(구로구청),10,6
20250524,성수,대림(구로구청),12,2
20250524,성수,대림(구로구청),13,2
20250524,성수,대림(구로구청),14,10
20250524,성수,대림(구로구청),15,10
20250524,성수,대림(구로구청),16,14
20250524,성수,대림(구로구청),17,7
20250524,성수,대림(구로구청),18,5
20250524,성수,대림(구로구청),19,9
20250524,성수,대림(구로구청),20,11
20250524,성수,대림(구로구청),21,2
20250524,성수,대림(구로구청),22,4
20250524,성수,동대문역사문화공원,4,1
20250524,성수,동대문역사문화공원,5,1
20250524,성수,동대문역사문화공원,6,1
20250524,성수,동대문역사문화공원,7,2
20250524,성수,동대문역사문화공원,8,2
20250524,성수,동대문역사문화공원,9,9
20250524,성수,동대문역사문화공원,10,7
20250524,성수,동대문역사문화공원,11,37
20250524,성수,동대문역사문화공원,12,56
20250524,성수,동대문역사문화공원,13,70
20250524,성수,동대문역사문화공원,14,73
20250524,성수,동대문역사문화공원,15,83
20250524,성수,동대문역사문화공원,16,109
20250524,성수,동대문역사문화공원,17,84
20250524,성수,동대문역사문화공원,18,70
20250524,성수,동대문역사문화공원,19,91
20250524,성수,동대문역사문화공원,20,66
20250524,성수,동대문역사문화공원,21,74
20250524,성수,동대문역사문화공원,22,23
20250524,성수,동대문역사문화공원,23,6
20250524,성수,뚝섬,5,2
20250524,성수,뚝섬,6,5
20250524,성수,뚝섬,7,2
20250524,성수,뚝섬,8,7
20250524,성수,뚝섬,9,7
20250524,성수,뚝섬,10,16
20250524,성수,뚝섬,11,29
20250524,성수,뚝섬,12,46
20250524,성수,뚝섬,13,58
20250524,성수,뚝섬,14,57
20250524,성수,뚝섬,15,94
20250524,성수,뚝섬,16,93
20250524,성수,뚝섬,17,94
20250524,성수,뚝섬,18,82
20250524,성수,뚝섬,19,50
20250524,성수,뚝섬,20,42
20250524,성수,뚝섬,21,13
20250524,성수,뚝섬,22,15
20250524,성수,뚝섬,23,5
20250524,성수,문래,8,2
20250524,성수,문래,9,3
20250524,성수,문래,10,1
20250524,성수,문래,11,4
20250524,성수,문래,12,5
20250524,성수,문래,13,4
20250524,성수,문래,14,6
20250524,성수,문래,15,11
20250524,성수,문래,16,8
20250524,성수,문래,17,10
20250524,성수,문래,18,10
20250524,성수,문래,19,9
20250524,성수,문래,20,12
20250524,성수,문래,21,8
20250524,성수,문래,22,6
20250524,성수,문래,23,2
20250524,성수,방배,7,2
20250524,성수,방배,8,1
20250524,성수,방배,9,1
20250524,성수,방배,10,2
20250524,성수,방배,11,1
20250524,성수,방배,12,2
20250524,성수,방배,13,3
20250524,성수,방배,14,6
20250524,성수,방배,15,5
20250524,성수,방배,16,5
20250524,성수,방배,17,10
20250524,성수,방배,18,11
20250524,성수,방배,19,4
20250524,성수,방배,20,5
20250524,성수,방배,21,3
20250524,성수,방배,22,2
20250524,성수,방배,23,2
20250524,성수,봉천,7,1
20250524,성수,봉천,9,2
20250524,성수,봉천,11,4
20250524,성수,봉천,12,2
20250524,성수,봉천,13,4
20250524,성수,봉천,14,10
20250524,성수,봉천,15,2
20250524,성수,봉천,16,12
20250524,성수,봉천,17,4
20250524,성수,봉천,18,8
20250524,성수,봉천,19,11
20250524,성수,봉천,20,18
20250524,성수,봉천,21,11
20250524,성수,봉천,22,6
20250524,성수,봉천,23,1
20250524,성수,사당,5,1
20250524,성수,사당,6,4
20250524,성수,사당,7,3
20250524,성수,사당,8,3
20250524,성수,사당,9,4
20250524,성수,사당,10,6
20250524,성수,사당,11,8
20250524,성수,사당,12,12
20250524,성수,사당,13,12
20250524,성수,사당,14,16
20250524,성수,사당,15,31
20250524,성수,사당,16,33
20250524,성수,사당,17,66
20250524,성수,사당,18,64
20250524,성수,사당,19,75
20250524,성수,사당,20,50
20250524,성수,사당,21,55
20250524,성수,사당,22,47
20250524,성수,사당,23,10
20250524,성수,삼성(무역센터),6,5
20250524,성수,삼성(무역센터),7,1
20250524,성수,삼성(무역센터),8,7
20250524,성수,삼성(무역센터),9,9
20250524,성수,삼성(무역센터),10,10
20250524,성수,삼성(무역센터),11,7
20250524,성수,삼성(무역센터),12,24
20250524,성수,삼성(무역센터),13,35
20250524,성수,삼성(무역센터),14,60
20250524,성수,삼성(무역센터),15,69
20250524,성수,삼성(무역센터),16,72
20250524,성수,삼성(무역센터),17,41
20250524,성수,삼성(무역센터),18,31
20250524,성수,삼성(무역센터),19,18
20250524,성수,삼성(무역센터),20,28
20250524,성수,삼성(무역센터),21,13
20250524,성수,삼성(무역센터),22,12
20250524,성수,삼성(무역센터),23,18
20250524,성수,상왕십리,5,1
20250524,성수,상왕십리,6,1
20250524,성수,상왕십리,7,4
20250524,성수,상왕십리,8,8
20250524,성수,상왕십리,9,9
20250524,성수,상왕십리,10,8
20250524,성수,상왕십리,11,17
20250524,성수,상왕십리,12,16
20250524,성수,상왕십리,13,17
20250524,성수,상왕십리,14,14
20250524,성수,상왕십리,15,13
20250524,성수,상왕십리,16,33
20250524,성수,상왕십리,17,40
20250524,성수,상왕십리,18,38
20250524,성수,상왕십리,19,28
20250524,성수,상왕십리,20,30
20250524,성수,상왕십리,21,29
20250524,성수,상왕십리,22,25
20250524,성수,상왕십리,23,13
20250524,성수,서울대입구(관악구청),5,1
20250524,성수,서울대입구(관악구청),6,1
20250524,성수,서울대입구(관악구청),8,3
20250524,성수,서울대입구(관악구청),9,5
20250524,성수,서울대입구(관악구청),10,1
20250524,성수,서울대입구(관악구청),11,4
20250524,성수,서울대입구(관악구청),12,6
20250524,성수,서울대입구(관악구청),13,7
20250524,성수,서울대입구(관악구청),14,11
20250524,성수,서울대입구(관악구청),15,12
20250524,성수,서울대입구(관악구청),16,30
20250524,성수,서울대입구(관악구청),17,16
20250524,성수,서울대입구(관악구청),18,25
20250524,성수,서울대입구(관악구청),19,29
20250524,성수,서울대입구(관악구청),20,53
20250524,성수,서울대입구(관악구청),21,55
20250524,성수,서울대입구(관악구청),22,33
20250524,성수,서울대입구(관악구청),23,13
20250524,성수,서초,5,1
20250524,성수,서초,6,1
20250524,성수,서초,7,2
20250524,성수,서초,8,1
20250524,성수,서초,9,2
20250524,성수,서초,10,3
20250524,성수,서초,11,6
20250524,성수,서초,12,11
20250524,성수,서초,13,13
20250524,성수,서초,14,14
20250524,성수,서초,15,8
20250524,성수,서초,16,10
20250524,성수,서초,17,9
20250524,성수,서초,18,11
20250524,성수,서초,19,10
20250524,성수,서초,20,11
20250524,성수,서초,21,6
20250524,성수,서초,22,3
20250524,성수,서초,23,2
20250524,성수,선릉,5,4
20250524,성수,선릉,6,1
20250524,성수,선릉,7,2
20250524,성수,선릉,8,5
20250524,성수,선릉,9,3
20250524,성수,선릉,10,10
20250524,성수,선릉,11,4
20250524,성수,선릉,12,14
20250524,성수,선릉,13,17
20250524,성수,선릉,14,15
20250524,성수,선릉,15,19
20250524,성수,선릉,16,14
20250524,성수,선릉,17,25
20250524,성수,선릉,18,20
20250524,성수,선릉,19,17
20250524,성수,선릉,20,33
20250524,성수,선릉,21,26
20250524,성수,선릉,22,15
20250524,성수,선릉,23,4
20250524,성수,성수,0,3
20250524,성수,성수,4,1
20250524,성수,성수,5,1
20250524,성수,성수,7,1
20250524,성수,성수,8,1
20250524,성수,성수,9,5
20250524,성수,성수,10,15
20250524,성수,성수,11,13
20250524,성수,성수,12,22
20250524,성수,성수,13,26
20250524,성수,성수,14,17
20250524,성수,성수,15,26
20250524,성수,성수,16,45
20250524,성수,성수,17,35
20250524,성수,성수,18,33
20250524,성수,성수,19,31
20250524,성수,성수,20,43
20250524,성수,성수,21,17
20250524,성수,성수,22,29
20250524,성수,성수,23,44
20250524,성수,시청,5,1
20250524,성수,시청,6,1
20250524,성수,시청,7,3
20250524,성수,시청,8,2
20250524,성수,시청,9,2
20250524,성수,시청,10,7
20250524,성수,시청,11,7
20250524,성수,시청,12,10
20250524,성수,시청,13,16
20250524,성수,시청,14,20
20250524,성수,시청,15,26
20250524,성수,시청,16,27
20250524,성수,시청,17,50
20250524,성수,시청,18,29
20250524,성수,시청,19,23
20250524,성수,시청,20,19
20250524,성수,시청,21,14
20250524,성수,시청,22,7
20250524,성수,시청,23,12
20250524,성수,신당,7,1
20250524,성수,신당,8,4
20250524,성수,신당,9,3
20250524,성수,신당,10,5
20250524,성수,신당,11,16
20250524,성수,신당,12,16
20250524,성수,신당,13,21
20250524,성수,신당,14,16
20250524,성수,신당,15,33
20250524,성수,신당,16,49
20250524,성수,신당,17,37
20250524,성수,신당,18,43
20250524,성수,신당,19,25
20250524,성수,신당,20,44
20250524,성수,신당,21,25
20250524,성수,신당,22,19
20250524,성수,신당,23,8
20250524,성수,신대방,5,2
20250524,성수,신대방,6,1
20250524,성수,신대방,9,2
20250524,성수,신대방,10,2
20250524,성수,신대방,11,1
20250524,성수,신대방,12,1
20250524,성수,신대방,13,2
20250524,성수,신대방,14,6
20250524,성수,신대방,15,13
20250524,성수,신대방,16,9
20250524,성수,신대방,17,6
20250524,성수,신대방,18,4
20250524,성수,신대방,19,14
20250524,성수,신대방,20,20
20250524,성수,신대방,21,15
20250524,성수,신대방,22,13
20250524,성수,신대방,23,3
20250524,성수,신도림,6,1
20250524,성수,신도림,7,2
20250524,성수,신도림,9,2
20250524,성수,신도림,10,5
20250524,성수,신도림,11,7
20250524,성수,신도림,12,3
20250524,성수,신도림,13,5
20250524,성수,신도림,14,16
20250524,성수,신도림,15,23
20250524,성수,신도림,16,26
20250524,성수,신도림,17,28
20250524,성수,신도림,18,18
20250524,성수,신도림,19,16
20250524,성수,신도림,20,20
20250524,성수,신도림,21,30
20250524,성수,신도림,22,19
20250524,성수,신도림,23,15
20250524,성수,신림,5,3
20250524,성수,신림,7,1
20250524,성수,신림,8,2
20250524,성수,신림,9,3
20250524,성수,신림,10,6
20250524,성수,신림,11,2
20250524,성수,신림,12,8
20250524,성수,신림,13,5
20250524,성수,신림,14,9
20250524,성수,신림,15,20
20250524,성수,신림,16,38
20250524,성수,신림,17,31
20250524,성수,신림,18,58
20250524,성수,신림,19,49
20250524,성수,신림,20,58
20250524,성수,신림,21,65
20250524,성수,신림,22,36
20250524,성수,신림,23,6
20250524,성수,신촌,6,1
20250524,성수,신촌,8,6
20250524,성수,신촌,9,8
20250524,성수,신촌,10,7
20250524,성수,신촌,11,13
20250524,성수,신촌,12,17
20250524,성수,신촌,13,34
20250524,성수,신촌,14,44
20250524,성수,신촌,15,51
20250524,성수,신촌,16,44
20250524,성수,신촌,17,74
20250524,성수,신촌,18,67
20250524,성수,신촌,19,64
20250524,성수,신촌,20,64
20250524,성수,신촌,21,60
20250524,성수,신촌,22,30
20250524,성수,신촌,23,21
20250524,성수,아현,5,1
20250524,성수,아현,7,2
20250524,성수,아현,12,3
20250524,성수,아현,13,8
20250524,성수,아현,14,5
20250524,성수,아현,15,16
20250524,성수,아현,16,8
20250524,성수,아현,17,21
20250524,성수,아현,18,6
20250524,성수,아현,19,14
20250524,성수,아현,20,16
20250524,성수,아현,21,12
20250524,성수,아현,22,3
20250524,성수,아현,23,8
20250524,성수,역삼,6,3
20250524,성수,역삼,8,5
20250524,성수,역삼,9,6
20250524,성수,역삼,10,7
20250524,성수,역삼,11,8
20250524,성수,역삼,12,2
20250524,성수,역삼,13,14
20250524,성수,역삼,14,19
20250524,성수,역삼,15,17
20250524,성수,역삼,16,34
20250524,성수,역삼,17,24
20250524,성수,역삼,18,18
20250524,성수,역삼,19,23
20250524,성수,역삼,20,18
20250524,성수,역삼,21,24
20250524,성수,역삼,22,15
20250524,성수,역삼,23,6
20250524,성수,영등포구청,7,4
20250524,성수,영등포구청,8,2
20250524,성수,영등포구청,10,1
20250524,성수,영등포구청,11,1
20250524,성수,영등포구청,12,3
20250524,성수,영등포구청,13,5
20250524,성수,영등포구청,14,5
20250524,성수,영등포구청,15,3
20250524,성수,영등포구청,16,8
20250524,성수,영등포구청,17,9
20250524,성수,영등포구청,18,4
20250524,성수,영등포구청,19,9
20250524,성수,영등포구청,20,8
20250524,성수,영등포구청,21,15
20250524,성수,영등포구청,22,19
20250524,성수,영등포구청,23,3
20250524,성수,왕십리(성동구청),5,2
20250524,성수,왕십리(성동구청),6,2
20250524,성수,왕십리(성동구청),7,6
20250524,성수,왕십리(성동구청),8,5
20250524,성수,왕십리(성동구청),9,20
20250524,성수,왕십리(성동구청),10,20
20250524,성수,왕십리(성동구청),11,19
20250524,성수,왕십리(성동구청),12,24
20250524,성수,왕십리(성동구청),13,37
20250524,성수,왕십리(성동구청),14,26
20250524,성수,왕십리(성동구청),15,42
20250524,성수,왕십리(성동구청),16,59
20250524,성수,왕십리(성동구청),17,47
20250524,성수,왕십리(성동구청),18,68
20250524,성수,왕십리(성동구청),19,58
20250524,성수,왕십리(성동구청),20,55
20250524,성수,왕십리(성동구청),21,43
20250524,성수,왕십리(성동구청),22,41
20250524,성수,왕십리(성동구청),23,16
20250524,성수,용두(동대문구청),5,3
20250524,성수,용두(동대문구청),6,2
20250524,성수,용두(동대문구청),7,3
20250524,성수,용두(동대문구청),8,7
20250524,성수,용두(동대문구청),9,1
20250524,성수,용두(동대문구청),10,18
20250524,성수,용두(동대문구청),11,20
20250524,성수,용두(동대문구청),12,22
20250524,성수,용두(동대문구청),13,16
20250524,성수,용두(동대문구청),14,19
20250524,성수,용두(동대문구청),15,14
20250524,성수,용두(동대문구청),16,26
20250524,성수,용두(동대문구청),17,21
20250524,성수,용두(동대문구청),18,44
20250524,성수,용두(동대문구청),19,18
20250524,성수,용두(동대문구청),20,20
20250524,성수,용두(동대문구청),21,24
20250524,성수,용두(동대문구청),22,12
20250524,성수,용두(동대문구청),23,11
20250524,성수,을지로3가,5,1
20250524,성수,을지로3가,6,3
20250524,성수,을지로3가,7,4
20250524,성수,을지로3가,8,7
20250524,성수,을지로3가,9,4
20250524,성수,을지로3가,10,6
20250524,성수,을지로3가,11,6
20250524,성수,을지로3가,12,14
20250524,성수,을지로3가,13,22
20250524,성수,을지로3가,14,40
20250524,성수,을지로3가,15,57
20250524,성수,을지로3가,16,86
20250524,성수,을지로3가,17,87
20250524,성수,을지로3가,18,66
20250524,성수,을지로3가,19,75
20250524,성수,을지로3가,20,58
20250524,성수,을지로3가,21,55
20250524,성수,을지로3가,22,32
20250524,성수,을지로3가,23,15
20250524,성수,을지로4가,5,1
20250524,성수,을지로4가,6,6
20250524,성수,을지로4가,7,4
20250524,성수,을지로4가,8,4
20250524,성수,을지로4가,9,10
20250524,성수,을지로4가,10,11
20250524,성수,을지로4가,11,10
20250524,성수,을지로4가,12,25
20250524,성수,을지로4가,13,32
20250524,성수,을지로4가,14,50
20250524,성수,을지로4가,15,47
20250524,성수,을지로4가,16,69
20250524,성수,을지로4가,17,61
20250524,성수,을지로4가,18,68
20250524,성수,을지로4가,19,50
20250524,성수,을지로4가,20,60
20250524,성수,을지로4가,21,35
20250524,성수,을지로4가,22,24
20250524,성수,을지로4가,23,9
20250524,성수,을지로입구,5,4
20250524,성수,을지로입구,6,5
20250524,성수,을지로입구,7,3
20250524,성수,을지로입구,8,5
20250524,성수,을지로입구,9,15
20250524,성수,을지로입구,10,23
20250524,성수,을지로입구,11,24
20250524,성수,을지로입구,12,39
20250524,성수,을지로입구,13,65
20250524,성수,을지로입구,14,94
20250524,성수,을지로입구,15,119
20250524,성수,을지로입구,16,137
20250524,성수,을지로입구,17,189
20250524,성수,을지로입구,18,117
20250524,성수,을지로입구,19,142
20250524,성수,을지로입구,20,129
20250524,성수,을지로입구,21,60
20250524,성수,을지로입구,22,32
20250524,성수,을지로입구,23,16
20250524,성수,이대,5,1
20250524,성수,이대,6,1
20250524,성수,이대,7,4
20250524,성수,이대,8,2
20250524,성수,이대,9,2
20250524,성수,이대,10,3
20250524,성수,이대,11,2
20250524,성수,이대,12,9
20250524,성수,이대,13,9
20250524,성수,이대,14,9
20250524,성수,이대,15,15
20250524,성수,이대,16,11
20250524,성수,이대,17,24
20250524,성수,이대,18,25
20250524,성수,이대,19,41
20250524,성수,이대,20,13
20250524,성수,이대,21,22
20250524,성수,이대,22,14
20250524,성수,이대,23,10
20250524,성수,잠실(송파구청),5,2
20250524,성수,잠실(송파구청),6,13
20250524,성수,잠실(송파구청),7,13
20250524,성수,잠실(송파구청),8,16
20250524,성수,잠실(송파구청),9,21
20250524,성수,잠실(송파구청),10,26
20250524,성수,잠실(송파구청),11,43
20250524,성수,잠실(송파구청),12,97
20250524,성수,잠실(송파구청),13,100
20250524,성수,잠실(송파구청),14,172
20250524,성수,잠실(송파구청),15,210
20250524,성수,잠실(송파구청),16,278
20250524,성수,잠실(송파구청),17,240
20250524,성수,잠실(송파구청),18,227
20250524,성수,잠실(송파구청),19,190
20250524,성수,잠실(송파구청),20,230
20250524,성수,잠실(송파구청),21,168
20250524,성수,잠실(송파구청),22,100
20250524,성수,잠실(송파구청),23,55
20250524,성수,잠실나루,5,3
20250524,성수,잠실나루,6,5
20250524,성수,잠실나루,7,3
20250524,성수,잠실나루,8,2
20250524,성수,잠실나루,9,3
20250524,성수,잠실나루,10,2
20250524,성수,잠실나루,11,5
20250524,성수,잠실나루,12,5
20250524,성수,잠실나루,13,8
20250524,성수,잠실나루,14,8
20250524,성수,잠실나루,15,19
20250524,성수,잠실나루,16,15
20250524,성수,잠실나루,17,19
20250524,성수,잠실나루,18,16
20250524,성수,잠실나루,19,19
20250524,성수,잠실나루,20,19
20250524,성수,잠실나루,21,12
20250524,성수,잠실나루,22,16
20250524,성수,잠실나루,23,4
20250524,성수,잠실새내,5,1
20250524,성수,잠실새내,7,2
20250524,성수,잠실새내,8,7
20250524,성수,잠실새내,9,14
20250524,성수,잠실새내,10,4
20250524,성수,잠실새내,11,11
20250524,성수,잠실새내,12,17
20250524,성수,잠실새내,13,14
20250524,성수,잠실새내,14,18
20250524,성수,잠실새내,15,23
20250524,성수,잠실새내,16,38
20250524,성수,잠실새내,17,38
20250524,성수,잠실새내,18,31
20250524,성수,잠실새내,19,27
20250524,성수,잠실새내,20,30
20250524,성수,잠실새내,21,37
20250524,성수,잠실새내,22,16
20250524,성수,잠실새내,23,7
20250524,성수,종합운동장,5,2
20250524,성수,종합운동장,6,5
20250524,성수,종합운동장,8,4
20250524,성수,종합운동장,10,1
20250524,성수,종합운동장,11,5
20250524,성수,종합운동장,12,1
20250524,성수,종합운동장,13,8
20250524,성수,종합운동장,14,17
20250524,성수,종합운동장,15,47
20250524,성수,종합운동장,16,77
20250524,성수,종합운동장,17,19
20250524,성수,종합운동장,18,9
20250524,성수,종합운동장,19,6
20250524,성수,종합운동장,20,5
20250524,성수,종합운동장,21,7
20250524,성수,종합운동장,22,2
20250524,성수,종합운동장,23,3
20250524,성수,충정로(경기대입구),7,3
20250524,성수,충정로(경기대입구),8,1
20250524,성수,충정로(경기대입구),9,3
20250524,성수,충정로(경기대입구),10,1
20250524,성수,충정로(경기대입구),11,2
20250524,성수,충정로(경기대입구),12,7
20250524,성수,충정로(경기대입구),13,6
20250524,성수,충정로(경기대입구),14,5
20250524,성수,충정로(경기대입구),15,4
20250524,성수,충정로(경기대입구),16,12
20250524,성수,충정로(경기대입구),17,10
20250524,성수,충정로(경기대입구),18,17
20250524,성수,충정로(경기대입구),19,4
20250524,성수,충정로(경기대입구),20,12
20250524,성수,충정로(경기대입구),21,10
20250524,성수,충정로(경기대입구),22,7
20250524,성수,충정로(경기대입구),23,6
20250524,성수,한양대,6,2
20250524,성수,한양대,7,2
20250524,성수,한양대,8,4
20250524,성수,한양대,9,7
20250524,성수,한양대,10,8
20250524,성수,한양대,11,7
20250524,성수,한양대,12,8
20250524,성수,한양대,13,7
20250524,성수,한양대,14,10
20250524,성수,한양대,15,24
20250524,성수,한양대,16,16
20250524,성수,한양대,17,16
20250524,성수,한양대,18,29
20250524,성수,한양대,19,17
20250524,성수,한양대,20,19
20250524,성수,한양대,21,21
20250524,성수,한양대,22,12
20250524,성수,한양대,23,5
20250524,성수,합정,7,2
20250524,성수,합정,8,3
20250524,성수,합정,9,6
20250524,성수,합정,10,11
20250524,성수,합정,11,13
20250524,성수,합정,12,17
20250524,성수,합정,13,22
20250524,성수,합정,14,13
20250524,성수,합정,15,45
20250524,성수,합정,16,42
20250524,성수,합정,17,41
20250524,성수,합정,18,35
20250524,성수,합정,19,46
20250524,성수,합정,20,33
20250524,성수,합정,21,32
20250524,성수,합정,22,24
20250524,성수,합정,23,9
20250524,성수,홍대입구,5,1
20250524,성수,홍대입구,6,2
20250524,성수,홍대입구,7,2
20250524,성수,홍대입구,8,2
20250524,성수,홍대입구,9,15
20250524,성수,홍대입구,10,27
20250524,성수,홍대입구,11,38
20250524,성수,홍대입구,12,78
20250524,성수,홍대입구,13,111
20250524,성수,홍대입구,14,147
20250524,성수,홍대입구,15,207
20250524,성수,홍대입구,16,249
20250524,성수,홍대입구,17,214
20250524,성수,홍대입구,18,226
20250524,성수,홍대입구,19,283
20250524,성수,홍대입구,20,185
20250524,성수,홍대입구,21,140
20250524,성수,홍대입구,22,73
20250524,성수,홍대입구,23,38
20250524,시청,강남,8,5
20250524,시청,강남,9,4
20250524,시청,강남,10,7
20250524,시청,강남,11,2
20250524,시청,강남,12,9
20250524,시청,강남,13,9
20250524,시청,강남,14,7
20250524,시청,강남,15,7
20250524,시청,강남,16,4
20250524,시청,강남,17,6
20250524,시청,강남,18,4
20250524,시청,강남,19,4
20250524,시청,강남,20,7
20250524,시청,강남,21,1
20250524,시청,강남,22,5
20250524,시청,강변(동서울터미널),5,1
20250524,시청,강변(동서울터미널),6,5
20250524,시청,강변(동서울터미널),7,2
20250524,시청,강변(동서울터미널),8,1
20250524,시청,강변(동서울터미널),9,9
20250524,시청,강변(동서울터미널),10,5
20250524,시청,강변(동서울터미널),11,8
20250524,시청,강변(동서울터미널),12,11
20250524,시청,강변(동서울터미널),13,10
20250524,시청,강변(동서울터미널),14,21
20250524,시청,강변(동서울터미널),15,26
20250524,시청,강변(동서울터미널),16,21
20250524,시청,강변(동서울터미널),17,23
20250524,시청,강변(동서울터미널),18,12
20250524,시청,강변(동서울터미널),19,6
20250524,시청,강변(동서울터미널),20,15
20250524,시청,강변(동서울터미널),21,13
20250524,시청,강변(동서울터미널),22,10
20250524,시청,강변(동서울터미널),23,2
20250524,시청,건대입구,6,1
20250524,시청,건대입구,7,2
20250524,시청,건대입구,8,3
20250524,시청,건대입구,9,7
20250524,시청,건대입구,10,3
20250524,시청,건대입구,11,19
20250524,시청,건대입구,12,10
20250524,시청,건대입구,13,15
20250524,시청,건대입구,14,15
20250524,시청,건대입구,15,26
20250524,시청,건대입구,16,15
20250524,시청,건대입구,17,39
20250524,시청,건대입구,18,29
20250524,시청,건대입구,19,21
20250524,시청,건대입구,20,26
20250524,시청,건대입구,21,26
20250524,시청,건대입구,22,15
20250524,시청,건대입구,23,4
20250524,시청,교대(법원.검찰청),8,1
20250524,시청,교대(법원.검찰청),9,1
20250524,시청,교대(법원.검찰청),11,1
20250524,시청,교대(법원.검찰청),12,12
20250524,시청,교대(법원.검찰청),13,2
20250524,시청,교대(법원.검찰청),14,6
20250524,시청,교대(법원.검찰청),15,2
20250524,시청,교대(법원.검찰청),16,4
20250524,시청,교대(법원.검찰청),17,1
20250524,시청,교대(법원.검찰청),18,5
20250524,시청,교대(법원.검찰청),19,3
20250524,시청,교대(법원.검찰청),20,1
20250524,시청,교대(법원.검찰청),21,2
20250524,시청,교대(법원.검찰청),22,1
20250524,시청,구로디지털단지,6,1
20250524,시청,구로디지털단지,7,2
20250524,시청,구로디지털단지,8,6
20250524,시청,구로디지털단지,9,3
20250524,시청,구로디지털단지,10,3
20250524,시청,구로디지털단지,11,2
20250524,시청,구로디지털단지,12,9
20250524,시청,구로디지털단지,13,13
20250524,시청,구로디지털단지,14,10
20250524,시청,구로디지털단지,15,24
20250524,시청,구로디지털단지,16,34
20250524,시청,구로디지털단지,17,20
20250524,시청,구로디지털단지,18,17
20250524,시청,구로디지털단지,19,22
20250524,시청,구로디지털단지,20,23
20250524,시청,구로디지털단지,21,36
20250524,시청,구로디지털단지,22,19
20250524,시청,구로디지털단지,23,4
20250524,시청,구의(광진구청),6,1
20250524,시청,구의(광진구청),7,4
20250524,시청,구의(광진구청),8,3
20250524,시청,구의(광진구청),9,3
20250524,시청,구의(광진구청),10,4
20250524,시청,구의(광진구청),11,2
20250524,시청,구의(광진구청),12,8
20250524,시청,구의(광진구청),13,7
20250524,시청,구의(광진구청),14,16
20250524,시청,구의(광진구청),15,17
20250524,시청,구의(광진구청),16,17
20250524,시청,구의(광진구청),17,13
20250524,시청,구의(광진구청),18,11
20250524,시청,구의(광진구청),19,14
20250524,시청,구의(광진구청),20,21
20250524,시청,구의(광진구청),21,12
20250524,시청,구의(광진구청),22,11
20250524,시청,구의(광진구청),23,2
20250524,시청,낙성대,5,1
20250524,시청,낙성대,8,1
20250524,시청,낙성대,10,2
20250524,시청,낙성대,11,4
20250524,시청,낙성대,13,2
20250524,시청,낙성대,14,8
20250524,시청,낙성대,16,18
20250524,시청,낙성대,17,5
20250524,시청,낙성대,18,4
20250524,시청,낙성대,20,16
20250524,시청,낙성대,21,13
20250524,시청,낙성대,22,6
20250524,시청,당산,5,2
20250524,시청,당산,8,5
20250524,시청,당산,9,7
20250524,시청,당산,10,7
20250524,시청,당산,11,8
20250524,시청,당산,12,8
20250524,시청,당산,13,24
20250524,시청,당산,14,17
20250524,시청,당산,15,29
20250524,시청,당산,16,40
20250524,시청,당산,17,37
20250524,시청,당산,18,28
20250524,시청,당산,19,17
20250524,시청,당산,20,44
20250524,시청,당산,21,22
20250524,시청,당산,22,22
20250524,시청,당산,23,9
20250524,시청,대림(구로구청),6,1
20250524,시청,대림(구로구청),8,2
20250524,시청,대림(구로구청),9,2
20250524,시청,대림(구로구청),10,1
20250524,시청,대림(구로구청),11,1
20250524,시청,대림(구로구청),12,5
20250524,시청,대림(구로구청),13,4
20250524,시청,대림(구로구청),14,4
20250524,시청,대림(구로구청),15,15
20250524,시청,대림(구로구청),16,17
20250524,시청,대림(구로구청),17,18
20250524,시청,대림(구로구청),18,15
20250524,시청,대림(구로구청),19,14
20250524,시청,대림(구로구청),20,16
20250524,시청,대림(구로구청),21,22
20250524,시청,대림(구로구청),22,10
20250524,시청,동대문역사문화공원,6,2
20250524,시청,동대문역사문화공원,7,1
20250524,시청,동대문역사문화공원,8,5
20250524,시청,동대문역사문화공원,9,11
20250524,시청,동대문역사문화공원,10,19
20250524,시청,동대문역사문화공원,11,36
20250524,시청,동대문역사문화공원,12,29
20250524,시청,동대문역사문화공원,13,26
20250524,시청,동대문역사문화공원,14,26
20250524,시청,동대문역사문화공원,15,20
20250524,시청,동대문역사문화공원,16,29
20250524,시청,동대문역사문화공원,17,45
20250524,시청,동대문역사문화공원,18,22
20250524,시청,동대문역사문화공원,19,32
20250524,시청,동대문역사문화공원,20,25
20250524,시청,동대문역사문화공원,21,36
20250524,시청,동대문역사문화공원,22,24
20250524,시청,동대문역사문화공원,23,8
20250524,시청,뚝섬,6,1
20250524,시청,뚝섬,7,1
20250524,시청,뚝섬,8,4
20250524,시청,뚝섬,9,7
20250524,시청,뚝섬,10,13
20250524,시청,뚝섬,11,15
20250524,시청,뚝섬,12,23
20250524,시청,뚝섬,13,26
20250524,시청,뚝섬,14,24
20250524,시청,뚝섬,15,29
20250524,시청,뚝섬,16,15
20250524,시청,뚝섬,17,15
20250524,시청,뚝섬,18,17
20250524,시청,뚝섬,19,9
20250524,시청,뚝섬,20,4
20250524,시청,뚝섬,21,7
20250524,시청,뚝섬,22,7
20250524,시청,뚝섬,23,1
20250524,시청,문래,6,1
20250524,시청,문래,7,1
20250524,시청,문래,8,1
20250524,시청,문래,9,3
20250524,시청,문래,10,6
20250524,시청,문래,11,7
20250524,시청,문래,12,5
20250524,시청,문래,13,12
20250524,시청,문래,14,7
20250524,시청,문래,15,20
20250524,시청,문래,16,27
20250524,시청,문래,17,14
20250524,시청,문래,18,23
20250524,시청,문래,19,17
20250524,시청,문래,20,16
20250524,시청,문래,21,13
20250524,시청,문래,22,5
20250524,시청,문래,23,5
20250524,시청,방배,9,1
20250524,시청,방배,12,1
20250524,시청,방배,13,1
20250524,시청,방배,14,1
20250524,시청,방배,15,1
20250524,시청,방배,17,2
20250524,시청,방배,18,2
20250524,시청,방배,20,1
20250524,시청,방배,22,2
20250524,시청,봉천,10,4
20250524,시청,봉천,11,3
20250524,시청,봉천,12,3
20250524,시청,봉천,14,9
20250524,시청,봉천,15,3
20250524,시청,봉천,16,7
20250524,시청,봉천,17,3
20250524,시청,봉천,18,5
20250524,시청,봉천,19,11
20250524,시청,봉천,20,10
20250524,시청,봉천,21,11
20250524,시청,봉천,22,13
20250524,시청,사당,14,2
20250524,시청,사당,15,5
20250524,시청,사당,16,8
20250524,시청,사당,17,9
20250524,시청,사당,18,9
20250524,시청,사당,19,4
20250524,시청,사당,20,4
20250524,시청,사당,21,7
20250524,시청,사당,23,1
20250524,시청,삼성(무역센터),7,1
20250524,시청,삼성(무역센터),8,1
20250524,시청,삼성(무역센터),9,10
20250524,시청,삼성(무역센터),10,2
20250524,시청,삼성(무역센터),11,16
20250524,시청,삼성(무역센터),12,9
20250524,시청,삼성(무역센터),13,5
20250524,시청,삼성(무역센터),14,14
20250524,시청,삼성(무역센터),15,11
20250524,시청,삼성(무역센터),16,13
20250524,시청,삼성(무역센터),17,17
20250524,시청,삼성(무역센터),18,5
20250524,시청,삼성(무역센터),19,9
20250524,시청,삼성(무역센터),20,10
20250524,시청,삼성(무역센터),21,3
20250524,시청,상왕십리,9,3
20250524,시청,상왕십리,10,1
20250524,시청,상왕십리,11,3
20250524,시청,상왕십리,12,11
20250524,시청,상왕십리,13,6
20250524,시청,상왕십리,14,8
20250524,시청,상왕십리,15,13
20250524,시청,상왕십리,16,17
20250524,시청,상왕십리,17,10
20250524,시청,상왕십리,18,7
20250524,시청,상왕십리,19,18
20250524,시청,상왕십리,20,18
20250524,시청,상왕십리,21,25
20250524,시청,상왕십리,22,11
20250524,시청,상왕십리,23,1
20250524,시청,서울대입구(관악구청),10,3
20250524,시청,서울대입구(관악구청),11,2
20250524,시청,서울대입구(관악구청),12,2
20250524,시청,서울대입구(관악구청),13,6
20250524,시청,서울대입구(관악구청),14,7
20250524,시청,서울대입구(관악구청),15,8
20250524,시청,서울대입구(관악구청),16,7
20250524,시청,서울대입구(관악구청),17,15
20250524,시청,서울대입구(관악구청),18,16
20250524,시청,서울대입구(관악구청),19,12
20250524,시청,서울대입구(관악구청),20,15
20250524,시청,서울대입구(관악구청),21,18
20250524,시청,서울대입구(관악구청),22,21
20250524,시청,서울대입구(관악구청),23,3
20250524,시청,서초,11,3
20250524,시청,서초,12,1
20250524,시청,서초,13,2
20250524,시청,서초,14,13
20250524,시청,서초,15,12
20250524,시청,서초,16,15
20250524,시청,서초,17,5
20250524,시청,서초,18,2
20250524,시청,서초,20,1
20250524,시청,서초,22,1
20250524,시청,선릉,6,1
20250524,시청,선릉,11,3
20250524,시청,선릉,12,1
20250524,시청,선릉,13,3
20250524,시청,선릉,14,11
20250524,시청,선릉,15,4
20250524,시청,선릉,16,4
20250524,시청,선릉,17,3
20250524,시청,선릉,18,4
20250524,시청,선릉,19,2
20250524,시청,선릉,20,8
20250524,시청,선릉,21,2
20250524,시청,선릉,22,5
20250524,시청,성수,5,1
20250524,시청,성수,6,4
20250524,시청,성수,7,5
20250524,시청,성수,8,19
20250524,시청,성수,9,35
20250524,시청,성수,10,64
20250524,시청,성수,11,62
20250524,시청,성수,12,47
20250524,시청,성수,13,47
20250524,시청,성수,14,54
20250524,시청,성수,15,32
20250524,시청,성수,16,62
20250524,시청,성수,17,28
20250524,시청,성수,18,22
20250524,시청,성수,19,12
20250524,시청,성수,20,11
20250524,시청,성수,21,4
20250524,시청,성수,23,5
20250524,시청,시청,5,1
20250524,시청,시청,6,3
20250524,시청,시청,7,1
20250524,시청,시청,8,3
20250524,시청,시청,9,2
20250524,시청,시청,10,11
20250524,시청,시청,11,11
20250524,시청,시청,12,7
20250524,시청,시청,13,17
20250524,시청,시청,14,17
20250524,시청,시청,15,9
20250524,시청,시청,16,12
20250524,시청,시청,17,19
20250524,시청,시청,18,7
20250524,시청,시청,19,10
20250524,시청,시청,20,12
20250524,시청,시청,21,4
20250524,시청,시청,22,4
20250524,시청,시청,23,2
20250524,시청,신당,7,6
20250524,시청,신당,8,7
20250524,시청,신당,9,1
20250524,시청,신당,10,4
20250524,시청,신당,11,5
20250524,시청,신당,12,12
20250524,시청,신당,13,9
20250524,시청,신당,14,45
20250524,시청,신당,15,24
20250524,시청,신당,16,32
20250524,시청,신당,17,25
20250524,시청,신당,18,39
20250524,시청,신당,19,22
20250524,시청,신당,20,41
20250524,시청,신당,21,67
20250524,시청,신당,22,27
20250524,시청,신당,23,3
20250524,시청,신대방,6,1
20250524,시청,신대방,7,2
20250524,시청,신대방,8,1
20250524,시청,신대방,10,3
20250524,시청,신대방,11,4
20250524,시청,신대방,12,4
20250524,시청,신대방,13,8
20250524,시청,신대방,14,5
20250524,시청,신대방,15,19
20250524,시청,신대방,16,22
20250524,시청,신대방,17,16
20250524,시청,신대방,18,8
20250524,시청,신대방,19,10
20250524,시청,신대방,20,20
20250524,시청,신대방,21,11
20250524,시청,신대방,22,9
20250524,시청,신대방,23,3
20250524,시청,신도림,9,2
20250524,시청,신도림,10,4
20250524,시청,신도림,11,7
20250524,시청,신도림,12,4
20250524,시청,신도림,13,8
20250524,시청,신도림,14,12
20250524,시청,신도림,15,9
20250524,시청,신도림,16,21
20250524,시청,신도림,17,20
20250524,시청,신도림,18,8
20250524,시청,신도림,19,10
20250524,시청,신도림,20,17
20250524,시청,신도림,21,15
20250524,시청,신도림,22,15
20250524,시청,신도림,23,6
20250524,시청,신림,5,1
20250524,시청,신림,6,2
20250524,시청,신림,7,2
20250524,시청,신림,8,3
20250524,시청,신림,9,2
20250524,시청,신림,10,1
20250524,시청,신림,11,3
20250524,시청,신림,12,4
20250524,시청,신림,13,6
20250524,시청,신림,14,22
20250524,시청,신림,15,20
20250524,시청,신림,16,31
20250524,시청,신림,17,27
20250524,시청,신림,18,14
20250524,시청,신림,19,18
20250524,시청,신림,20,30
20250524,시청,신림,21,37
20250524,시청,신림,22,24
20250524,시청,신림,23,2
20250524,시청,신촌,6,1
20250524,시청,신촌,7,2
20250524,시청,신촌,8,4
20250524,시청,신촌,9,11
20250524,시청,신촌,10,14
20250524,시청,신촌,11,17
20250524,시청,신촌,12,33
20250524,시청,신촌,13,21
20250524,시청,신촌,14,34
20250524,시청,신촌,15,42
20250524,시청,신촌,16,54
20250524,시청,신촌,17,83
20250524,시청,신촌,18,78
20250524,시청,신촌,19,37
20250524,시청,신촌,20,28
20250524,시청,신촌,21,36
20250524,시청,신촌,22,24
20250524,시청,신촌,23,10
20250524,시청,아현,6,4
20250524,시청,아현,7,1
20250524,시청,아현,8,4
20250524,시청,아현,9,7
20250524,시청,아현,10,4
20250524,시청,아현,11,4
20250524,시청,아현,12,17
20250524,시청,아현,13,10
20250524,시청,아현,14,37
20250524,시청,아현,15,25
20250524,시청,아현,16,28
20250524,시청,아현,17,24
20250524,시청,아현,18,16
20250524,시청,아현,19,16
20250524,시청,아현,20,15
20250524,시청,아현,21,19
20250524,시청,아현,22,18
20250524,시청,아현,23,2
20250524,시청,역삼,8,1
20250524,시청,역삼,9,2
20250524,시청,역삼,11,5
20250524,시청,역삼,12,1
20250524,시청,역삼,13,1
20250524,시청,역삼,14,2
20250524,시청,역삼,15,6
20250524,시청,역삼,16,9
20250524,시청,역삼,17,1
20250524,시청,역삼,18,2
20250524,시청,역삼,19,4
20250524,시청,역삼,20,2
20250524,시청,역삼,21,2
20250524,시청,역삼,22,4
20250524,시청,영등포구청,6,1
20250524,시청,영등포구청,8,2
20250524,시청,영등포구청,9,3
20250524,시청,영등포구청,10,1
20250524,시청,영등포구청,11,6
20250524,시청,영등포구청,12,10
20250524,시청,영등포구청,13,13
20250524,시청,영등포구청,14,22
20250524,시청,영등포구청,15,16
20250524,시청,영등포구청,16,20
20250524,시청,영등포구청,17,13
20250524,시청,영등포구청,18,15
20250524,시청,영등포구청,19,15
20250524,시청,영등포구청,20,14
20250524,시청,영등포구청,21,20
20250524,시청,영등포구청,22,7
20250524,시청,영등포구청,23,1
20250524,시청,왕십리(성동구청),8,4
20250524,시청,왕십리(성동구청),9,2
20250524,시청,왕십리(성동구청),10,5
20250524,시청,왕십리(성동구청),11,13
20250524,시청,왕십리(성동구청),12,1
20250524,시청,왕십리(성동구청),13,18
20250524,시청,왕십리(성동구청),14,18
20250524,시청,왕십리(성동구청),15,12
20250524,시청,왕십리(성동구청),16,17
20250524,시청,왕십리(성동구청),17,23
20250524,시청,왕십리(성동구청),18,14
20250524,시청,왕십리(성동구청),19,19
20250524,시청,왕십리(성동구청),20,15
20250524,시청,왕십리(성동구청),21,12
20250524,시청,왕십리(성동구청),22,6
20250524,시청,왕십리(성동구청),23,2
20250524,시청,용두(동대문구청),13,2
20250524,시청,용두(동대문구청),14,1
20250524,시청,용두(동대문구청),21,1
20250524,시청,을지로3가,5,1
20250524,시청,을지로3가,6,3
20250524,시청,을지로3가,8,6
20250524,시청,을지로3가,9,3
20250524,시청,을지로3가,10,10
20250524,시청,을지로3가,11,21
20250524,시청,을지로3가,12,14
20250524,시청,을지로3가,13,18
20250524,시청,을지로3가,14,27
20250524,시청,을지로3가,15,18
20250524,시청,을지로3가,16,35
20250524,시청,을지로3가,17,28
20250524,시청,을지로3가,18,23
20250524,시청,을지로3가,19,18
20250524,시청,을지로3가,20,48
20250524,시청,을지로3가,21,29
20250524,시청,을지로3가,22,8
20250524,시청,을지로3가,23,2
20250524,시청,을지로4가,7,1
20250524,시청,을지로4가,8,4
20250524,시청,을지로4가,9,15
20250524,시청,을지로4가,10,20
20250524,시청,을지로4가,11,7
20250524,시청,을지로4가,12,21
20250524,시청,을지로4가,13,11
20250524,시청,을지로4가,14,22
20250524,시청,을지로4가,15,19
20250524,시청,을지로4가,16,20
20250524,시청,을지로4가,17,21
20250524,시청,을지로4가,18,21
20250524,시청,을지로4가,19,13
20250524,시청,을지로4가,20,30
20250524,시청,을지로4가,21,25
20250524,시청,을지로4가,22,5
20250524,시청,을지로4가,23,4
20250524,시청,을지로입구,8,2
20250524,시청,을지로입구,9,8
20250524,시청,을지로입구,10,16
20250524,시청,을지로입구,11,39
20250524,시청,을지로입구,12,33
20250524,시청,을지로입구,13,24
20250524,시청,을지로입구,14,18
20250524,시청,을지로입구,15,21
20250524,시청,을지로입구,16,39
20250524,시청,을지로입구,17,26
20250524,시청,을지로입구,18,25
20250524,시청,을지로입구,19,20
20250524,시청,을지로입구,20,15
20250524,시청,을지로입구,21,19
20250524,시청,을지로입구,22,4
20250524,시청,을지로입구,23,3
20250524,시청,이대,8,2
20250524,시청,이대,9,7
20250524,시청,이대,10,9
20250524,시청,이대,11,17
20250524,시청,이대,12,7
20250524,시청,이대,13,13
20250524,시청,이대,14,21
20250524,시청,이대,15,23
20250524,시청,이대,16,18
20250524,시청,이대,17,25
20250524,시청,이대,18,16
20250524,시청,이대,19,15
20250524,시청,이대,20,32
20250524,시청,이대,21,19
20250524,시청,이대,22,7
20250524,시청,이대,23,2
20250524,시청,잠실(송파구청),5,4
20250524,시청,잠실(송파구청),6,3
20250524,시청,잠실(송파구청),7,7
20250524,시청,잠실(송파구청),8,6
20250524,시청,잠실(송파구청),9,27
20250524,시청,잠실(송파구청),10,21
20250524,시청,잠실(송파구청),11,25
20250524,시청,잠실(송파구청),12,32
20250524,시청,잠실(송파구청),13,26
20250524,시청,잠실(송파구청),14,44
20250524,시청,잠실(송파구청),15,34
20250524,시청,잠실(송파구청),16,62
20250524,시청,잠실(송파구청),17,36
20250524,시청,잠실(송파구청),18,48
20250524,시청,잠실(송파구청),19,27
20250524,시청,잠실(송파구청),20,44
20250524,시청,잠실(송파구청),21,36
20250524,시청,잠실(송파구청),22,12
20250524,시청,잠실(송파구청),23,4
20250524,시청,잠실나루,5,1
20250524,시청,잠실나루,6,1
20250524,시청,잠실나루,8,3
20250524,시청,잠실나루,10,4
20250524,시청,잠실나루,11,2
20250524,시청,잠실나루,12,9
20250524,시청,잠실나루,13,5
20250524,시청,잠실나루,14,17
20250524,시청,잠실나루,15,7
20250524,시청,잠실나루,16,7
20250524,시청,잠실나루,17,11
20250524,시청,잠실나루,18,9
20250524,시청,잠실나루,19,6
20250524,시청,잠실나루,20,10
20250524,시청,잠실나루,21,8
20250524,시청,잠실나루,22,9
20250524,시청,잠실나루,23,3
20250524,시청,잠실새내,9,3
20250524,시청,잠실새내,10,3
20250524,시청,잠실새내,11,3
20250524,시청,잠실새내,12,7
20250524,시청,잠실새내,13,14
20250524,시청,잠실새내,14,10
20250524,시청,잠실새내,15,10
20250524,시청,잠실새내,16,10
20250524,시청,잠실새내,17,12
20250524,시청,잠실새내,18,10
20250524,시청,잠실새내,19,8
20250524,시청,잠실새내,20,20
20250524,시청,잠실새내,21,23
20250524,시청,잠실새내,22,8
20250524,시청,종합운동장,7,1
20250524,시청,종합운동장,8,2
20250524,시청,종합운동장,9,1
20250524,시청,종합운동장,10,2
20250524,시청,종합운동장,11,2
20250524,시청,종합운동장,12,3
20250524,시청,종합운동장,13,4
20250524,시청,종합운동장,14,10
20250524,시청,종합운동장,15,24
20250524,시청,종합운동장,16,8
20250524,시청,종합운동장,17,3
20250524,시청,종합운동장,18,1
20250524,시청,종합운동장,19,4
20250524,시청,종합운동장,20,3
20250524,시청,종합운동장,21,5
20250524,시청,충정로(경기대입구),7,6
20250524,시청,충정로(경기대입구),8,2
20250524,시청,충정로(경기대입구),9,3
20250524,시청,충정로(경기대입구),10,6
20250524,시청,충정로(경기대입구),11,5
20250524,시청,충정로(경기대입구),12,2
20250524,시청,충정로(경기대입구),13,10
20250524,시청,충정로(경기대입구),14,2
20250524,시청,충정로(경기대입구),15,8
20250524,시청,충정로(경기대입구),16,14
20250524,시청,충정로(경기대입구),17,18
20250524,시청,충정로(경기대입구),18,16
20250524,시청,충정로(경기대입구),19,21
20250524,시청,충정로(경기대입구),20,15
20250524,시청,충정로(경기대입구),21,7
20250524,시청,충정로(경기대입구),22,4
20250524,시청,충정로(경기대입구),23,2
20250524,시청,한양대,7,3
20250524,시청,한양대,8,3
20250524,시청,한양대,9,2
20250524,시청,한양대,10,2
20250524,시청,한양대,11,3
20250524,시청,한양대,12,4
20250524,시청,한양대,13,4
20250524,시청,한양대,14,3
20250524,시청,한양대,15,2
20250524,시청,한양대,16,8
20250524,시청,한양대,17,4
20250524,시청,한양대,18,5
20250524,시청,한양대,20,3
20250524,시청,한양대,21,3
20250524,시청,한양대,22,4
20250524,시청,합정,5,2
20250524,시청,합정,6,1
20250524,시청,합정,7,1
20250524,시청,합정,8,1
20250524,시청,합정,9,4
20250524,시청,합정,10,11
20250524,시청,합정,11,43
20250524,시청,합정,12,35
20250524,시청,합정,13,24
20250524,시청,합정,14,38
20250524,시청,합정,15,24
20250524,시청,합정,16,44
20250524,시청,합정,17,45
20250524,시청,합정,18,47
20250524,시청,합정,19,22
20250524,시청,합정,20,12
20250524,시청,합정,21,30
20250524,시청,합정,22,18
20250524,시청,합정,23,4
20250524,시청,홍대입구,5,2
20250524,시청,홍대입구,7,9
20250524,시청,홍대입구,8,3
20250524,시청,홍대입구,9,44
20250524,시청,홍대입구,10,68
20250524,시청,홍대입구,11,92
20250524,시청,홍대입구,12,95
20250524,시청,홍대입구,13,94
20250524,시청,홍대입구,14,117
20250524,시청,홍대입구,15,100
20250524,시청,홍대입구,16,152
20250524,시청,홍대입구,17,145
20250524,시청,홍대입구,18,155
20250524,시청,홍대입구,19,109
20250524,시청,홍대입구,20,94
20250524,시청,홍대입구,21,57
20250524,시청,홍대입구,22,52
20250524,시청,홍대입구,23,25
20250524,신당,강남,5,3
20250524,신당,강남,6,2
20250524,신당,강남,7,4
20250524,신당,강남,8,15
20250524,신당,강남,9,10
20250524,신당,강남,10,12
20250524,신당,강남,11,12
20250524,신당,강남,12,14
20250524,신당,강남,13,9
20250524,신당,강남,14,11
20250524,신당,강남,15,6
20250524,신당,강남,16,7
20250524,신당,강남,17,9
20250524,신당,강남,18,7
20250524,신당,강남,19,5
20250524,신당,강남,20,8
20250524,신당,강남,21,3
20250524,신당,강남,22,5
20250524,신당,강남,23,2
20250524,신당,강변(동서울터미널),5,5
20250524,신당,강변(동서울터미널),6,5
20250524,신당,강변(동서울터미널),7,9
20250524,신당,강변(동서울터미널),8,12
20250524,신당,강변(동서울터미널),9,9
20250524,신당,강변(동서울터미널),10,11
20250524,신당,강변(동서울터미널),11,14
20250524,신당,강변(동서울터미널),12,14
20250524,신당,강변(동서울터미널),13,19
20250524,신당,강변(동서울터미널),14,8
20250524,신당,강변(동서울터미널),15,12
20250524,신당,강변(동서울터미널),16,9
20250524,신당,강변(동서울터미널),17,15
20250524,신당,강변(동서울터미널),18,20
20250524,신당,강변(동서울터미널),19,12
20250524,신당,강변(동서울터미널),20,8
20250524,신당,강변(동서울터미널),21,5
20250524,신당,강변(동서울터미널),22,5
20250524,신당,건대입구,5,5
20250524,신당,건대입구,6,2
20250524,신당,건대입구,7,9
20250524,신당,건대입구,8,5
20250524,신당,건대입구,9,8
20250524,신당,건대입구,10,24
20250524,신당,건대입구,11,16
20250524,신당,건대입구,12,16
20250524,신당,건대입구,13,18
20250524,신당,건대입구,14,24
20250524,신당,건대입구,15,16
20250524,신당,건대입구,16,27
20250524,신당,건대입구,17,41
20250524,신당,건대입구,18,30
20250524,신당,건대입구,19,28
20250524,신당,건대입구,20,29
20250524,신당,건대입구,21,28
20250524,신당,건대입구,22,22
20250524,신당,건대입구,23,8
20250524,신당,교대(법원.검찰청),5,2
20250524,신당,교대(법원.검찰청),6,1
20250524,신당,교대(법원.검찰청),7,1
20250524,신당,교대(법원.검찰청),8,1
20250524,신당,교대(법원.검찰청),10,3
20250524,신당,교대(법원.검찰청),11,1
20250524,신당,교대(법원.검찰청),12,2
20250524,신당,교대(법원.검찰청),13,1
20250524,신당,교대(법원.검찰청),15,4
20250524,신당,교대(법원.검찰청),16,2
20250524,신당,교대(법원.검찰청),17,2
20250524,신당,교대(법원.검찰청),18,1
20250524,신당,교대(법원.검찰청),19,3
20250524,신당,교대(법원.검찰청),20,2
20250524,신당,구로디지털단지,5,4
20250524,신당,구로디지털단지,6,1
20250524,신당,구로디지털단지,7,2
20250524,신당,구로디지털단지,8,2
20250524,신당,구로디지털단지,9,4
20250524,신당,구로디지털단지,10,5
20250524,신당,구로디지털단지,11,8
20250524,신당,구로디지털단지,12,3
20250524,신당,구로디지털단지,13,12
20250524,신당,구로디지털단지,14,5
20250524,신당,구로디지털단지,15,8
20250524,신당,구로디지털단지,16,7
20250524,신당,구로디지털단지,17,12
20250524,신당,구로디지털단지,18,9
20250524,신당,구로디지털단지,19,3
20250524,신당,구로디지털단지,20,9
20250524,신당,구로디지털단지,21,8
20250524,신당,구로디지털단지,22,3
20250524,신당,구로디지털단지,23,3
20250524,신당,구의(광진구청),5,2
20250524,신당,구의(광진구청),6,3
20250524,신당,구의(광진구청),7,5
20250524,신당,구의(광진구청),8,8
20250524,신당,구의(광진구청),9,6
20250524,신당,구의(광진구청),10,13
20250524,신당,구의(광진구청),11,9
20250524,신당,구의(광진구청),12,9
20250524,신당,구의(광진구청),13,16
20250524,신당,구의(광진구청),14,17
20250524,신당,구의(광진구청),15,23
20250524,신당,구의(광진구청),16,17
20250524,신당,구의(광진구청),17,21
20250524,신당,구의(광진구청),18,15
20250524,신당,구의(광진구청),19,16
20250524,신당,구의(광진구청),20,13
20250524,신당,구의(광진구청),21,14
20250524,신당,구의(광진구청),22,8
20250524,신당,구의(광진구청),23,4
20250524,신당,낙성대,9,1
20250524,신당,낙성대,11,2
20250524,신당,낙성대,12,2
20250524,신당,낙성대,13,1
20250524,신당,낙성대,14,1
20250524,신당,낙성대,15,1
20250524,신당,낙성대,16,3
20250524,신당,낙성대,17,4
20250524,신당,낙성대,18,1
20250524,신당,낙성대,19,3
20250524,신당,낙성대,21,2
20250524,신당,낙성대,22,3
20250524,신당,낙성대,23,1
20250524,신당,당산,5,1
20250524,신당,당산,6,1
20250524,신당,당산,7,3
20250524,신당,당산,8,3
20250524,신당,당산,9,5
20250524,신당,당산,10,7
20250524,신당,당산,11,5
20250524,신당,당산,12,8
20250524,신당,당산,13,8
20250524,신당,당산,14,7
20250524,신당,당산,15,10
20250524,신당,당산,16,4
20250524,신당,당산,17,11
20250524,신당,당산,18,7
20250524,신당,당산,19,9
20250524,신당,당산,20,6
20250524,신당,당산,21,10
20250524,신당,당산,22,6
20250524,신당,당산,23,7
20250524,신당,대림(구로구청),6,1
20250524,신당,대림(구로구청),8,5
20250524,신당,대림(구로구청),9,4
20250524,신당,대림(구로구청),10,2
20250524,신당,대림(구로구청),11,9
20250524,신당,대림(구로구청),12,3
20250524,신당,대림(구로구청),13,4
20250524,신당,대림(구로구청),14,11
20250524,신당,대림(구로구청),15,6
20250524,신당,대림(구로구청),16,6
20250524,신당,대림(구로구청),17,9
20250524,신당,대림(구로구청),18,8
20250524,신당,대림(구로구청),20,2
20250524,신당,대림(구로구청),21,9
20250524,신당,대림(구로구청),22,4
20250524,신당,동대문역사문화공원,5,1
20250524,신당,동대문역사문화공원,6,7
20250524,신당,동대문역사문화공원,7,6
20250524,신당,동대문역사문화공원,8,11
20250524,신당,동대문역사문화공원,9,16
20250524,신당,동대문역사문화공원,10,34
20250524,신당,동대문역사문화공원,11,27
20250524,신당,동대문역사문화공원,12,20
20250524,신당,동대문역사문화공원,13,36
20250524,신당,동대문역사문화공원,14,20
20250524,신당,동대문역사문화공원,15,25
20250524,신당,동대문역사문화공원,16,28
20250524,신당,동대문역사문화공원,17,23
20250524,신당,동대문역사문화공원,18,25
20250524,신당,동대문역사문화공원,19,23
20250524,신당,동대문역사문화공원,20,18
20250524,신당,동대문역사문화공원,21,11
20250524,신당,동대문역사문화공원,22,3
20250524,신당,동대문역사문화공원,23,7
20250524,신당,뚝섬,5,2
20250524,신당,뚝섬,6,2
20250524,신당,뚝섬,7,1
20250524,신당,뚝섬,8,8
20250524,신당,뚝섬,9,15
20250524,신당,뚝섬,10,18
20250524,신당,뚝섬,11,12
20250524,신당,뚝섬,12,19
20250524,신당,뚝섬,13,19
20250524,신당,뚝섬,14,23
20250524,신당,뚝섬,15,25
20250524,신당,뚝섬,16,17
20250524,신당,뚝섬,17,17
20250524,신당,뚝섬,18,11
20250524,신당,뚝섬,19,13
20250524,신당,뚝섬,20,7
20250524,신당,뚝섬,21,3
20250524,신당,뚝섬,22,4
20250524,신당,뚝섬,23,5
20250524,신당,문래,5,2
20250524,신당,문래,6,1
20250524,신당,문래,7,2
20250524,신당,문래,8,3
20250524,신당,문래,9,1
20250524,신당,문래,10,6
20250524,신당,문래,11,7
20250524,신당,문래,12,4
20250524,신당,문래,13,3
20250524,신당,문래,14,6
20250524,신당,문래,15,4
20250524,신당,문래,16,5
20250524,신당,문래,17,10
20250524,신당,문래,18,2
20250524,신당,문래,19,5
20250524,신당,문래,20,2
20250524,신당,문래,21,3
20250524,신당,문래,22,1
20250524,신당,문래,23,2
20250524,신당,방배,5,1
20250524,신당,방배,9,1
20250524,신당,방배,11,2
20250524,신당,방배,12,1
20250524,신당,방배,14,2
20250524,신당,방배,15,1
20250524,신당,방배,16,2
20250524,신당,방배,17,1
20250524,신당,방배,18,1
20250524,신당,방배,20,1
20250524,신당,방배,21,1
20250524,신당,방배,22,1
20250524,신당,방배,23,1
20250524,신당,봉천,6,1
20250524,신당,봉천,10,3
20250524,신당,봉천,11,1
20250524,신당,봉천,12,3
20250524,신당,봉천,13,1
20250524,신당,봉천,14,3
20250524,신당,봉천,16,1
20250524,신당,봉천,17,3
20250524,신당,봉천,18,4
20250524,신당,봉천,19,3
20250524,신당,봉천,21,3
20250524,신당,봉천,22,1
20250524,신당,봉천,23,1
20250524,신당,사당,5,1
20250524,신당,사당,6,1
20250524,신당,사당,7,1
20250524,신당,사당,8,1
20250524,신당,사당,9,1
20250524,신당,사당,10,1
20250524,신당,사당,11,2
20250524,신당,사당,12,2
20250524,신당,사당,13,4
20250524,신당,사당,14,3
20250524,신당,사당,15,1
20250524,신당,사당,16,2
20250524,신당,사당,17,2
20250524,신당,사당,18,6
20250524,신당,사당,19,1
20250524,신당,사당,21,1
20250524,신당,사당,22,5
20250524,신당,사당,23,1
20250524,신당,삼성(무역센터),5,3
20250524,신당,삼성(무역센터),6,11
20250524,신당,삼성(무역센터),7,3
20250524,신당,삼성(무역센터),8,7
20250524,신당,삼성(무역센터),9,20
20250524,신당,삼성(무역센터),10,5
20250524,신당,삼성(무역센터),11,18
20250524,신당,삼성(무역센터),12,12
20250524,신당,삼성(무역센터),13,9
20250524,신당,삼성(무역센터),14,7
20250524,신당,삼성(무역센터),15,12
20250524,신당,삼성(무역센터),16,13
20250524,신당,삼성(무역센터),17,4
20250524,신당,삼성(무역센터),18,2
20250524,신당,삼성(무역센터),19,1
20250524,신당,삼성(무역센터),20,2
20250524,신당,삼성(무역센터),23,2
20250524,신당,상왕십리,6,2
20250524,신당,상왕십리,7,3
20250524,신당,상왕십리,8,3
20250524,신당,상왕십리,9,11
20250524,신당,상왕십리,10,11
20250524,신당,상왕십리,11,13
20250524,신당,상왕십리,12,14
20250524,신당,상왕십리,13,17
20250524,신당,상왕십리,14,14
20250524,신당,상왕십리,15,18
20250524,신당,상왕십리,16,23
20250524,신당,상왕십리,17,21
20250524,신당,상왕십리,18,15
20250524,신당,상왕십리,19,12
20250524,신당,상왕십리,20,8
20250524,신당,상왕십리,21,6
20250524,신당,상왕십리,22,5
20250524,신당,상왕십리,23,1
20250524,신당,서울대입구(관악구청),5,1
20250524,신당,서울대입구(관악구청),7,2
20250524,신당,서울대입구(관악구청),8,2
20250524,신당,서울대입구(관악구청),9,3
20250524,신당,서울대입구(관악구청),10,2
20250524,신당,서울대입구(관악구청),11,2
20250524,신당,서울대입구(관악구청),12,1
20250524,신당,서울대입구(관악구청),13,6
20250524,신당,서울대입구(관악구청),14,3
20250524,신당,서울대입구(관악구청),15,6
20250524,신당,서울대입구(관악구청),16,5
20250524,신당,서울대입구(관악구청),17,3
20250524,신당,서울대입구(관악구청),18,3
20250524,신당,서울대입구(관악구청),19,3
20250524,신당,서울대입구(관악구청),20,1
20250524,신당,서울대입구(관악구청),21,4
20250524,신당,서울대입구(관악구청),22,2
20250524,신당,서울대입구(관악구청),23,3
20250524,신당,서초,5,1
20250524,신당,서초,7,2
20250524,신당,서초,10,1
20250524,신당,서초,11,2
20250524,신당,서초,12,1
20250524,신당,서초,13,1
20250524,신당,서초,14,1
20250524,신당,선릉,5,2
20250524,신당,선릉,6,3
20250524,신당,선릉,7,1
20250524,신당,선릉,8,8
20250524,신당,선릉,9,6
20250524,신당,선릉,10,2
20250524,신당,선릉,11,2
20250524,신당,선릉,12,3
20250524,신당,선릉,13,3
20250524,신당,선릉,14,4
20250524,신당,선릉,15,6
20250524,신당,선릉,16,1
20250524,신당,선릉,17,1
20250524,신당,선릉,18,2
20250524,신당,선릉,19,2
20250524,신당,선릉,20,2
20250524,신당,선릉,21,3
20250524,신당,선릉,22,2
20250524,신당,성수,5,4
20250524,신당,성수,6,4
20250524,신당,성수,7,5
20250524,신당,성수,8,13
20250524,신당,성수,9,18
20250524,신당,성수,10,25
20250524,신당,성수,11,25
20250524,신당,성수,12,21
20250524,신당,성수,13,32
20250524,신당,성수,14,41
20250524,신당,성수,15,34
20250524,신당,성수,16,34
20250524,신당,성수,17,27
20250524,신당,성수,18,23
20250524,신당,성수,19,18
20250524,신당,성수,20,6
20250524,신당,성수,21,5
20250524,신당,성수,22,7
20250524,신당,성수,23,6
20250524,신당,시청,5,5
20250524,신당,시청,6,5
20250524,신당,시청,7,4
20250524,신당,시청,8,6
20250524,신당,시청,9,11
20250524,신당,시청,10,10
20250524,신당,시청,11,9
20250524,신당,시청,12,19
20250524,신당,시청,13,36
20250524,신당,시청,14,33
20250524,신당,시청,15,32
20250524,신당,시청,16,35
20250524,신당,시청,17,37
20250524,신당,시청,18,24
20250524,신당,시청,19,21
20250524,신당,시청,20,13
20250524,신당,시청,21,6
20250524,신당,시청,22,1
20250524,신당,시청,23,2
20250524,신당,신당,5,4
20250524,신당,신당,6,9
20250524,신당,신당,7,4
20250524,신당,신당,8,6
20250524,신당,신당,9,7
20250524,신당,신당,10,14
20250524,신당,신당,11,8
20250524,신당,신당,12,11
20250524,신당,신당,13,37
20250524,신당,신당,14,13
20250524,신당,신당,15,18
20250524,신당,신당,16,17
20250524,신당,신당,17,25
20250524,신당,신당,18,20
20250524,신당,신당,19,24
20250524,신당,신당,20,21
20250524,신당,신당,21,13
20250524,신당,신당,22,12
20250524,신당,신당,23,15
20250524,신당,신대방,5,1
20250524,신당,신대방,7,2
20250524,신당,신대방,8,3
20250524,신당,신대방,9,1
20250524,신당,신대방,10,3
20250524,신당,신대방,11,3
20250524,신당,신대방,12,2
20250524,신당,신대방,13,5
20250524,신당,신대방,14,6
20250524,신당,신대방,15,9
20250524,신당,신대방,16,3
20250524,신당,신대방,17,2
20250524,신당,신대방,18,5
20250524,신당,신대방,19,3
20250524,신당,신대방,21,2
20250524,신당,신대방,22,4
20250524,신당,신대방,23,1
20250524,신당,신도림,5,4
20250524,신당,신도림,6,2
20250524,신당,신도림,7,1
20250524,신당,신도림,8,2
20250524,신당,신도림,9,4
20250524,신당,신도림,10,2
20250524,신당,신도림,11,9
20250524,신당,신도림,12,12
20250524,신당,신도림,13,16
20250524,신당,신도림,14,10
20250524,신당,신도림,15,8
20250524,신당,신도림,16,5
20250524,신당,신도림,17,7
20250524,신당,신도림,18,9
20250524,신당,신도림,19,5
20250524,신당,신도림,20,9
20250524,신당,신도림,21,9
20250524,신당,신도림,22,4
20250524,신당,신도림,23,9
20250524,신당,신림,5,1
20250524,신당,신림,9,4
20250524,신당,신림,10,2
20250524,신당,신림,11,5
20250524,신당,신림,12,3
20250524,신당,신림,13,10
20250524,신당,신림,14,4
20250524,신당,신림,15,2
20250524,신당,신림,16,5
20250524,신당,신림,17,14
20250524,신당,신림,18,3
20250524,신당,신림,20,5
20250524,신당,신림,21,8
20250524,신당,신림,22,13
20250524,신당,신촌,6,6
20250524,신당,신촌,7,9
20250524,신당,신촌,8,18
20250524,신당,신촌,9,33
20250524,신당,신촌,10,25
20250524,신당,신촌,11,21
20250524,신당,신촌,12,28
20250524,신당,신촌,13,50
20250524,신당,신촌,14,28
20250524,신당,신촌,15,14
20250524,신당,신촌,16,20
20250524,신당,신촌,17,33
20250524,신당,신촌,18,19
20250524,신당,신촌,19,8
20250524,신당,신촌,20,7
20250524,신당,신촌,21,7
20250524,신당,신촌,22,15
20250524,신당,신촌,23,2
20250524,신당,아현,5,1
20250524,신당,아현,6,1
20250524,신당,아현,7,4
20250524,신당,아현,8,3
20250524,신당,아현,9,7
20250524,신당,아현,10,7
20250524,신당,아현,11,4
20250524,신당,아현,12,4
20250524,신당,아현,13,13
20250524,신당,아현,14,7
20250524,신당,아현,15,8
20250524,신당,아현,16,7
20250524,신당,아현,17,6
20250524,신당,아현,18,9
20250524,신당,아현,19,5
20250524,신당,아현,20,5
20250524,신당,아현,21,6
20250524,신당,아현,22,6
20250524,신당,아현,23,4
20250524,신당,역삼,7,3
20250524,신당,역삼,8,10
20250524,신당,역삼,9,5
20250524,신당,역삼,10,4
20250524,신당,역삼,12,5
20250524,신당,역삼,13,5
20250524,신당,역삼,15,2
20250524,신당,역삼,16,1
20250524,신당,역삼,17,5
20250524,신당,역삼,19,6
20250524,신당,역삼,22,2
20250524,신당,영등포구청,6,1
20250524,신당,영등포구청,7,1
20250524,신당,영등포구청,8,3
20250524,신당,영등포구청,10,6
20250524,신당,영등포구청,11,7
20250524,신당,영등포구청,13,7
20250524,신당,영등포구청,14,6
20250524,신당,영등포구청,15,7
20250524,신당,영등포구청,16,3
20250524,신당,영등포구청,17,3
20250524,신당,영등포구청,18,3
20250524,신당,영등포구청,19,2
20250524,신당,영등포구청,20,1
20250524,신당,영등포구청,21,2
20250524,신당,영등포구청,22,3
20250524,신당,영등포구청,23,2
20250524,신당,왕십리(성동구청),6,6
20250524,신당,왕십리(성동구청),7,2
20250524,신당,왕십리(성동구청),8,7
20250524,신당,왕십리(성동구청),9,8
20250524,신당,왕십리(성동구청),10,14
20250524,신당,왕십리(성동구청),11,18
20250524,신당,왕십리(성동구청),12,22
20250524,신당,왕십리(성동구청),13,24
20250524,신당,왕십리(성동구청),14,19
20250524,신당,왕십리(성동구청),15,28
20250524,신당,왕십리(성동구청),16,32
20250524,신당,왕십리(성동구청),17,18
20250524,신당,왕십리(성동구청),18,28
20250524,신당,왕십리(성동구청),19,15
20250524,신당,왕십리(성동구청),20,13
20250524,신당,왕십리(성동구청),21,11
20250524,신당,왕십리(성동구청),22,8
20250524,신당,왕십리(성동구청),23,9
20250524,신당,용두(동대문구청),8,1
20250524,신당,용두(동대문구청),12,1
20250524,신당,용두(동대문구청),15,1
20250524,신당,을지로3가,5,4
20250524,신당,을지로3가,6,5
20250524,신당,을지로3가,7,6
20250524,신당,을지로3가,8,13
20250524,신당,을지로3가,9,19
20250524,신당,을지로3가,10,24
20250524,신당,을지로3가,11,12
20250524,신당,을지로3가,12,10
20250524,신당,을지로3가,13,24
20250524,신당,을지로3가,14,17
20250524,신당,을지로3가,15,11
20250524,신당,을지로3가,16,19
20250524,신당,을지로3가,17,23
20250524,신당,을지로3가,18,18
20250524,신당,을지로3가,19,12
20250524,신당,을지로3가,20,7
20250524,신당,을지로3가,21,7
20250524,신당,을지로3가,22,6
20250524,신당,을지로3가,23,5
20250524,신당,을지로4가,5,2
20250524,신당,을지로4가,6,4
20250524,신당,을지로4가,7,7
20250524,신당,을지로4가,8,9
20250524,신당,을지로4가,9,7
20250524,신당,을지로4가,10,11
20250524,신당,을지로4가,11,7
20250524,신당,을지로4가,12,22
20250524,신당,을지로4가,13,17
20250524,신당,을지로4가,14,14
20250524,신당,을지로4가,15,18
20250524,신당,을지로4가,16,14
20250524,신당,을지로4가,17,12
20250524,신당,을지로4가,18,10
20250524,신당,을지로4가,19,2
20250524,신당,을지로4가,20,7
20250524,신당,을지로4가,21,4
20250524,신당,을지로4가,22,1
20250524,신당,을지로4가,23,2
20250524,신당,을지로입구,5,3
20250524,신당,을지로입구,6,5
20250524,신당,을지로입구,7,18
20250524,신당,을지로입구,8,38
20250524,신당,을지로입구,9,43
20250524,신당,을지로입구,10,42
20250524,신당,을지로입구,11,44
20250524,신당,을지로입구,12,28
20250524,신당,을지로입구,13,46
20250524,신당,을지로입구,14,50
20250524,신당,을지로입구,15,34
20250524,신당,을지로입구,16,36
20250524,신당,을지로입구,17,29
20250524,신당,을지로입구,18,22
20250524,신당,을지로입구,19,9
20250524,신당,을지로입구,20,12
20250524,신당,을지로입구,21,5
20250524,신당,을지로입구,22,12
20250524,신당,을지로입구,23,6
20250524,신당,이대,5,1
20250524,신당,이대,6,1
20250524,신당,이대,7,1
20250524,신당,이대,8,6
20250524,신당,이대,9,10
20250524,신당,이대,10,4
20250524,신당,이대,11,5
20250524,신당,이대,12,11
20250524,신당,이대,13,23
20250524,신당,이대,14,11
20250524,신당,이대,15,6
20250524,신당,이대,16,7
20250524,신당,이대,17,5
20250524,신당,이대,18,5
20250524,신당,이대,19,4
20250524,신당,이대,20,8
20250524,신당,이대,21,7
20250524,신당,이대,22,4
20250524,신당,이대,23,4
20250524,신당,잠실(송파구청),5,3
20250524,신당,잠실(송파구청),6,6
20250524,신당,잠실(송파구청),7,6
20250524,신당,잠실(송파구청),8,13
20250524,신당,잠실(송파구청),9,8
20250524,신당,잠실(송파구청),10,19
20250524,신당,잠실(송파구청),11,24
20250524,신당,잠실(송파구청),12,33
20250524,신당,잠실(송파구청),13,32
20250524,신당,잠실(송파구청),14,37
20250524,신당,잠실(송파구청),15,28
20250524,신당,잠실(송파구청),16,20
20250524,신당,잠실(송파구청),17,17
20250524,신당,잠실(송파구청),18,23
20250524,신당,잠실(송파구청),19,14
20250524,신당,잠실(송파구청),20,13
20250524,신당,잠실(송파구청),21,6
20250524,신당,잠실(송파구청),22,10
20250524,신당,잠실(송파구청),23,9
20250524,신당,잠실나루,5,3
20250524,신당,잠실나루,6,1
20250524,신당,잠실나루,7,4
20250524,신당,잠실나루,8,1
20250524,신당,잠실나루,9,3
20250524,신당,잠실나루,10,2
20250524,신당,잠실나루,11,3
20250524,신당,잠실나루,12,3
20250524,신당,잠실나루,13,2
20250524,신당,잠실나루,14,7
20250524,신당,잠실나루,15,4
20250524,신당,잠실나루,16,3
20250524,신당,잠실나루,17,7
20250524,신당,잠실나루,18,2
20250524,신당,잠실나루,19,1
20250524,신당,잠실나루,20,4
20250524,신당,잠실나루,22,1
20250524,신당,잠실새내,5,1
20250524,신당,잠실새내,8,6
20250524,신당,잠실새내,9,5
20250524,신당,잠실새내,10,2
20250524,신당,잠실새내,11,1
20250524,신당,잠실새내,12,5
20250524,신당,잠실새내,13,10
20250524,신당,잠실새내,14,4
20250524,신당,잠실새내,15,10
20250524,신당,잠실새내,16,9
20250524,신당,잠실새내,17,9
20250524,신당,잠실새내,18,4
20250524,신당,잠실새내,19,10
20250524,신당,잠실새내,20,4
20250524,신당,잠실새내,21,4
20250524,신당,잠실새내,22,3
20250524,신당,종합운동장,5,2
20250524,신당,종합운동장,6,6
20250524,신당,종합운동장,8,4
20250524,신당,종합운동장,9,1
20250524,신당,종합운동장,10,3
20250524,신당,종합운동장,11,1
20250524,신당,종합운동장,12,4
20250524,신당,종합운동장,13,7
20250524,신당,종합운동장,14,4
20250524,신당,종합운동장,15,19
20250524,신당,종합운동장,16,6
20250524,신당,종합운동장,17,2
20250524,신당,종합운동장,19,3
20250524,신당,종합운동장,20,1
20250524,신당,종합운동장,21,1
20250524,신당,충정로(경기대입구),5,2
20250524,신당,충정로(경기대입구),6,1
20250524,신당,충정로(경기대입구),7,1
20250524,신당,충정로(경기대입구),8,6
20250524,신당,충정로(경기대입구),9,14
20250524,신당,충정로(경기대입구),10,5
20250524,신당,충정로(경기대입구),11,12
20250524,신당,충정로(경기대입구),12,6
20250524,신당,충정로(경기대입구),13,14
20250524,신당,충정로(경기대입구),14,3
20250524,신당,충정로(경기대입구),15,10
20250524,신당,충정로(경기대입구),16,11
20250524,신당,충정로(경기대입구),17,9
20250524,신당,충정로(경기대입구),18,7
20250524,신당,충정로(경기대입구),19,8
20250524,신당,충정로(경기대입구),20,6
20250524,신당,충정로(경기대입구),21,6
20250524,신당,충정로(경기대입구),22,3
20250524,신당,충정로(경기대입구),23,2
20250524,신당,한양대,6,1
20250524,신당,한양대,7,1
20250524,신당,한양대,8,8
20250524,신당,한양대,9,10
20250524,신당,한양대,10,4
20250524,신당,한양대,11,1
20250524,신당,한양대,12,4
20250524,신당,한양대,13,3
20250524,신당,한양대,14,10
20250524,신당,한양대,15,5
20250524,신당,한양대,16,10
20250524,신당,한양대,17,2
20250524,신당,한양대,18,3
20250524,신당,한양대,19,2
20250524,신당,한양대,20,1
20250524,신당,한양대,21,2
20250524,신당,한양대,22,3
20250524,신당,합정,6,4
20250524,신당,합정,7,2
20250524,신당,합정,8,9
20250524,신당,합정,9,8
20250524,신당,합정,10,14
20250524,신당,합정,11,8
20250524,신당,합정,12,14
20250524,신당,합정,13,31
20250524,신당,합정,14,18
20250524,신당,합정,15,12
20250524,신당,합정,16,13
20250524,신당,합정,17,14
20250524,신당,합정,18,17
20250524,신당,합정,19,4
20250524,신당,합정,20,3
20250524,신당,합정,21,4
20250524,신당,합정,22,3
20250524,신당,합정,23,5
20250524,신당,홍대입구,5,1
20250524,신당,홍대입구,6,5
20250524,신당,홍대입구,7,6
20250524,신당,홍대입구,8,13
20250524,신당,홍대입구,9,20
20250524,신당,홍대입구,10,28
20250524,신당,홍대입구,11,34
20250524,신당,홍대입구,12,40
20250524,신당,홍대입구,13,47
20250524,신당,홍대입구,14,45
20250524,신당,홍대입구,15,41
20250524,신당,홍대입구,16,41
20250524,신당,홍대입구,17,43
20250524,신당,홍대입구,18,35
20250524,신당,홍대입구,19,32
20250524,신당,홍대입구,20,22
20250524,신당,홍대입구,21,25
20250524,신당,홍대입구,22,24
20250524,신당,홍대입구,23,16
20250524,신대방,강남,5,27
20250524,신대방,강남,6,32
20250524,신대방,강남,7,55
20250524,신대방,강남,8,132
20250524,신대방,강남,9,136
20250524,신대방,강남,10,85
20250524,신대방,강남,11,40
20250524,신대방,강남,12,63
20250524,신대방,강남,13,65
20250524,신대방,강남,14,60
20250524,신대방,강남,15,43
20250524,신대방,강남,16,59
20250524,신대방,강남,17,44
20250524,신대방,강남,18,30
20250524,신대방,강남,19,21
20250524,신대방,강남,20,22
20250524,신대방,강남,21,16
20250524,신대방,강남,22,10
20250524,신대방,강남,23,6
20250524,신대방,강변(동서울터미널),5,8
20250524,신대방,강변(동서울터미널),6,7
20250524,신대방,강변(동서울터미널),7,3
20250524,신대방,강변(동서울터미널),8,8
20250524,신대방,강변(동서울터미널),9,12
20250524,신대방,강변(동서울터미널),10,6
20250524,신대방,강변(동서울터미널),11,9
20250524,신대방,강변(동서울터미널),12,11
20250524,신대방,강변(동서울터미널),13,4
20250524,신대방,강변(동서울터미널),14,5
20250524,신대방,강변(동서울터미널),15,3
20250524,신대방,강변(동서울터미널),16,7
20250524,신대방,강변(동서울터미널),17,6
20250524,신대방,강변(동서울터미널),18,3
20250524,신대방,강변(동서울터미널),19,9
20250524,신대방,강변(동서울터미널),20,1
20250524,신대방,강변(동서울터미널),21,6
20250524,신대방,강변(동서울터미널),22,3
20250524,신대방,건대입구,5,10
20250524,신대방,건대입구,6,2
20250524,신대방,건대입구,7,5
20250524,신대방,건대입구,8,7
20250524,신대방,건대입구,9,8
20250524,신대방,건대입구,10,9
20250524,신대방,건대입구,11,8
20250524,신대방,건대입구,12,11
20250524,신대방,건대입구,13,3
20250524,신대방,건대입구,14,5
20250524,신대방,건대입구,15,13
20250524,신대방,건대입구,16,15
20250524,신대방,건대입구,17,16
20250524,신대방,건대입구,18,5
20250524,신대방,건대입구,19,7
20250524,신대방,건대입구,20,4
20250524,신대방,건대입구,21,3
20250524,신대방,건대입구,22,2
20250524,신대방,교대(법원.검찰청),5,22
20250524,신대방,교대(법원.검찰청),6,15
20250524,신대방,교대(법원.검찰청),7,21
20250524,신대방,교대(법원.검찰청),8,33
20250524,신대방,교대(법원.검찰청),9,40
20250524,신대방,교대(법원.검찰청),10,17
20250524,신대방,교대(법원.검찰청),11,15
20250524,신대방,교대(법원.검찰청),12,23
20250524,신대방,교대(법원.검찰청),13,12
20250524,신대방,교대(법원.검찰청),14,11
20250524,신대방,교대(법원.검찰청),15,15
20250524,신대방,교대(법원.검찰청),16,20
20250524,신대방,교대(법원.검찰청),17,5
20250524,신대방,교대(법원.검찰청),18,7
20250524,신대방,교대(법원.검찰청),19,8
20250524,신대방,교대(법원.검찰청),20,5
20250524,신대방,교대(법원.검찰청),21,1
20250524,신대방,교대(법원.검찰청),22,3
20250524,신대방,구로디지털단지,5,6
20250524,신대방,구로디지털단지,6,7
20250524,신대방,구로디지털단지,7,13
20250524,신대방,구로디지털단지,8,23
20250524,신대방,구로디지털단지,9,32
20250524,신대방,구로디지털단지,10,35
20250524,신대방,구로디지털단지,11,36
20250524,신대방,구로디지털단지,12,35
20250524,신대방,구로디지털단지,13,33
20250524,신대방,구로디지털단지,14,47
20250524,신대방,구로디지털단지,15,39
20250524,신대방,구로디지털단지,16,29
20250524,신대방,구로디지털단지,17,40
20250524,신대방,구로디지털단지,18,39
20250524,신대방,구로디지털단지,19,38
20250524,신대방,구로디지털단지,20,33
20250524,신대방,구로디지털단지,21,18
20250524,신대방,구로디지털단지,22,16
20250524,신대방,구로디지털단지,23,9
20250524,신대방,구의(광진구청),5,5
20250524,신대방,구의(광진구청),6,5
20250524,신대방,구의(광진구청),7,1
20250524,신대방,구의(광진구청),8,5
20250524,신대방,구의(광진구청),9,4
20250524,신대방,구의(광진구청),10,4
20250524,신대방,구의(광진구청),11,1
20250524,신대방,구의(광진구청),12,9
20250524,신대방,구의(광진구청),13,3
20250524,신대방,구의(광진구청),14,6
20250524,신대방,구의(광진구청),15,3
20250524,신대방,구의(광진구청),16,8
20250524,신대방,구의(광진구청),17,2
20250524,신대방,구의(광진구청),18,1
20250524,신대방,구의(광진구청),19,1
20250524,신대방,구의(광진구청),20,1
20250524,신대방,구의(광진구청),21,2
20250524,신대방,구의(광진구청),22,2
20250524,신대방,낙성대,5,6
20250524,신대방,낙성대,6,8
20250524,신대방,낙성대,7,12
20250524,신대방,낙성대,8,20
20250524,신대방,낙성대,9,20
20250524,신대방,낙성대,10,18
20250524,신대방,낙성대,11,29
20250524,신대방,낙성대,12,13
20250524,신대방,낙성대,13,26
20250524,신대방,낙성대,14,19
20250524,신대방,낙성대,15,20
20250524,신대방,낙성대,16,21
20250524,신대방,낙성대,17,16
20250524,신대방,낙성대,18,12
20250524,신대방,낙성대,19,21
20250524,신대방,낙성대,20,21
20250524,신대방,낙성대,21,7
20250524,신대방,낙성대,22,9
20250524,신대방,낙성대,23,4
20250524,신대방,당산,5,7
20250524,신대방,당산,6,18
20250524,신대방,당산,7,11
20250524,신대방,당산,8,22
20250524,신대방,당산,9,27
20250524,신대방,당산,10,33
20250524,신대방,당산,11,15
20250524,신대방,당산,12,16
20250524,신대방,당산,13,22
20250524,신대방,당산,14,14
20250524,신대방,당산,15,23
20250524,신대방,당산,16,24
20250524,신대방,당산,17,31
20250524,신대방,당산,18,15
20250524,신대방,당산,19,13
20250524,신대방,당산,20,10
20250524,신대방,당산,21,7
20250524,신대방,당산,22,9
20250524,신대방,당산,23,2
20250524,신대방,대림(구로구청),5,8
20250524,신대방,대림(구로구청),6,9
20250524,신대방,대림(구로구청),7,21
20250524,신대방,대림(구로구청),8,46
20250524,신대방,대림(구로구청),9,46
20250524,신대방,대림(구로구청),10,36
20250524,신대방,대림(구로구청),11,49
20250524,신대방,대림(구로구청),12,38
20250524,신대방,대림(구로구청),13,37
20250524,신대방,대림(구로구청),14,55
20250524,신대방,대림(구로구청),15,50
20250524,신대방,대림(구로구청),16,62
20250524,신대방,대림(구로구청),17,73
20250524,신대방,대림(구로구청),18,63
20250524,신대방,대림(구로구청),19,40
20250524,신대방,대림(구로구청),20,16
20250524,신대방,대림(구로구청),21,27
20250524,신대방,대림(구로구청),22,18
20250524,신대방,대림(구로구청),23,15
20250524,신대방,동대문역사문화공원,6,7
20250524,신대방,동대문역사문화공원,7,7
20250524,신대방,동대문역사문화공원,8,13
20250524,신대방,동대문역사문화공원,9,21
20250524,신대방,동대문역사문화공원,10,11
20250524,신대방,동대문역사문화공원,11,14
20250524,신대방,동대문역사문화공원,12,22
20250524,신대방,동대문역사문화공원,13,10
20250524,신대방,동대문역사문화공원,14,13
20250524,신대방,동대문역사문화공원,15,4
20250524,신대방,동대문역사문화공원,16,3
20250524,신대방,동대문역사문화공원,17,6
20250524,신대방,동대문역사문화공원,18,3
20250524,신대방,동대문역사문화공원,19,4
20250524,신대방,동대문역사문화공원,20,1
20250524,신대방,동대문역사문화공원,21,1
20250524,신대방,뚝섬,5,1
20250524,신대방,뚝섬,6,1
20250524,신대방,뚝섬,7,1
20250524,신대방,뚝섬,8,4
20250524,신대방,뚝섬,9,7
20250524,신대방,뚝섬,10,3
20250524,신대방,뚝섬,11,1
20250524,신대방,뚝섬,12,5
20250524,신대방,뚝섬,13,6
20250524,신대방,뚝섬,14,9
20250524,신대방,뚝섬,15,3
20250524,신대방,뚝섬,16,5
20250524,신대방,뚝섬,17,4
20250524,신대방,뚝섬,18,2
20250524,신대방,뚝섬,19,2
20250524,신대방,뚝섬,20,1
20250524,신대방,뚝섬,22,1
20250524,신대방,문래,5,6
20250524,신대방,문래,6,12
20250524,신대방,문래,7,8
20250524,신대방,문래,8,21
20250524,신대방,문래,9,22
20250524,신대방,문래,10,35
20250524,신대방,문래,11,17
20250524,신대방,문래,12,32
20250524,신대방,문래,13,23
20250524,신대방,문래,14,33
20250524,신대방,문래,15,32
20250524,신대방,문래,16,37
20250524,신대방,문래,17,36
20250524,신대방,문래,18,15
20250524,신대방,문래,19,12
20250524,신대방,문래,20,9
20250524,신대방,문래,21,9
20250524,신대방,문래,22,3
20250524,신대방,방배,5,11
20250524,신대방,방배,6,10
20250524,신대방,방배,7,20
20250524,신대방,방배,8,33
20250524,신대방,방배,9,26
20250524,신대방,방배,10,16
20250524,신대방,방배,11,10
20250524,신대방,방배,12,10
20250524,신대방,방배,13,4
20250524,신대방,방배,14,12
20250524,신대방,방배,15,6
20250524,신대방,방배,16,4
20250524,신대방,방배,17,11
20250524,신대방,방배,18,8
20250524,신대방,방배,19,6
20250524,신대방,방배,20,1
20250524,신대방,방배,22,3
20250524,신대방,봉천,5,3
20250524,신대방,봉천,6,3
20250524,신대방,봉천,7,11
20250524,신대방,봉천,8,21
20250524,신대방,봉천,9,33
20250524,신대방,봉천,10,25
20250524,신대방,봉천,11,27
20250524,신대방,봉천,12,29
20250524,신대방,봉천,13,28
20250524,신대방,봉천,14,19
20250524,신대방,봉천,15,23
20250524,신대방,봉천,16,25
20250524,신대방,봉천,17,42
20250524,신대방,봉천,18,14
20250524,신대방,봉천,19,20
20250524,신대방,봉천,20,13
20250524,신대방,봉천,21,14
20250524,신대방,봉천,22,3
20250524,신대방,봉천,23,4
20250524,신대방,사당,5,15
20250524,신대방,사당,6,21
20250524,신대방,사당,7,20
20250524,신대방,사당,8,38
20250524,신대방,사당,9,47
20250524,신대방,사당,10,26
20250524,신대방,사당,11,53
20250524,신대방,사당,12,35
20250524,신대방,사당,13,28
20250524,신대방,사당,14,33
20250524,신대방,사당,15,31
20250524,신대방,사당,16,27
20250524,신대방,사당,17,55
20250524,신대방,사당,18,37
20250524,신대방,사당,19,25
20250524,신대방,사당,20,9
20250524,신대방,사당,21,11
20250524,신대방,사당,22,6
20250524,신대방,사당,23,1
20250524,신대방,삼성(무역센터),5,36
20250524,신대방,삼성(무역센터),6,20
20250524,신대방,삼성(무역센터),7,28
20250524,신대방,삼성(무역센터),8,51
20250524,신대방,삼성(무역센터),9,48
20250524,신대방,삼성(무역센터),10,34
20250524,신대방,삼성(무역센터),11,27
20250524,신대방,삼성(무역센터),12,28
20250524,신대방,삼성(무역센터),13,15
20250524,신대방,삼성(무역센터),14,15
20250524,신대방,삼성(무역센터),15,15
20250524,신대방,삼성(무역센터),16,13
20250524,신대방,삼성(무역센터),17,9
20250524,신대방,삼성(무역센터),18,6
20250524,신대방,삼성(무역센터),19,1
20250524,신대방,삼성(무역센터),20,1
20250524,신대방,삼성(무역센터),21,2
20250524,신대방,삼성(무역센터),22,2
20250524,신대방,상왕십리,5,1
20250524,신대방,상왕십리,6,1
20250524,신대방,상왕십리,7,2
20250524,신대방,상왕십리,8,5
20250524,신대방,상왕십리,10,4
20250524,신대방,상왕십리,11,1
20250524,신대방,상왕십리,12,3
20250524,신대방,상왕십리,13,3
20250524,신대방,상왕십리,15,1
20250524,신대방,상왕십리,16,4
20250524,신대방,상왕십리,17,2
20250524,신대방,상왕십리,19,1
20250524,신대방,상왕십리,20,3
20250524,신대방,상왕십리,21,2
20250524,신대방,상왕십리,22,1
20250524,신대방,서울대입구(관악구청),5,5
20250524,신대방,서울대입구(관악구청),6,10
20250524,신대방,서울대입구(관악구청),7,15
20250524,신대방,서울대입구(관악구청),8,53
20250524,신대방,서울대입구(관악구청),9,55
20250524,신대방,서울대입구(관악구청),10,45
20250524,신대방,서울대입구(관악구청),11,36
20250524,신대방,서울대입구(관악구청),12,51
20250524,신대방,서울대입구(관악구청),13,62
20250524,신대방,서울대입구(관악구청),14,43
20250524,신대방,서울대입구(관악구청),15,41
20250524,신대방,서울대입구(관악구청),16,47
20250524,신대방,서울대입구(관악구청),17,55
20250524,신대방,서울대입구(관악구청),18,35
20250524,신대방,서울대입구(관악구청),19,32
20250524,신대방,서울대입구(관악구청),20,17
20250524,신대방,서울대입구(관악구청),21,17
20250524,신대방,서울대입구(관악구청),22,22
20250524,신대방,서울대입구(관악구청),23,7
20250524,신대방,서초,5,15
20250524,신대방,서초,6,7
20250524,신대방,서초,7,24
20250524,신대방,서초,8,29
20250524,신대방,서초,9,29
20250524,신대방,서초,10,16
20250524,신대방,서초,11,16
20250524,신대방,서초,12,10
20250524,신대방,서초,13,9
20250524,신대방,서초,14,14
20250524,신대방,서초,15,10
20250524,신대방,서초,16,13
20250524,신대방,서초,17,14
20250524,신대방,서초,18,5
20250524,신대방,서초,19,3
20250524,신대방,서초,20,4
20250524,신대방,서초,21,5
20250524,신대방,서초,22,1
20250524,신대방,서초,23,1
20250524,신대방,선릉,5,15
20250524,신대방,선릉,6,22
20250524,신대방,선릉,7,24
20250524,신대방,선릉,8,47
20250524,신대방,선릉,9,52
20250524,신대방,선릉,10,30
20250524,신대방,선릉,11,19
20250524,신대방,선릉,12,31
20250524,신대방,선릉,13,25
20250524,신대방,선릉,14,17
20250524,신대방,선릉,15,21
20250524,신대방,선릉,16,24
20250524,신대방,선릉,17,13
20250524,신대방,선릉,18,10
20250524,신대방,선릉,19,5
20250524,신대방,선릉,20,7
20250524,신대방,선릉,22,3
20250524,신대방,선릉,23,4
20250524,신대방,성수,5,5
20250524,신대방,성수,6,4
20250524,신대방,성수,7,5
20250524,신대방,성수,8,6
20250524,신대방,성수,9,7
20250524,신대방,성수,10,18
20250524,신대방,성수,11,14
20250524,신대방,성수,12,16
20250524,신대방,성수,13,7
20250524,신대방,성수,14,12
20250524,신대방,성수,15,18
20250524,신대방,성수,16,8
20250524,신대방,성수,17,5
20250524,신대방,성수,18,7
20250524,신대방,성수,19,2
20250524,신대방,성수,20,3
20250524,신대방,성수,21,2
20250524,신대방,시청,5,5
20250524,신대방,시청,6,1
20250524,신대방,시청,7,12
20250524,신대방,시청,8,18
20250524,신대방,시청,9,8
20250524,신대방,시청,10,15
20250524,신대방,시청,11,4
20250524,신대방,시청,12,8
20250524,신대방,시청,13,10
20250524,신대방,시청,14,4
20250524,신대방,시청,15,14
20250524,신대방,시청,16,7
20250524,신대방,시청,17,1
20250524,신대방,시청,19,2
20250524,신대방,신당,5,2
20250524,신대방,신당,6,1
20250524,신대방,신당,7,2
20250524,신대방,신당,8,7
20250524,신대방,신당,9,7
20250524,신대방,신당,10,6
20250524,신대방,신당,11,1
20250524,신대방,신당,12,3
20250524,신대방,신당,13,2
20250524,신대방,신당,14,8
20250524,신대방,신당,15,4
20250524,신대방,신당,16,1
20250524,신대방,신당,17,3
20250524,신대방,신당,18,8
20250524,신대방,신당,19,6
20250524,신대방,신당,20,4
20250524,신대방,신당,21,1
20250524,신대방,신당,23,1
20250524,신대방,신대방,0,1
20250524,신대방,신대방,4,2
20250524,신대방,신대방,5,5
20250524,신대방,신대방,6,9
20250524,신대방,신대방,7,9
20250524,신대방,신대방,8,13
20250524,신대방,신대방,9,14
20250524,신대방,신대방,10,26
20250524,신대방,신대방,11,16
20250524,신대방,신대방,12,29
20250524,신대방,신대방,13,35
20250524,신대방,신대방,14,36
20250524,신대방,신대방,15,24
20250524,신대방,신대방,16,42
20250524,신대방,신대방,17,23
20250524,신대방,신대방,18,23
20250524,신대방,신대방,19,20
20250524,신대방,신대방,20,17
20250524,신대방,신대방,21,20
20250524,신대방,신대방,22,14
20250524,신대방,신대방,23,19
20250524,신대방,신도림,5,12
20250524,신대방,신도림,6,12
20250524,신대방,신도림,7,28
20250524,신대방,신도림,8,38
20250524,신대방,신도림,9,61
20250524,신대방,신도림,10,62
20250524,신대방,신도림,11,51
20250524,신대방,신도림,12,83
20250524,신대방,신도림,13,57
20250524,신대방,신도림,14,60
20250524,신대방,신도림,15,62
20250524,신대방,신도림,16,82
20250524,신대방,신도림,17,86
20250524,신대방,신도림,18,59
20250524,신대방,신도림,19,32
20250524,신대방,신도림,20,22
20250524,신대방,신도림,21,14
20250524,신대방,신도림,22,12
20250524,신대방,신도림,23,7
20250524,신대방,신림,5,1
20250524,신대방,신림,6,11
20250524,신대방,신림,7,14
20250524,신대방,신림,8,23
20250524,신대방,신림,9,36
20250524,신대방,신림,10,41
20250524,신대방,신림,11,49
20250524,신대방,신림,12,67
20250524,신대방,신림,13,60
20250524,신대방,신림,14,54
20250524,신대방,신림,15,52
20250524,신대방,신림,16,58
20250524,신대방,신림,17,55
20250524,신대방,신림,18,72
20250524,신대방,신림,19,51
20250524,신대방,신림,20,38
20250524,신대방,신림,21,34
20250524,신대방,신림,22,23
20250524,신대방,신림,23,10
20250524,신대방,신촌,5,2
20250524,신대방,신촌,6,9
20250524,신대방,신촌,7,12
20250524,신대방,신촌,8,16
20250524,신대방,신촌,9,46
20250524,신대방,신촌,10,28
20250524,신대방,신촌,11,31
20250524,신대방,신촌,12,29
20250524,신대방,신촌,13,21
20250524,신대방,신촌,14,36
20250524,신대방,신촌,15,31
20250524,신대방,신촌,16,24
20250524,신대방,신촌,17,23
20250524,신대방,신촌,18,24
20250524,신대방,신촌,19,7
20250524,신대방,신촌,20,10
20250524,신대방,신촌,21,10
20250524,신대방,신촌,22,3
20250524,신대방,신촌,23,4
20250524,신대방,아현,5,2
20250524,신대방,아현,6,2
20250524,신대방,아현,7,10
20250524,신대방,아현,8,12
20250524,신대방,아현,9,4
20250524,신대방,아현,10,3
20250524,신대방,아현,11,3
20250524,신대방,아현,12,10
20250524,신대방,아현,13,7
20250524,신대방,아현,14,3
20250524,신대방,아현,15,7
20250524,신대방,아현,16,15
20250524,신대방,아현,17,2
20250524,신대방,아현,18,2
20250524,신대방,아현,19,2
20250524,신대방,아현,20,6
20250524,신대방,역삼,5,10
20250524,신대방,역삼,6,17
20250524,신대방,역삼,7,28
20250524,신대방,역삼,8,48
20250524,신대방,역삼,9,35
20250524,신대방,역삼,10,22
20250524,신대방,역삼,11,22
20250524,신대방,역삼,12,9
20250524,신대방,역삼,13,19
20250524,신대방,역삼,14,11
20250524,신대방,역삼,15,14
20250524,신대방,역삼,16,7
20250524,신대방,역삼,17,7
20250524,신대방,역삼,18,6
20250524,신대방,역삼,19,6
20250524,신대방,역삼,20,4
20250524,신대방,역삼,21,3
20250524,신대방,역삼,22,3
20250524,신대방,역삼,23,1
20250524,신대방,영등포구청,5,7
20250524,신대방,영등포구청,6,8
20250524,신대방,영등포구청,7,16
20250524,신대방,영등포구청,8,16
20250524,신대방,영등포구청,9,36
20250524,신대방,영등포구청,10,30
20250524,신대방,영등포구청,11,26
20250524,신대방,영등포구청,12,9
20250524,신대방,영등포구청,13,24
20250524,신대방,영등포구청,14,21
20250524,신대방,영등포구청,15,16
20250524,신대방,영등포구청,16,18
20250524,신대방,영등포구청,17,28
20250524,신대방,영등포구청,18,20
20250524,신대방,영등포구청,19,13
20250524,신대방,영등포구청,20,7
20250524,신대방,영등포구청,21,5
20250524,신대방,영등포구청,22,9
20250524,신대방,영등포구청,23,1
20250524,신대방,왕십리(성동구청),5,2
20250524,신대방,왕십리(성동구청),6,2
20250524,신대방,왕십리(성동구청),7,2
20250524,신대방,왕십리(성동구청),8,3
20250524,신대방,왕십리(성동구청),9,3
20250524,신대방,왕십리(성동구청),10,4
20250524,신대방,왕십리(성동구청),11,2
20250524,신대방,왕십리(성동구청),12,4
20250524,신대방,왕십리(성동구청),13,7
20250524,신대방,왕십리(성동구청),15,4
20250524,신대방,왕십리(성동구청),16,2
20250524,신대방,왕십리(성동구청),17,2
20250524,신대방,왕십리(성동구청),18,2
20250524,신대방,왕십리(성동구청),20,1
20250524,신대방,왕십리(성동구청),21,2
20250524,신대방,용두(동대문구청),8,1
20250524,신대방,용두(동대문구청),19,1
20250524,신대방,을지로3가,5,5
20250524,신대방,을지로3가,6,2
20250524,신대방,을지로3가,7,4
20250524,신대방,을지로3가,8,9
20250524,신대방,을지로3가,9,3
20250524,신대방,을지로3가,10,5
20250524,신대방,을지로3가,11,4
20250524,신대방,을지로3가,12,8
20250524,신대방,을지로3가,13,9
20250524,신대방,을지로3가,14,9
20250524,신대방,을지로3가,15,8
20250524,신대방,을지로3가,16,3
20250524,신대방,을지로3가,17,13
20250524,신대방,을지로3가,18,6
20250524,신대방,을지로3가,19,4
20250524,신대방,을지로3가,21,2
20250524,신대방,을지로4가,5,5
20250524,신대방,을지로4가,6,2
20250524,신대방,을지로4가,7,3
20250524,신대방,을지로4가,8,7
20250524,신대방,을지로4가,9,8
20250524,신대방,을지로4가,10,8
20250524,신대방,을지로4가,11,12
20250524,신대방,을지로4가,12,7
20250524,신대방,을지로4가,13,5
20250524,신대방,을지로4가,14,9
20250524,신대방,을지로4가,15,11
20250524,신대방,을지로4가,16,5
20250524,신대방,을지로4가,17,3
20250524,신대방,을지로4가,19,1
20250524,신대방,을지로입구,5,2
20250524,신대방,을지로입구,6,9
20250524,신대방,을지로입구,7,23
20250524,신대방,을지로입구,8,30
20250524,신대방,을지로입구,9,37
20250524,신대방,을지로입구,10,35
20250524,신대방,을지로입구,11,22
20250524,신대방,을지로입구,12,12
20250524,신대방,을지로입구,13,25
20250524,신대방,을지로입구,14,12
20250524,신대방,을지로입구,15,8
20250524,신대방,을지로입구,16,3
20250524,신대방,을지로입구,17,10
20250524,신대방,을지로입구,18,8
20250524,신대방,을지로입구,19,4
20250524,신대방,을지로입구,20,2
20250524,신대방,을지로입구,21,1
20250524,신대방,이대,5,2
20250524,신대방,이대,6,2
20250524,신대방,이대,7,3
20250524,신대방,이대,8,7
20250524,신대방,이대,9,8
20250524,신대방,이대,10,10
20250524,신대방,이대,11,6
20250524,신대방,이대,12,10
20250524,신대방,이대,13,3
20250524,신대방,이대,14,9
20250524,신대방,이대,15,7
20250524,신대방,이대,16,8
20250524,신대방,이대,17,3
20250524,신대방,이대,18,10
20250524,신대방,이대,19,2
20250524,신대방,이대,21,4
20250524,신대방,이대,22,1
20250524,신대방,이대,23,1
20250524,신대방,잠실(송파구청),5,8
20250524,신대방,잠실(송파구청),6,30
20250524,신대방,잠실(송파구청),7,19
20250524,신대방,잠실(송파구청),8,36
20250524,신대방,잠실(송파구청),9,39
20250524,신대방,잠실(송파구청),10,36
20250524,신대방,잠실(송파구청),11,38
20250524,신대방,잠실(송파구청),12,37
20250524,신대방,잠실(송파구청),13,35
20250524,신대방,잠실(송파구청),14,31
20250524,신대방,잠실(송파구청),15,28
20250524,신대방,잠실(송파구청),16,35
20250524,신대방,잠실(송파구청),17,40
20250524,신대방,잠실(송파구청),18,12
20250524,신대방,잠실(송파구청),19,10
20250524,신대방,잠실(송파구청),20,14
20250524,신대방,잠실(송파구청),21,6
20250524,신대방,잠실(송파구청),22,9
20250524,신대방,잠실(송파구청),23,4
20250524,신대방,잠실나루,5,6
20250524,신대방,잠실나루,6,2
20250524,신대방,잠실나루,7,4
20250524,신대방,잠실나루,8,3
20250524,신대방,잠실나루,9,1
20250524,신대방,잠실나루,10,3
20250524,신대방,잠실나루,11,1
20250524,신대방,잠실나루,12,1
20250524,신대방,잠실나루,15,1
20250524,신대방,잠실나루,16,5
20250524,신대방,잠실나루,18,3
20250524,신대방,잠실나루,20,2
20250524,신대방,잠실나루,21,1
20250524,신대방,잠실나루,23,1
20250524,신대방,잠실새내,6,2
20250524,신대방,잠실새내,7,3
20250524,신대방,잠실새내,8,11
20250524,신대방,잠실새내,9,5
20250524,신대방,잠실새내,10,9
20250524,신대방,잠실새내,11,3
20250524,신대방,잠실새내,12,1
20250524,신대방,잠실새내,13,10
20250524,신대방,잠실새내,14,7
20250524,신대방,잠실새내,15,7
20250524,신대방,잠실새내,16,5
20250524,신대방,잠실새내,17,10
20250524,신대방,잠실새내,18,2
20250524,신대방,잠실새내,19,2
20250524,신대방,잠실새내,20,1
20250524,신대방,잠실새내,22,3
20250524,신대방,종합운동장,5,16
20250524,신대방,종합운동장,6,8
20250524,신대방,종합운동장,7,5
20250524,신대방,종합운동장,8,4
20250524,신대방,종합운동장,9,1
20250524,신대방,종합운동장,10,4
20250524,신대방,종합운동장,11,1
20250524,신대방,종합운동장,12,7
20250524,신대방,종합운동장,13,10
20250524,신대방,종합운동장,14,10
20250524,신대방,종합운동장,15,27
20250524,신대방,종합운동장,16,15
20250524,신대방,종합운동장,17,4
20250524,신대방,종합운동장,19,1
20250524,신대방,종합운동장,20,1
20250524,신대방,종합운동장,21,1
20250524,신대방,종합운동장,22,1
20250524,신대방,종합운동장,23,1
20250524,신대방,충정로(경기대입구),5,1
20250524,신대방,충정로(경기대입구),6,3
20250524,신대방,충정로(경기대입구),7,1
20250524,신대방,충정로(경기대입구),8,4
20250524,신대방,충정로(경기대입구),9,3
20250524,신대방,충정로(경기대입구),10,2
20250524,신대방,충정로(경기대입구),11,3
20250524,신대방,충정로(경기대입구),12,3
20250524,신대방,충정로(경기대입구),13,1
20250524,신대방,충정로(경기대입구),14,2
20250524,신대방,충정로(경기대입구),15,3
20250524,신대방,충정로(경기대입구),16,3
20250524,신대방,충정로(경기대입구),17,4
20250524,신대방,충정로(경기대입구),19,1
20250524,신대방,충정로(경기대입구),22,2
20250524,신대방,한양대,5,1
20250524,신대방,한양대,7,4
20250524,신대방,한양대,9,2
20250524,신대방,한양대,11,4
20250524,신대방,한양대,12,1
20250524,신대방,한양대,13,2
20250524,신대방,한양대,14,1
20250524,신대방,한양대,15,1
20250524,신대방,한양대,21,1
20250524,신대방,합정,5,7
20250524,신대방,합정,6,12
20250524,신대방,합정,7,21
20250524,신대방,합정,8,41
20250524,신대방,합정,9,56
20250524,신대방,합정,10,58
20250524,신대방,합정,11,58
20250524,신대방,합정,12,64
20250524,신대방,합정,13,54
20250524,신대방,합정,14,54
20250524,신대방,합정,15,39
20250524,신대방,합정,16,55
20250524,신대방,합정,17,53
20250524,신대방,합정,18,37
20250524,신대방,합정,19,23
20250524,신대방,합정,20,24
20250524,신대방,합정,21,21
20250524,신대방,합정,22,20
20250524,신대방,합정,23,6
20250524,신대방,홍대입구,5,10
20250524,신대방,홍대입구,6,6
20250524,신대방,홍대입구,7,14
20250524,신대방,홍대입구,8,40
20250524,신대방,홍대입구,9,81
20250524,신대방,홍대입구,10,72
20250524,신대방,홍대입구,11,69
20250524,신대방,홍대입구,12,74
20250524,신대방,홍대입구,13,91
20250524,신대방,홍대입구,14,98
20250524,신대방,홍대입구,15,83
20250524,신대방,홍대입구,16,73
20250524,신대방,홍대입구,17,70
20250524,신대방,홍대입구,18,51
20250524,신대방,홍대입구,19,59
20250524,신대방,홍대입구,20,29
20250524,신대방,홍대입구,21,36
20250524,신대방,홍대입구,22,15
20250524,신대방,홍대입구,23,12
20250524,신도림,강남,4,3
20250524,신도림,강남,5,43
20250524,신도림,강남,6,27
20250524,신도림,강남,7,33
20250524,신도림,강남,8,91
20250524,신도림,강남,9,99
20250524,신도림,강남,10,66
20250524,신도림,강남,11,72
20250524,신도림,강남,12,59
20250524,신도림,강남,13,87
20250524,신도림,강남,14,76
20250524,신도림,강남,15,64
20250524,신도림,강남,16,65
20250524,신도림,강남,17,92
20250524,신도림,강남,18,58
20250524,신도림,강남,19,36
20250524,신도림,강남,20,20
20250524,신도림,강남,21,13
20250524,신도림,강남,22,16
20250524,신도림,강남,23,5
20250524,신도림,강변(동서울터미널),5,16
20250524,신도림,강변(동서울터미널),6,8
20250524,신도림,강변(동서울터미널),7,6
20250524,신도림,강변(동서울터미널),8,12
20250524,신도림,강변(동서울터미널),9,11
20250524,신도림,강변(동서울터미널),10,8
20250524,신도림,강변(동서울터미널),11,7
20250524,신도림,강변(동서울터미널),12,12
20250524,신도림,강변(동서울터미널),13,16
20250524,신도림,강변(동서울터미널),14,6
20250524,신도림,강변(동서울터미널),15,23
20250524,신도림,강변(동서울터미널),16,13
20250524,신도림,강변(동서울터미널),17,10
20250524,신도림,강변(동서울터미널),18,6
20250524,신도림,강변(동서울터미널),19,6
20250524,신도림,강변(동서울터미널),20,3
20250524,신도림,강변(동서울터미널),21,7
20250524,신도림,강변(동서울터미널),22,6
20250524,신도림,건대입구,4,1
20250524,신도림,건대입구,5,1
20250524,신도림,건대입구,6,1
20250524,신도림,건대입구,7,4
20250524,신도림,건대입구,8,5
20250524,신도림,건대입구,9,9
20250524,신도림,건대입구,10,8
20250524,신도림,건대입구,11,11
20250524,신도림,건대입구,12,8
20250524,신도림,건대입구,13,13
20250524,신도림,건대입구,14,11
20250524,신도림,건대입구,15,15
20250524,신도림,건대입구,16,9
20250524,신도림,건대입구,17,11
20250524,신도림,건대입구,18,15
20250524,신도림,건대입구,19,11
20250524,신도림,건대입구,20,5
20250524,신도림,건대입구,21,9
20250524,신도림,건대입구,22,2
20250524,신도림,건대입구,23,1
20250524,신도림,교대(법원.검찰청),4,2
20250524,신도림,교대(법원.검찰청),5,17
20250524,신도림,교대(법원.검찰청),6,16
20250524,신도림,교대(법원.검찰청),7,19
20250524,신도림,교대(법원.검찰청),8,24
20250524,신도림,교대(법원.검찰청),9,18
20250524,신도림,교대(법원.검찰청),10,13
20250524,신도림,교대(법원.검찰청),11,18
20250524,신도림,교대(법원.검찰청),12,27
20250524,신도림,교대(법원.검찰청),13,21
20250524,신도림,교대(법원.검찰청),14,20
20250524,신도림,교대(법원.검찰청),15,27
20250524,신도림,교대(법원.검찰청),16,17
20250524,신도림,교대(법원.검찰청),17,15
20250524,신도림,교대(법원.검찰청),18,12
20250524,신도림,교대(법원.검찰청),19,6
20250524,신도림,교대(법원.검찰청),20,10
20250524,신도림,교대(법원.검찰청),21,3
20250524,신도림,교대(법원.검찰청),22,3
20250524,신도림,구로디지털단지,4,1
20250524,신도림,구로디지털단지,5,9
20250524,신도림,구로디지털단지,6,17
20250524,신도림,구로디지털단지,7,24
20250524,신도림,구로디지털단지,8,59
20250524,신도림,구로디지털단지,9,56
20250524,신도림,구로디지털단지,10,47
20250524,신도림,구로디지털단지,11,63
20250524,신도림,구로디지털단지,12,57
20250524,신도림,구로디지털단지,13,104
20250524,신도림,구로디지털단지,14,65
20250524,신도림,구로디지털단지,15,91
20250524,신도림,구로디지털단지,16,90
20250524,신도림,구로디지털단지,17,120
20250524,신도림,구로디지털단지,18,120
20250524,신도림,구로디지털단지,19,106
20250524,신도림,구로디지털단지,20,91
20250524,신도림,구로디지털단지,21,63
20250524,신도림,구로디지털단지,22,74
20250524,신도림,구로디지털단지,23,40
20250524,신도림,구의(광진구청),5,3
20250524,신도림,구의(광진구청),6,2
20250524,신도림,구의(광진구청),7,2
20250524,신도림,구의(광진구청),8,3
20250524,신도림,구의(광진구청),9,1
20250524,신도림,구의(광진구청),10,3
20250524,신도림,구의(광진구청),11,3
20250524,신도림,구의(광진구청),12,4
20250524,신도림,구의(광진구청),13,7
20250524,신도림,구의(광진구청),14,12
20250524,신도림,구의(광진구청),15,11
20250524,신도림,구의(광진구청),16,23
20250524,신도림,구의(광진구청),17,10
20250524,신도림,구의(광진구청),18,5
20250524,신도림,구의(광진구청),19,13
20250524,신도림,구의(광진구청),20,10
20250524,신도림,구의(광진구청),21,6
20250524,신도림,구의(광진구청),22,13
20250524,신도림,낙성대,5,2
20250524,신도림,낙성대,6,1
20250524,신도림,낙성대,7,6
20250524,신도림,낙성대,8,6
20250524,신도림,낙성대,9,13
20250524,신도림,낙성대,10,14
20250524,신도림,낙성대,11,12
20250524,신도림,낙성대,12,22
20250524,신도림,낙성대,13,28
20250524,신도림,낙성대,14,21
20250524,신도림,낙성대,15,22
20250524,신도림,낙성대,16,29
20250524,신도림,낙성대,17,24
20250524,신도림,낙성대,18,22
20250524,신도림,낙성대,19,19
20250524,신도림,낙성대,20,19
20250524,신도림,낙성대,21,24
20250524,신도림,낙성대,22,15
20250524,신도림,낙성대,23,7
20250524,신도림,당산,4,1
20250524,신도림,당산,5,17
20250524,신도림,당산,6,8
20250524,신도림,당산,7,11
20250524,신도림,당산,8,30
20250524,신도림,당산,9,46
20250524,신도림,당산,10,30
20250524,신도림,당산,11,25
20250524,신도림,당산,12,34
20250524,신도림,당산,13,47
20250524,신도림,당산,14,37
20250524,신도림,당산,15,55
20250524,신도림,당산,16,47
20250524,신도림,당산,17,54
20250524,신도림,당산,18,44
20250524,신도림,당산,19,53
20250524,신도림,당산,20,50
20250524,신도림,당산,21,34
20250524,신도림,당산,22,20
20250524,신도림,당산,23,16
20250524,신도림,대림(구로구청),4,2
20250524,신도림,대림(구로구청),5,10
20250524,신도림,대림(구로구청),6,8
20250524,신도림,대림(구로구청),7,8
20250524,신도림,대림(구로구청),8,19
20250524,신도림,대림(구로구청),9,32
20250524,신도림,대림(구로구청),10,31
20250524,신도림,대림(구로구청),11,39
20250524,신도림,대림(구로구청),12,55
20250524,신도림,대림(구로구청),13,38
20250524,신도림,대림(구로구청),14,44
20250524,신도림,대림(구로구청),15,40
20250524,신도림,대림(구로구청),16,63
20250524,신도림,대림(구로구청),17,64
20250524,신도림,대림(구로구청),18,61
20250524,신도림,대림(구로구청),19,33
20250524,신도림,대림(구로구청),20,57
20250524,신도림,대림(구로구청),21,31
20250524,신도림,대림(구로구청),22,21
20250524,신도림,대림(구로구청),23,14
20250524,신도림,동대문역사문화공원,5,6
20250524,신도림,동대문역사문화공원,6,10
20250524,신도림,동대문역사문화공원,7,6
20250524,신도림,동대문역사문화공원,8,17
20250524,신도림,동대문역사문화공원,9,10
20250524,신도림,동대문역사문화공원,10,19
20250524,신도림,동대문역사문화공원,11,27
20250524,신도림,동대문역사문화공원,12,13
20250524,신도림,동대문역사문화공원,13,21
20250524,신도림,동대문역사문화공원,14,26
20250524,신도림,동대문역사문화공원,15,20
20250524,신도림,동대문역사문화공원,16,16
20250524,신도림,동대문역사문화공원,17,15
20250524,신도림,동대문역사문화공원,18,5
20250524,신도림,동대문역사문화공원,19,4
20250524,신도림,동대문역사문화공원,20,5
20250524,신도림,동대문역사문화공원,22,1
20250524,신도림,동대문역사문화공원,23,1
20250524,신도림,뚝섬,5,7
20250524,신도림,뚝섬,6,6
20250524,신도림,뚝섬,7,1
20250524,신도림,뚝섬,8,6
20250524,신도림,뚝섬,9,11
20250524,신도림,뚝섬,10,12
20250524,신도림,뚝섬,11,12
20250524,신도림,뚝섬,12,13
20250524,신도림,뚝섬,13,25
20250524,신도림,뚝섬,14,19
20250524,신도림,뚝섬,15,4
20250524,신도림,뚝섬,16,11
20250524,신도림,뚝섬,17,7
20250524,신도림,뚝섬,18,3
20250524,신도림,뚝섬,19,7
20250524,신도림,뚝섬,20,5
20250524,신도림,뚝섬,21,4
20250524,신도림,뚝섬,22,4
20250524,신도림,문래,5,9
20250524,신도림,문래,6,7
20250524,신도림,문래,7,9
20250524,신도림,문래,8,12
20250524,신도림,문래,9,28
20250524,신도림,문래,10,20
20250524,신도림,문래,11,33
20250524,신도림,문래,12,48
20250524,신도림,문래,13,40
20250524,신도림,문래,14,39
20250524,신도림,문래,15,42
20250524,신도림,문래,16,36
20250524,신도림,문래,17,51
20250524,신도림,문래,18,56
20250524,신도림,문래,19,33
20250524,신도림,문래,20,20
20250524,신도림,문래,21,11
20250524,신도림,문래,22,17
20250524,신도림,문래,23,5
20250524,신도림,방배,5,9
20250524,신도림,방배,6,5
20250524,신도림,방배,7,11
20250524,신도림,방배,8,15
20250524,신도림,방배,9,17
20250524,신도림,방배,10,15
20250524,신도림,방배,11,8
20250524,신도림,방배,12,17
20250524,신도림,방배,13,13
20250524,신도림,방배,14,17
20250524,신도림,방배,15,20
20250524,신도림,방배,16,6
20250524,신도림,방배,17,20
20250524,신도림,방배,18,2
20250524,신도림,방배,19,8
20250524,신도림,방배,20,7
20250524,신도림,방배,21,13
20250524,신도림,방배,22,6
20250524,신도림,방배,23,2
20250524,신도림,봉천,5,3
20250524,신도림,봉천,6,4
20250524,신도림,봉천,7,4
20250524,신도림,봉천,8,16
20250524,신도림,봉천,9,19
20250524,신도림,봉천,10,19
20250524,신도림,봉천,11,16
20250524,신도림,봉천,12,24
20250524,신도림,봉천,13,22
20250524,신도림,봉천,14,25
20250524,신도림,봉천,15,29
20250524,신도림,봉천,16,27
20250524,신도림,봉천,17,39
20250524,신도림,봉천,18,23
20250524,신도림,봉천,19,29
20250524,신도림,봉천,20,27
20250524,신도림,봉천,21,23
20250524,신도림,봉천,22,22
20250524,신도림,봉천,23,17
20250524,신도림,사당,5,23
20250524,신도림,사당,6,34
20250524,신도림,사당,7,30
20250524,신도림,사당,8,27
20250524,신도림,사당,9,25
20250524,신도림,사당,10,35
20250524,신도림,사당,11,59
20250524,신도림,사당,12,40
20250524,신도림,사당,13,48
20250524,신도림,사당,14,44
20250524,신도림,사당,15,55
20250524,신도림,사당,16,80
20250524,신도림,사당,17,77
20250524,신도림,사당,18,56
20250524,신도림,사당,19,28
20250524,신도림,사당,20,33
20250524,신도림,사당,21,28
20250524,신도림,사당,22,27
20250524,신도림,사당,23,17
20250524,신도림,삼성(무역센터),4,4
20250524,신도림,삼성(무역센터),5,42
20250524,신도림,삼성(무역센터),6,15
20250524,신도림,삼성(무역센터),7,16
20250524,신도림,삼성(무역센터),8,24
20250524,신도림,삼성(무역센터),9,34
20250524,신도림,삼성(무역센터),10,22
20250524,신도림,삼성(무역센터),11,34
20250524,신도림,삼성(무역센터),12,41
20250524,신도림,삼성(무역센터),13,24
20250524,신도림,삼성(무역센터),14,20
20250524,신도림,삼성(무역센터),15,18
20250524,신도림,삼성(무역센터),16,31
20250524,신도림,삼성(무역센터),17,11
20250524,신도림,삼성(무역센터),18,12
20250524,신도림,삼성(무역센터),19,4
20250524,신도림,삼성(무역센터),20,7
20250524,신도림,삼성(무역센터),21,1
20250524,신도림,삼성(무역센터),22,6
20250524,신도림,삼성(무역센터),23,4
20250524,신도림,상왕십리,6,1
20250524,신도림,상왕십리,8,2
20250524,신도림,상왕십리,9,3
20250524,신도림,상왕십리,10,1
20250524,신도림,상왕십리,11,3
20250524,신도림,상왕십리,12,3
20250524,신도림,상왕십리,13,5
20250524,신도림,상왕십리,14,10
20250524,신도림,상왕십리,15,10
20250524,신도림,상왕십리,16,6
20250524,신도림,상왕십리,17,10
20250524,신도림,상왕십리,18,3
20250524,신도림,상왕십리,19,3
20250524,신도림,상왕십리,21,2
20250524,신도림,상왕십리,22,4
20250524,신도림,상왕십리,23,1
20250524,신도림,서울대입구(관악구청),5,5
20250524,신도림,서울대입구(관악구청),6,7
20250524,신도림,서울대입구(관악구청),7,12
20250524,신도림,서울대입구(관악구청),8,35
20250524,신도림,서울대입구(관악구청),9,33
20250524,신도림,서울대입구(관악구청),10,28
20250524,신도림,서울대입구(관악구청),11,44
20250524,신도림,서울대입구(관악구청),12,36
20250524,신도림,서울대입구(관악구청),13,53
20250524,신도림,서울대입구(관악구청),14,35
20250524,신도림,서울대입구(관악구청),15,51
20250524,신도림,서울대입구(관악구청),16,57
20250524,신도림,서울대입구(관악구청),17,46
20250524,신도림,서울대입구(관악구청),18,55
20250524,신도림,서울대입구(관악구청),19,49
20250524,신도림,서울대입구(관악구청),20,31
20250524,신도림,서울대입구(관악구청),21,33
20250524,신도림,서울대입구(관악구청),22,23
20250524,신도림,서울대입구(관악구청),23,22
20250524,신도림,서초,4,4
20250524,신도림,서초,5,25
20250524,신도림,서초,6,17
20250524,신도림,서초,7,12
20250524,신도림,서초,8,11
20250524,신도림,서초,9,29
20250524,신도림,서초,10,20
20250524,신도림,서초,11,12
20250524,신도림,서초,12,19
20250524,신도림,서초,13,25
20250524,신도림,서초,14,16
20250524,신도림,서초,15,13
20250524,신도림,서초,16,11
20250524,신도림,서초,17,9
20250524,신도림,서초,18,7
20250524,신도림,서초,19,4
20250524,신도림,서초,20,10
20250524,신도림,서초,21,5
20250524,신도림,서초,22,4
20250524,신도림,서초,23,2
20250524,신도림,선릉,4,3
20250524,신도림,선릉,5,22
20250524,신도림,선릉,6,14
20250524,신도림,선릉,7,11
20250524,신도림,선릉,8,31
20250524,신도림,선릉,9,46
20250524,신도림,선릉,10,33
20250524,신도림,선릉,11,33
20250524,신도림,선릉,12,30
20250524,신도림,선릉,13,41
20250524,신도림,선릉,14,27
20250524,신도림,선릉,15,31
20250524,신도림,선릉,16,25
20250524,신도림,선릉,17,26
20250524,신도림,선릉,18,21
20250524,신도림,선릉,19,11
20250524,신도림,선릉,20,12
20250524,신도림,선릉,21,3
20250524,신도림,선릉,22,6
20250524,신도림,선릉,23,3
20250524,신도림,성수,4,2
20250524,신도림,성수,5,26
20250524,신도림,성수,6,9
20250524,신도림,성수,7,10
20250524,신도림,성수,8,6
20250524,신도림,성수,9,22
20250524,신도림,성수,10,16
20250524,신도림,성수,11,13
20250524,신도림,성수,12,24
20250524,신도림,성수,13,24
20250524,신도림,성수,14,29
20250524,신도림,성수,15,21
20250524,신도림,성수,16,13
20250524,신도림,성수,17,19
20250524,신도림,성수,18,10
20250524,신도림,성수,19,6
20250524,신도림,성수,20,3
20250524,신도림,성수,21,1
20250524,신도림,성수,22,6
20250524,신도림,성수,23,2
20250524,신도림,시청,4,1
20250524,신도림,시청,5,9
20250524,신도림,시청,6,12
20250524,신도림,시청,7,10
20250524,신도림,시청,8,7
20250524,신도림,시청,9,17
20250524,신도림,시청,10,14
20250524,신도림,시청,11,13
20250524,신도림,시청,12,11
20250524,신도림,시청,13,13
20250524,신도림,시청,14,13
20250524,신도림,시청,15,3
20250524,신도림,시청,16,16
20250524,신도림,시청,17,7
20250524,신도림,시청,18,7
20250524,신도림,시청,19,1
20250524,신도림,시청,21,1
20250524,신도림,시청,22,1
20250524,신도림,신당,5,4
20250524,신도림,신당,6,5
20250524,신도림,신당,7,12
20250524,신도림,신당,8,7
20250524,신도림,신당,9,8
20250524,신도림,신당,10,7
20250524,신도림,신당,11,9
20250524,신도림,신당,12,2
20250524,신도림,신당,13,7
20250524,신도림,신당,14,5
20250524,신도림,신당,15,15
20250524,신도림,신당,16,9
20250524,신도림,신당,17,13
20250524,신도림,신당,18,9
20250524,신도림,신당,19,5
20250524,신도림,신당,20,3
20250524,신도림,신당,21,7
20250524,신도림,신당,22,8
20250524,신도림,신대방,4,1
20250524,신도림,신대방,5,7
20250524,신도림,신대방,6,10
20250524,신도림,신대방,7,10
20250524,신도림,신대방,8,18
20250524,신도림,신대방,9,29
20250524,신도림,신대방,10,36
20250524,신도림,신대방,11,58
20250524,신도림,신대방,12,53
20250524,신도림,신대방,13,74
20250524,신도림,신대방,14,73
20250524,신도림,신대방,15,78
20250524,신도림,신대방,16,65
20250524,신도림,신대방,17,56
20250524,신도림,신대방,18,74
20250524,신도림,신대방,19,67
20250524,신도림,신대방,20,68
20250524,신도림,신대방,21,43
20250524,신도림,신대방,22,29
20250524,신도림,신대방,23,19
20250524,신도림,신도림,0,9
20250524,신도림,신도림,4,2
20250524,신도림,신도림,5,12
20250524,신도림,신도림,6,14
20250524,신도림,신도림,7,7
20250524,신도림,신도림,8,25
20250524,신도림,신도림,9,17
20250524,신도림,신도림,10,38
20250524,신도림,신도림,11,64
20250524,신도림,신도림,12,51
20250524,신도림,신도림,13,64
20250524,신도림,신도림,14,69
20250524,신도림,신도림,15,54
20250524,신도림,신도림,16,55
20250524,신도림,신도림,17,66
20250524,신도림,신도림,18,36
20250524,신도림,신도림,19,62
20250524,신도림,신도림,20,38
20250524,신도림,신도림,21,46
20250524,신도림,신도림,22,39
20250524,신도림,신도림,23,59
20250524,신도림,신림,4,3
20250524,신도림,신림,5,7
20250524,신도림,신림,6,9
20250524,신도림,신림,7,13
20250524,신도림,신림,8,21
20250524,신도림,신림,9,26
20250524,신도림,신림,10,41
20250524,신도림,신림,11,41
20250524,신도림,신림,12,60
20250524,신도림,신림,13,73
20250524,신도림,신림,14,82
20250524,신도림,신림,15,90
20250524,신도림,신림,16,93
20250524,신도림,신림,17,115
20250524,신도림,신림,18,91
20250524,신도림,신림,19,119
20250524,신도림,신림,20,97
20250524,신도림,신림,21,73
20250524,신도림,신림,22,75
20250524,신도림,신림,23,53
20250524,신도림,신촌,5,3
20250524,신도림,신촌,6,7
20250524,신도림,신촌,7,30
20250524,신도림,신촌,8,53
20250524,신도림,신촌,9,86
20250524,신도림,신촌,10,70
20250524,신도림,신촌,11,82
20250524,신도림,신촌,12,91
20250524,신도림,신촌,13,103
20250524,신도림,신촌,14,88
20250524,신도림,신촌,15,76
20250524,신도림,신촌,16,53
20250524,신도림,신촌,17,46
20250524,신도림,신촌,18,55
20250524,신도림,신촌,19,38
20250524,신도림,신촌,20,36
20250524,신도림,신촌,21,18
20250524,신도림,신촌,22,14
20250524,신도림,신촌,23,7
20250524,신도림,아현,5,3
20250524,신도림,아현,6,1
20250524,신도림,아현,7,11
20250524,신도림,아현,8,15
20250524,신도림,아현,9,9
20250524,신도림,아현,10,7
20250524,신도림,아현,11,11
20250524,신도림,아현,12,5
20250524,신도림,아현,13,16
20250524,신도림,아현,14,11
20250524,신도림,아현,15,8
20250524,신도림,아현,16,8
20250524,신도림,아현,17,11
20250524,신도림,아현,18,6
20250524,신도림,아현,19,3
20250524,신도림,아현,20,8
20250524,신도림,아현,21,8
20250524,신도림,아현,22,3
20250524,신도림,아현,23,1
20250524,신도림,역삼,4,1
20250524,신도림,역삼,5,15
20250524,신도림,역삼,6,8
20250524,신도림,역삼,7,16
20250524,신도림,역삼,8,27
20250524,신도림,역삼,9,27
20250524,신도림,역삼,10,29
20250524,신도림,역삼,11,24
20250524,신도림,역삼,12,25
20250524,신도림,역삼,13,21
20250524,신도림,역삼,14,17
20250524,신도림,역삼,15,20
20250524,신도림,역삼,16,28
20250524,신도림,역삼,17,17
20250524,신도림,역삼,18,12
20250524,신도림,역삼,19,11
20250524,신도림,역삼,20,3
20250524,신도림,역삼,21,4
20250524,신도림,역삼,22,11
20250524,신도림,역삼,23,2
20250524,신도림,영등포구청,5,18
20250524,신도림,영등포구청,6,11
20250524,신도림,영등포구청,7,18
20250524,신도림,영등포구청,8,15
20250524,신도림,영등포구청,9,39
20250524,신도림,영등포구청,10,28
20250524,신도림,영등포구청,11,28
20250524,신도림,영등포구청,12,30
20250524,신도림,영등포구청,13,36
20250524,신도림,영등포구청,14,44
20250524,신도림,영등포구청,15,36
20250524,신도림,영등포구청,16,39
20250524,신도림,영등포구청,17,32
20250524,신도림,영등포구청,18,43
20250524,신도림,영등포구청,19,23
20250524,신도림,영등포구청,20,26
20250524,신도림,영등포구청,21,9
20250524,신도림,영등포구청,22,8
20250524,신도림,영등포구청,23,13
20250524,신도림,왕십리(성동구청),5,5
20250524,신도림,왕십리(성동구청),6,6
20250524,신도림,왕십리(성동구청),7,5
20250524,신도림,왕십리(성동구청),8,4
20250524,신도림,왕십리(성동구청),9,2
20250524,신도림,왕십리(성동구청),10,4
20250524,신도림,왕십리(성동구청),11,2
20250524,신도림,왕십리(성동구청),12,9
20250524,신도림,왕십리(성동구청),13,5
20250524,신도림,왕십리(성동구청),14,14
20250524,신도림,왕십리(성동구청),15,7
20250524,신도림,왕십리(성동구청),16,12
20250524,신도림,왕십리(성동구청),17,5
20250524,신도림,왕십리(성동구청),18,14
20250524,신도림,왕십리(성동구청),19,11
20250524,신도림,왕십리(성동구청),20,8
20250524,신도림,왕십리(성동구청),21,3
20250524,신도림,왕십리(성동구청),22,2
20250524,신도림,왕십리(성동구청),23,1
20250524,신도림,용두(동대문구청),6,1
20250524,신도림,용두(동대문구청),9,1
20250524,신도림,용두(동대문구청),11,1
20250524,신도림,용두(동대문구청),13,1
20250524,신도림,용두(동대문구청),18,1
20250524,신도림,을지로3가,5,22
20250524,신도림,을지로3가,6,11
20250524,신도림,을지로3가,7,7
20250524,신도림,을지로3가,8,8
20250524,신도림,을지로3가,9,13
20250524,신도림,을지로3가,10,10
20250524,신도림,을지로3가,11,13
20250524,신도림,을지로3가,12,20
20250524,신도림,을지로3가,13,20
20250524,신도림,을지로3가,14,13
20250524,신도림,을지로3가,15,7
20250524,신도림,을지로3가,16,16
20250524,신도림,을지로3가,17,17
20250524,신도림,을지로3가,18,14
20250524,신도림,을지로3가,19,5
20250524,신도림,을지로3가,20,3
20250524,신도림,을지로3가,21,5
20250524,신도림,을지로3가,22,3
20250524,신도림,을지로4가,4,1
20250524,신도림,을지로4가,5,4
20250524,신도림,을지로4가,6,2
20250524,신도림,을지로4가,7,7
20250524,신도림,을지로4가,8,7
20250524,신도림,을지로4가,9,8
20250524,신도림,을지로4가,10,11
20250524,신도림,을지로4가,11,15
20250524,신도림,을지로4가,12,7
20250524,신도림,을지로4가,13,6
20250524,신도림,을지로4가,14,8
20250524,신도림,을지로4가,15,10
20250524,신도림,을지로4가,16,6
20250524,신도림,을지로4가,17,6
20250524,신도림,을지로4가,18,5
20250524,신도림,을지로4가,20,5
20250524,신도림,을지로4가,21,1
20250524,신도림,을지로4가,22,1
20250524,신도림,을지로입구,5,6
20250524,신도림,을지로입구,6,15
20250524,신도림,을지로입구,7,22
20250524,신도림,을지로입구,8,59
20250524,신도림,을지로입구,9,54
20250524,신도림,을지로입구,10,60
20250524,신도림,을지로입구,11,37
20250524,신도림,을지로입구,12,39
20250524,신도림,을지로입구,13,40
20250524,신도림,을지로입구,14,42
20250524,신도림,을지로입구,15,26
20250524,신도림,을지로입구,16,29
20250524,신도림,을지로입구,17,35
20250524,신도림,을지로입구,18,9
20250524,신도림,을지로입구,19,12
20250524,신도림,을지로입구,20,1
20250524,신도림,을지로입구,21,2
20250524,신도림,을지로입구,23,1
20250524,신도림,이대,5,4
20250524,신도림,이대,6,6
20250524,신도림,이대,7,9
20250524,신도림,이대,8,20
20250524,신도림,이대,9,22
20250524,신도림,이대,10,14
20250524,신도림,이대,11,16
20250524,신도림,이대,12,14
20250524,신도림,이대,13,21
20250524,신도림,이대,14,27
20250524,신도림,이대,15,13
20250524,신도림,이대,16,13
20250524,신도림,이대,17,21
20250524,신도림,이대,18,10
20250524,신도림,이대,19,8
20250524,신도림,이대,20,8
20250524,신도림,이대,21,9
20250524,신도림,이대,22,9
20250524,신도림,이대,23,6
20250524,신도림,잠실(송파구청),4,2
20250524,신도림,잠실(송파구청),5,27
20250524,신도림,잠실(송파구청),6,18
20250524,신도림,잠실(송파구청),7,25
20250524,신도림,잠실(송파구청),8,35
20250524,신도림,잠실(송파구청),9,48
20250524,신도림,잠실(송파구청),10,34
20250524,신도림,잠실(송파구청),11,34
20250524,신도림,잠실(송파구청),12,59
20250524,신도림,잠실(송파구청),13,56
20250524,신도림,잠실(송파구청),14,67
20250524,신도림,잠실(송파구청),15,59
20250524,신도림,잠실(송파구청),16,69
20250524,신도림,잠실(송파구청),17,41
20250524,신도림,잠실(송파구청),18,24
20250524,신도림,잠실(송파구청),19,26
20250524,신도림,잠실(송파구청),20,20
20250524,신도림,잠실(송파구청),21,13
20250524,신도림,잠실(송파구청),22,19
20250524,신도림,잠실(송파구청),23,1
20250524,신도림,잠실나루,4,2
20250524,신도림,잠실나루,5,24
20250524,신도림,잠실나루,6,2
20250524,신도림,잠실나루,7,3
20250524,신도림,잠실나루,9,2
20250524,신도림,잠실나루,11,2
20250524,신도림,잠실나루,12,3
20250524,신도림,잠실나루,14,1
20250524,신도림,잠실나루,15,3
20250524,신도림,잠실나루,16,6
20250524,신도림,잠실나루,18,4
20250524,신도림,잠실나루,19,5
20250524,신도림,잠실나루,20,6
20250524,신도림,잠실나루,21,6
20250524,신도림,잠실나루,22,2
20250524,신도림,잠실새내,4,1
20250524,신도림,잠실새내,5,4
20250524,신도림,잠실새내,6,2
20250524,신도림,잠실새내,7,1
20250524,신도림,잠실새내,8,9
20250524,신도림,잠실새내,9,4
20250524,신도림,잠실새내,10,3
20250524,신도림,잠실새내,11,5
20250524,신도림,잠실새내,12,10
20250524,신도림,잠실새내,13,11
20250524,신도림,잠실새내,14,12
20250524,신도림,잠실새내,15,19
20250524,신도림,잠실새내,16,14
20250524,신도림,잠실새내,17,7
20250524,신도림,잠실새내,18,10
20250524,신도림,잠실새내,19,8
20250524,신도림,잠실새내,20,4
20250524,신도림,잠실새내,21,9
20250524,신도림,잠실새내,22,4
20250524,신도림,잠실새내,23,1
20250524,신도림,종합운동장,5,21
20250524,신도림,종합운동장,6,9
20250524,신도림,종합운동장,7,8
20250524,신도림,종합운동장,8,5
20250524,신도림,종합운동장,9,2
20250524,신도림,종합운동장,10,5
20250524,신도림,종합운동장,11,11
20250524,신도림,종합운동장,12,12
20250524,신도림,종합운동장,13,8
20250524,신도림,종합운동장,14,18
20250524,신도림,종합운동장,15,57
20250524,신도림,종합운동장,16,26
20250524,신도림,종합운동장,17,9
20250524,신도림,종합운동장,18,6
20250524,신도림,종합운동장,19,1
20250524,신도림,종합운동장,20,2
20250524,신도림,종합운동장,22,3
20250524,신도림,충정로(경기대입구),5,5
20250524,신도림,충정로(경기대입구),6,2
20250524,신도림,충정로(경기대입구),7,3
20250524,신도림,충정로(경기대입구),8,9
20250524,신도림,충정로(경기대입구),9,4
20250524,신도림,충정로(경기대입구),10,8
20250524,신도림,충정로(경기대입구),11,5
20250524,신도림,충정로(경기대입구),12,12
20250524,신도림,충정로(경기대입구),13,7
20250524,신도림,충정로(경기대입구),14,13
20250524,신도림,충정로(경기대입구),15,7
20250524,신도림,충정로(경기대입구),16,6
20250524,신도림,충정로(경기대입구),17,4
20250524,신도림,충정로(경기대입구),18,3
20250524,신도림,충정로(경기대입구),19,2
20250524,신도림,충정로(경기대입구),20,5
20250524,신도림,충정로(경기대입구),21,2
20250524,신도림,충정로(경기대입구),22,2
20250524,신도림,한양대,5,2
20250524,신도림,한양대,6,2
20250524,신도림,한양대,7,6
20250524,신도림,한양대,8,9
20250524,신도림,한양대,9,7
20250524,신도림,한양대,10,5
20250524,신도림,한양대,11,2
20250524,신도림,한양대,12,4
20250524,신도림,한양대,13,6
20250524,신도림,한양대,14,4
20250524,신도림,한양대,15,4
20250524,신도림,한양대,16,3
20250524,신도림,한양대,17,4
20250524,신도림,한양대,20,2
20250524,신도림,한양대,21,2
20250524,신도림,합정,5,14
20250524,신도림,합정,6,25
20250524,신도림,합정,7,16
20250524,신도림,합정,8,45
20250524,신도림,합정,9,59
20250524,신도림,합정,10,77
20250524,신도림,합정,11,89
20250524,신도림,합정,12,113
20250524,신도림,합정,13,118
20250524,신도림,합정,14,100
20250524,신도림,합정,15,124
20250524,신도림,합정,16,119
20250524,신도림,합정,17,134
20250524,신도림,합정,18,89
20250524,신도림,합정,19,66
20250524,신도림,합정,20,45
20250524,신도림,합정,21,33
20250524,신도림,합정,22,26
20250524,신도림,합정,23,15
20250524,신도림,홍대입구,4,1
20250524,신도림,홍대입구,5,10
20250524,신도림,홍대입구,6,21
20250524,신도림,홍대입구,7,22
20250524,신도림,홍대입구,8,62
20250524,신도림,홍대입구,9,109
20250524,신도림,홍대입구,10,115
20250524,신도림,홍대입구,11,166
20250524,신도림,홍대입구,12,185
20250524,신도림,홍대입구,13,227
20250524,신도림,홍대입구,14,220
20250524,신도림,홍대입구,15,210
20250524,신도림,홍대입구,16,196
20250524,신도림,홍대입구,17,155
20250524,신도림,홍대입구,18,132
20250524,신도림,홍대입구,19,81
20250524,신도림,홍대입구,20,78
20250524,신도림,홍대입구,21,53
20250524,신도림,홍대입구,22,45
20250524,신도림,홍대입구,23,34
20250524,신림,강남,5,66
20250524,신림,강남,6,68
20250524,신림,강남,7,135
20250524,신림,강남,8,344
20250524,신림,강남,9,411
20250524,신림,강남,10,260
20250524,신림,강남,11,187
20250524,신림,강남,12,186
20250524,신림,강남,13,208
20250524,신림,강남,14,177
20250524,신림,강남,15,132
20250524,신림,강남,16,138
20250524,신림,강남,17,141
20250524,신림,강남,18,106
20250524,신림,강남,19,77
20250524,신림,강남,20,72
20250524,신림,강남,21,53
20250524,신림,강남,22,54
20250524,신림,강남,23,30
20250524,신림,강변(동서울터미널),5,21
20250524,신림,강변(동서울터미널),6,15
20250524,신림,강변(동서울터미널),7,20
20250524,신림,강변(동서울터미널),8,26
20250524,신림,강변(동서울터미널),9,22
20250524,신림,강변(동서울터미널),10,24
20250524,신림,강변(동서울터미널),11,21
20250524,신림,강변(동서울터미널),12,20
20250524,신림,강변(동서울터미널),13,37
20250524,신림,강변(동서울터미널),14,21
20250524,신림,강변(동서울터미널),15,21
20250524,신림,강변(동서울터미널),16,16
20250524,신림,강변(동서울터미널),17,11
20250524,신림,강변(동서울터미널),18,10
20250524,신림,강변(동서울터미널),19,9
20250524,신림,강변(동서울터미널),20,4
20250524,신림,강변(동서울터미널),21,6
20250524,신림,강변(동서울터미널),22,9
20250524,신림,강변(동서울터미널),23,2
20250524,신림,건대입구,5,3
20250524,신림,건대입구,6,4
20250524,신림,건대입구,7,9
20250524,신림,건대입구,8,10
20250524,신림,건대입구,9,15
20250524,신림,건대입구,10,20
20250524,신림,건대입구,11,25
20250524,신림,건대입구,12,25
20250524,신림,건대입구,13,37
20250524,신림,건대입구,14,22
20250524,신림,건대입구,15,19
20250524,신림,건대입구,16,19
20250524,신림,건대입구,17,18
20250524,신림,건대입구,18,21
20250524,신림,건대입구,19,9
20250524,신림,건대입구,20,10
20250524,신림,건대입구,21,6
20250524,신림,건대입구,22,10
20250524,신림,건대입구,23,5
20250524,신림,교대(법원.검찰청),5,32
20250524,신림,교대(법원.검찰청),6,49
20250524,신림,교대(법원.검찰청),7,63
20250524,신림,교대(법원.검찰청),8,118
20250524,신림,교대(법원.검찰청),9,92
20250524,신림,교대(법원.검찰청),10,54
20250524,신림,교대(법원.검찰청),11,42
20250524,신림,교대(법원.검찰청),12,48
20250524,신림,교대(법원.검찰청),13,40
20250524,신림,교대(법원.검찰청),14,28
20250524,신림,교대(법원.검찰청),15,50
20250524,신림,교대(법원.검찰청),16,22
20250524,신림,교대(법원.검찰청),17,32
20250524,신림,교대(법원.검찰청),18,17
20250524,신림,교대(법원.검찰청),19,17
20250524,신림,교대(법원.검찰청),20,14
20250524,신림,교대(법원.검찰청),21,7
20250524,신림,교대(법원.검찰청),22,12
20250524,신림,교대(법원.검찰청),23,7
20250524,신림,구로디지털단지,5,7
20250524,신림,구로디지털단지,6,15
20250524,신림,구로디지털단지,7,31
20250524,신림,구로디지털단지,8,61
20250524,신림,구로디지털단지,9,59
20250524,신림,구로디지털단지,10,68
20250524,신림,구로디지털단지,11,78
20250524,신림,구로디지털단지,12,83
20250524,신림,구로디지털단지,13,80
20250524,신림,구로디지털단지,14,73
20250524,신림,구로디지털단지,15,86
20250524,신림,구로디지털단지,16,104
20250524,신림,구로디지털단지,17,96
20250524,신림,구로디지털단지,18,98
20250524,신림,구로디지털단지,19,81
20250524,신림,구로디지털단지,20,83
20250524,신림,구로디지털단지,21,83
20250524,신림,구로디지털단지,22,66
20250524,신림,구로디지털단지,23,51
20250524,신림,구의(광진구청),5,8
20250524,신림,구의(광진구청),6,3
20250524,신림,구의(광진구청),7,7
20250524,신림,구의(광진구청),8,6
20250524,신림,구의(광진구청),9,18
20250524,신림,구의(광진구청),10,11
20250524,신림,구의(광진구청),11,6
20250524,신림,구의(광진구청),12,14
20250524,신림,구의(광진구청),13,17
20250524,신림,구의(광진구청),14,16
20250524,신림,구의(광진구청),15,18
20250524,신림,구의(광진구청),16,15
20250524,신림,구의(광진구청),17,8
20250524,신림,구의(광진구청),18,7
20250524,신림,구의(광진구청),19,5
20250524,신림,구의(광진구청),20,12
20250524,신림,구의(광진구청),21,8
20250524,신림,구의(광진구청),22,3
20250524,신림,구의(광진구청),23,2
20250524,신림,낙성대,5,10
20250524,신림,낙성대,6,15
20250524,신림,낙성대,7,24
20250524,신림,낙성대,8,62
20250524,신림,낙성대,9,66
20250524,신림,낙성대,10,54
20250524,신림,낙성대,11,62
20250524,신림,낙성대,12,75
20250524,신림,낙성대,13,75
20250524,신림,낙성대,14,54
20250524,신림,낙성대,15,39
20250524,신림,낙성대,16,53
20250524,신림,낙성대,17,73
20250524,신림,낙성대,18,58
20250524,신림,낙성대,19,61
20250524,신림,낙성대,20,65
20250524,신림,낙성대,21,56
20250524,신림,낙성대,22,44
20250524,신림,낙성대,23,26
20250524,신림,당산,5,13
20250524,신림,당산,6,12
20250524,신림,당산,7,10
20250524,신림,당산,8,39
20250524,신림,당산,9,37
20250524,신림,당산,10,36
20250524,신림,당산,11,34
20250524,신림,당산,12,31
20250524,신림,당산,13,23
20250524,신림,당산,14,25
20250524,신림,당산,15,18
20250524,신림,당산,16,28
20250524,신림,당산,17,39
20250524,신림,당산,18,36
20250524,신림,당산,19,19
20250524,신림,당산,20,25
20250524,신림,당산,21,17
20250524,신림,당산,22,16
20250524,신림,당산,23,10
20250524,신림,대림(구로구청),5,8
20250524,신림,대림(구로구청),6,8
20250524,신림,대림(구로구청),7,21
20250524,신림,대림(구로구청),8,43
20250524,신림,대림(구로구청),9,36
20250524,신림,대림(구로구청),10,49
20250524,신림,대림(구로구청),11,41
20250524,신림,대림(구로구청),12,39
20250524,신림,대림(구로구청),13,37
20250524,신림,대림(구로구청),14,41
20250524,신림,대림(구로구청),15,41
20250524,신림,대림(구로구청),16,56
20250524,신림,대림(구로구청),17,43
20250524,신림,대림(구로구청),18,48
20250524,신림,대림(구로구청),19,43
20250524,신림,대림(구로구청),20,36
20250524,신림,대림(구로구청),21,33
20250524,신림,대림(구로구청),22,32
20250524,신림,대림(구로구청),23,24
20250524,신림,동대문역사문화공원,4,1
20250524,신림,동대문역사문화공원,5,5
20250524,신림,동대문역사문화공원,6,3
20250524,신림,동대문역사문화공원,7,9
20250524,신림,동대문역사문화공원,8,16
20250524,신림,동대문역사문화공원,9,18
20250524,신림,동대문역사문화공원,10,22
20250524,신림,동대문역사문화공원,11,24
20250524,신림,동대문역사문화공원,12,16
20250524,신림,동대문역사문화공원,13,18
20250524,신림,동대문역사문화공원,14,14
20250524,신림,동대문역사문화공원,15,12
20250524,신림,동대문역사문화공원,16,16
20250524,신림,동대문역사문화공원,17,7
20250524,신림,동대문역사문화공원,18,3
20250524,신림,동대문역사문화공원,19,14
20250524,신림,동대문역사문화공원,20,6
20250524,신림,동대문역사문화공원,21,2
20250524,신림,동대문역사문화공원,22,4
20250524,신림,뚝섬,5,6
20250524,신림,뚝섬,6,2
20250524,신림,뚝섬,7,5
20250524,신림,뚝섬,8,6
20250524,신림,뚝섬,9,12
20250524,신림,뚝섬,10,15
20250524,신림,뚝섬,11,17
20250524,신림,뚝섬,12,18
20250524,신림,뚝섬,13,11
20250524,신림,뚝섬,14,4
20250524,신림,뚝섬,15,3
20250524,신림,뚝섬,16,11
20250524,신림,뚝섬,17,6
20250524,신림,뚝섬,18,2
20250524,신림,뚝섬,19,2
20250524,신림,뚝섬,20,6
20250524,신림,뚝섬,21,3
20250524,신림,뚝섬,22,2
20250524,신림,뚝섬,23,1
20250524,신림,문래,5,13
20250524,신림,문래,6,11
20250524,신림,문래,7,15
20250524,신림,문래,8,34
20250524,신림,문래,9,35
20250524,신림,문래,10,19
20250524,신림,문래,11,23
20250524,신림,문래,12,55
20250524,신림,문래,13,45
20250524,신림,문래,14,27
20250524,신림,문래,15,56
20250524,신림,문래,16,58
20250524,신림,문래,17,29
20250524,신림,문래,18,36
20250524,신림,문래,19,39
20250524,신림,문래,20,18
20250524,신림,문래,21,8
20250524,신림,문래,22,6
20250524,신림,문래,23,7
20250524,신림,방배,5,14
20250524,신림,방배,6,28
20250524,신림,방배,7,35
20250524,신림,방배,8,69
20250524,신림,방배,9,60
20250524,신림,방배,10,44
20250524,신림,방배,11,24
20250524,신림,방배,12,21
20250524,신림,방배,13,20
20250524,신림,방배,14,22
20250524,신림,방배,15,17
20250524,신림,방배,16,20
20250524,신림,방배,17,19
20250524,신림,방배,18,16
20250524,신림,방배,19,17
20250524,신림,방배,20,13
20250524,신림,방배,21,10
20250524,신림,방배,22,14
20250524,신림,방배,23,4
20250524,신림,봉천,5,7
20250524,신림,봉천,6,10
20250524,신림,봉천,7,15
20250524,신림,봉천,8,44
20250524,신림,봉천,9,43
20250524,신림,봉천,10,45
20250524,신림,봉천,11,87
20250524,신림,봉천,12,66
20250524,신림,봉천,13,77
20250524,신림,봉천,14,85
20250524,신림,봉천,15,70
20250524,신림,봉천,16,75
20250524,신림,봉천,17,73
20250524,신림,봉천,18,73
20250524,신림,봉천,19,54
20250524,신림,봉천,20,45
20250524,신림,봉천,21,68
20250524,신림,봉천,22,32
20250524,신림,봉천,23,31
20250524,신림,사당,5,30
20250524,신림,사당,6,58
20250524,신림,사당,7,53
20250524,신림,사당,8,78
20250524,신림,사당,9,84
20250524,신림,사당,10,84
20250524,신림,사당,11,84
20250524,신림,사당,12,133
20250524,신림,사당,13,93
20250524,신림,사당,14,97
20250524,신림,사당,15,77
20250524,신림,사당,16,112
20250524,신림,사당,17,82
20250524,신림,사당,18,79
20250524,신림,사당,19,61
20250524,신림,사당,20,70
20250524,신림,사당,21,54
20250524,신림,사당,22,35
20250524,신림,사당,23,24
20250524,신림,삼성(무역센터),5,50
20250524,신림,삼성(무역센터),6,64
20250524,신림,삼성(무역센터),7,65
20250524,신림,삼성(무역센터),8,97
20250524,신림,삼성(무역센터),9,109
20250524,신림,삼성(무역센터),10,82
20250524,신림,삼성(무역센터),11,84
20250524,신림,삼성(무역센터),12,83
20250524,신림,삼성(무역센터),13,58
20250524,신림,삼성(무역센터),14,55
20250524,신림,삼성(무역센터),15,43
20250524,신림,삼성(무역센터),16,27
20250524,신림,삼성(무역센터),17,30
20250524,신림,삼성(무역센터),18,19
20250524,신림,삼성(무역센터),19,21
20250524,신림,삼성(무역센터),20,14
20250524,신림,삼성(무역센터),21,10
20250524,신림,삼성(무역센터),22,12
20250524,신림,삼성(무역센터),23,10
20250524,신림,상왕십리,5,1
20250524,신림,상왕십리,7,3
20250524,신림,상왕십리,8,3
20250524,신림,상왕십리,9,3
20250524,신림,상왕십리,10,1
20250524,신림,상왕십리,11,3
20250524,신림,상왕십리,12,4
20250524,신림,상왕십리,13,2
20250524,신림,상왕십리,14,5
20250524,신림,상왕십리,15,1
20250524,신림,상왕십리,16,8
20250524,신림,상왕십리,17,2
20250524,신림,상왕십리,18,1
20250524,신림,상왕십리,19,7
20250524,신림,상왕십리,20,5
20250524,신림,상왕십리,21,4
20250524,신림,상왕십리,22,1
20250524,신림,상왕십리,23,1
20250524,신림,서울대입구(관악구청),5,7
20250524,신림,서울대입구(관악구청),6,21
20250524,신림,서울대입구(관악구청),7,30
20250524,신림,서울대입구(관악구청),8,88
20250524,신림,서울대입구(관악구청),9,135
20250524,신림,서울대입구(관악구청),10,116
20250524,신림,서울대입구(관악구청),11,107
20250524,신림,서울대입구(관악구청),12,118
20250524,신림,서울대입구(관악구청),13,121
20250524,신림,서울대입구(관악구청),14,120
20250524,신림,서울대입구(관악구청),15,109
20250524,신림,서울대입구(관악구청),16,140
20250524,신림,서울대입구(관악구청),17,114
20250524,신림,서울대입구(관악구청),18,159
20250524,신림,서울대입구(관악구청),19,146
20250524,신림,서울대입구(관악구청),20,91
20250524,신림,서울대입구(관악구청),21,103
20250524,신림,서울대입구(관악구청),22,68
20250524,신림,서울대입구(관악구청),23,68
20250524,신림,서초,5,35
20250524,신림,서초,6,42
20250524,신림,서초,7,57
20250524,신림,서초,8,68
20250524,신림,서초,9,71
20250524,신림,서초,10,40
20250524,신림,서초,11,50
20250524,신림,서초,12,50
20250524,신림,서초,13,41
20250524,신림,서초,14,36
20250524,신림,서초,15,26
20250524,신림,서초,16,21
20250524,신림,서초,17,28
20250524,신림,서초,18,14
20250524,신림,서초,19,9
20250524,신림,서초,20,6
20250524,신림,서초,21,10
20250524,신림,서초,22,6
20250524,신림,서초,23,6
20250524,신림,선릉,5,32
20250524,신림,선릉,6,57
20250524,신림,선릉,7,48
20250524,신림,선릉,8,112
20250524,신림,선릉,9,116
20250524,신림,선릉,10,68
20250524,신림,선릉,11,60
20250524,신림,선릉,12,54
20250524,신림,선릉,13,64
20250524,신림,선릉,14,37
20250524,신림,선릉,15,32
20250524,신림,선릉,16,32
20250524,신림,선릉,17,27
20250524,신림,선릉,18,22
20250524,신림,선릉,19,24
20250524,신림,선릉,20,20
20250524,신림,선릉,21,11
20250524,신림,선릉,22,8
20250524,신림,선릉,23,8
20250524,신림,성수,5,16
20250524,신림,성수,6,10
20250524,신림,성수,7,15
20250524,신림,성수,8,22
20250524,신림,성수,9,35
20250524,신림,성수,10,34
20250524,신림,성수,11,48
20250524,신림,성수,12,50
20250524,신림,성수,13,41
20250524,신림,성수,14,48
20250524,신림,성수,15,41
20250524,신림,성수,16,29
20250524,신림,성수,17,16
20250524,신림,성수,18,9
20250524,신림,성수,19,4
20250524,신림,성수,20,4
20250524,신림,성수,22,1
20250524,신림,성수,23,2
20250524,신림,시청,5,7
20250524,신림,시청,6,8
20250524,신림,시청,7,11
20250524,신림,시청,8,20
20250524,신림,시청,9,22
20250524,신림,시청,10,18
20250524,신림,시청,11,21
20250524,신림,시청,12,28
20250524,신림,시청,13,15
20250524,신림,시청,14,15
20250524,신림,시청,15,7
20250524,신림,시청,16,11
20250524,신림,시청,17,8
20250524,신림,시청,18,3
20250524,신림,시청,19,2
20250524,신림,시청,20,1
20250524,신림,시청,21,2
20250524,신림,시청,22,4
20250524,신림,시청,23,1
20250524,신림,신당,6,2
20250524,신림,신당,7,5
20250524,신림,신당,8,4
20250524,신림,신당,9,5
20250524,신림,신당,10,10
20250524,신림,신당,11,7
20250524,신림,신당,12,4
20250524,신림,신당,13,5
20250524,신림,신당,14,6
20250524,신림,신당,15,6
20250524,신림,신당,16,2
20250524,신림,신당,17,7
20250524,신림,신당,18,1
20250524,신림,신당,19,4
20250524,신림,신당,20,3
20250524,신림,신당,21,1
20250524,신림,신당,22,1
20250524,신림,신대방,5,12
20250524,신림,신대방,6,12
20250524,신림,신대방,7,9
20250524,신림,신대방,8,26
20250524,신림,신대방,9,26
20250524,신림,신대방,10,42
20250524,신림,신대방,11,42
20250524,신림,신대방,12,50
20250524,신림,신대방,13,39
20250524,신림,신대방,14,44
20250524,신림,신대방,15,41
20250524,신림,신대방,16,52
20250524,신림,신대방,17,46
20250524,신림,신대방,18,54
20250524,신림,신대방,19,50
20250524,신림,신대방,20,53
20250524,신림,신대방,21,49
20250524,신림,신대방,22,45
20250524,신림,신대방,23,26
20250524,신림,신도림,5,12
20250524,신림,신도림,6,24
20250524,신림,신도림,7,26
20250524,신림,신도림,8,62
20250524,신림,신도림,9,66
20250524,신림,신도림,10,73
20250524,신림,신도림,11,75
20250524,신림,신도림,12,83
20250524,신림,신도림,13,87
20250524,신림,신도림,14,75
20250524,신림,신도림,15,97
20250524,신림,신도림,16,77
20250524,신림,신도림,17,75
20250524,신림,신도림,18,99
20250524,신림,신도림,19,52
20250524,신림,신도림,20,40
20250524,신림,신도림,21,41
20250524,신림,신도림,22,39
20250524,신림,신도림,23,42
20250524,신림,신림,0,3
20250524,신림,신림,4,1
20250524,신림,신림,5,15
20250524,신림,신림,6,11
20250524,신림,신림,7,18
20250524,신림,신림,8,20
20250524,신림,신림,9,17
20250524,신림,신림,10,33
20250524,신림,신림,11,24
20250524,신림,신림,12,35
20250524,신림,신림,13,47
20250524,신림,신림,14,31
20250524,신림,신림,15,30
20250524,신림,신림,16,40
20250524,신림,신림,17,30
20250524,신림,신림,18,48
20250524,신림,신림,19,41
20250524,신림,신림,20,43
20250524,신림,신림,21,46
20250524,신림,신림,22,44
20250524,신림,신림,23,36
20250524,신림,신촌,5,4
20250524,신림,신촌,6,14
20250524,신림,신촌,7,19
20250524,신림,신촌,8,64
20250524,신림,신촌,9,44
20250524,신림,신촌,10,45
20250524,신림,신촌,11,34
20250524,신림,신촌,12,67
20250524,신림,신촌,13,41
20250524,신림,신촌,14,39
20250524,신림,신촌,15,47
20250524,신림,신촌,16,42
20250524,신림,신촌,17,37
20250524,신림,신촌,18,32
20250524,신림,신촌,19,31
20250524,신림,신촌,20,15
20250524,신림,신촌,21,24
20250524,신림,신촌,22,9
20250524,신림,신촌,23,2
20250524,신림,아현,5,5
20250524,신림,아현,6,4
20250524,신림,아현,7,10
20250524,신림,아현,8,10
20250524,신림,아현,9,11
20250524,신림,아현,10,4
20250524,신림,아현,11,1
20250524,신림,아현,12,2
20250524,신림,아현,13,6
20250524,신림,아현,14,3
20250524,신림,아현,15,11
20250524,신림,아현,16,9
20250524,신림,아현,17,3
20250524,신림,아현,18,6
20250524,신림,아현,19,4
20250524,신림,아현,20,6
20250524,신림,아현,21,2
20250524,신림,아현,22,5
20250524,신림,아현,23,1
20250524,신림,역삼,5,24
20250524,신림,역삼,6,36
20250524,신림,역삼,7,53
20250524,신림,역삼,8,84
20250524,신림,역삼,9,84
20250524,신림,역삼,10,68
20250524,신림,역삼,11,64
20250524,신림,역삼,12,60
20250524,신림,역삼,13,65
20250524,신림,역삼,14,31
20250524,신림,역삼,15,31
20250524,신림,역삼,16,28
20250524,신림,역삼,17,17
20250524,신림,역삼,18,14
20250524,신림,역삼,19,22
20250524,신림,역삼,20,13
20250524,신림,역삼,21,14
20250524,신림,역삼,22,5
20250524,신림,역삼,23,5
20250524,신림,영등포구청,5,17
20250524,신림,영등포구청,6,9
20250524,신림,영등포구청,7,17
20250524,신림,영등포구청,8,22
20250524,신림,영등포구청,9,32
20250524,신림,영등포구청,10,29
20250524,신림,영등포구청,11,32
20250524,신림,영등포구청,12,20
20250524,신림,영등포구청,13,25
20250524,신림,영등포구청,14,37
20250524,신림,영등포구청,15,28
20250524,신림,영등포구청,16,20
20250524,신림,영등포구청,17,23
20250524,신림,영등포구청,18,30
20250524,신림,영등포구청,19,14
20250524,신림,영등포구청,20,13
20250524,신림,영등포구청,21,14
20250524,신림,영등포구청,22,14
20250524,신림,영등포구청,23,13
20250524,신림,왕십리(성동구청),6,3
20250524,신림,왕십리(성동구청),7,1
20250524,신림,왕십리(성동구청),8,8
20250524,신림,왕십리(성동구청),9,4
20250524,신림,왕십리(성동구청),10,6
20250524,신림,왕십리(성동구청),11,2
20250524,신림,왕십리(성동구청),12,6
20250524,신림,왕십리(성동구청),13,5
20250524,신림,왕십리(성동구청),14,5
20250524,신림,왕십리(성동구청),15,4
20250524,신림,왕십리(성동구청),16,8
20250524,신림,왕십리(성동구청),17,1
20250524,신림,왕십리(성동구청),18,1
20250524,신림,왕십리(성동구청),19,3
20250524,신림,왕십리(성동구청),20,4
20250524,신림,왕십리(성동구청),21,4
20250524,신림,왕십리(성동구청),22,1
20250524,신림,왕십리(성동구청),23,1
20250524,신림,용두(동대문구청),10,1
20250524,신림,용두(동대문구청),12,1
20250524,신림,용두(동대문구청),13,1
20250524,신림,용두(동대문구청),14,5
20250524,신림,을지로3가,5,8
20250524,신림,을지로3가,6,2
20250524,신림,을지로3가,7,6
20250524,신림,을지로3가,8,8
20250524,신림,을지로3가,9,13
20250524,신림,을지로3가,10,12
20250524,신림,을지로3가,11,18
20250524,신림,을지로3가,12,17
20250524,신림,을지로3가,13,19
20250524,신림,을지로3가,14,14
20250524,신림,을지로3가,15,15
20250524,신림,을지로3가,16,16
20250524,신림,을지로3가,17,16
20250524,신림,을지로3가,18,6
20250524,신림,을지로3가,19,12
20250524,신림,을지로3가,20,2
20250524,신림,을지로3가,21,2
20250524,신림,을지로3가,22,3
20250524,신림,을지로4가,5,4
20250524,신림,을지로4가,6,4
20250524,신림,을지로4가,7,8
20250524,신림,을지로4가,8,4
20250524,신림,을지로4가,9,7
20250524,신림,을지로4가,10,5
20250524,신림,을지로4가,11,13
20250524,신림,을지로4가,12,15
20250524,신림,을지로4가,13,8
20250524,신림,을지로4가,14,16
20250524,신림,을지로4가,15,8
20250524,신림,을지로4가,16,4
20250524,신림,을지로4가,17,10
20250524,신림,을지로4가,19,4
20250524,신림,을지로4가,20,1
20250524,신림,을지로4가,21,2
20250524,신림,을지로4가,22,1
20250524,신림,을지로입구,5,7
20250524,신림,을지로입구,6,15
20250524,신림,을지로입구,7,16
20250524,신림,을지로입구,8,41
20250524,신림,을지로입구,9,48
20250524,신림,을지로입구,10,39
20250524,신림,을지로입구,11,40
20250524,신림,을지로입구,12,32
20250524,신림,을지로입구,13,27
20250524,신림,을지로입구,14,18
20250524,신림,을지로입구,15,19
20250524,신림,을지로입구,16,15
20250524,신림,을지로입구,17,22
20250524,신림,을지로입구,18,17
20250524,신림,을지로입구,19,8
20250524,신림,을지로입구,20,1
20250524,신림,을지로입구,21,3
20250524,신림,을지로입구,22,3
20250524,신림,을지로입구,23,6
20250524,신림,이대,6,4
20250524,신림,이대,7,11
20250524,신림,이대,8,3
20250524,신림,이대,9,12
20250524,신림,이대,10,13
20250524,신림,이대,11,5
20250524,신림,이대,12,18
20250524,신림,이대,13,6
20250524,신림,이대,14,14
20250524,신림,이대,15,10
20250524,신림,이대,16,4
20250524,신림,이대,17,7
20250524,신림,이대,18,5
20250524,신림,이대,19,6
20250524,신림,이대,20,3
20250524,신림,이대,21,4
20250524,신림,이대,22,1
20250524,신림,이대,23,4
20250524,신림,잠실(송파구청),4,1
20250524,신림,잠실(송파구청),5,28
20250524,신림,잠실(송파구청),6,69
20250524,신림,잠실(송파구청),7,65
20250524,신림,잠실(송파구청),8,91
20250524,신림,잠실(송파구청),9,94
20250524,신림,잠실(송파구청),10,98
20250524,신림,잠실(송파구청),11,110
20250524,신림,잠실(송파구청),12,129
20250524,신림,잠실(송파구청),13,119
20250524,신림,잠실(송파구청),14,89
20250524,신림,잠실(송파구청),15,99
20250524,신림,잠실(송파구청),16,73
20250524,신림,잠실(송파구청),17,99
20250524,신림,잠실(송파구청),18,55
20250524,신림,잠실(송파구청),19,42
20250524,신림,잠실(송파구청),20,41
20250524,신림,잠실(송파구청),21,38
20250524,신림,잠실(송파구청),22,35
20250524,신림,잠실(송파구청),23,17
20250524,신림,잠실나루,5,10
20250524,신림,잠실나루,6,2
20250524,신림,잠실나루,7,5
20250524,신림,잠실나루,8,6
20250524,신림,잠실나루,9,1
20250524,신림,잠실나루,10,8
20250524,신림,잠실나루,11,5
20250524,신림,잠실나루,12,3
20250524,신림,잠실나루,13,2
20250524,신림,잠실나루,14,6
20250524,신림,잠실나루,15,6
20250524,신림,잠실나루,16,7
20250524,신림,잠실나루,18,3
20250524,신림,잠실나루,19,5
20250524,신림,잠실나루,20,3
20250524,신림,잠실나루,21,2
20250524,신림,잠실나루,23,1
20250524,신림,잠실새내,5,4
20250524,신림,잠실새내,6,6
20250524,신림,잠실새내,7,8
20250524,신림,잠실새내,8,28
20250524,신림,잠실새내,9,27
20250524,신림,잠실새내,10,21
20250524,신림,잠실새내,11,15
20250524,신림,잠실새내,12,18
20250524,신림,잠실새내,13,25
20250524,신림,잠실새내,14,21
20250524,신림,잠실새내,15,18
20250524,신림,잠실새내,16,8
20250524,신림,잠실새내,17,19
20250524,신림,잠실새내,18,8
20250524,신림,잠실새내,19,12
20250524,신림,잠실새내,20,10
20250524,신림,잠실새내,21,4
20250524,신림,잠실새내,22,14
20250524,신림,잠실새내,23,5
20250524,신림,종합운동장,5,8
20250524,신림,종합운동장,6,17
20250524,신림,종합운동장,7,14
20250524,신림,종합운동장,8,12
20250524,신림,종합운동장,9,14
20250524,신림,종합운동장,10,11
20250524,신림,종합운동장,11,10
20250524,신림,종합운동장,12,25
20250524,신림,종합운동장,13,5
20250524,신림,종합운동장,14,25
20250524,신림,종합운동장,15,83
20250524,신림,종합운동장,16,49
20250524,신림,종합운동장,17,8
20250524,신림,종합운동장,18,7
20250524,신림,종합운동장,19,4
20250524,신림,종합운동장,20,3
20250524,신림,종합운동장,21,4
20250524,신림,종합운동장,22,5
20250524,신림,종합운동장,23,2
20250524,신림,충정로(경기대입구),5,3
20250524,신림,충정로(경기대입구),6,3
20250524,신림,충정로(경기대입구),7,4
20250524,신림,충정로(경기대입구),8,40
20250524,신림,충정로(경기대입구),9,2
20250524,신림,충정로(경기대입구),10,5
20250524,신림,충정로(경기대입구),11,5
20250524,신림,충정로(경기대입구),12,5
20250524,신림,충정로(경기대입구),13,3
20250524,신림,충정로(경기대입구),14,10
20250524,신림,충정로(경기대입구),15,7
20250524,신림,충정로(경기대입구),16,7
20250524,신림,충정로(경기대입구),17,8
20250524,신림,충정로(경기대입구),18,2
20250524,신림,충정로(경기대입구),20,5
20250524,신림,충정로(경기대입구),21,1
20250524,신림,한양대,5,1
20250524,신림,한양대,6,4
20250524,신림,한양대,7,2
20250524,신림,한양대,8,4
20250524,신림,한양대,9,5
20250524,신림,한양대,10,2
20250524,신림,한양대,11,4
20250524,신림,한양대,12,3
20250524,신림,한양대,13,4
20250524,신림,한양대,14,2
20250524,신림,한양대,15,2
20250524,신림,한양대,17,2
20250524,신림,한양대,20,1
20250524,신림,한양대,22,1
20250524,신림,합정,5,24
20250524,신림,합정,6,24
20250524,신림,합정,7,41
20250524,신림,합정,8,65
20250524,신림,합정,9,81
20250524,신림,합정,10,96
20250524,신림,합정,11,106
20250524,신림,합정,12,98
20250524,신림,합정,13,81
20250524,신림,합정,14,81
20250524,신림,합정,15,90
20250524,신림,합정,16,73
20250524,신림,합정,17,89
20250524,신림,합정,18,79
20250524,신림,합정,19,69
20250524,신림,합정,20,54
20250524,신림,합정,21,43
20250524,신림,합정,22,34
20250524,신림,합정,23,31
20250524,신림,홍대입구,5,10
20250524,신림,홍대입구,6,10
20250524,신림,홍대입구,7,31
20250524,신림,홍대입구,8,80
20250524,신림,홍대입구,9,121
20250524,신림,홍대입구,10,129
20250524,신림,홍대입구,11,128
20250524,신림,홍대입구,12,147
20250524,신림,홍대입구,13,155
20250524,신림,홍대입구,14,169
20250524,신림,홍대입구,15,145
20250524,신림,홍대입구,16,127
20250524,신림,홍대입구,17,109
20250524,신림,홍대입구,18,102
20250524,신림,홍대입구,19,92
20250524,신림,홍대입구,20,76
20250524,신림,홍대입구,21,43
20250524,신림,홍대입구,22,59
20250524,신림,홍대입구,23,36
20250524,신촌,강남,5,2
20250524,신촌,강남,7,11
20250524,신촌,강남,8,26
20250524,신촌,강남,9,23
20250524,신촌,강남,10,10
20250524,신촌,강남,11,20
20250524,신촌,강남,12,24
20250524,신촌,강남,13,33
20250524,신촌,강남,14,27
20250524,신촌,강남,15,23
20250524,신촌,강남,16,42
20250524,신촌,강남,17,19
20250524,신촌,강남,18,25
20250524,신촌,강남,19,11
20250524,신촌,강남,20,29
20250524,신촌,강남,21,14
20250524,신촌,강남,22,18
20250524,신촌,강남,23,6
20250524,신촌,강변(동서울터미널),4,1
20250524,신촌,강변(동서울터미널),5,13
20250524,신촌,강변(동서울터미널),6,9
20250524,신촌,강변(동서울터미널),7,8
20250524,신촌,강변(동서울터미널),8,16
20250524,신촌,강변(동서울터미널),9,13
20250524,신촌,강변(동서울터미널),10,13
20250524,신촌,강변(동서울터미널),11,17
20250524,신촌,강변(동서울터미널),12,21
20250524,신촌,강변(동서울터미널),13,24
20250524,신촌,강변(동서울터미널),14,16
20250524,신촌,강변(동서울터미널),15,28
20250524,신촌,강변(동서울터미널),16,19
20250524,신촌,강변(동서울터미널),17,27
20250524,신촌,강변(동서울터미널),18,13
20250524,신촌,강변(동서울터미널),19,8
20250524,신촌,강변(동서울터미널),20,26
20250524,신촌,강변(동서울터미널),21,31
20250524,신촌,강변(동서울터미널),22,21
20250524,신촌,강변(동서울터미널),23,9
20250524,신촌,건대입구,4,1
20250524,신촌,건대입구,5,1
20250524,신촌,건대입구,6,2
20250524,신촌,건대입구,7,2
20250524,신촌,건대입구,8,5
20250524,신촌,건대입구,9,18
20250524,신촌,건대입구,10,23
20250524,신촌,건대입구,11,23
20250524,신촌,건대입구,12,35
20250524,신촌,건대입구,13,28
20250524,신촌,건대입구,14,24
20250524,신촌,건대입구,15,31
20250524,신촌,건대입구,16,36
20250524,신촌,건대입구,17,43
20250524,신촌,건대입구,18,43
20250524,신촌,건대입구,19,23
20250524,신촌,건대입구,20,21
20250524,신촌,건대입구,21,64
20250524,신촌,건대입구,22,45
20250524,신촌,건대입구,23,17
20250524,신촌,교대(법원.검찰청),6,3
20250524,신촌,교대(법원.검찰청),7,1
20250524,신촌,교대(법원.검찰청),8,4
20250524,신촌,교대(법원.검찰청),9,5
20250524,신촌,교대(법원.검찰청),10,3
20250524,신촌,교대(법원.검찰청),11,4
20250524,신촌,교대(법원.검찰청),12,4
20250524,신촌,교대(법원.검찰청),13,12
20250524,신촌,교대(법원.검찰청),14,4
20250524,신촌,교대(법원.검찰청),15,12
20250524,신촌,교대(법원.검찰청),16,12
20250524,신촌,교대(법원.검찰청),17,13
20250524,신촌,교대(법원.검찰청),18,3
20250524,신촌,교대(법원.검찰청),19,6
20250524,신촌,교대(법원.검찰청),20,6
20250524,신촌,교대(법원.검찰청),21,9
20250524,신촌,교대(법원.검찰청),22,9
20250524,신촌,교대(법원.검찰청),23,2
20250524,신촌,구로디지털단지,5,7
20250524,신촌,구로디지털단지,6,8
20250524,신촌,구로디지털단지,7,10
20250524,신촌,구로디지털단지,8,15
20250524,신촌,구로디지털단지,9,20
20250524,신촌,구로디지털단지,10,14
20250524,신촌,구로디지털단지,11,32
20250524,신촌,구로디지털단지,12,30
20250524,신촌,구로디지털단지,13,36
20250524,신촌,구로디지털단지,14,49
20250524,신촌,구로디지털단지,15,48
20250524,신촌,구로디지털단지,16,54
20250524,신촌,구로디지털단지,17,55
20250524,신촌,구로디지털단지,18,51
20250524,신촌,구로디지털단지,19,50
20250524,신촌,구로디지털단지,20,61
20250524,신촌,구로디지털단지,21,81
20250524,신촌,구로디지털단지,22,93
20250524,신촌,구로디지털단지,23,35
20250524,신촌,구의(광진구청),5,5
20250524,신촌,구의(광진구청),6,1
20250524,신촌,구의(광진구청),7,3
20250524,신촌,구의(광진구청),8,7
20250524,신촌,구의(광진구청),9,6
20250524,신촌,구의(광진구청),10,6
20250524,신촌,구의(광진구청),11,9
20250524,신촌,구의(광진구청),12,5
20250524,신촌,구의(광진구청),13,10
20250524,신촌,구의(광진구청),14,16
20250524,신촌,구의(광진구청),15,13
20250524,신촌,구의(광진구청),16,15
20250524,신촌,구의(광진구청),17,17
20250524,신촌,구의(광진구청),18,14
20250524,신촌,구의(광진구청),19,15
20250524,신촌,구의(광진구청),20,17
20250524,신촌,구의(광진구청),21,20
20250524,신촌,구의(광진구청),22,21
20250524,신촌,구의(광진구청),23,5
20250524,신촌,낙성대,5,3
20250524,신촌,낙성대,6,1
20250524,신촌,낙성대,8,4
20250524,신촌,낙성대,9,6
20250524,신촌,낙성대,10,8
20250524,신촌,낙성대,11,6
20250524,신촌,낙성대,12,11
20250524,신촌,낙성대,13,20
20250524,신촌,낙성대,14,5
20250524,신촌,낙성대,15,12
20250524,신촌,낙성대,16,16
20250524,신촌,낙성대,17,14
20250524,신촌,낙성대,18,9
20250524,신촌,낙성대,19,11
20250524,신촌,낙성대,20,16
20250524,신촌,낙성대,21,19
20250524,신촌,낙성대,22,40
20250524,신촌,낙성대,23,6
20250524,신촌,당산,5,2
20250524,신촌,당산,6,2
20250524,신촌,당산,7,2
20250524,신촌,당산,8,7
20250524,신촌,당산,9,12
20250524,신촌,당산,10,15
20250524,신촌,당산,11,16
20250524,신촌,당산,12,26
20250524,신촌,당산,13,29
20250524,신촌,당산,14,22
20250524,신촌,당산,15,32
20250524,신촌,당산,16,37
20250524,신촌,당산,17,47
20250524,신촌,당산,18,32
20250524,신촌,당산,19,38
20250524,신촌,당산,20,61
20250524,신촌,당산,21,73
20250524,신촌,당산,22,41
20250524,신촌,당산,23,35
20250524,신촌,대림(구로구청),5,5
20250524,신촌,대림(구로구청),6,1
20250524,신촌,대림(구로구청),7,5
20250524,신촌,대림(구로구청),8,6
20250524,신촌,대림(구로구청),9,9
20250524,신촌,대림(구로구청),10,18
20250524,신촌,대림(구로구청),11,16
20250524,신촌,대림(구로구청),12,19
20250524,신촌,대림(구로구청),13,14
20250524,신촌,대림(구로구청),14,14
20250524,신촌,대림(구로구청),15,20
20250524,신촌,대림(구로구청),16,12
20250524,신촌,대림(구로구청),17,23
20250524,신촌,대림(구로구청),18,21
20250524,신촌,대림(구로구청),19,17
20250524,신촌,대림(구로구청),20,26
20250524,신촌,대림(구로구청),21,32
20250524,신촌,대림(구로구청),22,34
20250524,신촌,대림(구로구청),23,21
20250524,신촌,동대문역사문화공원,5,1
20250524,신촌,동대문역사문화공원,6,5
20250524,신촌,동대문역사문화공원,7,4
20250524,신촌,동대문역사문화공원,8,19
20250524,신촌,동대문역사문화공원,9,28
20250524,신촌,동대문역사문화공원,10,30
20250524,신촌,동대문역사문화공원,11,43
20250524,신촌,동대문역사문화공원,12,45
20250524,신촌,동대문역사문화공원,13,53
20250524,신촌,동대문역사문화공원,14,39
20250524,신촌,동대문역사문화공원,15,40
20250524,신촌,동대문역사문화공원,16,32
20250524,신촌,동대문역사문화공원,17,39
20250524,신촌,동대문역사문화공원,18,20
20250524,신촌,동대문역사문화공원,19,17
20250524,신촌,동대문역사문화공원,20,21
20250524,신촌,동대문역사문화공원,21,18
20250524,신촌,동대문역사문화공원,22,20
20250524,신촌,동대문역사문화공원,23,11
20250524,신촌,뚝섬,5,4
20250524,신촌,뚝섬,7,1
20250524,신촌,뚝섬,8,11
20250524,신촌,뚝섬,9,20
20250524,신촌,뚝섬,10,21
20250524,신촌,뚝섬,11,35
20250524,신촌,뚝섬,12,30
20250524,신촌,뚝섬,13,25
20250524,신촌,뚝섬,14,22
20250524,신촌,뚝섬,15,25
20250524,신촌,뚝섬,16,32
20250524,신촌,뚝섬,17,23
20250524,신촌,뚝섬,18,15
20250524,신촌,뚝섬,19,8
20250524,신촌,뚝섬,20,12
20250524,신촌,뚝섬,21,7
20250524,신촌,뚝섬,22,15
20250524,신촌,뚝섬,23,8
20250524,신촌,문래,5,4
20250524,신촌,문래,6,2
20250524,신촌,문래,7,2
20250524,신촌,문래,8,5
20250524,신촌,문래,9,7
20250524,신촌,문래,10,5
20250524,신촌,문래,11,16
20250524,신촌,문래,12,19
20250524,신촌,문래,13,25
20250524,신촌,문래,14,25
20250524,신촌,문래,15,40
20250524,신촌,문래,16,32
20250524,신촌,문래,17,36
20250524,신촌,문래,18,34
20250524,신촌,문래,19,28
20250524,신촌,문래,20,24
20250524,신촌,문래,21,21
20250524,신촌,문래,22,12
20250524,신촌,문래,23,26
20250524,신촌,방배,6,1
20250524,신촌,방배,7,2
20250524,신촌,방배,8,7
20250524,신촌,방배,9,2
20250524,신촌,방배,10,5
20250524,신촌,방배,11,7
20250524,신촌,방배,12,10
20250524,신촌,방배,13,7
20250524,신촌,방배,14,5
20250524,신촌,방배,15,9
20250524,신촌,방배,16,3
20250524,신촌,방배,17,3
20250524,신촌,방배,18,13
20250524,신촌,방배,19,7
20250524,신촌,방배,20,11
20250524,신촌,방배,21,10
20250524,신촌,방배,22,19
20250524,신촌,방배,23,3
20250524,신촌,봉천,6,1
20250524,신촌,봉천,7,1
20250524,신촌,봉천,8,1
20250524,신촌,봉천,9,2
20250524,신촌,봉천,10,5
20250524,신촌,봉천,11,4
20250524,신촌,봉천,12,5
20250524,신촌,봉천,13,10
20250524,신촌,봉천,14,8
20250524,신촌,봉천,15,6
20250524,신촌,봉천,16,8
20250524,신촌,봉천,17,5
20250524,신촌,봉천,18,13
20250524,신촌,봉천,19,9
20250524,신촌,봉천,20,16
20250524,신촌,봉천,21,30
20250524,신촌,봉천,22,26
20250524,신촌,봉천,23,20
20250524,신촌,사당,5,3
20250524,신촌,사당,6,4
20250524,신촌,사당,7,4
20250524,신촌,사당,8,2
20250524,신촌,사당,9,11
20250524,신촌,사당,10,11
20250524,신촌,사당,11,13
20250524,신촌,사당,12,12
20250524,신촌,사당,13,14
20250524,신촌,사당,14,20
20250524,신촌,사당,15,14
20250524,신촌,사당,16,24
20250524,신촌,사당,17,33
20250524,신촌,사당,18,24
20250524,신촌,사당,19,17
20250524,신촌,사당,20,28
20250524,신촌,사당,21,62
20250524,신촌,사당,22,26
20250524,신촌,사당,23,16
20250524,신촌,삼성(무역센터),5,4
20250524,신촌,삼성(무역센터),6,4
20250524,신촌,삼성(무역센터),7,7
20250524,신촌,삼성(무역센터),8,6
20250524,신촌,삼성(무역센터),9,12
20250524,신촌,삼성(무역센터),10,16
20250524,신촌,삼성(무역센터),11,13
20250524,신촌,삼성(무역센터),12,23
20250524,신촌,삼성(무역센터),13,23
20250524,신촌,삼성(무역센터),14,15
20250524,신촌,삼성(무역센터),15,14
20250524,신촌,삼성(무역센터),16,13
20250524,신촌,삼성(무역센터),17,11
20250524,신촌,삼성(무역센터),18,5
20250524,신촌,삼성(무역센터),19,2
20250524,신촌,삼성(무역센터),20,1
20250524,신촌,삼성(무역센터),21,3
20250524,신촌,삼성(무역센터),22,3
20250524,신촌,삼성(무역센터),23,6
20250524,신촌,상왕십리,5,1
20250524,신촌,상왕십리,6,2
20250524,신촌,상왕십리,8,4
20250524,신촌,상왕십리,9,6
20250524,신촌,상왕십리,10,7
20250524,신촌,상왕십리,11,4
20250524,신촌,상왕십리,12,13
20250524,신촌,상왕십리,13,8
20250524,신촌,상왕십리,14,13
20250524,신촌,상왕십리,15,14
20250524,신촌,상왕십리,16,26
20250524,신촌,상왕십리,17,32
20250524,신촌,상왕십리,18,14
20250524,신촌,상왕십리,19,14
20250524,신촌,상왕십리,20,18
20250524,신촌,상왕십리,21,25
20250524,신촌,상왕십리,22,28
20250524,신촌,상왕십리,23,19
20250524,신촌,서울대입구(관악구청),5,3
20250524,신촌,서울대입구(관악구청),6,3
20250524,신촌,서울대입구(관악구청),7,1
20250524,신촌,서울대입구(관악구청),8,8
20250524,신촌,서울대입구(관악구청),9,10
20250524,신촌,서울대입구(관악구청),10,13
20250524,신촌,서울대입구(관악구청),11,14
20250524,신촌,서울대입구(관악구청),12,17
20250524,신촌,서울대입구(관악구청),13,19
20250524,신촌,서울대입구(관악구청),14,25
20250524,신촌,서울대입구(관악구청),15,24
20250524,신촌,서울대입구(관악구청),16,22
20250524,신촌,서울대입구(관악구청),17,33
20250524,신촌,서울대입구(관악구청),18,25
20250524,신촌,서울대입구(관악구청),19,26
20250524,신촌,서울대입구(관악구청),20,28
20250524,신촌,서울대입구(관악구청),21,40
20250524,신촌,서울대입구(관악구청),22,47
20250524,신촌,서울대입구(관악구청),23,53
20250524,신촌,서초,5,1
20250524,신촌,서초,6,2
20250524,신촌,서초,8,2
20250524,신촌,서초,9,2
20250524,신촌,서초,10,8
20250524,신촌,서초,11,4
20250524,신촌,서초,12,3
20250524,신촌,서초,13,10
20250524,신촌,서초,14,7
20250524,신촌,서초,15,1
20250524,신촌,서초,16,4
20250524,신촌,서초,17,2
20250524,신촌,서초,18,9
20250524,신촌,서초,19,3
20250524,신촌,서초,20,1
20250524,신촌,서초,21,4
20250524,신촌,서초,22,6
20250524,신촌,서초,23,2
20250524,신촌,선릉,6,1
20250524,신촌,선릉,7,2
20250524,신촌,선릉,8,2
20250524,신촌,선릉,9,4
20250524,신촌,선릉,10,5
20250524,신촌,선릉,11,8
20250524,신촌,선릉,12,10
20250524,신촌,선릉,13,7
20250524,신촌,선릉,14,5
20250524,신촌,선릉,15,8
20250524,신촌,선릉,16,19
20250524,신촌,선릉,17,5
20250524,신촌,선릉,18,4
20250524,신촌,선릉,19,6
20250524,신촌,선릉,20,4
20250524,신촌,선릉,21,5
20250524,신촌,선릉,22,15
20250524,신촌,선릉,23,4
20250524,신촌,성수,5,4
20250524,신촌,성수,6,8
20250524,신촌,성수,7,8
20250524,신촌,성수,8,9
20250524,신촌,성수,9,33
20250524,신촌,성수,10,54
20250524,신촌,성수,11,64
20250524,신촌,성수,12,44
20250524,신촌,성수,13,86
20250524,신촌,성수,14,74
20250524,신촌,성수,15,68
20250524,신촌,성수,16,61
20250524,신촌,성수,17,34
20250524,신촌,성수,18,34
20250524,신촌,성수,19,15
20250524,신촌,성수,20,13
20250524,신촌,성수,21,17
20250524,신촌,성수,22,10
20250524,신촌,성수,23,53
20250524,신촌,시청,5,7
20250524,신촌,시청,6,7
20250524,신촌,시청,7,6
20250524,신촌,시청,8,13
20250524,신촌,시청,9,20
20250524,신촌,시청,10,29
20250524,신촌,시청,11,39
20250524,신촌,시청,12,44
20250524,신촌,시청,13,65
20250524,신촌,시청,14,36
20250524,신촌,시청,15,24
20250524,신촌,시청,16,27
20250524,신촌,시청,17,26
20250524,신촌,시청,18,16
20250524,신촌,시청,19,12
20250524,신촌,시청,20,3
20250524,신촌,시청,21,16
20250524,신촌,시청,22,20
20250524,신촌,시청,23,10
20250524,신촌,신당,5,1
20250524,신촌,신당,6,4
20250524,신촌,신당,7,8
20250524,신촌,신당,8,12
20250524,신촌,신당,9,10
20250524,신촌,신당,10,11
20250524,신촌,신당,11,13
20250524,신촌,신당,12,28
20250524,신촌,신당,13,23
20250524,신촌,신당,14,12
20250524,신촌,신당,15,15
20250524,신촌,신당,16,26
20250524,신촌,신당,17,29
20250524,신촌,신당,18,17
20250524,신촌,신당,19,17
20250524,신촌,신당,20,19
20250524,신촌,신당,21,34
20250524,신촌,신당,22,15
20250524,신촌,신당,23,17
20250524,신촌,신대방,4,1
20250524,신촌,신대방,5,3
20250524,신촌,신대방,6,1
20250524,신촌,신대방,7,3
20250524,신촌,신대방,8,6
20250524,신촌,신대방,9,8
20250524,신촌,신대방,10,8
20250524,신촌,신대방,11,6
20250524,신촌,신대방,12,12
20250524,신촌,신대방,13,16
20250524,신촌,신대방,14,15
20250524,신촌,신대방,15,23
20250524,신촌,신대방,16,29
20250524,신촌,신대방,17,32
20250524,신촌,신대방,18,10
20250524,신촌,신대방,19,26
20250524,신촌,신대방,20,38
20250524,신촌,신대방,21,30
20250524,신촌,신대방,22,38
20250524,신촌,신대방,23,16
20250524,신촌,신도림,5,3
20250524,신촌,신도림,6,8
20250524,신촌,신도림,7,14
20250524,신촌,신도림,8,16
20250524,신촌,신도림,9,20
20250524,신촌,신도림,10,29
20250524,신촌,신도림,11,48
20250524,신촌,신도림,12,48
20250524,신촌,신도림,13,61
20250524,신촌,신도림,14,49
20250524,신촌,신도림,15,59
20250524,신촌,신도림,16,65
20250524,신촌,신도림,17,74
20250524,신촌,신도림,18,64
20250524,신촌,신도림,19,49
20250524,신촌,신도림,20,66
20250524,신촌,신도림,21,77
20250524,신촌,신도림,22,87
20250524,신촌,신도림,23,141
20250524,신촌,신림,5,5
20250524,신촌,신림,6,5
20250524,신촌,신림,7,3
20250524,신촌,신림,8,10
20250524,신촌,신림,9,11
20250524,신촌,신림,10,9
20250524,신촌,신림,11,19
20250524,신촌,신림,12,24
20250524,신촌,신림,13,22
20250524,신촌,신림,14,25
20250524,신촌,신림,15,34
20250524,신촌,신림,16,30
20250524,신촌,신림,17,43
20250524,신촌,신림,18,41
20250524,신촌,신림,19,60
20250524,신촌,신림,20,54
20250524,신촌,신림,21,67
20250524,신촌,신림,22,77
20250524,신촌,신림,23,38
20250524,신촌,신촌,0,1
20250524,신촌,신촌,5,8
20250524,신촌,신촌,6,7
20250524,신촌,신촌,7,6
20250524,신촌,신촌,8,14
20250524,신촌,신촌,9,30
20250524,신촌,신촌,10,49
20250524,신촌,신촌,11,45
20250524,신촌,신촌,12,63
20250524,신촌,신촌,13,73
20250524,신촌,신촌,14,68
20250524,신촌,신촌,15,81
20250524,신촌,신촌,16,77
20250524,신촌,신촌,17,67
20250524,신촌,신촌,18,50
20250524,신촌,신촌,19,51
20250524,신촌,신촌,20,48
20250524,신촌,신촌,21,103
20250524,신촌,신촌,22,74
20250524,신촌,신촌,23,74
20250524,신촌,아현,5,3
20250524,신촌,아현,6,4
20250524,신촌,아현,7,1
20250524,신촌,아현,8,14
20250524,신촌,아현,9,14
20250524,신촌,아현,10,13
20250524,신촌,아현,11,29
20250524,신촌,아현,12,48
20250524,신촌,아현,13,41
20250524,신촌,아현,14,28
20250524,신촌,아현,15,37
20250524,신촌,아현,16,49
20250524,신촌,아현,17,51
20250524,신촌,아현,18,41
20250524,신촌,아현,19,29
20250524,신촌,아현,20,43
20250524,신촌,아현,21,35
20250524,신촌,아현,22,34
20250524,신촌,아현,23,15
20250524,신촌,역삼,5,1
20250524,신촌,역삼,6,2
20250524,신촌,역삼,7,3
20250524,신촌,역삼,8,6
20250524,신촌,역삼,9,2
20250524,신촌,역삼,10,9
20250524,신촌,역삼,11,16
20250524,신촌,역삼,12,6
20250524,신촌,역삼,13,8
20250524,신촌,역삼,14,5
20250524,신촌,역삼,15,8
20250524,신촌,역삼,16,8
20250524,신촌,역삼,17,10
20250524,신촌,역삼,18,2
20250524,신촌,역삼,19,3
20250524,신촌,역삼,20,4
20250524,신촌,역삼,21,9
20250524,신촌,역삼,22,1
20250524,신촌,역삼,23,1
20250524,신촌,영등포구청,5,2
20250524,신촌,영등포구청,6,2
20250524,신촌,영등포구청,7,4
20250524,신촌,영등포구청,8,8
20250524,신촌,영등포구청,9,8
20250524,신촌,영등포구청,10,7
20250524,신촌,영등포구청,11,20
20250524,신촌,영등포구청,12,22
20250524,신촌,영등포구청,13,31
20250524,신촌,영등포구청,14,13
20250524,신촌,영등포구청,15,19
20250524,신촌,영등포구청,16,22
20250524,신촌,영등포구청,17,22
20250524,신촌,영등포구청,18,24
20250524,신촌,영등포구청,19,14
20250524,신촌,영등포구청,20,20
20250524,신촌,영등포구청,21,27
20250524,신촌,영등포구청,22,29
20250524,신촌,영등포구청,23,31
20250524,신촌,왕십리(성동구청),5,3
20250524,신촌,왕십리(성동구청),6,2
20250524,신촌,왕십리(성동구청),7,3
20250524,신촌,왕십리(성동구청),8,8
20250524,신촌,왕십리(성동구청),9,12
20250524,신촌,왕십리(성동구청),10,18
20250524,신촌,왕십리(성동구청),11,8
20250524,신촌,왕십리(성동구청),12,14
20250524,신촌,왕십리(성동구청),13,18
20250524,신촌,왕십리(성동구청),14,16
20250524,신촌,왕십리(성동구청),15,21
20250524,신촌,왕십리(성동구청),16,21
20250524,신촌,왕십리(성동구청),17,33
20250524,신촌,왕십리(성동구청),18,32
20250524,신촌,왕십리(성동구청),19,17
20250524,신촌,왕십리(성동구청),20,24
20250524,신촌,왕십리(성동구청),21,35
20250524,신촌,왕십리(성동구청),22,25
20250524,신촌,왕십리(성동구청),23,26
20250524,신촌,용두(동대문구청),9,1
20250524,신촌,용두(동대문구청),20,1
20250524,신촌,을지로3가,6,6
20250524,신촌,을지로3가,7,7
20250524,신촌,을지로3가,8,10
20250524,신촌,을지로3가,9,18
20250524,신촌,을지로3가,10,30
20250524,신촌,을지로3가,11,26
20250524,신촌,을지로3가,12,40
20250524,신촌,을지로3가,13,28
20250524,신촌,을지로3가,14,36
20250524,신촌,을지로3가,15,54
20250524,신촌,을지로3가,16,34
20250524,신촌,을지로3가,17,58
20250524,신촌,을지로3가,18,59
20250524,신촌,을지로3가,19,35
20250524,신촌,을지로3가,20,30
20250524,신촌,을지로3가,21,39
20250524,신촌,을지로3가,22,34
20250524,신촌,을지로3가,23,15
20250524,신촌,을지로4가,5,1
20250524,신촌,을지로4가,6,5
20250524,신촌,을지로4가,7,4
20250524,신촌,을지로4가,8,6
20250524,신촌,을지로4가,9,8
20250524,신촌,을지로4가,10,21
20250524,신촌,을지로4가,11,27
20250524,신촌,을지로4가,12,21
20250524,신촌,을지로4가,13,22
20250524,신촌,을지로4가,14,24
20250524,신촌,을지로4가,15,10
20250524,신촌,을지로4가,16,28
20250524,신촌,을지로4가,17,17
20250524,신촌,을지로4가,18,21
20250524,신촌,을지로4가,19,10
20250524,신촌,을지로4가,20,12
20250524,신촌,을지로4가,21,15
20250524,신촌,을지로4가,22,26
20250524,신촌,을지로4가,23,13
20250524,신촌,을지로입구,5,12
20250524,신촌,을지로입구,6,21
20250524,신촌,을지로입구,7,24
20250524,신촌,을지로입구,8,60
20250524,신촌,을지로입구,9,72
20250524,신촌,을지로입구,10,89
20250524,신촌,을지로입구,11,99
20250524,신촌,을지로입구,12,124
20250524,신촌,을지로입구,13,97
20250524,신촌,을지로입구,14,121
20250524,신촌,을지로입구,15,123
20250524,신촌,을지로입구,16,117
20250524,신촌,을지로입구,17,113
20250524,신촌,을지로입구,18,119
20250524,신촌,을지로입구,19,64
20250524,신촌,을지로입구,20,98
20250524,신촌,을지로입구,21,122
20250524,신촌,을지로입구,22,105
20250524,신촌,을지로입구,23,99
20250524,신촌,이대,5,3
20250524,신촌,이대,6,1
20250524,신촌,이대,7,6
20250524,신촌,이대,8,8
20250524,신촌,이대,9,20
20250524,신촌,이대,10,22
20250524,신촌,이대,11,35
20250524,신촌,이대,12,36
20250524,신촌,이대,13,52
20250524,신촌,이대,14,46
20250524,신촌,이대,15,53
20250524,신촌,이대,16,45
20250524,신촌,이대,17,39
20250524,신촌,이대,18,33
20250524,신촌,이대,19,44
20250524,신촌,이대,20,40
20250524,신촌,이대,21,40
20250524,신촌,이대,22,26
20250524,신촌,이대,23,20
20250524,신촌,잠실(송파구청),5,7
20250524,신촌,잠실(송파구청),6,9
20250524,신촌,잠실(송파구청),7,12
20250524,신촌,잠실(송파구청),8,20
20250524,신촌,잠실(송파구청),9,48
20250524,신촌,잠실(송파구청),10,34
20250524,신촌,잠실(송파구청),11,39
20250524,신촌,잠실(송파구청),12,69
20250524,신촌,잠실(송파구청),13,50
20250524,신촌,잠실(송파구청),14,51
20250524,신촌,잠실(송파구청),15,54
20250524,신촌,잠실(송파구청),16,68
20250524,신촌,잠실(송파구청),17,52
20250524,신촌,잠실(송파구청),18,35
20250524,신촌,잠실(송파구청),19,37
20250524,신촌,잠실(송파구청),20,43
20250524,신촌,잠실(송파구청),21,66
20250524,신촌,잠실(송파구청),22,68
20250524,신촌,잠실(송파구청),23,24
20250524,신촌,잠실나루,6,2
20250524,신촌,잠실나루,7,1
20250524,신촌,잠실나루,8,1
20250524,신촌,잠실나루,9,3
20250524,신촌,잠실나루,10,1
20250524,신촌,잠실나루,11,2
20250524,신촌,잠실나루,12,5
20250524,신촌,잠실나루,13,7
20250524,신촌,잠실나루,14,1
20250524,신촌,잠실나루,15,4
20250524,신촌,잠실나루,16,6
20250524,신촌,잠실나루,17,9
20250524,신촌,잠실나루,18,8
20250524,신촌,잠실나루,19,4
20250524,신촌,잠실나루,20,9
20250524,신촌,잠실나루,21,7
20250524,신촌,잠실나루,22,10
20250524,신촌,잠실나루,23,5
20250524,신촌,잠실새내,6,1
20250524,신촌,잠실새내,7,2
20250524,신촌,잠실새내,8,6
20250524,신촌,잠실새내,9,6
20250524,신촌,잠실새내,10,5
20250524,신촌,잠실새내,11,9
20250524,신촌,잠실새내,12,11
20250524,신촌,잠실새내,13,11
20250524,신촌,잠실새내,14,8
20250524,신촌,잠실새내,15,16
20250524,신촌,잠실새내,16,18
20250524,신촌,잠실새내,17,19
20250524,신촌,잠실새내,18,10
20250524,신촌,잠실새내,19,11
20250524,신촌,잠실새내,20,12
20250524,신촌,잠실새내,21,21
20250524,신촌,잠실새내,22,21
20250524,신촌,잠실새내,23,13
20250524,신촌,종합운동장,5,1
20250524,신촌,종합운동장,6,2
20250524,신촌,종합운동장,8,1
20250524,신촌,종합운동장,10,3
20250524,신촌,종합운동장,11,2
20250524,신촌,종합운동장,12,13
20250524,신촌,종합운동장,13,2
20250524,신촌,종합운동장,14,17
20250524,신촌,종합운동장,15,41
20250524,신촌,종합운동장,16,21
20250524,신촌,종합운동장,17,9
20250524,신촌,종합운동장,19,2
20250524,신촌,종합운동장,20,2
20250524,신촌,종합운동장,21,4
20250524,신촌,종합운동장,22,5
20250524,신촌,종합운동장,23,4
20250524,신촌,충정로(경기대입구),5,5
20250524,신촌,충정로(경기대입구),6,2
20250524,신촌,충정로(경기대입구),7,3
20250524,신촌,충정로(경기대입구),8,6
20250524,신촌,충정로(경기대입구),9,13
20250524,신촌,충정로(경기대입구),10,4
20250524,신촌,충정로(경기대입구),11,7
20250524,신촌,충정로(경기대입구),12,14
20250524,신촌,충정로(경기대입구),13,19
20250524,신촌,충정로(경기대입구),14,15
20250524,신촌,충정로(경기대입구),15,21
20250524,신촌,충정로(경기대입구),16,19
20250524,신촌,충정로(경기대입구),17,20
20250524,신촌,충정로(경기대입구),18,17
20250524,신촌,충정로(경기대입구),19,21
20250524,신촌,충정로(경기대입구),20,14
20250524,신촌,충정로(경기대입구),21,19
20250524,신촌,충정로(경기대입구),22,13
20250524,신촌,충정로(경기대입구),23,9
20250524,신촌,한양대,5,2
20250524,신촌,한양대,6,5
20250524,신촌,한양대,7,4
20250524,신촌,한양대,8,12
20250524,신촌,한양대,9,11
20250524,신촌,한양대,10,3
20250524,신촌,한양대,11,17
20250524,신촌,한양대,12,10
20250524,신촌,한양대,13,8
20250524,신촌,한양대,14,6
20250524,신촌,한양대,15,9
20250524,신촌,한양대,16,11
20250524,신촌,한양대,17,9
20250524,신촌,한양대,18,4
20250524,신촌,한양대,19,5
20250524,신촌,한양대,20,11
20250524,신촌,한양대,21,7
20250524,신촌,한양대,22,6
20250524,신촌,한양대,23,13
20250524,신촌,합정,5,4
20250524,신촌,합정,6,8
20250524,신촌,합정,7,7
20250524,신촌,합정,8,12
20250524,신촌,합정,9,23
20250524,신촌,합정,10,48
20250524,신촌,합정,11,54
20250524,신촌,합정,12,85
20250524,신촌,합정,13,100
20250524,신촌,합정,14,91
20250524,신촌,합정,15,79
20250524,신촌,합정,16,87
20250524,신촌,합정,17,99
20250524,신촌,합정,18,110
20250524,신촌,합정,19,65
20250524,신촌,합정,20,102
20250524,신촌,합정,21,80
20250524,신촌,합정,22,31
20250524,신촌,합정,23,31
20250524,신촌,홍대입구,5,5
20250524,신촌,홍대입구,6,10
20250524,신촌,홍대입구,7,15
20250524,신촌,홍대입구,8,13
20250524,신촌,홍대입구,9,41
20250524,신촌,홍대입구,10,114
20250524,신촌,홍대입구,11,157
20250524,신촌,홍대입구,12,241
20250524,신촌,홍대입구,13,218
20250524,신촌,홍대입구,14,199
20250524,신촌,홍대입구,15,207
20250524,신촌,홍대입구,16,231
20250524,신촌,홍대입구,17,223
20250524,신촌,홍대입구,18,207
20250524,신촌,홍대입구,19,212
20250524,신촌,홍대입구,20,210
20250524,신촌,홍대입구,21,312
20250524,신촌,홍대입구,22,155
20250524,신촌,홍대입구,23,123
20250524,아현,강남,6,4
20250524,아현,강남,7,2
20250524,아현,강남,8,5
20250524,아현,강남,9,8
20250524,아현,강남,10,9
20250524,아현,강남,11,9
20250524,아현,강남,12,10
20250524,아현,강남,13,2
20250524,아현,강남,14,5
20250524,아현,강남,15,4
20250524,아현,강남,16,7
20250524,아현,강남,17,6
20250524,아현,강남,18,2
20250524,아현,강남,19,2
20250524,아현,강남,20,3
20250524,아현,강남,21,1
20250524,아현,강변(동서울터미널),5,3
20250524,아현,강변(동서울터미널),6,7
20250524,아현,강변(동서울터미널),8,5
20250524,아현,강변(동서울터미널),9,8
20250524,아현,강변(동서울터미널),10,3
20250524,아현,강변(동서울터미널),11,4
20250524,아현,강변(동서울터미널),12,2
20250524,아현,강변(동서울터미널),13,3
20250524,아현,강변(동서울터미널),14,5
20250524,아현,강변(동서울터미널),15,6
20250524,아현,강변(동서울터미널),16,1
20250524,아현,강변(동서울터미널),17,3
20250524,아현,강변(동서울터미널),18,2
20250524,아현,강변(동서울터미널),19,4
20250524,아현,강변(동서울터미널),20,1
20250524,아현,강변(동서울터미널),21,1
20250524,아현,강변(동서울터미널),22,1
20250524,아현,건대입구,5,2
20250524,아현,건대입구,6,1
20250524,아현,건대입구,7,2
20250524,아현,건대입구,8,5
20250524,아현,건대입구,9,8
20250524,아현,건대입구,10,9
20250524,아현,건대입구,11,5
20250524,아현,건대입구,12,10
20250524,아현,건대입구,13,9
20250524,아현,건대입구,14,6
20250524,아현,건대입구,15,4
20250524,아현,건대입구,16,7
20250524,아현,건대입구,17,12
20250524,아현,건대입구,18,6
20250524,아현,건대입구,19,10
20250524,아현,건대입구,20,3
20250524,아현,건대입구,21,1
20250524,아현,건대입구,22,2
20250524,아현,교대(법원.검찰청),6,1
20250524,아현,교대(법원.검찰청),8,3
20250524,아현,교대(법원.검찰청),9,6
20250524,아현,교대(법원.검찰청),10,1
20250524,아현,교대(법원.검찰청),11,1
20250524,아현,교대(법원.검찰청),12,3
20250524,아현,교대(법원.검찰청),13,1
20250524,아현,교대(법원.검찰청),15,2
20250524,아현,교대(법원.검찰청),16,2
20250524,아현,교대(법원.검찰청),18,1
20250524,아현,구로디지털단지,5,3
20250524,아현,구로디지털단지,6,1
20250524,아현,구로디지털단지,7,6
20250524,아현,구로디지털단지,8,11
20250524,아현,구로디지털단지,9,15
20250524,아현,구로디지털단지,10,5
20250524,아현,구로디지털단지,11,10
20250524,아현,구로디지털단지,12,10
20250524,아현,구로디지털단지,13,15
20250524,아현,구로디지털단지,14,14
20250524,아현,구로디지털단지,15,10
20250524,아현,구로디지털단지,16,10
20250524,아현,구로디지털단지,17,14
20250524,아현,구로디지털단지,18,4
20250524,아현,구로디지털단지,19,5
20250524,아현,구로디지털단지,20,4
20250524,아현,구로디지털단지,21,4
20250524,아현,구로디지털단지,22,3
20250524,아현,구의(광진구청),5,1
20250524,아현,구의(광진구청),6,1
20250524,아현,구의(광진구청),7,2
20250524,아현,구의(광진구청),8,3
20250524,아현,구의(광진구청),9,3
20250524,아현,구의(광진구청),10,3
20250524,아현,구의(광진구청),11,4
20250524,아현,구의(광진구청),12,1
20250524,아현,구의(광진구청),13,3
20250524,아현,구의(광진구청),14,4
20250524,아현,구의(광진구청),15,5
20250524,아현,구의(광진구청),16,3
20250524,아현,구의(광진구청),17,4
20250524,아현,구의(광진구청),18,5
20250524,아현,구의(광진구청),19,1
20250524,아현,구의(광진구청),20,2
20250524,아현,구의(광진구청),21,2
20250524,아현,낙성대,8,1
20250524,아현,낙성대,9,5
20250524,아현,낙성대,10,3
20250524,아현,낙성대,11,1
20250524,아현,낙성대,12,3
20250524,아현,낙성대,13,2
20250524,아현,낙성대,14,4
20250524,아현,낙성대,15,5
20250524,아현,낙성대,16,3
20250524,아현,낙성대,18,3
20250524,아현,낙성대,19,1
20250524,아현,낙성대,20,1
20250524,아현,낙성대,21,2
20250524,아현,낙성대,23,2
20250524,아현,당산,5,4
20250524,아현,당산,6,1
20250524,아현,당산,7,4
20250524,아현,당산,8,4
20250524,아현,당산,9,5
20250524,아현,당산,10,8
20250524,아현,당산,11,4
20250524,아현,당산,12,12
20250524,아현,당산,13,9
20250524,아현,당산,14,5
20250524,아현,당산,15,9
20250524,아현,당산,16,14
20250524,아현,당산,17,12
20250524,아현,당산,18,3
20250524,아현,당산,19,3
20250524,아현,당산,20,2
20250524,아현,당산,21,3
20250524,아현,당산,22,1
20250524,아현,당산,23,3
20250524,아현,대림(구로구청),6,3
20250524,아현,대림(구로구청),7,4
20250524,아현,대림(구로구청),8,6
20250524,아현,대림(구로구청),9,13
20250524,아현,대림(구로구청),10,9
20250524,아현,대림(구로구청),11,6
20250524,아현,대림(구로구청),12,4
20250524,아현,대림(구로구청),13,10
20250524,아현,대림(구로구청),14,8
20250524,아현,대림(구로구청),15,5
20250524,아현,대림(구로구청),16,16
20250524,아현,대림(구로구청),17,13
20250524,아현,대림(구로구청),18,2
20250524,아현,대림(구로구청),19,2
20250524,아현,대림(구로구청),20,4
20250524,아현,대림(구로구청),21,3
20250524,아현,대림(구로구청),22,6
20250524,아현,대림(구로구청),23,2
20250524,아현,동대문역사문화공원,5,1
20250524,아현,동대문역사문화공원,6,3
20250524,아현,동대문역사문화공원,7,3
20250524,아현,동대문역사문화공원,8,7
20250524,아현,동대문역사문화공원,9,10
20250524,아현,동대문역사문화공원,10,17
20250524,아현,동대문역사문화공원,11,11
20250524,아현,동대문역사문화공원,12,11
20250524,아현,동대문역사문화공원,13,18
20250524,아현,동대문역사문화공원,14,17
20250524,아현,동대문역사문화공원,15,10
20250524,아현,동대문역사문화공원,16,7
20250524,아현,동대문역사문화공원,17,9
20250524,아현,동대문역사문화공원,18,8
20250524,아현,동대문역사문화공원,19,1
20250524,아현,동대문역사문화공원,20,1
20250524,아현,동대문역사문화공원,21,6
20250524,아현,동대문역사문화공원,22,1
20250524,아현,뚝섬,5,4
20250524,아현,뚝섬,6,8
20250524,아현,뚝섬,7,1
20250524,아현,뚝섬,8,10
20250524,아현,뚝섬,9,10
20250524,아현,뚝섬,10,8
20250524,아현,뚝섬,11,17
20250524,아현,뚝섬,12,9
20250524,아현,뚝섬,13,3
20250524,아현,뚝섬,14,8
20250524,아현,뚝섬,15,4
20250524,아현,뚝섬,16,5
20250524,아현,뚝섬,17,10
20250524,아현,뚝섬,18,2
20250524,아현,뚝섬,19,3
20250524,아현,뚝섬,21,2
20250524,아현,뚝섬,22,3
20250524,아현,문래,5,2
20250524,아현,문래,6,1
20250524,아현,문래,7,5
20250524,아현,문래,8,5
20250524,아현,문래,9,3
20250524,아현,문래,10,13
20250524,아현,문래,11,9
20250524,아현,문래,12,6
20250524,아현,문래,13,4
20250524,아현,문래,14,8
20250524,아현,문래,15,4
20250524,아현,문래,16,5
20250524,아현,문래,17,4
20250524,아현,문래,18,4
20250524,아현,문래,19,2
20250524,아현,문래,20,1
20250524,아현,문래,21,1
20250524,아현,문래,22,3
20250524,아현,문래,23,1
20250524,아현,방배,5,1
20250524,아현,방배,6,1
20250524,아현,방배,8,4
20250524,아현,방배,10,4
20250524,아현,방배,11,1
20250524,아현,방배,12,1
20250524,아현,방배,14,2
20250524,아현,방배,15,1
20250524,아현,방배,16,1
20250524,아현,방배,18,2
20250524,아현,방배,20,2
20250524,아현,봉천,6,2
20250524,아현,봉천,7,1
20250524,아현,봉천,8,1
20250524,아현,봉천,9,2
20250524,아현,봉천,10,3
20250524,아현,봉천,11,2
20250524,아현,봉천,12,1
20250524,아현,봉천,14,3
20250524,아현,봉천,15,3
20250524,아현,봉천,16,1
20250524,아현,봉천,17,2
20250524,아현,봉천,18,2
20250524,아현,봉천,19,1
20250524,아현,봉천,20,1
20250524,아현,봉천,21,2
20250524,아현,봉천,22,1
20250524,아현,봉천,23,2
20250524,아현,사당,5,4
20250524,아현,사당,6,5
20250524,아현,사당,7,5
20250524,아현,사당,8,1
20250524,아현,사당,9,2
20250524,아현,사당,10,5
20250524,아현,사당,11,4
20250524,아현,사당,12,4
20250524,아현,사당,13,2
20250524,아현,사당,14,6
20250524,아현,사당,15,2
20250524,아현,사당,16,3
20250524,아현,사당,17,3
20250524,아현,사당,18,3
20250524,아현,사당,19,1
20250524,아현,사당,20,1
20250524,아현,사당,21,1
20250524,아현,사당,22,2
20250524,아현,사당,23,2
20250524,아현,삼성(무역센터),5,2
20250524,아현,삼성(무역센터),6,4
20250524,아현,삼성(무역센터),7,1
20250524,아현,삼성(무역센터),8,6
20250524,아현,삼성(무역센터),9,3
20250524,아현,삼성(무역센터),10,9
20250524,아현,삼성(무역센터),11,8
20250524,아현,삼성(무역센터),12,13
20250524,아현,삼성(무역센터),13,7
20250524,아현,삼성(무역센터),14,8
20250524,아현,삼성(무역센터),15,5
20250524,아현,삼성(무역센터),16,6
20250524,아현,삼성(무역센터),17,6
20250524,아현,삼성(무역센터),18,1
20250524,아현,상왕십리,7,1
20250524,아현,상왕십리,8,3
20250524,아현,상왕십리,9,6
20250524,아현,상왕십리,10,2
20250524,아현,상왕십리,11,5
20250524,아현,상왕십리,12,5
20250524,아현,상왕십리,13,5
20250524,아현,상왕십리,14,10
20250524,아현,상왕십리,15,2
20250524,아현,상왕십리,16,4
20250524,아현,상왕십리,17,5
20250524,아현,상왕십리,18,3
20250524,아현,상왕십리,22,2
20250524,아현,상왕십리,23,1
20250524,아현,서울대입구(관악구청),6,1
20250524,아현,서울대입구(관악구청),7,2
20250524,아현,서울대입구(관악구청),8,5
20250524,아현,서울대입구(관악구청),10,3
20250524,아현,서울대입구(관악구청),11,4
20250524,아현,서울대입구(관악구청),12,6
20250524,아현,서울대입구(관악구청),13,3
20250524,아현,서울대입구(관악구청),14,9
20250524,아현,서울대입구(관악구청),15,2
20250524,아현,서울대입구(관악구청),16,7
20250524,아현,서울대입구(관악구청),17,9
20250524,아현,서울대입구(관악구청),18,1
20250524,아현,서울대입구(관악구청),20,2
20250524,아현,서울대입구(관악구청),21,2
20250524,아현,서울대입구(관악구청),22,4
20250524,아현,서울대입구(관악구청),23,1
20250524,아현,서초,5,1
20250524,아현,서초,6,1
20250524,아현,서초,7,1
20250524,아현,서초,11,1
20250524,아현,서초,12,2
20250524,아현,서초,13,1
20250524,아현,서초,14,1
20250524,아현,선릉,5,2
20250524,아현,선릉,6,2
20250524,아현,선릉,7,1
20250524,아현,선릉,8,3
20250524,아현,선릉,9,2
20250524,아현,선릉,10,6
20250524,아현,선릉,11,3
20250524,아현,선릉,12,5
20250524,아현,선릉,13,2
20250524,아현,선릉,14,3
20250524,아현,선릉,15,1
20250524,아현,선릉,16,1
20250524,아현,선릉,20,1
20250524,아현,성수,5,4
20250524,아현,성수,6,7
20250524,아현,성수,7,2
20250524,아현,성수,8,3
20250524,아현,성수,9,10
20250524,아현,성수,10,18
20250524,아현,성수,11,13
20250524,아현,성수,12,12
20250524,아현,성수,13,23
20250524,아현,성수,14,9
20250524,아현,성수,15,5
20250524,아현,성수,16,5
20250524,아현,성수,17,10
20250524,아현,성수,18,9
20250524,아현,성수,19,3
20250524,아현,성수,20,1
20250524,아현,성수,23,1
20250524,아현,시청,5,3
20250524,아현,시청,6,3
20250524,아현,시청,7,5
20250524,아현,시청,8,9
20250524,아현,시청,9,13
20250524,아현,시청,10,15
20250524,아현,시청,11,11
20250524,아현,시청,12,25
20250524,아현,시청,13,35
20250524,아현,시청,14,18
20250524,아현,시청,15,13
20250524,아현,시청,16,14
20250524,아현,시청,17,9
20250524,아현,시청,18,8
20250524,아현,시청,19,8
20250524,아현,시청,20,1
20250524,아현,시청,21,1
20250524,아현,신당,6,3
20250524,아현,신당,7,10
20250524,아현,신당,8,10
20250524,아현,신당,9,9
20250524,아현,신당,10,10
20250524,아현,신당,11,9
20250524,아현,신당,12,9
20250524,아현,신당,13,5
20250524,아현,신당,14,3
20250524,아현,신당,15,10
20250524,아현,신당,16,9
20250524,아현,신당,17,10
20250524,아현,신당,18,9
20250524,아현,신당,19,6
20250524,아현,신당,20,1
20250524,아현,신당,21,5
20250524,아현,신당,22,1
20250524,아현,신당,23,2
20250524,아현,신대방,6,1
20250524,아현,신대방,7,1
20250524,아현,신대방,8,3
20250524,아현,신대방,9,9
20250524,아현,신대방,10,5
20250524,아현,신대방,11,6
20250524,아현,신대방,12,13
20250524,아현,신대방,13,8
20250524,아현,신대방,14,10
20250524,아현,신대방,15,5
20250524,아현,신대방,16,3
20250524,아현,신대방,17,2
20250524,아현,신대방,18,5
20250524,아현,신대방,19,3
20250524,아현,신대방,20,3
20250524,아현,신대방,21,1
20250524,아현,신대방,22,1
20250524,아현,신도림,5,2
20250524,아현,신도림,6,2
20250524,아현,신도림,7,5
20250524,아현,신도림,8,11
20250524,아현,신도림,9,11
20250524,아현,신도림,10,11
20250524,아현,신도림,11,11
20250524,아현,신도림,12,19
20250524,아현,신도림,13,13
20250524,아현,신도림,14,16
20250524,아현,신도림,15,8
20250524,아현,신도림,16,9
20250524,아현,신도림,17,8
20250524,아현,신도림,18,9
20250524,아현,신도림,19,3
20250524,아현,신도림,20,3
20250524,아현,신도림,21,5
20250524,아현,신도림,22,3
20250524,아현,신도림,23,5
20250524,아현,신림,5,1
20250524,아현,신림,6,2
20250524,아현,신림,7,2
20250524,아현,신림,8,2
20250524,아현,신림,9,2
20250524,아현,신림,10,6
20250524,아현,신림,11,4
20250524,아현,신림,12,13
20250524,아현,신림,13,8
20250524,아현,신림,14,6
20250524,아현,신림,15,3
20250524,아현,신림,16,7
20250524,아현,신림,17,8
20250524,아현,신림,18,5
20250524,아현,신림,19,2
20250524,아현,신림,20,8
20250524,아현,신림,21,4
20250524,아현,신림,22,3
20250524,아현,신림,23,4
20250524,아현,신촌,5,4
20250524,아현,신촌,6,2
20250524,아현,신촌,7,11
20250524,아현,신촌,8,13
20250524,아현,신촌,9,32
20250524,아현,신촌,10,43
20250524,아현,신촌,11,54
20250524,아현,신촌,12,54
20250524,아현,신촌,13,48
20250524,아현,신촌,14,43
20250524,아현,신촌,15,46
20250524,아현,신촌,16,37
20250524,아현,신촌,17,32
20250524,아현,신촌,18,32
20250524,아현,신촌,19,17
20250524,아현,신촌,20,11
20250524,아현,신촌,21,8
20250524,아현,신촌,22,7
20250524,아현,신촌,23,1
20250524,아현,아현,4,1
20250524,아현,아현,5,1
20250524,아현,아현,7,1
20250524,아현,아현,8,2
20250524,아현,아현,9,6
20250524,아현,아현,10,4
20250524,아현,아현,11,5
20250524,아현,아현,12,23
20250524,아현,아현,13,3
20250524,아현,아현,14,12
20250524,아현,아현,15,8
20250524,아현,아현,16,12
20250524,아현,아현,17,6
20250524,아현,아현,18,9
20250524,아현,아현,19,4
20250524,아현,아현,20,3
20250524,아현,아현,21,3
20250524,아현,아현,22,5
20250524,아현,아현,23,4
20250524,아현,역삼,6,1
20250524,아현,역삼,8,2
20250524,아현,역삼,9,2
20250524,아현,역삼,10,5
20250524,아현,역삼,11,4
20250524,아현,역삼,12,2
20250524,아현,역삼,13,3
20250524,아현,역삼,14,2
20250524,아현,역삼,16,2
20250524,아현,역삼,17,3
20250524,아현,역삼,18,1
20250524,아현,역삼,20,1
20250524,아현,역삼,21,1
20250524,아현,영등포구청,6,1
20250524,아현,영등포구청,7,2
20250524,아현,영등포구청,8,3
20250524,아현,영등포구청,9,7
20250524,아현,영등포구청,10,17
20250524,아현,영등포구청,11,7
20250524,아현,영등포구청,12,4
20250524,아현,영등포구청,13,9
20250524,아현,영등포구청,14,7
20250524,아현,영등포구청,15,3
20250524,아현,영등포구청,16,5
20250524,아현,영등포구청,17,7
20250524,아현,영등포구청,18,3
20250524,아현,영등포구청,19,2
20250524,아현,영등포구청,20,2
20250524,아현,영등포구청,21,2
20250524,아현,영등포구청,22,2
20250524,아현,왕십리(성동구청),5,1
20250524,아현,왕십리(성동구청),6,3
20250524,아현,왕십리(성동구청),8,5
20250524,아현,왕십리(성동구청),9,9
20250524,아현,왕십리(성동구청),10,4
20250524,아현,왕십리(성동구청),11,3
20250524,아현,왕십리(성동구청),12,2
20250524,아현,왕십리(성동구청),13,4
20250524,아현,왕십리(성동구청),14,1
20250524,아현,왕십리(성동구청),15,6
20250524,아현,왕십리(성동구청),16,6
20250524,아현,왕십리(성동구청),17,10
20250524,아현,왕십리(성동구청),18,3
20250524,아현,왕십리(성동구청),19,2
20250524,아현,왕십리(성동구청),20,4
20250524,아현,왕십리(성동구청),21,3
20250524,아현,왕십리(성동구청),22,1
20250524,아현,왕십리(성동구청),23,1
20250524,아현,용두(동대문구청),8,1
20250524,아현,용두(동대문구청),10,1
20250524,아현,을지로3가,5,1
20250524,아현,을지로3가,6,6
20250524,아현,을지로3가,7,7
20250524,아현,을지로3가,8,13
20250524,아현,을지로3가,9,10
20250524,아현,을지로3가,10,12
20250524,아현,을지로3가,11,8
20250524,아현,을지로3가,12,10
20250524,아현,을지로3가,13,5
20250524,아현,을지로3가,14,13
20250524,아현,을지로3가,15,8
20250524,아현,을지로3가,16,8
20250524,아현,을지로3가,17,10
20250524,아현,을지로3가,18,6
20250524,아현,을지로3가,19,11
20250524,아현,을지로3가,20,5
20250524,아현,을지로3가,21,3
20250524,아현,을지로3가,22,1
20250524,아현,을지로3가,23,1
20250524,아현,을지로4가,5,2
20250524,아현,을지로4가,6,2
20250524,아현,을지로4가,7,3
20250524,아현,을지로4가,8,8
20250524,아현,을지로4가,9,9
20250524,아현,을지로4가,10,9
20250524,아현,을지로4가,11,11
20250524,아현,을지로4가,12,11
20250524,아현,을지로4가,13,4
20250524,아현,을지로4가,14,7
20250524,아현,을지로4가,15,6
20250524,아현,을지로4가,16,5
20250524,아현,을지로4가,17,4
20250524,아현,을지로4가,18,2
20250524,아현,을지로4가,19,1
20250524,아현,을지로4가,21,1
20250524,아현,을지로4가,22,1
20250524,아현,을지로4가,23,2
20250524,아현,을지로입구,5,3
20250524,아현,을지로입구,6,9
20250524,아현,을지로입구,7,16
20250524,아현,을지로입구,8,28
20250524,아현,을지로입구,9,30
20250524,아현,을지로입구,10,56
20250524,아현,을지로입구,11,61
20250524,아현,을지로입구,12,48
20250524,아현,을지로입구,13,31
20250524,아현,을지로입구,14,35
20250524,아현,을지로입구,15,27
20250524,아현,을지로입구,16,37
20250524,아현,을지로입구,17,31
20250524,아현,을지로입구,18,17
20250524,아현,을지로입구,19,21
20250524,아현,을지로입구,20,4
20250524,아현,을지로입구,21,3
20250524,아현,을지로입구,22,2
20250524,아현,을지로입구,23,2
20250524,아현,이대,6,2
20250524,아현,이대,7,4
20250524,아현,이대,8,4
20250524,아현,이대,9,8
20250524,아현,이대,10,13
20250524,아현,이대,11,22
20250524,아현,이대,12,11
20250524,아현,이대,13,17
20250524,아현,이대,14,11
20250524,아현,이대,15,8
20250524,아현,이대,16,4
20250524,아현,이대,17,9
20250524,아현,이대,18,12
20250524,아현,이대,19,5
20250524,아현,이대,20,7
20250524,아현,이대,21,8
20250524,아현,이대,22,3
20250524,아현,이대,23,2
20250524,아현,잠실(송파구청),6,5
20250524,아현,잠실(송파구청),7,1
20250524,아현,잠실(송파구청),8,8
20250524,아현,잠실(송파구청),9,6
20250524,아현,잠실(송파구청),10,16
20250524,아현,잠실(송파구청),11,21
20250524,아현,잠실(송파구청),12,23
20250524,아현,잠실(송파구청),13,11
20250524,아현,잠실(송파구청),14,15
20250524,아현,잠실(송파구청),15,10
20250524,아현,잠실(송파구청),16,8
20250524,아현,잠실(송파구청),17,14
20250524,아현,잠실(송파구청),19,8
20250524,아현,잠실(송파구청),20,3
20250524,아현,잠실(송파구청),21,2
20250524,아현,잠실(송파구청),22,3
20250524,아현,잠실나루,5,2
20250524,아현,잠실나루,6,1
20250524,아현,잠실나루,7,1
20250524,아현,잠실나루,8,1
20250524,아현,잠실나루,9,2
20250524,아현,잠실나루,10,1
20250524,아현,잠실나루,11,2
20250524,아현,잠실나루,12,1
20250524,아현,잠실나루,13,1
20250524,아현,잠실나루,14,4
20250524,아현,잠실나루,15,1
20250524,아현,잠실나루,16,3
20250524,아현,잠실나루,17,1
20250524,아현,잠실나루,20,2
20250524,아현,잠실나루,23,1
20250524,아현,잠실새내,6,1
20250524,아현,잠실새내,7,2
20250524,아현,잠실새내,8,3
20250524,아현,잠실새내,9,3
20250524,아현,잠실새내,10,3
20250524,아현,잠실새내,11,5
20250524,아현,잠실새내,12,2
20250524,아현,잠실새내,13,1
20250524,아현,잠실새내,14,4
20250524,아현,잠실새내,15,4
20250524,아현,잠실새내,16,4
20250524,아현,잠실새내,17,3
20250524,아현,잠실새내,21,2
20250524,아현,잠실새내,22,2
20250524,아현,종합운동장,7,3
20250524,아현,종합운동장,8,1
20250524,아현,종합운동장,9,4
20250524,아현,종합운동장,10,1
20250524,아현,종합운동장,11,1
20250524,아현,종합운동장,12,2
20250524,아현,종합운동장,14,2
20250524,아현,종합운동장,15,22
20250524,아현,종합운동장,16,3
20250524,아현,종합운동장,17,3
20250524,아현,충정로(경기대입구),5,2
20250524,아현,충정로(경기대입구),6,1
20250524,아현,충정로(경기대입구),7,1
20250524,아현,충정로(경기대입구),8,5
20250524,아현,충정로(경기대입구),9,10
20250524,아현,충정로(경기대입구),10,11
20250524,아현,충정로(경기대입구),11,11
20250524,아현,충정로(경기대입구),12,14
20250524,아현,충정로(경기대입구),13,13
20250524,아현,충정로(경기대입구),14,8
20250524,아현,충정로(경기대입구),15,7
20250524,아현,충정로(경기대입구),16,10
20250524,아현,충정로(경기대입구),17,6
20250524,아현,충정로(경기대입구),18,11
20250524,아현,충정로(경기대입구),19,7
20250524,아현,충정로(경기대입구),20,7
20250524,아현,충정로(경기대입구),21,4
20250524,아현,충정로(경기대입구),22,3
20250524,아현,충정로(경기대입구),23,3
20250524,아현,한양대,7,1
20250524,아현,한양대,8,5
20250524,아현,한양대,9,5
20250524,아현,한양대,10,4
20250524,아현,한양대,11,1
20250524,아현,한양대,12,7
20250524,아현,한양대,13,1
20250524,아현,한양대,14,1
20250524,아현,한양대,15,1
20250524,아현,한양대,16,4
20250524,아현,한양대,17,1
20250524,아현,한양대,18,3
20250524,아현,한양대,20,1
20250524,아현,합정,5,4
20250524,아현,합정,6,5
20250524,아현,합정,7,4
20250524,아현,합정,8,11
20250524,아현,합정,9,21
20250524,아현,합정,10,23
20250524,아현,합정,11,15
20250524,아현,합정,12,30
20250524,아현,합정,13,28
20250524,아현,합정,14,32
20250524,아현,합정,15,29
20250524,아현,합정,16,43
20250524,아현,합정,17,20
20250524,아현,합정,18,20
20250524,아현,합정,19,22
20250524,아현,합정,20,15
20250524,아현,합정,21,3
20250524,아현,합정,22,2
20250524,아현,합정,23,3
20250524,아현,홍대입구,5,2
20250524,아현,홍대입구,6,3
20250524,아현,홍대입구,7,6
20250524,아현,홍대입구,8,15
20250524,아현,홍대입구,9,31
20250524,아현,홍대입구,10,65
20250524,아현,홍대입구,11,43
20250524,아현,홍대입구,12,58
20250524,아현,홍대입구,13,52
20250524,아현,홍대입구,14,47
20250524,아현,홍대입구,15,43
20250524,아현,홍대입구,16,42
20250524,아현,홍대입구,17,35
20250524,아현,홍대입구,18,36
20250524,아현,홍대입구,19,21
20250524,아현,홍대입구,20,25
20250524,아현,홍대입구,21,13
20250524,아현,홍대입구,22,14
20250524,아현,홍대입구,23,6
20250524,역삼,강남,5,3
20250524,역삼,강남,6,4
20250524,역삼,강남,7,7
20250524,역삼,강남,8,16
20250524,역삼,강남,9,30
20250524,역삼,강남,10,36
20250524,역삼,강남,11,52
20250524,역삼,강남,12,46
20250524,역삼,강남,13,93
20250524,역삼,강남,14,73
20250524,역삼,강남,15,78
20250524,역삼,강남,16,71
20250524,역삼,강남,17,75
20250524,역삼,강남,18,93
20250524,역삼,강남,19,48
20250524,역삼,강남,20,54
20250524,역삼,강남,21,52
20250524,역삼,강남,22,28
20250524,역삼,강남,23,18
20250524,역삼,강변(동서울터미널),5,4
20250524,역삼,강변(동서울터미널),6,6
20250524,역삼,강변(동서울터미널),7,6
20250524,역삼,강변(동서울터미널),8,7
20250524,역삼,강변(동서울터미널),9,17
20250524,역삼,강변(동서울터미널),10,12
20250524,역삼,강변(동서울터미널),11,10
20250524,역삼,강변(동서울터미널),12,22
20250524,역삼,강변(동서울터미널),13,30
20250524,역삼,강변(동서울터미널),14,23
20250524,역삼,강변(동서울터미널),15,30
20250524,역삼,강변(동서울터미널),16,23
20250524,역삼,강변(동서울터미널),17,40
20250524,역삼,강변(동서울터미널),18,20
20250524,역삼,강변(동서울터미널),19,21
20250524,역삼,강변(동서울터미널),20,20
20250524,역삼,강변(동서울터미널),21,18
20250524,역삼,강변(동서울터미널),22,20
20250524,역삼,강변(동서울터미널),23,6
20250524,역삼,건대입구,5,2
20250524,역삼,건대입구,6,2
20250524,역삼,건대입구,7,2
20250524,역삼,건대입구,8,6
20250524,역삼,건대입구,9,7
20250524,역삼,건대입구,10,10
20250524,역삼,건대입구,11,11
20250524,역삼,건대입구,12,16
20250524,역삼,건대입구,13,10
20250524,역삼,건대입구,14,23
20250524,역삼,건대입구,15,19
20250524,역삼,건대입구,16,28
20250524,역삼,건대입구,17,27
20250524,역삼,건대입구,18,25
20250524,역삼,건대입구,19,17
20250524,역삼,건대입구,20,21
20250524,역삼,건대입구,21,25
20250524,역삼,건대입구,22,20
20250524,역삼,건대입구,23,7
20250524,역삼,교대(법원.검찰청),6,6
20250524,역삼,교대(법원.검찰청),7,5
20250524,역삼,교대(법원.검찰청),8,7
20250524,역삼,교대(법원.검찰청),9,6
20250524,역삼,교대(법원.검찰청),10,19
20250524,역삼,교대(법원.검찰청),11,20
20250524,역삼,교대(법원.검찰청),12,23
20250524,역삼,교대(법원.검찰청),13,23
20250524,역삼,교대(법원.검찰청),14,12
20250524,역삼,교대(법원.검찰청),15,24
20250524,역삼,교대(법원.검찰청),16,31
20250524,역삼,교대(법원.검찰청),17,23
20250524,역삼,교대(법원.검찰청),18,23
20250524,역삼,교대(법원.검찰청),19,22
20250524,역삼,교대(법원.검찰청),20,12
20250524,역삼,교대(법원.검찰청),21,14
20250524,역삼,교대(법원.검찰청),22,7
20250524,역삼,교대(법원.검찰청),23,2
20250524,역삼,구로디지털단지,5,3
20250524,역삼,구로디지털단지,6,7
20250524,역삼,구로디지털단지,7,6
20250524,역삼,구로디지털단지,8,17
20250524,역삼,구로디지털단지,9,5
20250524,역삼,구로디지털단지,10,14
20250524,역삼,구로디지털단지,11,15
20250524,역삼,구로디지털단지,12,27
20250524,역삼,구로디지털단지,13,26
20250524,역삼,구로디지털단지,14,22
20250524,역삼,구로디지털단지,15,31
20250524,역삼,구로디지털단지,16,38
20250524,역삼,구로디지털단지,17,51
20250524,역삼,구로디지털단지,18,35
20250524,역삼,구로디지털단지,19,28
20250524,역삼,구로디지털단지,20,39
20250524,역삼,구로디지털단지,21,38
20250524,역삼,구로디지털단지,22,44
20250524,역삼,구로디지털단지,23,11
20250524,역삼,구의(광진구청),6,3
20250524,역삼,구의(광진구청),7,1
20250524,역삼,구의(광진구청),8,10
20250524,역삼,구의(광진구청),9,6
20250524,역삼,구의(광진구청),10,7
20250524,역삼,구의(광진구청),11,8
20250524,역삼,구의(광진구청),12,9
20250524,역삼,구의(광진구청),13,14
20250524,역삼,구의(광진구청),14,22
20250524,역삼,구의(광진구청),15,16
20250524,역삼,구의(광진구청),16,15
20250524,역삼,구의(광진구청),17,26
20250524,역삼,구의(광진구청),18,20
20250524,역삼,구의(광진구청),19,15
20250524,역삼,구의(광진구청),20,23
20250524,역삼,구의(광진구청),21,17
20250524,역삼,구의(광진구청),22,18
20250524,역삼,구의(광진구청),23,4
20250524,역삼,낙성대,6,1
20250524,역삼,낙성대,7,4
20250524,역삼,낙성대,8,10
20250524,역삼,낙성대,9,5
20250524,역삼,낙성대,10,12
20250524,역삼,낙성대,11,9
20250524,역삼,낙성대,12,17
20250524,역삼,낙성대,13,17
20250524,역삼,낙성대,14,31
20250524,역삼,낙성대,15,28
20250524,역삼,낙성대,16,27
20250524,역삼,낙성대,17,20
20250524,역삼,낙성대,18,37
20250524,역삼,낙성대,19,31
20250524,역삼,낙성대,20,18
20250524,역삼,낙성대,21,27
20250524,역삼,낙성대,22,23
20250524,역삼,낙성대,23,12
20250524,역삼,당산,6,1
20250524,역삼,당산,7,2
20250524,역삼,당산,8,1
20250524,역삼,당산,9,2
20250524,역삼,당산,10,2
20250524,역삼,당산,11,3
20250524,역삼,당산,12,6
20250524,역삼,당산,13,2
20250524,역삼,당산,14,11
20250524,역삼,당산,15,3
20250524,역삼,당산,16,14
20250524,역삼,당산,17,14
20250524,역삼,당산,18,6
20250524,역삼,당산,19,5
20250524,역삼,당산,20,4
20250524,역삼,당산,21,8
20250524,역삼,당산,22,6
20250524,역삼,당산,23,5
20250524,역삼,대림(구로구청),5,1
20250524,역삼,대림(구로구청),6,4
20250524,역삼,대림(구로구청),7,4
20250524,역삼,대림(구로구청),8,4
20250524,역삼,대림(구로구청),9,5
20250524,역삼,대림(구로구청),10,2
20250524,역삼,대림(구로구청),11,9
20250524,역삼,대림(구로구청),12,4
20250524,역삼,대림(구로구청),13,7
20250524,역삼,대림(구로구청),14,14
20250524,역삼,대림(구로구청),15,14
20250524,역삼,대림(구로구청),16,18
20250524,역삼,대림(구로구청),17,18
20250524,역삼,대림(구로구청),18,8
20250524,역삼,대림(구로구청),19,6
20250524,역삼,대림(구로구청),20,29
20250524,역삼,대림(구로구청),21,31
20250524,역삼,대림(구로구청),22,15
20250524,역삼,대림(구로구청),23,3
20250524,역삼,동대문역사문화공원,7,1
20250524,역삼,동대문역사문화공원,8,2
20250524,역삼,동대문역사문화공원,9,4
20250524,역삼,동대문역사문화공원,10,5
20250524,역삼,동대문역사문화공원,11,2
20250524,역삼,동대문역사문화공원,12,2
20250524,역삼,동대문역사문화공원,13,5
20250524,역삼,동대문역사문화공원,14,10
20250524,역삼,동대문역사문화공원,15,2
20250524,역삼,동대문역사문화공원,16,3
20250524,역삼,동대문역사문화공원,18,2
20250524,역삼,동대문역사문화공원,19,2
20250524,역삼,동대문역사문화공원,20,1
20250524,역삼,동대문역사문화공원,21,2
20250524,역삼,동대문역사문화공원,23,2
20250524,역삼,뚝섬,6,2
20250524,역삼,뚝섬,7,1
20250524,역삼,뚝섬,8,1
20250524,역삼,뚝섬,9,5
20250524,역삼,뚝섬,10,8
20250524,역삼,뚝섬,11,1
20250524,역삼,뚝섬,12,3
20250524,역삼,뚝섬,13,7
20250524,역삼,뚝섬,14,5
20250524,역삼,뚝섬,15,7
20250524,역삼,뚝섬,16,10
20250524,역삼,뚝섬,17,6
20250524,역삼,뚝섬,18,3
20250524,역삼,뚝섬,19,1
20250524,역삼,뚝섬,20,3
20250524,역삼,뚝섬,21,4
20250524,역삼,뚝섬,22,2
20250524,역삼,문래,6,1
20250524,역삼,문래,8,1
20250524,역삼,문래,9,4
20250524,역삼,문래,10,2
20250524,역삼,문래,11,4
20250524,역삼,문래,12,3
20250524,역삼,문래,13,2
20250524,역삼,문래,14,15
20250524,역삼,문래,15,4
20250524,역삼,문래,16,8
20250524,역삼,문래,17,4
20250524,역삼,문래,18,8
20250524,역삼,문래,19,6
20250524,역삼,문래,20,3
20250524,역삼,문래,21,10
20250524,역삼,방배,6,3
20250524,역삼,방배,7,2
20250524,역삼,방배,8,3
20250524,역삼,방배,9,5
20250524,역삼,방배,10,6
20250524,역삼,방배,11,10
20250524,역삼,방배,12,16
20250524,역삼,방배,13,11
20250524,역삼,방배,14,13
20250524,역삼,방배,15,9
20250524,역삼,방배,16,13
20250524,역삼,방배,17,14
20250524,역삼,방배,18,12
20250524,역삼,방배,19,5
20250524,역삼,방배,20,14
20250524,역삼,방배,21,10
20250524,역삼,방배,22,12
20250524,역삼,방배,23,3
20250524,역삼,봉천,5,4
20250524,역삼,봉천,6,6
20250524,역삼,봉천,7,4
20250524,역삼,봉천,8,5
20250524,역삼,봉천,9,6
20250524,역삼,봉천,10,9
20250524,역삼,봉천,11,12
20250524,역삼,봉천,12,13
20250524,역삼,봉천,13,17
20250524,역삼,봉천,14,16
20250524,역삼,봉천,15,24
20250524,역삼,봉천,16,27
20250524,역삼,봉천,17,27
20250524,역삼,봉천,18,24
20250524,역삼,봉천,19,10
20250524,역삼,봉천,20,32
20250524,역삼,봉천,21,26
20250524,역삼,봉천,22,16
20250524,역삼,봉천,23,3
20250524,역삼,사당,5,7
20250524,역삼,사당,6,10
20250524,역삼,사당,7,3
20250524,역삼,사당,8,10
20250524,역삼,사당,9,19
20250524,역삼,사당,10,18
20250524,역삼,사당,11,29
20250524,역삼,사당,12,44
20250524,역삼,사당,13,65
20250524,역삼,사당,14,53
20250524,역삼,사당,15,62
20250524,역삼,사당,16,73
20250524,역삼,사당,17,77
20250524,역삼,사당,18,78
20250524,역삼,사당,19,66
20250524,역삼,사당,20,59
20250524,역삼,사당,21,54
20250524,역삼,사당,22,35
20250524,역삼,사당,23,11
20250524,역삼,삼성(무역센터),6,8
20250524,역삼,삼성(무역센터),7,10
20250524,역삼,삼성(무역센터),8,12
20250524,역삼,삼성(무역센터),9,25
20250524,역삼,삼성(무역센터),10,36
20250524,역삼,삼성(무역센터),11,60
20250524,역삼,삼성(무역센터),12,54
20250524,역삼,삼성(무역센터),13,67
20250524,역삼,삼성(무역센터),14,67
20250524,역삼,삼성(무역센터),15,61
20250524,역삼,삼성(무역센터),16,65
20250524,역삼,삼성(무역센터),17,46
20250524,역삼,삼성(무역센터),18,45
20250524,역삼,삼성(무역센터),19,18
20250524,역삼,삼성(무역센터),20,39
20250524,역삼,삼성(무역센터),21,15
20250524,역삼,삼성(무역센터),22,8
20250524,역삼,상왕십리,5,1
20250524,역삼,상왕십리,8,2
20250524,역삼,상왕십리,10,2
20250524,역삼,상왕십리,13,2
20250524,역삼,상왕십리,14,3
20250524,역삼,상왕십리,15,2
20250524,역삼,상왕십리,16,6
20250524,역삼,상왕십리,17,3
20250524,역삼,상왕십리,18,6
20250524,역삼,상왕십리,19,2
20250524,역삼,상왕십리,20,2
20250524,역삼,상왕십리,21,3
20250524,역삼,상왕십리,22,1
20250524,역삼,서울대입구(관악구청),5,7
20250524,역삼,서울대입구(관악구청),6,8
20250524,역삼,서울대입구(관악구청),7,11
20250524,역삼,서울대입구(관악구청),8,14
20250524,역삼,서울대입구(관악구청),9,15
20250524,역삼,서울대입구(관악구청),10,27
20250524,역삼,서울대입구(관악구청),11,20
20250524,역삼,서울대입구(관악구청),12,42
20250524,역삼,서울대입구(관악구청),13,33
20250524,역삼,서울대입구(관악구청),14,52
20250524,역삼,서울대입구(관악구청),15,43
20250524,역삼,서울대입구(관악구청),16,49
20250524,역삼,서울대입구(관악구청),17,48
20250524,역삼,서울대입구(관악구청),18,58
20250524,역삼,서울대입구(관악구청),19,47
20250524,역삼,서울대입구(관악구청),20,42
20250524,역삼,서울대입구(관악구청),21,44
20250524,역삼,서울대입구(관악구청),22,43
20250524,역삼,서울대입구(관악구청),23,21
20250524,역삼,서초,5,4
20250524,역삼,서초,6,12
20250524,역삼,서초,7,4
20250524,역삼,서초,8,11
20250524,역삼,서초,9,7
20250524,역삼,서초,10,12
20250524,역삼,서초,11,8
20250524,역삼,서초,12,9
20250524,역삼,서초,13,27
20250524,역삼,서초,14,20
20250524,역삼,서초,15,9
20250524,역삼,서초,16,18
20250524,역삼,서초,17,14
20250524,역삼,서초,18,11
20250524,역삼,서초,19,5
20250524,역삼,서초,20,8
20250524,역삼,서초,21,4
20250524,역삼,서초,22,5
20250524,역삼,서초,23,2
20250524,역삼,선릉,5,2
20250524,역삼,선릉,6,4
20250524,역삼,선릉,7,3
20250524,역삼,선릉,8,17
20250524,역삼,선릉,9,36
20250524,역삼,선릉,10,45
20250524,역삼,선릉,11,31
20250524,역삼,선릉,12,70
20250524,역삼,선릉,13,68
20250524,역삼,선릉,14,54
20250524,역삼,선릉,15,55
20250524,역삼,선릉,16,80
20250524,역삼,선릉,17,47
20250524,역삼,선릉,18,46
20250524,역삼,선릉,19,23
20250524,역삼,선릉,20,19
20250524,역삼,선릉,21,12
20250524,역삼,선릉,22,15
20250524,역삼,선릉,23,10
20250524,역삼,성수,5,1
20250524,역삼,성수,6,1
20250524,역삼,성수,8,9
20250524,역삼,성수,9,9
20250524,역삼,성수,10,10
20250524,역삼,성수,11,18
20250524,역삼,성수,12,32
20250524,역삼,성수,13,28
20250524,역삼,성수,14,30
20250524,역삼,성수,15,25
20250524,역삼,성수,16,37
20250524,역삼,성수,17,21
20250524,역삼,성수,18,23
20250524,역삼,성수,19,5
20250524,역삼,성수,20,8
20250524,역삼,성수,21,4
20250524,역삼,성수,22,1
20250524,역삼,성수,23,1
20250524,역삼,시청,6,1
20250524,역삼,시청,10,2
20250524,역삼,시청,11,2
20250524,역삼,시청,12,4
20250524,역삼,시청,13,8
20250524,역삼,시청,14,2
20250524,역삼,시청,15,1
20250524,역삼,시청,16,1
20250524,역삼,시청,18,1
20250524,역삼,시청,19,1
20250524,역삼,시청,20,2
20250524,역삼,신당,8,1
20250524,역삼,신당,10,5
20250524,역삼,신당,12,3
20250524,역삼,신당,13,7
20250524,역삼,신당,14,7
20250524,역삼,신당,15,2
20250524,역삼,신당,16,3
20250524,역삼,신당,17,5
20250524,역삼,신당,18,6
20250524,역삼,신당,19,3
20250524,역삼,신당,20,3
20250524,역삼,신당,21,3
20250524,역삼,신당,22,2
20250524,역삼,신대방,6,7
20250524,역삼,신대방,7,4
20250524,역삼,신대방,8,11
20250524,역삼,신대방,9,5
20250524,역삼,신대방,10,5
20250524,역삼,신대방,11,7
20250524,역삼,신대방,12,5
20250524,역삼,신대방,13,16
20250524,역삼,신대방,14,14
20250524,역삼,신대방,15,8
20250524,역삼,신대방,16,13
20250524,역삼,신대방,17,18
20250524,역삼,신대방,18,20
20250524,역삼,신대방,19,12
20250524,역삼,신대방,20,21
20250524,역삼,신대방,21,43
20250524,역삼,신대방,22,20
20250524,역삼,신대방,23,6
20250524,역삼,신도림,5,3
20250524,역삼,신도림,6,5
20250524,역삼,신도림,7,6
20250524,역삼,신도림,8,6
20250524,역삼,신도림,9,6
20250524,역삼,신도림,10,7
20250524,역삼,신도림,11,12
20250524,역삼,신도림,12,17
20250524,역삼,신도림,13,15
20250524,역삼,신도림,14,25
20250524,역삼,신도림,15,28
20250524,역삼,신도림,16,17
20250524,역삼,신도림,17,17
20250524,역삼,신도림,18,20
20250524,역삼,신도림,19,15
20250524,역삼,신도림,20,24
20250524,역삼,신도림,21,23
20250524,역삼,신도림,22,9
20250524,역삼,신도림,23,8
20250524,역삼,신림,5,5
20250524,역삼,신림,6,11
20250524,역삼,신림,7,9
20250524,역삼,신림,8,16
20250524,역삼,신림,9,16
20250524,역삼,신림,10,13
20250524,역삼,신림,11,16
20250524,역삼,신림,12,31
20250524,역삼,신림,13,42
20250524,역삼,신림,14,31
20250524,역삼,신림,15,33
20250524,역삼,신림,16,58
20250524,역삼,신림,17,75
20250524,역삼,신림,18,52
20250524,역삼,신림,19,36
20250524,역삼,신림,20,59
20250524,역삼,신림,21,60
20250524,역삼,신림,22,51
20250524,역삼,신림,23,24
20250524,역삼,신촌,5,1
20250524,역삼,신촌,7,2
20250524,역삼,신촌,8,4
20250524,역삼,신촌,9,3
20250524,역삼,신촌,10,2
20250524,역삼,신촌,11,7
20250524,역삼,신촌,12,8
20250524,역삼,신촌,13,13
20250524,역삼,신촌,14,10
20250524,역삼,신촌,15,10
20250524,역삼,신촌,16,8
20250524,역삼,신촌,17,9
20250524,역삼,신촌,18,2
20250524,역삼,신촌,19,3
20250524,역삼,신촌,20,6
20250524,역삼,신촌,21,4
20250524,역삼,신촌,22,3
20250524,역삼,신촌,23,1
20250524,역삼,아현,8,1
20250524,역삼,아현,9,1
20250524,역삼,아현,10,1
20250524,역삼,아현,12,2
20250524,역삼,아현,13,1
20250524,역삼,아현,14,3
20250524,역삼,아현,15,1
20250524,역삼,아현,16,1
20250524,역삼,아현,17,1
20250524,역삼,아현,20,2
20250524,역삼,아현,21,3
20250524,역삼,아현,22,3
20250524,역삼,역삼,4,1
20250524,역삼,역삼,5,1
20250524,역삼,역삼,6,7
20250524,역삼,역삼,7,2
20250524,역삼,역삼,8,7
20250524,역삼,역삼,9,17
20250524,역삼,역삼,10,22
20250524,역삼,역삼,11,27
20250524,역삼,역삼,12,22
20250524,역삼,역삼,13,37
20250524,역삼,역삼,14,31
20250524,역삼,역삼,15,31
20250524,역삼,역삼,16,27
20250524,역삼,역삼,17,32
20250524,역삼,역삼,18,33
20250524,역삼,역삼,19,28
20250524,역삼,역삼,20,30
20250524,역삼,역삼,21,20
20250524,역삼,역삼,22,15
20250524,역삼,역삼,23,7
20250524,역삼,영등포구청,5,1
20250524,역삼,영등포구청,7,1
20250524,역삼,영등포구청,8,4
20250524,역삼,영등포구청,9,1
20250524,역삼,영등포구청,10,2
20250524,역삼,영등포구청,11,2
20250524,역삼,영등포구청,12,2
20250524,역삼,영등포구청,13,2
20250524,역삼,영등포구청,14,3
20250524,역삼,영등포구청,15,6
20250524,역삼,영등포구청,16,7
20250524,역삼,영등포구청,17,6
20250524,역삼,영등포구청,18,2
20250524,역삼,영등포구청,19,5
20250524,역삼,영등포구청,20,3
20250524,역삼,영등포구청,21,9
20250524,역삼,영등포구청,22,4
20250524,역삼,영등포구청,23,1
20250524,역삼,왕십리(성동구청),9,2
20250524,역삼,왕십리(성동구청),12,3
20250524,역삼,왕십리(성동구청),13,2
20250524,역삼,왕십리(성동구청),14,1
20250524,역삼,왕십리(성동구청),16,3
20250524,역삼,왕십리(성동구청),17,8
20250524,역삼,왕십리(성동구청),18,1
20250524,역삼,왕십리(성동구청),19,4
20250524,역삼,왕십리(성동구청),20,1
20250524,역삼,왕십리(성동구청),22,1
20250524,역삼,왕십리(성동구청),23,1
20250524,역삼,용두(동대문구청),10,2
20250524,역삼,용두(동대문구청),13,1
20250524,역삼,용두(동대문구청),15,1
20250524,역삼,용두(동대문구청),21,1
20250524,역삼,용두(동대문구청),23,1
20250524,역삼,을지로3가,7,1
20250524,역삼,을지로3가,10,1
20250524,역삼,을지로3가,11,2
20250524,역삼,을지로3가,12,1
20250524,역삼,을지로3가,13,2
20250524,역삼,을지로3가,14,2
20250524,역삼,을지로3가,16,4
20250524,역삼,을지로3가,17,1
20250524,역삼,을지로3가,18,2
20250524,역삼,을지로3가,19,2
20250524,역삼,을지로3가,21,3
20250524,역삼,을지로4가,10,2
20250524,역삼,을지로4가,12,3
20250524,역삼,을지로4가,13,3
20250524,역삼,을지로4가,14,2
20250524,역삼,을지로4가,15,4
20250524,역삼,을지로4가,16,2
20250524,역삼,을지로4가,17,4
20250524,역삼,을지로4가,18,1
20250524,역삼,을지로4가,19,1
20250524,역삼,을지로4가,20,3
20250524,역삼,을지로입구,8,2
20250524,역삼,을지로입구,9,2
20250524,역삼,을지로입구,10,4
20250524,역삼,을지로입구,11,5
20250524,역삼,을지로입구,12,9
20250524,역삼,을지로입구,13,11
20250524,역삼,을지로입구,14,10
20250524,역삼,을지로입구,15,7
20250524,역삼,을지로입구,16,4
20250524,역삼,을지로입구,17,5
20250524,역삼,을지로입구,18,4
20250524,역삼,을지로입구,19,1
20250524,역삼,을지로입구,20,3
20250524,역삼,을지로입구,21,1
20250524,역삼,을지로입구,23,2
20250524,역삼,이대,8,2
20250524,역삼,이대,9,2
20250524,역삼,이대,12,1
20250524,역삼,이대,13,4
20250524,역삼,이대,14,5
20250524,역삼,이대,15,7
20250524,역삼,이대,16,2
20250524,역삼,이대,17,1
20250524,역삼,이대,18,4
20250524,역삼,이대,19,6
20250524,역삼,이대,20,3
20250524,역삼,이대,21,2
20250524,역삼,이대,22,3
20250524,역삼,잠실(송파구청),5,6
20250524,역삼,잠실(송파구청),6,15
20250524,역삼,잠실(송파구청),7,7
20250524,역삼,잠실(송파구청),8,22
20250524,역삼,잠실(송파구청),9,50
20250524,역삼,잠실(송파구청),10,44
20250524,역삼,잠실(송파구청),11,57
20250524,역삼,잠실(송파구청),12,119
20250524,역삼,잠실(송파구청),13,79
20250524,역삼,잠실(송파구청),14,78
20250524,역삼,잠실(송파구청),15,104
20250524,역삼,잠실(송파구청),16,148
20250524,역삼,잠실(송파구청),17,139
20250524,역삼,잠실(송파구청),18,76
20250524,역삼,잠실(송파구청),19,74
20250524,역삼,잠실(송파구청),20,68
20250524,역삼,잠실(송파구청),21,52
20250524,역삼,잠실(송파구청),22,58
20250524,역삼,잠실(송파구청),23,21
20250524,역삼,잠실나루,5,1
20250524,역삼,잠실나루,6,2
20250524,역삼,잠실나루,7,1
20250524,역삼,잠실나루,8,3
20250524,역삼,잠실나루,9,4
20250524,역삼,잠실나루,10,4
20250524,역삼,잠실나루,11,3
20250524,역삼,잠실나루,12,7
20250524,역삼,잠실나루,13,7
20250524,역삼,잠실나루,14,9
20250524,역삼,잠실나루,15,6
20250524,역삼,잠실나루,16,6
20250524,역삼,잠실나루,17,7
20250524,역삼,잠실나루,18,7
20250524,역삼,잠실나루,19,4
20250524,역삼,잠실나루,20,4
20250524,역삼,잠실나루,21,9
20250524,역삼,잠실나루,22,2
20250524,역삼,잠실나루,23,1
20250524,역삼,잠실새내,6,1
20250524,역삼,잠실새내,8,4
20250524,역삼,잠실새내,9,12
20250524,역삼,잠실새내,10,13
20250524,역삼,잠실새내,11,8
20250524,역삼,잠실새내,12,19
20250524,역삼,잠실새내,13,26
20250524,역삼,잠실새내,14,20
20250524,역삼,잠실새내,15,34
20250524,역삼,잠실새내,16,25
20250524,역삼,잠실새내,17,33
20250524,역삼,잠실새내,18,26
20250524,역삼,잠실새내,19,26
20250524,역삼,잠실새내,20,14
20250524,역삼,잠실새내,21,14
20250524,역삼,잠실새내,22,12
20250524,역삼,잠실새내,23,3
20250524,역삼,종합운동장,6,4
20250524,역삼,종합운동장,7,4
20250524,역삼,종합운동장,8,6
20250524,역삼,종합운동장,9,1
20250524,역삼,종합운동장,10,4
20250524,역삼,종합운동장,11,6
20250524,역삼,종합운동장,12,6
20250524,역삼,종합운동장,13,10
20250524,역삼,종합운동장,14,15
20250524,역삼,종합운동장,15,29
20250524,역삼,종합운동장,16,43
20250524,역삼,종합운동장,17,16
20250524,역삼,종합운동장,18,9
20250524,역삼,종합운동장,19,3
20250524,역삼,종합운동장,20,9
20250524,역삼,종합운동장,21,5
20250524,역삼,종합운동장,22,5
20250524,역삼,종합운동장,23,1
20250524,역삼,충정로(경기대입구),11,4
20250524,역삼,충정로(경기대입구),12,2
20250524,역삼,충정로(경기대입구),13,1
20250524,역삼,충정로(경기대입구),15,1
20250524,역삼,충정로(경기대입구),16,1
20250524,역삼,충정로(경기대입구),17,1
20250524,역삼,충정로(경기대입구),18,1
20250524,역삼,충정로(경기대입구),19,1
20250524,역삼,충정로(경기대입구),20,3
20250524,역삼,충정로(경기대입구),21,2
20250524,역삼,충정로(경기대입구),22,2
20250524,역삼,한양대,8,2
20250524,역삼,한양대,11,3
20250524,역삼,한양대,13,6
20250524,역삼,한양대,15,1
20250524,역삼,한양대,16,3
20250524,역삼,한양대,18,2
20250524,역삼,한양대,21,2
20250524,역삼,한양대,22,2
20250524,역삼,합정,5,1
20250524,역삼,합정,6,1
20250524,역삼,합정,7,3
20250524,역삼,합정,8,3
20250524,역삼,합정,9,4
20250524,역삼,합정,10,13
20250524,역삼,합정,11,10
20250524,역삼,합정,12,10
20250524,역삼,합정,13,3
20250524,역삼,합정,14,18
20250524,역삼,합정,15,10
20250524,역삼,합정,16,12
20250524,역삼,합정,17,12
20250524,역삼,합정,18,11
20250524,역삼,합정,19,3
20250524,역삼,합정,20,15
20250524,역삼,합정,21,14
20250524,역삼,합정,22,3
20250524,역삼,합정,23,6
20250524,역삼,홍대입구,5,2
20250524,역삼,홍대입구,6,1
20250524,역삼,홍대입구,7,1
20250524,역삼,홍대입구,8,3
20250524,역삼,홍대입구,9,12
20250524,역삼,홍대입구,10,12
20250524,역삼,홍대입구,11,31
20250524,역삼,홍대입구,12,30
20250524,역삼,홍대입구,13,37
20250524,역삼,홍대입구,14,23
20250524,역삼,홍대입구,15,24
20250524,역삼,홍대입구,16,20
20250524,역삼,홍대입구,17,37
20250524,역삼,홍대입구,18,24
20250524,역삼,홍대입구,19,12
20250524,역삼,홍대입구,20,22
20250524,역삼,홍대입구,21,8
20250524,역삼,홍대입구,22,8
20250524,역삼,홍대입구,23,2
20250524,영등포구청,강남,5,1
20250524,영등포구청,강남,6,2
20250524,영등포구청,강남,7,4
20250524,영등포구청,강남,8,20
20250524,영등포구청,강남,9,25
20250524,영등포구청,강남,10,13
20250524,영등포구청,강남,11,18
20250524,영등포구청,강남,12,19
20250524,영등포구청,강남,13,24
20250524,영등포구청,강남,14,21
20250524,영등포구청,강남,15,9
20250524,영등포구청,강남,16,20
20250524,영등포구청,강남,17,19
20250524,영등포구청,강남,18,11
20250524,영등포구청,강남,19,4
20250524,영등포구청,강남,20,6
20250524,영등포구청,강남,22,5
20250524,영등포구청,강남,23,2
20250524,영등포구청,강변(동서울터미널),5,5
20250524,영등포구청,강변(동서울터미널),6,1
20250524,영등포구청,강변(동서울터미널),7,3
20250524,영등포구청,강변(동서울터미널),8,1
20250524,영등포구청,강변(동서울터미널),9,4
20250524,영등포구청,강변(동서울터미널),10,2
20250524,영등포구청,강변(동서울터미널),11,2
20250524,영등포구청,강변(동서울터미널),12,4
20250524,영등포구청,강변(동서울터미널),13,1
20250524,영등포구청,강변(동서울터미널),14,2
20250524,영등포구청,강변(동서울터미널),15,3
20250524,영등포구청,강변(동서울터미널),16,3
20250524,영등포구청,강변(동서울터미널),17,3
20250524,영등포구청,강변(동서울터미널),18,3
20250524,영등포구청,강변(동서울터미널),19,1
20250524,영등포구청,강변(동서울터미널),21,2
20250524,영등포구청,강변(동서울터미널),22,3
20250524,영등포구청,건대입구,6,1
20250524,영등포구청,건대입구,7,2
20250524,영등포구청,건대입구,8,1
20250524,영등포구청,건대입구,9,2
20250524,영등포구청,건대입구,10,7
20250524,영등포구청,건대입구,11,3
20250524,영등포구청,건대입구,12,3
20250524,영등포구청,건대입구,13,4
20250524,영등포구청,건대입구,14,5
20250524,영등포구청,건대입구,15,7
20250524,영등포구청,건대입구,16,5
20250524,영등포구청,건대입구,17,6
20250524,영등포구청,건대입구,18,4
20250524,영등포구청,건대입구,19,5
20250524,영등포구청,건대입구,20,1
20250524,영등포구청,건대입구,21,3
20250524,영등포구청,건대입구,22,4
20250524,영등포구청,교대(법원.검찰청),6,5
20250524,영등포구청,교대(법원.검찰청),7,2
20250524,영등포구청,교대(법원.검찰청),8,4
20250524,영등포구청,교대(법원.검찰청),9,5
20250524,영등포구청,교대(법원.검찰청),10,8
20250524,영등포구청,교대(법원.검찰청),11,4
20250524,영등포구청,교대(법원.검찰청),12,5
20250524,영등포구청,교대(법원.검찰청),13,6
20250524,영등포구청,교대(법원.검찰청),14,4
20250524,영등포구청,교대(법원.검찰청),15,5
20250524,영등포구청,교대(법원.검찰청),16,5
20250524,영등포구청,교대(법원.검찰청),17,7
20250524,영등포구청,교대(법원.검찰청),18,3
20250524,영등포구청,교대(법원.검찰청),19,4
20250524,영등포구청,교대(법원.검찰청),22,3
20250524,영등포구청,구로디지털단지,5,2
20250524,영등포구청,구로디지털단지,6,3
20250524,영등포구청,구로디지털단지,7,8
20250524,영등포구청,구로디지털단지,8,26
20250524,영등포구청,구로디지털단지,9,13
20250524,영등포구청,구로디지털단지,10,15
20250524,영등포구청,구로디지털단지,11,14
20250524,영등포구청,구로디지털단지,12,28
20250524,영등포구청,구로디지털단지,13,46
20250524,영등포구청,구로디지털단지,14,39
20250524,영등포구청,구로디지털단지,15,19
20250524,영등포구청,구로디지털단지,16,30
20250524,영등포구청,구로디지털단지,17,29
20250524,영등포구청,구로디지털단지,18,36
20250524,영등포구청,구로디지털단지,19,36
20250524,영등포구청,구로디지털단지,20,24
20250524,영등포구청,구로디지털단지,21,22
20250524,영등포구청,구로디지털단지,22,33
20250524,영등포구청,구로디지털단지,23,7
20250524,영등포구청,구의(광진구청),5,1
20250524,영등포구청,구의(광진구청),7,1
20250524,영등포구청,구의(광진구청),8,2
20250524,영등포구청,구의(광진구청),9,2
20250524,영등포구청,구의(광진구청),11,3
20250524,영등포구청,구의(광진구청),12,6
20250524,영등포구청,구의(광진구청),14,2
20250524,영등포구청,구의(광진구청),15,1
20250524,영등포구청,구의(광진구청),16,4
20250524,영등포구청,구의(광진구청),17,1
20250524,영등포구청,구의(광진구청),18,2
20250524,영등포구청,구의(광진구청),19,5
20250524,영등포구청,구의(광진구청),20,4
20250524,영등포구청,구의(광진구청),21,3
20250524,영등포구청,구의(광진구청),22,1
20250524,영등포구청,구의(광진구청),23,2
20250524,영등포구청,낙성대,6,1
20250524,영등포구청,낙성대,7,1
20250524,영등포구청,낙성대,8,3
20250524,영등포구청,낙성대,9,6
20250524,영등포구청,낙성대,10,4
20250524,영등포구청,낙성대,11,12
20250524,영등포구청,낙성대,12,3
20250524,영등포구청,낙성대,13,10
20250524,영등포구청,낙성대,14,5
20250524,영등포구청,낙성대,15,13
20250524,영등포구청,낙성대,16,9
20250524,영등포구청,낙성대,17,10
20250524,영등포구청,낙성대,18,12
20250524,영등포구청,낙성대,19,7
20250524,영등포구청,낙성대,20,11
20250524,영등포구청,낙성대,21,6
20250524,영등포구청,낙성대,22,8
20250524,영등포구청,낙성대,23,6
20250524,영등포구청,당산,6,6
20250524,영등포구청,당산,7,6
20250524,영등포구청,당산,8,5
20250524,영등포구청,당산,9,17
20250524,영등포구청,당산,10,7
20250524,영등포구청,당산,11,12
20250524,영등포구청,당산,12,13
20250524,영등포구청,당산,13,16
20250524,영등포구청,당산,14,13
20250524,영등포구청,당산,15,18
20250524,영등포구청,당산,16,23
20250524,영등포구청,당산,17,6
20250524,영등포구청,당산,18,13
20250524,영등포구청,당산,19,14
20250524,영등포구청,당산,20,12
20250524,영등포구청,당산,21,4
20250524,영등포구청,당산,22,4
20250524,영등포구청,당산,23,8
20250524,영등포구청,대림(구로구청),5,4
20250524,영등포구청,대림(구로구청),6,6
20250524,영등포구청,대림(구로구청),7,5
20250524,영등포구청,대림(구로구청),8,9
20250524,영등포구청,대림(구로구청),9,28
20250524,영등포구청,대림(구로구청),10,15
20250524,영등포구청,대림(구로구청),11,20
20250524,영등포구청,대림(구로구청),12,25
20250524,영등포구청,대림(구로구청),13,20
20250524,영등포구청,대림(구로구청),14,21
20250524,영등포구청,대림(구로구청),15,25
20250524,영등포구청,대림(구로구청),16,27
20250524,영등포구청,대림(구로구청),17,18
20250524,영등포구청,대림(구로구청),18,19
20250524,영등포구청,대림(구로구청),19,26
20250524,영등포구청,대림(구로구청),20,18
20250524,영등포구청,대림(구로구청),21,24
20250524,영등포구청,대림(구로구청),22,16
20250524,영등포구청,대림(구로구청),23,9
20250524,영등포구청,동대문역사문화공원,5,1
20250524,영등포구청,동대문역사문화공원,6,3
20250524,영등포구청,동대문역사문화공원,7,2
20250524,영등포구청,동대문역사문화공원,8,4
20250524,영등포구청,동대문역사문화공원,9,6
20250524,영등포구청,동대문역사문화공원,10,13
20250524,영등포구청,동대문역사문화공원,11,19
20250524,영등포구청,동대문역사문화공원,12,19
20250524,영등포구청,동대문역사문화공원,13,6
20250524,영등포구청,동대문역사문화공원,14,18
20250524,영등포구청,동대문역사문화공원,15,9
20250524,영등포구청,동대문역사문화공원,16,11
20250524,영등포구청,동대문역사문화공원,17,1
20250524,영등포구청,동대문역사문화공원,18,5
20250524,영등포구청,동대문역사문화공원,19,3
20250524,영등포구청,동대문역사문화공원,20,4
20250524,영등포구청,동대문역사문화공원,22,3
20250524,영등포구청,뚝섬,6,2
20250524,영등포구청,뚝섬,7,2
20250524,영등포구청,뚝섬,8,6
20250524,영등포구청,뚝섬,9,5
20250524,영등포구청,뚝섬,11,5
20250524,영등포구청,뚝섬,12,7
20250524,영등포구청,뚝섬,13,5
20250524,영등포구청,뚝섬,14,9
20250524,영등포구청,뚝섬,15,4
20250524,영등포구청,뚝섬,16,4
20250524,영등포구청,뚝섬,17,6
20250524,영등포구청,뚝섬,18,1
20250524,영등포구청,뚝섬,21,2
20250524,영등포구청,뚝섬,22,2
20250524,영등포구청,문래,6,6
20250524,영등포구청,문래,7,5
20250524,영등포구청,문래,8,7
20250524,영등포구청,문래,9,12
20250524,영등포구청,문래,10,11
20250524,영등포구청,문래,11,20
20250524,영등포구청,문래,12,24
20250524,영등포구청,문래,13,21
20250524,영등포구청,문래,14,13
20250524,영등포구청,문래,15,20
20250524,영등포구청,문래,16,18
20250524,영등포구청,문래,17,20
20250524,영등포구청,문래,18,19
20250524,영등포구청,문래,19,13
20250524,영등포구청,문래,20,7
20250524,영등포구청,문래,21,7
20250524,영등포구청,문래,22,5
20250524,영등포구청,방배,7,1
20250524,영등포구청,방배,8,2
20250524,영등포구청,방배,9,2
20250524,영등포구청,방배,11,3
20250524,영등포구청,방배,12,3
20250524,영등포구청,방배,13,4
20250524,영등포구청,방배,14,5
20250524,영등포구청,방배,15,9
20250524,영등포구청,방배,16,3
20250524,영등포구청,방배,17,9
20250524,영등포구청,방배,18,2
20250524,영등포구청,방배,19,3
20250524,영등포구청,방배,20,2
20250524,영등포구청,방배,21,2
20250524,영등포구청,방배,22,4
20250524,영등포구청,봉천,6,1
20250524,영등포구청,봉천,7,3
20250524,영등포구청,봉천,8,6
20250524,영등포구청,봉천,9,5
20250524,영등포구청,봉천,10,3
20250524,영등포구청,봉천,11,5
20250524,영등포구청,봉천,12,4
20250524,영등포구청,봉천,13,11
20250524,영등포구청,봉천,14,8
20250524,영등포구청,봉천,15,8
20250524,영등포구청,봉천,16,11
20250524,영등포구청,봉천,17,14
20250524,영등포구청,봉천,18,11
20250524,영등포구청,봉천,19,6
20250524,영등포구청,봉천,20,9
20250524,영등포구청,봉천,21,14
20250524,영등포구청,봉천,22,6
20250524,영등포구청,봉천,23,8
20250524,영등포구청,사당,5,2
20250524,영등포구청,사당,6,7
20250524,영등포구청,사당,7,7
20250524,영등포구청,사당,8,12
20250524,영등포구청,사당,9,11
20250524,영등포구청,사당,10,6
20250524,영등포구청,사당,11,11
20250524,영등포구청,사당,12,17
20250524,영등포구청,사당,13,16
20250524,영등포구청,사당,14,17
20250524,영등포구청,사당,15,18
20250524,영등포구청,사당,16,28
20250524,영등포구청,사당,17,16
20250524,영등포구청,사당,18,17
20250524,영등포구청,사당,19,19
20250524,영등포구청,사당,20,13
20250524,영등포구청,사당,21,4
20250524,영등포구청,사당,22,14
20250524,영등포구청,사당,23,2
20250524,영등포구청,삼성(무역센터),5,1
20250524,영등포구청,삼성(무역센터),6,4
20250524,영등포구청,삼성(무역센터),7,5
20250524,영등포구청,삼성(무역센터),8,5
20250524,영등포구청,삼성(무역센터),9,5
20250524,영등포구청,삼성(무역센터),10,7
20250524,영등포구청,삼성(무역센터),11,5
20250524,영등포구청,삼성(무역센터),12,16
20250524,영등포구청,삼성(무역센터),13,7
20250524,영등포구청,삼성(무역센터),14,4
20250524,영등포구청,삼성(무역센터),15,4
20250524,영등포구청,삼성(무역센터),16,9
20250524,영등포구청,삼성(무역센터),17,3
20250524,영등포구청,삼성(무역센터),18,1
20250524,영등포구청,삼성(무역센터),19,7
20250524,영등포구청,삼성(무역센터),22,2
20250524,영등포구청,삼성(무역센터),23,2
20250524,영등포구청,상왕십리,6,1
20250524,영등포구청,상왕십리,7,2
20250524,영등포구청,상왕십리,10,1
20250524,영등포구청,상왕십리,11,2
20250524,영등포구청,상왕십리,12,3
20250524,영등포구청,상왕십리,13,2
20250524,영등포구청,상왕십리,14,2
20250524,영등포구청,상왕십리,15,4
20250524,영등포구청,상왕십리,16,1
20250524,영등포구청,상왕십리,17,4
20250524,영등포구청,상왕십리,18,3
20250524,영등포구청,상왕십리,19,3
20250524,영등포구청,상왕십리,20,1
20250524,영등포구청,상왕십리,21,3
20250524,영등포구청,상왕십리,23,1
20250524,영등포구청,서울대입구(관악구청),5,1
20250524,영등포구청,서울대입구(관악구청),6,4
20250524,영등포구청,서울대입구(관악구청),7,7
20250524,영등포구청,서울대입구(관악구청),8,10
20250524,영등포구청,서울대입구(관악구청),9,15
20250524,영등포구청,서울대입구(관악구청),10,22
20250524,영등포구청,서울대입구(관악구청),11,8
20250524,영등포구청,서울대입구(관악구청),12,16
20250524,영등포구청,서울대입구(관악구청),13,12
20250524,영등포구청,서울대입구(관악구청),14,10
20250524,영등포구청,서울대입구(관악구청),15,9
20250524,영등포구청,서울대입구(관악구청),16,20
20250524,영등포구청,서울대입구(관악구청),17,22
20250524,영등포구청,서울대입구(관악구청),18,21
20250524,영등포구청,서울대입구(관악구청),19,15
20250524,영등포구청,서울대입구(관악구청),20,17
20250524,영등포구청,서울대입구(관악구청),21,12
20250524,영등포구청,서울대입구(관악구청),22,13
20250524,영등포구청,서울대입구(관악구청),23,10
20250524,영등포구청,서초,5,4
20250524,영등포구청,서초,6,2
20250524,영등포구청,서초,7,3
20250524,영등포구청,서초,8,5
20250524,영등포구청,서초,9,1
20250524,영등포구청,서초,10,6
20250524,영등포구청,서초,11,3
20250524,영등포구청,서초,12,8
20250524,영등포구청,서초,13,2
20250524,영등포구청,서초,14,3
20250524,영등포구청,서초,15,2
20250524,영등포구청,서초,16,5
20250524,영등포구청,서초,17,6
20250524,영등포구청,서초,18,5
20250524,영등포구청,서초,19,1
20250524,영등포구청,서초,20,3
20250524,영등포구청,서초,21,3
20250524,영등포구청,서초,22,2
20250524,영등포구청,선릉,5,3
20250524,영등포구청,선릉,6,2
20250524,영등포구청,선릉,7,5
20250524,영등포구청,선릉,8,5
20250524,영등포구청,선릉,9,5
20250524,영등포구청,선릉,10,12
20250524,영등포구청,선릉,11,3
20250524,영등포구청,선릉,12,10
20250524,영등포구청,선릉,13,7
20250524,영등포구청,선릉,14,9
20250524,영등포구청,선릉,15,6
20250524,영등포구청,선릉,16,4
20250524,영등포구청,선릉,17,3
20250524,영등포구청,선릉,18,2
20250524,영등포구청,선릉,19,4
20250524,영등포구청,선릉,21,2
20250524,영등포구청,선릉,22,1
20250524,영등포구청,선릉,23,1
20250524,영등포구청,성수,7,3
20250524,영등포구청,성수,8,5
20250524,영등포구청,성수,9,4
20250524,영등포구청,성수,10,8
20250524,영등포구청,성수,11,3
20250524,영등포구청,성수,12,9
20250524,영등포구청,성수,13,6
20250524,영등포구청,성수,14,7
20250524,영등포구청,성수,15,12
20250524,영등포구청,성수,16,4
20250524,영등포구청,성수,17,8
20250524,영등포구청,성수,18,1
20250524,영등포구청,성수,19,5
20250524,영등포구청,성수,20,3
20250524,영등포구청,성수,21,2
20250524,영등포구청,성수,22,1
20250524,영등포구청,성수,23,3
20250524,영등포구청,시청,5,7
20250524,영등포구청,시청,6,4
20250524,영등포구청,시청,7,4
20250524,영등포구청,시청,8,8
20250524,영등포구청,시청,9,16
20250524,영등포구청,시청,10,23
20250524,영등포구청,시청,11,9
20250524,영등포구청,시청,12,8
20250524,영등포구청,시청,13,15
20250524,영등포구청,시청,14,11
20250524,영등포구청,시청,15,13
20250524,영등포구청,시청,16,3
20250524,영등포구청,시청,17,3
20250524,영등포구청,시청,18,13
20250524,영등포구청,시청,19,5
20250524,영등포구청,시청,21,1
20250524,영등포구청,시청,22,1
20250524,영등포구청,신당,6,1
20250524,영등포구청,신당,7,4
20250524,영등포구청,신당,8,1
20250524,영등포구청,신당,9,2
20250524,영등포구청,신당,10,2
20250524,영등포구청,신당,11,2
20250524,영등포구청,신당,12,5
20250524,영등포구청,신당,13,5
20250524,영등포구청,신당,15,4
20250524,영등포구청,신당,16,5
20250524,영등포구청,신당,17,2
20250524,영등포구청,신당,18,7
20250524,영등포구청,신당,19,2
20250524,영등포구청,신당,20,3
20250524,영등포구청,신당,21,2
20250524,영등포구청,신당,22,5
20250524,영등포구청,신당,23,1
20250524,영등포구청,신대방,5,2
20250524,영등포구청,신대방,6,5
20250524,영등포구청,신대방,8,9
20250524,영등포구청,신대방,9,5
20250524,영등포구청,신대방,10,13
20250524,영등포구청,신대방,11,13
20250524,영등포구청,신대방,12,21
20250524,영등포구청,신대방,13,30
20250524,영등포구청,신대방,14,20
20250524,영등포구청,신대방,15,25
20250524,영등포구청,신대방,16,10
20250524,영등포구청,신대방,17,21
20250524,영등포구청,신대방,18,15
20250524,영등포구청,신대방,19,15
20250524,영등포구청,신대방,20,14
20250524,영등포구청,신대방,21,26
20250524,영등포구청,신대방,22,12
20250524,영등포구청,신대방,23,6
20250524,영등포구청,신도림,5,3
20250524,영등포구청,신도림,6,4
20250524,영등포구청,신도림,7,9
20250524,영등포구청,신도림,8,10
20250524,영등포구청,신도림,9,18
20250524,영등포구청,신도림,10,14
20250524,영등포구청,신도림,11,29
20250524,영등포구청,신도림,12,47
20250524,영등포구청,신도림,13,40
20250524,영등포구청,신도림,14,35
20250524,영등포구청,신도림,15,48
20250524,영등포구청,신도림,16,39
20250524,영등포구청,신도림,17,32
20250524,영등포구청,신도림,18,27
20250524,영등포구청,신도림,19,28
20250524,영등포구청,신도림,20,24
20250524,영등포구청,신도림,21,21
20250524,영등포구청,신도림,22,14
20250524,영등포구청,신도림,23,16
20250524,영등포구청,신림,5,3
20250524,영등포구청,신림,6,7
20250524,영등포구청,신림,7,8
20250524,영등포구청,신림,8,11
20250524,영등포구청,신림,9,10
20250524,영등포구청,신림,10,15
20250524,영등포구청,신림,11,19
20250524,영등포구청,신림,12,29
20250524,영등포구청,신림,13,20
20250524,영등포구청,신림,14,15
20250524,영등포구청,신림,15,33
20250524,영등포구청,신림,16,25
20250524,영등포구청,신림,17,26
20250524,영등포구청,신림,18,34
20250524,영등포구청,신림,19,37
20250524,영등포구청,신림,20,26
20250524,영등포구청,신림,21,32
20250524,영등포구청,신림,22,14
20250524,영등포구청,신림,23,24
20250524,영등포구청,신촌,5,2
20250524,영등포구청,신촌,6,2
20250524,영등포구청,신촌,7,2
20250524,영등포구청,신촌,8,12
20250524,영등포구청,신촌,9,28
20250524,영등포구청,신촌,10,14
20250524,영등포구청,신촌,11,25
20250524,영등포구청,신촌,12,25
20250524,영등포구청,신촌,13,26
20250524,영등포구청,신촌,14,26
20250524,영등포구청,신촌,15,33
20250524,영등포구청,신촌,16,19
20250524,영등포구청,신촌,17,22
20250524,영등포구청,신촌,18,19
20250524,영등포구청,신촌,19,10
20250524,영등포구청,신촌,20,10
20250524,영등포구청,신촌,21,17
20250524,영등포구청,신촌,22,8
20250524,영등포구청,신촌,23,3
20250524,영등포구청,아현,5,3
20250524,영등포구청,아현,7,3
20250524,영등포구청,아현,8,3
20250524,영등포구청,아현,9,2
20250524,영등포구청,아현,10,4
20250524,영등포구청,아현,11,3
20250524,영등포구청,아현,12,4
20250524,영등포구청,아현,13,6
20250524,영등포구청,아현,14,6
20250524,영등포구청,아현,15,3
20250524,영등포구청,아현,16,3
20250524,영등포구청,아현,17,9
20250524,영등포구청,아현,18,6
20250524,영등포구청,아현,19,3
20250524,영등포구청,아현,20,4
20250524,영등포구청,아현,21,3
20250524,영등포구청,아현,22,5
20250524,영등포구청,아현,23,3
20250524,영등포구청,역삼,8,5
20250524,영등포구청,역삼,9,10
20250524,영등포구청,역삼,10,7
20250524,영등포구청,역삼,11,6
20250524,영등포구청,역삼,12,7
20250524,영등포구청,역삼,13,8
20250524,영등포구청,역삼,14,1
20250524,영등포구청,역삼,15,10
20250524,영등포구청,역삼,16,6
20250524,영등포구청,역삼,17,7
20250524,영등포구청,역삼,18,3
20250524,영등포구청,역삼,19,2
20250524,영등포구청,역삼,20,1
20250524,영등포구청,역삼,21,1
20250524,영등포구청,역삼,22,3
20250524,영등포구청,영등포구청,0,3
20250524,영등포구청,영등포구청,5,8
20250524,영등포구청,영등포구청,6,7
20250524,영등포구청,영등포구청,7,11
20250524,영등포구청,영등포구청,8,7
20250524,영등포구청,영등포구청,9,17
20250524,영등포구청,영등포구청,10,14
20250524,영등포구청,영등포구청,11,29
20250524,영등포구청,영등포구청,12,22
20250524,영등포구청,영등포구청,13,28
20250524,영등포구청,영등포구청,14,34
20250524,영등포구청,영등포구청,15,26
20250524,영등포구청,영등포구청,16,23
20250524,영등포구청,영등포구청,17,22
20250524,영등포구청,영등포구청,18,24
20250524,영등포구청,영등포구청,19,30
20250524,영등포구청,영등포구청,20,12
20250524,영등포구청,영등포구청,21,18
20250524,영등포구청,영등포구청,22,9
20250524,영등포구청,영등포구청,23,16
20250524,영등포구청,왕십리(성동구청),6,1
20250524,영등포구청,왕십리(성동구청),7,1
20250524,영등포구청,왕십리(성동구청),8,2
20250524,영등포구청,왕십리(성동구청),9,4
20250524,영등포구청,왕십리(성동구청),11,4
20250524,영등포구청,왕십리(성동구청),12,6
20250524,영등포구청,왕십리(성동구청),13,4
20250524,영등포구청,왕십리(성동구청),14,3
20250524,영등포구청,왕십리(성동구청),15,3
20250524,영등포구청,왕십리(성동구청),16,4
20250524,영등포구청,왕십리(성동구청),17,4
20250524,영등포구청,왕십리(성동구청),18,2
20250524,영등포구청,왕십리(성동구청),19,5
20250524,영등포구청,왕십리(성동구청),21,2
20250524,영등포구청,왕십리(성동구청),22,1
20250524,영등포구청,왕십리(성동구청),23,3
20250524,영등포구청,용두(동대문구청),9,1
20250524,영등포구청,용두(동대문구청),10,1
20250524,영등포구청,을지로3가,6,1
20250524,영등포구청,을지로3가,7,4
20250524,영등포구청,을지로3가,8,3
20250524,영등포구청,을지로3가,9,8
20250524,영등포구청,을지로3가,10,4
20250524,영등포구청,을지로3가,11,1
20250524,영등포구청,을지로3가,12,7
20250524,영등포구청,을지로3가,13,3
20250524,영등포구청,을지로3가,14,7
20250524,영등포구청,을지로3가,15,8
20250524,영등포구청,을지로3가,16,7
20250524,영등포구청,을지로3가,17,9
20250524,영등포구청,을지로3가,18,8
20250524,영등포구청,을지로3가,19,2
20250524,영등포구청,을지로3가,20,3
20250524,영등포구청,을지로3가,22,1
20250524,영등포구청,을지로4가,5,4
20250524,영등포구청,을지로4가,6,4
20250524,영등포구청,을지로4가,7,1
20250524,영등포구청,을지로4가,8,4
20250524,영등포구청,을지로4가,9,4
20250524,영등포구청,을지로4가,10,2
20250524,영등포구청,을지로4가,11,1
20250524,영등포구청,을지로4가,12,3
20250524,영등포구청,을지로4가,14,4
20250524,영등포구청,을지로4가,15,3
20250524,영등포구청,을지로4가,16,2
20250524,영등포구청,을지로4가,17,3
20250524,영등포구청,을지로4가,18,5
20250524,영등포구청,을지로4가,19,2
20250524,영등포구청,을지로4가,20,4
20250524,영등포구청,을지로4가,23,1
20250524,영등포구청,을지로입구,5,7
20250524,영등포구청,을지로입구,6,8
20250524,영등포구청,을지로입구,7,5
20250524,영등포구청,을지로입구,8,10
20250524,영등포구청,을지로입구,9,34
20250524,영등포구청,을지로입구,10,35
20250524,영등포구청,을지로입구,11,16
20250524,영등포구청,을지로입구,12,17
20250524,영등포구청,을지로입구,13,29
20250524,영등포구청,을지로입구,14,22
20250524,영등포구청,을지로입구,15,17
20250524,영등포구청,을지로입구,16,25
20250524,영등포구청,을지로입구,17,18
20250524,영등포구청,을지로입구,18,15
20250524,영등포구청,을지로입구,19,22
20250524,영등포구청,을지로입구,20,5
20250524,영등포구청,을지로입구,21,13
20250524,영등포구청,을지로입구,22,4
20250524,영등포구청,을지로입구,23,5
20250524,영등포구청,이대,5,3
20250524,영등포구청,이대,6,3
20250524,영등포구청,이대,7,2
20250524,영등포구청,이대,8,9
20250524,영등포구청,이대,9,10
20250524,영등포구청,이대,10,5
20250524,영등포구청,이대,11,4
20250524,영등포구청,이대,12,6
20250524,영등포구청,이대,13,8
20250524,영등포구청,이대,14,5
20250524,영등포구청,이대,15,6
20250524,영등포구청,이대,16,12
20250524,영등포구청,이대,17,2
20250524,영등포구청,이대,18,8
20250524,영등포구청,이대,19,3
20250524,영등포구청,이대,20,3
20250524,영등포구청,이대,21,2
20250524,영등포구청,이대,22,3
20250524,영등포구청,이대,23,2
20250524,영등포구청,잠실(송파구청),5,4
20250524,영등포구청,잠실(송파구청),6,6
20250524,영등포구청,잠실(송파구청),7,6
20250524,영등포구청,잠실(송파구청),8,9
20250524,영등포구청,잠실(송파구청),9,11
20250524,영등포구청,잠실(송파구청),10,14
20250524,영등포구청,잠실(송파구청),11,8
20250524,영등포구청,잠실(송파구청),12,14
20250524,영등포구청,잠실(송파구청),13,7
20250524,영등포구청,잠실(송파구청),14,11
20250524,영등포구청,잠실(송파구청),15,12
20250524,영등포구청,잠실(송파구청),16,10
20250524,영등포구청,잠실(송파구청),17,9
20250524,영등포구청,잠실(송파구청),18,3
20250524,영등포구청,잠실(송파구청),19,6
20250524,영등포구청,잠실(송파구청),20,3
20250524,영등포구청,잠실(송파구청),21,1
20250524,영등포구청,잠실(송파구청),22,1
20250524,영등포구청,잠실나루,10,1
20250524,영등포구청,잠실나루,12,1
20250524,영등포구청,잠실나루,13,1
20250524,영등포구청,잠실나루,16,1
20250524,영등포구청,잠실나루,19,1
20250524,영등포구청,잠실나루,20,3
20250524,영등포구청,잠실나루,21,3
20250524,영등포구청,잠실나루,22,2
20250524,영등포구청,잠실새내,6,1
20250524,영등포구청,잠실새내,8,4
20250524,영등포구청,잠실새내,9,3
20250524,영등포구청,잠실새내,11,2
20250524,영등포구청,잠실새내,12,1
20250524,영등포구청,잠실새내,13,3
20250524,영등포구청,잠실새내,14,2
20250524,영등포구청,잠실새내,15,1
20250524,영등포구청,잠실새내,16,3
20250524,영등포구청,잠실새내,17,3
20250524,영등포구청,잠실새내,18,3
20250524,영등포구청,잠실새내,19,2
20250524,영등포구청,잠실새내,22,1
20250524,영등포구청,종합운동장,5,1
20250524,영등포구청,종합운동장,7,2
20250524,영등포구청,종합운동장,12,2
20250524,영등포구청,종합운동장,13,3
20250524,영등포구청,종합운동장,14,4
20250524,영등포구청,종합운동장,15,12
20250524,영등포구청,종합운동장,16,1
20250524,영등포구청,종합운동장,17,1
20250524,영등포구청,종합운동장,18,1
20250524,영등포구청,종합운동장,21,1
20250524,영등포구청,충정로(경기대입구),5,2
20250524,영등포구청,충정로(경기대입구),6,1
20250524,영등포구청,충정로(경기대입구),7,3
20250524,영등포구청,충정로(경기대입구),9,3
20250524,영등포구청,충정로(경기대입구),10,1
20250524,영등포구청,충정로(경기대입구),11,4
20250524,영등포구청,충정로(경기대입구),12,8
20250524,영등포구청,충정로(경기대입구),13,2
20250524,영등포구청,충정로(경기대입구),14,3
20250524,영등포구청,충정로(경기대입구),15,2
20250524,영등포구청,충정로(경기대입구),16,3
20250524,영등포구청,충정로(경기대입구),17,4
20250524,영등포구청,충정로(경기대입구),18,3
20250524,영등포구청,충정로(경기대입구),19,2
20250524,영등포구청,충정로(경기대입구),20,1
20250524,영등포구청,충정로(경기대입구),21,3
20250524,영등포구청,충정로(경기대입구),23,1
20250524,영등포구청,한양대,5,1
20250524,영등포구청,한양대,8,2
20250524,영등포구청,한양대,9,2
20250524,영등포구청,한양대,10,3
20250524,영등포구청,한양대,11,1
20250524,영등포구청,한양대,12,1
20250524,영등포구청,한양대,14,4
20250524,영등포구청,한양대,15,1
20250524,영등포구청,한양대,16,5
20250524,영등포구청,한양대,18,1
20250524,영등포구청,한양대,21,3
20250524,영등포구청,합정,5,6
20250524,영등포구청,합정,6,3
20250524,영등포구청,합정,7,7
20250524,영등포구청,합정,8,19
20250524,영등포구청,합정,9,21
20250524,영등포구청,합정,10,24
20250524,영등포구청,합정,11,29
20250524,영등포구청,합정,12,47
20250524,영등포구청,합정,13,54
20250524,영등포구청,합정,14,45
20250524,영등포구청,합정,15,31
20250524,영등포구청,합정,16,30
20250524,영등포구청,합정,17,49
20250524,영등포구청,합정,18,33
20250524,영등포구청,합정,19,34
20250524,영등포구청,합정,20,23
20250524,영등포구청,합정,21,27
20250524,영등포구청,합정,22,28
20250524,영등포구청,합정,23,7
20250524,영등포구청,홍대입구,6,7
20250524,영등포구청,홍대입구,7,7
20250524,영등포구청,홍대입구,8,18
20250524,영등포구청,홍대입구,9,31
20250524,영등포구청,홍대입구,10,37
20250524,영등포구청,홍대입구,11,40
20250524,영등포구청,홍대입구,12,56
20250524,영등포구청,홍대입구,13,63
20250524,영등포구청,홍대입구,14,66
20250524,영등포구청,홍대입구,15,56
20250524,영등포구청,홍대입구,16,47
20250524,영등포구청,홍대입구,17,59
20250524,영등포구청,홍대입구,18,57
20250524,영등포구청,홍대입구,19,49
20250524,영등포구청,홍대입구,20,36
20250524,영등포구청,홍대입구,21,22
20250524,영등포구청,홍대입구,22,18
20250524,영등포구청,홍대입구,23,12
20250524,왕십리(성동구청),강남,4,1
20250524,왕십리(성동구청),강남,7,6
20250524,왕십리(성동구청),강남,8,17
20250524,왕십리(성동구청),강남,9,11
20250524,왕십리(성동구청),강남,10,18
20250524,왕십리(성동구청),강남,11,9
20250524,왕십리(성동구청),강남,12,17
20250524,왕십리(성동구청),강남,13,17
20250524,왕십리(성동구청),강남,14,6
20250524,왕십리(성동구청),강남,15,7
20250524,왕십리(성동구청),강남,16,8
20250524,왕십리(성동구청),강남,17,26
20250524,왕십리(성동구청),강남,18,6
20250524,왕십리(성동구청),강남,19,6
20250524,왕십리(성동구청),강남,20,12
20250524,왕십리(성동구청),강남,21,7
20250524,왕십리(성동구청),강남,22,10
20250524,왕십리(성동구청),강남,23,9
20250524,왕십리(성동구청),강변(동서울터미널),5,7
20250524,왕십리(성동구청),강변(동서울터미널),6,9
20250524,왕십리(성동구청),강변(동서울터미널),7,10
20250524,왕십리(성동구청),강변(동서울터미널),8,22
20250524,왕십리(성동구청),강변(동서울터미널),9,28
20250524,왕십리(성동구청),강변(동서울터미널),10,15
20250524,왕십리(성동구청),강변(동서울터미널),11,17
20250524,왕십리(성동구청),강변(동서울터미널),12,15
20250524,왕십리(성동구청),강변(동서울터미널),13,18
20250524,왕십리(성동구청),강변(동서울터미널),14,13
20250524,왕십리(성동구청),강변(동서울터미널),15,20
20250524,왕십리(성동구청),강변(동서울터미널),16,20
20250524,왕십리(성동구청),강변(동서울터미널),17,16
20250524,왕십리(성동구청),강변(동서울터미널),18,8
20250524,왕십리(성동구청),강변(동서울터미널),19,8
20250524,왕십리(성동구청),강변(동서울터미널),20,8
20250524,왕십리(성동구청),강변(동서울터미널),21,12
20250524,왕십리(성동구청),강변(동서울터미널),22,13
20250524,왕십리(성동구청),강변(동서울터미널),23,6
20250524,왕십리(성동구청),건대입구,5,15
20250524,왕십리(성동구청),건대입구,6,4
20250524,왕십리(성동구청),건대입구,7,2
20250524,왕십리(성동구청),건대입구,8,12
20250524,왕십리(성동구청),건대입구,9,8
20250524,왕십리(성동구청),건대입구,10,21
20250524,왕십리(성동구청),건대입구,11,22
20250524,왕십리(성동구청),건대입구,12,44
20250524,왕십리(성동구청),건대입구,13,38
20250524,왕십리(성동구청),건대입구,14,32
20250524,왕십리(성동구청),건대입구,15,42
20250524,왕십리(성동구청),건대입구,16,58
20250524,왕십리(성동구청),건대입구,17,44
20250524,왕십리(성동구청),건대입구,18,39
20250524,왕십리(성동구청),건대입구,19,40
20250524,왕십리(성동구청),건대입구,20,27
20250524,왕십리(성동구청),건대입구,21,30
20250524,왕십리(성동구청),건대입구,22,35
20250524,왕십리(성동구청),건대입구,23,13
20250524,왕십리(성동구청),교대(법원.검찰청),5,2
20250524,왕십리(성동구청),교대(법원.검찰청),6,3
20250524,왕십리(성동구청),교대(법원.검찰청),8,2
20250524,왕십리(성동구청),교대(법원.검찰청),9,4
20250524,왕십리(성동구청),교대(법원.검찰청),10,3
20250524,왕십리(성동구청),교대(법원.검찰청),11,3
20250524,왕십리(성동구청),교대(법원.검찰청),12,1
20250524,왕십리(성동구청),교대(법원.검찰청),14,3
20250524,왕십리(성동구청),교대(법원.검찰청),16,3
20250524,왕십리(성동구청),교대(법원.검찰청),18,1
20250524,왕십리(성동구청),교대(법원.검찰청),19,2
20250524,왕십리(성동구청),교대(법원.검찰청),20,1
20250524,왕십리(성동구청),구로디지털단지,5,3
20250524,왕십리(성동구청),구로디지털단지,6,1
20250524,왕십리(성동구청),구로디지털단지,7,6
20250524,왕십리(성동구청),구로디지털단지,8,9
20250524,왕십리(성동구청),구로디지털단지,9,3
20250524,왕십리(성동구청),구로디지털단지,10,2
20250524,왕십리(성동구청),구로디지털단지,11,5
20250524,왕십리(성동구청),구로디지털단지,12,7
20250524,왕십리(성동구청),구로디지털단지,13,10
20250524,왕십리(성동구청),구로디지털단지,14,7
20250524,왕십리(성동구청),구로디지털단지,15,13
20250524,왕십리(성동구청),구로디지털단지,16,13
20250524,왕십리(성동구청),구로디지털단지,17,8
20250524,왕십리(성동구청),구로디지털단지,18,5
20250524,왕십리(성동구청),구로디지털단지,19,6
20250524,왕십리(성동구청),구로디지털단지,20,16
20250524,왕십리(성동구청),구로디지털단지,21,6
20250524,왕십리(성동구청),구로디지털단지,22,7
20250524,왕십리(성동구청),구로디지털단지,23,6
20250524,왕십리(성동구청),구의(광진구청),5,5
20250524,왕십리(성동구청),구의(광진구청),6,3
20250524,왕십리(성동구청),구의(광진구청),7,8
20250524,왕십리(성동구청),구의(광진구청),8,13
20250524,왕십리(성동구청),구의(광진구청),9,12
20250524,왕십리(성동구청),구의(광진구청),10,10
20250524,왕십리(성동구청),구의(광진구청),11,7
20250524,왕십리(성동구청),구의(광진구청),12,19
20250524,왕십리(성동구청),구의(광진구청),13,19
20250524,왕십리(성동구청),구의(광진구청),14,15
20250524,왕십리(성동구청),구의(광진구청),15,8
20250524,왕십리(성동구청),구의(광진구청),16,23
20250524,왕십리(성동구청),구의(광진구청),17,21
20250524,왕십리(성동구청),구의(광진구청),18,17
20250524,왕십리(성동구청),구의(광진구청),19,10
20250524,왕십리(성동구청),구의(광진구청),20,22
20250524,왕십리(성동구청),구의(광진구청),21,14
20250524,왕십리(성동구청),구의(광진구청),22,17
20250524,왕십리(성동구청),구의(광진구청),23,9
20250524,왕십리(성동구청),낙성대,6,3
20250524,왕십리(성동구청),낙성대,7,2
20250524,왕십리(성동구청),낙성대,8,1
20250524,왕십리(성동구청),낙성대,10,2
20250524,왕십리(성동구청),낙성대,11,2
20250524,왕십리(성동구청),낙성대,13,2
20250524,왕십리(성동구청),낙성대,14,1
20250524,왕십리(성동구청),낙성대,15,1
20250524,왕십리(성동구청),낙성대,16,1
20250524,왕십리(성동구청),낙성대,17,1
20250524,왕십리(성동구청),낙성대,18,6
20250524,왕십리(성동구청),낙성대,19,3
20250524,왕십리(성동구청),낙성대,20,3
20250524,왕십리(성동구청),낙성대,21,4
20250524,왕십리(성동구청),낙성대,22,4
20250524,왕십리(성동구청),당산,5,10
20250524,왕십리(성동구청),당산,6,2
20250524,왕십리(성동구청),당산,7,5
20250524,왕십리(성동구청),당산,8,8
20250524,왕십리(성동구청),당산,9,2
20250524,왕십리(성동구청),당산,10,4
20250524,왕십리(성동구청),당산,11,4
20250524,왕십리(성동구청),당산,12,4
20250524,왕십리(성동구청),당산,13,8
20250524,왕십리(성동구청),당산,14,4
20250524,왕십리(성동구청),당산,15,2
20250524,왕십리(성동구청),당산,16,9
20250524,왕십리(성동구청),당산,17,9
20250524,왕십리(성동구청),당산,18,1
20250524,왕십리(성동구청),당산,19,6
20250524,왕십리(성동구청),당산,20,3
20250524,왕십리(성동구청),당산,21,6
20250524,왕십리(성동구청),당산,22,5
20250524,왕십리(성동구청),당산,23,7
20250524,왕십리(성동구청),대림(구로구청),6,1
20250524,왕십리(성동구청),대림(구로구청),7,1
20250524,왕십리(성동구청),대림(구로구청),8,1
20250524,왕십리(성동구청),대림(구로구청),9,2
20250524,왕십리(성동구청),대림(구로구청),10,3
20250524,왕십리(성동구청),대림(구로구청),11,3
20250524,왕십리(성동구청),대림(구로구청),13,2
20250524,왕십리(성동구청),대림(구로구청),14,4
20250524,왕십리(성동구청),대림(구로구청),15,1
20250524,왕십리(성동구청),대림(구로구청),16,5
20250524,왕십리(성동구청),대림(구로구청),17,3
20250524,왕십리(성동구청),대림(구로구청),18,4
20250524,왕십리(성동구청),대림(구로구청),19,3
20250524,왕십리(성동구청),대림(구로구청),20,5
20250524,왕십리(성동구청),대림(구로구청),21,7
20250524,왕십리(성동구청),대림(구로구청),22,7
20250524,왕십리(성동구청),동대문역사문화공원,5,2
20250524,왕십리(성동구청),동대문역사문화공원,6,5
20250524,왕십리(성동구청),동대문역사문화공원,7,1
20250524,왕십리(성동구청),동대문역사문화공원,8,9
20250524,왕십리(성동구청),동대문역사문화공원,9,10
20250524,왕십리(성동구청),동대문역사문화공원,10,16
20250524,왕십리(성동구청),동대문역사문화공원,11,27
20250524,왕십리(성동구청),동대문역사문화공원,12,29
20250524,왕십리(성동구청),동대문역사문화공원,13,28
20250524,왕십리(성동구청),동대문역사문화공원,14,37
20250524,왕십리(성동구청),동대문역사문화공원,15,28
20250524,왕십리(성동구청),동대문역사문화공원,16,15
20250524,왕십리(성동구청),동대문역사문화공원,17,5
20250524,왕십리(성동구청),동대문역사문화공원,18,14
20250524,왕십리(성동구청),동대문역사문화공원,19,11
20250524,왕십리(성동구청),동대문역사문화공원,20,7
20250524,왕십리(성동구청),동대문역사문화공원,21,7
20250524,왕십리(성동구청),동대문역사문화공원,22,4
20250524,왕십리(성동구청),동대문역사문화공원,23,5
20250524,왕십리(성동구청),뚝섬,5,3
20250524,왕십리(성동구청),뚝섬,6,3
20250524,왕십리(성동구청),뚝섬,7,5
20250524,왕십리(성동구청),뚝섬,8,13
20250524,왕십리(성동구청),뚝섬,9,17
20250524,왕십리(성동구청),뚝섬,10,23
20250524,왕십리(성동구청),뚝섬,11,23
20250524,왕십리(성동구청),뚝섬,12,46
20250524,왕십리(성동구청),뚝섬,13,31
20250524,왕십리(성동구청),뚝섬,14,38
20250524,왕십리(성동구청),뚝섬,15,28
20250524,왕십리(성동구청),뚝섬,16,32
20250524,왕십리(성동구청),뚝섬,17,34
20250524,왕십리(성동구청),뚝섬,18,21
20250524,왕십리(성동구청),뚝섬,19,12
20250524,왕십리(성동구청),뚝섬,20,15
20250524,왕십리(성동구청),뚝섬,21,25
20250524,왕십리(성동구청),뚝섬,22,12
20250524,왕십리(성동구청),뚝섬,23,6
20250524,왕십리(성동구청),문래,5,1
20250524,왕십리(성동구청),문래,6,1
20250524,왕십리(성동구청),문래,9,3
20250524,왕십리(성동구청),문래,10,5
20250524,왕십리(성동구청),문래,11,3
20250524,왕십리(성동구청),문래,12,6
20250524,왕십리(성동구청),문래,13,5
20250524,왕십리(성동구청),문래,14,2
20250524,왕십리(성동구청),문래,15,5
20250524,왕십리(성동구청),문래,16,6
20250524,왕십리(성동구청),문래,17,6
20250524,왕십리(성동구청),문래,18,3
20250524,왕십리(성동구청),문래,20,2
20250524,왕십리(성동구청),문래,21,1
20250524,왕십리(성동구청),문래,22,2
20250524,왕십리(성동구청),문래,23,1
20250524,왕십리(성동구청),방배,4,1
20250524,왕십리(성동구청),방배,5,2
20250524,왕십리(성동구청),방배,6,1
20250524,왕십리(성동구청),방배,8,1
20250524,왕십리(성동구청),방배,9,2
20250524,왕십리(성동구청),방배,11,3
20250524,왕십리(성동구청),방배,12,1
20250524,왕십리(성동구청),방배,14,2
20250524,왕십리(성동구청),방배,15,1
20250524,왕십리(성동구청),방배,17,1
20250524,왕십리(성동구청),방배,18,1
20250524,왕십리(성동구청),방배,20,1
20250524,왕십리(성동구청),방배,22,3
20250524,왕십리(성동구청),봉천,5,2
20250524,왕십리(성동구청),봉천,6,1
20250524,왕십리(성동구청),봉천,7,1
20250524,왕십리(성동구청),봉천,9,1
20250524,왕십리(성동구청),봉천,12,4
20250524,왕십리(성동구청),봉천,13,3
20250524,왕십리(성동구청),봉천,14,2
20250524,왕십리(성동구청),봉천,16,1
20250524,왕십리(성동구청),봉천,17,6
20250524,왕십리(성동구청),봉천,18,4
20250524,왕십리(성동구청),봉천,19,3
20250524,왕십리(성동구청),봉천,20,3
20250524,왕십리(성동구청),봉천,21,2
20250524,왕십리(성동구청),봉천,22,2
20250524,왕십리(성동구청),사당,4,1
20250524,왕십리(성동구청),사당,5,2
20250524,왕십리(성동구청),사당,8,3
20250524,왕십리(성동구청),사당,9,6
20250524,왕십리(성동구청),사당,10,2
20250524,왕십리(성동구청),사당,11,2
20250524,왕십리(성동구청),사당,12,6
20250524,왕십리(성동구청),사당,13,5
20250524,왕십리(성동구청),사당,14,4
20250524,왕십리(성동구청),사당,15,8
20250524,왕십리(성동구청),사당,16,12
20250524,왕십리(성동구청),사당,17,5
20250524,왕십리(성동구청),사당,18,7
20250524,왕십리(성동구청),사당,19,6
20250524,왕십리(성동구청),사당,20,8
20250524,왕십리(성동구청),사당,21,7
20250524,왕십리(성동구청),사당,22,11
20250524,왕십리(성동구청),사당,23,2
20250524,왕십리(성동구청),삼성(무역센터),5,4
20250524,왕십리(성동구청),삼성(무역센터),6,3
20250524,왕십리(성동구청),삼성(무역센터),7,6
20250524,왕십리(성동구청),삼성(무역센터),8,6
20250524,왕십리(성동구청),삼성(무역센터),9,11
20250524,왕십리(성동구청),삼성(무역센터),10,13
20250524,왕십리(성동구청),삼성(무역센터),11,9
20250524,왕십리(성동구청),삼성(무역센터),12,13
20250524,왕십리(성동구청),삼성(무역센터),13,8
20250524,왕십리(성동구청),삼성(무역센터),14,11
20250524,왕십리(성동구청),삼성(무역센터),15,5
20250524,왕십리(성동구청),삼성(무역센터),16,21
20250524,왕십리(성동구청),삼성(무역센터),17,9
20250524,왕십리(성동구청),삼성(무역센터),18,6
20250524,왕십리(성동구청),삼성(무역센터),19,2
20250524,왕십리(성동구청),삼성(무역센터),21,2
20250524,왕십리(성동구청),삼성(무역센터),22,1
20250524,왕십리(성동구청),삼성(무역센터),23,4
20250524,왕십리(성동구청),상왕십리,5,2
20250524,왕십리(성동구청),상왕십리,6,2
20250524,왕십리(성동구청),상왕십리,7,6
20250524,왕십리(성동구청),상왕십리,8,8
20250524,왕십리(성동구청),상왕십리,9,9
20250524,왕십리(성동구청),상왕십리,10,6
20250524,왕십리(성동구청),상왕십리,11,11
20250524,왕십리(성동구청),상왕십리,12,11
20250524,왕십리(성동구청),상왕십리,13,12
20250524,왕십리(성동구청),상왕십리,14,21
20250524,왕십리(성동구청),상왕십리,15,32
20250524,왕십리(성동구청),상왕십리,16,18
20250524,왕십리(성동구청),상왕십리,17,26
20250524,왕십리(성동구청),상왕십리,18,29
20250524,왕십리(성동구청),상왕십리,19,23
20250524,왕십리(성동구청),상왕십리,20,20
20250524,왕십리(성동구청),상왕십리,21,25
20250524,왕십리(성동구청),상왕십리,22,19
20250524,왕십리(성동구청),상왕십리,23,4
20250524,왕십리(성동구청),서울대입구(관악구청),5,2
20250524,왕십리(성동구청),서울대입구(관악구청),6,1
20250524,왕십리(성동구청),서울대입구(관악구청),7,2
20250524,왕십리(성동구청),서울대입구(관악구청),8,4
20250524,왕십리(성동구청),서울대입구(관악구청),10,1
20250524,왕십리(성동구청),서울대입구(관악구청),11,2
20250524,왕십리(성동구청),서울대입구(관악구청),12,4
20250524,왕십리(성동구청),서울대입구(관악구청),13,5
20250524,왕십리(성동구청),서울대입구(관악구청),14,3
20250524,왕십리(성동구청),서울대입구(관악구청),15,7
20250524,왕십리(성동구청),서울대입구(관악구청),16,5
20250524,왕십리(성동구청),서울대입구(관악구청),17,5
20250524,왕십리(성동구청),서울대입구(관악구청),18,4
20250524,왕십리(성동구청),서울대입구(관악구청),19,1
20250524,왕십리(성동구청),서울대입구(관악구청),20,6
20250524,왕십리(성동구청),서울대입구(관악구청),21,4
20250524,왕십리(성동구청),서울대입구(관악구청),23,2
20250524,왕십리(성동구청),서초,5,2
20250524,왕십리(성동구청),서초,6,1
20250524,왕십리(성동구청),서초,8,1
20250524,왕십리(성동구청),서초,9,1
20250524,왕십리(성동구청),서초,10,1
20250524,왕십리(성동구청),서초,11,1
20250524,왕십리(성동구청),서초,12,3
20250524,왕십리(성동구청),서초,13,2
20250524,왕십리(성동구청),서초,14,1
20250524,왕십리(성동구청),서초,16,3
20250524,왕십리(성동구청),서초,21,1
20250524,왕십리(성동구청),서초,22,1
20250524,왕십리(성동구청),선릉,5,1
20250524,왕십리(성동구청),선릉,7,2
20250524,왕십리(성동구청),선릉,8,1
20250524,왕십리(성동구청),선릉,9,2
20250524,왕십리(성동구청),선릉,10,2
20250524,왕십리(성동구청),선릉,11,3
20250524,왕십리(성동구청),선릉,12,2
20250524,왕십리(성동구청),선릉,13,4
20250524,왕십리(성동구청),선릉,14,2
20250524,왕십리(성동구청),선릉,16,3
20250524,왕십리(성동구청),선릉,19,1
20250524,왕십리(성동구청),선릉,20,2
20250524,왕십리(성동구청),선릉,22,3
20250524,왕십리(성동구청),선릉,23,1
20250524,왕십리(성동구청),성수,5,7
20250524,왕십리(성동구청),성수,6,8
20250524,왕십리(성동구청),성수,7,5
20250524,왕십리(성동구청),성수,8,15
20250524,왕십리(성동구청),성수,9,19
20250524,왕십리(성동구청),성수,10,44
20250524,왕십리(성동구청),성수,11,46
20250524,왕십리(성동구청),성수,12,52
20250524,왕십리(성동구청),성수,13,59
20250524,왕십리(성동구청),성수,14,48
20250524,왕십리(성동구청),성수,15,50
20250524,왕십리(성동구청),성수,16,43
20250524,왕십리(성동구청),성수,17,44
20250524,왕십리(성동구청),성수,18,37
20250524,왕십리(성동구청),성수,19,34
20250524,왕십리(성동구청),성수,20,12
20250524,왕십리(성동구청),성수,21,11
20250524,왕십리(성동구청),성수,22,11
20250524,왕십리(성동구청),성수,23,23
20250524,왕십리(성동구청),시청,5,1
20250524,왕십리(성동구청),시청,6,2
20250524,왕십리(성동구청),시청,7,5
20250524,왕십리(성동구청),시청,8,9
20250524,왕십리(성동구청),시청,9,9
20250524,왕십리(성동구청),시청,10,7
20250524,왕십리(성동구청),시청,11,19
20250524,왕십리(성동구청),시청,12,10
20250524,왕십리(성동구청),시청,13,11
20250524,왕십리(성동구청),시청,14,15
20250524,왕십리(성동구청),시청,15,9
20250524,왕십리(성동구청),시청,16,15
20250524,왕십리(성동구청),시청,17,2
20250524,왕십리(성동구청),시청,18,4
20250524,왕십리(성동구청),시청,19,5
20250524,왕십리(성동구청),시청,20,5
20250524,왕십리(성동구청),시청,21,1
20250524,왕십리(성동구청),시청,22,3
20250524,왕십리(성동구청),시청,23,3
20250524,왕십리(성동구청),신당,6,4
20250524,왕십리(성동구청),신당,7,6
20250524,왕십리(성동구청),신당,8,6
20250524,왕십리(성동구청),신당,9,9
20250524,왕십리(성동구청),신당,10,17
20250524,왕십리(성동구청),신당,11,21
20250524,왕십리(성동구청),신당,12,13
20250524,왕십리(성동구청),신당,13,22
20250524,왕십리(성동구청),신당,14,24
20250524,왕십리(성동구청),신당,15,23
20250524,왕십리(성동구청),신당,16,29
20250524,왕십리(성동구청),신당,17,21
20250524,왕십리(성동구청),신당,18,22
20250524,왕십리(성동구청),신당,19,15
20250524,왕십리(성동구청),신당,20,14
20250524,왕십리(성동구청),신당,21,28
20250524,왕십리(성동구청),신당,22,4
20250524,왕십리(성동구청),신당,23,5
20250524,왕십리(성동구청),신대방,5,1
20250524,왕십리(성동구청),신대방,6,1
20250524,왕십리(성동구청),신대방,7,1
20250524,왕십리(성동구청),신대방,8,1
20250524,왕십리(성동구청),신대방,11,2
20250524,왕십리(성동구청),신대방,12,1
20250524,왕십리(성동구청),신대방,13,1
20250524,왕십리(성동구청),신대방,14,1
20250524,왕십리(성동구청),신대방,15,2
20250524,왕십리(성동구청),신대방,16,3
20250524,왕십리(성동구청),신대방,17,5
20250524,왕십리(성동구청),신대방,20,5
20250524,왕십리(성동구청),신대방,21,7
20250524,왕십리(성동구청),신대방,22,6
20250524,왕십리(성동구청),신대방,23,1
20250524,왕십리(성동구청),신도림,5,2
20250524,왕십리(성동구청),신도림,6,2
20250524,왕십리(성동구청),신도림,7,1
20250524,왕십리(성동구청),신도림,8,3
20250524,왕십리(성동구청),신도림,9,10
20250524,왕십리(성동구청),신도림,10,15
20250524,왕십리(성동구청),신도림,11,7
20250524,왕십리(성동구청),신도림,12,12
20250524,왕십리(성동구청),신도림,14,9
20250524,왕십리(성동구청),신도림,15,7
20250524,왕십리(성동구청),신도림,16,14
20250524,왕십리(성동구청),신도림,17,6
20250524,왕십리(성동구청),신도림,18,7
20250524,왕십리(성동구청),신도림,19,8
20250524,왕십리(성동구청),신도림,20,10
20250524,왕십리(성동구청),신도림,21,7
20250524,왕십리(성동구청),신도림,22,5
20250524,왕십리(성동구청),신도림,23,6
20250524,왕십리(성동구청),신림,6,2
20250524,왕십리(성동구청),신림,8,2
20250524,왕십리(성동구청),신림,9,3
20250524,왕십리(성동구청),신림,10,5
20250524,왕십리(성동구청),신림,11,4
20250524,왕십리(성동구청),신림,12,5
20250524,왕십리(성동구청),신림,13,4
20250524,왕십리(성동구청),신림,14,4
20250524,왕십리(성동구청),신림,15,3
20250524,왕십리(성동구청),신림,16,6
20250524,왕십리(성동구청),신림,17,4
20250524,왕십리(성동구청),신림,18,8
20250524,왕십리(성동구청),신림,19,8
20250524,왕십리(성동구청),신림,20,3
20250524,왕십리(성동구청),신림,21,5
20250524,왕십리(성동구청),신림,22,8
20250524,왕십리(성동구청),신림,23,1
20250524,왕십리(성동구청),신촌,4,1
20250524,왕십리(성동구청),신촌,6,5
20250524,왕십리(성동구청),신촌,7,2
20250524,왕십리(성동구청),신촌,8,17
20250524,왕십리(성동구청),신촌,9,22
20250524,왕십리(성동구청),신촌,10,13
20250524,왕십리(성동구청),신촌,11,27
20250524,왕십리(성동구청),신촌,12,29
20250524,왕십리(성동구청),신촌,13,38
20250524,왕십리(성동구청),신촌,14,33
20250524,왕십리(성동구청),신촌,15,24
20250524,왕십리(성동구청),신촌,16,14
20250524,왕십리(성동구청),신촌,17,28
20250524,왕십리(성동구청),신촌,18,13
20250524,왕십리(성동구청),신촌,19,18
20250524,왕십리(성동구청),신촌,20,15
20250524,왕십리(성동구청),신촌,21,11
20250524,왕십리(성동구청),신촌,22,8
20250524,왕십리(성동구청),신촌,23,12
20250524,왕십리(성동구청),아현,5,2
20250524,왕십리(성동구청),아현,6,2
20250524,왕십리(성동구청),아현,7,3
20250524,왕십리(성동구청),아현,8,3
20250524,왕십리(성동구청),아현,10,1
20250524,왕십리(성동구청),아현,11,5
20250524,왕십리(성동구청),아현,12,2
20250524,왕십리(성동구청),아현,13,1
20250524,왕십리(성동구청),아현,14,2
20250524,왕십리(성동구청),아현,15,7
20250524,왕십리(성동구청),아현,16,7
20250524,왕십리(성동구청),아현,17,4
20250524,왕십리(성동구청),아현,18,1
20250524,왕십리(성동구청),아현,19,1
20250524,왕십리(성동구청),아현,20,1
20250524,왕십리(성동구청),아현,21,4
20250524,왕십리(성동구청),아현,22,8
20250524,왕십리(성동구청),아현,23,1
20250524,왕십리(성동구청),역삼,5,3
20250524,왕십리(성동구청),역삼,6,1
20250524,왕십리(성동구청),역삼,7,3
20250524,왕십리(성동구청),역삼,8,3
20250524,왕십리(성동구청),역삼,9,4
20250524,왕십리(성동구청),역삼,10,4
20250524,왕십리(성동구청),역삼,11,1
20250524,왕십리(성동구청),역삼,12,4
20250524,왕십리(성동구청),역삼,13,3
20250524,왕십리(성동구청),역삼,14,11
20250524,왕십리(성동구청),역삼,15,2
20250524,왕십리(성동구청),역삼,17,5
20250524,왕십리(성동구청),역삼,18,2
20250524,왕십리(성동구청),영등포구청,6,1
20250524,왕십리(성동구청),영등포구청,8,1
20250524,왕십리(성동구청),영등포구청,9,1
20250524,왕십리(성동구청),영등포구청,10,3
20250524,왕십리(성동구청),영등포구청,11,1
20250524,왕십리(성동구청),영등포구청,12,2
20250524,왕십리(성동구청),영등포구청,14,2
20250524,왕십리(성동구청),영등포구청,15,3
20250524,왕십리(성동구청),영등포구청,16,1
20250524,왕십리(성동구청),영등포구청,18,2
20250524,왕십리(성동구청),영등포구청,19,3
20250524,왕십리(성동구청),영등포구청,20,2
20250524,왕십리(성동구청),영등포구청,22,1
20250524,왕십리(성동구청),영등포구청,23,2
20250524,왕십리(성동구청),왕십리(성동구청),5,2
20250524,왕십리(성동구청),왕십리(성동구청),6,1
20250524,왕십리(성동구청),왕십리(성동구청),7,1
20250524,왕십리(성동구청),왕십리(성동구청),8,14
20250524,왕십리(성동구청),왕십리(성동구청),9,11
20250524,왕십리(성동구청),왕십리(성동구청),10,15
20250524,왕십리(성동구청),왕십리(성동구청),11,17
20250524,왕십리(성동구청),왕십리(성동구청),12,17
20250524,왕십리(성동구청),왕십리(성동구청),13,18
20250524,왕십리(성동구청),왕십리(성동구청),14,21
20250524,왕십리(성동구청),왕십리(성동구청),15,31
20250524,왕십리(성동구청),왕십리(성동구청),16,24
20250524,왕십리(성동구청),왕십리(성동구청),17,32
20250524,왕십리(성동구청),왕십리(성동구청),18,28
20250524,왕십리(성동구청),왕십리(성동구청),19,16
20250524,왕십리(성동구청),왕십리(성동구청),20,31
20250524,왕십리(성동구청),왕십리(성동구청),21,28
20250524,왕십리(성동구청),왕십리(성동구청),22,30
20250524,왕십리(성동구청),왕십리(성동구청),23,30
20250524,왕십리(성동구청),용두(동대문구청),13,1
20250524,왕십리(성동구청),용두(동대문구청),20,1
20250524,왕십리(성동구청),을지로3가,5,2
20250524,왕십리(성동구청),을지로3가,6,4
20250524,왕십리(성동구청),을지로3가,7,5
20250524,왕십리(성동구청),을지로3가,8,13
20250524,왕십리(성동구청),을지로3가,9,12
20250524,왕십리(성동구청),을지로3가,10,9
20250524,왕십리(성동구청),을지로3가,11,25
20250524,왕십리(성동구청),을지로3가,12,27
20250524,왕십리(성동구청),을지로3가,13,14
20250524,왕십리(성동구청),을지로3가,14,18
20250524,왕십리(성동구청),을지로3가,15,14
20250524,왕십리(성동구청),을지로3가,16,18
20250524,왕십리(성동구청),을지로3가,17,27
20250524,왕십리(성동구청),을지로3가,18,27
20250524,왕십리(성동구청),을지로3가,19,15
20250524,왕십리(성동구청),을지로3가,20,4
20250524,왕십리(성동구청),을지로3가,21,6
20250524,왕십리(성동구청),을지로3가,22,4
20250524,왕십리(성동구청),을지로3가,23,12
20250524,왕십리(성동구청),을지로4가,5,1
20250524,왕십리(성동구청),을지로4가,6,5
20250524,왕십리(성동구청),을지로4가,7,3
20250524,왕십리(성동구청),을지로4가,8,4
20250524,왕십리(성동구청),을지로4가,9,9
20250524,왕십리(성동구청),을지로4가,10,6
20250524,왕십리(성동구청),을지로4가,11,10
20250524,왕십리(성동구청),을지로4가,12,4
20250524,왕십리(성동구청),을지로4가,13,8
20250524,왕십리(성동구청),을지로4가,14,6
20250524,왕십리(성동구청),을지로4가,15,6
20250524,왕십리(성동구청),을지로4가,16,9
20250524,왕십리(성동구청),을지로4가,17,6
20250524,왕십리(성동구청),을지로4가,18,7
20250524,왕십리(성동구청),을지로4가,19,7
20250524,왕십리(성동구청),을지로4가,22,4
20250524,왕십리(성동구청),을지로4가,23,3
20250524,왕십리(성동구청),을지로입구,6,5
20250524,왕십리(성동구청),을지로입구,7,10
20250524,왕십리(성동구청),을지로입구,8,24
20250524,왕십리(성동구청),을지로입구,9,26
20250524,왕십리(성동구청),을지로입구,10,30
20250524,왕십리(성동구청),을지로입구,11,32
20250524,왕십리(성동구청),을지로입구,12,37
20250524,왕십리(성동구청),을지로입구,13,46
20250524,왕십리(성동구청),을지로입구,14,21
20250524,왕십리(성동구청),을지로입구,15,39
20250524,왕십리(성동구청),을지로입구,16,37
20250524,왕십리(성동구청),을지로입구,17,29
20250524,왕십리(성동구청),을지로입구,18,21
20250524,왕십리(성동구청),을지로입구,19,15
20250524,왕십리(성동구청),을지로입구,20,14
20250524,왕십리(성동구청),을지로입구,21,13
20250524,왕십리(성동구청),을지로입구,22,5
20250524,왕십리(성동구청),을지로입구,23,4
20250524,왕십리(성동구청),이대,5,3
20250524,왕십리(성동구청),이대,6,1
20250524,왕십리(성동구청),이대,7,3
20250524,왕십리(성동구청),이대,8,8
20250524,왕십리(성동구청),이대,9,11
20250524,왕십리(성동구청),이대,10,9
20250524,왕십리(성동구청),이대,11,9
20250524,왕십리(성동구청),이대,12,12
20250524,왕십리(성동구청),이대,13,7
20250524,왕십리(성동구청),이대,14,7
20250524,왕십리(성동구청),이대,15,5
20250524,왕십리(성동구청),이대,16,11
20250524,왕십리(성동구청),이대,17,9
20250524,왕십리(성동구청),이대,18,5
20250524,왕십리(성동구청),이대,19,4
20250524,왕십리(성동구청),이대,20,5
20250524,왕십리(성동구청),이대,21,11
20250524,왕십리(성동구청),이대,22,5
20250524,왕십리(성동구청),이대,23,4
20250524,왕십리(성동구청),잠실(송파구청),5,5
20250524,왕십리(성동구청),잠실(송파구청),6,9
20250524,왕십리(성동구청),잠실(송파구청),7,11
20250524,왕십리(성동구청),잠실(송파구청),8,32
20250524,왕십리(성동구청),잠실(송파구청),9,25
20250524,왕십리(성동구청),잠실(송파구청),10,42
20250524,왕십리(성동구청),잠실(송파구청),11,38
20250524,왕십리(성동구청),잠실(송파구청),12,45
20250524,왕십리(성동구청),잠실(송파구청),13,52
20250524,왕십리(성동구청),잠실(송파구청),14,48
20250524,왕십리(성동구청),잠실(송파구청),15,41
20250524,왕십리(성동구청),잠실(송파구청),16,38
20250524,왕십리(성동구청),잠실(송파구청),17,42
20250524,왕십리(성동구청),잠실(송파구청),18,31
20250524,왕십리(성동구청),잠실(송파구청),19,19
20250524,왕십리(성동구청),잠실(송파구청),20,16
20250524,왕십리(성동구청),잠실(송파구청),21,14
20250524,왕십리(성동구청),잠실(송파구청),22,24
20250524,왕십리(성동구청),잠실(송파구청),23,8
20250524,왕십리(성동구청),잠실나루,5,13
20250524,왕십리(성동구청),잠실나루,6,4
20250524,왕십리(성동구청),잠실나루,7,4
20250524,왕십리(성동구청),잠실나루,8,2
20250524,왕십리(성동구청),잠실나루,9,6
20250524,왕십리(성동구청),잠실나루,10,2
20250524,왕십리(성동구청),잠실나루,11,1
20250524,왕십리(성동구청),잠실나루,12,5
20250524,왕십리(성동구청),잠실나루,14,10
20250524,왕십리(성동구청),잠실나루,15,5
20250524,왕십리(성동구청),잠실나루,16,8
20250524,왕십리(성동구청),잠실나루,17,5
20250524,왕십리(성동구청),잠실나루,18,5
20250524,왕십리(성동구청),잠실나루,19,4
20250524,왕십리(성동구청),잠실나루,20,3
20250524,왕십리(성동구청),잠실나루,21,4
20250524,왕십리(성동구청),잠실나루,22,8
20250524,왕십리(성동구청),잠실나루,23,2
20250524,왕십리(성동구청),잠실새내,5,7
20250524,왕십리(성동구청),잠실새내,7,3
20250524,왕십리(성동구청),잠실새내,8,7
20250524,왕십리(성동구청),잠실새내,9,10
20250524,왕십리(성동구청),잠실새내,10,1
20250524,왕십리(성동구청),잠실새내,11,12
20250524,왕십리(성동구청),잠실새내,12,7
20250524,왕십리(성동구청),잠실새내,13,9
20250524,왕십리(성동구청),잠실새내,14,7
20250524,왕십리(성동구청),잠실새내,15,15
20250524,왕십리(성동구청),잠실새내,16,8
20250524,왕십리(성동구청),잠실새내,17,11
20250524,왕십리(성동구청),잠실새내,18,14
20250524,왕십리(성동구청),잠실새내,19,11
20250524,왕십리(성동구청),잠실새내,20,7
20250524,왕십리(성동구청),잠실새내,21,15
20250524,왕십리(성동구청),잠실새내,22,6
20250524,왕십리(성동구청),잠실새내,23,4
20250524,왕십리(성동구청),종합운동장,5,3
20250524,왕십리(성동구청),종합운동장,6,6
20250524,왕십리(성동구청),종합운동장,7,2
20250524,왕십리(성동구청),종합운동장,8,4
20250524,왕십리(성동구청),종합운동장,10,3
20250524,왕십리(성동구청),종합운동장,11,2
20250524,왕십리(성동구청),종합운동장,12,5
20250524,왕십리(성동구청),종합운동장,13,4
20250524,왕십리(성동구청),종합운동장,14,8
20250524,왕십리(성동구청),종합운동장,15,26
20250524,왕십리(성동구청),종합운동장,16,19
20250524,왕십리(성동구청),종합운동장,17,1
20250524,왕십리(성동구청),종합운동장,18,2
20250524,왕십리(성동구청),종합운동장,19,2
20250524,왕십리(성동구청),종합운동장,20,2
20250524,왕십리(성동구청),종합운동장,21,1
20250524,왕십리(성동구청),종합운동장,22,2
20250524,왕십리(성동구청),충정로(경기대입구),4,1
20250524,왕십리(성동구청),충정로(경기대입구),5,4
20250524,왕십리(성동구청),충정로(경기대입구),8,1
20250524,왕십리(성동구청),충정로(경기대입구),9,3
20250524,왕십리(성동구청),충정로(경기대입구),10,3
20250524,왕십리(성동구청),충정로(경기대입구),11,1
20250524,왕십리(성동구청),충정로(경기대입구),12,7
20250524,왕십리(성동구청),충정로(경기대입구),13,2
20250524,왕십리(성동구청),충정로(경기대입구),14,2
20250524,왕십리(성동구청),충정로(경기대입구),15,2
20250524,왕십리(성동구청),충정로(경기대입구),16,4
20250524,왕십리(성동구청),충정로(경기대입구),17,3
20250524,왕십리(성동구청),충정로(경기대입구),18,1
20250524,왕십리(성동구청),충정로(경기대입구),19,5
20250524,왕십리(성동구청),충정로(경기대입구),20,1
20250524,왕십리(성동구청),충정로(경기대입구),21,3
20250524,왕십리(성동구청),충정로(경기대입구),22,4
20250524,왕십리(성동구청),충정로(경기대입구),23,3
20250524,왕십리(성동구청),한양대,5,4
20250524,왕십리(성동구청),한양대,7,4
20250524,왕십리(성동구청),한양대,8,12
20250524,왕십리(성동구청),한양대,9,20
20250524,왕십리(성동구청),한양대,10,8
20250524,왕십리(성동구청),한양대,11,13
20250524,왕십리(성동구청),한양대,12,22
20250524,왕십리(성동구청),한양대,13,14
20250524,왕십리(성동구청),한양대,14,14
20250524,왕십리(성동구청),한양대,15,17
20250524,왕십리(성동구청),한양대,16,11
20250524,왕십리(성동구청),한양대,17,3
20250524,왕십리(성동구청),한양대,18,6
20250524,왕십리(성동구청),한양대,19,7
20250524,왕십리(성동구청),한양대,20,1
20250524,왕십리(성동구청),한양대,21,2
20250524,왕십리(성동구청),한양대,22,3
20250524,왕십리(성동구청),한양대,23,3
20250524,왕십리(성동구청),합정,5,1
20250524,왕십리(성동구청),합정,6,4
20250524,왕십리(성동구청),합정,7,6
20250524,왕십리(성동구청),합정,8,5
20250524,왕십리(성동구청),합정,9,8
20250524,왕십리(성동구청),합정,10,10
20250524,왕십리(성동구청),합정,11,15
20250524,왕십리(성동구청),합정,12,9
20250524,왕십리(성동구청),합정,13,14
20250524,왕십리(성동구청),합정,14,10
20250524,왕십리(성동구청),합정,15,20
20250524,왕십리(성동구청),합정,16,7
20250524,왕십리(성동구청),합정,17,9
20250524,왕십리(성동구청),합정,18,8
20250524,왕십리(성동구청),합정,19,7
20250524,왕십리(성동구청),합정,20,4
20250524,왕십리(성동구청),합정,21,8
20250524,왕십리(성동구청),합정,22,12
20250524,왕십리(성동구청),합정,23,9
20250524,왕십리(성동구청),홍대입구,5,2
20250524,왕십리(성동구청),홍대입구,6,4
20250524,왕십리(성동구청),홍대입구,7,8
20250524,왕십리(성동구청),홍대입구,8,14
20250524,왕십리(성동구청),홍대입구,9,17
20250524,왕십리(성동구청),홍대입구,10,38
20250524,왕십리(성동구청),홍대입구,11,50
20250524,왕십리(성동구청),홍대입구,12,49
20250524,왕십리(성동구청),홍대입구,13,38
20250524,왕십리(성동구청),홍대입구,14,64
20250524,왕십리(성동구청),홍대입구,15,35
20250524,왕십리(성동구청),홍대입구,16,40
20250524,왕십리(성동구청),홍대입구,17,33
20250524,왕십리(성동구청),홍대입구,18,32
20250524,왕십리(성동구청),홍대입구,19,27
20250524,왕십리(성동구청),홍대입구,20,25
20250524,왕십리(성동구청),홍대입구,21,29
20250524,왕십리(성동구청),홍대입구,22,22
20250524,왕십리(성동구청),홍대입구,23,14
20250524,용두(동대문구청),강남,6,1
20250524,용두(동대문구청),강남,7,3
20250524,용두(동대문구청),강남,8,5
20250524,용두(동대문구청),강남,9,5
20250524,용두(동대문구청),강남,10,2
20250524,용두(동대문구청),강남,11,2
20250524,용두(동대문구청),강남,12,3
20250524,용두(동대문구청),강남,13,1
20250524,용두(동대문구청),강남,14,1
20250524,용두(동대문구청),강남,15,1
20250524,용두(동대문구청),강남,16,2
20250524,용두(동대문구청),강남,17,8
20250524,용두(동대문구청),강남,18,4
20250524,용두(동대문구청),강변(동서울터미널),5,7
20250524,용두(동대문구청),강변(동서울터미널),6,1
20250524,용두(동대문구청),강변(동서울터미널),7,1
20250524,용두(동대문구청),강변(동서울터미널),8,8
20250524,용두(동대문구청),강변(동서울터미널),9,4
20250524,용두(동대문구청),강변(동서울터미널),10,4
20250524,용두(동대문구청),강변(동서울터미널),11,1
20250524,용두(동대문구청),강변(동서울터미널),12,2
20250524,용두(동대문구청),강변(동서울터미널),13,4
20250524,용두(동대문구청),강변(동서울터미널),14,4
20250524,용두(동대문구청),강변(동서울터미널),15,4
20250524,용두(동대문구청),강변(동서울터미널),16,3
20250524,용두(동대문구청),강변(동서울터미널),17,4
20250524,용두(동대문구청),강변(동서울터미널),18,2
20250524,용두(동대문구청),강변(동서울터미널),19,4
20250524,용두(동대문구청),강변(동서울터미널),20,1
20250524,용두(동대문구청),강변(동서울터미널),21,2
20250524,용두(동대문구청),강변(동서울터미널),22,1
20250524,용두(동대문구청),건대입구,6,2
20250524,용두(동대문구청),건대입구,8,2
20250524,용두(동대문구청),건대입구,10,5
20250524,용두(동대문구청),건대입구,11,10
20250524,용두(동대문구청),건대입구,12,9
20250524,용두(동대문구청),건대입구,13,7
20250524,용두(동대문구청),건대입구,14,8
20250524,용두(동대문구청),건대입구,15,9
20250524,용두(동대문구청),건대입구,16,5
20250524,용두(동대문구청),건대입구,17,9
20250524,용두(동대문구청),건대입구,18,8
20250524,용두(동대문구청),건대입구,19,6
20250524,용두(동대문구청),건대입구,20,1
20250524,용두(동대문구청),건대입구,22,2
20250524,용두(동대문구청),교대(법원.검찰청),6,1
20250524,용두(동대문구청),교대(법원.검찰청),7,1
20250524,용두(동대문구청),교대(법원.검찰청),9,1
20250524,용두(동대문구청),교대(법원.검찰청),11,3
20250524,용두(동대문구청),교대(법원.검찰청),14,2
20250524,용두(동대문구청),구로디지털단지,12,1
20250524,용두(동대문구청),구로디지털단지,15,1
20250524,용두(동대문구청),구로디지털단지,16,1
20250524,용두(동대문구청),구로디지털단지,18,1
20250524,용두(동대문구청),구의(광진구청),5,1
20250524,용두(동대문구청),구의(광진구청),6,1
20250524,용두(동대문구청),구의(광진구청),7,2
20250524,용두(동대문구청),구의(광진구청),8,3
20250524,용두(동대문구청),구의(광진구청),9,4
20250524,용두(동대문구청),구의(광진구청),10,6
20250524,용두(동대문구청),구의(광진구청),11,3
20250524,용두(동대문구청),구의(광진구청),12,4
20250524,용두(동대문구청),구의(광진구청),13,5
20250524,용두(동대문구청),구의(광진구청),14,7
20250524,용두(동대문구청),구의(광진구청),15,5
20250524,용두(동대문구청),구의(광진구청),16,4
20250524,용두(동대문구청),구의(광진구청),17,5
20250524,용두(동대문구청),구의(광진구청),18,3
20250524,용두(동대문구청),구의(광진구청),19,2
20250524,용두(동대문구청),구의(광진구청),21,1
20250524,용두(동대문구청),구의(광진구청),22,1
20250524,용두(동대문구청),낙성대,7,2
20250524,용두(동대문구청),낙성대,12,1
20250524,용두(동대문구청),낙성대,13,2
20250524,용두(동대문구청),낙성대,15,2
20250524,용두(동대문구청),낙성대,21,1
20250524,용두(동대문구청),당산,12,1
20250524,용두(동대문구청),당산,16,2
20250524,용두(동대문구청),당산,17,1
20250524,용두(동대문구청),뚝섬,5,1
20250524,용두(동대문구청),뚝섬,7,5
20250524,용두(동대문구청),뚝섬,8,2
20250524,용두(동대문구청),뚝섬,9,4
20250524,용두(동대문구청),뚝섬,10,8
20250524,용두(동대문구청),뚝섬,11,8
20250524,용두(동대문구청),뚝섬,12,6
20250524,용두(동대문구청),뚝섬,13,5
20250524,용두(동대문구청),뚝섬,14,6
20250524,용두(동대문구청),뚝섬,15,10
20250524,용두(동대문구청),뚝섬,16,2
20250524,용두(동대문구청),뚝섬,17,12
20250524,용두(동대문구청),뚝섬,18,2
20250524,용두(동대문구청),뚝섬,19,1
20250524,용두(동대문구청),뚝섬,20,5
20250524,용두(동대문구청),뚝섬,21,5
20250524,용두(동대문구청),뚝섬,22,2
20250524,용두(동대문구청),문래,12,1
20250524,용두(동대문구청),문래,15,1
20250524,용두(동대문구청),방배,7,1
20250524,용두(동대문구청),방배,9,1
20250524,용두(동대문구청),방배,11,1
20250524,용두(동대문구청),방배,17,2
20250524,용두(동대문구청),봉천,6,1
20250524,용두(동대문구청),봉천,11,1
20250524,용두(동대문구청),봉천,15,1
20250524,용두(동대문구청),봉천,16,1
20250524,용두(동대문구청),봉천,17,1
20250524,용두(동대문구청),사당,6,1
20250524,용두(동대문구청),사당,8,2
20250524,용두(동대문구청),사당,9,1
20250524,용두(동대문구청),사당,12,1
20250524,용두(동대문구청),사당,13,4
20250524,용두(동대문구청),사당,17,3
20250524,용두(동대문구청),사당,18,2
20250524,용두(동대문구청),사당,19,1
20250524,용두(동대문구청),사당,20,1
20250524,용두(동대문구청),사당,22,1
20250524,용두(동대문구청),삼성(무역센터),5,1
20250524,용두(동대문구청),삼성(무역센터),6,2
20250524,용두(동대문구청),삼성(무역센터),7,2
20250524,용두(동대문구청),삼성(무역센터),8,1
20250524,용두(동대문구청),삼성(무역센터),9,5
20250524,용두(동대문구청),삼성(무역센터),10,6
20250524,용두(동대문구청),삼성(무역센터),11,3
20250524,용두(동대문구청),삼성(무역센터),12,7
20250524,용두(동대문구청),삼성(무역센터),13,3
20250524,용두(동대문구청),삼성(무역센터),14,1
20250524,용두(동대문구청),삼성(무역센터),15,6
20250524,용두(동대문구청),삼성(무역센터),17,2
20250524,용두(동대문구청),상왕십리,9,1
20250524,용두(동대문구청),상왕십리,11,3
20250524,용두(동대문구청),상왕십리,12,1
20250524,용두(동대문구청),상왕십리,13,2
20250524,용두(동대문구청),상왕십리,15,2
20250524,용두(동대문구청),상왕십리,17,3
20250524,용두(동대문구청),상왕십리,18,1
20250524,용두(동대문구청),서울대입구(관악구청),5,1
20250524,용두(동대문구청),서울대입구(관악구청),10,2
20250524,용두(동대문구청),서울대입구(관악구청),11,1
20250524,용두(동대문구청),서울대입구(관악구청),12,2
20250524,용두(동대문구청),서울대입구(관악구청),14,2
20250524,용두(동대문구청),서울대입구(관악구청),15,1
20250524,용두(동대문구청),서울대입구(관악구청),16,2
20250524,용두(동대문구청),서울대입구(관악구청),17,3
20250524,용두(동대문구청),서울대입구(관악구청),18,1
20250524,용두(동대문구청),서울대입구(관악구청),21,3
20250524,용두(동대문구청),서초,7,1
20250524,용두(동대문구청),서초,8,2
20250524,용두(동대문구청),서초,10,1
20250524,용두(동대문구청),서초,16,1
20250524,용두(동대문구청),서초,17,3
20250524,용두(동대문구청),서초,18,2
20250524,용두(동대문구청),선릉,6,1
20250524,용두(동대문구청),선릉,7,1
20250524,용두(동대문구청),선릉,8,2
20250524,용두(동대문구청),선릉,9,2
20250524,용두(동대문구청),선릉,11,2
20250524,용두(동대문구청),선릉,13,3
20250524,용두(동대문구청),선릉,14,1
20250524,용두(동대문구청),선릉,15,7
20250524,용두(동대문구청),선릉,16,2
20250524,용두(동대문구청),선릉,17,1
20250524,용두(동대문구청),성수,5,7
20250524,용두(동대문구청),성수,6,6
20250524,용두(동대문구청),성수,7,9
20250524,용두(동대문구청),성수,8,18
20250524,용두(동대문구청),성수,9,17
20250524,용두(동대문구청),성수,10,30
20250524,용두(동대문구청),성수,11,27
20250524,용두(동대문구청),성수,12,46
20250524,용두(동대문구청),성수,13,47
20250524,용두(동대문구청),성수,14,33
20250524,용두(동대문구청),성수,15,40
20250524,용두(동대문구청),성수,16,38
20250524,용두(동대문구청),성수,17,35
20250524,용두(동대문구청),성수,18,20
20250524,용두(동대문구청),성수,19,14
20250524,용두(동대문구청),성수,20,14
20250524,용두(동대문구청),성수,21,6
20250524,용두(동대문구청),성수,22,3
20250524,용두(동대문구청),성수,23,4
20250524,용두(동대문구청),시청,17,5
20250524,용두(동대문구청),신당,9,1
20250524,용두(동대문구청),신당,10,1
20250524,용두(동대문구청),신당,13,1
20250524,용두(동대문구청),신당,15,1
20250524,용두(동대문구청),신당,19,1
20250524,용두(동대문구청),신대방,11,1
20250524,용두(동대문구청),신대방,14,1
20250524,용두(동대문구청),신대방,15,1
20250524,용두(동대문구청),신대방,17,1
20250524,용두(동대문구청),신도림,16,2
20250524,용두(동대문구청),신도림,19,1
20250524,용두(동대문구청),신림,6,1
20250524,용두(동대문구청),신림,16,3
20250524,용두(동대문구청),신림,17,1
20250524,용두(동대문구청),신림,18,4
20250524,용두(동대문구청),신림,19,1
20250524,용두(동대문구청),신림,20,1
20250524,용두(동대문구청),신촌,10,2
20250524,용두(동대문구청),신촌,11,3
20250524,용두(동대문구청),신촌,18,1
20250524,용두(동대문구청),역삼,7,4
20250524,용두(동대문구청),역삼,12,3
20250524,용두(동대문구청),역삼,13,3
20250524,용두(동대문구청),역삼,15,2
20250524,용두(동대문구청),역삼,16,3
20250524,용두(동대문구청),역삼,18,2
20250524,용두(동대문구청),영등포구청,11,4
20250524,용두(동대문구청),왕십리(성동구청),8,1
20250524,용두(동대문구청),왕십리(성동구청),9,3
20250524,용두(동대문구청),왕십리(성동구청),11,2
20250524,용두(동대문구청),왕십리(성동구청),13,1
20250524,용두(동대문구청),왕십리(성동구청),15,2
20250524,용두(동대문구청),왕십리(성동구청),16,2
20250524,용두(동대문구청),왕십리(성동구청),17,1
20250524,용두(동대문구청),왕십리(성동구청),18,1
20250524,용두(동대문구청),용두(동대문구청),6,2
20250524,용두(동대문구청),용두(동대문구청),9,6
20250524,용두(동대문구청),용두(동대문구청),10,2
20250524,용두(동대문구청),용두(동대문구청),11,2
20250524,용두(동대문구청),용두(동대문구청),12,1
20250524,용두(동대문구청),용두(동대문구청),13,5
20250524,용두(동대문구청),용두(동대문구청),14,3
20250524,용두(동대문구청),용두(동대문구청),15,5
20250524,용두(동대문구청),용두(동대문구청),16,4
20250524,용두(동대문구청),용두(동대문구청),17,2
20250524,용두(동대문구청),용두(동대문구청),18,1
20250524,용두(동대문구청),용두(동대문구청),19,3
20250524,용두(동대문구청),용두(동대문구청),21,1
20250524,용두(동대문구청),용두(동대문구청),23,1
20250524,용두(동대문구청),을지로입구,7,1
20250524,용두(동대문구청),을지로입구,9,2
20250524,용두(동대문구청),을지로입구,11,2
20250524,용두(동대문구청),을지로입구,12,2
20250524,용두(동대문구청),을지로입구,13,4
20250524,용두(동대문구청),을지로입구,15,1
20250524,용두(동대문구청),을지로입구,18,1
20250524,용두(동대문구청),잠실(송파구청),6,2
20250524,용두(동대문구청),잠실(송파구청),7,3
20250524,용두(동대문구청),잠실(송파구청),8,6
20250524,용두(동대문구청),잠실(송파구청),9,6
20250524,용두(동대문구청),잠실(송파구청),10,7
20250524,용두(동대문구청),잠실(송파구청),11,5
20250524,용두(동대문구청),잠실(송파구청),12,9
20250524,용두(동대문구청),잠실(송파구청),13,15
20250524,용두(동대문구청),잠실(송파구청),14,13
20250524,용두(동대문구청),잠실(송파구청),15,10
20250524,용두(동대문구청),잠실(송파구청),16,8
20250524,용두(동대문구청),잠실(송파구청),17,9
20250524,용두(동대문구청),잠실(송파구청),18,3
20250524,용두(동대문구청),잠실(송파구청),19,3
20250524,용두(동대문구청),잠실(송파구청),20,3
20250524,용두(동대문구청),잠실(송파구청),22,3
20250524,용두(동대문구청),잠실나루,6,3
20250524,용두(동대문구청),잠실나루,8,2
20250524,용두(동대문구청),잠실나루,11,1
20250524,용두(동대문구청),잠실나루,13,1
20250524,용두(동대문구청),잠실나루,14,1
20250524,용두(동대문구청),잠실나루,15,3
20250524,용두(동대문구청),잠실나루,16,1
20250524,용두(동대문구청),잠실나루,17,1
20250524,용두(동대문구청),잠실나루,18,2
20250524,용두(동대문구청),잠실나루,19,1
20250524,용두(동대문구청),잠실나루,21,3
20250524,용두(동대문구청),잠실나루,22,1
20250524,용두(동대문구청),잠실새내,6,1
20250524,용두(동대문구청),잠실새내,7,2
20250524,용두(동대문구청),잠실새내,8,3
20250524,용두(동대문구청),잠실새내,9,5
20250524,용두(동대문구청),잠실새내,11,6
20250524,용두(동대문구청),잠실새내,12,4
20250524,용두(동대문구청),잠실새내,13,2
20250524,용두(동대문구청),잠실새내,14,3
20250524,용두(동대문구청),잠실새내,15,9
20250524,용두(동대문구청),잠실새내,16,6
20250524,용두(동대문구청),잠실새내,17,5
20250524,용두(동대문구청),잠실새내,18,2
20250524,용두(동대문구청),잠실새내,22,1
20250524,용두(동대문구청),종합운동장,6,2
20250524,용두(동대문구청),종합운동장,11,1
20250524,용두(동대문구청),종합운동장,14,2
20250524,용두(동대문구청),종합운동장,15,6
20250524,용두(동대문구청),종합운동장,16,1
20250524,용두(동대문구청),종합운동장,18,1
20250524,용두(동대문구청),종합운동장,19,1
20250524,용두(동대문구청),충정로(경기대입구),15,1
20250524,용두(동대문구청),한양대,7,1
20250524,용두(동대문구청),한양대,9,1
20250524,용두(동대문구청),한양대,10,1
20250524,용두(동대문구청),한양대,11,1
20250524,용두(동대문구청),한양대,12,1
20250524,용두(동대문구청),한양대,13,2
20250524,용두(동대문구청),한양대,14,6
20250524,용두(동대문구청),한양대,19,2
20250524,용두(동대문구청),합정,7,1
20250524,용두(동대문구청),합정,9,1
20250524,용두(동대문구청),합정,10,1
20250524,용두(동대문구청),합정,13,2
20250524,용두(동대문구청),합정,15,2
20250524,용두(동대문구청),합정,21,1
20250524,용두(동대문구청),홍대입구,6,1
20250524,용두(동대문구청),홍대입구,10,5
20250524,용두(동대문구청),홍대입구,12,3
20250524,용두(동대문구청),홍대입구,13,1
20250524,용두(동대문구청),홍대입구,14,1
20250524,용두(동대문구청),홍대입구,15,1
20250524,용두(동대문구청),홍대입구,17,3
20250524,용두(동대문구청),홍대입구,18,5
20250524,용두(동대문구청),홍대입구,19,2
20250524,용두(동대문구청),홍대입구,20,2
20250524,용두(동대문구청),홍대입구,21,1
20250524,을지로3가,강남,9,10
20250524,을지로3가,강남,10,5
20250524,을지로3가,강남,11,4
20250524,을지로3가,강남,12,2
20250524,을지로3가,강남,13,3
20250524,을지로3가,강남,14,1
20250524,을지로3가,강남,15,1
20250524,을지로3가,강남,16,1
20250524,을지로3가,강남,17,5
20250524,을지로3가,강남,18,5
20250524,을지로3가,강남,19,4
20250524,을지로3가,강남,20,2
20250524,을지로3가,강남,21,8
20250524,을지로3가,강남,22,5
20250524,을지로3가,강변(동서울터미널),5,1
20250524,을지로3가,강변(동서울터미널),6,2
20250524,을지로3가,강변(동서울터미널),7,1
20250524,을지로3가,강변(동서울터미널),8,2
20250524,을지로3가,강변(동서울터미널),9,3
20250524,을지로3가,강변(동서울터미널),10,2
20250524,을지로3가,강변(동서울터미널),11,3
20250524,을지로3가,강변(동서울터미널),12,6
20250524,을지로3가,강변(동서울터미널),13,8
20250524,을지로3가,강변(동서울터미널),14,10
20250524,을지로3가,강변(동서울터미널),15,9
20250524,을지로3가,강변(동서울터미널),16,9
20250524,을지로3가,강변(동서울터미널),17,20
20250524,을지로3가,강변(동서울터미널),18,16
20250524,을지로3가,강변(동서울터미널),19,8
20250524,을지로3가,강변(동서울터미널),20,17
20250524,을지로3가,강변(동서울터미널),21,10
20250524,을지로3가,강변(동서울터미널),22,28
20250524,을지로3가,강변(동서울터미널),23,5
20250524,을지로3가,건대입구,5,2
20250524,을지로3가,건대입구,6,1
20250524,을지로3가,건대입구,8,4
20250524,을지로3가,건대입구,9,9
20250524,을지로3가,건대입구,10,13
20250524,을지로3가,건대입구,11,7
20250524,을지로3가,건대입구,12,7
20250524,을지로3가,건대입구,13,15
20250524,을지로3가,건대입구,14,14
20250524,을지로3가,건대입구,15,23
20250524,을지로3가,건대입구,16,28
20250524,을지로3가,건대입구,17,34
20250524,을지로3가,건대입구,18,25
20250524,을지로3가,건대입구,19,31
20250524,을지로3가,건대입구,20,47
20250524,을지로3가,건대입구,21,38
20250524,을지로3가,건대입구,22,31
20250524,을지로3가,건대입구,23,24
20250524,을지로3가,교대(법원.검찰청),13,1
20250524,을지로3가,교대(법원.검찰청),14,1
20250524,을지로3가,교대(법원.검찰청),16,1
20250524,을지로3가,교대(법원.검찰청),20,4
20250524,을지로3가,교대(법원.검찰청),21,2
20250524,을지로3가,구로디지털단지,5,1
20250524,을지로3가,구로디지털단지,6,1
20250524,을지로3가,구로디지털단지,7,1
20250524,을지로3가,구로디지털단지,8,1
20250524,을지로3가,구로디지털단지,10,2
20250524,을지로3가,구로디지털단지,11,2
20250524,을지로3가,구로디지털단지,12,4
20250524,을지로3가,구로디지털단지,13,11
20250524,을지로3가,구로디지털단지,14,7
20250524,을지로3가,구로디지털단지,15,19
20250524,을지로3가,구로디지털단지,16,18
20250524,을지로3가,구로디지털단지,17,23
20250524,을지로3가,구로디지털단지,18,26
20250524,을지로3가,구로디지털단지,19,21
20250524,을지로3가,구로디지털단지,20,27
20250524,을지로3가,구로디지털단지,21,24
20250524,을지로3가,구로디지털단지,22,42
20250524,을지로3가,구로디지털단지,23,22
20250524,을지로3가,구의(광진구청),5,1
20250524,을지로3가,구의(광진구청),6,1
20250524,을지로3가,구의(광진구청),7,2
20250524,을지로3가,구의(광진구청),8,1
20250524,을지로3가,구의(광진구청),9,1
20250524,을지로3가,구의(광진구청),10,2
20250524,을지로3가,구의(광진구청),11,4
20250524,을지로3가,구의(광진구청),12,9
20250524,을지로3가,구의(광진구청),13,7
20250524,을지로3가,구의(광진구청),14,7
20250524,을지로3가,구의(광진구청),15,10
20250524,을지로3가,구의(광진구청),16,14
20250524,을지로3가,구의(광진구청),17,13
20250524,을지로3가,구의(광진구청),18,11
20250524,을지로3가,구의(광진구청),19,9
20250524,을지로3가,구의(광진구청),20,24
20250524,을지로3가,구의(광진구청),21,15
20250524,을지로3가,구의(광진구청),22,30
20250524,을지로3가,구의(광진구청),23,12
20250524,을지로3가,낙성대,7,1
20250524,을지로3가,낙성대,11,1
20250524,을지로3가,낙성대,15,3
20250524,을지로3가,낙성대,16,1
20250524,을지로3가,낙성대,17,1
20250524,을지로3가,낙성대,18,1
20250524,을지로3가,낙성대,19,1
20250524,을지로3가,낙성대,20,4
20250524,을지로3가,낙성대,21,7
20250524,을지로3가,낙성대,22,9
20250524,을지로3가,낙성대,23,1
20250524,을지로3가,당산,5,2
20250524,을지로3가,당산,6,2
20250524,을지로3가,당산,7,2
20250524,을지로3가,당산,8,3
20250524,을지로3가,당산,9,5
20250524,을지로3가,당산,10,7
20250524,을지로3가,당산,11,3
20250524,을지로3가,당산,12,4
20250524,을지로3가,당산,13,14
20250524,을지로3가,당산,14,10
20250524,을지로3가,당산,15,12
20250524,을지로3가,당산,16,18
20250524,을지로3가,당산,17,21
20250524,을지로3가,당산,18,15
20250524,을지로3가,당산,19,13
20250524,을지로3가,당산,20,22
20250524,을지로3가,당산,21,26
20250524,을지로3가,당산,22,33
20250524,을지로3가,당산,23,20
20250524,을지로3가,대림(구로구청),8,3
20250524,을지로3가,대림(구로구청),9,1
20250524,을지로3가,대림(구로구청),10,4
20250524,을지로3가,대림(구로구청),12,2
20250524,을지로3가,대림(구로구청),13,2
20250524,을지로3가,대림(구로구청),14,9
20250524,을지로3가,대림(구로구청),15,6
20250524,을지로3가,대림(구로구청),16,5
20250524,을지로3가,대림(구로구청),17,2
20250524,을지로3가,대림(구로구청),18,5
20250524,을지로3가,대림(구로구청),19,7
20250524,을지로3가,대림(구로구청),20,11
20250524,을지로3가,대림(구로구청),21,12
20250524,을지로3가,대림(구로구청),22,14
20250524,을지로3가,대림(구로구청),23,8
20250524,을지로3가,동대문역사문화공원,5,1
20250524,을지로3가,동대문역사문화공원,7,2
20250524,을지로3가,동대문역사문화공원,8,4
20250524,을지로3가,동대문역사문화공원,9,10
20250524,을지로3가,동대문역사문화공원,10,15
20250524,을지로3가,동대문역사문화공원,11,24
20250524,을지로3가,동대문역사문화공원,12,27
20250524,을지로3가,동대문역사문화공원,13,41
20250524,을지로3가,동대문역사문화공원,14,39
20250524,을지로3가,동대문역사문화공원,15,45
20250524,을지로3가,동대문역사문화공원,16,38
20250524,을지로3가,동대문역사문화공원,17,26
20250524,을지로3가,동대문역사문화공원,18,26
20250524,을지로3가,동대문역사문화공원,19,20
20250524,을지로3가,동대문역사문화공원,20,14
20250524,을지로3가,동대문역사문화공원,21,25
20250524,을지로3가,동대문역사문화공원,22,12
20250524,을지로3가,동대문역사문화공원,23,13
20250524,을지로3가,뚝섬,5,2
20250524,을지로3가,뚝섬,6,1
20250524,을지로3가,뚝섬,7,3
20250524,을지로3가,뚝섬,8,5
20250524,을지로3가,뚝섬,9,20
20250524,을지로3가,뚝섬,10,21
20250524,을지로3가,뚝섬,11,31
20250524,을지로3가,뚝섬,12,30
20250524,을지로3가,뚝섬,13,25
20250524,을지로3가,뚝섬,14,13
20250524,을지로3가,뚝섬,15,22
20250524,을지로3가,뚝섬,16,17
20250524,을지로3가,뚝섬,17,34
20250524,을지로3가,뚝섬,18,15
20250524,을지로3가,뚝섬,19,10
20250524,을지로3가,뚝섬,20,9
20250524,을지로3가,뚝섬,21,13
20250524,을지로3가,뚝섬,22,15
20250524,을지로3가,뚝섬,23,5
20250524,을지로3가,문래,5,1
20250524,을지로3가,문래,6,1
20250524,을지로3가,문래,7,2
20250524,을지로3가,문래,8,1
20250524,을지로3가,문래,9,3
20250524,을지로3가,문래,10,3
20250524,을지로3가,문래,11,3
20250524,을지로3가,문래,12,1
20250524,을지로3가,문래,13,2
20250524,을지로3가,문래,14,7
20250524,을지로3가,문래,15,9
20250524,을지로3가,문래,16,11
20250524,을지로3가,문래,17,7
20250524,을지로3가,문래,18,5
20250524,을지로3가,문래,19,8
20250524,을지로3가,문래,20,4
20250524,을지로3가,문래,21,6
20250524,을지로3가,문래,22,13
20250524,을지로3가,문래,23,2
20250524,을지로3가,방배,14,3
20250524,을지로3가,방배,17,1
20250524,을지로3가,방배,18,2
20250524,을지로3가,방배,19,1
20250524,을지로3가,방배,22,3
20250524,을지로3가,봉천,7,1
20250524,을지로3가,봉천,10,1
20250524,을지로3가,봉천,11,1
20250524,을지로3가,봉천,13,3
20250524,을지로3가,봉천,14,3
20250524,을지로3가,봉천,15,1
20250524,을지로3가,봉천,16,7
20250524,을지로3가,봉천,17,3
20250524,을지로3가,봉천,18,5
20250524,을지로3가,봉천,19,3
20250524,을지로3가,봉천,20,16
20250524,을지로3가,봉천,21,6
20250524,을지로3가,봉천,22,6
20250524,을지로3가,봉천,23,14
20250524,을지로3가,사당,12,1
20250524,을지로3가,사당,14,4
20250524,을지로3가,사당,16,3
20250524,을지로3가,사당,17,1
20250524,을지로3가,사당,19,1
20250524,을지로3가,사당,20,5
20250524,을지로3가,사당,21,2
20250524,을지로3가,사당,22,4
20250524,을지로3가,사당,23,2
20250524,을지로3가,삼성(무역센터),8,3
20250524,을지로3가,삼성(무역센터),9,13
20250524,을지로3가,삼성(무역센터),10,22
20250524,을지로3가,삼성(무역센터),11,17
20250524,을지로3가,삼성(무역센터),12,18
20250524,을지로3가,삼성(무역센터),13,4
20250524,을지로3가,삼성(무역센터),14,8
20250524,을지로3가,삼성(무역센터),15,10
20250524,을지로3가,삼성(무역센터),16,11
20250524,을지로3가,삼성(무역센터),17,6
20250524,을지로3가,삼성(무역센터),18,3
20250524,을지로3가,삼성(무역센터),19,2
20250524,을지로3가,삼성(무역센터),20,5
20250524,을지로3가,삼성(무역센터),21,4
20250524,을지로3가,삼성(무역센터),22,2
20250524,을지로3가,삼성(무역센터),23,2
20250524,을지로3가,상왕십리,5,4
20250524,을지로3가,상왕십리,7,3
20250524,을지로3가,상왕십리,8,8
20250524,을지로3가,상왕십리,9,4
20250524,을지로3가,상왕십리,10,6
20250524,을지로3가,상왕십리,11,2
20250524,을지로3가,상왕십리,12,14
20250524,을지로3가,상왕십리,13,6
20250524,을지로3가,상왕십리,14,17
20250524,을지로3가,상왕십리,15,14
20250524,을지로3가,상왕십리,16,12
20250524,을지로3가,상왕십리,17,10
20250524,을지로3가,상왕십리,18,18
20250524,을지로3가,상왕십리,19,10
20250524,을지로3가,상왕십리,20,18
20250524,을지로3가,상왕십리,21,14
20250524,을지로3가,상왕십리,22,18
20250524,을지로3가,상왕십리,23,13
20250524,을지로3가,서울대입구(관악구청),5,1
20250524,을지로3가,서울대입구(관악구청),6,2
20250524,을지로3가,서울대입구(관악구청),8,1
20250524,을지로3가,서울대입구(관악구청),13,6
20250524,을지로3가,서울대입구(관악구청),14,5
20250524,을지로3가,서울대입구(관악구청),15,3
20250524,을지로3가,서울대입구(관악구청),16,9
20250524,을지로3가,서울대입구(관악구청),17,12
20250524,을지로3가,서울대입구(관악구청),18,13
20250524,을지로3가,서울대입구(관악구청),19,4
20250524,을지로3가,서울대입구(관악구청),20,10
20250524,을지로3가,서울대입구(관악구청),21,11
20250524,을지로3가,서울대입구(관악구청),22,14
20250524,을지로3가,서울대입구(관악구청),23,16
20250524,을지로3가,서초,8,1
20250524,을지로3가,서초,9,2
20250524,을지로3가,서초,11,1
20250524,을지로3가,서초,14,1
20250524,을지로3가,서초,16,1
20250524,을지로3가,서초,22,1
20250524,을지로3가,선릉,6,1
20250524,을지로3가,선릉,10,4
20250524,을지로3가,선릉,11,3
20250524,을지로3가,선릉,12,1
20250524,을지로3가,선릉,13,3
20250524,을지로3가,선릉,14,2
20250524,을지로3가,선릉,15,1
20250524,을지로3가,선릉,16,1
20250524,을지로3가,선릉,17,5
20250524,을지로3가,선릉,20,1
20250524,을지로3가,선릉,21,1
20250524,을지로3가,선릉,22,2
20250524,을지로3가,선릉,23,1
20250524,을지로3가,성수,4,1
20250524,을지로3가,성수,5,1
20250524,을지로3가,성수,6,2
20250524,을지로3가,성수,7,5
20250524,을지로3가,성수,8,13
20250524,을지로3가,성수,9,65
20250524,을지로3가,성수,10,91
20250524,을지로3가,성수,11,74
20250524,을지로3가,성수,12,72
20250524,을지로3가,성수,13,79
20250524,을지로3가,성수,14,74
20250524,을지로3가,성수,15,65
20250524,을지로3가,성수,16,58
20250524,을지로3가,성수,17,71
20250524,을지로3가,성수,18,15
20250524,을지로3가,성수,19,13
20250524,을지로3가,성수,20,15
20250524,을지로3가,성수,21,12
20250524,을지로3가,성수,22,10
20250524,을지로3가,성수,23,31
20250524,을지로3가,시청,6,4
20250524,을지로3가,시청,7,1
20250524,을지로3가,시청,8,6
20250524,을지로3가,시청,9,10
20250524,을지로3가,시청,10,14
20250524,을지로3가,시청,11,13
20250524,을지로3가,시청,12,12
20250524,을지로3가,시청,13,28
20250524,을지로3가,시청,14,15
20250524,을지로3가,시청,15,13
20250524,을지로3가,시청,16,22
20250524,을지로3가,시청,17,24
20250524,을지로3가,시청,18,18
20250524,을지로3가,시청,19,15
20250524,을지로3가,시청,20,8
20250524,을지로3가,시청,21,8
20250524,을지로3가,시청,22,14
20250524,을지로3가,시청,23,3
20250524,을지로3가,신당,5,2
20250524,을지로3가,신당,6,3
20250524,을지로3가,신당,7,6
20250524,을지로3가,신당,8,5
20250524,을지로3가,신당,9,1
20250524,을지로3가,신당,10,13
20250524,을지로3가,신당,11,11
20250524,을지로3가,신당,12,12
20250524,을지로3가,신당,13,20
20250524,을지로3가,신당,14,16
20250524,을지로3가,신당,15,12
20250524,을지로3가,신당,16,25
20250524,을지로3가,신당,17,28
20250524,을지로3가,신당,18,27
20250524,을지로3가,신당,19,15
20250524,을지로3가,신당,20,21
20250524,을지로3가,신당,21,19
20250524,을지로3가,신당,22,25
20250524,을지로3가,신당,23,16
20250524,을지로3가,신대방,5,3
20250524,을지로3가,신대방,6,2
20250524,을지로3가,신대방,7,2
20250524,을지로3가,신대방,10,6
20250524,을지로3가,신대방,11,4
20250524,을지로3가,신대방,12,2
20250524,을지로3가,신대방,13,7
20250524,을지로3가,신대방,14,5
20250524,을지로3가,신대방,15,4
20250524,을지로3가,신대방,16,19
20250524,을지로3가,신대방,17,2
20250524,을지로3가,신대방,18,6
20250524,을지로3가,신대방,19,3
20250524,을지로3가,신대방,20,14
20250524,을지로3가,신대방,21,13
20250524,을지로3가,신대방,22,14
20250524,을지로3가,신대방,23,5
20250524,을지로3가,신도림,5,1
20250524,을지로3가,신도림,6,1
20250524,을지로3가,신도림,7,2
20250524,을지로3가,신도림,8,1
20250524,을지로3가,신도림,9,4
20250524,을지로3가,신도림,10,1
20250524,을지로3가,신도림,11,8
20250524,을지로3가,신도림,12,10
20250524,을지로3가,신도림,13,9
20250524,을지로3가,신도림,14,7
20250524,을지로3가,신도림,15,16
20250524,을지로3가,신도림,16,13
20250524,을지로3가,신도림,17,24
20250524,을지로3가,신도림,18,18
20250524,을지로3가,신도림,19,17
20250524,을지로3가,신도림,20,20
20250524,을지로3가,신도림,21,31
20250524,을지로3가,신도림,22,23
20250524,을지로3가,신도림,23,46
20250524,을지로3가,신림,5,4
20250524,을지로3가,신림,7,1
20250524,을지로3가,신림,9,3
20250524,을지로3가,신림,10,2
20250524,을지로3가,신림,11,2
20250524,을지로3가,신림,12,8
20250524,을지로3가,신림,13,5
20250524,을지로3가,신림,14,3
20250524,을지로3가,신림,15,9
20250524,을지로3가,신림,16,12
20250524,을지로3가,신림,17,16
20250524,을지로3가,신림,18,21
20250524,을지로3가,신림,19,10
20250524,을지로3가,신림,20,19
20250524,을지로3가,신림,21,28
20250524,을지로3가,신림,22,36
20250524,을지로3가,신림,23,14
20250524,을지로3가,신촌,6,6
20250524,을지로3가,신촌,7,4
20250524,을지로3가,신촌,8,11
20250524,을지로3가,신촌,9,34
20250524,을지로3가,신촌,10,20
20250524,을지로3가,신촌,11,41
20250524,을지로3가,신촌,12,33
20250524,을지로3가,신촌,13,61
20250524,을지로3가,신촌,14,42
20250524,을지로3가,신촌,15,49
20250524,을지로3가,신촌,16,55
20250524,을지로3가,신촌,17,59
20250524,을지로3가,신촌,18,38
20250524,을지로3가,신촌,19,45
20250524,을지로3가,신촌,20,45
20250524,을지로3가,신촌,21,35
20250524,을지로3가,신촌,22,43
20250524,을지로3가,신촌,23,27
20250524,을지로3가,아현,5,1
20250524,을지로3가,아현,7,3
20250524,을지로3가,아현,8,6
20250524,을지로3가,아현,9,1
20250524,을지로3가,아현,10,7
20250524,을지로3가,아현,11,3
20250524,을지로3가,아현,12,11
20250524,을지로3가,아현,13,6
20250524,을지로3가,아현,14,6
20250524,을지로3가,아현,15,16
20250524,을지로3가,아현,16,15
20250524,을지로3가,아현,17,8
20250524,을지로3가,아현,18,6
20250524,을지로3가,아현,19,2
20250524,을지로3가,아현,20,11
20250524,을지로3가,아현,21,11
20250524,을지로3가,아현,22,18
20250524,을지로3가,아현,23,11
20250524,을지로3가,역삼,8,1
20250524,을지로3가,역삼,10,1
20250524,을지로3가,역삼,12,2
20250524,을지로3가,역삼,13,2
20250524,을지로3가,역삼,14,1
20250524,을지로3가,역삼,16,6
20250524,을지로3가,역삼,18,5
20250524,을지로3가,역삼,20,2
20250524,을지로3가,역삼,21,2
20250524,을지로3가,역삼,22,4
20250524,을지로3가,영등포구청,7,2
20250524,을지로3가,영등포구청,8,4
20250524,을지로3가,영등포구청,9,1
20250524,을지로3가,영등포구청,10,3
20250524,을지로3가,영등포구청,11,1
20250524,을지로3가,영등포구청,12,4
20250524,을지로3가,영등포구청,13,9
20250524,을지로3가,영등포구청,14,5
20250524,을지로3가,영등포구청,15,4
20250524,을지로3가,영등포구청,16,13
20250524,을지로3가,영등포구청,17,6
20250524,을지로3가,영등포구청,18,10
20250524,을지로3가,영등포구청,19,1
20250524,을지로3가,영등포구청,20,7
20250524,을지로3가,영등포구청,21,3
20250524,을지로3가,영등포구청,22,8
20250524,을지로3가,영등포구청,23,12
20250524,을지로3가,왕십리(성동구청),5,2
20250524,을지로3가,왕십리(성동구청),6,2
20250524,을지로3가,왕십리(성동구청),7,4
20250524,을지로3가,왕십리(성동구청),8,2
20250524,을지로3가,왕십리(성동구청),9,7
20250524,을지로3가,왕십리(성동구청),10,3
20250524,을지로3가,왕십리(성동구청),11,9
20250524,을지로3가,왕십리(성동구청),12,20
20250524,을지로3가,왕십리(성동구청),13,12
20250524,을지로3가,왕십리(성동구청),14,10
20250524,을지로3가,왕십리(성동구청),15,14
20250524,을지로3가,왕십리(성동구청),16,14
20250524,을지로3가,왕십리(성동구청),17,24
20250524,을지로3가,왕십리(성동구청),18,29
20250524,을지로3가,왕십리(성동구청),19,17
20250524,을지로3가,왕십리(성동구청),20,19
20250524,을지로3가,왕십리(성동구청),21,17
20250524,을지로3가,왕십리(성동구청),22,24
20250524,을지로3가,왕십리(성동구청),23,16
20250524,을지로3가,용두(동대문구청),17,3
20250524,을지로3가,을지로3가,5,2
20250524,을지로3가,을지로3가,6,9
20250524,을지로3가,을지로3가,7,3
20250524,을지로3가,을지로3가,8,12
20250524,을지로3가,을지로3가,9,38
20250524,을지로3가,을지로3가,10,38
20250524,을지로3가,을지로3가,11,28
20250524,을지로3가,을지로3가,12,29
20250524,을지로3가,을지로3가,13,33
20250524,을지로3가,을지로3가,14,40
20250524,을지로3가,을지로3가,15,47
20250524,을지로3가,을지로3가,16,41
20250524,을지로3가,을지로3가,17,44
20250524,을지로3가,을지로3가,18,25
20250524,을지로3가,을지로3가,19,42
20250524,을지로3가,을지로3가,20,50
20250524,을지로3가,을지로3가,21,59
20250524,을지로3가,을지로3가,22,50
20250524,을지로3가,을지로3가,23,35
20250524,을지로3가,을지로4가,6,2
20250524,을지로3가,을지로4가,7,3
20250524,을지로3가,을지로4가,8,7
20250524,을지로3가,을지로4가,9,7
20250524,을지로3가,을지로4가,10,18
20250524,을지로3가,을지로4가,11,14
20250524,을지로3가,을지로4가,12,21
20250524,을지로3가,을지로4가,13,20
20250524,을지로3가,을지로4가,14,21
20250524,을지로3가,을지로4가,15,16
20250524,을지로3가,을지로4가,16,13
20250524,을지로3가,을지로4가,17,16
20250524,을지로3가,을지로4가,18,11
20250524,을지로3가,을지로4가,19,19
20250524,을지로3가,을지로4가,20,16
20250524,을지로3가,을지로4가,21,12
20250524,을지로3가,을지로4가,22,11
20250524,을지로3가,을지로4가,23,3
20250524,을지로3가,을지로입구,6,3
20250524,을지로3가,을지로입구,7,5
20250524,을지로3가,을지로입구,8,15
20250524,을지로3가,을지로입구,9,31
20250524,을지로3가,을지로입구,10,49
20250524,을지로3가,을지로입구,11,64
20250524,을지로3가,을지로입구,12,57
20250524,을지로3가,을지로입구,13,35
20250524,을지로3가,을지로입구,14,76
20250524,을지로3가,을지로입구,15,45
20250524,을지로3가,을지로입구,16,54
20250524,을지로3가,을지로입구,17,57
20250524,을지로3가,을지로입구,18,72
20250524,을지로3가,을지로입구,19,69
20250524,을지로3가,을지로입구,20,50
20250524,을지로3가,을지로입구,21,24
20250524,을지로3가,을지로입구,22,32
20250524,을지로3가,을지로입구,23,19
20250524,을지로3가,이대,5,1
20250524,을지로3가,이대,7,3
20250524,을지로3가,이대,8,6
20250524,을지로3가,이대,9,17
20250524,을지로3가,이대,10,14
20250524,을지로3가,이대,11,13
20250524,을지로3가,이대,12,18
20250524,을지로3가,이대,13,16
20250524,을지로3가,이대,14,13
20250524,을지로3가,이대,15,21
20250524,을지로3가,이대,16,19
20250524,을지로3가,이대,17,14
20250524,을지로3가,이대,18,15
20250524,을지로3가,이대,19,14
20250524,을지로3가,이대,20,14
20250524,을지로3가,이대,21,19
20250524,을지로3가,이대,22,23
20250524,을지로3가,이대,23,21
20250524,을지로3가,잠실(송파구청),5,2
20250524,을지로3가,잠실(송파구청),6,1
20250524,을지로3가,잠실(송파구청),7,2
20250524,을지로3가,잠실(송파구청),8,8
20250524,을지로3가,잠실(송파구청),9,15
20250524,을지로3가,잠실(송파구청),10,35
20250524,을지로3가,잠실(송파구청),11,15
20250524,을지로3가,잠실(송파구청),12,32
20250524,을지로3가,잠실(송파구청),13,24
20250524,을지로3가,잠실(송파구청),14,33
20250524,을지로3가,잠실(송파구청),15,41
20250524,을지로3가,잠실(송파구청),16,36
20250524,을지로3가,잠실(송파구청),17,39
20250524,을지로3가,잠실(송파구청),18,41
20250524,을지로3가,잠실(송파구청),19,35
20250524,을지로3가,잠실(송파구청),20,46
20250524,을지로3가,잠실(송파구청),21,42
20250524,을지로3가,잠실(송파구청),22,49
20250524,을지로3가,잠실(송파구청),23,21
20250524,을지로3가,잠실나루,5,1
20250524,을지로3가,잠실나루,7,1
20250524,을지로3가,잠실나루,9,1
20250524,을지로3가,잠실나루,10,1
20250524,을지로3가,잠실나루,11,3
20250524,을지로3가,잠실나루,12,8
20250524,을지로3가,잠실나루,13,3
20250524,을지로3가,잠실나루,14,12
20250524,을지로3가,잠실나루,15,13
20250524,을지로3가,잠실나루,16,6
20250524,을지로3가,잠실나루,17,8
20250524,을지로3가,잠실나루,18,6
20250524,을지로3가,잠실나루,19,9
20250524,을지로3가,잠실나루,20,8
20250524,을지로3가,잠실나루,21,3
20250524,을지로3가,잠실나루,22,5
20250524,을지로3가,잠실나루,23,5
20250524,을지로3가,잠실새내,7,1
20250524,을지로3가,잠실새내,8,1
20250524,을지로3가,잠실새내,9,5
20250524,을지로3가,잠실새내,10,2
20250524,을지로3가,잠실새내,11,1
20250524,을지로3가,잠실새내,12,4
20250524,을지로3가,잠실새내,13,3
20250524,을지로3가,잠실새내,14,7
20250524,을지로3가,잠실새내,15,10
20250524,을지로3가,잠실새내,16,14
20250524,을지로3가,잠실새내,17,9
20250524,을지로3가,잠실새내,18,9
20250524,을지로3가,잠실새내,19,11
20250524,을지로3가,잠실새내,20,22
20250524,을지로3가,잠실새내,21,12
20250524,을지로3가,잠실새내,22,16
20250524,을지로3가,잠실새내,23,5
20250524,을지로3가,종합운동장,5,2
20250524,을지로3가,종합운동장,10,1
20250524,을지로3가,종합운동장,12,2
20250524,을지로3가,종합운동장,13,3
20250524,을지로3가,종합운동장,14,7
20250524,을지로3가,종합운동장,15,11
20250524,을지로3가,종합운동장,16,12
20250524,을지로3가,종합운동장,17,5
20250524,을지로3가,종합운동장,20,8
20250524,을지로3가,종합운동장,21,3
20250524,을지로3가,종합운동장,22,3
20250524,을지로3가,종합운동장,23,1
20250524,을지로3가,충정로(경기대입구),7,6
20250524,을지로3가,충정로(경기대입구),8,1
20250524,을지로3가,충정로(경기대입구),9,3
20250524,을지로3가,충정로(경기대입구),10,6
20250524,을지로3가,충정로(경기대입구),11,3
20250524,을지로3가,충정로(경기대입구),12,11
20250524,을지로3가,충정로(경기대입구),13,4
20250524,을지로3가,충정로(경기대입구),14,7
20250524,을지로3가,충정로(경기대입구),15,8
20250524,을지로3가,충정로(경기대입구),16,13
20250524,을지로3가,충정로(경기대입구),17,9
20250524,을지로3가,충정로(경기대입구),18,7
20250524,을지로3가,충정로(경기대입구),19,15
20250524,을지로3가,충정로(경기대입구),20,6
20250524,을지로3가,충정로(경기대입구),21,14
20250524,을지로3가,충정로(경기대입구),22,8
20250524,을지로3가,충정로(경기대입구),23,7
20250524,을지로3가,한양대,7,2
20250524,을지로3가,한양대,8,14
20250524,을지로3가,한양대,9,9
20250524,을지로3가,한양대,10,5
20250524,을지로3가,한양대,11,4
20250524,을지로3가,한양대,12,3
20250524,을지로3가,한양대,13,4
20250524,을지로3가,한양대,14,7
20250524,을지로3가,한양대,15,11
20250524,을지로3가,한양대,16,3
20250524,을지로3가,한양대,17,13
20250524,을지로3가,한양대,18,7
20250524,을지로3가,한양대,19,4
20250524,을지로3가,한양대,20,3
20250524,을지로3가,한양대,21,4
20250524,을지로3가,한양대,22,8
20250524,을지로3가,한양대,23,11
20250524,을지로3가,합정,5,5
20250524,을지로3가,합정,6,2
20250524,을지로3가,합정,7,2
20250524,을지로3가,합정,8,5
20250524,을지로3가,합정,9,14
20250524,을지로3가,합정,10,18
20250524,을지로3가,합정,11,20
20250524,을지로3가,합정,12,17
20250524,을지로3가,합정,13,28
20250524,을지로3가,합정,14,19
20250524,을지로3가,합정,15,35
20250524,을지로3가,합정,16,36
20250524,을지로3가,합정,17,43
20250524,을지로3가,합정,18,23
20250524,을지로3가,합정,19,45
20250524,을지로3가,합정,20,34
20250524,을지로3가,합정,21,39
20250524,을지로3가,합정,22,40
20250524,을지로3가,합정,23,15
20250524,을지로3가,홍대입구,6,1
20250524,을지로3가,홍대입구,7,5
20250524,을지로3가,홍대입구,8,13
20250524,을지로3가,홍대입구,9,62
20250524,을지로3가,홍대입구,10,84
20250524,을지로3가,홍대입구,11,148
20250524,을지로3가,홍대입구,12,137
20250524,을지로3가,홍대입구,13,110
20250524,을지로3가,홍대입구,14,116
20250524,을지로3가,홍대입구,15,108
20250524,을지로3가,홍대입구,16,140
20250524,을지로3가,홍대입구,17,137
20250524,을지로3가,홍대입구,18,145
20250524,을지로3가,홍대입구,19,121
20250524,을지로3가,홍대입구,20,112
20250524,을지로3가,홍대입구,21,92
20250524,을지로3가,홍대입구,22,139
20250524,을지로3가,홍대입구,23,72
20250524,을지로4가,강남,7,2
20250524,을지로4가,강남,8,1
20250524,을지로4가,강남,9,10
20250524,을지로4가,강남,10,8
20250524,을지로4가,강남,11,1
20250524,을지로4가,강남,12,6
20250524,을지로4가,강남,13,4
20250524,을지로4가,강남,14,3
20250524,을지로4가,강남,15,6
20250524,을지로4가,강남,16,6
20250524,을지로4가,강남,17,5
20250524,을지로4가,강남,18,5
20250524,을지로4가,강남,19,1
20250524,을지로4가,강변(동서울터미널),5,4
20250524,을지로4가,강변(동서울터미널),6,6
20250524,을지로4가,강변(동서울터미널),7,2
20250524,을지로4가,강변(동서울터미널),8,7
20250524,을지로4가,강변(동서울터미널),9,4
20250524,을지로4가,강변(동서울터미널),10,4
20250524,을지로4가,강변(동서울터미널),11,8
20250524,을지로4가,강변(동서울터미널),12,9
20250524,을지로4가,강변(동서울터미널),13,11
20250524,을지로4가,강변(동서울터미널),14,14
20250524,을지로4가,강변(동서울터미널),15,17
20250524,을지로4가,강변(동서울터미널),16,29
20250524,을지로4가,강변(동서울터미널),17,16
20250524,을지로4가,강변(동서울터미널),18,9
20250524,을지로4가,강변(동서울터미널),19,6
20250524,을지로4가,강변(동서울터미널),20,8
20250524,을지로4가,강변(동서울터미널),21,11
20250524,을지로4가,강변(동서울터미널),22,3
20250524,을지로4가,건대입구,5,3
20250524,을지로4가,건대입구,7,1
20250524,을지로4가,건대입구,8,9
20250524,을지로4가,건대입구,9,9
20250524,을지로4가,건대입구,10,4
20250524,을지로4가,건대입구,11,12
20250524,을지로4가,건대입구,12,5
20250524,을지로4가,건대입구,13,16
20250524,을지로4가,건대입구,14,30
20250524,을지로4가,건대입구,15,16
20250524,을지로4가,건대입구,16,29
20250524,을지로4가,건대입구,17,18
20250524,을지로4가,건대입구,18,33
20250524,을지로4가,건대입구,19,21
20250524,을지로4가,건대입구,20,16
20250524,을지로4가,건대입구,21,15
20250524,을지로4가,건대입구,22,17
20250524,을지로4가,건대입구,23,5
20250524,을지로4가,교대(법원.검찰청),9,2
20250524,을지로4가,교대(법원.검찰청),12,2
20250524,을지로4가,교대(법원.검찰청),13,4
20250524,을지로4가,교대(법원.검찰청),15,2
20250524,을지로4가,구로디지털단지,5,1
20250524,을지로4가,구로디지털단지,7,1
20250524,을지로4가,구로디지털단지,8,2
20250524,을지로4가,구로디지털단지,9,1
20250524,을지로4가,구로디지털단지,10,4
20250524,을지로4가,구로디지털단지,11,7
20250524,을지로4가,구로디지털단지,12,4
20250524,을지로4가,구로디지털단지,13,10
20250524,을지로4가,구로디지털단지,14,7
20250524,을지로4가,구로디지털단지,15,9
20250524,을지로4가,구로디지털단지,16,14
20250524,을지로4가,구로디지털단지,17,10
20250524,을지로4가,구로디지털단지,18,16
20250524,을지로4가,구로디지털단지,19,9
20250524,을지로4가,구로디지털단지,20,12
20250524,을지로4가,구로디지털단지,21,7
20250524,을지로4가,구로디지털단지,22,10
20250524,을지로4가,구로디지털단지,23,4
20250524,을지로4가,구의(광진구청),6,1
20250524,을지로4가,구의(광진구청),7,4
20250524,을지로4가,구의(광진구청),8,3
20250524,을지로4가,구의(광진구청),9,3
20250524,을지로4가,구의(광진구청),10,10
20250524,을지로4가,구의(광진구청),11,6
20250524,을지로4가,구의(광진구청),12,6
20250524,을지로4가,구의(광진구청),13,18
20250524,을지로4가,구의(광진구청),14,11
20250524,을지로4가,구의(광진구청),15,13
20250524,을지로4가,구의(광진구청),16,12
20250524,을지로4가,구의(광진구청),17,17
20250524,을지로4가,구의(광진구청),18,18
20250524,을지로4가,구의(광진구청),19,11
20250524,을지로4가,구의(광진구청),20,14
20250524,을지로4가,구의(광진구청),21,12
20250524,을지로4가,구의(광진구청),22,10
20250524,을지로4가,구의(광진구청),23,4
20250524,을지로4가,낙성대,10,2
20250524,을지로4가,낙성대,11,1
20250524,을지로4가,낙성대,12,4
20250524,을지로4가,낙성대,14,6
20250524,을지로4가,낙성대,15,1
20250524,을지로4가,낙성대,16,6
20250524,을지로4가,낙성대,17,2
20250524,을지로4가,낙성대,18,1
20250524,을지로4가,낙성대,19,3
20250524,을지로4가,낙성대,20,3
20250524,을지로4가,낙성대,22,4
20250524,을지로4가,당산,5,1
20250524,을지로4가,당산,8,2
20250524,을지로4가,당산,9,4
20250524,을지로4가,당산,10,2
20250524,을지로4가,당산,11,3
20250524,을지로4가,당산,12,9
20250524,을지로4가,당산,13,3
20250524,을지로4가,당산,14,10
20250524,을지로4가,당산,15,7
20250524,을지로4가,당산,16,14
20250524,을지로4가,당산,17,10
20250524,을지로4가,당산,18,7
20250524,을지로4가,당산,19,1
20250524,을지로4가,당산,20,7
20250524,을지로4가,당산,21,6
20250524,을지로4가,당산,22,5
20250524,을지로4가,당산,23,2
20250524,을지로4가,대림(구로구청),7,1
20250524,을지로4가,대림(구로구청),8,1
20250524,을지로4가,대림(구로구청),9,1
20250524,을지로4가,대림(구로구청),10,1
20250524,을지로4가,대림(구로구청),11,2
20250524,을지로4가,대림(구로구청),12,3
20250524,을지로4가,대림(구로구청),13,4
20250524,을지로4가,대림(구로구청),14,2
20250524,을지로4가,대림(구로구청),15,6
20250524,을지로4가,대림(구로구청),16,17
20250524,을지로4가,대림(구로구청),17,5
20250524,을지로4가,대림(구로구청),18,2
20250524,을지로4가,대림(구로구청),19,7
20250524,을지로4가,대림(구로구청),20,4
20250524,을지로4가,대림(구로구청),21,3
20250524,을지로4가,대림(구로구청),22,1
20250524,을지로4가,동대문역사문화공원,6,4
20250524,을지로4가,동대문역사문화공원,7,1
20250524,을지로4가,동대문역사문화공원,8,7
20250524,을지로4가,동대문역사문화공원,9,5
20250524,을지로4가,동대문역사문화공원,10,12
20250524,을지로4가,동대문역사문화공원,11,25
20250524,을지로4가,동대문역사문화공원,12,24
20250524,을지로4가,동대문역사문화공원,13,9
20250524,을지로4가,동대문역사문화공원,14,20
20250524,을지로4가,동대문역사문화공원,15,19
20250524,을지로4가,동대문역사문화공원,16,9
20250524,을지로4가,동대문역사문화공원,17,19
20250524,을지로4가,동대문역사문화공원,18,19
20250524,을지로4가,동대문역사문화공원,19,19
20250524,을지로4가,동대문역사문화공원,20,16
20250524,을지로4가,동대문역사문화공원,21,18
20250524,을지로4가,동대문역사문화공원,22,9
20250524,을지로4가,동대문역사문화공원,23,5
20250524,을지로4가,뚝섬,6,1
20250524,을지로4가,뚝섬,7,4
20250524,을지로4가,뚝섬,8,4
20250524,을지로4가,뚝섬,9,9
20250524,을지로4가,뚝섬,10,10
20250524,을지로4가,뚝섬,11,22
20250524,을지로4가,뚝섬,12,11
20250524,을지로4가,뚝섬,13,16
20250524,을지로4가,뚝섬,14,14
20250524,을지로4가,뚝섬,15,18
20250524,을지로4가,뚝섬,16,16
20250524,을지로4가,뚝섬,17,9
20250524,을지로4가,뚝섬,18,12
20250524,을지로4가,뚝섬,19,19
20250524,을지로4가,뚝섬,20,6
20250524,을지로4가,뚝섬,21,3
20250524,을지로4가,뚝섬,22,4
20250524,을지로4가,뚝섬,23,1
20250524,을지로4가,문래,11,1
20250524,을지로4가,문래,12,4
20250524,을지로4가,문래,13,4
20250524,을지로4가,문래,14,4
20250524,을지로4가,문래,15,2
20250524,을지로4가,문래,16,4
20250524,을지로4가,문래,17,4
20250524,을지로4가,문래,18,5
20250524,을지로4가,문래,19,3
20250524,을지로4가,문래,20,6
20250524,을지로4가,문래,21,1
20250524,을지로4가,문래,22,1
20250524,을지로4가,문래,23,3
20250524,을지로4가,방배,10,1
20250524,을지로4가,방배,13,1
20250524,을지로4가,방배,14,1
20250524,을지로4가,방배,17,1
20250524,을지로4가,방배,18,2
20250524,을지로4가,방배,21,2
20250524,을지로4가,방배,22,1
20250524,을지로4가,봉천,7,1
20250524,을지로4가,봉천,9,1
20250524,을지로4가,봉천,10,2
20250524,을지로4가,봉천,11,1
20250524,을지로4가,봉천,12,3
20250524,을지로4가,봉천,13,3
20250524,을지로4가,봉천,14,4
20250524,을지로4가,봉천,15,11
20250524,을지로4가,봉천,16,9
20250524,을지로4가,봉천,17,8
20250524,을지로4가,봉천,18,6
20250524,을지로4가,봉천,19,3
20250524,을지로4가,봉천,20,1
20250524,을지로4가,봉천,21,9
20250524,을지로4가,봉천,22,1
20250524,을지로4가,사당,5,1
20250524,을지로4가,사당,9,1
20250524,을지로4가,사당,10,2
20250524,을지로4가,사당,12,2
20250524,을지로4가,사당,14,1
20250524,을지로4가,사당,15,2
20250524,을지로4가,사당,16,3
20250524,을지로4가,사당,18,3
20250524,을지로4가,사당,19,1
20250524,을지로4가,사당,21,1
20250524,을지로4가,사당,23,2
20250524,을지로4가,삼성(무역센터),7,2
20250524,을지로4가,삼성(무역센터),9,1
20250524,을지로4가,삼성(무역센터),10,15
20250524,을지로4가,삼성(무역센터),11,6
20250524,을지로4가,삼성(무역센터),12,8
20250524,을지로4가,삼성(무역센터),13,10
20250524,을지로4가,삼성(무역센터),14,6
20250524,을지로4가,삼성(무역센터),15,5
20250524,을지로4가,삼성(무역센터),16,7
20250524,을지로4가,삼성(무역센터),17,13
20250524,을지로4가,삼성(무역센터),18,3
20250524,을지로4가,삼성(무역센터),19,1
20250524,을지로4가,삼성(무역센터),20,4
20250524,을지로4가,삼성(무역센터),21,3
20250524,을지로4가,삼성(무역센터),22,1
20250524,을지로4가,상왕십리,6,1
20250524,을지로4가,상왕십리,7,1
20250524,을지로4가,상왕십리,8,5
20250524,을지로4가,상왕십리,9,6
20250524,을지로4가,상왕십리,10,4
20250524,을지로4가,상왕십리,11,10
20250524,을지로4가,상왕십리,12,7
20250524,을지로4가,상왕십리,13,17
20250524,을지로4가,상왕십리,14,10
20250524,을지로4가,상왕십리,15,11
20250524,을지로4가,상왕십리,16,11
20250524,을지로4가,상왕십리,17,11
20250524,을지로4가,상왕십리,18,10
20250524,을지로4가,상왕십리,19,6
20250524,을지로4가,상왕십리,20,10
20250524,을지로4가,상왕십리,21,5
20250524,을지로4가,상왕십리,22,6
20250524,을지로4가,상왕십리,23,3
20250524,을지로4가,서울대입구(관악구청),9,3
20250524,을지로4가,서울대입구(관악구청),11,1
20250524,을지로4가,서울대입구(관악구청),12,3
20250524,을지로4가,서울대입구(관악구청),13,5
20250524,을지로4가,서울대입구(관악구청),14,2
20250524,을지로4가,서울대입구(관악구청),15,6
20250524,을지로4가,서울대입구(관악구청),16,5
20250524,을지로4가,서울대입구(관악구청),17,8
20250524,을지로4가,서울대입구(관악구청),18,6
20250524,을지로4가,서울대입구(관악구청),19,1
20250524,을지로4가,서울대입구(관악구청),20,3
20250524,을지로4가,서울대입구(관악구청),21,2
20250524,을지로4가,서울대입구(관악구청),22,2
20250524,을지로4가,서초,6,1
20250524,을지로4가,서초,11,2
20250524,을지로4가,서초,13,1
20250524,을지로4가,서초,14,4
20250524,을지로4가,서초,15,1
20250524,을지로4가,서초,16,1
20250524,을지로4가,서초,22,2
20250524,을지로4가,선릉,7,2
20250524,을지로4가,선릉,9,2
20250524,을지로4가,선릉,10,3
20250524,을지로4가,선릉,11,1
20250524,을지로4가,선릉,12,1
20250524,을지로4가,선릉,13,3
20250524,을지로4가,선릉,14,1
20250524,을지로4가,선릉,16,6
20250524,을지로4가,선릉,17,11
20250524,을지로4가,선릉,18,2
20250524,을지로4가,선릉,19,3
20250524,을지로4가,선릉,20,1
20250524,을지로4가,선릉,22,2
20250524,을지로4가,성수,5,1
20250524,을지로4가,성수,6,3
20250524,을지로4가,성수,7,3
20250524,을지로4가,성수,8,25
20250524,을지로4가,성수,9,56
20250524,을지로4가,성수,10,71
20250524,을지로4가,성수,11,72
20250524,을지로4가,성수,12,66
20250524,을지로4가,성수,13,58
20250524,을지로4가,성수,14,59
20250524,을지로4가,성수,15,55
20250524,을지로4가,성수,16,44
20250524,을지로4가,성수,17,48
20250524,을지로4가,성수,18,22
20250524,을지로4가,성수,19,9
20250524,을지로4가,성수,20,15
20250524,을지로4가,성수,21,2
20250524,을지로4가,성수,22,1
20250524,을지로4가,성수,23,2
20250524,을지로4가,시청,5,1
20250524,을지로4가,시청,6,3
20250524,을지로4가,시청,7,2
20250524,을지로4가,시청,8,4
20250524,을지로4가,시청,9,3
20250524,을지로4가,시청,10,16
20250524,을지로4가,시청,11,16
20250524,을지로4가,시청,12,4
20250524,을지로4가,시청,13,26
20250524,을지로4가,시청,14,26
20250524,을지로4가,시청,15,24
20250524,을지로4가,시청,16,20
20250524,을지로4가,시청,17,19
20250524,을지로4가,시청,18,16
20250524,을지로4가,시청,19,14
20250524,을지로4가,시청,20,8
20250524,을지로4가,시청,21,4
20250524,을지로4가,시청,22,8
20250524,을지로4가,신당,6,2
20250524,을지로4가,신당,7,3
20250524,을지로4가,신당,8,13
20250524,을지로4가,신당,9,6
20250524,을지로4가,신당,10,19
20250524,을지로4가,신당,11,12
20250524,을지로4가,신당,12,18
20250524,을지로4가,신당,13,11
20250524,을지로4가,신당,14,26
20250524,을지로4가,신당,15,19
20250524,을지로4가,신당,16,32
20250524,을지로4가,신당,17,16
20250524,을지로4가,신당,18,12
20250524,을지로4가,신당,19,11
20250524,을지로4가,신당,20,9
20250524,을지로4가,신당,21,12
20250524,을지로4가,신당,22,7
20250524,을지로4가,신당,23,1
20250524,을지로4가,신대방,9,2
20250524,을지로4가,신대방,11,1
20250524,을지로4가,신대방,12,6
20250524,을지로4가,신대방,13,14
20250524,을지로4가,신대방,14,9
20250524,을지로4가,신대방,15,10
20250524,을지로4가,신대방,16,7
20250524,을지로4가,신대방,17,13
20250524,을지로4가,신대방,18,4
20250524,을지로4가,신대방,19,9
20250524,을지로4가,신대방,20,4
20250524,을지로4가,신대방,21,2
20250524,을지로4가,신대방,22,4
20250524,을지로4가,신대방,23,1
20250524,을지로4가,신도림,7,1
20250524,을지로4가,신도림,8,2
20250524,을지로4가,신도림,9,3
20250524,을지로4가,신도림,10,7
20250524,을지로4가,신도림,11,1
20250524,을지로4가,신도림,12,8
20250524,을지로4가,신도림,13,7
20250524,을지로4가,신도림,14,8
20250524,을지로4가,신도림,15,10
20250524,을지로4가,신도림,16,15
20250524,을지로4가,신도림,17,13
20250524,을지로4가,신도림,18,6
20250524,을지로4가,신도림,19,7
20250524,을지로4가,신도림,20,7
20250524,을지로4가,신도림,21,3
20250524,을지로4가,신도림,22,6
20250524,을지로4가,신도림,23,7
20250524,을지로4가,신림,5,2
20250524,을지로4가,신림,7,1
20250524,을지로4가,신림,10,5
20250524,을지로4가,신림,11,3
20250524,을지로4가,신림,12,3
20250524,을지로4가,신림,13,8
20250524,을지로4가,신림,14,10
20250524,을지로4가,신림,15,20
20250524,을지로4가,신림,16,13
20250524,을지로4가,신림,17,14
20250524,을지로4가,신림,18,7
20250524,을지로4가,신림,19,5
20250524,을지로4가,신림,20,12
20250524,을지로4가,신림,21,4
20250524,을지로4가,신림,22,5
20250524,을지로4가,신림,23,5
20250524,을지로4가,신촌,6,1
20250524,을지로4가,신촌,7,2
20250524,을지로4가,신촌,8,2
20250524,을지로4가,신촌,9,12
20250524,을지로4가,신촌,10,18
20250524,을지로4가,신촌,11,20
20250524,을지로4가,신촌,12,19
20250524,을지로4가,신촌,13,18
20250524,을지로4가,신촌,14,23
20250524,을지로4가,신촌,15,22
20250524,을지로4가,신촌,16,32
20250524,을지로4가,신촌,17,27
20250524,을지로4가,신촌,18,22
20250524,을지로4가,신촌,19,24
20250524,을지로4가,신촌,20,6
20250524,을지로4가,신촌,21,12
20250524,을지로4가,신촌,22,8
20250524,을지로4가,신촌,23,2
20250524,을지로4가,아현,7,2
20250524,을지로4가,아현,8,1
20250524,을지로4가,아현,9,1
20250524,을지로4가,아현,10,6
20250524,을지로4가,아현,11,3
20250524,을지로4가,아현,12,4
20250524,을지로4가,아현,13,7
20250524,을지로4가,아현,14,7
20250524,을지로4가,아현,15,5
20250524,을지로4가,아현,16,2
20250524,을지로4가,아현,17,8
20250524,을지로4가,아현,18,5
20250524,을지로4가,아현,19,6
20250524,을지로4가,아현,20,4
20250524,을지로4가,아현,21,1
20250524,을지로4가,아현,22,4
20250524,을지로4가,아현,23,3
20250524,을지로4가,역삼,6,1
20250524,을지로4가,역삼,9,1
20250524,을지로4가,역삼,10,4
20250524,을지로4가,역삼,12,3
20250524,을지로4가,역삼,13,1
20250524,을지로4가,역삼,14,4
20250524,을지로4가,역삼,15,3
20250524,을지로4가,역삼,16,4
20250524,을지로4가,역삼,17,3
20250524,을지로4가,역삼,18,1
20250524,을지로4가,역삼,19,5
20250524,을지로4가,역삼,21,4
20250524,을지로4가,역삼,22,1
20250524,을지로4가,역삼,23,1
20250524,을지로4가,영등포구청,5,2
20250524,을지로4가,영등포구청,9,2
20250524,을지로4가,영등포구청,10,1
20250524,을지로4가,영등포구청,11,7
20250524,을지로4가,영등포구청,12,2
20250524,을지로4가,영등포구청,13,4
20250524,을지로4가,영등포구청,14,3
20250524,을지로4가,영등포구청,15,7
20250524,을지로4가,영등포구청,16,6
20250524,을지로4가,영등포구청,17,2
20250524,을지로4가,영등포구청,19,5
20250524,을지로4가,영등포구청,20,6
20250524,을지로4가,영등포구청,21,1
20250524,을지로4가,영등포구청,22,2
20250524,을지로4가,영등포구청,23,2
20250524,을지로4가,왕십리(성동구청),5,1
20250524,을지로4가,왕십리(성동구청),7,3
20250524,을지로4가,왕십리(성동구청),8,4
20250524,을지로4가,왕십리(성동구청),9,3
20250524,을지로4가,왕십리(성동구청),10,7
20250524,을지로4가,왕십리(성동구청),11,5
20250524,을지로4가,왕십리(성동구청),12,10
20250524,을지로4가,왕십리(성동구청),13,7
20250524,을지로4가,왕십리(성동구청),14,13
20250524,을지로4가,왕십리(성동구청),15,7
20250524,을지로4가,왕십리(성동구청),16,9
20250524,을지로4가,왕십리(성동구청),17,17
20250524,을지로4가,왕십리(성동구청),18,13
20250524,을지로4가,왕십리(성동구청),19,7
20250524,을지로4가,왕십리(성동구청),20,11
20250524,을지로4가,왕십리(성동구청),21,15
20250524,을지로4가,왕십리(성동구청),22,12
20250524,을지로4가,왕십리(성동구청),23,2
20250524,을지로4가,용두(동대문구청),15,1
20250524,을지로4가,을지로3가,6,4
20250524,을지로4가,을지로3가,7,3
20250524,을지로4가,을지로3가,8,2
20250524,을지로4가,을지로3가,9,9
20250524,을지로4가,을지로3가,10,9
20250524,을지로4가,을지로3가,11,15
20250524,을지로4가,을지로3가,12,21
20250524,을지로4가,을지로3가,13,10
20250524,을지로4가,을지로3가,14,11
20250524,을지로4가,을지로3가,15,14
20250524,을지로4가,을지로3가,16,13
20250524,을지로4가,을지로3가,17,18
20250524,을지로4가,을지로3가,18,18
20250524,을지로4가,을지로3가,19,3
20250524,을지로4가,을지로3가,20,17
20250524,을지로4가,을지로3가,21,13
20250524,을지로4가,을지로3가,22,2
20250524,을지로4가,을지로3가,23,1
20250524,을지로4가,을지로4가,6,2
20250524,을지로4가,을지로4가,7,19
20250524,을지로4가,을지로4가,8,9
20250524,을지로4가,을지로4가,9,10
20250524,을지로4가,을지로4가,10,35
20250524,을지로4가,을지로4가,11,23
20250524,을지로4가,을지로4가,12,24
20250524,을지로4가,을지로4가,13,19
20250524,을지로4가,을지로4가,14,44
20250524,을지로4가,을지로4가,15,32
20250524,을지로4가,을지로4가,16,28
20250524,을지로4가,을지로4가,17,16
20250524,을지로4가,을지로4가,18,26
20250524,을지로4가,을지로4가,19,18
20250524,을지로4가,을지로4가,20,44
20250524,을지로4가,을지로4가,21,12
20250524,을지로4가,을지로4가,22,9
20250524,을지로4가,을지로4가,23,5
20250524,을지로4가,을지로입구,6,2
20250524,을지로4가,을지로입구,7,6
20250524,을지로4가,을지로입구,8,23
20250524,을지로4가,을지로입구,9,32
20250524,을지로4가,을지로입구,10,62
20250524,을지로4가,을지로입구,11,56
20250524,을지로4가,을지로입구,12,65
20250524,을지로4가,을지로입구,13,50
20250524,을지로4가,을지로입구,14,57
20250524,을지로4가,을지로입구,15,42
20250524,을지로4가,을지로입구,16,68
20250524,을지로4가,을지로입구,17,58
20250524,을지로4가,을지로입구,18,64
20250524,을지로4가,을지로입구,19,60
20250524,을지로4가,을지로입구,20,45
20250524,을지로4가,을지로입구,21,29
20250524,을지로4가,을지로입구,22,12
20250524,을지로4가,을지로입구,23,4
20250524,을지로4가,이대,6,1
20250524,을지로4가,이대,7,1
20250524,을지로4가,이대,8,7
20250524,을지로4가,이대,9,9
20250524,을지로4가,이대,10,21
20250524,을지로4가,이대,11,4
20250524,을지로4가,이대,12,8
20250524,을지로4가,이대,13,8
20250524,을지로4가,이대,14,5
20250524,을지로4가,이대,15,5
20250524,을지로4가,이대,16,13
20250524,을지로4가,이대,17,4
20250524,을지로4가,이대,18,10
20250524,을지로4가,이대,19,6
20250524,을지로4가,이대,20,6
20250524,을지로4가,이대,21,4
20250524,을지로4가,이대,22,5
20250524,을지로4가,이대,23,3
20250524,을지로4가,잠실(송파구청),5,1
20250524,을지로4가,잠실(송파구청),6,2
20250524,을지로4가,잠실(송파구청),7,3
20250524,을지로4가,잠실(송파구청),8,7
20250524,을지로4가,잠실(송파구청),9,23
20250524,을지로4가,잠실(송파구청),10,22
20250524,을지로4가,잠실(송파구청),11,27
20250524,을지로4가,잠실(송파구청),12,27
20250524,을지로4가,잠실(송파구청),13,36
20250524,을지로4가,잠실(송파구청),14,29
20250524,을지로4가,잠실(송파구청),15,33
20250524,을지로4가,잠실(송파구청),16,37
20250524,을지로4가,잠실(송파구청),17,42
20250524,을지로4가,잠실(송파구청),18,35
20250524,을지로4가,잠실(송파구청),19,18
20250524,을지로4가,잠실(송파구청),20,18
20250524,을지로4가,잠실(송파구청),21,6
20250524,을지로4가,잠실(송파구청),22,19
20250524,을지로4가,잠실(송파구청),23,6
20250524,을지로4가,잠실나루,5,6
20250524,을지로4가,잠실나루,10,1
20250524,을지로4가,잠실나루,11,6
20250524,을지로4가,잠실나루,12,4
20250524,을지로4가,잠실나루,13,3
20250524,을지로4가,잠실나루,14,5
20250524,을지로4가,잠실나루,15,10
20250524,을지로4가,잠실나루,16,5
20250524,을지로4가,잠실나루,17,6
20250524,을지로4가,잠실나루,18,8
20250524,을지로4가,잠실나루,20,3
20250524,을지로4가,잠실나루,21,1
20250524,을지로4가,잠실나루,22,2
20250524,을지로4가,잠실새내,5,1
20250524,을지로4가,잠실새내,8,1
20250524,을지로4가,잠실새내,9,4
20250524,을지로4가,잠실새내,10,2
20250524,을지로4가,잠실새내,11,5
20250524,을지로4가,잠실새내,12,2
20250524,을지로4가,잠실새내,13,8
20250524,을지로4가,잠실새내,14,15
20250524,을지로4가,잠실새내,15,18
20250524,을지로4가,잠실새내,16,14
20250524,을지로4가,잠실새내,17,16
20250524,을지로4가,잠실새내,18,7
20250524,을지로4가,잠실새내,19,10
20250524,을지로4가,잠실새내,20,11
20250524,을지로4가,잠실새내,21,1
20250524,을지로4가,잠실새내,22,12
20250524,을지로4가,잠실새내,23,3
20250524,을지로4가,종합운동장,5,1
20250524,을지로4가,종합운동장,6,2
20250524,을지로4가,종합운동장,7,1
20250524,을지로4가,종합운동장,8,3
20250524,을지로4가,종합운동장,10,1
20250524,을지로4가,종합운동장,12,5
20250524,을지로4가,종합운동장,13,3
20250524,을지로4가,종합운동장,14,10
20250524,을지로4가,종합운동장,15,23
20250524,을지로4가,종합운동장,16,16
20250524,을지로4가,종합운동장,17,1
20250524,을지로4가,종합운동장,18,1
20250524,을지로4가,종합운동장,19,5
20250524,을지로4가,종합운동장,20,4
20250524,을지로4가,종합운동장,21,2
20250524,을지로4가,종합운동장,22,2
20250524,을지로4가,충정로(경기대입구),8,1
20250524,을지로4가,충정로(경기대입구),9,2
20250524,을지로4가,충정로(경기대입구),10,5
20250524,을지로4가,충정로(경기대입구),11,6
20250524,을지로4가,충정로(경기대입구),12,3
20250524,을지로4가,충정로(경기대입구),13,9
20250524,을지로4가,충정로(경기대입구),14,3
20250524,을지로4가,충정로(경기대입구),15,4
20250524,을지로4가,충정로(경기대입구),16,11
20250524,을지로4가,충정로(경기대입구),17,5
20250524,을지로4가,충정로(경기대입구),18,7
20250524,을지로4가,충정로(경기대입구),19,2
20250524,을지로4가,충정로(경기대입구),20,5
20250524,을지로4가,충정로(경기대입구),21,2
20250524,을지로4가,충정로(경기대입구),22,5
20250524,을지로4가,한양대,5,1
20250524,을지로4가,한양대,7,1
20250524,을지로4가,한양대,8,3
20250524,을지로4가,한양대,9,3
20250524,을지로4가,한양대,10,3
20250524,을지로4가,한양대,11,3
20250524,을지로4가,한양대,13,4
20250524,을지로4가,한양대,14,2
20250524,을지로4가,한양대,15,7
20250524,을지로4가,한양대,16,5
20250524,을지로4가,한양대,17,1
20250524,을지로4가,한양대,18,2
20250524,을지로4가,한양대,19,5
20250524,을지로4가,한양대,21,2
20250524,을지로4가,한양대,22,1
20250524,을지로4가,한양대,23,1
20250524,을지로4가,합정,5,2
20250524,을지로4가,합정,7,2
20250524,을지로4가,합정,8,3
20250524,을지로4가,합정,9,5
20250524,을지로4가,합정,10,11
20250524,을지로4가,합정,11,9
20250524,을지로4가,합정,12,17
20250524,을지로4가,합정,13,24
20250524,을지로4가,합정,14,13
20250524,을지로4가,합정,15,19
20250524,을지로4가,합정,16,17
20250524,을지로4가,합정,17,19
20250524,을지로4가,합정,18,31
20250524,을지로4가,합정,19,15
20250524,을지로4가,합정,20,15
20250524,을지로4가,합정,21,11
20250524,을지로4가,합정,22,7
20250524,을지로4가,합정,23,4
20250524,을지로4가,홍대입구,5,3
20250524,을지로4가,홍대입구,6,5
20250524,을지로4가,홍대입구,7,2
20250524,을지로4가,홍대입구,8,8
20250524,을지로4가,홍대입구,9,21
20250524,을지로4가,홍대입구,10,76
20250524,을지로4가,홍대입구,11,99
20250524,을지로4가,홍대입구,12,110
20250524,을지로4가,홍대입구,13,89
20250524,을지로4가,홍대입구,14,109
20250524,을지로4가,홍대입구,15,68
20250524,을지로4가,홍대입구,16,84
20250524,을지로4가,홍대입구,17,106
20250524,을지로4가,홍대입구,18,58
20250524,을지로4가,홍대입구,19,86
20250524,을지로4가,홍대입구,20,48
20250524,을지로4가,홍대입구,21,43
20250524,을지로4가,홍대입구,22,32
20250524,을지로4가,홍대입구,23,15
20250524,을지로입구,강남,7,1
20250524,을지로입구,강남,8,1
20250524,을지로입구,강남,9,6
20250524,을지로입구,강남,10,11
20250524,을지로입구,강남,11,7
20250524,을지로입구,강남,12,8
20250524,을지로입구,강남,13,9
20250524,을지로입구,강남,14,12
20250524,을지로입구,강남,15,17
20250524,을지로입구,강남,16,14
20250524,을지로입구,강남,17,17
20250524,을지로입구,강남,18,8
20250524,을지로입구,강남,19,10
20250524,을지로입구,강남,20,12
20250524,을지로입구,강남,21,9
20250524,을지로입구,강남,22,5
20250524,을지로입구,강남,23,2
20250524,을지로입구,강변(동서울터미널),5,2
20250524,을지로입구,강변(동서울터미널),6,5
20250524,을지로입구,강변(동서울터미널),7,2
20250524,을지로입구,강변(동서울터미널),8,5
20250524,을지로입구,강변(동서울터미널),9,2
20250524,을지로입구,강변(동서울터미널),10,1
20250524,을지로입구,강변(동서울터미널),11,7
20250524,을지로입구,강변(동서울터미널),12,15
20250524,을지로입구,강변(동서울터미널),13,33
20250524,을지로입구,강변(동서울터미널),14,28
20250524,을지로입구,강변(동서울터미널),15,29
20250524,을지로입구,강변(동서울터미널),16,29
20250524,을지로입구,강변(동서울터미널),17,25
20250524,을지로입구,강변(동서울터미널),18,33
20250524,을지로입구,강변(동서울터미널),19,32
20250524,을지로입구,강변(동서울터미널),20,28
20250524,을지로입구,강변(동서울터미널),21,36
20250524,을지로입구,강변(동서울터미널),22,8
20250524,을지로입구,강변(동서울터미널),23,14
20250524,을지로입구,건대입구,5,2
20250524,을지로입구,건대입구,6,1
20250524,을지로입구,건대입구,7,3
20250524,을지로입구,건대입구,8,5
20250524,을지로입구,건대입구,9,8
20250524,을지로입구,건대입구,10,5
20250524,을지로입구,건대입구,11,8
20250524,을지로입구,건대입구,12,16
20250524,을지로입구,건대입구,13,35
20250524,을지로입구,건대입구,14,31
20250524,을지로입구,건대입구,15,47
20250524,을지로입구,건대입구,16,64
20250524,을지로입구,건대입구,17,79
20250524,을지로입구,건대입구,18,51
20250524,을지로입구,건대입구,19,53
20250524,을지로입구,건대입구,20,80
20250524,을지로입구,건대입구,21,66
20250524,을지로입구,건대입구,22,70
20250524,을지로입구,건대입구,23,31
20250524,을지로입구,교대(법원.검찰청),9,1
20250524,을지로입구,교대(법원.검찰청),10,1
20250524,을지로입구,교대(법원.검찰청),12,1
20250524,을지로입구,교대(법원.검찰청),16,3
20250524,을지로입구,교대(법원.검찰청),18,7
20250524,을지로입구,교대(법원.검찰청),20,6
20250524,을지로입구,교대(법원.검찰청),22,4
20250524,을지로입구,구로디지털단지,5,2
20250524,을지로입구,구로디지털단지,6,1
20250524,을지로입구,구로디지털단지,7,5
20250524,을지로입구,구로디지털단지,8,2
20250524,을지로입구,구로디지털단지,9,3
20250524,을지로입구,구로디지털단지,10,11
20250524,을지로입구,구로디지털단지,11,9
20250524,을지로입구,구로디지털단지,12,10
20250524,을지로입구,구로디지털단지,13,13
20250524,을지로입구,구로디지털단지,14,25
20250524,을지로입구,구로디지털단지,15,35
20250524,을지로입구,구로디지털단지,16,47
20250524,을지로입구,구로디지털단지,17,67
20250524,을지로입구,구로디지털단지,18,66
20250524,을지로입구,구로디지털단지,19,61
20250524,을지로입구,구로디지털단지,20,79
20250524,을지로입구,구로디지털단지,21,61
20250524,을지로입구,구로디지털단지,22,49
20250524,을지로입구,구로디지털단지,23,26
20250524,을지로입구,구의(광진구청),5,2
20250524,을지로입구,구의(광진구청),6,1
20250524,을지로입구,구의(광진구청),7,2
20250524,을지로입구,구의(광진구청),9,3
20250524,을지로입구,구의(광진구청),10,1
20250524,을지로입구,구의(광진구청),11,6
20250524,을지로입구,구의(광진구청),12,14
20250524,을지로입구,구의(광진구청),13,7
20250524,을지로입구,구의(광진구청),14,20
20250524,을지로입구,구의(광진구청),15,25
20250524,을지로입구,구의(광진구청),16,31
20250524,을지로입구,구의(광진구청),17,48
20250524,을지로입구,구의(광진구청),18,30
20250524,을지로입구,구의(광진구청),19,24
20250524,을지로입구,구의(광진구청),20,44
20250524,을지로입구,구의(광진구청),21,38
20250524,을지로입구,구의(광진구청),22,23
20250524,을지로입구,구의(광진구청),23,14
20250524,을지로입구,낙성대,8,1
20250524,을지로입구,낙성대,10,1
20250524,을지로입구,낙성대,12,3
20250524,을지로입구,낙성대,13,8
20250524,을지로입구,낙성대,14,5
20250524,을지로입구,낙성대,15,7
20250524,을지로입구,낙성대,16,7
20250524,을지로입구,낙성대,17,15
20250524,을지로입구,낙성대,18,7
20250524,을지로입구,낙성대,19,9
20250524,을지로입구,낙성대,20,11
20250524,을지로입구,낙성대,21,11
20250524,을지로입구,낙성대,22,9
20250524,을지로입구,낙성대,23,1
20250524,을지로입구,당산,5,3
20250524,을지로입구,당산,6,3
20250524,을지로입구,당산,7,11
20250524,을지로입구,당산,8,11
20250524,을지로입구,당산,9,9
20250524,을지로입구,당산,10,13
20250524,을지로입구,당산,11,16
20250524,을지로입구,당산,12,16
20250524,을지로입구,당산,13,24
20250524,을지로입구,당산,14,22
20250524,을지로입구,당산,15,45
20250524,을지로입구,당산,16,49
20250524,을지로입구,당산,17,46
20250524,을지로입구,당산,18,52
20250524,을지로입구,당산,19,60
20250524,을지로입구,당산,20,45
20250524,을지로입구,당산,21,44
20250524,을지로입구,당산,22,41
20250524,을지로입구,당산,23,25
20250524,을지로입구,대림(구로구청),6,2
20250524,을지로입구,대림(구로구청),8,4
20250524,을지로입구,대림(구로구청),9,2
20250524,을지로입구,대림(구로구청),10,6
20250524,을지로입구,대림(구로구청),11,9
20250524,을지로입구,대림(구로구청),12,4
20250524,을지로입구,대림(구로구청),13,13
20250524,을지로입구,대림(구로구청),14,7
20250524,을지로입구,대림(구로구청),15,16
20250524,을지로입구,대림(구로구청),16,15
20250524,을지로입구,대림(구로구청),17,37
20250524,을지로입구,대림(구로구청),18,37
20250524,을지로입구,대림(구로구청),19,40
20250524,을지로입구,대림(구로구청),20,63
20250524,을지로입구,대림(구로구청),21,31
20250524,을지로입구,대림(구로구청),22,53
20250524,을지로입구,대림(구로구청),23,15
20250524,을지로입구,동대문역사문화공원,6,1
20250524,을지로입구,동대문역사문화공원,7,1
20250524,을지로입구,동대문역사문화공원,8,9
20250524,을지로입구,동대문역사문화공원,9,9
20250524,을지로입구,동대문역사문화공원,10,26
20250524,을지로입구,동대문역사문화공원,11,24
20250524,을지로입구,동대문역사문화공원,12,53
20250524,을지로입구,동대문역사문화공원,13,62
20250524,을지로입구,동대문역사문화공원,14,73
20250524,을지로입구,동대문역사문화공원,15,59
20250524,을지로입구,동대문역사문화공원,16,64
20250524,을지로입구,동대문역사문화공원,17,72
20250524,을지로입구,동대문역사문화공원,18,86
20250524,을지로입구,동대문역사문화공원,19,72
20250524,을지로입구,동대문역사문화공원,20,87
20250524,을지로입구,동대문역사문화공원,21,60
20250524,을지로입구,동대문역사문화공원,22,78
20250524,을지로입구,동대문역사문화공원,23,20
20250524,을지로입구,뚝섬,5,2
20250524,을지로입구,뚝섬,6,1
20250524,을지로입구,뚝섬,7,2
20250524,을지로입구,뚝섬,8,4
20250524,을지로입구,뚝섬,9,22
20250524,을지로입구,뚝섬,10,20
20250524,을지로입구,뚝섬,11,30
20250524,을지로입구,뚝섬,12,45
20250524,을지로입구,뚝섬,13,35
20250524,을지로입구,뚝섬,14,36
20250524,을지로입구,뚝섬,15,28
20250524,을지로입구,뚝섬,16,35
20250524,을지로입구,뚝섬,17,35
20250524,을지로입구,뚝섬,18,27
20250524,을지로입구,뚝섬,19,23
20250524,을지로입구,뚝섬,20,21
20250524,을지로입구,뚝섬,21,10
20250524,을지로입구,뚝섬,22,13
20250524,을지로입구,뚝섬,23,9
20250524,을지로입구,문래,5,1
20250524,을지로입구,문래,6,2
20250524,을지로입구,문래,7,4
20250524,을지로입구,문래,8,6
20250524,을지로입구,문래,9,3
20250524,을지로입구,문래,10,2
20250524,을지로입구,문래,11,7
20250524,을지로입구,문래,12,16
20250524,을지로입구,문래,13,15
20250524,을지로입구,문래,14,14
20250524,을지로입구,문래,15,25
20250524,을지로입구,문래,16,27
20250524,을지로입구,문래,17,28
20250524,을지로입구,문래,18,20
20250524,을지로입구,문래,19,23
20250524,을지로입구,문래,20,12
20250524,을지로입구,문래,21,12
20250524,을지로입구,문래,22,9
20250524,을지로입구,문래,23,3
20250524,을지로입구,방배,7,1
20250524,을지로입구,방배,11,3
20250524,을지로입구,방배,12,4
20250524,을지로입구,방배,13,1
20250524,을지로입구,방배,14,2
20250524,을지로입구,방배,16,2
20250524,을지로입구,방배,17,5
20250524,을지로입구,방배,18,1
20250524,을지로입구,방배,19,1
20250524,을지로입구,방배,21,4
20250524,을지로입구,방배,22,1
20250524,을지로입구,봉천,9,1
20250524,을지로입구,봉천,10,2
20250524,을지로입구,봉천,12,2
20250524,을지로입구,봉천,13,4
20250524,을지로입구,봉천,14,4
20250524,을지로입구,봉천,15,11
20250524,을지로입구,봉천,16,12
20250524,을지로입구,봉천,17,8
20250524,을지로입구,봉천,18,4
20250524,을지로입구,봉천,19,19
20250524,을지로입구,봉천,20,19
20250524,을지로입구,봉천,21,8
20250524,을지로입구,봉천,22,14
20250524,을지로입구,봉천,23,3
20250524,을지로입구,사당,5,1
20250524,을지로입구,사당,9,1
20250524,을지로입구,사당,10,1
20250524,을지로입구,사당,12,1
20250524,을지로입구,사당,13,3
20250524,을지로입구,사당,14,3
20250524,을지로입구,사당,16,2
20250524,을지로입구,사당,17,6
20250524,을지로입구,사당,18,8
20250524,을지로입구,사당,19,11
20250524,을지로입구,사당,20,2
20250524,을지로입구,사당,21,1
20250524,을지로입구,사당,22,5
20250524,을지로입구,삼성(무역센터),7,1
20250524,을지로입구,삼성(무역센터),8,5
20250524,을지로입구,삼성(무역센터),9,8
20250524,을지로입구,삼성(무역센터),10,19
20250524,을지로입구,삼성(무역센터),11,39
20250524,을지로입구,삼성(무역센터),12,27
20250524,을지로입구,삼성(무역센터),13,43
20250524,을지로입구,삼성(무역센터),14,25
20250524,을지로입구,삼성(무역센터),15,52
20250524,을지로입구,삼성(무역센터),16,45
20250524,을지로입구,삼성(무역센터),17,33
20250524,을지로입구,삼성(무역센터),18,18
20250524,을지로입구,삼성(무역센터),19,4
20250524,을지로입구,삼성(무역센터),20,6
20250524,을지로입구,삼성(무역센터),21,11
20250524,을지로입구,삼성(무역센터),22,8
20250524,을지로입구,삼성(무역센터),23,8
20250524,을지로입구,상왕십리,4,1
20250524,을지로입구,상왕십리,5,1
20250524,을지로입구,상왕십리,6,2
20250524,을지로입구,상왕십리,7,1
20250524,을지로입구,상왕십리,8,1
20250524,을지로입구,상왕십리,9,4
20250524,을지로입구,상왕십리,10,7
20250524,을지로입구,상왕십리,11,11
20250524,을지로입구,상왕십리,12,6
20250524,을지로입구,상왕십리,13,16
20250524,을지로입구,상왕십리,14,15
20250524,을지로입구,상왕십리,15,23
20250524,을지로입구,상왕십리,16,55
20250524,을지로입구,상왕십리,17,30
20250524,을지로입구,상왕십리,18,38
20250524,을지로입구,상왕십리,19,30
20250524,을지로입구,상왕십리,20,31
20250524,을지로입구,상왕십리,21,35
20250524,을지로입구,상왕십리,22,26
20250524,을지로입구,상왕십리,23,11
20250524,을지로입구,서울대입구(관악구청),5,1
20250524,을지로입구,서울대입구(관악구청),7,1
20250524,을지로입구,서울대입구(관악구청),9,1
20250524,을지로입구,서울대입구(관악구청),10,3
20250524,을지로입구,서울대입구(관악구청),11,4
20250524,을지로입구,서울대입구(관악구청),12,7
20250524,을지로입구,서울대입구(관악구청),13,8
20250524,을지로입구,서울대입구(관악구청),14,7
20250524,을지로입구,서울대입구(관악구청),15,5
20250524,을지로입구,서울대입구(관악구청),16,14
20250524,을지로입구,서울대입구(관악구청),17,25
20250524,을지로입구,서울대입구(관악구청),18,23
20250524,을지로입구,서울대입구(관악구청),19,11
20250524,을지로입구,서울대입구(관악구청),20,25
20250524,을지로입구,서울대입구(관악구청),21,15
20250524,을지로입구,서울대입구(관악구청),22,20
20250524,을지로입구,서울대입구(관악구청),23,14
20250524,을지로입구,서초,8,1
20250524,을지로입구,서초,11,2
20250524,을지로입구,서초,13,1
20250524,을지로입구,서초,14,2
20250524,을지로입구,서초,16,2
20250524,을지로입구,서초,18,1
20250524,을지로입구,서초,19,1
20250524,을지로입구,서초,20,2
20250524,을지로입구,서초,22,1
20250524,을지로입구,선릉,9,4
20250524,을지로입구,선릉,11,1
20250524,을지로입구,선릉,12,2
20250524,을지로입구,선릉,13,6
20250524,을지로입구,선릉,14,33
20250524,을지로입구,선릉,15,7
20250524,을지로입구,선릉,16,6
20250524,을지로입구,선릉,17,1
20250524,을지로입구,선릉,18,3
20250524,을지로입구,선릉,19,8
20250524,을지로입구,선릉,20,4
20250524,을지로입구,선릉,21,5
20250524,을지로입구,선릉,22,3
20250524,을지로입구,성수,6,2
20250524,을지로입구,성수,8,20
20250524,을지로입구,성수,9,56
20250524,을지로입구,성수,10,104
20250524,을지로입구,성수,11,101
20250524,을지로입구,성수,12,125
20250524,을지로입구,성수,13,117
20250524,을지로입구,성수,14,101
20250524,을지로입구,성수,15,110
20250524,을지로입구,성수,16,92
20250524,을지로입구,성수,17,79
20250524,을지로입구,성수,18,41
20250524,을지로입구,성수,19,42
20250524,을지로입구,성수,20,21
20250524,을지로입구,성수,21,22
20250524,을지로입구,성수,22,8
20250524,을지로입구,성수,23,25
20250524,을지로입구,시청,6,2
20250524,을지로입구,시청,7,3
20250524,을지로입구,시청,8,2
20250524,을지로입구,시청,9,7
20250524,을지로입구,시청,10,20
20250524,을지로입구,시청,11,23
20250524,을지로입구,시청,12,26
20250524,을지로입구,시청,13,13
20250524,을지로입구,시청,14,27
20250524,을지로입구,시청,15,11
20250524,을지로입구,시청,16,23
20250524,을지로입구,시청,17,20
20250524,을지로입구,시청,18,15
20250524,을지로입구,시청,19,12
20250524,을지로입구,시청,20,21
20250524,을지로입구,시청,21,17
20250524,을지로입구,시청,22,7
20250524,을지로입구,시청,23,16
20250524,을지로입구,신당,5,2
20250524,을지로입구,신당,6,3
20250524,을지로입구,신당,7,5
20250524,을지로입구,신당,8,4
20250524,을지로입구,신당,9,1
20250524,을지로입구,신당,10,1
20250524,을지로입구,신당,11,15
20250524,을지로입구,신당,12,30
20250524,을지로입구,신당,13,37
20250524,을지로입구,신당,14,47
20250524,을지로입구,신당,15,37
20250524,을지로입구,신당,16,58
20250524,을지로입구,신당,17,53
20250524,을지로입구,신당,18,56
20250524,을지로입구,신당,19,48
20250524,을지로입구,신당,20,61
20250524,을지로입구,신당,21,43
20250524,을지로입구,신당,22,51
20250524,을지로입구,신당,23,10
20250524,을지로입구,신대방,4,1
20250524,을지로입구,신대방,5,2
20250524,을지로입구,신대방,7,2
20250524,을지로입구,신대방,8,1
20250524,을지로입구,신대방,11,2
20250524,을지로입구,신대방,12,5
20250524,을지로입구,신대방,13,7
20250524,을지로입구,신대방,14,6
20250524,을지로입구,신대방,15,14
20250524,을지로입구,신대방,16,16
20250524,을지로입구,신대방,17,23
20250524,을지로입구,신대방,18,17
20250524,을지로입구,신대방,19,17
20250524,을지로입구,신대방,20,39
20250524,을지로입구,신대방,21,25
20250524,을지로입구,신대방,22,31
20250524,을지로입구,신대방,23,12
20250524,을지로입구,신도림,5,2
20250524,을지로입구,신도림,6,1
20250524,을지로입구,신도림,8,2
20250524,을지로입구,신도림,9,5
20250524,을지로입구,신도림,10,7
20250524,을지로입구,신도림,11,11
20250524,을지로입구,신도림,12,16
20250524,을지로입구,신도림,13,23
20250524,을지로입구,신도림,14,42
20250524,을지로입구,신도림,15,21
20250524,을지로입구,신도림,16,49
20250524,을지로입구,신도림,17,48
20250524,을지로입구,신도림,18,44
20250524,을지로입구,신도림,19,38
20250524,을지로입구,신도림,20,63
20250524,을지로입구,신도림,21,36
20250524,을지로입구,신도림,22,44
20250524,을지로입구,신도림,23,30
20250524,을지로입구,신림,5,1
20250524,을지로입구,신림,6,4
20250524,을지로입구,신림,7,4
20250524,을지로입구,신림,8,3
20250524,을지로입구,신림,9,1
20250524,을지로입구,신림,10,7
20250524,을지로입구,신림,11,5
20250524,을지로입구,신림,12,7
20250524,을지로입구,신림,13,12
20250524,을지로입구,신림,14,14
20250524,을지로입구,신림,15,18
20250524,을지로입구,신림,16,30
20250524,을지로입구,신림,17,33
20250524,을지로입구,신림,18,25
20250524,을지로입구,신림,19,41
20250524,을지로입구,신림,20,64
20250524,을지로입구,신림,21,44
20250524,을지로입구,신림,22,46
20250524,을지로입구,신림,23,22
20250524,을지로입구,신촌,5,1
20250524,을지로입구,신촌,6,1
20250524,을지로입구,신촌,7,13
20250524,을지로입구,신촌,8,17
20250524,을지로입구,신촌,9,43
20250524,을지로입구,신촌,10,48
20250524,을지로입구,신촌,11,79
20250524,을지로입구,신촌,12,98
20250524,을지로입구,신촌,13,113
20250524,을지로입구,신촌,14,128
20250524,을지로입구,신촌,15,109
20250524,을지로입구,신촌,16,139
20250524,을지로입구,신촌,17,133
20250524,을지로입구,신촌,18,112
20250524,을지로입구,신촌,19,88
20250524,을지로입구,신촌,20,110
20250524,을지로입구,신촌,21,82
20250524,을지로입구,신촌,22,118
20250524,을지로입구,신촌,23,48
20250524,을지로입구,아현,6,4
20250524,을지로입구,아현,8,4
20250524,을지로입구,아현,9,3
20250524,을지로입구,아현,10,6
20250524,을지로입구,아현,11,18
20250524,을지로입구,아현,12,23
20250524,을지로입구,아현,13,16
20250524,을지로입구,아현,14,40
20250524,을지로입구,아현,15,34
20250524,을지로입구,아현,16,65
20250524,을지로입구,아현,17,40
20250524,을지로입구,아현,18,45
20250524,을지로입구,아현,19,39
20250524,을지로입구,아현,20,52
20250524,을지로입구,아현,21,28
20250524,을지로입구,아현,22,20
20250524,을지로입구,아현,23,16
20250524,을지로입구,역삼,9,1
20250524,을지로입구,역삼,10,3
20250524,을지로입구,역삼,11,6
20250524,을지로입구,역삼,12,2
20250524,을지로입구,역삼,13,6
20250524,을지로입구,역삼,14,8
20250524,을지로입구,역삼,15,2
20250524,을지로입구,역삼,16,7
20250524,을지로입구,역삼,17,2
20250524,을지로입구,역삼,18,9
20250524,을지로입구,역삼,19,10
20250524,을지로입구,역삼,20,4
20250524,을지로입구,역삼,21,3
20250524,을지로입구,역삼,22,7
20250524,을지로입구,역삼,23,1
20250524,을지로입구,영등포구청,5,1
20250524,을지로입구,영등포구청,6,2
20250524,을지로입구,영등포구청,7,3
20250524,을지로입구,영등포구청,8,3
20250524,을지로입구,영등포구청,9,3
20250524,을지로입구,영등포구청,10,3
20250524,을지로입구,영등포구청,11,19
20250524,을지로입구,영등포구청,12,5
20250524,을지로입구,영등포구청,13,16
20250524,을지로입구,영등포구청,14,23
20250524,을지로입구,영등포구청,15,19
20250524,을지로입구,영등포구청,16,26
20250524,을지로입구,영등포구청,17,20
20250524,을지로입구,영등포구청,18,30
20250524,을지로입구,영등포구청,19,21
20250524,을지로입구,영등포구청,20,23
20250524,을지로입구,영등포구청,21,18
20250524,을지로입구,영등포구청,22,21
20250524,을지로입구,영등포구청,23,8
20250524,을지로입구,왕십리(성동구청),5,1
20250524,을지로입구,왕십리(성동구청),6,1
20250524,을지로입구,왕십리(성동구청),7,2
20250524,을지로입구,왕십리(성동구청),8,3
20250524,을지로입구,왕십리(성동구청),9,5
20250524,을지로입구,왕십리(성동구청),10,8
20250524,을지로입구,왕십리(성동구청),11,7
20250524,을지로입구,왕십리(성동구청),12,7
20250524,을지로입구,왕십리(성동구청),13,22
20250524,을지로입구,왕십리(성동구청),14,27
20250524,을지로입구,왕십리(성동구청),15,38
20250524,을지로입구,왕십리(성동구청),16,35
20250524,을지로입구,왕십리(성동구청),17,45
20250524,을지로입구,왕십리(성동구청),18,39
20250524,을지로입구,왕십리(성동구청),19,35
20250524,을지로입구,왕십리(성동구청),20,44
20250524,을지로입구,왕십리(성동구청),21,30
20250524,을지로입구,왕십리(성동구청),22,27
20250524,을지로입구,왕십리(성동구청),23,14
20250524,을지로입구,용두(동대문구청),12,1
20250524,을지로입구,용두(동대문구청),19,3
20250524,을지로입구,을지로3가,6,1
20250524,을지로입구,을지로3가,7,3
20250524,을지로입구,을지로3가,8,5
20250524,을지로입구,을지로3가,9,8
20250524,을지로입구,을지로3가,10,9
20250524,을지로입구,을지로3가,11,20
20250524,을지로입구,을지로3가,12,24
20250524,을지로입구,을지로3가,13,28
20250524,을지로입구,을지로3가,14,38
20250524,을지로입구,을지로3가,15,32
20250524,을지로입구,을지로3가,16,42
20250524,을지로입구,을지로3가,17,57
20250524,을지로입구,을지로3가,18,52
20250524,을지로입구,을지로3가,19,52
20250524,을지로입구,을지로3가,20,49
20250524,을지로입구,을지로3가,21,47
20250524,을지로입구,을지로3가,22,17
20250524,을지로입구,을지로3가,23,29
20250524,을지로입구,을지로4가,5,1
20250524,을지로입구,을지로4가,6,5
20250524,을지로입구,을지로4가,7,5
20250524,을지로입구,을지로4가,8,14
20250524,을지로입구,을지로4가,9,35
20250524,을지로입구,을지로4가,10,25
20250524,을지로입구,을지로4가,11,30
20250524,을지로입구,을지로4가,12,45
20250524,을지로입구,을지로4가,13,42
20250524,을지로입구,을지로4가,14,79
20250524,을지로입구,을지로4가,15,43
20250524,을지로입구,을지로4가,16,52
20250524,을지로입구,을지로4가,17,31
20250524,을지로입구,을지로4가,18,45
20250524,을지로입구,을지로4가,19,49
20250524,을지로입구,을지로4가,20,59
20250524,을지로입구,을지로4가,21,38
20250524,을지로입구,을지로4가,22,69
20250524,을지로입구,을지로4가,23,20
20250524,을지로입구,을지로입구,0,1
20250524,을지로입구,을지로입구,5,1
20250524,을지로입구,을지로입구,6,2
20250524,을지로입구,을지로입구,7,7
20250524,을지로입구,을지로입구,8,9
20250524,을지로입구,을지로입구,9,21
20250524,을지로입구,을지로입구,10,40
20250524,을지로입구,을지로입구,11,45
20250524,을지로입구,을지로입구,12,57
20250524,을지로입구,을지로입구,13,84
20250524,을지로입구,을지로입구,14,79
20250524,을지로입구,을지로입구,15,76
20250524,을지로입구,을지로입구,16,96
20250524,을지로입구,을지로입구,17,107
20250524,을지로입구,을지로입구,18,105
20250524,을지로입구,을지로입구,19,93
20250524,을지로입구,을지로입구,20,87
20250524,을지로입구,을지로입구,21,59
20250524,을지로입구,을지로입구,22,40
20250524,을지로입구,을지로입구,23,24
20250524,을지로입구,이대,6,1
20250524,을지로입구,이대,7,11
20250524,을지로입구,이대,8,14
20250524,을지로입구,이대,9,30
20250524,을지로입구,이대,10,21
20250524,을지로입구,이대,11,30
20250524,을지로입구,이대,12,35
20250524,을지로입구,이대,13,49
20250524,을지로입구,이대,14,48
20250524,을지로입구,이대,15,49
20250524,을지로입구,이대,16,59
20250524,을지로입구,이대,17,55
20250524,을지로입구,이대,18,52
20250524,을지로입구,이대,19,43
20250524,을지로입구,이대,20,46
20250524,을지로입구,이대,21,52
20250524,을지로입구,이대,22,46
20250524,을지로입구,이대,23,32
20250524,을지로입구,잠실(송파구청),5,1
20250524,을지로입구,잠실(송파구청),6,2
20250524,을지로입구,잠실(송파구청),7,6
20250524,을지로입구,잠실(송파구청),8,4
20250524,을지로입구,잠실(송파구청),9,14
20250524,을지로입구,잠실(송파구청),10,26
20250524,을지로입구,잠실(송파구청),11,34
20250524,을지로입구,잠실(송파구청),12,53
20250524,을지로입구,잠실(송파구청),13,51
20250524,을지로입구,잠실(송파구청),14,75
20250524,을지로입구,잠실(송파구청),15,84
20250524,을지로입구,잠실(송파구청),16,103
20250524,을지로입구,잠실(송파구청),17,87
20250524,을지로입구,잠실(송파구청),18,77
20250524,을지로입구,잠실(송파구청),19,62
20250524,을지로입구,잠실(송파구청),20,87
20250524,을지로입구,잠실(송파구청),21,47
20250524,을지로입구,잠실(송파구청),22,50
20250524,을지로입구,잠실(송파구청),23,15
20250524,을지로입구,잠실나루,5,2
20250524,을지로입구,잠실나루,6,1
20250524,을지로입구,잠실나루,7,2
20250524,을지로입구,잠실나루,8,1
20250524,을지로입구,잠실나루,9,2
20250524,을지로입구,잠실나루,10,2
20250524,을지로입구,잠실나루,11,1
20250524,을지로입구,잠실나루,12,5
20250524,을지로입구,잠실나루,13,11
20250524,을지로입구,잠실나루,14,8
20250524,을지로입구,잠실나루,15,19
20250524,을지로입구,잠실나루,16,12
20250524,을지로입구,잠실나루,17,14
20250524,을지로입구,잠실나루,18,17
20250524,을지로입구,잠실나루,19,19
20250524,을지로입구,잠실나루,20,16
20250524,을지로입구,잠실나루,21,6
20250524,을지로입구,잠실나루,22,8
20250524,을지로입구,잠실나루,23,1
20250524,을지로입구,잠실새내,8,1
20250524,을지로입구,잠실새내,10,2
20250524,을지로입구,잠실새내,11,4
20250524,을지로입구,잠실새내,12,11
20250524,을지로입구,잠실새내,13,3
20250524,을지로입구,잠실새내,14,21
20250524,을지로입구,잠실새내,15,14
20250524,을지로입구,잠실새내,16,20
20250524,을지로입구,잠실새내,17,24
20250524,을지로입구,잠실새내,18,18
20250524,을지로입구,잠실새내,19,19
20250524,을지로입구,잠실새내,20,26
20250524,을지로입구,잠실새내,21,10
20250524,을지로입구,잠실새내,22,18
20250524,을지로입구,잠실새내,23,3
20250524,을지로입구,종합운동장,5,1
20250524,을지로입구,종합운동장,11,2
20250524,을지로입구,종합운동장,12,1
20250524,을지로입구,종합운동장,13,4
20250524,을지로입구,종합운동장,14,15
20250524,을지로입구,종합운동장,15,26
20250524,을지로입구,종합운동장,16,13
20250524,을지로입구,종합운동장,17,7
20250524,을지로입구,종합운동장,18,8
20250524,을지로입구,종합운동장,19,6
20250524,을지로입구,종합운동장,20,3
20250524,을지로입구,종합운동장,21,5
20250524,을지로입구,종합운동장,22,3
20250524,을지로입구,충정로(경기대입구),6,2
20250524,을지로입구,충정로(경기대입구),7,5
20250524,을지로입구,충정로(경기대입구),8,9
20250524,을지로입구,충정로(경기대입구),9,5
20250524,을지로입구,충정로(경기대입구),10,7
20250524,을지로입구,충정로(경기대입구),11,13
20250524,을지로입구,충정로(경기대입구),12,16
20250524,을지로입구,충정로(경기대입구),13,29
20250524,을지로입구,충정로(경기대입구),14,16
20250524,을지로입구,충정로(경기대입구),15,21
20250524,을지로입구,충정로(경기대입구),16,33
20250524,을지로입구,충정로(경기대입구),17,35
20250524,을지로입구,충정로(경기대입구),18,27
20250524,을지로입구,충정로(경기대입구),19,16
20250524,을지로입구,충정로(경기대입구),20,44
20250524,을지로입구,충정로(경기대입구),21,15
20250524,을지로입구,충정로(경기대입구),22,17
20250524,을지로입구,충정로(경기대입구),23,10
20250524,을지로입구,한양대,5,1
20250524,을지로입구,한양대,6,1
20250524,을지로입구,한양대,7,5
20250524,을지로입구,한양대,8,9
20250524,을지로입구,한양대,9,6
20250524,을지로입구,한양대,10,5
20250524,을지로입구,한양대,11,9
20250524,을지로입구,한양대,12,6
20250524,을지로입구,한양대,13,4
20250524,을지로입구,한양대,14,6
20250524,을지로입구,한양대,15,16
20250524,을지로입구,한양대,16,5
20250524,을지로입구,한양대,17,11
20250524,을지로입구,한양대,18,9
20250524,을지로입구,한양대,19,7
20250524,을지로입구,한양대,20,11
20250524,을지로입구,한양대,21,6
20250524,을지로입구,한양대,22,7
20250524,을지로입구,한양대,23,5
20250524,을지로입구,합정,5,3
20250524,을지로입구,합정,6,2
20250524,을지로입구,합정,7,14
20250524,을지로입구,합정,8,16
20250524,을지로입구,합정,9,43
20250524,을지로입구,합정,10,43
20250524,을지로입구,합정,11,57
20250524,을지로입구,합정,12,80
20250524,을지로입구,합정,13,68
20250524,을지로입구,합정,14,85
20250524,을지로입구,합정,15,78
20250524,을지로입구,합정,16,92
20250524,을지로입구,합정,17,117
20250524,을지로입구,합정,18,87
20250524,을지로입구,합정,19,89
20250524,을지로입구,합정,20,65
20250524,을지로입구,합정,21,49
20250524,을지로입구,합정,22,62
20250524,을지로입구,합정,23,23
20250524,을지로입구,홍대입구,5,1
20250524,을지로입구,홍대입구,6,6
20250524,을지로입구,홍대입구,7,6
20250524,을지로입구,홍대입구,8,32
20250524,을지로입구,홍대입구,9,71
20250524,을지로입구,홍대입구,10,147
20250524,을지로입구,홍대입구,11,213
20250524,을지로입구,홍대입구,12,284
20250524,을지로입구,홍대입구,13,298
20250524,을지로입구,홍대입구,14,309
20250524,을지로입구,홍대입구,15,338
20250524,을지로입구,홍대입구,16,354
20250524,을지로입구,홍대입구,17,354
20250524,을지로입구,홍대입구,18,332
20250524,을지로입구,홍대입구,19,336
20250524,을지로입구,홍대입구,20,312
20250524,을지로입구,홍대입구,21,251
20250524,을지로입구,홍대입구,22,206
20250524,을지로입구,홍대입구,23,136
20250524,이대,강남,6,3
20250524,이대,강남,7,5
20250524,이대,강남,8,11
20250524,이대,강남,9,14
20250524,이대,강남,10,10
20250524,이대,강남,11,13
20250524,이대,강남,12,17
20250524,이대,강남,13,9
20250524,이대,강남,14,8
20250524,이대,강남,15,8
20250524,이대,강남,16,19
20250524,이대,강남,17,16
20250524,이대,강남,18,5
20250524,이대,강남,19,10
20250524,이대,강남,20,10
20250524,이대,강남,21,1
20250524,이대,강남,22,2
20250524,이대,강변(동서울터미널),5,1
20250524,이대,강변(동서울터미널),6,4
20250524,이대,강변(동서울터미널),7,5
20250524,이대,강변(동서울터미널),8,7
20250524,이대,강변(동서울터미널),9,7
20250524,이대,강변(동서울터미널),10,12
20250524,이대,강변(동서울터미널),11,2
20250524,이대,강변(동서울터미널),12,8
20250524,이대,강변(동서울터미널),13,8
20250524,이대,강변(동서울터미널),14,13
20250524,이대,강변(동서울터미널),15,6
20250524,이대,강변(동서울터미널),16,16
20250524,이대,강변(동서울터미널),17,7
20250524,이대,강변(동서울터미널),18,13
20250524,이대,강변(동서울터미널),19,14
20250524,이대,강변(동서울터미널),20,8
20250524,이대,강변(동서울터미널),21,9
20250524,이대,강변(동서울터미널),22,7
20250524,이대,강변(동서울터미널),23,4
20250524,이대,건대입구,5,3
20250524,이대,건대입구,7,4
20250524,이대,건대입구,8,2
20250524,이대,건대입구,9,6
20250524,이대,건대입구,10,10
20250524,이대,건대입구,11,5
20250524,이대,건대입구,12,3
20250524,이대,건대입구,13,16
20250524,이대,건대입구,14,19
20250524,이대,건대입구,15,9
20250524,이대,건대입구,16,9
20250524,이대,건대입구,17,22
20250524,이대,건대입구,18,11
20250524,이대,건대입구,19,10
20250524,이대,건대입구,20,8
20250524,이대,건대입구,21,9
20250524,이대,건대입구,22,6
20250524,이대,건대입구,23,5
20250524,이대,교대(법원.검찰청),7,1
20250524,이대,교대(법원.검찰청),8,4
20250524,이대,교대(법원.검찰청),9,1
20250524,이대,교대(법원.검찰청),10,2
20250524,이대,교대(법원.검찰청),11,8
20250524,이대,교대(법원.검찰청),12,3
20250524,이대,교대(법원.검찰청),13,3
20250524,이대,교대(법원.검찰청),14,1
20250524,이대,교대(법원.검찰청),15,1
20250524,이대,교대(법원.검찰청),16,3
20250524,이대,교대(법원.검찰청),17,1
20250524,이대,교대(법원.검찰청),19,1
20250524,이대,교대(법원.검찰청),21,2
20250524,이대,교대(법원.검찰청),22,2
20250524,이대,구로디지털단지,5,1
20250524,이대,구로디지털단지,6,1
20250524,이대,구로디지털단지,7,4
20250524,이대,구로디지털단지,8,7
20250524,이대,구로디지털단지,9,11
20250524,이대,구로디지털단지,10,10
20250524,이대,구로디지털단지,11,5
20250524,이대,구로디지털단지,12,11
20250524,이대,구로디지털단지,13,14
20250524,이대,구로디지털단지,14,8
20250524,이대,구로디지털단지,15,12
20250524,이대,구로디지털단지,16,20
20250524,이대,구로디지털단지,17,26
20250524,이대,구로디지털단지,18,13
20250524,이대,구로디지털단지,19,18
20250524,이대,구로디지털단지,20,12
20250524,이대,구로디지털단지,21,15
20250524,이대,구로디지털단지,22,13
20250524,이대,구로디지털단지,23,4
20250524,이대,구의(광진구청),5,1
20250524,이대,구의(광진구청),7,2
20250524,이대,구의(광진구청),8,1
20250524,이대,구의(광진구청),9,1
20250524,이대,구의(광진구청),10,2
20250524,이대,구의(광진구청),11,3
20250524,이대,구의(광진구청),12,6
20250524,이대,구의(광진구청),13,3
20250524,이대,구의(광진구청),14,6
20250524,이대,구의(광진구청),15,7
20250524,이대,구의(광진구청),16,6
20250524,이대,구의(광진구청),17,3
20250524,이대,구의(광진구청),18,8
20250524,이대,구의(광진구청),19,4
20250524,이대,구의(광진구청),20,2
20250524,이대,구의(광진구청),21,2
20250524,이대,구의(광진구청),22,6
20250524,이대,낙성대,6,1
20250524,이대,낙성대,8,1
20250524,이대,낙성대,9,2
20250524,이대,낙성대,10,5
20250524,이대,낙성대,12,5
20250524,이대,낙성대,14,5
20250524,이대,낙성대,15,11
20250524,이대,낙성대,16,5
20250524,이대,낙성대,17,2
20250524,이대,낙성대,18,5
20250524,이대,낙성대,19,5
20250524,이대,낙성대,20,5
20250524,이대,낙성대,21,3
20250524,이대,낙성대,22,7
20250524,이대,낙성대,23,1
20250524,이대,당산,5,1
20250524,이대,당산,6,3
20250524,이대,당산,7,2
20250524,이대,당산,8,12
20250524,이대,당산,9,7
20250524,이대,당산,10,7
20250524,이대,당산,11,2
20250524,이대,당산,12,10
20250524,이대,당산,13,12
20250524,이대,당산,14,14
20250524,이대,당산,15,8
20250524,이대,당산,16,10
20250524,이대,당산,17,14
20250524,이대,당산,18,8
20250524,이대,당산,19,19
20250524,이대,당산,20,9
20250524,이대,당산,21,11
20250524,이대,당산,22,9
20250524,이대,당산,23,3
20250524,이대,대림(구로구청),6,1
20250524,이대,대림(구로구청),7,2
20250524,이대,대림(구로구청),8,8
20250524,이대,대림(구로구청),9,5
20250524,이대,대림(구로구청),10,4
20250524,이대,대림(구로구청),11,6
20250524,이대,대림(구로구청),12,9
20250524,이대,대림(구로구청),13,5
20250524,이대,대림(구로구청),14,2
20250524,이대,대림(구로구청),15,11
20250524,이대,대림(구로구청),16,4
20250524,이대,대림(구로구청),17,7
20250524,이대,대림(구로구청),18,3
20250524,이대,대림(구로구청),19,6
20250524,이대,대림(구로구청),20,9
20250524,이대,대림(구로구청),21,6
20250524,이대,대림(구로구청),22,5
20250524,이대,대림(구로구청),23,1
20250524,이대,동대문역사문화공원,6,1
20250524,이대,동대문역사문화공원,7,2
20250524,이대,동대문역사문화공원,8,10
20250524,이대,동대문역사문화공원,9,7
20250524,이대,동대문역사문화공원,10,19
20250524,이대,동대문역사문화공원,11,24
20250524,이대,동대문역사문화공원,12,18
20250524,이대,동대문역사문화공원,13,26
20250524,이대,동대문역사문화공원,14,33
20250524,이대,동대문역사문화공원,15,18
20250524,이대,동대문역사문화공원,16,17
20250524,이대,동대문역사문화공원,17,24
20250524,이대,동대문역사문화공원,18,10
20250524,이대,동대문역사문화공원,19,14
20250524,이대,동대문역사문화공원,20,10
20250524,이대,동대문역사문화공원,21,5
20250524,이대,동대문역사문화공원,22,5
20250524,이대,동대문역사문화공원,23,4
20250524,이대,뚝섬,5,2
20250524,이대,뚝섬,6,2
20250524,이대,뚝섬,7,1
20250524,이대,뚝섬,8,5
20250524,이대,뚝섬,9,9
20250524,이대,뚝섬,10,3
20250524,이대,뚝섬,11,8
20250524,이대,뚝섬,12,12
20250524,이대,뚝섬,13,9
20250524,이대,뚝섬,14,10
20250524,이대,뚝섬,15,12
20250524,이대,뚝섬,16,16
20250524,이대,뚝섬,17,11
20250524,이대,뚝섬,18,4
20250524,이대,뚝섬,19,4
20250524,이대,뚝섬,20,3
20250524,이대,뚝섬,21,4
20250524,이대,뚝섬,22,3
20250524,이대,뚝섬,23,4
20250524,이대,문래,6,1
20250524,이대,문래,7,3
20250524,이대,문래,8,5
20250524,이대,문래,9,4
20250524,이대,문래,10,7
20250524,이대,문래,11,8
20250524,이대,문래,12,17
20250524,이대,문래,13,12
20250524,이대,문래,14,15
20250524,이대,문래,15,7
20250524,이대,문래,16,9
20250524,이대,문래,17,11
20250524,이대,문래,18,8
20250524,이대,문래,19,9
20250524,이대,문래,20,6
20250524,이대,문래,21,11
20250524,이대,문래,22,7
20250524,이대,문래,23,2
20250524,이대,방배,7,3
20250524,이대,방배,8,4
20250524,이대,방배,9,1
20250524,이대,방배,10,2
20250524,이대,방배,11,2
20250524,이대,방배,13,4
20250524,이대,방배,16,5
20250524,이대,방배,17,2
20250524,이대,방배,18,2
20250524,이대,방배,19,2
20250524,이대,방배,20,4
20250524,이대,방배,21,2
20250524,이대,방배,22,3
20250524,이대,방배,23,1
20250524,이대,봉천,8,1
20250524,이대,봉천,9,1
20250524,이대,봉천,10,2
20250524,이대,봉천,11,4
20250524,이대,봉천,12,5
20250524,이대,봉천,13,3
20250524,이대,봉천,14,6
20250524,이대,봉천,15,4
20250524,이대,봉천,16,2
20250524,이대,봉천,17,1
20250524,이대,봉천,18,1
20250524,이대,봉천,19,4
20250524,이대,봉천,20,3
20250524,이대,봉천,21,5
20250524,이대,봉천,22,4
20250524,이대,봉천,23,4
20250524,이대,사당,5,1
20250524,이대,사당,6,4
20250524,이대,사당,8,3
20250524,이대,사당,9,6
20250524,이대,사당,10,7
20250524,이대,사당,11,6
20250524,이대,사당,12,8
20250524,이대,사당,13,4
20250524,이대,사당,14,8
20250524,이대,사당,15,11
20250524,이대,사당,16,19
20250524,이대,사당,17,14
20250524,이대,사당,18,13
20250524,이대,사당,19,10
20250524,이대,사당,20,11
20250524,이대,사당,21,9
20250524,이대,사당,22,12
20250524,이대,사당,23,1
20250524,이대,삼성(무역센터),5,3
20250524,이대,삼성(무역센터),6,1
20250524,이대,삼성(무역센터),7,3
20250524,이대,삼성(무역센터),8,5
20250524,이대,삼성(무역센터),9,3
20250524,이대,삼성(무역센터),10,10
20250524,이대,삼성(무역센터),11,5
20250524,이대,삼성(무역센터),12,8
20250524,이대,삼성(무역센터),13,14
20250524,이대,삼성(무역센터),14,8
20250524,이대,삼성(무역센터),15,7
20250524,이대,삼성(무역센터),16,8
20250524,이대,삼성(무역센터),17,3
20250524,이대,삼성(무역센터),18,1
20250524,이대,삼성(무역센터),19,3
20250524,이대,삼성(무역센터),20,2
20250524,이대,삼성(무역센터),21,1
20250524,이대,삼성(무역센터),22,1
20250524,이대,삼성(무역센터),23,1
20250524,이대,상왕십리,5,1
20250524,이대,상왕십리,8,5
20250524,이대,상왕십리,9,5
20250524,이대,상왕십리,10,1
20250524,이대,상왕십리,11,4
20250524,이대,상왕십리,12,3
20250524,이대,상왕십리,13,13
20250524,이대,상왕십리,14,3
20250524,이대,상왕십리,15,4
20250524,이대,상왕십리,16,5
20250524,이대,상왕십리,17,6
20250524,이대,상왕십리,18,3
20250524,이대,상왕십리,19,3
20250524,이대,상왕십리,20,3
20250524,이대,상왕십리,21,5
20250524,이대,상왕십리,22,5
20250524,이대,상왕십리,23,6
20250524,이대,서울대입구(관악구청),5,1
20250524,이대,서울대입구(관악구청),6,4
20250524,이대,서울대입구(관악구청),7,3
20250524,이대,서울대입구(관악구청),8,3
20250524,이대,서울대입구(관악구청),9,4
20250524,이대,서울대입구(관악구청),10,4
20250524,이대,서울대입구(관악구청),11,7
20250524,이대,서울대입구(관악구청),12,11
20250524,이대,서울대입구(관악구청),13,7
20250524,이대,서울대입구(관악구청),14,6
20250524,이대,서울대입구(관악구청),15,13
20250524,이대,서울대입구(관악구청),16,10
20250524,이대,서울대입구(관악구청),17,15
20250524,이대,서울대입구(관악구청),18,8
20250524,이대,서울대입구(관악구청),19,7
20250524,이대,서울대입구(관악구청),20,6
20250524,이대,서울대입구(관악구청),21,5
20250524,이대,서울대입구(관악구청),22,11
20250524,이대,서울대입구(관악구청),23,7
20250524,이대,서초,5,2
20250524,이대,서초,10,1
20250524,이대,서초,11,4
20250524,이대,서초,12,4
20250524,이대,서초,13,5
20250524,이대,서초,14,1
20250524,이대,서초,15,1
20250524,이대,서초,16,1
20250524,이대,서초,17,3
20250524,이대,서초,18,2
20250524,이대,서초,19,1
20250524,이대,서초,21,4
20250524,이대,선릉,5,1
20250524,이대,선릉,6,1
20250524,이대,선릉,7,1
20250524,이대,선릉,8,2
20250524,이대,선릉,9,5
20250524,이대,선릉,10,2
20250524,이대,선릉,11,2
20250524,이대,선릉,12,3
20250524,이대,선릉,13,3
20250524,이대,선릉,14,4
20250524,이대,선릉,15,2
20250524,이대,선릉,16,4
20250524,이대,선릉,18,2
20250524,이대,선릉,19,2
20250524,이대,선릉,20,2
20250524,이대,성수,5,2
20250524,이대,성수,7,3
20250524,이대,성수,8,8
20250524,이대,성수,9,14
20250524,이대,성수,10,16
20250524,이대,성수,11,29
20250524,이대,성수,12,31
20250524,이대,성수,13,54
20250524,이대,성수,14,35
20250524,이대,성수,15,21
20250524,이대,성수,16,27
20250524,이대,성수,17,13
20250524,이대,성수,18,7
20250524,이대,성수,19,10
20250524,이대,성수,20,3
20250524,이대,성수,21,2
20250524,이대,성수,22,2
20250524,이대,성수,23,10
20250524,이대,시청,6,5
20250524,이대,시청,7,3
20250524,이대,시청,8,7
20250524,이대,시청,9,11
20250524,이대,시청,10,21
20250524,이대,시청,11,27
20250524,이대,시청,12,15
20250524,이대,시청,13,29
20250524,이대,시청,14,21
20250524,이대,시청,15,7
20250524,이대,시청,16,15
20250524,이대,시청,17,27
20250524,이대,시청,18,11
20250524,이대,시청,19,10
20250524,이대,시청,20,2
20250524,이대,시청,21,5
20250524,이대,시청,23,1
20250524,이대,신당,5,1
20250524,이대,신당,6,1
20250524,이대,신당,7,3
20250524,이대,신당,8,15
20250524,이대,신당,9,3
20250524,이대,신당,10,6
20250524,이대,신당,11,12
20250524,이대,신당,12,13
20250524,이대,신당,13,4
20250524,이대,신당,14,11
20250524,이대,신당,15,4
20250524,이대,신당,16,6
20250524,이대,신당,17,10
20250524,이대,신당,18,7
20250524,이대,신당,19,11
20250524,이대,신당,20,6
20250524,이대,신당,21,6
20250524,이대,신당,22,6
20250524,이대,신당,23,5
20250524,이대,신대방,5,1
20250524,이대,신대방,7,1
20250524,이대,신대방,8,2
20250524,이대,신대방,9,4
20250524,이대,신대방,11,3
20250524,이대,신대방,12,8
20250524,이대,신대방,13,7
20250524,이대,신대방,14,11
20250524,이대,신대방,15,3
20250524,이대,신대방,16,6
20250524,이대,신대방,17,2
20250524,이대,신대방,18,6
20250524,이대,신대방,19,5
20250524,이대,신대방,20,7
20250524,이대,신대방,21,7
20250524,이대,신대방,22,12
20250524,이대,신대방,23,1
20250524,이대,신도림,5,2
20250524,이대,신도림,6,2
20250524,이대,신도림,7,5
20250524,이대,신도림,8,6
20250524,이대,신도림,9,11
20250524,이대,신도림,10,8
20250524,이대,신도림,11,12
20250524,이대,신도림,12,19
20250524,이대,신도림,13,19
20250524,이대,신도림,14,15
20250524,이대,신도림,15,21
20250524,이대,신도림,16,17
20250524,이대,신도림,17,21
20250524,이대,신도림,18,23
20250524,이대,신도림,19,13
20250524,이대,신도림,20,7
20250524,이대,신도림,21,11
20250524,이대,신도림,22,5
20250524,이대,신도림,23,15
20250524,이대,신림,6,2
20250524,이대,신림,7,3
20250524,이대,신림,8,3
20250524,이대,신림,9,5
20250524,이대,신림,10,1
20250524,이대,신림,11,7
20250524,이대,신림,12,5
20250524,이대,신림,13,10
20250524,이대,신림,14,7
20250524,이대,신림,15,13
20250524,이대,신림,16,5
20250524,이대,신림,17,14
20250524,이대,신림,18,9
20250524,이대,신림,19,12
20250524,이대,신림,20,5
20250524,이대,신림,21,9
20250524,이대,신림,22,9
20250524,이대,신림,23,4
20250524,이대,신촌,6,5
20250524,이대,신촌,7,5
20250524,이대,신촌,8,16
20250524,이대,신촌,9,16
20250524,이대,신촌,10,29
20250524,이대,신촌,11,39
20250524,이대,신촌,12,56
20250524,이대,신촌,13,38
20250524,이대,신촌,14,33
20250524,이대,신촌,15,31
20250524,이대,신촌,16,20
20250524,이대,신촌,17,35
20250524,이대,신촌,18,20
20250524,이대,신촌,19,18
20250524,이대,신촌,20,14
20250524,이대,신촌,21,13
20250524,이대,신촌,22,21
20250524,이대,신촌,23,6
20250524,이대,아현,6,1
20250524,이대,아현,7,4
20250524,이대,아현,8,4
20250524,이대,아현,9,8
20250524,이대,아현,10,13
20250524,이대,아현,11,8
20250524,이대,아현,12,15
20250524,이대,아현,13,5
20250524,이대,아현,14,14
20250524,이대,아현,15,5
20250524,이대,아현,16,8
20250524,이대,아현,17,10
20250524,이대,아현,18,6
20250524,이대,아현,19,7
20250524,이대,아현,20,7
20250524,이대,아현,21,5
20250524,이대,아현,22,3
20250524,이대,역삼,7,3
20250524,이대,역삼,9,3
20250524,이대,역삼,10,1
20250524,이대,역삼,11,2
20250524,이대,역삼,12,3
20250524,이대,역삼,13,3
20250524,이대,역삼,14,5
20250524,이대,역삼,16,6
20250524,이대,역삼,17,5
20250524,이대,역삼,18,2
20250524,이대,역삼,19,1
20250524,이대,역삼,20,1
20250524,이대,역삼,21,1
20250524,이대,역삼,22,2
20250524,이대,영등포구청,5,5
20250524,이대,영등포구청,8,6
20250524,이대,영등포구청,9,7
20250524,이대,영등포구청,10,5
20250524,이대,영등포구청,11,3
20250524,이대,영등포구청,12,5
20250524,이대,영등포구청,13,10
20250524,이대,영등포구청,14,18
20250524,이대,영등포구청,15,12
20250524,이대,영등포구청,16,15
20250524,이대,영등포구청,17,4
20250524,이대,영등포구청,18,8
20250524,이대,영등포구청,19,9
20250524,이대,영등포구청,20,7
20250524,이대,영등포구청,21,3
20250524,이대,영등포구청,22,4
20250524,이대,영등포구청,23,4
20250524,이대,왕십리(성동구청),5,2
20250524,이대,왕십리(성동구청),6,1
20250524,이대,왕십리(성동구청),7,1
20250524,이대,왕십리(성동구청),8,6
20250524,이대,왕십리(성동구청),10,1
20250524,이대,왕십리(성동구청),11,10
20250524,이대,왕십리(성동구청),12,12
20250524,이대,왕십리(성동구청),13,7
20250524,이대,왕십리(성동구청),14,11
20250524,이대,왕십리(성동구청),15,8
20250524,이대,왕십리(성동구청),16,6
20250524,이대,왕십리(성동구청),17,13
20250524,이대,왕십리(성동구청),18,10
20250524,이대,왕십리(성동구청),19,18
20250524,이대,왕십리(성동구청),20,12
20250524,이대,왕십리(성동구청),21,9
20250524,이대,왕십리(성동구청),22,7
20250524,이대,왕십리(성동구청),23,8
20250524,이대,을지로3가,5,3
20250524,이대,을지로3가,6,5
20250524,이대,을지로3가,7,3
20250524,이대,을지로3가,8,7
20250524,이대,을지로3가,9,6
20250524,이대,을지로3가,10,20
20250524,이대,을지로3가,11,9
20250524,이대,을지로3가,12,15
20250524,이대,을지로3가,13,12
20250524,이대,을지로3가,14,15
20250524,이대,을지로3가,15,20
20250524,이대,을지로3가,16,30
20250524,이대,을지로3가,17,38
20250524,이대,을지로3가,18,26
20250524,이대,을지로3가,19,19
20250524,이대,을지로3가,20,7
20250524,이대,을지로3가,21,8
20250524,이대,을지로3가,22,4
20250524,이대,을지로3가,23,2
20250524,이대,을지로4가,5,2
20250524,이대,을지로4가,6,5
20250524,이대,을지로4가,7,4
20250524,이대,을지로4가,8,9
20250524,이대,을지로4가,9,9
20250524,이대,을지로4가,10,15
20250524,이대,을지로4가,11,14
20250524,이대,을지로4가,12,11
20250524,이대,을지로4가,13,9
20250524,이대,을지로4가,14,7
20250524,이대,을지로4가,15,10
20250524,이대,을지로4가,16,8
20250524,이대,을지로4가,17,12
20250524,이대,을지로4가,18,8
20250524,이대,을지로4가,19,8
20250524,이대,을지로4가,20,3
20250524,이대,을지로4가,21,9
20250524,이대,을지로4가,22,4
20250524,이대,을지로입구,5,2
20250524,이대,을지로입구,6,3
20250524,이대,을지로입구,7,15
20250524,이대,을지로입구,8,34
20250524,이대,을지로입구,9,47
20250524,이대,을지로입구,10,47
20250524,이대,을지로입구,11,55
20250524,이대,을지로입구,12,58
20250524,이대,을지로입구,13,55
20250524,이대,을지로입구,14,47
20250524,이대,을지로입구,15,56
20250524,이대,을지로입구,16,56
20250524,이대,을지로입구,17,45
20250524,이대,을지로입구,18,32
20250524,이대,을지로입구,19,48
20250524,이대,을지로입구,20,22
20250524,이대,을지로입구,21,20
20250524,이대,을지로입구,22,13
20250524,이대,을지로입구,23,7
20250524,이대,이대,7,5
20250524,이대,이대,8,3
20250524,이대,이대,9,5
20250524,이대,이대,10,5
20250524,이대,이대,11,9
20250524,이대,이대,12,12
20250524,이대,이대,13,7
20250524,이대,이대,14,5
20250524,이대,이대,15,7
20250524,이대,이대,16,6
20250524,이대,이대,17,8
20250524,이대,이대,18,7
20250524,이대,이대,19,10
20250524,이대,이대,20,7
20250524,이대,이대,21,9
20250524,이대,이대,22,4
20250524,이대,이대,23,11
20250524,이대,잠실(송파구청),5,2
20250524,이대,잠실(송파구청),6,3
20250524,이대,잠실(송파구청),7,6
20250524,이대,잠실(송파구청),8,11
20250524,이대,잠실(송파구청),9,15
20250524,이대,잠실(송파구청),10,15
20250524,이대,잠실(송파구청),11,26
20250524,이대,잠실(송파구청),12,37
20250524,이대,잠실(송파구청),13,16
20250524,이대,잠실(송파구청),14,20
20250524,이대,잠실(송파구청),15,32
20250524,이대,잠실(송파구청),16,26
20250524,이대,잠실(송파구청),17,27
20250524,이대,잠실(송파구청),18,15
20250524,이대,잠실(송파구청),19,18
20250524,이대,잠실(송파구청),20,7
20250524,이대,잠실(송파구청),21,16
20250524,이대,잠실(송파구청),22,11
20250524,이대,잠실(송파구청),23,3
20250524,이대,잠실나루,5,1
20250524,이대,잠실나루,6,2
20250524,이대,잠실나루,8,2
20250524,이대,잠실나루,9,1
20250524,이대,잠실나루,10,2
20250524,이대,잠실나루,11,2
20250524,이대,잠실나루,12,1
20250524,이대,잠실나루,15,4
20250524,이대,잠실나루,16,2
20250524,이대,잠실나루,17,4
20250524,이대,잠실나루,18,3
20250524,이대,잠실나루,19,1
20250524,이대,잠실나루,20,5
20250524,이대,잠실나루,21,4
20250524,이대,잠실나루,22,3
20250524,이대,잠실새내,5,1
20250524,이대,잠실새내,6,1
20250524,이대,잠실새내,7,1
20250524,이대,잠실새내,8,6
20250524,이대,잠실새내,9,2
20250524,이대,잠실새내,10,3
20250524,이대,잠실새내,11,7
20250524,이대,잠실새내,12,5
20250524,이대,잠실새내,13,6
20250524,이대,잠실새내,14,5
20250524,이대,잠실새내,15,6
20250524,이대,잠실새내,16,9
20250524,이대,잠실새내,17,5
20250524,이대,잠실새내,18,5
20250524,이대,잠실새내,19,3
20250524,이대,잠실새내,20,2
20250524,이대,잠실새내,21,9
20250524,이대,잠실새내,22,6
20250524,이대,잠실새내,23,2
20250524,이대,종합운동장,6,1
20250524,이대,종합운동장,7,2
20250524,이대,종합운동장,10,2
20250524,이대,종합운동장,12,2
20250524,이대,종합운동장,13,3
20250524,이대,종합운동장,14,7
20250524,이대,종합운동장,15,21
20250524,이대,종합운동장,16,8
20250524,이대,종합운동장,17,5
20250524,이대,종합운동장,18,1
20250524,이대,종합운동장,19,2
20250524,이대,종합운동장,21,3
20250524,이대,종합운동장,22,2
20250524,이대,충정로(경기대입구),5,2
20250524,이대,충정로(경기대입구),6,1
20250524,이대,충정로(경기대입구),7,2
20250524,이대,충정로(경기대입구),10,5
20250524,이대,충정로(경기대입구),11,6
20250524,이대,충정로(경기대입구),12,9
20250524,이대,충정로(경기대입구),13,7
20250524,이대,충정로(경기대입구),14,3
20250524,이대,충정로(경기대입구),15,9
20250524,이대,충정로(경기대입구),16,4
20250524,이대,충정로(경기대입구),17,1
20250524,이대,충정로(경기대입구),18,1
20250524,이대,충정로(경기대입구),19,8
20250524,이대,충정로(경기대입구),20,8
20250524,이대,충정로(경기대입구),21,7
20250524,이대,충정로(경기대입구),22,2
20250524,이대,충정로(경기대입구),23,1
20250524,이대,한양대,5,2
20250524,이대,한양대,6,2
20250524,이대,한양대,7,3
20250524,이대,한양대,8,9
20250524,이대,한양대,9,6
20250524,이대,한양대,10,1
20250524,이대,한양대,11,4
20250524,이대,한양대,12,9
20250524,이대,한양대,13,2
20250524,이대,한양대,14,2
20250524,이대,한양대,15,2
20250524,이대,한양대,16,5
20250524,이대,한양대,17,1
20250524,이대,한양대,18,2
20250524,이대,한양대,20,2
20250524,이대,한양대,21,1
20250524,이대,한양대,22,3
20250524,이대,한양대,23,1
20250524,이대,합정,6,2
20250524,이대,합정,7,8
20250524,이대,합정,8,6
20250524,이대,합정,9,18
20250524,이대,합정,10,23
20250524,이대,합정,11,30
20250524,이대,합정,12,45
20250524,이대,합정,13,32
20250524,이대,합정,14,32
20250524,이대,합정,15,27
20250524,이대,합정,16,52
20250524,이대,합정,17,35
20250524,이대,합정,18,45
20250524,이대,합정,19,28
20250524,이대,합정,20,16
20250524,이대,합정,21,12
20250524,이대,합정,22,2
20250524,이대,합정,23,5
20250524,이대,홍대입구,5,3
20250524,이대,홍대입구,6,3
20250524,이대,홍대입구,7,10
20250524,이대,홍대입구,8,12
20250524,이대,홍대입구,9,49
20250524,이대,홍대입구,10,81
20250524,이대,홍대입구,11,94
20250524,이대,홍대입구,12,122
20250524,이대,홍대입구,13,103
20250524,이대,홍대입구,14,90
20250524,이대,홍대입구,15,108
20250524,이대,홍대입구,16,103
20250524,이대,홍대입구,17,111
20250524,이대,홍대입구,18,101
20250524,이대,홍대입구,19,99
20250524,이대,홍대입구,20,50
20250524,이대,홍대입구,21,54
20250524,이대,홍대입구,22,26
20250524,이대,홍대입구,23,33
20250524,잠실(송파구청),강남,5,19
20250524,잠실(송파구청),강남,6,67
20250524,잠실(송파구청),강남,7,90
20250524,잠실(송파구청),강남,8,256
20250524,잠실(송파구청),강남,9,325
20250524,잠실(송파구청),강남,10,260
20250524,잠실(송파구청),강남,11,257
20250524,잠실(송파구청),강남,12,268
20250524,잠실(송파구청),강남,13,320
20250524,잠실(송파구청),강남,14,287
20250524,잠실(송파구청),강남,15,285
20250524,잠실(송파구청),강남,16,380
20250524,잠실(송파구청),강남,17,359
20250524,잠실(송파구청),강남,18,275
20250524,잠실(송파구청),강남,19,256
20250524,잠실(송파구청),강남,20,289
20250524,잠실(송파구청),강남,21,306
20250524,잠실(송파구청),강남,22,201
20250524,잠실(송파구청),강남,23,54
20250524,잠실(송파구청),강변(동서울터미널),5,20
20250524,잠실(송파구청),강변(동서울터미널),6,56
20250524,잠실(송파구청),강변(동서울터미널),7,68
20250524,잠실(송파구청),강변(동서울터미널),8,98
20250524,잠실(송파구청),강변(동서울터미널),9,106
20250524,잠실(송파구청),강변(동서울터미널),10,102
20250524,잠실(송파구청),강변(동서울터미널),11,109
20250524,잠실(송파구청),강변(동서울터미널),12,132
20250524,잠실(송파구청),강변(동서울터미널),13,165
20250524,잠실(송파구청),강변(동서울터미널),14,175
20250524,잠실(송파구청),강변(동서울터미널),15,237
20250524,잠실(송파구청),강변(동서울터미널),16,207
20250524,잠실(송파구청),강변(동서울터미널),17,258
20250524,잠실(송파구청),강변(동서울터미널),18,248
20250524,잠실(송파구청),강변(동서울터미널),19,248
20250524,잠실(송파구청),강변(동서울터미널),20,207
20250524,잠실(송파구청),강변(동서울터미널),21,147
20250524,잠실(송파구청),강변(동서울터미널),22,93
20250524,잠실(송파구청),강변(동서울터미널),23,32
20250524,잠실(송파구청),건대입구,5,3
20250524,잠실(송파구청),건대입구,6,11
20250524,잠실(송파구청),건대입구,7,16
20250524,잠실(송파구청),건대입구,8,54
20250524,잠실(송파구청),건대입구,9,75
20250524,잠실(송파구청),건대입구,10,70
20250524,잠실(송파구청),건대입구,11,145
20250524,잠실(송파구청),건대입구,12,139
20250524,잠실(송파구청),건대입구,13,163
20250524,잠실(송파구청),건대입구,14,181
20250524,잠실(송파구청),건대입구,15,258
20250524,잠실(송파구청),건대입구,16,206
20250524,잠실(송파구청),건대입구,17,242
20250524,잠실(송파구청),건대입구,18,285
20250524,잠실(송파구청),건대입구,19,205
20250524,잠실(송파구청),건대입구,20,203
20250524,잠실(송파구청),건대입구,21,207
20250524,잠실(송파구청),건대입구,22,134
20250524,잠실(송파구청),건대입구,23,88
20250524,잠실(송파구청),교대(법원.검찰청),5,15
20250524,잠실(송파구청),교대(법원.검찰청),6,50
20250524,잠실(송파구청),교대(법원.검찰청),7,35
20250524,잠실(송파구청),교대(법원.검찰청),8,47
20250524,잠실(송파구청),교대(법원.검찰청),9,56
20250524,잠실(송파구청),교대(법원.검찰청),10,47
20250524,잠실(송파구청),교대(법원.검찰청),11,62
20250524,잠실(송파구청),교대(법원.검찰청),12,50
20250524,잠실(송파구청),교대(법원.검찰청),13,55
20250524,잠실(송파구청),교대(법원.검찰청),14,57
20250524,잠실(송파구청),교대(법원.검찰청),15,65
20250524,잠실(송파구청),교대(법원.검찰청),16,76
20250524,잠실(송파구청),교대(법원.검찰청),17,92
20250524,잠실(송파구청),교대(법원.검찰청),18,54
20250524,잠실(송파구청),교대(법원.검찰청),19,57
20250524,잠실(송파구청),교대(법원.검찰청),20,51
20250524,잠실(송파구청),교대(법원.검찰청),21,64
20250524,잠실(송파구청),교대(법원.검찰청),22,36
20250524,잠실(송파구청),교대(법원.검찰청),23,13
20250524,잠실(송파구청),구로디지털단지,5,5
20250524,잠실(송파구청),구로디지털단지,6,13
20250524,잠실(송파구청),구로디지털단지,7,17
20250524,잠실(송파구청),구로디지털단지,8,22
20250524,잠실(송파구청),구로디지털단지,9,26
20250524,잠실(송파구청),구로디지털단지,10,26
20250524,잠실(송파구청),구로디지털단지,11,33
20250524,잠실(송파구청),구로디지털단지,12,32
20250524,잠실(송파구청),구로디지털단지,13,45
20250524,잠실(송파구청),구로디지털단지,14,58
20250524,잠실(송파구청),구로디지털단지,15,52
20250524,잠실(송파구청),구로디지털단지,16,67
20250524,잠실(송파구청),구로디지털단지,17,69
20250524,잠실(송파구청),구로디지털단지,18,71
20250524,잠실(송파구청),구로디지털단지,19,91
20250524,잠실(송파구청),구로디지털단지,20,94
20250524,잠실(송파구청),구로디지털단지,21,133
20250524,잠실(송파구청),구로디지털단지,22,81
20250524,잠실(송파구청),구로디지털단지,23,33
20250524,잠실(송파구청),구의(광진구청),5,1
20250524,잠실(송파구청),구의(광진구청),6,15
20250524,잠실(송파구청),구의(광진구청),7,12
20250524,잠실(송파구청),구의(광진구청),8,24
20250524,잠실(송파구청),구의(광진구청),9,32
20250524,잠실(송파구청),구의(광진구청),10,38
20250524,잠실(송파구청),구의(광진구청),11,44
20250524,잠실(송파구청),구의(광진구청),12,41
20250524,잠실(송파구청),구의(광진구청),13,53
20250524,잠실(송파구청),구의(광진구청),14,85
20250524,잠실(송파구청),구의(광진구청),15,107
20250524,잠실(송파구청),구의(광진구청),16,101
20250524,잠실(송파구청),구의(광진구청),17,114
20250524,잠실(송파구청),구의(광진구청),18,115
20250524,잠실(송파구청),구의(광진구청),19,106
20250524,잠실(송파구청),구의(광진구청),20,117
20250524,잠실(송파구청),구의(광진구청),21,106
20250524,잠실(송파구청),구의(광진구청),22,58
20250524,잠실(송파구청),구의(광진구청),23,33
20250524,잠실(송파구청),낙성대,5,2
20250524,잠실(송파구청),낙성대,6,7
20250524,잠실(송파구청),낙성대,7,9
20250524,잠실(송파구청),낙성대,8,10
20250524,잠실(송파구청),낙성대,9,25
20250524,잠실(송파구청),낙성대,10,13
20250524,잠실(송파구청),낙성대,11,21
20250524,잠실(송파구청),낙성대,12,33
20250524,잠실(송파구청),낙성대,13,27
20250524,잠실(송파구청),낙성대,14,35
20250524,잠실(송파구청),낙성대,15,55
20250524,잠실(송파구청),낙성대,16,53
20250524,잠실(송파구청),낙성대,17,68
20250524,잠실(송파구청),낙성대,18,64
20250524,잠실(송파구청),낙성대,19,41
20250524,잠실(송파구청),낙성대,20,69
20250524,잠실(송파구청),낙성대,21,61
20250524,잠실(송파구청),낙성대,22,57
20250524,잠실(송파구청),낙성대,23,32
20250524,잠실(송파구청),당산,5,2
20250524,잠실(송파구청),당산,6,1
20250524,잠실(송파구청),당산,7,2
20250524,잠실(송파구청),당산,8,3
20250524,잠실(송파구청),당산,9,4
20250524,잠실(송파구청),당산,10,3
20250524,잠실(송파구청),당산,11,6
20250524,잠실(송파구청),당산,12,7
20250524,잠실(송파구청),당산,13,14
20250524,잠실(송파구청),당산,14,7
20250524,잠실(송파구청),당산,15,12
20250524,잠실(송파구청),당산,16,7
20250524,잠실(송파구청),당산,17,8
20250524,잠실(송파구청),당산,18,21
20250524,잠실(송파구청),당산,19,24
20250524,잠실(송파구청),당산,20,26
20250524,잠실(송파구청),당산,21,22
20250524,잠실(송파구청),당산,22,23
20250524,잠실(송파구청),당산,23,2
20250524,잠실(송파구청),대림(구로구청),5,1
20250524,잠실(송파구청),대림(구로구청),6,2
20250524,잠실(송파구청),대림(구로구청),7,9
20250524,잠실(송파구청),대림(구로구청),8,10
20250524,잠실(송파구청),대림(구로구청),9,19
20250524,잠실(송파구청),대림(구로구청),10,12
20250524,잠실(송파구청),대림(구로구청),11,18
20250524,잠실(송파구청),대림(구로구청),12,16
20250524,잠실(송파구청),대림(구로구청),13,17
20250524,잠실(송파구청),대림(구로구청),14,16
20250524,잠실(송파구청),대림(구로구청),15,15
20250524,잠실(송파구청),대림(구로구청),16,37
20250524,잠실(송파구청),대림(구로구청),17,34
20250524,잠실(송파구청),대림(구로구청),18,41
20250524,잠실(송파구청),대림(구로구청),19,34
20250524,잠실(송파구청),대림(구로구청),20,37
20250524,잠실(송파구청),대림(구로구청),21,44
20250524,잠실(송파구청),대림(구로구청),22,27
20250524,잠실(송파구청),대림(구로구청),23,6
20250524,잠실(송파구청),동대문역사문화공원,5,1
20250524,잠실(송파구청),동대문역사문화공원,6,7
20250524,잠실(송파구청),동대문역사문화공원,7,13
20250524,잠실(송파구청),동대문역사문화공원,8,16
20250524,잠실(송파구청),동대문역사문화공원,9,20
20250524,잠실(송파구청),동대문역사문화공원,10,50
20250524,잠실(송파구청),동대문역사문화공원,11,59
20250524,잠실(송파구청),동대문역사문화공원,12,57
20250524,잠실(송파구청),동대문역사문화공원,13,70
20250524,잠실(송파구청),동대문역사문화공원,14,62
20250524,잠실(송파구청),동대문역사문화공원,15,66
20250524,잠실(송파구청),동대문역사문화공원,16,82
20250524,잠실(송파구청),동대문역사문화공원,17,34
20250524,잠실(송파구청),동대문역사문화공원,18,40
20250524,잠실(송파구청),동대문역사문화공원,19,32
20250524,잠실(송파구청),동대문역사문화공원,20,40
20250524,잠실(송파구청),동대문역사문화공원,21,54
20250524,잠실(송파구청),동대문역사문화공원,22,26
20250524,잠실(송파구청),동대문역사문화공원,23,12
20250524,잠실(송파구청),뚝섬,5,2
20250524,잠실(송파구청),뚝섬,6,6
20250524,잠실(송파구청),뚝섬,7,13
20250524,잠실(송파구청),뚝섬,8,24
20250524,잠실(송파구청),뚝섬,9,31
20250524,잠실(송파구청),뚝섬,10,55
20250524,잠실(송파구청),뚝섬,11,71
20250524,잠실(송파구청),뚝섬,12,81
20250524,잠실(송파구청),뚝섬,13,105
20250524,잠실(송파구청),뚝섬,14,85
20250524,잠실(송파구청),뚝섬,15,75
20250524,잠실(송파구청),뚝섬,16,91
20250524,잠실(송파구청),뚝섬,17,85
20250524,잠실(송파구청),뚝섬,18,55
20250524,잠실(송파구청),뚝섬,19,59
20250524,잠실(송파구청),뚝섬,20,32
20250524,잠실(송파구청),뚝섬,21,28
20250524,잠실(송파구청),뚝섬,22,16
20250524,잠실(송파구청),뚝섬,23,8
20250524,잠실(송파구청),문래,5,1
20250524,잠실(송파구청),문래,6,2
20250524,잠실(송파구청),문래,7,9
20250524,잠실(송파구청),문래,8,7
20250524,잠실(송파구청),문래,9,9
20250524,잠실(송파구청),문래,10,9
20250524,잠실(송파구청),문래,11,11
20250524,잠실(송파구청),문래,12,12
20250524,잠실(송파구청),문래,13,11
20250524,잠실(송파구청),문래,14,29
20250524,잠실(송파구청),문래,15,8
20250524,잠실(송파구청),문래,16,25
20250524,잠실(송파구청),문래,17,14
20250524,잠실(송파구청),문래,18,16
20250524,잠실(송파구청),문래,19,14
20250524,잠실(송파구청),문래,20,9
20250524,잠실(송파구청),문래,21,12
20250524,잠실(송파구청),문래,22,16
20250524,잠실(송파구청),문래,23,4
20250524,잠실(송파구청),방배,5,4
20250524,잠실(송파구청),방배,6,9
20250524,잠실(송파구청),방배,7,13
20250524,잠실(송파구청),방배,8,23
20250524,잠실(송파구청),방배,9,36
20250524,잠실(송파구청),방배,10,16
20250524,잠실(송파구청),방배,11,25
20250524,잠실(송파구청),방배,12,28
20250524,잠실(송파구청),방배,13,24
20250524,잠실(송파구청),방배,14,25
20250524,잠실(송파구청),방배,15,31
20250524,잠실(송파구청),방배,16,29
20250524,잠실(송파구청),방배,17,31
20250524,잠실(송파구청),방배,18,37
20250524,잠실(송파구청),방배,19,22
20250524,잠실(송파구청),방배,20,30
20250524,잠실(송파구청),방배,21,33
20250524,잠실(송파구청),방배,22,22
20250524,잠실(송파구청),방배,23,9
20250524,잠실(송파구청),봉천,5,1
20250524,잠실(송파구청),봉천,6,5
20250524,잠실(송파구청),봉천,7,9
20250524,잠실(송파구청),봉천,8,11
20250524,잠실(송파구청),봉천,9,9
20250524,잠실(송파구청),봉천,10,15
20250524,잠실(송파구청),봉천,11,14
20250524,잠실(송파구청),봉천,12,14
20250524,잠실(송파구청),봉천,13,10
20250524,잠실(송파구청),봉천,14,13
20250524,잠실(송파구청),봉천,15,32
20250524,잠실(송파구청),봉천,16,40
20250524,잠실(송파구청),봉천,17,57
20250524,잠실(송파구청),봉천,18,57
20250524,잠실(송파구청),봉천,19,44
20250524,잠실(송파구청),봉천,20,43
20250524,잠실(송파구청),봉천,21,47
20250524,잠실(송파구청),봉천,22,52
20250524,잠실(송파구청),봉천,23,10
20250524,잠실(송파구청),사당,5,34
20250524,잠실(송파구청),사당,6,73
20250524,잠실(송파구청),사당,7,43
20250524,잠실(송파구청),사당,8,46
20250524,잠실(송파구청),사당,9,57
20250524,잠실(송파구청),사당,10,73
20250524,잠실(송파구청),사당,11,88
20250524,잠실(송파구청),사당,12,72
20250524,잠실(송파구청),사당,13,76
20250524,잠실(송파구청),사당,14,110
20250524,잠실(송파구청),사당,15,141
20250524,잠실(송파구청),사당,16,191
20250524,잠실(송파구청),사당,17,204
20250524,잠실(송파구청),사당,18,133
20250524,잠실(송파구청),사당,19,176
20250524,잠실(송파구청),사당,20,197
20250524,잠실(송파구청),사당,21,252
20250524,잠실(송파구청),사당,22,152
20250524,잠실(송파구청),사당,23,48
20250524,잠실(송파구청),삼성(무역센터),5,12
20250524,잠실(송파구청),삼성(무역센터),6,59
20250524,잠실(송파구청),삼성(무역센터),7,71
20250524,잠실(송파구청),삼성(무역센터),8,122
20250524,잠실(송파구청),삼성(무역센터),9,149
20250524,잠실(송파구청),삼성(무역센터),10,168
20250524,잠실(송파구청),삼성(무역센터),11,178
20250524,잠실(송파구청),삼성(무역센터),12,196
20250524,잠실(송파구청),삼성(무역센터),13,213
20250524,잠실(송파구청),삼성(무역센터),14,251
20250524,잠실(송파구청),삼성(무역센터),15,200
20250524,잠실(송파구청),삼성(무역센터),16,243
20250524,잠실(송파구청),삼성(무역센터),17,200
20250524,잠실(송파구청),삼성(무역센터),18,132
20250524,잠실(송파구청),삼성(무역센터),19,108
20250524,잠실(송파구청),삼성(무역센터),20,85
20250524,잠실(송파구청),삼성(무역센터),21,57
20250524,잠실(송파구청),삼성(무역센터),22,26
20250524,잠실(송파구청),삼성(무역센터),23,67
20250524,잠실(송파구청),상왕십리,5,1
20250524,잠실(송파구청),상왕십리,6,4
20250524,잠실(송파구청),상왕십리,7,6
20250524,잠실(송파구청),상왕십리,8,7
20250524,잠실(송파구청),상왕십리,9,9
20250524,잠실(송파구청),상왕십리,10,6
20250524,잠실(송파구청),상왕십리,11,18
20250524,잠실(송파구청),상왕십리,12,18
20250524,잠실(송파구청),상왕십리,13,25
20250524,잠실(송파구청),상왕십리,14,32
20250524,잠실(송파구청),상왕십리,15,16
20250524,잠실(송파구청),상왕십리,16,26
20250524,잠실(송파구청),상왕십리,17,28
20250524,잠실(송파구청),상왕십리,18,38
20250524,잠실(송파구청),상왕십리,19,27
20250524,잠실(송파구청),상왕십리,20,34
20250524,잠실(송파구청),상왕십리,21,46
20250524,잠실(송파구청),상왕십리,22,30
20250524,잠실(송파구청),상왕십리,23,13
20250524,잠실(송파구청),서울대입구(관악구청),4,1
20250524,잠실(송파구청),서울대입구(관악구청),5,2
20250524,잠실(송파구청),서울대입구(관악구청),6,14
20250524,잠실(송파구청),서울대입구(관악구청),7,19
20250524,잠실(송파구청),서울대입구(관악구청),8,43
20250524,잠실(송파구청),서울대입구(관악구청),9,36
20250524,잠실(송파구청),서울대입구(관악구청),10,31
20250524,잠실(송파구청),서울대입구(관악구청),11,49
20250524,잠실(송파구청),서울대입구(관악구청),12,51
20250524,잠실(송파구청),서울대입구(관악구청),13,49
20250524,잠실(송파구청),서울대입구(관악구청),14,49
20250524,잠실(송파구청),서울대입구(관악구청),15,64
20250524,잠실(송파구청),서울대입구(관악구청),16,86
20250524,잠실(송파구청),서울대입구(관악구청),17,124
20250524,잠실(송파구청),서울대입구(관악구청),18,87
20250524,잠실(송파구청),서울대입구(관악구청),19,83
20250524,잠실(송파구청),서울대입구(관악구청),20,137
20250524,잠실(송파구청),서울대입구(관악구청),21,118
20250524,잠실(송파구청),서울대입구(관악구청),22,126
20250524,잠실(송파구청),서울대입구(관악구청),23,92
20250524,잠실(송파구청),서초,5,18
20250524,잠실(송파구청),서초,6,40
20250524,잠실(송파구청),서초,7,28
20250524,잠실(송파구청),서초,8,41
20250524,잠실(송파구청),서초,9,32
20250524,잠실(송파구청),서초,10,36
20250524,잠실(송파구청),서초,11,35
20250524,잠실(송파구청),서초,12,61
20250524,잠실(송파구청),서초,13,62
20250524,잠실(송파구청),서초,14,46
20250524,잠실(송파구청),서초,15,52
20250524,잠실(송파구청),서초,16,38
20250524,잠실(송파구청),서초,17,30
20250524,잠실(송파구청),서초,18,47
20250524,잠실(송파구청),서초,19,28
20250524,잠실(송파구청),서초,20,30
20250524,잠실(송파구청),서초,21,28
20250524,잠실(송파구청),서초,22,25
20250524,잠실(송파구청),서초,23,7
20250524,잠실(송파구청),선릉,5,14
20250524,잠실(송파구청),선릉,6,51
20250524,잠실(송파구청),선릉,7,58
20250524,잠실(송파구청),선릉,8,102
20250524,잠실(송파구청),선릉,9,131
20250524,잠실(송파구청),선릉,10,111
20250524,잠실(송파구청),선릉,11,129
20250524,잠실(송파구청),선릉,12,153
20250524,잠실(송파구청),선릉,13,124
20250524,잠실(송파구청),선릉,14,99
20250524,잠실(송파구청),선릉,15,106
20250524,잠실(송파구청),선릉,16,104
20250524,잠실(송파구청),선릉,17,103
20250524,잠실(송파구청),선릉,18,86
20250524,잠실(송파구청),선릉,19,52
20250524,잠실(송파구청),선릉,20,68
20250524,잠실(송파구청),선릉,21,91
20250524,잠실(송파구청),선릉,22,70
20250524,잠실(송파구청),선릉,23,18
20250524,잠실(송파구청),성수,5,9
20250524,잠실(송파구청),성수,6,27
20250524,잠실(송파구청),성수,7,32
20250524,잠실(송파구청),성수,8,36
20250524,잠실(송파구청),성수,9,85
20250524,잠실(송파구청),성수,10,112
20250524,잠실(송파구청),성수,11,144
20250524,잠실(송파구청),성수,12,184
20250524,잠실(송파구청),성수,13,198
20250524,잠실(송파구청),성수,14,221
20250524,잠실(송파구청),성수,15,261
20250524,잠실(송파구청),성수,16,227
20250524,잠실(송파구청),성수,17,184
20250524,잠실(송파구청),성수,18,137
20250524,잠실(송파구청),성수,19,82
20250524,잠실(송파구청),성수,20,68
20250524,잠실(송파구청),성수,21,41
20250524,잠실(송파구청),성수,22,38
20250524,잠실(송파구청),성수,23,44
20250524,잠실(송파구청),시청,5,6
20250524,잠실(송파구청),시청,6,9
20250524,잠실(송파구청),시청,7,16
20250524,잠실(송파구청),시청,8,11
20250524,잠실(송파구청),시청,9,16
20250524,잠실(송파구청),시청,10,21
20250524,잠실(송파구청),시청,11,27
20250524,잠실(송파구청),시청,12,38
20250524,잠실(송파구청),시청,13,42
20250524,잠실(송파구청),시청,14,23
20250524,잠실(송파구청),시청,15,49
20250524,잠실(송파구청),시청,16,32
20250524,잠실(송파구청),시청,17,35
20250524,잠실(송파구청),시청,18,24
20250524,잠실(송파구청),시청,19,34
20250524,잠실(송파구청),시청,20,11
20250524,잠실(송파구청),시청,21,13
20250524,잠실(송파구청),시청,22,16
20250524,잠실(송파구청),시청,23,4
20250524,잠실(송파구청),신당,5,3
20250524,잠실(송파구청),신당,6,2
20250524,잠실(송파구청),신당,7,7
20250524,잠실(송파구청),신당,8,12
20250524,잠실(송파구청),신당,9,7
20250524,잠실(송파구청),신당,10,11
20250524,잠실(송파구청),신당,11,25
20250524,잠실(송파구청),신당,12,18
20250524,잠실(송파구청),신당,13,25
20250524,잠실(송파구청),신당,14,23
20250524,잠실(송파구청),신당,15,23
20250524,잠실(송파구청),신당,16,48
20250524,잠실(송파구청),신당,17,59
20250524,잠실(송파구청),신당,18,48
20250524,잠실(송파구청),신당,19,33
20250524,잠실(송파구청),신당,20,36
20250524,잠실(송파구청),신당,21,36
20250524,잠실(송파구청),신당,22,31
20250524,잠실(송파구청),신당,23,10
20250524,잠실(송파구청),신대방,5,2
20250524,잠실(송파구청),신대방,6,8
20250524,잠실(송파구청),신대방,7,8
20250524,잠실(송파구청),신대방,8,6
20250524,잠실(송파구청),신대방,9,14
20250524,잠실(송파구청),신대방,10,12
20250524,잠실(송파구청),신대방,11,15
20250524,잠실(송파구청),신대방,12,14
20250524,잠실(송파구청),신대방,13,23
20250524,잠실(송파구청),신대방,14,13
20250524,잠실(송파구청),신대방,15,22
20250524,잠실(송파구청),신대방,16,29
20250524,잠실(송파구청),신대방,17,26
20250524,잠실(송파구청),신대방,18,37
20250524,잠실(송파구청),신대방,19,40
20250524,잠실(송파구청),신대방,20,45
20250524,잠실(송파구청),신대방,21,54
20250524,잠실(송파구청),신대방,22,40
20250524,잠실(송파구청),신대방,23,16
20250524,잠실(송파구청),신도림,5,6
20250524,잠실(송파구청),신도림,6,4
20250524,잠실(송파구청),신도림,7,10
20250524,잠실(송파구청),신도림,8,17
20250524,잠실(송파구청),신도림,9,25
20250524,잠실(송파구청),신도림,10,36
20250524,잠실(송파구청),신도림,11,34
20250524,잠실(송파구청),신도림,12,28
20250524,잠실(송파구청),신도림,13,37
20250524,잠실(송파구청),신도림,14,50
20250524,잠실(송파구청),신도림,15,46
20250524,잠실(송파구청),신도림,16,55
20250524,잠실(송파구청),신도림,17,58
20250524,잠실(송파구청),신도림,18,44
20250524,잠실(송파구청),신도림,19,51
20250524,잠실(송파구청),신도림,20,63
20250524,잠실(송파구청),신도림,21,55
20250524,잠실(송파구청),신도림,22,49
20250524,잠실(송파구청),신도림,23,27
20250524,잠실(송파구청),신림,5,5
20250524,잠실(송파구청),신림,6,20
20250524,잠실(송파구청),신림,7,12
20250524,잠실(송파구청),신림,8,34
20250524,잠실(송파구청),신림,9,24
20250524,잠실(송파구청),신림,10,34
20250524,잠실(송파구청),신림,11,42
20250524,잠실(송파구청),신림,12,45
20250524,잠실(송파구청),신림,13,39
20250524,잠실(송파구청),신림,14,54
20250524,잠실(송파구청),신림,15,52
20250524,잠실(송파구청),신림,16,111
20250524,잠실(송파구청),신림,17,136
20250524,잠실(송파구청),신림,18,151
20250524,잠실(송파구청),신림,19,134
20250524,잠실(송파구청),신림,20,151
20250524,잠실(송파구청),신림,21,191
20250524,잠실(송파구청),신림,22,165
20250524,잠실(송파구청),신림,23,41
20250524,잠실(송파구청),신촌,5,1
20250524,잠실(송파구청),신촌,6,5
20250524,잠실(송파구청),신촌,7,17
20250524,잠실(송파구청),신촌,8,12
20250524,잠실(송파구청),신촌,9,28
20250524,잠실(송파구청),신촌,10,45
20250524,잠실(송파구청),신촌,11,73
20250524,잠실(송파구청),신촌,12,67
20250524,잠실(송파구청),신촌,13,93
20250524,잠실(송파구청),신촌,14,66
20250524,잠실(송파구청),신촌,15,37
20250524,잠실(송파구청),신촌,16,52
20250524,잠실(송파구청),신촌,17,48
20250524,잠실(송파구청),신촌,18,36
20250524,잠실(송파구청),신촌,19,34
20250524,잠실(송파구청),신촌,20,37
20250524,잠실(송파구청),신촌,21,53
20250524,잠실(송파구청),신촌,22,47
20250524,잠실(송파구청),신촌,23,14
20250524,잠실(송파구청),아현,6,1
20250524,잠실(송파구청),아현,7,3
20250524,잠실(송파구청),아현,8,4
20250524,잠실(송파구청),아현,9,4
20250524,잠실(송파구청),아현,10,2
20250524,잠실(송파구청),아현,11,7
20250524,잠실(송파구청),아현,12,5
20250524,잠실(송파구청),아현,13,3
20250524,잠실(송파구청),아현,14,12
20250524,잠실(송파구청),아현,15,12
20250524,잠실(송파구청),아현,16,8
20250524,잠실(송파구청),아현,17,18
20250524,잠실(송파구청),아현,18,6
20250524,잠실(송파구청),아현,19,14
20250524,잠실(송파구청),아현,20,9
20250524,잠실(송파구청),아현,21,11
20250524,잠실(송파구청),아현,22,15
20250524,잠실(송파구청),아현,23,3
20250524,잠실(송파구청),역삼,5,7
20250524,잠실(송파구청),역삼,6,29
20250524,잠실(송파구청),역삼,7,58
20250524,잠실(송파구청),역삼,8,81
20250524,잠실(송파구청),역삼,9,94
20250524,잠실(송파구청),역삼,10,91
20250524,잠실(송파구청),역삼,11,82
20250524,잠실(송파구청),역삼,12,96
20250524,잠실(송파구청),역삼,13,105
20250524,잠실(송파구청),역삼,14,98
20250524,잠실(송파구청),역삼,15,102
20250524,잠실(송파구청),역삼,16,102
20250524,잠실(송파구청),역삼,17,110
20250524,잠실(송파구청),역삼,18,56
20250524,잠실(송파구청),역삼,19,61
20250524,잠실(송파구청),역삼,20,81
20250524,잠실(송파구청),역삼,21,83
20250524,잠실(송파구청),역삼,22,43
20250524,잠실(송파구청),역삼,23,15
20250524,잠실(송파구청),영등포구청,6,3
20250524,잠실(송파구청),영등포구청,7,6
20250524,잠실(송파구청),영등포구청,8,6
20250524,잠실(송파구청),영등포구청,9,3
20250524,잠실(송파구청),영등포구청,10,6
20250524,잠실(송파구청),영등포구청,11,4
20250524,잠실(송파구청),영등포구청,12,1
20250524,잠실(송파구청),영등포구청,13,4
20250524,잠실(송파구청),영등포구청,14,9
20250524,잠실(송파구청),영등포구청,15,13
20250524,잠실(송파구청),영등포구청,16,13
20250524,잠실(송파구청),영등포구청,17,5
20250524,잠실(송파구청),영등포구청,18,13
20250524,잠실(송파구청),영등포구청,19,15
20250524,잠실(송파구청),영등포구청,20,13
20250524,잠실(송파구청),영등포구청,21,19
20250524,잠실(송파구청),영등포구청,22,18
20250524,잠실(송파구청),왕십리(성동구청),5,4
20250524,잠실(송파구청),왕십리(성동구청),6,3
20250524,잠실(송파구청),왕십리(성동구청),7,4
20250524,잠실(송파구청),왕십리(성동구청),8,14
20250524,잠실(송파구청),왕십리(성동구청),9,11
20250524,잠실(송파구청),왕십리(성동구청),10,11
20250524,잠실(송파구청),왕십리(성동구청),11,21
20250524,잠실(송파구청),왕십리(성동구청),12,27
20250524,잠실(송파구청),왕십리(성동구청),13,37
20250524,잠실(송파구청),왕십리(성동구청),14,38
20250524,잠실(송파구청),왕십리(성동구청),15,35
20250524,잠실(송파구청),왕십리(성동구청),16,55
20250524,잠실(송파구청),왕십리(성동구청),17,37
20250524,잠실(송파구청),왕십리(성동구청),18,33
20250524,잠실(송파구청),왕십리(성동구청),19,37
20250524,잠실(송파구청),왕십리(성동구청),20,36
20250524,잠실(송파구청),왕십리(성동구청),21,44
20250524,잠실(송파구청),왕십리(성동구청),22,39
20250524,잠실(송파구청),왕십리(성동구청),23,6
20250524,잠실(송파구청),용두(동대문구청),5,1
20250524,잠실(송파구청),용두(동대문구청),6,2
20250524,잠실(송파구청),용두(동대문구청),7,3
20250524,잠실(송파구청),용두(동대문구청),8,5
20250524,잠실(송파구청),용두(동대문구청),9,9
20250524,잠실(송파구청),용두(동대문구청),10,5
20250524,잠실(송파구청),용두(동대문구청),11,5
20250524,잠실(송파구청),용두(동대문구청),12,3
20250524,잠실(송파구청),용두(동대문구청),13,4
20250524,잠실(송파구청),용두(동대문구청),14,10
20250524,잠실(송파구청),용두(동대문구청),15,8
20250524,잠실(송파구청),용두(동대문구청),16,12
20250524,잠실(송파구청),용두(동대문구청),17,8
20250524,잠실(송파구청),용두(동대문구청),18,12
20250524,잠실(송파구청),용두(동대문구청),19,6
20250524,잠실(송파구청),용두(동대문구청),20,6
20250524,잠실(송파구청),용두(동대문구청),21,18
20250524,잠실(송파구청),용두(동대문구청),22,13
20250524,잠실(송파구청),용두(동대문구청),23,5
20250524,잠실(송파구청),을지로3가,5,5
20250524,잠실(송파구청),을지로3가,6,9
20250524,잠실(송파구청),을지로3가,7,6
20250524,잠실(송파구청),을지로3가,8,16
20250524,잠실(송파구청),을지로3가,9,12
20250524,잠실(송파구청),을지로3가,10,19
20250524,잠실(송파구청),을지로3가,11,36
20250524,잠실(송파구청),을지로3가,12,21
20250524,잠실(송파구청),을지로3가,13,35
20250524,잠실(송파구청),을지로3가,14,44
20250524,잠실(송파구청),을지로3가,15,38
20250524,잠실(송파구청),을지로3가,16,55
20250524,잠실(송파구청),을지로3가,17,61
20250524,잠실(송파구청),을지로3가,18,50
20250524,잠실(송파구청),을지로3가,19,26
20250524,잠실(송파구청),을지로3가,20,33
20250524,잠실(송파구청),을지로3가,21,22
20250524,잠실(송파구청),을지로3가,22,18
20250524,잠실(송파구청),을지로3가,23,9
20250524,잠실(송파구청),을지로4가,5,3
20250524,잠실(송파구청),을지로4가,6,3
20250524,잠실(송파구청),을지로4가,7,4
20250524,잠실(송파구청),을지로4가,8,15
20250524,잠실(송파구청),을지로4가,9,13
20250524,잠실(송파구청),을지로4가,10,19
20250524,잠실(송파구청),을지로4가,11,21
20250524,잠실(송파구청),을지로4가,12,20
20250524,잠실(송파구청),을지로4가,13,46
20250524,잠실(송파구청),을지로4가,14,36
20250524,잠실(송파구청),을지로4가,15,33
20250524,잠실(송파구청),을지로4가,16,39
20250524,잠실(송파구청),을지로4가,17,32
20250524,잠실(송파구청),을지로4가,18,23
20250524,잠실(송파구청),을지로4가,19,11
20250524,잠실(송파구청),을지로4가,20,11
20250524,잠실(송파구청),을지로4가,21,20
20250524,잠실(송파구청),을지로4가,22,21
20250524,잠실(송파구청),을지로4가,23,2
20250524,잠실(송파구청),을지로입구,5,5
20250524,잠실(송파구청),을지로입구,6,9
20250524,잠실(송파구청),을지로입구,7,21
20250524,잠실(송파구청),을지로입구,8,27
20250524,잠실(송파구청),을지로입구,9,49
20250524,잠실(송파구청),을지로입구,10,60
20250524,잠실(송파구청),을지로입구,11,59
20250524,잠실(송파구청),을지로입구,12,81
20250524,잠실(송파구청),을지로입구,13,64
20250524,잠실(송파구청),을지로입구,14,65
20250524,잠실(송파구청),을지로입구,15,75
20250524,잠실(송파구청),을지로입구,16,103
20250524,잠실(송파구청),을지로입구,17,73
20250524,잠실(송파구청),을지로입구,18,69
20250524,잠실(송파구청),을지로입구,19,51
20250524,잠실(송파구청),을지로입구,20,34
20250524,잠실(송파구청),을지로입구,21,67
20250524,잠실(송파구청),을지로입구,22,22
20250524,잠실(송파구청),을지로입구,23,18
20250524,잠실(송파구청),이대,6,1
20250524,잠실(송파구청),이대,7,9
20250524,잠실(송파구청),이대,8,16
20250524,잠실(송파구청),이대,9,15
20250524,잠실(송파구청),이대,10,16
20250524,잠실(송파구청),이대,11,15
20250524,잠실(송파구청),이대,12,20
20250524,잠실(송파구청),이대,13,14
20250524,잠실(송파구청),이대,14,24
20250524,잠실(송파구청),이대,15,22
20250524,잠실(송파구청),이대,16,21
20250524,잠실(송파구청),이대,17,25
20250524,잠실(송파구청),이대,18,15
20250524,잠실(송파구청),이대,19,33
20250524,잠실(송파구청),이대,20,20
20250524,잠실(송파구청),이대,21,39
20250524,잠실(송파구청),이대,22,22
20250524,잠실(송파구청),이대,23,3
20250524,잠실(송파구청),잠실(송파구청),0,1
20250524,잠실(송파구청),잠실(송파구청),5,6
20250524,잠실(송파구청),잠실(송파구청),6,20
20250524,잠실(송파구청),잠실(송파구청),7,21
20250524,잠실(송파구청),잠실(송파구청),8,34
20250524,잠실(송파구청),잠실(송파구청),9,59
20250524,잠실(송파구청),잠실(송파구청),10,73
20250524,잠실(송파구청),잠실(송파구청),11,124
20250524,잠실(송파구청),잠실(송파구청),12,162
20250524,잠실(송파구청),잠실(송파구청),13,188
20250524,잠실(송파구청),잠실(송파구청),14,223
20250524,잠실(송파구청),잠실(송파구청),15,234
20250524,잠실(송파구청),잠실(송파구청),16,328
20250524,잠실(송파구청),잠실(송파구청),17,262
20250524,잠실(송파구청),잠실(송파구청),18,188
20250524,잠실(송파구청),잠실(송파구청),19,176
20250524,잠실(송파구청),잠실(송파구청),20,225
20250524,잠실(송파구청),잠실(송파구청),21,271
20250524,잠실(송파구청),잠실(송파구청),22,180
20250524,잠실(송파구청),잠실(송파구청),23,64
20250524,잠실(송파구청),잠실나루,5,1
20250524,잠실(송파구청),잠실나루,6,3
20250524,잠실(송파구청),잠실나루,7,11
20250524,잠실(송파구청),잠실나루,8,14
20250524,잠실(송파구청),잠실나루,9,18
20250524,잠실(송파구청),잠실나루,10,20
20250524,잠실(송파구청),잠실나루,11,31
20250524,잠실(송파구청),잠실나루,12,41
20250524,잠실(송파구청),잠실나루,13,52
20250524,잠실(송파구청),잠실나루,14,48
20250524,잠실(송파구청),잠실나루,15,61
20250524,잠실(송파구청),잠실나루,16,79
20250524,잠실(송파구청),잠실나루,17,67
20250524,잠실(송파구청),잠실나루,18,49
20250524,잠실(송파구청),잠실나루,19,46
20250524,잠실(송파구청),잠실나루,20,31
20250524,잠실(송파구청),잠실나루,21,20
20250524,잠실(송파구청),잠실나루,22,22
20250524,잠실(송파구청),잠실나루,23,11
20250524,잠실(송파구청),잠실새내,5,2
20250524,잠실(송파구청),잠실새내,6,14
20250524,잠실(송파구청),잠실새내,7,39
20250524,잠실(송파구청),잠실새내,8,62
20250524,잠실(송파구청),잠실새내,9,93
20250524,잠실(송파구청),잠실새내,10,101
20250524,잠실(송파구청),잠실새내,11,162
20250524,잠실(송파구청),잠실새내,12,157
20250524,잠실(송파구청),잠실새내,13,186
20250524,잠실(송파구청),잠실새내,14,224
20250524,잠실(송파구청),잠실새내,15,272
20250524,잠실(송파구청),잠실새내,16,234
20250524,잠실(송파구청),잠실새내,17,272
20250524,잠실(송파구청),잠실새내,18,251
20250524,잠실(송파구청),잠실새내,19,221
20250524,잠실(송파구청),잠실새내,20,180
20250524,잠실(송파구청),잠실새내,21,203
20250524,잠실(송파구청),잠실새내,22,103
20250524,잠실(송파구청),잠실새내,23,40
20250524,잠실(송파구청),종합운동장,5,4
20250524,잠실(송파구청),종합운동장,6,23
20250524,잠실(송파구청),종합운동장,7,23
20250524,잠실(송파구청),종합운동장,8,33
20250524,잠실(송파구청),종합운동장,9,16
20250524,잠실(송파구청),종합운동장,10,14
20250524,잠실(송파구청),종합운동장,11,34
20250524,잠실(송파구청),종합운동장,12,84
20250524,잠실(송파구청),종합운동장,13,199
20250524,잠실(송파구청),종합운동장,14,155
20250524,잠실(송파구청),종합운동장,15,598
20250524,잠실(송파구청),종합운동장,16,684
20250524,잠실(송파구청),종합운동장,17,64
20250524,잠실(송파구청),종합운동장,18,31
20250524,잠실(송파구청),종합운동장,19,28
20250524,잠실(송파구청),종합운동장,20,40
20250524,잠실(송파구청),종합운동장,21,44
20250524,잠실(송파구청),종합운동장,22,20
20250524,잠실(송파구청),종합운동장,23,7
20250524,잠실(송파구청),충정로(경기대입구),6,4
20250524,잠실(송파구청),충정로(경기대입구),7,1
20250524,잠실(송파구청),충정로(경기대입구),8,5
20250524,잠실(송파구청),충정로(경기대입구),9,5
20250524,잠실(송파구청),충정로(경기대입구),10,6
20250524,잠실(송파구청),충정로(경기대입구),11,10
20250524,잠실(송파구청),충정로(경기대입구),12,4
20250524,잠실(송파구청),충정로(경기대입구),13,4
20250524,잠실(송파구청),충정로(경기대입구),14,8
20250524,잠실(송파구청),충정로(경기대입구),15,10
20250524,잠실(송파구청),충정로(경기대입구),16,16
20250524,잠실(송파구청),충정로(경기대입구),17,20
20250524,잠실(송파구청),충정로(경기대입구),18,5
20250524,잠실(송파구청),충정로(경기대입구),19,4
20250524,잠실(송파구청),충정로(경기대입구),20,9
20250524,잠실(송파구청),충정로(경기대입구),21,10
20250524,잠실(송파구청),충정로(경기대입구),22,12
20250524,잠실(송파구청),충정로(경기대입구),23,2
20250524,잠실(송파구청),한양대,5,1
20250524,잠실(송파구청),한양대,6,4
20250524,잠실(송파구청),한양대,7,16
20250524,잠실(송파구청),한양대,8,39
20250524,잠실(송파구청),한양대,9,16
20250524,잠실(송파구청),한양대,10,16
20250524,잠실(송파구청),한양대,11,15
20250524,잠실(송파구청),한양대,12,24
20250524,잠실(송파구청),한양대,13,15
20250524,잠실(송파구청),한양대,14,12
20250524,잠실(송파구청),한양대,15,10
20250524,잠실(송파구청),한양대,16,14
20250524,잠실(송파구청),한양대,17,13
20250524,잠실(송파구청),한양대,18,8
20250524,잠실(송파구청),한양대,19,11
20250524,잠실(송파구청),한양대,20,11
20250524,잠실(송파구청),한양대,21,13
20250524,잠실(송파구청),한양대,22,14
20250524,잠실(송파구청),한양대,23,4
20250524,잠실(송파구청),합정,5,5
20250524,잠실(송파구청),합정,6,6
20250524,잠실(송파구청),합정,7,3
20250524,잠실(송파구청),합정,8,17
20250524,잠실(송파구청),합정,9,26
20250524,잠실(송파구청),합정,10,23
20250524,잠실(송파구청),합정,11,32
20250524,잠실(송파구청),합정,12,28
20250524,잠실(송파구청),합정,13,33
20250524,잠실(송파구청),합정,14,39
20250524,잠실(송파구청),합정,15,46
20250524,잠실(송파구청),합정,16,48
20250524,잠실(송파구청),합정,17,47
20250524,잠실(송파구청),합정,18,28
20250524,잠실(송파구청),합정,19,29
20250524,잠실(송파구청),합정,20,28
20250524,잠실(송파구청),합정,21,23
20250524,잠실(송파구청),합정,22,29
20250524,잠실(송파구청),합정,23,5
20250524,잠실(송파구청),홍대입구,5,10
20250524,잠실(송파구청),홍대입구,6,6
20250524,잠실(송파구청),홍대입구,7,6
20250524,잠실(송파구청),홍대입구,8,22
20250524,잠실(송파구청),홍대입구,9,42
20250524,잠실(송파구청),홍대입구,10,80
20250524,잠실(송파구청),홍대입구,11,119
20250524,잠실(송파구청),홍대입구,12,142
20250524,잠실(송파구청),홍대입구,13,128
20250524,잠실(송파구청),홍대입구,14,146
20250524,잠실(송파구청),홍대입구,15,127
20250524,잠실(송파구청),홍대입구,16,107
20250524,잠실(송파구청),홍대입구,17,138
20250524,잠실(송파구청),홍대입구,18,119
20250524,잠실(송파구청),홍대입구,19,80
20250524,잠실(송파구청),홍대입구,20,121
20250524,잠실(송파구청),홍대입구,21,90
20250524,잠실(송파구청),홍대입구,22,77
20250524,잠실(송파구청),홍대입구,23,14
20250524,잠실나루,강남,5,2
20250524,잠실나루,강남,6,9
20250524,잠실나루,강남,7,16
20250524,잠실나루,강남,8,33
20250524,잠실나루,강남,9,41
20250524,잠실나루,강남,10,26
20250524,잠실나루,강남,11,32
20250524,잠실나루,강남,12,26
20250524,잠실나루,강남,13,37
20250524,잠실나루,강남,14,18
20250524,잠실나루,강남,15,14
20250524,잠실나루,강남,16,22
20250524,잠실나루,강남,17,36
20250524,잠실나루,강남,18,16
20250524,잠실나루,강남,19,13
20250524,잠실나루,강남,20,11
20250524,잠실나루,강남,21,3
20250524,잠실나루,강남,22,1
20250524,잠실나루,강남,23,3
20250524,잠실나루,강변(동서울터미널),5,2
20250524,잠실나루,강변(동서울터미널),6,8
20250524,잠실나루,강변(동서울터미널),7,15
20250524,잠실나루,강변(동서울터미널),8,23
20250524,잠실나루,강변(동서울터미널),9,21
20250524,잠실나루,강변(동서울터미널),10,20
20250524,잠실나루,강변(동서울터미널),11,23
20250524,잠실나루,강변(동서울터미널),12,20
20250524,잠실나루,강변(동서울터미널),13,20
20250524,잠실나루,강변(동서울터미널),14,33
20250524,잠실나루,강변(동서울터미널),15,24
20250524,잠실나루,강변(동서울터미널),16,34
20250524,잠실나루,강변(동서울터미널),17,24
20250524,잠실나루,강변(동서울터미널),18,17
20250524,잠실나루,강변(동서울터미널),19,37
20250524,잠실나루,강변(동서울터미널),20,17
20250524,잠실나루,강변(동서울터미널),21,12
20250524,잠실나루,강변(동서울터미널),22,7
20250524,잠실나루,강변(동서울터미널),23,1
20250524,잠실나루,건대입구,6,3
20250524,잠실나루,건대입구,7,1
20250524,잠실나루,건대입구,8,12
20250524,잠실나루,건대입구,9,19
20250524,잠실나루,건대입구,10,14
20250524,잠실나루,건대입구,11,16
20250524,잠실나루,건대입구,12,20
20250524,잠실나루,건대입구,13,14
20250524,잠실나루,건대입구,14,22
20250524,잠실나루,건대입구,15,30
20250524,잠실나루,건대입구,16,21
20250524,잠실나루,건대입구,17,33
20250524,잠실나루,건대입구,18,15
20250524,잠실나루,건대입구,19,13
20250524,잠실나루,건대입구,20,15
20250524,잠실나루,건대입구,21,12
20250524,잠실나루,건대입구,22,5
20250524,잠실나루,건대입구,23,5
20250524,잠실나루,교대(법원.검찰청),5,1
20250524,잠실나루,교대(법원.검찰청),6,7
20250524,잠실나루,교대(법원.검찰청),7,5
20250524,잠실나루,교대(법원.검찰청),8,4
20250524,잠실나루,교대(법원.검찰청),9,13
20250524,잠실나루,교대(법원.검찰청),10,11
20250524,잠실나루,교대(법원.검찰청),11,17
20250524,잠실나루,교대(법원.검찰청),12,15
20250524,잠실나루,교대(법원.검찰청),13,14
20250524,잠실나루,교대(법원.검찰청),14,9
20250524,잠실나루,교대(법원.검찰청),15,7
20250524,잠실나루,교대(법원.검찰청),16,8
20250524,잠실나루,교대(법원.검찰청),17,10
20250524,잠실나루,교대(법원.검찰청),18,4
20250524,잠실나루,교대(법원.검찰청),19,2
20250524,잠실나루,교대(법원.검찰청),20,1
20250524,잠실나루,교대(법원.검찰청),22,1
20250524,잠실나루,구로디지털단지,5,2
20250524,잠실나루,구로디지털단지,7,3
20250524,잠실나루,구로디지털단지,8,4
20250524,잠실나루,구로디지털단지,9,3
20250524,잠실나루,구로디지털단지,10,2
20250524,잠실나루,구로디지털단지,11,3
20250524,잠실나루,구로디지털단지,12,5
20250524,잠실나루,구로디지털단지,13,4
20250524,잠실나루,구로디지털단지,14,6
20250524,잠실나루,구로디지털단지,15,15
20250524,잠실나루,구로디지털단지,16,17
20250524,잠실나루,구로디지털단지,17,6
20250524,잠실나루,구로디지털단지,18,4
20250524,잠실나루,구로디지털단지,19,4
20250524,잠실나루,구로디지털단지,20,8
20250524,잠실나루,구로디지털단지,21,3
20250524,잠실나루,구로디지털단지,22,4
20250524,잠실나루,구의(광진구청),5,1
20250524,잠실나루,구의(광진구청),6,4
20250524,잠실나루,구의(광진구청),7,2
20250524,잠실나루,구의(광진구청),8,12
20250524,잠실나루,구의(광진구청),9,23
20250524,잠실나루,구의(광진구청),10,19
20250524,잠실나루,구의(광진구청),11,13
20250524,잠실나루,구의(광진구청),12,38
20250524,잠실나루,구의(광진구청),13,20
20250524,잠실나루,구의(광진구청),14,20
20250524,잠실나루,구의(광진구청),15,15
20250524,잠실나루,구의(광진구청),16,23
20250524,잠실나루,구의(광진구청),17,18
20250524,잠실나루,구의(광진구청),18,11
20250524,잠실나루,구의(광진구청),19,9
20250524,잠실나루,구의(광진구청),20,14
20250524,잠실나루,구의(광진구청),21,5
20250524,잠실나루,구의(광진구청),22,4
20250524,잠실나루,구의(광진구청),23,3
20250524,잠실나루,낙성대,7,2
20250524,잠실나루,낙성대,8,2
20250524,잠실나루,낙성대,9,6
20250524,잠실나루,낙성대,10,4
20250524,잠실나루,낙성대,11,3
20250524,잠실나루,낙성대,12,1
20250524,잠실나루,낙성대,13,6
20250524,잠실나루,낙성대,15,4
20250524,잠실나루,낙성대,16,4
20250524,잠실나루,낙성대,17,4
20250524,잠실나루,낙성대,18,2
20250524,잠실나루,낙성대,19,3
20250524,잠실나루,낙성대,20,3
20250524,잠실나루,낙성대,21,1
20250524,잠실나루,낙성대,22,3
20250524,잠실나루,당산,6,2
20250524,잠실나루,당산,7,2
20250524,잠실나루,당산,8,2
20250524,잠실나루,당산,9,1
20250524,잠실나루,당산,10,1
20250524,잠실나루,당산,11,2
20250524,잠실나루,당산,12,3
20250524,잠실나루,당산,13,2
20250524,잠실나루,당산,14,1
20250524,잠실나루,당산,17,1
20250524,잠실나루,당산,18,1
20250524,잠실나루,당산,20,2
20250524,잠실나루,당산,21,3
20250524,잠실나루,당산,22,1
20250524,잠실나루,대림(구로구청),5,1
20250524,잠실나루,대림(구로구청),7,2
20250524,잠실나루,대림(구로구청),8,2
20250524,잠실나루,대림(구로구청),10,1
20250524,잠실나루,대림(구로구청),11,3
20250524,잠실나루,대림(구로구청),12,3
20250524,잠실나루,대림(구로구청),13,1
20250524,잠실나루,대림(구로구청),14,5
20250524,잠실나루,대림(구로구청),15,7
20250524,잠실나루,대림(구로구청),16,23
20250524,잠실나루,대림(구로구청),17,1
20250524,잠실나루,대림(구로구청),18,2
20250524,잠실나루,대림(구로구청),19,3
20250524,잠실나루,대림(구로구청),20,1
20250524,잠실나루,대림(구로구청),21,3
20250524,잠실나루,동대문역사문화공원,6,3
20250524,잠실나루,동대문역사문화공원,7,5
20250524,잠실나루,동대문역사문화공원,8,2
20250524,잠실나루,동대문역사문화공원,9,5
20250524,잠실나루,동대문역사문화공원,10,10
20250524,잠실나루,동대문역사문화공원,11,13
20250524,잠실나루,동대문역사문화공원,12,4
20250524,잠실나루,동대문역사문화공원,13,4
20250524,잠실나루,동대문역사문화공원,14,12
20250524,잠실나루,동대문역사문화공원,15,3
20250524,잠실나루,동대문역사문화공원,16,8
20250524,잠실나루,동대문역사문화공원,17,4
20250524,잠실나루,동대문역사문화공원,18,4
20250524,잠실나루,동대문역사문화공원,20,2
20250524,잠실나루,동대문역사문화공원,21,1
20250524,잠실나루,뚝섬,5,1
20250524,잠실나루,뚝섬,6,2
20250524,잠실나루,뚝섬,7,1
20250524,잠실나루,뚝섬,8,2
20250524,잠실나루,뚝섬,9,5
20250524,잠실나루,뚝섬,10,10
20250524,잠실나루,뚝섬,11,15
20250524,잠실나루,뚝섬,12,8
20250524,잠실나루,뚝섬,13,11
20250524,잠실나루,뚝섬,14,6
20250524,잠실나루,뚝섬,15,6
20250524,잠실나루,뚝섬,16,12
20250524,잠실나루,뚝섬,17,9
20250524,잠실나루,뚝섬,18,4
20250524,잠실나루,뚝섬,19,5
20250524,잠실나루,뚝섬,20,2
20250524,잠실나루,뚝섬,22,2
20250524,잠실나루,뚝섬,23,1
20250524,잠실나루,문래,7,1
20250524,잠실나루,문래,9,2
20250524,잠실나루,문래,10,2
20250524,잠실나루,문래,11,3
20250524,잠실나루,문래,12,2
20250524,잠실나루,문래,13,3
20250524,잠실나루,문래,14,1
20250524,잠실나루,문래,15,3
20250524,잠실나루,문래,17,2
20250524,잠실나루,문래,23,1
20250524,잠실나루,방배,5,1
20250524,잠실나루,방배,8,1
20250524,잠실나루,방배,9,1
20250524,잠실나루,방배,10,2
20250524,잠실나루,방배,11,5
20250524,잠실나루,방배,12,5
20250524,잠실나루,방배,13,1
20250524,잠실나루,방배,14,3
20250524,잠실나루,방배,15,1
20250524,잠실나루,방배,16,2
20250524,잠실나루,방배,17,1
20250524,잠실나루,방배,18,2
20250524,잠실나루,방배,19,1
20250524,잠실나루,방배,20,1
20250524,잠실나루,방배,21,1
20250524,잠실나루,방배,23,3
20250524,잠실나루,봉천,7,3
20250524,잠실나루,봉천,8,1
20250524,잠실나루,봉천,9,3
20250524,잠실나루,봉천,10,1
20250524,잠실나루,봉천,11,1
20250524,잠실나루,봉천,12,3
20250524,잠실나루,봉천,13,1
20250524,잠실나루,봉천,14,2
20250524,잠실나루,봉천,15,4
20250524,잠실나루,봉천,16,7
20250524,잠실나루,봉천,17,5
20250524,잠실나루,봉천,18,1
20250524,잠실나루,봉천,20,5
20250524,잠실나루,봉천,22,2
20250524,잠실나루,사당,5,3
20250524,잠실나루,사당,6,8
20250524,잠실나루,사당,7,3
20250524,잠실나루,사당,8,8
20250524,잠실나루,사당,9,4
20250524,잠실나루,사당,10,7
20250524,잠실나루,사당,11,10
20250524,잠실나루,사당,12,16
20250524,잠실나루,사당,13,8
20250524,잠실나루,사당,14,9
20250524,잠실나루,사당,15,8
20250524,잠실나루,사당,16,15
20250524,잠실나루,사당,17,22
20250524,잠실나루,사당,18,4
20250524,잠실나루,사당,19,3
20250524,잠실나루,사당,20,10
20250524,잠실나루,사당,21,6
20250524,잠실나루,사당,22,2
20250524,잠실나루,사당,23,3
20250524,잠실나루,삼성(무역센터),5,1
20250524,잠실나루,삼성(무역센터),6,4
20250524,잠실나루,삼성(무역센터),7,7
20250524,잠실나루,삼성(무역센터),8,15
20250524,잠실나루,삼성(무역센터),9,21
20250524,잠실나루,삼성(무역센터),10,20
20250524,잠실나루,삼성(무역센터),11,30
20250524,잠실나루,삼성(무역센터),12,28
20250524,잠실나루,삼성(무역센터),13,24
20250524,잠실나루,삼성(무역센터),14,13
20250524,잠실나루,삼성(무역센터),15,19
20250524,잠실나루,삼성(무역센터),16,23
20250524,잠실나루,삼성(무역센터),17,13
20250524,잠실나루,삼성(무역센터),18,8
20250524,잠실나루,삼성(무역센터),19,7
20250524,잠실나루,삼성(무역센터),20,6
20250524,잠실나루,삼성(무역센터),21,1
20250524,잠실나루,삼성(무역센터),23,1
20250524,잠실나루,상왕십리,5,1
20250524,잠실나루,상왕십리,6,1
20250524,잠실나루,상왕십리,7,3
20250524,잠실나루,상왕십리,8,3
20250524,잠실나루,상왕십리,9,3
20250524,잠실나루,상왕십리,10,2
20250524,잠실나루,상왕십리,11,6
20250524,잠실나루,상왕십리,12,7
20250524,잠실나루,상왕십리,13,3
20250524,잠실나루,상왕십리,14,3
20250524,잠실나루,상왕십리,15,7
20250524,잠실나루,상왕십리,16,7
20250524,잠실나루,상왕십리,17,6
20250524,잠실나루,상왕십리,18,2
20250524,잠실나루,상왕십리,19,1
20250524,잠실나루,상왕십리,20,2
20250524,잠실나루,상왕십리,22,1
20250524,잠실나루,서울대입구(관악구청),5,2
20250524,잠실나루,서울대입구(관악구청),6,2
20250524,잠실나루,서울대입구(관악구청),7,6
20250524,잠실나루,서울대입구(관악구청),8,14
20250524,잠실나루,서울대입구(관악구청),9,4
20250524,잠실나루,서울대입구(관악구청),10,3
20250524,잠실나루,서울대입구(관악구청),11,4
20250524,잠실나루,서울대입구(관악구청),12,9
20250524,잠실나루,서울대입구(관악구청),13,6
20250524,잠실나루,서울대입구(관악구청),14,5
20250524,잠실나루,서울대입구(관악구청),15,4
20250524,잠실나루,서울대입구(관악구청),16,9
20250524,잠실나루,서울대입구(관악구청),17,12
20250524,잠실나루,서울대입구(관악구청),18,7
20250524,잠실나루,서울대입구(관악구청),19,4
20250524,잠실나루,서울대입구(관악구청),20,5
20250524,잠실나루,서울대입구(관악구청),21,4
20250524,잠실나루,서울대입구(관악구청),22,3
20250524,잠실나루,서울대입구(관악구청),23,3
20250524,잠실나루,서초,5,4
20250524,잠실나루,서초,6,12
20250524,잠실나루,서초,7,3
20250524,잠실나루,서초,8,7
20250524,잠실나루,서초,9,6
20250524,잠실나루,서초,10,4
20250524,잠실나루,서초,11,2
20250524,잠실나루,서초,12,10
20250524,잠실나루,서초,13,4
20250524,잠실나루,서초,14,8
20250524,잠실나루,서초,15,6
20250524,잠실나루,서초,16,4
20250524,잠실나루,서초,17,1
20250524,잠실나루,서초,20,2
20250524,잠실나루,서초,23,1
20250524,잠실나루,선릉,5,1
20250524,잠실나루,선릉,6,4
20250524,잠실나루,선릉,7,14
20250524,잠실나루,선릉,8,17
20250524,잠실나루,선릉,9,19
20250524,잠실나루,선릉,10,15
20250524,잠실나루,선릉,11,12
20250524,잠실나루,선릉,12,20
20250524,잠실나루,선릉,13,28
20250524,잠실나루,선릉,14,11
20250524,잠실나루,선릉,15,12
20250524,잠실나루,선릉,16,10
20250524,잠실나루,선릉,17,13
20250524,잠실나루,선릉,18,5
20250524,잠실나루,선릉,19,7
20250524,잠실나루,선릉,21,3
20250524,잠실나루,선릉,22,4
20250524,잠실나루,성수,5,1
20250524,잠실나루,성수,6,1
20250524,잠실나루,성수,7,5
20250524,잠실나루,성수,8,6
20250524,잠실나루,성수,9,3
20250524,잠실나루,성수,10,11
20250524,잠실나루,성수,11,15
20250524,잠실나루,성수,12,17
20250524,잠실나루,성수,13,15
20250524,잠실나루,성수,14,16
20250524,잠실나루,성수,15,23
20250524,잠실나루,성수,16,12
20250524,잠실나루,성수,17,7
20250524,잠실나루,성수,18,15
20250524,잠실나루,성수,19,2
20250524,잠실나루,성수,20,2
20250524,잠실나루,성수,21,1
20250524,잠실나루,성수,22,1
20250524,잠실나루,성수,23,3
20250524,잠실나루,시청,5,3
20250524,잠실나루,시청,6,2
20250524,잠실나루,시청,7,2
20250524,잠실나루,시청,8,7
20250524,잠실나루,시청,9,9
20250524,잠실나루,시청,10,9
20250524,잠실나루,시청,11,12
20250524,잠실나루,시청,12,9
20250524,잠실나루,시청,13,3
20250524,잠실나루,시청,14,10
20250524,잠실나루,시청,15,3
20250524,잠실나루,시청,16,6
20250524,잠실나루,시청,17,3
20250524,잠실나루,시청,18,2
20250524,잠실나루,시청,19,1
20250524,잠실나루,시청,20,2
20250524,잠실나루,시청,21,1
20250524,잠실나루,신당,6,1
20250524,잠실나루,신당,7,3
20250524,잠실나루,신당,8,4
20250524,잠실나루,신당,9,2
20250524,잠실나루,신당,10,2
20250524,잠실나루,신당,11,3
20250524,잠실나루,신당,12,2
20250524,잠실나루,신당,13,5
20250524,잠실나루,신당,14,5
20250524,잠실나루,신당,15,4
20250524,잠실나루,신당,16,3
20250524,잠실나루,신당,17,2
20250524,잠실나루,신당,18,1
20250524,잠실나루,신당,19,4
20250524,잠실나루,신당,20,2
20250524,잠실나루,신당,21,3
20250524,잠실나루,신당,22,1
20250524,잠실나루,신대방,7,2
20250524,잠실나루,신대방,9,1
20250524,잠실나루,신대방,10,3
20250524,잠실나루,신대방,11,4
20250524,잠실나루,신대방,12,2
20250524,잠실나루,신대방,13,1
20250524,잠실나루,신대방,15,3
20250524,잠실나루,신대방,16,6
20250524,잠실나루,신대방,17,4
20250524,잠실나루,신대방,18,2
20250524,잠실나루,신대방,19,1
20250524,잠실나루,신대방,20,2
20250524,잠실나루,신대방,21,1
20250524,잠실나루,신대방,22,1
20250524,잠실나루,신대방,23,1
20250524,잠실나루,신도림,9,2
20250524,잠실나루,신도림,10,4
20250524,잠실나루,신도림,11,8
20250524,잠실나루,신도림,12,7
20250524,잠실나루,신도림,13,9
20250524,잠실나루,신도림,14,5
20250524,잠실나루,신도림,15,6
20250524,잠실나루,신도림,16,12
20250524,잠실나루,신도림,17,9
20250524,잠실나루,신도림,18,2
20250524,잠실나루,신도림,19,1
20250524,잠실나루,신도림,20,3
20250524,잠실나루,신도림,21,1
20250524,잠실나루,신도림,22,3
20250524,잠실나루,신도림,23,3
20250524,잠실나루,신림,6,2
20250524,잠실나루,신림,7,3
20250524,잠실나루,신림,8,5
20250524,잠실나루,신림,9,1
20250524,잠실나루,신림,10,3
20250524,잠실나루,신림,11,8
20250524,잠실나루,신림,12,6
20250524,잠실나루,신림,13,2
20250524,잠실나루,신림,14,8
20250524,잠실나루,신림,15,10
20250524,잠실나루,신림,16,15
20250524,잠실나루,신림,17,4
20250524,잠실나루,신림,18,6
20250524,잠실나루,신림,19,5
20250524,잠실나루,신림,20,3
20250524,잠실나루,신림,21,4
20250524,잠실나루,신림,22,3
20250524,잠실나루,신촌,7,6
20250524,잠실나루,신촌,8,7
20250524,잠실나루,신촌,9,5
20250524,잠실나루,신촌,10,12
20250524,잠실나루,신촌,11,20
20250524,잠실나루,신촌,12,13
20250524,잠실나루,신촌,13,12
20250524,잠실나루,신촌,14,11
20250524,잠실나루,신촌,15,9
20250524,잠실나루,신촌,16,5
20250524,잠실나루,신촌,17,3
20250524,잠실나루,신촌,18,3
20250524,잠실나루,신촌,19,7
20250524,잠실나루,신촌,20,2
20250524,잠실나루,신촌,22,2
20250524,잠실나루,아현,7,1
20250524,잠실나루,아현,8,2
20250524,잠실나루,아현,9,2
20250524,잠실나루,아현,11,1
20250524,잠실나루,아현,14,1
20250524,잠실나루,아현,15,6
20250524,잠실나루,아현,16,2
20250524,잠실나루,아현,17,2
20250524,잠실나루,아현,20,1
20250524,잠실나루,아현,23,2
20250524,잠실나루,역삼,5,2
20250524,잠실나루,역삼,6,2
20250524,잠실나루,역삼,7,10
20250524,잠실나루,역삼,8,11
20250524,잠실나루,역삼,9,8
20250524,잠실나루,역삼,10,5
20250524,잠실나루,역삼,11,8
20250524,잠실나루,역삼,12,15
20250524,잠실나루,역삼,13,16
20250524,잠실나루,역삼,14,9
20250524,잠실나루,역삼,15,7
20250524,잠실나루,역삼,16,13
20250524,잠실나루,역삼,17,5
20250524,잠실나루,역삼,19,2
20250524,잠실나루,역삼,20,3
20250524,잠실나루,역삼,22,3
20250524,잠실나루,역삼,23,2
20250524,잠실나루,영등포구청,6,1
20250524,잠실나루,영등포구청,8,1
20250524,잠실나루,영등포구청,9,1
20250524,잠실나루,영등포구청,10,1
20250524,잠실나루,영등포구청,12,1
20250524,잠실나루,영등포구청,13,1
20250524,잠실나루,영등포구청,14,2
20250524,잠실나루,영등포구청,15,2
20250524,잠실나루,영등포구청,16,3
20250524,잠실나루,영등포구청,17,2
20250524,잠실나루,영등포구청,18,3
20250524,잠실나루,영등포구청,21,1
20250524,잠실나루,왕십리(성동구청),5,1
20250524,잠실나루,왕십리(성동구청),6,3
20250524,잠실나루,왕십리(성동구청),8,4
20250524,잠실나루,왕십리(성동구청),9,1
20250524,잠실나루,왕십리(성동구청),10,2
20250524,잠실나루,왕십리(성동구청),11,9
20250524,잠실나루,왕십리(성동구청),12,7
20250524,잠실나루,왕십리(성동구청),13,5
20250524,잠실나루,왕십리(성동구청),14,5
20250524,잠실나루,왕십리(성동구청),15,5
20250524,잠실나루,왕십리(성동구청),16,7
20250524,잠실나루,왕십리(성동구청),17,4
20250524,잠실나루,왕십리(성동구청),18,5
20250524,잠실나루,왕십리(성동구청),21,1
20250524,잠실나루,왕십리(성동구청),23,1
20250524,잠실나루,용두(동대문구청),9,3
20250524,잠실나루,용두(동대문구청),10,2
20250524,잠실나루,용두(동대문구청),11,1
20250524,잠실나루,용두(동대문구청),12,1
20250524,잠실나루,용두(동대문구청),13,3
20250524,잠실나루,용두(동대문구청),14,2
20250524,잠실나루,용두(동대문구청),15,2
20250524,잠실나루,용두(동대문구청),16,8
20250524,잠실나루,용두(동대문구청),17,1
20250524,잠실나루,용두(동대문구청),20,2
20250524,잠실나루,을지로3가,5,1
20250524,잠실나루,을지로3가,6,4
20250524,잠실나루,을지로3가,7,2
20250524,잠실나루,을지로3가,8,3
20250524,잠실나루,을지로3가,9,8
20250524,잠실나루,을지로3가,10,10
20250524,잠실나루,을지로3가,11,9
20250524,잠실나루,을지로3가,12,7
20250524,잠실나루,을지로3가,13,1
20250524,잠실나루,을지로3가,14,5
20250524,잠실나루,을지로3가,15,3
20250524,잠실나루,을지로3가,16,7
20250524,잠실나루,을지로3가,17,7
20250524,잠실나루,을지로3가,18,1
20250524,잠실나루,을지로3가,20,5
20250524,잠실나루,을지로3가,21,2
20250524,잠실나루,을지로4가,4,1
20250524,잠실나루,을지로4가,6,2
20250524,잠실나루,을지로4가,7,4
20250524,잠실나루,을지로4가,8,3
20250524,잠실나루,을지로4가,9,4
20250524,잠실나루,을지로4가,10,4
20250524,잠실나루,을지로4가,11,5
20250524,잠실나루,을지로4가,12,5
20250524,잠실나루,을지로4가,13,2
20250524,잠실나루,을지로4가,14,11
20250524,잠실나루,을지로4가,15,7
20250524,잠실나루,을지로4가,16,10
20250524,잠실나루,을지로4가,18,2
20250524,잠실나루,을지로4가,19,1
20250524,잠실나루,을지로입구,6,1
20250524,잠실나루,을지로입구,7,8
20250524,잠실나루,을지로입구,8,9
20250524,잠실나루,을지로입구,9,21
20250524,잠실나루,을지로입구,10,14
20250524,잠실나루,을지로입구,11,17
20250524,잠실나루,을지로입구,12,9
20250524,잠실나루,을지로입구,13,6
20250524,잠실나루,을지로입구,14,13
20250524,잠실나루,을지로입구,15,2
20250524,잠실나루,을지로입구,16,9
20250524,잠실나루,을지로입구,17,6
20250524,잠실나루,을지로입구,18,4
20250524,잠실나루,을지로입구,19,2
20250524,잠실나루,을지로입구,20,1
20250524,잠실나루,을지로입구,23,1
20250524,잠실나루,이대,7,7
20250524,잠실나루,이대,8,8
20250524,잠실나루,이대,9,5
20250524,잠실나루,이대,10,4
20250524,잠실나루,이대,11,5
20250524,잠실나루,이대,12,5
20250524,잠실나루,이대,13,3
20250524,잠실나루,이대,14,5
20250524,잠실나루,이대,15,3
20250524,잠실나루,이대,16,5
20250524,잠실나루,이대,17,2
20250524,잠실나루,잠실(송파구청),5,3
20250524,잠실나루,잠실(송파구청),6,11
20250524,잠실나루,잠실(송파구청),7,16
20250524,잠실나루,잠실(송파구청),8,13
20250524,잠실나루,잠실(송파구청),9,28
20250524,잠실나루,잠실(송파구청),10,47
20250524,잠실나루,잠실(송파구청),11,74
20250524,잠실나루,잠실(송파구청),12,47
20250524,잠실나루,잠실(송파구청),13,44
20250524,잠실나루,잠실(송파구청),14,48
20250524,잠실나루,잠실(송파구청),15,63
20250524,잠실나루,잠실(송파구청),16,56
20250524,잠실나루,잠실(송파구청),17,41
20250524,잠실나루,잠실(송파구청),18,34
20250524,잠실나루,잠실(송파구청),19,23
20250524,잠실나루,잠실(송파구청),20,13
20250524,잠실나루,잠실(송파구청),21,13
20250524,잠실나루,잠실(송파구청),22,4
20250524,잠실나루,잠실(송파구청),23,2
20250524,잠실나루,잠실나루,5,1
20250524,잠실나루,잠실나루,8,3
20250524,잠실나루,잠실나루,9,6
20250524,잠실나루,잠실나루,10,3
20250524,잠실나루,잠실나루,11,6
20250524,잠실나루,잠실나루,12,6
20250524,잠실나루,잠실나루,13,9
20250524,잠실나루,잠실나루,14,3
20250524,잠실나루,잠실나루,15,8
20250524,잠실나루,잠실나루,16,3
20250524,잠실나루,잠실나루,17,4
20250524,잠실나루,잠실나루,18,2
20250524,잠실나루,잠실나루,19,2
20250524,잠실나루,잠실나루,20,4
20250524,잠실나루,잠실나루,21,1
20250524,잠실나루,잠실나루,22,2
20250524,잠실나루,잠실나루,23,3
20250524,잠실나루,잠실새내,5,1
20250524,잠실나루,잠실새내,6,5
20250524,잠실나루,잠실새내,7,8
20250524,잠실나루,잠실새내,8,25
20250524,잠실나루,잠실새내,9,38
20250524,잠실나루,잠실새내,10,31
20250524,잠실나루,잠실새내,11,34
20250524,잠실나루,잠실새내,12,26
20250524,잠실나루,잠실새내,13,35
20250524,잠실나루,잠실새내,14,40
20250524,잠실나루,잠실새내,15,29
20250524,잠실나루,잠실새내,16,29
20250524,잠실나루,잠실새내,17,68
20250524,잠실나루,잠실새내,18,16
20250524,잠실나루,잠실새내,19,10
20250524,잠실나루,잠실새내,20,9
20250524,잠실나루,잠실새내,21,9
20250524,잠실나루,잠실새내,22,4
20250524,잠실나루,잠실새내,23,2
20250524,잠실나루,종합운동장,5,1
20250524,잠실나루,종합운동장,6,5
20250524,잠실나루,종합운동장,7,5
20250524,잠실나루,종합운동장,8,10
20250524,잠실나루,종합운동장,9,4
20250524,잠실나루,종합운동장,10,6
20250524,잠실나루,종합운동장,11,2
20250524,잠실나루,종합운동장,12,11
20250524,잠실나루,종합운동장,13,8
20250524,잠실나루,종합운동장,14,9
20250524,잠실나루,종합운동장,15,10
20250524,잠실나루,종합운동장,16,37
20250524,잠실나루,종합운동장,17,4
20250524,잠실나루,종합운동장,18,4
20250524,잠실나루,종합운동장,22,1
20250524,잠실나루,충정로(경기대입구),8,3
20250524,잠실나루,충정로(경기대입구),9,2
20250524,잠실나루,충정로(경기대입구),10,2
20250524,잠실나루,충정로(경기대입구),11,2
20250524,잠실나루,충정로(경기대입구),12,6
20250524,잠실나루,충정로(경기대입구),13,1
20250524,잠실나루,충정로(경기대입구),14,3
20250524,잠실나루,충정로(경기대입구),15,2
20250524,잠실나루,충정로(경기대입구),16,7
20250524,잠실나루,충정로(경기대입구),17,2
20250524,잠실나루,충정로(경기대입구),18,5
20250524,잠실나루,한양대,5,1
20250524,잠실나루,한양대,6,1
20250524,잠실나루,한양대,7,2
20250524,잠실나루,한양대,8,11
20250524,잠실나루,한양대,9,6
20250524,잠실나루,한양대,10,3
20250524,잠실나루,한양대,11,2
20250524,잠실나루,한양대,12,6
20250524,잠실나루,한양대,13,2
20250524,잠실나루,한양대,14,5
20250524,잠실나루,한양대,15,3
20250524,잠실나루,한양대,16,4
20250524,잠실나루,한양대,17,3
20250524,잠실나루,한양대,19,1
20250524,잠실나루,한양대,20,4
20250524,잠실나루,한양대,22,1
20250524,잠실나루,합정,6,3
20250524,잠실나루,합정,7,2
20250524,잠실나루,합정,8,3
20250524,잠실나루,합정,9,2
20250524,잠실나루,합정,10,3
20250524,잠실나루,합정,11,5
20250524,잠실나루,합정,12,5
20250524,잠실나루,합정,13,1
20250524,잠실나루,합정,14,2
20250524,잠실나루,합정,15,6
20250524,잠실나루,합정,16,5
20250524,잠실나루,합정,17,5
20250524,잠실나루,합정,18,3
20250524,잠실나루,합정,19,3
20250524,잠실나루,합정,20,1
20250524,잠실나루,합정,23,1
20250524,잠실나루,홍대입구,7,2
20250524,잠실나루,홍대입구,8,6
20250524,잠실나루,홍대입구,9,7
20250524,잠실나루,홍대입구,10,13
20250524,잠실나루,홍대입구,11,13
20250524,잠실나루,홍대입구,12,17
20250524,잠실나루,홍대입구,13,13
20250524,잠실나루,홍대입구,14,9
20250524,잠실나루,홍대입구,15,11
20250524,잠실나루,홍대입구,16,12
20250524,잠실나루,홍대입구,17,13
20250524,잠실나루,홍대입구,18,5
20250524,잠실나루,홍대입구,19,3
20250524,잠실나루,홍대입구,20,6
20250524,잠실나루,홍대입구,21,4
20250524,잠실나루,홍대입구,22,1
20250524,잠실나루,홍대입구,23,2
20250524,잠실새내,강남,5,10
20250524,잠실새내,강남,6,12
20250524,잠실새내,강남,7,39
20250524,잠실새내,강남,8,69
20250524,잠실새내,강남,9,111
20250524,잠실새내,강남,10,77
20250524,잠실새내,강남,11,85
20250524,잠실새내,강남,12,86
20250524,잠실새내,강남,13,76
20250524,잠실새내,강남,14,67
20250524,잠실새내,강남,15,72
20250524,잠실새내,강남,16,65
20250524,잠실새내,강남,17,61
20250524,잠실새내,강남,18,41
20250524,잠실새내,강남,19,38
20250524,잠실새내,강남,20,58
20250524,잠실새내,강남,21,39
20250524,잠실새내,강남,22,51
20250524,잠실새내,강남,23,46
20250524,잠실새내,강변(동서울터미널),5,8
20250524,잠실새내,강변(동서울터미널),6,10
20250524,잠실새내,강변(동서울터미널),7,14
20250524,잠실새내,강변(동서울터미널),8,35
20250524,잠실새내,강변(동서울터미널),9,31
20250524,잠실새내,강변(동서울터미널),10,32
20250524,잠실새내,강변(동서울터미널),11,40
20250524,잠실새내,강변(동서울터미널),12,32
20250524,잠실새내,강변(동서울터미널),13,24
20250524,잠실새내,강변(동서울터미널),14,27
20250524,잠실새내,강변(동서울터미널),15,28
20250524,잠실새내,강변(동서울터미널),16,42
20250524,잠실새내,강변(동서울터미널),17,32
20250524,잠실새내,강변(동서울터미널),18,34
20250524,잠실새내,강변(동서울터미널),19,32
20250524,잠실새내,강변(동서울터미널),20,40
20250524,잠실새내,강변(동서울터미널),21,28
20250524,잠실새내,강변(동서울터미널),22,23
20250524,잠실새내,강변(동서울터미널),23,15
20250524,잠실새내,건대입구,5,2
20250524,잠실새내,건대입구,6,2
20250524,잠실새내,건대입구,7,8
20250524,잠실새내,건대입구,8,13
20250524,잠실새내,건대입구,9,18
20250524,잠실새내,건대입구,10,23
20250524,잠실새내,건대입구,11,42
20250524,잠실새내,건대입구,12,42
20250524,잠실새내,건대입구,13,40
20250524,잠실새내,건대입구,14,36
20250524,잠실새내,건대입구,15,35
20250524,잠실새내,건대입구,16,47
20250524,잠실새내,건대입구,17,47
20250524,잠실새내,건대입구,18,25
20250524,잠실새내,건대입구,19,24
20250524,잠실새내,건대입구,20,27
20250524,잠실새내,건대입구,21,42
20250524,잠실새내,건대입구,22,41
20250524,잠실새내,건대입구,23,26
20250524,잠실새내,교대(법원.검찰청),5,1
20250524,잠실새내,교대(법원.검찰청),6,16
20250524,잠실새내,교대(법원.검찰청),7,10
20250524,잠실새내,교대(법원.검찰청),8,18
20250524,잠실새내,교대(법원.검찰청),9,26
20250524,잠실새내,교대(법원.검찰청),10,15
20250524,잠실새내,교대(법원.검찰청),11,23
20250524,잠실새내,교대(법원.검찰청),12,29
20250524,잠실새내,교대(법원.검찰청),13,30
20250524,잠실새내,교대(법원.검찰청),14,17
20250524,잠실새내,교대(법원.검찰청),15,8
20250524,잠실새내,교대(법원.검찰청),16,22
20250524,잠실새내,교대(법원.검찰청),17,22
20250524,잠실새내,교대(법원.검찰청),18,8
20250524,잠실새내,교대(법원.검찰청),19,12
20250524,잠실새내,교대(법원.검찰청),20,6
20250524,잠실새내,교대(법원.검찰청),21,17
20250524,잠실새내,교대(법원.검찰청),22,14
20250524,잠실새내,교대(법원.검찰청),23,7
20250524,잠실새내,구로디지털단지,5,2
20250524,잠실새내,구로디지털단지,6,5
20250524,잠실새내,구로디지털단지,7,3
20250524,잠실새내,구로디지털단지,8,7
20250524,잠실새내,구로디지털단지,9,8
20250524,잠실새내,구로디지털단지,10,7
20250524,잠실새내,구로디지털단지,11,9
20250524,잠실새내,구로디지털단지,12,13
20250524,잠실새내,구로디지털단지,13,9
20250524,잠실새내,구로디지털단지,14,9
20250524,잠실새내,구로디지털단지,15,6
20250524,잠실새내,구로디지털단지,16,10
20250524,잠실새내,구로디지털단지,17,4
20250524,잠실새내,구로디지털단지,18,11
20250524,잠실새내,구로디지털단지,19,14
20250524,잠실새내,구로디지털단지,20,22
20250524,잠실새내,구로디지털단지,21,20
20250524,잠실새내,구로디지털단지,22,25
20250524,잠실새내,구로디지털단지,23,9
20250524,잠실새내,구의(광진구청),6,5
20250524,잠실새내,구의(광진구청),7,8
20250524,잠실새내,구의(광진구청),8,15
20250524,잠실새내,구의(광진구청),9,19
20250524,잠실새내,구의(광진구청),10,18
20250524,잠실새내,구의(광진구청),11,28
20250524,잠실새내,구의(광진구청),12,16
20250524,잠실새내,구의(광진구청),13,24
20250524,잠실새내,구의(광진구청),14,29
20250524,잠실새내,구의(광진구청),15,16
20250524,잠실새내,구의(광진구청),16,20
20250524,잠실새내,구의(광진구청),17,16
20250524,잠실새내,구의(광진구청),18,22
20250524,잠실새내,구의(광진구청),19,11
20250524,잠실새내,구의(광진구청),20,13
20250524,잠실새내,구의(광진구청),21,22
20250524,잠실새내,구의(광진구청),22,28
20250524,잠실새내,구의(광진구청),23,8
20250524,잠실새내,낙성대,5,1
20250524,잠실새내,낙성대,6,2
20250524,잠실새내,낙성대,7,5
20250524,잠실새내,낙성대,8,4
20250524,잠실새내,낙성대,9,6
20250524,잠실새내,낙성대,10,5
20250524,잠실새내,낙성대,11,9
20250524,잠실새내,낙성대,12,10
20250524,잠실새내,낙성대,13,14
20250524,잠실새내,낙성대,14,12
20250524,잠실새내,낙성대,15,14
20250524,잠실새내,낙성대,16,5
20250524,잠실새내,낙성대,17,3
20250524,잠실새내,낙성대,18,5
20250524,잠실새내,낙성대,19,6
20250524,잠실새내,낙성대,20,9
20250524,잠실새내,낙성대,21,8
20250524,잠실새내,낙성대,22,7
20250524,잠실새내,낙성대,23,10
20250524,잠실새내,당산,5,2
20250524,잠실새내,당산,7,1
20250524,잠실새내,당산,8,1
20250524,잠실새내,당산,10,1
20250524,잠실새내,당산,11,2
20250524,잠실새내,당산,16,1
20250524,잠실새내,당산,17,5
20250524,잠실새내,당산,19,1
20250524,잠실새내,당산,21,2
20250524,잠실새내,당산,22,4
20250524,잠실새내,대림(구로구청),5,2
20250524,잠실새내,대림(구로구청),7,2
20250524,잠실새내,대림(구로구청),8,6
20250524,잠실새내,대림(구로구청),9,4
20250524,잠실새내,대림(구로구청),10,5
20250524,잠실새내,대림(구로구청),11,4
20250524,잠실새내,대림(구로구청),12,4
20250524,잠실새내,대림(구로구청),13,6
20250524,잠실새내,대림(구로구청),14,1
20250524,잠실새내,대림(구로구청),15,4
20250524,잠실새내,대림(구로구청),16,4
20250524,잠실새내,대림(구로구청),17,4
20250524,잠실새내,대림(구로구청),18,4
20250524,잠실새내,대림(구로구청),19,4
20250524,잠실새내,대림(구로구청),20,6
20250524,잠실새내,대림(구로구청),21,3
20250524,잠실새내,대림(구로구청),22,12
20250524,잠실새내,대림(구로구청),23,5
20250524,잠실새내,동대문역사문화공원,5,1
20250524,잠실새내,동대문역사문화공원,6,2
20250524,잠실새내,동대문역사문화공원,7,2
20250524,잠실새내,동대문역사문화공원,8,4
20250524,잠실새내,동대문역사문화공원,9,7
20250524,잠실새내,동대문역사문화공원,10,12
20250524,잠실새내,동대문역사문화공원,11,26
20250524,잠실새내,동대문역사문화공원,12,15
20250524,잠실새내,동대문역사문화공원,13,32
20250524,잠실새내,동대문역사문화공원,14,13
20250524,잠실새내,동대문역사문화공원,15,13
20250524,잠실새내,동대문역사문화공원,16,17
20250524,잠실새내,동대문역사문화공원,17,7
20250524,잠실새내,동대문역사문화공원,18,2
20250524,잠실새내,동대문역사문화공원,19,2
20250524,잠실새내,동대문역사문화공원,20,4
20250524,잠실새내,동대문역사문화공원,21,11
20250524,잠실새내,동대문역사문화공원,22,11
20250524,잠실새내,동대문역사문화공원,23,2
20250524,잠실새내,뚝섬,5,1
20250524,잠실새내,뚝섬,6,1
20250524,잠실새내,뚝섬,7,8
20250524,잠실새내,뚝섬,8,8
20250524,잠실새내,뚝섬,9,11
20250524,잠실새내,뚝섬,10,18
20250524,잠실새내,뚝섬,11,17
20250524,잠실새내,뚝섬,12,8
20250524,잠실새내,뚝섬,13,26
20250524,잠실새내,뚝섬,14,16
20250524,잠실새내,뚝섬,15,10
20250524,잠실새내,뚝섬,16,10
20250524,잠실새내,뚝섬,17,19
20250524,잠실새내,뚝섬,18,7
20250524,잠실새내,뚝섬,19,8
20250524,잠실새내,뚝섬,20,5
20250524,잠실새내,뚝섬,21,6
20250524,잠실새내,뚝섬,22,6
20250524,잠실새내,뚝섬,23,1
20250524,잠실새내,문래,5,1
20250524,잠실새내,문래,6,1
20250524,잠실새내,문래,7,2
20250524,잠실새내,문래,9,4
20250524,잠실새내,문래,10,6
20250524,잠실새내,문래,11,4
20250524,잠실새내,문래,12,2
20250524,잠실새내,문래,13,3
20250524,잠실새내,문래,14,6
20250524,잠실새내,문래,15,2
20250524,잠실새내,문래,16,15
20250524,잠실새내,문래,17,8
20250524,잠실새내,문래,21,3
20250524,잠실새내,문래,22,1
20250524,잠실새내,방배,5,1
20250524,잠실새내,방배,6,4
20250524,잠실새내,방배,7,3
20250524,잠실새내,방배,8,9
20250524,잠실새내,방배,9,9
20250524,잠실새내,방배,10,12
20250524,잠실새내,방배,11,9
20250524,잠실새내,방배,12,10
20250524,잠실새내,방배,13,10
20250524,잠실새내,방배,14,6
20250524,잠실새내,방배,15,6
20250524,잠실새내,방배,16,6
20250524,잠실새내,방배,17,6
20250524,잠실새내,방배,18,3
20250524,잠실새내,방배,19,2
20250524,잠실새내,방배,20,2
20250524,잠실새내,방배,21,6
20250524,잠실새내,방배,22,2
20250524,잠실새내,방배,23,1
20250524,잠실새내,봉천,6,1
20250524,잠실새내,봉천,7,1
20250524,잠실새내,봉천,8,4
20250524,잠실새내,봉천,9,3
20250524,잠실새내,봉천,10,4
20250524,잠실새내,봉천,11,7
20250524,잠실새내,봉천,12,6
20250524,잠실새내,봉천,13,7
20250524,잠실새내,봉천,14,7
20250524,잠실새내,봉천,15,9
20250524,잠실새내,봉천,16,6
20250524,잠실새내,봉천,17,4
20250524,잠실새내,봉천,18,6
20250524,잠실새내,봉천,19,5
20250524,잠실새내,봉천,20,8
20250524,잠실새내,봉천,21,14
20250524,잠실새내,봉천,22,12
20250524,잠실새내,봉천,23,5
20250524,잠실새내,사당,5,5
20250524,잠실새내,사당,6,22
20250524,잠실새내,사당,7,18
20250524,잠실새내,사당,8,15
20250524,잠실새내,사당,9,21
20250524,잠실새내,사당,10,28
20250524,잠실새내,사당,11,23
20250524,잠실새내,사당,12,30
20250524,잠실새내,사당,13,18
20250524,잠실새내,사당,14,25
20250524,잠실새내,사당,15,22
20250524,잠실새내,사당,16,26
20250524,잠실새내,사당,17,35
20250524,잠실새내,사당,18,37
20250524,잠실새내,사당,19,17
20250524,잠실새내,사당,20,31
20250524,잠실새내,사당,21,35
20250524,잠실새내,사당,22,62
20250524,잠실새내,사당,23,28
20250524,잠실새내,삼성(무역센터),5,6
20250524,잠실새내,삼성(무역센터),6,13
20250524,잠실새내,삼성(무역센터),7,20
20250524,잠실새내,삼성(무역센터),8,22
20250524,잠실새내,삼성(무역센터),9,34
20250524,잠실새내,삼성(무역센터),10,33
20250524,잠실새내,삼성(무역센터),11,62
20250524,잠실새내,삼성(무역센터),12,52
20250524,잠실새내,삼성(무역센터),13,67
20250524,잠실새내,삼성(무역센터),14,47
20250524,잠실새내,삼성(무역센터),15,46
20250524,잠실새내,삼성(무역센터),16,65
20250524,잠실새내,삼성(무역센터),17,42
20250524,잠실새내,삼성(무역센터),18,28
20250524,잠실새내,삼성(무역센터),19,15
20250524,잠실새내,삼성(무역센터),20,15
20250524,잠실새내,삼성(무역센터),21,16
20250524,잠실새내,삼성(무역센터),22,10
20250524,잠실새내,삼성(무역센터),23,16
20250524,잠실새내,상왕십리,5,1
20250524,잠실새내,상왕십리,7,4
20250524,잠실새내,상왕십리,8,6
20250524,잠실새내,상왕십리,9,6
20250524,잠실새내,상왕십리,10,4
20250524,잠실새내,상왕십리,11,11
20250524,잠실새내,상왕십리,12,8
20250524,잠실새내,상왕십리,13,6
20250524,잠실새내,상왕십리,14,4
20250524,잠실새내,상왕십리,15,8
20250524,잠실새내,상왕십리,16,4
20250524,잠실새내,상왕십리,17,6
20250524,잠실새내,상왕십리,18,4
20250524,잠실새내,상왕십리,19,5
20250524,잠실새내,상왕십리,20,8
20250524,잠실새내,상왕십리,21,3
20250524,잠실새내,상왕십리,22,13
20250524,잠실새내,상왕십리,23,2
20250524,잠실새내,서울대입구(관악구청),5,1
20250524,잠실새내,서울대입구(관악구청),6,2
20250524,잠실새내,서울대입구(관악구청),7,6
20250524,잠실새내,서울대입구(관악구청),8,14
20250524,잠실새내,서울대입구(관악구청),9,15
20250524,잠실새내,서울대입구(관악구청),10,11
20250524,잠실새내,서울대입구(관악구청),11,16
20250524,잠실새내,서울대입구(관악구청),12,16
20250524,잠실새내,서울대입구(관악구청),13,21
20250524,잠실새내,서울대입구(관악구청),14,11
20250524,잠실새내,서울대입구(관악구청),15,10
20250524,잠실새내,서울대입구(관악구청),16,14
20250524,잠실새내,서울대입구(관악구청),17,24
20250524,잠실새내,서울대입구(관악구청),18,9
20250524,잠실새내,서울대입구(관악구청),19,19
20250524,잠실새내,서울대입구(관악구청),20,18
20250524,잠실새내,서울대입구(관악구청),21,32
20250524,잠실새내,서울대입구(관악구청),22,44
20250524,잠실새내,서울대입구(관악구청),23,30
20250524,잠실새내,서초,5,9
20250524,잠실새내,서초,6,11
20250524,잠실새내,서초,7,12
20250524,잠실새내,서초,8,6
20250524,잠실새내,서초,9,10
20250524,잠실새내,서초,10,11
20250524,잠실새내,서초,11,10
20250524,잠실새내,서초,12,22
20250524,잠실새내,서초,13,15
20250524,잠실새내,서초,14,19
20250524,잠실새내,서초,15,8
20250524,잠실새내,서초,16,8
20250524,잠실새내,서초,17,11
20250524,잠실새내,서초,18,9
20250524,잠실새내,서초,19,8
20250524,잠실새내,서초,20,3
20250524,잠실새내,서초,21,11
20250524,잠실새내,서초,22,9
20250524,잠실새내,서초,23,3
20250524,잠실새내,선릉,5,5
20250524,잠실새내,선릉,6,6
20250524,잠실새내,선릉,7,17
20250524,잠실새내,선릉,8,28
20250524,잠실새내,선릉,9,55
20250524,잠실새내,선릉,10,48
20250524,잠실새내,선릉,11,36
20250524,잠실새내,선릉,12,41
20250524,잠실새내,선릉,13,39
20250524,잠실새내,선릉,14,28
20250524,잠실새내,선릉,15,19
20250524,잠실새내,선릉,16,30
20250524,잠실새내,선릉,17,31
20250524,잠실새내,선릉,18,15
20250524,잠실새내,선릉,19,17
20250524,잠실새내,선릉,20,13
20250524,잠실새내,선릉,21,16
20250524,잠실새내,선릉,22,6
20250524,잠실새내,선릉,23,5
20250524,잠실새내,성수,5,2
20250524,잠실새내,성수,6,5
20250524,잠실새내,성수,7,2
20250524,잠실새내,성수,8,11
20250524,잠실새내,성수,9,11
20250524,잠실새내,성수,10,13
20250524,잠실새내,성수,11,31
20250524,잠실새내,성수,12,41
20250524,잠실새내,성수,13,48
20250524,잠실새내,성수,14,41
20250524,잠실새내,성수,15,20
20250524,잠실새내,성수,16,32
20250524,잠실새내,성수,17,46
20250524,잠실새내,성수,18,39
20250524,잠실새내,성수,19,10
20250524,잠실새내,성수,20,4
20250524,잠실새내,성수,21,12
20250524,잠실새내,성수,22,9
20250524,잠실새내,성수,23,15
20250524,잠실새내,시청,5,3
20250524,잠실새내,시청,6,4
20250524,잠실새내,시청,7,5
20250524,잠실새내,시청,8,7
20250524,잠실새내,시청,9,5
20250524,잠실새내,시청,10,14
20250524,잠실새내,시청,11,20
20250524,잠실새내,시청,12,16
20250524,잠실새내,시청,13,10
20250524,잠실새내,시청,14,6
20250524,잠실새내,시청,15,17
20250524,잠실새내,시청,16,8
20250524,잠실새내,시청,17,16
20250524,잠실새내,시청,18,6
20250524,잠실새내,시청,20,2
20250524,잠실새내,시청,21,4
20250524,잠실새내,시청,22,2
20250524,잠실새내,신당,5,1
20250524,잠실새내,신당,6,2
20250524,잠실새내,신당,7,5
20250524,잠실새내,신당,8,1
20250524,잠실새내,신당,9,1
20250524,잠실새내,신당,10,7
20250524,잠실새내,신당,11,10
20250524,잠실새내,신당,12,3
20250524,잠실새내,신당,13,11
20250524,잠실새내,신당,14,11
20250524,잠실새내,신당,15,3
20250524,잠실새내,신당,16,11
20250524,잠실새내,신당,17,10
20250524,잠실새내,신당,18,1
20250524,잠실새내,신당,19,2
20250524,잠실새내,신당,20,6
20250524,잠실새내,신당,21,8
20250524,잠실새내,신당,22,4
20250524,잠실새내,신당,23,3
20250524,잠실새내,신대방,7,2
20250524,잠실새내,신대방,8,3
20250524,잠실새내,신대방,9,3
20250524,잠실새내,신대방,10,3
20250524,잠실새내,신대방,11,5
20250524,잠실새내,신대방,12,4
20250524,잠실새내,신대방,13,4
20250524,잠실새내,신대방,14,3
20250524,잠실새내,신대방,15,5
20250524,잠실새내,신대방,16,3
20250524,잠실새내,신대방,17,9
20250524,잠실새내,신대방,18,7
20250524,잠실새내,신대방,19,1
20250524,잠실새내,신대방,20,4
20250524,잠실새내,신대방,21,6
20250524,잠실새내,신대방,22,4
20250524,잠실새내,신대방,23,4
20250524,잠실새내,신도림,7,5
20250524,잠실새내,신도림,8,7
20250524,잠실새내,신도림,9,4
20250524,잠실새내,신도림,10,9
20250524,잠실새내,신도림,11,12
20250524,잠실새내,신도림,12,12
20250524,잠실새내,신도림,13,11
20250524,잠실새내,신도림,14,8
20250524,잠실새내,신도림,15,8
20250524,잠실새내,신도림,16,11
20250524,잠실새내,신도림,17,8
20250524,잠실새내,신도림,18,8
20250524,잠실새내,신도림,19,6
20250524,잠실새내,신도림,20,11
20250524,잠실새내,신도림,21,12
20250524,잠실새내,신도림,22,11
20250524,잠실새내,신도림,23,5
20250524,잠실새내,신림,5,2
20250524,잠실새내,신림,6,1
20250524,잠실새내,신림,7,6
20250524,잠실새내,신림,8,10
20250524,잠실새내,신림,9,16
20250524,잠실새내,신림,10,11
20250524,잠실새내,신림,11,13
20250524,잠실새내,신림,12,12
20250524,잠실새내,신림,13,8
20250524,잠실새내,신림,14,20
20250524,잠실새내,신림,15,16
20250524,잠실새내,신림,16,12
20250524,잠실새내,신림,17,12
20250524,잠실새내,신림,18,10
20250524,잠실새내,신림,19,9
20250524,잠실새내,신림,20,16
20250524,잠실새내,신림,21,27
20250524,잠실새내,신림,22,31
20250524,잠실새내,신림,23,16
20250524,잠실새내,신촌,5,2
20250524,잠실새내,신촌,6,1
20250524,잠실새내,신촌,7,3
20250524,잠실새내,신촌,8,16
20250524,잠실새내,신촌,9,15
20250524,잠실새내,신촌,10,11
20250524,잠실새내,신촌,11,36
20250524,잠실새내,신촌,12,37
20250524,잠실새내,신촌,13,31
20250524,잠실새내,신촌,14,27
20250524,잠실새내,신촌,15,14
20250524,잠실새내,신촌,16,7
20250524,잠실새내,신촌,17,12
20250524,잠실새내,신촌,18,7
20250524,잠실새내,신촌,19,8
20250524,잠실새내,신촌,20,7
20250524,잠실새내,신촌,21,9
20250524,잠실새내,신촌,22,12
20250524,잠실새내,신촌,23,4
20250524,잠실새내,아현,7,3
20250524,잠실새내,아현,8,4
20250524,잠실새내,아현,11,1
20250524,잠실새내,아현,12,4
20250524,잠실새내,아현,13,2
20250524,잠실새내,아현,14,4
20250524,잠실새내,아현,15,1
20250524,잠실새내,아현,16,1
20250524,잠실새내,아현,17,2
20250524,잠실새내,아현,18,1
20250524,잠실새내,아현,19,3
20250524,잠실새내,아현,20,2
20250524,잠실새내,아현,21,4
20250524,잠실새내,아현,22,5
20250524,잠실새내,아현,23,3
20250524,잠실새내,역삼,5,4
20250524,잠실새내,역삼,6,3
20250524,잠실새내,역삼,7,12
20250524,잠실새내,역삼,8,22
20250524,잠실새내,역삼,9,36
20250524,잠실새내,역삼,10,38
20250524,잠실새내,역삼,11,24
20250524,잠실새내,역삼,12,32
20250524,잠실새내,역삼,13,26
20250524,잠실새내,역삼,14,17
20250524,잠실새내,역삼,15,15
20250524,잠실새내,역삼,16,23
20250524,잠실새내,역삼,17,19
20250524,잠실새내,역삼,18,9
20250524,잠실새내,역삼,19,11
20250524,잠실새내,역삼,20,15
20250524,잠실새내,역삼,21,10
20250524,잠실새내,역삼,22,8
20250524,잠실새내,역삼,23,14
20250524,잠실새내,영등포구청,5,1
20250524,잠실새내,영등포구청,8,5
20250524,잠실새내,영등포구청,10,3
20250524,잠실새내,영등포구청,11,7
20250524,잠실새내,영등포구청,12,3
20250524,잠실새내,영등포구청,13,4
20250524,잠실새내,영등포구청,14,4
20250524,잠실새내,영등포구청,15,2
20250524,잠실새내,영등포구청,16,4
20250524,잠실새내,영등포구청,17,4
20250524,잠실새내,영등포구청,18,1
20250524,잠실새내,영등포구청,19,1
20250524,잠실새내,영등포구청,20,1
20250524,잠실새내,영등포구청,21,1
20250524,잠실새내,영등포구청,22,2
20250524,잠실새내,영등포구청,23,1
20250524,잠실새내,왕십리(성동구청),5,1
20250524,잠실새내,왕십리(성동구청),6,1
20250524,잠실새내,왕십리(성동구청),7,2
20250524,잠실새내,왕십리(성동구청),8,5
20250524,잠실새내,왕십리(성동구청),9,8
20250524,잠실새내,왕십리(성동구청),10,4
20250524,잠실새내,왕십리(성동구청),11,10
20250524,잠실새내,왕십리(성동구청),12,10
20250524,잠실새내,왕십리(성동구청),13,7
20250524,잠실새내,왕십리(성동구청),14,9
20250524,잠실새내,왕십리(성동구청),15,4
20250524,잠실새내,왕십리(성동구청),16,7
20250524,잠실새내,왕십리(성동구청),17,12
20250524,잠실새내,왕십리(성동구청),18,4
20250524,잠실새내,왕십리(성동구청),19,3
20250524,잠실새내,왕십리(성동구청),20,8
20250524,잠실새내,왕십리(성동구청),21,6
20250524,잠실새내,왕십리(성동구청),22,3
20250524,잠실새내,왕십리(성동구청),23,3
20250524,잠실새내,용두(동대문구청),5,1
20250524,잠실새내,용두(동대문구청),6,3
20250524,잠실새내,용두(동대문구청),7,2
20250524,잠실새내,용두(동대문구청),8,5
20250524,잠실새내,용두(동대문구청),9,5
20250524,잠실새내,용두(동대문구청),10,4
20250524,잠실새내,용두(동대문구청),11,3
20250524,잠실새내,용두(동대문구청),12,8
20250524,잠실새내,용두(동대문구청),13,10
20250524,잠실새내,용두(동대문구청),14,4
20250524,잠실새내,용두(동대문구청),15,3
20250524,잠실새내,용두(동대문구청),16,2
20250524,잠실새내,용두(동대문구청),17,3
20250524,잠실새내,용두(동대문구청),18,3
20250524,잠실새내,용두(동대문구청),20,5
20250524,잠실새내,용두(동대문구청),21,4
20250524,잠실새내,용두(동대문구청),22,3
20250524,잠실새내,용두(동대문구청),23,1
20250524,잠실새내,을지로3가,5,2
20250524,잠실새내,을지로3가,6,3
20250524,잠실새내,을지로3가,7,2
20250524,잠실새내,을지로3가,8,8
20250524,잠실새내,을지로3가,9,5
20250524,잠실새내,을지로3가,10,9
20250524,잠실새내,을지로3가,11,6
20250524,잠실새내,을지로3가,12,17
20250524,잠실새내,을지로3가,13,9
20250524,잠실새내,을지로3가,14,12
20250524,잠실새내,을지로3가,15,13
20250524,잠실새내,을지로3가,16,13
20250524,잠실새내,을지로3가,17,7
20250524,잠실새내,을지로3가,18,11
20250524,잠실새내,을지로3가,19,4
20250524,잠실새내,을지로3가,20,1
20250524,잠실새내,을지로3가,21,1
20250524,잠실새내,을지로3가,22,3
20250524,잠실새내,을지로3가,23,4
20250524,잠실새내,을지로4가,5,1
20250524,잠실새내,을지로4가,6,5
20250524,잠실새내,을지로4가,7,1
20250524,잠실새내,을지로4가,8,6
20250524,잠실새내,을지로4가,9,6
20250524,잠실새내,을지로4가,10,4
20250524,잠실새내,을지로4가,11,16
20250524,잠실새내,을지로4가,12,10
20250524,잠실새내,을지로4가,13,6
20250524,잠실새내,을지로4가,14,4
20250524,잠실새내,을지로4가,15,8
20250524,잠실새내,을지로4가,16,3
20250524,잠실새내,을지로4가,17,6
20250524,잠실새내,을지로4가,18,11
20250524,잠실새내,을지로4가,19,2
20250524,잠실새내,을지로4가,20,1
20250524,잠실새내,을지로4가,22,6
20250524,잠실새내,을지로4가,23,1
20250524,잠실새내,을지로입구,5,1
20250524,잠실새내,을지로입구,6,5
20250524,잠실새내,을지로입구,7,6
20250524,잠실새내,을지로입구,8,13
20250524,잠실새내,을지로입구,9,22
20250524,잠실새내,을지로입구,10,16
20250524,잠실새내,을지로입구,11,18
20250524,잠실새내,을지로입구,12,24
20250524,잠실새내,을지로입구,13,16
20250524,잠실새내,을지로입구,14,11
20250524,잠실새내,을지로입구,15,12
20250524,잠실새내,을지로입구,16,12
20250524,잠실새내,을지로입구,17,11
20250524,잠실새내,을지로입구,18,6
20250524,잠실새내,을지로입구,19,2
20250524,잠실새내,을지로입구,20,1
20250524,잠실새내,을지로입구,21,5
20250524,잠실새내,을지로입구,23,5
20250524,잠실새내,이대,5,1
20250524,잠실새내,이대,7,4
20250524,잠실새내,이대,8,5
20250524,잠실새내,이대,9,7
20250524,잠실새내,이대,10,6
20250524,잠실새내,이대,11,9
20250524,잠실새내,이대,12,8
20250524,잠실새내,이대,13,8
20250524,잠실새내,이대,14,5
20250524,잠실새내,이대,15,9
20250524,잠실새내,이대,16,4
20250524,잠실새내,이대,17,3
20250524,잠실새내,이대,18,3
20250524,잠실새내,이대,19,2
20250524,잠실새내,이대,20,4
20250524,잠실새내,이대,21,2
20250524,잠실새내,이대,22,4
20250524,잠실새내,이대,23,2
20250524,잠실새내,잠실(송파구청),4,2
20250524,잠실새내,잠실(송파구청),5,8
20250524,잠실새내,잠실(송파구청),6,27
20250524,잠실새내,잠실(송파구청),7,35
20250524,잠실새내,잠실(송파구청),8,50
20250524,잠실새내,잠실(송파구청),9,66
20250524,잠실새내,잠실(송파구청),10,138
20250524,잠실새내,잠실(송파구청),11,193
20250524,잠실새내,잠실(송파구청),12,186
20250524,잠실새내,잠실(송파구청),13,228
20250524,잠실새내,잠실(송파구청),14,199
20250524,잠실새내,잠실(송파구청),15,233
20250524,잠실새내,잠실(송파구청),16,206
20250524,잠실새내,잠실(송파구청),17,192
20250524,잠실새내,잠실(송파구청),18,174
20250524,잠실새내,잠실(송파구청),19,143
20250524,잠실새내,잠실(송파구청),20,116
20250524,잠실새내,잠실(송파구청),21,99
20250524,잠실새내,잠실(송파구청),22,106
20250524,잠실새내,잠실(송파구청),23,47
20250524,잠실새내,잠실나루,5,2
20250524,잠실새내,잠실나루,6,2
20250524,잠실새내,잠실나루,7,19
20250524,잠실새내,잠실나루,8,16
20250524,잠실새내,잠실나루,9,20
20250524,잠실새내,잠실나루,10,25
20250524,잠실새내,잠실나루,11,31
20250524,잠실새내,잠실나루,12,23
20250524,잠실새내,잠실나루,13,28
20250524,잠실새내,잠실나루,14,28
20250524,잠실새내,잠실나루,15,38
20250524,잠실새내,잠실나루,16,19
20250524,잠실새내,잠실나루,17,36
20250524,잠실새내,잠실나루,18,20
20250524,잠실새내,잠실나루,19,21
20250524,잠실새내,잠실나루,20,6
20250524,잠실새내,잠실나루,21,13
20250524,잠실새내,잠실나루,22,11
20250524,잠실새내,잠실나루,23,9
20250524,잠실새내,잠실새내,5,3
20250524,잠실새내,잠실새내,6,3
20250524,잠실새내,잠실새내,7,1
20250524,잠실새내,잠실새내,8,10
20250524,잠실새내,잠실새내,9,10
20250524,잠실새내,잠실새내,10,18
20250524,잠실새내,잠실새내,11,19
20250524,잠실새내,잠실새내,12,32
20250524,잠실새내,잠실새내,13,22
20250524,잠실새내,잠실새내,14,19
20250524,잠실새내,잠실새내,15,11
20250524,잠실새내,잠실새내,16,16
20250524,잠실새내,잠실새내,17,18
20250524,잠실새내,잠실새내,18,10
20250524,잠실새내,잠실새내,19,6
20250524,잠실새내,잠실새내,20,12
20250524,잠실새내,잠실새내,21,16
20250524,잠실새내,잠실새내,22,25
20250524,잠실새내,잠실새내,23,21
20250524,잠실새내,종합운동장,6,6
20250524,잠실새내,종합운동장,7,10
20250524,잠실새내,종합운동장,8,10
20250524,잠실새내,종합운동장,9,13
20250524,잠실새내,종합운동장,10,15
20250524,잠실새내,종합운동장,11,8
20250524,잠실새내,종합운동장,12,19
20250524,잠실새내,종합운동장,13,21
20250524,잠실새내,종합운동장,14,26
20250524,잠실새내,종합운동장,15,74
20250524,잠실새내,종합운동장,16,123
20250524,잠실새내,종합운동장,17,27
20250524,잠실새내,종합운동장,18,13
20250524,잠실새내,종합운동장,19,11
20250524,잠실새내,종합운동장,20,11
20250524,잠실새내,종합운동장,21,2
20250524,잠실새내,종합운동장,22,5
20250524,잠실새내,충정로(경기대입구),7,1
20250524,잠실새내,충정로(경기대입구),8,1
20250524,잠실새내,충정로(경기대입구),9,3
20250524,잠실새내,충정로(경기대입구),10,4
20250524,잠실새내,충정로(경기대입구),11,6
20250524,잠실새내,충정로(경기대입구),12,1
20250524,잠실새내,충정로(경기대입구),13,1
20250524,잠실새내,충정로(경기대입구),14,4
20250524,잠실새내,충정로(경기대입구),15,3
20250524,잠실새내,충정로(경기대입구),17,4
20250524,잠실새내,충정로(경기대입구),18,4
20250524,잠실새내,충정로(경기대입구),20,1
20250524,잠실새내,충정로(경기대입구),21,5
20250524,잠실새내,충정로(경기대입구),22,3
20250524,잠실새내,충정로(경기대입구),23,2
20250524,잠실새내,한양대,5,1
20250524,잠실새내,한양대,7,2
20250524,잠실새내,한양대,8,8
20250524,잠실새내,한양대,9,9
20250524,잠실새내,한양대,10,10
20250524,잠실새내,한양대,11,4
20250524,잠실새내,한양대,12,6
20250524,잠실새내,한양대,13,3
20250524,잠실새내,한양대,15,2
20250524,잠실새내,한양대,16,3
20250524,잠실새내,한양대,17,1
20250524,잠실새내,한양대,18,3
20250524,잠실새내,한양대,19,1
20250524,잠실새내,한양대,20,2
20250524,잠실새내,한양대,21,5
20250524,잠실새내,한양대,22,4
20250524,잠실새내,합정,6,3
20250524,잠실새내,합정,7,3
20250524,잠실새내,합정,8,4
20250524,잠실새내,합정,9,11
20250524,잠실새내,합정,10,8
20250524,잠실새내,합정,11,6
20250524,잠실새내,합정,12,8
20250524,잠실새내,합정,13,7
20250524,잠실새내,합정,14,12
20250524,잠실새내,합정,15,6
20250524,잠실새내,합정,16,11
20250524,잠실새내,합정,17,8
20250524,잠실새내,합정,18,9
20250524,잠실새내,합정,19,7
20250524,잠실새내,합정,20,4
20250524,잠실새내,합정,21,7
20250524,잠실새내,합정,22,2
20250524,잠실새내,합정,23,2
20250524,잠실새내,홍대입구,6,1
20250524,잠실새내,홍대입구,7,2
20250524,잠실새내,홍대입구,8,5
20250524,잠실새내,홍대입구,9,7
20250524,잠실새내,홍대입구,10,17
20250524,잠실새내,홍대입구,11,23
20250524,잠실새내,홍대입구,12,25
20250524,잠실새내,홍대입구,13,25
20250524,잠실새내,홍대입구,14,10
20250524,잠실새내,홍대입구,15,15
20250524,잠실새내,홍대입구,16,21
20250524,잠실새내,홍대입구,17,12
20250524,잠실새내,홍대입구,18,11
20250524,잠실새내,홍대입구,19,8
20250524,잠실새내,홍대입구,20,8
20250524,잠실새내,홍대입구,21,8
20250524,잠실새내,홍대입구,22,4
20250524,잠실새내,홍대입구,23,1
20250524,종합운동장,강남,5,2
20250524,종합운동장,강남,6,5
20250524,종합운동장,강남,7,6
20250524,종합운동장,강남,8,21
20250524,종합운동장,강남,9,25
20250524,종합운동장,강남,10,34
20250524,종합운동장,강남,11,19
20250524,종합운동장,강남,12,21
20250524,종합운동장,강남,13,23
20250524,종합운동장,강남,14,25
20250524,종합운동장,강남,15,22
20250524,종합운동장,강남,16,76
20250524,종합운동장,강남,17,24
20250524,종합운동장,강남,18,16
20250524,종합운동장,강남,19,79
20250524,종합운동장,강남,20,303
20250524,종합운동장,강남,21,141
20250524,종합운동장,강남,22,21
20250524,종합운동장,강남,23,2
20250524,종합운동장,강변(동서울터미널),5,1
20250524,종합운동장,강변(동서울터미널),6,5
20250524,종합운동장,강변(동서울터미널),7,5
20250524,종합운동장,강변(동서울터미널),8,8
20250524,종합운동장,강변(동서울터미널),9,3
20250524,종합운동장,강변(동서울터미널),10,10
20250524,종합운동장,강변(동서울터미널),11,12
20250524,종합운동장,강변(동서울터미널),12,12
20250524,종합운동장,강변(동서울터미널),13,9
20250524,종합운동장,강변(동서울터미널),14,5
20250524,종합운동장,강변(동서울터미널),15,10
20250524,종합운동장,강변(동서울터미널),16,28
20250524,종합운동장,강변(동서울터미널),17,5
20250524,종합운동장,강변(동서울터미널),18,9
20250524,종합운동장,강변(동서울터미널),19,34
20250524,종합운동장,강변(동서울터미널),20,114
20250524,종합운동장,강변(동서울터미널),21,46
20250524,종합운동장,강변(동서울터미널),22,10
20250524,종합운동장,강변(동서울터미널),23,2
20250524,종합운동장,건대입구,6,2
20250524,종합운동장,건대입구,8,4
20250524,종합운동장,건대입구,9,8
20250524,종합운동장,건대입구,10,10
20250524,종합운동장,건대입구,11,7
20250524,종합운동장,건대입구,12,4
20250524,종합운동장,건대입구,13,3
20250524,종합운동장,건대입구,14,5
20250524,종합운동장,건대입구,15,6
20250524,종합운동장,건대입구,16,22
20250524,종합운동장,건대입구,17,13
20250524,종합운동장,건대입구,18,9
20250524,종합운동장,건대입구,19,47
20250524,종합운동장,건대입구,20,133
20250524,종합운동장,건대입구,21,48
20250524,종합운동장,건대입구,22,9
20250524,종합운동장,건대입구,23,1
20250524,종합운동장,교대(법원.검찰청),6,2
20250524,종합운동장,교대(법원.검찰청),7,3
20250524,종합운동장,교대(법원.검찰청),8,8
20250524,종합운동장,교대(법원.검찰청),9,7
20250524,종합운동장,교대(법원.검찰청),10,4
20250524,종합운동장,교대(법원.검찰청),11,6
20250524,종합운동장,교대(법원.검찰청),12,9
20250524,종합운동장,교대(법원.검찰청),13,8
20250524,종합운동장,교대(법원.검찰청),14,7
20250524,종합운동장,교대(법원.검찰청),15,9
20250524,종합운동장,교대(법원.검찰청),16,6
20250524,종합운동장,교대(법원.검찰청),17,9
20250524,종합운동장,교대(법원.검찰청),18,11
20250524,종합운동장,교대(법원.검찰청),19,21
20250524,종합운동장,교대(법원.검찰청),20,54
20250524,종합운동장,교대(법원.검찰청),21,19
20250524,종합운동장,교대(법원.검찰청),22,3
20250524,종합운동장,교대(법원.검찰청),23,1
20250524,종합운동장,구로디지털단지,8,3
20250524,종합운동장,구로디지털단지,9,4
20250524,종합운동장,구로디지털단지,10,6
20250524,종합운동장,구로디지털단지,11,3
20250524,종합운동장,구로디지털단지,12,1
20250524,종합운동장,구로디지털단지,13,8
20250524,종합운동장,구로디지털단지,14,6
20250524,종합운동장,구로디지털단지,15,4
20250524,종합운동장,구로디지털단지,16,28
20250524,종합운동장,구로디지털단지,17,22
20250524,종합운동장,구로디지털단지,18,5
20250524,종합운동장,구로디지털단지,19,17
20250524,종합운동장,구로디지털단지,20,74
20250524,종합운동장,구로디지털단지,21,50
20250524,종합운동장,구로디지털단지,22,10
20250524,종합운동장,구로디지털단지,23,1
20250524,종합운동장,구의(광진구청),5,1
20250524,종합운동장,구의(광진구청),6,3
20250524,종합운동장,구의(광진구청),7,1
20250524,종합운동장,구의(광진구청),9,2
20250524,종합운동장,구의(광진구청),10,2
20250524,종합운동장,구의(광진구청),11,4
20250524,종합운동장,구의(광진구청),12,8
20250524,종합운동장,구의(광진구청),13,6
20250524,종합운동장,구의(광진구청),14,4
20250524,종합운동장,구의(광진구청),15,2
20250524,종합운동장,구의(광진구청),16,10
20250524,종합운동장,구의(광진구청),17,11
20250524,종합운동장,구의(광진구청),18,3
20250524,종합운동장,구의(광진구청),19,19
20250524,종합운동장,구의(광진구청),20,56
20250524,종합운동장,구의(광진구청),21,32
20250524,종합운동장,구의(광진구청),22,7
20250524,종합운동장,낙성대,6,1
20250524,종합운동장,낙성대,7,3
20250524,종합운동장,낙성대,8,5
20250524,종합운동장,낙성대,9,3
20250524,종합운동장,낙성대,10,4
20250524,종합운동장,낙성대,11,4
20250524,종합운동장,낙성대,12,4
20250524,종합운동장,낙성대,13,2
20250524,종합운동장,낙성대,14,4
20250524,종합운동장,낙성대,15,6
20250524,종합운동장,낙성대,16,4
20250524,종합운동장,낙성대,17,3
20250524,종합운동장,낙성대,18,10
20250524,종합운동장,낙성대,19,12
20250524,종합운동장,낙성대,20,47
20250524,종합운동장,낙성대,21,24
20250524,종합운동장,낙성대,22,7
20250524,종합운동장,낙성대,23,2
20250524,종합운동장,당산,8,1
20250524,종합운동장,당산,16,8
20250524,종합운동장,당산,20,20
20250524,종합운동장,당산,21,16
20250524,종합운동장,당산,22,2
20250524,종합운동장,대림(구로구청),5,1
20250524,종합운동장,대림(구로구청),6,1
20250524,종합운동장,대림(구로구청),7,2
20250524,종합운동장,대림(구로구청),8,4
20250524,종합운동장,대림(구로구청),9,1
20250524,종합운동장,대림(구로구청),10,3
20250524,종합운동장,대림(구로구청),11,1
20250524,종합운동장,대림(구로구청),13,2
20250524,종합운동장,대림(구로구청),14,1
20250524,종합운동장,대림(구로구청),15,4
20250524,종합운동장,대림(구로구청),16,14
20250524,종합운동장,대림(구로구청),17,33
20250524,종합운동장,대림(구로구청),19,9
20250524,종합운동장,대림(구로구청),20,13
20250524,종합운동장,대림(구로구청),21,28
20250524,종합운동장,대림(구로구청),23,1
20250524,종합운동장,동대문역사문화공원,8,1
20250524,종합운동장,동대문역사문화공원,9,2
20250524,종합운동장,동대문역사문화공원,10,2
20250524,종합운동장,동대문역사문화공원,11,2
20250524,종합운동장,동대문역사문화공원,12,6
20250524,종합운동장,동대문역사문화공원,13,5
20250524,종합운동장,동대문역사문화공원,14,1
20250524,종합운동장,동대문역사문화공원,15,1
20250524,종합운동장,동대문역사문화공원,16,11
20250524,종합운동장,동대문역사문화공원,17,9
20250524,종합운동장,동대문역사문화공원,18,3
20250524,종합운동장,동대문역사문화공원,19,4
20250524,종합운동장,동대문역사문화공원,20,9
20250524,종합운동장,동대문역사문화공원,22,1
20250524,종합운동장,동대문역사문화공원,23,1
20250524,종합운동장,뚝섬,7,1
20250524,종합운동장,뚝섬,9,2
20250524,종합운동장,뚝섬,10,6
20250524,종합운동장,뚝섬,11,3
20250524,종합운동장,뚝섬,12,3
20250524,종합운동장,뚝섬,13,4
20250524,종합운동장,뚝섬,14,5
20250524,종합운동장,뚝섬,15,5
20250524,종합운동장,뚝섬,16,4
20250524,종합운동장,뚝섬,17,1
20250524,종합운동장,뚝섬,18,3
20250524,종합운동장,뚝섬,19,1
20250524,종합운동장,뚝섬,20,20
20250524,종합운동장,뚝섬,21,4
20250524,종합운동장,뚝섬,22,1
20250524,종합운동장,문래,8,2
20250524,종합운동장,문래,10,1
20250524,종합운동장,문래,14,1
20250524,종합운동장,문래,15,1
20250524,종합운동장,문래,16,3
20250524,종합운동장,문래,17,2
20250524,종합운동장,문래,18,4
20250524,종합운동장,문래,19,5
20250524,종합운동장,문래,20,11
20250524,종합운동장,문래,21,11
20250524,종합운동장,방배,6,1
20250524,종합운동장,방배,7,2
20250524,종합운동장,방배,8,4
20250524,종합운동장,방배,9,4
20250524,종합운동장,방배,10,3
20250524,종합운동장,방배,11,5
20250524,종합운동장,방배,12,5
20250524,종합운동장,방배,13,2
20250524,종합운동장,방배,14,6
20250524,종합운동장,방배,15,2
20250524,종합운동장,방배,16,12
20250524,종합운동장,방배,17,2
20250524,종합운동장,방배,18,9
20250524,종합운동장,방배,19,8
20250524,종합운동장,방배,20,42
20250524,종합운동장,방배,21,8
20250524,종합운동장,방배,23,1
20250524,종합운동장,봉천,6,1
20250524,종합운동장,봉천,8,3
20250524,종합운동장,봉천,9,2
20250524,종합운동장,봉천,11,3
20250524,종합운동장,봉천,12,1
20250524,종합운동장,봉천,14,2
20250524,종합운동장,봉천,15,1
20250524,종합운동장,봉천,16,8
20250524,종합운동장,봉천,17,4
20250524,종합운동장,봉천,18,6
20250524,종합운동장,봉천,19,5
20250524,종합운동장,봉천,20,35
20250524,종합운동장,봉천,21,14
20250524,종합운동장,봉천,22,11
20250524,종합운동장,봉천,23,1
20250524,종합운동장,사당,6,1
20250524,종합운동장,사당,7,5
20250524,종합운동장,사당,8,10
20250524,종합운동장,사당,9,7
20250524,종합운동장,사당,10,11
20250524,종합운동장,사당,11,10
20250524,종합운동장,사당,12,18
20250524,종합운동장,사당,13,7
20250524,종합운동장,사당,14,14
20250524,종합운동장,사당,15,10
20250524,종합운동장,사당,16,48
20250524,종합운동장,사당,17,23
20250524,종합운동장,사당,18,7
20250524,종합운동장,사당,19,47
20250524,종합운동장,사당,20,201
20250524,종합운동장,사당,21,103
20250524,종합운동장,사당,22,13
20250524,종합운동장,사당,23,4
20250524,종합운동장,삼성(무역센터),6,3
20250524,종합운동장,삼성(무역센터),7,9
20250524,종합운동장,삼성(무역센터),8,8
20250524,종합운동장,삼성(무역센터),9,17
20250524,종합운동장,삼성(무역센터),10,20
20250524,종합운동장,삼성(무역센터),11,18
20250524,종합운동장,삼성(무역센터),12,30
20250524,종합운동장,삼성(무역센터),13,35
20250524,종합운동장,삼성(무역센터),14,27
20250524,종합운동장,삼성(무역센터),15,47
20250524,종합운동장,삼성(무역센터),16,62
20250524,종합운동장,삼성(무역센터),17,18
20250524,종합운동장,삼성(무역센터),18,26
20250524,종합운동장,삼성(무역센터),19,54
20250524,종합운동장,삼성(무역센터),20,85
20250524,종합운동장,삼성(무역센터),21,26
20250524,종합운동장,삼성(무역센터),22,4
20250524,종합운동장,상왕십리,6,1
20250524,종합운동장,상왕십리,11,1
20250524,종합운동장,상왕십리,12,1
20250524,종합운동장,상왕십리,13,1
20250524,종합운동장,상왕십리,14,1
20250524,종합운동장,상왕십리,15,3
20250524,종합운동장,상왕십리,16,9
20250524,종합운동장,상왕십리,18,4
20250524,종합운동장,상왕십리,19,3
20250524,종합운동장,상왕십리,20,34
20250524,종합운동장,상왕십리,21,11
20250524,종합운동장,상왕십리,23,1
20250524,종합운동장,서울대입구(관악구청),5,1
20250524,종합운동장,서울대입구(관악구청),6,2
20250524,종합운동장,서울대입구(관악구청),8,5
20250524,종합운동장,서울대입구(관악구청),9,1
20250524,종합운동장,서울대입구(관악구청),10,5
20250524,종합운동장,서울대입구(관악구청),11,6
20250524,종합운동장,서울대입구(관악구청),12,15
20250524,종합운동장,서울대입구(관악구청),13,10
20250524,종합운동장,서울대입구(관악구청),14,2
20250524,종합운동장,서울대입구(관악구청),15,6
20250524,종합운동장,서울대입구(관악구청),16,23
20250524,종합운동장,서울대입구(관악구청),17,5
20250524,종합운동장,서울대입구(관악구청),18,8
20250524,종합운동장,서울대입구(관악구청),19,17
20250524,종합운동장,서울대입구(관악구청),20,122
20250524,종합운동장,서울대입구(관악구청),21,57
20250524,종합운동장,서울대입구(관악구청),22,10
20250524,종합운동장,서울대입구(관악구청),23,5
20250524,종합운동장,서초,5,4
20250524,종합운동장,서초,6,5
20250524,종합운동장,서초,7,5
20250524,종합운동장,서초,8,3
20250524,종합운동장,서초,9,9
20250524,종합운동장,서초,10,5
20250524,종합운동장,서초,11,4
20250524,종합운동장,서초,12,4
20250524,종합운동장,서초,13,6
20250524,종합운동장,서초,14,8
20250524,종합운동장,서초,15,7
20250524,종합운동장,서초,16,8
20250524,종합운동장,서초,17,7
20250524,종합운동장,서초,18,4
20250524,종합운동장,서초,19,10
20250524,종합운동장,서초,20,26
20250524,종합운동장,서초,21,17
20250524,종합운동장,서초,22,4
20250524,종합운동장,선릉,6,1
20250524,종합운동장,선릉,7,8
20250524,종합운동장,선릉,8,9
20250524,종합운동장,선릉,9,13
20250524,종합운동장,선릉,10,12
20250524,종합운동장,선릉,11,15
20250524,종합운동장,선릉,12,18
20250524,종합운동장,선릉,13,14
20250524,종합운동장,선릉,14,8
20250524,종합운동장,선릉,15,18
20250524,종합운동장,선릉,16,17
20250524,종합운동장,선릉,17,13
20250524,종합운동장,선릉,18,8
20250524,종합운동장,선릉,19,7
20250524,종합운동장,선릉,20,52
20250524,종합운동장,선릉,21,13
20250524,종합운동장,선릉,22,6
20250524,종합운동장,성수,6,2
20250524,종합운동장,성수,7,1
20250524,종합운동장,성수,8,2
20250524,종합운동장,성수,9,6
20250524,종합운동장,성수,10,2
20250524,종합운동장,성수,11,6
20250524,종합운동장,성수,12,3
20250524,종합운동장,성수,13,3
20250524,종합운동장,성수,14,8
20250524,종합운동장,성수,15,7
20250524,종합운동장,성수,16,16
20250524,종합운동장,성수,17,13
20250524,종합운동장,성수,18,13
20250524,종합운동장,성수,19,10
20250524,종합운동장,성수,20,25
20250524,종합운동장,성수,21,10
20250524,종합운동장,성수,22,2
20250524,종합운동장,성수,23,1
20250524,종합운동장,시청,6,2
20250524,종합운동장,시청,7,1
20250524,종합운동장,시청,8,3
20250524,종합운동장,시청,9,5
20250524,종합운동장,시청,10,4
20250524,종합운동장,시청,12,2
20250524,종합운동장,시청,13,5
20250524,종합운동장,시청,14,5
20250524,종합운동장,시청,15,4
20250524,종합운동장,시청,17,6
20250524,종합운동장,시청,18,1
20250524,종합운동장,시청,19,2
20250524,종합운동장,시청,20,6
20250524,종합운동장,시청,21,1
20250524,종합운동장,신당,6,1
20250524,종합운동장,신당,8,2
20250524,종합운동장,신당,10,2
20250524,종합운동장,신당,11,1
20250524,종합운동장,신당,12,2
20250524,종합운동장,신당,14,3
20250524,종합운동장,신당,15,5
20250524,종합운동장,신당,16,6
20250524,종합운동장,신당,17,5
20250524,종합운동장,신당,18,4
20250524,종합운동장,신당,19,1
20250524,종합운동장,신당,20,13
20250524,종합운동장,신당,21,13
20250524,종합운동장,신당,22,2
20250524,종합운동장,신대방,5,1
20250524,종합운동장,신대방,6,1
20250524,종합운동장,신대방,8,1
20250524,종합운동장,신대방,10,2
20250524,종합운동장,신대방,12,1
20250524,종합운동장,신대방,13,5
20250524,종합운동장,신대방,14,3
20250524,종합운동장,신대방,15,6
20250524,종합운동장,신대방,16,18
20250524,종합운동장,신대방,17,13
20250524,종합운동장,신대방,18,3
20250524,종합운동장,신대방,19,16
20250524,종합운동장,신대방,20,30
20250524,종합운동장,신대방,21,8
20250524,종합운동장,신대방,22,3
20250524,종합운동장,신대방,23,2
20250524,종합운동장,신도림,5,1
20250524,종합운동장,신도림,6,2
20250524,종합운동장,신도림,8,1
20250524,종합운동장,신도림,9,4
20250524,종합운동장,신도림,10,3
20250524,종합운동장,신도림,11,3
20250524,종합운동장,신도림,12,6
20250524,종합운동장,신도림,13,4
20250524,종합운동장,신도림,14,8
20250524,종합운동장,신도림,16,13
20250524,종합운동장,신도림,17,14
20250524,종합운동장,신도림,18,11
20250524,종합운동장,신도림,19,15
20250524,종합운동장,신도림,20,70
20250524,종합운동장,신도림,21,30
20250524,종합운동장,신도림,22,3
20250524,종합운동장,신림,5,1
20250524,종합운동장,신림,6,3
20250524,종합운동장,신림,7,5
20250524,종합운동장,신림,8,5
20250524,종합운동장,신림,9,3
20250524,종합운동장,신림,10,1
20250524,종합운동장,신림,11,3
20250524,종합운동장,신림,12,5
20250524,종합운동장,신림,13,7
20250524,종합운동장,신림,14,3
20250524,종합운동장,신림,15,4
20250524,종합운동장,신림,16,29
20250524,종합운동장,신림,17,10
20250524,종합운동장,신림,18,13
20250524,종합운동장,신림,19,26
20250524,종합운동장,신림,20,109
20250524,종합운동장,신림,21,61
20250524,종합운동장,신림,22,10
20250524,종합운동장,신림,23,2
20250524,종합운동장,신촌,5,1
20250524,종합운동장,신촌,8,2
20250524,종합운동장,신촌,10,6
20250524,종합운동장,신촌,11,7
20250524,종합운동장,신촌,12,5
20250524,종합운동장,신촌,13,6
20250524,종합운동장,신촌,14,7
20250524,종합운동장,신촌,15,13
20250524,종합운동장,신촌,16,6
20250524,종합운동장,신촌,17,9
20250524,종합운동장,신촌,18,3
20250524,종합운동장,신촌,19,14
20250524,종합운동장,신촌,20,48
20250524,종합운동장,신촌,21,25
20250524,종합운동장,신촌,22,1
20250524,종합운동장,아현,7,1
20250524,종합운동장,아현,8,1
20250524,종합운동장,아현,12,1
20250524,종합운동장,아현,14,1
20250524,종합운동장,아현,16,5
20250524,종합운동장,아현,19,4
20250524,종합운동장,아현,20,14
20250524,종합운동장,아현,21,8
20250524,종합운동장,아현,22,1
20250524,종합운동장,역삼,6,1
20250524,종합운동장,역삼,8,6
20250524,종합운동장,역삼,9,6
20250524,종합운동장,역삼,10,10
20250524,종합운동장,역삼,11,4
20250524,종합운동장,역삼,12,4
20250524,종합운동장,역삼,13,5
20250524,종합운동장,역삼,14,12
20250524,종합운동장,역삼,15,7
20250524,종합운동장,역삼,16,11
20250524,종합운동장,역삼,17,3
20250524,종합운동장,역삼,18,8
20250524,종합운동장,역삼,19,13
20250524,종합운동장,역삼,20,34
20250524,종합운동장,역삼,21,16
20250524,종합운동장,역삼,22,2
20250524,종합운동장,영등포구청,9,1
20250524,종합운동장,영등포구청,11,1
20250524,종합운동장,영등포구청,13,1
20250524,종합운동장,영등포구청,14,2
20250524,종합운동장,영등포구청,17,2
20250524,종합운동장,영등포구청,20,14
20250524,종합운동장,영등포구청,21,6
20250524,종합운동장,영등포구청,22,1
20250524,종합운동장,왕십리(성동구청),7,1
20250524,종합운동장,왕십리(성동구청),9,2
20250524,종합운동장,왕십리(성동구청),10,3
20250524,종합운동장,왕십리(성동구청),11,1
20250524,종합운동장,왕십리(성동구청),12,1
20250524,종합운동장,왕십리(성동구청),14,2
20250524,종합운동장,왕십리(성동구청),16,6
20250524,종합운동장,왕십리(성동구청),17,2
20250524,종합운동장,왕십리(성동구청),18,2
20250524,종합운동장,왕십리(성동구청),19,5
20250524,종합운동장,왕십리(성동구청),20,33
20250524,종합운동장,왕십리(성동구청),21,17
20250524,종합운동장,왕십리(성동구청),22,1
20250524,종합운동장,용두(동대문구청),8,3
20250524,종합운동장,용두(동대문구청),9,1
20250524,종합운동장,용두(동대문구청),14,1
20250524,종합운동장,용두(동대문구청),16,1
20250524,종합운동장,용두(동대문구청),18,2
20250524,종합운동장,용두(동대문구청),19,2
20250524,종합운동장,용두(동대문구청),20,1
20250524,종합운동장,용두(동대문구청),21,5
20250524,종합운동장,을지로3가,7,2
20250524,종합운동장,을지로3가,8,1
20250524,종합운동장,을지로3가,9,1
20250524,종합운동장,을지로3가,10,3
20250524,종합운동장,을지로3가,12,2
20250524,종합운동장,을지로3가,13,3
20250524,종합운동장,을지로3가,14,4
20250524,종합운동장,을지로3가,15,3
20250524,종합운동장,을지로3가,16,10
20250524,종합운동장,을지로3가,17,1
20250524,종합운동장,을지로3가,18,1
20250524,종합운동장,을지로3가,19,3
20250524,종합운동장,을지로3가,20,28
20250524,종합운동장,을지로3가,21,5
20250524,종합운동장,을지로4가,6,1
20250524,종합운동장,을지로4가,9,3
20250524,종합운동장,을지로4가,10,3
20250524,종합운동장,을지로4가,11,2
20250524,종합운동장,을지로4가,13,5
20250524,종합운동장,을지로4가,14,1
20250524,종합운동장,을지로4가,15,6
20250524,종합운동장,을지로4가,16,9
20250524,종합운동장,을지로4가,17,4
20250524,종합운동장,을지로4가,18,1
20250524,종합운동장,을지로4가,19,8
20250524,종합운동장,을지로4가,20,6
20250524,종합운동장,을지로4가,21,6
20250524,종합운동장,을지로입구,6,1
20250524,종합운동장,을지로입구,7,1
20250524,종합운동장,을지로입구,8,2
20250524,종합운동장,을지로입구,9,3
20250524,종합운동장,을지로입구,10,9
20250524,종합운동장,을지로입구,11,9
20250524,종합운동장,을지로입구,12,2
20250524,종합운동장,을지로입구,13,6
20250524,종합운동장,을지로입구,15,2
20250524,종합운동장,을지로입구,16,8
20250524,종합운동장,을지로입구,17,2
20250524,종합운동장,을지로입구,18,6
20250524,종합운동장,을지로입구,19,4
20250524,종합운동장,을지로입구,20,22
20250524,종합운동장,을지로입구,21,6
20250524,종합운동장,이대,8,1
20250524,종합운동장,이대,9,2
20250524,종합운동장,이대,10,2
20250524,종합운동장,이대,11,4
20250524,종합운동장,이대,12,1
20250524,종합운동장,이대,14,3
20250524,종합운동장,이대,15,2
20250524,종합운동장,이대,16,4
20250524,종합운동장,이대,17,1
20250524,종합운동장,이대,18,2
20250524,종합운동장,이대,19,3
20250524,종합운동장,이대,20,16
20250524,종합운동장,이대,21,16
20250524,종합운동장,이대,22,2
20250524,종합운동장,잠실(송파구청),6,10
20250524,종합운동장,잠실(송파구청),7,10
20250524,종합운동장,잠실(송파구청),8,21
20250524,종합운동장,잠실(송파구청),9,10
20250524,종합운동장,잠실(송파구청),10,21
20250524,종합운동장,잠실(송파구청),11,33
20250524,종합운동장,잠실(송파구청),12,41
20250524,종합운동장,잠실(송파구청),13,61
20250524,종합운동장,잠실(송파구청),14,66
20250524,종합운동장,잠실(송파구청),15,97
20250524,종합운동장,잠실(송파구청),16,222
20250524,종합운동장,잠실(송파구청),17,61
20250524,종합운동장,잠실(송파구청),18,61
20250524,종합운동장,잠실(송파구청),19,125
20250524,종합운동장,잠실(송파구청),20,578
20250524,종합운동장,잠실(송파구청),21,268
20250524,종합운동장,잠실(송파구청),22,38
20250524,종합운동장,잠실(송파구청),23,3
20250524,종합운동장,잠실나루,6,2
20250524,종합운동장,잠실나루,7,4
20250524,종합운동장,잠실나루,10,3
20250524,종합운동장,잠실나루,11,6
20250524,종합운동장,잠실나루,12,4
20250524,종합운동장,잠실나루,13,3
20250524,종합운동장,잠실나루,14,2
20250524,종합운동장,잠실나루,15,5
20250524,종합운동장,잠실나루,16,2
20250524,종합운동장,잠실나루,17,5
20250524,종합운동장,잠실나루,18,4
20250524,종합운동장,잠실나루,19,1
20250524,종합운동장,잠실나루,20,23
20250524,종합운동장,잠실나루,21,19
20250524,종합운동장,잠실나루,22,4
20250524,종합운동장,잠실나루,23,1
20250524,종합운동장,잠실새내,6,1
20250524,종합운동장,잠실새내,7,2
20250524,종합운동장,잠실새내,8,8
20250524,종합운동장,잠실새내,9,6
20250524,종합운동장,잠실새내,10,18
20250524,종합운동장,잠실새내,11,19
20250524,종합운동장,잠실새내,12,18
20250524,종합운동장,잠실새내,13,17
20250524,종합운동장,잠실새내,14,29
20250524,종합운동장,잠실새내,15,21
20250524,종합운동장,잠실새내,16,31
20250524,종합운동장,잠실새내,17,20
20250524,종합운동장,잠실새내,18,15
20250524,종합운동장,잠실새내,19,48
20250524,종합운동장,잠실새내,20,152
20250524,종합운동장,잠실새내,21,28
20250524,종합운동장,잠실새내,22,5
20250524,종합운동장,잠실새내,23,1
20250524,종합운동장,종합운동장,5,1
20250524,종합운동장,종합운동장,6,7
20250524,종합운동장,종합운동장,7,13
20250524,종합운동장,종합운동장,8,10
20250524,종합운동장,종합운동장,9,7
20250524,종합운동장,종합운동장,10,9
20250524,종합운동장,종합운동장,11,5
20250524,종합운동장,종합운동장,12,18
20250524,종합운동장,종합운동장,13,22
20250524,종합운동장,종합운동장,14,20
20250524,종합운동장,종합운동장,15,34
20250524,종합운동장,종합운동장,16,48
20250524,종합운동장,종합운동장,17,20
20250524,종합운동장,종합운동장,18,20
20250524,종합운동장,종합운동장,19,48
20250524,종합운동장,종합운동장,20,180
20250524,종합운동장,종합운동장,21,47
20250524,종합운동장,종합운동장,22,15
20250524,종합운동장,종합운동장,23,7
20250524,종합운동장,충정로(경기대입구),9,3
20250524,종합운동장,충정로(경기대입구),11,1
20250524,종합운동장,충정로(경기대입구),12,2
20250524,종합운동장,충정로(경기대입구),14,1
20250524,종합운동장,충정로(경기대입구),15,2
20250524,종합운동장,충정로(경기대입구),16,5
20250524,종합운동장,충정로(경기대입구),17,2
20250524,종합운동장,충정로(경기대입구),19,3
20250524,종합운동장,충정로(경기대입구),20,8
20250524,종합운동장,충정로(경기대입구),21,4
20250524,종합운동장,한양대,7,1
20250524,종합운동장,한양대,8,3
20250524,종합운동장,한양대,9,2
20250524,종합운동장,한양대,10,3
20250524,종합운동장,한양대,12,4
20250524,종합운동장,한양대,13,1
20250524,종합운동장,한양대,14,4
20250524,종합운동장,한양대,15,4
20250524,종합운동장,한양대,16,1
20250524,종합운동장,한양대,18,1
20250524,종합운동장,한양대,19,6
20250524,종합운동장,한양대,20,5
20250524,종합운동장,한양대,21,4
20250524,종합운동장,합정,9,1
20250524,종합운동장,합정,10,2
20250524,종합운동장,합정,11,1
20250524,종합운동장,합정,12,2
20250524,종합운동장,합정,14,1
20250524,종합운동장,합정,16,13
20250524,종합운동장,합정,17,6
20250524,종합운동장,합정,18,4
20250524,종합운동장,합정,19,14
20250524,종합운동장,합정,20,28
20250524,종합운동장,합정,21,22
20250524,종합운동장,합정,22,4
20250524,종합운동장,홍대입구,8,3
20250524,종합운동장,홍대입구,9,4
20250524,종합운동장,홍대입구,10,3
20250524,종합운동장,홍대입구,11,9
20250524,종합운동장,홍대입구,12,3
20250524,종합운동장,홍대입구,13,9
20250524,종합운동장,홍대입구,14,5
20250524,종합운동장,홍대입구,15,12
20250524,종합운동장,홍대입구,16,27
20250524,종합운동장,홍대입구,17,8
20250524,종합운동장,홍대입구,18,7
20250524,종합운동장,홍대입구,19,24
20250524,종합운동장,홍대입구,20,100
20250524,종합운동장,홍대입구,21,16
20250524,종합운동장,홍대입구,22,3
20250524,종합운동장,홍대입구,23,1
20250524,충정로(경기대입구),강남,6,2
20250524,충정로(경기대입구),강남,8,3
20250524,충정로(경기대입구),강남,9,7
20250524,충정로(경기대입구),강남,10,3
20250524,충정로(경기대입구),강남,11,2
20250524,충정로(경기대입구),강남,12,2
20250524,충정로(경기대입구),강남,13,2
20250524,충정로(경기대입구),강남,14,3
20250524,충정로(경기대입구),강남,15,1
20250524,충정로(경기대입구),강남,16,3
20250524,충정로(경기대입구),강남,17,4
20250524,충정로(경기대입구),강남,18,5
20250524,충정로(경기대입구),강남,19,4
20250524,충정로(경기대입구),강남,20,1
20250524,충정로(경기대입구),강변(동서울터미널),5,2
20250524,충정로(경기대입구),강변(동서울터미널),6,2
20250524,충정로(경기대입구),강변(동서울터미널),7,2
20250524,충정로(경기대입구),강변(동서울터미널),8,2
20250524,충정로(경기대입구),강변(동서울터미널),9,3
20250524,충정로(경기대입구),강변(동서울터미널),10,2
20250524,충정로(경기대입구),강변(동서울터미널),11,4
20250524,충정로(경기대입구),강변(동서울터미널),12,1
20250524,충정로(경기대입구),강변(동서울터미널),13,1
20250524,충정로(경기대입구),강변(동서울터미널),14,7
20250524,충정로(경기대입구),강변(동서울터미널),15,7
20250524,충정로(경기대입구),강변(동서울터미널),16,6
20250524,충정로(경기대입구),강변(동서울터미널),17,1
20250524,충정로(경기대입구),강변(동서울터미널),18,7
20250524,충정로(경기대입구),강변(동서울터미널),19,4
20250524,충정로(경기대입구),강변(동서울터미널),21,1
20250524,충정로(경기대입구),강변(동서울터미널),23,1
20250524,충정로(경기대입구),건대입구,6,2
20250524,충정로(경기대입구),건대입구,7,2
20250524,충정로(경기대입구),건대입구,8,2
20250524,충정로(경기대입구),건대입구,9,3
20250524,충정로(경기대입구),건대입구,10,3
20250524,충정로(경기대입구),건대입구,11,4
20250524,충정로(경기대입구),건대입구,12,6
20250524,충정로(경기대입구),건대입구,13,7
20250524,충정로(경기대입구),건대입구,14,1
20250524,충정로(경기대입구),건대입구,15,9
20250524,충정로(경기대입구),건대입구,16,5
20250524,충정로(경기대입구),건대입구,17,6
20250524,충정로(경기대입구),건대입구,18,6
20250524,충정로(경기대입구),건대입구,19,6
20250524,충정로(경기대입구),건대입구,20,3
20250524,충정로(경기대입구),건대입구,21,3
20250524,충정로(경기대입구),건대입구,22,4
20250524,충정로(경기대입구),건대입구,23,4
20250524,충정로(경기대입구),교대(법원.검찰청),7,1
20250524,충정로(경기대입구),교대(법원.검찰청),8,1
20250524,충정로(경기대입구),교대(법원.검찰청),12,3
20250524,충정로(경기대입구),교대(법원.검찰청),13,1
20250524,충정로(경기대입구),교대(법원.검찰청),14,1
20250524,충정로(경기대입구),교대(법원.검찰청),15,1
20250524,충정로(경기대입구),교대(법원.검찰청),17,3
20250524,충정로(경기대입구),교대(법원.검찰청),20,1
20250524,충정로(경기대입구),교대(법원.검찰청),23,1
20250524,충정로(경기대입구),구로디지털단지,7,1
20250524,충정로(경기대입구),구로디지털단지,8,5
20250524,충정로(경기대입구),구로디지털단지,9,2
20250524,충정로(경기대입구),구로디지털단지,10,1
20250524,충정로(경기대입구),구로디지털단지,11,3
20250524,충정로(경기대입구),구로디지털단지,12,4
20250524,충정로(경기대입구),구로디지털단지,13,3
20250524,충정로(경기대입구),구로디지털단지,14,3
20250524,충정로(경기대입구),구로디지털단지,15,5
20250524,충정로(경기대입구),구로디지털단지,16,5
20250524,충정로(경기대입구),구로디지털단지,17,3
20250524,충정로(경기대입구),구로디지털단지,18,5
20250524,충정로(경기대입구),구로디지털단지,19,9
20250524,충정로(경기대입구),구로디지털단지,20,8
20250524,충정로(경기대입구),구로디지털단지,21,6
20250524,충정로(경기대입구),구로디지털단지,22,3
20250524,충정로(경기대입구),구로디지털단지,23,1
20250524,충정로(경기대입구),구의(광진구청),6,1
20250524,충정로(경기대입구),구의(광진구청),9,1
20250524,충정로(경기대입구),구의(광진구청),10,2
20250524,충정로(경기대입구),구의(광진구청),11,1
20250524,충정로(경기대입구),구의(광진구청),12,1
20250524,충정로(경기대입구),구의(광진구청),13,1
20250524,충정로(경기대입구),구의(광진구청),15,3
20250524,충정로(경기대입구),구의(광진구청),17,8
20250524,충정로(경기대입구),구의(광진구청),18,1
20250524,충정로(경기대입구),구의(광진구청),19,6
20250524,충정로(경기대입구),구의(광진구청),21,4
20250524,충정로(경기대입구),구의(광진구청),22,2
20250524,충정로(경기대입구),구의(광진구청),23,2
20250524,충정로(경기대입구),낙성대,8,1
20250524,충정로(경기대입구),낙성대,9,1
20250524,충정로(경기대입구),낙성대,10,2
20250524,충정로(경기대입구),낙성대,12,2
20250524,충정로(경기대입구),낙성대,13,1
20250524,충정로(경기대입구),낙성대,14,1
20250524,충정로(경기대입구),낙성대,15,2
20250524,충정로(경기대입구),낙성대,16,1
20250524,충정로(경기대입구),낙성대,20,1
20250524,충정로(경기대입구),낙성대,21,3
20250524,충정로(경기대입구),낙성대,22,1
20250524,충정로(경기대입구),당산,5,1
20250524,충정로(경기대입구),당산,7,3
20250524,충정로(경기대입구),당산,8,6
20250524,충정로(경기대입구),당산,9,2
20250524,충정로(경기대입구),당산,10,3
20250524,충정로(경기대입구),당산,11,3
20250524,충정로(경기대입구),당산,12,4
20250524,충정로(경기대입구),당산,13,6
20250524,충정로(경기대입구),당산,14,5
20250524,충정로(경기대입구),당산,15,6
20250524,충정로(경기대입구),당산,16,5
20250524,충정로(경기대입구),당산,17,6
20250524,충정로(경기대입구),당산,18,4
20250524,충정로(경기대입구),당산,19,3
20250524,충정로(경기대입구),당산,20,8
20250524,충정로(경기대입구),당산,21,2
20250524,충정로(경기대입구),당산,22,2
20250524,충정로(경기대입구),당산,23,2
20250524,충정로(경기대입구),대림(구로구청),5,1
20250524,충정로(경기대입구),대림(구로구청),8,4
20250524,충정로(경기대입구),대림(구로구청),9,2
20250524,충정로(경기대입구),대림(구로구청),10,1
20250524,충정로(경기대입구),대림(구로구청),11,1
20250524,충정로(경기대입구),대림(구로구청),13,3
20250524,충정로(경기대입구),대림(구로구청),14,1
20250524,충정로(경기대입구),대림(구로구청),15,2
20250524,충정로(경기대입구),대림(구로구청),16,2
20250524,충정로(경기대입구),대림(구로구청),17,4
20250524,충정로(경기대입구),대림(구로구청),18,1
20250524,충정로(경기대입구),대림(구로구청),20,1
20250524,충정로(경기대입구),대림(구로구청),21,7
20250524,충정로(경기대입구),동대문역사문화공원,5,3
20250524,충정로(경기대입구),동대문역사문화공원,6,3
20250524,충정로(경기대입구),동대문역사문화공원,7,4
20250524,충정로(경기대입구),동대문역사문화공원,8,8
20250524,충정로(경기대입구),동대문역사문화공원,9,5
20250524,충정로(경기대입구),동대문역사문화공원,10,9
20250524,충정로(경기대입구),동대문역사문화공원,11,10
20250524,충정로(경기대입구),동대문역사문화공원,12,19
20250524,충정로(경기대입구),동대문역사문화공원,13,10
20250524,충정로(경기대입구),동대문역사문화공원,14,12
20250524,충정로(경기대입구),동대문역사문화공원,15,9
20250524,충정로(경기대입구),동대문역사문화공원,16,16
20250524,충정로(경기대입구),동대문역사문화공원,17,6
20250524,충정로(경기대입구),동대문역사문화공원,18,5
20250524,충정로(경기대입구),동대문역사문화공원,19,3
20250524,충정로(경기대입구),동대문역사문화공원,20,1
20250524,충정로(경기대입구),동대문역사문화공원,22,1
20250524,충정로(경기대입구),뚝섬,5,1
20250524,충정로(경기대입구),뚝섬,6,1
20250524,충정로(경기대입구),뚝섬,7,3
20250524,충정로(경기대입구),뚝섬,8,2
20250524,충정로(경기대입구),뚝섬,9,4
20250524,충정로(경기대입구),뚝섬,10,9
20250524,충정로(경기대입구),뚝섬,11,15
20250524,충정로(경기대입구),뚝섬,12,6
20250524,충정로(경기대입구),뚝섬,13,3
20250524,충정로(경기대입구),뚝섬,14,8
20250524,충정로(경기대입구),뚝섬,15,2
20250524,충정로(경기대입구),뚝섬,16,3
20250524,충정로(경기대입구),뚝섬,17,5
20250524,충정로(경기대입구),뚝섬,18,4
20250524,충정로(경기대입구),뚝섬,19,1
20250524,충정로(경기대입구),뚝섬,21,2
20250524,충정로(경기대입구),뚝섬,22,1
20250524,충정로(경기대입구),뚝섬,23,1
20250524,충정로(경기대입구),문래,7,1
20250524,충정로(경기대입구),문래,8,1
20250524,충정로(경기대입구),문래,9,3
20250524,충정로(경기대입구),문래,10,1
20250524,충정로(경기대입구),문래,11,5
20250524,충정로(경기대입구),문래,12,2
20250524,충정로(경기대입구),문래,13,4
20250524,충정로(경기대입구),문래,14,16
20250524,충정로(경기대입구),문래,15,2
20250524,충정로(경기대입구),문래,17,4
20250524,충정로(경기대입구),문래,18,3
20250524,충정로(경기대입구),문래,20,4
20250524,충정로(경기대입구),문래,21,1
20250524,충정로(경기대입구),방배,7,1
20250524,충정로(경기대입구),방배,8,1
20250524,충정로(경기대입구),방배,12,2
20250524,충정로(경기대입구),방배,13,1
20250524,충정로(경기대입구),방배,15,1
20250524,충정로(경기대입구),방배,21,1
20250524,충정로(경기대입구),봉천,5,1
20250524,충정로(경기대입구),봉천,6,1
20250524,충정로(경기대입구),봉천,7,1
20250524,충정로(경기대입구),봉천,8,1
20250524,충정로(경기대입구),봉천,12,2
20250524,충정로(경기대입구),봉천,13,2
20250524,충정로(경기대입구),봉천,14,1
20250524,충정로(경기대입구),봉천,15,2
20250524,충정로(경기대입구),봉천,16,3
20250524,충정로(경기대입구),봉천,17,2
20250524,충정로(경기대입구),봉천,18,3
20250524,충정로(경기대입구),봉천,20,1
20250524,충정로(경기대입구),봉천,21,1
20250524,충정로(경기대입구),봉천,22,2
20250524,충정로(경기대입구),사당,9,1
20250524,충정로(경기대입구),사당,10,1
20250524,충정로(경기대입구),사당,11,3
20250524,충정로(경기대입구),사당,12,2
20250524,충정로(경기대입구),사당,13,1
20250524,충정로(경기대입구),사당,14,3
20250524,충정로(경기대입구),사당,15,11
20250524,충정로(경기대입구),사당,16,2
20250524,충정로(경기대입구),사당,17,2
20250524,충정로(경기대입구),사당,18,2
20250524,충정로(경기대입구),사당,19,2
20250524,충정로(경기대입구),사당,20,1
20250524,충정로(경기대입구),사당,22,5
20250524,충정로(경기대입구),삼성(무역센터),5,3
20250524,충정로(경기대입구),삼성(무역센터),6,3
20250524,충정로(경기대입구),삼성(무역센터),7,2
20250524,충정로(경기대입구),삼성(무역센터),8,2
20250524,충정로(경기대입구),삼성(무역센터),9,3
20250524,충정로(경기대입구),삼성(무역센터),10,8
20250524,충정로(경기대입구),삼성(무역센터),11,5
20250524,충정로(경기대입구),삼성(무역센터),12,6
20250524,충정로(경기대입구),삼성(무역센터),13,2
20250524,충정로(경기대입구),삼성(무역센터),14,2
20250524,충정로(경기대입구),삼성(무역센터),15,5
20250524,충정로(경기대입구),삼성(무역센터),16,9
20250524,충정로(경기대입구),삼성(무역센터),17,2
20250524,충정로(경기대입구),삼성(무역센터),18,1
20250524,충정로(경기대입구),삼성(무역센터),19,1
20250524,충정로(경기대입구),삼성(무역센터),20,1
20250524,충정로(경기대입구),삼성(무역센터),21,1
20250524,충정로(경기대입구),상왕십리,5,1
20250524,충정로(경기대입구),상왕십리,9,2
20250524,충정로(경기대입구),상왕십리,11,3
20250524,충정로(경기대입구),상왕십리,12,1
20250524,충정로(경기대입구),상왕십리,13,6
20250524,충정로(경기대입구),상왕십리,14,1
20250524,충정로(경기대입구),상왕십리,15,7
20250524,충정로(경기대입구),상왕십리,16,2
20250524,충정로(경기대입구),상왕십리,17,3
20250524,충정로(경기대입구),상왕십리,18,3
20250524,충정로(경기대입구),상왕십리,19,2
20250524,충정로(경기대입구),상왕십리,20,5
20250524,충정로(경기대입구),상왕십리,22,3
20250524,충정로(경기대입구),상왕십리,23,1
20250524,충정로(경기대입구),서울대입구(관악구청),7,2
20250524,충정로(경기대입구),서울대입구(관악구청),8,2
20250524,충정로(경기대입구),서울대입구(관악구청),9,2
20250524,충정로(경기대입구),서울대입구(관악구청),10,1
20250524,충정로(경기대입구),서울대입구(관악구청),11,1
20250524,충정로(경기대입구),서울대입구(관악구청),12,3
20250524,충정로(경기대입구),서울대입구(관악구청),13,2
20250524,충정로(경기대입구),서울대입구(관악구청),14,3
20250524,충정로(경기대입구),서울대입구(관악구청),15,2
20250524,충정로(경기대입구),서울대입구(관악구청),16,4
20250524,충정로(경기대입구),서울대입구(관악구청),17,1
20250524,충정로(경기대입구),서울대입구(관악구청),18,5
20250524,충정로(경기대입구),서울대입구(관악구청),19,2
20250524,충정로(경기대입구),서울대입구(관악구청),20,1
20250524,충정로(경기대입구),서울대입구(관악구청),21,1
20250524,충정로(경기대입구),서울대입구(관악구청),22,1
20250524,충정로(경기대입구),서울대입구(관악구청),23,1
20250524,충정로(경기대입구),서초,7,1
20250524,충정로(경기대입구),서초,11,2
20250524,충정로(경기대입구),서초,12,1
20250524,충정로(경기대입구),서초,14,1
20250524,충정로(경기대입구),서초,16,1
20250524,충정로(경기대입구),서초,19,2
20250524,충정로(경기대입구),선릉,9,6
20250524,충정로(경기대입구),선릉,10,2
20250524,충정로(경기대입구),선릉,11,3
20250524,충정로(경기대입구),선릉,12,4
20250524,충정로(경기대입구),선릉,13,1
20250524,충정로(경기대입구),선릉,15,2
20250524,충정로(경기대입구),선릉,17,7
20250524,충정로(경기대입구),선릉,18,2
20250524,충정로(경기대입구),성수,5,2
20250524,충정로(경기대입구),성수,6,2
20250524,충정로(경기대입구),성수,7,3
20250524,충정로(경기대입구),성수,8,2
20250524,충정로(경기대입구),성수,9,8
20250524,충정로(경기대입구),성수,10,8
20250524,충정로(경기대입구),성수,11,9
20250524,충정로(경기대입구),성수,12,9
20250524,충정로(경기대입구),성수,13,18
20250524,충정로(경기대입구),성수,14,12
20250524,충정로(경기대입구),성수,15,12
20250524,충정로(경기대입구),성수,16,4
20250524,충정로(경기대입구),성수,17,4
20250524,충정로(경기대입구),성수,18,3
20250524,충정로(경기대입구),성수,19,3
20250524,충정로(경기대입구),성수,21,2
20250524,충정로(경기대입구),시청,5,2
20250524,충정로(경기대입구),시청,6,1
20250524,충정로(경기대입구),시청,7,3
20250524,충정로(경기대입구),시청,8,7
20250524,충정로(경기대입구),시청,9,5
20250524,충정로(경기대입구),시청,10,3
20250524,충정로(경기대입구),시청,11,10
20250524,충정로(경기대입구),시청,12,12
20250524,충정로(경기대입구),시청,13,10
20250524,충정로(경기대입구),시청,14,13
20250524,충정로(경기대입구),시청,15,3
20250524,충정로(경기대입구),시청,16,8
20250524,충정로(경기대입구),시청,18,7
20250524,충정로(경기대입구),시청,19,4
20250524,충정로(경기대입구),시청,21,2
20250524,충정로(경기대입구),신당,5,4
20250524,충정로(경기대입구),신당,6,3
20250524,충정로(경기대입구),신당,7,7
20250524,충정로(경기대입구),신당,8,8
20250524,충정로(경기대입구),신당,9,6
20250524,충정로(경기대입구),신당,10,4
20250524,충정로(경기대입구),신당,11,11
20250524,충정로(경기대입구),신당,12,10
20250524,충정로(경기대입구),신당,13,10
20250524,충정로(경기대입구),신당,14,8
20250524,충정로(경기대입구),신당,15,7
20250524,충정로(경기대입구),신당,16,7
20250524,충정로(경기대입구),신당,17,9
20250524,충정로(경기대입구),신당,18,4
20250524,충정로(경기대입구),신당,19,5
20250524,충정로(경기대입구),신당,20,2
20250524,충정로(경기대입구),신당,22,3
20250524,충정로(경기대입구),신대방,5,2
20250524,충정로(경기대입구),신대방,6,1
20250524,충정로(경기대입구),신대방,7,2
20250524,충정로(경기대입구),신대방,10,5
20250524,충정로(경기대입구),신대방,12,2
20250524,충정로(경기대입구),신대방,13,5
20250524,충정로(경기대입구),신대방,14,3
20250524,충정로(경기대입구),신대방,15,2
20250524,충정로(경기대입구),신대방,16,1
20250524,충정로(경기대입구),신대방,17,2
20250524,충정로(경기대입구),신대방,18,4
20250524,충정로(경기대입구),신대방,19,1
20250524,충정로(경기대입구),신대방,20,3
20250524,충정로(경기대입구),신대방,21,4
20250524,충정로(경기대입구),신대방,22,3
20250524,충정로(경기대입구),신대방,23,1
20250524,충정로(경기대입구),신도림,5,1
20250524,충정로(경기대입구),신도림,6,2
20250524,충정로(경기대입구),신도림,7,3
20250524,충정로(경기대입구),신도림,9,3
20250524,충정로(경기대입구),신도림,10,6
20250524,충정로(경기대입구),신도림,11,3
20250524,충정로(경기대입구),신도림,12,7
20250524,충정로(경기대입구),신도림,13,14
20250524,충정로(경기대입구),신도림,14,6
20250524,충정로(경기대입구),신도림,15,7
20250524,충정로(경기대입구),신도림,16,4
20250524,충정로(경기대입구),신도림,17,5
20250524,충정로(경기대입구),신도림,18,4
20250524,충정로(경기대입구),신도림,19,8
20250524,충정로(경기대입구),신도림,20,4
20250524,충정로(경기대입구),신도림,21,4
20250524,충정로(경기대입구),신도림,22,3
20250524,충정로(경기대입구),신도림,23,5
20250524,충정로(경기대입구),신림,5,1
20250524,충정로(경기대입구),신림,6,1
20250524,충정로(경기대입구),신림,7,3
20250524,충정로(경기대입구),신림,10,2
20250524,충정로(경기대입구),신림,11,3
20250524,충정로(경기대입구),신림,12,4
20250524,충정로(경기대입구),신림,13,3
20250524,충정로(경기대입구),신림,14,2
20250524,충정로(경기대입구),신림,15,2
20250524,충정로(경기대입구),신림,16,2
20250524,충정로(경기대입구),신림,17,4
20250524,충정로(경기대입구),신림,18,2
20250524,충정로(경기대입구),신림,20,1
20250524,충정로(경기대입구),신림,21,3
20250524,충정로(경기대입구),신림,22,3
20250524,충정로(경기대입구),신림,23,2
20250524,충정로(경기대입구),신촌,5,1
20250524,충정로(경기대입구),신촌,7,5
20250524,충정로(경기대입구),신촌,8,9
20250524,충정로(경기대입구),신촌,9,10
20250524,충정로(경기대입구),신촌,10,26
20250524,충정로(경기대입구),신촌,11,21
20250524,충정로(경기대입구),신촌,12,22
20250524,충정로(경기대입구),신촌,13,18
20250524,충정로(경기대입구),신촌,14,22
20250524,충정로(경기대입구),신촌,15,17
20250524,충정로(경기대입구),신촌,16,13
20250524,충정로(경기대입구),신촌,17,15
20250524,충정로(경기대입구),신촌,18,20
20250524,충정로(경기대입구),신촌,19,10
20250524,충정로(경기대입구),신촌,20,9
20250524,충정로(경기대입구),신촌,21,3
20250524,충정로(경기대입구),신촌,22,11
20250524,충정로(경기대입구),신촌,23,3
20250524,충정로(경기대입구),아현,5,5
20250524,충정로(경기대입구),아현,6,2
20250524,충정로(경기대입구),아현,7,2
20250524,충정로(경기대입구),아현,8,8
20250524,충정로(경기대입구),아현,9,10
20250524,충정로(경기대입구),아현,10,12
20250524,충정로(경기대입구),아현,11,9
20250524,충정로(경기대입구),아현,12,11
20250524,충정로(경기대입구),아현,13,12
20250524,충정로(경기대입구),아현,14,8
20250524,충정로(경기대입구),아현,15,7
20250524,충정로(경기대입구),아현,16,4
20250524,충정로(경기대입구),아현,17,4
20250524,충정로(경기대입구),아현,18,4
20250524,충정로(경기대입구),아현,19,6
20250524,충정로(경기대입구),아현,20,2
20250524,충정로(경기대입구),아현,21,5
20250524,충정로(경기대입구),아현,22,4
20250524,충정로(경기대입구),아현,23,3
20250524,충정로(경기대입구),역삼,6,1
20250524,충정로(경기대입구),역삼,8,1
20250524,충정로(경기대입구),역삼,10,1
20250524,충정로(경기대입구),역삼,11,2
20250524,충정로(경기대입구),역삼,12,2
20250524,충정로(경기대입구),역삼,13,1
20250524,충정로(경기대입구),역삼,14,1
20250524,충정로(경기대입구),역삼,15,2
20250524,충정로(경기대입구),역삼,16,2
20250524,충정로(경기대입구),역삼,17,2
20250524,충정로(경기대입구),역삼,19,1
20250524,충정로(경기대입구),역삼,20,1
20250524,충정로(경기대입구),역삼,21,1
20250524,충정로(경기대입구),영등포구청,5,1
20250524,충정로(경기대입구),영등포구청,8,5
20250524,충정로(경기대입구),영등포구청,9,3
20250524,충정로(경기대입구),영등포구청,10,2
20250524,충정로(경기대입구),영등포구청,11,5
20250524,충정로(경기대입구),영등포구청,12,4
20250524,충정로(경기대입구),영등포구청,13,1
20250524,충정로(경기대입구),영등포구청,14,8
20250524,충정로(경기대입구),영등포구청,15,2
20250524,충정로(경기대입구),영등포구청,16,7
20250524,충정로(경기대입구),영등포구청,17,7
20250524,충정로(경기대입구),영등포구청,18,2
20250524,충정로(경기대입구),영등포구청,19,14
20250524,충정로(경기대입구),영등포구청,20,2
20250524,충정로(경기대입구),영등포구청,21,2
20250524,충정로(경기대입구),영등포구청,22,1
20250524,충정로(경기대입구),영등포구청,23,1
20250524,충정로(경기대입구),왕십리(성동구청),5,1
20250524,충정로(경기대입구),왕십리(성동구청),6,1
20250524,충정로(경기대입구),왕십리(성동구청),8,2
20250524,충정로(경기대입구),왕십리(성동구청),9,2
20250524,충정로(경기대입구),왕십리(성동구청),10,5
20250524,충정로(경기대입구),왕십리(성동구청),11,6
20250524,충정로(경기대입구),왕십리(성동구청),12,3
20250524,충정로(경기대입구),왕십리(성동구청),13,2
20250524,충정로(경기대입구),왕십리(성동구청),14,6
20250524,충정로(경기대입구),왕십리(성동구청),15,6
20250524,충정로(경기대입구),왕십리(성동구청),16,6
20250524,충정로(경기대입구),왕십리(성동구청),17,3
20250524,충정로(경기대입구),왕십리(성동구청),18,1
20250524,충정로(경기대입구),왕십리(성동구청),19,3
20250524,충정로(경기대입구),왕십리(성동구청),20,4
20250524,충정로(경기대입구),왕십리(성동구청),21,3
20250524,충정로(경기대입구),왕십리(성동구청),22,2
20250524,충정로(경기대입구),용두(동대문구청),11,1
20250524,충정로(경기대입구),을지로3가,5,3
20250524,충정로(경기대입구),을지로3가,6,8
20250524,충정로(경기대입구),을지로3가,7,4
20250524,충정로(경기대입구),을지로3가,8,9
20250524,충정로(경기대입구),을지로3가,9,4
20250524,충정로(경기대입구),을지로3가,10,4
20250524,충정로(경기대입구),을지로3가,11,4
20250524,충정로(경기대입구),을지로3가,12,8
20250524,충정로(경기대입구),을지로3가,13,8
20250524,충정로(경기대입구),을지로3가,14,16
20250524,충정로(경기대입구),을지로3가,15,9
20250524,충정로(경기대입구),을지로3가,16,8
20250524,충정로(경기대입구),을지로3가,17,10
20250524,충정로(경기대입구),을지로3가,18,9
20250524,충정로(경기대입구),을지로3가,19,4
20250524,충정로(경기대입구),을지로3가,20,7
20250524,충정로(경기대입구),을지로3가,21,5
20250524,충정로(경기대입구),을지로3가,22,2
20250524,충정로(경기대입구),을지로4가,5,3
20250524,충정로(경기대입구),을지로4가,6,9
20250524,충정로(경기대입구),을지로4가,7,6
20250524,충정로(경기대입구),을지로4가,8,4
20250524,충정로(경기대입구),을지로4가,9,9
20250524,충정로(경기대입구),을지로4가,10,3
20250524,충정로(경기대입구),을지로4가,11,9
20250524,충정로(경기대입구),을지로4가,12,7
20250524,충정로(경기대입구),을지로4가,13,9
20250524,충정로(경기대입구),을지로4가,14,10
20250524,충정로(경기대입구),을지로4가,15,5
20250524,충정로(경기대입구),을지로4가,16,3
20250524,충정로(경기대입구),을지로4가,17,10
20250524,충정로(경기대입구),을지로4가,18,2
20250524,충정로(경기대입구),을지로4가,19,2
20250524,충정로(경기대입구),을지로4가,20,4
20250524,충정로(경기대입구),을지로입구,5,2
20250524,충정로(경기대입구),을지로입구,6,7
20250524,충정로(경기대입구),을지로입구,7,4
20250524,충정로(경기대입구),을지로입구,8,12
20250524,충정로(경기대입구),을지로입구,9,23
20250524,충정로(경기대입구),을지로입구,10,22
20250524,충정로(경기대입구),을지로입구,11,22
20250524,충정로(경기대입구),을지로입구,12,25
20250524,충정로(경기대입구),을지로입구,13,12
20250524,충정로(경기대입구),을지로입구,14,24
20250524,충정로(경기대입구),을지로입구,15,18
20250524,충정로(경기대입구),을지로입구,16,20
20250524,충정로(경기대입구),을지로입구,17,20
20250524,충정로(경기대입구),을지로입구,18,17
20250524,충정로(경기대입구),을지로입구,19,13
20250524,충정로(경기대입구),을지로입구,20,4
20250524,충정로(경기대입구),을지로입구,21,4
20250524,충정로(경기대입구),을지로입구,22,1
20250524,충정로(경기대입구),을지로입구,23,2
20250524,충정로(경기대입구),이대,6,2
20250524,충정로(경기대입구),이대,7,1
20250524,충정로(경기대입구),이대,8,5
20250524,충정로(경기대입구),이대,9,4
20250524,충정로(경기대입구),이대,10,5
20250524,충정로(경기대입구),이대,11,7
20250524,충정로(경기대입구),이대,12,8
20250524,충정로(경기대입구),이대,13,4
20250524,충정로(경기대입구),이대,14,8
20250524,충정로(경기대입구),이대,15,3
20250524,충정로(경기대입구),이대,16,6
20250524,충정로(경기대입구),이대,17,9
20250524,충정로(경기대입구),이대,18,2
20250524,충정로(경기대입구),이대,19,5
20250524,충정로(경기대입구),이대,20,6
20250524,충정로(경기대입구),이대,21,2
20250524,충정로(경기대입구),이대,22,6
20250524,충정로(경기대입구),잠실(송파구청),5,3
20250524,충정로(경기대입구),잠실(송파구청),7,4
20250524,충정로(경기대입구),잠실(송파구청),8,4
20250524,충정로(경기대입구),잠실(송파구청),9,9
20250524,충정로(경기대입구),잠실(송파구청),10,16
20250524,충정로(경기대입구),잠실(송파구청),11,10
20250524,충정로(경기대입구),잠실(송파구청),12,12
20250524,충정로(경기대입구),잠실(송파구청),13,12
20250524,충정로(경기대입구),잠실(송파구청),14,22
20250524,충정로(경기대입구),잠실(송파구청),15,13
20250524,충정로(경기대입구),잠실(송파구청),16,11
20250524,충정로(경기대입구),잠실(송파구청),17,24
20250524,충정로(경기대입구),잠실(송파구청),18,5
20250524,충정로(경기대입구),잠실(송파구청),19,7
20250524,충정로(경기대입구),잠실(송파구청),20,11
20250524,충정로(경기대입구),잠실(송파구청),21,2
20250524,충정로(경기대입구),잠실(송파구청),22,4
20250524,충정로(경기대입구),잠실(송파구청),23,4
20250524,충정로(경기대입구),잠실나루,5,1
20250524,충정로(경기대입구),잠실나루,9,2
20250524,충정로(경기대입구),잠실나루,10,2
20250524,충정로(경기대입구),잠실나루,11,2
20250524,충정로(경기대입구),잠실나루,12,1
20250524,충정로(경기대입구),잠실나루,13,1
20250524,충정로(경기대입구),잠실나루,16,2
20250524,충정로(경기대입구),잠실나루,17,2
20250524,충정로(경기대입구),잠실나루,19,8
20250524,충정로(경기대입구),잠실나루,20,2
20250524,충정로(경기대입구),잠실나루,21,2
20250524,충정로(경기대입구),잠실나루,23,1
20250524,충정로(경기대입구),잠실새내,7,1
20250524,충정로(경기대입구),잠실새내,8,2
20250524,충정로(경기대입구),잠실새내,10,3
20250524,충정로(경기대입구),잠실새내,11,4
20250524,충정로(경기대입구),잠실새내,12,11
20250524,충정로(경기대입구),잠실새내,13,3
20250524,충정로(경기대입구),잠실새내,14,6
20250524,충정로(경기대입구),잠실새내,15,2
20250524,충정로(경기대입구),잠실새내,17,2
20250524,충정로(경기대입구),잠실새내,18,3
20250524,충정로(경기대입구),잠실새내,20,4
20250524,충정로(경기대입구),잠실새내,23,1
20250524,충정로(경기대입구),종합운동장,5,1
20250524,충정로(경기대입구),종합운동장,6,1
20250524,충정로(경기대입구),종합운동장,8,1
20250524,충정로(경기대입구),종합운동장,11,1
20250524,충정로(경기대입구),종합운동장,12,2
20250524,충정로(경기대입구),종합운동장,13,2
20250524,충정로(경기대입구),종합운동장,14,1
20250524,충정로(경기대입구),종합운동장,15,11
20250524,충정로(경기대입구),종합운동장,16,2
20250524,충정로(경기대입구),종합운동장,18,3
20250524,충정로(경기대입구),종합운동장,20,1
20250524,충정로(경기대입구),충정로(경기대입구),4,1
20250524,충정로(경기대입구),충정로(경기대입구),5,2
20250524,충정로(경기대입구),충정로(경기대입구),6,2
20250524,충정로(경기대입구),충정로(경기대입구),7,1
20250524,충정로(경기대입구),충정로(경기대입구),8,3
20250524,충정로(경기대입구),충정로(경기대입구),9,3
20250524,충정로(경기대입구),충정로(경기대입구),10,7
20250524,충정로(경기대입구),충정로(경기대입구),11,5
20250524,충정로(경기대입구),충정로(경기대입구),12,6
20250524,충정로(경기대입구),충정로(경기대입구),13,9
20250524,충정로(경기대입구),충정로(경기대입구),14,10
20250524,충정로(경기대입구),충정로(경기대입구),15,5
20250524,충정로(경기대입구),충정로(경기대입구),16,8
20250524,충정로(경기대입구),충정로(경기대입구),17,7
20250524,충정로(경기대입구),충정로(경기대입구),18,1
20250524,충정로(경기대입구),충정로(경기대입구),19,7
20250524,충정로(경기대입구),충정로(경기대입구),20,3
20250524,충정로(경기대입구),충정로(경기대입구),21,2
20250524,충정로(경기대입구),충정로(경기대입구),23,4
20250524,충정로(경기대입구),한양대,5,1
20250524,충정로(경기대입구),한양대,6,2
20250524,충정로(경기대입구),한양대,8,4
20250524,충정로(경기대입구),한양대,9,5
20250524,충정로(경기대입구),한양대,12,1
20250524,충정로(경기대입구),한양대,13,2
20250524,충정로(경기대입구),한양대,14,2
20250524,충정로(경기대입구),한양대,15,4
20250524,충정로(경기대입구),한양대,17,2
20250524,충정로(경기대입구),한양대,20,2
20250524,충정로(경기대입구),한양대,22,4
20250524,충정로(경기대입구),합정,5,1
20250524,충정로(경기대입구),합정,6,2
20250524,충정로(경기대입구),합정,7,2
20250524,충정로(경기대입구),합정,8,3
20250524,충정로(경기대입구),합정,9,10
20250524,충정로(경기대입구),합정,10,7
20250524,충정로(경기대입구),합정,11,12
20250524,충정로(경기대입구),합정,12,3
20250524,충정로(경기대입구),합정,13,13
20250524,충정로(경기대입구),합정,14,15
20250524,충정로(경기대입구),합정,15,21
20250524,충정로(경기대입구),합정,16,18
20250524,충정로(경기대입구),합정,17,15
20250524,충정로(경기대입구),합정,18,15
20250524,충정로(경기대입구),합정,19,7
20250524,충정로(경기대입구),합정,20,8
20250524,충정로(경기대입구),합정,21,4
20250524,충정로(경기대입구),합정,22,5
20250524,충정로(경기대입구),합정,23,2
20250524,충정로(경기대입구),홍대입구,5,5
20250524,충정로(경기대입구),홍대입구,6,7
20250524,충정로(경기대입구),홍대입구,7,3
20250524,충정로(경기대입구),홍대입구,8,11
20250524,충정로(경기대입구),홍대입구,9,16
20250524,충정로(경기대입구),홍대입구,10,18
20250524,충정로(경기대입구),홍대입구,11,15
20250524,충정로(경기대입구),홍대입구,12,43
20250524,충정로(경기대입구),홍대입구,13,34
20250524,충정로(경기대입구),홍대입구,14,18
20250524,충정로(경기대입구),홍대입구,15,18
20250524,충정로(경기대입구),홍대입구,16,15
20250524,충정로(경기대입구),홍대입구,17,29
20250524,충정로(경기대입구),홍대입구,18,28
20250524,충정로(경기대입구),홍대입구,19,19
20250524,충정로(경기대입구),홍대입구,20,17
20250524,충정로(경기대입구),홍대입구,21,6
20250524,충정로(경기대입구),홍대입구,22,2
20250524,충정로(경기대입구),홍대입구,23,8
20250524,한양대,강남,5,4
20250524,한양대,강남,6,3
20250524,한양대,강남,7,4
20250524,한양대,강남,8,5
20250524,한양대,강남,9,6
20250524,한양대,강남,10,11
20250524,한양대,강남,11,18
20250524,한양대,강남,12,9
20250524,한양대,강남,13,10
20250524,한양대,강남,14,3
20250524,한양대,강남,15,13
20250524,한양대,강남,16,9
20250524,한양대,강남,17,20
20250524,한양대,강남,18,8
20250524,한양대,강남,19,3
20250524,한양대,강남,20,2
20250524,한양대,강남,21,4
20250524,한양대,강남,22,1
20250524,한양대,강남,23,1
20250524,한양대,강변(동서울터미널),5,1
20250524,한양대,강변(동서울터미널),6,4
20250524,한양대,강변(동서울터미널),7,6
20250524,한양대,강변(동서울터미널),8,8
20250524,한양대,강변(동서울터미널),9,11
20250524,한양대,강변(동서울터미널),10,8
20250524,한양대,강변(동서울터미널),11,10
20250524,한양대,강변(동서울터미널),12,19
20250524,한양대,강변(동서울터미널),13,5
20250524,한양대,강변(동서울터미널),14,11
20250524,한양대,강변(동서울터미널),15,7
20250524,한양대,강변(동서울터미널),16,13
20250524,한양대,강변(동서울터미널),17,9
20250524,한양대,강변(동서울터미널),18,10
20250524,한양대,강변(동서울터미널),19,10
20250524,한양대,강변(동서울터미널),20,3
20250524,한양대,강변(동서울터미널),21,4
20250524,한양대,강변(동서울터미널),22,2
20250524,한양대,강변(동서울터미널),23,4
20250524,한양대,건대입구,5,4
20250524,한양대,건대입구,6,4
20250524,한양대,건대입구,7,2
20250524,한양대,건대입구,8,4
20250524,한양대,건대입구,9,10
20250524,한양대,건대입구,10,16
20250524,한양대,건대입구,11,23
20250524,한양대,건대입구,12,19
20250524,한양대,건대입구,13,19
20250524,한양대,건대입구,14,20
20250524,한양대,건대입구,15,26
20250524,한양대,건대입구,16,23
20250524,한양대,건대입구,17,27
20250524,한양대,건대입구,18,19
20250524,한양대,건대입구,19,25
20250524,한양대,건대입구,20,21
20250524,한양대,건대입구,21,16
20250524,한양대,건대입구,22,16
20250524,한양대,건대입구,23,4
20250524,한양대,교대(법원.검찰청),6,3
20250524,한양대,교대(법원.검찰청),9,2
20250524,한양대,교대(법원.검찰청),10,1
20250524,한양대,교대(법원.검찰청),11,2
20250524,한양대,교대(법원.검찰청),13,3
20250524,한양대,교대(법원.검찰청),14,3
20250524,한양대,교대(법원.검찰청),15,2
20250524,한양대,교대(법원.검찰청),16,5
20250524,한양대,교대(법원.검찰청),17,1
20250524,한양대,교대(법원.검찰청),18,1
20250524,한양대,교대(법원.검찰청),19,1
20250524,한양대,교대(법원.검찰청),20,2
20250524,한양대,구로디지털단지,6,1
20250524,한양대,구로디지털단지,7,1
20250524,한양대,구로디지털단지,8,2
20250524,한양대,구로디지털단지,10,4
20250524,한양대,구로디지털단지,11,1
20250524,한양대,구로디지털단지,12,12
20250524,한양대,구로디지털단지,13,7
20250524,한양대,구로디지털단지,15,7
20250524,한양대,구로디지털단지,16,12
20250524,한양대,구로디지털단지,17,6
20250524,한양대,구로디지털단지,18,2
20250524,한양대,구로디지털단지,19,2
20250524,한양대,구로디지털단지,20,4
20250524,한양대,구로디지털단지,21,2
20250524,한양대,구로디지털단지,22,1
20250524,한양대,구의(광진구청),5,1
20250524,한양대,구의(광진구청),7,2
20250524,한양대,구의(광진구청),8,4
20250524,한양대,구의(광진구청),9,6
20250524,한양대,구의(광진구청),10,7
20250524,한양대,구의(광진구청),11,5
20250524,한양대,구의(광진구청),12,10
20250524,한양대,구의(광진구청),13,4
20250524,한양대,구의(광진구청),14,12
20250524,한양대,구의(광진구청),15,17
20250524,한양대,구의(광진구청),16,6
20250524,한양대,구의(광진구청),17,6
20250524,한양대,구의(광진구청),18,13
20250524,한양대,구의(광진구청),19,7
20250524,한양대,구의(광진구청),20,7
20250524,한양대,구의(광진구청),21,6
20250524,한양대,구의(광진구청),22,5
20250524,한양대,구의(광진구청),23,4
20250524,한양대,낙성대,7,2
20250524,한양대,낙성대,8,1
20250524,한양대,낙성대,9,3
20250524,한양대,낙성대,11,4
20250524,한양대,낙성대,12,4
20250524,한양대,낙성대,13,1
20250524,한양대,낙성대,14,5
20250524,한양대,낙성대,15,1
20250524,한양대,낙성대,16,3
20250524,한양대,낙성대,17,1
20250524,한양대,낙성대,18,2
20250524,한양대,낙성대,21,1
20250524,한양대,낙성대,22,2
20250524,한양대,당산,5,5
20250524,한양대,당산,6,1
20250524,한양대,당산,8,1
20250524,한양대,당산,9,3
20250524,한양대,당산,11,3
20250524,한양대,당산,12,5
20250524,한양대,당산,13,4
20250524,한양대,당산,14,6
20250524,한양대,당산,15,5
20250524,한양대,당산,16,6
20250524,한양대,당산,17,4
20250524,한양대,당산,18,2
20250524,한양대,당산,19,6
20250524,한양대,당산,20,4
20250524,한양대,당산,21,2
20250524,한양대,당산,22,5
20250524,한양대,당산,23,1
20250524,한양대,대림(구로구청),7,1
20250524,한양대,대림(구로구청),8,1
20250524,한양대,대림(구로구청),10,1
20250524,한양대,대림(구로구청),11,1
20250524,한양대,대림(구로구청),12,2
20250524,한양대,대림(구로구청),17,7
20250524,한양대,대림(구로구청),20,1
20250524,한양대,대림(구로구청),21,2
20250524,한양대,대림(구로구청),22,1
20250524,한양대,대림(구로구청),23,1
20250524,한양대,동대문역사문화공원,5,1
20250524,한양대,동대문역사문화공원,7,1
20250524,한양대,동대문역사문화공원,8,1
20250524,한양대,동대문역사문화공원,10,5
20250524,한양대,동대문역사문화공원,11,7
20250524,한양대,동대문역사문화공원,12,12
20250524,한양대,동대문역사문화공원,13,7
20250524,한양대,동대문역사문화공원,14,8
20250524,한양대,동대문역사문화공원,15,10
20250524,한양대,동대문역사문화공원,16,10
20250524,한양대,동대문역사문화공원,17,6
20250524,한양대,동대문역사문화공원,18,4
20250524,한양대,동대문역사문화공원,19,9
20250524,한양대,동대문역사문화공원,22,6
20250524,한양대,뚝섬,8,3
20250524,한양대,뚝섬,9,5
20250524,한양대,뚝섬,10,16
20250524,한양대,뚝섬,11,14
20250524,한양대,뚝섬,12,28
20250524,한양대,뚝섬,13,14
20250524,한양대,뚝섬,14,7
20250524,한양대,뚝섬,15,11
20250524,한양대,뚝섬,16,22
20250524,한양대,뚝섬,17,14
20250524,한양대,뚝섬,18,13
20250524,한양대,뚝섬,19,2
20250524,한양대,뚝섬,20,3
20250524,한양대,뚝섬,21,5
20250524,한양대,뚝섬,22,3
20250524,한양대,뚝섬,23,1
20250524,한양대,문래,6,1
20250524,한양대,문래,7,1
20250524,한양대,문래,9,2
20250524,한양대,문래,11,4
20250524,한양대,문래,13,2
20250524,한양대,문래,15,1
20250524,한양대,문래,16,3
20250524,한양대,문래,18,1
20250524,한양대,방배,5,1
20250524,한양대,방배,9,2
20250524,한양대,방배,10,1
20250524,한양대,방배,12,2
20250524,한양대,방배,13,1
20250524,한양대,방배,14,1
20250524,한양대,방배,15,3
20250524,한양대,방배,16,4
20250524,한양대,방배,18,3
20250524,한양대,방배,21,2
20250524,한양대,봉천,5,1
20250524,한양대,봉천,10,1
20250524,한양대,봉천,11,2
20250524,한양대,봉천,14,3
20250524,한양대,봉천,16,1
20250524,한양대,봉천,17,1
20250524,한양대,봉천,18,1
20250524,한양대,봉천,19,4
20250524,한양대,봉천,21,1
20250524,한양대,봉천,23,1
20250524,한양대,사당,5,3
20250524,한양대,사당,6,5
20250524,한양대,사당,7,3
20250524,한양대,사당,8,1
20250524,한양대,사당,9,2
20250524,한양대,사당,10,2
20250524,한양대,사당,11,7
20250524,한양대,사당,12,4
20250524,한양대,사당,13,7
20250524,한양대,사당,14,3
20250524,한양대,사당,15,6
20250524,한양대,사당,16,12
20250524,한양대,사당,17,5
20250524,한양대,사당,18,9
20250524,한양대,사당,19,2
20250524,한양대,사당,20,2
20250524,한양대,사당,21,1
20250524,한양대,사당,22,12
20250524,한양대,삼성(무역센터),6,2
20250524,한양대,삼성(무역센터),7,1
20250524,한양대,삼성(무역센터),8,3
20250524,한양대,삼성(무역센터),9,4
20250524,한양대,삼성(무역센터),10,5
20250524,한양대,삼성(무역센터),11,7
20250524,한양대,삼성(무역센터),12,4
20250524,한양대,삼성(무역센터),13,6
20250524,한양대,삼성(무역센터),14,2
20250524,한양대,삼성(무역센터),15,6
20250524,한양대,삼성(무역센터),16,2
20250524,한양대,삼성(무역센터),17,9
20250524,한양대,삼성(무역센터),18,2
20250524,한양대,삼성(무역센터),19,1
20250524,한양대,삼성(무역센터),20,2
20250524,한양대,삼성(무역센터),21,1
20250524,한양대,삼성(무역센터),22,1
20250524,한양대,삼성(무역센터),23,2
20250524,한양대,상왕십리,5,1
20250524,한양대,상왕십리,6,1
20250524,한양대,상왕십리,7,2
20250524,한양대,상왕십리,8,1
20250524,한양대,상왕십리,9,4
20250524,한양대,상왕십리,10,6
20250524,한양대,상왕십리,11,5
20250524,한양대,상왕십리,12,6
20250524,한양대,상왕십리,13,5
20250524,한양대,상왕십리,14,10
20250524,한양대,상왕십리,15,11
20250524,한양대,상왕십리,16,5
20250524,한양대,상왕십리,17,4
20250524,한양대,상왕십리,18,3
20250524,한양대,상왕십리,19,6
20250524,한양대,상왕십리,20,5
20250524,한양대,상왕십리,21,4
20250524,한양대,상왕십리,22,8
20250524,한양대,상왕십리,23,4
20250524,한양대,서울대입구(관악구청),8,3
20250524,한양대,서울대입구(관악구청),10,8
20250524,한양대,서울대입구(관악구청),11,1
20250524,한양대,서울대입구(관악구청),12,7
20250524,한양대,서울대입구(관악구청),13,2
20250524,한양대,서울대입구(관악구청),14,3
20250524,한양대,서울대입구(관악구청),15,4
20250524,한양대,서울대입구(관악구청),16,1
20250524,한양대,서울대입구(관악구청),17,5
20250524,한양대,서울대입구(관악구청),18,1
20250524,한양대,서울대입구(관악구청),19,1
20250524,한양대,서울대입구(관악구청),21,2
20250524,한양대,서울대입구(관악구청),22,1
20250524,한양대,서초,10,2
20250524,한양대,서초,11,3
20250524,한양대,서초,12,1
20250524,한양대,서초,15,1
20250524,한양대,서초,16,2
20250524,한양대,서초,17,2
20250524,한양대,서초,18,1
20250524,한양대,서초,22,3
20250524,한양대,선릉,8,2
20250524,한양대,선릉,9,1
20250524,한양대,선릉,10,2
20250524,한양대,선릉,11,2
20250524,한양대,선릉,12,2
20250524,한양대,선릉,13,5
20250524,한양대,선릉,15,3
20250524,한양대,선릉,16,2
20250524,한양대,선릉,17,1
20250524,한양대,선릉,18,2
20250524,한양대,선릉,19,1
20250524,한양대,선릉,20,1
20250524,한양대,선릉,22,1
20250524,한양대,성수,5,3
20250524,한양대,성수,6,1
20250524,한양대,성수,7,5
20250524,한양대,성수,8,4
20250524,한양대,성수,9,9
20250524,한양대,성수,10,22
20250524,한양대,성수,11,26
20250524,한양대,성수,12,27
20250524,한양대,성수,13,16
20250524,한양대,성수,14,13
20250524,한양대,성수,15,22
20250524,한양대,성수,16,24
20250524,한양대,성수,17,23
20250524,한양대,성수,18,14
20250524,한양대,성수,19,12
20250524,한양대,성수,20,3
20250524,한양대,성수,21,5
20250524,한양대,성수,22,1
20250524,한양대,성수,23,4
20250524,한양대,시청,5,1
20250524,한양대,시청,8,2
20250524,한양대,시청,9,2
20250524,한양대,시청,10,1
20250524,한양대,시청,11,9
20250524,한양대,시청,12,2
20250524,한양대,시청,13,1
20250524,한양대,시청,14,1
20250524,한양대,시청,15,2
20250524,한양대,시청,16,7
20250524,한양대,시청,17,6
20250524,한양대,시청,18,1
20250524,한양대,시청,19,2
20250524,한양대,시청,20,2
20250524,한양대,시청,21,1
20250524,한양대,신당,6,1
20250524,한양대,신당,8,1
20250524,한양대,신당,10,6
20250524,한양대,신당,11,3
20250524,한양대,신당,12,6
20250524,한양대,신당,13,7
20250524,한양대,신당,15,6
20250524,한양대,신당,16,11
20250524,한양대,신당,17,11
20250524,한양대,신당,18,13
20250524,한양대,신당,19,4
20250524,한양대,신당,20,1
20250524,한양대,신당,21,5
20250524,한양대,신당,22,2
20250524,한양대,신당,23,2
20250524,한양대,신대방,5,1
20250524,한양대,신대방,6,2
20250524,한양대,신대방,10,2
20250524,한양대,신대방,14,1
20250524,한양대,신대방,15,2
20250524,한양대,신대방,16,3
20250524,한양대,신대방,18,2
20250524,한양대,신대방,21,1
20250524,한양대,신도림,5,2
20250524,한양대,신도림,6,5
20250524,한양대,신도림,7,2
20250524,한양대,신도림,9,3
20250524,한양대,신도림,10,4
20250524,한양대,신도림,11,6
20250524,한양대,신도림,12,8
20250524,한양대,신도림,13,3
20250524,한양대,신도림,14,7
20250524,한양대,신도림,15,3
20250524,한양대,신도림,16,3
20250524,한양대,신도림,17,3
20250524,한양대,신도림,18,7
20250524,한양대,신도림,19,3
20250524,한양대,신도림,20,2
20250524,한양대,신도림,21,1
20250524,한양대,신도림,22,1
20250524,한양대,신도림,23,2
20250524,한양대,신림,5,2
20250524,한양대,신림,6,1
20250524,한양대,신림,10,3
20250524,한양대,신림,11,1
20250524,한양대,신림,12,5
20250524,한양대,신림,13,2
20250524,한양대,신림,14,1
20250524,한양대,신림,15,8
20250524,한양대,신림,16,6
20250524,한양대,신림,17,2
20250524,한양대,신림,18,2
20250524,한양대,신림,19,4
20250524,한양대,신림,20,4
20250524,한양대,신림,21,2
20250524,한양대,신림,22,2
20250524,한양대,신림,23,1
20250524,한양대,신촌,5,4
20250524,한양대,신촌,6,3
20250524,한양대,신촌,7,1
20250524,한양대,신촌,8,4
20250524,한양대,신촌,9,4
20250524,한양대,신촌,10,15
20250524,한양대,신촌,11,11
20250524,한양대,신촌,12,18
20250524,한양대,신촌,13,10
20250524,한양대,신촌,14,14
20250524,한양대,신촌,15,9
20250524,한양대,신촌,16,10
20250524,한양대,신촌,17,9
20250524,한양대,신촌,18,9
20250524,한양대,신촌,19,8
20250524,한양대,신촌,20,6
20250524,한양대,신촌,21,3
20250524,한양대,신촌,22,3
20250524,한양대,신촌,23,2
20250524,한양대,아현,5,1
20250524,한양대,아현,6,1
20250524,한양대,아현,7,2
20250524,한양대,아현,8,3
20250524,한양대,아현,9,2
20250524,한양대,아현,10,2
20250524,한양대,아현,11,6
20250524,한양대,아현,12,1
20250524,한양대,아현,13,1
20250524,한양대,아현,14,4
20250524,한양대,아현,15,2
20250524,한양대,아현,17,1
20250524,한양대,아현,19,2
20250524,한양대,아현,20,3
20250524,한양대,아현,22,2
20250524,한양대,역삼,6,1
20250524,한양대,역삼,8,4
20250524,한양대,역삼,9,2
20250524,한양대,역삼,10,4
20250524,한양대,역삼,11,3
20250524,한양대,역삼,12,1
20250524,한양대,역삼,13,2
20250524,한양대,역삼,15,3
20250524,한양대,역삼,16,1
20250524,한양대,역삼,17,8
20250524,한양대,역삼,18,1
20250524,한양대,역삼,19,2
20250524,한양대,역삼,20,1
20250524,한양대,역삼,21,1
20250524,한양대,역삼,22,2
20250524,한양대,영등포구청,5,1
20250524,한양대,영등포구청,7,1
20250524,한양대,영등포구청,8,1
20250524,한양대,영등포구청,9,1
20250524,한양대,영등포구청,11,3
20250524,한양대,영등포구청,12,4
20250524,한양대,영등포구청,13,1
20250524,한양대,영등포구청,14,2
20250524,한양대,영등포구청,17,1
20250524,한양대,영등포구청,18,1
20250524,한양대,영등포구청,20,1
20250524,한양대,영등포구청,22,1
20250524,한양대,왕십리(성동구청),6,2
20250524,한양대,왕십리(성동구청),7,4
20250524,한양대,왕십리(성동구청),8,4
20250524,한양대,왕십리(성동구청),9,10
20250524,한양대,왕십리(성동구청),10,9
20250524,한양대,왕십리(성동구청),11,11
20250524,한양대,왕십리(성동구청),12,12
20250524,한양대,왕십리(성동구청),13,18
20250524,한양대,왕십리(성동구청),14,15
20250524,한양대,왕십리(성동구청),15,12
20250524,한양대,왕십리(성동구청),16,8
20250524,한양대,왕십리(성동구청),17,7
20250524,한양대,왕십리(성동구청),18,8
20250524,한양대,왕십리(성동구청),19,6
20250524,한양대,왕십리(성동구청),20,8
20250524,한양대,왕십리(성동구청),21,9
20250524,한양대,왕십리(성동구청),22,7
20250524,한양대,왕십리(성동구청),23,2
20250524,한양대,용두(동대문구청),13,1
20250524,한양대,용두(동대문구청),14,1
20250524,한양대,용두(동대문구청),16,1
20250524,한양대,용두(동대문구청),18,2
20250524,한양대,용두(동대문구청),19,1
20250524,한양대,용두(동대문구청),21,1
20250524,한양대,을지로3가,5,2
20250524,한양대,을지로3가,6,4
20250524,한양대,을지로3가,7,2
20250524,한양대,을지로3가,8,1
20250524,한양대,을지로3가,9,4
20250524,한양대,을지로3가,10,6
20250524,한양대,을지로3가,11,12
20250524,한양대,을지로3가,12,6
20250524,한양대,을지로3가,13,4
20250524,한양대,을지로3가,14,8
20250524,한양대,을지로3가,15,5
20250524,한양대,을지로3가,16,9
20250524,한양대,을지로3가,17,12
20250524,한양대,을지로3가,18,14
20250524,한양대,을지로3가,19,3
20250524,한양대,을지로3가,20,5
20250524,한양대,을지로3가,21,8
20250524,한양대,을지로3가,22,5
20250524,한양대,을지로3가,23,2
20250524,한양대,을지로4가,6,2
20250524,한양대,을지로4가,7,1
20250524,한양대,을지로4가,8,2
20250524,한양대,을지로4가,9,1
20250524,한양대,을지로4가,10,5
20250524,한양대,을지로4가,11,3
20250524,한양대,을지로4가,12,3
20250524,한양대,을지로4가,13,3
20250524,한양대,을지로4가,14,4
20250524,한양대,을지로4가,15,3
20250524,한양대,을지로4가,16,2
20250524,한양대,을지로4가,18,4
20250524,한양대,을지로4가,19,2
20250524,한양대,을지로4가,20,3
20250524,한양대,을지로4가,21,1
20250524,한양대,을지로4가,22,1
20250524,한양대,을지로입구,5,2
20250524,한양대,을지로입구,6,8
20250524,한양대,을지로입구,7,2
20250524,한양대,을지로입구,8,8
20250524,한양대,을지로입구,9,8
20250524,한양대,을지로입구,10,21
20250524,한양대,을지로입구,11,18
20250524,한양대,을지로입구,12,12
20250524,한양대,을지로입구,13,12
20250524,한양대,을지로입구,14,21
20250524,한양대,을지로입구,15,18
20250524,한양대,을지로입구,16,11
20250524,한양대,을지로입구,17,13
20250524,한양대,을지로입구,18,10
20250524,한양대,을지로입구,19,12
20250524,한양대,을지로입구,20,3
20250524,한양대,을지로입구,21,1
20250524,한양대,을지로입구,22,4
20250524,한양대,을지로입구,23,4
20250524,한양대,이대,6,1
20250524,한양대,이대,8,1
20250524,한양대,이대,9,2
20250524,한양대,이대,10,4
20250524,한양대,이대,11,9
20250524,한양대,이대,12,2
20250524,한양대,이대,14,3
20250524,한양대,이대,15,6
20250524,한양대,이대,16,3
20250524,한양대,이대,17,1
20250524,한양대,이대,18,2
20250524,한양대,이대,20,3
20250524,한양대,이대,22,7
20250524,한양대,이대,23,2
20250524,한양대,잠실(송파구청),5,6
20250524,한양대,잠실(송파구청),6,10
20250524,한양대,잠실(송파구청),7,3
20250524,한양대,잠실(송파구청),8,7
20250524,한양대,잠실(송파구청),9,16
20250524,한양대,잠실(송파구청),10,16
20250524,한양대,잠실(송파구청),11,22
20250524,한양대,잠실(송파구청),12,32
20250524,한양대,잠실(송파구청),13,21
20250524,한양대,잠실(송파구청),14,22
20250524,한양대,잠실(송파구청),15,21
20250524,한양대,잠실(송파구청),16,21
20250524,한양대,잠실(송파구청),17,30
20250524,한양대,잠실(송파구청),18,25
20250524,한양대,잠실(송파구청),19,8
20250524,한양대,잠실(송파구청),20,14
20250524,한양대,잠실(송파구청),21,6
20250524,한양대,잠실(송파구청),22,9
20250524,한양대,잠실(송파구청),23,6
20250524,한양대,잠실나루,6,2
20250524,한양대,잠실나루,7,2
20250524,한양대,잠실나루,8,2
20250524,한양대,잠실나루,9,1
20250524,한양대,잠실나루,10,2
20250524,한양대,잠실나루,11,1
20250524,한양대,잠실나루,12,2
20250524,한양대,잠실나루,13,6
20250524,한양대,잠실나루,14,2
20250524,한양대,잠실나루,15,1
20250524,한양대,잠실나루,16,4
20250524,한양대,잠실나루,17,4
20250524,한양대,잠실나루,18,7
20250524,한양대,잠실나루,19,4
20250524,한양대,잠실나루,20,3
20250524,한양대,잠실나루,21,1
20250524,한양대,잠실나루,22,3
20250524,한양대,잠실나루,23,5
20250524,한양대,잠실새내,7,1
20250524,한양대,잠실새내,8,2
20250524,한양대,잠실새내,10,3
20250524,한양대,잠실새내,11,5
20250524,한양대,잠실새내,12,8
20250524,한양대,잠실새내,13,4
20250524,한양대,잠실새내,14,8
20250524,한양대,잠실새내,15,3
20250524,한양대,잠실새내,16,1
20250524,한양대,잠실새내,17,2
20250524,한양대,잠실새내,18,10
20250524,한양대,잠실새내,19,4
20250524,한양대,잠실새내,20,1
20250524,한양대,잠실새내,21,4
20250524,한양대,잠실새내,22,3
20250524,한양대,잠실새내,23,1
20250524,한양대,종합운동장,6,1
20250524,한양대,종합운동장,7,3
20250524,한양대,종합운동장,10,2
20250524,한양대,종합운동장,11,1
20250524,한양대,종합운동장,12,4
20250524,한양대,종합운동장,13,2
20250524,한양대,종합운동장,14,1
20250524,한양대,종합운동장,15,12
20250524,한양대,종합운동장,16,9
20250524,한양대,종합운동장,19,1
20250524,한양대,종합운동장,22,1
20250524,한양대,충정로(경기대입구),5,1
20250524,한양대,충정로(경기대입구),8,2
20250524,한양대,충정로(경기대입구),9,1
20250524,한양대,충정로(경기대입구),11,2
20250524,한양대,충정로(경기대입구),12,3
20250524,한양대,충정로(경기대입구),13,2
20250524,한양대,충정로(경기대입구),14,3
20250524,한양대,충정로(경기대입구),15,3
20250524,한양대,충정로(경기대입구),17,2
20250524,한양대,충정로(경기대입구),18,3
20250524,한양대,충정로(경기대입구),19,1
20250524,한양대,충정로(경기대입구),23,1
20250524,한양대,한양대,5,2
20250524,한양대,한양대,6,4
20250524,한양대,한양대,7,2
20250524,한양대,한양대,8,2
20250524,한양대,한양대,9,2
20250524,한양대,한양대,10,18
20250524,한양대,한양대,11,10
20250524,한양대,한양대,12,17
20250524,한양대,한양대,13,7
20250524,한양대,한양대,14,4
20250524,한양대,한양대,15,6
20250524,한양대,한양대,16,10
20250524,한양대,한양대,17,3
20250524,한양대,한양대,18,3
20250524,한양대,한양대,20,2
20250524,한양대,한양대,21,3
20250524,한양대,한양대,22,7
20250524,한양대,한양대,23,3
20250524,한양대,합정,8,4
20250524,한양대,합정,9,3
20250524,한양대,합정,10,9
20250524,한양대,합정,11,6
20250524,한양대,합정,12,12
20250524,한양대,합정,13,5
20250524,한양대,합정,14,3
20250524,한양대,합정,15,11
20250524,한양대,합정,16,5
20250524,한양대,합정,17,9
20250524,한양대,합정,18,6
20250524,한양대,합정,19,5
20250524,한양대,합정,20,1
20250524,한양대,합정,22,2
20250524,한양대,합정,23,2
20250524,한양대,홍대입구,5,3
20250524,한양대,홍대입구,6,2
20250524,한양대,홍대입구,7,2
20250524,한양대,홍대입구,8,7
20250524,한양대,홍대입구,9,7
20250524,한양대,홍대입구,10,20
20250524,한양대,홍대입구,11,24
20250524,한양대,홍대입구,12,26
20250524,한양대,홍대입구,13,21
20250524,한양대,홍대입구,14,16
20250524,한양대,홍대입구,15,23
20250524,한양대,홍대입구,16,18
20250524,한양대,홍대입구,17,20
20250524,한양대,홍대입구,18,19
20250524,한양대,홍대입구,19,13
20250524,한양대,홍대입구,20,11
20250524,한양대,홍대입구,21,13
20250524,한양대,홍대입구,22,2
20250524,한양대,홍대입구,23,5
20250524,합정,강남,5,12
20250524,합정,강남,6,7
20250524,합정,강남,7,8
20250524,합정,강남,8,14
20250524,합정,강남,9,14
20250524,합정,강남,10,18
20250524,합정,강남,11,21
20250524,합정,강남,12,20
20250524,합정,강남,13,19
20250524,합정,강남,14,29
20250524,합정,강남,15,31
20250524,합정,강남,16,22
20250524,합정,강남,17,31
20250524,합정,강남,18,35
20250524,합정,강남,19,33
20250524,합정,강남,20,44
20250524,합정,강남,21,25
20250524,합정,강남,22,32
20250524,합정,강남,23,6
20250524,합정,강변(동서울터미널),5,7
20250524,합정,강변(동서울터미널),6,6
20250524,합정,강변(동서울터미널),7,3
20250524,합정,강변(동서울터미널),8,12
20250524,합정,강변(동서울터미널),9,5
20250524,합정,강변(동서울터미널),10,5
20250524,합정,강변(동서울터미널),11,1
20250524,합정,강변(동서울터미널),12,10
20250524,합정,강변(동서울터미널),13,14
20250524,합정,강변(동서울터미널),14,8
20250524,합정,강변(동서울터미널),15,11
20250524,합정,강변(동서울터미널),16,9
20250524,합정,강변(동서울터미널),17,7
20250524,합정,강변(동서울터미널),18,11
20250524,합정,강변(동서울터미널),19,15
20250524,합정,강변(동서울터미널),20,21
20250524,합정,강변(동서울터미널),21,9
20250524,합정,강변(동서울터미널),22,20
20250524,합정,강변(동서울터미널),23,1
20250524,합정,건대입구,5,2
20250524,합정,건대입구,6,6
20250524,합정,건대입구,7,1
20250524,합정,건대입구,8,3
20250524,합정,건대입구,9,8
20250524,합정,건대입구,10,9
20250524,합정,건대입구,11,9
20250524,합정,건대입구,12,14
20250524,합정,건대입구,13,19
20250524,합정,건대입구,14,20
20250524,합정,건대입구,15,19
20250524,합정,건대입구,16,22
20250524,합정,건대입구,17,20
20250524,합정,건대입구,18,19
20250524,합정,건대입구,19,32
20250524,합정,건대입구,20,22
20250524,합정,건대입구,21,45
20250524,합정,건대입구,22,24
20250524,합정,건대입구,23,7
20250524,합정,교대(법원.검찰청),5,3
20250524,합정,교대(법원.검찰청),6,1
20250524,합정,교대(법원.검찰청),7,1
20250524,합정,교대(법원.검찰청),8,5
20250524,합정,교대(법원.검찰청),9,9
20250524,합정,교대(법원.검찰청),10,3
20250524,합정,교대(법원.검찰청),11,9
20250524,합정,교대(법원.검찰청),12,8
20250524,합정,교대(법원.검찰청),13,4
20250524,합정,교대(법원.검찰청),14,6
20250524,합정,교대(법원.검찰청),15,8
20250524,합정,교대(법원.검찰청),16,8
20250524,합정,교대(법원.검찰청),17,15
20250524,합정,교대(법원.검찰청),18,2
20250524,합정,교대(법원.검찰청),19,3
20250524,합정,교대(법원.검찰청),20,2
20250524,합정,교대(법원.검찰청),21,7
20250524,합정,교대(법원.검찰청),22,10
20250524,합정,교대(법원.검찰청),23,4
20250524,합정,구로디지털단지,5,10
20250524,합정,구로디지털단지,6,17
20250524,합정,구로디지털단지,7,13
20250524,합정,구로디지털단지,8,21
20250524,합정,구로디지털단지,9,21
20250524,합정,구로디지털단지,10,20
20250524,합정,구로디지털단지,11,18
20250524,합정,구로디지털단지,12,30
20250524,합정,구로디지털단지,13,40
20250524,합정,구로디지털단지,14,56
20250524,합정,구로디지털단지,15,66
20250524,합정,구로디지털단지,16,83
20250524,합정,구로디지털단지,17,78
20250524,합정,구로디지털단지,18,95
20250524,합정,구로디지털단지,19,98
20250524,합정,구로디지털단지,20,125
20250524,합정,구로디지털단지,21,174
20250524,합정,구로디지털단지,22,163
20250524,합정,구로디지털단지,23,65
20250524,합정,구의(광진구청),5,3
20250524,합정,구의(광진구청),6,4
20250524,합정,구의(광진구청),7,5
20250524,합정,구의(광진구청),8,3
20250524,합정,구의(광진구청),9,3
20250524,합정,구의(광진구청),10,3
20250524,합정,구의(광진구청),11,7
20250524,합정,구의(광진구청),12,5
20250524,합정,구의(광진구청),13,11
20250524,합정,구의(광진구청),14,10
20250524,합정,구의(광진구청),15,10
20250524,합정,구의(광진구청),16,16
20250524,합정,구의(광진구청),17,16
20250524,합정,구의(광진구청),18,10
20250524,합정,구의(광진구청),19,15
20250524,합정,구의(광진구청),20,16
20250524,합정,구의(광진구청),21,18
20250524,합정,구의(광진구청),22,13
20250524,합정,구의(광진구청),23,9
20250524,합정,낙성대,5,13
20250524,합정,낙성대,6,1
20250524,합정,낙성대,7,3
20250524,합정,낙성대,8,6
20250524,합정,낙성대,9,6
20250524,합정,낙성대,10,4
20250524,합정,낙성대,11,4
20250524,합정,낙성대,12,10
20250524,합정,낙성대,13,15
20250524,합정,낙성대,14,16
20250524,합정,낙성대,15,10
20250524,합정,낙성대,16,26
20250524,합정,낙성대,17,24
20250524,합정,낙성대,18,28
20250524,합정,낙성대,19,27
20250524,합정,낙성대,20,33
20250524,합정,낙성대,21,41
20250524,합정,낙성대,22,44
20250524,합정,낙성대,23,18
20250524,합정,당산,5,6
20250524,합정,당산,6,10
20250524,합정,당산,7,11
20250524,합정,당산,8,8
20250524,합정,당산,9,7
20250524,합정,당산,10,19
20250524,합정,당산,11,22
20250524,합정,당산,12,26
20250524,합정,당산,13,34
20250524,합정,당산,14,38
20250524,합정,당산,15,33
20250524,합정,당산,16,44
20250524,합정,당산,17,53
20250524,합정,당산,18,55
20250524,합정,당산,19,50
20250524,합정,당산,20,59
20250524,합정,당산,21,78
20250524,합정,당산,22,47
20250524,합정,당산,23,38
20250524,합정,대림(구로구청),5,3
20250524,합정,대림(구로구청),6,5
20250524,합정,대림(구로구청),7,11
20250524,합정,대림(구로구청),8,14
20250524,합정,대림(구로구청),9,15
20250524,합정,대림(구로구청),10,10
20250524,합정,대림(구로구청),11,12
20250524,합정,대림(구로구청),12,14
20250524,합정,대림(구로구청),13,7
20250524,합정,대림(구로구청),14,14
20250524,합정,대림(구로구청),15,18
20250524,합정,대림(구로구청),16,24
20250524,합정,대림(구로구청),17,23
20250524,합정,대림(구로구청),18,24
20250524,합정,대림(구로구청),19,21
20250524,합정,대림(구로구청),20,41
20250524,합정,대림(구로구청),21,57
20250524,합정,대림(구로구청),22,34
20250524,합정,대림(구로구청),23,18
20250524,합정,동대문역사문화공원,5,1
20250524,합정,동대문역사문화공원,6,1
20250524,합정,동대문역사문화공원,7,6
20250524,합정,동대문역사문화공원,8,13
20250524,합정,동대문역사문화공원,9,6
20250524,합정,동대문역사문화공원,10,15
20250524,합정,동대문역사문화공원,11,26
20250524,합정,동대문역사문화공원,12,18
20250524,합정,동대문역사문화공원,13,25
20250524,합정,동대문역사문화공원,14,42
20250524,합정,동대문역사문화공원,15,22
20250524,합정,동대문역사문화공원,16,10
20250524,합정,동대문역사문화공원,17,23
20250524,합정,동대문역사문화공원,18,16
20250524,합정,동대문역사문화공원,19,4
20250524,합정,동대문역사문화공원,20,14
20250524,합정,동대문역사문화공원,21,7
20250524,합정,동대문역사문화공원,22,14
20250524,합정,동대문역사문화공원,23,3
20250524,합정,뚝섬,5,4
20250524,합정,뚝섬,8,2
20250524,합정,뚝섬,9,8
20250524,합정,뚝섬,10,13
20250524,합정,뚝섬,11,9
20250524,합정,뚝섬,12,12
20250524,합정,뚝섬,13,15
20250524,합정,뚝섬,14,21
20250524,합정,뚝섬,15,13
20250524,합정,뚝섬,16,23
20250524,합정,뚝섬,17,17
20250524,합정,뚝섬,18,5
20250524,합정,뚝섬,19,5
20250524,합정,뚝섬,20,9
20250524,합정,뚝섬,21,5
20250524,합정,뚝섬,22,6
20250524,합정,뚝섬,23,2
20250524,합정,문래,5,1
20250524,합정,문래,6,7
20250524,합정,문래,7,5
20250524,합정,문래,8,9
20250524,합정,문래,9,16
20250524,합정,문래,10,8
20250524,합정,문래,11,15
20250524,합정,문래,12,23
20250524,합정,문래,13,33
20250524,합정,문래,14,42
20250524,합정,문래,15,35
20250524,합정,문래,16,51
20250524,합정,문래,17,57
20250524,합정,문래,18,35
20250524,합정,문래,19,42
20250524,합정,문래,20,34
20250524,합정,문래,21,27
20250524,합정,문래,22,22
20250524,합정,문래,23,10
20250524,합정,방배,5,2
20250524,합정,방배,7,1
20250524,합정,방배,8,6
20250524,합정,방배,9,5
20250524,합정,방배,10,7
20250524,합정,방배,11,4
20250524,합정,방배,12,5
20250524,합정,방배,13,8
20250524,합정,방배,14,8
20250524,합정,방배,15,5
20250524,합정,방배,16,10
20250524,합정,방배,17,9
20250524,합정,방배,18,14
20250524,합정,방배,19,3
20250524,합정,방배,20,5
20250524,합정,방배,21,8
20250524,합정,방배,22,10
20250524,합정,방배,23,5
20250524,합정,봉천,5,8
20250524,합정,봉천,6,1
20250524,합정,봉천,7,4
20250524,합정,봉천,8,3
20250524,합정,봉천,9,3
20250524,합정,봉천,10,4
20250524,합정,봉천,11,6
20250524,합정,봉천,12,11
20250524,합정,봉천,13,13
20250524,합정,봉천,14,7
20250524,합정,봉천,15,22
20250524,합정,봉천,16,13
20250524,합정,봉천,17,22
20250524,합정,봉천,18,44
20250524,합정,봉천,19,20
20250524,합정,봉천,20,36
20250524,합정,봉천,21,29
20250524,합정,봉천,22,39
20250524,합정,봉천,23,16
20250524,합정,사당,5,13
20250524,합정,사당,6,8
20250524,합정,사당,7,1
20250524,합정,사당,8,6
20250524,합정,사당,9,5
20250524,합정,사당,10,6
20250524,합정,사당,11,12
20250524,합정,사당,12,17
20250524,합정,사당,13,24
20250524,합정,사당,14,18
20250524,합정,사당,15,32
20250524,합정,사당,16,28
20250524,합정,사당,17,43
20250524,합정,사당,18,44
20250524,합정,사당,19,32
20250524,합정,사당,20,49
20250524,합정,사당,21,40
20250524,합정,사당,22,70
20250524,합정,사당,23,20
20250524,합정,삼성(무역센터),5,3
20250524,합정,삼성(무역센터),6,3
20250524,합정,삼성(무역센터),7,2
20250524,합정,삼성(무역센터),8,9
20250524,합정,삼성(무역센터),9,10
20250524,합정,삼성(무역센터),10,19
20250524,합정,삼성(무역센터),11,13
20250524,합정,삼성(무역센터),12,14
20250524,합정,삼성(무역센터),13,13
20250524,합정,삼성(무역센터),14,12
20250524,합정,삼성(무역센터),15,13
20250524,합정,삼성(무역센터),16,13
20250524,합정,삼성(무역센터),17,12
20250524,합정,삼성(무역센터),18,2
20250524,합정,삼성(무역센터),19,6
20250524,합정,삼성(무역센터),20,2
20250524,합정,삼성(무역센터),21,4
20250524,합정,삼성(무역센터),22,3
20250524,합정,삼성(무역센터),23,6
20250524,합정,상왕십리,5,3
20250524,합정,상왕십리,6,1
20250524,합정,상왕십리,7,4
20250524,합정,상왕십리,8,1
20250524,합정,상왕십리,9,3
20250524,합정,상왕십리,10,5
20250524,합정,상왕십리,11,5
20250524,합정,상왕십리,12,3
20250524,합정,상왕십리,13,4
20250524,합정,상왕십리,14,7
20250524,합정,상왕십리,15,5
20250524,합정,상왕십리,16,8
20250524,합정,상왕십리,17,16
20250524,합정,상왕십리,18,13
20250524,합정,상왕십리,19,7
20250524,합정,상왕십리,20,12
20250524,합정,상왕십리,21,18
20250524,합정,상왕십리,22,16
20250524,합정,상왕십리,23,9
20250524,합정,서울대입구(관악구청),5,4
20250524,합정,서울대입구(관악구청),6,3
20250524,합정,서울대입구(관악구청),7,11
20250524,합정,서울대입구(관악구청),8,14
20250524,합정,서울대입구(관악구청),9,8
20250524,합정,서울대입구(관악구청),10,10
20250524,합정,서울대입구(관악구청),11,14
20250524,합정,서울대입구(관악구청),12,9
20250524,합정,서울대입구(관악구청),13,27
20250524,합정,서울대입구(관악구청),14,27
20250524,합정,서울대입구(관악구청),15,45
20250524,합정,서울대입구(관악구청),16,25
20250524,합정,서울대입구(관악구청),17,52
20250524,합정,서울대입구(관악구청),18,71
20250524,합정,서울대입구(관악구청),19,45
20250524,합정,서울대입구(관악구청),20,63
20250524,합정,서울대입구(관악구청),21,50
20250524,합정,서울대입구(관악구청),22,82
20250524,합정,서울대입구(관악구청),23,69
20250524,합정,서초,5,3
20250524,합정,서초,6,1
20250524,합정,서초,7,1
20250524,합정,서초,8,2
20250524,합정,서초,9,2
20250524,합정,서초,10,2
20250524,합정,서초,11,2
20250524,합정,서초,12,9
20250524,합정,서초,13,10
20250524,합정,서초,14,3
20250524,합정,서초,15,4
20250524,합정,서초,16,5
20250524,합정,서초,17,5
20250524,합정,서초,18,5
20250524,합정,서초,19,4
20250524,합정,서초,20,4
20250524,합정,서초,21,6
20250524,합정,서초,22,9
20250524,합정,서초,23,3
20250524,합정,선릉,5,1
20250524,합정,선릉,6,3
20250524,합정,선릉,7,7
20250524,합정,선릉,8,4
20250524,합정,선릉,9,11
20250524,합정,선릉,10,10
20250524,합정,선릉,11,9
20250524,합정,선릉,12,9
20250524,합정,선릉,13,6
20250524,합정,선릉,14,6
20250524,합정,선릉,15,10
20250524,합정,선릉,16,10
20250524,합정,선릉,17,8
20250524,합정,선릉,18,4
20250524,합정,선릉,19,9
20250524,합정,선릉,20,2
20250524,합정,선릉,21,11
20250524,합정,선릉,22,8
20250524,합정,선릉,23,4
20250524,합정,성수,5,2
20250524,합정,성수,6,4
20250524,합정,성수,7,4
20250524,합정,성수,8,6
20250524,합정,성수,9,19
20250524,합정,성수,10,27
20250524,합정,성수,11,36
20250524,합정,성수,12,35
20250524,합정,성수,13,46
20250524,합정,성수,14,43
20250524,합정,성수,15,47
20250524,합정,성수,16,42
20250524,합정,성수,17,31
20250524,합정,성수,18,22
20250524,합정,성수,19,13
20250524,합정,성수,20,10
20250524,합정,성수,21,8
20250524,합정,성수,22,13
20250524,합정,성수,23,32
20250524,합정,시청,5,4
20250524,합정,시청,6,10
20250524,합정,시청,7,5
20250524,합정,시청,8,19
20250524,합정,시청,9,9
20250524,합정,시청,10,20
20250524,합정,시청,11,19
20250524,합정,시청,12,25
20250524,합정,시청,13,38
20250524,합정,시청,14,18
20250524,합정,시청,15,17
20250524,합정,시청,16,14
20250524,합정,시청,17,28
20250524,합정,시청,18,11
20250524,합정,시청,19,12
20250524,합정,시청,20,13
20250524,합정,시청,21,15
20250524,합정,시청,22,2
20250524,합정,시청,23,6
20250524,합정,신당,5,2
20250524,합정,신당,6,3
20250524,합정,신당,7,7
20250524,합정,신당,8,4
20250524,합정,신당,9,8
20250524,합정,신당,10,10
20250524,합정,신당,11,10
20250524,합정,신당,12,6
20250524,합정,신당,13,10
20250524,합정,신당,14,16
20250524,합정,신당,15,11
20250524,합정,신당,16,9
20250524,합정,신당,17,14
20250524,합정,신당,18,14
20250524,합정,신당,19,14
20250524,합정,신당,20,18
20250524,합정,신당,21,14
20250524,합정,신당,22,6
20250524,합정,신당,23,11
20250524,합정,신대방,5,6
20250524,합정,신대방,6,8
20250524,합정,신대방,7,5
20250524,합정,신대방,8,7
20250524,합정,신대방,9,11
20250524,합정,신대방,10,18
20250524,합정,신대방,11,12
20250524,합정,신대방,12,17
20250524,합정,신대방,13,27
20250524,합정,신대방,14,24
20250524,합정,신대방,15,24
20250524,합정,신대방,16,33
20250524,합정,신대방,17,37
20250524,합정,신대방,18,51
20250524,합정,신대방,19,47
20250524,합정,신대방,20,57
20250524,합정,신대방,21,72
20250524,합정,신대방,22,52
20250524,합정,신대방,23,33
20250524,합정,신도림,4,1
20250524,합정,신도림,5,11
20250524,합정,신도림,6,8
20250524,합정,신도림,7,6
20250524,합정,신도림,8,22
20250524,합정,신도림,9,17
20250524,합정,신도림,10,26
20250524,합정,신도림,11,31
20250524,합정,신도림,12,53
20250524,합정,신도림,13,56
20250524,합정,신도림,14,62
20250524,합정,신도림,15,67
20250524,합정,신도림,16,97
20250524,합정,신도림,17,95
20250524,합정,신도림,18,96
20250524,합정,신도림,19,91
20250524,합정,신도림,20,136
20250524,합정,신도림,21,139
20250524,합정,신도림,22,106
20250524,합정,신도림,23,170
20250524,합정,신림,4,1
20250524,합정,신림,5,16
20250524,합정,신림,6,13
20250524,합정,신림,7,15
20250524,합정,신림,8,12
20250524,합정,신림,9,14
20250524,합정,신림,10,15
20250524,합정,신림,11,17
20250524,합정,신림,12,24
20250524,합정,신림,13,31
20250524,합정,신림,14,41
20250524,합정,신림,15,57
20250524,합정,신림,16,70
20250524,합정,신림,17,81
20250524,합정,신림,18,65
20250524,합정,신림,19,99
20250524,합정,신림,20,119
20250524,합정,신림,21,113
20250524,합정,신림,22,144
20250524,합정,신림,23,101
20250524,합정,신촌,5,5
20250524,합정,신촌,6,4
20250524,합정,신촌,7,9
20250524,합정,신촌,8,29
20250524,합정,신촌,9,45
20250524,합정,신촌,10,53
20250524,합정,신촌,11,65
20250524,합정,신촌,12,61
20250524,합정,신촌,13,69
20250524,합정,신촌,14,85
20250524,합정,신촌,15,80
20250524,합정,신촌,16,80
20250524,합정,신촌,17,76
20250524,합정,신촌,18,59
20250524,합정,신촌,19,79
20250524,합정,신촌,20,54
20250524,합정,신촌,21,63
20250524,합정,신촌,22,55
20250524,합정,신촌,23,26
20250524,합정,아현,6,5
20250524,합정,아현,7,1
20250524,합정,아현,8,11
20250524,합정,아현,9,9
20250524,합정,아현,10,11
20250524,합정,아현,11,8
20250524,합정,아현,12,13
20250524,합정,아현,13,19
20250524,합정,아현,14,7
20250524,합정,아현,15,10
20250524,합정,아현,16,21
20250524,합정,아현,17,17
20250524,합정,아현,18,14
20250524,합정,아현,19,7
20250524,합정,아현,20,21
20250524,합정,아현,21,31
20250524,합정,아현,22,17
20250524,합정,아현,23,19
20250524,합정,역삼,5,5
20250524,합정,역삼,6,7
20250524,합정,역삼,7,7
20250524,합정,역삼,8,4
20250524,합정,역삼,9,5
20250524,합정,역삼,10,8
20250524,합정,역삼,11,7
20250524,합정,역삼,12,4
20250524,합정,역삼,13,10
20250524,합정,역삼,14,12
20250524,합정,역삼,15,11
20250524,합정,역삼,16,14
20250524,합정,역삼,17,9
20250524,합정,역삼,18,6
20250524,합정,역삼,19,12
20250524,합정,역삼,20,12
20250524,합정,역삼,21,4
20250524,합정,역삼,22,5
20250524,합정,역삼,23,3
20250524,합정,영등포구청,5,3
20250524,합정,영등포구청,6,13
20250524,합정,영등포구청,7,6
20250524,합정,영등포구청,8,9
20250524,합정,영등포구청,9,11
20250524,합정,영등포구청,10,21
20250524,합정,영등포구청,11,14
20250524,합정,영등포구청,12,22
20250524,합정,영등포구청,13,19
20250524,합정,영등포구청,14,32
20250524,합정,영등포구청,15,27
20250524,합정,영등포구청,16,26
20250524,합정,영등포구청,17,32
20250524,합정,영등포구청,18,41
20250524,합정,영등포구청,19,35
20250524,합정,영등포구청,20,36
20250524,합정,영등포구청,21,34
20250524,합정,영등포구청,22,36
20250524,합정,영등포구청,23,36
20250524,합정,왕십리(성동구청),5,3
20250524,합정,왕십리(성동구청),6,5
20250524,합정,왕십리(성동구청),8,8
20250524,합정,왕십리(성동구청),9,4
20250524,합정,왕십리(성동구청),10,3
20250524,합정,왕십리(성동구청),11,8
20250524,합정,왕십리(성동구청),12,16
20250524,합정,왕십리(성동구청),13,9
20250524,합정,왕십리(성동구청),14,12
20250524,합정,왕십리(성동구청),15,13
20250524,합정,왕십리(성동구청),16,17
20250524,합정,왕십리(성동구청),17,19
20250524,합정,왕십리(성동구청),18,12
20250524,합정,왕십리(성동구청),19,27
20250524,합정,왕십리(성동구청),20,17
20250524,합정,왕십리(성동구청),21,15
20250524,합정,왕십리(성동구청),22,15
20250524,합정,왕십리(성동구청),23,6
20250524,합정,용두(동대문구청),5,1
20250524,합정,용두(동대문구청),12,1
20250524,합정,용두(동대문구청),13,1
20250524,합정,용두(동대문구청),15,1
20250524,합정,용두(동대문구청),16,1
20250524,합정,용두(동대문구청),18,2
20250524,합정,용두(동대문구청),22,1
20250524,합정,을지로3가,5,4
20250524,합정,을지로3가,6,6
20250524,합정,을지로3가,7,3
20250524,합정,을지로3가,8,4
20250524,합정,을지로3가,9,9
20250524,합정,을지로3가,10,23
20250524,합정,을지로3가,11,11
20250524,합정,을지로3가,12,14
20250524,합정,을지로3가,13,20
20250524,합정,을지로3가,14,22
20250524,합정,을지로3가,15,29
20250524,합정,을지로3가,16,27
20250524,합정,을지로3가,17,28
20250524,합정,을지로3가,18,37
20250524,합정,을지로3가,19,32
20250524,합정,을지로3가,20,26
20250524,합정,을지로3가,21,16
20250524,합정,을지로3가,22,15
20250524,합정,을지로3가,23,6
20250524,합정,을지로4가,5,5
20250524,합정,을지로4가,6,4
20250524,합정,을지로4가,7,8
20250524,합정,을지로4가,8,13
20250524,합정,을지로4가,9,5
20250524,합정,을지로4가,10,7
20250524,합정,을지로4가,11,18
20250524,합정,을지로4가,12,15
20250524,합정,을지로4가,13,21
20250524,합정,을지로4가,14,11
20250524,합정,을지로4가,15,18
20250524,합정,을지로4가,16,9
20250524,합정,을지로4가,17,7
20250524,합정,을지로4가,18,5
20250524,합정,을지로4가,19,10
20250524,합정,을지로4가,20,18
20250524,합정,을지로4가,21,12
20250524,합정,을지로4가,22,16
20250524,합정,을지로4가,23,8
20250524,합정,을지로입구,5,3
20250524,합정,을지로입구,6,10
20250524,합정,을지로입구,7,21
20250524,합정,을지로입구,8,26
20250524,합정,을지로입구,9,40
20250524,합정,을지로입구,10,47
20250524,합정,을지로입구,11,70
20250524,합정,을지로입구,12,61
20250524,합정,을지로입구,13,63
20250524,합정,을지로입구,14,60
20250524,합정,을지로입구,15,62
20250524,합정,을지로입구,16,57
20250524,합정,을지로입구,17,71
20250524,합정,을지로입구,18,97
20250524,합정,을지로입구,19,63
20250524,합정,을지로입구,20,58
20250524,합정,을지로입구,21,50
20250524,합정,을지로입구,22,45
20250524,합정,을지로입구,23,72
20250524,합정,이대,5,1
20250524,합정,이대,6,2
20250524,합정,이대,7,3
20250524,합정,이대,8,12
20250524,합정,이대,9,10
20250524,합정,이대,10,20
20250524,합정,이대,11,20
20250524,합정,이대,12,20
20250524,합정,이대,13,20
20250524,합정,이대,14,18
20250524,합정,이대,15,23
20250524,합정,이대,16,29
20250524,합정,이대,17,30
20250524,합정,이대,18,24
20250524,합정,이대,19,28
20250524,합정,이대,20,21
20250524,합정,이대,21,36
20250524,합정,이대,22,37
20250524,합정,이대,23,24
20250524,합정,잠실(송파구청),5,10
20250524,합정,잠실(송파구청),6,3
20250524,합정,잠실(송파구청),7,5
20250524,합정,잠실(송파구청),8,16
20250524,합정,잠실(송파구청),9,14
20250524,합정,잠실(송파구청),10,18
20250524,합정,잠실(송파구청),11,14
20250524,합정,잠실(송파구청),12,27
20250524,합정,잠실(송파구청),13,27
20250524,합정,잠실(송파구청),14,33
20250524,합정,잠실(송파구청),15,54
20250524,합정,잠실(송파구청),16,33
20250524,합정,잠실(송파구청),17,39
20250524,합정,잠실(송파구청),18,30
20250524,합정,잠실(송파구청),19,20
20250524,합정,잠실(송파구청),20,42
20250524,합정,잠실(송파구청),21,39
20250524,합정,잠실(송파구청),22,50
20250524,합정,잠실(송파구청),23,19
20250524,합정,잠실나루,5,2
20250524,합정,잠실나루,9,3
20250524,합정,잠실나루,10,5
20250524,합정,잠실나루,11,1
20250524,합정,잠실나루,12,2
20250524,합정,잠실나루,14,6
20250524,합정,잠실나루,15,5
20250524,합정,잠실나루,16,3
20250524,합정,잠실나루,17,1
20250524,합정,잠실나루,18,7
20250524,합정,잠실나루,19,3
20250524,합정,잠실나루,20,1
20250524,합정,잠실나루,21,5
20250524,합정,잠실나루,22,4
20250524,합정,잠실새내,5,1
20250524,합정,잠실새내,6,2
20250524,합정,잠실새내,8,1
20250524,합정,잠실새내,9,2
20250524,합정,잠실새내,10,3
20250524,합정,잠실새내,11,3
20250524,합정,잠실새내,12,6
20250524,합정,잠실새내,13,9
20250524,합정,잠실새내,14,7
20250524,합정,잠실새내,15,9
20250524,합정,잠실새내,16,1
20250524,합정,잠실새내,17,7
20250524,합정,잠실새내,18,6
20250524,합정,잠실새내,19,7
20250524,합정,잠실새내,20,8
20250524,합정,잠실새내,21,8
20250524,합정,잠실새내,22,9
20250524,합정,잠실새내,23,5
20250524,합정,종합운동장,5,1
20250524,합정,종합운동장,6,1
20250524,합정,종합운동장,7,4
20250524,합정,종합운동장,12,3
20250524,합정,종합운동장,13,6
20250524,합정,종합운동장,14,8
20250524,합정,종합운동장,15,36
20250524,합정,종합운동장,16,13
20250524,합정,종합운동장,17,3
20250524,합정,종합운동장,18,1
20250524,합정,종합운동장,19,1
20250524,합정,종합운동장,20,1
20250524,합정,종합운동장,21,5
20250524,합정,종합운동장,22,8
20250524,합정,충정로(경기대입구),5,3
20250524,합정,충정로(경기대입구),6,4
20250524,합정,충정로(경기대입구),7,3
20250524,합정,충정로(경기대입구),8,2
20250524,합정,충정로(경기대입구),9,7
20250524,합정,충정로(경기대입구),10,6
20250524,합정,충정로(경기대입구),11,6
20250524,합정,충정로(경기대입구),12,8
20250524,합정,충정로(경기대입구),13,13
20250524,합정,충정로(경기대입구),14,14
20250524,합정,충정로(경기대입구),15,6
20250524,합정,충정로(경기대입구),16,6
20250524,합정,충정로(경기대입구),17,10
20250524,합정,충정로(경기대입구),18,13
20250524,합정,충정로(경기대입구),19,9
20250524,합정,충정로(경기대입구),20,11
20250524,합정,충정로(경기대입구),21,11
20250524,합정,충정로(경기대입구),22,14
20250524,합정,충정로(경기대입구),23,2
20250524,합정,한양대,5,2
20250524,합정,한양대,6,1
20250524,합정,한양대,7,3
20250524,합정,한양대,8,5
20250524,합정,한양대,9,3
20250524,합정,한양대,11,1
20250524,합정,한양대,12,3
20250524,합정,한양대,13,4
20250524,합정,한양대,14,3
20250524,합정,한양대,15,3
20250524,합정,한양대,16,2
20250524,합정,한양대,17,2
20250524,합정,한양대,18,4
20250524,합정,한양대,19,2
20250524,합정,한양대,20,4
20250524,합정,한양대,21,1
20250524,합정,한양대,22,3
20250524,합정,한양대,23,2
20250524,합정,합정,4,1
20250524,합정,합정,5,13
20250524,합정,합정,6,13
20250524,합정,합정,7,15
20250524,합정,합정,8,12
20250524,합정,합정,9,18
20250524,합정,합정,10,19
20250524,합정,합정,11,42
20250524,합정,합정,12,42
20250524,합정,합정,13,58
20250524,합정,합정,14,79
20250524,합정,합정,15,74
20250524,합정,합정,16,96
20250524,합정,합정,17,86
20250524,합정,합정,18,60
20250524,합정,합정,19,68
20250524,합정,합정,20,75
20250524,합정,합정,21,76
20250524,합정,합정,22,81
20250524,합정,합정,23,92
20250524,합정,홍대입구,0,2
20250524,합정,홍대입구,5,3
20250524,합정,홍대입구,6,4
20250524,합정,홍대입구,7,11
20250524,합정,홍대입구,8,10
20250524,합정,홍대입구,9,52
20250524,합정,홍대입구,10,93
20250524,합정,홍대입구,11,134
20250524,합정,홍대입구,12,129
20250524,합정,홍대입구,13,138
20250524,합정,홍대입구,14,166
20250524,합정,홍대입구,15,173
20250524,합정,홍대입구,16,181
20250524,합정,홍대입구,17,154
20250524,합정,홍대입구,18,135
20250524,합정,홍대입구,19,127
20250524,합정,홍대입구,20,118
20250524,합정,홍대입구,21,97
20250524,합정,홍대입구,22,73
20250524,합정,홍대입구,23,70
20250524,홍대입구,강남,5,10
20250524,홍대입구,강남,6,4
20250524,홍대입구,강남,7,19
20250524,홍대입구,강남,8,36
20250524,홍대입구,강남,9,31
20250524,홍대입구,강남,10,40
20250524,홍대입구,강남,11,29
20250524,홍대입구,강남,12,53
20250524,홍대입구,강남,13,67
20250524,홍대입구,강남,14,72
20250524,홍대입구,강남,15,55
20250524,홍대입구,강남,16,82
20250524,홍대입구,강남,17,92
20250524,홍대입구,강남,18,70
20250524,홍대입구,강남,19,93
20250524,홍대입구,강남,20,74
20250524,홍대입구,강남,21,74
20250524,홍대입구,강남,22,54
20250524,홍대입구,강남,23,10
20250524,홍대입구,강변(동서울터미널),5,22
20250524,홍대입구,강변(동서울터미널),6,23
20250524,홍대입구,강변(동서울터미널),7,13
20250524,홍대입구,강변(동서울터미널),8,24
20250524,홍대입구,강변(동서울터미널),9,16
20250524,홍대입구,강변(동서울터미널),10,10
20250524,홍대입구,강변(동서울터미널),11,6
20250524,홍대입구,강변(동서울터미널),12,20
20250524,홍대입구,강변(동서울터미널),13,22
20250524,홍대입구,강변(동서울터미널),14,19
20250524,홍대입구,강변(동서울터미널),15,34
20250524,홍대입구,강변(동서울터미널),16,52
20250524,홍대입구,강변(동서울터미널),17,49
20250524,홍대입구,강변(동서울터미널),18,69
20250524,홍대입구,강변(동서울터미널),19,70
20250524,홍대입구,강변(동서울터미널),20,49
20250524,홍대입구,강변(동서울터미널),21,53
20250524,홍대입구,강변(동서울터미널),22,43
20250524,홍대입구,강변(동서울터미널),23,11
20250524,홍대입구,건대입구,5,26
20250524,홍대입구,건대입구,6,11
20250524,홍대입구,건대입구,7,10
20250524,홍대입구,건대입구,8,13
20250524,홍대입구,건대입구,9,19
20250524,홍대입구,건대입구,10,21
20250524,홍대입구,건대입구,11,24
20250524,홍대입구,건대입구,12,33
20250524,홍대입구,건대입구,13,31
20250524,홍대입구,건대입구,14,64
20250524,홍대입구,건대입구,15,39
20250524,홍대입구,건대입구,16,76
20250524,홍대입구,건대입구,17,105
20250524,홍대입구,건대입구,18,84
20250524,홍대입구,건대입구,19,77
20250524,홍대입구,건대입구,20,103
20250524,홍대입구,건대입구,21,71
20250524,홍대입구,건대입구,22,92
20250524,홍대입구,건대입구,23,24
20250524,홍대입구,교대(법원.검찰청),5,1
20250524,홍대입구,교대(법원.검찰청),6,2
20250524,홍대입구,교대(법원.검찰청),7,4
20250524,홍대입구,교대(법원.검찰청),8,9
20250524,홍대입구,교대(법원.검찰청),9,9
20250524,홍대입구,교대(법원.검찰청),10,10
20250524,홍대입구,교대(법원.검찰청),11,3
20250524,홍대입구,교대(법원.검찰청),12,9
20250524,홍대입구,교대(법원.검찰청),13,4
20250524,홍대입구,교대(법원.검찰청),14,14
20250524,홍대입구,교대(법원.검찰청),15,15
20250524,홍대입구,교대(법원.검찰청),16,9
20250524,홍대입구,교대(법원.검찰청),17,16
20250524,홍대입구,교대(법원.검찰청),18,10
20250524,홍대입구,교대(법원.검찰청),19,17
20250524,홍대입구,교대(법원.검찰청),20,16
20250524,홍대입구,교대(법원.검찰청),21,16
20250524,홍대입구,교대(법원.검찰청),22,12
20250524,홍대입구,교대(법원.검찰청),23,9
20250524,홍대입구,구로디지털단지,4,1
20250524,홍대입구,구로디지털단지,5,18
20250524,홍대입구,구로디지털단지,6,15
20250524,홍대입구,구로디지털단지,7,20
20250524,홍대입구,구로디지털단지,8,27
20250524,홍대입구,구로디지털단지,9,28
20250524,홍대입구,구로디지털단지,10,36
20250524,홍대입구,구로디지털단지,11,34
20250524,홍대입구,구로디지털단지,12,54
20250524,홍대입구,구로디지털단지,13,60
20250524,홍대입구,구로디지털단지,14,77
20250524,홍대입구,구로디지털단지,15,120
20250524,홍대입구,구로디지털단지,16,152
20250524,홍대입구,구로디지털단지,17,170
20250524,홍대입구,구로디지털단지,18,148
20250524,홍대입구,구로디지털단지,19,193
20250524,홍대입구,구로디지털단지,20,248
20250524,홍대입구,구로디지털단지,21,287
20250524,홍대입구,구로디지털단지,22,286
20250524,홍대입구,구로디지털단지,23,151
20250524,홍대입구,구의(광진구청),4,1
20250524,홍대입구,구의(광진구청),5,11
20250524,홍대입구,구의(광진구청),6,2
20250524,홍대입구,구의(광진구청),7,4
20250524,홍대입구,구의(광진구청),8,5
20250524,홍대입구,구의(광진구청),9,4
20250524,홍대입구,구의(광진구청),10,7
20250524,홍대입구,구의(광진구청),11,12
20250524,홍대입구,구의(광진구청),12,7
20250524,홍대입구,구의(광진구청),13,12
20250524,홍대입구,구의(광진구청),14,17
20250524,홍대입구,구의(광진구청),15,28
20250524,홍대입구,구의(광진구청),16,22
20250524,홍대입구,구의(광진구청),17,25
20250524,홍대입구,구의(광진구청),18,25
20250524,홍대입구,구의(광진구청),19,36
20250524,홍대입구,구의(광진구청),20,38
20250524,홍대입구,구의(광진구청),21,39
20250524,홍대입구,구의(광진구청),22,54
20250524,홍대입구,구의(광진구청),23,28
20250524,홍대입구,낙성대,5,6
20250524,홍대입구,낙성대,6,14
20250524,홍대입구,낙성대,7,5
20250524,홍대입구,낙성대,8,7
20250524,홍대입구,낙성대,9,9
20250524,홍대입구,낙성대,10,12
20250524,홍대입구,낙성대,11,10
20250524,홍대입구,낙성대,12,3
20250524,홍대입구,낙성대,13,18
20250524,홍대입구,낙성대,14,15
20250524,홍대입구,낙성대,15,29
20250524,홍대입구,낙성대,16,39
20250524,홍대입구,낙성대,17,35
20250524,홍대입구,낙성대,18,36
20250524,홍대입구,낙성대,19,39
20250524,홍대입구,낙성대,20,49
20250524,홍대입구,낙성대,21,74
20250524,홍대입구,낙성대,22,55
20250524,홍대입구,낙성대,23,21
20250524,홍대입구,당산,5,7
20250524,홍대입구,당산,6,4
20250524,홍대입구,당산,7,7
20250524,홍대입구,당산,8,14
20250524,홍대입구,당산,9,9
20250524,홍대입구,당산,10,9
20250524,홍대입구,당산,11,24
20250524,홍대입구,당산,12,31
20250524,홍대입구,당산,13,33
20250524,홍대입구,당산,14,49
20250524,홍대입구,당산,15,33
20250524,홍대입구,당산,16,70
20250524,홍대입구,당산,17,78
20250524,홍대입구,당산,18,81
20250524,홍대입구,당산,19,61
20250524,홍대입구,당산,20,81
20250524,홍대입구,당산,21,82
20250524,홍대입구,당산,22,71
20250524,홍대입구,당산,23,58
20250524,홍대입구,대림(구로구청),4,1
20250524,홍대입구,대림(구로구청),5,11
20250524,홍대입구,대림(구로구청),6,10
20250524,홍대입구,대림(구로구청),7,8
20250524,홍대입구,대림(구로구청),8,12
20250524,홍대입구,대림(구로구청),9,16
20250524,홍대입구,대림(구로구청),10,14
20250524,홍대입구,대림(구로구청),11,17
20250524,홍대입구,대림(구로구청),12,12
20250524,홍대입구,대림(구로구청),13,33
20250524,홍대입구,대림(구로구청),14,27
20250524,홍대입구,대림(구로구청),15,33
20250524,홍대입구,대림(구로구청),16,48
20250524,홍대입구,대림(구로구청),17,43
20250524,홍대입구,대림(구로구청),18,45
20250524,홍대입구,대림(구로구청),19,45
20250524,홍대입구,대림(구로구청),20,53
20250524,홍대입구,대림(구로구청),21,79
20250524,홍대입구,대림(구로구청),22,79
20250524,홍대입구,대림(구로구청),23,46
20250524,홍대입구,동대문역사문화공원,5,12
20250524,홍대입구,동대문역사문화공원,6,11
20250524,홍대입구,동대문역사문화공원,7,11
20250524,홍대입구,동대문역사문화공원,8,28
20250524,홍대입구,동대문역사문화공원,9,27
20250524,홍대입구,동대문역사문화공원,10,45
20250524,홍대입구,동대문역사문화공원,11,65
20250524,홍대입구,동대문역사문화공원,12,69
20250524,홍대입구,동대문역사문화공원,13,72
20250524,홍대입구,동대문역사문화공원,14,86
20250524,홍대입구,동대문역사문화공원,15,97
20250524,홍대입구,동대문역사문화공원,16,82
20250524,홍대입구,동대문역사문화공원,17,86
20250524,홍대입구,동대문역사문화공원,18,85
20250524,홍대입구,동대문역사문화공원,19,64
20250524,홍대입구,동대문역사문화공원,20,94
20250524,홍대입구,동대문역사문화공원,21,110
20250524,홍대입구,동대문역사문화공원,22,96
20250524,홍대입구,동대문역사문화공원,23,76
20250524,홍대입구,뚝섬,5,4
20250524,홍대입구,뚝섬,6,8
20250524,홍대입구,뚝섬,7,5
20250524,홍대입구,뚝섬,8,11
20250524,홍대입구,뚝섬,9,21
20250524,홍대입구,뚝섬,10,28
20250524,홍대입구,뚝섬,11,48
20250524,홍대입구,뚝섬,12,44
20250524,홍대입구,뚝섬,13,49
20250524,홍대입구,뚝섬,14,55
20250524,홍대입구,뚝섬,15,44
20250524,홍대입구,뚝섬,16,62
20250524,홍대입구,뚝섬,17,43
20250524,홍대입구,뚝섬,18,43
20250524,홍대입구,뚝섬,19,24
20250524,홍대입구,뚝섬,20,9
20250524,홍대입구,뚝섬,21,13
20250524,홍대입구,뚝섬,22,13
20250524,홍대입구,뚝섬,23,18
20250524,홍대입구,문래,5,9
20250524,홍대입구,문래,6,3
20250524,홍대입구,문래,7,11
20250524,홍대입구,문래,8,19
20250524,홍대입구,문래,9,17
20250524,홍대입구,문래,10,22
20250524,홍대입구,문래,11,25
20250524,홍대입구,문래,12,37
20250524,홍대입구,문래,13,40
20250524,홍대입구,문래,14,50
20250524,홍대입구,문래,15,67
20250524,홍대입구,문래,16,77
20250524,홍대입구,문래,17,85
20250524,홍대입구,문래,18,75
20250524,홍대입구,문래,19,66
20250524,홍대입구,문래,20,38
20250524,홍대입구,문래,21,48
20250524,홍대입구,문래,22,41
20250524,홍대입구,문래,23,40
20250524,홍대입구,방배,5,4
20250524,홍대입구,방배,6,2
20250524,홍대입구,방배,7,5
20250524,홍대입구,방배,8,3
20250524,홍대입구,방배,9,6
20250524,홍대입구,방배,10,9
20250524,홍대입구,방배,11,13
20250524,홍대입구,방배,12,11
20250524,홍대입구,방배,13,11
20250524,홍대입구,방배,14,12
20250524,홍대입구,방배,15,20
20250524,홍대입구,방배,16,15
20250524,홍대입구,방배,17,13
20250524,홍대입구,방배,18,16
20250524,홍대입구,방배,19,14
20250524,홍대입구,방배,20,15
20250524,홍대입구,방배,21,32
20250524,홍대입구,방배,22,15
20250524,홍대입구,방배,23,4
20250524,홍대입구,봉천,5,9
20250524,홍대입구,봉천,6,5
20250524,홍대입구,봉천,7,4
20250524,홍대입구,봉천,8,3
20250524,홍대입구,봉천,9,8
20250524,홍대입구,봉천,10,15
20250524,홍대입구,봉천,11,7
20250524,홍대입구,봉천,12,7
20250524,홍대입구,봉천,13,13
20250524,홍대입구,봉천,14,19
20250524,홍대입구,봉천,15,36
20250524,홍대입구,봉천,16,38
20250524,홍대입구,봉천,17,29
20250524,홍대입구,봉천,18,53
20250524,홍대입구,봉천,19,36
20250524,홍대입구,봉천,20,57
20250524,홍대입구,봉천,21,74
20250524,홍대입구,봉천,22,86
20250524,홍대입구,봉천,23,45
20250524,홍대입구,사당,5,31
20250524,홍대입구,사당,6,23
20250524,홍대입구,사당,7,11
20250524,홍대입구,사당,8,6
20250524,홍대입구,사당,9,13
20250524,홍대입구,사당,10,20
20250524,홍대입구,사당,11,15
20250524,홍대입구,사당,12,30
20250524,홍대입구,사당,13,32
20250524,홍대입구,사당,14,39
20250524,홍대입구,사당,15,49
20250524,홍대입구,사당,16,80
20250524,홍대입구,사당,17,100
20250524,홍대입구,사당,18,101
20250524,홍대입구,사당,19,109
20250524,홍대입구,사당,20,118
20250524,홍대입구,사당,21,145
20250524,홍대입구,사당,22,137
20250524,홍대입구,사당,23,29
20250524,홍대입구,삼성(무역센터),4,2
20250524,홍대입구,삼성(무역센터),5,6
20250524,홍대입구,삼성(무역센터),6,5
20250524,홍대입구,삼성(무역센터),7,13
20250524,홍대입구,삼성(무역센터),8,15
20250524,홍대입구,삼성(무역센터),9,23
20250524,홍대입구,삼성(무역센터),10,41
20250524,홍대입구,삼성(무역센터),11,26
20250524,홍대입구,삼성(무역센터),12,48
20250524,홍대입구,삼성(무역센터),13,33
20250524,홍대입구,삼성(무역센터),14,29
20250524,홍대입구,삼성(무역센터),15,33
20250524,홍대입구,삼성(무역센터),16,27
20250524,홍대입구,삼성(무역센터),17,24
20250524,홍대입구,삼성(무역센터),18,11
20250524,홍대입구,삼성(무역센터),19,18
20250524,홍대입구,삼성(무역센터),20,11
20250524,홍대입구,삼성(무역센터),21,8
20250524,홍대입구,삼성(무역센터),22,15
20250524,홍대입구,삼성(무역센터),23,10
20250524,홍대입구,상왕십리,5,9
20250524,홍대입구,상왕십리,6,8
20250524,홍대입구,상왕십리,7,1
20250524,홍대입구,상왕십리,8,6
20250524,홍대입구,상왕십리,9,14
20250524,홍대입구,상왕십리,10,3
20250524,홍대입구,상왕십리,11,12
20250524,홍대입구,상왕십리,12,8
20250524,홍대입구,상왕십리,13,19
20250524,홍대입구,상왕십리,14,17
20250524,홍대입구,상왕십리,15,44
20250524,홍대입구,상왕십리,16,22
20250524,홍대입구,상왕십리,17,25
20250524,홍대입구,상왕십리,18,24
20250524,홍대입구,상왕십리,19,21
20250524,홍대입구,상왕십리,20,39
20250524,홍대입구,상왕십리,21,56
20250524,홍대입구,상왕십리,22,39
20250524,홍대입구,상왕십리,23,27
20250524,홍대입구,서울대입구(관악구청),5,10
20250524,홍대입구,서울대입구(관악구청),6,6
20250524,홍대입구,서울대입구(관악구청),7,12
20250524,홍대입구,서울대입구(관악구청),8,22
20250524,홍대입구,서울대입구(관악구청),9,20
20250524,홍대입구,서울대입구(관악구청),10,20
20250524,홍대입구,서울대입구(관악구청),11,32
20250524,홍대입구,서울대입구(관악구청),12,33
20250524,홍대입구,서울대입구(관악구청),13,35
20250524,홍대입구,서울대입구(관악구청),14,37
20250524,홍대입구,서울대입구(관악구청),15,51
20250524,홍대입구,서울대입구(관악구청),16,60
20250524,홍대입구,서울대입구(관악구청),17,88
20250524,홍대입구,서울대입구(관악구청),18,96
20250524,홍대입구,서울대입구(관악구청),19,109
20250524,홍대입구,서울대입구(관악구청),20,100
20250524,홍대입구,서울대입구(관악구청),21,115
20250524,홍대입구,서울대입구(관악구청),22,114
20250524,홍대입구,서울대입구(관악구청),23,118
20250524,홍대입구,서초,5,8
20250524,홍대입구,서초,6,3
20250524,홍대입구,서초,7,6
20250524,홍대입구,서초,8,3
20250524,홍대입구,서초,9,7
20250524,홍대입구,서초,10,6
20250524,홍대입구,서초,11,11
20250524,홍대입구,서초,12,19
20250524,홍대입구,서초,13,10
20250524,홍대입구,서초,14,5
20250524,홍대입구,서초,15,15
20250524,홍대입구,서초,16,4
20250524,홍대입구,서초,17,12
20250524,홍대입구,서초,18,17
20250524,홍대입구,서초,19,7
20250524,홍대입구,서초,20,9
20250524,홍대입구,서초,21,9
20250524,홍대입구,서초,22,13
20250524,홍대입구,서초,23,4
20250524,홍대입구,선릉,5,10
20250524,홍대입구,선릉,6,6
20250524,홍대입구,선릉,7,8
20250524,홍대입구,선릉,8,15
20250524,홍대입구,선릉,9,4
20250524,홍대입구,선릉,10,12
20250524,홍대입구,선릉,11,10
20250524,홍대입구,선릉,12,18
20250524,홍대입구,선릉,13,19
20250524,홍대입구,선릉,14,14
20250524,홍대입구,선릉,15,14
20250524,홍대입구,선릉,16,8
20250524,홍대입구,선릉,17,16
20250524,홍대입구,선릉,18,14
20250524,홍대입구,선릉,19,14
20250524,홍대입구,선릉,20,23
20250524,홍대입구,선릉,21,20
20250524,홍대입구,선릉,22,11
20250524,홍대입구,선릉,23,8
20250524,홍대입구,성수,5,6
20250524,홍대입구,성수,6,7
20250524,홍대입구,성수,7,14
20250524,홍대입구,성수,8,47
20250524,홍대입구,성수,9,65
20250524,홍대입구,성수,10,107
20250524,홍대입구,성수,11,124
20250524,홍대입구,성수,12,175
20250524,홍대입구,성수,13,153
20250524,홍대입구,성수,14,181
20250524,홍대입구,성수,15,195
20250524,홍대입구,성수,16,164
20250524,홍대입구,성수,17,110
20250524,홍대입구,성수,18,89
20250524,홍대입구,성수,19,35
20250524,홍대입구,성수,20,26
20250524,홍대입구,성수,21,26
20250524,홍대입구,성수,22,23
20250524,홍대입구,성수,23,91
20250524,홍대입구,시청,5,6
20250524,홍대입구,시청,6,13
20250524,홍대입구,시청,7,7
20250524,홍대입구,시청,8,12
20250524,홍대입구,시청,9,57
20250524,홍대입구,시청,10,41
20250524,홍대입구,시청,11,45
20250524,홍대입구,시청,12,38
20250524,홍대입구,시청,13,44
20250524,홍대입구,시청,14,63
20250524,홍대입구,시청,15,97
20250524,홍대입구,시청,16,80
20250524,홍대입구,시청,17,75
20250524,홍대입구,시청,18,47
20250524,홍대입구,시청,19,54
20250524,홍대입구,시청,20,59
20250524,홍대입구,시청,21,72
20250524,홍대입구,시청,22,73
20250524,홍대입구,시청,23,51
20250524,홍대입구,신당,5,1
20250524,홍대입구,신당,6,4
20250524,홍대입구,신당,7,17
20250524,홍대입구,신당,8,5
20250524,홍대입구,신당,9,11
20250524,홍대입구,신당,10,17
20250524,홍대입구,신당,11,10
20250524,홍대입구,신당,12,24
20250524,홍대입구,신당,13,26
20250524,홍대입구,신당,14,24
20250524,홍대입구,신당,15,45
20250524,홍대입구,신당,16,34
20250524,홍대입구,신당,17,53
20250524,홍대입구,신당,18,46
20250524,홍대입구,신당,19,30
20250524,홍대입구,신당,20,42
20250524,홍대입구,신당,21,34
20250524,홍대입구,신당,22,58
20250524,홍대입구,신당,23,39
20250524,홍대입구,신대방,4,1
20250524,홍대입구,신대방,5,8
20250524,홍대입구,신대방,6,15
20250524,홍대입구,신대방,7,4
20250524,홍대입구,신대방,8,9
20250524,홍대입구,신대방,9,8
20250524,홍대입구,신대방,10,21
20250524,홍대입구,신대방,11,20
20250524,홍대입구,신대방,12,32
20250524,홍대입구,신대방,13,34
20250524,홍대입구,신대방,14,29
20250524,홍대입구,신대방,15,54
20250524,홍대입구,신대방,16,59
20250524,홍대입구,신대방,17,64
20250524,홍대입구,신대방,18,62
20250524,홍대입구,신대방,19,56
20250524,홍대입구,신대방,20,92
20250524,홍대입구,신대방,21,119
20250524,홍대입구,신대방,22,120
20250524,홍대입구,신대방,23,75
20250524,홍대입구,신도림,4,1
20250524,홍대입구,신도림,5,10
20250524,홍대입구,신도림,6,24
20250524,홍대입구,신도림,7,17
20250524,홍대입구,신도림,8,23
20250524,홍대입구,신도림,9,32
20250524,홍대입구,신도림,10,47
20250524,홍대입구,신도림,11,50
20250524,홍대입구,신도림,12,71
20250524,홍대입구,신도림,13,96
20250524,홍대입구,신도림,14,69
20250524,홍대입구,신도림,15,112
20250524,홍대입구,신도림,16,163
20250524,홍대입구,신도림,17,164
20250524,홍대입구,신도림,18,194
20250524,홍대입구,신도림,19,207
20250524,홍대입구,신도림,20,196
20250524,홍대입구,신도림,21,202
20250524,홍대입구,신도림,22,233
20250524,홍대입구,신도림,23,326
20250524,홍대입구,신림,5,27
20250524,홍대입구,신림,6,12
20250524,홍대입구,신림,7,16
20250524,홍대입구,신림,8,14
20250524,홍대입구,신림,9,21
20250524,홍대입구,신림,10,20
20250524,홍대입구,신림,11,25
20250524,홍대입구,신림,12,35
20250524,홍대입구,신림,13,45
20250524,홍대입구,신림,14,72
20250524,홍대입구,신림,15,103
20250524,홍대입구,신림,16,146
20250524,홍대입구,신림,17,137
20250524,홍대입구,신림,18,154
20250524,홍대입구,신림,19,145
20250524,홍대입구,신림,20,195
20250524,홍대입구,신림,21,204
20250524,홍대입구,신림,22,276
20250524,홍대입구,신림,23,163
20250524,홍대입구,신촌,5,20
20250524,홍대입구,신촌,6,8
20250524,홍대입구,신촌,7,13
20250524,홍대입구,신촌,8,23
20250524,홍대입구,신촌,9,21
20250524,홍대입구,신촌,10,61
20250524,홍대입구,신촌,11,103
20250524,홍대입구,신촌,12,132
20250524,홍대입구,신촌,13,151
20250524,홍대입구,신촌,14,172
20250524,홍대입구,신촌,15,210
20250524,홍대입구,신촌,16,201
20250524,홍대입구,신촌,17,180
20250524,홍대입구,신촌,18,216
20250524,홍대입구,신촌,19,189
20250524,홍대입구,신촌,20,194
20250524,홍대입구,신촌,21,220
20250524,홍대입구,신촌,22,219
20250524,홍대입구,신촌,23,125
20250524,홍대입구,아현,5,3
20250524,홍대입구,아현,6,9
20250524,홍대입구,아현,7,4
20250524,홍대입구,아현,8,13
20250524,홍대입구,아현,9,13
20250524,홍대입구,아현,10,11
20250524,홍대입구,아현,11,18
20250524,홍대입구,아현,12,22
20250524,홍대입구,아현,13,21
20250524,홍대입구,아현,14,29
20250524,홍대입구,아현,15,27
20250524,홍대입구,아현,16,24
20250524,홍대입구,아현,17,38
20250524,홍대입구,아현,18,26
20250524,홍대입구,아현,19,26
20250524,홍대입구,아현,20,27
20250524,홍대입구,아현,21,37
20250524,홍대입구,아현,22,55
20250524,홍대입구,아현,23,17
20250524,홍대입구,역삼,5,11
20250524,홍대입구,역삼,6,5
20250524,홍대입구,역삼,7,7
20250524,홍대입구,역삼,8,11
20250524,홍대입구,역삼,9,15
20250524,홍대입구,역삼,10,3
20250524,홍대입구,역삼,11,11
20250524,홍대입구,역삼,12,11
20250524,홍대입구,역삼,13,16
20250524,홍대입구,역삼,14,13
20250524,홍대입구,역삼,15,20
20250524,홍대입구,역삼,16,30
20250524,홍대입구,역삼,17,23
20250524,홍대입구,역삼,18,22
20250524,홍대입구,역삼,19,12
20250524,홍대입구,역삼,20,17
20250524,홍대입구,역삼,21,24
20250524,홍대입구,역삼,22,19
20250524,홍대입구,역삼,23,5
20250524,홍대입구,영등포구청,5,9
20250524,홍대입구,영등포구청,6,11
20250524,홍대입구,영등포구청,7,12
20250524,홍대입구,영등포구청,8,7
20250524,홍대입구,영등포구청,9,8
20250524,홍대입구,영등포구청,10,27
20250524,홍대입구,영등포구청,11,31
20250524,홍대입구,영등포구청,12,25
20250524,홍대입구,영등포구청,13,27
20250524,홍대입구,영등포구청,14,36
20250524,홍대입구,영등포구청,15,46
20250524,홍대입구,영등포구청,16,60
20250524,홍대입구,영등포구청,17,70
20250524,홍대입구,영등포구청,18,51
20250524,홍대입구,영등포구청,19,40
20250524,홍대입구,영등포구청,20,55
20250524,홍대입구,영등포구청,21,51
20250524,홍대입구,영등포구청,22,60
20250524,홍대입구,영등포구청,23,47
20250524,홍대입구,왕십리(성동구청),5,7
20250524,홍대입구,왕십리(성동구청),6,6
20250524,홍대입구,왕십리(성동구청),7,9
20250524,홍대입구,왕십리(성동구청),8,9
20250524,홍대입구,왕십리(성동구청),9,6
20250524,홍대입구,왕십리(성동구청),10,8
20250524,홍대입구,왕십리(성동구청),11,22
20250524,홍대입구,왕십리(성동구청),12,15
20250524,홍대입구,왕십리(성동구청),13,18
20250524,홍대입구,왕십리(성동구청),14,19
20250524,홍대입구,왕십리(성동구청),15,38
20250524,홍대입구,왕십리(성동구청),16,35
20250524,홍대입구,왕십리(성동구청),17,56
20250524,홍대입구,왕십리(성동구청),18,59
20250524,홍대입구,왕십리(성동구청),19,39
20250524,홍대입구,왕십리(성동구청),20,46
20250524,홍대입구,왕십리(성동구청),21,40
20250524,홍대입구,왕십리(성동구청),22,61
20250524,홍대입구,왕십리(성동구청),23,49
20250524,홍대입구,용두(동대문구청),10,1
20250524,홍대입구,용두(동대문구청),11,1
20250524,홍대입구,용두(동대문구청),13,3
20250524,홍대입구,용두(동대문구청),14,2
20250524,홍대입구,용두(동대문구청),15,1
20250524,홍대입구,용두(동대문구청),16,4
20250524,홍대입구,용두(동대문구청),17,1
20250524,홍대입구,을지로3가,4,4
20250524,홍대입구,을지로3가,5,9
20250524,홍대입구,을지로3가,6,13
20250524,홍대입구,을지로3가,7,13
20250524,홍대입구,을지로3가,8,19
20250524,홍대입구,을지로3가,9,34
20250524,홍대입구,을지로3가,10,23
20250524,홍대입구,을지로3가,11,46
20250524,홍대입구,을지로3가,12,45
20250524,홍대입구,을지로3가,13,62
20250524,홍대입구,을지로3가,14,67
20250524,홍대입구,을지로3가,15,136
20250524,홍대입구,을지로3가,16,100
20250524,홍대입구,을지로3가,17,138
20250524,홍대입구,을지로3가,18,121
20250524,홍대입구,을지로3가,19,120
20250524,홍대입구,을지로3가,20,164
20250524,홍대입구,을지로3가,21,98
20250524,홍대입구,을지로3가,22,164
20250524,홍대입구,을지로3가,23,45
20250524,홍대입구,을지로4가,5,13
20250524,홍대입구,을지로4가,6,13
20250524,홍대입구,을지로4가,7,14
20250524,홍대입구,을지로4가,8,15
20250524,홍대입구,을지로4가,9,46
20250524,홍대입구,을지로4가,10,67
20250524,홍대입구,을지로4가,11,49
20250524,홍대입구,을지로4가,12,60
20250524,홍대입구,을지로4가,13,47
20250524,홍대입구,을지로4가,14,41
20250524,홍대입구,을지로4가,15,103
20250524,홍대입구,을지로4가,16,51
20250524,홍대입구,을지로4가,17,55
20250524,홍대입구,을지로4가,18,45
20250524,홍대입구,을지로4가,19,61
20250524,홍대입구,을지로4가,20,51
20250524,홍대입구,을지로4가,21,64
20250524,홍대입구,을지로4가,22,99
20250524,홍대입구,을지로4가,23,37
20250524,홍대입구,을지로입구,4,1
20250524,홍대입구,을지로입구,5,24
20250524,홍대입구,을지로입구,6,34
20250524,홍대입구,을지로입구,7,32
20250524,홍대입구,을지로입구,8,67
20250524,홍대입구,을지로입구,9,86
20250524,홍대입구,을지로입구,10,155
20250524,홍대입구,을지로입구,11,147
20250524,홍대입구,을지로입구,12,171
20250524,홍대입구,을지로입구,13,212
20250524,홍대입구,을지로입구,14,265
20250524,홍대입구,을지로입구,15,268
20250524,홍대입구,을지로입구,16,308
20250524,홍대입구,을지로입구,17,328
20250524,홍대입구,을지로입구,18,330
20250524,홍대입구,을지로입구,19,337
20250524,홍대입구,을지로입구,20,320
20250524,홍대입구,을지로입구,21,312
20250524,홍대입구,을지로입구,22,329
20250524,홍대입구,을지로입구,23,292
20250524,홍대입구,이대,5,7
20250524,홍대입구,이대,6,7
20250524,홍대입구,이대,7,4
20250524,홍대입구,이대,8,11
20250524,홍대입구,이대,9,31
20250524,홍대입구,이대,10,33
20250524,홍대입구,이대,11,29
20250524,홍대입구,이대,12,34
20250524,홍대입구,이대,13,49
20250524,홍대입구,이대,14,62
20250524,홍대입구,이대,15,88
20250524,홍대입구,이대,16,85
20250524,홍대입구,이대,17,57
20250524,홍대입구,이대,18,72
20250524,홍대입구,이대,19,86
20250524,홍대입구,이대,20,61
20250524,홍대입구,이대,21,91
20250524,홍대입구,이대,22,115
20250524,홍대입구,이대,23,83
20250524,홍대입구,잠실(송파구청),4,1
20250524,홍대입구,잠실(송파구청),5,14
20250524,홍대입구,잠실(송파구청),6,20
20250524,홍대입구,잠실(송파구청),7,14
20250524,홍대입구,잠실(송파구청),8,29
20250524,홍대입구,잠실(송파구청),9,34
20250524,홍대입구,잠실(송파구청),10,50
20250524,홍대입구,잠실(송파구청),11,67
20250524,홍대입구,잠실(송파구청),12,73
20250524,홍대입구,잠실(송파구청),13,74
20250524,홍대입구,잠실(송파구청),14,71
20250524,홍대입구,잠실(송파구청),15,91
20250524,홍대입구,잠실(송파구청),16,144
20250524,홍대입구,잠실(송파구청),17,126
20250524,홍대입구,잠실(송파구청),18,117
20250524,홍대입구,잠실(송파구청),19,83
20250524,홍대입구,잠실(송파구청),20,131
20250524,홍대입구,잠실(송파구청),21,111
20250524,홍대입구,잠실(송파구청),22,98
20250524,홍대입구,잠실(송파구청),23,40
20250524,홍대입구,잠실나루,5,7
20250524,홍대입구,잠실나루,6,1
20250524,홍대입구,잠실나루,7,2
20250524,홍대입구,잠실나루,8,1
20250524,홍대입구,잠실나루,9,4
20250524,홍대입구,잠실나루,10,3
20250524,홍대입구,잠실나루,11,2
20250524,홍대입구,잠실나루,13,4
20250524,홍대입구,잠실나루,14,11
20250524,홍대입구,잠실나루,15,10
20250524,홍대입구,잠실나루,16,7
20250524,홍대입구,잠실나루,17,12
20250524,홍대입구,잠실나루,18,14
20250524,홍대입구,잠실나루,19,10
20250524,홍대입구,잠실나루,20,14
20250524,홍대입구,잠실나루,21,12
20250524,홍대입구,잠실나루,22,10
20250524,홍대입구,잠실나루,23,2
20250524,홍대입구,잠실새내,4,1
20250524,홍대입구,잠실새내,5,7
20250524,홍대입구,잠실새내,6,1
20250524,홍대입구,잠실새내,7,2
20250524,홍대입구,잠실새내,8,3
20250524,홍대입구,잠실새내,9,5
20250524,홍대입구,잠실새내,10,7
20250524,홍대입구,잠실새내,11,6
20250524,홍대입구,잠실새내,12,10
20250524,홍대입구,잠실새내,13,11
20250524,홍대입구,잠실새내,14,16
20250524,홍대입구,잠실새내,15,24
20250524,홍대입구,잠실새내,16,26
20250524,홍대입구,잠실새내,17,22
20250524,홍대입구,잠실새내,18,18
20250524,홍대입구,잠실새내,19,29
20250524,홍대입구,잠실새내,20,16
20250524,홍대입구,잠실새내,21,21
20250524,홍대입구,잠실새내,22,23
20250524,홍대입구,잠실새내,23,8
20250524,홍대입구,종합운동장,5,2
20250524,홍대입구,종합운동장,6,11
20250524,홍대입구,종합운동장,7,5
20250524,홍대입구,종합운동장,9,1
20250524,홍대입구,종합운동장,10,4
20250524,홍대입구,종합운동장,11,4
20250524,홍대입구,종합운동장,12,3
20250524,홍대입구,종합운동장,13,13
20250524,홍대입구,종합운동장,14,16
20250524,홍대입구,종합운동장,15,78
20250524,홍대입구,종합운동장,16,30
20250524,홍대입구,종합운동장,17,6
20250524,홍대입구,종합운동장,18,4
20250524,홍대입구,종합운동장,19,2
20250524,홍대입구,종합운동장,20,9
20250524,홍대입구,종합운동장,21,7
20250524,홍대입구,종합운동장,22,5
20250524,홍대입구,충정로(경기대입구),5,5
20250524,홍대입구,충정로(경기대입구),6,2
20250524,홍대입구,충정로(경기대입구),7,2
20250524,홍대입구,충정로(경기대입구),8,7
20250524,홍대입구,충정로(경기대입구),9,9
20250524,홍대입구,충정로(경기대입구),10,10
20250524,홍대입구,충정로(경기대입구),11,8
20250524,홍대입구,충정로(경기대입구),12,8
20250524,홍대입구,충정로(경기대입구),13,15
20250524,홍대입구,충정로(경기대입구),14,15
20250524,홍대입구,충정로(경기대입구),15,15
20250524,홍대입구,충정로(경기대입구),16,37
20250524,홍대입구,충정로(경기대입구),17,17
20250524,홍대입구,충정로(경기대입구),18,18
20250524,홍대입구,충정로(경기대입구),19,26
20250524,홍대입구,충정로(경기대입구),20,14
20250524,홍대입구,충정로(경기대입구),21,19
20250524,홍대입구,충정로(경기대입구),22,20
20250524,홍대입구,충정로(경기대입구),23,13
20250524,홍대입구,한양대,5,7
20250524,홍대입구,한양대,6,2
20250524,홍대입구,한양대,7,8
20250524,홍대입구,한양대,8,5
20250524,홍대입구,한양대,9,10
20250524,홍대입구,한양대,10,10
20250524,홍대입구,한양대,11,3
20250524,홍대입구,한양대,12,3
20250524,홍대입구,한양대,13,12
20250524,홍대입구,한양대,14,17
20250524,홍대입구,한양대,15,19
20250524,홍대입구,한양대,16,18
20250524,홍대입구,한양대,17,16
20250524,홍대입구,한양대,18,14
20250524,홍대입구,한양대,19,8
20250524,홍대입구,한양대,20,13
20250524,홍대입구,한양대,21,15
20250524,홍대입구,한양대,22,21
20250524,홍대입구,한양대,23,12
20250524,홍대입구,합정,4,1
20250524,홍대입구,합정,5,5
20250524,홍대입구,합정,6,5
20250524,홍대입구,합정,7,7
20250524,홍대입구,합정,8,12
20250524,홍대입구,합정,9,29
20250524,홍대입구,합정,10,54
20250524,홍대입구,합정,11,60
20250524,홍대입구,합정,12,108
20250524,홍대입구,합정,13,122
20250524,홍대입구,합정,14,120
20250524,홍대입구,합정,15,183
20250524,홍대입구,합정,16,160
20250524,홍대입구,합정,17,141
20250524,홍대입구,합정,18,138
20250524,홍대입구,합정,19,126
20250524,홍대입구,합정,20,115
20250524,홍대입구,합정,21,89
20250524,홍대입구,합정,22,106
20250524,홍대입구,합정,23,60
20250524,홍대입구,홍대입구,0,14
20250524,홍대입구,홍대입구,4,2
20250524,홍대입구,홍대입구,5,23
20250524,홍대입구,홍대입구,6,18
20250524,홍대입구,홍대입구,7,4
20250524,홍대입구,홍대입구,8,10
20250524,홍대입구,홍대입구,9,24
20250524,홍대입구,홍대입구,10,25
20250524,홍대입구,홍대입구,11,38
20250524,홍대입구,홍대입구,12,45
20250524,홍대입구,홍대입구,13,61
20250524,홍대입구,홍대입구,14,49
20250524,홍대입구,홍대입구,15,70
20250524,홍대입구,홍대입구,16,90
20250524,홍대입구,홍대입구,17,87
20250524,홍대입구,홍대입구,18,83
20250524,홍대입구,홍대입구,19,99
20250524,홍대입구,홍대입구,20,130
20250524,홍대입구,홍대입구,21,93
20250524,홍대입구,홍대입구,22,156
20250524,홍대입구,홍대입구,23,178
