기준_날짜,승차_역,하차_역,승차시간,인원수
20250510,강남,강남,4,2
20250510,강남,강남,5,14
20250510,강남,강남,6,2
20250510,강남,강남,7,6
20250510,강남,강남,8,12
20250510,강남,강남,9,9
20250510,강남,강남,10,25
20250510,강남,강남,11,33
20250510,강남,강남,12,41
20250510,강남,강남,13,43
20250510,강남,강남,14,59
20250510,강남,강남,15,43
20250510,강남,강남,16,65
20250510,강남,강남,17,42
20250510,강남,강남,18,44
20250510,강남,강남,19,32
20250510,강남,강남,20,24
20250510,강남,강남,21,42
20250510,강남,강남,22,40
20250510,강남,강남,23,40
20250510,강남,강변(동서울터미널),5,7
20250510,강남,강변(동서울터미널),6,11
20250510,강남,강변(동서울터미널),7,13
20250510,강남,강변(동서울터미널),8,15
20250510,강남,강변(동서울터미널),9,20
20250510,강남,강변(동서울터미널),10,39
20250510,강남,강변(동서울터미널),11,49
20250510,강남,강변(동서울터미널),12,54
20250510,강남,강변(동서울터미널),13,73
20250510,강남,강변(동서울터미널),14,85
20250510,강남,강변(동서울터미널),15,97
20250510,강남,강변(동서울터미널),16,80
20250510,강남,강변(동서울터미널),17,70
20250510,강남,강변(동서울터미널),18,59
20250510,강남,강변(동서울터미널),19,77
20250510,강남,강변(동서울터미널),20,64
20250510,강남,강변(동서울터미널),21,55
20250510,강남,강변(동서울터미널),22,64
20250510,강남,강변(동서울터미널),23,22
20250510,강남,건대입구,5,8
20250510,강남,건대입구,6,9
20250510,강남,건대입구,7,12
20250510,강남,건대입구,8,14
20250510,강남,건대입구,9,14
20250510,강남,건대입구,10,31
20250510,강남,건대입구,11,53
20250510,강남,건대입구,12,49
20250510,강남,건대입구,13,82
20250510,강남,건대입구,14,89
20250510,강남,건대입구,15,90
20250510,강남,건대입구,16,111
20250510,강남,건대입구,17,110
20250510,강남,건대입구,18,76
20250510,강남,건대입구,19,78
20250510,강남,건대입구,20,51
20250510,강남,건대입구,21,90
20250510,강남,건대입구,22,86
20250510,강남,건대입구,23,48
20250510,강남,교대(법원.검찰청),5,7
20250510,강남,교대(법원.검찰청),6,9
20250510,강남,교대(법원.검찰청),7,11
20250510,강남,교대(법원.검찰청),8,24
20250510,강남,교대(법원.검찰청),9,44
20250510,강남,교대(법원.검찰청),10,38
20250510,강남,교대(법원.검찰청),11,51
20250510,강남,교대(법원.검찰청),12,86
20250510,강남,교대(법원.검찰청),13,67
20250510,강남,교대(법원.검찰청),14,73
20250510,강남,교대(법원.검찰청),15,77
20250510,강남,교대(법원.검찰청),16,74
20250510,강남,교대(법원.검찰청),17,101
20250510,강남,교대(법원.검찰청),18,75
20250510,강남,교대(법원.검찰청),19,75
20250510,강남,교대(법원.검찰청),20,38
20250510,강남,교대(법원.검찰청),21,39
20250510,강남,교대(법원.검찰청),22,50
20250510,강남,교대(법원.검찰청),23,24
20250510,강남,구로디지털단지,5,12
20250510,강남,구로디지털단지,6,19
20250510,강남,구로디지털단지,7,10
20250510,강남,구로디지털단지,8,20
20250510,강남,구로디지털단지,9,21
20250510,강남,구로디지털단지,10,38
20250510,강남,구로디지털단지,11,45
20250510,강남,구로디지털단지,12,67
20250510,강남,구로디지털단지,13,61
20250510,강남,구로디지털단지,14,91
20250510,강남,구로디지털단지,15,122
20250510,강남,구로디지털단지,16,130
20250510,강남,구로디지털단지,17,146
20250510,강남,구로디지털단지,18,102
20250510,강남,구로디지털단지,19,103
20250510,강남,구로디지털단지,20,121
20250510,강남,구로디지털단지,21,125
20250510,강남,구로디지털단지,22,161
20250510,강남,구로디지털단지,23,103
20250510,강남,구의(광진구청),6,8
20250510,강남,구의(광진구청),7,14
20250510,강남,구의(광진구청),8,9
20250510,강남,구의(광진구청),9,15
20250510,강남,구의(광진구청),10,21
20250510,강남,구의(광진구청),11,31
20250510,강남,구의(광진구청),12,32
20250510,강남,구의(광진구청),13,37
20250510,강남,구의(광진구청),14,37
20250510,강남,구의(광진구청),15,67
20250510,강남,구의(광진구청),16,79
20250510,강남,구의(광진구청),17,83
20250510,강남,구의(광진구청),18,58
20250510,강남,구의(광진구청),19,62
20250510,강남,구의(광진구청),20,45
20250510,강남,구의(광진구청),21,59
20250510,강남,구의(광진구청),22,77
20250510,강남,구의(광진구청),23,50
20250510,강남,낙성대,5,9
20250510,강남,낙성대,6,16
20250510,강남,낙성대,7,14
20250510,강남,낙성대,8,13
20250510,강남,낙성대,9,18
20250510,강남,낙성대,10,34
20250510,강남,낙성대,11,51
20250510,강남,낙성대,12,59
20250510,강남,낙성대,13,63
20250510,강남,낙성대,14,68
20250510,강남,낙성대,15,86
20250510,강남,낙성대,16,124
20250510,강남,낙성대,17,132
20250510,강남,낙성대,18,100
20250510,강남,낙성대,19,105
20250510,강남,낙성대,20,88
20250510,강남,낙성대,21,94
20250510,강남,낙성대,22,120
20250510,강남,낙성대,23,66
20250510,강남,당산,5,1
20250510,강남,당산,6,2
20250510,강남,당산,7,1
20250510,강남,당산,8,2
20250510,강남,당산,10,7
20250510,강남,당산,11,5
20250510,강남,당산,12,11
20250510,강남,당산,13,8
20250510,강남,당산,14,6
20250510,강남,당산,15,23
20250510,강남,당산,16,15
20250510,강남,당산,17,18
20250510,강남,당산,18,13
20250510,강남,당산,19,18
20250510,강남,당산,20,10
20250510,강남,당산,21,15
20250510,강남,당산,22,6
20250510,강남,당산,23,5
20250510,강남,대림(구로구청),5,4
20250510,강남,대림(구로구청),6,8
20250510,강남,대림(구로구청),7,13
20250510,강남,대림(구로구청),8,9
20250510,강남,대림(구로구청),9,17
20250510,강남,대림(구로구청),10,15
20250510,강남,대림(구로구청),11,17
20250510,강남,대림(구로구청),12,24
20250510,강남,대림(구로구청),13,25
20250510,강남,대림(구로구청),14,35
20250510,강남,대림(구로구청),15,51
20250510,강남,대림(구로구청),16,62
20250510,강남,대림(구로구청),17,32
20250510,강남,대림(구로구청),18,36
20250510,강남,대림(구로구청),19,21
20250510,강남,대림(구로구청),20,48
20250510,강남,대림(구로구청),21,76
20250510,강남,대림(구로구청),22,61
20250510,강남,대림(구로구청),23,32
20250510,강남,동대문역사문화공원,7,1
20250510,강남,동대문역사문화공원,9,3
20250510,강남,동대문역사문화공원,10,6
20250510,강남,동대문역사문화공원,11,14
20250510,강남,동대문역사문화공원,12,10
20250510,강남,동대문역사문화공원,13,16
20250510,강남,동대문역사문화공원,14,18
20250510,강남,동대문역사문화공원,15,13
20250510,강남,동대문역사문화공원,16,25
20250510,강남,동대문역사문화공원,17,10
20250510,강남,동대문역사문화공원,18,6
20250510,강남,동대문역사문화공원,19,7
20250510,강남,동대문역사문화공원,20,5
20250510,강남,동대문역사문화공원,21,9
20250510,강남,동대문역사문화공원,22,2
20250510,강남,뚝섬,5,1
20250510,강남,뚝섬,6,1
20250510,강남,뚝섬,8,1
20250510,강남,뚝섬,9,6
20250510,강남,뚝섬,10,16
20250510,강남,뚝섬,11,24
20250510,강남,뚝섬,12,25
20250510,강남,뚝섬,13,33
20250510,강남,뚝섬,14,26
20250510,강남,뚝섬,15,26
20250510,강남,뚝섬,16,29
20250510,강남,뚝섬,17,26
20250510,강남,뚝섬,18,10
20250510,강남,뚝섬,19,11
20250510,강남,뚝섬,20,6
20250510,강남,뚝섬,21,14
20250510,강남,뚝섬,22,5
20250510,강남,뚝섬,23,3
20250510,강남,문래,4,1
20250510,강남,문래,6,1
20250510,강남,문래,7,1
20250510,강남,문래,8,7
20250510,강남,문래,9,7
20250510,강남,문래,10,16
20250510,강남,문래,11,9
20250510,강남,문래,12,30
20250510,강남,문래,13,17
20250510,강남,문래,14,30
20250510,강남,문래,15,31
20250510,강남,문래,16,34
20250510,강남,문래,17,27
20250510,강남,문래,18,15
20250510,강남,문래,19,12
20250510,강남,문래,20,12
20250510,강남,문래,21,8
20250510,강남,문래,22,11
20250510,강남,문래,23,10
20250510,강남,방배,5,1
20250510,강남,방배,6,9
20250510,강남,방배,7,1
20250510,강남,방배,8,17
20250510,강남,방배,9,39
20250510,강남,방배,10,25
20250510,강남,방배,11,35
20250510,강남,방배,12,61
20250510,강남,방배,13,51
20250510,강남,방배,14,51
20250510,강남,방배,15,59
20250510,강남,방배,16,63
20250510,강남,방배,17,69
20250510,강남,방배,18,55
20250510,강남,방배,19,40
20250510,강남,방배,20,44
20250510,강남,방배,21,49
20250510,강남,방배,22,50
20250510,강남,방배,23,34
20250510,강남,봉천,5,6
20250510,강남,봉천,6,13
20250510,강남,봉천,7,8
20250510,강남,봉천,8,11
20250510,강남,봉천,9,12
20250510,강남,봉천,10,21
20250510,강남,봉천,11,40
20250510,강남,봉천,12,30
20250510,강남,봉천,13,41
20250510,강남,봉천,14,51
20250510,강남,봉천,15,78
20250510,강남,봉천,16,106
20250510,강남,봉천,17,97
20250510,강남,봉천,18,70
20250510,강남,봉천,19,91
20250510,강남,봉천,20,58
20250510,강남,봉천,21,72
20250510,강남,봉천,22,94
20250510,강남,봉천,23,45
20250510,강남,사당,4,1
20250510,강남,사당,5,15
20250510,강남,사당,6,40
20250510,강남,사당,7,30
20250510,강남,사당,8,25
20250510,강남,사당,9,35
20250510,강남,사당,10,68
20250510,강남,사당,11,106
20250510,강남,사당,12,139
20250510,강남,사당,13,137
20250510,강남,사당,14,161
20250510,강남,사당,15,197
20250510,강남,사당,16,256
20250510,강남,사당,17,311
20250510,강남,사당,18,222
20250510,강남,사당,19,163
20250510,강남,사당,20,153
20250510,강남,사당,21,173
20250510,강남,사당,22,198
20250510,강남,사당,23,112
20250510,강남,삼성(무역센터),5,4
20250510,강남,삼성(무역센터),6,12
20250510,강남,삼성(무역센터),7,25
20250510,강남,삼성(무역센터),8,44
20250510,강남,삼성(무역센터),9,95
20250510,강남,삼성(무역센터),10,155
20250510,강남,삼성(무역센터),11,214
20250510,강남,삼성(무역센터),12,202
20250510,강남,삼성(무역센터),13,245
20250510,강남,삼성(무역센터),14,219
20250510,강남,삼성(무역센터),15,236
20250510,강남,삼성(무역센터),16,204
20250510,강남,삼성(무역센터),17,171
20250510,강남,삼성(무역센터),18,136
20250510,강남,삼성(무역센터),19,70
20250510,강남,삼성(무역센터),20,48
20250510,강남,삼성(무역센터),21,55
20250510,강남,삼성(무역센터),22,44
20250510,강남,삼성(무역센터),23,22
20250510,강남,상왕십리,6,1
20250510,강남,상왕십리,8,1
20250510,강남,상왕십리,10,3
20250510,강남,상왕십리,11,3
20250510,강남,상왕십리,12,14
20250510,강남,상왕십리,13,6
20250510,강남,상왕십리,14,11
20250510,강남,상왕십리,15,10
20250510,강남,상왕십리,16,13
20250510,강남,상왕십리,17,25
20250510,강남,상왕십리,18,7
20250510,강남,상왕십리,19,10
20250510,강남,상왕십리,20,5
20250510,강남,상왕십리,21,9
20250510,강남,상왕십리,22,18
20250510,강남,상왕십리,23,8
20250510,강남,서울대입구(관악구청),5,14
20250510,강남,서울대입구(관악구청),6,17
20250510,강남,서울대입구(관악구청),7,22
20250510,강남,서울대입구(관악구청),8,44
20250510,강남,서울대입구(관악구청),9,40
20250510,강남,서울대입구(관악구청),10,62
20250510,강남,서울대입구(관악구청),11,81
20250510,강남,서울대입구(관악구청),12,113
20250510,강남,서울대입구(관악구청),13,118
20250510,강남,서울대입구(관악구청),14,127
20250510,강남,서울대입구(관악구청),15,181
20250510,강남,서울대입구(관악구청),16,189
20250510,강남,서울대입구(관악구청),17,210
20250510,강남,서울대입구(관악구청),18,191
20250510,강남,서울대입구(관악구청),19,129
20250510,강남,서울대입구(관악구청),20,167
20250510,강남,서울대입구(관악구청),21,187
20250510,강남,서울대입구(관악구청),22,199
20250510,강남,서울대입구(관악구청),23,197
20250510,강남,서초,5,26
20250510,강남,서초,6,44
20250510,강남,서초,7,28
20250510,강남,서초,8,28
20250510,강남,서초,9,15
20250510,강남,서초,10,40
20250510,강남,서초,11,35
20250510,강남,서초,12,51
20250510,강남,서초,13,76
20250510,강남,서초,14,86
20250510,강남,서초,15,111
20250510,강남,서초,16,93
20250510,강남,서초,17,74
20250510,강남,서초,18,69
20250510,강남,서초,19,113
20250510,강남,서초,20,30
20250510,강남,서초,21,27
20250510,강남,서초,22,32
20250510,강남,서초,23,20
20250510,강남,선릉,5,4
20250510,강남,선릉,6,19
20250510,강남,선릉,7,29
20250510,강남,선릉,8,50
20250510,강남,선릉,9,61
20250510,강남,선릉,10,78
20250510,강남,선릉,11,95
20250510,강남,선릉,12,133
20250510,강남,선릉,13,139
20250510,강남,선릉,14,133
20250510,강남,선릉,15,130
20250510,강남,선릉,16,124
20250510,강남,선릉,17,135
20250510,강남,선릉,18,112
20250510,강남,선릉,19,93
20250510,강남,선릉,20,56
20250510,강남,선릉,21,69
20250510,강남,선릉,22,70
20250510,강남,선릉,23,39
20250510,강남,성수,5,4
20250510,강남,성수,6,3
20250510,강남,성수,7,2
20250510,강남,성수,8,13
20250510,강남,성수,9,33
20250510,강남,성수,10,64
20250510,강남,성수,11,92
20250510,강남,성수,12,101
20250510,강남,성수,13,155
20250510,강남,성수,14,194
20250510,강남,성수,15,173
20250510,강남,성수,16,127
20250510,강남,성수,17,111
20250510,강남,성수,18,48
20250510,강남,성수,19,38
20250510,강남,성수,20,13
20250510,강남,성수,21,6
20250510,강남,성수,22,22
20250510,강남,성수,23,13
20250510,강남,시청,6,1
20250510,강남,시청,8,1
20250510,강남,시청,9,5
20250510,강남,시청,10,2
20250510,강남,시청,11,1
20250510,강남,시청,12,3
20250510,강남,시청,13,2
20250510,강남,시청,14,1
20250510,강남,시청,15,1
20250510,강남,시청,16,7
20250510,강남,시청,17,3
20250510,강남,시청,18,3
20250510,강남,시청,19,1
20250510,강남,시청,20,2
20250510,강남,시청,21,1
20250510,강남,시청,22,4
20250510,강남,시청,23,1
20250510,강남,신당,6,2
20250510,강남,신당,7,1
20250510,강남,신당,8,2
20250510,강남,신당,9,2
20250510,강남,신당,10,2
20250510,강남,신당,11,10
20250510,강남,신당,12,8
20250510,강남,신당,13,11
20250510,강남,신당,14,11
20250510,강남,신당,15,13
20250510,강남,신당,16,9
20250510,강남,신당,17,28
20250510,강남,신당,18,17
20250510,강남,신당,19,10
20250510,강남,신당,20,11
20250510,강남,신당,21,7
20250510,강남,신당,22,11
20250510,강남,신당,23,6
20250510,강남,신대방,5,10
20250510,강남,신대방,6,8
20250510,강남,신대방,7,12
20250510,강남,신대방,8,11
20250510,강남,신대방,9,8
20250510,강남,신대방,10,11
20250510,강남,신대방,11,21
20250510,강남,신대방,12,39
20250510,강남,신대방,13,31
20250510,강남,신대방,14,22
20250510,강남,신대방,15,58
20250510,강남,신대방,16,73
20250510,강남,신대방,17,58
20250510,강남,신대방,18,60
20250510,강남,신대방,19,46
20250510,강남,신대방,20,71
20250510,강남,신대방,21,116
20250510,강남,신대방,22,81
20250510,강남,신대방,23,44
20250510,강남,신도림,5,2
20250510,강남,신도림,6,6
20250510,강남,신도림,7,10
20250510,강남,신도림,8,12
20250510,강남,신도림,9,13
20250510,강남,신도림,10,34
20250510,강남,신도림,11,46
20250510,강남,신도림,12,49
20250510,강남,신도림,13,59
20250510,강남,신도림,14,59
20250510,강남,신도림,15,84
20250510,강남,신도림,16,80
20250510,강남,신도림,17,71
20250510,강남,신도림,18,58
20250510,강남,신도림,19,49
20250510,강남,신도림,20,49
20250510,강남,신도림,21,60
20250510,강남,신도림,22,78
20250510,강남,신도림,23,82
20250510,강남,신림,4,1
20250510,강남,신림,5,20
20250510,강남,신림,6,28
20250510,강남,신림,7,36
20250510,강남,신림,8,38
20250510,강남,신림,9,36
20250510,강남,신림,10,48
20250510,강남,신림,11,73
20250510,강남,신림,12,100
20250510,강남,신림,13,100
20250510,강남,신림,14,154
20250510,강남,신림,15,188
20250510,강남,신림,16,248
20250510,강남,신림,17,242
20250510,강남,신림,18,215
20250510,강남,신림,19,192
20250510,강남,신림,20,172
20250510,강남,신림,21,226
20250510,강남,신림,22,260
20250510,강남,신림,23,160
20250510,강남,신촌,7,1
20250510,강남,신촌,8,3
20250510,강남,신촌,9,8
20250510,강남,신촌,10,11
20250510,강남,신촌,11,14
20250510,강남,신촌,12,29
20250510,강남,신촌,13,17
20250510,강남,신촌,14,30
20250510,강남,신촌,15,29
20250510,강남,신촌,16,35
20250510,강남,신촌,17,24
20250510,강남,신촌,18,29
20250510,강남,신촌,19,15
20250510,강남,신촌,20,15
20250510,강남,신촌,21,22
20250510,강남,신촌,22,23
20250510,강남,신촌,23,1
20250510,강남,아현,7,1
20250510,강남,아현,8,1
20250510,강남,아현,9,1
20250510,강남,아현,10,1
20250510,강남,아현,11,2
20250510,강남,아현,12,4
20250510,강남,아현,13,1
20250510,강남,아현,14,3
20250510,강남,아현,15,6
20250510,강남,아현,16,5
20250510,강남,아현,17,6
20250510,강남,아현,18,5
20250510,강남,아현,19,12
20250510,강남,아현,20,5
20250510,강남,아현,21,4
20250510,강남,아현,22,9
20250510,강남,아현,23,1
20250510,강남,역삼,5,7
20250510,강남,역삼,6,6
20250510,강남,역삼,7,17
20250510,강남,역삼,8,13
20250510,강남,역삼,9,38
20250510,강남,역삼,10,48
20250510,강남,역삼,11,75
20250510,강남,역삼,12,106
20250510,강남,역삼,13,98
20250510,강남,역삼,14,89
20250510,강남,역삼,15,86
20250510,강남,역삼,16,68
20250510,강남,역삼,17,103
20250510,강남,역삼,18,66
20250510,강남,역삼,19,46
20250510,강남,역삼,20,35
20250510,강남,역삼,21,44
20250510,강남,역삼,22,32
20250510,강남,역삼,23,24
20250510,강남,영등포구청,6,1
20250510,강남,영등포구청,8,4
20250510,강남,영등포구청,9,4
20250510,강남,영등포구청,10,9
20250510,강남,영등포구청,11,10
20250510,강남,영등포구청,12,4
20250510,강남,영등포구청,13,16
20250510,강남,영등포구청,14,19
20250510,강남,영등포구청,15,19
20250510,강남,영등포구청,16,16
20250510,강남,영등포구청,17,16
20250510,강남,영등포구청,18,13
20250510,강남,영등포구청,19,8
20250510,강남,영등포구청,20,6
20250510,강남,영등포구청,21,14
20250510,강남,영등포구청,22,11
20250510,강남,영등포구청,23,11
20250510,강남,왕십리(성동구청),9,2
20250510,강남,왕십리(성동구청),10,7
20250510,강남,왕십리(성동구청),11,4
20250510,강남,왕십리(성동구청),12,5
20250510,강남,왕십리(성동구청),13,11
20250510,강남,왕십리(성동구청),14,10
20250510,강남,왕십리(성동구청),15,4
20250510,강남,왕십리(성동구청),16,7
20250510,강남,왕십리(성동구청),17,13
20250510,강남,왕십리(성동구청),18,9
20250510,강남,왕십리(성동구청),19,7
20250510,강남,왕십리(성동구청),20,7
20250510,강남,왕십리(성동구청),21,15
20250510,강남,왕십리(성동구청),22,11
20250510,강남,왕십리(성동구청),23,9
20250510,강남,용두(동대문구청),6,1
20250510,강남,용두(동대문구청),7,3
20250510,강남,용두(동대문구청),8,1
20250510,강남,용두(동대문구청),9,1
20250510,강남,용두(동대문구청),10,4
20250510,강남,용두(동대문구청),11,1
20250510,강남,용두(동대문구청),12,2
20250510,강남,용두(동대문구청),14,2
20250510,강남,용두(동대문구청),15,4
20250510,강남,용두(동대문구청),16,2
20250510,강남,용두(동대문구청),17,6
20250510,강남,용두(동대문구청),19,1
20250510,강남,용두(동대문구청),20,1
20250510,강남,용두(동대문구청),21,2
20250510,강남,용두(동대문구청),22,4
20250510,강남,용두(동대문구청),23,1
20250510,강남,을지로3가,10,3
20250510,강남,을지로3가,11,3
20250510,강남,을지로3가,12,6
20250510,강남,을지로3가,13,1
20250510,강남,을지로3가,14,5
20250510,강남,을지로3가,15,3
20250510,강남,을지로3가,16,10
20250510,강남,을지로3가,17,8
20250510,강남,을지로3가,18,4
20250510,강남,을지로3가,19,6
20250510,강남,을지로3가,21,1
20250510,강남,을지로3가,22,1
20250510,강남,을지로3가,23,3
20250510,강남,을지로4가,6,1
20250510,강남,을지로4가,8,1
20250510,강남,을지로4가,9,2
20250510,강남,을지로4가,10,1
20250510,강남,을지로4가,11,3
20250510,강남,을지로4가,12,9
20250510,강남,을지로4가,13,8
20250510,강남,을지로4가,14,3
20250510,강남,을지로4가,15,3
20250510,강남,을지로4가,16,3
20250510,강남,을지로4가,17,8
20250510,강남,을지로4가,19,5
20250510,강남,을지로4가,21,8
20250510,강남,을지로4가,22,6
20250510,강남,을지로입구,6,1
20250510,강남,을지로입구,8,1
20250510,강남,을지로입구,9,5
20250510,강남,을지로입구,10,9
20250510,강남,을지로입구,11,9
20250510,강남,을지로입구,12,7
20250510,강남,을지로입구,13,15
20250510,강남,을지로입구,14,21
20250510,강남,을지로입구,15,14
20250510,강남,을지로입구,16,9
20250510,강남,을지로입구,17,10
20250510,강남,을지로입구,18,11
20250510,강남,을지로입구,19,4
20250510,강남,을지로입구,20,2
20250510,강남,을지로입구,22,1
20250510,강남,을지로입구,23,1
20250510,강남,이대,7,2
20250510,강남,이대,8,4
20250510,강남,이대,9,2
20250510,강남,이대,10,5
20250510,강남,이대,11,3
20250510,강남,이대,12,15
20250510,강남,이대,13,14
20250510,강남,이대,14,6
20250510,강남,이대,15,11
20250510,강남,이대,16,13
20250510,강남,이대,17,8
20250510,강남,이대,18,7
20250510,강남,이대,19,9
20250510,강남,이대,20,5
20250510,강남,이대,21,18
20250510,강남,이대,22,12
20250510,강남,이대,23,4
20250510,강남,잠실(송파구청),5,11
20250510,강남,잠실(송파구청),6,38
20250510,강남,잠실(송파구청),7,35
20250510,강남,잠실(송파구청),8,89
20250510,강남,잠실(송파구청),9,127
20250510,강남,잠실(송파구청),10,178
20250510,강남,잠실(송파구청),11,244
20250510,강남,잠실(송파구청),12,337
20250510,강남,잠실(송파구청),13,360
20250510,강남,잠실(송파구청),14,408
20250510,강남,잠실(송파구청),15,450
20250510,강남,잠실(송파구청),16,418
20250510,강남,잠실(송파구청),17,432
20250510,강남,잠실(송파구청),18,308
20250510,강남,잠실(송파구청),19,245
20250510,강남,잠실(송파구청),20,211
20250510,강남,잠실(송파구청),21,280
20250510,강남,잠실(송파구청),22,270
20250510,강남,잠실(송파구청),23,147
20250510,강남,잠실나루,5,4
20250510,강남,잠실나루,6,7
20250510,강남,잠실나루,7,5
20250510,강남,잠실나루,8,1
20250510,강남,잠실나루,9,11
20250510,강남,잠실나루,10,3
20250510,강남,잠실나루,11,13
20250510,강남,잠실나루,12,21
20250510,강남,잠실나루,13,15
20250510,강남,잠실나루,14,17
20250510,강남,잠실나루,15,23
20250510,강남,잠실나루,16,36
20250510,강남,잠실나루,17,46
20250510,강남,잠실나루,18,27
20250510,강남,잠실나루,19,15
20250510,강남,잠실나루,20,15
20250510,강남,잠실나루,21,28
20250510,강남,잠실나루,22,29
20250510,강남,잠실나루,23,17
20250510,강남,잠실새내,5,3
20250510,강남,잠실새내,6,8
20250510,강남,잠실새내,7,11
20250510,강남,잠실새내,8,10
20250510,강남,잠실새내,9,17
20250510,강남,잠실새내,10,32
20250510,강남,잠실새내,11,47
20250510,강남,잠실새내,12,47
20250510,강남,잠실새내,13,85
20250510,강남,잠실새내,14,72
20250510,강남,잠실새내,15,112
20250510,강남,잠실새내,16,89
20250510,강남,잠실새내,17,104
20250510,강남,잠실새내,18,75
20250510,강남,잠실새내,19,62
20250510,강남,잠실새내,20,50
20250510,강남,잠실새내,21,66
20250510,강남,잠실새내,22,67
20250510,강남,잠실새내,23,27
20250510,강남,종합운동장,5,1
20250510,강남,종합운동장,6,11
20250510,강남,종합운동장,7,8
20250510,강남,종합운동장,8,12
20250510,강남,종합운동장,9,13
20250510,강남,종합운동장,10,13
20250510,강남,종합운동장,11,21
20250510,강남,종합운동장,12,24
20250510,강남,종합운동장,13,27
20250510,강남,종합운동장,14,67
20250510,강남,종합운동장,15,163
20250510,강남,종합운동장,16,256
20250510,강남,종합운동장,17,84
20250510,강남,종합운동장,18,16
20250510,강남,종합운동장,19,14
20250510,강남,종합운동장,20,17
20250510,강남,종합운동장,21,18
20250510,강남,종합운동장,22,20
20250510,강남,종합운동장,23,10
20250510,강남,충정로(경기대입구),5,1
20250510,강남,충정로(경기대입구),7,1
20250510,강남,충정로(경기대입구),8,1
20250510,강남,충정로(경기대입구),10,3
20250510,강남,충정로(경기대입구),11,2
20250510,강남,충정로(경기대입구),13,1
20250510,강남,충정로(경기대입구),14,5
20250510,강남,충정로(경기대입구),15,5
20250510,강남,충정로(경기대입구),16,5
20250510,강남,충정로(경기대입구),17,4
20250510,강남,충정로(경기대입구),18,1
20250510,강남,충정로(경기대입구),19,2
20250510,강남,충정로(경기대입구),20,4
20250510,강남,충정로(경기대입구),21,1
20250510,강남,충정로(경기대입구),22,1
20250510,강남,충정로(경기대입구),23,1
20250510,강남,한양대,8,11
20250510,강남,한양대,9,8
20250510,강남,한양대,10,6
20250510,강남,한양대,11,1
20250510,강남,한양대,12,15
20250510,강남,한양대,13,10
20250510,강남,한양대,14,5
20250510,강남,한양대,15,6
20250510,강남,한양대,16,7
20250510,강남,한양대,17,9
20250510,강남,한양대,18,6
20250510,강남,한양대,19,4
20250510,강남,한양대,20,2
20250510,강남,한양대,21,6
20250510,강남,한양대,22,2
20250510,강남,한양대,23,5
20250510,강남,합정,5,3
20250510,강남,합정,6,1
20250510,강남,합정,7,1
20250510,강남,합정,8,7
20250510,강남,합정,9,18
20250510,강남,합정,10,13
20250510,강남,합정,11,32
20250510,강남,합정,12,32
20250510,강남,합정,13,36
20250510,강남,합정,14,50
20250510,강남,합정,15,57
20250510,강남,합정,16,81
20250510,강남,합정,17,50
20250510,강남,합정,18,42
20250510,강남,합정,19,25
20250510,강남,합정,20,20
20250510,강남,합정,21,35
20250510,강남,합정,22,27
20250510,강남,합정,23,18
20250510,강남,홍대입구,5,2
20250510,강남,홍대입구,6,6
20250510,강남,홍대입구,7,3
20250510,강남,홍대입구,8,4
20250510,강남,홍대입구,9,18
20250510,강남,홍대입구,10,69
20250510,강남,홍대입구,11,88
20250510,강남,홍대입구,12,75
20250510,강남,홍대입구,13,113
20250510,강남,홍대입구,14,121
20250510,강남,홍대입구,15,144
20250510,강남,홍대입구,16,130
20250510,강남,홍대입구,17,129
20250510,강남,홍대입구,18,93
20250510,강남,홍대입구,19,62
20250510,강남,홍대입구,20,39
20250510,강남,홍대입구,21,69
20250510,강남,홍대입구,22,63
20250510,강남,홍대입구,23,13
20250510,강변(동서울터미널),강남,5,8
20250510,강변(동서울터미널),강남,6,9
20250510,강변(동서울터미널),강남,7,24
20250510,강변(동서울터미널),강남,8,91
20250510,강변(동서울터미널),강남,9,129
20250510,강변(동서울터미널),강남,10,118
20250510,강변(동서울터미널),강남,11,106
20250510,강변(동서울터미널),강남,12,102
20250510,강변(동서울터미널),강남,13,113
20250510,강변(동서울터미널),강남,14,76
20250510,강변(동서울터미널),강남,15,49
20250510,강변(동서울터미널),강남,16,47
20250510,강변(동서울터미널),강남,17,54
20250510,강변(동서울터미널),강남,18,41
20250510,강변(동서울터미널),강남,19,31
20250510,강변(동서울터미널),강남,20,27
20250510,강변(동서울터미널),강남,21,16
20250510,강변(동서울터미널),강남,22,13
20250510,강변(동서울터미널),강남,23,4
20250510,강변(동서울터미널),강변(동서울터미널),5,1
20250510,강변(동서울터미널),강변(동서울터미널),6,2
20250510,강변(동서울터미널),강변(동서울터미널),7,5
20250510,강변(동서울터미널),강변(동서울터미널),8,7
20250510,강변(동서울터미널),강변(동서울터미널),9,20
20250510,강변(동서울터미널),강변(동서울터미널),10,12
20250510,강변(동서울터미널),강변(동서울터미널),11,19
20250510,강변(동서울터미널),강변(동서울터미널),12,16
20250510,강변(동서울터미널),강변(동서울터미널),13,15
20250510,강변(동서울터미널),강변(동서울터미널),14,22
20250510,강변(동서울터미널),강변(동서울터미널),15,20
20250510,강변(동서울터미널),강변(동서울터미널),16,13
20250510,강변(동서울터미널),강변(동서울터미널),17,19
20250510,강변(동서울터미널),강변(동서울터미널),18,14
20250510,강변(동서울터미널),강변(동서울터미널),19,9
20250510,강변(동서울터미널),강변(동서울터미널),20,12
20250510,강변(동서울터미널),강변(동서울터미널),21,9
20250510,강변(동서울터미널),강변(동서울터미널),22,7
20250510,강변(동서울터미널),강변(동서울터미널),23,6
20250510,강변(동서울터미널),건대입구,5,4
20250510,강변(동서울터미널),건대입구,6,12
20250510,강변(동서울터미널),건대입구,7,11
20250510,강변(동서울터미널),건대입구,8,44
20250510,강변(동서울터미널),건대입구,9,83
20250510,강변(동서울터미널),건대입구,10,120
20250510,강변(동서울터미널),건대입구,11,145
20250510,강변(동서울터미널),건대입구,12,152
20250510,강변(동서울터미널),건대입구,13,129
20250510,강변(동서울터미널),건대입구,14,123
20250510,강변(동서울터미널),건대입구,15,144
20250510,강변(동서울터미널),건대입구,16,120
20250510,강변(동서울터미널),건대입구,17,137
20250510,강변(동서울터미널),건대입구,18,121
20250510,강변(동서울터미널),건대입구,19,64
20250510,강변(동서울터미널),건대입구,20,66
20250510,강변(동서울터미널),건대입구,21,50
20250510,강변(동서울터미널),건대입구,22,35
20250510,강변(동서울터미널),건대입구,23,20
20250510,강변(동서울터미널),교대(법원.검찰청),5,5
20250510,강변(동서울터미널),교대(법원.검찰청),6,11
20250510,강변(동서울터미널),교대(법원.검찰청),7,7
20250510,강변(동서울터미널),교대(법원.검찰청),8,16
20250510,강변(동서울터미널),교대(법원.검찰청),9,29
20250510,강변(동서울터미널),교대(법원.검찰청),10,21
20250510,강변(동서울터미널),교대(법원.검찰청),11,21
20250510,강변(동서울터미널),교대(법원.검찰청),12,26
20250510,강변(동서울터미널),교대(법원.검찰청),13,23
20250510,강변(동서울터미널),교대(법원.검찰청),14,13
20250510,강변(동서울터미널),교대(법원.검찰청),15,19
20250510,강변(동서울터미널),교대(법원.검찰청),16,14
20250510,강변(동서울터미널),교대(법원.검찰청),17,11
20250510,강변(동서울터미널),교대(법원.검찰청),18,8
20250510,강변(동서울터미널),교대(법원.검찰청),19,5
20250510,강변(동서울터미널),교대(법원.검찰청),20,4
20250510,강변(동서울터미널),교대(법원.검찰청),21,3
20250510,강변(동서울터미널),교대(법원.검찰청),22,6
20250510,강변(동서울터미널),교대(법원.검찰청),23,1
20250510,강변(동서울터미널),구로디지털단지,5,1
20250510,강변(동서울터미널),구로디지털단지,7,2
20250510,강변(동서울터미널),구로디지털단지,8,5
20250510,강변(동서울터미널),구로디지털단지,9,10
20250510,강변(동서울터미널),구로디지털단지,10,20
20250510,강변(동서울터미널),구로디지털단지,11,22
20250510,강변(동서울터미널),구로디지털단지,12,11
20250510,강변(동서울터미널),구로디지털단지,13,16
20250510,강변(동서울터미널),구로디지털단지,14,16
20250510,강변(동서울터미널),구로디지털단지,15,13
20250510,강변(동서울터미널),구로디지털단지,16,18
20250510,강변(동서울터미널),구로디지털단지,17,22
20250510,강변(동서울터미널),구로디지털단지,18,8
20250510,강변(동서울터미널),구로디지털단지,19,7
20250510,강변(동서울터미널),구로디지털단지,20,10
20250510,강변(동서울터미널),구로디지털단지,21,17
20250510,강변(동서울터미널),구로디지털단지,22,4
20250510,강변(동서울터미널),구로디지털단지,23,1
20250510,강변(동서울터미널),구의(광진구청),5,1
20250510,강변(동서울터미널),구의(광진구청),6,9
20250510,강변(동서울터미널),구의(광진구청),7,4
20250510,강변(동서울터미널),구의(광진구청),8,14
20250510,강변(동서울터미널),구의(광진구청),9,20
20250510,강변(동서울터미널),구의(광진구청),10,42
20250510,강변(동서울터미널),구의(광진구청),11,30
20250510,강변(동서울터미널),구의(광진구청),12,52
20250510,강변(동서울터미널),구의(광진구청),13,43
20250510,강변(동서울터미널),구의(광진구청),14,35
20250510,강변(동서울터미널),구의(광진구청),15,40
20250510,강변(동서울터미널),구의(광진구청),16,41
20250510,강변(동서울터미널),구의(광진구청),17,47
20250510,강변(동서울터미널),구의(광진구청),18,42
20250510,강변(동서울터미널),구의(광진구청),19,28
20250510,강변(동서울터미널),구의(광진구청),20,14
20250510,강변(동서울터미널),구의(광진구청),21,15
20250510,강변(동서울터미널),구의(광진구청),22,9
20250510,강변(동서울터미널),구의(광진구청),23,8
20250510,강변(동서울터미널),낙성대,5,2
20250510,강변(동서울터미널),낙성대,6,1
20250510,강변(동서울터미널),낙성대,7,5
20250510,강변(동서울터미널),낙성대,8,2
20250510,강변(동서울터미널),낙성대,9,9
20250510,강변(동서울터미널),낙성대,10,7
20250510,강변(동서울터미널),낙성대,11,8
20250510,강변(동서울터미널),낙성대,12,10
20250510,강변(동서울터미널),낙성대,13,3
20250510,강변(동서울터미널),낙성대,14,15
20250510,강변(동서울터미널),낙성대,15,1
20250510,강변(동서울터미널),낙성대,16,9
20250510,강변(동서울터미널),낙성대,17,4
20250510,강변(동서울터미널),낙성대,18,7
20250510,강변(동서울터미널),낙성대,19,5
20250510,강변(동서울터미널),낙성대,20,6
20250510,강변(동서울터미널),낙성대,21,12
20250510,강변(동서울터미널),낙성대,22,5
20250510,강변(동서울터미널),당산,5,1
20250510,강변(동서울터미널),당산,6,1
20250510,강변(동서울터미널),당산,7,1
20250510,강변(동서울터미널),당산,8,5
20250510,강변(동서울터미널),당산,9,6
20250510,강변(동서울터미널),당산,10,8
20250510,강변(동서울터미널),당산,11,9
20250510,강변(동서울터미널),당산,13,2
20250510,강변(동서울터미널),당산,14,6
20250510,강변(동서울터미널),당산,15,5
20250510,강변(동서울터미널),당산,16,11
20250510,강변(동서울터미널),당산,17,5
20250510,강변(동서울터미널),당산,18,2
20250510,강변(동서울터미널),당산,19,2
20250510,강변(동서울터미널),당산,20,5
20250510,강변(동서울터미널),당산,21,4
20250510,강변(동서울터미널),당산,22,4
20250510,강변(동서울터미널),대림(구로구청),6,1
20250510,강변(동서울터미널),대림(구로구청),7,1
20250510,강변(동서울터미널),대림(구로구청),8,5
20250510,강변(동서울터미널),대림(구로구청),9,10
20250510,강변(동서울터미널),대림(구로구청),10,12
20250510,강변(동서울터미널),대림(구로구청),11,5
20250510,강변(동서울터미널),대림(구로구청),12,8
20250510,강변(동서울터미널),대림(구로구청),13,11
20250510,강변(동서울터미널),대림(구로구청),14,11
20250510,강변(동서울터미널),대림(구로구청),15,6
20250510,강변(동서울터미널),대림(구로구청),16,17
20250510,강변(동서울터미널),대림(구로구청),17,9
20250510,강변(동서울터미널),대림(구로구청),18,8
20250510,강변(동서울터미널),대림(구로구청),19,5
20250510,강변(동서울터미널),대림(구로구청),20,7
20250510,강변(동서울터미널),대림(구로구청),21,5
20250510,강변(동서울터미널),대림(구로구청),22,2
20250510,강변(동서울터미널),대림(구로구청),23,2
20250510,강변(동서울터미널),동대문역사문화공원,5,2
20250510,강변(동서울터미널),동대문역사문화공원,6,1
20250510,강변(동서울터미널),동대문역사문화공원,7,3
20250510,강변(동서울터미널),동대문역사문화공원,8,16
20250510,강변(동서울터미널),동대문역사문화공원,9,17
20250510,강변(동서울터미널),동대문역사문화공원,10,26
20250510,강변(동서울터미널),동대문역사문화공원,11,39
20250510,강변(동서울터미널),동대문역사문화공원,12,16
20250510,강변(동서울터미널),동대문역사문화공원,13,23
20250510,강변(동서울터미널),동대문역사문화공원,14,30
20250510,강변(동서울터미널),동대문역사문화공원,15,29
20250510,강변(동서울터미널),동대문역사문화공원,16,12
20250510,강변(동서울터미널),동대문역사문화공원,17,19
20250510,강변(동서울터미널),동대문역사문화공원,18,15
20250510,강변(동서울터미널),동대문역사문화공원,19,4
20250510,강변(동서울터미널),동대문역사문화공원,20,12
20250510,강변(동서울터미널),동대문역사문화공원,21,2
20250510,강변(동서울터미널),동대문역사문화공원,22,4
20250510,강변(동서울터미널),동대문역사문화공원,23,7
20250510,강변(동서울터미널),뚝섬,5,8
20250510,강변(동서울터미널),뚝섬,6,6
20250510,강변(동서울터미널),뚝섬,7,9
20250510,강변(동서울터미널),뚝섬,8,19
20250510,강변(동서울터미널),뚝섬,9,40
20250510,강변(동서울터미널),뚝섬,10,78
20250510,강변(동서울터미널),뚝섬,11,85
20250510,강변(동서울터미널),뚝섬,12,74
20250510,강변(동서울터미널),뚝섬,13,50
20250510,강변(동서울터미널),뚝섬,14,61
20250510,강변(동서울터미널),뚝섬,15,28
20250510,강변(동서울터미널),뚝섬,16,27
20250510,강변(동서울터미널),뚝섬,17,24
20250510,강변(동서울터미널),뚝섬,18,28
20250510,강변(동서울터미널),뚝섬,19,12
20250510,강변(동서울터미널),뚝섬,20,17
20250510,강변(동서울터미널),뚝섬,21,5
20250510,강변(동서울터미널),뚝섬,22,6
20250510,강변(동서울터미널),뚝섬,23,3
20250510,강변(동서울터미널),문래,6,1
20250510,강변(동서울터미널),문래,7,5
20250510,강변(동서울터미널),문래,8,3
20250510,강변(동서울터미널),문래,9,5
20250510,강변(동서울터미널),문래,10,2
20250510,강변(동서울터미널),문래,11,3
20250510,강변(동서울터미널),문래,12,9
20250510,강변(동서울터미널),문래,13,6
20250510,강변(동서울터미널),문래,14,2
20250510,강변(동서울터미널),문래,15,1
20250510,강변(동서울터미널),문래,16,4
20250510,강변(동서울터미널),문래,17,3
20250510,강변(동서울터미널),문래,18,2
20250510,강변(동서울터미널),문래,19,1
20250510,강변(동서울터미널),문래,22,2
20250510,강변(동서울터미널),방배,5,3
20250510,강변(동서울터미널),방배,6,2
20250510,강변(동서울터미널),방배,7,2
20250510,강변(동서울터미널),방배,8,16
20250510,강변(동서울터미널),방배,9,3
20250510,강변(동서울터미널),방배,10,5
20250510,강변(동서울터미널),방배,11,5
20250510,강변(동서울터미널),방배,12,9
20250510,강변(동서울터미널),방배,13,5
20250510,강변(동서울터미널),방배,14,7
20250510,강변(동서울터미널),방배,15,5
20250510,강변(동서울터미널),방배,16,6
20250510,강변(동서울터미널),방배,17,2
20250510,강변(동서울터미널),방배,18,3
20250510,강변(동서울터미널),방배,19,1
20250510,강변(동서울터미널),방배,20,2
20250510,강변(동서울터미널),방배,21,4
20250510,강변(동서울터미널),방배,23,1
20250510,강변(동서울터미널),봉천,7,4
20250510,강변(동서울터미널),봉천,8,4
20250510,강변(동서울터미널),봉천,9,2
20250510,강변(동서울터미널),봉천,10,5
20250510,강변(동서울터미널),봉천,11,5
20250510,강변(동서울터미널),봉천,12,4
20250510,강변(동서울터미널),봉천,13,4
20250510,강변(동서울터미널),봉천,14,9
20250510,강변(동서울터미널),봉천,15,7
20250510,강변(동서울터미널),봉천,16,9
20250510,강변(동서울터미널),봉천,17,9
20250510,강변(동서울터미널),봉천,18,8
20250510,강변(동서울터미널),봉천,19,4
20250510,강변(동서울터미널),봉천,21,9
20250510,강변(동서울터미널),봉천,22,1
20250510,강변(동서울터미널),사당,5,4
20250510,강변(동서울터미널),사당,6,17
20250510,강변(동서울터미널),사당,7,10
20250510,강변(동서울터미널),사당,8,12
20250510,강변(동서울터미널),사당,9,14
20250510,강변(동서울터미널),사당,10,31
20250510,강변(동서울터미널),사당,11,27
20250510,강변(동서울터미널),사당,12,23
20250510,강변(동서울터미널),사당,13,22
20250510,강변(동서울터미널),사당,14,25
20250510,강변(동서울터미널),사당,15,21
20250510,강변(동서울터미널),사당,16,27
20250510,강변(동서울터미널),사당,17,37
20250510,강변(동서울터미널),사당,18,28
20250510,강변(동서울터미널),사당,19,20
20250510,강변(동서울터미널),사당,20,7
20250510,강변(동서울터미널),사당,21,19
20250510,강변(동서울터미널),사당,22,12
20250510,강변(동서울터미널),사당,23,4
20250510,강변(동서울터미널),삼성(무역센터),5,11
20250510,강변(동서울터미널),삼성(무역센터),6,9
20250510,강변(동서울터미널),삼성(무역센터),7,19
20250510,강변(동서울터미널),삼성(무역센터),8,44
20250510,강변(동서울터미널),삼성(무역센터),9,94
20250510,강변(동서울터미널),삼성(무역센터),10,80
20250510,강변(동서울터미널),삼성(무역센터),11,68
20250510,강변(동서울터미널),삼성(무역센터),12,101
20250510,강변(동서울터미널),삼성(무역센터),13,69
20250510,강변(동서울터미널),삼성(무역센터),14,76
20250510,강변(동서울터미널),삼성(무역센터),15,71
20250510,강변(동서울터미널),삼성(무역센터),16,42
20250510,강변(동서울터미널),삼성(무역센터),17,31
20250510,강변(동서울터미널),삼성(무역센터),18,17
20250510,강변(동서울터미널),삼성(무역센터),19,11
20250510,강변(동서울터미널),삼성(무역센터),20,5
20250510,강변(동서울터미널),삼성(무역센터),21,7
20250510,강변(동서울터미널),삼성(무역센터),22,3
20250510,강변(동서울터미널),삼성(무역센터),23,5
20250510,강변(동서울터미널),상왕십리,5,2
20250510,강변(동서울터미널),상왕십리,6,2
20250510,강변(동서울터미널),상왕십리,8,6
20250510,강변(동서울터미널),상왕십리,9,13
20250510,강변(동서울터미널),상왕십리,10,5
20250510,강변(동서울터미널),상왕십리,11,9
20250510,강변(동서울터미널),상왕십리,12,10
20250510,강변(동서울터미널),상왕십리,13,14
20250510,강변(동서울터미널),상왕십리,14,6
20250510,강변(동서울터미널),상왕십리,15,8
20250510,강변(동서울터미널),상왕십리,16,13
20250510,강변(동서울터미널),상왕십리,17,14
20250510,강변(동서울터미널),상왕십리,18,5
20250510,강변(동서울터미널),상왕십리,19,14
20250510,강변(동서울터미널),상왕십리,20,14
20250510,강변(동서울터미널),상왕십리,21,2
20250510,강변(동서울터미널),상왕십리,22,6
20250510,강변(동서울터미널),상왕십리,23,2
20250510,강변(동서울터미널),서울대입구(관악구청),5,1
20250510,강변(동서울터미널),서울대입구(관악구청),6,3
20250510,강변(동서울터미널),서울대입구(관악구청),7,6
20250510,강변(동서울터미널),서울대입구(관악구청),8,15
20250510,강변(동서울터미널),서울대입구(관악구청),9,15
20250510,강변(동서울터미널),서울대입구(관악구청),10,17
20250510,강변(동서울터미널),서울대입구(관악구청),11,16
20250510,강변(동서울터미널),서울대입구(관악구청),12,16
20250510,강변(동서울터미널),서울대입구(관악구청),13,14
20250510,강변(동서울터미널),서울대입구(관악구청),14,27
20250510,강변(동서울터미널),서울대입구(관악구청),15,20
20250510,강변(동서울터미널),서울대입구(관악구청),16,15
20250510,강변(동서울터미널),서울대입구(관악구청),17,13
20250510,강변(동서울터미널),서울대입구(관악구청),18,16
20250510,강변(동서울터미널),서울대입구(관악구청),19,13
20250510,강변(동서울터미널),서울대입구(관악구청),20,12
20250510,강변(동서울터미널),서울대입구(관악구청),21,10
20250510,강변(동서울터미널),서울대입구(관악구청),22,5
20250510,강변(동서울터미널),서울대입구(관악구청),23,5
20250510,강변(동서울터미널),서초,5,13
20250510,강변(동서울터미널),서초,6,8
20250510,강변(동서울터미널),서초,7,9
20250510,강변(동서울터미널),서초,8,15
20250510,강변(동서울터미널),서초,9,16
20250510,강변(동서울터미널),서초,10,20
20250510,강변(동서울터미널),서초,11,8
20250510,강변(동서울터미널),서초,12,19
20250510,강변(동서울터미널),서초,13,10
20250510,강변(동서울터미널),서초,14,18
20250510,강변(동서울터미널),서초,15,18
20250510,강변(동서울터미널),서초,16,11
20250510,강변(동서울터미널),서초,17,10
20250510,강변(동서울터미널),서초,18,2
20250510,강변(동서울터미널),서초,19,3
20250510,강변(동서울터미널),서초,20,2
20250510,강변(동서울터미널),서초,21,2
20250510,강변(동서울터미널),서초,22,4
20250510,강변(동서울터미널),선릉,5,5
20250510,강변(동서울터미널),선릉,6,15
20250510,강변(동서울터미널),선릉,7,25
20250510,강변(동서울터미널),선릉,8,49
20250510,강변(동서울터미널),선릉,9,47
20250510,강변(동서울터미널),선릉,10,43
20250510,강변(동서울터미널),선릉,11,42
20250510,강변(동서울터미널),선릉,12,49
20250510,강변(동서울터미널),선릉,13,35
20250510,강변(동서울터미널),선릉,14,33
20250510,강변(동서울터미널),선릉,15,33
20250510,강변(동서울터미널),선릉,16,29
20250510,강변(동서울터미널),선릉,17,22
20250510,강변(동서울터미널),선릉,18,9
20250510,강변(동서울터미널),선릉,19,7
20250510,강변(동서울터미널),선릉,20,10
20250510,강변(동서울터미널),선릉,21,6
20250510,강변(동서울터미널),선릉,22,5
20250510,강변(동서울터미널),선릉,23,6
20250510,강변(동서울터미널),성수,5,8
20250510,강변(동서울터미널),성수,6,14
20250510,강변(동서울터미널),성수,7,16
20250510,강변(동서울터미널),성수,8,29
20250510,강변(동서울터미널),성수,9,100
20250510,강변(동서울터미널),성수,10,136
20250510,강변(동서울터미널),성수,11,156
20250510,강변(동서울터미널),성수,12,154
20250510,강변(동서울터미널),성수,13,124
20250510,강변(동서울터미널),성수,14,106
20250510,강변(동서울터미널),성수,15,97
20250510,강변(동서울터미널),성수,16,66
20250510,강변(동서울터미널),성수,17,67
20250510,강변(동서울터미널),성수,18,35
20250510,강변(동서울터미널),성수,19,18
20250510,강변(동서울터미널),성수,20,11
20250510,강변(동서울터미널),성수,21,11
20250510,강변(동서울터미널),성수,22,7
20250510,강변(동서울터미널),성수,23,4
20250510,강변(동서울터미널),시청,5,1
20250510,강변(동서울터미널),시청,6,1
20250510,강변(동서울터미널),시청,7,6
20250510,강변(동서울터미널),시청,8,8
20250510,강변(동서울터미널),시청,9,14
20250510,강변(동서울터미널),시청,10,55
20250510,강변(동서울터미널),시청,11,16
20250510,강변(동서울터미널),시청,12,11
20250510,강변(동서울터미널),시청,13,16
20250510,강변(동서울터미널),시청,14,12
20250510,강변(동서울터미널),시청,15,7
20250510,강변(동서울터미널),시청,16,12
20250510,강변(동서울터미널),시청,17,4
20250510,강변(동서울터미널),시청,18,1
20250510,강변(동서울터미널),시청,19,3
20250510,강변(동서울터미널),시청,20,1
20250510,강변(동서울터미널),시청,21,2
20250510,강변(동서울터미널),시청,22,1
20250510,강변(동서울터미널),신당,5,1
20250510,강변(동서울터미널),신당,6,1
20250510,강변(동서울터미널),신당,7,4
20250510,강변(동서울터미널),신당,8,7
20250510,강변(동서울터미널),신당,9,11
20250510,강변(동서울터미널),신당,10,8
20250510,강변(동서울터미널),신당,11,12
20250510,강변(동서울터미널),신당,12,9
20250510,강변(동서울터미널),신당,13,7
20250510,강변(동서울터미널),신당,14,12
20250510,강변(동서울터미널),신당,15,9
20250510,강변(동서울터미널),신당,16,12
20250510,강변(동서울터미널),신당,17,10
20250510,강변(동서울터미널),신당,18,7
20250510,강변(동서울터미널),신당,19,8
20250510,강변(동서울터미널),신당,20,3
20250510,강변(동서울터미널),신당,21,2
20250510,강변(동서울터미널),신당,22,2
20250510,강변(동서울터미널),신당,23,3
20250510,강변(동서울터미널),신대방,6,2
20250510,강변(동서울터미널),신대방,7,2
20250510,강변(동서울터미널),신대방,8,3
20250510,강변(동서울터미널),신대방,9,3
20250510,강변(동서울터미널),신대방,10,6
20250510,강변(동서울터미널),신대방,11,2
20250510,강변(동서울터미널),신대방,12,5
20250510,강변(동서울터미널),신대방,13,2
20250510,강변(동서울터미널),신대방,14,3
20250510,강변(동서울터미널),신대방,15,7
20250510,강변(동서울터미널),신대방,16,7
20250510,강변(동서울터미널),신대방,17,7
20250510,강변(동서울터미널),신대방,18,1
20250510,강변(동서울터미널),신대방,19,4
20250510,강변(동서울터미널),신대방,20,7
20250510,강변(동서울터미널),신대방,21,5
20250510,강변(동서울터미널),신대방,22,4
20250510,강변(동서울터미널),신도림,5,1
20250510,강변(동서울터미널),신도림,7,1
20250510,강변(동서울터미널),신도림,8,6
20250510,강변(동서울터미널),신도림,9,13
20250510,강변(동서울터미널),신도림,10,15
20250510,강변(동서울터미널),신도림,11,18
20250510,강변(동서울터미널),신도림,12,18
20250510,강변(동서울터미널),신도림,13,9
20250510,강변(동서울터미널),신도림,14,15
20250510,강변(동서울터미널),신도림,15,12
20250510,강변(동서울터미널),신도림,16,18
20250510,강변(동서울터미널),신도림,17,18
20250510,강변(동서울터미널),신도림,18,5
20250510,강변(동서울터미널),신도림,19,8
20250510,강변(동서울터미널),신도림,20,2
20250510,강변(동서울터미널),신도림,21,1
20250510,강변(동서울터미널),신도림,22,1
20250510,강변(동서울터미널),신도림,23,2
20250510,강변(동서울터미널),신림,5,1
20250510,강변(동서울터미널),신림,6,2
20250510,강변(동서울터미널),신림,7,5
20250510,강변(동서울터미널),신림,8,14
20250510,강변(동서울터미널),신림,9,11
20250510,강변(동서울터미널),신림,10,27
20250510,강변(동서울터미널),신림,11,19
20250510,강변(동서울터미널),신림,12,18
20250510,강변(동서울터미널),신림,13,14
20250510,강변(동서울터미널),신림,14,24
20250510,강변(동서울터미널),신림,15,18
20250510,강변(동서울터미널),신림,16,24
20250510,강변(동서울터미널),신림,17,25
20250510,강변(동서울터미널),신림,18,22
20250510,강변(동서울터미널),신림,19,8
20250510,강변(동서울터미널),신림,20,15
20250510,강변(동서울터미널),신림,21,13
20250510,강변(동서울터미널),신림,22,9
20250510,강변(동서울터미널),신림,23,2
20250510,강변(동서울터미널),신촌,5,1
20250510,강변(동서울터미널),신촌,6,1
20250510,강변(동서울터미널),신촌,7,6
20250510,강변(동서울터미널),신촌,8,30
20250510,강변(동서울터미널),신촌,9,32
20250510,강변(동서울터미널),신촌,10,47
20250510,강변(동서울터미널),신촌,11,35
20250510,강변(동서울터미널),신촌,12,27
20250510,강변(동서울터미널),신촌,13,23
20250510,강변(동서울터미널),신촌,14,22
20250510,강변(동서울터미널),신촌,15,14
20250510,강변(동서울터미널),신촌,16,25
20250510,강변(동서울터미널),신촌,17,23
20250510,강변(동서울터미널),신촌,18,14
20250510,강변(동서울터미널),신촌,19,11
20250510,강변(동서울터미널),신촌,20,10
20250510,강변(동서울터미널),신촌,21,10
20250510,강변(동서울터미널),신촌,22,10
20250510,강변(동서울터미널),신촌,23,5
20250510,강변(동서울터미널),아현,7,1
20250510,강변(동서울터미널),아현,8,4
20250510,강변(동서울터미널),아현,9,1
20250510,강변(동서울터미널),아현,10,4
20250510,강변(동서울터미널),아현,11,9
20250510,강변(동서울터미널),아현,12,8
20250510,강변(동서울터미널),아현,13,3
20250510,강변(동서울터미널),아현,14,3
20250510,강변(동서울터미널),아현,15,2
20250510,강변(동서울터미널),아현,16,7
20250510,강변(동서울터미널),아현,17,4
20250510,강변(동서울터미널),아현,19,6
20250510,강변(동서울터미널),아현,20,6
20250510,강변(동서울터미널),아현,21,1
20250510,강변(동서울터미널),아현,22,1
20250510,강변(동서울터미널),역삼,5,6
20250510,강변(동서울터미널),역삼,6,9
20250510,강변(동서울터미널),역삼,7,10
20250510,강변(동서울터미널),역삼,8,35
20250510,강변(동서울터미널),역삼,9,44
20250510,강변(동서울터미널),역삼,10,33
20250510,강변(동서울터미널),역삼,11,24
20250510,강변(동서울터미널),역삼,12,36
20250510,강변(동서울터미널),역삼,13,13
20250510,강변(동서울터미널),역삼,14,21
20250510,강변(동서울터미널),역삼,15,10
20250510,강변(동서울터미널),역삼,16,18
20250510,강변(동서울터미널),역삼,17,16
20250510,강변(동서울터미널),역삼,18,6
20250510,강변(동서울터미널),역삼,19,9
20250510,강변(동서울터미널),역삼,20,7
20250510,강변(동서울터미널),역삼,21,6
20250510,강변(동서울터미널),역삼,22,3
20250510,강변(동서울터미널),역삼,23,2
20250510,강변(동서울터미널),영등포구청,6,1
20250510,강변(동서울터미널),영등포구청,7,1
20250510,강변(동서울터미널),영등포구청,8,4
20250510,강변(동서울터미널),영등포구청,9,6
20250510,강변(동서울터미널),영등포구청,10,4
20250510,강변(동서울터미널),영등포구청,11,3
20250510,강변(동서울터미널),영등포구청,12,3
20250510,강변(동서울터미널),영등포구청,13,1
20250510,강변(동서울터미널),영등포구청,14,7
20250510,강변(동서울터미널),영등포구청,15,3
20250510,강변(동서울터미널),영등포구청,16,2
20250510,강변(동서울터미널),영등포구청,17,1
20250510,강변(동서울터미널),영등포구청,18,2
20250510,강변(동서울터미널),영등포구청,22,2
20250510,강변(동서울터미널),영등포구청,23,1
20250510,강변(동서울터미널),왕십리(성동구청),5,1
20250510,강변(동서울터미널),왕십리(성동구청),6,4
20250510,강변(동서울터미널),왕십리(성동구청),7,6
20250510,강변(동서울터미널),왕십리(성동구청),8,15
20250510,강변(동서울터미널),왕십리(성동구청),9,5
20250510,강변(동서울터미널),왕십리(성동구청),10,13
20250510,강변(동서울터미널),왕십리(성동구청),11,19
20250510,강변(동서울터미널),왕십리(성동구청),12,26
20250510,강변(동서울터미널),왕십리(성동구청),13,14
20250510,강변(동서울터미널),왕십리(성동구청),14,11
20250510,강변(동서울터미널),왕십리(성동구청),15,11
20250510,강변(동서울터미널),왕십리(성동구청),16,15
20250510,강변(동서울터미널),왕십리(성동구청),17,3
20250510,강변(동서울터미널),왕십리(성동구청),18,12
20250510,강변(동서울터미널),왕십리(성동구청),19,7
20250510,강변(동서울터미널),왕십리(성동구청),20,6
20250510,강변(동서울터미널),왕십리(성동구청),21,4
20250510,강변(동서울터미널),왕십리(성동구청),22,6
20250510,강변(동서울터미널),왕십리(성동구청),23,3
20250510,강변(동서울터미널),용두(동대문구청),6,2
20250510,강변(동서울터미널),용두(동대문구청),7,1
20250510,강변(동서울터미널),용두(동대문구청),8,4
20250510,강변(동서울터미널),용두(동대문구청),10,3
20250510,강변(동서울터미널),용두(동대문구청),11,8
20250510,강변(동서울터미널),용두(동대문구청),12,2
20250510,강변(동서울터미널),용두(동대문구청),13,6
20250510,강변(동서울터미널),용두(동대문구청),14,1
20250510,강변(동서울터미널),용두(동대문구청),15,2
20250510,강변(동서울터미널),용두(동대문구청),16,5
20250510,강변(동서울터미널),용두(동대문구청),17,5
20250510,강변(동서울터미널),용두(동대문구청),18,1
20250510,강변(동서울터미널),용두(동대문구청),19,3
20250510,강변(동서울터미널),용두(동대문구청),20,2
20250510,강변(동서울터미널),용두(동대문구청),21,3
20250510,강변(동서울터미널),용두(동대문구청),22,2
20250510,강변(동서울터미널),을지로3가,6,2
20250510,강변(동서울터미널),을지로3가,7,4
20250510,강변(동서울터미널),을지로3가,8,12
20250510,강변(동서울터미널),을지로3가,9,17
20250510,강변(동서울터미널),을지로3가,10,15
20250510,강변(동서울터미널),을지로3가,11,17
20250510,강변(동서울터미널),을지로3가,12,24
20250510,강변(동서울터미널),을지로3가,13,22
20250510,강변(동서울터미널),을지로3가,14,12
20250510,강변(동서울터미널),을지로3가,15,26
20250510,강변(동서울터미널),을지로3가,16,10
20250510,강변(동서울터미널),을지로3가,17,15
20250510,강변(동서울터미널),을지로3가,18,10
20250510,강변(동서울터미널),을지로3가,19,6
20250510,강변(동서울터미널),을지로3가,20,3
20250510,강변(동서울터미널),을지로3가,21,2
20250510,강변(동서울터미널),을지로3가,22,3
20250510,강변(동서울터미널),을지로4가,5,2
20250510,강변(동서울터미널),을지로4가,6,1
20250510,강변(동서울터미널),을지로4가,7,4
20250510,강변(동서울터미널),을지로4가,8,11
20250510,강변(동서울터미널),을지로4가,9,9
20250510,강변(동서울터미널),을지로4가,10,24
20250510,강변(동서울터미널),을지로4가,11,15
20250510,강변(동서울터미널),을지로4가,12,16
20250510,강변(동서울터미널),을지로4가,13,13
20250510,강변(동서울터미널),을지로4가,14,12
20250510,강변(동서울터미널),을지로4가,15,5
20250510,강변(동서울터미널),을지로4가,16,15
20250510,강변(동서울터미널),을지로4가,17,6
20250510,강변(동서울터미널),을지로4가,19,5
20250510,강변(동서울터미널),을지로입구,5,1
20250510,강변(동서울터미널),을지로입구,6,2
20250510,강변(동서울터미널),을지로입구,7,9
20250510,강변(동서울터미널),을지로입구,8,21
20250510,강변(동서울터미널),을지로입구,9,19
20250510,강변(동서울터미널),을지로입구,10,28
20250510,강변(동서울터미널),을지로입구,11,24
20250510,강변(동서울터미널),을지로입구,12,26
20250510,강변(동서울터미널),을지로입구,13,26
20250510,강변(동서울터미널),을지로입구,14,16
20250510,강변(동서울터미널),을지로입구,15,14
20250510,강변(동서울터미널),을지로입구,16,21
20250510,강변(동서울터미널),을지로입구,17,15
20250510,강변(동서울터미널),을지로입구,18,8
20250510,강변(동서울터미널),을지로입구,19,3
20250510,강변(동서울터미널),을지로입구,20,1
20250510,강변(동서울터미널),을지로입구,22,3
20250510,강변(동서울터미널),을지로입구,23,3
20250510,강변(동서울터미널),이대,5,2
20250510,강변(동서울터미널),이대,6,1
20250510,강변(동서울터미널),이대,7,4
20250510,강변(동서울터미널),이대,8,6
20250510,강변(동서울터미널),이대,9,14
20250510,강변(동서울터미널),이대,10,9
20250510,강변(동서울터미널),이대,11,12
20250510,강변(동서울터미널),이대,12,15
20250510,강변(동서울터미널),이대,13,4
20250510,강변(동서울터미널),이대,14,8
20250510,강변(동서울터미널),이대,15,10
20250510,강변(동서울터미널),이대,16,14
20250510,강변(동서울터미널),이대,17,8
20250510,강변(동서울터미널),이대,18,6
20250510,강변(동서울터미널),이대,19,3
20250510,강변(동서울터미널),이대,21,3
20250510,강변(동서울터미널),이대,22,3
20250510,강변(동서울터미널),잠실(송파구청),5,8
20250510,강변(동서울터미널),잠실(송파구청),6,25
20250510,강변(동서울터미널),잠실(송파구청),7,46
20250510,강변(동서울터미널),잠실(송파구청),8,139
20250510,강변(동서울터미널),잠실(송파구청),9,188
20250510,강변(동서울터미널),잠실(송파구청),10,240
20250510,강변(동서울터미널),잠실(송파구청),11,286
20250510,강변(동서울터미널),잠실(송파구청),12,256
20250510,강변(동서울터미널),잠실(송파구청),13,228
20250510,강변(동서울터미널),잠실(송파구청),14,237
20250510,강변(동서울터미널),잠실(송파구청),15,229
20250510,강변(동서울터미널),잠실(송파구청),16,163
20250510,강변(동서울터미널),잠실(송파구청),17,188
20250510,강변(동서울터미널),잠실(송파구청),18,125
20250510,강변(동서울터미널),잠실(송파구청),19,102
20250510,강변(동서울터미널),잠실(송파구청),20,90
20250510,강변(동서울터미널),잠실(송파구청),21,44
20250510,강변(동서울터미널),잠실(송파구청),22,31
20250510,강변(동서울터미널),잠실(송파구청),23,10
20250510,강변(동서울터미널),잠실나루,5,10
20250510,강변(동서울터미널),잠실나루,6,3
20250510,강변(동서울터미널),잠실나루,7,10
20250510,강변(동서울터미널),잠실나루,8,20
20250510,강변(동서울터미널),잠실나루,9,16
20250510,강변(동서울터미널),잠실나루,10,18
20250510,강변(동서울터미널),잠실나루,11,31
20250510,강변(동서울터미널),잠실나루,12,16
20250510,강변(동서울터미널),잠실나루,13,20
20250510,강변(동서울터미널),잠실나루,14,22
20250510,강변(동서울터미널),잠실나루,15,25
20250510,강변(동서울터미널),잠실나루,16,31
20250510,강변(동서울터미널),잠실나루,17,30
20250510,강변(동서울터미널),잠실나루,18,18
20250510,강변(동서울터미널),잠실나루,19,16
20250510,강변(동서울터미널),잠실나루,20,21
20250510,강변(동서울터미널),잠실나루,21,11
20250510,강변(동서울터미널),잠실나루,22,13
20250510,강변(동서울터미널),잠실나루,23,2
20250510,강변(동서울터미널),잠실새내,5,4
20250510,강변(동서울터미널),잠실새내,6,6
20250510,강변(동서울터미널),잠실새내,7,10
20250510,강변(동서울터미널),잠실새내,8,35
20250510,강변(동서울터미널),잠실새내,9,33
20250510,강변(동서울터미널),잠실새내,10,45
20250510,강변(동서울터미널),잠실새내,11,55
20250510,강변(동서울터미널),잠실새내,12,38
20250510,강변(동서울터미널),잠실새내,13,35
20250510,강변(동서울터미널),잠실새내,14,46
20250510,강변(동서울터미널),잠실새내,15,41
20250510,강변(동서울터미널),잠실새내,16,37
20250510,강변(동서울터미널),잠실새내,17,30
20250510,강변(동서울터미널),잠실새내,18,41
20250510,강변(동서울터미널),잠실새내,19,19
20250510,강변(동서울터미널),잠실새내,20,28
20250510,강변(동서울터미널),잠실새내,21,12
20250510,강변(동서울터미널),잠실새내,22,13
20250510,강변(동서울터미널),잠실새내,23,16
20250510,강변(동서울터미널),종합운동장,5,1
20250510,강변(동서울터미널),종합운동장,6,13
20250510,강변(동서울터미널),종합운동장,7,12
20250510,강변(동서울터미널),종합운동장,8,4
20250510,강변(동서울터미널),종합운동장,9,10
20250510,강변(동서울터미널),종합운동장,10,9
20250510,강변(동서울터미널),종합운동장,11,14
20250510,강변(동서울터미널),종합운동장,12,8
20250510,강변(동서울터미널),종합운동장,13,22
20250510,강변(동서울터미널),종합운동장,14,19
20250510,강변(동서울터미널),종합운동장,15,63
20250510,강변(동서울터미널),종합운동장,16,102
20250510,강변(동서울터미널),종합운동장,17,17
20250510,강변(동서울터미널),종합운동장,18,10
20250510,강변(동서울터미널),종합운동장,19,2
20250510,강변(동서울터미널),종합운동장,20,1
20250510,강변(동서울터미널),종합운동장,21,2
20250510,강변(동서울터미널),종합운동장,22,2
20250510,강변(동서울터미널),충정로(경기대입구),5,1
20250510,강변(동서울터미널),충정로(경기대입구),6,2
20250510,강변(동서울터미널),충정로(경기대입구),7,1
20250510,강변(동서울터미널),충정로(경기대입구),9,5
20250510,강변(동서울터미널),충정로(경기대입구),10,9
20250510,강변(동서울터미널),충정로(경기대입구),11,6
20250510,강변(동서울터미널),충정로(경기대입구),12,7
20250510,강변(동서울터미널),충정로(경기대입구),13,4
20250510,강변(동서울터미널),충정로(경기대입구),14,1
20250510,강변(동서울터미널),충정로(경기대입구),15,2
20250510,강변(동서울터미널),충정로(경기대입구),16,4
20250510,강변(동서울터미널),충정로(경기대입구),17,1
20250510,강변(동서울터미널),충정로(경기대입구),19,2
20250510,강변(동서울터미널),충정로(경기대입구),20,1
20250510,강변(동서울터미널),충정로(경기대입구),22,1
20250510,강변(동서울터미널),한양대,6,4
20250510,강변(동서울터미널),한양대,7,5
20250510,강변(동서울터미널),한양대,8,22
20250510,강변(동서울터미널),한양대,9,16
20250510,강변(동서울터미널),한양대,10,18
20250510,강변(동서울터미널),한양대,11,13
20250510,강변(동서울터미널),한양대,12,10
20250510,강변(동서울터미널),한양대,13,10
20250510,강변(동서울터미널),한양대,14,14
20250510,강변(동서울터미널),한양대,15,16
20250510,강변(동서울터미널),한양대,16,12
20250510,강변(동서울터미널),한양대,17,3
20250510,강변(동서울터미널),한양대,18,2
20250510,강변(동서울터미널),한양대,19,9
20250510,강변(동서울터미널),한양대,20,3
20250510,강변(동서울터미널),한양대,21,2
20250510,강변(동서울터미널),한양대,23,1
20250510,강변(동서울터미널),합정,5,1
20250510,강변(동서울터미널),합정,6,1
20250510,강변(동서울터미널),합정,7,2
20250510,강변(동서울터미널),합정,8,9
20250510,강변(동서울터미널),합정,9,18
20250510,강변(동서울터미널),합정,10,18
20250510,강변(동서울터미널),합정,11,21
20250510,강변(동서울터미널),합정,12,24
20250510,강변(동서울터미널),합정,13,22
20250510,강변(동서울터미널),합정,14,14
20250510,강변(동서울터미널),합정,15,19
20250510,강변(동서울터미널),합정,16,15
20250510,강변(동서울터미널),합정,17,12
20250510,강변(동서울터미널),합정,18,5
20250510,강변(동서울터미널),합정,19,10
20250510,강변(동서울터미널),합정,20,7
20250510,강변(동서울터미널),합정,21,5
20250510,강변(동서울터미널),합정,22,2
20250510,강변(동서울터미널),홍대입구,5,1
20250510,강변(동서울터미널),홍대입구,6,2
20250510,강변(동서울터미널),홍대입구,7,12
20250510,강변(동서울터미널),홍대입구,8,21
20250510,강변(동서울터미널),홍대입구,9,58
20250510,강변(동서울터미널),홍대입구,10,142
20250510,강변(동서울터미널),홍대입구,11,108
20250510,강변(동서울터미널),홍대입구,12,88
20250510,강변(동서울터미널),홍대입구,13,56
20250510,강변(동서울터미널),홍대입구,14,48
20250510,강변(동서울터미널),홍대입구,15,53
20250510,강변(동서울터미널),홍대입구,16,39
20250510,강변(동서울터미널),홍대입구,17,57
20250510,강변(동서울터미널),홍대입구,18,29
20250510,강변(동서울터미널),홍대입구,19,14
20250510,강변(동서울터미널),홍대입구,20,18
20250510,강변(동서울터미널),홍대입구,21,16
20250510,강변(동서울터미널),홍대입구,22,13
20250510,강변(동서울터미널),홍대입구,23,4
20250510,건대입구,강남,5,12
20250510,건대입구,강남,6,12
20250510,건대입구,강남,7,18
20250510,건대입구,강남,8,75
20250510,건대입구,강남,9,75
20250510,건대입구,강남,10,52
20250510,건대입구,강남,11,38
20250510,건대입구,강남,12,60
20250510,건대입구,강남,13,51
20250510,건대입구,강남,14,66
20250510,건대입구,강남,15,52
20250510,건대입구,강남,16,53
20250510,건대입구,강남,17,103
20250510,건대입구,강남,18,59
20250510,건대입구,강남,19,54
20250510,건대입구,강남,20,62
20250510,건대입구,강남,21,56
20250510,건대입구,강남,22,76
20250510,건대입구,강남,23,23
20250510,건대입구,강변(동서울터미널),5,20
20250510,건대입구,강변(동서울터미널),6,22
20250510,건대입구,강변(동서울터미널),7,25
20250510,건대입구,강변(동서울터미널),8,54
20250510,건대입구,강변(동서울터미널),9,67
20250510,건대입구,강변(동서울터미널),10,56
20250510,건대입구,강변(동서울터미널),11,59
20250510,건대입구,강변(동서울터미널),12,64
20250510,건대입구,강변(동서울터미널),13,71
20250510,건대입구,강변(동서울터미널),14,88
20250510,건대입구,강변(동서울터미널),15,78
20250510,건대입구,강변(동서울터미널),16,99
20250510,건대입구,강변(동서울터미널),17,120
20250510,건대입구,강변(동서울터미널),18,122
20250510,건대입구,강변(동서울터미널),19,109
20250510,건대입구,강변(동서울터미널),20,98
20250510,건대입구,강변(동서울터미널),21,85
20250510,건대입구,강변(동서울터미널),22,69
20250510,건대입구,강변(동서울터미널),23,36
20250510,건대입구,건대입구,0,6
20250510,건대입구,건대입구,4,1
20250510,건대입구,건대입구,5,9
20250510,건대입구,건대입구,6,14
20250510,건대입구,건대입구,7,4
20250510,건대입구,건대입구,8,23
20250510,건대입구,건대입구,9,25
20250510,건대입구,건대입구,10,39
20250510,건대입구,건대입구,11,64
20250510,건대입구,건대입구,12,50
20250510,건대입구,건대입구,13,47
20250510,건대입구,건대입구,14,61
20250510,건대입구,건대입구,15,56
20250510,건대입구,건대입구,16,90
20250510,건대입구,건대입구,17,95
20250510,건대입구,건대입구,18,69
20250510,건대입구,건대입구,19,62
20250510,건대입구,건대입구,20,75
20250510,건대입구,건대입구,21,61
20250510,건대입구,건대입구,22,71
20250510,건대입구,건대입구,23,57
20250510,건대입구,교대(법원.검찰청),5,9
20250510,건대입구,교대(법원.검찰청),6,5
20250510,건대입구,교대(법원.검찰청),7,2
20250510,건대입구,교대(법원.검찰청),8,11
20250510,건대입구,교대(법원.검찰청),9,10
20250510,건대입구,교대(법원.검찰청),10,6
20250510,건대입구,교대(법원.검찰청),11,10
20250510,건대입구,교대(법원.검찰청),12,14
20250510,건대입구,교대(법원.검찰청),13,8
20250510,건대입구,교대(법원.검찰청),14,7
20250510,건대입구,교대(법원.검찰청),15,7
20250510,건대입구,교대(법원.검찰청),16,10
20250510,건대입구,교대(법원.검찰청),17,6
20250510,건대입구,교대(법원.검찰청),18,17
20250510,건대입구,교대(법원.검찰청),19,8
20250510,건대입구,교대(법원.검찰청),20,8
20250510,건대입구,교대(법원.검찰청),21,10
20250510,건대입구,교대(법원.검찰청),22,6
20250510,건대입구,교대(법원.검찰청),23,8
20250510,건대입구,구로디지털단지,5,5
20250510,건대입구,구로디지털단지,6,4
20250510,건대입구,구로디지털단지,7,8
20250510,건대입구,구로디지털단지,8,4
20250510,건대입구,구로디지털단지,9,4
20250510,건대입구,구로디지털단지,10,2
20250510,건대입구,구로디지털단지,11,5
20250510,건대입구,구로디지털단지,12,11
20250510,건대입구,구로디지털단지,13,8
20250510,건대입구,구로디지털단지,14,7
20250510,건대입구,구로디지털단지,15,7
20250510,건대입구,구로디지털단지,16,8
20250510,건대입구,구로디지털단지,17,9
20250510,건대입구,구로디지털단지,18,18
20250510,건대입구,구로디지털단지,19,21
20250510,건대입구,구로디지털단지,20,21
20250510,건대입구,구로디지털단지,21,20
20250510,건대입구,구로디지털단지,22,24
20250510,건대입구,구로디지털단지,23,4
20250510,건대입구,구의(광진구청),5,10
20250510,건대입구,구의(광진구청),6,11
20250510,건대입구,구의(광진구청),7,18
20250510,건대입구,구의(광진구청),8,31
20250510,건대입구,구의(광진구청),9,28
20250510,건대입구,구의(광진구청),10,52
20250510,건대입구,구의(광진구청),11,66
20250510,건대입구,구의(광진구청),12,75
20250510,건대입구,구의(광진구청),13,78
20250510,건대입구,구의(광진구청),14,81
20250510,건대입구,구의(광진구청),15,82
20250510,건대입구,구의(광진구청),16,74
20250510,건대입구,구의(광진구청),17,95
20250510,건대입구,구의(광진구청),18,89
20250510,건대입구,구의(광진구청),19,73
20250510,건대입구,구의(광진구청),20,79
20250510,건대입구,구의(광진구청),21,80
20250510,건대입구,구의(광진구청),22,78
20250510,건대입구,구의(광진구청),23,71
20250510,건대입구,낙성대,5,1
20250510,건대입구,낙성대,6,2
20250510,건대입구,낙성대,7,2
20250510,건대입구,낙성대,8,1
20250510,건대입구,낙성대,9,2
20250510,건대입구,낙성대,10,4
20250510,건대입구,낙성대,11,5
20250510,건대입구,낙성대,12,7
20250510,건대입구,낙성대,13,12
20250510,건대입구,낙성대,14,6
20250510,건대입구,낙성대,15,13
20250510,건대입구,낙성대,16,11
20250510,건대입구,낙성대,17,10
20250510,건대입구,낙성대,18,12
20250510,건대입구,낙성대,19,12
20250510,건대입구,낙성대,20,4
20250510,건대입구,낙성대,21,17
20250510,건대입구,낙성대,22,23
20250510,건대입구,낙성대,23,10
20250510,건대입구,당산,5,1
20250510,건대입구,당산,7,4
20250510,건대입구,당산,8,7
20250510,건대입구,당산,9,5
20250510,건대입구,당산,10,5
20250510,건대입구,당산,11,7
20250510,건대입구,당산,12,6
20250510,건대입구,당산,13,5
20250510,건대입구,당산,14,12
20250510,건대입구,당산,15,6
20250510,건대입구,당산,16,17
20250510,건대입구,당산,17,9
20250510,건대입구,당산,18,8
20250510,건대입구,당산,19,11
20250510,건대입구,당산,20,13
20250510,건대입구,당산,21,16
20250510,건대입구,당산,22,18
20250510,건대입구,당산,23,9
20250510,건대입구,대림(구로구청),5,2
20250510,건대입구,대림(구로구청),6,1
20250510,건대입구,대림(구로구청),10,5
20250510,건대입구,대림(구로구청),11,2
20250510,건대입구,대림(구로구청),12,1
20250510,건대입구,대림(구로구청),13,4
20250510,건대입구,대림(구로구청),14,2
20250510,건대입구,대림(구로구청),15,3
20250510,건대입구,대림(구로구청),16,5
20250510,건대입구,대림(구로구청),17,1
20250510,건대입구,대림(구로구청),18,2
20250510,건대입구,대림(구로구청),19,3
20250510,건대입구,대림(구로구청),20,6
20250510,건대입구,대림(구로구청),21,3
20250510,건대입구,대림(구로구청),22,10
20250510,건대입구,대림(구로구청),23,2
20250510,건대입구,동대문역사문화공원,5,2
20250510,건대입구,동대문역사문화공원,6,8
20250510,건대입구,동대문역사문화공원,7,7
20250510,건대입구,동대문역사문화공원,8,21
20250510,건대입구,동대문역사문화공원,9,22
20250510,건대입구,동대문역사문화공원,10,19
20250510,건대입구,동대문역사문화공원,11,20
20250510,건대입구,동대문역사문화공원,12,25
20250510,건대입구,동대문역사문화공원,13,28
20250510,건대입구,동대문역사문화공원,14,30
20250510,건대입구,동대문역사문화공원,15,42
20250510,건대입구,동대문역사문화공원,16,27
20250510,건대입구,동대문역사문화공원,17,31
20250510,건대입구,동대문역사문화공원,18,24
20250510,건대입구,동대문역사문화공원,19,25
20250510,건대입구,동대문역사문화공원,20,16
20250510,건대입구,동대문역사문화공원,21,20
20250510,건대입구,동대문역사문화공원,22,32
20250510,건대입구,동대문역사문화공원,23,20
20250510,건대입구,뚝섬,5,3
20250510,건대입구,뚝섬,6,8
20250510,건대입구,뚝섬,7,11
20250510,건대입구,뚝섬,8,19
20250510,건대입구,뚝섬,9,39
20250510,건대입구,뚝섬,10,49
20250510,건대입구,뚝섬,11,52
20250510,건대입구,뚝섬,12,71
20250510,건대입구,뚝섬,13,65
20250510,건대입구,뚝섬,14,58
20250510,건대입구,뚝섬,15,55
20250510,건대입구,뚝섬,16,51
20250510,건대입구,뚝섬,17,52
20250510,건대입구,뚝섬,18,54
20250510,건대입구,뚝섬,19,29
20250510,건대입구,뚝섬,20,37
20250510,건대입구,뚝섬,21,30
20250510,건대입구,뚝섬,22,28
20250510,건대입구,뚝섬,23,6
20250510,건대입구,문래,5,1
20250510,건대입구,문래,6,1
20250510,건대입구,문래,7,6
20250510,건대입구,문래,8,3
20250510,건대입구,문래,9,3
20250510,건대입구,문래,10,2
20250510,건대입구,문래,11,6
20250510,건대입구,문래,12,14
20250510,건대입구,문래,13,5
20250510,건대입구,문래,14,7
20250510,건대입구,문래,15,5
20250510,건대입구,문래,16,5
20250510,건대입구,문래,17,8
20250510,건대입구,문래,18,4
20250510,건대입구,문래,19,5
20250510,건대입구,문래,20,7
20250510,건대입구,문래,21,6
20250510,건대입구,문래,22,10
20250510,건대입구,문래,23,3
20250510,건대입구,방배,5,5
20250510,건대입구,방배,6,2
20250510,건대입구,방배,7,1
20250510,건대입구,방배,8,1
20250510,건대입구,방배,9,3
20250510,건대입구,방배,10,1
20250510,건대입구,방배,11,1
20250510,건대입구,방배,12,2
20250510,건대입구,방배,13,6
20250510,건대입구,방배,14,2
20250510,건대입구,방배,15,1
20250510,건대입구,방배,16,2
20250510,건대입구,방배,17,4
20250510,건대입구,방배,18,3
20250510,건대입구,방배,19,4
20250510,건대입구,방배,20,3
20250510,건대입구,방배,21,6
20250510,건대입구,방배,22,4
20250510,건대입구,방배,23,2
20250510,건대입구,봉천,6,1
20250510,건대입구,봉천,7,2
20250510,건대입구,봉천,8,2
20250510,건대입구,봉천,9,4
20250510,건대입구,봉천,10,1
20250510,건대입구,봉천,11,4
20250510,건대입구,봉천,12,4
20250510,건대입구,봉천,13,9
20250510,건대입구,봉천,14,8
20250510,건대입구,봉천,15,7
20250510,건대입구,봉천,16,11
20250510,건대입구,봉천,17,4
20250510,건대입구,봉천,18,4
20250510,건대입구,봉천,19,4
20250510,건대입구,봉천,20,11
20250510,건대입구,봉천,21,14
20250510,건대입구,봉천,22,19
20250510,건대입구,봉천,23,4
20250510,건대입구,사당,5,9
20250510,건대입구,사당,6,8
20250510,건대입구,사당,7,6
20250510,건대입구,사당,8,5
20250510,건대입구,사당,9,8
20250510,건대입구,사당,10,15
20250510,건대입구,사당,11,19
20250510,건대입구,사당,12,12
20250510,건대입구,사당,13,14
20250510,건대입구,사당,14,41
20250510,건대입구,사당,15,26
20250510,건대입구,사당,16,16
20250510,건대입구,사당,17,36
20250510,건대입구,사당,18,32
20250510,건대입구,사당,19,34
20250510,건대입구,사당,20,24
20250510,건대입구,사당,21,53
20250510,건대입구,사당,22,28
20250510,건대입구,사당,23,27
20250510,건대입구,삼성(무역센터),5,5
20250510,건대입구,삼성(무역센터),6,12
20250510,건대입구,삼성(무역센터),7,14
20250510,건대입구,삼성(무역센터),8,35
20250510,건대입구,삼성(무역센터),9,48
20250510,건대입구,삼성(무역센터),10,41
20250510,건대입구,삼성(무역센터),11,36
20250510,건대입구,삼성(무역센터),12,36
20250510,건대입구,삼성(무역센터),13,31
20250510,건대입구,삼성(무역센터),14,39
20250510,건대입구,삼성(무역센터),15,35
20250510,건대입구,삼성(무역센터),16,50
20250510,건대입구,삼성(무역센터),17,25
20250510,건대입구,삼성(무역센터),18,19
20250510,건대입구,삼성(무역센터),19,9
20250510,건대입구,삼성(무역센터),20,8
20250510,건대입구,삼성(무역센터),21,4
20250510,건대입구,삼성(무역센터),22,12
20250510,건대입구,삼성(무역센터),23,23
20250510,건대입구,상왕십리,6,4
20250510,건대입구,상왕십리,7,3
20250510,건대입구,상왕십리,8,12
20250510,건대입구,상왕십리,9,19
20250510,건대입구,상왕십리,10,4
20250510,건대입구,상왕십리,11,13
20250510,건대입구,상왕십리,12,10
20250510,건대입구,상왕십리,13,5
20250510,건대입구,상왕십리,14,19
20250510,건대입구,상왕십리,15,21
20250510,건대입구,상왕십리,16,9
20250510,건대입구,상왕십리,17,27
20250510,건대입구,상왕십리,18,15
20250510,건대입구,상왕십리,19,22
20250510,건대입구,상왕십리,20,23
20250510,건대입구,상왕십리,21,19
20250510,건대입구,상왕십리,22,24
20250510,건대입구,상왕십리,23,15
20250510,건대입구,서울대입구(관악구청),5,5
20250510,건대입구,서울대입구(관악구청),6,1
20250510,건대입구,서울대입구(관악구청),7,6
20250510,건대입구,서울대입구(관악구청),8,7
20250510,건대입구,서울대입구(관악구청),9,5
20250510,건대입구,서울대입구(관악구청),10,4
20250510,건대입구,서울대입구(관악구청),11,6
20250510,건대입구,서울대입구(관악구청),12,11
20250510,건대입구,서울대입구(관악구청),13,10
20250510,건대입구,서울대입구(관악구청),14,17
20250510,건대입구,서울대입구(관악구청),15,16
20250510,건대입구,서울대입구(관악구청),16,15
20250510,건대입구,서울대입구(관악구청),17,11
20250510,건대입구,서울대입구(관악구청),18,10
20250510,건대입구,서울대입구(관악구청),19,11
20250510,건대입구,서울대입구(관악구청),20,19
20250510,건대입구,서울대입구(관악구청),21,19
20250510,건대입구,서울대입구(관악구청),22,37
20250510,건대입구,서울대입구(관악구청),23,28
20250510,건대입구,서초,5,7
20250510,건대입구,서초,6,5
20250510,건대입구,서초,7,6
20250510,건대입구,서초,8,7
20250510,건대입구,서초,9,5
20250510,건대입구,서초,10,6
20250510,건대입구,서초,11,6
20250510,건대입구,서초,12,6
20250510,건대입구,서초,13,9
20250510,건대입구,서초,14,13
20250510,건대입구,서초,15,13
20250510,건대입구,서초,16,5
20250510,건대입구,서초,17,18
20250510,건대입구,서초,18,6
20250510,건대입구,서초,19,1
20250510,건대입구,서초,20,2
20250510,건대입구,서초,21,5
20250510,건대입구,서초,22,8
20250510,건대입구,서초,23,1
20250510,건대입구,선릉,5,5
20250510,건대입구,선릉,6,7
20250510,건대입구,선릉,7,15
20250510,건대입구,선릉,8,22
20250510,건대입구,선릉,9,31
20250510,건대입구,선릉,10,26
20250510,건대입구,선릉,11,15
20250510,건대입구,선릉,12,31
20250510,건대입구,선릉,13,17
20250510,건대입구,선릉,14,26
20250510,건대입구,선릉,15,13
20250510,건대입구,선릉,16,26
20250510,건대입구,선릉,17,23
20250510,건대입구,선릉,18,17
20250510,건대입구,선릉,19,12
20250510,건대입구,선릉,20,6
20250510,건대입구,선릉,21,11
20250510,건대입구,선릉,22,19
20250510,건대입구,선릉,23,5
20250510,건대입구,성수,0,1
20250510,건대입구,성수,5,5
20250510,건대입구,성수,6,10
20250510,건대입구,성수,7,9
20250510,건대입구,성수,8,21
20250510,건대입구,성수,9,57
20250510,건대입구,성수,10,54
20250510,건대입구,성수,11,65
20250510,건대입구,성수,12,108
20250510,건대입구,성수,13,135
20250510,건대입구,성수,14,109
20250510,건대입구,성수,15,165
20250510,건대입구,성수,16,141
20250510,건대입구,성수,17,143
20250510,건대입구,성수,18,107
20250510,건대입구,성수,19,87
20250510,건대입구,성수,20,45
20250510,건대입구,성수,21,30
20250510,건대입구,성수,22,18
20250510,건대입구,성수,23,21
20250510,건대입구,시청,5,1
20250510,건대입구,시청,6,7
20250510,건대입구,시청,7,6
20250510,건대입구,시청,8,12
20250510,건대입구,시청,9,8
20250510,건대입구,시청,10,11
20250510,건대입구,시청,11,6
20250510,건대입구,시청,12,19
20250510,건대입구,시청,13,13
20250510,건대입구,시청,14,16
20250510,건대입구,시청,15,8
20250510,건대입구,시청,16,5
20250510,건대입구,시청,17,17
20250510,건대입구,시청,18,6
20250510,건대입구,시청,19,5
20250510,건대입구,시청,20,2
20250510,건대입구,시청,21,1
20250510,건대입구,시청,22,3
20250510,건대입구,시청,23,10
20250510,건대입구,신당,5,4
20250510,건대입구,신당,6,11
20250510,건대입구,신당,7,8
20250510,건대입구,신당,8,12
20250510,건대입구,신당,9,14
20250510,건대입구,신당,10,7
20250510,건대입구,신당,11,12
20250510,건대입구,신당,12,17
20250510,건대입구,신당,13,18
20250510,건대입구,신당,14,16
20250510,건대입구,신당,15,26
20250510,건대입구,신당,16,33
20250510,건대입구,신당,17,20
20250510,건대입구,신당,18,30
20250510,건대입구,신당,19,25
20250510,건대입구,신당,20,25
20250510,건대입구,신당,21,22
20250510,건대입구,신당,22,17
20250510,건대입구,신당,23,13
20250510,건대입구,신대방,5,1
20250510,건대입구,신대방,6,5
20250510,건대입구,신대방,7,1
20250510,건대입구,신대방,8,1
20250510,건대입구,신대방,10,4
20250510,건대입구,신대방,11,2
20250510,건대입구,신대방,12,1
20250510,건대입구,신대방,13,4
20250510,건대입구,신대방,14,2
20250510,건대입구,신대방,15,3
20250510,건대입구,신대방,16,5
20250510,건대입구,신대방,17,6
20250510,건대입구,신대방,18,12
20250510,건대입구,신대방,19,6
20250510,건대입구,신대방,20,14
20250510,건대입구,신대방,21,9
20250510,건대입구,신대방,22,17
20250510,건대입구,신대방,23,4
20250510,건대입구,신도림,7,2
20250510,건대입구,신도림,8,5
20250510,건대입구,신도림,9,8
20250510,건대입구,신도림,10,7
20250510,건대입구,신도림,11,13
20250510,건대입구,신도림,12,21
20250510,건대입구,신도림,13,11
20250510,건대입구,신도림,14,5
20250510,건대입구,신도림,15,14
20250510,건대입구,신도림,16,15
20250510,건대입구,신도림,17,8
20250510,건대입구,신도림,18,9
20250510,건대입구,신도림,19,8
20250510,건대입구,신도림,20,9
20250510,건대입구,신도림,21,22
20250510,건대입구,신도림,22,17
20250510,건대입구,신도림,23,22
20250510,건대입구,신림,5,7
20250510,건대입구,신림,6,4
20250510,건대입구,신림,7,4
20250510,건대입구,신림,8,4
20250510,건대입구,신림,9,9
20250510,건대입구,신림,10,5
20250510,건대입구,신림,11,12
20250510,건대입구,신림,12,8
20250510,건대입구,신림,13,13
20250510,건대입구,신림,14,17
20250510,건대입구,신림,15,19
20250510,건대입구,신림,16,25
20250510,건대입구,신림,17,30
20250510,건대입구,신림,18,24
20250510,건대입구,신림,19,21
20250510,건대입구,신림,20,25
20250510,건대입구,신림,21,31
20250510,건대입구,신림,22,45
20250510,건대입구,신림,23,9
20250510,건대입구,신촌,5,2
20250510,건대입구,신촌,6,6
20250510,건대입구,신촌,7,10
20250510,건대입구,신촌,8,17
20250510,건대입구,신촌,9,33
20250510,건대입구,신촌,10,18
20250510,건대입구,신촌,11,23
20250510,건대입구,신촌,12,25
20250510,건대입구,신촌,13,24
20250510,건대입구,신촌,14,29
20250510,건대입구,신촌,15,20
20250510,건대입구,신촌,16,28
20250510,건대입구,신촌,17,34
20250510,건대입구,신촌,18,29
20250510,건대입구,신촌,19,32
20250510,건대입구,신촌,20,28
20250510,건대입구,신촌,21,32
20250510,건대입구,신촌,22,24
20250510,건대입구,신촌,23,34
20250510,건대입구,아현,7,1
20250510,건대입구,아현,8,3
20250510,건대입구,아현,9,4
20250510,건대입구,아현,10,1
20250510,건대입구,아현,11,4
20250510,건대입구,아현,12,4
20250510,건대입구,아현,13,9
20250510,건대입구,아현,14,5
20250510,건대입구,아현,15,9
20250510,건대입구,아현,16,4
20250510,건대입구,아현,17,7
20250510,건대입구,아현,18,6
20250510,건대입구,아현,19,8
20250510,건대입구,아현,20,13
20250510,건대입구,아현,21,13
20250510,건대입구,아현,22,7
20250510,건대입구,아현,23,2
20250510,건대입구,역삼,5,4
20250510,건대입구,역삼,6,8
20250510,건대입구,역삼,7,9
20250510,건대입구,역삼,8,24
20250510,건대입구,역삼,9,30
20250510,건대입구,역삼,10,12
20250510,건대입구,역삼,11,15
20250510,건대입구,역삼,12,17
20250510,건대입구,역삼,13,18
20250510,건대입구,역삼,14,15
20250510,건대입구,역삼,15,21
20250510,건대입구,역삼,16,19
20250510,건대입구,역삼,17,25
20250510,건대입구,역삼,18,15
20250510,건대입구,역삼,19,9
20250510,건대입구,역삼,20,9
20250510,건대입구,역삼,21,7
20250510,건대입구,역삼,22,14
20250510,건대입구,역삼,23,5
20250510,건대입구,영등포구청,6,1
20250510,건대입구,영등포구청,7,2
20250510,건대입구,영등포구청,8,3
20250510,건대입구,영등포구청,9,3
20250510,건대입구,영등포구청,10,5
20250510,건대입구,영등포구청,11,1
20250510,건대입구,영등포구청,12,2
20250510,건대입구,영등포구청,13,4
20250510,건대입구,영등포구청,14,3
20250510,건대입구,영등포구청,15,7
20250510,건대입구,영등포구청,16,2
20250510,건대입구,영등포구청,17,5
20250510,건대입구,영등포구청,18,3
20250510,건대입구,영등포구청,19,6
20250510,건대입구,영등포구청,20,10
20250510,건대입구,영등포구청,21,7
20250510,건대입구,영등포구청,22,2
20250510,건대입구,영등포구청,23,3
20250510,건대입구,왕십리(성동구청),5,3
20250510,건대입구,왕십리(성동구청),6,2
20250510,건대입구,왕십리(성동구청),7,7
20250510,건대입구,왕십리(성동구청),8,13
20250510,건대입구,왕십리(성동구청),9,28
20250510,건대입구,왕십리(성동구청),10,17
20250510,건대입구,왕십리(성동구청),11,14
20250510,건대입구,왕십리(성동구청),12,19
20250510,건대입구,왕십리(성동구청),13,23
20250510,건대입구,왕십리(성동구청),14,25
20250510,건대입구,왕십리(성동구청),15,30
20250510,건대입구,왕십리(성동구청),16,31
20250510,건대입구,왕십리(성동구청),17,31
20250510,건대입구,왕십리(성동구청),18,27
20250510,건대입구,왕십리(성동구청),19,27
20250510,건대입구,왕십리(성동구청),20,17
20250510,건대입구,왕십리(성동구청),21,22
20250510,건대입구,왕십리(성동구청),22,16
20250510,건대입구,왕십리(성동구청),23,23
20250510,건대입구,용두(동대문구청),5,1
20250510,건대입구,용두(동대문구청),6,1
20250510,건대입구,용두(동대문구청),7,2
20250510,건대입구,용두(동대문구청),8,5
20250510,건대입구,용두(동대문구청),9,2
20250510,건대입구,용두(동대문구청),10,3
20250510,건대입구,용두(동대문구청),11,5
20250510,건대입구,용두(동대문구청),12,6
20250510,건대입구,용두(동대문구청),13,4
20250510,건대입구,용두(동대문구청),14,11
20250510,건대입구,용두(동대문구청),15,6
20250510,건대입구,용두(동대문구청),16,8
20250510,건대입구,용두(동대문구청),17,11
20250510,건대입구,용두(동대문구청),18,2
20250510,건대입구,용두(동대문구청),19,4
20250510,건대입구,용두(동대문구청),20,4
20250510,건대입구,용두(동대문구청),21,8
20250510,건대입구,용두(동대문구청),22,7
20250510,건대입구,용두(동대문구청),23,2
20250510,건대입구,을지로3가,5,2
20250510,건대입구,을지로3가,6,5
20250510,건대입구,을지로3가,7,7
20250510,건대입구,을지로3가,8,17
20250510,건대입구,을지로3가,9,11
20250510,건대입구,을지로3가,10,12
20250510,건대입구,을지로3가,11,13
20250510,건대입구,을지로3가,12,20
20250510,건대입구,을지로3가,13,11
20250510,건대입구,을지로3가,14,22
20250510,건대입구,을지로3가,15,21
20250510,건대입구,을지로3가,16,21
20250510,건대입구,을지로3가,17,26
20250510,건대입구,을지로3가,18,14
20250510,건대입구,을지로3가,19,16
20250510,건대입구,을지로3가,20,10
20250510,건대입구,을지로3가,21,9
20250510,건대입구,을지로3가,22,7
20250510,건대입구,을지로3가,23,4
20250510,건대입구,을지로4가,5,6
20250510,건대입구,을지로4가,6,6
20250510,건대입구,을지로4가,7,9
20250510,건대입구,을지로4가,8,18
20250510,건대입구,을지로4가,9,9
20250510,건대입구,을지로4가,10,17
20250510,건대입구,을지로4가,11,11
20250510,건대입구,을지로4가,12,16
20250510,건대입구,을지로4가,13,8
20250510,건대입구,을지로4가,14,15
20250510,건대입구,을지로4가,15,9
20250510,건대입구,을지로4가,16,13
20250510,건대입구,을지로4가,17,13
20250510,건대입구,을지로4가,18,12
20250510,건대입구,을지로4가,19,16
20250510,건대입구,을지로4가,20,4
20250510,건대입구,을지로4가,21,6
20250510,건대입구,을지로4가,22,8
20250510,건대입구,을지로4가,23,5
20250510,건대입구,을지로입구,5,8
20250510,건대입구,을지로입구,6,8
20250510,건대입구,을지로입구,7,19
20250510,건대입구,을지로입구,8,49
20250510,건대입구,을지로입구,9,50
20250510,건대입구,을지로입구,10,43
20250510,건대입구,을지로입구,11,49
20250510,건대입구,을지로입구,12,42
20250510,건대입구,을지로입구,13,35
20250510,건대입구,을지로입구,14,33
20250510,건대입구,을지로입구,15,24
20250510,건대입구,을지로입구,16,46
20250510,건대입구,을지로입구,17,30
20250510,건대입구,을지로입구,18,20
20250510,건대입구,을지로입구,19,19
20250510,건대입구,을지로입구,20,15
20250510,건대입구,을지로입구,21,10
20250510,건대입구,을지로입구,22,9
20250510,건대입구,을지로입구,23,10
20250510,건대입구,이대,6,1
20250510,건대입구,이대,7,2
20250510,건대입구,이대,8,3
20250510,건대입구,이대,9,5
20250510,건대입구,이대,10,4
20250510,건대입구,이대,11,15
20250510,건대입구,이대,12,6
20250510,건대입구,이대,13,7
20250510,건대입구,이대,14,16
20250510,건대입구,이대,15,14
20250510,건대입구,이대,16,10
20250510,건대입구,이대,17,11
20250510,건대입구,이대,18,7
20250510,건대입구,이대,19,6
20250510,건대입구,이대,20,11
20250510,건대입구,이대,21,18
20250510,건대입구,이대,22,11
20250510,건대입구,이대,23,14
20250510,건대입구,잠실(송파구청),5,26
20250510,건대입구,잠실(송파구청),6,45
20250510,건대입구,잠실(송파구청),7,39
20250510,건대입구,잠실(송파구청),8,80
20250510,건대입구,잠실(송파구청),9,74
20250510,건대입구,잠실(송파구청),10,106
20250510,건대입구,잠실(송파구청),11,98
20250510,건대입구,잠실(송파구청),12,146
20250510,건대입구,잠실(송파구청),13,176
20250510,건대입구,잠실(송파구청),14,154
20250510,건대입구,잠실(송파구청),15,176
20250510,건대입구,잠실(송파구청),16,174
20250510,건대입구,잠실(송파구청),17,193
20250510,건대입구,잠실(송파구청),18,155
20250510,건대입구,잠실(송파구청),19,178
20250510,건대입구,잠실(송파구청),20,155
20250510,건대입구,잠실(송파구청),21,138
20250510,건대입구,잠실(송파구청),22,177
20250510,건대입구,잠실(송파구청),23,115
20250510,건대입구,잠실나루,5,14
20250510,건대입구,잠실나루,6,9
20250510,건대입구,잠실나루,7,12
20250510,건대입구,잠실나루,8,9
20250510,건대입구,잠실나루,9,14
20250510,건대입구,잠실나루,10,6
20250510,건대입구,잠실나루,11,6
20250510,건대입구,잠실나루,12,11
20250510,건대입구,잠실나루,13,8
20250510,건대입구,잠실나루,14,12
20250510,건대입구,잠실나루,15,9
20250510,건대입구,잠실나루,16,19
20250510,건대입구,잠실나루,17,15
20250510,건대입구,잠실나루,18,20
20250510,건대입구,잠실나루,19,9
20250510,건대입구,잠실나루,20,18
20250510,건대입구,잠실나루,21,12
20250510,건대입구,잠실나루,22,10
20250510,건대입구,잠실나루,23,17
20250510,건대입구,잠실새내,5,3
20250510,건대입구,잠실새내,6,6
20250510,건대입구,잠실새내,7,10
20250510,건대입구,잠실새내,8,22
20250510,건대입구,잠실새내,9,38
20250510,건대입구,잠실새내,10,19
20250510,건대입구,잠실새내,11,19
20250510,건대입구,잠실새내,12,23
20250510,건대입구,잠실새내,13,20
20250510,건대입구,잠실새내,14,36
20250510,건대입구,잠실새내,15,47
20250510,건대입구,잠실새내,16,44
20250510,건대입구,잠실새내,17,27
20250510,건대입구,잠실새내,18,26
20250510,건대입구,잠실새내,19,45
20250510,건대입구,잠실새내,20,33
20250510,건대입구,잠실새내,21,18
20250510,건대입구,잠실새내,22,22
20250510,건대입구,잠실새내,23,17
20250510,건대입구,종합운동장,5,1
20250510,건대입구,종합운동장,6,8
20250510,건대입구,종합운동장,7,2
20250510,건대입구,종합운동장,8,8
20250510,건대입구,종합운동장,9,6
20250510,건대입구,종합운동장,10,10
20250510,건대입구,종합운동장,11,9
20250510,건대입구,종합운동장,12,11
20250510,건대입구,종합운동장,13,18
20250510,건대입구,종합운동장,14,14
20250510,건대입구,종합운동장,15,67
20250510,건대입구,종합운동장,16,82
20250510,건대입구,종합운동장,17,20
20250510,건대입구,종합운동장,18,10
20250510,건대입구,종합운동장,19,8
20250510,건대입구,종합운동장,20,12
20250510,건대입구,종합운동장,21,1
20250510,건대입구,종합운동장,22,9
20250510,건대입구,종합운동장,23,3
20250510,건대입구,충정로(경기대입구),6,2
20250510,건대입구,충정로(경기대입구),7,1
20250510,건대입구,충정로(경기대입구),8,3
20250510,건대입구,충정로(경기대입구),10,2
20250510,건대입구,충정로(경기대입구),11,1
20250510,건대입구,충정로(경기대입구),12,7
20250510,건대입구,충정로(경기대입구),13,5
20250510,건대입구,충정로(경기대입구),14,4
20250510,건대입구,충정로(경기대입구),15,18
20250510,건대입구,충정로(경기대입구),16,2
20250510,건대입구,충정로(경기대입구),17,6
20250510,건대입구,충정로(경기대입구),18,6
20250510,건대입구,충정로(경기대입구),20,10
20250510,건대입구,충정로(경기대입구),21,16
20250510,건대입구,충정로(경기대입구),22,6
20250510,건대입구,충정로(경기대입구),23,4
20250510,건대입구,한양대,5,1
20250510,건대입구,한양대,7,2
20250510,건대입구,한양대,8,24
20250510,건대입구,한양대,9,13
20250510,건대입구,한양대,10,13
20250510,건대입구,한양대,11,19
20250510,건대입구,한양대,12,17
20250510,건대입구,한양대,13,22
20250510,건대입구,한양대,14,15
20250510,건대입구,한양대,15,31
20250510,건대입구,한양대,16,10
20250510,건대입구,한양대,17,15
20250510,건대입구,한양대,18,28
20250510,건대입구,한양대,19,13
20250510,건대입구,한양대,20,15
20250510,건대입구,한양대,21,15
20250510,건대입구,한양대,22,14
20250510,건대입구,한양대,23,14
20250510,건대입구,합정,5,4
20250510,건대입구,합정,7,2
20250510,건대입구,합정,8,6
20250510,건대입구,합정,9,15
20250510,건대입구,합정,10,7
20250510,건대입구,합정,11,11
20250510,건대입구,합정,12,30
20250510,건대입구,합정,13,14
20250510,건대입구,합정,14,27
20250510,건대입구,합정,15,30
20250510,건대입구,합정,16,40
20250510,건대입구,합정,17,17
20250510,건대입구,합정,18,23
20250510,건대입구,합정,19,13
20250510,건대입구,합정,20,9
20250510,건대입구,합정,21,22
20250510,건대입구,합정,22,18
20250510,건대입구,합정,23,16
20250510,건대입구,홍대입구,5,3
20250510,건대입구,홍대입구,6,11
20250510,건대입구,홍대입구,7,8
20250510,건대입구,홍대입구,8,18
20250510,건대입구,홍대입구,9,30
20250510,건대입구,홍대입구,10,41
20250510,건대입구,홍대입구,11,49
20250510,건대입구,홍대입구,12,58
20250510,건대입구,홍대입구,13,97
20250510,건대입구,홍대입구,14,65
20250510,건대입구,홍대입구,15,108
20250510,건대입구,홍대입구,16,98
20250510,건대입구,홍대입구,17,75
20250510,건대입구,홍대입구,18,79
20250510,건대입구,홍대입구,19,66
20250510,건대입구,홍대입구,20,37
20250510,건대입구,홍대입구,21,74
20250510,건대입구,홍대입구,22,78
20250510,건대입구,홍대입구,23,73
20250510,교대(법원.검찰청),강남,5,1
20250510,교대(법원.검찰청),강남,6,7
20250510,교대(법원.검찰청),강남,7,9
20250510,교대(법원.검찰청),강남,8,20
20250510,교대(법원.검찰청),강남,9,43
20250510,교대(법원.검찰청),강남,10,58
20250510,교대(법원.검찰청),강남,11,68
20250510,교대(법원.검찰청),강남,12,93
20250510,교대(법원.검찰청),강남,13,92
20250510,교대(법원.검찰청),강남,14,63
20250510,교대(법원.검찰청),강남,15,72
20250510,교대(법원.검찰청),강남,16,70
20250510,교대(법원.검찰청),강남,17,75
20250510,교대(법원.검찰청),강남,18,127
20250510,교대(법원.검찰청),강남,19,66
20250510,교대(법원.검찰청),강남,20,55
20250510,교대(법원.검찰청),강남,21,51
20250510,교대(법원.검찰청),강남,22,27
20250510,교대(법원.검찰청),강남,23,8
20250510,교대(법원.검찰청),강변(동서울터미널),5,2
20250510,교대(법원.검찰청),강변(동서울터미널),6,7
20250510,교대(법원.검찰청),강변(동서울터미널),7,4
20250510,교대(법원.검찰청),강변(동서울터미널),8,6
20250510,교대(법원.검찰청),강변(동서울터미널),9,9
20250510,교대(법원.검찰청),강변(동서울터미널),10,7
20250510,교대(법원.검찰청),강변(동서울터미널),11,10
20250510,교대(법원.검찰청),강변(동서울터미널),12,10
20250510,교대(법원.검찰청),강변(동서울터미널),13,15
20250510,교대(법원.검찰청),강변(동서울터미널),14,13
20250510,교대(법원.검찰청),강변(동서울터미널),15,13
20250510,교대(법원.검찰청),강변(동서울터미널),16,27
20250510,교대(법원.검찰청),강변(동서울터미널),17,27
20250510,교대(법원.검찰청),강변(동서울터미널),18,11
20250510,교대(법원.검찰청),강변(동서울터미널),19,20
20250510,교대(법원.검찰청),강변(동서울터미널),20,11
20250510,교대(법원.검찰청),강변(동서울터미널),21,8
20250510,교대(법원.검찰청),강변(동서울터미널),22,14
20250510,교대(법원.검찰청),강변(동서울터미널),23,3
20250510,교대(법원.검찰청),건대입구,6,2
20250510,교대(법원.검찰청),건대입구,7,2
20250510,교대(법원.검찰청),건대입구,8,3
20250510,교대(법원.검찰청),건대입구,9,10
20250510,교대(법원.검찰청),건대입구,10,6
20250510,교대(법원.검찰청),건대입구,11,11
20250510,교대(법원.검찰청),건대입구,12,17
20250510,교대(법원.검찰청),건대입구,13,11
20250510,교대(법원.검찰청),건대입구,14,14
20250510,교대(법원.검찰청),건대입구,15,16
20250510,교대(법원.검찰청),건대입구,16,16
20250510,교대(법원.검찰청),건대입구,17,17
20250510,교대(법원.검찰청),건대입구,18,20
20250510,교대(법원.검찰청),건대입구,19,9
20250510,교대(법원.검찰청),건대입구,20,13
20250510,교대(법원.검찰청),건대입구,21,15
20250510,교대(법원.검찰청),건대입구,22,10
20250510,교대(법원.검찰청),건대입구,23,6
20250510,교대(법원.검찰청),교대(법원.검찰청),5,1
20250510,교대(법원.검찰청),교대(법원.검찰청),6,5
20250510,교대(법원.검찰청),교대(법원.검찰청),8,7
20250510,교대(법원.검찰청),교대(법원.검찰청),9,5
20250510,교대(법원.검찰청),교대(법원.검찰청),10,17
20250510,교대(법원.검찰청),교대(법원.검찰청),11,15
20250510,교대(법원.검찰청),교대(법원.검찰청),12,32
20250510,교대(법원.검찰청),교대(법원.검찰청),13,12
20250510,교대(법원.검찰청),교대(법원.검찰청),14,22
20250510,교대(법원.검찰청),교대(법원.검찰청),15,25
20250510,교대(법원.검찰청),교대(법원.검찰청),16,16
20250510,교대(법원.검찰청),교대(법원.검찰청),17,18
20250510,교대(법원.검찰청),교대(법원.검찰청),18,21
20250510,교대(법원.검찰청),교대(법원.검찰청),19,7
20250510,교대(법원.검찰청),교대(법원.검찰청),20,13
20250510,교대(법원.검찰청),교대(법원.검찰청),21,9
20250510,교대(법원.검찰청),교대(법원.검찰청),22,7
20250510,교대(법원.검찰청),교대(법원.검찰청),23,7
20250510,교대(법원.검찰청),구로디지털단지,5,1
20250510,교대(법원.검찰청),구로디지털단지,6,5
20250510,교대(법원.검찰청),구로디지털단지,7,7
20250510,교대(법원.검찰청),구로디지털단지,8,12
20250510,교대(법원.검찰청),구로디지털단지,9,8
20250510,교대(법원.검찰청),구로디지털단지,10,12
20250510,교대(법원.검찰청),구로디지털단지,11,16
20250510,교대(법원.검찰청),구로디지털단지,12,18
20250510,교대(법원.검찰청),구로디지털단지,13,22
20250510,교대(법원.검찰청),구로디지털단지,14,31
20250510,교대(법원.검찰청),구로디지털단지,15,25
20250510,교대(법원.검찰청),구로디지털단지,16,21
20250510,교대(법원.검찰청),구로디지털단지,17,32
20250510,교대(법원.검찰청),구로디지털단지,18,18
20250510,교대(법원.검찰청),구로디지털단지,19,25
20250510,교대(법원.검찰청),구로디지털단지,20,36
20250510,교대(법원.검찰청),구로디지털단지,21,47
20250510,교대(법원.검찰청),구로디지털단지,22,29
20250510,교대(법원.검찰청),구로디지털단지,23,13
20250510,교대(법원.검찰청),구의(광진구청),5,1
20250510,교대(법원.검찰청),구의(광진구청),6,6
20250510,교대(법원.검찰청),구의(광진구청),7,1
20250510,교대(법원.검찰청),구의(광진구청),8,2
20250510,교대(법원.검찰청),구의(광진구청),9,6
20250510,교대(법원.검찰청),구의(광진구청),10,4
20250510,교대(법원.검찰청),구의(광진구청),11,5
20250510,교대(법원.검찰청),구의(광진구청),12,8
20250510,교대(법원.검찰청),구의(광진구청),13,10
20250510,교대(법원.검찰청),구의(광진구청),14,10
20250510,교대(법원.검찰청),구의(광진구청),15,14
20250510,교대(법원.검찰청),구의(광진구청),16,16
20250510,교대(법원.검찰청),구의(광진구청),17,15
20250510,교대(법원.검찰청),구의(광진구청),18,15
20250510,교대(법원.검찰청),구의(광진구청),19,13
20250510,교대(법원.검찰청),구의(광진구청),20,17
20250510,교대(법원.검찰청),구의(광진구청),21,14
20250510,교대(법원.검찰청),구의(광진구청),22,9
20250510,교대(법원.검찰청),구의(광진구청),23,5
20250510,교대(법원.검찰청),낙성대,5,2
20250510,교대(법원.검찰청),낙성대,6,11
20250510,교대(법원.검찰청),낙성대,7,4
20250510,교대(법원.검찰청),낙성대,8,6
20250510,교대(법원.검찰청),낙성대,9,7
20250510,교대(법원.검찰청),낙성대,10,11
20250510,교대(법원.검찰청),낙성대,11,16
20250510,교대(법원.검찰청),낙성대,12,17
20250510,교대(법원.검찰청),낙성대,13,15
20250510,교대(법원.검찰청),낙성대,14,30
20250510,교대(법원.검찰청),낙성대,15,34
20250510,교대(법원.검찰청),낙성대,16,26
20250510,교대(법원.검찰청),낙성대,17,38
20250510,교대(법원.검찰청),낙성대,18,24
20250510,교대(법원.검찰청),낙성대,19,30
20250510,교대(법원.검찰청),낙성대,20,33
20250510,교대(법원.검찰청),낙성대,21,19
20250510,교대(법원.검찰청),낙성대,22,22
20250510,교대(법원.검찰청),낙성대,23,16
20250510,교대(법원.검찰청),당산,7,1
20250510,교대(법원.검찰청),당산,8,1
20250510,교대(법원.검찰청),당산,9,1
20250510,교대(법원.검찰청),당산,10,1
20250510,교대(법원.검찰청),당산,11,3
20250510,교대(법원.검찰청),당산,12,3
20250510,교대(법원.검찰청),당산,13,9
20250510,교대(법원.검찰청),당산,14,4
20250510,교대(법원.검찰청),당산,15,5
20250510,교대(법원.검찰청),당산,16,6
20250510,교대(법원.검찰청),당산,17,2
20250510,교대(법원.검찰청),당산,18,5
20250510,교대(법원.검찰청),당산,19,2
20250510,교대(법원.검찰청),당산,20,4
20250510,교대(법원.검찰청),당산,21,4
20250510,교대(법원.검찰청),대림(구로구청),6,4
20250510,교대(법원.검찰청),대림(구로구청),7,3
20250510,교대(법원.검찰청),대림(구로구청),8,6
20250510,교대(법원.검찰청),대림(구로구청),9,5
20250510,교대(법원.검찰청),대림(구로구청),10,5
20250510,교대(법원.검찰청),대림(구로구청),11,6
20250510,교대(법원.검찰청),대림(구로구청),12,10
20250510,교대(법원.검찰청),대림(구로구청),13,14
20250510,교대(법원.검찰청),대림(구로구청),14,14
20250510,교대(법원.검찰청),대림(구로구청),15,12
20250510,교대(법원.검찰청),대림(구로구청),16,14
20250510,교대(법원.검찰청),대림(구로구청),17,11
20250510,교대(법원.검찰청),대림(구로구청),18,12
20250510,교대(법원.검찰청),대림(구로구청),19,7
20250510,교대(법원.검찰청),대림(구로구청),20,24
20250510,교대(법원.검찰청),대림(구로구청),21,30
20250510,교대(법원.검찰청),대림(구로구청),22,15
20250510,교대(법원.검찰청),대림(구로구청),23,4
20250510,교대(법원.검찰청),동대문역사문화공원,7,1
20250510,교대(법원.검찰청),동대문역사문화공원,10,2
20250510,교대(법원.검찰청),동대문역사문화공원,11,2
20250510,교대(법원.검찰청),동대문역사문화공원,13,2
20250510,교대(법원.검찰청),동대문역사문화공원,14,2
20250510,교대(법원.검찰청),동대문역사문화공원,15,2
20250510,교대(법원.검찰청),뚝섬,7,2
20250510,교대(법원.검찰청),뚝섬,9,2
20250510,교대(법원.검찰청),뚝섬,10,3
20250510,교대(법원.검찰청),뚝섬,11,5
20250510,교대(법원.검찰청),뚝섬,12,8
20250510,교대(법원.검찰청),뚝섬,13,4
20250510,교대(법원.검찰청),뚝섬,14,3
20250510,교대(법원.검찰청),뚝섬,15,4
20250510,교대(법원.검찰청),뚝섬,16,6
20250510,교대(법원.검찰청),뚝섬,17,7
20250510,교대(법원.검찰청),뚝섬,18,6
20250510,교대(법원.검찰청),뚝섬,19,2
20250510,교대(법원.검찰청),뚝섬,20,3
20250510,교대(법원.검찰청),뚝섬,21,1
20250510,교대(법원.검찰청),뚝섬,22,2
20250510,교대(법원.검찰청),문래,7,2
20250510,교대(법원.검찰청),문래,8,2
20250510,교대(법원.검찰청),문래,9,2
20250510,교대(법원.검찰청),문래,10,4
20250510,교대(법원.검찰청),문래,11,2
20250510,교대(법원.검찰청),문래,12,10
20250510,교대(법원.검찰청),문래,13,10
20250510,교대(법원.검찰청),문래,14,8
20250510,교대(법원.검찰청),문래,15,7
20250510,교대(법원.검찰청),문래,16,4
20250510,교대(법원.검찰청),문래,17,6
20250510,교대(법원.검찰청),문래,18,12
20250510,교대(법원.검찰청),문래,19,11
20250510,교대(법원.검찰청),문래,20,6
20250510,교대(법원.검찰청),문래,21,9
20250510,교대(법원.검찰청),문래,22,2
20250510,교대(법원.검찰청),문래,23,2
20250510,교대(법원.검찰청),방배,5,3
20250510,교대(법원.검찰청),방배,6,3
20250510,교대(법원.검찰청),방배,7,1
20250510,교대(법원.검찰청),방배,8,11
20250510,교대(법원.검찰청),방배,9,20
20250510,교대(법원.검찰청),방배,10,9
20250510,교대(법원.검찰청),방배,11,18
20250510,교대(법원.검찰청),방배,12,27
20250510,교대(법원.검찰청),방배,13,32
20250510,교대(법원.검찰청),방배,14,18
20250510,교대(법원.검찰청),방배,15,26
20250510,교대(법원.검찰청),방배,16,27
20250510,교대(법원.검찰청),방배,17,32
20250510,교대(법원.검찰청),방배,18,17
20250510,교대(법원.검찰청),방배,19,22
20250510,교대(법원.검찰청),방배,20,24
20250510,교대(법원.검찰청),방배,21,12
20250510,교대(법원.검찰청),방배,22,13
20250510,교대(법원.검찰청),방배,23,12
20250510,교대(법원.검찰청),봉천,5,3
20250510,교대(법원.검찰청),봉천,6,2
20250510,교대(법원.검찰청),봉천,7,2
20250510,교대(법원.검찰청),봉천,8,7
20250510,교대(법원.검찰청),봉천,9,5
20250510,교대(법원.검찰청),봉천,10,5
20250510,교대(법원.검찰청),봉천,11,21
20250510,교대(법원.검찰청),봉천,12,9
20250510,교대(법원.검찰청),봉천,13,17
20250510,교대(법원.검찰청),봉천,14,12
20250510,교대(법원.검찰청),봉천,15,17
20250510,교대(법원.검찰청),봉천,16,19
20250510,교대(법원.검찰청),봉천,17,24
20250510,교대(법원.검찰청),봉천,18,28
20250510,교대(법원.검찰청),봉천,19,18
20250510,교대(법원.검찰청),봉천,20,24
20250510,교대(법원.검찰청),봉천,21,17
20250510,교대(법원.검찰청),봉천,22,14
20250510,교대(법원.검찰청),봉천,23,11
20250510,교대(법원.검찰청),사당,5,2
20250510,교대(법원.검찰청),사당,6,14
20250510,교대(법원.검찰청),사당,7,13
20250510,교대(법원.검찰청),사당,8,9
20250510,교대(법원.검찰청),사당,9,27
20250510,교대(법원.검찰청),사당,10,36
20250510,교대(법원.검찰청),사당,11,35
20250510,교대(법원.검찰청),사당,12,39
20250510,교대(법원.검찰청),사당,13,63
20250510,교대(법원.검찰청),사당,14,62
20250510,교대(법원.검찰청),사당,15,59
20250510,교대(법원.검찰청),사당,16,61
20250510,교대(법원.검찰청),사당,17,64
20250510,교대(법원.검찰청),사당,18,52
20250510,교대(법원.검찰청),사당,19,52
20250510,교대(법원.검찰청),사당,20,49
20250510,교대(법원.검찰청),사당,21,51
20250510,교대(법원.검찰청),사당,22,52
20250510,교대(법원.검찰청),사당,23,17
20250510,교대(법원.검찰청),삼성(무역센터),5,5
20250510,교대(법원.검찰청),삼성(무역센터),6,10
20250510,교대(법원.검찰청),삼성(무역센터),7,6
20250510,교대(법원.검찰청),삼성(무역센터),8,20
20250510,교대(법원.검찰청),삼성(무역센터),9,32
20250510,교대(법원.검찰청),삼성(무역센터),10,55
20250510,교대(법원.검찰청),삼성(무역센터),11,38
20250510,교대(법원.검찰청),삼성(무역센터),12,48
20250510,교대(법원.검찰청),삼성(무역센터),13,60
20250510,교대(법원.검찰청),삼성(무역센터),14,41
20250510,교대(법원.검찰청),삼성(무역센터),15,57
20250510,교대(법원.검찰청),삼성(무역센터),16,51
20250510,교대(법원.검찰청),삼성(무역센터),17,39
20250510,교대(법원.검찰청),삼성(무역센터),18,30
20250510,교대(법원.검찰청),삼성(무역센터),19,23
20250510,교대(법원.검찰청),삼성(무역센터),20,9
20250510,교대(법원.검찰청),삼성(무역센터),21,11
20250510,교대(법원.검찰청),삼성(무역센터),22,4
20250510,교대(법원.검찰청),삼성(무역센터),23,5
20250510,교대(법원.검찰청),상왕십리,7,2
20250510,교대(법원.검찰청),상왕십리,8,3
20250510,교대(법원.검찰청),상왕십리,9,1
20250510,교대(법원.검찰청),상왕십리,10,1
20250510,교대(법원.검찰청),상왕십리,11,2
20250510,교대(법원.검찰청),상왕십리,12,4
20250510,교대(법원.검찰청),상왕십리,13,4
20250510,교대(법원.검찰청),상왕십리,14,1
20250510,교대(법원.검찰청),상왕십리,15,7
20250510,교대(법원.검찰청),상왕십리,16,2
20250510,교대(법원.검찰청),상왕십리,17,1
20250510,교대(법원.검찰청),상왕십리,18,2
20250510,교대(법원.검찰청),상왕십리,19,1
20250510,교대(법원.검찰청),상왕십리,20,1
20250510,교대(법원.검찰청),상왕십리,21,2
20250510,교대(법원.검찰청),상왕십리,22,3
20250510,교대(법원.검찰청),상왕십리,23,1
20250510,교대(법원.검찰청),서울대입구(관악구청),5,2
20250510,교대(법원.검찰청),서울대입구(관악구청),6,12
20250510,교대(법원.검찰청),서울대입구(관악구청),7,10
20250510,교대(법원.검찰청),서울대입구(관악구청),8,21
20250510,교대(법원.검찰청),서울대입구(관악구청),9,28
20250510,교대(법원.검찰청),서울대입구(관악구청),10,19
20250510,교대(법원.검찰청),서울대입구(관악구청),11,21
20250510,교대(법원.검찰청),서울대입구(관악구청),12,31
20250510,교대(법원.검찰청),서울대입구(관악구청),13,50
20250510,교대(법원.검찰청),서울대입구(관악구청),14,32
20250510,교대(법원.검찰청),서울대입구(관악구청),15,37
20250510,교대(법원.검찰청),서울대입구(관악구청),16,43
20250510,교대(법원.검찰청),서울대입구(관악구청),17,42
20250510,교대(법원.검찰청),서울대입구(관악구청),18,49
20250510,교대(법원.검찰청),서울대입구(관악구청),19,42
20250510,교대(법원.검찰청),서울대입구(관악구청),20,52
20250510,교대(법원.검찰청),서울대입구(관악구청),21,55
20250510,교대(법원.검찰청),서울대입구(관악구청),22,46
20250510,교대(법원.검찰청),서울대입구(관악구청),23,22
20250510,교대(법원.검찰청),서초,5,9
20250510,교대(법원.검찰청),서초,6,15
20250510,교대(법원.검찰청),서초,7,9
20250510,교대(법원.검찰청),서초,8,13
20250510,교대(법원.검찰청),서초,9,10
20250510,교대(법원.검찰청),서초,10,20
20250510,교대(법원.검찰청),서초,11,18
20250510,교대(법원.검찰청),서초,12,28
20250510,교대(법원.검찰청),서초,13,32
20250510,교대(법원.검찰청),서초,14,45
20250510,교대(법원.검찰청),서초,15,58
20250510,교대(법원.검찰청),서초,16,38
20250510,교대(법원.검찰청),서초,17,36
20250510,교대(법원.검찰청),서초,18,23
20250510,교대(법원.검찰청),서초,19,16
20250510,교대(법원.검찰청),서초,20,8
20250510,교대(법원.검찰청),서초,21,5
20250510,교대(법원.검찰청),서초,22,4
20250510,교대(법원.검찰청),서초,23,2
20250510,교대(법원.검찰청),선릉,5,2
20250510,교대(법원.검찰청),선릉,6,10
20250510,교대(법원.검찰청),선릉,7,11
20250510,교대(법원.검찰청),선릉,8,16
20250510,교대(법원.검찰청),선릉,9,32
20250510,교대(법원.검찰청),선릉,10,24
20250510,교대(법원.검찰청),선릉,11,29
20250510,교대(법원.검찰청),선릉,12,32
20250510,교대(법원.검찰청),선릉,13,36
20250510,교대(법원.검찰청),선릉,14,47
20250510,교대(법원.검찰청),선릉,15,25
20250510,교대(법원.검찰청),선릉,16,38
20250510,교대(법원.검찰청),선릉,17,34
20250510,교대(법원.검찰청),선릉,18,31
20250510,교대(법원.검찰청),선릉,19,26
20250510,교대(법원.검찰청),선릉,20,32
20250510,교대(법원.검찰청),선릉,21,20
20250510,교대(법원.검찰청),선릉,22,11
20250510,교대(법원.검찰청),선릉,23,8
20250510,교대(법원.검찰청),성수,5,2
20250510,교대(법원.검찰청),성수,6,1
20250510,교대(법원.검찰청),성수,8,7
20250510,교대(법원.검찰청),성수,9,5
20250510,교대(법원.검찰청),성수,10,10
20250510,교대(법원.검찰청),성수,11,13
20250510,교대(법원.검찰청),성수,12,11
20250510,교대(법원.검찰청),성수,13,20
20250510,교대(법원.검찰청),성수,14,15
20250510,교대(법원.검찰청),성수,15,20
20250510,교대(법원.검찰청),성수,16,25
20250510,교대(법원.검찰청),성수,17,10
20250510,교대(법원.검찰청),성수,18,7
20250510,교대(법원.검찰청),성수,19,5
20250510,교대(법원.검찰청),성수,20,3
20250510,교대(법원.검찰청),성수,21,5
20250510,교대(법원.검찰청),성수,22,1
20250510,교대(법원.검찰청),성수,23,3
20250510,교대(법원.검찰청),시청,8,1
20250510,교대(법원.검찰청),시청,9,1
20250510,교대(법원.검찰청),시청,10,1
20250510,교대(법원.검찰청),시청,11,1
20250510,교대(법원.검찰청),시청,12,1
20250510,교대(법원.검찰청),시청,13,3
20250510,교대(법원.검찰청),시청,14,2
20250510,교대(법원.검찰청),시청,16,4
20250510,교대(법원.검찰청),시청,17,3
20250510,교대(법원.검찰청),신당,7,1
20250510,교대(법원.검찰청),신당,10,3
20250510,교대(법원.검찰청),신당,11,1
20250510,교대(법원.검찰청),신당,12,2
20250510,교대(법원.검찰청),신당,13,2
20250510,교대(법원.검찰청),신당,15,6
20250510,교대(법원.검찰청),신당,16,1
20250510,교대(법원.검찰청),신당,17,1
20250510,교대(법원.검찰청),신당,18,4
20250510,교대(법원.검찰청),신당,19,4
20250510,교대(법원.검찰청),신당,21,1
20250510,교대(법원.검찰청),신대방,5,1
20250510,교대(법원.검찰청),신대방,6,5
20250510,교대(법원.검찰청),신대방,7,7
20250510,교대(법원.검찰청),신대방,8,4
20250510,교대(법원.검찰청),신대방,9,7
20250510,교대(법원.검찰청),신대방,10,6
20250510,교대(법원.검찰청),신대방,11,12
20250510,교대(법원.검찰청),신대방,12,17
20250510,교대(법원.검찰청),신대방,13,17
20250510,교대(법원.검찰청),신대방,14,8
20250510,교대(법원.검찰청),신대방,15,13
20250510,교대(법원.검찰청),신대방,16,15
20250510,교대(법원.검찰청),신대방,17,18
20250510,교대(법원.검찰청),신대방,18,12
20250510,교대(법원.검찰청),신대방,19,13
20250510,교대(법원.검찰청),신대방,20,34
20250510,교대(법원.검찰청),신대방,21,32
20250510,교대(법원.검찰청),신대방,22,22
20250510,교대(법원.검찰청),신대방,23,6
20250510,교대(법원.검찰청),신도림,6,6
20250510,교대(법원.검찰청),신도림,7,4
20250510,교대(법원.검찰청),신도림,8,4
20250510,교대(법원.검찰청),신도림,9,6
20250510,교대(법원.검찰청),신도림,10,14
20250510,교대(법원.검찰청),신도림,11,12
20250510,교대(법원.검찰청),신도림,12,17
20250510,교대(법원.검찰청),신도림,13,16
20250510,교대(법원.검찰청),신도림,14,14
20250510,교대(법원.검찰청),신도림,15,25
20250510,교대(법원.검찰청),신도림,16,20
20250510,교대(법원.검찰청),신도림,17,21
20250510,교대(법원.검찰청),신도림,18,20
20250510,교대(법원.검찰청),신도림,19,13
20250510,교대(법원.검찰청),신도림,20,16
20250510,교대(법원.검찰청),신도림,21,19
20250510,교대(법원.검찰청),신도림,22,16
20250510,교대(법원.검찰청),신도림,23,10
20250510,교대(법원.검찰청),신림,5,2
20250510,교대(법원.검찰청),신림,6,7
20250510,교대(법원.검찰청),신림,7,7
20250510,교대(법원.검찰청),신림,8,14
20250510,교대(법원.검찰청),신림,9,15
20250510,교대(법원.검찰청),신림,10,16
20250510,교대(법원.검찰청),신림,11,24
20250510,교대(법원.검찰청),신림,12,34
20250510,교대(법원.검찰청),신림,13,43
20250510,교대(법원.검찰청),신림,14,48
20250510,교대(법원.검찰청),신림,15,54
20250510,교대(법원.검찰청),신림,16,47
20250510,교대(법원.검찰청),신림,17,36
20250510,교대(법원.검찰청),신림,18,56
20250510,교대(법원.검찰청),신림,19,33
20250510,교대(법원.검찰청),신림,20,79
20250510,교대(법원.검찰청),신림,21,83
20250510,교대(법원.검찰청),신림,22,58
20250510,교대(법원.검찰청),신림,23,14
20250510,교대(법원.검찰청),신촌,6,3
20250510,교대(법원.검찰청),신촌,7,1
20250510,교대(법원.검찰청),신촌,8,3
20250510,교대(법원.검찰청),신촌,9,2
20250510,교대(법원.검찰청),신촌,10,3
20250510,교대(법원.검찰청),신촌,11,5
20250510,교대(법원.검찰청),신촌,12,6
20250510,교대(법원.검찰청),신촌,13,12
20250510,교대(법원.검찰청),신촌,14,11
20250510,교대(법원.검찰청),신촌,15,6
20250510,교대(법원.검찰청),신촌,16,3
20250510,교대(법원.검찰청),신촌,17,6
20250510,교대(법원.검찰청),신촌,18,5
20250510,교대(법원.검찰청),신촌,19,2
20250510,교대(법원.검찰청),신촌,20,8
20250510,교대(법원.검찰청),신촌,21,3
20250510,교대(법원.검찰청),신촌,22,2
20250510,교대(법원.검찰청),아현,13,2
20250510,교대(법원.검찰청),아현,15,3
20250510,교대(법원.검찰청),아현,16,1
20250510,교대(법원.검찰청),아현,17,1
20250510,교대(법원.검찰청),아현,18,2
20250510,교대(법원.검찰청),아현,19,1
20250510,교대(법원.검찰청),아현,20,2
20250510,교대(법원.검찰청),아현,21,1
20250510,교대(법원.검찰청),역삼,6,9
20250510,교대(법원.검찰청),역삼,7,12
20250510,교대(법원.검찰청),역삼,8,14
20250510,교대(법원.검찰청),역삼,9,23
20250510,교대(법원.검찰청),역삼,10,27
20250510,교대(법원.검찰청),역삼,11,24
20250510,교대(법원.검찰청),역삼,12,31
20250510,교대(법원.검찰청),역삼,13,47
20250510,교대(법원.검찰청),역삼,14,38
20250510,교대(법원.검찰청),역삼,15,30
20250510,교대(법원.검찰청),역삼,16,34
20250510,교대(법원.검찰청),역삼,17,19
20250510,교대(법원.검찰청),역삼,18,21
20250510,교대(법원.검찰청),역삼,19,16
20250510,교대(법원.검찰청),역삼,20,11
20250510,교대(법원.검찰청),역삼,21,18
20250510,교대(법원.검찰청),역삼,22,8
20250510,교대(법원.검찰청),역삼,23,3
20250510,교대(법원.검찰청),영등포구청,6,2
20250510,교대(법원.검찰청),영등포구청,7,2
20250510,교대(법원.검찰청),영등포구청,8,1
20250510,교대(법원.검찰청),영등포구청,9,4
20250510,교대(법원.검찰청),영등포구청,10,5
20250510,교대(법원.검찰청),영등포구청,11,5
20250510,교대(법원.검찰청),영등포구청,12,7
20250510,교대(법원.검찰청),영등포구청,13,3
20250510,교대(법원.검찰청),영등포구청,14,2
20250510,교대(법원.검찰청),영등포구청,15,12
20250510,교대(법원.검찰청),영등포구청,16,4
20250510,교대(법원.검찰청),영등포구청,17,5
20250510,교대(법원.검찰청),영등포구청,18,3
20250510,교대(법원.검찰청),영등포구청,19,3
20250510,교대(법원.검찰청),영등포구청,20,2
20250510,교대(법원.검찰청),영등포구청,21,2
20250510,교대(법원.검찰청),영등포구청,22,4
20250510,교대(법원.검찰청),영등포구청,23,2
20250510,교대(법원.검찰청),왕십리(성동구청),9,1
20250510,교대(법원.검찰청),왕십리(성동구청),13,5
20250510,교대(법원.검찰청),왕십리(성동구청),14,3
20250510,교대(법원.검찰청),왕십리(성동구청),15,3
20250510,교대(법원.검찰청),왕십리(성동구청),16,4
20250510,교대(법원.검찰청),왕십리(성동구청),17,4
20250510,교대(법원.검찰청),왕십리(성동구청),18,6
20250510,교대(법원.검찰청),왕십리(성동구청),20,6
20250510,교대(법원.검찰청),왕십리(성동구청),21,1
20250510,교대(법원.검찰청),왕십리(성동구청),23,3
20250510,교대(법원.검찰청),용두(동대문구청),13,1
20250510,교대(법원.검찰청),용두(동대문구청),15,1
20250510,교대(법원.검찰청),용두(동대문구청),18,3
20250510,교대(법원.검찰청),용두(동대문구청),19,3
20250510,교대(법원.검찰청),용두(동대문구청),21,1
20250510,교대(법원.검찰청),을지로3가,9,1
20250510,교대(법원.검찰청),을지로3가,12,1
20250510,교대(법원.검찰청),을지로3가,15,2
20250510,교대(법원.검찰청),을지로4가,7,1
20250510,교대(법원.검찰청),을지로4가,10,3
20250510,교대(법원.검찰청),을지로4가,11,1
20250510,교대(법원.검찰청),을지로4가,12,3
20250510,교대(법원.검찰청),을지로4가,14,2
20250510,교대(법원.검찰청),을지로4가,17,2
20250510,교대(법원.검찰청),을지로4가,22,1
20250510,교대(법원.검찰청),을지로4가,23,1
20250510,교대(법원.검찰청),을지로입구,8,1
20250510,교대(법원.검찰청),을지로입구,9,3
20250510,교대(법원.검찰청),을지로입구,10,1
20250510,교대(법원.검찰청),을지로입구,11,4
20250510,교대(법원.검찰청),을지로입구,12,1
20250510,교대(법원.검찰청),을지로입구,13,3
20250510,교대(법원.검찰청),을지로입구,16,2
20250510,교대(법원.검찰청),을지로입구,18,1
20250510,교대(법원.검찰청),이대,7,1
20250510,교대(법원.검찰청),이대,8,1
20250510,교대(법원.검찰청),이대,9,2
20250510,교대(법원.검찰청),이대,10,2
20250510,교대(법원.검찰청),이대,11,3
20250510,교대(법원.검찰청),이대,12,3
20250510,교대(법원.검찰청),이대,13,4
20250510,교대(법원.검찰청),이대,14,3
20250510,교대(법원.검찰청),이대,15,1
20250510,교대(법원.검찰청),이대,16,4
20250510,교대(법원.검찰청),이대,17,3
20250510,교대(법원.검찰청),이대,18,2
20250510,교대(법원.검찰청),이대,19,2
20250510,교대(법원.검찰청),이대,21,4
20250510,교대(법원.검찰청),이대,22,1
20250510,교대(법원.검찰청),이대,23,1
20250510,교대(법원.검찰청),잠실(송파구청),5,4
20250510,교대(법원.검찰청),잠실(송파구청),6,10
20250510,교대(법원.검찰청),잠실(송파구청),7,15
20250510,교대(법원.검찰청),잠실(송파구청),8,38
20250510,교대(법원.검찰청),잠실(송파구청),9,42
20250510,교대(법원.검찰청),잠실(송파구청),10,58
20250510,교대(법원.검찰청),잠실(송파구청),11,52
20250510,교대(법원.검찰청),잠실(송파구청),12,83
20250510,교대(법원.검찰청),잠실(송파구청),13,89
20250510,교대(법원.검찰청),잠실(송파구청),14,84
20250510,교대(법원.검찰청),잠실(송파구청),15,85
20250510,교대(법원.검찰청),잠실(송파구청),16,79
20250510,교대(법원.검찰청),잠실(송파구청),17,68
20250510,교대(법원.검찰청),잠실(송파구청),18,62
20250510,교대(법원.검찰청),잠실(송파구청),19,50
20250510,교대(법원.검찰청),잠실(송파구청),20,56
20250510,교대(법원.검찰청),잠실(송파구청),21,38
20250510,교대(법원.검찰청),잠실(송파구청),22,29
20250510,교대(법원.검찰청),잠실(송파구청),23,18
20250510,교대(법원.검찰청),잠실나루,5,2
20250510,교대(법원.검찰청),잠실나루,6,2
20250510,교대(법원.검찰청),잠실나루,7,1
20250510,교대(법원.검찰청),잠실나루,8,5
20250510,교대(법원.검찰청),잠실나루,9,3
20250510,교대(법원.검찰청),잠실나루,10,5
20250510,교대(법원.검찰청),잠실나루,11,4
20250510,교대(법원.검찰청),잠실나루,12,7
20250510,교대(법원.검찰청),잠실나루,13,3
20250510,교대(법원.검찰청),잠실나루,14,10
20250510,교대(법원.검찰청),잠실나루,15,3
20250510,교대(법원.검찰청),잠실나루,16,7
20250510,교대(법원.검찰청),잠실나루,17,12
20250510,교대(법원.검찰청),잠실나루,18,7
20250510,교대(법원.검찰청),잠실나루,19,1
20250510,교대(법원.검찰청),잠실나루,20,12
20250510,교대(법원.검찰청),잠실나루,21,4
20250510,교대(법원.검찰청),잠실나루,22,10
20250510,교대(법원.검찰청),잠실나루,23,2
20250510,교대(법원.검찰청),잠실새내,5,1
20250510,교대(법원.검찰청),잠실새내,6,2
20250510,교대(법원.검찰청),잠실새내,7,1
20250510,교대(법원.검찰청),잠실새내,8,2
20250510,교대(법원.검찰청),잠실새내,9,14
20250510,교대(법원.검찰청),잠실새내,10,9
20250510,교대(법원.검찰청),잠실새내,11,13
20250510,교대(법원.검찰청),잠실새내,12,8
20250510,교대(법원.검찰청),잠실새내,13,13
20250510,교대(법원.검찰청),잠실새내,14,12
20250510,교대(법원.검찰청),잠실새내,15,23
20250510,교대(법원.검찰청),잠실새내,16,21
20250510,교대(법원.검찰청),잠실새내,17,22
20250510,교대(법원.검찰청),잠실새내,18,25
20250510,교대(법원.검찰청),잠실새내,19,18
20250510,교대(법원.검찰청),잠실새내,20,19
20250510,교대(법원.검찰청),잠실새내,21,12
20250510,교대(법원.검찰청),잠실새내,22,15
20250510,교대(법원.검찰청),잠실새내,23,10
20250510,교대(법원.검찰청),종합운동장,5,1
20250510,교대(법원.검찰청),종합운동장,6,5
20250510,교대(법원.검찰청),종합운동장,7,10
20250510,교대(법원.검찰청),종합운동장,8,7
20250510,교대(법원.검찰청),종합운동장,9,5
20250510,교대(법원.검찰청),종합운동장,10,7
20250510,교대(법원.검찰청),종합운동장,11,2
20250510,교대(법원.검찰청),종합운동장,12,3
20250510,교대(법원.검찰청),종합운동장,13,13
20250510,교대(법원.검찰청),종합운동장,14,18
20250510,교대(법원.검찰청),종합운동장,15,31
20250510,교대(법원.검찰청),종합운동장,16,52
20250510,교대(법원.검찰청),종합운동장,17,18
20250510,교대(법원.검찰청),종합운동장,18,11
20250510,교대(법원.검찰청),종합운동장,19,11
20250510,교대(법원.검찰청),종합운동장,20,10
20250510,교대(법원.검찰청),종합운동장,21,9
20250510,교대(법원.검찰청),종합운동장,22,7
20250510,교대(법원.검찰청),종합운동장,23,2
20250510,교대(법원.검찰청),충정로(경기대입구),5,1
20250510,교대(법원.검찰청),충정로(경기대입구),9,1
20250510,교대(법원.검찰청),충정로(경기대입구),18,1
20250510,교대(법원.검찰청),충정로(경기대입구),19,1
20250510,교대(법원.검찰청),충정로(경기대입구),22,1
20250510,교대(법원.검찰청),한양대,7,4
20250510,교대(법원.검찰청),한양대,8,4
20250510,교대(법원.검찰청),한양대,9,3
20250510,교대(법원.검찰청),한양대,10,2
20250510,교대(법원.검찰청),한양대,11,2
20250510,교대(법원.검찰청),한양대,12,3
20250510,교대(법원.검찰청),한양대,13,1
20250510,교대(법원.검찰청),한양대,16,1
20250510,교대(법원.검찰청),한양대,17,2
20250510,교대(법원.검찰청),한양대,20,1
20250510,교대(법원.검찰청),한양대,22,2
20250510,교대(법원.검찰청),합정,8,2
20250510,교대(법원.검찰청),합정,9,2
20250510,교대(법원.검찰청),합정,10,7
20250510,교대(법원.검찰청),합정,11,10
20250510,교대(법원.검찰청),합정,12,13
20250510,교대(법원.검찰청),합정,13,10
20250510,교대(법원.검찰청),합정,14,11
20250510,교대(법원.검찰청),합정,15,14
20250510,교대(법원.검찰청),합정,16,19
20250510,교대(법원.검찰청),합정,17,15
20250510,교대(법원.검찰청),합정,18,8
20250510,교대(법원.검찰청),합정,19,5
20250510,교대(법원.검찰청),합정,20,7
20250510,교대(법원.검찰청),합정,21,10
20250510,교대(법원.검찰청),합정,22,3
20250510,교대(법원.검찰청),합정,23,3
20250510,교대(법원.검찰청),홍대입구,6,1
20250510,교대(법원.검찰청),홍대입구,8,3
20250510,교대(법원.검찰청),홍대입구,9,11
20250510,교대(법원.검찰청),홍대입구,10,5
20250510,교대(법원.검찰청),홍대입구,11,17
20250510,교대(법원.검찰청),홍대입구,12,22
20250510,교대(법원.검찰청),홍대입구,13,21
20250510,교대(법원.검찰청),홍대입구,14,24
20250510,교대(법원.검찰청),홍대입구,15,26
20250510,교대(법원.검찰청),홍대입구,16,35
20250510,교대(법원.검찰청),홍대입구,17,24
20250510,교대(법원.검찰청),홍대입구,18,16
20250510,교대(법원.검찰청),홍대입구,19,10
20250510,교대(법원.검찰청),홍대입구,20,14
20250510,교대(법원.검찰청),홍대입구,21,14
20250510,교대(법원.검찰청),홍대입구,22,1
20250510,교대(법원.검찰청),홍대입구,23,2
20250510,구로디지털단지,강남,5,47
20250510,구로디지털단지,강남,6,41
20250510,구로디지털단지,강남,7,70
20250510,구로디지털단지,강남,8,196
20250510,구로디지털단지,강남,9,202
20250510,구로디지털단지,강남,10,124
20250510,구로디지털단지,강남,11,100
20250510,구로디지털단지,강남,12,132
20250510,구로디지털단지,강남,13,109
20250510,구로디지털단지,강남,14,88
20250510,구로디지털단지,강남,15,84
20250510,구로디지털단지,강남,16,89
20250510,구로디지털단지,강남,17,65
20250510,구로디지털단지,강남,18,62
20250510,구로디지털단지,강남,19,39
20250510,구로디지털단지,강남,20,21
20250510,구로디지털단지,강남,21,24
20250510,구로디지털단지,강남,22,19
20250510,구로디지털단지,강남,23,9
20250510,구로디지털단지,강변(동서울터미널),5,11
20250510,구로디지털단지,강변(동서울터미널),6,16
20250510,구로디지털단지,강변(동서울터미널),7,10
20250510,구로디지털단지,강변(동서울터미널),8,15
20250510,구로디지털단지,강변(동서울터미널),9,17
20250510,구로디지털단지,강변(동서울터미널),10,15
20250510,구로디지털단지,강변(동서울터미널),11,17
20250510,구로디지털단지,강변(동서울터미널),12,8
20250510,구로디지털단지,강변(동서울터미널),13,9
20250510,구로디지털단지,강변(동서울터미널),14,19
20250510,구로디지털단지,강변(동서울터미널),15,12
20250510,구로디지털단지,강변(동서울터미널),16,13
20250510,구로디지털단지,강변(동서울터미널),17,14
20250510,구로디지털단지,강변(동서울터미널),18,8
20250510,구로디지털단지,강변(동서울터미널),19,4
20250510,구로디지털단지,강변(동서울터미널),20,6
20250510,구로디지털단지,강변(동서울터미널),21,6
20250510,구로디지털단지,강변(동서울터미널),22,8
20250510,구로디지털단지,강변(동서울터미널),23,1
20250510,구로디지털단지,건대입구,5,9
20250510,구로디지털단지,건대입구,6,3
20250510,구로디지털단지,건대입구,7,9
20250510,구로디지털단지,건대입구,8,10
20250510,구로디지털단지,건대입구,9,17
20250510,구로디지털단지,건대입구,10,15
20250510,구로디지털단지,건대입구,11,19
20250510,구로디지털단지,건대입구,12,11
20250510,구로디지털단지,건대입구,13,7
20250510,구로디지털단지,건대입구,14,14
20250510,구로디지털단지,건대입구,15,19
20250510,구로디지털단지,건대입구,16,19
20250510,구로디지털단지,건대입구,17,12
20250510,구로디지털단지,건대입구,18,1
20250510,구로디지털단지,건대입구,19,10
20250510,구로디지털단지,건대입구,20,7
20250510,구로디지털단지,건대입구,21,1
20250510,구로디지털단지,건대입구,22,3
20250510,구로디지털단지,건대입구,23,3
20250510,구로디지털단지,교대(법원.검찰청),5,19
20250510,구로디지털단지,교대(법원.검찰청),6,22
20250510,구로디지털단지,교대(법원.검찰청),7,31
20250510,구로디지털단지,교대(법원.검찰청),8,65
20250510,구로디지털단지,교대(법원.검찰청),9,50
20250510,구로디지털단지,교대(법원.검찰청),10,21
20250510,구로디지털단지,교대(법원.검찰청),11,24
20250510,구로디지털단지,교대(법원.검찰청),12,25
20250510,구로디지털단지,교대(법원.검찰청),13,18
20250510,구로디지털단지,교대(법원.검찰청),14,11
20250510,구로디지털단지,교대(법원.검찰청),15,17
20250510,구로디지털단지,교대(법원.검찰청),16,23
20250510,구로디지털단지,교대(법원.검찰청),17,19
20250510,구로디지털단지,교대(법원.검찰청),18,8
20250510,구로디지털단지,교대(법원.검찰청),19,4
20250510,구로디지털단지,교대(법원.검찰청),20,5
20250510,구로디지털단지,교대(법원.검찰청),21,9
20250510,구로디지털단지,교대(법원.검찰청),22,3
20250510,구로디지털단지,구로디지털단지,5,9
20250510,구로디지털단지,구로디지털단지,6,17
20250510,구로디지털단지,구로디지털단지,7,15
20250510,구로디지털단지,구로디지털단지,8,16
20250510,구로디지털단지,구로디지털단지,9,31
20250510,구로디지털단지,구로디지털단지,10,34
20250510,구로디지털단지,구로디지털단지,11,43
20250510,구로디지털단지,구로디지털단지,12,32
20250510,구로디지털단지,구로디지털단지,13,38
20250510,구로디지털단지,구로디지털단지,14,38
20250510,구로디지털단지,구로디지털단지,15,35
20250510,구로디지털단지,구로디지털단지,16,54
20250510,구로디지털단지,구로디지털단지,17,50
20250510,구로디지털단지,구로디지털단지,18,42
20250510,구로디지털단지,구로디지털단지,19,42
20250510,구로디지털단지,구로디지털단지,20,34
20250510,구로디지털단지,구로디지털단지,21,19
20250510,구로디지털단지,구로디지털단지,22,33
20250510,구로디지털단지,구로디지털단지,23,30
20250510,구로디지털단지,구의(광진구청),5,6
20250510,구로디지털단지,구의(광진구청),6,2
20250510,구로디지털단지,구의(광진구청),7,6
20250510,구로디지털단지,구의(광진구청),8,7
20250510,구로디지털단지,구의(광진구청),9,5
20250510,구로디지털단지,구의(광진구청),10,9
20250510,구로디지털단지,구의(광진구청),11,5
20250510,구로디지털단지,구의(광진구청),12,5
20250510,구로디지털단지,구의(광진구청),13,4
20250510,구로디지털단지,구의(광진구청),14,5
20250510,구로디지털단지,구의(광진구청),15,5
20250510,구로디지털단지,구의(광진구청),16,15
20250510,구로디지털단지,구의(광진구청),17,9
20250510,구로디지털단지,구의(광진구청),18,12
20250510,구로디지털단지,구의(광진구청),19,18
20250510,구로디지털단지,구의(광진구청),20,7
20250510,구로디지털단지,구의(광진구청),21,5
20250510,구로디지털단지,구의(광진구청),22,5
20250510,구로디지털단지,낙성대,5,5
20250510,구로디지털단지,낙성대,6,10
20250510,구로디지털단지,낙성대,7,9
20250510,구로디지털단지,낙성대,8,23
20250510,구로디지털단지,낙성대,9,17
20250510,구로디지털단지,낙성대,10,22
20250510,구로디지털단지,낙성대,11,15
20250510,구로디지털단지,낙성대,12,24
20250510,구로디지털단지,낙성대,13,23
20250510,구로디지털단지,낙성대,14,18
20250510,구로디지털단지,낙성대,15,21
20250510,구로디지털단지,낙성대,16,20
20250510,구로디지털단지,낙성대,17,33
20250510,구로디지털단지,낙성대,18,24
20250510,구로디지털단지,낙성대,19,19
20250510,구로디지털단지,낙성대,20,17
20250510,구로디지털단지,낙성대,21,24
20250510,구로디지털단지,낙성대,22,19
20250510,구로디지털단지,낙성대,23,8
20250510,구로디지털단지,당산,5,14
20250510,구로디지털단지,당산,6,22
20250510,구로디지털단지,당산,7,25
20250510,구로디지털단지,당산,8,29
20250510,구로디지털단지,당산,9,39
20250510,구로디지털단지,당산,10,33
20250510,구로디지털단지,당산,11,26
20250510,구로디지털단지,당산,12,40
20250510,구로디지털단지,당산,13,34
20250510,구로디지털단지,당산,14,53
20250510,구로디지털단지,당산,15,58
20250510,구로디지털단지,당산,16,34
20250510,구로디지털단지,당산,17,39
20250510,구로디지털단지,당산,18,38
20250510,구로디지털단지,당산,19,35
20250510,구로디지털단지,당산,20,32
20250510,구로디지털단지,당산,21,23
20250510,구로디지털단지,당산,22,25
20250510,구로디지털단지,당산,23,17
20250510,구로디지털단지,대림(구로구청),5,8
20250510,구로디지털단지,대림(구로구청),6,6
20250510,구로디지털단지,대림(구로구청),7,15
20250510,구로디지털단지,대림(구로구청),8,26
20250510,구로디지털단지,대림(구로구청),9,38
20250510,구로디지털단지,대림(구로구청),10,60
20250510,구로디지털단지,대림(구로구청),11,65
20250510,구로디지털단지,대림(구로구청),12,65
20250510,구로디지털단지,대림(구로구청),13,41
20250510,구로디지털단지,대림(구로구청),14,49
20250510,구로디지털단지,대림(구로구청),15,42
20250510,구로디지털단지,대림(구로구청),16,65
20250510,구로디지털단지,대림(구로구청),17,44
20250510,구로디지털단지,대림(구로구청),18,36
20250510,구로디지털단지,대림(구로구청),19,41
20250510,구로디지털단지,대림(구로구청),20,31
20250510,구로디지털단지,대림(구로구청),21,34
20250510,구로디지털단지,대림(구로구청),22,29
20250510,구로디지털단지,대림(구로구청),23,14
20250510,구로디지털단지,동대문역사문화공원,5,3
20250510,구로디지털단지,동대문역사문화공원,6,8
20250510,구로디지털단지,동대문역사문화공원,7,11
20250510,구로디지털단지,동대문역사문화공원,8,19
20250510,구로디지털단지,동대문역사문화공원,9,18
20250510,구로디지털단지,동대문역사문화공원,10,26
20250510,구로디지털단지,동대문역사문화공원,11,19
20250510,구로디지털단지,동대문역사문화공원,12,21
20250510,구로디지털단지,동대문역사문화공원,13,8
20250510,구로디지털단지,동대문역사문화공원,14,14
20250510,구로디지털단지,동대문역사문화공원,15,9
20250510,구로디지털단지,동대문역사문화공원,16,10
20250510,구로디지털단지,동대문역사문화공원,17,18
20250510,구로디지털단지,동대문역사문화공원,18,3
20250510,구로디지털단지,동대문역사문화공원,19,5
20250510,구로디지털단지,동대문역사문화공원,20,8
20250510,구로디지털단지,동대문역사문화공원,21,4
20250510,구로디지털단지,동대문역사문화공원,22,3
20250510,구로디지털단지,동대문역사문화공원,23,1
20250510,구로디지털단지,뚝섬,5,5
20250510,구로디지털단지,뚝섬,6,6
20250510,구로디지털단지,뚝섬,7,4
20250510,구로디지털단지,뚝섬,8,9
20250510,구로디지털단지,뚝섬,9,13
20250510,구로디지털단지,뚝섬,10,9
20250510,구로디지털단지,뚝섬,11,13
20250510,구로디지털단지,뚝섬,12,17
20250510,구로디지털단지,뚝섬,13,11
20250510,구로디지털단지,뚝섬,14,6
20250510,구로디지털단지,뚝섬,15,19
20250510,구로디지털단지,뚝섬,16,8
20250510,구로디지털단지,뚝섬,17,6
20250510,구로디지털단지,뚝섬,18,4
20250510,구로디지털단지,뚝섬,19,2
20250510,구로디지털단지,뚝섬,21,3
20250510,구로디지털단지,문래,5,6
20250510,구로디지털단지,문래,6,8
20250510,구로디지털단지,문래,7,17
20250510,구로디지털단지,문래,8,44
20250510,구로디지털단지,문래,9,52
20250510,구로디지털단지,문래,10,46
20250510,구로디지털단지,문래,11,57
20250510,구로디지털단지,문래,12,64
20250510,구로디지털단지,문래,13,40
20250510,구로디지털단지,문래,14,41
20250510,구로디지털단지,문래,15,40
20250510,구로디지털단지,문래,16,45
20250510,구로디지털단지,문래,17,49
20250510,구로디지털단지,문래,18,42
20250510,구로디지털단지,문래,19,33
20250510,구로디지털단지,문래,20,18
20250510,구로디지털단지,문래,21,13
20250510,구로디지털단지,문래,22,6
20250510,구로디지털단지,문래,23,4
20250510,구로디지털단지,방배,5,10
20250510,구로디지털단지,방배,6,11
20250510,구로디지털단지,방배,7,13
20250510,구로디지털단지,방배,8,36
20250510,구로디지털단지,방배,9,29
20250510,구로디지털단지,방배,10,11
20250510,구로디지털단지,방배,11,12
20250510,구로디지털단지,방배,12,15
20250510,구로디지털단지,방배,13,19
20250510,구로디지털단지,방배,14,7
20250510,구로디지털단지,방배,15,6
20250510,구로디지털단지,방배,16,14
20250510,구로디지털단지,방배,17,15
20250510,구로디지털단지,방배,18,12
20250510,구로디지털단지,방배,19,8
20250510,구로디지털단지,방배,20,8
20250510,구로디지털단지,방배,21,6
20250510,구로디지털단지,방배,22,5
20250510,구로디지털단지,방배,23,4
20250510,구로디지털단지,봉천,5,7
20250510,구로디지털단지,봉천,6,4
20250510,구로디지털단지,봉천,7,11
20250510,구로디지털단지,봉천,8,32
20250510,구로디지털단지,봉천,9,25
20250510,구로디지털단지,봉천,10,33
20250510,구로디지털단지,봉천,11,16
20250510,구로디지털단지,봉천,12,31
20250510,구로디지털단지,봉천,13,25
20250510,구로디지털단지,봉천,14,27
20250510,구로디지털단지,봉천,15,35
20250510,구로디지털단지,봉천,16,41
20250510,구로디지털단지,봉천,17,37
20250510,구로디지털단지,봉천,18,24
20250510,구로디지털단지,봉천,19,19
20250510,구로디지털단지,봉천,20,23
20250510,구로디지털단지,봉천,21,23
20250510,구로디지털단지,봉천,22,13
20250510,구로디지털단지,봉천,23,17
20250510,구로디지털단지,사당,4,1
20250510,구로디지털단지,사당,5,21
20250510,구로디지털단지,사당,6,44
20250510,구로디지털단지,사당,7,19
20250510,구로디지털단지,사당,8,38
20250510,구로디지털단지,사당,9,39
20250510,구로디지털단지,사당,10,46
20250510,구로디지털단지,사당,11,43
20250510,구로디지털단지,사당,12,46
20250510,구로디지털단지,사당,13,37
20250510,구로디지털단지,사당,14,32
20250510,구로디지털단지,사당,15,38
20250510,구로디지털단지,사당,16,47
20250510,구로디지털단지,사당,17,42
20250510,구로디지털단지,사당,18,42
20250510,구로디지털단지,사당,19,26
20250510,구로디지털단지,사당,20,18
20250510,구로디지털단지,사당,21,18
20250510,구로디지털단지,사당,22,15
20250510,구로디지털단지,사당,23,5
20250510,구로디지털단지,삼성(무역센터),4,1
20250510,구로디지털단지,삼성(무역센터),5,41
20250510,구로디지털단지,삼성(무역센터),6,35
20250510,구로디지털단지,삼성(무역센터),7,44
20250510,구로디지털단지,삼성(무역센터),8,79
20250510,구로디지털단지,삼성(무역센터),9,105
20250510,구로디지털단지,삼성(무역센터),10,66
20250510,구로디지털단지,삼성(무역센터),11,60
20250510,구로디지털단지,삼성(무역센터),12,62
20250510,구로디지털단지,삼성(무역센터),13,37
20250510,구로디지털단지,삼성(무역센터),14,34
20250510,구로디지털단지,삼성(무역센터),15,35
20250510,구로디지털단지,삼성(무역센터),16,31
20250510,구로디지털단지,삼성(무역센터),17,18
20250510,구로디지털단지,삼성(무역센터),18,8
20250510,구로디지털단지,삼성(무역센터),19,10
20250510,구로디지털단지,삼성(무역센터),20,6
20250510,구로디지털단지,삼성(무역센터),21,4
20250510,구로디지털단지,삼성(무역센터),22,4
20250510,구로디지털단지,삼성(무역센터),23,4
20250510,구로디지털단지,상왕십리,5,6
20250510,구로디지털단지,상왕십리,6,1
20250510,구로디지털단지,상왕십리,7,4
20250510,구로디지털단지,상왕십리,8,7
20250510,구로디지털단지,상왕십리,9,7
20250510,구로디지털단지,상왕십리,10,3
20250510,구로디지털단지,상왕십리,11,7
20250510,구로디지털단지,상왕십리,12,8
20250510,구로디지털단지,상왕십리,13,3
20250510,구로디지털단지,상왕십리,14,1
20250510,구로디지털단지,상왕십리,15,6
20250510,구로디지털단지,상왕십리,16,4
20250510,구로디지털단지,상왕십리,17,10
20250510,구로디지털단지,상왕십리,18,4
20250510,구로디지털단지,상왕십리,19,4
20250510,구로디지털단지,상왕십리,20,3
20250510,구로디지털단지,상왕십리,21,6
20250510,구로디지털단지,상왕십리,22,2
20250510,구로디지털단지,서울대입구(관악구청),5,13
20250510,구로디지털단지,서울대입구(관악구청),6,11
20250510,구로디지털단지,서울대입구(관악구청),7,10
20250510,구로디지털단지,서울대입구(관악구청),8,39
20250510,구로디지털단지,서울대입구(관악구청),9,57
20250510,구로디지털단지,서울대입구(관악구청),10,43
20250510,구로디지털단지,서울대입구(관악구청),11,45
20250510,구로디지털단지,서울대입구(관악구청),12,44
20250510,구로디지털단지,서울대입구(관악구청),13,42
20250510,구로디지털단지,서울대입구(관악구청),14,51
20250510,구로디지털단지,서울대입구(관악구청),15,52
20250510,구로디지털단지,서울대입구(관악구청),16,65
20250510,구로디지털단지,서울대입구(관악구청),17,57
20250510,구로디지털단지,서울대입구(관악구청),18,44
20250510,구로디지털단지,서울대입구(관악구청),19,39
20250510,구로디지털단지,서울대입구(관악구청),20,28
20250510,구로디지털단지,서울대입구(관악구청),21,25
20250510,구로디지털단지,서울대입구(관악구청),22,30
20250510,구로디지털단지,서울대입구(관악구청),23,13
20250510,구로디지털단지,서초,5,18
20250510,구로디지털단지,서초,6,17
20250510,구로디지털단지,서초,7,21
20250510,구로디지털단지,서초,8,29
20250510,구로디지털단지,서초,9,32
20250510,구로디지털단지,서초,10,17
20250510,구로디지털단지,서초,11,7
20250510,구로디지털단지,서초,12,18
20250510,구로디지털단지,서초,13,22
20250510,구로디지털단지,서초,14,23
20250510,구로디지털단지,서초,15,28
20250510,구로디지털단지,서초,16,20
20250510,구로디지털단지,서초,17,17
20250510,구로디지털단지,서초,18,7
20250510,구로디지털단지,서초,19,7
20250510,구로디지털단지,서초,20,2
20250510,구로디지털단지,서초,21,5
20250510,구로디지털단지,서초,22,2
20250510,구로디지털단지,선릉,4,1
20250510,구로디지털단지,선릉,5,17
20250510,구로디지털단지,선릉,6,30
20250510,구로디지털단지,선릉,7,50
20250510,구로디지털단지,선릉,8,78
20250510,구로디지털단지,선릉,9,102
20250510,구로디지털단지,선릉,10,60
20250510,구로디지털단지,선릉,11,41
20250510,구로디지털단지,선릉,12,59
20250510,구로디지털단지,선릉,13,54
20250510,구로디지털단지,선릉,14,44
20250510,구로디지털단지,선릉,15,42
20250510,구로디지털단지,선릉,16,44
20250510,구로디지털단지,선릉,17,26
20250510,구로디지털단지,선릉,18,10
20250510,구로디지털단지,선릉,19,14
20250510,구로디지털단지,선릉,20,18
20250510,구로디지털단지,선릉,21,5
20250510,구로디지털단지,선릉,22,6
20250510,구로디지털단지,선릉,23,1
20250510,구로디지털단지,성수,5,15
20250510,구로디지털단지,성수,6,7
20250510,구로디지털단지,성수,7,6
20250510,구로디지털단지,성수,8,11
20250510,구로디지털단지,성수,9,21
20250510,구로디지털단지,성수,10,20
20250510,구로디지털단지,성수,11,18
20250510,구로디지털단지,성수,12,39
20250510,구로디지털단지,성수,13,28
20250510,구로디지털단지,성수,14,18
20250510,구로디지털단지,성수,15,23
20250510,구로디지털단지,성수,16,13
20250510,구로디지털단지,성수,17,7
20250510,구로디지털단지,성수,18,6
20250510,구로디지털단지,성수,19,2
20250510,구로디지털단지,성수,20,3
20250510,구로디지털단지,성수,23,1
20250510,구로디지털단지,시청,5,5
20250510,구로디지털단지,시청,6,11
20250510,구로디지털단지,시청,7,10
20250510,구로디지털단지,시청,8,25
20250510,구로디지털단지,시청,9,21
20250510,구로디지털단지,시청,10,12
20250510,구로디지털단지,시청,11,16
20250510,구로디지털단지,시청,12,30
20250510,구로디지털단지,시청,13,23
20250510,구로디지털단지,시청,14,17
20250510,구로디지털단지,시청,15,8
20250510,구로디지털단지,시청,16,3
20250510,구로디지털단지,시청,17,2
20250510,구로디지털단지,시청,18,6
20250510,구로디지털단지,시청,19,3
20250510,구로디지털단지,시청,20,3
20250510,구로디지털단지,신당,5,4
20250510,구로디지털단지,신당,6,3
20250510,구로디지털단지,신당,7,12
20250510,구로디지털단지,신당,8,5
20250510,구로디지털단지,신당,9,7
20250510,구로디지털단지,신당,10,14
20250510,구로디지털단지,신당,11,12
20250510,구로디지털단지,신당,12,9
20250510,구로디지털단지,신당,13,7
20250510,구로디지털단지,신당,14,4
20250510,구로디지털단지,신당,15,7
20250510,구로디지털단지,신당,16,11
20250510,구로디지털단지,신당,17,10
20250510,구로디지털단지,신당,18,14
20250510,구로디지털단지,신당,19,9
20250510,구로디지털단지,신당,20,7
20250510,구로디지털단지,신당,21,3
20250510,구로디지털단지,신당,22,5
20250510,구로디지털단지,신당,23,1
20250510,구로디지털단지,신대방,5,10
20250510,구로디지털단지,신대방,6,1
20250510,구로디지털단지,신대방,7,2
20250510,구로디지털단지,신대방,8,9
20250510,구로디지털단지,신대방,9,14
20250510,구로디지털단지,신대방,10,24
20250510,구로디지털단지,신대방,11,31
20250510,구로디지털단지,신대방,12,25
20250510,구로디지털단지,신대방,13,16
20250510,구로디지털단지,신대방,14,14
20250510,구로디지털단지,신대방,15,33
20250510,구로디지털단지,신대방,16,39
20250510,구로디지털단지,신대방,17,34
20250510,구로디지털단지,신대방,18,23
20250510,구로디지털단지,신대방,19,26
20250510,구로디지털단지,신대방,20,26
20250510,구로디지털단지,신대방,21,24
20250510,구로디지털단지,신대방,22,27
20250510,구로디지털단지,신대방,23,14
20250510,구로디지털단지,신도림,5,19
20250510,구로디지털단지,신도림,6,31
20250510,구로디지털단지,신도림,7,24
20250510,구로디지털단지,신도림,8,62
20250510,구로디지털단지,신도림,9,83
20250510,구로디지털단지,신도림,10,69
20250510,구로디지털단지,신도림,11,85
20250510,구로디지털단지,신도림,12,106
20250510,구로디지털단지,신도림,13,97
20250510,구로디지털단지,신도림,14,83
20250510,구로디지털단지,신도림,15,84
20250510,구로디지털단지,신도림,16,105
20250510,구로디지털단지,신도림,17,85
20250510,구로디지털단지,신도림,18,69
20250510,구로디지털단지,신도림,19,55
20250510,구로디지털단지,신도림,20,42
20250510,구로디지털단지,신도림,21,52
20250510,구로디지털단지,신도림,22,49
20250510,구로디지털단지,신도림,23,39
20250510,구로디지털단지,신림,5,14
20250510,구로디지털단지,신림,6,13
20250510,구로디지털단지,신림,7,15
20250510,구로디지털단지,신림,8,26
20250510,구로디지털단지,신림,9,49
20250510,구로디지털단지,신림,10,48
20250510,구로디지털단지,신림,11,59
20250510,구로디지털단지,신림,12,86
20250510,구로디지털단지,신림,13,63
20250510,구로디지털단지,신림,14,71
20250510,구로디지털단지,신림,15,91
20250510,구로디지털단지,신림,16,100
20250510,구로디지털단지,신림,17,84
20250510,구로디지털단지,신림,18,98
20250510,구로디지털단지,신림,19,86
20250510,구로디지털단지,신림,20,76
20250510,구로디지털단지,신림,21,92
20250510,구로디지털단지,신림,22,58
20250510,구로디지털단지,신림,23,52
20250510,구로디지털단지,신촌,4,1
20250510,구로디지털단지,신촌,5,7
20250510,구로디지털단지,신촌,6,10
20250510,구로디지털단지,신촌,7,36
20250510,구로디지털단지,신촌,8,54
20250510,구로디지털단지,신촌,9,66
20250510,구로디지털단지,신촌,10,47
20250510,구로디지털단지,신촌,11,58
20250510,구로디지털단지,신촌,12,83
20250510,구로디지털단지,신촌,13,94
20250510,구로디지털단지,신촌,14,70
20250510,구로디지털단지,신촌,15,27
20250510,구로디지털단지,신촌,16,32
20250510,구로디지털단지,신촌,17,50
20250510,구로디지털단지,신촌,18,32
20250510,구로디지털단지,신촌,19,29
20250510,구로디지털단지,신촌,20,21
20250510,구로디지털단지,신촌,21,17
20250510,구로디지털단지,신촌,22,12
20250510,구로디지털단지,신촌,23,5
20250510,구로디지털단지,아현,5,8
20250510,구로디지털단지,아현,6,4
20250510,구로디지털단지,아현,7,10
20250510,구로디지털단지,아현,8,9
20250510,구로디지털단지,아현,9,12
20250510,구로디지털단지,아현,10,6
20250510,구로디지털단지,아현,11,8
20250510,구로디지털단지,아현,12,5
20250510,구로디지털단지,아현,13,2
20250510,구로디지털단지,아현,14,6
20250510,구로디지털단지,아현,15,7
20250510,구로디지털단지,아현,16,16
20250510,구로디지털단지,아현,17,7
20250510,구로디지털단지,아현,18,8
20250510,구로디지털단지,아현,19,6
20250510,구로디지털단지,아현,20,8
20250510,구로디지털단지,아현,21,9
20250510,구로디지털단지,아현,22,6
20250510,구로디지털단지,아현,23,1
20250510,구로디지털단지,역삼,5,19
20250510,구로디지털단지,역삼,6,22
20250510,구로디지털단지,역삼,7,27
20250510,구로디지털단지,역삼,8,54
20250510,구로디지털단지,역삼,9,49
20250510,구로디지털단지,역삼,10,42
20250510,구로디지털단지,역삼,11,31
20250510,구로디지털단지,역삼,12,39
20250510,구로디지털단지,역삼,13,38
20250510,구로디지털단지,역삼,14,22
20250510,구로디지털단지,역삼,15,18
20250510,구로디지털단지,역삼,16,16
20250510,구로디지털단지,역삼,17,23
20250510,구로디지털단지,역삼,18,15
20250510,구로디지털단지,역삼,19,12
20250510,구로디지털단지,역삼,20,8
20250510,구로디지털단지,역삼,21,10
20250510,구로디지털단지,역삼,22,5
20250510,구로디지털단지,역삼,23,5
20250510,구로디지털단지,영등포구청,5,10
20250510,구로디지털단지,영등포구청,6,16
20250510,구로디지털단지,영등포구청,7,24
20250510,구로디지털단지,영등포구청,8,34
20250510,구로디지털단지,영등포구청,9,40
20250510,구로디지털단지,영등포구청,10,37
20250510,구로디지털단지,영등포구청,11,41
20250510,구로디지털단지,영등포구청,12,40
20250510,구로디지털단지,영등포구청,13,35
20250510,구로디지털단지,영등포구청,14,35
20250510,구로디지털단지,영등포구청,15,24
20250510,구로디지털단지,영등포구청,16,31
20250510,구로디지털단지,영등포구청,17,29
20250510,구로디지털단지,영등포구청,18,24
20250510,구로디지털단지,영등포구청,19,15
20250510,구로디지털단지,영등포구청,20,12
20250510,구로디지털단지,영등포구청,21,11
20250510,구로디지털단지,영등포구청,22,4
20250510,구로디지털단지,영등포구청,23,4
20250510,구로디지털단지,왕십리(성동구청),5,9
20250510,구로디지털단지,왕십리(성동구청),6,5
20250510,구로디지털단지,왕십리(성동구청),7,8
20250510,구로디지털단지,왕십리(성동구청),8,5
20250510,구로디지털단지,왕십리(성동구청),9,5
20250510,구로디지털단지,왕십리(성동구청),10,6
20250510,구로디지털단지,왕십리(성동구청),11,7
20250510,구로디지털단지,왕십리(성동구청),12,4
20250510,구로디지털단지,왕십리(성동구청),13,4
20250510,구로디지털단지,왕십리(성동구청),14,7
20250510,구로디지털단지,왕십리(성동구청),15,10
20250510,구로디지털단지,왕십리(성동구청),16,15
20250510,구로디지털단지,왕십리(성동구청),17,8
20250510,구로디지털단지,왕십리(성동구청),18,3
20250510,구로디지털단지,왕십리(성동구청),19,3
20250510,구로디지털단지,왕십리(성동구청),20,5
20250510,구로디지털단지,왕십리(성동구청),21,3
20250510,구로디지털단지,왕십리(성동구청),22,3
20250510,구로디지털단지,왕십리(성동구청),23,2
20250510,구로디지털단지,용두(동대문구청),6,1
20250510,구로디지털단지,용두(동대문구청),8,1
20250510,구로디지털단지,용두(동대문구청),9,1
20250510,구로디지털단지,용두(동대문구청),11,1
20250510,구로디지털단지,을지로3가,5,19
20250510,구로디지털단지,을지로3가,6,9
20250510,구로디지털단지,을지로3가,7,10
20250510,구로디지털단지,을지로3가,8,13
20250510,구로디지털단지,을지로3가,9,16
20250510,구로디지털단지,을지로3가,10,14
20250510,구로디지털단지,을지로3가,11,17
20250510,구로디지털단지,을지로3가,12,27
20250510,구로디지털단지,을지로3가,13,20
20250510,구로디지털단지,을지로3가,14,15
20250510,구로디지털단지,을지로3가,15,10
20250510,구로디지털단지,을지로3가,16,21
20250510,구로디지털단지,을지로3가,17,18
20250510,구로디지털단지,을지로3가,18,10
20250510,구로디지털단지,을지로3가,19,6
20250510,구로디지털단지,을지로3가,20,4
20250510,구로디지털단지,을지로3가,21,2
20250510,구로디지털단지,을지로3가,22,1
20250510,구로디지털단지,을지로4가,5,8
20250510,구로디지털단지,을지로4가,6,11
20250510,구로디지털단지,을지로4가,7,6
20250510,구로디지털단지,을지로4가,8,7
20250510,구로디지털단지,을지로4가,9,10
20250510,구로디지털단지,을지로4가,10,18
20250510,구로디지털단지,을지로4가,11,10
20250510,구로디지털단지,을지로4가,12,11
20250510,구로디지털단지,을지로4가,13,7
20250510,구로디지털단지,을지로4가,14,7
20250510,구로디지털단지,을지로4가,15,12
20250510,구로디지털단지,을지로4가,16,8
20250510,구로디지털단지,을지로4가,17,4
20250510,구로디지털단지,을지로4가,18,2
20250510,구로디지털단지,을지로4가,19,8
20250510,구로디지털단지,을지로4가,23,1
20250510,구로디지털단지,을지로입구,5,15
20250510,구로디지털단지,을지로입구,6,19
20250510,구로디지털단지,을지로입구,7,27
20250510,구로디지털단지,을지로입구,8,84
20250510,구로디지털단지,을지로입구,9,65
20250510,구로디지털단지,을지로입구,10,59
20250510,구로디지털단지,을지로입구,11,40
20250510,구로디지털단지,을지로입구,12,42
20250510,구로디지털단지,을지로입구,13,38
20250510,구로디지털단지,을지로입구,14,25
20250510,구로디지털단지,을지로입구,15,24
20250510,구로디지털단지,을지로입구,16,24
20250510,구로디지털단지,을지로입구,17,16
20250510,구로디지털단지,을지로입구,18,9
20250510,구로디지털단지,을지로입구,19,5
20250510,구로디지털단지,을지로입구,20,5
20250510,구로디지털단지,을지로입구,21,2
20250510,구로디지털단지,을지로입구,22,1
20250510,구로디지털단지,을지로입구,23,2
20250510,구로디지털단지,이대,5,3
20250510,구로디지털단지,이대,6,2
20250510,구로디지털단지,이대,7,9
20250510,구로디지털단지,이대,8,11
20250510,구로디지털단지,이대,9,30
20250510,구로디지털단지,이대,10,17
20250510,구로디지털단지,이대,11,11
20250510,구로디지털단지,이대,12,16
20250510,구로디지털단지,이대,13,35
20250510,구로디지털단지,이대,14,39
20250510,구로디지털단지,이대,15,9
20250510,구로디지털단지,이대,16,9
20250510,구로디지털단지,이대,17,8
20250510,구로디지털단지,이대,18,2
20250510,구로디지털단지,이대,19,6
20250510,구로디지털단지,이대,20,5
20250510,구로디지털단지,이대,21,5
20250510,구로디지털단지,이대,22,7
20250510,구로디지털단지,이대,23,1
20250510,구로디지털단지,잠실(송파구청),5,26
20250510,구로디지털단지,잠실(송파구청),6,35
20250510,구로디지털단지,잠실(송파구청),7,38
20250510,구로디지털단지,잠실(송파구청),8,41
20250510,구로디지털단지,잠실(송파구청),9,68
20250510,구로디지털단지,잠실(송파구청),10,67
20250510,구로디지털단지,잠실(송파구청),11,83
20250510,구로디지털단지,잠실(송파구청),12,75
20250510,구로디지털단지,잠실(송파구청),13,80
20250510,구로디지털단지,잠실(송파구청),14,52
20250510,구로디지털단지,잠실(송파구청),15,60
20250510,구로디지털단지,잠실(송파구청),16,74
20250510,구로디지털단지,잠실(송파구청),17,41
20250510,구로디지털단지,잠실(송파구청),18,30
20250510,구로디지털단지,잠실(송파구청),19,28
20250510,구로디지털단지,잠실(송파구청),20,19
20250510,구로디지털단지,잠실(송파구청),21,16
20250510,구로디지털단지,잠실(송파구청),22,15
20250510,구로디지털단지,잠실(송파구청),23,6
20250510,구로디지털단지,잠실나루,4,1
20250510,구로디지털단지,잠실나루,5,24
20250510,구로디지털단지,잠실나루,6,4
20250510,구로디지털단지,잠실나루,7,2
20250510,구로디지털단지,잠실나루,8,2
20250510,구로디지털단지,잠실나루,9,2
20250510,구로디지털단지,잠실나루,10,3
20250510,구로디지털단지,잠실나루,11,6
20250510,구로디지털단지,잠실나루,12,2
20250510,구로디지털단지,잠실나루,13,3
20250510,구로디지털단지,잠실나루,14,2
20250510,구로디지털단지,잠실나루,17,1
20250510,구로디지털단지,잠실나루,18,3
20250510,구로디지털단지,잠실나루,20,1
20250510,구로디지털단지,잠실나루,21,1
20250510,구로디지털단지,잠실나루,23,1
20250510,구로디지털단지,잠실새내,5,2
20250510,구로디지털단지,잠실새내,6,7
20250510,구로디지털단지,잠실새내,7,3
20250510,구로디지털단지,잠실새내,8,11
20250510,구로디지털단지,잠실새내,9,7
20250510,구로디지털단지,잠실새내,10,12
20250510,구로디지털단지,잠실새내,11,9
20250510,구로디지털단지,잠실새내,12,9
20250510,구로디지털단지,잠실새내,13,17
20250510,구로디지털단지,잠실새내,14,6
20250510,구로디지털단지,잠실새내,15,14
20250510,구로디지털단지,잠실새내,16,10
20250510,구로디지털단지,잠실새내,17,16
20250510,구로디지털단지,잠실새내,18,8
20250510,구로디지털단지,잠실새내,19,8
20250510,구로디지털단지,잠실새내,20,10
20250510,구로디지털단지,잠실새내,21,3
20250510,구로디지털단지,잠실새내,22,6
20250510,구로디지털단지,잠실새내,23,3
20250510,구로디지털단지,종합운동장,4,2
20250510,구로디지털단지,종합운동장,5,26
20250510,구로디지털단지,종합운동장,6,11
20250510,구로디지털단지,종합운동장,7,10
20250510,구로디지털단지,종합운동장,8,7
20250510,구로디지털단지,종합운동장,9,7
20250510,구로디지털단지,종합운동장,10,12
20250510,구로디지털단지,종합운동장,11,6
20250510,구로디지털단지,종합운동장,12,8
20250510,구로디지털단지,종합운동장,13,3
20250510,구로디지털단지,종합운동장,14,27
20250510,구로디지털단지,종합운동장,15,88
20250510,구로디지털단지,종합운동장,16,54
20250510,구로디지털단지,종합운동장,17,13
20250510,구로디지털단지,종합운동장,18,1
20250510,구로디지털단지,종합운동장,19,2
20250510,구로디지털단지,종합운동장,20,4
20250510,구로디지털단지,종합운동장,21,1
20250510,구로디지털단지,종합운동장,22,2
20250510,구로디지털단지,종합운동장,23,1
20250510,구로디지털단지,충정로(경기대입구),5,6
20250510,구로디지털단지,충정로(경기대입구),6,5
20250510,구로디지털단지,충정로(경기대입구),7,2
20250510,구로디지털단지,충정로(경기대입구),8,7
20250510,구로디지털단지,충정로(경기대입구),9,5
20250510,구로디지털단지,충정로(경기대입구),10,3
20250510,구로디지털단지,충정로(경기대입구),11,7
20250510,구로디지털단지,충정로(경기대입구),12,3
20250510,구로디지털단지,충정로(경기대입구),13,7
20250510,구로디지털단지,충정로(경기대입구),14,6
20250510,구로디지털단지,충정로(경기대입구),15,11
20250510,구로디지털단지,충정로(경기대입구),16,5
20250510,구로디지털단지,충정로(경기대입구),17,1
20250510,구로디지털단지,충정로(경기대입구),18,6
20250510,구로디지털단지,충정로(경기대입구),19,1
20250510,구로디지털단지,충정로(경기대입구),20,2
20250510,구로디지털단지,충정로(경기대입구),21,4
20250510,구로디지털단지,한양대,5,3
20250510,구로디지털단지,한양대,6,3
20250510,구로디지털단지,한양대,7,3
20250510,구로디지털단지,한양대,8,3
20250510,구로디지털단지,한양대,9,2
20250510,구로디지털단지,한양대,10,4
20250510,구로디지털단지,한양대,11,2
20250510,구로디지털단지,한양대,12,7
20250510,구로디지털단지,한양대,13,10
20250510,구로디지털단지,한양대,14,4
20250510,구로디지털단지,한양대,16,1
20250510,구로디지털단지,한양대,17,3
20250510,구로디지털단지,한양대,18,1
20250510,구로디지털단지,한양대,19,1
20250510,구로디지털단지,한양대,22,1
20250510,구로디지털단지,합정,5,13
20250510,구로디지털단지,합정,6,31
20250510,구로디지털단지,합정,7,23
20250510,구로디지털단지,합정,8,54
20250510,구로디지털단지,합정,9,75
20250510,구로디지털단지,합정,10,89
20250510,구로디지털단지,합정,11,89
20250510,구로디지털단지,합정,12,128
20250510,구로디지털단지,합정,13,113
20250510,구로디지털단지,합정,14,93
20250510,구로디지털단지,합정,15,94
20250510,구로디지털단지,합정,16,113
20250510,구로디지털단지,합정,17,99
20250510,구로디지털단지,합정,18,74
20250510,구로디지털단지,합정,19,47
20250510,구로디지털단지,합정,20,30
20250510,구로디지털단지,합정,21,30
20250510,구로디지털단지,합정,22,26
20250510,구로디지털단지,합정,23,19
20250510,구로디지털단지,홍대입구,5,19
20250510,구로디지털단지,홍대입구,6,17
20250510,구로디지털단지,홍대입구,7,24
20250510,구로디지털단지,홍대입구,8,83
20250510,구로디지털단지,홍대입구,9,139
20250510,구로디지털단지,홍대입구,10,153
20250510,구로디지털단지,홍대입구,11,219
20250510,구로디지털단지,홍대입구,12,279
20250510,구로디지털단지,홍대입구,13,240
20250510,구로디지털단지,홍대입구,14,198
20250510,구로디지털단지,홍대입구,15,176
20250510,구로디지털단지,홍대입구,16,186
20250510,구로디지털단지,홍대입구,17,183
20250510,구로디지털단지,홍대입구,18,108
20250510,구로디지털단지,홍대입구,19,82
20250510,구로디지털단지,홍대입구,20,46
20250510,구로디지털단지,홍대입구,21,45
20250510,구로디지털단지,홍대입구,22,39
20250510,구로디지털단지,홍대입구,23,24
20250510,구의(광진구청),강남,5,19
20250510,구의(광진구청),강남,6,18
20250510,구의(광진구청),강남,7,29
20250510,구의(광진구청),강남,8,84
20250510,구의(광진구청),강남,9,109
20250510,구의(광진구청),강남,10,68
20250510,구의(광진구청),강남,11,66
20250510,구의(광진구청),강남,12,62
20250510,구의(광진구청),강남,13,70
20250510,구의(광진구청),강남,14,52
20250510,구의(광진구청),강남,15,52
20250510,구의(광진구청),강남,16,38
20250510,구의(광진구청),강남,17,50
20250510,구의(광진구청),강남,18,42
20250510,구의(광진구청),강남,19,30
20250510,구의(광진구청),강남,20,19
20250510,구의(광진구청),강남,21,18
20250510,구의(광진구청),강남,22,15
20250510,구의(광진구청),강남,23,5
20250510,구의(광진구청),강변(동서울터미널),5,7
20250510,구의(광진구청),강변(동서울터미널),6,23
20250510,구의(광진구청),강변(동서울터미널),7,20
20250510,구의(광진구청),강변(동서울터미널),8,25
20250510,구의(광진구청),강변(동서울터미널),9,38
20250510,구의(광진구청),강변(동서울터미널),10,45
20250510,구의(광진구청),강변(동서울터미널),11,48
20250510,구의(광진구청),강변(동서울터미널),12,41
20250510,구의(광진구청),강변(동서울터미널),13,55
20250510,구의(광진구청),강변(동서울터미널),14,44
20250510,구의(광진구청),강변(동서울터미널),15,31
20250510,구의(광진구청),강변(동서울터미널),16,38
20250510,구의(광진구청),강변(동서울터미널),17,37
20250510,구의(광진구청),강변(동서울터미널),18,39
20250510,구의(광진구청),강변(동서울터미널),19,28
20250510,구의(광진구청),강변(동서울터미널),20,29
20250510,구의(광진구청),강변(동서울터미널),21,25
20250510,구의(광진구청),강변(동서울터미널),22,17
20250510,구의(광진구청),강변(동서울터미널),23,4
20250510,구의(광진구청),건대입구,0,1
20250510,구의(광진구청),건대입구,5,3
20250510,구의(광진구청),건대입구,6,14
20250510,구의(광진구청),건대입구,7,18
20250510,구의(광진구청),건대입구,8,59
20250510,구의(광진구청),건대입구,9,93
20250510,구의(광진구청),건대입구,10,100
20250510,구의(광진구청),건대입구,11,116
20250510,구의(광진구청),건대입구,12,73
20250510,구의(광진구청),건대입구,13,82
20250510,구의(광진구청),건대입구,14,102
20250510,구의(광진구청),건대입구,15,68
20250510,구의(광진구청),건대입구,16,130
20250510,구의(광진구청),건대입구,17,100
20250510,구의(광진구청),건대입구,18,73
20250510,구의(광진구청),건대입구,19,63
20250510,구의(광진구청),건대입구,20,67
20250510,구의(광진구청),건대입구,21,50
20250510,구의(광진구청),건대입구,22,31
20250510,구의(광진구청),건대입구,23,24
20250510,구의(광진구청),교대(법원.검찰청),5,6
20250510,구의(광진구청),교대(법원.검찰청),6,9
20250510,구의(광진구청),교대(법원.검찰청),7,14
20250510,구의(광진구청),교대(법원.검찰청),8,16
20250510,구의(광진구청),교대(법원.검찰청),9,29
20250510,구의(광진구청),교대(법원.검찰청),10,21
20250510,구의(광진구청),교대(법원.검찰청),11,9
20250510,구의(광진구청),교대(법원.검찰청),12,8
20250510,구의(광진구청),교대(법원.검찰청),13,9
20250510,구의(광진구청),교대(법원.검찰청),14,9
20250510,구의(광진구청),교대(법원.검찰청),15,5
20250510,구의(광진구청),교대(법원.검찰청),16,13
20250510,구의(광진구청),교대(법원.검찰청),17,1
20250510,구의(광진구청),교대(법원.검찰청),18,6
20250510,구의(광진구청),교대(법원.검찰청),19,1
20250510,구의(광진구청),교대(법원.검찰청),20,5
20250510,구의(광진구청),교대(법원.검찰청),21,4
20250510,구의(광진구청),교대(법원.검찰청),22,2
20250510,구의(광진구청),교대(법원.검찰청),23,1
20250510,구의(광진구청),구로디지털단지,5,2
20250510,구의(광진구청),구로디지털단지,6,1
20250510,구의(광진구청),구로디지털단지,7,6
20250510,구의(광진구청),구로디지털단지,8,6
20250510,구의(광진구청),구로디지털단지,9,5
20250510,구의(광진구청),구로디지털단지,10,10
20250510,구의(광진구청),구로디지털단지,11,8
20250510,구의(광진구청),구로디지털단지,12,16
20250510,구의(광진구청),구로디지털단지,13,9
20250510,구의(광진구청),구로디지털단지,14,9
20250510,구의(광진구청),구로디지털단지,15,14
20250510,구의(광진구청),구로디지털단지,16,13
20250510,구의(광진구청),구로디지털단지,17,7
20250510,구의(광진구청),구로디지털단지,18,5
20250510,구의(광진구청),구로디지털단지,19,2
20250510,구의(광진구청),구로디지털단지,20,1
20250510,구의(광진구청),구로디지털단지,21,6
20250510,구의(광진구청),구로디지털단지,22,3
20250510,구의(광진구청),구로디지털단지,23,2
20250510,구의(광진구청),구의(광진구청),5,3
20250510,구의(광진구청),구의(광진구청),6,3
20250510,구의(광진구청),구의(광진구청),7,8
20250510,구의(광진구청),구의(광진구청),8,19
20250510,구의(광진구청),구의(광진구청),9,22
20250510,구의(광진구청),구의(광진구청),10,21
20250510,구의(광진구청),구의(광진구청),11,33
20250510,구의(광진구청),구의(광진구청),12,30
20250510,구의(광진구청),구의(광진구청),13,28
20250510,구의(광진구청),구의(광진구청),14,22
20250510,구의(광진구청),구의(광진구청),15,36
20250510,구의(광진구청),구의(광진구청),16,28
20250510,구의(광진구청),구의(광진구청),17,20
20250510,구의(광진구청),구의(광진구청),18,24
20250510,구의(광진구청),구의(광진구청),19,16
20250510,구의(광진구청),구의(광진구청),20,17
20250510,구의(광진구청),구의(광진구청),21,17
20250510,구의(광진구청),구의(광진구청),22,22
20250510,구의(광진구청),구의(광진구청),23,7
20250510,구의(광진구청),낙성대,5,1
20250510,구의(광진구청),낙성대,7,1
20250510,구의(광진구청),낙성대,8,4
20250510,구의(광진구청),낙성대,9,5
20250510,구의(광진구청),낙성대,10,5
20250510,구의(광진구청),낙성대,11,6
20250510,구의(광진구청),낙성대,12,5
20250510,구의(광진구청),낙성대,13,2
20250510,구의(광진구청),낙성대,14,6
20250510,구의(광진구청),낙성대,15,2
20250510,구의(광진구청),낙성대,16,5
20250510,구의(광진구청),낙성대,18,1
20250510,구의(광진구청),낙성대,19,3
20250510,구의(광진구청),낙성대,20,6
20250510,구의(광진구청),낙성대,21,2
20250510,구의(광진구청),낙성대,22,4
20250510,구의(광진구청),낙성대,23,2
20250510,구의(광진구청),당산,5,3
20250510,구의(광진구청),당산,6,2
20250510,구의(광진구청),당산,8,6
20250510,구의(광진구청),당산,9,2
20250510,구의(광진구청),당산,10,2
20250510,구의(광진구청),당산,11,5
20250510,구의(광진구청),당산,12,3
20250510,구의(광진구청),당산,13,5
20250510,구의(광진구청),당산,14,6
20250510,구의(광진구청),당산,15,4
20250510,구의(광진구청),당산,16,6
20250510,구의(광진구청),당산,17,2
20250510,구의(광진구청),당산,18,5
20250510,구의(광진구청),당산,19,1
20250510,구의(광진구청),당산,20,1
20250510,구의(광진구청),당산,22,5
20250510,구의(광진구청),대림(구로구청),6,3
20250510,구의(광진구청),대림(구로구청),7,4
20250510,구의(광진구청),대림(구로구청),8,5
20250510,구의(광진구청),대림(구로구청),9,5
20250510,구의(광진구청),대림(구로구청),10,5
20250510,구의(광진구청),대림(구로구청),11,6
20250510,구의(광진구청),대림(구로구청),12,2
20250510,구의(광진구청),대림(구로구청),13,7
20250510,구의(광진구청),대림(구로구청),14,2
20250510,구의(광진구청),대림(구로구청),15,8
20250510,구의(광진구청),대림(구로구청),16,6
20250510,구의(광진구청),대림(구로구청),17,1
20250510,구의(광진구청),대림(구로구청),18,2
20250510,구의(광진구청),대림(구로구청),19,2
20250510,구의(광진구청),대림(구로구청),20,3
20250510,구의(광진구청),대림(구로구청),21,4
20250510,구의(광진구청),대림(구로구청),22,3
20250510,구의(광진구청),동대문역사문화공원,5,4
20250510,구의(광진구청),동대문역사문화공원,6,3
20250510,구의(광진구청),동대문역사문화공원,7,4
20250510,구의(광진구청),동대문역사문화공원,8,9
20250510,구의(광진구청),동대문역사문화공원,9,19
20250510,구의(광진구청),동대문역사문화공원,10,23
20250510,구의(광진구청),동대문역사문화공원,11,20
20250510,구의(광진구청),동대문역사문화공원,12,19
20250510,구의(광진구청),동대문역사문화공원,13,28
20250510,구의(광진구청),동대문역사문화공원,14,15
20250510,구의(광진구청),동대문역사문화공원,15,14
20250510,구의(광진구청),동대문역사문화공원,16,14
20250510,구의(광진구청),동대문역사문화공원,17,13
20250510,구의(광진구청),동대문역사문화공원,18,6
20250510,구의(광진구청),동대문역사문화공원,19,6
20250510,구의(광진구청),동대문역사문화공원,20,6
20250510,구의(광진구청),동대문역사문화공원,21,1
20250510,구의(광진구청),동대문역사문화공원,23,3
20250510,구의(광진구청),뚝섬,5,10
20250510,구의(광진구청),뚝섬,6,13
20250510,구의(광진구청),뚝섬,7,10
20250510,구의(광진구청),뚝섬,8,31
20250510,구의(광진구청),뚝섬,9,57
20250510,구의(광진구청),뚝섬,10,44
20250510,구의(광진구청),뚝섬,11,37
20250510,구의(광진구청),뚝섬,12,44
20250510,구의(광진구청),뚝섬,13,44
20250510,구의(광진구청),뚝섬,14,38
20250510,구의(광진구청),뚝섬,15,37
20250510,구의(광진구청),뚝섬,16,31
20250510,구의(광진구청),뚝섬,17,30
20250510,구의(광진구청),뚝섬,18,18
20250510,구의(광진구청),뚝섬,19,13
20250510,구의(광진구청),뚝섬,20,9
20250510,구의(광진구청),뚝섬,21,9
20250510,구의(광진구청),뚝섬,22,13
20250510,구의(광진구청),뚝섬,23,2
20250510,구의(광진구청),문래,5,2
20250510,구의(광진구청),문래,7,2
20250510,구의(광진구청),문래,8,5
20250510,구의(광진구청),문래,9,3
20250510,구의(광진구청),문래,10,2
20250510,구의(광진구청),문래,11,4
20250510,구의(광진구청),문래,12,6
20250510,구의(광진구청),문래,13,4
20250510,구의(광진구청),문래,14,3
20250510,구의(광진구청),문래,15,9
20250510,구의(광진구청),문래,16,5
20250510,구의(광진구청),문래,17,2
20250510,구의(광진구청),문래,18,1
20250510,구의(광진구청),문래,19,2
20250510,구의(광진구청),문래,20,1
20250510,구의(광진구청),문래,22,2
20250510,구의(광진구청),방배,5,4
20250510,구의(광진구청),방배,6,3
20250510,구의(광진구청),방배,7,2
20250510,구의(광진구청),방배,8,5
20250510,구의(광진구청),방배,9,10
20250510,구의(광진구청),방배,10,5
20250510,구의(광진구청),방배,11,5
20250510,구의(광진구청),방배,12,7
20250510,구의(광진구청),방배,13,4
20250510,구의(광진구청),방배,14,5
20250510,구의(광진구청),방배,15,1
20250510,구의(광진구청),방배,16,1
20250510,구의(광진구청),방배,17,6
20250510,구의(광진구청),방배,18,4
20250510,구의(광진구청),방배,19,1
20250510,구의(광진구청),방배,20,1
20250510,구의(광진구청),방배,21,2
20250510,구의(광진구청),방배,22,1
20250510,구의(광진구청),방배,23,1
20250510,구의(광진구청),봉천,6,1
20250510,구의(광진구청),봉천,7,2
20250510,구의(광진구청),봉천,8,3
20250510,구의(광진구청),봉천,9,6
20250510,구의(광진구청),봉천,10,2
20250510,구의(광진구청),봉천,11,4
20250510,구의(광진구청),봉천,12,4
20250510,구의(광진구청),봉천,13,7
20250510,구의(광진구청),봉천,14,2
20250510,구의(광진구청),봉천,15,1
20250510,구의(광진구청),봉천,16,2
20250510,구의(광진구청),봉천,17,2
20250510,구의(광진구청),봉천,18,3
20250510,구의(광진구청),봉천,19,3
20250510,구의(광진구청),봉천,20,2
20250510,구의(광진구청),봉천,21,4
20250510,구의(광진구청),봉천,22,3
20250510,구의(광진구청),사당,5,7
20250510,구의(광진구청),사당,6,15
20250510,구의(광진구청),사당,7,8
20250510,구의(광진구청),사당,8,6
20250510,구의(광진구청),사당,9,10
20250510,구의(광진구청),사당,10,16
20250510,구의(광진구청),사당,11,23
20250510,구의(광진구청),사당,12,18
20250510,구의(광진구청),사당,13,23
20250510,구의(광진구청),사당,14,20
20250510,구의(광진구청),사당,15,20
20250510,구의(광진구청),사당,16,31
20250510,구의(광진구청),사당,17,23
20250510,구의(광진구청),사당,18,20
20250510,구의(광진구청),사당,19,12
20250510,구의(광진구청),사당,20,6
20250510,구의(광진구청),사당,21,7
20250510,구의(광진구청),사당,22,7
20250510,구의(광진구청),사당,23,9
20250510,구의(광진구청),삼성(무역센터),5,10
20250510,구의(광진구청),삼성(무역센터),6,22
20250510,구의(광진구청),삼성(무역센터),7,39
20250510,구의(광진구청),삼성(무역센터),8,55
20250510,구의(광진구청),삼성(무역센터),9,78
20250510,구의(광진구청),삼성(무역센터),10,62
20250510,구의(광진구청),삼성(무역센터),11,36
20250510,구의(광진구청),삼성(무역센터),12,58
20250510,구의(광진구청),삼성(무역센터),13,49
20250510,구의(광진구청),삼성(무역센터),14,56
20250510,구의(광진구청),삼성(무역센터),15,32
20250510,구의(광진구청),삼성(무역센터),16,28
20250510,구의(광진구청),삼성(무역센터),17,25
20250510,구의(광진구청),삼성(무역센터),18,14
20250510,구의(광진구청),삼성(무역센터),19,15
20250510,구의(광진구청),삼성(무역센터),20,7
20250510,구의(광진구청),삼성(무역센터),21,2
20250510,구의(광진구청),삼성(무역센터),22,6
20250510,구의(광진구청),삼성(무역센터),23,5
20250510,구의(광진구청),상왕십리,5,1
20250510,구의(광진구청),상왕십리,6,5
20250510,구의(광진구청),상왕십리,7,9
20250510,구의(광진구청),상왕십리,8,10
20250510,구의(광진구청),상왕십리,9,11
20250510,구의(광진구청),상왕십리,10,9
20250510,구의(광진구청),상왕십리,11,5
20250510,구의(광진구청),상왕십리,12,5
20250510,구의(광진구청),상왕십리,13,4
20250510,구의(광진구청),상왕십리,14,4
20250510,구의(광진구청),상왕십리,15,11
20250510,구의(광진구청),상왕십리,16,7
20250510,구의(광진구청),상왕십리,17,9
20250510,구의(광진구청),상왕십리,18,7
20250510,구의(광진구청),상왕십리,19,3
20250510,구의(광진구청),상왕십리,20,4
20250510,구의(광진구청),상왕십리,21,4
20250510,구의(광진구청),상왕십리,22,5
20250510,구의(광진구청),상왕십리,23,2
20250510,구의(광진구청),서울대입구(관악구청),5,1
20250510,구의(광진구청),서울대입구(관악구청),6,2
20250510,구의(광진구청),서울대입구(관악구청),7,3
20250510,구의(광진구청),서울대입구(관악구청),8,8
20250510,구의(광진구청),서울대입구(관악구청),9,3
20250510,구의(광진구청),서울대입구(관악구청),10,2
20250510,구의(광진구청),서울대입구(관악구청),11,3
20250510,구의(광진구청),서울대입구(관악구청),12,4
20250510,구의(광진구청),서울대입구(관악구청),13,6
20250510,구의(광진구청),서울대입구(관악구청),14,10
20250510,구의(광진구청),서울대입구(관악구청),15,8
20250510,구의(광진구청),서울대입구(관악구청),16,8
20250510,구의(광진구청),서울대입구(관악구청),17,9
20250510,구의(광진구청),서울대입구(관악구청),18,6
20250510,구의(광진구청),서울대입구(관악구청),19,9
20250510,구의(광진구청),서울대입구(관악구청),20,4
20250510,구의(광진구청),서울대입구(관악구청),21,8
20250510,구의(광진구청),서울대입구(관악구청),22,10
20250510,구의(광진구청),서울대입구(관악구청),23,5
20250510,구의(광진구청),서초,5,8
20250510,구의(광진구청),서초,6,7
20250510,구의(광진구청),서초,7,6
20250510,구의(광진구청),서초,8,11
20250510,구의(광진구청),서초,9,6
20250510,구의(광진구청),서초,10,5
20250510,구의(광진구청),서초,11,6
20250510,구의(광진구청),서초,12,6
20250510,구의(광진구청),서초,13,8
20250510,구의(광진구청),서초,14,14
20250510,구의(광진구청),서초,15,17
20250510,구의(광진구청),서초,16,10
20250510,구의(광진구청),서초,17,4
20250510,구의(광진구청),서초,18,2
20250510,구의(광진구청),서초,20,1
20250510,구의(광진구청),서초,23,1
20250510,구의(광진구청),선릉,5,7
20250510,구의(광진구청),선릉,6,17
20250510,구의(광진구청),선릉,7,16
20250510,구의(광진구청),선릉,8,30
20250510,구의(광진구청),선릉,9,54
20250510,구의(광진구청),선릉,10,47
20250510,구의(광진구청),선릉,11,38
20250510,구의(광진구청),선릉,12,27
20250510,구의(광진구청),선릉,13,23
20250510,구의(광진구청),선릉,14,28
20250510,구의(광진구청),선릉,15,17
20250510,구의(광진구청),선릉,16,20
20250510,구의(광진구청),선릉,17,14
20250510,구의(광진구청),선릉,18,17
20250510,구의(광진구청),선릉,19,4
20250510,구의(광진구청),선릉,20,4
20250510,구의(광진구청),선릉,21,6
20250510,구의(광진구청),선릉,22,6
20250510,구의(광진구청),선릉,23,1
20250510,구의(광진구청),성수,5,11
20250510,구의(광진구청),성수,6,15
20250510,구의(광진구청),성수,7,16
20250510,구의(광진구청),성수,8,38
20250510,구의(광진구청),성수,9,50
20250510,구의(광진구청),성수,10,84
20250510,구의(광진구청),성수,11,61
20250510,구의(광진구청),성수,12,73
20250510,구의(광진구청),성수,13,66
20250510,구의(광진구청),성수,14,70
20250510,구의(광진구청),성수,15,56
20250510,구의(광진구청),성수,16,68
20250510,구의(광진구청),성수,17,60
20250510,구의(광진구청),성수,18,44
20250510,구의(광진구청),성수,19,23
20250510,구의(광진구청),성수,20,23
20250510,구의(광진구청),성수,21,13
20250510,구의(광진구청),성수,22,7
20250510,구의(광진구청),성수,23,3
20250510,구의(광진구청),시청,5,1
20250510,구의(광진구청),시청,7,3
20250510,구의(광진구청),시청,8,7
20250510,구의(광진구청),시청,9,16
20250510,구의(광진구청),시청,10,11
20250510,구의(광진구청),시청,11,13
20250510,구의(광진구청),시청,12,15
20250510,구의(광진구청),시청,13,5
20250510,구의(광진구청),시청,14,3
20250510,구의(광진구청),시청,15,3
20250510,구의(광진구청),시청,16,8
20250510,구의(광진구청),시청,17,1
20250510,구의(광진구청),시청,20,1
20250510,구의(광진구청),시청,21,2
20250510,구의(광진구청),신당,5,1
20250510,구의(광진구청),신당,6,10
20250510,구의(광진구청),신당,7,7
20250510,구의(광진구청),신당,8,8
20250510,구의(광진구청),신당,9,12
20250510,구의(광진구청),신당,10,16
20250510,구의(광진구청),신당,11,9
20250510,구의(광진구청),신당,12,10
20250510,구의(광진구청),신당,13,8
20250510,구의(광진구청),신당,14,8
20250510,구의(광진구청),신당,15,14
20250510,구의(광진구청),신당,16,12
20250510,구의(광진구청),신당,17,13
20250510,구의(광진구청),신당,18,8
20250510,구의(광진구청),신당,19,10
20250510,구의(광진구청),신당,20,7
20250510,구의(광진구청),신당,21,9
20250510,구의(광진구청),신당,22,5
20250510,구의(광진구청),신당,23,4
20250510,구의(광진구청),신대방,7,1
20250510,구의(광진구청),신대방,8,1
20250510,구의(광진구청),신대방,9,4
20250510,구의(광진구청),신대방,10,4
20250510,구의(광진구청),신대방,11,5
20250510,구의(광진구청),신대방,13,4
20250510,구의(광진구청),신대방,14,2
20250510,구의(광진구청),신대방,15,2
20250510,구의(광진구청),신대방,16,4
20250510,구의(광진구청),신대방,17,3
20250510,구의(광진구청),신대방,18,2
20250510,구의(광진구청),신대방,19,3
20250510,구의(광진구청),신대방,20,3
20250510,구의(광진구청),신대방,21,4
20250510,구의(광진구청),신대방,22,1
20250510,구의(광진구청),신도림,5,5
20250510,구의(광진구청),신도림,6,3
20250510,구의(광진구청),신도림,7,4
20250510,구의(광진구청),신도림,8,4
20250510,구의(광진구청),신도림,9,10
20250510,구의(광진구청),신도림,10,8
20250510,구의(광진구청),신도림,11,8
20250510,구의(광진구청),신도림,12,8
20250510,구의(광진구청),신도림,13,7
20250510,구의(광진구청),신도림,14,9
20250510,구의(광진구청),신도림,15,7
20250510,구의(광진구청),신도림,16,2
20250510,구의(광진구청),신도림,17,5
20250510,구의(광진구청),신도림,18,5
20250510,구의(광진구청),신도림,19,5
20250510,구의(광진구청),신도림,20,2
20250510,구의(광진구청),신도림,21,5
20250510,구의(광진구청),신도림,22,1
20250510,구의(광진구청),신림,6,1
20250510,구의(광진구청),신림,7,5
20250510,구의(광진구청),신림,8,5
20250510,구의(광진구청),신림,9,5
20250510,구의(광진구청),신림,10,4
20250510,구의(광진구청),신림,11,10
20250510,구의(광진구청),신림,12,4
20250510,구의(광진구청),신림,13,7
20250510,구의(광진구청),신림,14,12
20250510,구의(광진구청),신림,15,11
20250510,구의(광진구청),신림,16,15
20250510,구의(광진구청),신림,17,10
20250510,구의(광진구청),신림,18,8
20250510,구의(광진구청),신림,19,11
20250510,구의(광진구청),신림,20,9
20250510,구의(광진구청),신림,21,8
20250510,구의(광진구청),신림,22,6
20250510,구의(광진구청),신림,23,6
20250510,구의(광진구청),신촌,5,1
20250510,구의(광진구청),신촌,6,5
20250510,구의(광진구청),신촌,7,5
20250510,구의(광진구청),신촌,8,14
20250510,구의(광진구청),신촌,9,16
20250510,구의(광진구청),신촌,10,22
20250510,구의(광진구청),신촌,11,10
20250510,구의(광진구청),신촌,12,13
20250510,구의(광진구청),신촌,13,9
20250510,구의(광진구청),신촌,14,14
20250510,구의(광진구청),신촌,15,12
20250510,구의(광진구청),신촌,16,14
20250510,구의(광진구청),신촌,17,10
20250510,구의(광진구청),신촌,18,4
20250510,구의(광진구청),신촌,19,4
20250510,구의(광진구청),신촌,20,2
20250510,구의(광진구청),신촌,21,4
20250510,구의(광진구청),신촌,22,6
20250510,구의(광진구청),신촌,23,3
20250510,구의(광진구청),아현,6,1
20250510,구의(광진구청),아현,7,2
20250510,구의(광진구청),아현,8,3
20250510,구의(광진구청),아현,9,5
20250510,구의(광진구청),아현,11,3
20250510,구의(광진구청),아현,13,3
20250510,구의(광진구청),아현,14,1
20250510,구의(광진구청),아현,15,2
20250510,구의(광진구청),아현,16,1
20250510,구의(광진구청),아현,17,1
20250510,구의(광진구청),아현,18,1
20250510,구의(광진구청),아현,19,3
20250510,구의(광진구청),아현,20,1
20250510,구의(광진구청),아현,21,4
20250510,구의(광진구청),아현,22,1
20250510,구의(광진구청),역삼,5,4
20250510,구의(광진구청),역삼,6,8
20250510,구의(광진구청),역삼,7,20
20250510,구의(광진구청),역삼,8,41
20250510,구의(광진구청),역삼,9,36
20250510,구의(광진구청),역삼,10,27
20250510,구의(광진구청),역삼,11,19
20250510,구의(광진구청),역삼,12,18
20250510,구의(광진구청),역삼,13,15
20250510,구의(광진구청),역삼,14,16
20250510,구의(광진구청),역삼,15,15
20250510,구의(광진구청),역삼,16,8
20250510,구의(광진구청),역삼,17,13
20250510,구의(광진구청),역삼,18,7
20250510,구의(광진구청),역삼,19,12
20250510,구의(광진구청),역삼,20,2
20250510,구의(광진구청),역삼,21,6
20250510,구의(광진구청),역삼,22,9
20250510,구의(광진구청),역삼,23,3
20250510,구의(광진구청),영등포구청,5,1
20250510,구의(광진구청),영등포구청,7,2
20250510,구의(광진구청),영등포구청,8,1
20250510,구의(광진구청),영등포구청,9,2
20250510,구의(광진구청),영등포구청,10,3
20250510,구의(광진구청),영등포구청,12,3
20250510,구의(광진구청),영등포구청,13,3
20250510,구의(광진구청),영등포구청,14,2
20250510,구의(광진구청),영등포구청,15,5
20250510,구의(광진구청),영등포구청,16,3
20250510,구의(광진구청),영등포구청,17,2
20250510,구의(광진구청),영등포구청,18,2
20250510,구의(광진구청),영등포구청,19,3
20250510,구의(광진구청),영등포구청,23,1
20250510,구의(광진구청),왕십리(성동구청),5,11
20250510,구의(광진구청),왕십리(성동구청),6,5
20250510,구의(광진구청),왕십리(성동구청),7,13
20250510,구의(광진구청),왕십리(성동구청),8,12
20250510,구의(광진구청),왕십리(성동구청),9,15
20250510,구의(광진구청),왕십리(성동구청),10,8
20250510,구의(광진구청),왕십리(성동구청),11,17
20250510,구의(광진구청),왕십리(성동구청),12,23
20250510,구의(광진구청),왕십리(성동구청),13,21
20250510,구의(광진구청),왕십리(성동구청),14,13
20250510,구의(광진구청),왕십리(성동구청),15,16
20250510,구의(광진구청),왕십리(성동구청),16,9
20250510,구의(광진구청),왕십리(성동구청),17,11
20250510,구의(광진구청),왕십리(성동구청),18,14
20250510,구의(광진구청),왕십리(성동구청),19,14
20250510,구의(광진구청),왕십리(성동구청),20,10
20250510,구의(광진구청),왕십리(성동구청),21,7
20250510,구의(광진구청),왕십리(성동구청),22,8
20250510,구의(광진구청),용두(동대문구청),5,1
20250510,구의(광진구청),용두(동대문구청),7,2
20250510,구의(광진구청),용두(동대문구청),8,3
20250510,구의(광진구청),용두(동대문구청),9,4
20250510,구의(광진구청),용두(동대문구청),10,3
20250510,구의(광진구청),용두(동대문구청),11,4
20250510,구의(광진구청),용두(동대문구청),12,2
20250510,구의(광진구청),용두(동대문구청),13,8
20250510,구의(광진구청),용두(동대문구청),14,3
20250510,구의(광진구청),용두(동대문구청),15,3
20250510,구의(광진구청),용두(동대문구청),16,2
20250510,구의(광진구청),용두(동대문구청),17,3
20250510,구의(광진구청),용두(동대문구청),18,1
20250510,구의(광진구청),용두(동대문구청),19,1
20250510,구의(광진구청),용두(동대문구청),20,3
20250510,구의(광진구청),용두(동대문구청),21,2
20250510,구의(광진구청),용두(동대문구청),22,1
20250510,구의(광진구청),용두(동대문구청),23,1
20250510,구의(광진구청),을지로3가,5,1
20250510,구의(광진구청),을지로3가,6,3
20250510,구의(광진구청),을지로3가,7,6
20250510,구의(광진구청),을지로3가,8,9
20250510,구의(광진구청),을지로3가,9,12
20250510,구의(광진구청),을지로3가,10,5
20250510,구의(광진구청),을지로3가,11,10
20250510,구의(광진구청),을지로3가,12,12
20250510,구의(광진구청),을지로3가,13,10
20250510,구의(광진구청),을지로3가,14,13
20250510,구의(광진구청),을지로3가,15,9
20250510,구의(광진구청),을지로3가,16,21
20250510,구의(광진구청),을지로3가,17,16
20250510,구의(광진구청),을지로3가,18,10
20250510,구의(광진구청),을지로3가,19,3
20250510,구의(광진구청),을지로3가,20,4
20250510,구의(광진구청),을지로3가,22,2
20250510,구의(광진구청),을지로3가,23,1
20250510,구의(광진구청),을지로4가,5,2
20250510,구의(광진구청),을지로4가,6,4
20250510,구의(광진구청),을지로4가,7,12
20250510,구의(광진구청),을지로4가,8,11
20250510,구의(광진구청),을지로4가,9,9
20250510,구의(광진구청),을지로4가,10,11
20250510,구의(광진구청),을지로4가,11,18
20250510,구의(광진구청),을지로4가,12,13
20250510,구의(광진구청),을지로4가,13,4
20250510,구의(광진구청),을지로4가,14,12
20250510,구의(광진구청),을지로4가,15,14
20250510,구의(광진구청),을지로4가,16,15
20250510,구의(광진구청),을지로4가,17,10
20250510,구의(광진구청),을지로4가,18,5
20250510,구의(광진구청),을지로4가,19,4
20250510,구의(광진구청),을지로4가,20,3
20250510,구의(광진구청),을지로4가,21,2
20250510,구의(광진구청),을지로4가,22,1
20250510,구의(광진구청),을지로4가,23,1
20250510,구의(광진구청),을지로입구,6,7
20250510,구의(광진구청),을지로입구,7,11
20250510,구의(광진구청),을지로입구,8,18
20250510,구의(광진구청),을지로입구,9,32
20250510,구의(광진구청),을지로입구,10,39
20250510,구의(광진구청),을지로입구,11,23
20250510,구의(광진구청),을지로입구,12,13
20250510,구의(광진구청),을지로입구,13,18
20250510,구의(광진구청),을지로입구,14,19
20250510,구의(광진구청),을지로입구,15,19
20250510,구의(광진구청),을지로입구,16,17
20250510,구의(광진구청),을지로입구,17,14
20250510,구의(광진구청),을지로입구,18,10
20250510,구의(광진구청),을지로입구,19,4
20250510,구의(광진구청),을지로입구,20,7
20250510,구의(광진구청),을지로입구,21,4
20250510,구의(광진구청),을지로입구,22,1
20250510,구의(광진구청),을지로입구,23,3
20250510,구의(광진구청),이대,6,1
20250510,구의(광진구청),이대,7,2
20250510,구의(광진구청),이대,8,8
20250510,구의(광진구청),이대,9,8
20250510,구의(광진구청),이대,10,2
20250510,구의(광진구청),이대,11,6
20250510,구의(광진구청),이대,12,13
20250510,구의(광진구청),이대,13,6
20250510,구의(광진구청),이대,14,8
20250510,구의(광진구청),이대,15,1
20250510,구의(광진구청),이대,16,7
20250510,구의(광진구청),이대,17,6
20250510,구의(광진구청),이대,18,3
20250510,구의(광진구청),이대,19,2
20250510,구의(광진구청),이대,20,3
20250510,구의(광진구청),이대,21,4
20250510,구의(광진구청),이대,22,3
20250510,구의(광진구청),이대,23,2
20250510,구의(광진구청),잠실(송파구청),5,16
20250510,구의(광진구청),잠실(송파구청),6,23
20250510,구의(광진구청),잠실(송파구청),7,31
20250510,구의(광진구청),잠실(송파구청),8,51
20250510,구의(광진구청),잠실(송파구청),9,57
20250510,구의(광진구청),잠실(송파구청),10,81
20250510,구의(광진구청),잠실(송파구청),11,82
20250510,구의(광진구청),잠실(송파구청),12,74
20250510,구의(광진구청),잠실(송파구청),13,90
20250510,구의(광진구청),잠실(송파구청),14,92
20250510,구의(광진구청),잠실(송파구청),15,83
20250510,구의(광진구청),잠실(송파구청),16,88
20250510,구의(광진구청),잠실(송파구청),17,58
20250510,구의(광진구청),잠실(송파구청),18,37
20250510,구의(광진구청),잠실(송파구청),19,51
20250510,구의(광진구청),잠실(송파구청),20,35
20250510,구의(광진구청),잠실(송파구청),21,25
20250510,구의(광진구청),잠실(송파구청),22,16
20250510,구의(광진구청),잠실(송파구청),23,5
20250510,구의(광진구청),잠실나루,5,9
20250510,구의(광진구청),잠실나루,6,19
20250510,구의(광진구청),잠실나루,7,15
20250510,구의(광진구청),잠실나루,8,21
20250510,구의(광진구청),잠실나루,9,14
20250510,구의(광진구청),잠실나루,10,10
20250510,구의(광진구청),잠실나루,11,15
20250510,구의(광진구청),잠실나루,12,11
20250510,구의(광진구청),잠실나루,13,14
20250510,구의(광진구청),잠실나루,14,16
20250510,구의(광진구청),잠실나루,15,11
20250510,구의(광진구청),잠실나루,16,23
20250510,구의(광진구청),잠실나루,17,18
20250510,구의(광진구청),잠실나루,18,12
20250510,구의(광진구청),잠실나루,19,11
20250510,구의(광진구청),잠실나루,20,11
20250510,구의(광진구청),잠실나루,21,7
20250510,구의(광진구청),잠실나루,22,8
20250510,구의(광진구청),잠실나루,23,9
20250510,구의(광진구청),잠실새내,5,8
20250510,구의(광진구청),잠실새내,6,10
20250510,구의(광진구청),잠실새내,7,13
20250510,구의(광진구청),잠실새내,8,28
20250510,구의(광진구청),잠실새내,9,30
20250510,구의(광진구청),잠실새내,10,17
20250510,구의(광진구청),잠실새내,11,21
20250510,구의(광진구청),잠실새내,12,31
20250510,구의(광진구청),잠실새내,13,29
20250510,구의(광진구청),잠실새내,14,21
20250510,구의(광진구청),잠실새내,15,31
20250510,구의(광진구청),잠실새내,16,19
20250510,구의(광진구청),잠실새내,17,21
20250510,구의(광진구청),잠실새내,18,20
20250510,구의(광진구청),잠실새내,19,15
20250510,구의(광진구청),잠실새내,20,10
20250510,구의(광진구청),잠실새내,21,11
20250510,구의(광진구청),잠실새내,22,11
20250510,구의(광진구청),잠실새내,23,9
20250510,구의(광진구청),종합운동장,5,2
20250510,구의(광진구청),종합운동장,6,6
20250510,구의(광진구청),종합운동장,7,7
20250510,구의(광진구청),종합운동장,8,7
20250510,구의(광진구청),종합운동장,9,8
20250510,구의(광진구청),종합운동장,10,3
20250510,구의(광진구청),종합운동장,11,9
20250510,구의(광진구청),종합운동장,12,1
20250510,구의(광진구청),종합운동장,13,8
20250510,구의(광진구청),종합운동장,14,14
20250510,구의(광진구청),종합운동장,15,37
20250510,구의(광진구청),종합운동장,16,41
20250510,구의(광진구청),종합운동장,17,9
20250510,구의(광진구청),종합운동장,19,2
20250510,구의(광진구청),종합운동장,22,4
20250510,구의(광진구청),충정로(경기대입구),6,2
20250510,구의(광진구청),충정로(경기대입구),9,3
20250510,구의(광진구청),충정로(경기대입구),10,2
20250510,구의(광진구청),충정로(경기대입구),11,3
20250510,구의(광진구청),충정로(경기대입구),12,3
20250510,구의(광진구청),충정로(경기대입구),13,3
20250510,구의(광진구청),충정로(경기대입구),14,10
20250510,구의(광진구청),충정로(경기대입구),15,1
20250510,구의(광진구청),충정로(경기대입구),16,7
20250510,구의(광진구청),충정로(경기대입구),17,1
20250510,구의(광진구청),충정로(경기대입구),18,1
20250510,구의(광진구청),충정로(경기대입구),19,1
20250510,구의(광진구청),충정로(경기대입구),20,2
20250510,구의(광진구청),충정로(경기대입구),22,1
20250510,구의(광진구청),충정로(경기대입구),23,2
20250510,구의(광진구청),한양대,5,3
20250510,구의(광진구청),한양대,6,2
20250510,구의(광진구청),한양대,7,2
20250510,구의(광진구청),한양대,8,6
20250510,구의(광진구청),한양대,9,14
20250510,구의(광진구청),한양대,10,7
20250510,구의(광진구청),한양대,11,5
20250510,구의(광진구청),한양대,12,12
20250510,구의(광진구청),한양대,13,9
20250510,구의(광진구청),한양대,14,13
20250510,구의(광진구청),한양대,15,6
20250510,구의(광진구청),한양대,16,3
20250510,구의(광진구청),한양대,17,7
20250510,구의(광진구청),한양대,18,6
20250510,구의(광진구청),한양대,19,3
20250510,구의(광진구청),한양대,20,1
20250510,구의(광진구청),한양대,21,1
20250510,구의(광진구청),한양대,22,3
20250510,구의(광진구청),한양대,23,1
20250510,구의(광진구청),합정,5,4
20250510,구의(광진구청),합정,6,4
20250510,구의(광진구청),합정,7,3
20250510,구의(광진구청),합정,8,5
20250510,구의(광진구청),합정,9,4
20250510,구의(광진구청),합정,10,6
20250510,구의(광진구청),합정,11,15
20250510,구의(광진구청),합정,12,11
20250510,구의(광진구청),합정,13,9
20250510,구의(광진구청),합정,14,19
20250510,구의(광진구청),합정,15,12
20250510,구의(광진구청),합정,16,21
20250510,구의(광진구청),합정,17,13
20250510,구의(광진구청),합정,18,11
20250510,구의(광진구청),합정,19,5
20250510,구의(광진구청),합정,20,6
20250510,구의(광진구청),합정,21,5
20250510,구의(광진구청),합정,22,7
20250510,구의(광진구청),홍대입구,6,2
20250510,구의(광진구청),홍대입구,7,5
20250510,구의(광진구청),홍대입구,8,7
20250510,구의(광진구청),홍대입구,9,13
20250510,구의(광진구청),홍대입구,10,26
20250510,구의(광진구청),홍대입구,11,36
20250510,구의(광진구청),홍대입구,12,29
20250510,구의(광진구청),홍대입구,13,46
20250510,구의(광진구청),홍대입구,14,42
20250510,구의(광진구청),홍대입구,15,25
20250510,구의(광진구청),홍대입구,16,36
20250510,구의(광진구청),홍대입구,17,18
20250510,구의(광진구청),홍대입구,18,23
20250510,구의(광진구청),홍대입구,19,7
20250510,구의(광진구청),홍대입구,20,10
20250510,구의(광진구청),홍대입구,21,6
20250510,구의(광진구청),홍대입구,22,3
20250510,구의(광진구청),홍대입구,23,13
20250510,낙성대,강남,5,15
20250510,낙성대,강남,6,33
20250510,낙성대,강남,7,45
20250510,낙성대,강남,8,147
20250510,낙성대,강남,9,184
20250510,낙성대,강남,10,119
20250510,낙성대,강남,11,77
20250510,낙성대,강남,12,126
20250510,낙성대,강남,13,122
20250510,낙성대,강남,14,87
20250510,낙성대,강남,15,93
20250510,낙성대,강남,16,86
20250510,낙성대,강남,17,86
20250510,낙성대,강남,18,51
20250510,낙성대,강남,19,44
20250510,낙성대,강남,20,39
20250510,낙성대,강남,21,23
20250510,낙성대,강남,22,16
20250510,낙성대,강남,23,14
20250510,낙성대,강변(동서울터미널),5,4
20250510,낙성대,강변(동서울터미널),6,5
20250510,낙성대,강변(동서울터미널),7,4
20250510,낙성대,강변(동서울터미널),8,6
20250510,낙성대,강변(동서울터미널),9,8
20250510,낙성대,강변(동서울터미널),10,7
20250510,낙성대,강변(동서울터미널),11,8
20250510,낙성대,강변(동서울터미널),12,14
20250510,낙성대,강변(동서울터미널),13,11
20250510,낙성대,강변(동서울터미널),14,4
20250510,낙성대,강변(동서울터미널),15,6
20250510,낙성대,강변(동서울터미널),16,7
20250510,낙성대,강변(동서울터미널),17,5
20250510,낙성대,강변(동서울터미널),18,1
20250510,낙성대,강변(동서울터미널),19,6
20250510,낙성대,강변(동서울터미널),20,2
20250510,낙성대,강변(동서울터미널),21,3
20250510,낙성대,강변(동서울터미널),22,2
20250510,낙성대,강변(동서울터미널),23,3
20250510,낙성대,건대입구,5,3
20250510,낙성대,건대입구,6,3
20250510,낙성대,건대입구,7,4
20250510,낙성대,건대입구,8,6
20250510,낙성대,건대입구,9,13
20250510,낙성대,건대입구,10,7
20250510,낙성대,건대입구,11,11
20250510,낙성대,건대입구,12,10
20250510,낙성대,건대입구,13,11
20250510,낙성대,건대입구,14,9
20250510,낙성대,건대입구,15,12
20250510,낙성대,건대입구,16,11
20250510,낙성대,건대입구,17,14
20250510,낙성대,건대입구,18,9
20250510,낙성대,건대입구,19,8
20250510,낙성대,건대입구,20,3
20250510,낙성대,건대입구,21,3
20250510,낙성대,건대입구,22,3
20250510,낙성대,건대입구,23,9
20250510,낙성대,교대(법원.검찰청),5,8
20250510,낙성대,교대(법원.검찰청),6,20
20250510,낙성대,교대(법원.검찰청),7,18
20250510,낙성대,교대(법원.검찰청),8,45
20250510,낙성대,교대(법원.검찰청),9,51
20250510,낙성대,교대(법원.검찰청),10,29
20250510,낙성대,교대(법원.검찰청),11,30
20250510,낙성대,교대(법원.검찰청),12,48
20250510,낙성대,교대(법원.검찰청),13,38
20250510,낙성대,교대(법원.검찰청),14,16
20250510,낙성대,교대(법원.검찰청),15,21
20250510,낙성대,교대(법원.검찰청),16,22
20250510,낙성대,교대(법원.검찰청),17,14
20250510,낙성대,교대(법원.검찰청),18,14
20250510,낙성대,교대(법원.검찰청),19,15
20250510,낙성대,교대(법원.검찰청),20,12
20250510,낙성대,교대(법원.검찰청),21,5
20250510,낙성대,교대(법원.검찰청),22,2
20250510,낙성대,교대(법원.검찰청),23,10
20250510,낙성대,구로디지털단지,5,3
20250510,낙성대,구로디지털단지,6,8
20250510,낙성대,구로디지털단지,7,15
20250510,낙성대,구로디지털단지,8,25
20250510,낙성대,구로디지털단지,9,28
20250510,낙성대,구로디지털단지,10,23
20250510,낙성대,구로디지털단지,11,19
20250510,낙성대,구로디지털단지,12,34
20250510,낙성대,구로디지털단지,13,44
20250510,낙성대,구로디지털단지,14,19
20250510,낙성대,구로디지털단지,15,20
20250510,낙성대,구로디지털단지,16,33
20250510,낙성대,구로디지털단지,17,27
20250510,낙성대,구로디지털단지,18,14
20250510,낙성대,구로디지털단지,19,17
20250510,낙성대,구로디지털단지,20,16
20250510,낙성대,구로디지털단지,21,27
20250510,낙성대,구로디지털단지,22,13
20250510,낙성대,구로디지털단지,23,3
20250510,낙성대,구의(광진구청),5,1
20250510,낙성대,구의(광진구청),6,3
20250510,낙성대,구의(광진구청),7,3
20250510,낙성대,구의(광진구청),9,7
20250510,낙성대,구의(광진구청),10,3
20250510,낙성대,구의(광진구청),11,9
20250510,낙성대,구의(광진구청),12,3
20250510,낙성대,구의(광진구청),13,5
20250510,낙성대,구의(광진구청),14,5
20250510,낙성대,구의(광진구청),15,2
20250510,낙성대,구의(광진구청),16,9
20250510,낙성대,구의(광진구청),17,2
20250510,낙성대,구의(광진구청),18,2
20250510,낙성대,구의(광진구청),19,5
20250510,낙성대,구의(광진구청),20,2
20250510,낙성대,구의(광진구청),21,2
20250510,낙성대,구의(광진구청),22,2
20250510,낙성대,낙성대,5,2
20250510,낙성대,낙성대,6,5
20250510,낙성대,낙성대,7,11
20250510,낙성대,낙성대,8,10
20250510,낙성대,낙성대,9,29
20250510,낙성대,낙성대,10,18
20250510,낙성대,낙성대,11,22
20250510,낙성대,낙성대,12,35
20250510,낙성대,낙성대,13,30
20250510,낙성대,낙성대,14,20
20250510,낙성대,낙성대,15,16
20250510,낙성대,낙성대,16,36
20250510,낙성대,낙성대,17,28
20250510,낙성대,낙성대,18,13
20250510,낙성대,낙성대,19,16
20250510,낙성대,낙성대,20,19
20250510,낙성대,낙성대,21,16
20250510,낙성대,낙성대,22,15
20250510,낙성대,낙성대,23,10
20250510,낙성대,당산,5,1
20250510,낙성대,당산,6,3
20250510,낙성대,당산,7,6
20250510,낙성대,당산,8,13
20250510,낙성대,당산,9,12
20250510,낙성대,당산,10,6
20250510,낙성대,당산,11,9
20250510,낙성대,당산,12,13
20250510,낙성대,당산,13,9
20250510,낙성대,당산,14,13
20250510,낙성대,당산,15,10
20250510,낙성대,당산,16,9
20250510,낙성대,당산,17,10
20250510,낙성대,당산,18,7
20250510,낙성대,당산,19,10
20250510,낙성대,당산,20,7
20250510,낙성대,당산,21,9
20250510,낙성대,당산,22,5
20250510,낙성대,당산,23,2
20250510,낙성대,대림(구로구청),5,6
20250510,낙성대,대림(구로구청),6,1
20250510,낙성대,대림(구로구청),7,2
20250510,낙성대,대림(구로구청),8,6
20250510,낙성대,대림(구로구청),9,10
20250510,낙성대,대림(구로구청),10,13
20250510,낙성대,대림(구로구청),11,8
20250510,낙성대,대림(구로구청),12,11
20250510,낙성대,대림(구로구청),13,13
20250510,낙성대,대림(구로구청),14,13
20250510,낙성대,대림(구로구청),15,18
20250510,낙성대,대림(구로구청),16,9
20250510,낙성대,대림(구로구청),17,8
20250510,낙성대,대림(구로구청),18,6
20250510,낙성대,대림(구로구청),19,7
20250510,낙성대,대림(구로구청),20,13
20250510,낙성대,대림(구로구청),21,9
20250510,낙성대,대림(구로구청),22,4
20250510,낙성대,대림(구로구청),23,2
20250510,낙성대,동대문역사문화공원,5,1
20250510,낙성대,동대문역사문화공원,8,5
20250510,낙성대,동대문역사문화공원,11,3
20250510,낙성대,동대문역사문화공원,12,5
20250510,낙성대,동대문역사문화공원,14,2
20250510,낙성대,동대문역사문화공원,15,1
20250510,낙성대,동대문역사문화공원,16,3
20250510,낙성대,동대문역사문화공원,17,2
20250510,낙성대,동대문역사문화공원,19,1
20250510,낙성대,동대문역사문화공원,22,1
20250510,낙성대,뚝섬,5,2
20250510,낙성대,뚝섬,6,1
20250510,낙성대,뚝섬,7,2
20250510,낙성대,뚝섬,8,2
20250510,낙성대,뚝섬,9,5
20250510,낙성대,뚝섬,10,10
20250510,낙성대,뚝섬,11,8
20250510,낙성대,뚝섬,12,12
20250510,낙성대,뚝섬,13,7
20250510,낙성대,뚝섬,14,1
20250510,낙성대,뚝섬,15,3
20250510,낙성대,뚝섬,16,1
20250510,낙성대,뚝섬,17,2
20250510,낙성대,뚝섬,18,4
20250510,낙성대,뚝섬,20,1
20250510,낙성대,뚝섬,22,1
20250510,낙성대,문래,5,1
20250510,낙성대,문래,6,2
20250510,낙성대,문래,7,4
20250510,낙성대,문래,8,6
20250510,낙성대,문래,9,5
20250510,낙성대,문래,10,11
20250510,낙성대,문래,11,12
20250510,낙성대,문래,12,21
20250510,낙성대,문래,13,9
20250510,낙성대,문래,14,6
20250510,낙성대,문래,15,15
20250510,낙성대,문래,16,20
20250510,낙성대,문래,17,9
20250510,낙성대,문래,18,8
20250510,낙성대,문래,19,3
20250510,낙성대,문래,20,3
20250510,낙성대,문래,21,6
20250510,낙성대,문래,22,1
20250510,낙성대,방배,5,6
20250510,낙성대,방배,6,16
20250510,낙성대,방배,7,16
20250510,낙성대,방배,8,29
20250510,낙성대,방배,9,39
20250510,낙성대,방배,10,21
20250510,낙성대,방배,11,20
20250510,낙성대,방배,12,24
20250510,낙성대,방배,13,22
20250510,낙성대,방배,14,9
20250510,낙성대,방배,15,19
20250510,낙성대,방배,16,18
20250510,낙성대,방배,17,23
20250510,낙성대,방배,18,15
20250510,낙성대,방배,19,17
20250510,낙성대,방배,20,5
20250510,낙성대,방배,21,6
20250510,낙성대,방배,22,3
20250510,낙성대,방배,23,3
20250510,낙성대,봉천,5,3
20250510,낙성대,봉천,6,15
20250510,낙성대,봉천,7,14
20250510,낙성대,봉천,8,34
20250510,낙성대,봉천,9,29
20250510,낙성대,봉천,10,41
20250510,낙성대,봉천,11,37
20250510,낙성대,봉천,12,41
20250510,낙성대,봉천,13,44
20250510,낙성대,봉천,14,31
20250510,낙성대,봉천,15,26
20250510,낙성대,봉천,16,50
20250510,낙성대,봉천,17,43
20250510,낙성대,봉천,18,31
20250510,낙성대,봉천,19,22
20250510,낙성대,봉천,20,30
20250510,낙성대,봉천,21,23
20250510,낙성대,봉천,22,12
20250510,낙성대,봉천,23,6
20250510,낙성대,사당,5,9
20250510,낙성대,사당,6,15
20250510,낙성대,사당,7,12
20250510,낙성대,사당,8,43
20250510,낙성대,사당,9,45
20250510,낙성대,사당,10,50
20250510,낙성대,사당,11,65
20250510,낙성대,사당,12,78
20250510,낙성대,사당,13,68
20250510,낙성대,사당,14,47
20250510,낙성대,사당,15,46
20250510,낙성대,사당,16,80
20250510,낙성대,사당,17,93
20250510,낙성대,사당,18,54
20250510,낙성대,사당,19,41
20250510,낙성대,사당,20,40
20250510,낙성대,사당,21,29
20250510,낙성대,사당,22,21
20250510,낙성대,사당,23,13
20250510,낙성대,삼성(무역센터),5,18
20250510,낙성대,삼성(무역센터),6,24
20250510,낙성대,삼성(무역센터),7,28
20250510,낙성대,삼성(무역센터),8,39
20250510,낙성대,삼성(무역센터),9,62
20250510,낙성대,삼성(무역센터),10,53
20250510,낙성대,삼성(무역센터),11,44
20250510,낙성대,삼성(무역센터),12,37
20250510,낙성대,삼성(무역센터),13,43
20250510,낙성대,삼성(무역센터),14,47
20250510,낙성대,삼성(무역센터),15,37
20250510,낙성대,삼성(무역센터),16,28
20250510,낙성대,삼성(무역센터),17,27
20250510,낙성대,삼성(무역센터),18,15
20250510,낙성대,삼성(무역센터),19,7
20250510,낙성대,삼성(무역센터),20,3
20250510,낙성대,삼성(무역센터),21,1
20250510,낙성대,삼성(무역센터),22,7
20250510,낙성대,삼성(무역센터),23,4
20250510,낙성대,상왕십리,6,2
20250510,낙성대,상왕십리,7,1
20250510,낙성대,상왕십리,9,1
20250510,낙성대,상왕십리,10,4
20250510,낙성대,상왕십리,11,2
20250510,낙성대,상왕십리,12,3
20250510,낙성대,상왕십리,13,2
20250510,낙성대,상왕십리,14,1
20250510,낙성대,상왕십리,15,1
20250510,낙성대,상왕십리,16,1
20250510,낙성대,상왕십리,17,3
20250510,낙성대,상왕십리,20,2
20250510,낙성대,상왕십리,21,3
20250510,낙성대,상왕십리,22,1
20250510,낙성대,상왕십리,23,1
20250510,낙성대,서울대입구(관악구청),0,1
20250510,낙성대,서울대입구(관악구청),5,1
20250510,낙성대,서울대입구(관악구청),6,8
20250510,낙성대,서울대입구(관악구청),7,25
20250510,낙성대,서울대입구(관악구청),8,52
20250510,낙성대,서울대입구(관악구청),9,78
20250510,낙성대,서울대입구(관악구청),10,75
20250510,낙성대,서울대입구(관악구청),11,103
20250510,낙성대,서울대입구(관악구청),12,112
20250510,낙성대,서울대입구(관악구청),13,104
20250510,낙성대,서울대입구(관악구청),14,93
20250510,낙성대,서울대입구(관악구청),15,70
20250510,낙성대,서울대입구(관악구청),16,80
20250510,낙성대,서울대입구(관악구청),17,96
20250510,낙성대,서울대입구(관악구청),18,70
20250510,낙성대,서울대입구(관악구청),19,76
20250510,낙성대,서울대입구(관악구청),20,36
20250510,낙성대,서울대입구(관악구청),21,41
20250510,낙성대,서울대입구(관악구청),22,36
20250510,낙성대,서울대입구(관악구청),23,14
20250510,낙성대,서초,5,10
20250510,낙성대,서초,6,23
20250510,낙성대,서초,7,23
20250510,낙성대,서초,8,14
20250510,낙성대,서초,9,18
20250510,낙성대,서초,10,21
20250510,낙성대,서초,11,13
20250510,낙성대,서초,12,15
20250510,낙성대,서초,13,16
20250510,낙성대,서초,14,29
20250510,낙성대,서초,15,24
20250510,낙성대,서초,16,22
20250510,낙성대,서초,17,18
20250510,낙성대,서초,18,10
20250510,낙성대,서초,19,9
20250510,낙성대,서초,20,4
20250510,낙성대,서초,21,8
20250510,낙성대,서초,22,3
20250510,낙성대,서초,23,2
20250510,낙성대,선릉,5,13
20250510,낙성대,선릉,6,26
20250510,낙성대,선릉,7,26
20250510,낙성대,선릉,8,62
20250510,낙성대,선릉,9,55
20250510,낙성대,선릉,10,32
20250510,낙성대,선릉,11,39
20250510,낙성대,선릉,12,56
20250510,낙성대,선릉,13,32
20250510,낙성대,선릉,14,20
20250510,낙성대,선릉,15,24
20250510,낙성대,선릉,16,25
20250510,낙성대,선릉,17,27
20250510,낙성대,선릉,18,8
20250510,낙성대,선릉,19,12
20250510,낙성대,선릉,20,6
20250510,낙성대,선릉,21,12
20250510,낙성대,선릉,22,5
20250510,낙성대,선릉,23,4
20250510,낙성대,성수,5,3
20250510,낙성대,성수,6,3
20250510,낙성대,성수,7,8
20250510,낙성대,성수,8,6
20250510,낙성대,성수,9,10
20250510,낙성대,성수,10,15
20250510,낙성대,성수,11,21
20250510,낙성대,성수,12,19
20250510,낙성대,성수,13,26
20250510,낙성대,성수,14,14
20250510,낙성대,성수,15,12
20250510,낙성대,성수,16,9
20250510,낙성대,성수,17,11
20250510,낙성대,성수,18,4
20250510,낙성대,성수,19,2
20250510,낙성대,성수,20,1
20250510,낙성대,성수,22,1
20250510,낙성대,시청,6,1
20250510,낙성대,시청,8,7
20250510,낙성대,시청,9,9
20250510,낙성대,시청,10,2
20250510,낙성대,시청,11,3
20250510,낙성대,시청,12,3
20250510,낙성대,시청,13,4
20250510,낙성대,시청,14,3
20250510,낙성대,시청,15,1
20250510,낙성대,시청,17,3
20250510,낙성대,시청,21,1
20250510,낙성대,신당,6,1
20250510,낙성대,신당,7,2
20250510,낙성대,신당,8,2
20250510,낙성대,신당,9,1
20250510,낙성대,신당,10,3
20250510,낙성대,신당,12,1
20250510,낙성대,신당,13,1
20250510,낙성대,신당,16,1
20250510,낙성대,신당,17,3
20250510,낙성대,신당,18,1
20250510,낙성대,신당,22,2
20250510,낙성대,신대방,5,3
20250510,낙성대,신대방,6,1
20250510,낙성대,신대방,7,10
20250510,낙성대,신대방,8,10
20250510,낙성대,신대방,9,13
20250510,낙성대,신대방,10,15
20250510,낙성대,신대방,11,12
20250510,낙성대,신대방,12,14
20250510,낙성대,신대방,13,18
20250510,낙성대,신대방,14,17
20250510,낙성대,신대방,15,17
20250510,낙성대,신대방,16,17
20250510,낙성대,신대방,17,12
20250510,낙성대,신대방,18,19
20250510,낙성대,신대방,19,15
20250510,낙성대,신대방,20,16
20250510,낙성대,신대방,21,15
20250510,낙성대,신대방,22,10
20250510,낙성대,신대방,23,6
20250510,낙성대,신도림,5,1
20250510,낙성대,신도림,6,8
20250510,낙성대,신도림,7,9
20250510,낙성대,신도림,8,24
20250510,낙성대,신도림,9,17
20250510,낙성대,신도림,10,18
20250510,낙성대,신도림,11,35
20250510,낙성대,신도림,12,29
20250510,낙성대,신도림,13,29
20250510,낙성대,신도림,14,28
20250510,낙성대,신도림,15,18
20250510,낙성대,신도림,16,25
20250510,낙성대,신도림,17,33
20250510,낙성대,신도림,18,28
20250510,낙성대,신도림,19,19
20250510,낙성대,신도림,20,9
20250510,낙성대,신도림,21,8
20250510,낙성대,신도림,22,7
20250510,낙성대,신도림,23,13
20250510,낙성대,신림,5,5
20250510,낙성대,신림,6,15
20250510,낙성대,신림,7,26
20250510,낙성대,신림,8,44
20250510,낙성대,신림,9,43
20250510,낙성대,신림,10,45
20250510,낙성대,신림,11,56
20250510,낙성대,신림,12,52
20250510,낙성대,신림,13,77
20250510,낙성대,신림,14,56
20250510,낙성대,신림,15,78
20250510,낙성대,신림,16,76
20250510,낙성대,신림,17,102
20250510,낙성대,신림,18,64
20250510,낙성대,신림,19,43
20250510,낙성대,신림,20,82
20250510,낙성대,신림,21,53
20250510,낙성대,신림,22,27
20250510,낙성대,신림,23,22
20250510,낙성대,신촌,6,1
20250510,낙성대,신촌,7,6
20250510,낙성대,신촌,8,19
20250510,낙성대,신촌,9,13
20250510,낙성대,신촌,10,11
20250510,낙성대,신촌,11,27
20250510,낙성대,신촌,12,18
20250510,낙성대,신촌,13,15
20250510,낙성대,신촌,14,21
20250510,낙성대,신촌,15,22
20250510,낙성대,신촌,16,13
20250510,낙성대,신촌,17,24
20250510,낙성대,신촌,18,8
20250510,낙성대,신촌,19,11
20250510,낙성대,신촌,20,3
20250510,낙성대,신촌,21,4
20250510,낙성대,신촌,22,1
20250510,낙성대,신촌,23,3
20250510,낙성대,아현,5,1
20250510,낙성대,아현,7,1
20250510,낙성대,아현,8,1
20250510,낙성대,아현,9,1
20250510,낙성대,아현,10,2
20250510,낙성대,아현,11,3
20250510,낙성대,아현,12,1
20250510,낙성대,아현,13,1
20250510,낙성대,아현,14,3
20250510,낙성대,아현,15,1
20250510,낙성대,아현,16,8
20250510,낙성대,아현,17,1
20250510,낙성대,아현,18,2
20250510,낙성대,아현,19,2
20250510,낙성대,아현,20,1
20250510,낙성대,아현,21,4
20250510,낙성대,역삼,5,12
20250510,낙성대,역삼,6,13
20250510,낙성대,역삼,7,22
20250510,낙성대,역삼,8,38
20250510,낙성대,역삼,9,50
20250510,낙성대,역삼,10,41
20250510,낙성대,역삼,11,40
20250510,낙성대,역삼,12,34
20250510,낙성대,역삼,13,21
20250510,낙성대,역삼,14,19
20250510,낙성대,역삼,15,16
20250510,낙성대,역삼,16,19
20250510,낙성대,역삼,17,26
20250510,낙성대,역삼,18,13
20250510,낙성대,역삼,19,6
20250510,낙성대,역삼,20,4
20250510,낙성대,역삼,21,10
20250510,낙성대,역삼,22,4
20250510,낙성대,역삼,23,2
20250510,낙성대,영등포구청,6,2
20250510,낙성대,영등포구청,7,4
20250510,낙성대,영등포구청,8,5
20250510,낙성대,영등포구청,9,6
20250510,낙성대,영등포구청,10,15
20250510,낙성대,영등포구청,11,10
20250510,낙성대,영등포구청,12,15
20250510,낙성대,영등포구청,13,12
20250510,낙성대,영등포구청,14,19
20250510,낙성대,영등포구청,15,11
20250510,낙성대,영등포구청,16,9
20250510,낙성대,영등포구청,17,13
20250510,낙성대,영등포구청,18,7
20250510,낙성대,영등포구청,19,4
20250510,낙성대,영등포구청,20,1
20250510,낙성대,영등포구청,21,1
20250510,낙성대,영등포구청,23,3
20250510,낙성대,왕십리(성동구청),5,1
20250510,낙성대,왕십리(성동구청),7,1
20250510,낙성대,왕십리(성동구청),9,4
20250510,낙성대,왕십리(성동구청),10,2
20250510,낙성대,왕십리(성동구청),11,4
20250510,낙성대,왕십리(성동구청),12,2
20250510,낙성대,왕십리(성동구청),13,3
20250510,낙성대,왕십리(성동구청),14,4
20250510,낙성대,왕십리(성동구청),15,1
20250510,낙성대,왕십리(성동구청),16,2
20250510,낙성대,왕십리(성동구청),18,2
20250510,낙성대,왕십리(성동구청),19,4
20250510,낙성대,왕십리(성동구청),21,1
20250510,낙성대,왕십리(성동구청),22,1
20250510,낙성대,용두(동대문구청),6,1
20250510,낙성대,용두(동대문구청),10,1
20250510,낙성대,용두(동대문구청),12,1
20250510,낙성대,용두(동대문구청),21,1
20250510,낙성대,용두(동대문구청),22,1
20250510,낙성대,을지로3가,5,1
20250510,낙성대,을지로3가,6,2
20250510,낙성대,을지로3가,7,2
20250510,낙성대,을지로3가,9,1
20250510,낙성대,을지로3가,10,1
20250510,낙성대,을지로3가,11,2
20250510,낙성대,을지로3가,12,5
20250510,낙성대,을지로3가,14,2
20250510,낙성대,을지로3가,15,1
20250510,낙성대,을지로3가,16,4
20250510,낙성대,을지로3가,17,6
20250510,낙성대,을지로3가,18,2
20250510,낙성대,을지로3가,19,1
20250510,낙성대,을지로4가,6,2
20250510,낙성대,을지로4가,7,1
20250510,낙성대,을지로4가,8,1
20250510,낙성대,을지로4가,9,2
20250510,낙성대,을지로4가,10,2
20250510,낙성대,을지로4가,11,1
20250510,낙성대,을지로4가,12,4
20250510,낙성대,을지로4가,13,1
20250510,낙성대,을지로4가,14,1
20250510,낙성대,을지로4가,15,4
20250510,낙성대,을지로4가,16,1
20250510,낙성대,을지로4가,17,1
20250510,낙성대,을지로4가,18,2
20250510,낙성대,을지로4가,22,1
20250510,낙성대,을지로입구,5,1
20250510,낙성대,을지로입구,6,3
20250510,낙성대,을지로입구,7,1
20250510,낙성대,을지로입구,8,5
20250510,낙성대,을지로입구,9,4
20250510,낙성대,을지로입구,10,10
20250510,낙성대,을지로입구,11,7
20250510,낙성대,을지로입구,12,5
20250510,낙성대,을지로입구,13,8
20250510,낙성대,을지로입구,14,5
20250510,낙성대,을지로입구,15,1
20250510,낙성대,을지로입구,16,8
20250510,낙성대,을지로입구,17,1
20250510,낙성대,을지로입구,18,1
20250510,낙성대,이대,8,8
20250510,낙성대,이대,9,5
20250510,낙성대,이대,10,10
20250510,낙성대,이대,11,6
20250510,낙성대,이대,12,8
20250510,낙성대,이대,13,6
20250510,낙성대,이대,14,3
20250510,낙성대,이대,15,6
20250510,낙성대,이대,16,6
20250510,낙성대,이대,17,1
20250510,낙성대,이대,18,20
20250510,낙성대,이대,19,5
20250510,낙성대,이대,20,1
20250510,낙성대,이대,21,1
20250510,낙성대,이대,22,2
20250510,낙성대,이대,23,3
20250510,낙성대,잠실(송파구청),5,5
20250510,낙성대,잠실(송파구청),6,25
20250510,낙성대,잠실(송파구청),7,23
20250510,낙성대,잠실(송파구청),8,42
20250510,낙성대,잠실(송파구청),9,48
20250510,낙성대,잠실(송파구청),10,41
20250510,낙성대,잠실(송파구청),11,62
20250510,낙성대,잠실(송파구청),12,81
20250510,낙성대,잠실(송파구청),13,69
20250510,낙성대,잠실(송파구청),14,59
20250510,낙성대,잠실(송파구청),15,66
20250510,낙성대,잠실(송파구청),16,71
20250510,낙성대,잠실(송파구청),17,57
20250510,낙성대,잠실(송파구청),18,36
20250510,낙성대,잠실(송파구청),19,17
20250510,낙성대,잠실(송파구청),20,15
20250510,낙성대,잠실(송파구청),21,17
20250510,낙성대,잠실(송파구청),22,13
20250510,낙성대,잠실(송파구청),23,6
20250510,낙성대,잠실나루,5,5
20250510,낙성대,잠실나루,6,3
20250510,낙성대,잠실나루,8,2
20250510,낙성대,잠실나루,9,4
20250510,낙성대,잠실나루,10,3
20250510,낙성대,잠실나루,11,3
20250510,낙성대,잠실나루,12,1
20250510,낙성대,잠실나루,13,2
20250510,낙성대,잠실나루,14,5
20250510,낙성대,잠실나루,15,1
20250510,낙성대,잠실나루,16,1
20250510,낙성대,잠실나루,17,3
20250510,낙성대,잠실나루,18,4
20250510,낙성대,잠실나루,19,1
20250510,낙성대,잠실나루,20,2
20250510,낙성대,잠실나루,22,3
20250510,낙성대,잠실나루,23,1
20250510,낙성대,잠실새내,5,1
20250510,낙성대,잠실새내,6,1
20250510,낙성대,잠실새내,7,2
20250510,낙성대,잠실새내,8,10
20250510,낙성대,잠실새내,9,9
20250510,낙성대,잠실새내,10,9
20250510,낙성대,잠실새내,11,9
20250510,낙성대,잠실새내,12,11
20250510,낙성대,잠실새내,13,2
20250510,낙성대,잠실새내,14,11
20250510,낙성대,잠실새내,15,9
20250510,낙성대,잠실새내,16,13
20250510,낙성대,잠실새내,17,20
20250510,낙성대,잠실새내,18,3
20250510,낙성대,잠실새내,19,9
20250510,낙성대,잠실새내,20,5
20250510,낙성대,잠실새내,21,5
20250510,낙성대,잠실새내,22,6
20250510,낙성대,종합운동장,5,2
20250510,낙성대,종합운동장,6,9
20250510,낙성대,종합운동장,7,11
20250510,낙성대,종합운동장,8,3
20250510,낙성대,종합운동장,9,14
20250510,낙성대,종합운동장,10,4
20250510,낙성대,종합운동장,11,8
20250510,낙성대,종합운동장,12,7
20250510,낙성대,종합운동장,13,5
20250510,낙성대,종합운동장,14,18
20250510,낙성대,종합운동장,15,33
20250510,낙성대,종합운동장,16,45
20250510,낙성대,종합운동장,17,7
20250510,낙성대,종합운동장,18,9
20250510,낙성대,종합운동장,19,1
20250510,낙성대,종합운동장,20,4
20250510,낙성대,종합운동장,22,5
20250510,낙성대,종합운동장,23,1
20250510,낙성대,충정로(경기대입구),6,2
20250510,낙성대,충정로(경기대입구),8,1
20250510,낙성대,충정로(경기대입구),9,3
20250510,낙성대,충정로(경기대입구),10,5
20250510,낙성대,충정로(경기대입구),11,1
20250510,낙성대,충정로(경기대입구),12,2
20250510,낙성대,충정로(경기대입구),13,2
20250510,낙성대,충정로(경기대입구),16,4
20250510,낙성대,충정로(경기대입구),17,3
20250510,낙성대,한양대,6,1
20250510,낙성대,한양대,7,2
20250510,낙성대,한양대,8,3
20250510,낙성대,한양대,9,4
20250510,낙성대,한양대,11,2
20250510,낙성대,한양대,12,4
20250510,낙성대,한양대,14,9
20250510,낙성대,한양대,15,3
20250510,낙성대,한양대,16,1
20250510,낙성대,한양대,17,1
20250510,낙성대,한양대,18,1
20250510,낙성대,한양대,19,1
20250510,낙성대,한양대,21,1
20250510,낙성대,합정,5,1
20250510,낙성대,합정,6,2
20250510,낙성대,합정,7,4
20250510,낙성대,합정,8,11
20250510,낙성대,합정,9,16
20250510,낙성대,합정,10,17
20250510,낙성대,합정,11,47
20250510,낙성대,합정,12,25
20250510,낙성대,합정,13,25
20250510,낙성대,합정,14,32
20250510,낙성대,합정,15,40
20250510,낙성대,합정,16,28
20250510,낙성대,합정,17,28
20250510,낙성대,합정,18,21
20250510,낙성대,합정,19,15
20250510,낙성대,합정,20,9
20250510,낙성대,합정,21,6
20250510,낙성대,합정,22,6
20250510,낙성대,합정,23,3
20250510,낙성대,홍대입구,5,1
20250510,낙성대,홍대입구,6,2
20250510,낙성대,홍대입구,7,12
20250510,낙성대,홍대입구,8,9
20250510,낙성대,홍대입구,9,29
20250510,낙성대,홍대입구,10,28
20250510,낙성대,홍대입구,11,61
20250510,낙성대,홍대입구,12,53
20250510,낙성대,홍대입구,13,66
20250510,낙성대,홍대입구,14,55
20250510,낙성대,홍대입구,15,57
20250510,낙성대,홍대입구,16,43
20250510,낙성대,홍대입구,17,51
20250510,낙성대,홍대입구,18,33
20250510,낙성대,홍대입구,19,15
20250510,낙성대,홍대입구,20,11
20250510,낙성대,홍대입구,21,16
20250510,낙성대,홍대입구,22,5
20250510,낙성대,홍대입구,23,8
20250510,당산,강남,5,4
20250510,당산,강남,6,3
20250510,당산,강남,7,5
20250510,당산,강남,8,16
20250510,당산,강남,9,19
20250510,당산,강남,10,9
20250510,당산,강남,11,18
20250510,당산,강남,12,15
20250510,당산,강남,13,13
20250510,당산,강남,14,3
20250510,당산,강남,15,11
20250510,당산,강남,16,8
20250510,당산,강남,17,9
20250510,당산,강남,18,3
20250510,당산,강남,19,1
20250510,당산,강남,20,3
20250510,당산,강남,21,1
20250510,당산,강남,23,3
20250510,당산,강변(동서울터미널),5,3
20250510,당산,강변(동서울터미널),6,3
20250510,당산,강변(동서울터미널),7,1
20250510,당산,강변(동서울터미널),8,7
20250510,당산,강변(동서울터미널),9,8
20250510,당산,강변(동서울터미널),10,4
20250510,당산,강변(동서울터미널),11,1
20250510,당산,강변(동서울터미널),12,8
20250510,당산,강변(동서울터미널),13,4
20250510,당산,강변(동서울터미널),14,5
20250510,당산,강변(동서울터미널),15,7
20250510,당산,강변(동서울터미널),16,2
20250510,당산,강변(동서울터미널),17,1
20250510,당산,강변(동서울터미널),18,2
20250510,당산,강변(동서울터미널),19,1
20250510,당산,강변(동서울터미널),20,1
20250510,당산,강변(동서울터미널),21,3
20250510,당산,건대입구,6,5
20250510,당산,건대입구,7,4
20250510,당산,건대입구,8,12
20250510,당산,건대입구,9,11
20250510,당산,건대입구,10,11
20250510,당산,건대입구,11,10
20250510,당산,건대입구,12,11
20250510,당산,건대입구,13,14
20250510,당산,건대입구,14,14
20250510,당산,건대입구,15,14
20250510,당산,건대입구,16,14
20250510,당산,건대입구,17,15
20250510,당산,건대입구,18,17
20250510,당산,건대입구,19,2
20250510,당산,건대입구,20,5
20250510,당산,건대입구,21,7
20250510,당산,건대입구,22,4
20250510,당산,건대입구,23,1
20250510,당산,교대(법원.검찰청),6,1
20250510,당산,교대(법원.검찰청),7,4
20250510,당산,교대(법원.검찰청),8,2
20250510,당산,교대(법원.검찰청),9,1
20250510,당산,교대(법원.검찰청),10,6
20250510,당산,교대(법원.검찰청),11,5
20250510,당산,교대(법원.검찰청),12,9
20250510,당산,교대(법원.검찰청),13,4
20250510,당산,교대(법원.검찰청),14,1
20250510,당산,교대(법원.검찰청),15,2
20250510,당산,교대(법원.검찰청),16,6
20250510,당산,교대(법원.검찰청),17,4
20250510,당산,교대(법원.검찰청),18,2
20250510,당산,교대(법원.검찰청),19,1
20250510,당산,교대(법원.검찰청),22,1
20250510,당산,구로디지털단지,5,12
20250510,당산,구로디지털단지,6,13
20250510,당산,구로디지털단지,7,25
20250510,당산,구로디지털단지,8,37
20250510,당산,구로디지털단지,9,30
20250510,당산,구로디지털단지,10,18
20250510,당산,구로디지털단지,11,25
20250510,당산,구로디지털단지,12,20
20250510,당산,구로디지털단지,13,31
20250510,당산,구로디지털단지,14,39
20250510,당산,구로디지털단지,15,34
20250510,당산,구로디지털단지,16,42
20250510,당산,구로디지털단지,17,28
20250510,당산,구로디지털단지,18,45
20250510,당산,구로디지털단지,19,30
20250510,당산,구로디지털단지,20,36
20250510,당산,구로디지털단지,21,27
20250510,당산,구로디지털단지,22,25
20250510,당산,구로디지털단지,23,21
20250510,당산,구의(광진구청),5,5
20250510,당산,구의(광진구청),6,2
20250510,당산,구의(광진구청),7,2
20250510,당산,구의(광진구청),8,4
20250510,당산,구의(광진구청),10,1
20250510,당산,구의(광진구청),11,4
20250510,당산,구의(광진구청),12,1
20250510,당산,구의(광진구청),13,5
20250510,당산,구의(광진구청),14,3
20250510,당산,구의(광진구청),15,5
20250510,당산,구의(광진구청),16,5
20250510,당산,구의(광진구청),17,2
20250510,당산,구의(광진구청),18,1
20250510,당산,구의(광진구청),19,4
20250510,당산,구의(광진구청),20,6
20250510,당산,구의(광진구청),21,1
20250510,당산,구의(광진구청),22,3
20250510,당산,낙성대,4,1
20250510,당산,낙성대,5,3
20250510,당산,낙성대,6,1
20250510,당산,낙성대,7,3
20250510,당산,낙성대,8,6
20250510,당산,낙성대,9,10
20250510,당산,낙성대,10,2
20250510,당산,낙성대,11,9
20250510,당산,낙성대,12,13
20250510,당산,낙성대,13,6
20250510,당산,낙성대,14,7
20250510,당산,낙성대,15,7
20250510,당산,낙성대,16,3
20250510,당산,낙성대,17,7
20250510,당산,낙성대,18,4
20250510,당산,낙성대,19,8
20250510,당산,낙성대,20,9
20250510,당산,낙성대,21,11
20250510,당산,낙성대,22,10
20250510,당산,낙성대,23,3
20250510,당산,당산,0,1
20250510,당산,당산,4,1
20250510,당산,당산,5,3
20250510,당산,당산,6,4
20250510,당산,당산,7,10
20250510,당산,당산,8,13
20250510,당산,당산,9,21
20250510,당산,당산,10,18
20250510,당산,당산,11,37
20250510,당산,당산,12,25
20250510,당산,당산,13,28
20250510,당산,당산,14,21
20250510,당산,당산,15,35
20250510,당산,당산,16,37
20250510,당산,당산,17,36
20250510,당산,당산,18,29
20250510,당산,당산,19,22
20250510,당산,당산,20,38
20250510,당산,당산,21,30
20250510,당산,당산,22,42
20250510,당산,당산,23,24
20250510,당산,대림(구로구청),5,5
20250510,당산,대림(구로구청),6,3
20250510,당산,대림(구로구청),7,11
20250510,당산,대림(구로구청),8,14
20250510,당산,대림(구로구청),9,15
20250510,당산,대림(구로구청),10,13
20250510,당산,대림(구로구청),11,11
20250510,당산,대림(구로구청),12,17
20250510,당산,대림(구로구청),13,14
20250510,당산,대림(구로구청),14,14
20250510,당산,대림(구로구청),15,18
20250510,당산,대림(구로구청),16,24
20250510,당산,대림(구로구청),17,24
20250510,당산,대림(구로구청),18,15
20250510,당산,대림(구로구청),19,16
20250510,당산,대림(구로구청),20,13
20250510,당산,대림(구로구청),21,16
20250510,당산,대림(구로구청),22,14
20250510,당산,대림(구로구청),23,8
20250510,당산,동대문역사문화공원,5,2
20250510,당산,동대문역사문화공원,6,2
20250510,당산,동대문역사문화공원,7,3
20250510,당산,동대문역사문화공원,8,4
20250510,당산,동대문역사문화공원,9,11
20250510,당산,동대문역사문화공원,10,19
20250510,당산,동대문역사문화공원,11,25
20250510,당산,동대문역사문화공원,12,18
20250510,당산,동대문역사문화공원,13,13
20250510,당산,동대문역사문화공원,14,8
20250510,당산,동대문역사문화공원,15,8
20250510,당산,동대문역사문화공원,16,6
20250510,당산,동대문역사문화공원,17,1
20250510,당산,동대문역사문화공원,18,5
20250510,당산,동대문역사문화공원,19,1
20250510,당산,동대문역사문화공원,20,2
20250510,당산,동대문역사문화공원,21,3
20250510,당산,동대문역사문화공원,22,1
20250510,당산,동대문역사문화공원,23,3
20250510,당산,뚝섬,5,1
20250510,당산,뚝섬,6,1
20250510,당산,뚝섬,7,3
20250510,당산,뚝섬,8,1
20250510,당산,뚝섬,9,4
20250510,당산,뚝섬,10,8
20250510,당산,뚝섬,11,6
20250510,당산,뚝섬,12,9
20250510,당산,뚝섬,13,10
20250510,당산,뚝섬,14,15
20250510,당산,뚝섬,15,9
20250510,당산,뚝섬,16,9
20250510,당산,뚝섬,17,10
20250510,당산,뚝섬,18,6
20250510,당산,뚝섬,19,1
20250510,당산,뚝섬,20,1
20250510,당산,뚝섬,21,2
20250510,당산,뚝섬,23,2
20250510,당산,문래,5,3
20250510,당산,문래,6,5
20250510,당산,문래,7,5
20250510,당산,문래,8,15
20250510,당산,문래,9,24
20250510,당산,문래,10,8
20250510,당산,문래,11,28
20250510,당산,문래,12,21
20250510,당산,문래,13,20
20250510,당산,문래,14,21
20250510,당산,문래,15,30
20250510,당산,문래,16,31
20250510,당산,문래,17,29
20250510,당산,문래,18,17
20250510,당산,문래,19,11
20250510,당산,문래,20,9
20250510,당산,문래,21,7
20250510,당산,문래,22,6
20250510,당산,문래,23,8
20250510,당산,방배,6,5
20250510,당산,방배,7,4
20250510,당산,방배,8,5
20250510,당산,방배,9,14
20250510,당산,방배,10,6
20250510,당산,방배,11,9
20250510,당산,방배,12,10
20250510,당산,방배,13,10
20250510,당산,방배,14,9
20250510,당산,방배,15,5
20250510,당산,방배,16,8
20250510,당산,방배,17,2
20250510,당산,방배,18,3
20250510,당산,방배,19,2
20250510,당산,방배,21,2
20250510,당산,방배,22,1
20250510,당산,봉천,6,2
20250510,당산,봉천,7,3
20250510,당산,봉천,8,4
20250510,당산,봉천,9,2
20250510,당산,봉천,10,1
20250510,당산,봉천,11,2
20250510,당산,봉천,12,7
20250510,당산,봉천,13,8
20250510,당산,봉천,14,10
20250510,당산,봉천,15,15
20250510,당산,봉천,16,6
20250510,당산,봉천,17,11
20250510,당산,봉천,18,11
20250510,당산,봉천,19,5
20250510,당산,봉천,20,3
20250510,당산,봉천,21,5
20250510,당산,봉천,22,9
20250510,당산,봉천,23,4
20250510,당산,사당,5,13
20250510,당산,사당,6,14
20250510,당산,사당,7,10
20250510,당산,사당,8,9
20250510,당산,사당,9,10
20250510,당산,사당,10,24
20250510,당산,사당,11,19
20250510,당산,사당,12,17
20250510,당산,사당,13,19
20250510,당산,사당,14,12
20250510,당산,사당,15,19
20250510,당산,사당,16,20
20250510,당산,사당,17,26
20250510,당산,사당,18,13
20250510,당산,사당,19,11
20250510,당산,사당,20,11
20250510,당산,사당,21,10
20250510,당산,사당,22,10
20250510,당산,사당,23,1
20250510,당산,삼성(무역센터),5,3
20250510,당산,삼성(무역센터),6,1
20250510,당산,삼성(무역센터),8,5
20250510,당산,삼성(무역센터),9,5
20250510,당산,삼성(무역센터),10,12
20250510,당산,삼성(무역센터),11,8
20250510,당산,삼성(무역센터),12,13
20250510,당산,삼성(무역센터),13,3
20250510,당산,삼성(무역센터),14,8
20250510,당산,삼성(무역센터),15,6
20250510,당산,삼성(무역센터),16,2
20250510,당산,삼성(무역센터),18,2
20250510,당산,삼성(무역센터),21,1
20250510,당산,상왕십리,5,1
20250510,당산,상왕십리,6,1
20250510,당산,상왕십리,7,1
20250510,당산,상왕십리,8,2
20250510,당산,상왕십리,9,6
20250510,당산,상왕십리,10,7
20250510,당산,상왕십리,11,3
20250510,당산,상왕십리,12,4
20250510,당산,상왕십리,13,2
20250510,당산,상왕십리,14,2
20250510,당산,상왕십리,15,3
20250510,당산,상왕십리,16,4
20250510,당산,상왕십리,17,4
20250510,당산,상왕십리,18,6
20250510,당산,상왕십리,19,3
20250510,당산,상왕십리,20,4
20250510,당산,상왕십리,21,8
20250510,당산,상왕십리,22,2
20250510,당산,상왕십리,23,4
20250510,당산,서울대입구(관악구청),5,6
20250510,당산,서울대입구(관악구청),6,3
20250510,당산,서울대입구(관악구청),7,11
20250510,당산,서울대입구(관악구청),8,12
20250510,당산,서울대입구(관악구청),9,21
20250510,당산,서울대입구(관악구청),10,26
20250510,당산,서울대입구(관악구청),11,17
20250510,당산,서울대입구(관악구청),12,17
20250510,당산,서울대입구(관악구청),13,15
20250510,당산,서울대입구(관악구청),14,23
20250510,당산,서울대입구(관악구청),15,16
20250510,당산,서울대입구(관악구청),16,14
20250510,당산,서울대입구(관악구청),17,11
20250510,당산,서울대입구(관악구청),18,17
20250510,당산,서울대입구(관악구청),19,14
20250510,당산,서울대입구(관악구청),20,8
20250510,당산,서울대입구(관악구청),21,18
20250510,당산,서울대입구(관악구청),22,16
20250510,당산,서울대입구(관악구청),23,9
20250510,당산,서초,5,6
20250510,당산,서초,6,7
20250510,당산,서초,7,4
20250510,당산,서초,8,6
20250510,당산,서초,9,9
20250510,당산,서초,10,9
20250510,당산,서초,11,3
20250510,당산,서초,12,6
20250510,당산,서초,13,10
20250510,당산,서초,14,9
20250510,당산,서초,15,17
20250510,당산,서초,16,4
20250510,당산,서초,17,3
20250510,당산,서초,18,3
20250510,당산,서초,22,3
20250510,당산,선릉,5,2
20250510,당산,선릉,6,2
20250510,당산,선릉,7,4
20250510,당산,선릉,8,4
20250510,당산,선릉,9,5
20250510,당산,선릉,10,2
20250510,당산,선릉,11,7
20250510,당산,선릉,12,11
20250510,당산,선릉,13,6
20250510,당산,선릉,15,8
20250510,당산,선릉,16,4
20250510,당산,선릉,17,3
20250510,당산,선릉,18,2
20250510,당산,선릉,20,1
20250510,당산,선릉,21,1
20250510,당산,성수,5,4
20250510,당산,성수,6,8
20250510,당산,성수,7,2
20250510,당산,성수,8,11
20250510,당산,성수,9,12
20250510,당산,성수,10,12
20250510,당산,성수,11,19
20250510,당산,성수,12,17
20250510,당산,성수,13,23
20250510,당산,성수,14,13
20250510,당산,성수,15,16
20250510,당산,성수,16,10
20250510,당산,성수,17,9
20250510,당산,성수,18,3
20250510,당산,성수,20,5
20250510,당산,성수,23,3
20250510,당산,시청,4,1
20250510,당산,시청,5,16
20250510,당산,시청,6,5
20250510,당산,시청,7,12
20250510,당산,시청,8,12
20250510,당산,시청,9,21
20250510,당산,시청,10,12
20250510,당산,시청,11,23
20250510,당산,시청,12,23
20250510,당산,시청,13,26
20250510,당산,시청,14,14
20250510,당산,시청,15,12
20250510,당산,시청,16,6
20250510,당산,시청,17,12
20250510,당산,시청,18,2
20250510,당산,시청,19,3
20250510,당산,시청,21,3
20250510,당산,신당,5,1
20250510,당산,신당,6,2
20250510,당산,신당,7,2
20250510,당산,신당,8,3
20250510,당산,신당,9,6
20250510,당산,신당,10,4
20250510,당산,신당,11,1
20250510,당산,신당,12,4
20250510,당산,신당,13,7
20250510,당산,신당,14,4
20250510,당산,신당,15,6
20250510,당산,신당,16,9
20250510,당산,신당,17,7
20250510,당산,신당,18,2
20250510,당산,신당,19,3
20250510,당산,신당,20,4
20250510,당산,신당,21,2
20250510,당산,신당,22,3
20250510,당산,신당,23,1
20250510,당산,신대방,5,2
20250510,당산,신대방,6,5
20250510,당산,신대방,7,4
20250510,당산,신대방,8,5
20250510,당산,신대방,9,8
20250510,당산,신대방,10,8
20250510,당산,신대방,11,7
20250510,당산,신대방,12,8
20250510,당산,신대방,13,18
20250510,당산,신대방,14,12
20250510,당산,신대방,15,15
20250510,당산,신대방,16,15
20250510,당산,신대방,17,12
20250510,당산,신대방,18,12
20250510,당산,신대방,19,10
20250510,당산,신대방,20,8
20250510,당산,신대방,21,16
20250510,당산,신대방,22,22
20250510,당산,신대방,23,6
20250510,당산,신도림,4,1
20250510,당산,신도림,5,13
20250510,당산,신도림,6,13
20250510,당산,신도림,7,8
20250510,당산,신도림,8,8
20250510,당산,신도림,9,25
20250510,당산,신도림,10,30
20250510,당산,신도림,11,30
20250510,당산,신도림,12,39
20250510,당산,신도림,13,45
20250510,당산,신도림,14,34
20250510,당산,신도림,15,34
20250510,당산,신도림,16,36
20250510,당산,신도림,17,42
20250510,당산,신도림,18,25
20250510,당산,신도림,19,24
20250510,당산,신도림,20,15
20250510,당산,신도림,21,23
20250510,당산,신도림,22,16
20250510,당산,신도림,23,22
20250510,당산,신림,5,2
20250510,당산,신림,6,4
20250510,당산,신림,7,16
20250510,당산,신림,8,10
20250510,당산,신림,9,19
20250510,당산,신림,10,19
20250510,당산,신림,11,22
20250510,당산,신림,12,18
20250510,당산,신림,13,22
20250510,당산,신림,14,19
20250510,당산,신림,15,13
20250510,당산,신림,16,16
20250510,당산,신림,17,35
20250510,당산,신림,18,22
20250510,당산,신림,19,19
20250510,당산,신림,20,25
20250510,당산,신림,21,29
20250510,당산,신림,22,22
20250510,당산,신림,23,13
20250510,당산,신촌,5,1
20250510,당산,신촌,6,3
20250510,당산,신촌,7,13
20250510,당산,신촌,8,22
20250510,당산,신촌,9,38
20250510,당산,신촌,10,20
20250510,당산,신촌,11,35
20250510,당산,신촌,12,31
20250510,당산,신촌,13,31
20250510,당산,신촌,14,23
20250510,당산,신촌,15,26
20250510,당산,신촌,16,19
20250510,당산,신촌,17,34
20250510,당산,신촌,18,19
20250510,당산,신촌,19,12
20250510,당산,신촌,20,9
20250510,당산,신촌,21,7
20250510,당산,신촌,22,6
20250510,당산,신촌,23,5
20250510,당산,아현,5,1
20250510,당산,아현,7,3
20250510,당산,아현,8,9
20250510,당산,아현,9,4
20250510,당산,아현,10,5
20250510,당산,아현,11,4
20250510,당산,아현,12,8
20250510,당산,아현,13,4
20250510,당산,아현,14,4
20250510,당산,아현,15,9
20250510,당산,아현,16,3
20250510,당산,아현,17,3
20250510,당산,아현,18,9
20250510,당산,아현,19,5
20250510,당산,아현,20,6
20250510,당산,아현,21,5
20250510,당산,아현,22,4
20250510,당산,아현,23,2
20250510,당산,역삼,5,1
20250510,당산,역삼,6,3
20250510,당산,역삼,7,9
20250510,당산,역삼,8,7
20250510,당산,역삼,9,11
20250510,당산,역삼,10,4
20250510,당산,역삼,11,9
20250510,당산,역삼,12,15
20250510,당산,역삼,13,5
20250510,당산,역삼,14,4
20250510,당산,역삼,15,8
20250510,당산,역삼,16,8
20250510,당산,역삼,17,4
20250510,당산,역삼,18,3
20250510,당산,역삼,19,3
20250510,당산,역삼,20,2
20250510,당산,역삼,23,1
20250510,당산,영등포구청,5,4
20250510,당산,영등포구청,6,2
20250510,당산,영등포구청,7,5
20250510,당산,영등포구청,8,10
20250510,당산,영등포구청,9,7
20250510,당산,영등포구청,10,17
20250510,당산,영등포구청,11,18
20250510,당산,영등포구청,12,16
20250510,당산,영등포구청,13,10
20250510,당산,영등포구청,14,10
20250510,당산,영등포구청,15,14
20250510,당산,영등포구청,16,15
20250510,당산,영등포구청,17,20
20250510,당산,영등포구청,18,15
20250510,당산,영등포구청,19,2
20250510,당산,영등포구청,20,10
20250510,당산,영등포구청,21,6
20250510,당산,영등포구청,22,6
20250510,당산,영등포구청,23,6
20250510,당산,왕십리(성동구청),6,1
20250510,당산,왕십리(성동구청),7,3
20250510,당산,왕십리(성동구청),8,3
20250510,당산,왕십리(성동구청),9,5
20250510,당산,왕십리(성동구청),10,4
20250510,당산,왕십리(성동구청),11,3
20250510,당산,왕십리(성동구청),12,7
20250510,당산,왕십리(성동구청),13,2
20250510,당산,왕십리(성동구청),14,11
20250510,당산,왕십리(성동구청),15,7
20250510,당산,왕십리(성동구청),16,6
20250510,당산,왕십리(성동구청),17,9
20250510,당산,왕십리(성동구청),18,2
20250510,당산,왕십리(성동구청),19,5
20250510,당산,왕십리(성동구청),20,2
20250510,당산,왕십리(성동구청),21,5
20250510,당산,왕십리(성동구청),22,4
20250510,당산,용두(동대문구청),8,1
20250510,당산,을지로3가,5,4
20250510,당산,을지로3가,6,7
20250510,당산,을지로3가,7,3
20250510,당산,을지로3가,8,10
20250510,당산,을지로3가,9,11
20250510,당산,을지로3가,10,13
20250510,당산,을지로3가,11,4
20250510,당산,을지로3가,12,14
20250510,당산,을지로3가,13,25
20250510,당산,을지로3가,14,8
20250510,당산,을지로3가,15,21
20250510,당산,을지로3가,16,20
20250510,당산,을지로3가,17,20
20250510,당산,을지로3가,18,7
20250510,당산,을지로3가,19,6
20250510,당산,을지로3가,20,3
20250510,당산,을지로3가,22,1
20250510,당산,을지로4가,6,5
20250510,당산,을지로4가,7,6
20250510,당산,을지로4가,8,2
20250510,당산,을지로4가,9,3
20250510,당산,을지로4가,10,5
20250510,당산,을지로4가,11,9
20250510,당산,을지로4가,12,15
20250510,당산,을지로4가,13,11
20250510,당산,을지로4가,14,12
20250510,당산,을지로4가,15,8
20250510,당산,을지로4가,16,9
20250510,당산,을지로4가,17,5
20250510,당산,을지로4가,18,3
20250510,당산,을지로4가,19,2
20250510,당산,을지로4가,21,1
20250510,당산,을지로4가,22,1
20250510,당산,을지로입구,5,7
20250510,당산,을지로입구,6,12
20250510,당산,을지로입구,7,16
20250510,당산,을지로입구,8,38
20250510,당산,을지로입구,9,44
20250510,당산,을지로입구,10,43
20250510,당산,을지로입구,11,39
20250510,당산,을지로입구,12,35
20250510,당산,을지로입구,13,33
20250510,당산,을지로입구,14,19
20250510,당산,을지로입구,15,27
20250510,당산,을지로입구,16,25
20250510,당산,을지로입구,17,14
20250510,당산,을지로입구,18,11
20250510,당산,을지로입구,19,8
20250510,당산,을지로입구,20,11
20250510,당산,을지로입구,21,5
20250510,당산,을지로입구,22,2
20250510,당산,을지로입구,23,5
20250510,당산,이대,5,2
20250510,당산,이대,6,1
20250510,당산,이대,7,5
20250510,당산,이대,8,15
20250510,당산,이대,9,15
20250510,당산,이대,10,15
20250510,당산,이대,11,13
20250510,당산,이대,12,13
20250510,당산,이대,13,15
20250510,당산,이대,14,10
20250510,당산,이대,15,11
20250510,당산,이대,16,4
20250510,당산,이대,17,6
20250510,당산,이대,18,7
20250510,당산,이대,19,5
20250510,당산,이대,20,4
20250510,당산,이대,21,4
20250510,당산,이대,22,5
20250510,당산,잠실(송파구청),5,5
20250510,당산,잠실(송파구청),6,4
20250510,당산,잠실(송파구청),7,11
20250510,당산,잠실(송파구청),8,4
20250510,당산,잠실(송파구청),9,21
20250510,당산,잠실(송파구청),10,10
20250510,당산,잠실(송파구청),11,12
20250510,당산,잠실(송파구청),12,11
20250510,당산,잠실(송파구청),13,14
20250510,당산,잠실(송파구청),14,9
20250510,당산,잠실(송파구청),15,11
20250510,당산,잠실(송파구청),16,4
20250510,당산,잠실(송파구청),17,4
20250510,당산,잠실(송파구청),18,6
20250510,당산,잠실(송파구청),19,4
20250510,당산,잠실(송파구청),20,1
20250510,당산,잠실(송파구청),21,2
20250510,당산,잠실나루,5,1
20250510,당산,잠실나루,6,1
20250510,당산,잠실나루,7,1
20250510,당산,잠실나루,10,1
20250510,당산,잠실나루,11,2
20250510,당산,잠실나루,12,2
20250510,당산,잠실나루,13,1
20250510,당산,잠실나루,16,1
20250510,당산,잠실나루,17,3
20250510,당산,잠실나루,18,1
20250510,당산,잠실나루,19,1
20250510,당산,잠실나루,20,3
20250510,당산,잠실나루,21,1
20250510,당산,잠실새내,7,1
20250510,당산,잠실새내,9,2
20250510,당산,잠실새내,10,1
20250510,당산,잠실새내,12,1
20250510,당산,잠실새내,14,1
20250510,당산,잠실새내,15,6
20250510,당산,잠실새내,17,3
20250510,당산,잠실새내,20,1
20250510,당산,잠실새내,21,2
20250510,당산,종합운동장,6,1
20250510,당산,종합운동장,7,1
20250510,당산,종합운동장,12,1
20250510,당산,종합운동장,13,2
20250510,당산,종합운동장,14,3
20250510,당산,종합운동장,15,3
20250510,당산,종합운동장,17,3
20250510,당산,충정로(경기대입구),5,1
20250510,당산,충정로(경기대입구),6,2
20250510,당산,충정로(경기대입구),7,2
20250510,당산,충정로(경기대입구),8,6
20250510,당산,충정로(경기대입구),9,1
20250510,당산,충정로(경기대입구),10,5
20250510,당산,충정로(경기대입구),11,7
20250510,당산,충정로(경기대입구),12,6
20250510,당산,충정로(경기대입구),13,3
20250510,당산,충정로(경기대입구),14,6
20250510,당산,충정로(경기대입구),15,5
20250510,당산,충정로(경기대입구),16,7
20250510,당산,충정로(경기대입구),17,3
20250510,당산,충정로(경기대입구),18,2
20250510,당산,충정로(경기대입구),19,5
20250510,당산,충정로(경기대입구),20,1
20250510,당산,충정로(경기대입구),21,3
20250510,당산,충정로(경기대입구),22,3
20250510,당산,충정로(경기대입구),23,1
20250510,당산,한양대,5,1
20250510,당산,한양대,6,1
20250510,당산,한양대,7,5
20250510,당산,한양대,8,5
20250510,당산,한양대,9,6
20250510,당산,한양대,10,1
20250510,당산,한양대,11,3
20250510,당산,한양대,12,12
20250510,당산,한양대,13,5
20250510,당산,한양대,14,2
20250510,당산,한양대,15,2
20250510,당산,한양대,16,1
20250510,당산,한양대,17,2
20250510,당산,한양대,18,2
20250510,당산,합정,5,4
20250510,당산,합정,6,8
20250510,당산,합정,7,14
20250510,당산,합정,8,15
20250510,당산,합정,9,27
20250510,당산,합정,10,44
20250510,당산,합정,11,28
20250510,당산,합정,12,35
20250510,당산,합정,13,48
20250510,당산,합정,14,31
20250510,당산,합정,15,43
20250510,당산,합정,16,41
20250510,당산,합정,17,49
20250510,당산,합정,18,46
20250510,당산,합정,19,25
20250510,당산,합정,20,17
20250510,당산,합정,21,17
20250510,당산,합정,22,11
20250510,당산,합정,23,6
20250510,당산,홍대입구,5,4
20250510,당산,홍대입구,6,2
20250510,당산,홍대입구,7,8
20250510,당산,홍대입구,8,10
20250510,당산,홍대입구,9,33
20250510,당산,홍대입구,10,38
20250510,당산,홍대입구,11,57
20250510,당산,홍대입구,12,60
20250510,당산,홍대입구,13,87
20250510,당산,홍대입구,14,52
20250510,당산,홍대입구,15,53
20250510,당산,홍대입구,16,64
20250510,당산,홍대입구,17,59
20250510,당산,홍대입구,18,46
20250510,당산,홍대입구,19,33
20250510,당산,홍대입구,20,23
20250510,당산,홍대입구,21,12
20250510,당산,홍대입구,22,12
20250510,당산,홍대입구,23,17
20250510,대림(구로구청),강남,4,3
20250510,대림(구로구청),강남,5,33
20250510,대림(구로구청),강남,6,27
20250510,대림(구로구청),강남,7,36
20250510,대림(구로구청),강남,8,95
20250510,대림(구로구청),강남,9,93
20250510,대림(구로구청),강남,10,57
20250510,대림(구로구청),강남,11,41
20250510,대림(구로구청),강남,12,34
20250510,대림(구로구청),강남,13,29
20250510,대림(구로구청),강남,14,42
20250510,대림(구로구청),강남,15,18
20250510,대림(구로구청),강남,16,32
20250510,대림(구로구청),강남,17,16
20250510,대림(구로구청),강남,18,16
20250510,대림(구로구청),강남,19,10
20250510,대림(구로구청),강남,20,9
20250510,대림(구로구청),강남,21,6
20250510,대림(구로구청),강남,22,4
20250510,대림(구로구청),강변(동서울터미널),5,14
20250510,대림(구로구청),강변(동서울터미널),6,6
20250510,대림(구로구청),강변(동서울터미널),7,7
20250510,대림(구로구청),강변(동서울터미널),8,6
20250510,대림(구로구청),강변(동서울터미널),9,8
20250510,대림(구로구청),강변(동서울터미널),10,8
20250510,대림(구로구청),강변(동서울터미널),11,9
20250510,대림(구로구청),강변(동서울터미널),12,8
20250510,대림(구로구청),강변(동서울터미널),13,4
20250510,대림(구로구청),강변(동서울터미널),14,7
20250510,대림(구로구청),강변(동서울터미널),15,5
20250510,대림(구로구청),강변(동서울터미널),16,11
20250510,대림(구로구청),강변(동서울터미널),17,6
20250510,대림(구로구청),강변(동서울터미널),18,3
20250510,대림(구로구청),강변(동서울터미널),19,7
20250510,대림(구로구청),강변(동서울터미널),20,1
20250510,대림(구로구청),강변(동서울터미널),21,1
20250510,대림(구로구청),건대입구,5,3
20250510,대림(구로구청),건대입구,6,1
20250510,대림(구로구청),건대입구,7,1
20250510,대림(구로구청),건대입구,8,1
20250510,대림(구로구청),건대입구,9,1
20250510,대림(구로구청),건대입구,10,5
20250510,대림(구로구청),건대입구,11,1
20250510,대림(구로구청),건대입구,12,1
20250510,대림(구로구청),건대입구,13,7
20250510,대림(구로구청),건대입구,14,6
20250510,대림(구로구청),건대입구,15,7
20250510,대림(구로구청),건대입구,16,2
20250510,대림(구로구청),건대입구,17,3
20250510,대림(구로구청),건대입구,18,3
20250510,대림(구로구청),건대입구,19,5
20250510,대림(구로구청),건대입구,20,3
20250510,대림(구로구청),건대입구,21,1
20250510,대림(구로구청),건대입구,22,2
20250510,대림(구로구청),교대(법원.검찰청),4,1
20250510,대림(구로구청),교대(법원.검찰청),5,17
20250510,대림(구로구청),교대(법원.검찰청),6,10
20250510,대림(구로구청),교대(법원.검찰청),7,19
20250510,대림(구로구청),교대(법원.검찰청),8,34
20250510,대림(구로구청),교대(법원.검찰청),9,34
20250510,대림(구로구청),교대(법원.검찰청),10,19
20250510,대림(구로구청),교대(법원.검찰청),11,15
20250510,대림(구로구청),교대(법원.검찰청),12,14
20250510,대림(구로구청),교대(법원.검찰청),13,9
20250510,대림(구로구청),교대(법원.검찰청),14,9
20250510,대림(구로구청),교대(법원.검찰청),15,6
20250510,대림(구로구청),교대(법원.검찰청),16,5
20250510,대림(구로구청),교대(법원.검찰청),17,7
20250510,대림(구로구청),교대(법원.검찰청),18,2
20250510,대림(구로구청),교대(법원.검찰청),19,1
20250510,대림(구로구청),교대(법원.검찰청),20,6
20250510,대림(구로구청),교대(법원.검찰청),22,1
20250510,대림(구로구청),구로디지털단지,5,7
20250510,대림(구로구청),구로디지털단지,6,14
20250510,대림(구로구청),구로디지털단지,7,17
20250510,대림(구로구청),구로디지털단지,8,26
20250510,대림(구로구청),구로디지털단지,9,47
20250510,대림(구로구청),구로디지털단지,10,39
20250510,대림(구로구청),구로디지털단지,11,47
20250510,대림(구로구청),구로디지털단지,12,46
20250510,대림(구로구청),구로디지털단지,13,66
20250510,대림(구로구청),구로디지털단지,14,51
20250510,대림(구로구청),구로디지털단지,15,44
20250510,대림(구로구청),구로디지털단지,16,42
20250510,대림(구로구청),구로디지털단지,17,64
20250510,대림(구로구청),구로디지털단지,18,53
20250510,대림(구로구청),구로디지털단지,19,29
20250510,대림(구로구청),구로디지털단지,20,26
20250510,대림(구로구청),구로디지털단지,21,28
20250510,대림(구로구청),구로디지털단지,22,28
20250510,대림(구로구청),구로디지털단지,23,11
20250510,대림(구로구청),구의(광진구청),5,6
20250510,대림(구로구청),구의(광진구청),6,5
20250510,대림(구로구청),구의(광진구청),8,6
20250510,대림(구로구청),구의(광진구청),9,4
20250510,대림(구로구청),구의(광진구청),10,1
20250510,대림(구로구청),구의(광진구청),11,3
20250510,대림(구로구청),구의(광진구청),12,1
20250510,대림(구로구청),구의(광진구청),13,3
20250510,대림(구로구청),구의(광진구청),14,3
20250510,대림(구로구청),구의(광진구청),15,3
20250510,대림(구로구청),구의(광진구청),16,6
20250510,대림(구로구청),구의(광진구청),17,5
20250510,대림(구로구청),구의(광진구청),20,1
20250510,대림(구로구청),구의(광진구청),21,3
20250510,대림(구로구청),구의(광진구청),22,3
20250510,대림(구로구청),낙성대,5,4
20250510,대림(구로구청),낙성대,6,9
20250510,대림(구로구청),낙성대,7,5
20250510,대림(구로구청),낙성대,8,27
20250510,대림(구로구청),낙성대,9,16
20250510,대림(구로구청),낙성대,10,6
20250510,대림(구로구청),낙성대,11,11
20250510,대림(구로구청),낙성대,12,9
20250510,대림(구로구청),낙성대,13,6
20250510,대림(구로구청),낙성대,14,11
20250510,대림(구로구청),낙성대,15,10
20250510,대림(구로구청),낙성대,16,10
20250510,대림(구로구청),낙성대,17,10
20250510,대림(구로구청),낙성대,18,5
20250510,대림(구로구청),낙성대,19,7
20250510,대림(구로구청),낙성대,20,8
20250510,대림(구로구청),낙성대,21,5
20250510,대림(구로구청),낙성대,22,4
20250510,대림(구로구청),당산,5,21
20250510,대림(구로구청),당산,6,12
20250510,대림(구로구청),당산,7,15
20250510,대림(구로구청),당산,8,20
20250510,대림(구로구청),당산,9,20
20250510,대림(구로구청),당산,10,21
20250510,대림(구로구청),당산,11,16
20250510,대림(구로구청),당산,12,23
20250510,대림(구로구청),당산,13,15
20250510,대림(구로구청),당산,14,17
20250510,대림(구로구청),당산,15,9
20250510,대림(구로구청),당산,16,17
20250510,대림(구로구청),당산,17,17
20250510,대림(구로구청),당산,18,12
20250510,대림(구로구청),당산,19,8
20250510,대림(구로구청),당산,20,10
20250510,대림(구로구청),당산,21,16
20250510,대림(구로구청),당산,22,15
20250510,대림(구로구청),당산,23,5
20250510,대림(구로구청),대림(구로구청),0,1
20250510,대림(구로구청),대림(구로구청),4,2
20250510,대림(구로구청),대림(구로구청),5,15
20250510,대림(구로구청),대림(구로구청),6,9
20250510,대림(구로구청),대림(구로구청),7,12
20250510,대림(구로구청),대림(구로구청),8,17
20250510,대림(구로구청),대림(구로구청),9,15
20250510,대림(구로구청),대림(구로구청),10,29
20250510,대림(구로구청),대림(구로구청),11,39
20250510,대림(구로구청),대림(구로구청),12,19
20250510,대림(구로구청),대림(구로구청),13,24
20250510,대림(구로구청),대림(구로구청),14,20
20250510,대림(구로구청),대림(구로구청),15,24
20250510,대림(구로구청),대림(구로구청),16,30
20250510,대림(구로구청),대림(구로구청),17,37
20250510,대림(구로구청),대림(구로구청),18,16
20250510,대림(구로구청),대림(구로구청),19,20
20250510,대림(구로구청),대림(구로구청),20,20
20250510,대림(구로구청),대림(구로구청),21,9
20250510,대림(구로구청),대림(구로구청),22,13
20250510,대림(구로구청),대림(구로구청),23,13
20250510,대림(구로구청),동대문역사문화공원,4,1
20250510,대림(구로구청),동대문역사문화공원,5,3
20250510,대림(구로구청),동대문역사문화공원,6,2
20250510,대림(구로구청),동대문역사문화공원,7,2
20250510,대림(구로구청),동대문역사문화공원,8,9
20250510,대림(구로구청),동대문역사문화공원,9,8
20250510,대림(구로구청),동대문역사문화공원,10,15
20250510,대림(구로구청),동대문역사문화공원,11,14
20250510,대림(구로구청),동대문역사문화공원,12,8
20250510,대림(구로구청),동대문역사문화공원,13,8
20250510,대림(구로구청),동대문역사문화공원,14,6
20250510,대림(구로구청),동대문역사문화공원,16,7
20250510,대림(구로구청),동대문역사문화공원,17,3
20250510,대림(구로구청),동대문역사문화공원,18,5
20250510,대림(구로구청),동대문역사문화공원,19,3
20250510,대림(구로구청),동대문역사문화공원,20,10
20250510,대림(구로구청),동대문역사문화공원,21,2
20250510,대림(구로구청),동대문역사문화공원,22,6
20250510,대림(구로구청),동대문역사문화공원,23,2
20250510,대림(구로구청),뚝섬,5,2
20250510,대림(구로구청),뚝섬,6,1
20250510,대림(구로구청),뚝섬,7,3
20250510,대림(구로구청),뚝섬,8,4
20250510,대림(구로구청),뚝섬,9,5
20250510,대림(구로구청),뚝섬,10,4
20250510,대림(구로구청),뚝섬,11,1
20250510,대림(구로구청),뚝섬,12,6
20250510,대림(구로구청),뚝섬,13,2
20250510,대림(구로구청),뚝섬,14,1
20250510,대림(구로구청),뚝섬,15,3
20250510,대림(구로구청),뚝섬,16,2
20250510,대림(구로구청),뚝섬,17,1
20250510,대림(구로구청),뚝섬,19,3
20250510,대림(구로구청),뚝섬,20,2
20250510,대림(구로구청),문래,5,18
20250510,대림(구로구청),문래,6,7
20250510,대림(구로구청),문래,7,11
20250510,대림(구로구청),문래,8,26
20250510,대림(구로구청),문래,9,29
20250510,대림(구로구청),문래,10,24
20250510,대림(구로구청),문래,11,16
20250510,대림(구로구청),문래,12,24
20250510,대림(구로구청),문래,13,28
20250510,대림(구로구청),문래,14,14
20250510,대림(구로구청),문래,15,16
20250510,대림(구로구청),문래,16,15
20250510,대림(구로구청),문래,17,20
20250510,대림(구로구청),문래,18,14
20250510,대림(구로구청),문래,19,13
20250510,대림(구로구청),문래,20,13
20250510,대림(구로구청),문래,21,14
20250510,대림(구로구청),문래,22,4
20250510,대림(구로구청),문래,23,2
20250510,대림(구로구청),방배,5,7
20250510,대림(구로구청),방배,6,10
20250510,대림(구로구청),방배,7,13
20250510,대림(구로구청),방배,8,13
20250510,대림(구로구청),방배,9,18
20250510,대림(구로구청),방배,10,4
20250510,대림(구로구청),방배,11,11
20250510,대림(구로구청),방배,12,15
20250510,대림(구로구청),방배,13,5
20250510,대림(구로구청),방배,14,5
20250510,대림(구로구청),방배,15,4
20250510,대림(구로구청),방배,16,5
20250510,대림(구로구청),방배,17,3
20250510,대림(구로구청),방배,18,4
20250510,대림(구로구청),방배,23,1
20250510,대림(구로구청),봉천,5,4
20250510,대림(구로구청),봉천,6,7
20250510,대림(구로구청),봉천,7,11
20250510,대림(구로구청),봉천,8,20
20250510,대림(구로구청),봉천,9,20
20250510,대림(구로구청),봉천,10,25
20250510,대림(구로구청),봉천,11,21
20250510,대림(구로구청),봉천,12,17
20250510,대림(구로구청),봉천,13,11
20250510,대림(구로구청),봉천,14,20
20250510,대림(구로구청),봉천,15,21
20250510,대림(구로구청),봉천,16,18
20250510,대림(구로구청),봉천,17,12
20250510,대림(구로구청),봉천,18,16
20250510,대림(구로구청),봉천,19,6
20250510,대림(구로구청),봉천,20,6
20250510,대림(구로구청),봉천,21,6
20250510,대림(구로구청),봉천,22,7
20250510,대림(구로구청),봉천,23,6
20250510,대림(구로구청),사당,5,23
20250510,대림(구로구청),사당,6,16
20250510,대림(구로구청),사당,7,23
20250510,대림(구로구청),사당,8,19
20250510,대림(구로구청),사당,9,48
20250510,대림(구로구청),사당,10,33
20250510,대림(구로구청),사당,11,22
20250510,대림(구로구청),사당,12,21
20250510,대림(구로구청),사당,13,18
20250510,대림(구로구청),사당,14,21
20250510,대림(구로구청),사당,15,20
20250510,대림(구로구청),사당,16,32
20250510,대림(구로구청),사당,17,23
20250510,대림(구로구청),사당,18,21
20250510,대림(구로구청),사당,19,14
20250510,대림(구로구청),사당,20,10
20250510,대림(구로구청),사당,21,6
20250510,대림(구로구청),사당,22,7
20250510,대림(구로구청),사당,23,1
20250510,대림(구로구청),삼성(무역센터),4,1
20250510,대림(구로구청),삼성(무역센터),5,41
20250510,대림(구로구청),삼성(무역센터),6,16
20250510,대림(구로구청),삼성(무역센터),7,19
20250510,대림(구로구청),삼성(무역센터),8,35
20250510,대림(구로구청),삼성(무역센터),9,42
20250510,대림(구로구청),삼성(무역센터),10,25
20250510,대림(구로구청),삼성(무역센터),11,26
20250510,대림(구로구청),삼성(무역센터),12,14
20250510,대림(구로구청),삼성(무역센터),13,19
20250510,대림(구로구청),삼성(무역센터),14,10
20250510,대림(구로구청),삼성(무역센터),15,8
20250510,대림(구로구청),삼성(무역센터),16,7
20250510,대림(구로구청),삼성(무역센터),17,10
20250510,대림(구로구청),삼성(무역센터),18,3
20250510,대림(구로구청),삼성(무역센터),19,4
20250510,대림(구로구청),삼성(무역센터),20,2
20250510,대림(구로구청),삼성(무역센터),21,2
20250510,대림(구로구청),상왕십리,5,4
20250510,대림(구로구청),상왕십리,6,1
20250510,대림(구로구청),상왕십리,7,4
20250510,대림(구로구청),상왕십리,8,4
20250510,대림(구로구청),상왕십리,9,3
20250510,대림(구로구청),상왕십리,11,3
20250510,대림(구로구청),상왕십리,12,4
20250510,대림(구로구청),상왕십리,13,4
20250510,대림(구로구청),상왕십리,14,1
20250510,대림(구로구청),상왕십리,16,1
20250510,대림(구로구청),상왕십리,17,1
20250510,대림(구로구청),상왕십리,18,2
20250510,대림(구로구청),상왕십리,20,2
20250510,대림(구로구청),상왕십리,21,5
20250510,대림(구로구청),상왕십리,22,2
20250510,대림(구로구청),서울대입구(관악구청),5,7
20250510,대림(구로구청),서울대입구(관악구청),6,7
20250510,대림(구로구청),서울대입구(관악구청),7,11
20250510,대림(구로구청),서울대입구(관악구청),8,26
20250510,대림(구로구청),서울대입구(관악구청),9,22
20250510,대림(구로구청),서울대입구(관악구청),10,23
20250510,대림(구로구청),서울대입구(관악구청),11,15
20250510,대림(구로구청),서울대입구(관악구청),12,27
20250510,대림(구로구청),서울대입구(관악구청),13,23
20250510,대림(구로구청),서울대입구(관악구청),14,24
20250510,대림(구로구청),서울대입구(관악구청),15,19
20250510,대림(구로구청),서울대입구(관악구청),16,11
20250510,대림(구로구청),서울대입구(관악구청),17,24
20250510,대림(구로구청),서울대입구(관악구청),18,20
20250510,대림(구로구청),서울대입구(관악구청),19,6
20250510,대림(구로구청),서울대입구(관악구청),20,10
20250510,대림(구로구청),서울대입구(관악구청),21,6
20250510,대림(구로구청),서울대입구(관악구청),22,7
20250510,대림(구로구청),서울대입구(관악구청),23,7
20250510,대림(구로구청),서초,5,23
20250510,대림(구로구청),서초,6,10
20250510,대림(구로구청),서초,7,18
20250510,대림(구로구청),서초,8,14
20250510,대림(구로구청),서초,9,15
20250510,대림(구로구청),서초,10,16
20250510,대림(구로구청),서초,11,4
20250510,대림(구로구청),서초,12,11
20250510,대림(구로구청),서초,13,12
20250510,대림(구로구청),서초,14,8
20250510,대림(구로구청),서초,15,5
20250510,대림(구로구청),서초,16,9
20250510,대림(구로구청),서초,17,3
20250510,대림(구로구청),서초,18,1
20250510,대림(구로구청),서초,19,1
20250510,대림(구로구청),서초,20,2
20250510,대림(구로구청),서초,21,1
20250510,대림(구로구청),선릉,5,12
20250510,대림(구로구청),선릉,6,17
20250510,대림(구로구청),선릉,7,29
20250510,대림(구로구청),선릉,8,47
20250510,대림(구로구청),선릉,9,45
20250510,대림(구로구청),선릉,10,27
20250510,대림(구로구청),선릉,11,10
20250510,대림(구로구청),선릉,12,24
20250510,대림(구로구청),선릉,13,21
20250510,대림(구로구청),선릉,14,11
20250510,대림(구로구청),선릉,15,8
20250510,대림(구로구청),선릉,16,13
20250510,대림(구로구청),선릉,17,2
20250510,대림(구로구청),선릉,18,3
20250510,대림(구로구청),선릉,19,3
20250510,대림(구로구청),선릉,21,2
20250510,대림(구로구청),선릉,22,1
20250510,대림(구로구청),성수,4,1
20250510,대림(구로구청),성수,5,21
20250510,대림(구로구청),성수,6,3
20250510,대림(구로구청),성수,7,1
20250510,대림(구로구청),성수,8,5
20250510,대림(구로구청),성수,9,4
20250510,대림(구로구청),성수,10,18
20250510,대림(구로구청),성수,11,10
20250510,대림(구로구청),성수,12,7
20250510,대림(구로구청),성수,13,7
20250510,대림(구로구청),성수,14,9
20250510,대림(구로구청),성수,15,3
20250510,대림(구로구청),성수,16,3
20250510,대림(구로구청),성수,17,1
20250510,대림(구로구청),성수,19,2
20250510,대림(구로구청),성수,20,2
20250510,대림(구로구청),성수,21,1
20250510,대림(구로구청),시청,4,1
20250510,대림(구로구청),시청,5,4
20250510,대림(구로구청),시청,6,10
20250510,대림(구로구청),시청,7,8
20250510,대림(구로구청),시청,8,12
20250510,대림(구로구청),시청,9,11
20250510,대림(구로구청),시청,10,5
20250510,대림(구로구청),시청,11,6
20250510,대림(구로구청),시청,12,8
20250510,대림(구로구청),시청,13,3
20250510,대림(구로구청),시청,14,6
20250510,대림(구로구청),시청,15,2
20250510,대림(구로구청),시청,16,3
20250510,대림(구로구청),시청,17,2
20250510,대림(구로구청),시청,18,1
20250510,대림(구로구청),시청,20,1
20250510,대림(구로구청),신당,6,1
20250510,대림(구로구청),신당,7,2
20250510,대림(구로구청),신당,8,4
20250510,대림(구로구청),신당,9,9
20250510,대림(구로구청),신당,10,2
20250510,대림(구로구청),신당,11,2
20250510,대림(구로구청),신당,12,1
20250510,대림(구로구청),신당,13,3
20250510,대림(구로구청),신당,14,4
20250510,대림(구로구청),신당,15,7
20250510,대림(구로구청),신당,16,1
20250510,대림(구로구청),신당,17,1
20250510,대림(구로구청),신당,18,4
20250510,대림(구로구청),신당,19,1
20250510,대림(구로구청),신당,20,3
20250510,대림(구로구청),신당,21,7
20250510,대림(구로구청),신당,22,1
20250510,대림(구로구청),신당,23,2
20250510,대림(구로구청),신대방,5,10
20250510,대림(구로구청),신대방,6,14
20250510,대림(구로구청),신대방,7,14
20250510,대림(구로구청),신대방,8,15
20250510,대림(구로구청),신대방,9,25
20250510,대림(구로구청),신대방,10,25
20250510,대림(구로구청),신대방,11,29
20250510,대림(구로구청),신대방,12,33
20250510,대림(구로구청),신대방,13,39
20250510,대림(구로구청),신대방,14,38
20250510,대림(구로구청),신대방,15,36
20250510,대림(구로구청),신대방,16,28
20250510,대림(구로구청),신대방,17,23
20250510,대림(구로구청),신대방,18,28
20250510,대림(구로구청),신대방,19,35
20250510,대림(구로구청),신대방,20,20
20250510,대림(구로구청),신대방,21,23
20250510,대림(구로구청),신대방,22,12
20250510,대림(구로구청),신대방,23,7
20250510,대림(구로구청),신도림,5,12
20250510,대림(구로구청),신도림,6,12
20250510,대림(구로구청),신도림,7,7
20250510,대림(구로구청),신도림,8,31
20250510,대림(구로구청),신도림,9,40
20250510,대림(구로구청),신도림,10,40
20250510,대림(구로구청),신도림,11,46
20250510,대림(구로구청),신도림,12,39
20250510,대림(구로구청),신도림,13,44
20250510,대림(구로구청),신도림,14,46
20250510,대림(구로구청),신도림,15,47
20250510,대림(구로구청),신도림,16,48
20250510,대림(구로구청),신도림,17,30
20250510,대림(구로구청),신도림,18,37
20250510,대림(구로구청),신도림,19,20
20250510,대림(구로구청),신도림,20,18
20250510,대림(구로구청),신도림,21,14
20250510,대림(구로구청),신도림,22,8
20250510,대림(구로구청),신도림,23,7
20250510,대림(구로구청),신림,5,11
20250510,대림(구로구청),신림,6,22
20250510,대림(구로구청),신림,7,13
20250510,대림(구로구청),신림,8,34
20250510,대림(구로구청),신림,9,35
20250510,대림(구로구청),신림,10,34
20250510,대림(구로구청),신림,11,39
20250510,대림(구로구청),신림,12,43
20250510,대림(구로구청),신림,13,54
20250510,대림(구로구청),신림,14,47
20250510,대림(구로구청),신림,15,59
20250510,대림(구로구청),신림,16,41
20250510,대림(구로구청),신림,17,29
20250510,대림(구로구청),신림,18,38
20250510,대림(구로구청),신림,19,40
20250510,대림(구로구청),신림,20,32
20250510,대림(구로구청),신림,21,23
20250510,대림(구로구청),신림,22,16
20250510,대림(구로구청),신림,23,19
20250510,대림(구로구청),신촌,5,6
20250510,대림(구로구청),신촌,6,9
20250510,대림(구로구청),신촌,7,17
20250510,대림(구로구청),신촌,8,26
20250510,대림(구로구청),신촌,9,30
20250510,대림(구로구청),신촌,10,22
20250510,대림(구로구청),신촌,11,19
20250510,대림(구로구청),신촌,12,23
20250510,대림(구로구청),신촌,13,33
20250510,대림(구로구청),신촌,14,21
20250510,대림(구로구청),신촌,15,10
20250510,대림(구로구청),신촌,16,8
20250510,대림(구로구청),신촌,17,9
20250510,대림(구로구청),신촌,18,7
20250510,대림(구로구청),신촌,19,12
20250510,대림(구로구청),신촌,20,7
20250510,대림(구로구청),신촌,21,11
20250510,대림(구로구청),신촌,22,3
20250510,대림(구로구청),신촌,23,2
20250510,대림(구로구청),아현,5,3
20250510,대림(구로구청),아현,6,1
20250510,대림(구로구청),아현,7,4
20250510,대림(구로구청),아현,8,5
20250510,대림(구로구청),아현,9,4
20250510,대림(구로구청),아현,10,2
20250510,대림(구로구청),아현,11,6
20250510,대림(구로구청),아현,12,2
20250510,대림(구로구청),아현,13,2
20250510,대림(구로구청),아현,14,1
20250510,대림(구로구청),아현,15,4
20250510,대림(구로구청),아현,16,2
20250510,대림(구로구청),아현,17,7
20250510,대림(구로구청),아현,18,1
20250510,대림(구로구청),아현,19,5
20250510,대림(구로구청),아현,20,3
20250510,대림(구로구청),아현,21,7
20250510,대림(구로구청),아현,22,5
20250510,대림(구로구청),아현,23,2
20250510,대림(구로구청),역삼,5,14
20250510,대림(구로구청),역삼,6,13
20250510,대림(구로구청),역삼,7,23
20250510,대림(구로구청),역삼,8,34
20250510,대림(구로구청),역삼,9,22
20250510,대림(구로구청),역삼,10,11
20250510,대림(구로구청),역삼,11,11
20250510,대림(구로구청),역삼,12,16
20250510,대림(구로구청),역삼,13,9
20250510,대림(구로구청),역삼,14,10
20250510,대림(구로구청),역삼,15,6
20250510,대림(구로구청),역삼,16,5
20250510,대림(구로구청),역삼,17,6
20250510,대림(구로구청),역삼,18,3
20250510,대림(구로구청),역삼,19,5
20250510,대림(구로구청),역삼,20,4
20250510,대림(구로구청),역삼,21,3
20250510,대림(구로구청),역삼,23,2
20250510,대림(구로구청),영등포구청,5,18
20250510,대림(구로구청),영등포구청,6,11
20250510,대림(구로구청),영등포구청,7,10
20250510,대림(구로구청),영등포구청,8,20
20250510,대림(구로구청),영등포구청,9,40
20250510,대림(구로구청),영등포구청,10,20
20250510,대림(구로구청),영등포구청,11,23
20250510,대림(구로구청),영등포구청,12,33
20250510,대림(구로구청),영등포구청,13,20
20250510,대림(구로구청),영등포구청,14,18
20250510,대림(구로구청),영등포구청,15,13
20250510,대림(구로구청),영등포구청,16,19
20250510,대림(구로구청),영등포구청,17,16
20250510,대림(구로구청),영등포구청,18,17
20250510,대림(구로구청),영등포구청,19,6
20250510,대림(구로구청),영등포구청,20,11
20250510,대림(구로구청),영등포구청,21,9
20250510,대림(구로구청),영등포구청,22,5
20250510,대림(구로구청),영등포구청,23,2
20250510,대림(구로구청),왕십리(성동구청),5,5
20250510,대림(구로구청),왕십리(성동구청),7,4
20250510,대림(구로구청),왕십리(성동구청),8,3
20250510,대림(구로구청),왕십리(성동구청),9,2
20250510,대림(구로구청),왕십리(성동구청),10,1
20250510,대림(구로구청),왕십리(성동구청),11,1
20250510,대림(구로구청),왕십리(성동구청),12,4
20250510,대림(구로구청),왕십리(성동구청),13,1
20250510,대림(구로구청),왕십리(성동구청),14,4
20250510,대림(구로구청),왕십리(성동구청),16,4
20250510,대림(구로구청),왕십리(성동구청),17,2
20250510,대림(구로구청),왕십리(성동구청),18,2
20250510,대림(구로구청),왕십리(성동구청),19,3
20250510,대림(구로구청),왕십리(성동구청),21,1
20250510,대림(구로구청),왕십리(성동구청),22,4
20250510,대림(구로구청),용두(동대문구청),7,1
20250510,대림(구로구청),용두(동대문구청),8,2
20250510,대림(구로구청),용두(동대문구청),14,2
20250510,대림(구로구청),용두(동대문구청),18,1
20250510,대림(구로구청),을지로3가,5,11
20250510,대림(구로구청),을지로3가,6,3
20250510,대림(구로구청),을지로3가,7,2
20250510,대림(구로구청),을지로3가,8,5
20250510,대림(구로구청),을지로3가,9,12
20250510,대림(구로구청),을지로3가,10,4
20250510,대림(구로구청),을지로3가,11,5
20250510,대림(구로구청),을지로3가,12,6
20250510,대림(구로구청),을지로3가,13,9
20250510,대림(구로구청),을지로3가,14,1
20250510,대림(구로구청),을지로3가,15,12
20250510,대림(구로구청),을지로3가,16,3
20250510,대림(구로구청),을지로3가,17,1
20250510,대림(구로구청),을지로3가,19,2
20250510,대림(구로구청),을지로3가,20,2
20250510,대림(구로구청),을지로4가,5,7
20250510,대림(구로구청),을지로4가,6,1
20250510,대림(구로구청),을지로4가,7,9
20250510,대림(구로구청),을지로4가,8,4
20250510,대림(구로구청),을지로4가,9,7
20250510,대림(구로구청),을지로4가,10,8
20250510,대림(구로구청),을지로4가,11,5
20250510,대림(구로구청),을지로4가,12,3
20250510,대림(구로구청),을지로4가,13,5
20250510,대림(구로구청),을지로4가,14,8
20250510,대림(구로구청),을지로4가,15,2
20250510,대림(구로구청),을지로4가,16,2
20250510,대림(구로구청),을지로4가,17,3
20250510,대림(구로구청),을지로4가,18,1
20250510,대림(구로구청),을지로4가,21,1
20250510,대림(구로구청),을지로4가,22,2
20250510,대림(구로구청),을지로입구,5,8
20250510,대림(구로구청),을지로입구,6,10
20250510,대림(구로구청),을지로입구,7,15
20250510,대림(구로구청),을지로입구,8,52
20250510,대림(구로구청),을지로입구,9,73
20250510,대림(구로구청),을지로입구,10,53
20250510,대림(구로구청),을지로입구,11,18
20250510,대림(구로구청),을지로입구,12,32
20250510,대림(구로구청),을지로입구,13,23
20250510,대림(구로구청),을지로입구,14,22
20250510,대림(구로구청),을지로입구,15,5
20250510,대림(구로구청),을지로입구,16,10
20250510,대림(구로구청),을지로입구,17,6
20250510,대림(구로구청),을지로입구,18,3
20250510,대림(구로구청),을지로입구,19,5
20250510,대림(구로구청),을지로입구,20,2
20250510,대림(구로구청),을지로입구,21,4
20250510,대림(구로구청),을지로입구,22,1
20250510,대림(구로구청),을지로입구,23,2
20250510,대림(구로구청),이대,5,1
20250510,대림(구로구청),이대,6,1
20250510,대림(구로구청),이대,7,1
20250510,대림(구로구청),이대,8,12
20250510,대림(구로구청),이대,9,12
20250510,대림(구로구청),이대,10,7
20250510,대림(구로구청),이대,11,1
20250510,대림(구로구청),이대,12,5
20250510,대림(구로구청),이대,13,9
20250510,대림(구로구청),이대,14,7
20250510,대림(구로구청),이대,15,9
20250510,대림(구로구청),이대,16,2
20250510,대림(구로구청),이대,17,5
20250510,대림(구로구청),이대,18,7
20250510,대림(구로구청),이대,19,5
20250510,대림(구로구청),이대,20,3
20250510,대림(구로구청),이대,22,3
20250510,대림(구로구청),이대,23,1
20250510,대림(구로구청),잠실(송파구청),5,16
20250510,대림(구로구청),잠실(송파구청),6,15
20250510,대림(구로구청),잠실(송파구청),7,21
20250510,대림(구로구청),잠실(송파구청),8,73
20250510,대림(구로구청),잠실(송파구청),9,31
20250510,대림(구로구청),잠실(송파구청),10,34
20250510,대림(구로구청),잠실(송파구청),11,31
20250510,대림(구로구청),잠실(송파구청),12,20
20250510,대림(구로구청),잠실(송파구청),13,20
20250510,대림(구로구청),잠실(송파구청),14,23
20250510,대림(구로구청),잠실(송파구청),15,21
20250510,대림(구로구청),잠실(송파구청),16,16
20250510,대림(구로구청),잠실(송파구청),17,7
20250510,대림(구로구청),잠실(송파구청),18,11
20250510,대림(구로구청),잠실(송파구청),19,11
20250510,대림(구로구청),잠실(송파구청),20,10
20250510,대림(구로구청),잠실(송파구청),21,2
20250510,대림(구로구청),잠실(송파구청),22,5
20250510,대림(구로구청),잠실(송파구청),23,5
20250510,대림(구로구청),잠실나루,5,30
20250510,대림(구로구청),잠실나루,6,2
20250510,대림(구로구청),잠실나루,7,2
20250510,대림(구로구청),잠실나루,8,2
20250510,대림(구로구청),잠실나루,9,2
20250510,대림(구로구청),잠실나루,11,2
20250510,대림(구로구청),잠실나루,12,1
20250510,대림(구로구청),잠실나루,13,1
20250510,대림(구로구청),잠실나루,14,4
20250510,대림(구로구청),잠실나루,15,3
20250510,대림(구로구청),잠실나루,18,1
20250510,대림(구로구청),잠실나루,19,1
20250510,대림(구로구청),잠실나루,20,3
20250510,대림(구로구청),잠실나루,21,1
20250510,대림(구로구청),잠실새내,5,4
20250510,대림(구로구청),잠실새내,6,4
20250510,대림(구로구청),잠실새내,7,4
20250510,대림(구로구청),잠실새내,8,8
20250510,대림(구로구청),잠실새내,9,8
20250510,대림(구로구청),잠실새내,10,3
20250510,대림(구로구청),잠실새내,11,7
20250510,대림(구로구청),잠실새내,12,3
20250510,대림(구로구청),잠실새내,13,13
20250510,대림(구로구청),잠실새내,14,5
20250510,대림(구로구청),잠실새내,15,4
20250510,대림(구로구청),잠실새내,16,3
20250510,대림(구로구청),잠실새내,17,1
20250510,대림(구로구청),잠실새내,18,5
20250510,대림(구로구청),잠실새내,19,1
20250510,대림(구로구청),잠실새내,20,4
20250510,대림(구로구청),잠실새내,21,3
20250510,대림(구로구청),잠실새내,22,1
20250510,대림(구로구청),종합운동장,4,1
20250510,대림(구로구청),종합운동장,5,22
20250510,대림(구로구청),종합운동장,6,8
20250510,대림(구로구청),종합운동장,7,8
20250510,대림(구로구청),종합운동장,8,6
20250510,대림(구로구청),종합운동장,9,2
20250510,대림(구로구청),종합운동장,10,1
20250510,대림(구로구청),종합운동장,11,2
20250510,대림(구로구청),종합운동장,12,2
20250510,대림(구로구청),종합운동장,13,1
20250510,대림(구로구청),종합운동장,14,2
20250510,대림(구로구청),종합운동장,15,16
20250510,대림(구로구청),종합운동장,16,10
20250510,대림(구로구청),종합운동장,17,2
20250510,대림(구로구청),종합운동장,18,1
20250510,대림(구로구청),종합운동장,20,6
20250510,대림(구로구청),종합운동장,21,2
20250510,대림(구로구청),종합운동장,23,1
20250510,대림(구로구청),충정로(경기대입구),5,3
20250510,대림(구로구청),충정로(경기대입구),6,1
20250510,대림(구로구청),충정로(경기대입구),8,7
20250510,대림(구로구청),충정로(경기대입구),9,5
20250510,대림(구로구청),충정로(경기대입구),10,3
20250510,대림(구로구청),충정로(경기대입구),11,5
20250510,대림(구로구청),충정로(경기대입구),12,9
20250510,대림(구로구청),충정로(경기대입구),14,1
20250510,대림(구로구청),충정로(경기대입구),15,3
20250510,대림(구로구청),충정로(경기대입구),16,6
20250510,대림(구로구청),충정로(경기대입구),17,3
20250510,대림(구로구청),충정로(경기대입구),19,2
20250510,대림(구로구청),충정로(경기대입구),20,1
20250510,대림(구로구청),충정로(경기대입구),21,1
20250510,대림(구로구청),한양대,5,4
20250510,대림(구로구청),한양대,6,1
20250510,대림(구로구청),한양대,7,1
20250510,대림(구로구청),한양대,8,2
20250510,대림(구로구청),한양대,9,3
20250510,대림(구로구청),한양대,10,2
20250510,대림(구로구청),한양대,11,1
20250510,대림(구로구청),한양대,12,1
20250510,대림(구로구청),한양대,14,1
20250510,대림(구로구청),한양대,15,2
20250510,대림(구로구청),한양대,20,1
20250510,대림(구로구청),합정,5,12
20250510,대림(구로구청),합정,6,8
20250510,대림(구로구청),합정,7,12
20250510,대림(구로구청),합정,8,34
20250510,대림(구로구청),합정,9,39
20250510,대림(구로구청),합정,10,31
20250510,대림(구로구청),합정,11,24
20250510,대림(구로구청),합정,12,27
20250510,대림(구로구청),합정,13,27
20250510,대림(구로구청),합정,14,19
20250510,대림(구로구청),합정,15,25
20250510,대림(구로구청),합정,16,32
20250510,대림(구로구청),합정,17,38
20250510,대림(구로구청),합정,18,22
20250510,대림(구로구청),합정,19,10
20250510,대림(구로구청),합정,20,17
20250510,대림(구로구청),합정,21,13
20250510,대림(구로구청),합정,22,10
20250510,대림(구로구청),합정,23,3
20250510,대림(구로구청),홍대입구,5,7
20250510,대림(구로구청),홍대입구,6,12
20250510,대림(구로구청),홍대입구,7,14
20250510,대림(구로구청),홍대입구,8,36
20250510,대림(구로구청),홍대입구,9,59
20250510,대림(구로구청),홍대입구,10,50
20250510,대림(구로구청),홍대입구,11,44
20250510,대림(구로구청),홍대입구,12,49
20250510,대림(구로구청),홍대입구,13,52
20250510,대림(구로구청),홍대입구,14,52
20250510,대림(구로구청),홍대입구,15,51
20250510,대림(구로구청),홍대입구,16,42
20250510,대림(구로구청),홍대입구,17,41
20250510,대림(구로구청),홍대입구,18,28
20250510,대림(구로구청),홍대입구,19,39
20250510,대림(구로구청),홍대입구,20,19
20250510,대림(구로구청),홍대입구,21,16
20250510,대림(구로구청),홍대입구,22,7
20250510,대림(구로구청),홍대입구,23,8
20250510,동대문역사문화공원,강남,5,2
20250510,동대문역사문화공원,강남,7,1
20250510,동대문역사문화공원,강남,8,9
20250510,동대문역사문화공원,강남,9,19
20250510,동대문역사문화공원,강남,10,12
20250510,동대문역사문화공원,강남,11,11
20250510,동대문역사문화공원,강남,12,6
20250510,동대문역사문화공원,강남,13,9
20250510,동대문역사문화공원,강남,14,9
20250510,동대문역사문화공원,강남,15,4
20250510,동대문역사문화공원,강남,16,8
20250510,동대문역사문화공원,강남,17,3
20250510,동대문역사문화공원,강남,18,12
20250510,동대문역사문화공원,강남,19,6
20250510,동대문역사문화공원,강남,20,6
20250510,동대문역사문화공원,강남,21,7
20250510,동대문역사문화공원,강남,22,2
20250510,동대문역사문화공원,강변(동서울터미널),5,2
20250510,동대문역사문화공원,강변(동서울터미널),6,7
20250510,동대문역사문화공원,강변(동서울터미널),7,1
20250510,동대문역사문화공원,강변(동서울터미널),8,1
20250510,동대문역사문화공원,강변(동서울터미널),9,8
20250510,동대문역사문화공원,강변(동서울터미널),10,2
20250510,동대문역사문화공원,강변(동서울터미널),11,19
20250510,동대문역사문화공원,강변(동서울터미널),12,8
20250510,동대문역사문화공원,강변(동서울터미널),13,14
20250510,동대문역사문화공원,강변(동서울터미널),14,22
20250510,동대문역사문화공원,강변(동서울터미널),15,23
20250510,동대문역사문화공원,강변(동서울터미널),16,34
20250510,동대문역사문화공원,강변(동서울터미널),17,19
20250510,동대문역사문화공원,강변(동서울터미널),18,14
20250510,동대문역사문화공원,강변(동서울터미널),19,14
20250510,동대문역사문화공원,강변(동서울터미널),20,16
20250510,동대문역사문화공원,강변(동서울터미널),21,11
20250510,동대문역사문화공원,강변(동서울터미널),22,9
20250510,동대문역사문화공원,강변(동서울터미널),23,1
20250510,동대문역사문화공원,건대입구,5,10
20250510,동대문역사문화공원,건대입구,6,2
20250510,동대문역사문화공원,건대입구,7,4
20250510,동대문역사문화공원,건대입구,8,5
20250510,동대문역사문화공원,건대입구,9,14
20250510,동대문역사문화공원,건대입구,10,16
20250510,동대문역사문화공원,건대입구,11,10
20250510,동대문역사문화공원,건대입구,12,11
20250510,동대문역사문화공원,건대입구,13,9
20250510,동대문역사문화공원,건대입구,14,19
20250510,동대문역사문화공원,건대입구,15,36
20250510,동대문역사문화공원,건대입구,16,39
20250510,동대문역사문화공원,건대입구,17,32
20250510,동대문역사문화공원,건대입구,18,38
20250510,동대문역사문화공원,건대입구,19,36
20250510,동대문역사문화공원,건대입구,20,32
20250510,동대문역사문화공원,건대입구,21,32
20250510,동대문역사문화공원,건대입구,22,33
20250510,동대문역사문화공원,건대입구,23,16
20250510,동대문역사문화공원,교대(법원.검찰청),8,1
20250510,동대문역사문화공원,교대(법원.검찰청),12,1
20250510,동대문역사문화공원,교대(법원.검찰청),15,1
20250510,동대문역사문화공원,교대(법원.검찰청),17,2
20250510,동대문역사문화공원,교대(법원.검찰청),18,2
20250510,동대문역사문화공원,교대(법원.검찰청),22,3
20250510,동대문역사문화공원,구로디지털단지,5,1
20250510,동대문역사문화공원,구로디지털단지,8,3
20250510,동대문역사문화공원,구로디지털단지,9,1
20250510,동대문역사문화공원,구로디지털단지,10,4
20250510,동대문역사문화공원,구로디지털단지,11,3
20250510,동대문역사문화공원,구로디지털단지,12,5
20250510,동대문역사문화공원,구로디지털단지,13,7
20250510,동대문역사문화공원,구로디지털단지,14,10
20250510,동대문역사문화공원,구로디지털단지,15,14
20250510,동대문역사문화공원,구로디지털단지,16,27
20250510,동대문역사문화공원,구로디지털단지,17,24
20250510,동대문역사문화공원,구로디지털단지,18,17
20250510,동대문역사문화공원,구로디지털단지,19,19
20250510,동대문역사문화공원,구로디지털단지,20,26
20250510,동대문역사문화공원,구로디지털단지,21,25
20250510,동대문역사문화공원,구로디지털단지,22,17
20250510,동대문역사문화공원,구로디지털단지,23,3
20250510,동대문역사문화공원,구의(광진구청),5,6
20250510,동대문역사문화공원,구의(광진구청),7,1
20250510,동대문역사문화공원,구의(광진구청),8,2
20250510,동대문역사문화공원,구의(광진구청),9,3
20250510,동대문역사문화공원,구의(광진구청),10,2
20250510,동대문역사문화공원,구의(광진구청),11,7
20250510,동대문역사문화공원,구의(광진구청),12,9
20250510,동대문역사문화공원,구의(광진구청),13,15
20250510,동대문역사문화공원,구의(광진구청),14,12
20250510,동대문역사문화공원,구의(광진구청),15,12
20250510,동대문역사문화공원,구의(광진구청),16,33
20250510,동대문역사문화공원,구의(광진구청),17,25
20250510,동대문역사문화공원,구의(광진구청),18,16
20250510,동대문역사문화공원,구의(광진구청),19,21
20250510,동대문역사문화공원,구의(광진구청),20,12
20250510,동대문역사문화공원,구의(광진구청),21,19
20250510,동대문역사문화공원,구의(광진구청),22,12
20250510,동대문역사문화공원,구의(광진구청),23,4
20250510,동대문역사문화공원,낙성대,9,1
20250510,동대문역사문화공원,낙성대,13,2
20250510,동대문역사문화공원,낙성대,14,1
20250510,동대문역사문화공원,낙성대,16,3
20250510,동대문역사문화공원,낙성대,17,3
20250510,동대문역사문화공원,낙성대,18,2
20250510,동대문역사문화공원,낙성대,19,3
20250510,동대문역사문화공원,낙성대,20,1
20250510,동대문역사문화공원,낙성대,21,2
20250510,동대문역사문화공원,낙성대,22,2
20250510,동대문역사문화공원,당산,7,1
20250510,동대문역사문화공원,당산,8,1
20250510,동대문역사문화공원,당산,9,3
20250510,동대문역사문화공원,당산,10,3
20250510,동대문역사문화공원,당산,11,2
20250510,동대문역사문화공원,당산,12,1
20250510,동대문역사문화공원,당산,13,7
20250510,동대문역사문화공원,당산,14,5
20250510,동대문역사문화공원,당산,15,12
20250510,동대문역사문화공원,당산,16,13
20250510,동대문역사문화공원,당산,17,15
20250510,동대문역사문화공원,당산,18,9
20250510,동대문역사문화공원,당산,19,13
20250510,동대문역사문화공원,당산,20,7
20250510,동대문역사문화공원,당산,21,10
20250510,동대문역사문화공원,당산,22,8
20250510,동대문역사문화공원,당산,23,8
20250510,동대문역사문화공원,대림(구로구청),5,1
20250510,동대문역사문화공원,대림(구로구청),7,1
20250510,동대문역사문화공원,대림(구로구청),8,3
20250510,동대문역사문화공원,대림(구로구청),9,1
20250510,동대문역사문화공원,대림(구로구청),10,4
20250510,동대문역사문화공원,대림(구로구청),11,4
20250510,동대문역사문화공원,대림(구로구청),12,6
20250510,동대문역사문화공원,대림(구로구청),13,12
20250510,동대문역사문화공원,대림(구로구청),14,4
20250510,동대문역사문화공원,대림(구로구청),15,7
20250510,동대문역사문화공원,대림(구로구청),16,7
20250510,동대문역사문화공원,대림(구로구청),17,10
20250510,동대문역사문화공원,대림(구로구청),18,9
20250510,동대문역사문화공원,대림(구로구청),19,3
20250510,동대문역사문화공원,대림(구로구청),20,5
20250510,동대문역사문화공원,대림(구로구청),21,19
20250510,동대문역사문화공원,대림(구로구청),22,6
20250510,동대문역사문화공원,대림(구로구청),23,2
20250510,동대문역사문화공원,동대문역사문화공원,4,1
20250510,동대문역사문화공원,동대문역사문화공원,6,4
20250510,동대문역사문화공원,동대문역사문화공원,7,3
20250510,동대문역사문화공원,동대문역사문화공원,8,9
20250510,동대문역사문화공원,동대문역사문화공원,9,12
20250510,동대문역사문화공원,동대문역사문화공원,10,22
20250510,동대문역사문화공원,동대문역사문화공원,11,17
20250510,동대문역사문화공원,동대문역사문화공원,12,21
20250510,동대문역사문화공원,동대문역사문화공원,13,25
20250510,동대문역사문화공원,동대문역사문화공원,14,29
20250510,동대문역사문화공원,동대문역사문화공원,15,11
20250510,동대문역사문화공원,동대문역사문화공원,16,39
20250510,동대문역사문화공원,동대문역사문화공원,17,41
20250510,동대문역사문화공원,동대문역사문화공원,18,23
20250510,동대문역사문화공원,동대문역사문화공원,19,13
20250510,동대문역사문화공원,동대문역사문화공원,20,20
20250510,동대문역사문화공원,동대문역사문화공원,21,27
20250510,동대문역사문화공원,동대문역사문화공원,22,17
20250510,동대문역사문화공원,동대문역사문화공원,23,23
20250510,동대문역사문화공원,뚝섬,6,1
20250510,동대문역사문화공원,뚝섬,7,1
20250510,동대문역사문화공원,뚝섬,8,4
20250510,동대문역사문화공원,뚝섬,9,9
20250510,동대문역사문화공원,뚝섬,10,13
20250510,동대문역사문화공원,뚝섬,11,15
20250510,동대문역사문화공원,뚝섬,12,12
20250510,동대문역사문화공원,뚝섬,13,28
20250510,동대문역사문화공원,뚝섬,14,19
20250510,동대문역사문화공원,뚝섬,15,32
20250510,동대문역사문화공원,뚝섬,16,18
20250510,동대문역사문화공원,뚝섬,17,13
20250510,동대문역사문화공원,뚝섬,18,11
20250510,동대문역사문화공원,뚝섬,19,11
20250510,동대문역사문화공원,뚝섬,20,4
20250510,동대문역사문화공원,뚝섬,21,10
20250510,동대문역사문화공원,뚝섬,22,3
20250510,동대문역사문화공원,뚝섬,23,1
20250510,동대문역사문화공원,문래,6,1
20250510,동대문역사문화공원,문래,7,1
20250510,동대문역사문화공원,문래,10,2
20250510,동대문역사문화공원,문래,11,1
20250510,동대문역사문화공원,문래,12,6
20250510,동대문역사문화공원,문래,13,1
20250510,동대문역사문화공원,문래,14,5
20250510,동대문역사문화공원,문래,15,5
20250510,동대문역사문화공원,문래,16,11
20250510,동대문역사문화공원,문래,17,8
20250510,동대문역사문화공원,문래,18,12
20250510,동대문역사문화공원,문래,19,3
20250510,동대문역사문화공원,문래,20,2
20250510,동대문역사문화공원,문래,21,4
20250510,동대문역사문화공원,문래,22,2
20250510,동대문역사문화공원,방배,9,1
20250510,동대문역사문화공원,방배,15,2
20250510,동대문역사문화공원,방배,16,1
20250510,동대문역사문화공원,방배,21,2
20250510,동대문역사문화공원,봉천,7,1
20250510,동대문역사문화공원,봉천,9,1
20250510,동대문역사문화공원,봉천,12,1
20250510,동대문역사문화공원,봉천,13,1
20250510,동대문역사문화공원,봉천,14,2
20250510,동대문역사문화공원,봉천,15,1
20250510,동대문역사문화공원,봉천,16,1
20250510,동대문역사문화공원,봉천,17,16
20250510,동대문역사문화공원,봉천,18,2
20250510,동대문역사문화공원,봉천,19,2
20250510,동대문역사문화공원,봉천,20,1
20250510,동대문역사문화공원,봉천,21,7
20250510,동대문역사문화공원,봉천,22,1
20250510,동대문역사문화공원,봉천,23,3
20250510,동대문역사문화공원,사당,5,1
20250510,동대문역사문화공원,사당,6,1
20250510,동대문역사문화공원,사당,9,1
20250510,동대문역사문화공원,사당,14,4
20250510,동대문역사문화공원,사당,15,4
20250510,동대문역사문화공원,사당,16,7
20250510,동대문역사문화공원,사당,17,2
20250510,동대문역사문화공원,사당,18,6
20250510,동대문역사문화공원,사당,19,2
20250510,동대문역사문화공원,사당,20,2
20250510,동대문역사문화공원,사당,21,4
20250510,동대문역사문화공원,삼성(무역센터),5,2
20250510,동대문역사문화공원,삼성(무역센터),6,2
20250510,동대문역사문화공원,삼성(무역센터),7,1
20250510,동대문역사문화공원,삼성(무역센터),8,3
20250510,동대문역사문화공원,삼성(무역센터),9,17
20250510,동대문역사문화공원,삼성(무역센터),10,23
20250510,동대문역사문화공원,삼성(무역센터),11,25
20250510,동대문역사문화공원,삼성(무역센터),12,25
20250510,동대문역사문화공원,삼성(무역센터),13,31
20250510,동대문역사문화공원,삼성(무역센터),14,42
20250510,동대문역사문화공원,삼성(무역센터),15,13
20250510,동대문역사문화공원,삼성(무역센터),16,22
20250510,동대문역사문화공원,삼성(무역센터),17,24
20250510,동대문역사문화공원,삼성(무역센터),18,5
20250510,동대문역사문화공원,삼성(무역센터),19,3
20250510,동대문역사문화공원,삼성(무역센터),20,6
20250510,동대문역사문화공원,삼성(무역센터),21,6
20250510,동대문역사문화공원,삼성(무역센터),23,2
20250510,동대문역사문화공원,상왕십리,6,4
20250510,동대문역사문화공원,상왕십리,7,1
20250510,동대문역사문화공원,상왕십리,8,4
20250510,동대문역사문화공원,상왕십리,9,3
20250510,동대문역사문화공원,상왕십리,10,4
20250510,동대문역사문화공원,상왕십리,11,12
20250510,동대문역사문화공원,상왕십리,12,10
20250510,동대문역사문화공원,상왕십리,13,16
20250510,동대문역사문화공원,상왕십리,14,10
20250510,동대문역사문화공원,상왕십리,15,20
20250510,동대문역사문화공원,상왕십리,16,27
20250510,동대문역사문화공원,상왕십리,17,22
20250510,동대문역사문화공원,상왕십리,18,25
20250510,동대문역사문화공원,상왕십리,19,20
20250510,동대문역사문화공원,상왕십리,20,13
20250510,동대문역사문화공원,상왕십리,21,9
20250510,동대문역사문화공원,상왕십리,22,7
20250510,동대문역사문화공원,상왕십리,23,5
20250510,동대문역사문화공원,서울대입구(관악구청),9,2
20250510,동대문역사문화공원,서울대입구(관악구청),11,1
20250510,동대문역사문화공원,서울대입구(관악구청),12,4
20250510,동대문역사문화공원,서울대입구(관악구청),13,4
20250510,동대문역사문화공원,서울대입구(관악구청),14,1
20250510,동대문역사문화공원,서울대입구(관악구청),15,2
20250510,동대문역사문화공원,서울대입구(관악구청),16,7
20250510,동대문역사문화공원,서울대입구(관악구청),17,9
20250510,동대문역사문화공원,서울대입구(관악구청),18,4
20250510,동대문역사문화공원,서울대입구(관악구청),19,8
20250510,동대문역사문화공원,서울대입구(관악구청),20,4
20250510,동대문역사문화공원,서울대입구(관악구청),21,5
20250510,동대문역사문화공원,서울대입구(관악구청),22,7
20250510,동대문역사문화공원,서울대입구(관악구청),23,3
20250510,동대문역사문화공원,서초,8,1
20250510,동대문역사문화공원,서초,11,1
20250510,동대문역사문화공원,서초,12,9
20250510,동대문역사문화공원,서초,14,2
20250510,동대문역사문화공원,서초,15,2
20250510,동대문역사문화공원,서초,16,4
20250510,동대문역사문화공원,서초,17,1
20250510,동대문역사문화공원,서초,18,1
20250510,동대문역사문화공원,선릉,5,1
20250510,동대문역사문화공원,선릉,6,1
20250510,동대문역사문화공원,선릉,9,1
20250510,동대문역사문화공원,선릉,10,2
20250510,동대문역사문화공원,선릉,11,2
20250510,동대문역사문화공원,선릉,12,3
20250510,동대문역사문화공원,선릉,13,1
20250510,동대문역사문화공원,선릉,14,2
20250510,동대문역사문화공원,선릉,15,7
20250510,동대문역사문화공원,선릉,16,5
20250510,동대문역사문화공원,선릉,17,4
20250510,동대문역사문화공원,선릉,18,3
20250510,동대문역사문화공원,선릉,19,4
20250510,동대문역사문화공원,선릉,20,3
20250510,동대문역사문화공원,선릉,21,1
20250510,동대문역사문화공원,선릉,22,4
20250510,동대문역사문화공원,성수,4,1
20250510,동대문역사문화공원,성수,5,4
20250510,동대문역사문화공원,성수,6,6
20250510,동대문역사문화공원,성수,7,8
20250510,동대문역사문화공원,성수,8,23
20250510,동대문역사문화공원,성수,9,52
20250510,동대문역사문화공원,성수,10,60
20250510,동대문역사문화공원,성수,11,68
20250510,동대문역사문화공원,성수,12,72
20250510,동대문역사문화공원,성수,13,58
20250510,동대문역사문화공원,성수,14,83
20250510,동대문역사문화공원,성수,15,57
20250510,동대문역사문화공원,성수,16,55
20250510,동대문역사문화공원,성수,17,31
20250510,동대문역사문화공원,성수,18,25
20250510,동대문역사문화공원,성수,19,19
20250510,동대문역사문화공원,성수,20,7
20250510,동대문역사문화공원,성수,21,6
20250510,동대문역사문화공원,성수,22,10
20250510,동대문역사문화공원,성수,23,11
20250510,동대문역사문화공원,시청,5,1
20250510,동대문역사문화공원,시청,7,5
20250510,동대문역사문화공원,시청,8,1
20250510,동대문역사문화공원,시청,9,1
20250510,동대문역사문화공원,시청,10,12
20250510,동대문역사문화공원,시청,11,4
20250510,동대문역사문화공원,시청,12,13
20250510,동대문역사문화공원,시청,13,16
20250510,동대문역사문화공원,시청,14,19
20250510,동대문역사문화공원,시청,15,16
20250510,동대문역사문화공원,시청,16,14
20250510,동대문역사문화공원,시청,17,14
20250510,동대문역사문화공원,시청,18,16
20250510,동대문역사문화공원,시청,19,18
20250510,동대문역사문화공원,시청,20,14
20250510,동대문역사문화공원,시청,21,6
20250510,동대문역사문화공원,시청,22,11
20250510,동대문역사문화공원,시청,23,12
20250510,동대문역사문화공원,신당,6,2
20250510,동대문역사문화공원,신당,7,5
20250510,동대문역사문화공원,신당,8,2
20250510,동대문역사문화공원,신당,9,6
20250510,동대문역사문화공원,신당,10,18
20250510,동대문역사문화공원,신당,11,21
20250510,동대문역사문화공원,신당,12,23
20250510,동대문역사문화공원,신당,13,20
20250510,동대문역사문화공원,신당,14,27
20250510,동대문역사문화공원,신당,15,31
20250510,동대문역사문화공원,신당,16,47
20250510,동대문역사문화공원,신당,17,55
20250510,동대문역사문화공원,신당,18,15
20250510,동대문역사문화공원,신당,19,23
20250510,동대문역사문화공원,신당,20,21
20250510,동대문역사문화공원,신당,21,11
20250510,동대문역사문화공원,신당,22,8
20250510,동대문역사문화공원,신당,23,3
20250510,동대문역사문화공원,신대방,5,1
20250510,동대문역사문화공원,신대방,8,1
20250510,동대문역사문화공원,신대방,9,1
20250510,동대문역사문화공원,신대방,10,1
20250510,동대문역사문화공원,신대방,11,4
20250510,동대문역사문화공원,신대방,12,3
20250510,동대문역사문화공원,신대방,13,3
20250510,동대문역사문화공원,신대방,14,2
20250510,동대문역사문화공원,신대방,15,7
20250510,동대문역사문화공원,신대방,16,10
20250510,동대문역사문화공원,신대방,17,13
20250510,동대문역사문화공원,신대방,18,7
20250510,동대문역사문화공원,신대방,19,6
20250510,동대문역사문화공원,신대방,20,4
20250510,동대문역사문화공원,신대방,21,16
20250510,동대문역사문화공원,신대방,22,6
20250510,동대문역사문화공원,신대방,23,2
20250510,동대문역사문화공원,신도림,5,2
20250510,동대문역사문화공원,신도림,7,1
20250510,동대문역사문화공원,신도림,9,2
20250510,동대문역사문화공원,신도림,10,1
20250510,동대문역사문화공원,신도림,11,5
20250510,동대문역사문화공원,신도림,12,3
20250510,동대문역사문화공원,신도림,13,11
20250510,동대문역사문화공원,신도림,14,6
20250510,동대문역사문화공원,신도림,15,6
20250510,동대문역사문화공원,신도림,16,12
20250510,동대문역사문화공원,신도림,17,24
20250510,동대문역사문화공원,신도림,18,9
20250510,동대문역사문화공원,신도림,19,12
20250510,동대문역사문화공원,신도림,20,9
20250510,동대문역사문화공원,신도림,21,11
20250510,동대문역사문화공원,신도림,22,11
20250510,동대문역사문화공원,신도림,23,12
20250510,동대문역사문화공원,신림,6,3
20250510,동대문역사문화공원,신림,7,2
20250510,동대문역사문화공원,신림,9,3
20250510,동대문역사문화공원,신림,10,1
20250510,동대문역사문화공원,신림,11,1
20250510,동대문역사문화공원,신림,12,9
20250510,동대문역사문화공원,신림,13,6
20250510,동대문역사문화공원,신림,14,8
20250510,동대문역사문화공원,신림,15,12
20250510,동대문역사문화공원,신림,16,18
20250510,동대문역사문화공원,신림,17,23
20250510,동대문역사문화공원,신림,18,17
20250510,동대문역사문화공원,신림,19,7
20250510,동대문역사문화공원,신림,20,14
20250510,동대문역사문화공원,신림,21,18
20250510,동대문역사문화공원,신림,22,12
20250510,동대문역사문화공원,신림,23,5
20250510,동대문역사문화공원,신촌,5,4
20250510,동대문역사문화공원,신촌,6,10
20250510,동대문역사문화공원,신촌,7,4
20250510,동대문역사문화공원,신촌,8,6
20250510,동대문역사문화공원,신촌,9,9
20250510,동대문역사문화공원,신촌,10,8
20250510,동대문역사문화공원,신촌,11,12
20250510,동대문역사문화공원,신촌,12,24
20250510,동대문역사문화공원,신촌,13,16
20250510,동대문역사문화공원,신촌,14,21
20250510,동대문역사문화공원,신촌,15,24
20250510,동대문역사문화공원,신촌,16,38
20250510,동대문역사문화공원,신촌,17,21
20250510,동대문역사문화공원,신촌,18,30
20250510,동대문역사문화공원,신촌,19,34
20250510,동대문역사문화공원,신촌,20,35
20250510,동대문역사문화공원,신촌,21,29
20250510,동대문역사문화공원,신촌,22,11
20250510,동대문역사문화공원,신촌,23,12
20250510,동대문역사문화공원,아현,6,1
20250510,동대문역사문화공원,아현,7,1
20250510,동대문역사문화공원,아현,8,2
20250510,동대문역사문화공원,아현,9,3
20250510,동대문역사문화공원,아현,10,1
20250510,동대문역사문화공원,아현,12,5
20250510,동대문역사문화공원,아현,13,5
20250510,동대문역사문화공원,아현,14,10
20250510,동대문역사문화공원,아현,15,13
20250510,동대문역사문화공원,아현,16,15
20250510,동대문역사문화공원,아현,17,9
20250510,동대문역사문화공원,아현,18,9
20250510,동대문역사문화공원,아현,19,9
20250510,동대문역사문화공원,아현,20,12
20250510,동대문역사문화공원,아현,21,8
20250510,동대문역사문화공원,아현,22,4
20250510,동대문역사문화공원,아현,23,11
20250510,동대문역사문화공원,역삼,5,1
20250510,동대문역사문화공원,역삼,6,1
20250510,동대문역사문화공원,역삼,7,1
20250510,동대문역사문화공원,역삼,8,5
20250510,동대문역사문화공원,역삼,9,3
20250510,동대문역사문화공원,역삼,10,5
20250510,동대문역사문화공원,역삼,11,3
20250510,동대문역사문화공원,역삼,12,5
20250510,동대문역사문화공원,역삼,13,4
20250510,동대문역사문화공원,역삼,14,3
20250510,동대문역사문화공원,역삼,15,3
20250510,동대문역사문화공원,역삼,16,3
20250510,동대문역사문화공원,역삼,17,5
20250510,동대문역사문화공원,역삼,18,2
20250510,동대문역사문화공원,역삼,19,3
20250510,동대문역사문화공원,역삼,20,5
20250510,동대문역사문화공원,역삼,21,2
20250510,동대문역사문화공원,역삼,23,2
20250510,동대문역사문화공원,영등포구청,5,2
20250510,동대문역사문화공원,영등포구청,8,1
20250510,동대문역사문화공원,영등포구청,10,2
20250510,동대문역사문화공원,영등포구청,11,1
20250510,동대문역사문화공원,영등포구청,12,3
20250510,동대문역사문화공원,영등포구청,13,6
20250510,동대문역사문화공원,영등포구청,14,3
20250510,동대문역사문화공원,영등포구청,15,5
20250510,동대문역사문화공원,영등포구청,16,5
20250510,동대문역사문화공원,영등포구청,17,10
20250510,동대문역사문화공원,영등포구청,18,7
20250510,동대문역사문화공원,영등포구청,19,4
20250510,동대문역사문화공원,영등포구청,21,3
20250510,동대문역사문화공원,영등포구청,22,6
20250510,동대문역사문화공원,영등포구청,23,4
20250510,동대문역사문화공원,왕십리(성동구청),6,2
20250510,동대문역사문화공원,왕십리(성동구청),7,3
20250510,동대문역사문화공원,왕십리(성동구청),8,3
20250510,동대문역사문화공원,왕십리(성동구청),9,7
20250510,동대문역사문화공원,왕십리(성동구청),10,6
20250510,동대문역사문화공원,왕십리(성동구청),11,8
20250510,동대문역사문화공원,왕십리(성동구청),12,14
20250510,동대문역사문화공원,왕십리(성동구청),13,11
20250510,동대문역사문화공원,왕십리(성동구청),14,15
20250510,동대문역사문화공원,왕십리(성동구청),15,23
20250510,동대문역사문화공원,왕십리(성동구청),16,22
20250510,동대문역사문화공원,왕십리(성동구청),17,24
20250510,동대문역사문화공원,왕십리(성동구청),18,39
20250510,동대문역사문화공원,왕십리(성동구청),19,24
20250510,동대문역사문화공원,왕십리(성동구청),20,27
20250510,동대문역사문화공원,왕십리(성동구청),21,20
20250510,동대문역사문화공원,왕십리(성동구청),22,17
20250510,동대문역사문화공원,왕십리(성동구청),23,11
20250510,동대문역사문화공원,을지로3가,6,1
20250510,동대문역사문화공원,을지로3가,7,4
20250510,동대문역사문화공원,을지로3가,9,6
20250510,동대문역사문화공원,을지로3가,10,16
20250510,동대문역사문화공원,을지로3가,11,9
20250510,동대문역사문화공원,을지로3가,12,18
20250510,동대문역사문화공원,을지로3가,13,17
20250510,동대문역사문화공원,을지로3가,14,14
20250510,동대문역사문화공원,을지로3가,15,8
20250510,동대문역사문화공원,을지로3가,16,37
20250510,동대문역사문화공원,을지로3가,17,27
20250510,동대문역사문화공원,을지로3가,18,31
20250510,동대문역사문화공원,을지로3가,19,42
20250510,동대문역사문화공원,을지로3가,20,20
20250510,동대문역사문화공원,을지로3가,21,22
20250510,동대문역사문화공원,을지로3가,22,8
20250510,동대문역사문화공원,을지로3가,23,11
20250510,동대문역사문화공원,을지로4가,5,1
20250510,동대문역사문화공원,을지로4가,7,1
20250510,동대문역사문화공원,을지로4가,8,1
20250510,동대문역사문화공원,을지로4가,9,3
20250510,동대문역사문화공원,을지로4가,10,11
20250510,동대문역사문화공원,을지로4가,11,14
20250510,동대문역사문화공원,을지로4가,12,22
20250510,동대문역사문화공원,을지로4가,13,19
20250510,동대문역사문화공원,을지로4가,14,19
20250510,동대문역사문화공원,을지로4가,15,13
20250510,동대문역사문화공원,을지로4가,16,24
20250510,동대문역사문화공원,을지로4가,17,12
20250510,동대문역사문화공원,을지로4가,18,22
20250510,동대문역사문화공원,을지로4가,19,4
20250510,동대문역사문화공원,을지로4가,20,12
20250510,동대문역사문화공원,을지로4가,21,10
20250510,동대문역사문화공원,을지로4가,22,15
20250510,동대문역사문화공원,을지로4가,23,7
20250510,동대문역사문화공원,을지로입구,5,4
20250510,동대문역사문화공원,을지로입구,6,6
20250510,동대문역사문화공원,을지로입구,7,7
20250510,동대문역사문화공원,을지로입구,8,26
20250510,동대문역사문화공원,을지로입구,9,29
20250510,동대문역사문화공원,을지로입구,10,32
20250510,동대문역사문화공원,을지로입구,11,31
20250510,동대문역사문화공원,을지로입구,12,32
20250510,동대문역사문화공원,을지로입구,13,47
20250510,동대문역사문화공원,을지로입구,14,45
20250510,동대문역사문화공원,을지로입구,15,57
20250510,동대문역사문화공원,을지로입구,16,70
20250510,동대문역사문화공원,을지로입구,17,92
20250510,동대문역사문화공원,을지로입구,18,41
20250510,동대문역사문화공원,을지로입구,19,39
20250510,동대문역사문화공원,을지로입구,20,42
20250510,동대문역사문화공원,을지로입구,21,32
20250510,동대문역사문화공원,을지로입구,22,25
20250510,동대문역사문화공원,을지로입구,23,20
20250510,동대문역사문화공원,이대,5,1
20250510,동대문역사문화공원,이대,7,1
20250510,동대문역사문화공원,이대,8,3
20250510,동대문역사문화공원,이대,9,5
20250510,동대문역사문화공원,이대,10,2
20250510,동대문역사문화공원,이대,11,6
20250510,동대문역사문화공원,이대,12,11
20250510,동대문역사문화공원,이대,13,9
20250510,동대문역사문화공원,이대,14,15
20250510,동대문역사문화공원,이대,15,11
20250510,동대문역사문화공원,이대,16,10
20250510,동대문역사문화공원,이대,17,10
20250510,동대문역사문화공원,이대,18,10
20250510,동대문역사문화공원,이대,19,9
20250510,동대문역사문화공원,이대,20,6
20250510,동대문역사문화공원,이대,21,14
20250510,동대문역사문화공원,이대,22,12
20250510,동대문역사문화공원,이대,23,3
20250510,동대문역사문화공원,잠실(송파구청),5,2
20250510,동대문역사문화공원,잠실(송파구청),6,2
20250510,동대문역사문화공원,잠실(송파구청),7,9
20250510,동대문역사문화공원,잠실(송파구청),8,15
20250510,동대문역사문화공원,잠실(송파구청),9,51
20250510,동대문역사문화공원,잠실(송파구청),10,45
20250510,동대문역사문화공원,잠실(송파구청),11,39
20250510,동대문역사문화공원,잠실(송파구청),12,44
20250510,동대문역사문화공원,잠실(송파구청),13,50
20250510,동대문역사문화공원,잠실(송파구청),14,46
20250510,동대문역사문화공원,잠실(송파구청),15,43
20250510,동대문역사문화공원,잠실(송파구청),16,59
20250510,동대문역사문화공원,잠실(송파구청),17,47
20250510,동대문역사문화공원,잠실(송파구청),18,40
20250510,동대문역사문화공원,잠실(송파구청),19,34
20250510,동대문역사문화공원,잠실(송파구청),20,35
20250510,동대문역사문화공원,잠실(송파구청),21,18
20250510,동대문역사문화공원,잠실(송파구청),22,17
20250510,동대문역사문화공원,잠실(송파구청),23,9
20250510,동대문역사문화공원,잠실나루,4,1
20250510,동대문역사문화공원,잠실나루,5,6
20250510,동대문역사문화공원,잠실나루,6,3
20250510,동대문역사문화공원,잠실나루,8,2
20250510,동대문역사문화공원,잠실나루,9,1
20250510,동대문역사문화공원,잠실나루,10,1
20250510,동대문역사문화공원,잠실나루,11,1
20250510,동대문역사문화공원,잠실나루,12,5
20250510,동대문역사문화공원,잠실나루,13,8
20250510,동대문역사문화공원,잠실나루,14,9
20250510,동대문역사문화공원,잠실나루,15,7
20250510,동대문역사문화공원,잠실나루,16,8
20250510,동대문역사문화공원,잠실나루,17,9
20250510,동대문역사문화공원,잠실나루,18,1
20250510,동대문역사문화공원,잠실나루,19,4
20250510,동대문역사문화공원,잠실나루,20,1
20250510,동대문역사문화공원,잠실나루,21,2
20250510,동대문역사문화공원,잠실나루,22,5
20250510,동대문역사문화공원,잠실나루,23,1
20250510,동대문역사문화공원,잠실새내,5,2
20250510,동대문역사문화공원,잠실새내,7,1
20250510,동대문역사문화공원,잠실새내,8,2
20250510,동대문역사문화공원,잠실새내,10,5
20250510,동대문역사문화공원,잠실새내,11,13
20250510,동대문역사문화공원,잠실새내,12,5
20250510,동대문역사문화공원,잠실새내,13,6
20250510,동대문역사문화공원,잠실새내,14,11
20250510,동대문역사문화공원,잠실새내,15,11
20250510,동대문역사문화공원,잠실새내,16,8
20250510,동대문역사문화공원,잠실새내,17,11
20250510,동대문역사문화공원,잠실새내,18,9
20250510,동대문역사문화공원,잠실새내,19,7
20250510,동대문역사문화공원,잠실새내,20,5
20250510,동대문역사문화공원,잠실새내,21,5
20250510,동대문역사문화공원,잠실새내,22,4
20250510,동대문역사문화공원,잠실새내,23,4
20250510,동대문역사문화공원,종합운동장,5,1
20250510,동대문역사문화공원,종합운동장,6,2
20250510,동대문역사문화공원,종합운동장,7,4
20250510,동대문역사문화공원,종합운동장,9,1
20250510,동대문역사문화공원,종합운동장,10,1
20250510,동대문역사문화공원,종합운동장,11,1
20250510,동대문역사문화공원,종합운동장,12,5
20250510,동대문역사문화공원,종합운동장,13,9
20250510,동대문역사문화공원,종합운동장,14,10
20250510,동대문역사문화공원,종합운동장,15,22
20250510,동대문역사문화공원,종합운동장,16,9
20250510,동대문역사문화공원,종합운동장,17,8
20250510,동대문역사문화공원,종합운동장,18,1
20250510,동대문역사문화공원,종합운동장,20,4
20250510,동대문역사문화공원,종합운동장,21,1
20250510,동대문역사문화공원,종합운동장,22,1
20250510,동대문역사문화공원,종합운동장,23,1
20250510,동대문역사문화공원,충정로(경기대입구),7,1
20250510,동대문역사문화공원,충정로(경기대입구),8,3
20250510,동대문역사문화공원,충정로(경기대입구),9,1
20250510,동대문역사문화공원,충정로(경기대입구),10,7
20250510,동대문역사문화공원,충정로(경기대입구),11,6
20250510,동대문역사문화공원,충정로(경기대입구),12,2
20250510,동대문역사문화공원,충정로(경기대입구),13,5
20250510,동대문역사문화공원,충정로(경기대입구),14,4
20250510,동대문역사문화공원,충정로(경기대입구),16,7
20250510,동대문역사문화공원,충정로(경기대입구),17,3
20250510,동대문역사문화공원,충정로(경기대입구),18,3
20250510,동대문역사문화공원,충정로(경기대입구),19,5
20250510,동대문역사문화공원,충정로(경기대입구),20,5
20250510,동대문역사문화공원,충정로(경기대입구),21,4
20250510,동대문역사문화공원,충정로(경기대입구),22,2
20250510,동대문역사문화공원,충정로(경기대입구),23,3
20250510,동대문역사문화공원,한양대,7,1
20250510,동대문역사문화공원,한양대,8,5
20250510,동대문역사문화공원,한양대,9,1
20250510,동대문역사문화공원,한양대,10,2
20250510,동대문역사문화공원,한양대,11,2
20250510,동대문역사문화공원,한양대,13,2
20250510,동대문역사문화공원,한양대,14,2
20250510,동대문역사문화공원,한양대,15,6
20250510,동대문역사문화공원,한양대,16,9
20250510,동대문역사문화공원,한양대,17,3
20250510,동대문역사문화공원,한양대,18,9
20250510,동대문역사문화공원,한양대,19,2
20250510,동대문역사문화공원,한양대,20,1
20250510,동대문역사문화공원,한양대,21,1
20250510,동대문역사문화공원,한양대,23,1
20250510,동대문역사문화공원,합정,5,1
20250510,동대문역사문화공원,합정,7,1
20250510,동대문역사문화공원,합정,8,2
20250510,동대문역사문화공원,합정,9,6
20250510,동대문역사문화공원,합정,10,17
20250510,동대문역사문화공원,합정,11,3
20250510,동대문역사문화공원,합정,12,11
20250510,동대문역사문화공원,합정,13,8
20250510,동대문역사문화공원,합정,14,22
20250510,동대문역사문화공원,합정,15,19
20250510,동대문역사문화공원,합정,16,34
20250510,동대문역사문화공원,합정,17,21
20250510,동대문역사문화공원,합정,18,21
20250510,동대문역사문화공원,합정,19,16
20250510,동대문역사문화공원,합정,20,15
20250510,동대문역사문화공원,합정,21,18
20250510,동대문역사문화공원,합정,22,13
20250510,동대문역사문화공원,합정,23,8
20250510,동대문역사문화공원,홍대입구,4,1
20250510,동대문역사문화공원,홍대입구,6,4
20250510,동대문역사문화공원,홍대입구,7,3
20250510,동대문역사문화공원,홍대입구,8,17
20250510,동대문역사문화공원,홍대입구,9,40
20250510,동대문역사문화공원,홍대입구,10,34
20250510,동대문역사문화공원,홍대입구,11,56
20250510,동대문역사문화공원,홍대입구,12,60
20250510,동대문역사문화공원,홍대입구,13,75
20250510,동대문역사문화공원,홍대입구,14,90
20250510,동대문역사문화공원,홍대입구,15,126
20250510,동대문역사문화공원,홍대입구,16,109
20250510,동대문역사문화공원,홍대입구,17,109
20250510,동대문역사문화공원,홍대입구,18,115
20250510,동대문역사문화공원,홍대입구,19,83
20250510,동대문역사문화공원,홍대입구,20,61
20250510,동대문역사문화공원,홍대입구,21,51
20250510,동대문역사문화공원,홍대입구,22,39
20250510,동대문역사문화공원,홍대입구,23,24
20250510,뚝섬,강남,5,3
20250510,뚝섬,강남,6,2
20250510,뚝섬,강남,7,7
20250510,뚝섬,강남,8,8
20250510,뚝섬,강남,9,5
20250510,뚝섬,강남,10,10
20250510,뚝섬,강남,11,8
20250510,뚝섬,강남,12,13
20250510,뚝섬,강남,13,22
20250510,뚝섬,강남,14,21
20250510,뚝섬,강남,15,26
20250510,뚝섬,강남,16,27
20250510,뚝섬,강남,17,25
20250510,뚝섬,강남,18,25
20250510,뚝섬,강남,19,25
20250510,뚝섬,강남,20,28
20250510,뚝섬,강남,21,30
20250510,뚝섬,강남,22,25
20250510,뚝섬,강남,23,4
20250510,뚝섬,강변(동서울터미널),5,3
20250510,뚝섬,강변(동서울터미널),6,11
20250510,뚝섬,강변(동서울터미널),7,9
20250510,뚝섬,강변(동서울터미널),8,8
20250510,뚝섬,강변(동서울터미널),9,13
20250510,뚝섬,강변(동서울터미널),10,13
20250510,뚝섬,강변(동서울터미널),11,12
20250510,뚝섬,강변(동서울터미널),12,19
20250510,뚝섬,강변(동서울터미널),13,24
20250510,뚝섬,강변(동서울터미널),14,39
20250510,뚝섬,강변(동서울터미널),15,46
20250510,뚝섬,강변(동서울터미널),16,36
20250510,뚝섬,강변(동서울터미널),17,44
20250510,뚝섬,강변(동서울터미널),18,48
20250510,뚝섬,강변(동서울터미널),19,60
20250510,뚝섬,강변(동서울터미널),20,43
20250510,뚝섬,강변(동서울터미널),21,34
20250510,뚝섬,강변(동서울터미널),22,14
20250510,뚝섬,강변(동서울터미널),23,6
20250510,뚝섬,건대입구,5,3
20250510,뚝섬,건대입구,6,3
20250510,뚝섬,건대입구,7,4
20250510,뚝섬,건대입구,8,8
20250510,뚝섬,건대입구,9,23
20250510,뚝섬,건대입구,10,27
20250510,뚝섬,건대입구,11,39
20250510,뚝섬,건대입구,12,42
20250510,뚝섬,건대입구,13,68
20250510,뚝섬,건대입구,14,65
20250510,뚝섬,건대입구,15,82
20250510,뚝섬,건대입구,16,143
20250510,뚝섬,건대입구,17,135
20250510,뚝섬,건대입구,18,126
20250510,뚝섬,건대입구,19,94
20250510,뚝섬,건대입구,20,80
20250510,뚝섬,건대입구,21,62
20250510,뚝섬,건대입구,22,31
20250510,뚝섬,건대입구,23,13
20250510,뚝섬,교대(법원.검찰청),6,3
20250510,뚝섬,교대(법원.검찰청),7,1
20250510,뚝섬,교대(법원.검찰청),8,3
20250510,뚝섬,교대(법원.검찰청),10,2
20250510,뚝섬,교대(법원.검찰청),11,2
20250510,뚝섬,교대(법원.검찰청),12,2
20250510,뚝섬,교대(법원.검찰청),13,2
20250510,뚝섬,교대(법원.검찰청),14,2
20250510,뚝섬,교대(법원.검찰청),15,4
20250510,뚝섬,교대(법원.검찰청),16,3
20250510,뚝섬,교대(법원.검찰청),17,2
20250510,뚝섬,교대(법원.검찰청),18,11
20250510,뚝섬,교대(법원.검찰청),19,3
20250510,뚝섬,교대(법원.검찰청),20,7
20250510,뚝섬,교대(법원.검찰청),21,3
20250510,뚝섬,교대(법원.검찰청),22,10
20250510,뚝섬,교대(법원.검찰청),23,3
20250510,뚝섬,구로디지털단지,6,1
20250510,뚝섬,구로디지털단지,7,1
20250510,뚝섬,구로디지털단지,9,2
20250510,뚝섬,구로디지털단지,10,4
20250510,뚝섬,구로디지털단지,11,4
20250510,뚝섬,구로디지털단지,12,3
20250510,뚝섬,구로디지털단지,13,2
20250510,뚝섬,구로디지털단지,14,4
20250510,뚝섬,구로디지털단지,15,14
20250510,뚝섬,구로디지털단지,16,6
20250510,뚝섬,구로디지털단지,17,12
20250510,뚝섬,구로디지털단지,18,7
20250510,뚝섬,구로디지털단지,19,23
20250510,뚝섬,구로디지털단지,20,16
20250510,뚝섬,구로디지털단지,21,18
20250510,뚝섬,구로디지털단지,22,11
20250510,뚝섬,구로디지털단지,23,2
20250510,뚝섬,구의(광진구청),5,1
20250510,뚝섬,구의(광진구청),6,9
20250510,뚝섬,구의(광진구청),7,12
20250510,뚝섬,구의(광진구청),8,12
20250510,뚝섬,구의(광진구청),9,13
20250510,뚝섬,구의(광진구청),10,14
20250510,뚝섬,구의(광진구청),11,15
20250510,뚝섬,구의(광진구청),12,22
20250510,뚝섬,구의(광진구청),13,37
20250510,뚝섬,구의(광진구청),14,32
20250510,뚝섬,구의(광진구청),15,40
20250510,뚝섬,구의(광진구청),16,38
20250510,뚝섬,구의(광진구청),17,40
20250510,뚝섬,구의(광진구청),18,49
20250510,뚝섬,구의(광진구청),19,31
20250510,뚝섬,구의(광진구청),20,40
20250510,뚝섬,구의(광진구청),21,36
20250510,뚝섬,구의(광진구청),22,34
20250510,뚝섬,구의(광진구청),23,8
20250510,뚝섬,낙성대,5,1
20250510,뚝섬,낙성대,6,1
20250510,뚝섬,낙성대,7,2
20250510,뚝섬,낙성대,8,1
20250510,뚝섬,낙성대,9,1
20250510,뚝섬,낙성대,11,1
20250510,뚝섬,낙성대,13,1
20250510,뚝섬,낙성대,15,2
20250510,뚝섬,낙성대,16,5
20250510,뚝섬,낙성대,17,5
20250510,뚝섬,낙성대,18,7
20250510,뚝섬,낙성대,19,1
20250510,뚝섬,낙성대,20,12
20250510,뚝섬,낙성대,21,11
20250510,뚝섬,낙성대,22,8
20250510,뚝섬,낙성대,23,3
20250510,뚝섬,당산,5,2
20250510,뚝섬,당산,7,1
20250510,뚝섬,당산,8,1
20250510,뚝섬,당산,9,3
20250510,뚝섬,당산,10,3
20250510,뚝섬,당산,11,1
20250510,뚝섬,당산,12,1
20250510,뚝섬,당산,13,2
20250510,뚝섬,당산,14,3
20250510,뚝섬,당산,15,9
20250510,뚝섬,당산,16,6
20250510,뚝섬,당산,17,12
20250510,뚝섬,당산,18,13
20250510,뚝섬,당산,19,11
20250510,뚝섬,당산,20,9
20250510,뚝섬,당산,21,14
20250510,뚝섬,당산,22,5
20250510,뚝섬,당산,23,8
20250510,뚝섬,대림(구로구청),5,2
20250510,뚝섬,대림(구로구청),7,1
20250510,뚝섬,대림(구로구청),9,1
20250510,뚝섬,대림(구로구청),10,1
20250510,뚝섬,대림(구로구청),11,2
20250510,뚝섬,대림(구로구청),12,5
20250510,뚝섬,대림(구로구청),13,1
20250510,뚝섬,대림(구로구청),14,2
20250510,뚝섬,대림(구로구청),15,1
20250510,뚝섬,대림(구로구청),16,2
20250510,뚝섬,대림(구로구청),18,1
20250510,뚝섬,대림(구로구청),19,3
20250510,뚝섬,대림(구로구청),20,7
20250510,뚝섬,대림(구로구청),21,6
20250510,뚝섬,대림(구로구청),22,7
20250510,뚝섬,동대문역사문화공원,5,1
20250510,뚝섬,동대문역사문화공원,6,3
20250510,뚝섬,동대문역사문화공원,7,4
20250510,뚝섬,동대문역사문화공원,8,2
20250510,뚝섬,동대문역사문화공원,9,8
20250510,뚝섬,동대문역사문화공원,10,3
20250510,뚝섬,동대문역사문화공원,11,8
20250510,뚝섬,동대문역사문화공원,12,13
20250510,뚝섬,동대문역사문화공원,13,20
20250510,뚝섬,동대문역사문화공원,14,19
20250510,뚝섬,동대문역사문화공원,15,31
20250510,뚝섬,동대문역사문화공원,16,27
20250510,뚝섬,동대문역사문화공원,17,29
20250510,뚝섬,동대문역사문화공원,18,18
20250510,뚝섬,동대문역사문화공원,19,20
20250510,뚝섬,동대문역사문화공원,20,25
20250510,뚝섬,동대문역사문화공원,21,17
20250510,뚝섬,동대문역사문화공원,22,7
20250510,뚝섬,동대문역사문화공원,23,2
20250510,뚝섬,뚝섬,6,1
20250510,뚝섬,뚝섬,7,3
20250510,뚝섬,뚝섬,9,8
20250510,뚝섬,뚝섬,10,11
20250510,뚝섬,뚝섬,11,19
20250510,뚝섬,뚝섬,12,31
20250510,뚝섬,뚝섬,13,25
20250510,뚝섬,뚝섬,14,39
20250510,뚝섬,뚝섬,15,46
20250510,뚝섬,뚝섬,16,46
20250510,뚝섬,뚝섬,17,42
20250510,뚝섬,뚝섬,18,36
20250510,뚝섬,뚝섬,19,41
20250510,뚝섬,뚝섬,20,33
20250510,뚝섬,뚝섬,21,27
20250510,뚝섬,뚝섬,22,26
20250510,뚝섬,뚝섬,23,15
20250510,뚝섬,문래,8,1
20250510,뚝섬,문래,10,3
20250510,뚝섬,문래,11,3
20250510,뚝섬,문래,12,2
20250510,뚝섬,문래,13,1
20250510,뚝섬,문래,14,8
20250510,뚝섬,문래,15,4
20250510,뚝섬,문래,16,6
20250510,뚝섬,문래,17,3
20250510,뚝섬,문래,18,5
20250510,뚝섬,문래,19,1
20250510,뚝섬,문래,20,9
20250510,뚝섬,문래,21,2
20250510,뚝섬,방배,10,1
20250510,뚝섬,방배,12,1
20250510,뚝섬,방배,14,2
20250510,뚝섬,방배,15,2
20250510,뚝섬,방배,16,1
20250510,뚝섬,방배,17,2
20250510,뚝섬,방배,18,2
20250510,뚝섬,방배,19,2
20250510,뚝섬,방배,20,2
20250510,뚝섬,방배,21,3
20250510,뚝섬,방배,22,2
20250510,뚝섬,봉천,6,1
20250510,뚝섬,봉천,9,1
20250510,뚝섬,봉천,10,1
20250510,뚝섬,봉천,13,3
20250510,뚝섬,봉천,15,2
20250510,뚝섬,봉천,16,5
20250510,뚝섬,봉천,17,2
20250510,뚝섬,봉천,18,3
20250510,뚝섬,봉천,19,2
20250510,뚝섬,봉천,20,4
20250510,뚝섬,봉천,21,6
20250510,뚝섬,봉천,22,6
20250510,뚝섬,봉천,23,1
20250510,뚝섬,사당,5,1
20250510,뚝섬,사당,6,6
20250510,뚝섬,사당,7,1
20250510,뚝섬,사당,8,1
20250510,뚝섬,사당,9,2
20250510,뚝섬,사당,10,2
20250510,뚝섬,사당,11,3
20250510,뚝섬,사당,12,7
20250510,뚝섬,사당,13,7
20250510,뚝섬,사당,14,11
20250510,뚝섬,사당,15,10
20250510,뚝섬,사당,16,14
20250510,뚝섬,사당,17,21
20250510,뚝섬,사당,18,16
20250510,뚝섬,사당,19,18
20250510,뚝섬,사당,20,26
20250510,뚝섬,사당,21,31
20250510,뚝섬,사당,22,8
20250510,뚝섬,사당,23,8
20250510,뚝섬,삼성(무역센터),5,3
20250510,뚝섬,삼성(무역센터),7,4
20250510,뚝섬,삼성(무역센터),8,3
20250510,뚝섬,삼성(무역센터),9,2
20250510,뚝섬,삼성(무역센터),10,16
20250510,뚝섬,삼성(무역센터),11,12
20250510,뚝섬,삼성(무역센터),12,8
20250510,뚝섬,삼성(무역센터),13,16
20250510,뚝섬,삼성(무역센터),14,26
20250510,뚝섬,삼성(무역센터),15,21
20250510,뚝섬,삼성(무역센터),16,18
20250510,뚝섬,삼성(무역센터),17,18
20250510,뚝섬,삼성(무역센터),18,16
20250510,뚝섬,삼성(무역센터),19,7
20250510,뚝섬,삼성(무역센터),20,1
20250510,뚝섬,삼성(무역센터),22,2
20250510,뚝섬,삼성(무역센터),23,3
20250510,뚝섬,상왕십리,5,3
20250510,뚝섬,상왕십리,6,6
20250510,뚝섬,상왕십리,7,3
20250510,뚝섬,상왕십리,8,5
20250510,뚝섬,상왕십리,9,7
20250510,뚝섬,상왕십리,10,6
20250510,뚝섬,상왕십리,11,12
20250510,뚝섬,상왕십리,12,6
20250510,뚝섬,상왕십리,13,11
20250510,뚝섬,상왕십리,14,10
20250510,뚝섬,상왕십리,15,21
20250510,뚝섬,상왕십리,16,23
20250510,뚝섬,상왕십리,17,18
20250510,뚝섬,상왕십리,18,16
20250510,뚝섬,상왕십리,19,21
20250510,뚝섬,상왕십리,20,17
20250510,뚝섬,상왕십리,21,17
20250510,뚝섬,상왕십리,22,10
20250510,뚝섬,상왕십리,23,4
20250510,뚝섬,서울대입구(관악구청),6,1
20250510,뚝섬,서울대입구(관악구청),7,3
20250510,뚝섬,서울대입구(관악구청),8,2
20250510,뚝섬,서울대입구(관악구청),10,1
20250510,뚝섬,서울대입구(관악구청),12,2
20250510,뚝섬,서울대입구(관악구청),14,1
20250510,뚝섬,서울대입구(관악구청),15,9
20250510,뚝섬,서울대입구(관악구청),16,9
20250510,뚝섬,서울대입구(관악구청),17,7
20250510,뚝섬,서울대입구(관악구청),18,12
20250510,뚝섬,서울대입구(관악구청),19,2
20250510,뚝섬,서울대입구(관악구청),20,20
20250510,뚝섬,서울대입구(관악구청),21,12
20250510,뚝섬,서울대입구(관악구청),22,13
20250510,뚝섬,서울대입구(관악구청),23,1
20250510,뚝섬,서초,5,1
20250510,뚝섬,서초,6,1
20250510,뚝섬,서초,7,3
20250510,뚝섬,서초,8,1
20250510,뚝섬,서초,10,1
20250510,뚝섬,서초,11,1
20250510,뚝섬,서초,12,1
20250510,뚝섬,서초,13,5
20250510,뚝섬,서초,14,1
20250510,뚝섬,서초,15,4
20250510,뚝섬,서초,16,5
20250510,뚝섬,서초,17,2
20250510,뚝섬,서초,18,1
20250510,뚝섬,서초,19,2
20250510,뚝섬,서초,20,3
20250510,뚝섬,서초,21,3
20250510,뚝섬,서초,22,2
20250510,뚝섬,선릉,5,1
20250510,뚝섬,선릉,7,1
20250510,뚝섬,선릉,8,2
20250510,뚝섬,선릉,9,5
20250510,뚝섬,선릉,10,2
20250510,뚝섬,선릉,11,4
20250510,뚝섬,선릉,12,6
20250510,뚝섬,선릉,13,5
20250510,뚝섬,선릉,14,1
20250510,뚝섬,선릉,15,5
20250510,뚝섬,선릉,16,7
20250510,뚝섬,선릉,17,2
20250510,뚝섬,선릉,18,4
20250510,뚝섬,선릉,19,3
20250510,뚝섬,선릉,20,6
20250510,뚝섬,선릉,21,5
20250510,뚝섬,선릉,22,5
20250510,뚝섬,선릉,23,3
20250510,뚝섬,성수,5,1
20250510,뚝섬,성수,6,5
20250510,뚝섬,성수,7,3
20250510,뚝섬,성수,8,4
20250510,뚝섬,성수,9,7
20250510,뚝섬,성수,10,23
20250510,뚝섬,성수,11,39
20250510,뚝섬,성수,12,80
20250510,뚝섬,성수,13,97
20250510,뚝섬,성수,14,138
20250510,뚝섬,성수,15,120
20250510,뚝섬,성수,16,142
20250510,뚝섬,성수,17,117
20250510,뚝섬,성수,18,81
20250510,뚝섬,성수,19,50
20250510,뚝섬,성수,20,41
20250510,뚝섬,성수,21,14
20250510,뚝섬,성수,22,11
20250510,뚝섬,성수,23,15
20250510,뚝섬,시청,6,3
20250510,뚝섬,시청,7,3
20250510,뚝섬,시청,9,4
20250510,뚝섬,시청,10,4
20250510,뚝섬,시청,11,4
20250510,뚝섬,시청,12,8
20250510,뚝섬,시청,13,10
20250510,뚝섬,시청,14,12
20250510,뚝섬,시청,15,13
20250510,뚝섬,시청,16,12
20250510,뚝섬,시청,17,17
20250510,뚝섬,시청,18,8
20250510,뚝섬,시청,19,4
20250510,뚝섬,시청,20,15
20250510,뚝섬,시청,21,2
20250510,뚝섬,시청,23,2
20250510,뚝섬,신당,5,1
20250510,뚝섬,신당,6,3
20250510,뚝섬,신당,7,4
20250510,뚝섬,신당,8,9
20250510,뚝섬,신당,10,8
20250510,뚝섬,신당,11,10
20250510,뚝섬,신당,12,15
20250510,뚝섬,신당,13,26
20250510,뚝섬,신당,14,15
20250510,뚝섬,신당,15,12
20250510,뚝섬,신당,16,14
20250510,뚝섬,신당,17,18
20250510,뚝섬,신당,18,25
20250510,뚝섬,신당,19,18
20250510,뚝섬,신당,20,15
20250510,뚝섬,신당,21,10
20250510,뚝섬,신당,22,11
20250510,뚝섬,신당,23,2
20250510,뚝섬,신대방,10,1
20250510,뚝섬,신대방,11,1
20250510,뚝섬,신대방,14,2
20250510,뚝섬,신대방,15,1
20250510,뚝섬,신대방,16,2
20250510,뚝섬,신대방,17,1
20250510,뚝섬,신대방,18,3
20250510,뚝섬,신대방,19,7
20250510,뚝섬,신대방,20,7
20250510,뚝섬,신대방,21,7
20250510,뚝섬,신대방,22,6
20250510,뚝섬,신도림,6,3
20250510,뚝섬,신도림,7,3
20250510,뚝섬,신도림,9,6
20250510,뚝섬,신도림,10,8
20250510,뚝섬,신도림,11,5
20250510,뚝섬,신도림,12,6
20250510,뚝섬,신도림,13,8
20250510,뚝섬,신도림,14,9
20250510,뚝섬,신도림,15,16
20250510,뚝섬,신도림,16,19
20250510,뚝섬,신도림,17,15
20250510,뚝섬,신도림,18,13
20250510,뚝섬,신도림,19,14
20250510,뚝섬,신도림,20,22
20250510,뚝섬,신도림,21,7
20250510,뚝섬,신도림,22,6
20250510,뚝섬,신도림,23,2
20250510,뚝섬,신림,8,1
20250510,뚝섬,신림,10,2
20250510,뚝섬,신림,11,2
20250510,뚝섬,신림,12,4
20250510,뚝섬,신림,13,6
20250510,뚝섬,신림,14,11
20250510,뚝섬,신림,15,13
20250510,뚝섬,신림,16,8
20250510,뚝섬,신림,17,4
20250510,뚝섬,신림,18,10
20250510,뚝섬,신림,19,13
20250510,뚝섬,신림,20,21
20250510,뚝섬,신림,21,11
20250510,뚝섬,신림,22,8
20250510,뚝섬,신림,23,6
20250510,뚝섬,신촌,6,2
20250510,뚝섬,신촌,7,2
20250510,뚝섬,신촌,8,7
20250510,뚝섬,신촌,9,5
20250510,뚝섬,신촌,10,5
20250510,뚝섬,신촌,11,6
20250510,뚝섬,신촌,12,5
20250510,뚝섬,신촌,13,10
20250510,뚝섬,신촌,14,13
20250510,뚝섬,신촌,15,23
20250510,뚝섬,신촌,16,32
20250510,뚝섬,신촌,17,21
20250510,뚝섬,신촌,18,27
20250510,뚝섬,신촌,19,34
20250510,뚝섬,신촌,20,20
20250510,뚝섬,신촌,21,29
20250510,뚝섬,신촌,22,20
20250510,뚝섬,신촌,23,13
20250510,뚝섬,아현,6,3
20250510,뚝섬,아현,7,2
20250510,뚝섬,아현,8,2
20250510,뚝섬,아현,9,1
20250510,뚝섬,아현,10,2
20250510,뚝섬,아현,11,2
20250510,뚝섬,아현,12,4
20250510,뚝섬,아현,13,2
20250510,뚝섬,아현,14,5
20250510,뚝섬,아현,15,3
20250510,뚝섬,아현,16,6
20250510,뚝섬,아현,17,7
20250510,뚝섬,아현,18,4
20250510,뚝섬,아현,19,12
20250510,뚝섬,아현,20,6
20250510,뚝섬,아현,21,8
20250510,뚝섬,아현,22,8
20250510,뚝섬,아현,23,1
20250510,뚝섬,역삼,5,1
20250510,뚝섬,역삼,6,1
20250510,뚝섬,역삼,7,1
20250510,뚝섬,역삼,8,1
20250510,뚝섬,역삼,9,5
20250510,뚝섬,역삼,10,3
20250510,뚝섬,역삼,11,2
20250510,뚝섬,역삼,12,4
20250510,뚝섬,역삼,13,6
20250510,뚝섬,역삼,14,1
20250510,뚝섬,역삼,15,5
20250510,뚝섬,역삼,16,7
20250510,뚝섬,역삼,17,6
20250510,뚝섬,역삼,18,4
20250510,뚝섬,역삼,19,1
20250510,뚝섬,역삼,20,6
20250510,뚝섬,역삼,21,4
20250510,뚝섬,역삼,22,2
20250510,뚝섬,역삼,23,1
20250510,뚝섬,영등포구청,10,2
20250510,뚝섬,영등포구청,11,2
20250510,뚝섬,영등포구청,13,1
20250510,뚝섬,영등포구청,14,3
20250510,뚝섬,영등포구청,15,4
20250510,뚝섬,영등포구청,16,2
20250510,뚝섬,영등포구청,17,2
20250510,뚝섬,영등포구청,18,3
20250510,뚝섬,영등포구청,19,11
20250510,뚝섬,영등포구청,20,4
20250510,뚝섬,영등포구청,21,3
20250510,뚝섬,영등포구청,22,4
20250510,뚝섬,영등포구청,23,3
20250510,뚝섬,왕십리(성동구청),5,1
20250510,뚝섬,왕십리(성동구청),6,7
20250510,뚝섬,왕십리(성동구청),7,1
20250510,뚝섬,왕십리(성동구청),8,13
20250510,뚝섬,왕십리(성동구청),9,9
20250510,뚝섬,왕십리(성동구청),10,14
20250510,뚝섬,왕십리(성동구청),11,10
20250510,뚝섬,왕십리(성동구청),12,10
20250510,뚝섬,왕십리(성동구청),13,22
20250510,뚝섬,왕십리(성동구청),14,15
20250510,뚝섬,왕십리(성동구청),15,30
20250510,뚝섬,왕십리(성동구청),16,47
20250510,뚝섬,왕십리(성동구청),17,35
20250510,뚝섬,왕십리(성동구청),18,34
20250510,뚝섬,왕십리(성동구청),19,44
20250510,뚝섬,왕십리(성동구청),20,15
20250510,뚝섬,왕십리(성동구청),21,13
20250510,뚝섬,왕십리(성동구청),22,8
20250510,뚝섬,왕십리(성동구청),23,4
20250510,뚝섬,용두(동대문구청),5,1
20250510,뚝섬,용두(동대문구청),7,1
20250510,뚝섬,용두(동대문구청),9,4
20250510,뚝섬,용두(동대문구청),10,4
20250510,뚝섬,용두(동대문구청),11,2
20250510,뚝섬,용두(동대문구청),12,5
20250510,뚝섬,용두(동대문구청),13,3
20250510,뚝섬,용두(동대문구청),14,1
20250510,뚝섬,용두(동대문구청),15,4
20250510,뚝섬,용두(동대문구청),17,3
20250510,뚝섬,용두(동대문구청),18,2
20250510,뚝섬,용두(동대문구청),19,6
20250510,뚝섬,용두(동대문구청),20,3
20250510,뚝섬,용두(동대문구청),21,4
20250510,뚝섬,용두(동대문구청),22,1
20250510,뚝섬,을지로3가,5,3
20250510,뚝섬,을지로3가,6,2
20250510,뚝섬,을지로3가,7,2
20250510,뚝섬,을지로3가,8,5
20250510,뚝섬,을지로3가,9,9
20250510,뚝섬,을지로3가,10,4
20250510,뚝섬,을지로3가,11,11
20250510,뚝섬,을지로3가,12,10
20250510,뚝섬,을지로3가,13,13
20250510,뚝섬,을지로3가,14,18
20250510,뚝섬,을지로3가,15,18
20250510,뚝섬,을지로3가,16,43
20250510,뚝섬,을지로3가,17,37
20250510,뚝섬,을지로3가,18,25
20250510,뚝섬,을지로3가,19,15
20250510,뚝섬,을지로3가,20,10
20250510,뚝섬,을지로3가,21,9
20250510,뚝섬,을지로3가,22,6
20250510,뚝섬,을지로3가,23,4
20250510,뚝섬,을지로4가,5,2
20250510,뚝섬,을지로4가,6,3
20250510,뚝섬,을지로4가,7,4
20250510,뚝섬,을지로4가,8,9
20250510,뚝섬,을지로4가,9,11
20250510,뚝섬,을지로4가,10,12
20250510,뚝섬,을지로4가,11,5
20250510,뚝섬,을지로4가,12,6
20250510,뚝섬,을지로4가,13,4
20250510,뚝섬,을지로4가,14,12
20250510,뚝섬,을지로4가,15,9
20250510,뚝섬,을지로4가,16,25
20250510,뚝섬,을지로4가,17,10
20250510,뚝섬,을지로4가,18,15
20250510,뚝섬,을지로4가,19,11
20250510,뚝섬,을지로4가,20,12
20250510,뚝섬,을지로4가,21,5
20250510,뚝섬,을지로4가,22,9
20250510,뚝섬,을지로4가,23,3
20250510,뚝섬,을지로입구,6,3
20250510,뚝섬,을지로입구,7,4
20250510,뚝섬,을지로입구,8,3
20250510,뚝섬,을지로입구,9,15
20250510,뚝섬,을지로입구,10,16
20250510,뚝섬,을지로입구,11,17
20250510,뚝섬,을지로입구,12,23
20250510,뚝섬,을지로입구,13,40
20250510,뚝섬,을지로입구,14,23
20250510,뚝섬,을지로입구,15,41
20250510,뚝섬,을지로입구,16,46
20250510,뚝섬,을지로입구,17,44
20250510,뚝섬,을지로입구,18,40
20250510,뚝섬,을지로입구,19,38
20250510,뚝섬,을지로입구,20,15
20250510,뚝섬,을지로입구,21,14
20250510,뚝섬,을지로입구,22,15
20250510,뚝섬,을지로입구,23,9
20250510,뚝섬,이대,6,1
20250510,뚝섬,이대,7,3
20250510,뚝섬,이대,8,2
20250510,뚝섬,이대,9,4
20250510,뚝섬,이대,10,4
20250510,뚝섬,이대,11,9
20250510,뚝섬,이대,12,6
20250510,뚝섬,이대,13,3
20250510,뚝섬,이대,14,5
20250510,뚝섬,이대,15,9
20250510,뚝섬,이대,16,10
20250510,뚝섬,이대,17,8
20250510,뚝섬,이대,18,15
20250510,뚝섬,이대,19,8
20250510,뚝섬,이대,20,9
20250510,뚝섬,이대,21,10
20250510,뚝섬,이대,22,7
20250510,뚝섬,이대,23,3
20250510,뚝섬,잠실(송파구청),5,3
20250510,뚝섬,잠실(송파구청),6,7
20250510,뚝섬,잠실(송파구청),7,9
20250510,뚝섬,잠실(송파구청),8,11
20250510,뚝섬,잠실(송파구청),9,14
20250510,뚝섬,잠실(송파구청),10,25
20250510,뚝섬,잠실(송파구청),11,43
20250510,뚝섬,잠실(송파구청),12,60
20250510,뚝섬,잠실(송파구청),13,43
20250510,뚝섬,잠실(송파구청),14,57
20250510,뚝섬,잠실(송파구청),15,115
20250510,뚝섬,잠실(송파구청),16,123
20250510,뚝섬,잠실(송파구청),17,74
20250510,뚝섬,잠실(송파구청),18,68
20250510,뚝섬,잠실(송파구청),19,69
20250510,뚝섬,잠실(송파구청),20,73
20250510,뚝섬,잠실(송파구청),21,55
20250510,뚝섬,잠실(송파구청),22,30
20250510,뚝섬,잠실(송파구청),23,9
20250510,뚝섬,잠실나루,5,2
20250510,뚝섬,잠실나루,7,1
20250510,뚝섬,잠실나루,8,2
20250510,뚝섬,잠실나루,9,2
20250510,뚝섬,잠실나루,10,3
20250510,뚝섬,잠실나루,11,5
20250510,뚝섬,잠실나루,12,8
20250510,뚝섬,잠실나루,13,4
20250510,뚝섬,잠실나루,14,7
20250510,뚝섬,잠실나루,15,8
20250510,뚝섬,잠실나루,16,7
20250510,뚝섬,잠실나루,17,2
20250510,뚝섬,잠실나루,18,5
20250510,뚝섬,잠실나루,19,5
20250510,뚝섬,잠실나루,20,9
20250510,뚝섬,잠실나루,21,3
20250510,뚝섬,잠실나루,22,5
20250510,뚝섬,잠실나루,23,3
20250510,뚝섬,잠실새내,6,2
20250510,뚝섬,잠실새내,8,2
20250510,뚝섬,잠실새내,9,7
20250510,뚝섬,잠실새내,10,3
20250510,뚝섬,잠실새내,11,2
20250510,뚝섬,잠실새내,12,11
20250510,뚝섬,잠실새내,13,8
20250510,뚝섬,잠실새내,14,6
20250510,뚝섬,잠실새내,15,19
20250510,뚝섬,잠실새내,16,10
20250510,뚝섬,잠실새내,17,17
20250510,뚝섬,잠실새내,18,8
20250510,뚝섬,잠실새내,19,15
20250510,뚝섬,잠실새내,20,15
20250510,뚝섬,잠실새내,21,16
20250510,뚝섬,잠실새내,22,4
20250510,뚝섬,잠실새내,23,2
20250510,뚝섬,종합운동장,6,3
20250510,뚝섬,종합운동장,7,1
20250510,뚝섬,종합운동장,9,4
20250510,뚝섬,종합운동장,10,2
20250510,뚝섬,종합운동장,11,1
20250510,뚝섬,종합운동장,12,7
20250510,뚝섬,종합운동장,13,4
20250510,뚝섬,종합운동장,14,12
20250510,뚝섬,종합운동장,15,26
20250510,뚝섬,종합운동장,16,25
20250510,뚝섬,종합운동장,17,6
20250510,뚝섬,종합운동장,19,1
20250510,뚝섬,종합운동장,20,2
20250510,뚝섬,종합운동장,21,2
20250510,뚝섬,종합운동장,22,2
20250510,뚝섬,충정로(경기대입구),8,1
20250510,뚝섬,충정로(경기대입구),9,1
20250510,뚝섬,충정로(경기대입구),10,2
20250510,뚝섬,충정로(경기대입구),11,3
20250510,뚝섬,충정로(경기대입구),12,2
20250510,뚝섬,충정로(경기대입구),13,6
20250510,뚝섬,충정로(경기대입구),14,3
20250510,뚝섬,충정로(경기대입구),15,4
20250510,뚝섬,충정로(경기대입구),16,7
20250510,뚝섬,충정로(경기대입구),17,4
20250510,뚝섬,충정로(경기대입구),18,4
20250510,뚝섬,충정로(경기대입구),19,5
20250510,뚝섬,충정로(경기대입구),20,6
20250510,뚝섬,충정로(경기대입구),21,7
20250510,뚝섬,충정로(경기대입구),22,2
20250510,뚝섬,충정로(경기대입구),23,1
20250510,뚝섬,한양대,5,1
20250510,뚝섬,한양대,6,3
20250510,뚝섬,한양대,7,1
20250510,뚝섬,한양대,8,8
20250510,뚝섬,한양대,9,5
20250510,뚝섬,한양대,10,3
20250510,뚝섬,한양대,11,9
20250510,뚝섬,한양대,12,11
20250510,뚝섬,한양대,13,9
20250510,뚝섬,한양대,14,8
20250510,뚝섬,한양대,15,9
20250510,뚝섬,한양대,16,9
20250510,뚝섬,한양대,17,15
20250510,뚝섬,한양대,18,22
20250510,뚝섬,한양대,19,7
20250510,뚝섬,한양대,20,2
20250510,뚝섬,한양대,21,8
20250510,뚝섬,한양대,22,5
20250510,뚝섬,한양대,23,1
20250510,뚝섬,합정,5,2
20250510,뚝섬,합정,6,1
20250510,뚝섬,합정,7,1
20250510,뚝섬,합정,8,6
20250510,뚝섬,합정,9,2
20250510,뚝섬,합정,10,6
20250510,뚝섬,합정,11,10
20250510,뚝섬,합정,12,7
20250510,뚝섬,합정,13,25
20250510,뚝섬,합정,14,7
20250510,뚝섬,합정,15,8
20250510,뚝섬,합정,16,26
20250510,뚝섬,합정,17,29
20250510,뚝섬,합정,18,28
20250510,뚝섬,합정,19,25
20250510,뚝섬,합정,20,10
20250510,뚝섬,합정,21,18
20250510,뚝섬,합정,22,7
20250510,뚝섬,합정,23,7
20250510,뚝섬,홍대입구,6,3
20250510,뚝섬,홍대입구,7,3
20250510,뚝섬,홍대입구,8,5
20250510,뚝섬,홍대입구,9,14
20250510,뚝섬,홍대입구,10,14
20250510,뚝섬,홍대입구,11,12
20250510,뚝섬,홍대입구,12,39
20250510,뚝섬,홍대입구,13,55
20250510,뚝섬,홍대입구,14,52
20250510,뚝섬,홍대입구,15,72
20250510,뚝섬,홍대입구,16,65
20250510,뚝섬,홍대입구,17,80
20250510,뚝섬,홍대입구,18,72
20250510,뚝섬,홍대입구,19,83
20250510,뚝섬,홍대입구,20,58
20250510,뚝섬,홍대입구,21,44
20250510,뚝섬,홍대입구,22,19
20250510,뚝섬,홍대입구,23,10
20250510,문래,강남,5,2
20250510,문래,강남,6,5
20250510,문래,강남,7,2
20250510,문래,강남,8,17
20250510,문래,강남,9,22
20250510,문래,강남,10,11
20250510,문래,강남,11,14
20250510,문래,강남,12,17
20250510,문래,강남,13,16
20250510,문래,강남,14,13
20250510,문래,강남,15,7
20250510,문래,강남,16,20
20250510,문래,강남,17,27
20250510,문래,강남,18,18
20250510,문래,강남,19,14
20250510,문래,강남,20,8
20250510,문래,강남,21,14
20250510,문래,강남,22,13
20250510,문래,강남,23,6
20250510,문래,강변(동서울터미널),7,1
20250510,문래,강변(동서울터미널),8,1
20250510,문래,강변(동서울터미널),10,3
20250510,문래,강변(동서울터미널),11,7
20250510,문래,강변(동서울터미널),12,3
20250510,문래,강변(동서울터미널),13,3
20250510,문래,강변(동서울터미널),14,2
20250510,문래,강변(동서울터미널),15,8
20250510,문래,강변(동서울터미널),16,3
20250510,문래,강변(동서울터미널),17,5
20250510,문래,강변(동서울터미널),18,4
20250510,문래,강변(동서울터미널),19,2
20250510,문래,강변(동서울터미널),20,2
20250510,문래,강변(동서울터미널),21,3
20250510,문래,건대입구,6,1
20250510,문래,건대입구,8,5
20250510,문래,건대입구,9,6
20250510,문래,건대입구,10,3
20250510,문래,건대입구,11,8
20250510,문래,건대입구,12,6
20250510,문래,건대입구,13,6
20250510,문래,건대입구,14,9
20250510,문래,건대입구,15,6
20250510,문래,건대입구,16,6
20250510,문래,건대입구,17,7
20250510,문래,건대입구,18,12
20250510,문래,건대입구,19,9
20250510,문래,건대입구,20,3
20250510,문래,건대입구,21,3
20250510,문래,건대입구,22,8
20250510,문래,교대(법원.검찰청),5,2
20250510,문래,교대(법원.검찰청),6,3
20250510,문래,교대(법원.검찰청),7,2
20250510,문래,교대(법원.검찰청),8,6
20250510,문래,교대(법원.검찰청),9,7
20250510,문래,교대(법원.검찰청),10,7
20250510,문래,교대(법원.검찰청),11,6
20250510,문래,교대(법원.검찰청),12,10
20250510,문래,교대(법원.검찰청),13,5
20250510,문래,교대(법원.검찰청),15,4
20250510,문래,교대(법원.검찰청),16,8
20250510,문래,교대(법원.검찰청),17,8
20250510,문래,교대(법원.검찰청),18,2
20250510,문래,교대(법원.검찰청),19,3
20250510,문래,교대(법원.검찰청),20,2
20250510,문래,교대(법원.검찰청),21,3
20250510,문래,교대(법원.검찰청),22,5
20250510,문래,교대(법원.검찰청),23,1
20250510,문래,구로디지털단지,5,5
20250510,문래,구로디지털단지,6,9
20250510,문래,구로디지털단지,7,13
20250510,문래,구로디지털단지,8,18
20250510,문래,구로디지털단지,9,11
20250510,문래,구로디지털단지,10,15
20250510,문래,구로디지털단지,11,16
20250510,문래,구로디지털단지,12,31
20250510,문래,구로디지털단지,13,41
20250510,문래,구로디지털단지,14,26
20250510,문래,구로디지털단지,15,38
20250510,문래,구로디지털단지,16,36
20250510,문래,구로디지털단지,17,44
20250510,문래,구로디지털단지,18,38
20250510,문래,구로디지털단지,19,39
20250510,문래,구로디지털단지,20,47
20250510,문래,구로디지털단지,21,66
20250510,문래,구로디지털단지,22,69
20250510,문래,구로디지털단지,23,41
20250510,문래,구의(광진구청),5,2
20250510,문래,구의(광진구청),8,1
20250510,문래,구의(광진구청),9,3
20250510,문래,구의(광진구청),10,1
20250510,문래,구의(광진구청),11,1
20250510,문래,구의(광진구청),12,2
20250510,문래,구의(광진구청),13,4
20250510,문래,구의(광진구청),14,3
20250510,문래,구의(광진구청),15,4
20250510,문래,구의(광진구청),16,1
20250510,문래,구의(광진구청),17,1
20250510,문래,구의(광진구청),18,6
20250510,문래,구의(광진구청),19,5
20250510,문래,구의(광진구청),20,3
20250510,문래,구의(광진구청),21,3
20250510,문래,구의(광진구청),22,4
20250510,문래,낙성대,6,2
20250510,문래,낙성대,7,1
20250510,문래,낙성대,8,2
20250510,문래,낙성대,9,2
20250510,문래,낙성대,11,1
20250510,문래,낙성대,12,9
20250510,문래,낙성대,13,4
20250510,문래,낙성대,14,7
20250510,문래,낙성대,15,12
20250510,문래,낙성대,16,18
20250510,문래,낙성대,17,6
20250510,문래,낙성대,18,1
20250510,문래,낙성대,19,7
20250510,문래,낙성대,20,9
20250510,문래,낙성대,21,10
20250510,문래,낙성대,22,6
20250510,문래,낙성대,23,4
20250510,문래,당산,5,5
20250510,문래,당산,6,7
20250510,문래,당산,7,9
20250510,문래,당산,8,10
20250510,문래,당산,9,12
20250510,문래,당산,10,12
20250510,문래,당산,11,18
20250510,문래,당산,12,24
20250510,문래,당산,13,20
20250510,문래,당산,14,26
20250510,문래,당산,15,24
20250510,문래,당산,16,25
20250510,문래,당산,17,27
20250510,문래,당산,18,20
20250510,문래,당산,19,20
20250510,문래,당산,20,23
20250510,문래,당산,21,16
20250510,문래,당산,22,14
20250510,문래,당산,23,20
20250510,문래,대림(구로구청),5,4
20250510,문래,대림(구로구청),7,8
20250510,문래,대림(구로구청),8,14
20250510,문래,대림(구로구청),9,8
20250510,문래,대림(구로구청),10,5
20250510,문래,대림(구로구청),11,19
20250510,문래,대림(구로구청),12,15
20250510,문래,대림(구로구청),13,9
20250510,문래,대림(구로구청),14,17
20250510,문래,대림(구로구청),15,20
20250510,문래,대림(구로구청),16,28
20250510,문래,대림(구로구청),17,25
20250510,문래,대림(구로구청),18,14
20250510,문래,대림(구로구청),19,17
20250510,문래,대림(구로구청),20,19
20250510,문래,대림(구로구청),21,29
20250510,문래,대림(구로구청),22,13
20250510,문래,대림(구로구청),23,10
20250510,문래,동대문역사문화공원,6,1
20250510,문래,동대문역사문화공원,7,3
20250510,문래,동대문역사문화공원,8,2
20250510,문래,동대문역사문화공원,9,6
20250510,문래,동대문역사문화공원,10,4
20250510,문래,동대문역사문화공원,11,8
20250510,문래,동대문역사문화공원,12,9
20250510,문래,동대문역사문화공원,13,3
20250510,문래,동대문역사문화공원,14,4
20250510,문래,동대문역사문화공원,15,2
20250510,문래,동대문역사문화공원,16,4
20250510,문래,동대문역사문화공원,17,2
20250510,문래,동대문역사문화공원,18,3
20250510,문래,동대문역사문화공원,19,1
20250510,문래,동대문역사문화공원,20,6
20250510,문래,동대문역사문화공원,22,2
20250510,문래,동대문역사문화공원,23,1
20250510,문래,뚝섬,7,1
20250510,문래,뚝섬,8,3
20250510,문래,뚝섬,9,1
20250510,문래,뚝섬,10,2
20250510,문래,뚝섬,11,1
20250510,문래,뚝섬,12,5
20250510,문래,뚝섬,13,5
20250510,문래,뚝섬,14,2
20250510,문래,뚝섬,15,5
20250510,문래,뚝섬,16,4
20250510,문래,뚝섬,17,2
20250510,문래,뚝섬,18,3
20250510,문래,뚝섬,19,1
20250510,문래,뚝섬,20,3
20250510,문래,뚝섬,21,1
20250510,문래,뚝섬,22,1
20250510,문래,뚝섬,23,1
20250510,문래,문래,0,1
20250510,문래,문래,5,1
20250510,문래,문래,6,2
20250510,문래,문래,7,2
20250510,문래,문래,8,8
20250510,문래,문래,9,10
20250510,문래,문래,10,13
20250510,문래,문래,11,8
20250510,문래,문래,12,15
20250510,문래,문래,13,11
20250510,문래,문래,14,25
20250510,문래,문래,15,20
20250510,문래,문래,16,22
20250510,문래,문래,17,15
20250510,문래,문래,18,14
20250510,문래,문래,19,14
20250510,문래,문래,20,11
20250510,문래,문래,21,13
20250510,문래,문래,22,17
20250510,문래,문래,23,18
20250510,문래,방배,5,1
20250510,문래,방배,7,1
20250510,문래,방배,8,3
20250510,문래,방배,9,6
20250510,문래,방배,10,5
20250510,문래,방배,11,2
20250510,문래,방배,12,10
20250510,문래,방배,13,5
20250510,문래,방배,14,7
20250510,문래,방배,15,6
20250510,문래,방배,16,5
20250510,문래,방배,17,4
20250510,문래,방배,20,3
20250510,문래,방배,21,5
20250510,문래,방배,22,1
20250510,문래,봉천,6,1
20250510,문래,봉천,7,3
20250510,문래,봉천,8,4
20250510,문래,봉천,9,5
20250510,문래,봉천,10,2
20250510,문래,봉천,11,7
20250510,문래,봉천,12,5
20250510,문래,봉천,13,4
20250510,문래,봉천,14,5
20250510,문래,봉천,15,3
20250510,문래,봉천,16,6
20250510,문래,봉천,17,5
20250510,문래,봉천,18,9
20250510,문래,봉천,19,8
20250510,문래,봉천,20,10
20250510,문래,봉천,21,11
20250510,문래,봉천,22,16
20250510,문래,봉천,23,7
20250510,문래,사당,5,2
20250510,문래,사당,6,8
20250510,문래,사당,7,2
20250510,문래,사당,8,11
20250510,문래,사당,9,2
20250510,문래,사당,10,5
20250510,문래,사당,11,13
20250510,문래,사당,12,10
20250510,문래,사당,13,5
20250510,문래,사당,14,12
20250510,문래,사당,15,17
20250510,문래,사당,16,22
20250510,문래,사당,17,38
20250510,문래,사당,18,16
20250510,문래,사당,19,19
20250510,문래,사당,20,14
20250510,문래,사당,21,21
20250510,문래,사당,22,7
20250510,문래,사당,23,4
20250510,문래,삼성(무역센터),7,7
20250510,문래,삼성(무역센터),8,11
20250510,문래,삼성(무역센터),9,13
20250510,문래,삼성(무역센터),10,8
20250510,문래,삼성(무역센터),11,20
20250510,문래,삼성(무역센터),12,16
20250510,문래,삼성(무역센터),13,8
20250510,문래,삼성(무역센터),14,13
20250510,문래,삼성(무역센터),15,8
20250510,문래,삼성(무역센터),16,6
20250510,문래,삼성(무역센터),17,6
20250510,문래,삼성(무역센터),18,5
20250510,문래,삼성(무역센터),19,1
20250510,문래,삼성(무역센터),21,2
20250510,문래,삼성(무역센터),22,3
20250510,문래,삼성(무역센터),23,3
20250510,문래,상왕십리,9,1
20250510,문래,상왕십리,10,1
20250510,문래,상왕십리,11,2
20250510,문래,상왕십리,12,5
20250510,문래,상왕십리,13,1
20250510,문래,상왕십리,15,4
20250510,문래,상왕십리,16,3
20250510,문래,상왕십리,17,7
20250510,문래,상왕십리,18,2
20250510,문래,상왕십리,19,5
20250510,문래,상왕십리,20,4
20250510,문래,상왕십리,21,3
20250510,문래,상왕십리,22,1
20250510,문래,상왕십리,23,1
20250510,문래,서울대입구(관악구청),5,1
20250510,문래,서울대입구(관악구청),6,2
20250510,문래,서울대입구(관악구청),7,4
20250510,문래,서울대입구(관악구청),8,16
20250510,문래,서울대입구(관악구청),9,9
20250510,문래,서울대입구(관악구청),10,2
20250510,문래,서울대입구(관악구청),11,7
20250510,문래,서울대입구(관악구청),12,22
20250510,문래,서울대입구(관악구청),13,16
20250510,문래,서울대입구(관악구청),14,15
20250510,문래,서울대입구(관악구청),15,14
20250510,문래,서울대입구(관악구청),16,21
20250510,문래,서울대입구(관악구청),17,10
20250510,문래,서울대입구(관악구청),18,13
20250510,문래,서울대입구(관악구청),19,10
20250510,문래,서울대입구(관악구청),20,13
20250510,문래,서울대입구(관악구청),21,15
20250510,문래,서울대입구(관악구청),22,30
20250510,문래,서울대입구(관악구청),23,24
20250510,문래,서초,5,3
20250510,문래,서초,6,4
20250510,문래,서초,7,9
20250510,문래,서초,8,8
20250510,문래,서초,9,2
20250510,문래,서초,10,5
20250510,문래,서초,11,6
20250510,문래,서초,12,3
20250510,문래,서초,13,3
20250510,문래,서초,14,8
20250510,문래,서초,15,10
20250510,문래,서초,16,5
20250510,문래,서초,17,1
20250510,문래,서초,18,2
20250510,문래,서초,19,5
20250510,문래,서초,20,6
20250510,문래,서초,21,2
20250510,문래,서초,22,2
20250510,문래,서초,23,1
20250510,문래,선릉,5,1
20250510,문래,선릉,6,3
20250510,문래,선릉,7,2
20250510,문래,선릉,8,1
20250510,문래,선릉,9,11
20250510,문래,선릉,10,11
20250510,문래,선릉,11,11
20250510,문래,선릉,12,8
20250510,문래,선릉,13,7
20250510,문래,선릉,14,3
20250510,문래,선릉,15,13
20250510,문래,선릉,16,5
20250510,문래,선릉,17,8
20250510,문래,선릉,18,1
20250510,문래,선릉,20,2
20250510,문래,선릉,21,4
20250510,문래,선릉,22,4
20250510,문래,성수,5,1
20250510,문래,성수,9,4
20250510,문래,성수,10,2
20250510,문래,성수,11,4
20250510,문래,성수,12,11
20250510,문래,성수,13,8
20250510,문래,성수,14,10
20250510,문래,성수,15,7
20250510,문래,성수,16,1
20250510,문래,성수,17,4
20250510,문래,성수,18,4
20250510,문래,성수,19,4
20250510,문래,성수,20,2
20250510,문래,성수,21,3
20250510,문래,성수,22,3
20250510,문래,성수,23,4
20250510,문래,시청,5,1
20250510,문래,시청,6,3
20250510,문래,시청,7,4
20250510,문래,시청,8,6
20250510,문래,시청,9,6
20250510,문래,시청,10,4
20250510,문래,시청,11,9
20250510,문래,시청,12,8
20250510,문래,시청,13,11
20250510,문래,시청,14,10
20250510,문래,시청,15,11
20250510,문래,시청,16,8
20250510,문래,시청,17,5
20250510,문래,시청,18,3
20250510,문래,시청,19,2
20250510,문래,시청,20,3
20250510,문래,시청,21,2
20250510,문래,시청,23,3
20250510,문래,신당,6,3
20250510,문래,신당,7,2
20250510,문래,신당,8,3
20250510,문래,신당,10,1
20250510,문래,신당,11,2
20250510,문래,신당,12,3
20250510,문래,신당,13,2
20250510,문래,신당,15,2
20250510,문래,신당,16,4
20250510,문래,신당,17,4
20250510,문래,신당,18,2
20250510,문래,신당,19,4
20250510,문래,신당,20,1
20250510,문래,신당,21,4
20250510,문래,신당,22,3
20250510,문래,신당,23,2
20250510,문래,신대방,5,1
20250510,문래,신대방,6,4
20250510,문래,신대방,7,2
20250510,문래,신대방,8,6
20250510,문래,신대방,10,8
20250510,문래,신대방,11,4
20250510,문래,신대방,12,13
20250510,문래,신대방,13,12
20250510,문래,신대방,14,13
20250510,문래,신대방,15,11
20250510,문래,신대방,16,19
20250510,문래,신대방,17,12
20250510,문래,신대방,18,17
20250510,문래,신대방,19,17
20250510,문래,신대방,20,20
20250510,문래,신대방,21,33
20250510,문래,신대방,22,18
20250510,문래,신대방,23,14
20250510,문래,신도림,5,1
20250510,문래,신도림,6,9
20250510,문래,신도림,7,5
20250510,문래,신도림,8,9
20250510,문래,신도림,9,11
20250510,문래,신도림,10,24
20250510,문래,신도림,11,30
20250510,문래,신도림,12,47
20250510,문래,신도림,13,53
20250510,문래,신도림,14,32
20250510,문래,신도림,15,35
20250510,문래,신도림,16,46
20250510,문래,신도림,17,32
20250510,문래,신도림,18,40
20250510,문래,신도림,19,27
20250510,문래,신도림,20,25
20250510,문래,신도림,21,22
20250510,문래,신도림,22,21
20250510,문래,신도림,23,32
20250510,문래,신림,6,2
20250510,문래,신림,7,4
20250510,문래,신림,8,4
20250510,문래,신림,9,5
20250510,문래,신림,10,5
20250510,문래,신림,11,10
20250510,문래,신림,12,33
20250510,문래,신림,13,26
20250510,문래,신림,14,24
20250510,문래,신림,15,26
20250510,문래,신림,16,31
20250510,문래,신림,17,32
20250510,문래,신림,18,39
20250510,문래,신림,19,32
20250510,문래,신림,20,28
20250510,문래,신림,21,41
20250510,문래,신림,22,38
20250510,문래,신림,23,34
20250510,문래,신촌,5,1
20250510,문래,신촌,6,3
20250510,문래,신촌,7,9
20250510,문래,신촌,8,19
20250510,문래,신촌,9,33
20250510,문래,신촌,10,30
20250510,문래,신촌,11,18
20250510,문래,신촌,12,23
20250510,문래,신촌,13,20
20250510,문래,신촌,14,17
20250510,문래,신촌,15,25
20250510,문래,신촌,16,15
20250510,문래,신촌,17,20
20250510,문래,신촌,18,18
20250510,문래,신촌,19,17
20250510,문래,신촌,20,19
20250510,문래,신촌,21,7
20250510,문래,신촌,22,9
20250510,문래,신촌,23,5
20250510,문래,아현,6,2
20250510,문래,아현,8,5
20250510,문래,아현,9,4
20250510,문래,아현,10,3
20250510,문래,아현,11,5
20250510,문래,아현,12,6
20250510,문래,아현,13,1
20250510,문래,아현,14,1
20250510,문래,아현,15,2
20250510,문래,아현,16,2
20250510,문래,아현,17,1
20250510,문래,아현,19,3
20250510,문래,아현,20,5
20250510,문래,아현,21,5
20250510,문래,아현,22,3
20250510,문래,아현,23,2
20250510,문래,역삼,6,4
20250510,문래,역삼,7,5
20250510,문래,역삼,8,5
20250510,문래,역삼,9,6
20250510,문래,역삼,10,7
20250510,문래,역삼,11,4
20250510,문래,역삼,12,6
20250510,문래,역삼,13,8
20250510,문래,역삼,14,5
20250510,문래,역삼,15,5
20250510,문래,역삼,16,7
20250510,문래,역삼,17,1
20250510,문래,역삼,18,7
20250510,문래,역삼,19,2
20250510,문래,역삼,20,4
20250510,문래,역삼,21,6
20250510,문래,역삼,22,2
20250510,문래,역삼,23,4
20250510,문래,영등포구청,5,2
20250510,문래,영등포구청,6,6
20250510,문래,영등포구청,7,2
20250510,문래,영등포구청,8,8
20250510,문래,영등포구청,9,10
20250510,문래,영등포구청,10,16
20250510,문래,영등포구청,11,13
20250510,문래,영등포구청,12,27
20250510,문래,영등포구청,13,25
20250510,문래,영등포구청,14,18
20250510,문래,영등포구청,15,17
20250510,문래,영등포구청,16,18
20250510,문래,영등포구청,17,33
20250510,문래,영등포구청,18,27
20250510,문래,영등포구청,19,22
20250510,문래,영등포구청,20,11
20250510,문래,영등포구청,21,9
20250510,문래,영등포구청,22,8
20250510,문래,영등포구청,23,8
20250510,문래,왕십리(성동구청),7,3
20250510,문래,왕십리(성동구청),8,1
20250510,문래,왕십리(성동구청),9,2
20250510,문래,왕십리(성동구청),10,3
20250510,문래,왕십리(성동구청),11,2
20250510,문래,왕십리(성동구청),12,3
20250510,문래,왕십리(성동구청),13,3
20250510,문래,왕십리(성동구청),14,2
20250510,문래,왕십리(성동구청),15,5
20250510,문래,왕십리(성동구청),16,6
20250510,문래,왕십리(성동구청),17,4
20250510,문래,왕십리(성동구청),18,5
20250510,문래,왕십리(성동구청),19,1
20250510,문래,왕십리(성동구청),21,4
20250510,문래,왕십리(성동구청),22,5
20250510,문래,왕십리(성동구청),23,1
20250510,문래,용두(동대문구청),10,1
20250510,문래,용두(동대문구청),14,1
20250510,문래,용두(동대문구청),15,9
20250510,문래,을지로3가,5,2
20250510,문래,을지로3가,6,3
20250510,문래,을지로3가,7,2
20250510,문래,을지로3가,8,4
20250510,문래,을지로3가,9,4
20250510,문래,을지로3가,10,5
20250510,문래,을지로3가,11,6
20250510,문래,을지로3가,12,3
20250510,문래,을지로3가,13,13
20250510,문래,을지로3가,14,7
20250510,문래,을지로3가,15,13
20250510,문래,을지로3가,16,15
20250510,문래,을지로3가,17,13
20250510,문래,을지로3가,18,10
20250510,문래,을지로3가,19,6
20250510,문래,을지로3가,20,2
20250510,문래,을지로3가,21,1
20250510,문래,을지로3가,22,1
20250510,문래,을지로4가,5,1
20250510,문래,을지로4가,6,3
20250510,문래,을지로4가,7,3
20250510,문래,을지로4가,8,1
20250510,문래,을지로4가,9,6
20250510,문래,을지로4가,10,4
20250510,문래,을지로4가,11,5
20250510,문래,을지로4가,12,6
20250510,문래,을지로4가,13,7
20250510,문래,을지로4가,14,4
20250510,문래,을지로4가,15,6
20250510,문래,을지로4가,16,4
20250510,문래,을지로4가,17,3
20250510,문래,을지로4가,18,3
20250510,문래,을지로4가,19,7
20250510,문래,을지로4가,21,4
20250510,문래,을지로4가,22,1
20250510,문래,을지로입구,5,4
20250510,문래,을지로입구,6,3
20250510,문래,을지로입구,7,8
20250510,문래,을지로입구,8,8
20250510,문래,을지로입구,9,14
20250510,문래,을지로입구,10,24
20250510,문래,을지로입구,11,19
20250510,문래,을지로입구,12,17
20250510,문래,을지로입구,13,12
20250510,문래,을지로입구,14,15
20250510,문래,을지로입구,15,16
20250510,문래,을지로입구,16,11
20250510,문래,을지로입구,17,12
20250510,문래,을지로입구,18,2
20250510,문래,을지로입구,19,8
20250510,문래,을지로입구,20,7
20250510,문래,을지로입구,21,4
20250510,문래,을지로입구,22,6
20250510,문래,을지로입구,23,10
20250510,문래,이대,6,1
20250510,문래,이대,7,3
20250510,문래,이대,8,4
20250510,문래,이대,9,4
20250510,문래,이대,10,2
20250510,문래,이대,11,7
20250510,문래,이대,12,14
20250510,문래,이대,13,10
20250510,문래,이대,14,6
20250510,문래,이대,15,6
20250510,문래,이대,16,4
20250510,문래,이대,17,7
20250510,문래,이대,18,6
20250510,문래,이대,19,6
20250510,문래,이대,20,5
20250510,문래,이대,21,14
20250510,문래,이대,22,11
20250510,문래,이대,23,3
20250510,문래,잠실(송파구청),5,3
20250510,문래,잠실(송파구청),6,4
20250510,문래,잠실(송파구청),7,3
20250510,문래,잠실(송파구청),8,3
20250510,문래,잠실(송파구청),9,12
20250510,문래,잠실(송파구청),10,10
20250510,문래,잠실(송파구청),11,10
20250510,문래,잠실(송파구청),12,20
20250510,문래,잠실(송파구청),13,15
20250510,문래,잠실(송파구청),14,13
20250510,문래,잠실(송파구청),15,21
20250510,문래,잠실(송파구청),16,12
20250510,문래,잠실(송파구청),17,14
20250510,문래,잠실(송파구청),18,9
20250510,문래,잠실(송파구청),19,6
20250510,문래,잠실(송파구청),20,5
20250510,문래,잠실(송파구청),21,10
20250510,문래,잠실(송파구청),22,8
20250510,문래,잠실(송파구청),23,5
20250510,문래,잠실나루,6,1
20250510,문래,잠실나루,8,1
20250510,문래,잠실나루,11,1
20250510,문래,잠실나루,12,3
20250510,문래,잠실나루,13,2
20250510,문래,잠실나루,14,1
20250510,문래,잠실나루,17,3
20250510,문래,잠실나루,18,1
20250510,문래,잠실나루,21,1
20250510,문래,잠실새내,8,2
20250510,문래,잠실새내,10,2
20250510,문래,잠실새내,11,4
20250510,문래,잠실새내,12,2
20250510,문래,잠실새내,13,3
20250510,문래,잠실새내,14,3
20250510,문래,잠실새내,15,4
20250510,문래,잠실새내,16,1
20250510,문래,잠실새내,17,4
20250510,문래,잠실새내,19,1
20250510,문래,잠실새내,20,6
20250510,문래,잠실새내,21,3
20250510,문래,잠실새내,22,1
20250510,문래,잠실새내,23,5
20250510,문래,종합운동장,5,2
20250510,문래,종합운동장,7,4
20250510,문래,종합운동장,9,2
20250510,문래,종합운동장,10,2
20250510,문래,종합운동장,12,1
20250510,문래,종합운동장,13,1
20250510,문래,종합운동장,14,2
20250510,문래,종합운동장,15,15
20250510,문래,종합운동장,16,13
20250510,문래,종합운동장,17,3
20250510,문래,종합운동장,18,3
20250510,문래,종합운동장,22,1
20250510,문래,충정로(경기대입구),6,2
20250510,문래,충정로(경기대입구),8,2
20250510,문래,충정로(경기대입구),9,2
20250510,문래,충정로(경기대입구),10,1
20250510,문래,충정로(경기대입구),11,4
20250510,문래,충정로(경기대입구),12,4
20250510,문래,충정로(경기대입구),13,2
20250510,문래,충정로(경기대입구),14,1
20250510,문래,충정로(경기대입구),15,6
20250510,문래,충정로(경기대입구),16,4
20250510,문래,충정로(경기대입구),17,9
20250510,문래,충정로(경기대입구),18,1
20250510,문래,충정로(경기대입구),21,2
20250510,문래,충정로(경기대입구),23,2
20250510,문래,한양대,5,1
20250510,문래,한양대,6,1
20250510,문래,한양대,8,6
20250510,문래,한양대,9,1
20250510,문래,한양대,11,2
20250510,문래,한양대,12,1
20250510,문래,한양대,13,2
20250510,문래,한양대,14,1
20250510,문래,한양대,15,2
20250510,문래,한양대,16,3
20250510,문래,한양대,18,2
20250510,문래,합정,6,2
20250510,문래,합정,7,10
20250510,문래,합정,8,13
20250510,문래,합정,9,14
20250510,문래,합정,10,17
20250510,문래,합정,11,18
20250510,문래,합정,12,40
20250510,문래,합정,13,20
20250510,문래,합정,14,36
20250510,문래,합정,15,25
20250510,문래,합정,16,37
20250510,문래,합정,17,49
20250510,문래,합정,18,31
20250510,문래,합정,19,47
20250510,문래,합정,20,28
20250510,문래,합정,21,23
20250510,문래,합정,22,20
20250510,문래,합정,23,22
20250510,문래,홍대입구,5,2
20250510,문래,홍대입구,6,1
20250510,문래,홍대입구,7,3
20250510,문래,홍대입구,8,15
20250510,문래,홍대입구,9,30
20250510,문래,홍대입구,10,32
20250510,문래,홍대입구,11,35
20250510,문래,홍대입구,12,52
20250510,문래,홍대입구,13,39
20250510,문래,홍대입구,14,78
20250510,문래,홍대입구,15,63
20250510,문래,홍대입구,16,56
20250510,문래,홍대입구,17,65
20250510,문래,홍대입구,18,54
20250510,문래,홍대입구,19,42
20250510,문래,홍대입구,20,38
20250510,문래,홍대입구,21,35
20250510,문래,홍대입구,22,27
20250510,문래,홍대입구,23,22
20250510,방배,강남,5,4
20250510,방배,강남,6,9
20250510,방배,강남,7,13
20250510,방배,강남,8,37
20250510,방배,강남,9,55
20250510,방배,강남,10,60
20250510,방배,강남,11,36
20250510,방배,강남,12,61
20250510,방배,강남,13,82
20250510,방배,강남,14,70
20250510,방배,강남,15,56
20250510,방배,강남,16,61
20250510,방배,강남,17,84
20250510,방배,강남,18,66
20250510,방배,강남,19,37
20250510,방배,강남,20,24
20250510,방배,강남,21,16
20250510,방배,강남,22,9
20250510,방배,강남,23,9
20250510,방배,강변(동서울터미널),5,1
20250510,방배,강변(동서울터미널),7,7
20250510,방배,강변(동서울터미널),8,1
20250510,방배,강변(동서울터미널),9,5
20250510,방배,강변(동서울터미널),10,6
20250510,방배,강변(동서울터미널),11,3
20250510,방배,강변(동서울터미널),12,3
20250510,방배,강변(동서울터미널),13,2
20250510,방배,강변(동서울터미널),14,4
20250510,방배,강변(동서울터미널),15,7
20250510,방배,강변(동서울터미널),16,6
20250510,방배,강변(동서울터미널),17,12
20250510,방배,강변(동서울터미널),18,4
20250510,방배,강변(동서울터미널),19,5
20250510,방배,강변(동서울터미널),20,2
20250510,방배,강변(동서울터미널),21,7
20250510,방배,강변(동서울터미널),22,4
20250510,방배,강변(동서울터미널),23,1
20250510,방배,건대입구,6,1
20250510,방배,건대입구,7,2
20250510,방배,건대입구,8,3
20250510,방배,건대입구,9,3
20250510,방배,건대입구,10,2
20250510,방배,건대입구,11,4
20250510,방배,건대입구,12,5
20250510,방배,건대입구,13,3
20250510,방배,건대입구,14,5
20250510,방배,건대입구,15,15
20250510,방배,건대입구,16,3
20250510,방배,건대입구,17,8
20250510,방배,건대입구,18,2
20250510,방배,건대입구,19,4
20250510,방배,건대입구,21,3
20250510,방배,건대입구,22,4
20250510,방배,교대(법원.검찰청),5,6
20250510,방배,교대(법원.검찰청),6,6
20250510,방배,교대(법원.검찰청),7,12
20250510,방배,교대(법원.검찰청),8,19
20250510,방배,교대(법원.검찰청),9,15
20250510,방배,교대(법원.검찰청),10,25
20250510,방배,교대(법원.검찰청),11,20
20250510,방배,교대(법원.검찰청),12,31
20250510,방배,교대(법원.검찰청),13,36
20250510,방배,교대(법원.검찰청),14,33
20250510,방배,교대(법원.검찰청),15,17
20250510,방배,교대(법원.검찰청),16,32
20250510,방배,교대(법원.검찰청),17,26
20250510,방배,교대(법원.검찰청),18,26
20250510,방배,교대(법원.검찰청),19,12
20250510,방배,교대(법원.검찰청),20,8
20250510,방배,교대(법원.검찰청),21,11
20250510,방배,교대(법원.검찰청),22,10
20250510,방배,교대(법원.검찰청),23,1
20250510,방배,구로디지털단지,6,5
20250510,방배,구로디지털단지,7,8
20250510,방배,구로디지털단지,8,10
20250510,방배,구로디지털단지,9,8
20250510,방배,구로디지털단지,10,7
20250510,방배,구로디지털단지,11,6
20250510,방배,구로디지털단지,12,15
20250510,방배,구로디지털단지,13,25
20250510,방배,구로디지털단지,14,18
20250510,방배,구로디지털단지,15,13
20250510,방배,구로디지털단지,16,19
20250510,방배,구로디지털단지,17,17
20250510,방배,구로디지털단지,18,27
20250510,방배,구로디지털단지,19,14
20250510,방배,구로디지털단지,20,13
20250510,방배,구로디지털단지,21,23
20250510,방배,구로디지털단지,22,15
20250510,방배,구로디지털단지,23,5
20250510,방배,구의(광진구청),6,2
20250510,방배,구의(광진구청),8,2
20250510,방배,구의(광진구청),9,2
20250510,방배,구의(광진구청),10,1
20250510,방배,구의(광진구청),11,1
20250510,방배,구의(광진구청),12,2
20250510,방배,구의(광진구청),13,4
20250510,방배,구의(광진구청),14,6
20250510,방배,구의(광진구청),15,8
20250510,방배,구의(광진구청),16,3
20250510,방배,구의(광진구청),17,10
20250510,방배,구의(광진구청),18,5
20250510,방배,구의(광진구청),19,9
20250510,방배,구의(광진구청),20,2
20250510,방배,구의(광진구청),21,2
20250510,방배,구의(광진구청),22,3
20250510,방배,구의(광진구청),23,1
20250510,방배,낙성대,5,1
20250510,방배,낙성대,7,2
20250510,방배,낙성대,8,10
20250510,방배,낙성대,9,9
20250510,방배,낙성대,10,12
20250510,방배,낙성대,11,16
20250510,방배,낙성대,12,25
20250510,방배,낙성대,13,19
20250510,방배,낙성대,14,24
20250510,방배,낙성대,15,27
20250510,방배,낙성대,16,30
20250510,방배,낙성대,17,22
20250510,방배,낙성대,18,33
20250510,방배,낙성대,19,23
20250510,방배,낙성대,20,29
20250510,방배,낙성대,21,15
20250510,방배,낙성대,22,10
20250510,방배,낙성대,23,11
20250510,방배,당산,7,2
20250510,방배,당산,8,3
20250510,방배,당산,9,1
20250510,방배,당산,10,2
20250510,방배,당산,12,2
20250510,방배,당산,13,6
20250510,방배,당산,14,2
20250510,방배,당산,15,9
20250510,방배,당산,16,5
20250510,방배,당산,17,9
20250510,방배,당산,18,6
20250510,방배,당산,19,4
20250510,방배,당산,20,5
20250510,방배,당산,22,5
20250510,방배,당산,23,2
20250510,방배,대림(구로구청),5,1
20250510,방배,대림(구로구청),6,3
20250510,방배,대림(구로구청),8,5
20250510,방배,대림(구로구청),9,15
20250510,방배,대림(구로구청),10,4
20250510,방배,대림(구로구청),11,2
20250510,방배,대림(구로구청),12,5
20250510,방배,대림(구로구청),13,4
20250510,방배,대림(구로구청),14,5
20250510,방배,대림(구로구청),15,12
20250510,방배,대림(구로구청),16,14
20250510,방배,대림(구로구청),17,9
20250510,방배,대림(구로구청),18,7
20250510,방배,대림(구로구청),19,6
20250510,방배,대림(구로구청),20,7
20250510,방배,대림(구로구청),21,12
20250510,방배,대림(구로구청),22,13
20250510,방배,대림(구로구청),23,2
20250510,방배,동대문역사문화공원,14,1
20250510,방배,동대문역사문화공원,15,3
20250510,방배,동대문역사문화공원,19,1
20250510,방배,뚝섬,6,2
20250510,방배,뚝섬,9,2
20250510,방배,뚝섬,10,2
20250510,방배,뚝섬,11,2
20250510,방배,뚝섬,12,5
20250510,방배,뚝섬,13,4
20250510,방배,뚝섬,14,5
20250510,방배,뚝섬,15,1
20250510,방배,뚝섬,16,5
20250510,방배,뚝섬,17,3
20250510,방배,뚝섬,18,1
20250510,방배,문래,5,1
20250510,방배,문래,7,1
20250510,방배,문래,8,4
20250510,방배,문래,9,4
20250510,방배,문래,10,3
20250510,방배,문래,11,4
20250510,방배,문래,12,10
20250510,방배,문래,13,7
20250510,방배,문래,14,3
20250510,방배,문래,15,7
20250510,방배,문래,16,10
20250510,방배,문래,17,8
20250510,방배,문래,18,5
20250510,방배,문래,19,3
20250510,방배,문래,20,3
20250510,방배,문래,21,5
20250510,방배,문래,22,1
20250510,방배,방배,5,1
20250510,방배,방배,7,1
20250510,방배,방배,8,1
20250510,방배,방배,9,8
20250510,방배,방배,10,4
20250510,방배,방배,11,8
20250510,방배,방배,12,7
20250510,방배,방배,13,11
20250510,방배,방배,14,10
20250510,방배,방배,15,10
20250510,방배,방배,16,7
20250510,방배,방배,17,13
20250510,방배,방배,18,4
20250510,방배,방배,19,4
20250510,방배,방배,20,2
20250510,방배,방배,21,4
20250510,방배,방배,22,6
20250510,방배,방배,23,3
20250510,방배,봉천,6,11
20250510,방배,봉천,7,3
20250510,방배,봉천,8,4
20250510,방배,봉천,9,3
20250510,방배,봉천,10,4
20250510,방배,봉천,11,12
20250510,방배,봉천,12,13
20250510,방배,봉천,13,9
20250510,방배,봉천,14,14
20250510,방배,봉천,15,15
20250510,방배,봉천,16,19
20250510,방배,봉천,17,19
20250510,방배,봉천,18,16
20250510,방배,봉천,19,13
20250510,방배,봉천,20,10
20250510,방배,봉천,21,15
20250510,방배,봉천,22,11
20250510,방배,봉천,23,3
20250510,방배,사당,5,4
20250510,방배,사당,6,18
20250510,방배,사당,7,14
20250510,방배,사당,8,11
20250510,방배,사당,9,26
20250510,방배,사당,10,32
20250510,방배,사당,11,46
20250510,방배,사당,12,46
20250510,방배,사당,13,51
20250510,방배,사당,14,52
20250510,방배,사당,15,58
20250510,방배,사당,16,51
20250510,방배,사당,17,83
20250510,방배,사당,18,67
20250510,방배,사당,19,62
20250510,방배,사당,20,35
20250510,방배,사당,21,41
20250510,방배,사당,22,24
20250510,방배,사당,23,16
20250510,방배,삼성(무역센터),5,1
20250510,방배,삼성(무역센터),6,7
20250510,방배,삼성(무역센터),7,5
20250510,방배,삼성(무역센터),8,11
20250510,방배,삼성(무역센터),9,28
20250510,방배,삼성(무역센터),10,36
20250510,방배,삼성(무역센터),11,26
20250510,방배,삼성(무역센터),12,29
20250510,방배,삼성(무역센터),13,29
20250510,방배,삼성(무역센터),14,38
20250510,방배,삼성(무역센터),15,47
20250510,방배,삼성(무역센터),16,25
20250510,방배,삼성(무역센터),17,23
20250510,방배,삼성(무역센터),18,16
20250510,방배,삼성(무역센터),19,5
20250510,방배,삼성(무역센터),20,2
20250510,방배,삼성(무역센터),21,2
20250510,방배,삼성(무역센터),22,2
20250510,방배,삼성(무역센터),23,1
20250510,방배,상왕십리,8,2
20250510,방배,상왕십리,9,4
20250510,방배,상왕십리,10,1
20250510,방배,상왕십리,12,2
20250510,방배,상왕십리,13,3
20250510,방배,상왕십리,14,2
20250510,방배,상왕십리,15,2
20250510,방배,상왕십리,16,1
20250510,방배,상왕십리,18,2
20250510,방배,상왕십리,20,1
20250510,방배,상왕십리,21,2
20250510,방배,상왕십리,23,1
20250510,방배,서울대입구(관악구청),5,1
20250510,방배,서울대입구(관악구청),6,8
20250510,방배,서울대입구(관악구청),7,5
20250510,방배,서울대입구(관악구청),8,20
20250510,방배,서울대입구(관악구청),9,15
20250510,방배,서울대입구(관악구청),10,24
20250510,방배,서울대입구(관악구청),11,19
20250510,방배,서울대입구(관악구청),12,23
20250510,방배,서울대입구(관악구청),13,49
20250510,방배,서울대입구(관악구청),14,38
20250510,방배,서울대입구(관악구청),15,36
20250510,방배,서울대입구(관악구청),16,29
20250510,방배,서울대입구(관악구청),17,27
20250510,방배,서울대입구(관악구청),18,31
20250510,방배,서울대입구(관악구청),19,28
20250510,방배,서울대입구(관악구청),20,27
20250510,방배,서울대입구(관악구청),21,28
20250510,방배,서울대입구(관악구청),22,18
20250510,방배,서울대입구(관악구청),23,15
20250510,방배,서초,5,6
20250510,방배,서초,6,14
20250510,방배,서초,7,7
20250510,방배,서초,8,9
20250510,방배,서초,9,15
20250510,방배,서초,10,9
20250510,방배,서초,11,16
20250510,방배,서초,12,28
20250510,방배,서초,13,18
20250510,방배,서초,14,13
20250510,방배,서초,15,15
20250510,방배,서초,16,20
20250510,방배,서초,17,20
20250510,방배,서초,18,11
20250510,방배,서초,19,9
20250510,방배,서초,20,5
20250510,방배,서초,21,7
20250510,방배,서초,22,7
20250510,방배,서초,23,2
20250510,방배,선릉,5,3
20250510,방배,선릉,6,6
20250510,방배,선릉,7,4
20250510,방배,선릉,8,16
20250510,방배,선릉,9,27
20250510,방배,선릉,10,24
20250510,방배,선릉,11,20
20250510,방배,선릉,12,17
20250510,방배,선릉,13,17
20250510,방배,선릉,14,15
20250510,방배,선릉,15,20
20250510,방배,선릉,16,15
20250510,방배,선릉,17,20
20250510,방배,선릉,18,8
20250510,방배,선릉,19,7
20250510,방배,선릉,20,8
20250510,방배,선릉,21,3
20250510,방배,선릉,22,4
20250510,방배,선릉,23,1
20250510,방배,성수,6,1
20250510,방배,성수,7,3
20250510,방배,성수,8,2
20250510,방배,성수,9,2
20250510,방배,성수,10,6
20250510,방배,성수,11,6
20250510,방배,성수,12,4
20250510,방배,성수,13,7
20250510,방배,성수,14,8
20250510,방배,성수,15,14
20250510,방배,성수,16,4
20250510,방배,성수,18,1
20250510,방배,성수,19,1
20250510,방배,성수,21,1
20250510,방배,성수,22,1
20250510,방배,시청,9,2
20250510,방배,시청,11,2
20250510,방배,시청,12,2
20250510,방배,시청,13,1
20250510,방배,시청,14,1
20250510,방배,시청,15,2
20250510,방배,시청,17,1
20250510,방배,시청,18,1
20250510,방배,신당,7,2
20250510,방배,신당,9,1
20250510,방배,신당,11,1
20250510,방배,신당,12,1
20250510,방배,신당,13,2
20250510,방배,신당,15,1
20250510,방배,신당,16,1
20250510,방배,신당,17,4
20250510,방배,신당,22,1
20250510,방배,신대방,5,1
20250510,방배,신대방,6,2
20250510,방배,신대방,8,5
20250510,방배,신대방,9,6
20250510,방배,신대방,10,8
20250510,방배,신대방,11,5
20250510,방배,신대방,12,12
20250510,방배,신대방,13,6
20250510,방배,신대방,14,6
20250510,방배,신대방,15,5
20250510,방배,신대방,16,15
20250510,방배,신대방,17,14
20250510,방배,신대방,18,13
20250510,방배,신대방,19,17
20250510,방배,신대방,20,18
20250510,방배,신대방,21,15
20250510,방배,신대방,22,13
20250510,방배,신대방,23,3
20250510,방배,신도림,6,4
20250510,방배,신도림,7,5
20250510,방배,신도림,8,12
20250510,방배,신도림,9,11
20250510,방배,신도림,10,8
20250510,방배,신도림,11,8
20250510,방배,신도림,12,15
20250510,방배,신도림,13,11
20250510,방배,신도림,14,10
20250510,방배,신도림,15,20
20250510,방배,신도림,16,10
20250510,방배,신도림,17,16
20250510,방배,신도림,18,7
20250510,방배,신도림,19,9
20250510,방배,신도림,20,9
20250510,방배,신도림,21,7
20250510,방배,신도림,22,7
20250510,방배,신도림,23,5
20250510,방배,신림,5,1
20250510,방배,신림,6,11
20250510,방배,신림,7,7
20250510,방배,신림,8,8
20250510,방배,신림,9,15
20250510,방배,신림,10,16
20250510,방배,신림,11,16
20250510,방배,신림,12,25
20250510,방배,신림,13,22
20250510,방배,신림,14,36
20250510,방배,신림,15,29
20250510,방배,신림,16,36
20250510,방배,신림,17,52
20250510,방배,신림,18,30
20250510,방배,신림,19,29
20250510,방배,신림,20,42
20250510,방배,신림,21,32
20250510,방배,신림,22,35
20250510,방배,신림,23,15
20250510,방배,신촌,6,2
20250510,방배,신촌,8,5
20250510,방배,신촌,9,1
20250510,방배,신촌,10,3
20250510,방배,신촌,11,11
20250510,방배,신촌,12,9
20250510,방배,신촌,13,9
20250510,방배,신촌,14,8
20250510,방배,신촌,15,6
20250510,방배,신촌,16,11
20250510,방배,신촌,17,7
20250510,방배,신촌,18,7
20250510,방배,신촌,19,2
20250510,방배,신촌,20,2
20250510,방배,신촌,21,3
20250510,방배,신촌,22,3
20250510,방배,아현,7,1
20250510,방배,아현,10,1
20250510,방배,아현,13,1
20250510,방배,아현,15,1
20250510,방배,아현,16,1
20250510,방배,아현,17,2
20250510,방배,아현,18,2
20250510,방배,아현,20,2
20250510,방배,아현,21,1
20250510,방배,아현,22,1
20250510,방배,역삼,5,2
20250510,방배,역삼,6,5
20250510,방배,역삼,7,2
20250510,방배,역삼,8,10
20250510,방배,역삼,9,8
20250510,방배,역삼,10,17
20250510,방배,역삼,11,13
20250510,방배,역삼,12,8
20250510,방배,역삼,13,28
20250510,방배,역삼,14,17
20250510,방배,역삼,15,6
20250510,방배,역삼,16,13
20250510,방배,역삼,17,14
20250510,방배,역삼,18,7
20250510,방배,역삼,19,5
20250510,방배,역삼,20,9
20250510,방배,역삼,21,4
20250510,방배,역삼,22,2
20250510,방배,역삼,23,1
20250510,방배,영등포구청,5,2
20250510,방배,영등포구청,8,3
20250510,방배,영등포구청,9,4
20250510,방배,영등포구청,11,2
20250510,방배,영등포구청,12,3
20250510,방배,영등포구청,13,5
20250510,방배,영등포구청,14,3
20250510,방배,영등포구청,15,5
20250510,방배,영등포구청,16,11
20250510,방배,영등포구청,17,7
20250510,방배,영등포구청,18,8
20250510,방배,영등포구청,19,3
20250510,방배,영등포구청,20,3
20250510,방배,영등포구청,22,2
20250510,방배,영등포구청,23,2
20250510,방배,왕십리(성동구청),10,2
20250510,방배,왕십리(성동구청),11,1
20250510,방배,왕십리(성동구청),12,3
20250510,방배,왕십리(성동구청),13,3
20250510,방배,왕십리(성동구청),14,1
20250510,방배,왕십리(성동구청),15,4
20250510,방배,왕십리(성동구청),16,1
20250510,방배,왕십리(성동구청),18,1
20250510,방배,왕십리(성동구청),22,1
20250510,방배,용두(동대문구청),8,1
20250510,방배,용두(동대문구청),16,2
20250510,방배,용두(동대문구청),18,1
20250510,방배,을지로4가,15,2
20250510,방배,을지로입구,9,2
20250510,방배,을지로입구,10,1
20250510,방배,을지로입구,11,1
20250510,방배,을지로입구,13,2
20250510,방배,을지로입구,14,1
20250510,방배,을지로입구,15,2
20250510,방배,을지로입구,17,2
20250510,방배,이대,5,1
20250510,방배,이대,8,1
20250510,방배,이대,9,2
20250510,방배,이대,10,2
20250510,방배,이대,11,4
20250510,방배,이대,12,6
20250510,방배,이대,13,2
20250510,방배,이대,14,1
20250510,방배,이대,15,4
20250510,방배,이대,16,6
20250510,방배,이대,17,2
20250510,방배,이대,18,1
20250510,방배,이대,19,5
20250510,방배,이대,20,3
20250510,방배,이대,21,2
20250510,방배,이대,22,2
20250510,방배,잠실(송파구청),5,3
20250510,방배,잠실(송파구청),6,18
20250510,방배,잠실(송파구청),7,6
20250510,방배,잠실(송파구청),8,16
20250510,방배,잠실(송파구청),9,20
20250510,방배,잠실(송파구청),10,25
20250510,방배,잠실(송파구청),11,27
20250510,방배,잠실(송파구청),12,32
20250510,방배,잠실(송파구청),13,43
20250510,방배,잠실(송파구청),14,46
20250510,방배,잠실(송파구청),15,41
20250510,방배,잠실(송파구청),16,42
20250510,방배,잠실(송파구청),17,36
20250510,방배,잠실(송파구청),18,25
20250510,방배,잠실(송파구청),19,32
20250510,방배,잠실(송파구청),20,11
20250510,방배,잠실(송파구청),21,13
20250510,방배,잠실(송파구청),22,18
20250510,방배,잠실(송파구청),23,12
20250510,방배,잠실나루,6,1
20250510,방배,잠실나루,7,1
20250510,방배,잠실나루,9,1
20250510,방배,잠실나루,10,1
20250510,방배,잠실나루,11,1
20250510,방배,잠실나루,12,5
20250510,방배,잠실나루,13,3
20250510,방배,잠실나루,14,3
20250510,방배,잠실나루,15,6
20250510,방배,잠실나루,16,2
20250510,방배,잠실나루,18,1
20250510,방배,잠실나루,19,3
20250510,방배,잠실나루,20,4
20250510,방배,잠실나루,21,2
20250510,방배,잠실나루,22,3
20250510,방배,잠실새내,5,1
20250510,방배,잠실새내,6,1
20250510,방배,잠실새내,7,2
20250510,방배,잠실새내,8,2
20250510,방배,잠실새내,9,7
20250510,방배,잠실새내,10,5
20250510,방배,잠실새내,11,7
20250510,방배,잠실새내,12,6
20250510,방배,잠실새내,13,11
20250510,방배,잠실새내,14,8
20250510,방배,잠실새내,15,20
20250510,방배,잠실새내,16,9
20250510,방배,잠실새내,17,12
20250510,방배,잠실새내,18,11
20250510,방배,잠실새내,19,6
20250510,방배,잠실새내,20,4
20250510,방배,잠실새내,21,5
20250510,방배,잠실새내,22,3
20250510,방배,종합운동장,5,1
20250510,방배,종합운동장,6,3
20250510,방배,종합운동장,7,5
20250510,방배,종합운동장,8,4
20250510,방배,종합운동장,9,3
20250510,방배,종합운동장,10,2
20250510,방배,종합운동장,11,2
20250510,방배,종합운동장,12,2
20250510,방배,종합운동장,13,5
20250510,방배,종합운동장,14,7
20250510,방배,종합운동장,15,35
20250510,방배,종합운동장,16,21
20250510,방배,종합운동장,17,6
20250510,방배,종합운동장,18,3
20250510,방배,종합운동장,19,2
20250510,방배,종합운동장,21,5
20250510,방배,종합운동장,22,2
20250510,방배,종합운동장,23,1
20250510,방배,충정로(경기대입구),7,2
20250510,방배,충정로(경기대입구),9,1
20250510,방배,충정로(경기대입구),15,1
20250510,방배,충정로(경기대입구),16,1
20250510,방배,충정로(경기대입구),18,2
20250510,방배,충정로(경기대입구),19,1
20250510,방배,충정로(경기대입구),23,1
20250510,방배,한양대,5,1
20250510,방배,한양대,8,3
20250510,방배,한양대,9,1
20250510,방배,한양대,14,2
20250510,방배,한양대,17,2
20250510,방배,한양대,18,1
20250510,방배,합정,6,1
20250510,방배,합정,7,4
20250510,방배,합정,8,5
20250510,방배,합정,9,2
20250510,방배,합정,10,2
20250510,방배,합정,11,8
20250510,방배,합정,12,9
20250510,방배,합정,13,9
20250510,방배,합정,14,13
20250510,방배,합정,15,18
20250510,방배,합정,16,11
20250510,방배,합정,17,16
20250510,방배,합정,18,10
20250510,방배,합정,19,8
20250510,방배,합정,20,5
20250510,방배,합정,21,6
20250510,방배,합정,22,2
20250510,방배,합정,23,2
20250510,방배,홍대입구,6,2
20250510,방배,홍대입구,8,3
20250510,방배,홍대입구,9,14
20250510,방배,홍대입구,10,11
20250510,방배,홍대입구,11,13
20250510,방배,홍대입구,12,15
20250510,방배,홍대입구,13,17
20250510,방배,홍대입구,14,20
20250510,방배,홍대입구,15,20
20250510,방배,홍대입구,16,25
20250510,방배,홍대입구,17,20
20250510,방배,홍대입구,18,18
20250510,방배,홍대입구,19,8
20250510,방배,홍대입구,20,8
20250510,방배,홍대입구,21,3
20250510,방배,홍대입구,22,2
20250510,방배,홍대입구,23,5
20250510,봉천,강남,5,22
20250510,봉천,강남,6,34
20250510,봉천,강남,7,48
20250510,봉천,강남,8,139
20250510,봉천,강남,9,146
20250510,봉천,강남,10,82
20250510,봉천,강남,11,59
20250510,봉천,강남,12,66
20250510,봉천,강남,13,84
20250510,봉천,강남,14,67
20250510,봉천,강남,15,71
20250510,봉천,강남,16,71
20250510,봉천,강남,17,69
20250510,봉천,강남,18,25
20250510,봉천,강남,19,37
20250510,봉천,강남,20,16
20250510,봉천,강남,21,12
20250510,봉천,강남,22,14
20250510,봉천,강남,23,12
20250510,봉천,강변(동서울터미널),5,6
20250510,봉천,강변(동서울터미널),6,3
20250510,봉천,강변(동서울터미널),7,5
20250510,봉천,강변(동서울터미널),8,11
20250510,봉천,강변(동서울터미널),9,9
20250510,봉천,강변(동서울터미널),10,5
20250510,봉천,강변(동서울터미널),11,1
20250510,봉천,강변(동서울터미널),12,2
20250510,봉천,강변(동서울터미널),13,8
20250510,봉천,강변(동서울터미널),14,6
20250510,봉천,강변(동서울터미널),15,4
20250510,봉천,강변(동서울터미널),16,3
20250510,봉천,강변(동서울터미널),17,2
20250510,봉천,강변(동서울터미널),18,7
20250510,봉천,강변(동서울터미널),19,2
20250510,봉천,강변(동서울터미널),20,2
20250510,봉천,강변(동서울터미널),21,3
20250510,봉천,건대입구,5,1
20250510,봉천,건대입구,6,1
20250510,봉천,건대입구,7,9
20250510,봉천,건대입구,8,5
20250510,봉천,건대입구,9,8
20250510,봉천,건대입구,10,8
20250510,봉천,건대입구,11,6
20250510,봉천,건대입구,12,8
20250510,봉천,건대입구,13,4
20250510,봉천,건대입구,14,10
20250510,봉천,건대입구,15,13
20250510,봉천,건대입구,16,7
20250510,봉천,건대입구,17,12
20250510,봉천,건대입구,18,1
20250510,봉천,건대입구,19,5
20250510,봉천,건대입구,21,5
20250510,봉천,건대입구,22,3
20250510,봉천,교대(법원.검찰청),5,14
20250510,봉천,교대(법원.검찰청),6,16
20250510,봉천,교대(법원.검찰청),7,16
20250510,봉천,교대(법원.검찰청),8,39
20250510,봉천,교대(법원.검찰청),9,32
20250510,봉천,교대(법원.검찰청),10,25
20250510,봉천,교대(법원.검찰청),11,16
20250510,봉천,교대(법원.검찰청),12,14
20250510,봉천,교대(법원.검찰청),13,15
20250510,봉천,교대(법원.검찰청),14,22
20250510,봉천,교대(법원.검찰청),15,8
20250510,봉천,교대(법원.검찰청),16,14
20250510,봉천,교대(법원.검찰청),17,10
20250510,봉천,교대(법원.검찰청),18,4
20250510,봉천,교대(법원.검찰청),19,13
20250510,봉천,교대(법원.검찰청),20,2
20250510,봉천,교대(법원.검찰청),21,3
20250510,봉천,교대(법원.검찰청),22,3
20250510,봉천,교대(법원.검찰청),23,1
20250510,봉천,구로디지털단지,5,3
20250510,봉천,구로디지털단지,6,10
20250510,봉천,구로디지털단지,7,22
20250510,봉천,구로디지털단지,8,23
20250510,봉천,구로디지털단지,9,29
20250510,봉천,구로디지털단지,10,49
20250510,봉천,구로디지털단지,11,37
20250510,봉천,구로디지털단지,12,39
20250510,봉천,구로디지털단지,13,43
20250510,봉천,구로디지털단지,14,40
20250510,봉천,구로디지털단지,15,34
20250510,봉천,구로디지털단지,16,29
20250510,봉천,구로디지털단지,17,29
20250510,봉천,구로디지털단지,18,42
20250510,봉천,구로디지털단지,19,24
20250510,봉천,구로디지털단지,20,22
20250510,봉천,구로디지털단지,21,25
20250510,봉천,구로디지털단지,22,13
20250510,봉천,구로디지털단지,23,6
20250510,봉천,구의(광진구청),5,2
20250510,봉천,구의(광진구청),7,2
20250510,봉천,구의(광진구청),8,4
20250510,봉천,구의(광진구청),9,5
20250510,봉천,구의(광진구청),10,2
20250510,봉천,구의(광진구청),11,1
20250510,봉천,구의(광진구청),12,2
20250510,봉천,구의(광진구청),13,4
20250510,봉천,구의(광진구청),14,1
20250510,봉천,구의(광진구청),15,7
20250510,봉천,구의(광진구청),16,4
20250510,봉천,구의(광진구청),17,5
20250510,봉천,구의(광진구청),18,1
20250510,봉천,구의(광진구청),19,5
20250510,봉천,구의(광진구청),20,3
20250510,봉천,구의(광진구청),21,8
20250510,봉천,구의(광진구청),22,2
20250510,봉천,구의(광진구청),23,1
20250510,봉천,낙성대,5,9
20250510,봉천,낙성대,6,10
20250510,봉천,낙성대,7,13
20250510,봉천,낙성대,8,31
20250510,봉천,낙성대,9,44
20250510,봉천,낙성대,10,48
20250510,봉천,낙성대,11,36
20250510,봉천,낙성대,12,40
20250510,봉천,낙성대,13,36
20250510,봉천,낙성대,14,42
20250510,봉천,낙성대,15,41
20250510,봉천,낙성대,16,53
20250510,봉천,낙성대,17,43
20250510,봉천,낙성대,18,26
20250510,봉천,낙성대,19,37
20250510,봉천,낙성대,20,18
20250510,봉천,낙성대,21,15
20250510,봉천,낙성대,22,14
20250510,봉천,낙성대,23,3
20250510,봉천,당산,4,1
20250510,봉천,당산,5,3
20250510,봉천,당산,6,2
20250510,봉천,당산,7,11
20250510,봉천,당산,8,13
20250510,봉천,당산,9,10
20250510,봉천,당산,10,5
20250510,봉천,당산,11,9
20250510,봉천,당산,12,9
20250510,봉천,당산,13,12
20250510,봉천,당산,14,11
20250510,봉천,당산,15,7
20250510,봉천,당산,16,9
20250510,봉천,당산,17,8
20250510,봉천,당산,18,11
20250510,봉천,당산,19,5
20250510,봉천,당산,20,4
20250510,봉천,당산,21,7
20250510,봉천,당산,22,4
20250510,봉천,당산,23,4
20250510,봉천,대림(구로구청),5,8
20250510,봉천,대림(구로구청),6,1
20250510,봉천,대림(구로구청),7,11
20250510,봉천,대림(구로구청),8,27
20250510,봉천,대림(구로구청),9,16
20250510,봉천,대림(구로구청),10,17
20250510,봉천,대림(구로구청),11,33
20250510,봉천,대림(구로구청),12,16
20250510,봉천,대림(구로구청),13,19
20250510,봉천,대림(구로구청),14,10
20250510,봉천,대림(구로구청),15,33
20250510,봉천,대림(구로구청),16,13
20250510,봉천,대림(구로구청),17,6
20250510,봉천,대림(구로구청),18,13
20250510,봉천,대림(구로구청),19,11
20250510,봉천,대림(구로구청),20,8
20250510,봉천,대림(구로구청),21,16
20250510,봉천,대림(구로구청),22,8
20250510,봉천,대림(구로구청),23,11
20250510,봉천,동대문역사문화공원,4,1
20250510,봉천,동대문역사문화공원,7,2
20250510,봉천,동대문역사문화공원,8,3
20250510,봉천,동대문역사문화공원,9,6
20250510,봉천,동대문역사문화공원,10,1
20250510,봉천,동대문역사문화공원,11,4
20250510,봉천,동대문역사문화공원,12,2
20250510,봉천,동대문역사문화공원,14,4
20250510,봉천,동대문역사문화공원,15,2
20250510,봉천,동대문역사문화공원,16,9
20250510,봉천,뚝섬,6,3
20250510,봉천,뚝섬,7,2
20250510,봉천,뚝섬,8,2
20250510,봉천,뚝섬,9,6
20250510,봉천,뚝섬,10,8
20250510,봉천,뚝섬,11,1
20250510,봉천,뚝섬,12,2
20250510,봉천,뚝섬,14,1
20250510,봉천,뚝섬,15,2
20250510,봉천,뚝섬,17,1
20250510,봉천,문래,5,4
20250510,봉천,문래,6,2
20250510,봉천,문래,7,9
20250510,봉천,문래,8,10
20250510,봉천,문래,9,10
20250510,봉천,문래,10,12
20250510,봉천,문래,11,8
20250510,봉천,문래,12,13
20250510,봉천,문래,13,17
20250510,봉천,문래,14,8
20250510,봉천,문래,15,16
20250510,봉천,문래,16,18
20250510,봉천,문래,17,11
20250510,봉천,문래,18,5
20250510,봉천,문래,19,4
20250510,봉천,문래,20,3
20250510,봉천,문래,21,1
20250510,봉천,문래,22,1
20250510,봉천,방배,5,5
20250510,봉천,방배,6,3
20250510,봉천,방배,7,18
20250510,봉천,방배,8,27
20250510,봉천,방배,9,37
20250510,봉천,방배,10,17
20250510,봉천,방배,11,8
20250510,봉천,방배,12,17
20250510,봉천,방배,13,6
20250510,봉천,방배,14,11
20250510,봉천,방배,15,9
20250510,봉천,방배,16,10
20250510,봉천,방배,17,8
20250510,봉천,방배,18,4
20250510,봉천,방배,19,4
20250510,봉천,방배,20,5
20250510,봉천,방배,21,5
20250510,봉천,방배,22,2
20250510,봉천,방배,23,3
20250510,봉천,봉천,5,7
20250510,봉천,봉천,6,3
20250510,봉천,봉천,7,9
20250510,봉천,봉천,8,6
20250510,봉천,봉천,9,11
20250510,봉천,봉천,10,15
20250510,봉천,봉천,11,10
20250510,봉천,봉천,12,10
20250510,봉천,봉천,13,11
20250510,봉천,봉천,14,16
20250510,봉천,봉천,15,23
20250510,봉천,봉천,16,11
20250510,봉천,봉천,17,4
20250510,봉천,봉천,18,7
20250510,봉천,봉천,19,12
20250510,봉천,봉천,20,6
20250510,봉천,봉천,21,7
20250510,봉천,봉천,22,5
20250510,봉천,봉천,23,5
20250510,봉천,사당,5,9
20250510,봉천,사당,6,19
20250510,봉천,사당,7,27
20250510,봉천,사당,8,29
20250510,봉천,사당,9,41
20250510,봉천,사당,10,43
20250510,봉천,사당,11,51
20250510,봉천,사당,12,38
20250510,봉천,사당,13,39
20250510,봉천,사당,14,46
20250510,봉천,사당,15,39
20250510,봉천,사당,16,49
20250510,봉천,사당,17,56
20250510,봉천,사당,18,30
20250510,봉천,사당,19,22
20250510,봉천,사당,20,18
20250510,봉천,사당,21,19
20250510,봉천,사당,22,11
20250510,봉천,사당,23,5
20250510,봉천,삼성(무역센터),5,14
20250510,봉천,삼성(무역센터),6,15
20250510,봉천,삼성(무역센터),7,27
20250510,봉천,삼성(무역센터),8,43
20250510,봉천,삼성(무역센터),9,48
20250510,봉천,삼성(무역센터),10,55
20250510,봉천,삼성(무역센터),11,34
20250510,봉천,삼성(무역센터),12,30
20250510,봉천,삼성(무역센터),13,25
20250510,봉천,삼성(무역센터),14,26
20250510,봉천,삼성(무역센터),15,15
20250510,봉천,삼성(무역센터),16,11
20250510,봉천,삼성(무역센터),17,14
20250510,봉천,삼성(무역센터),18,10
20250510,봉천,삼성(무역센터),19,3
20250510,봉천,삼성(무역센터),20,3
20250510,봉천,삼성(무역센터),22,3
20250510,봉천,상왕십리,5,1
20250510,봉천,상왕십리,8,1
20250510,봉천,상왕십리,9,1
20250510,봉천,상왕십리,11,1
20250510,봉천,상왕십리,13,1
20250510,봉천,상왕십리,14,1
20250510,봉천,상왕십리,16,2
20250510,봉천,상왕십리,17,1
20250510,봉천,상왕십리,18,1
20250510,봉천,상왕십리,19,2
20250510,봉천,상왕십리,20,1
20250510,봉천,상왕십리,21,1
20250510,봉천,서울대입구(관악구청),5,3
20250510,봉천,서울대입구(관악구청),6,6
20250510,봉천,서울대입구(관악구청),7,16
20250510,봉천,서울대입구(관악구청),8,38
20250510,봉천,서울대입구(관악구청),9,45
20250510,봉천,서울대입구(관악구청),10,82
20250510,봉천,서울대입구(관악구청),11,97
20250510,봉천,서울대입구(관악구청),12,68
20250510,봉천,서울대입구(관악구청),13,59
20250510,봉천,서울대입구(관악구청),14,50
20250510,봉천,서울대입구(관악구청),15,70
20250510,봉천,서울대입구(관악구청),16,51
20250510,봉천,서울대입구(관악구청),17,55
20250510,봉천,서울대입구(관악구청),18,36
20250510,봉천,서울대입구(관악구청),19,31
20250510,봉천,서울대입구(관악구청),20,17
20250510,봉천,서울대입구(관악구청),21,21
20250510,봉천,서울대입구(관악구청),22,15
20250510,봉천,서울대입구(관악구청),23,15
20250510,봉천,서초,5,14
20250510,봉천,서초,6,33
20250510,봉천,서초,7,19
20250510,봉천,서초,8,36
20250510,봉천,서초,9,22
20250510,봉천,서초,10,24
20250510,봉천,서초,11,14
20250510,봉천,서초,12,20
20250510,봉천,서초,13,16
20250510,봉천,서초,14,16
20250510,봉천,서초,15,22
20250510,봉천,서초,16,10
20250510,봉천,서초,17,17
20250510,봉천,서초,18,6
20250510,봉천,서초,19,2
20250510,봉천,서초,20,2
20250510,봉천,서초,21,2
20250510,봉천,서초,22,2
20250510,봉천,선릉,5,12
20250510,봉천,선릉,6,14
20250510,봉천,선릉,7,28
20250510,봉천,선릉,8,55
20250510,봉천,선릉,9,63
20250510,봉천,선릉,10,43
20250510,봉천,선릉,11,27
20250510,봉천,선릉,12,47
20250510,봉천,선릉,13,30
20250510,봉천,선릉,14,14
20250510,봉천,선릉,15,20
20250510,봉천,선릉,16,15
20250510,봉천,선릉,17,17
20250510,봉천,선릉,18,11
20250510,봉천,선릉,19,7
20250510,봉천,선릉,20,4
20250510,봉천,선릉,21,4
20250510,봉천,선릉,22,5
20250510,봉천,성수,5,3
20250510,봉천,성수,6,1
20250510,봉천,성수,7,2
20250510,봉천,성수,8,6
20250510,봉천,성수,9,18
20250510,봉천,성수,10,10
20250510,봉천,성수,11,12
20250510,봉천,성수,12,16
20250510,봉천,성수,13,6
20250510,봉천,성수,14,8
20250510,봉천,성수,15,9
20250510,봉천,성수,16,12
20250510,봉천,성수,17,6
20250510,봉천,성수,18,2
20250510,봉천,성수,20,3
20250510,봉천,성수,21,3
20250510,봉천,시청,6,2
20250510,봉천,시청,7,4
20250510,봉천,시청,8,5
20250510,봉천,시청,9,8
20250510,봉천,시청,10,7
20250510,봉천,시청,11,6
20250510,봉천,시청,12,2
20250510,봉천,시청,13,8
20250510,봉천,시청,14,5
20250510,봉천,시청,15,6
20250510,봉천,시청,16,3
20250510,봉천,시청,19,3
20250510,봉천,신당,5,1
20250510,봉천,신당,7,4
20250510,봉천,신당,8,2
20250510,봉천,신당,9,1
20250510,봉천,신당,10,3
20250510,봉천,신당,11,2
20250510,봉천,신당,12,2
20250510,봉천,신당,13,3
20250510,봉천,신당,14,4
20250510,봉천,신당,15,2
20250510,봉천,신당,17,3
20250510,봉천,신당,19,1
20250510,봉천,신당,21,1
20250510,봉천,신대방,5,3
20250510,봉천,신대방,6,2
20250510,봉천,신대방,7,8
20250510,봉천,신대방,8,15
20250510,봉천,신대방,9,22
20250510,봉천,신대방,10,21
20250510,봉천,신대방,11,28
20250510,봉천,신대방,12,23
20250510,봉천,신대방,13,23
20250510,봉천,신대방,14,26
20250510,봉천,신대방,15,17
20250510,봉천,신대방,16,24
20250510,봉천,신대방,17,26
20250510,봉천,신대방,18,11
20250510,봉천,신대방,19,18
20250510,봉천,신대방,20,17
20250510,봉천,신대방,21,16
20250510,봉천,신대방,22,11
20250510,봉천,신대방,23,6
20250510,봉천,신도림,5,6
20250510,봉천,신도림,6,9
20250510,봉천,신도림,7,11
20250510,봉천,신도림,8,25
20250510,봉천,신도림,9,21
20250510,봉천,신도림,10,30
20250510,봉천,신도림,11,38
20250510,봉천,신도림,12,40
20250510,봉천,신도림,13,31
20250510,봉천,신도림,14,26
20250510,봉천,신도림,15,22
20250510,봉천,신도림,16,26
20250510,봉천,신도림,17,28
20250510,봉천,신도림,18,16
20250510,봉천,신도림,19,12
20250510,봉천,신도림,20,16
20250510,봉천,신도림,21,9
20250510,봉천,신도림,22,13
20250510,봉천,신도림,23,6
20250510,봉천,신림,5,11
20250510,봉천,신림,6,15
20250510,봉천,신림,7,11
20250510,봉천,신림,8,24
20250510,봉천,신림,9,54
20250510,봉천,신림,10,55
20250510,봉천,신림,11,76
20250510,봉천,신림,12,84
20250510,봉천,신림,13,103
20250510,봉천,신림,14,75
20250510,봉천,신림,15,76
20250510,봉천,신림,16,78
20250510,봉천,신림,17,87
20250510,봉천,신림,18,65
20250510,봉천,신림,19,68
20250510,봉천,신림,20,38
20250510,봉천,신림,21,31
20250510,봉천,신림,22,24
20250510,봉천,신림,23,11
20250510,봉천,신촌,5,4
20250510,봉천,신촌,6,5
20250510,봉천,신촌,7,3
20250510,봉천,신촌,8,12
20250510,봉천,신촌,9,17
20250510,봉천,신촌,10,12
20250510,봉천,신촌,11,13
20250510,봉천,신촌,12,14
20250510,봉천,신촌,13,21
20250510,봉천,신촌,14,17
20250510,봉천,신촌,15,12
20250510,봉천,신촌,16,9
20250510,봉천,신촌,17,5
20250510,봉천,신촌,18,5
20250510,봉천,신촌,19,10
20250510,봉천,신촌,20,3
20250510,봉천,신촌,21,4
20250510,봉천,신촌,22,2
20250510,봉천,아현,5,1
20250510,봉천,아현,7,1
20250510,봉천,아현,8,1
20250510,봉천,아현,9,3
20250510,봉천,아현,10,1
20250510,봉천,아현,11,3
20250510,봉천,아현,12,3
20250510,봉천,아현,13,1
20250510,봉천,아현,15,2
20250510,봉천,아현,16,2
20250510,봉천,아현,17,2
20250510,봉천,아현,20,2
20250510,봉천,아현,21,2
20250510,봉천,아현,22,1
20250510,봉천,역삼,5,10
20250510,봉천,역삼,6,12
20250510,봉천,역삼,7,25
20250510,봉천,역삼,8,49
20250510,봉천,역삼,9,49
20250510,봉천,역삼,10,25
20250510,봉천,역삼,11,22
20250510,봉천,역삼,12,21
20250510,봉천,역삼,13,15
20250510,봉천,역삼,14,20
20250510,봉천,역삼,15,10
20250510,봉천,역삼,16,8
20250510,봉천,역삼,17,8
20250510,봉천,역삼,18,7
20250510,봉천,역삼,19,6
20250510,봉천,역삼,20,4
20250510,봉천,역삼,21,5
20250510,봉천,역삼,22,4
20250510,봉천,역삼,23,3
20250510,봉천,영등포구청,5,6
20250510,봉천,영등포구청,6,5
20250510,봉천,영등포구청,7,5
20250510,봉천,영등포구청,8,17
20250510,봉천,영등포구청,9,11
20250510,봉천,영등포구청,10,14
20250510,봉천,영등포구청,11,8
20250510,봉천,영등포구청,12,13
20250510,봉천,영등포구청,13,11
20250510,봉천,영등포구청,14,8
20250510,봉천,영등포구청,15,12
20250510,봉천,영등포구청,16,9
20250510,봉천,영등포구청,17,5
20250510,봉천,영등포구청,18,3
20250510,봉천,영등포구청,19,4
20250510,봉천,영등포구청,20,1
20250510,봉천,영등포구청,21,3
20250510,봉천,영등포구청,22,1
20250510,봉천,영등포구청,23,2
20250510,봉천,왕십리(성동구청),7,3
20250510,봉천,왕십리(성동구청),8,3
20250510,봉천,왕십리(성동구청),10,4
20250510,봉천,왕십리(성동구청),11,3
20250510,봉천,왕십리(성동구청),13,3
20250510,봉천,왕십리(성동구청),15,2
20250510,봉천,왕십리(성동구청),16,5
20250510,봉천,왕십리(성동구청),17,2
20250510,봉천,왕십리(성동구청),18,3
20250510,봉천,왕십리(성동구청),19,1
20250510,봉천,용두(동대문구청),15,1
20250510,봉천,을지로3가,5,3
20250510,봉천,을지로3가,7,2
20250510,봉천,을지로3가,8,3
20250510,봉천,을지로3가,9,5
20250510,봉천,을지로3가,10,3
20250510,봉천,을지로3가,11,3
20250510,봉천,을지로3가,12,9
20250510,봉천,을지로3가,13,5
20250510,봉천,을지로3가,14,3
20250510,봉천,을지로3가,15,5
20250510,봉천,을지로3가,16,5
20250510,봉천,을지로3가,17,4
20250510,봉천,을지로3가,19,2
20250510,봉천,을지로3가,22,1
20250510,봉천,을지로4가,5,1
20250510,봉천,을지로4가,6,3
20250510,봉천,을지로4가,7,6
20250510,봉천,을지로4가,8,6
20250510,봉천,을지로4가,9,5
20250510,봉천,을지로4가,10,1
20250510,봉천,을지로4가,11,5
20250510,봉천,을지로4가,12,5
20250510,봉천,을지로4가,13,3
20250510,봉천,을지로4가,14,6
20250510,봉천,을지로4가,15,1
20250510,봉천,을지로4가,16,1
20250510,봉천,을지로4가,21,1
20250510,봉천,을지로입구,5,2
20250510,봉천,을지로입구,6,2
20250510,봉천,을지로입구,7,6
20250510,봉천,을지로입구,8,13
20250510,봉천,을지로입구,9,8
20250510,봉천,을지로입구,10,8
20250510,봉천,을지로입구,11,14
20250510,봉천,을지로입구,12,9
20250510,봉천,을지로입구,13,5
20250510,봉천,을지로입구,14,4
20250510,봉천,을지로입구,15,4
20250510,봉천,을지로입구,16,5
20250510,봉천,을지로입구,17,7
20250510,봉천,이대,5,1
20250510,봉천,이대,6,2
20250510,봉천,이대,7,4
20250510,봉천,이대,8,5
20250510,봉천,이대,9,7
20250510,봉천,이대,10,2
20250510,봉천,이대,11,8
20250510,봉천,이대,12,3
20250510,봉천,이대,13,5
20250510,봉천,이대,14,5
20250510,봉천,이대,15,7
20250510,봉천,이대,16,5
20250510,봉천,이대,17,2
20250510,봉천,이대,18,4
20250510,봉천,이대,19,4
20250510,봉천,이대,20,4
20250510,봉천,이대,21,1
20250510,봉천,이대,22,2
20250510,봉천,잠실(송파구청),5,12
20250510,봉천,잠실(송파구청),6,21
20250510,봉천,잠실(송파구청),7,22
20250510,봉천,잠실(송파구청),8,47
20250510,봉천,잠실(송파구청),9,45
20250510,봉천,잠실(송파구청),10,34
20250510,봉천,잠실(송파구청),11,43
20250510,봉천,잠실(송파구청),12,39
20250510,봉천,잠실(송파구청),13,51
20250510,봉천,잠실(송파구청),14,38
20250510,봉천,잠실(송파구청),15,30
20250510,봉천,잠실(송파구청),16,43
20250510,봉천,잠실(송파구청),17,27
20250510,봉천,잠실(송파구청),18,22
20250510,봉천,잠실(송파구청),19,19
20250510,봉천,잠실(송파구청),20,12
20250510,봉천,잠실(송파구청),21,9
20250510,봉천,잠실(송파구청),22,7
20250510,봉천,잠실(송파구청),23,3
20250510,봉천,잠실나루,5,4
20250510,봉천,잠실나루,6,4
20250510,봉천,잠실나루,7,2
20250510,봉천,잠실나루,8,2
20250510,봉천,잠실나루,9,1
20250510,봉천,잠실나루,10,2
20250510,봉천,잠실나루,11,4
20250510,봉천,잠실나루,12,2
20250510,봉천,잠실나루,13,4
20250510,봉천,잠실나루,14,2
20250510,봉천,잠실나루,15,3
20250510,봉천,잠실나루,16,1
20250510,봉천,잠실나루,17,1
20250510,봉천,잠실나루,19,3
20250510,봉천,잠실나루,20,3
20250510,봉천,잠실나루,21,1
20250510,봉천,잠실새내,6,3
20250510,봉천,잠실새내,7,3
20250510,봉천,잠실새내,8,14
20250510,봉천,잠실새내,9,7
20250510,봉천,잠실새내,10,7
20250510,봉천,잠실새내,11,7
20250510,봉천,잠실새내,12,8
20250510,봉천,잠실새내,13,11
20250510,봉천,잠실새내,14,8
20250510,봉천,잠실새내,15,4
20250510,봉천,잠실새내,16,12
20250510,봉천,잠실새내,17,6
20250510,봉천,잠실새내,18,1
20250510,봉천,잠실새내,19,6
20250510,봉천,잠실새내,20,6
20250510,봉천,잠실새내,21,1
20250510,봉천,잠실새내,22,3
20250510,봉천,종합운동장,6,5
20250510,봉천,종합운동장,7,3
20250510,봉천,종합운동장,8,3
20250510,봉천,종합운동장,9,5
20250510,봉천,종합운동장,10,4
20250510,봉천,종합운동장,11,3
20250510,봉천,종합운동장,12,5
20250510,봉천,종합운동장,13,5
20250510,봉천,종합운동장,14,7
20250510,봉천,종합운동장,15,21
20250510,봉천,종합운동장,16,16
20250510,봉천,종합운동장,17,5
20250510,봉천,종합운동장,18,5
20250510,봉천,종합운동장,19,3
20250510,봉천,종합운동장,20,3
20250510,봉천,종합운동장,21,2
20250510,봉천,종합운동장,22,2
20250510,봉천,충정로(경기대입구),5,1
20250510,봉천,충정로(경기대입구),6,1
20250510,봉천,충정로(경기대입구),7,3
20250510,봉천,충정로(경기대입구),8,2
20250510,봉천,충정로(경기대입구),9,1
20250510,봉천,충정로(경기대입구),11,1
20250510,봉천,충정로(경기대입구),12,3
20250510,봉천,충정로(경기대입구),13,2
20250510,봉천,충정로(경기대입구),14,1
20250510,봉천,충정로(경기대입구),15,2
20250510,봉천,충정로(경기대입구),16,1
20250510,봉천,충정로(경기대입구),17,2
20250510,봉천,충정로(경기대입구),18,1
20250510,봉천,충정로(경기대입구),21,1
20250510,봉천,충정로(경기대입구),23,1
20250510,봉천,한양대,5,1
20250510,봉천,한양대,7,1
20250510,봉천,한양대,8,3
20250510,봉천,한양대,9,4
20250510,봉천,한양대,12,3
20250510,봉천,한양대,13,3
20250510,봉천,한양대,14,2
20250510,봉천,한양대,16,2
20250510,봉천,한양대,18,1
20250510,봉천,한양대,21,1
20250510,봉천,한양대,22,1
20250510,봉천,합정,6,5
20250510,봉천,합정,7,6
20250510,봉천,합정,8,18
20250510,봉천,합정,9,14
20250510,봉천,합정,10,21
20250510,봉천,합정,11,21
20250510,봉천,합정,12,33
20250510,봉천,합정,13,26
20250510,봉천,합정,14,16
20250510,봉천,합정,15,27
20250510,봉천,합정,16,33
20250510,봉천,합정,17,25
20250510,봉천,합정,18,14
20250510,봉천,합정,19,12
20250510,봉천,합정,20,10
20250510,봉천,합정,21,6
20250510,봉천,합정,22,15
20250510,봉천,합정,23,12
20250510,봉천,홍대입구,5,3
20250510,봉천,홍대입구,6,5
20250510,봉천,홍대입구,7,8
20250510,봉천,홍대입구,8,24
20250510,봉천,홍대입구,9,25
20250510,봉천,홍대입구,10,27
20250510,봉천,홍대입구,11,52
20250510,봉천,홍대입구,12,50
20250510,봉천,홍대입구,13,43
20250510,봉천,홍대입구,14,49
20250510,봉천,홍대입구,15,47
20250510,봉천,홍대입구,16,47
20250510,봉천,홍대입구,17,40
20250510,봉천,홍대입구,18,29
20250510,봉천,홍대입구,19,21
20250510,봉천,홍대입구,20,19
20250510,봉천,홍대입구,21,15
20250510,봉천,홍대입구,22,3
20250510,봉천,홍대입구,23,10
20250510,사당,강남,5,16
20250510,사당,강남,6,27
20250510,사당,강남,7,40
20250510,사당,강남,8,124
20250510,사당,강남,9,189
20250510,사당,강남,10,102
20250510,사당,강남,11,113
20250510,사당,강남,12,117
20250510,사당,강남,13,152
20250510,사당,강남,14,128
20250510,사당,강남,15,104
20250510,사당,강남,16,136
20250510,사당,강남,17,117
20250510,사당,강남,18,80
20250510,사당,강남,19,66
20250510,사당,강남,20,83
20250510,사당,강남,21,76
20250510,사당,강남,22,72
20250510,사당,강남,23,45
20250510,사당,강변(동서울터미널),5,7
20250510,사당,강변(동서울터미널),6,8
20250510,사당,강변(동서울터미널),7,12
20250510,사당,강변(동서울터미널),8,9
20250510,사당,강변(동서울터미널),9,10
20250510,사당,강변(동서울터미널),10,14
20250510,사당,강변(동서울터미널),11,18
20250510,사당,강변(동서울터미널),12,9
20250510,사당,강변(동서울터미널),13,12
20250510,사당,강변(동서울터미널),14,15
20250510,사당,강변(동서울터미널),15,20
20250510,사당,강변(동서울터미널),16,12
20250510,사당,강변(동서울터미널),17,10
20250510,사당,강변(동서울터미널),18,13
20250510,사당,강변(동서울터미널),19,18
20250510,사당,강변(동서울터미널),20,16
20250510,사당,강변(동서울터미널),21,19
20250510,사당,강변(동서울터미널),22,8
20250510,사당,강변(동서울터미널),23,9
20250510,사당,건대입구,6,3
20250510,사당,건대입구,7,4
20250510,사당,건대입구,8,7
20250510,사당,건대입구,9,8
20250510,사당,건대입구,10,7
20250510,사당,건대입구,11,10
20250510,사당,건대입구,12,7
20250510,사당,건대입구,13,16
20250510,사당,건대입구,14,14
20250510,사당,건대입구,15,18
20250510,사당,건대입구,16,13
20250510,사당,건대입구,17,14
20250510,사당,건대입구,18,15
20250510,사당,건대입구,19,16
20250510,사당,건대입구,20,11
20250510,사당,건대입구,21,18
20250510,사당,건대입구,22,21
20250510,사당,건대입구,23,9
20250510,사당,교대(법원.검찰청),5,10
20250510,사당,교대(법원.검찰청),6,17
20250510,사당,교대(법원.검찰청),7,22
20250510,사당,교대(법원.검찰청),8,35
20250510,사당,교대(법원.검찰청),9,52
20250510,사당,교대(법원.검찰청),10,36
20250510,사당,교대(법원.검찰청),11,34
20250510,사당,교대(법원.검찰청),12,38
20250510,사당,교대(법원.검찰청),13,25
20250510,사당,교대(법원.검찰청),14,42
20250510,사당,교대(법원.검찰청),15,22
20250510,사당,교대(법원.검찰청),16,22
20250510,사당,교대(법원.검찰청),17,32
20250510,사당,교대(법원.검찰청),18,24
20250510,사당,교대(법원.검찰청),19,20
20250510,사당,교대(법원.검찰청),20,21
20250510,사당,교대(법원.검찰청),21,22
20250510,사당,교대(법원.검찰청),22,14
20250510,사당,교대(법원.검찰청),23,6
20250510,사당,구로디지털단지,5,3
20250510,사당,구로디지털단지,6,8
20250510,사당,구로디지털단지,7,26
20250510,사당,구로디지털단지,8,19
20250510,사당,구로디지털단지,9,38
20250510,사당,구로디지털단지,10,26
20250510,사당,구로디지털단지,11,23
20250510,사당,구로디지털단지,12,45
20250510,사당,구로디지털단지,13,59
20250510,사당,구로디지털단지,14,59
20250510,사당,구로디지털단지,15,51
20250510,사당,구로디지털단지,16,58
20250510,사당,구로디지털단지,17,61
20250510,사당,구로디지털단지,18,81
20250510,사당,구로디지털단지,19,55
20250510,사당,구로디지털단지,20,63
20250510,사당,구로디지털단지,21,80
20250510,사당,구로디지털단지,22,68
20250510,사당,구로디지털단지,23,48
20250510,사당,구의(광진구청),5,5
20250510,사당,구의(광진구청),6,4
20250510,사당,구의(광진구청),7,1
20250510,사당,구의(광진구청),8,6
20250510,사당,구의(광진구청),9,2
20250510,사당,구의(광진구청),10,4
20250510,사당,구의(광진구청),11,5
20250510,사당,구의(광진구청),12,3
20250510,사당,구의(광진구청),13,7
20250510,사당,구의(광진구청),14,13
20250510,사당,구의(광진구청),15,11
20250510,사당,구의(광진구청),16,15
20250510,사당,구의(광진구청),17,14
20250510,사당,구의(광진구청),18,15
20250510,사당,구의(광진구청),19,14
20250510,사당,구의(광진구청),20,14
20250510,사당,구의(광진구청),21,26
20250510,사당,구의(광진구청),22,11
20250510,사당,구의(광진구청),23,10
20250510,사당,낙성대,5,2
20250510,사당,낙성대,6,12
20250510,사당,낙성대,7,16
20250510,사당,낙성대,8,33
20250510,사당,낙성대,9,41
20250510,사당,낙성대,10,46
20250510,사당,낙성대,11,50
20250510,사당,낙성대,12,63
20250510,사당,낙성대,13,66
20250510,사당,낙성대,14,91
20250510,사당,낙성대,15,62
20250510,사당,낙성대,16,77
20250510,사당,낙성대,17,64
20250510,사당,낙성대,18,98
20250510,사당,낙성대,19,75
20250510,사당,낙성대,20,92
20250510,사당,낙성대,21,88
20250510,사당,낙성대,22,75
20250510,사당,낙성대,23,57
20250510,사당,당산,5,3
20250510,사당,당산,6,6
20250510,사당,당산,7,5
20250510,사당,당산,8,14
20250510,사당,당산,9,12
20250510,사당,당산,10,12
20250510,사당,당산,11,13
20250510,사당,당산,12,13
20250510,사당,당산,13,6
20250510,사당,당산,14,14
20250510,사당,당산,15,23
20250510,사당,당산,16,22
20250510,사당,당산,17,17
20250510,사당,당산,18,27
20250510,사당,당산,19,19
20250510,사당,당산,20,27
20250510,사당,당산,21,33
20250510,사당,당산,22,27
20250510,사당,당산,23,21
20250510,사당,대림(구로구청),5,2
20250510,사당,대림(구로구청),6,6
20250510,사당,대림(구로구청),7,10
20250510,사당,대림(구로구청),8,15
20250510,사당,대림(구로구청),9,20
20250510,사당,대림(구로구청),10,21
20250510,사당,대림(구로구청),11,25
20250510,사당,대림(구로구청),12,25
20250510,사당,대림(구로구청),13,20
20250510,사당,대림(구로구청),14,23
20250510,사당,대림(구로구청),15,43
20250510,사당,대림(구로구청),16,24
20250510,사당,대림(구로구청),17,24
20250510,사당,대림(구로구청),18,32
20250510,사당,대림(구로구청),19,22
20250510,사당,대림(구로구청),20,38
20250510,사당,대림(구로구청),21,60
20250510,사당,대림(구로구청),22,35
20250510,사당,대림(구로구청),23,12
20250510,사당,동대문역사문화공원,6,1
20250510,사당,동대문역사문화공원,7,1
20250510,사당,동대문역사문화공원,10,2
20250510,사당,동대문역사문화공원,11,2
20250510,사당,동대문역사문화공원,13,2
20250510,사당,동대문역사문화공원,16,1
20250510,사당,동대문역사문화공원,17,3
20250510,사당,동대문역사문화공원,19,2
20250510,사당,동대문역사문화공원,22,1
20250510,사당,동대문역사문화공원,23,3
20250510,사당,뚝섬,6,1
20250510,사당,뚝섬,7,2
20250510,사당,뚝섬,8,2
20250510,사당,뚝섬,9,9
20250510,사당,뚝섬,10,6
20250510,사당,뚝섬,11,14
20250510,사당,뚝섬,12,8
20250510,사당,뚝섬,13,2
20250510,사당,뚝섬,14,5
20250510,사당,뚝섬,15,10
20250510,사당,뚝섬,16,4
20250510,사당,뚝섬,17,3
20250510,사당,뚝섬,18,3
20250510,사당,뚝섬,19,2
20250510,사당,뚝섬,20,2
20250510,사당,뚝섬,21,3
20250510,사당,뚝섬,22,1
20250510,사당,뚝섬,23,3
20250510,사당,문래,5,1
20250510,사당,문래,6,5
20250510,사당,문래,7,7
20250510,사당,문래,8,6
20250510,사당,문래,9,9
20250510,사당,문래,10,14
20250510,사당,문래,11,14
20250510,사당,문래,12,23
20250510,사당,문래,13,24
20250510,사당,문래,14,28
20250510,사당,문래,15,29
20250510,사당,문래,16,22
20250510,사당,문래,17,13
20250510,사당,문래,18,31
20250510,사당,문래,19,20
20250510,사당,문래,20,13
20250510,사당,문래,21,13
20250510,사당,문래,22,10
20250510,사당,문래,23,7
20250510,사당,방배,5,7
20250510,사당,방배,6,7
20250510,사당,방배,7,10
20250510,사당,방배,8,29
20250510,사당,방배,9,43
20250510,사당,방배,10,25
20250510,사당,방배,11,36
20250510,사당,방배,12,40
20250510,사당,방배,13,43
20250510,사당,방배,14,46
20250510,사당,방배,15,39
20250510,사당,방배,16,33
20250510,사당,방배,17,38
20250510,사당,방배,18,31
20250510,사당,방배,19,17
20250510,사당,방배,20,31
20250510,사당,방배,21,53
20250510,사당,방배,22,23
20250510,사당,방배,23,18
20250510,사당,봉천,5,2
20250510,사당,봉천,6,12
20250510,사당,봉천,7,13
20250510,사당,봉천,8,15
20250510,사당,봉천,9,28
20250510,사당,봉천,10,22
20250510,사당,봉천,11,31
20250510,사당,봉천,12,30
20250510,사당,봉천,13,44
20250510,사당,봉천,14,55
20250510,사당,봉천,15,45
20250510,사당,봉천,16,43
20250510,사당,봉천,17,45
20250510,사당,봉천,18,58
20250510,사당,봉천,19,45
20250510,사당,봉천,20,52
20250510,사당,봉천,21,43
20250510,사당,봉천,22,58
20250510,사당,봉천,23,28
20250510,사당,사당,0,1
20250510,사당,사당,5,7
20250510,사당,사당,6,5
20250510,사당,사당,7,12
20250510,사당,사당,8,12
20250510,사당,사당,9,11
20250510,사당,사당,10,28
20250510,사당,사당,11,31
20250510,사당,사당,12,38
20250510,사당,사당,13,43
20250510,사당,사당,14,59
20250510,사당,사당,15,51
20250510,사당,사당,16,48
20250510,사당,사당,17,53
20250510,사당,사당,18,50
20250510,사당,사당,19,40
20250510,사당,사당,20,53
20250510,사당,사당,21,45
20250510,사당,사당,22,54
20250510,사당,사당,23,44
20250510,사당,삼성(무역센터),5,14
20250510,사당,삼성(무역센터),6,16
20250510,사당,삼성(무역센터),7,29
20250510,사당,삼성(무역센터),8,49
20250510,사당,삼성(무역센터),9,77
20250510,사당,삼성(무역센터),10,67
20250510,사당,삼성(무역센터),11,86
20250510,사당,삼성(무역센터),12,78
20250510,사당,삼성(무역센터),13,56
20250510,사당,삼성(무역센터),14,77
20250510,사당,삼성(무역센터),15,58
20250510,사당,삼성(무역센터),16,30
20250510,사당,삼성(무역센터),17,31
20250510,사당,삼성(무역센터),18,23
20250510,사당,삼성(무역센터),19,16
20250510,사당,삼성(무역센터),20,11
20250510,사당,삼성(무역센터),21,9
20250510,사당,삼성(무역센터),22,10
20250510,사당,삼성(무역센터),23,27
20250510,사당,상왕십리,7,2
20250510,사당,상왕십리,8,2
20250510,사당,상왕십리,9,1
20250510,사당,상왕십리,11,1
20250510,사당,상왕십리,12,1
20250510,사당,상왕십리,13,3
20250510,사당,상왕십리,14,1
20250510,사당,상왕십리,15,2
20250510,사당,상왕십리,16,1
20250510,사당,상왕십리,17,1
20250510,사당,상왕십리,18,1
20250510,사당,상왕십리,19,1
20250510,사당,상왕십리,20,3
20250510,사당,상왕십리,21,8
20250510,사당,상왕십리,23,1
20250510,사당,서울대입구(관악구청),5,4
20250510,사당,서울대입구(관악구청),6,13
20250510,사당,서울대입구(관악구청),7,36
20250510,사당,서울대입구(관악구청),8,42
20250510,사당,서울대입구(관악구청),9,82
20250510,사당,서울대입구(관악구청),10,62
20250510,사당,서울대입구(관악구청),11,63
20250510,사당,서울대입구(관악구청),12,74
20250510,사당,서울대입구(관악구청),13,88
20250510,사당,서울대입구(관악구청),14,109
20250510,사당,서울대입구(관악구청),15,104
20250510,사당,서울대입구(관악구청),16,124
20250510,사당,서울대입구(관악구청),17,149
20250510,사당,서울대입구(관악구청),18,119
20250510,사당,서울대입구(관악구청),19,117
20250510,사당,서울대입구(관악구청),20,130
20250510,사당,서울대입구(관악구청),21,128
20250510,사당,서울대입구(관악구청),22,136
20250510,사당,서울대입구(관악구청),23,109
20250510,사당,서초,5,14
20250510,사당,서초,6,25
20250510,사당,서초,7,14
20250510,사당,서초,8,20
20250510,사당,서초,9,18
20250510,사당,서초,10,15
20250510,사당,서초,11,23
20250510,사당,서초,12,18
20250510,사당,서초,13,30
20250510,사당,서초,14,55
20250510,사당,서초,15,41
20250510,사당,서초,16,24
20250510,사당,서초,17,18
20250510,사당,서초,18,21
20250510,사당,서초,19,14
20250510,사당,서초,20,23
20250510,사당,서초,21,15
20250510,사당,서초,22,19
20250510,사당,서초,23,8
20250510,사당,선릉,5,13
20250510,사당,선릉,6,14
20250510,사당,선릉,7,35
20250510,사당,선릉,8,26
20250510,사당,선릉,9,63
20250510,사당,선릉,10,47
20250510,사당,선릉,11,51
20250510,사당,선릉,12,52
20250510,사당,선릉,13,57
20250510,사당,선릉,14,38
20250510,사당,선릉,15,43
20250510,사당,선릉,16,29
20250510,사당,선릉,17,38
20250510,사당,선릉,18,22
20250510,사당,선릉,19,23
20250510,사당,선릉,20,24
20250510,사당,선릉,21,16
20250510,사당,선릉,22,20
20250510,사당,선릉,23,17
20250510,사당,성수,5,4
20250510,사당,성수,6,1
20250510,사당,성수,7,5
20250510,사당,성수,8,7
20250510,사당,성수,9,11
20250510,사당,성수,10,28
20250510,사당,성수,11,27
20250510,사당,성수,12,17
20250510,사당,성수,13,24
20250510,사당,성수,14,12
20250510,사당,성수,15,33
20250510,사당,성수,16,23
20250510,사당,성수,17,8
20250510,사당,성수,18,11
20250510,사당,성수,19,4
20250510,사당,성수,20,13
20250510,사당,성수,21,5
20250510,사당,성수,22,4
20250510,사당,성수,23,8
20250510,사당,시청,5,1
20250510,사당,시청,7,1
20250510,사당,시청,13,1
20250510,사당,시청,14,2
20250510,사당,시청,15,1
20250510,사당,시청,16,1
20250510,사당,시청,17,3
20250510,사당,시청,19,1
20250510,사당,신당,11,1
20250510,사당,신당,12,2
20250510,사당,신당,13,4
20250510,사당,신당,14,5
20250510,사당,신당,15,7
20250510,사당,신당,16,4
20250510,사당,신당,17,6
20250510,사당,신당,18,4
20250510,사당,신당,19,2
20250510,사당,신당,20,1
20250510,사당,신당,21,3
20250510,사당,신당,22,1
20250510,사당,신대방,5,3
20250510,사당,신대방,6,8
20250510,사당,신대방,7,9
20250510,사당,신대방,8,13
20250510,사당,신대방,9,21
20250510,사당,신대방,10,13
20250510,사당,신대방,11,30
20250510,사당,신대방,12,15
20250510,사당,신대방,13,30
20250510,사당,신대방,14,24
20250510,사당,신대방,15,34
20250510,사당,신대방,16,43
20250510,사당,신대방,17,29
20250510,사당,신대방,18,63
20250510,사당,신대방,19,45
20250510,사당,신대방,20,53
20250510,사당,신대방,21,62
20250510,사당,신대방,22,50
20250510,사당,신대방,23,21
20250510,사당,신도림,5,2
20250510,사당,신도림,6,7
20250510,사당,신도림,7,16
20250510,사당,신도림,8,32
20250510,사당,신도림,9,27
20250510,사당,신도림,10,22
20250510,사당,신도림,11,45
20250510,사당,신도림,12,62
20250510,사당,신도림,13,37
20250510,사당,신도림,14,48
20250510,사당,신도림,15,53
20250510,사당,신도림,16,58
20250510,사당,신도림,17,41
20250510,사당,신도림,18,42
20250510,사당,신도림,19,34
20250510,사당,신도림,20,45
20250510,사당,신도림,21,62
20250510,사당,신도림,22,39
20250510,사당,신도림,23,61
20250510,사당,신림,5,10
20250510,사당,신림,6,28
20250510,사당,신림,7,34
20250510,사당,신림,8,33
20250510,사당,신림,9,71
20250510,사당,신림,10,54
20250510,사당,신림,11,65
20250510,사당,신림,12,75
20250510,사당,신림,13,83
20250510,사당,신림,14,117
20250510,사당,신림,15,104
20250510,사당,신림,16,111
20250510,사당,신림,17,105
20250510,사당,신림,18,147
20250510,사당,신림,19,146
20250510,사당,신림,20,144
20250510,사당,신림,21,170
20250510,사당,신림,22,147
20250510,사당,신림,23,113
20250510,사당,신촌,5,2
20250510,사당,신촌,6,3
20250510,사당,신촌,7,12
20250510,사당,신촌,8,23
20250510,사당,신촌,9,34
20250510,사당,신촌,10,24
20250510,사당,신촌,11,37
20250510,사당,신촌,12,19
20250510,사당,신촌,13,17
20250510,사당,신촌,14,35
20250510,사당,신촌,15,27
20250510,사당,신촌,16,31
20250510,사당,신촌,17,21
20250510,사당,신촌,18,16
20250510,사당,신촌,19,15
20250510,사당,신촌,20,11
20250510,사당,신촌,21,14
20250510,사당,신촌,22,20
20250510,사당,신촌,23,11
20250510,사당,아현,5,1
20250510,사당,아현,6,1
20250510,사당,아현,7,2
20250510,사당,아현,8,2
20250510,사당,아현,9,6
20250510,사당,아현,10,1
20250510,사당,아현,12,2
20250510,사당,아현,13,2
20250510,사당,아현,14,4
20250510,사당,아현,15,3
20250510,사당,아현,16,5
20250510,사당,아현,18,4
20250510,사당,아현,19,6
20250510,사당,아현,20,2
20250510,사당,아현,21,7
20250510,사당,아현,22,6
20250510,사당,아현,23,2
20250510,사당,역삼,5,18
20250510,사당,역삼,6,11
20250510,사당,역삼,7,19
20250510,사당,역삼,8,35
20250510,사당,역삼,9,42
20250510,사당,역삼,10,46
20250510,사당,역삼,11,29
20250510,사당,역삼,12,31
20250510,사당,역삼,13,46
20250510,사당,역삼,14,28
20250510,사당,역삼,15,40
20250510,사당,역삼,16,31
20250510,사당,역삼,17,32
20250510,사당,역삼,18,24
20250510,사당,역삼,19,14
20250510,사당,역삼,20,23
20250510,사당,역삼,21,17
20250510,사당,역삼,22,25
20250510,사당,역삼,23,11
20250510,사당,영등포구청,5,1
20250510,사당,영등포구청,6,5
20250510,사당,영등포구청,7,10
20250510,사당,영등포구청,8,8
20250510,사당,영등포구청,9,14
20250510,사당,영등포구청,10,12
20250510,사당,영등포구청,11,13
20250510,사당,영등포구청,12,29
20250510,사당,영등포구청,13,18
20250510,사당,영등포구청,14,18
20250510,사당,영등포구청,15,15
20250510,사당,영등포구청,16,24
20250510,사당,영등포구청,17,23
20250510,사당,영등포구청,18,12
20250510,사당,영등포구청,19,13
20250510,사당,영등포구청,20,17
20250510,사당,영등포구청,21,24
20250510,사당,영등포구청,22,23
20250510,사당,영등포구청,23,9
20250510,사당,왕십리(성동구청),6,1
20250510,사당,왕십리(성동구청),7,1
20250510,사당,왕십리(성동구청),8,1
20250510,사당,왕십리(성동구청),9,1
20250510,사당,왕십리(성동구청),10,1
20250510,사당,왕십리(성동구청),12,1
20250510,사당,왕십리(성동구청),13,1
20250510,사당,왕십리(성동구청),14,1
20250510,사당,왕십리(성동구청),15,4
20250510,사당,왕십리(성동구청),16,4
20250510,사당,왕십리(성동구청),17,2
20250510,사당,왕십리(성동구청),18,4
20250510,사당,왕십리(성동구청),19,5
20250510,사당,왕십리(성동구청),21,4
20250510,사당,왕십리(성동구청),22,3
20250510,사당,용두(동대문구청),12,1
20250510,사당,용두(동대문구청),18,1
20250510,사당,용두(동대문구청),19,2
20250510,사당,용두(동대문구청),21,1
20250510,사당,을지로3가,8,2
20250510,사당,을지로3가,11,1
20250510,사당,을지로3가,15,1
20250510,사당,을지로3가,16,1
20250510,사당,을지로3가,17,1
20250510,사당,을지로3가,18,1
20250510,사당,을지로3가,19,1
20250510,사당,을지로4가,7,1
20250510,사당,을지로4가,10,1
20250510,사당,을지로4가,11,1
20250510,사당,을지로4가,13,2
20250510,사당,을지로4가,14,3
20250510,사당,을지로4가,15,3
20250510,사당,을지로4가,16,1
20250510,사당,을지로4가,18,1
20250510,사당,을지로입구,6,1
20250510,사당,을지로입구,7,1
20250510,사당,을지로입구,8,3
20250510,사당,을지로입구,9,2
20250510,사당,을지로입구,11,2
20250510,사당,을지로입구,13,2
20250510,사당,을지로입구,14,6
20250510,사당,을지로입구,15,1
20250510,사당,을지로입구,16,4
20250510,사당,을지로입구,18,2
20250510,사당,을지로입구,22,1
20250510,사당,이대,5,1
20250510,사당,이대,6,2
20250510,사당,이대,7,4
20250510,사당,이대,8,6
20250510,사당,이대,9,8
20250510,사당,이대,10,9
20250510,사당,이대,11,13
20250510,사당,이대,12,14
20250510,사당,이대,13,17
20250510,사당,이대,14,8
20250510,사당,이대,15,14
20250510,사당,이대,16,10
20250510,사당,이대,17,9
20250510,사당,이대,18,3
20250510,사당,이대,19,11
20250510,사당,이대,20,12
20250510,사당,이대,21,13
20250510,사당,이대,22,13
20250510,사당,잠실(송파구청),5,12
20250510,사당,잠실(송파구청),6,42
20250510,사당,잠실(송파구청),7,25
20250510,사당,잠실(송파구청),8,43
20250510,사당,잠실(송파구청),9,84
20250510,사당,잠실(송파구청),10,55
20250510,사당,잠실(송파구청),11,83
20250510,사당,잠실(송파구청),12,81
20250510,사당,잠실(송파구청),13,88
20250510,사당,잠실(송파구청),14,114
20250510,사당,잠실(송파구청),15,95
20250510,사당,잠실(송파구청),16,106
20250510,사당,잠실(송파구청),17,63
20250510,사당,잠실(송파구청),18,73
20250510,사당,잠실(송파구청),19,75
20250510,사당,잠실(송파구청),20,73
20250510,사당,잠실(송파구청),21,65
20250510,사당,잠실(송파구청),22,85
20250510,사당,잠실(송파구청),23,50
20250510,사당,잠실나루,5,3
20250510,사당,잠실나루,7,5
20250510,사당,잠실나루,8,3
20250510,사당,잠실나루,9,4
20250510,사당,잠실나루,10,1
20250510,사당,잠실나루,11,2
20250510,사당,잠실나루,12,7
20250510,사당,잠실나루,13,5
20250510,사당,잠실나루,14,6
20250510,사당,잠실나루,15,10
20250510,사당,잠실나루,16,4
20250510,사당,잠실나루,17,2
20250510,사당,잠실나루,18,9
20250510,사당,잠실나루,19,5
20250510,사당,잠실나루,20,8
20250510,사당,잠실나루,21,12
20250510,사당,잠실나루,22,5
20250510,사당,잠실나루,23,4
20250510,사당,잠실새내,5,4
20250510,사당,잠실새내,6,2
20250510,사당,잠실새내,7,3
20250510,사당,잠실새내,8,12
20250510,사당,잠실새내,9,15
20250510,사당,잠실새내,10,12
20250510,사당,잠실새내,11,15
20250510,사당,잠실새내,12,21
20250510,사당,잠실새내,13,25
20250510,사당,잠실새내,14,28
20250510,사당,잠실새내,15,26
20250510,사당,잠실새내,16,14
20250510,사당,잠실새내,17,21
20250510,사당,잠실새내,18,18
20250510,사당,잠실새내,19,13
20250510,사당,잠실새내,20,18
20250510,사당,잠실새내,21,32
20250510,사당,잠실새내,22,17
20250510,사당,잠실새내,23,11
20250510,사당,종합운동장,5,4
20250510,사당,종합운동장,6,9
20250510,사당,종합운동장,7,5
20250510,사당,종합운동장,8,6
20250510,사당,종합운동장,9,10
20250510,사당,종합운동장,10,9
20250510,사당,종합운동장,11,5
20250510,사당,종합운동장,12,6
20250510,사당,종합운동장,13,10
20250510,사당,종합운동장,14,32
20250510,사당,종합운동장,15,68
20250510,사당,종합운동장,16,86
20250510,사당,종합운동장,17,14
20250510,사당,종합운동장,18,8
20250510,사당,종합운동장,19,5
20250510,사당,종합운동장,20,13
20250510,사당,종합운동장,21,14
20250510,사당,종합운동장,22,5
20250510,사당,종합운동장,23,8
20250510,사당,충정로(경기대입구),10,1
20250510,사당,충정로(경기대입구),11,1
20250510,사당,충정로(경기대입구),12,1
20250510,사당,충정로(경기대입구),13,3
20250510,사당,충정로(경기대입구),16,6
20250510,사당,충정로(경기대입구),17,1
20250510,사당,충정로(경기대입구),18,3
20250510,사당,충정로(경기대입구),19,1
20250510,사당,충정로(경기대입구),20,1
20250510,사당,충정로(경기대입구),22,4
20250510,사당,충정로(경기대입구),23,1
20250510,사당,한양대,7,4
20250510,사당,한양대,8,8
20250510,사당,한양대,9,3
20250510,사당,한양대,10,1
20250510,사당,한양대,11,2
20250510,사당,한양대,12,3
20250510,사당,한양대,13,5
20250510,사당,한양대,14,3
20250510,사당,한양대,15,1
20250510,사당,한양대,16,1
20250510,사당,한양대,17,3
20250510,사당,한양대,18,1
20250510,사당,한양대,20,1
20250510,사당,한양대,21,3
20250510,사당,합정,5,6
20250510,사당,합정,6,6
20250510,사당,합정,7,9
20250510,사당,합정,8,11
20250510,사당,합정,9,14
20250510,사당,합정,10,37
20250510,사당,합정,11,43
20250510,사당,합정,12,50
20250510,사당,합정,13,42
20250510,사당,합정,14,29
20250510,사당,합정,15,45
20250510,사당,합정,16,47
20250510,사당,합정,17,44
20250510,사당,합정,18,39
20250510,사당,합정,19,18
20250510,사당,합정,20,26
20250510,사당,합정,21,23
20250510,사당,합정,22,32
20250510,사당,합정,23,12
20250510,사당,홍대입구,5,4
20250510,사당,홍대입구,6,9
20250510,사당,홍대입구,7,13
20250510,사당,홍대입구,8,17
20250510,사당,홍대입구,9,48
20250510,사당,홍대입구,10,62
20250510,사당,홍대입구,11,105
20250510,사당,홍대입구,12,112
20250510,사당,홍대입구,13,90
20250510,사당,홍대입구,14,114
20250510,사당,홍대입구,15,85
20250510,사당,홍대입구,16,113
20250510,사당,홍대입구,17,86
20250510,사당,홍대입구,18,56
20250510,사당,홍대입구,19,37
20250510,사당,홍대입구,20,29
20250510,사당,홍대입구,21,45
20250510,사당,홍대입구,22,45
20250510,사당,홍대입구,23,32
20250510,삼성(무역센터),강남,5,5
20250510,삼성(무역센터),강남,6,4
20250510,삼성(무역센터),강남,7,7
20250510,삼성(무역센터),강남,8,25
20250510,삼성(무역센터),강남,9,58
20250510,삼성(무역센터),강남,10,43
20250510,삼성(무역센터),강남,11,86
20250510,삼성(무역센터),강남,12,114
20250510,삼성(무역센터),강남,13,146
20250510,삼성(무역센터),강남,14,162
20250510,삼성(무역센터),강남,15,215
20250510,삼성(무역센터),강남,16,268
20250510,삼성(무역센터),강남,17,324
20250510,삼성(무역센터),강남,18,206
20250510,삼성(무역센터),강남,19,199
20250510,삼성(무역센터),강남,20,194
20250510,삼성(무역센터),강남,21,153
20250510,삼성(무역센터),강남,22,56
20250510,삼성(무역센터),강남,23,18
20250510,삼성(무역센터),강변(동서울터미널),5,3
20250510,삼성(무역센터),강변(동서울터미널),6,7
20250510,삼성(무역센터),강변(동서울터미널),7,6
20250510,삼성(무역센터),강변(동서울터미널),8,6
20250510,삼성(무역센터),강변(동서울터미널),9,14
20250510,삼성(무역센터),강변(동서울터미널),10,15
20250510,삼성(무역센터),강변(동서울터미널),11,27
20250510,삼성(무역센터),강변(동서울터미널),12,20
20250510,삼성(무역센터),강변(동서울터미널),13,47
20250510,삼성(무역센터),강변(동서울터미널),14,45
20250510,삼성(무역센터),강변(동서울터미널),15,76
20250510,삼성(무역센터),강변(동서울터미널),16,94
20250510,삼성(무역센터),강변(동서울터미널),17,107
20250510,삼성(무역센터),강변(동서울터미널),18,64
20250510,삼성(무역센터),강변(동서울터미널),19,59
20250510,삼성(무역센터),강변(동서울터미널),20,65
20250510,삼성(무역센터),강변(동서울터미널),21,44
20250510,삼성(무역센터),강변(동서울터미널),22,36
20250510,삼성(무역센터),강변(동서울터미널),23,6
20250510,삼성(무역센터),건대입구,5,1
20250510,삼성(무역센터),건대입구,6,1
20250510,삼성(무역센터),건대입구,7,1
20250510,삼성(무역센터),건대입구,8,4
20250510,삼성(무역센터),건대입구,10,10
20250510,삼성(무역센터),건대입구,11,19
20250510,삼성(무역센터),건대입구,12,22
20250510,삼성(무역센터),건대입구,13,34
20250510,삼성(무역센터),건대입구,14,29
20250510,삼성(무역센터),건대입구,15,59
20250510,삼성(무역센터),건대입구,16,78
20250510,삼성(무역센터),건대입구,17,72
20250510,삼성(무역센터),건대입구,18,57
20250510,삼성(무역센터),건대입구,19,58
20250510,삼성(무역센터),건대입구,20,62
20250510,삼성(무역센터),건대입구,21,64
20250510,삼성(무역센터),건대입구,22,40
20250510,삼성(무역센터),건대입구,23,4
20250510,삼성(무역센터),교대(법원.검찰청),5,4
20250510,삼성(무역센터),교대(법원.검찰청),6,3
20250510,삼성(무역센터),교대(법원.검찰청),7,4
20250510,삼성(무역센터),교대(법원.검찰청),8,9
20250510,삼성(무역센터),교대(법원.검찰청),9,8
20250510,삼성(무역센터),교대(법원.검찰청),10,8
20250510,삼성(무역센터),교대(법원.검찰청),11,21
20250510,삼성(무역센터),교대(법원.검찰청),12,32
20250510,삼성(무역센터),교대(법원.검찰청),13,27
20250510,삼성(무역센터),교대(법원.검찰청),14,43
20250510,삼성(무역센터),교대(법원.검찰청),15,45
20250510,삼성(무역센터),교대(법원.검찰청),16,42
20250510,삼성(무역센터),교대(법원.검찰청),17,65
20250510,삼성(무역센터),교대(법원.검찰청),18,59
20250510,삼성(무역센터),교대(법원.검찰청),19,53
20250510,삼성(무역센터),교대(법원.검찰청),20,30
20250510,삼성(무역센터),교대(법원.검찰청),21,45
20250510,삼성(무역센터),교대(법원.검찰청),22,23
20250510,삼성(무역센터),교대(법원.검찰청),23,5
20250510,삼성(무역센터),구로디지털단지,5,6
20250510,삼성(무역센터),구로디지털단지,6,5
20250510,삼성(무역센터),구로디지털단지,7,9
20250510,삼성(무역센터),구로디지털단지,8,8
20250510,삼성(무역센터),구로디지털단지,9,4
20250510,삼성(무역센터),구로디지털단지,10,12
20250510,삼성(무역센터),구로디지털단지,11,12
20250510,삼성(무역센터),구로디지털단지,12,25
20250510,삼성(무역센터),구로디지털단지,13,26
20250510,삼성(무역센터),구로디지털단지,14,39
20250510,삼성(무역센터),구로디지털단지,15,53
20250510,삼성(무역센터),구로디지털단지,16,70
20250510,삼성(무역센터),구로디지털단지,17,63
20250510,삼성(무역센터),구로디지털단지,18,49
20250510,삼성(무역센터),구로디지털단지,19,52
20250510,삼성(무역센터),구로디지털단지,20,65
20250510,삼성(무역센터),구로디지털단지,21,56
20250510,삼성(무역센터),구로디지털단지,22,43
20250510,삼성(무역센터),구로디지털단지,23,9
20250510,삼성(무역센터),구의(광진구청),5,3
20250510,삼성(무역센터),구의(광진구청),6,4
20250510,삼성(무역센터),구의(광진구청),7,3
20250510,삼성(무역센터),구의(광진구청),8,3
20250510,삼성(무역센터),구의(광진구청),9,5
20250510,삼성(무역센터),구의(광진구청),10,10
20250510,삼성(무역센터),구의(광진구청),11,13
20250510,삼성(무역센터),구의(광진구청),12,20
20250510,삼성(무역센터),구의(광진구청),13,27
20250510,삼성(무역센터),구의(광진구청),14,41
20250510,삼성(무역센터),구의(광진구청),15,42
20250510,삼성(무역센터),구의(광진구청),16,67
20250510,삼성(무역센터),구의(광진구청),17,73
20250510,삼성(무역센터),구의(광진구청),18,40
20250510,삼성(무역센터),구의(광진구청),19,60
20250510,삼성(무역센터),구의(광진구청),20,45
20250510,삼성(무역센터),구의(광진구청),21,71
20250510,삼성(무역센터),구의(광진구청),22,43
20250510,삼성(무역센터),구의(광진구청),23,7
20250510,삼성(무역센터),낙성대,5,6
20250510,삼성(무역센터),낙성대,6,4
20250510,삼성(무역센터),낙성대,7,5
20250510,삼성(무역센터),낙성대,8,8
20250510,삼성(무역센터),낙성대,9,8
20250510,삼성(무역센터),낙성대,10,4
20250510,삼성(무역센터),낙성대,11,5
20250510,삼성(무역센터),낙성대,12,22
20250510,삼성(무역센터),낙성대,13,25
20250510,삼성(무역센터),낙성대,14,22
20250510,삼성(무역센터),낙성대,15,37
20250510,삼성(무역센터),낙성대,16,37
20250510,삼성(무역센터),낙성대,17,42
20250510,삼성(무역센터),낙성대,18,37
20250510,삼성(무역센터),낙성대,19,42
20250510,삼성(무역센터),낙성대,20,27
20250510,삼성(무역센터),낙성대,21,48
20250510,삼성(무역센터),낙성대,22,32
20250510,삼성(무역센터),낙성대,23,12
20250510,삼성(무역센터),당산,9,2
20250510,삼성(무역센터),당산,10,2
20250510,삼성(무역센터),당산,12,3
20250510,삼성(무역센터),당산,13,2
20250510,삼성(무역센터),당산,14,9
20250510,삼성(무역센터),당산,15,14
20250510,삼성(무역센터),당산,16,14
20250510,삼성(무역센터),당산,17,6
20250510,삼성(무역센터),당산,18,2
20250510,삼성(무역센터),당산,19,5
20250510,삼성(무역센터),당산,20,11
20250510,삼성(무역센터),당산,21,10
20250510,삼성(무역센터),당산,22,2
20250510,삼성(무역센터),당산,23,2
20250510,삼성(무역센터),대림(구로구청),5,1
20250510,삼성(무역센터),대림(구로구청),6,3
20250510,삼성(무역센터),대림(구로구청),7,4
20250510,삼성(무역센터),대림(구로구청),8,3
20250510,삼성(무역센터),대림(구로구청),9,2
20250510,삼성(무역센터),대림(구로구청),10,1
20250510,삼성(무역센터),대림(구로구청),11,4
20250510,삼성(무역센터),대림(구로구청),12,7
20250510,삼성(무역센터),대림(구로구청),13,10
20250510,삼성(무역센터),대림(구로구청),14,17
20250510,삼성(무역센터),대림(구로구청),15,23
20250510,삼성(무역센터),대림(구로구청),16,31
20250510,삼성(무역센터),대림(구로구청),17,20
20250510,삼성(무역센터),대림(구로구청),18,18
20250510,삼성(무역센터),대림(구로구청),19,25
20250510,삼성(무역센터),대림(구로구청),20,51
20250510,삼성(무역센터),대림(구로구청),21,43
20250510,삼성(무역센터),대림(구로구청),22,8
20250510,삼성(무역센터),대림(구로구청),23,4
20250510,삼성(무역센터),동대문역사문화공원,6,2
20250510,삼성(무역센터),동대문역사문화공원,7,2
20250510,삼성(무역센터),동대문역사문화공원,8,2
20250510,삼성(무역센터),동대문역사문화공원,9,1
20250510,삼성(무역센터),동대문역사문화공원,10,9
20250510,삼성(무역센터),동대문역사문화공원,11,11
20250510,삼성(무역센터),동대문역사문화공원,12,22
20250510,삼성(무역센터),동대문역사문화공원,13,16
20250510,삼성(무역센터),동대문역사문화공원,14,17
20250510,삼성(무역센터),동대문역사문화공원,15,24
20250510,삼성(무역센터),동대문역사문화공원,16,60
20250510,삼성(무역센터),동대문역사문화공원,17,16
20250510,삼성(무역센터),동대문역사문화공원,18,25
20250510,삼성(무역센터),동대문역사문화공원,19,25
20250510,삼성(무역센터),동대문역사문화공원,20,14
20250510,삼성(무역센터),동대문역사문화공원,21,22
20250510,삼성(무역센터),동대문역사문화공원,22,14
20250510,삼성(무역센터),동대문역사문화공원,23,2
20250510,삼성(무역센터),뚝섬,7,4
20250510,삼성(무역센터),뚝섬,8,1
20250510,삼성(무역센터),뚝섬,10,4
20250510,삼성(무역센터),뚝섬,11,9
20250510,삼성(무역센터),뚝섬,12,10
20250510,삼성(무역센터),뚝섬,13,16
20250510,삼성(무역센터),뚝섬,14,17
20250510,삼성(무역센터),뚝섬,15,17
20250510,삼성(무역센터),뚝섬,16,28
20250510,삼성(무역센터),뚝섬,17,12
20250510,삼성(무역센터),뚝섬,18,13
20250510,삼성(무역센터),뚝섬,19,15
20250510,삼성(무역센터),뚝섬,20,18
20250510,삼성(무역센터),뚝섬,21,14
20250510,삼성(무역센터),뚝섬,22,3
20250510,삼성(무역센터),문래,7,4
20250510,삼성(무역센터),문래,8,1
20250510,삼성(무역센터),문래,9,1
20250510,삼성(무역센터),문래,10,5
20250510,삼성(무역센터),문래,11,1
20250510,삼성(무역센터),문래,12,5
20250510,삼성(무역센터),문래,13,8
20250510,삼성(무역센터),문래,14,17
20250510,삼성(무역센터),문래,15,18
20250510,삼성(무역센터),문래,16,14
20250510,삼성(무역센터),문래,17,14
20250510,삼성(무역센터),문래,18,13
20250510,삼성(무역센터),문래,19,5
20250510,삼성(무역센터),문래,20,10
20250510,삼성(무역센터),문래,21,1
20250510,삼성(무역센터),문래,22,3
20250510,삼성(무역센터),문래,23,1
20250510,삼성(무역센터),방배,6,4
20250510,삼성(무역센터),방배,7,2
20250510,삼성(무역센터),방배,8,3
20250510,삼성(무역센터),방배,9,2
20250510,삼성(무역센터),방배,10,6
20250510,삼성(무역센터),방배,11,7
20250510,삼성(무역센터),방배,12,29
20250510,삼성(무역센터),방배,13,27
20250510,삼성(무역센터),방배,14,19
20250510,삼성(무역센터),방배,15,31
20250510,삼성(무역센터),방배,16,42
20250510,삼성(무역센터),방배,17,25
20250510,삼성(무역센터),방배,18,27
20250510,삼성(무역센터),방배,19,20
20250510,삼성(무역센터),방배,20,24
20250510,삼성(무역센터),방배,21,23
20250510,삼성(무역센터),방배,22,15
20250510,삼성(무역센터),방배,23,1
20250510,삼성(무역센터),봉천,5,2
20250510,삼성(무역센터),봉천,6,2
20250510,삼성(무역센터),봉천,7,5
20250510,삼성(무역센터),봉천,8,1
20250510,삼성(무역센터),봉천,9,6
20250510,삼성(무역센터),봉천,10,3
20250510,삼성(무역센터),봉천,11,9
20250510,삼성(무역센터),봉천,12,14
20250510,삼성(무역센터),봉천,13,17
20250510,삼성(무역센터),봉천,14,14
20250510,삼성(무역센터),봉천,15,17
20250510,삼성(무역센터),봉천,16,27
20250510,삼성(무역센터),봉천,17,38
20250510,삼성(무역센터),봉천,18,35
20250510,삼성(무역센터),봉천,19,26
20250510,삼성(무역센터),봉천,20,45
20250510,삼성(무역센터),봉천,21,48
20250510,삼성(무역센터),봉천,22,26
20250510,삼성(무역센터),봉천,23,8
20250510,삼성(무역센터),사당,4,1
20250510,삼성(무역센터),사당,5,13
20250510,삼성(무역센터),사당,6,6
20250510,삼성(무역센터),사당,7,6
20250510,삼성(무역센터),사당,8,5
20250510,삼성(무역센터),사당,9,15
20250510,삼성(무역센터),사당,10,21
20250510,삼성(무역센터),사당,11,38
20250510,삼성(무역센터),사당,12,49
20250510,삼성(무역센터),사당,13,54
20250510,삼성(무역센터),사당,14,112
20250510,삼성(무역센터),사당,15,138
20250510,삼성(무역센터),사당,16,188
20250510,삼성(무역센터),사당,17,156
20250510,삼성(무역센터),사당,18,156
20250510,삼성(무역센터),사당,19,123
20250510,삼성(무역센터),사당,20,128
20250510,삼성(무역센터),사당,21,96
20250510,삼성(무역센터),사당,22,66
20250510,삼성(무역센터),사당,23,17
20250510,삼성(무역센터),삼성(무역센터),5,2
20250510,삼성(무역센터),삼성(무역센터),7,1
20250510,삼성(무역센터),삼성(무역센터),8,4
20250510,삼성(무역센터),삼성(무역센터),9,7
20250510,삼성(무역센터),삼성(무역센터),10,6
20250510,삼성(무역센터),삼성(무역센터),11,8
20250510,삼성(무역센터),삼성(무역센터),12,12
20250510,삼성(무역센터),삼성(무역센터),13,27
20250510,삼성(무역센터),삼성(무역센터),14,26
20250510,삼성(무역센터),삼성(무역센터),15,13
20250510,삼성(무역센터),삼성(무역센터),16,29
20250510,삼성(무역센터),삼성(무역센터),17,24
20250510,삼성(무역센터),삼성(무역센터),18,27
20250510,삼성(무역센터),삼성(무역센터),19,16
20250510,삼성(무역센터),삼성(무역센터),20,23
20250510,삼성(무역센터),삼성(무역센터),21,19
20250510,삼성(무역센터),삼성(무역센터),22,6
20250510,삼성(무역센터),삼성(무역센터),23,10
20250510,삼성(무역센터),상왕십리,6,2
20250510,삼성(무역센터),상왕십리,8,2
20250510,삼성(무역센터),상왕십리,9,3
20250510,삼성(무역센터),상왕십리,10,3
20250510,삼성(무역센터),상왕십리,11,3
20250510,삼성(무역센터),상왕십리,12,5
20250510,삼성(무역센터),상왕십리,13,16
20250510,삼성(무역센터),상왕십리,14,4
20250510,삼성(무역센터),상왕십리,15,20
20250510,삼성(무역센터),상왕십리,16,15
20250510,삼성(무역센터),상왕십리,17,12
20250510,삼성(무역센터),상왕십리,18,16
20250510,삼성(무역센터),상왕십리,19,16
20250510,삼성(무역센터),상왕십리,20,12
20250510,삼성(무역센터),상왕십리,21,12
20250510,삼성(무역센터),상왕십리,22,15
20250510,삼성(무역센터),상왕십리,23,1
20250510,삼성(무역센터),서울대입구(관악구청),5,5
20250510,삼성(무역센터),서울대입구(관악구청),6,5
20250510,삼성(무역센터),서울대입구(관악구청),7,10
20250510,삼성(무역센터),서울대입구(관악구청),8,9
20250510,삼성(무역센터),서울대입구(관악구청),9,12
20250510,삼성(무역센터),서울대입구(관악구청),10,14
20250510,삼성(무역센터),서울대입구(관악구청),11,28
20250510,삼성(무역센터),서울대입구(관악구청),12,21
20250510,삼성(무역센터),서울대입구(관악구청),13,50
20250510,삼성(무역센터),서울대입구(관악구청),14,50
20250510,삼성(무역센터),서울대입구(관악구청),15,82
20250510,삼성(무역센터),서울대입구(관악구청),16,86
20250510,삼성(무역센터),서울대입구(관악구청),17,98
20250510,삼성(무역센터),서울대입구(관악구청),18,82
20250510,삼성(무역센터),서울대입구(관악구청),19,76
20250510,삼성(무역센터),서울대입구(관악구청),20,82
20250510,삼성(무역센터),서울대입구(관악구청),21,104
20250510,삼성(무역센터),서울대입구(관악구청),22,59
20250510,삼성(무역센터),서울대입구(관악구청),23,30
20250510,삼성(무역센터),서초,5,4
20250510,삼성(무역센터),서초,6,1
20250510,삼성(무역센터),서초,7,3
20250510,삼성(무역센터),서초,8,3
20250510,삼성(무역센터),서초,9,5
20250510,삼성(무역센터),서초,10,4
20250510,삼성(무역센터),서초,11,9
20250510,삼성(무역센터),서초,12,9
20250510,삼성(무역센터),서초,13,13
20250510,삼성(무역센터),서초,14,38
20250510,삼성(무역센터),서초,15,32
20250510,삼성(무역센터),서초,16,45
20250510,삼성(무역센터),서초,17,22
20250510,삼성(무역센터),서초,18,27
20250510,삼성(무역센터),서초,19,25
20250510,삼성(무역센터),서초,20,9
20250510,삼성(무역센터),서초,21,22
20250510,삼성(무역센터),서초,22,15
20250510,삼성(무역센터),서초,23,5
20250510,삼성(무역센터),선릉,6,1
20250510,삼성(무역센터),선릉,7,7
20250510,삼성(무역센터),선릉,8,4
20250510,삼성(무역센터),선릉,9,12
20250510,삼성(무역센터),선릉,10,21
20250510,삼성(무역센터),선릉,11,34
20250510,삼성(무역센터),선릉,12,46
20250510,삼성(무역센터),선릉,13,61
20250510,삼성(무역센터),선릉,14,69
20250510,삼성(무역센터),선릉,15,59
20250510,삼성(무역센터),선릉,16,78
20250510,삼성(무역센터),선릉,17,97
20250510,삼성(무역센터),선릉,18,92
20250510,삼성(무역센터),선릉,19,55
20250510,삼성(무역센터),선릉,20,42
20250510,삼성(무역센터),선릉,21,49
20250510,삼성(무역센터),선릉,22,14
20250510,삼성(무역센터),선릉,23,6
20250510,삼성(무역센터),성수,5,5
20250510,삼성(무역센터),성수,7,2
20250510,삼성(무역센터),성수,8,4
20250510,삼성(무역센터),성수,9,9
20250510,삼성(무역센터),성수,10,16
20250510,삼성(무역센터),성수,11,28
20250510,삼성(무역센터),성수,12,39
20250510,삼성(무역센터),성수,13,63
20250510,삼성(무역센터),성수,14,120
20250510,삼성(무역센터),성수,15,120
20250510,삼성(무역센터),성수,16,91
20250510,삼성(무역센터),성수,17,73
20250510,삼성(무역센터),성수,18,59
20250510,삼성(무역센터),성수,19,20
20250510,삼성(무역센터),성수,20,25
20250510,삼성(무역센터),성수,21,11
20250510,삼성(무역센터),성수,23,1
20250510,삼성(무역센터),시청,8,1
20250510,삼성(무역센터),시청,9,7
20250510,삼성(무역센터),시청,10,6
20250510,삼성(무역센터),시청,11,2
20250510,삼성(무역센터),시청,12,3
20250510,삼성(무역센터),시청,13,9
20250510,삼성(무역센터),시청,14,15
20250510,삼성(무역센터),시청,15,15
20250510,삼성(무역센터),시청,16,12
20250510,삼성(무역센터),시청,17,9
20250510,삼성(무역센터),시청,18,3
20250510,삼성(무역센터),시청,19,7
20250510,삼성(무역센터),시청,20,18
20250510,삼성(무역센터),시청,21,14
20250510,삼성(무역센터),시청,22,3
20250510,삼성(무역센터),시청,23,3
20250510,삼성(무역센터),신당,5,1
20250510,삼성(무역센터),신당,6,2
20250510,삼성(무역센터),신당,7,1
20250510,삼성(무역센터),신당,8,1
20250510,삼성(무역센터),신당,10,2
20250510,삼성(무역센터),신당,11,8
20250510,삼성(무역센터),신당,12,7
20250510,삼성(무역센터),신당,13,10
20250510,삼성(무역센터),신당,14,10
20250510,삼성(무역센터),신당,15,16
20250510,삼성(무역센터),신당,16,23
20250510,삼성(무역센터),신당,17,29
20250510,삼성(무역센터),신당,18,16
20250510,삼성(무역센터),신당,19,15
20250510,삼성(무역센터),신당,20,17
20250510,삼성(무역센터),신당,21,10
20250510,삼성(무역센터),신당,22,7
20250510,삼성(무역센터),신대방,5,2
20250510,삼성(무역센터),신대방,6,3
20250510,삼성(무역센터),신대방,7,7
20250510,삼성(무역센터),신대방,8,5
20250510,삼성(무역센터),신대방,9,4
20250510,삼성(무역센터),신대방,10,5
20250510,삼성(무역센터),신대방,11,8
20250510,삼성(무역센터),신대방,12,4
20250510,삼성(무역센터),신대방,13,11
20250510,삼성(무역센터),신대방,14,17
20250510,삼성(무역센터),신대방,15,17
20250510,삼성(무역센터),신대방,16,32
20250510,삼성(무역센터),신대방,17,27
20250510,삼성(무역센터),신대방,18,25
20250510,삼성(무역센터),신대방,19,37
20250510,삼성(무역센터),신대방,20,42
20250510,삼성(무역센터),신대방,21,51
20250510,삼성(무역센터),신대방,22,24
20250510,삼성(무역센터),신대방,23,6
20250510,삼성(무역센터),신도림,5,4
20250510,삼성(무역센터),신도림,6,2
20250510,삼성(무역센터),신도림,7,4
20250510,삼성(무역센터),신도림,8,6
20250510,삼성(무역센터),신도림,9,4
20250510,삼성(무역센터),신도림,10,7
20250510,삼성(무역센터),신도림,11,12
20250510,삼성(무역센터),신도림,12,21
20250510,삼성(무역센터),신도림,13,29
20250510,삼성(무역센터),신도림,14,46
20250510,삼성(무역센터),신도림,15,35
20250510,삼성(무역센터),신도림,16,67
20250510,삼성(무역센터),신도림,17,46
20250510,삼성(무역센터),신도림,18,30
20250510,삼성(무역센터),신도림,19,41
20250510,삼성(무역센터),신도림,20,24
20250510,삼성(무역센터),신도림,21,41
20250510,삼성(무역센터),신도림,22,30
20250510,삼성(무역센터),신도림,23,11
20250510,삼성(무역센터),신림,5,6
20250510,삼성(무역센터),신림,6,7
20250510,삼성(무역센터),신림,7,11
20250510,삼성(무역센터),신림,8,14
20250510,삼성(무역센터),신림,9,11
20250510,삼성(무역센터),신림,10,10
20250510,삼성(무역센터),신림,11,21
20250510,삼성(무역센터),신림,12,34
20250510,삼성(무역센터),신림,13,33
20250510,삼성(무역센터),신림,14,39
20250510,삼성(무역센터),신림,15,58
20250510,삼성(무역센터),신림,16,118
20250510,삼성(무역센터),신림,17,106
20250510,삼성(무역센터),신림,18,84
20250510,삼성(무역센터),신림,19,99
20250510,삼성(무역센터),신림,20,121
20250510,삼성(무역센터),신림,21,109
20250510,삼성(무역센터),신림,22,83
20250510,삼성(무역센터),신림,23,17
20250510,삼성(무역센터),신촌,6,1
20250510,삼성(무역센터),신촌,8,6
20250510,삼성(무역센터),신촌,9,2
20250510,삼성(무역센터),신촌,10,4
20250510,삼성(무역센터),신촌,11,14
20250510,삼성(무역센터),신촌,12,16
20250510,삼성(무역센터),신촌,13,15
20250510,삼성(무역센터),신촌,14,17
20250510,삼성(무역센터),신촌,15,22
20250510,삼성(무역센터),신촌,16,25
20250510,삼성(무역센터),신촌,17,28
20250510,삼성(무역센터),신촌,18,20
20250510,삼성(무역센터),신촌,19,17
20250510,삼성(무역센터),신촌,20,20
20250510,삼성(무역센터),신촌,21,29
20250510,삼성(무역센터),신촌,22,10
20250510,삼성(무역센터),신촌,23,3
20250510,삼성(무역센터),아현,8,2
20250510,삼성(무역센터),아현,10,1
20250510,삼성(무역센터),아현,11,1
20250510,삼성(무역센터),아현,12,6
20250510,삼성(무역센터),아현,13,5
20250510,삼성(무역센터),아현,14,8
20250510,삼성(무역센터),아현,15,9
20250510,삼성(무역센터),아현,16,10
20250510,삼성(무역센터),아현,17,8
20250510,삼성(무역센터),아현,18,8
20250510,삼성(무역센터),아현,19,5
20250510,삼성(무역센터),아현,20,11
20250510,삼성(무역센터),아현,21,7
20250510,삼성(무역센터),아현,22,7
20250510,삼성(무역센터),역삼,5,1
20250510,삼성(무역센터),역삼,6,5
20250510,삼성(무역센터),역삼,7,8
20250510,삼성(무역센터),역삼,8,7
20250510,삼성(무역센터),역삼,9,16
20250510,삼성(무역센터),역삼,10,10
20250510,삼성(무역센터),역삼,11,17
20250510,삼성(무역센터),역삼,12,46
20250510,삼성(무역센터),역삼,13,52
20250510,삼성(무역센터),역삼,14,70
20250510,삼성(무역센터),역삼,15,52
20250510,삼성(무역센터),역삼,16,83
20250510,삼성(무역센터),역삼,17,69
20250510,삼성(무역센터),역삼,18,45
20250510,삼성(무역센터),역삼,19,41
20250510,삼성(무역센터),역삼,20,36
20250510,삼성(무역센터),역삼,21,34
20250510,삼성(무역센터),역삼,22,14
20250510,삼성(무역센터),역삼,23,4
20250510,삼성(무역센터),영등포구청,10,1
20250510,삼성(무역센터),영등포구청,11,2
20250510,삼성(무역센터),영등포구청,12,3
20250510,삼성(무역센터),영등포구청,13,9
20250510,삼성(무역센터),영등포구청,14,9
20250510,삼성(무역센터),영등포구청,15,22
20250510,삼성(무역센터),영등포구청,16,11
20250510,삼성(무역센터),영등포구청,17,7
20250510,삼성(무역센터),영등포구청,18,2
20250510,삼성(무역센터),영등포구청,19,2
20250510,삼성(무역센터),영등포구청,20,6
20250510,삼성(무역센터),영등포구청,21,5
20250510,삼성(무역센터),영등포구청,22,7
20250510,삼성(무역센터),영등포구청,23,2
20250510,삼성(무역센터),왕십리(성동구청),7,1
20250510,삼성(무역센터),왕십리(성동구청),8,1
20250510,삼성(무역센터),왕십리(성동구청),9,1
20250510,삼성(무역센터),왕십리(성동구청),10,4
20250510,삼성(무역센터),왕십리(성동구청),11,4
20250510,삼성(무역센터),왕십리(성동구청),12,8
20250510,삼성(무역센터),왕십리(성동구청),13,8
20250510,삼성(무역센터),왕십리(성동구청),14,6
20250510,삼성(무역센터),왕십리(성동구청),15,10
20250510,삼성(무역센터),왕십리(성동구청),16,15
20250510,삼성(무역센터),왕십리(성동구청),17,15
20250510,삼성(무역센터),왕십리(성동구청),18,9
20250510,삼성(무역센터),왕십리(성동구청),19,8
20250510,삼성(무역센터),왕십리(성동구청),20,6
20250510,삼성(무역센터),왕십리(성동구청),21,8
20250510,삼성(무역센터),왕십리(성동구청),22,9
20250510,삼성(무역센터),왕십리(성동구청),23,2
20250510,삼성(무역센터),용두(동대문구청),6,1
20250510,삼성(무역센터),용두(동대문구청),7,2
20250510,삼성(무역센터),용두(동대문구청),9,1
20250510,삼성(무역센터),용두(동대문구청),11,3
20250510,삼성(무역센터),용두(동대문구청),12,5
20250510,삼성(무역센터),용두(동대문구청),14,11
20250510,삼성(무역센터),용두(동대문구청),15,10
20250510,삼성(무역센터),용두(동대문구청),16,13
20250510,삼성(무역센터),용두(동대문구청),17,11
20250510,삼성(무역센터),용두(동대문구청),18,6
20250510,삼성(무역센터),용두(동대문구청),19,8
20250510,삼성(무역센터),용두(동대문구청),20,4
20250510,삼성(무역센터),용두(동대문구청),21,10
20250510,삼성(무역센터),용두(동대문구청),22,1
20250510,삼성(무역센터),을지로3가,9,1
20250510,삼성(무역센터),을지로3가,11,1
20250510,삼성(무역센터),을지로3가,12,7
20250510,삼성(무역센터),을지로3가,13,7
20250510,삼성(무역센터),을지로3가,14,16
20250510,삼성(무역센터),을지로3가,15,19
20250510,삼성(무역센터),을지로3가,16,28
20250510,삼성(무역센터),을지로3가,17,21
20250510,삼성(무역센터),을지로3가,18,17
20250510,삼성(무역센터),을지로3가,19,18
20250510,삼성(무역센터),을지로3가,20,7
20250510,삼성(무역센터),을지로3가,21,6
20250510,삼성(무역센터),을지로3가,22,5
20250510,삼성(무역센터),을지로4가,8,1
20250510,삼성(무역센터),을지로4가,11,2
20250510,삼성(무역센터),을지로4가,12,10
20250510,삼성(무역센터),을지로4가,13,12
20250510,삼성(무역센터),을지로4가,14,23
20250510,삼성(무역센터),을지로4가,15,28
20250510,삼성(무역센터),을지로4가,16,19
20250510,삼성(무역센터),을지로4가,17,11
20250510,삼성(무역센터),을지로4가,18,16
20250510,삼성(무역센터),을지로4가,19,10
20250510,삼성(무역센터),을지로4가,20,8
20250510,삼성(무역센터),을지로4가,21,9
20250510,삼성(무역센터),을지로4가,22,4
20250510,삼성(무역센터),을지로입구,6,3
20250510,삼성(무역센터),을지로입구,7,2
20250510,삼성(무역센터),을지로입구,8,5
20250510,삼성(무역센터),을지로입구,9,11
20250510,삼성(무역센터),을지로입구,10,3
20250510,삼성(무역센터),을지로입구,11,7
20250510,삼성(무역센터),을지로입구,12,21
20250510,삼성(무역센터),을지로입구,13,15
20250510,삼성(무역센터),을지로입구,14,21
20250510,삼성(무역센터),을지로입구,15,74
20250510,삼성(무역센터),을지로입구,16,54
20250510,삼성(무역센터),을지로입구,17,30
20250510,삼성(무역센터),을지로입구,18,46
20250510,삼성(무역센터),을지로입구,19,29
20250510,삼성(무역센터),을지로입구,20,18
20250510,삼성(무역센터),을지로입구,21,12
20250510,삼성(무역센터),을지로입구,22,2
20250510,삼성(무역센터),을지로입구,23,2
20250510,삼성(무역센터),이대,7,2
20250510,삼성(무역센터),이대,9,3
20250510,삼성(무역센터),이대,11,2
20250510,삼성(무역센터),이대,12,2
20250510,삼성(무역센터),이대,13,7
20250510,삼성(무역센터),이대,14,13
20250510,삼성(무역센터),이대,15,13
20250510,삼성(무역센터),이대,16,11
20250510,삼성(무역센터),이대,17,4
20250510,삼성(무역센터),이대,18,5
20250510,삼성(무역센터),이대,19,9
20250510,삼성(무역센터),이대,20,14
20250510,삼성(무역센터),이대,21,17
20250510,삼성(무역센터),이대,22,5
20250510,삼성(무역센터),잠실(송파구청),4,1
20250510,삼성(무역센터),잠실(송파구청),5,6
20250510,삼성(무역센터),잠실(송파구청),6,8
20250510,삼성(무역센터),잠실(송파구청),7,16
20250510,삼성(무역센터),잠실(송파구청),8,25
20250510,삼성(무역센터),잠실(송파구청),9,25
20250510,삼성(무역센터),잠실(송파구청),10,80
20250510,삼성(무역센터),잠실(송파구청),11,130
20250510,삼성(무역센터),잠실(송파구청),12,200
20250510,삼성(무역센터),잠실(송파구청),13,224
20250510,삼성(무역센터),잠실(송파구청),14,304
20250510,삼성(무역센터),잠실(송파구청),15,283
20250510,삼성(무역센터),잠실(송파구청),16,378
20250510,삼성(무역센터),잠실(송파구청),17,386
20250510,삼성(무역센터),잠실(송파구청),18,299
20250510,삼성(무역센터),잠실(송파구청),19,186
20250510,삼성(무역센터),잠실(송파구청),20,237
20250510,삼성(무역센터),잠실(송파구청),21,153
20250510,삼성(무역센터),잠실(송파구청),22,103
20250510,삼성(무역센터),잠실(송파구청),23,19
20250510,삼성(무역센터),잠실나루,5,3
20250510,삼성(무역센터),잠실나루,6,1
20250510,삼성(무역센터),잠실나루,7,2
20250510,삼성(무역센터),잠실나루,8,1
20250510,삼성(무역센터),잠실나루,9,2
20250510,삼성(무역센터),잠실나루,10,4
20250510,삼성(무역센터),잠실나루,11,13
20250510,삼성(무역센터),잠실나루,12,11
20250510,삼성(무역센터),잠실나루,13,19
20250510,삼성(무역센터),잠실나루,14,26
20250510,삼성(무역센터),잠실나루,15,28
20250510,삼성(무역센터),잠실나루,16,40
20250510,삼성(무역센터),잠실나루,17,37
20250510,삼성(무역센터),잠실나루,18,22
20250510,삼성(무역센터),잠실나루,19,20
20250510,삼성(무역센터),잠실나루,20,16
20250510,삼성(무역센터),잠실나루,21,19
20250510,삼성(무역센터),잠실나루,22,23
20250510,삼성(무역센터),잠실나루,23,1
20250510,삼성(무역센터),잠실새내,5,2
20250510,삼성(무역센터),잠실새내,6,3
20250510,삼성(무역센터),잠실새내,7,2
20250510,삼성(무역센터),잠실새내,8,5
20250510,삼성(무역센터),잠실새내,9,12
20250510,삼성(무역센터),잠실새내,10,18
20250510,삼성(무역센터),잠실새내,11,24
20250510,삼성(무역센터),잠실새내,12,53
20250510,삼성(무역센터),잠실새내,13,64
20250510,삼성(무역센터),잠실새내,14,64
20250510,삼성(무역센터),잠실새내,15,99
20250510,삼성(무역센터),잠실새내,16,131
20250510,삼성(무역센터),잠실새내,17,114
20250510,삼성(무역센터),잠실새내,18,69
20250510,삼성(무역센터),잠실새내,19,46
20250510,삼성(무역센터),잠실새내,20,55
20250510,삼성(무역센터),잠실새내,21,43
20250510,삼성(무역센터),잠실새내,22,40
20250510,삼성(무역센터),잠실새내,23,2
20250510,삼성(무역센터),종합운동장,5,1
20250510,삼성(무역센터),종합운동장,6,3
20250510,삼성(무역센터),종합운동장,7,1
20250510,삼성(무역센터),종합운동장,8,3
20250510,삼성(무역센터),종합운동장,9,5
20250510,삼성(무역센터),종합운동장,10,7
20250510,삼성(무역센터),종합운동장,11,14
20250510,삼성(무역센터),종합운동장,12,11
20250510,삼성(무역센터),종합운동장,13,41
20250510,삼성(무역센터),종합운동장,14,79
20250510,삼성(무역센터),종합운동장,15,169
20250510,삼성(무역센터),종합운동장,16,185
20250510,삼성(무역센터),종합운동장,17,108
20250510,삼성(무역센터),종합운동장,18,22
20250510,삼성(무역센터),종합운동장,19,29
20250510,삼성(무역센터),종합운동장,20,20
20250510,삼성(무역센터),종합운동장,21,18
20250510,삼성(무역센터),종합운동장,22,8
20250510,삼성(무역센터),종합운동장,23,4
20250510,삼성(무역센터),충정로(경기대입구),5,1
20250510,삼성(무역센터),충정로(경기대입구),7,1
20250510,삼성(무역센터),충정로(경기대입구),8,1
20250510,삼성(무역센터),충정로(경기대입구),9,2
20250510,삼성(무역센터),충정로(경기대입구),12,1
20250510,삼성(무역센터),충정로(경기대입구),13,2
20250510,삼성(무역센터),충정로(경기대입구),14,7
20250510,삼성(무역센터),충정로(경기대입구),15,7
20250510,삼성(무역센터),충정로(경기대입구),16,6
20250510,삼성(무역센터),충정로(경기대입구),17,7
20250510,삼성(무역센터),충정로(경기대입구),18,8
20250510,삼성(무역센터),충정로(경기대입구),19,6
20250510,삼성(무역센터),충정로(경기대입구),20,2
20250510,삼성(무역센터),충정로(경기대입구),21,4
20250510,삼성(무역센터),충정로(경기대입구),22,3
20250510,삼성(무역센터),한양대,8,2
20250510,삼성(무역센터),한양대,9,3
20250510,삼성(무역센터),한양대,10,1
20250510,삼성(무역센터),한양대,11,3
20250510,삼성(무역센터),한양대,12,2
20250510,삼성(무역센터),한양대,13,7
20250510,삼성(무역센터),한양대,14,5
20250510,삼성(무역센터),한양대,15,8
20250510,삼성(무역센터),한양대,16,8
20250510,삼성(무역센터),한양대,17,6
20250510,삼성(무역센터),한양대,18,3
20250510,삼성(무역센터),한양대,19,2
20250510,삼성(무역센터),한양대,20,5
20250510,삼성(무역센터),한양대,21,3
20250510,삼성(무역센터),한양대,23,2
20250510,삼성(무역센터),합정,7,2
20250510,삼성(무역센터),합정,8,1
20250510,삼성(무역센터),합정,9,4
20250510,삼성(무역센터),합정,10,1
20250510,삼성(무역센터),합정,11,3
20250510,삼성(무역센터),합정,12,11
20250510,삼성(무역센터),합정,13,8
20250510,삼성(무역센터),합정,14,7
20250510,삼성(무역센터),합정,15,25
20250510,삼성(무역센터),합정,16,20
20250510,삼성(무역센터),합정,17,23
20250510,삼성(무역센터),합정,18,25
20250510,삼성(무역센터),합정,19,18
20250510,삼성(무역센터),합정,20,16
20250510,삼성(무역센터),합정,21,11
20250510,삼성(무역센터),합정,22,9
20250510,삼성(무역센터),홍대입구,6,6
20250510,삼성(무역센터),홍대입구,7,1
20250510,삼성(무역센터),홍대입구,8,2
20250510,삼성(무역센터),홍대입구,9,4
20250510,삼성(무역센터),홍대입구,10,5
20250510,삼성(무역센터),홍대입구,11,13
20250510,삼성(무역센터),홍대입구,12,29
20250510,삼성(무역센터),홍대입구,13,40
20250510,삼성(무역센터),홍대입구,14,46
20250510,삼성(무역센터),홍대입구,15,58
20250510,삼성(무역센터),홍대입구,16,84
20250510,삼성(무역센터),홍대입구,17,82
20250510,삼성(무역센터),홍대입구,18,61
20250510,삼성(무역센터),홍대입구,19,37
20250510,삼성(무역센터),홍대입구,20,60
20250510,삼성(무역센터),홍대입구,21,24
20250510,삼성(무역센터),홍대입구,22,5
20250510,삼성(무역센터),홍대입구,23,4
20250510,상왕십리,강남,5,1
20250510,상왕십리,강남,6,2
20250510,상왕십리,강남,7,9
20250510,상왕십리,강남,8,19
20250510,상왕십리,강남,9,18
20250510,상왕십리,강남,10,15
20250510,상왕십리,강남,11,7
20250510,상왕십리,강남,12,15
20250510,상왕십리,강남,13,17
20250510,상왕십리,강남,14,11
20250510,상왕십리,강남,15,7
20250510,상왕십리,강남,16,7
20250510,상왕십리,강남,17,14
20250510,상왕십리,강남,18,12
20250510,상왕십리,강남,19,9
20250510,상왕십리,강남,20,2
20250510,상왕십리,강남,21,4
20250510,상왕십리,강남,22,1
20250510,상왕십리,강변(동서울터미널),5,5
20250510,상왕십리,강변(동서울터미널),6,9
20250510,상왕십리,강변(동서울터미널),7,14
20250510,상왕십리,강변(동서울터미널),8,14
20250510,상왕십리,강변(동서울터미널),9,24
20250510,상왕십리,강변(동서울터미널),10,14
20250510,상왕십리,강변(동서울터미널),11,7
20250510,상왕십리,강변(동서울터미널),12,9
20250510,상왕십리,강변(동서울터미널),13,13
20250510,상왕십리,강변(동서울터미널),14,17
20250510,상왕십리,강변(동서울터미널),15,10
20250510,상왕십리,강변(동서울터미널),16,10
20250510,상왕십리,강변(동서울터미널),17,12
20250510,상왕십리,강변(동서울터미널),18,7
20250510,상왕십리,강변(동서울터미널),19,5
20250510,상왕십리,강변(동서울터미널),20,3
20250510,상왕십리,강변(동서울터미널),21,3
20250510,상왕십리,강변(동서울터미널),22,1
20250510,상왕십리,건대입구,5,4
20250510,상왕십리,건대입구,6,4
20250510,상왕십리,건대입구,7,4
20250510,상왕십리,건대입구,8,8
20250510,상왕십리,건대입구,9,16
20250510,상왕십리,건대입구,10,27
20250510,상왕십리,건대입구,11,17
20250510,상왕십리,건대입구,12,30
20250510,상왕십리,건대입구,13,33
20250510,상왕십리,건대입구,14,36
20250510,상왕십리,건대입구,15,24
20250510,상왕십리,건대입구,16,32
20250510,상왕십리,건대입구,17,30
20250510,상왕십리,건대입구,18,16
20250510,상왕십리,건대입구,19,25
20250510,상왕십리,건대입구,20,16
20250510,상왕십리,건대입구,21,12
20250510,상왕십리,건대입구,22,11
20250510,상왕십리,건대입구,23,2
20250510,상왕십리,교대(법원.검찰청),5,1
20250510,상왕십리,교대(법원.검찰청),6,3
20250510,상왕십리,교대(법원.검찰청),7,1
20250510,상왕십리,교대(법원.검찰청),8,2
20250510,상왕십리,교대(법원.검찰청),9,3
20250510,상왕십리,교대(법원.검찰청),10,1
20250510,상왕십리,교대(법원.검찰청),11,1
20250510,상왕십리,교대(법원.검찰청),12,1
20250510,상왕십리,교대(법원.검찰청),13,1
20250510,상왕십리,교대(법원.검찰청),14,2
20250510,상왕십리,교대(법원.검찰청),15,1
20250510,상왕십리,교대(법원.검찰청),16,3
20250510,상왕십리,교대(법원.검찰청),20,1
20250510,상왕십리,교대(법원.검찰청),21,1
20250510,상왕십리,구로디지털단지,5,3
20250510,상왕십리,구로디지털단지,6,1
20250510,상왕십리,구로디지털단지,7,2
20250510,상왕십리,구로디지털단지,8,2
20250510,상왕십리,구로디지털단지,9,6
20250510,상왕십리,구로디지털단지,10,6
20250510,상왕십리,구로디지털단지,11,6
20250510,상왕십리,구로디지털단지,12,5
20250510,상왕십리,구로디지털단지,13,2
20250510,상왕십리,구로디지털단지,14,1
20250510,상왕십리,구로디지털단지,15,8
20250510,상왕십리,구로디지털단지,16,4
20250510,상왕십리,구로디지털단지,17,3
20250510,상왕십리,구로디지털단지,18,3
20250510,상왕십리,구로디지털단지,20,4
20250510,상왕십리,구로디지털단지,21,1
20250510,상왕십리,구로디지털단지,22,2
20250510,상왕십리,구로디지털단지,23,2
20250510,상왕십리,구의(광진구청),6,7
20250510,상왕십리,구의(광진구청),7,8
20250510,상왕십리,구의(광진구청),8,5
20250510,상왕십리,구의(광진구청),9,9
20250510,상왕십리,구의(광진구청),10,9
20250510,상왕십리,구의(광진구청),11,5
20250510,상왕십리,구의(광진구청),12,6
20250510,상왕십리,구의(광진구청),13,8
20250510,상왕십리,구의(광진구청),14,5
20250510,상왕십리,구의(광진구청),15,13
20250510,상왕십리,구의(광진구청),16,6
20250510,상왕십리,구의(광진구청),17,8
20250510,상왕십리,구의(광진구청),18,8
20250510,상왕십리,구의(광진구청),19,4
20250510,상왕십리,구의(광진구청),20,4
20250510,상왕십리,구의(광진구청),21,8
20250510,상왕십리,구의(광진구청),22,7
20250510,상왕십리,구의(광진구청),23,2
20250510,상왕십리,낙성대,7,1
20250510,상왕십리,낙성대,8,2
20250510,상왕십리,낙성대,10,1
20250510,상왕십리,낙성대,13,3
20250510,상왕십리,낙성대,14,2
20250510,상왕십리,낙성대,16,2
20250510,상왕십리,낙성대,17,2
20250510,상왕십리,낙성대,18,2
20250510,상왕십리,낙성대,19,4
20250510,상왕십리,낙성대,20,2
20250510,상왕십리,낙성대,21,1
20250510,상왕십리,낙성대,22,1
20250510,상왕십리,낙성대,23,2
20250510,상왕십리,당산,5,3
20250510,상왕십리,당산,6,1
20250510,상왕십리,당산,7,1
20250510,상왕십리,당산,8,2
20250510,상왕십리,당산,9,3
20250510,상왕십리,당산,10,2
20250510,상왕십리,당산,11,4
20250510,상왕십리,당산,12,4
20250510,상왕십리,당산,13,3
20250510,상왕십리,당산,14,9
20250510,상왕십리,당산,15,1
20250510,상왕십리,당산,16,6
20250510,상왕십리,당산,17,2
20250510,상왕십리,당산,18,3
20250510,상왕십리,당산,19,4
20250510,상왕십리,당산,20,5
20250510,상왕십리,당산,21,2
20250510,상왕십리,당산,22,1
20250510,상왕십리,대림(구로구청),5,2
20250510,상왕십리,대림(구로구청),7,2
20250510,상왕십리,대림(구로구청),8,5
20250510,상왕십리,대림(구로구청),9,3
20250510,상왕십리,대림(구로구청),10,4
20250510,상왕십리,대림(구로구청),11,3
20250510,상왕십리,대림(구로구청),12,2
20250510,상왕십리,대림(구로구청),13,5
20250510,상왕십리,대림(구로구청),14,3
20250510,상왕십리,대림(구로구청),15,3
20250510,상왕십리,대림(구로구청),16,8
20250510,상왕십리,대림(구로구청),19,4
20250510,상왕십리,대림(구로구청),20,2
20250510,상왕십리,대림(구로구청),21,1
20250510,상왕십리,대림(구로구청),22,1
20250510,상왕십리,대림(구로구청),23,1
20250510,상왕십리,동대문역사문화공원,5,1
20250510,상왕십리,동대문역사문화공원,6,4
20250510,상왕십리,동대문역사문화공원,7,7
20250510,상왕십리,동대문역사문화공원,8,9
20250510,상왕십리,동대문역사문화공원,9,12
20250510,상왕십리,동대문역사문화공원,10,15
20250510,상왕십리,동대문역사문화공원,11,24
20250510,상왕십리,동대문역사문화공원,12,8
20250510,상왕십리,동대문역사문화공원,13,27
20250510,상왕십리,동대문역사문화공원,14,31
20250510,상왕십리,동대문역사문화공원,15,9
20250510,상왕십리,동대문역사문화공원,16,14
20250510,상왕십리,동대문역사문화공원,17,9
20250510,상왕십리,동대문역사문화공원,18,12
20250510,상왕십리,동대문역사문화공원,19,7
20250510,상왕십리,동대문역사문화공원,20,5
20250510,상왕십리,동대문역사문화공원,21,1
20250510,상왕십리,동대문역사문화공원,22,1
20250510,상왕십리,동대문역사문화공원,23,2
20250510,상왕십리,뚝섬,5,2
20250510,상왕십리,뚝섬,6,3
20250510,상왕십리,뚝섬,7,2
20250510,상왕십리,뚝섬,8,8
20250510,상왕십리,뚝섬,9,21
20250510,상왕십리,뚝섬,10,25
20250510,상왕십리,뚝섬,11,17
20250510,상왕십리,뚝섬,12,26
20250510,상왕십리,뚝섬,13,30
20250510,상왕십리,뚝섬,14,24
20250510,상왕십리,뚝섬,15,16
20250510,상왕십리,뚝섬,16,15
20250510,상왕십리,뚝섬,17,23
20250510,상왕십리,뚝섬,18,10
20250510,상왕십리,뚝섬,19,5
20250510,상왕십리,뚝섬,20,9
20250510,상왕십리,뚝섬,21,6
20250510,상왕십리,뚝섬,22,6
20250510,상왕십리,뚝섬,23,1
20250510,상왕십리,문래,5,2
20250510,상왕십리,문래,6,1
20250510,상왕십리,문래,7,2
20250510,상왕십리,문래,9,3
20250510,상왕십리,문래,10,4
20250510,상왕십리,문래,11,1
20250510,상왕십리,문래,12,5
20250510,상왕십리,문래,13,1
20250510,상왕십리,문래,14,4
20250510,상왕십리,문래,15,2
20250510,상왕십리,문래,16,5
20250510,상왕십리,문래,17,1
20250510,상왕십리,문래,20,1
20250510,상왕십리,문래,21,2
20250510,상왕십리,방배,6,3
20250510,상왕십리,방배,7,1
20250510,상왕십리,방배,8,2
20250510,상왕십리,방배,9,2
20250510,상왕십리,방배,10,1
20250510,상왕십리,방배,11,3
20250510,상왕십리,방배,12,3
20250510,상왕십리,방배,15,1
20250510,상왕십리,방배,17,1
20250510,상왕십리,방배,19,1
20250510,상왕십리,방배,20,1
20250510,상왕십리,봉천,9,1
20250510,상왕십리,봉천,10,1
20250510,상왕십리,봉천,12,1
20250510,상왕십리,봉천,14,1
20250510,상왕십리,봉천,15,1
20250510,상왕십리,봉천,16,2
20250510,상왕십리,봉천,17,2
20250510,상왕십리,봉천,18,1
20250510,상왕십리,봉천,20,1
20250510,상왕십리,봉천,22,2
20250510,상왕십리,사당,6,1
20250510,상왕십리,사당,7,3
20250510,상왕십리,사당,8,1
20250510,상왕십리,사당,9,6
20250510,상왕십리,사당,10,2
20250510,상왕십리,사당,11,2
20250510,상왕십리,사당,12,2
20250510,상왕십리,사당,13,3
20250510,상왕십리,사당,14,7
20250510,상왕십리,사당,15,6
20250510,상왕십리,사당,16,3
20250510,상왕십리,사당,17,1
20250510,상왕십리,사당,18,3
20250510,상왕십리,사당,19,1
20250510,상왕십리,사당,20,2
20250510,상왕십리,사당,21,3
20250510,상왕십리,사당,23,2
20250510,상왕십리,삼성(무역센터),5,2
20250510,상왕십리,삼성(무역센터),6,9
20250510,상왕십리,삼성(무역센터),7,5
20250510,상왕십리,삼성(무역센터),8,6
20250510,상왕십리,삼성(무역센터),9,6
20250510,상왕십리,삼성(무역센터),10,19
20250510,상왕십리,삼성(무역센터),11,21
20250510,상왕십리,삼성(무역센터),12,14
20250510,상왕십리,삼성(무역센터),13,20
20250510,상왕십리,삼성(무역센터),14,9
20250510,상왕십리,삼성(무역센터),15,14
20250510,상왕십리,삼성(무역센터),16,12
20250510,상왕십리,삼성(무역센터),17,6
20250510,상왕십리,삼성(무역센터),18,4
20250510,상왕십리,삼성(무역센터),19,4
20250510,상왕십리,삼성(무역센터),20,2
20250510,상왕십리,삼성(무역센터),23,1
20250510,상왕십리,상왕십리,5,3
20250510,상왕십리,상왕십리,6,5
20250510,상왕십리,상왕십리,7,4
20250510,상왕십리,상왕십리,8,3
20250510,상왕십리,상왕십리,9,5
20250510,상왕십리,상왕십리,10,10
20250510,상왕십리,상왕십리,11,10
20250510,상왕십리,상왕십리,12,11
20250510,상왕십리,상왕십리,13,11
20250510,상왕십리,상왕십리,14,13
20250510,상왕십리,상왕십리,15,10
20250510,상왕십리,상왕십리,16,7
20250510,상왕십리,상왕십리,17,15
20250510,상왕십리,상왕십리,18,2
20250510,상왕십리,상왕십리,19,13
20250510,상왕십리,상왕십리,20,7
20250510,상왕십리,상왕십리,21,4
20250510,상왕십리,상왕십리,22,6
20250510,상왕십리,상왕십리,23,1
20250510,상왕십리,서울대입구(관악구청),7,1
20250510,상왕십리,서울대입구(관악구청),8,5
20250510,상왕십리,서울대입구(관악구청),9,6
20250510,상왕십리,서울대입구(관악구청),10,2
20250510,상왕십리,서울대입구(관악구청),11,1
20250510,상왕십리,서울대입구(관악구청),12,2
20250510,상왕십리,서울대입구(관악구청),13,1
20250510,상왕십리,서울대입구(관악구청),14,4
20250510,상왕십리,서울대입구(관악구청),15,3
20250510,상왕십리,서울대입구(관악구청),16,3
20250510,상왕십리,서울대입구(관악구청),17,2
20250510,상왕십리,서울대입구(관악구청),20,2
20250510,상왕십리,서울대입구(관악구청),21,2
20250510,상왕십리,서울대입구(관악구청),22,2
20250510,상왕십리,서초,5,2
20250510,상왕십리,서초,6,2
20250510,상왕십리,서초,7,1
20250510,상왕십리,서초,9,1
20250510,상왕십리,서초,10,2
20250510,상왕십리,서초,11,1
20250510,상왕십리,서초,12,1
20250510,상왕십리,서초,13,5
20250510,상왕십리,서초,14,8
20250510,상왕십리,서초,15,3
20250510,상왕십리,서초,16,1
20250510,상왕십리,서초,17,1
20250510,상왕십리,서초,18,1
20250510,상왕십리,선릉,5,4
20250510,상왕십리,선릉,6,2
20250510,상왕십리,선릉,7,2
20250510,상왕십리,선릉,8,4
20250510,상왕십리,선릉,9,6
20250510,상왕십리,선릉,10,4
20250510,상왕십리,선릉,11,5
20250510,상왕십리,선릉,12,4
20250510,상왕십리,선릉,13,5
20250510,상왕십리,선릉,14,3
20250510,상왕십리,선릉,15,8
20250510,상왕십리,선릉,16,5
20250510,상왕십리,선릉,17,1
20250510,상왕십리,선릉,18,1
20250510,상왕십리,성수,5,6
20250510,상왕십리,성수,6,18
20250510,상왕십리,성수,7,7
20250510,상왕십리,성수,8,18
20250510,상왕십리,성수,9,36
20250510,상왕십리,성수,10,22
20250510,상왕십리,성수,11,37
20250510,상왕십리,성수,12,41
20250510,상왕십리,성수,13,30
20250510,상왕십리,성수,14,27
20250510,상왕십리,성수,15,23
20250510,상왕십리,성수,16,30
20250510,상왕십리,성수,17,18
20250510,상왕십리,성수,18,17
20250510,상왕십리,성수,19,6
20250510,상왕십리,성수,20,6
20250510,상왕십리,성수,21,5
20250510,상왕십리,성수,22,1
20250510,상왕십리,성수,23,2
20250510,상왕십리,시청,5,3
20250510,상왕십리,시청,6,4
20250510,상왕십리,시청,7,3
20250510,상왕십리,시청,8,9
20250510,상왕십리,시청,9,4
20250510,상왕십리,시청,10,13
20250510,상왕십리,시청,11,5
20250510,상왕십리,시청,12,10
20250510,상왕십리,시청,13,8
20250510,상왕십리,시청,14,7
20250510,상왕십리,시청,15,2
20250510,상왕십리,시청,16,8
20250510,상왕십리,시청,17,4
20250510,상왕십리,시청,18,2
20250510,상왕십리,시청,20,1
20250510,상왕십리,신당,5,1
20250510,상왕십리,신당,6,3
20250510,상왕십리,신당,7,3
20250510,상왕십리,신당,8,7
20250510,상왕십리,신당,9,12
20250510,상왕십리,신당,10,9
20250510,상왕십리,신당,11,21
20250510,상왕십리,신당,12,22
20250510,상왕십리,신당,13,14
20250510,상왕십리,신당,14,16
20250510,상왕십리,신당,15,6
20250510,상왕십리,신당,16,19
20250510,상왕십리,신당,17,14
20250510,상왕십리,신당,18,3
20250510,상왕십리,신당,19,4
20250510,상왕십리,신당,20,6
20250510,상왕십리,신당,21,3
20250510,상왕십리,신당,22,1
20250510,상왕십리,신당,23,2
20250510,상왕십리,신대방,5,1
20250510,상왕십리,신대방,13,1
20250510,상왕십리,신대방,14,4
20250510,상왕십리,신대방,15,1
20250510,상왕십리,신대방,16,1
20250510,상왕십리,신대방,17,1
20250510,상왕십리,신대방,18,3
20250510,상왕십리,신대방,19,1
20250510,상왕십리,신대방,20,1
20250510,상왕십리,신대방,21,1
20250510,상왕십리,신도림,6,3
20250510,상왕십리,신도림,8,5
20250510,상왕십리,신도림,9,3
20250510,상왕십리,신도림,10,9
20250510,상왕십리,신도림,11,15
20250510,상왕십리,신도림,12,9
20250510,상왕십리,신도림,13,8
20250510,상왕십리,신도림,14,6
20250510,상왕십리,신도림,15,3
20250510,상왕십리,신도림,16,3
20250510,상왕십리,신도림,17,8
20250510,상왕십리,신도림,18,4
20250510,상왕십리,신도림,19,2
20250510,상왕십리,신도림,20,3
20250510,상왕십리,신도림,21,3
20250510,상왕십리,신도림,22,5
20250510,상왕십리,신도림,23,2
20250510,상왕십리,신림,5,3
20250510,상왕십리,신림,7,1
20250510,상왕십리,신림,8,1
20250510,상왕십리,신림,9,4
20250510,상왕십리,신림,10,1
20250510,상왕십리,신림,11,7
20250510,상왕십리,신림,12,4
20250510,상왕십리,신림,13,3
20250510,상왕십리,신림,14,1
20250510,상왕십리,신림,15,2
20250510,상왕십리,신림,16,12
20250510,상왕십리,신림,17,3
20250510,상왕십리,신림,18,5
20250510,상왕십리,신림,19,5
20250510,상왕십리,신림,20,5
20250510,상왕십리,신림,21,1
20250510,상왕십리,신림,22,1
20250510,상왕십리,신림,23,1
20250510,상왕십리,신촌,6,4
20250510,상왕십리,신촌,7,4
20250510,상왕십리,신촌,8,11
20250510,상왕십리,신촌,9,13
20250510,상왕십리,신촌,10,19
20250510,상왕십리,신촌,11,13
20250510,상왕십리,신촌,12,29
20250510,상왕십리,신촌,13,17
20250510,상왕십리,신촌,14,22
20250510,상왕십리,신촌,15,13
20250510,상왕십리,신촌,16,9
20250510,상왕십리,신촌,17,18
20250510,상왕십리,신촌,18,17
20250510,상왕십리,신촌,19,9
20250510,상왕십리,신촌,20,5
20250510,상왕십리,신촌,21,6
20250510,상왕십리,신촌,22,3
20250510,상왕십리,신촌,23,3
20250510,상왕십리,아현,5,2
20250510,상왕십리,아현,6,1
20250510,상왕십리,아현,7,4
20250510,상왕십리,아현,8,3
20250510,상왕십리,아현,9,2
20250510,상왕십리,아현,10,2
20250510,상왕십리,아현,11,4
20250510,상왕십리,아현,12,5
20250510,상왕십리,아현,13,2
20250510,상왕십리,아현,14,2
20250510,상왕십리,아현,15,6
20250510,상왕십리,아현,16,1
20250510,상왕십리,아현,17,4
20250510,상왕십리,아현,18,8
20250510,상왕십리,아현,19,4
20250510,상왕십리,아현,20,1
20250510,상왕십리,아현,21,1
20250510,상왕십리,아현,22,1
20250510,상왕십리,역삼,5,2
20250510,상왕십리,역삼,6,1
20250510,상왕십리,역삼,7,2
20250510,상왕십리,역삼,8,4
20250510,상왕십리,역삼,9,4
20250510,상왕십리,역삼,11,5
20250510,상왕십리,역삼,12,7
20250510,상왕십리,역삼,13,2
20250510,상왕십리,역삼,14,3
20250510,상왕십리,역삼,15,4
20250510,상왕십리,역삼,16,4
20250510,상왕십리,역삼,17,2
20250510,상왕십리,역삼,18,2
20250510,상왕십리,역삼,20,1
20250510,상왕십리,역삼,21,1
20250510,상왕십리,역삼,22,1
20250510,상왕십리,영등포구청,5,2
20250510,상왕십리,영등포구청,6,1
20250510,상왕십리,영등포구청,8,3
20250510,상왕십리,영등포구청,10,5
20250510,상왕십리,영등포구청,11,3
20250510,상왕십리,영등포구청,12,3
20250510,상왕십리,영등포구청,13,3
20250510,상왕십리,영등포구청,14,1
20250510,상왕십리,영등포구청,15,1
20250510,상왕십리,영등포구청,16,4
20250510,상왕십리,영등포구청,18,2
20250510,상왕십리,영등포구청,19,3
20250510,상왕십리,영등포구청,20,1
20250510,상왕십리,영등포구청,21,2
20250510,상왕십리,영등포구청,23,2
20250510,상왕십리,왕십리(성동구청),6,6
20250510,상왕십리,왕십리(성동구청),7,10
20250510,상왕십리,왕십리(성동구청),8,6
20250510,상왕십리,왕십리(성동구청),9,11
20250510,상왕십리,왕십리(성동구청),10,29
20250510,상왕십리,왕십리(성동구청),11,31
20250510,상왕십리,왕십리(성동구청),12,35
20250510,상왕십리,왕십리(성동구청),13,21
20250510,상왕십리,왕십리(성동구청),14,31
20250510,상왕십리,왕십리(성동구청),15,23
20250510,상왕십리,왕십리(성동구청),16,30
20250510,상왕십리,왕십리(성동구청),17,29
20250510,상왕십리,왕십리(성동구청),18,37
20250510,상왕십리,왕십리(성동구청),19,21
20250510,상왕십리,왕십리(성동구청),20,18
20250510,상왕십리,왕십리(성동구청),21,13
20250510,상왕십리,왕십리(성동구청),22,3
20250510,상왕십리,용두(동대문구청),5,2
20250510,상왕십리,용두(동대문구청),13,1
20250510,상왕십리,용두(동대문구청),15,1
20250510,상왕십리,용두(동대문구청),17,1
20250510,상왕십리,용두(동대문구청),19,1
20250510,상왕십리,을지로3가,4,1
20250510,상왕십리,을지로3가,5,2
20250510,상왕십리,을지로3가,6,7
20250510,상왕십리,을지로3가,7,7
20250510,상왕십리,을지로3가,8,13
20250510,상왕십리,을지로3가,9,12
20250510,상왕십리,을지로3가,10,9
20250510,상왕십리,을지로3가,11,20
20250510,상왕십리,을지로3가,12,12
20250510,상왕십리,을지로3가,13,13
20250510,상왕십리,을지로3가,14,15
20250510,상왕십리,을지로3가,15,14
20250510,상왕십리,을지로3가,16,15
20250510,상왕십리,을지로3가,17,23
20250510,상왕십리,을지로3가,18,12
20250510,상왕십리,을지로3가,19,10
20250510,상왕십리,을지로3가,20,4
20250510,상왕십리,을지로3가,21,6
20250510,상왕십리,을지로4가,5,1
20250510,상왕십리,을지로4가,6,7
20250510,상왕십리,을지로4가,7,3
20250510,상왕십리,을지로4가,8,7
20250510,상왕십리,을지로4가,9,7
20250510,상왕십리,을지로4가,10,14
20250510,상왕십리,을지로4가,11,15
20250510,상왕십리,을지로4가,12,6
20250510,상왕십리,을지로4가,13,4
20250510,상왕십리,을지로4가,14,6
20250510,상왕십리,을지로4가,15,4
20250510,상왕십리,을지로4가,16,7
20250510,상왕십리,을지로4가,17,3
20250510,상왕십리,을지로4가,18,5
20250510,상왕십리,을지로4가,19,1
20250510,상왕십리,을지로4가,20,3
20250510,상왕십리,을지로4가,22,2
20250510,상왕십리,을지로입구,5,3
20250510,상왕십리,을지로입구,6,12
20250510,상왕십리,을지로입구,7,15
20250510,상왕십리,을지로입구,8,21
20250510,상왕십리,을지로입구,9,38
20250510,상왕십리,을지로입구,10,29
20250510,상왕십리,을지로입구,11,33
20250510,상왕십리,을지로입구,12,25
20250510,상왕십리,을지로입구,13,36
20250510,상왕십리,을지로입구,14,27
20250510,상왕십리,을지로입구,15,30
20250510,상왕십리,을지로입구,16,29
20250510,상왕십리,을지로입구,17,20
20250510,상왕십리,을지로입구,18,22
20250510,상왕십리,을지로입구,19,10
20250510,상왕십리,을지로입구,20,5
20250510,상왕십리,을지로입구,21,2
20250510,상왕십리,을지로입구,22,2
20250510,상왕십리,을지로입구,23,1
20250510,상왕십리,이대,5,1
20250510,상왕십리,이대,8,10
20250510,상왕십리,이대,9,6
20250510,상왕십리,이대,10,4
20250510,상왕십리,이대,11,6
20250510,상왕십리,이대,12,11
20250510,상왕십리,이대,13,8
20250510,상왕십리,이대,14,1
20250510,상왕십리,이대,15,6
20250510,상왕십리,이대,16,1
20250510,상왕십리,이대,17,5
20250510,상왕십리,이대,18,3
20250510,상왕십리,이대,19,6
20250510,상왕십리,이대,20,4
20250510,상왕십리,이대,21,5
20250510,상왕십리,이대,22,5
20250510,상왕십리,이대,23,2
20250510,상왕십리,잠실(송파구청),5,5
20250510,상왕십리,잠실(송파구청),6,13
20250510,상왕십리,잠실(송파구청),7,13
20250510,상왕십리,잠실(송파구청),8,25
20250510,상왕십리,잠실(송파구청),9,24
20250510,상왕십리,잠실(송파구청),10,43
20250510,상왕십리,잠실(송파구청),11,39
20250510,상왕십리,잠실(송파구청),12,60
20250510,상왕십리,잠실(송파구청),13,38
20250510,상왕십리,잠실(송파구청),14,35
20250510,상왕십리,잠실(송파구청),15,40
20250510,상왕십리,잠실(송파구청),16,34
20250510,상왕십리,잠실(송파구청),17,29
20250510,상왕십리,잠실(송파구청),18,18
20250510,상왕십리,잠실(송파구청),19,9
20250510,상왕십리,잠실(송파구청),20,15
20250510,상왕십리,잠실(송파구청),21,8
20250510,상왕십리,잠실(송파구청),22,4
20250510,상왕십리,잠실나루,5,1
20250510,상왕십리,잠실나루,6,4
20250510,상왕십리,잠실나루,7,1
20250510,상왕십리,잠실나루,8,2
20250510,상왕십리,잠실나루,9,4
20250510,상왕십리,잠실나루,10,1
20250510,상왕십리,잠실나루,11,6
20250510,상왕십리,잠실나루,12,7
20250510,상왕십리,잠실나루,13,5
20250510,상왕십리,잠실나루,14,6
20250510,상왕십리,잠실나루,15,2
20250510,상왕십리,잠실나루,16,5
20250510,상왕십리,잠실나루,17,2
20250510,상왕십리,잠실나루,18,1
20250510,상왕십리,잠실나루,19,1
20250510,상왕십리,잠실나루,20,1
20250510,상왕십리,잠실새내,5,2
20250510,상왕십리,잠실새내,6,3
20250510,상왕십리,잠실새내,7,7
20250510,상왕십리,잠실새내,8,6
20250510,상왕십리,잠실새내,9,4
20250510,상왕십리,잠실새내,10,13
20250510,상왕십리,잠실새내,11,6
20250510,상왕십리,잠실새내,12,7
20250510,상왕십리,잠실새내,13,5
20250510,상왕십리,잠실새내,14,11
20250510,상왕십리,잠실새내,15,9
20250510,상왕십리,잠실새내,16,8
20250510,상왕십리,잠실새내,17,7
20250510,상왕십리,잠실새내,18,5
20250510,상왕십리,잠실새내,19,6
20250510,상왕십리,잠실새내,20,4
20250510,상왕십리,잠실새내,21,1
20250510,상왕십리,잠실새내,22,3
20250510,상왕십리,잠실새내,23,1
20250510,상왕십리,종합운동장,5,2
20250510,상왕십리,종합운동장,6,4
20250510,상왕십리,종합운동장,7,3
20250510,상왕십리,종합운동장,8,3
20250510,상왕십리,종합운동장,10,1
20250510,상왕십리,종합운동장,11,2
20250510,상왕십리,종합운동장,12,2
20250510,상왕십리,종합운동장,13,5
20250510,상왕십리,종합운동장,14,5
20250510,상왕십리,종합운동장,15,25
20250510,상왕십리,종합운동장,16,36
20250510,상왕십리,종합운동장,17,5
20250510,상왕십리,종합운동장,18,2
20250510,상왕십리,충정로(경기대입구),6,1
20250510,상왕십리,충정로(경기대입구),7,1
20250510,상왕십리,충정로(경기대입구),8,1
20250510,상왕십리,충정로(경기대입구),9,2
20250510,상왕십리,충정로(경기대입구),10,4
20250510,상왕십리,충정로(경기대입구),11,1
20250510,상왕십리,충정로(경기대입구),12,4
20250510,상왕십리,충정로(경기대입구),13,4
20250510,상왕십리,충정로(경기대입구),14,2
20250510,상왕십리,충정로(경기대입구),15,5
20250510,상왕십리,충정로(경기대입구),16,2
20250510,상왕십리,충정로(경기대입구),17,4
20250510,상왕십리,충정로(경기대입구),18,2
20250510,상왕십리,충정로(경기대입구),19,1
20250510,상왕십리,충정로(경기대입구),20,2
20250510,상왕십리,충정로(경기대입구),21,1
20250510,상왕십리,충정로(경기대입구),22,3
20250510,상왕십리,한양대,5,1
20250510,상왕십리,한양대,6,1
20250510,상왕십리,한양대,7,2
20250510,상왕십리,한양대,8,18
20250510,상왕십리,한양대,9,8
20250510,상왕십리,한양대,10,10
20250510,상왕십리,한양대,11,5
20250510,상왕십리,한양대,12,16
20250510,상왕십리,한양대,13,8
20250510,상왕십리,한양대,14,7
20250510,상왕십리,한양대,15,3
20250510,상왕십리,한양대,16,14
20250510,상왕십리,한양대,17,9
20250510,상왕십리,한양대,18,2
20250510,상왕십리,한양대,19,2
20250510,상왕십리,한양대,20,3
20250510,상왕십리,한양대,21,2
20250510,상왕십리,한양대,22,1
20250510,상왕십리,합정,5,2
20250510,상왕십리,합정,6,4
20250510,상왕십리,합정,7,2
20250510,상왕십리,합정,8,12
20250510,상왕십리,합정,9,4
20250510,상왕십리,합정,10,13
20250510,상왕십리,합정,11,16
20250510,상왕십리,합정,12,12
20250510,상왕십리,합정,13,17
20250510,상왕십리,합정,14,12
20250510,상왕십리,합정,15,11
20250510,상왕십리,합정,16,14
20250510,상왕십리,합정,17,11
20250510,상왕십리,합정,18,10
20250510,상왕십리,합정,19,2
20250510,상왕십리,합정,20,14
20250510,상왕십리,합정,21,4
20250510,상왕십리,합정,22,1
20250510,상왕십리,합정,23,1
20250510,상왕십리,홍대입구,5,2
20250510,상왕십리,홍대입구,6,3
20250510,상왕십리,홍대입구,7,4
20250510,상왕십리,홍대입구,8,9
20250510,상왕십리,홍대입구,9,16
20250510,상왕십리,홍대입구,10,23
20250510,상왕십리,홍대입구,11,25
20250510,상왕십리,홍대입구,12,22
20250510,상왕십리,홍대입구,13,36
20250510,상왕십리,홍대입구,14,31
20250510,상왕십리,홍대입구,15,34
20250510,상왕십리,홍대입구,16,29
20250510,상왕십리,홍대입구,17,34
20250510,상왕십리,홍대입구,18,20
20250510,상왕십리,홍대입구,19,16
20250510,상왕십리,홍대입구,20,12
20250510,상왕십리,홍대입구,21,14
20250510,상왕십리,홍대입구,22,10
20250510,상왕십리,홍대입구,23,2
20250510,서울대입구(관악구청),강남,4,7
20250510,서울대입구(관악구청),강남,5,45
20250510,서울대입구(관악구청),강남,6,48
20250510,서울대입구(관악구청),강남,7,67
20250510,서울대입구(관악구청),강남,8,233
20250510,서울대입구(관악구청),강남,9,283
20250510,서울대입구(관악구청),강남,10,188
20250510,서울대입구(관악구청),강남,11,161
20250510,서울대입구(관악구청),강남,12,179
20250510,서울대입구(관악구청),강남,13,210
20250510,서울대입구(관악구청),강남,14,155
20250510,서울대입구(관악구청),강남,15,129
20250510,서울대입구(관악구청),강남,16,177
20250510,서울대입구(관악구청),강남,17,182
20250510,서울대입구(관악구청),강남,18,141
20250510,서울대입구(관악구청),강남,19,59
20250510,서울대입구(관악구청),강남,20,74
20250510,서울대입구(관악구청),강남,21,47
20250510,서울대입구(관악구청),강남,22,72
20250510,서울대입구(관악구청),강남,23,35
20250510,서울대입구(관악구청),강변(동서울터미널),5,6
20250510,서울대입구(관악구청),강변(동서울터미널),6,6
20250510,서울대입구(관악구청),강변(동서울터미널),7,10
20250510,서울대입구(관악구청),강변(동서울터미널),8,18
20250510,서울대입구(관악구청),강변(동서울터미널),9,18
20250510,서울대입구(관악구청),강변(동서울터미널),10,11
20250510,서울대입구(관악구청),강변(동서울터미널),11,19
20250510,서울대입구(관악구청),강변(동서울터미널),12,9
20250510,서울대입구(관악구청),강변(동서울터미널),13,19
20250510,서울대입구(관악구청),강변(동서울터미널),14,15
20250510,서울대입구(관악구청),강변(동서울터미널),15,15
20250510,서울대입구(관악구청),강변(동서울터미널),16,19
20250510,서울대입구(관악구청),강변(동서울터미널),17,13
20250510,서울대입구(관악구청),강변(동서울터미널),18,16
20250510,서울대입구(관악구청),강변(동서울터미널),19,2
20250510,서울대입구(관악구청),강변(동서울터미널),20,6
20250510,서울대입구(관악구청),강변(동서울터미널),21,10
20250510,서울대입구(관악구청),강변(동서울터미널),22,11
20250510,서울대입구(관악구청),강변(동서울터미널),23,4
20250510,서울대입구(관악구청),건대입구,5,2
20250510,서울대입구(관악구청),건대입구,6,3
20250510,서울대입구(관악구청),건대입구,7,10
20250510,서울대입구(관악구청),건대입구,8,5
20250510,서울대입구(관악구청),건대입구,9,17
20250510,서울대입구(관악구청),건대입구,10,16
20250510,서울대입구(관악구청),건대입구,11,21
20250510,서울대입구(관악구청),건대입구,12,26
20250510,서울대입구(관악구청),건대입구,13,18
20250510,서울대입구(관악구청),건대입구,14,20
20250510,서울대입구(관악구청),건대입구,15,21
20250510,서울대입구(관악구청),건대입구,16,20
20250510,서울대입구(관악구청),건대입구,17,12
20250510,서울대입구(관악구청),건대입구,18,15
20250510,서울대입구(관악구청),건대입구,19,12
20250510,서울대입구(관악구청),건대입구,20,5
20250510,서울대입구(관악구청),건대입구,21,12
20250510,서울대입구(관악구청),건대입구,22,12
20250510,서울대입구(관악구청),건대입구,23,3
20250510,서울대입구(관악구청),교대(법원.검찰청),4,2
20250510,서울대입구(관악구청),교대(법원.검찰청),5,26
20250510,서울대입구(관악구청),교대(법원.검찰청),6,27
20250510,서울대입구(관악구청),교대(법원.검찰청),7,31
20250510,서울대입구(관악구청),교대(법원.검찰청),8,70
20250510,서울대입구(관악구청),교대(법원.검찰청),9,73
20250510,서울대입구(관악구청),교대(법원.검찰청),10,47
20250510,서울대입구(관악구청),교대(법원.검찰청),11,50
20250510,서울대입구(관악구청),교대(법원.검찰청),12,40
20250510,서울대입구(관악구청),교대(법원.검찰청),13,45
20250510,서울대입구(관악구청),교대(법원.검찰청),14,38
20250510,서울대입구(관악구청),교대(법원.검찰청),15,24
20250510,서울대입구(관악구청),교대(법원.검찰청),16,39
20250510,서울대입구(관악구청),교대(법원.검찰청),17,32
20250510,서울대입구(관악구청),교대(법원.검찰청),18,30
20250510,서울대입구(관악구청),교대(법원.검찰청),19,17
20250510,서울대입구(관악구청),교대(법원.검찰청),20,14
20250510,서울대입구(관악구청),교대(법원.검찰청),21,14
20250510,서울대입구(관악구청),교대(법원.검찰청),22,12
20250510,서울대입구(관악구청),교대(법원.검찰청),23,16
20250510,서울대입구(관악구청),구로디지털단지,5,11
20250510,서울대입구(관악구청),구로디지털단지,6,9
20250510,서울대입구(관악구청),구로디지털단지,7,16
20250510,서울대입구(관악구청),구로디지털단지,8,33
20250510,서울대입구(관악구청),구로디지털단지,9,31
20250510,서울대입구(관악구청),구로디지털단지,10,44
20250510,서울대입구(관악구청),구로디지털단지,11,38
20250510,서울대입구(관악구청),구로디지털단지,12,49
20250510,서울대입구(관악구청),구로디지털단지,13,60
20250510,서울대입구(관악구청),구로디지털단지,14,50
20250510,서울대입구(관악구청),구로디지털단지,15,64
20250510,서울대입구(관악구청),구로디지털단지,16,65
20250510,서울대입구(관악구청),구로디지털단지,17,45
20250510,서울대입구(관악구청),구로디지털단지,18,51
20250510,서울대입구(관악구청),구로디지털단지,19,53
20250510,서울대입구(관악구청),구로디지털단지,20,52
20250510,서울대입구(관악구청),구로디지털단지,21,45
20250510,서울대입구(관악구청),구로디지털단지,22,57
20250510,서울대입구(관악구청),구로디지털단지,23,24
20250510,서울대입구(관악구청),구의(광진구청),5,5
20250510,서울대입구(관악구청),구의(광진구청),6,8
20250510,서울대입구(관악구청),구의(광진구청),7,7
20250510,서울대입구(관악구청),구의(광진구청),8,3
20250510,서울대입구(관악구청),구의(광진구청),9,8
20250510,서울대입구(관악구청),구의(광진구청),10,10
20250510,서울대입구(관악구청),구의(광진구청),11,5
20250510,서울대입구(관악구청),구의(광진구청),12,12
20250510,서울대입구(관악구청),구의(광진구청),13,7
20250510,서울대입구(관악구청),구의(광진구청),14,6
20250510,서울대입구(관악구청),구의(광진구청),15,9
20250510,서울대입구(관악구청),구의(광진구청),16,9
20250510,서울대입구(관악구청),구의(광진구청),17,10
20250510,서울대입구(관악구청),구의(광진구청),18,7
20250510,서울대입구(관악구청),구의(광진구청),19,6
20250510,서울대입구(관악구청),구의(광진구청),20,7
20250510,서울대입구(관악구청),구의(광진구청),21,6
20250510,서울대입구(관악구청),구의(광진구청),22,4
20250510,서울대입구(관악구청),구의(광진구청),23,4
20250510,서울대입구(관악구청),낙성대,5,4
20250510,서울대입구(관악구청),낙성대,6,11
20250510,서울대입구(관악구청),낙성대,7,16
20250510,서울대입구(관악구청),낙성대,8,24
20250510,서울대입구(관악구청),낙성대,9,54
20250510,서울대입구(관악구청),낙성대,10,70
20250510,서울대입구(관악구청),낙성대,11,59
20250510,서울대입구(관악구청),낙성대,12,94
20250510,서울대입구(관악구청),낙성대,13,56
20250510,서울대입구(관악구청),낙성대,14,79
20250510,서울대입구(관악구청),낙성대,15,69
20250510,서울대입구(관악구청),낙성대,16,66
20250510,서울대입구(관악구청),낙성대,17,101
20250510,서울대입구(관악구청),낙성대,18,45
20250510,서울대입구(관악구청),낙성대,19,44
20250510,서울대입구(관악구청),낙성대,20,56
20250510,서울대입구(관악구청),낙성대,21,31
20250510,서울대입구(관악구청),낙성대,22,43
20250510,서울대입구(관악구청),낙성대,23,21
20250510,서울대입구(관악구청),당산,5,5
20250510,서울대입구(관악구청),당산,6,7
20250510,서울대입구(관악구청),당산,7,9
20250510,서울대입구(관악구청),당산,8,20
20250510,서울대입구(관악구청),당산,9,15
20250510,서울대입구(관악구청),당산,10,19
20250510,서울대입구(관악구청),당산,11,14
20250510,서울대입구(관악구청),당산,12,16
20250510,서울대입구(관악구청),당산,13,13
20250510,서울대입구(관악구청),당산,14,19
20250510,서울대입구(관악구청),당산,15,21
20250510,서울대입구(관악구청),당산,16,21
20250510,서울대입구(관악구청),당산,17,15
20250510,서울대입구(관악구청),당산,18,19
20250510,서울대입구(관악구청),당산,19,16
20250510,서울대입구(관악구청),당산,20,18
20250510,서울대입구(관악구청),당산,21,25
20250510,서울대입구(관악구청),당산,22,25
20250510,서울대입구(관악구청),당산,23,12
20250510,서울대입구(관악구청),대림(구로구청),5,6
20250510,서울대입구(관악구청),대림(구로구청),6,1
20250510,서울대입구(관악구청),대림(구로구청),7,10
20250510,서울대입구(관악구청),대림(구로구청),8,16
20250510,서울대입구(관악구청),대림(구로구청),9,22
20250510,서울대입구(관악구청),대림(구로구청),10,17
20250510,서울대입구(관악구청),대림(구로구청),11,18
20250510,서울대입구(관악구청),대림(구로구청),12,13
20250510,서울대입구(관악구청),대림(구로구청),13,20
20250510,서울대입구(관악구청),대림(구로구청),14,23
20250510,서울대입구(관악구청),대림(구로구청),15,28
20250510,서울대입구(관악구청),대림(구로구청),16,16
20250510,서울대입구(관악구청),대림(구로구청),17,16
20250510,서울대입구(관악구청),대림(구로구청),18,25
20250510,서울대입구(관악구청),대림(구로구청),19,10
20250510,서울대입구(관악구청),대림(구로구청),20,18
20250510,서울대입구(관악구청),대림(구로구청),21,15
20250510,서울대입구(관악구청),대림(구로구청),22,20
20250510,서울대입구(관악구청),대림(구로구청),23,17
20250510,서울대입구(관악구청),동대문역사문화공원,8,3
20250510,서울대입구(관악구청),동대문역사문화공원,9,3
20250510,서울대입구(관악구청),동대문역사문화공원,10,5
20250510,서울대입구(관악구청),동대문역사문화공원,11,2
20250510,서울대입구(관악구청),동대문역사문화공원,12,4
20250510,서울대입구(관악구청),동대문역사문화공원,13,5
20250510,서울대입구(관악구청),동대문역사문화공원,14,4
20250510,서울대입구(관악구청),동대문역사문화공원,15,3
20250510,서울대입구(관악구청),동대문역사문화공원,16,7
20250510,서울대입구(관악구청),동대문역사문화공원,17,2
20250510,서울대입구(관악구청),동대문역사문화공원,18,1
20250510,서울대입구(관악구청),동대문역사문화공원,19,1
20250510,서울대입구(관악구청),동대문역사문화공원,20,3
20250510,서울대입구(관악구청),동대문역사문화공원,22,1
20250510,서울대입구(관악구청),동대문역사문화공원,23,1
20250510,서울대입구(관악구청),뚝섬,5,2
20250510,서울대입구(관악구청),뚝섬,6,2
20250510,서울대입구(관악구청),뚝섬,8,2
20250510,서울대입구(관악구청),뚝섬,9,5
20250510,서울대입구(관악구청),뚝섬,10,10
20250510,서울대입구(관악구청),뚝섬,11,11
20250510,서울대입구(관악구청),뚝섬,12,7
20250510,서울대입구(관악구청),뚝섬,13,10
20250510,서울대입구(관악구청),뚝섬,14,9
20250510,서울대입구(관악구청),뚝섬,15,13
20250510,서울대입구(관악구청),뚝섬,16,9
20250510,서울대입구(관악구청),뚝섬,17,8
20250510,서울대입구(관악구청),뚝섬,18,1
20250510,서울대입구(관악구청),뚝섬,20,1
20250510,서울대입구(관악구청),뚝섬,21,1
20250510,서울대입구(관악구청),뚝섬,22,3
20250510,서울대입구(관악구청),문래,5,2
20250510,서울대입구(관악구청),문래,6,4
20250510,서울대입구(관악구청),문래,7,5
20250510,서울대입구(관악구청),문래,8,14
20250510,서울대입구(관악구청),문래,9,7
20250510,서울대입구(관악구청),문래,10,15
20250510,서울대입구(관악구청),문래,11,17
20250510,서울대입구(관악구청),문래,12,22
20250510,서울대입구(관악구청),문래,13,26
20250510,서울대입구(관악구청),문래,14,25
20250510,서울대입구(관악구청),문래,15,13
20250510,서울대입구(관악구청),문래,16,28
20250510,서울대입구(관악구청),문래,17,19
20250510,서울대입구(관악구청),문래,18,27
20250510,서울대입구(관악구청),문래,19,9
20250510,서울대입구(관악구청),문래,20,3
20250510,서울대입구(관악구청),문래,21,9
20250510,서울대입구(관악구청),문래,22,9
20250510,서울대입구(관악구청),문래,23,3
20250510,서울대입구(관악구청),방배,5,12
20250510,서울대입구(관악구청),방배,6,18
20250510,서울대입구(관악구청),방배,7,17
20250510,서울대입구(관악구청),방배,8,37
20250510,서울대입구(관악구청),방배,9,52
20250510,서울대입구(관악구청),방배,10,34
20250510,서울대입구(관악구청),방배,11,26
20250510,서울대입구(관악구청),방배,12,43
20250510,서울대입구(관악구청),방배,13,30
20250510,서울대입구(관악구청),방배,14,31
20250510,서울대입구(관악구청),방배,15,25
20250510,서울대입구(관악구청),방배,16,30
20250510,서울대입구(관악구청),방배,17,19
20250510,서울대입구(관악구청),방배,18,15
20250510,서울대입구(관악구청),방배,19,9
20250510,서울대입구(관악구청),방배,20,14
20250510,서울대입구(관악구청),방배,21,18
20250510,서울대입구(관악구청),방배,22,17
20250510,서울대입구(관악구청),방배,23,17
20250510,서울대입구(관악구청),봉천,5,3
20250510,서울대입구(관악구청),봉천,6,9
20250510,서울대입구(관악구청),봉천,7,13
20250510,서울대입구(관악구청),봉천,8,25
20250510,서울대입구(관악구청),봉천,9,39
20250510,서울대입구(관악구청),봉천,10,55
20250510,서울대입구(관악구청),봉천,11,65
20250510,서울대입구(관악구청),봉천,12,71
20250510,서울대입구(관악구청),봉천,13,66
20250510,서울대입구(관악구청),봉천,14,53
20250510,서울대입구(관악구청),봉천,15,51
20250510,서울대입구(관악구청),봉천,16,59
20250510,서울대입구(관악구청),봉천,17,61
20250510,서울대입구(관악구청),봉천,18,45
20250510,서울대입구(관악구청),봉천,19,53
20250510,서울대입구(관악구청),봉천,20,35
20250510,서울대입구(관악구청),봉천,21,24
20250510,서울대입구(관악구청),봉천,22,29
20250510,서울대입구(관악구청),봉천,23,9
20250510,서울대입구(관악구청),사당,4,1
20250510,서울대입구(관악구청),사당,5,6
20250510,서울대입구(관악구청),사당,6,43
20250510,서울대입구(관악구청),사당,7,27
20250510,서울대입구(관악구청),사당,8,41
20250510,서울대입구(관악구청),사당,9,59
20250510,서울대입구(관악구청),사당,10,66
20250510,서울대입구(관악구청),사당,11,90
20250510,서울대입구(관악구청),사당,12,65
20250510,서울대입구(관악구청),사당,13,98
20250510,서울대입구(관악구청),사당,14,81
20250510,서울대입구(관악구청),사당,15,71
20250510,서울대입구(관악구청),사당,16,99
20250510,서울대입구(관악구청),사당,17,115
20250510,서울대입구(관악구청),사당,18,108
20250510,서울대입구(관악구청),사당,19,67
20250510,서울대입구(관악구청),사당,20,49
20250510,서울대입구(관악구청),사당,21,38
20250510,서울대입구(관악구청),사당,22,36
20250510,서울대입구(관악구청),사당,23,18
20250510,서울대입구(관악구청),삼성(무역센터),4,4
20250510,서울대입구(관악구청),삼성(무역센터),5,29
20250510,서울대입구(관악구청),삼성(무역센터),6,38
20250510,서울대입구(관악구청),삼성(무역센터),7,51
20250510,서울대입구(관악구청),삼성(무역센터),8,67
20250510,서울대입구(관악구청),삼성(무역센터),9,91
20250510,서울대입구(관악구청),삼성(무역센터),10,105
20250510,서울대입구(관악구청),삼성(무역센터),11,90
20250510,서울대입구(관악구청),삼성(무역센터),12,115
20250510,서울대입구(관악구청),삼성(무역센터),13,89
20250510,서울대입구(관악구청),삼성(무역센터),14,50
20250510,서울대입구(관악구청),삼성(무역센터),15,57
20250510,서울대입구(관악구청),삼성(무역센터),16,56
20250510,서울대입구(관악구청),삼성(무역센터),17,33
20250510,서울대입구(관악구청),삼성(무역센터),18,21
20250510,서울대입구(관악구청),삼성(무역센터),19,16
20250510,서울대입구(관악구청),삼성(무역센터),20,12
20250510,서울대입구(관악구청),삼성(무역센터),21,11
20250510,서울대입구(관악구청),삼성(무역센터),22,12
20250510,서울대입구(관악구청),삼성(무역센터),23,9
20250510,서울대입구(관악구청),상왕십리,6,1
20250510,서울대입구(관악구청),상왕십리,7,2
20250510,서울대입구(관악구청),상왕십리,8,1
20250510,서울대입구(관악구청),상왕십리,10,2
20250510,서울대입구(관악구청),상왕십리,11,2
20250510,서울대입구(관악구청),상왕십리,12,3
20250510,서울대입구(관악구청),상왕십리,13,3
20250510,서울대입구(관악구청),상왕십리,14,1
20250510,서울대입구(관악구청),상왕십리,15,2
20250510,서울대입구(관악구청),상왕십리,16,4
20250510,서울대입구(관악구청),상왕십리,17,6
20250510,서울대입구(관악구청),상왕십리,18,3
20250510,서울대입구(관악구청),상왕십리,20,3
20250510,서울대입구(관악구청),상왕십리,21,1
20250510,서울대입구(관악구청),상왕십리,22,3
20250510,서울대입구(관악구청),상왕십리,23,1
20250510,서울대입구(관악구청),서울대입구(관악구청),5,8
20250510,서울대입구(관악구청),서울대입구(관악구청),6,7
20250510,서울대입구(관악구청),서울대입구(관악구청),7,2
20250510,서울대입구(관악구청),서울대입구(관악구청),8,11
20250510,서울대입구(관악구청),서울대입구(관악구청),9,14
20250510,서울대입구(관악구청),서울대입구(관악구청),10,21
20250510,서울대입구(관악구청),서울대입구(관악구청),11,21
20250510,서울대입구(관악구청),서울대입구(관악구청),12,19
20250510,서울대입구(관악구청),서울대입구(관악구청),13,32
20250510,서울대입구(관악구청),서울대입구(관악구청),14,31
20250510,서울대입구(관악구청),서울대입구(관악구청),15,28
20250510,서울대입구(관악구청),서울대입구(관악구청),16,29
20250510,서울대입구(관악구청),서울대입구(관악구청),17,25
20250510,서울대입구(관악구청),서울대입구(관악구청),18,21
20250510,서울대입구(관악구청),서울대입구(관악구청),19,15
20250510,서울대입구(관악구청),서울대입구(관악구청),20,27
20250510,서울대입구(관악구청),서울대입구(관악구청),21,34
20250510,서울대입구(관악구청),서울대입구(관악구청),22,36
20250510,서울대입구(관악구청),서울대입구(관악구청),23,24
20250510,서울대입구(관악구청),서초,4,1
20250510,서울대입구(관악구청),서초,5,23
20250510,서울대입구(관악구청),서초,6,40
20250510,서울대입구(관악구청),서초,7,29
20250510,서울대입구(관악구청),서초,8,38
20250510,서울대입구(관악구청),서초,9,35
20250510,서울대입구(관악구청),서초,10,37
20250510,서울대입구(관악구청),서초,11,27
20250510,서울대입구(관악구청),서초,12,26
20250510,서울대입구(관악구청),서초,13,36
20250510,서울대입구(관악구청),서초,14,33
20250510,서울대입구(관악구청),서초,15,47
20250510,서울대입구(관악구청),서초,16,39
20250510,서울대입구(관악구청),서초,17,29
20250510,서울대입구(관악구청),서초,18,14
20250510,서울대입구(관악구청),서초,19,10
20250510,서울대입구(관악구청),서초,20,13
20250510,서울대입구(관악구청),서초,21,16
20250510,서울대입구(관악구청),서초,22,13
20250510,서울대입구(관악구청),서초,23,5
20250510,서울대입구(관악구청),선릉,4,3
20250510,서울대입구(관악구청),선릉,5,33
20250510,서울대입구(관악구청),선릉,6,44
20250510,서울대입구(관악구청),선릉,7,40
20250510,서울대입구(관악구청),선릉,8,58
20250510,서울대입구(관악구청),선릉,9,96
20250510,서울대입구(관악구청),선릉,10,80
20250510,서울대입구(관악구청),선릉,11,65
20250510,서울대입구(관악구청),선릉,12,81
20250510,서울대입구(관악구청),선릉,13,74
20250510,서울대입구(관악구청),선릉,14,50
20250510,서울대입구(관악구청),선릉,15,49
20250510,서울대입구(관악구청),선릉,16,41
20250510,서울대입구(관악구청),선릉,17,40
20250510,서울대입구(관악구청),선릉,18,24
20250510,서울대입구(관악구청),선릉,19,22
20250510,서울대입구(관악구청),선릉,20,11
20250510,서울대입구(관악구청),선릉,21,15
20250510,서울대입구(관악구청),선릉,22,13
20250510,서울대입구(관악구청),선릉,23,10
20250510,서울대입구(관악구청),성수,5,7
20250510,서울대입구(관악구청),성수,6,12
20250510,서울대입구(관악구청),성수,7,5
20250510,서울대입구(관악구청),성수,8,10
20250510,서울대입구(관악구청),성수,9,17
20250510,서울대입구(관악구청),성수,10,28
20250510,서울대입구(관악구청),성수,11,25
20250510,서울대입구(관악구청),성수,12,26
20250510,서울대입구(관악구청),성수,13,30
20250510,서울대입구(관악구청),성수,14,32
20250510,서울대입구(관악구청),성수,15,40
20250510,서울대입구(관악구청),성수,16,27
20250510,서울대입구(관악구청),성수,17,14
20250510,서울대입구(관악구청),성수,18,12
20250510,서울대입구(관악구청),성수,19,4
20250510,서울대입구(관악구청),성수,20,5
20250510,서울대입구(관악구청),성수,21,3
20250510,서울대입구(관악구청),성수,22,4
20250510,서울대입구(관악구청),시청,4,1
20250510,서울대입구(관악구청),시청,5,2
20250510,서울대입구(관악구청),시청,6,2
20250510,서울대입구(관악구청),시청,7,5
20250510,서울대입구(관악구청),시청,8,9
20250510,서울대입구(관악구청),시청,9,9
20250510,서울대입구(관악구청),시청,10,6
20250510,서울대입구(관악구청),시청,11,8
20250510,서울대입구(관악구청),시청,12,9
20250510,서울대입구(관악구청),시청,13,8
20250510,서울대입구(관악구청),시청,14,12
20250510,서울대입구(관악구청),시청,15,5
20250510,서울대입구(관악구청),시청,16,5
20250510,서울대입구(관악구청),시청,18,1
20250510,서울대입구(관악구청),시청,20,1
20250510,서울대입구(관악구청),시청,21,4
20250510,서울대입구(관악구청),신당,5,2
20250510,서울대입구(관악구청),신당,6,1
20250510,서울대입구(관악구청),신당,7,3
20250510,서울대입구(관악구청),신당,9,9
20250510,서울대입구(관악구청),신당,10,1
20250510,서울대입구(관악구청),신당,11,2
20250510,서울대입구(관악구청),신당,12,4
20250510,서울대입구(관악구청),신당,13,6
20250510,서울대입구(관악구청),신당,14,3
20250510,서울대입구(관악구청),신당,15,1
20250510,서울대입구(관악구청),신당,16,5
20250510,서울대입구(관악구청),신당,18,1
20250510,서울대입구(관악구청),신당,19,4
20250510,서울대입구(관악구청),신당,20,3
20250510,서울대입구(관악구청),신당,21,2
20250510,서울대입구(관악구청),신당,22,2
20250510,서울대입구(관악구청),신대방,5,5
20250510,서울대입구(관악구청),신대방,6,9
20250510,서울대입구(관악구청),신대방,7,10
20250510,서울대입구(관악구청),신대방,8,20
20250510,서울대입구(관악구청),신대방,9,20
20250510,서울대입구(관악구청),신대방,10,19
20250510,서울대입구(관악구청),신대방,11,21
20250510,서울대입구(관악구청),신대방,12,30
20250510,서울대입구(관악구청),신대방,13,43
20250510,서울대입구(관악구청),신대방,14,34
20250510,서울대입구(관악구청),신대방,15,36
20250510,서울대입구(관악구청),신대방,16,34
20250510,서울대입구(관악구청),신대방,17,38
20250510,서울대입구(관악구청),신대방,18,27
20250510,서울대입구(관악구청),신대방,19,23
20250510,서울대입구(관악구청),신대방,20,39
20250510,서울대입구(관악구청),신대방,21,45
20250510,서울대입구(관악구청),신대방,22,29
20250510,서울대입구(관악구청),신대방,23,25
20250510,서울대입구(관악구청),신도림,4,1
20250510,서울대입구(관악구청),신도림,5,3
20250510,서울대입구(관악구청),신도림,6,10
20250510,서울대입구(관악구청),신도림,7,14
20250510,서울대입구(관악구청),신도림,8,16
20250510,서울대입구(관악구청),신도림,9,29
20250510,서울대입구(관악구청),신도림,10,34
20250510,서울대입구(관악구청),신도림,11,43
20250510,서울대입구(관악구청),신도림,12,47
20250510,서울대입구(관악구청),신도림,13,50
20250510,서울대입구(관악구청),신도림,14,42
20250510,서울대입구(관악구청),신도림,15,52
20250510,서울대입구(관악구청),신도림,16,78
20250510,서울대입구(관악구청),신도림,17,44
20250510,서울대입구(관악구청),신도림,18,45
20250510,서울대입구(관악구청),신도림,19,21
20250510,서울대입구(관악구청),신도림,20,14
20250510,서울대입구(관악구청),신도림,21,24
20250510,서울대입구(관악구청),신도림,22,35
20250510,서울대입구(관악구청),신도림,23,34
20250510,서울대입구(관악구청),신림,5,12
20250510,서울대입구(관악구청),신림,6,20
20250510,서울대입구(관악구청),신림,7,28
20250510,서울대입구(관악구청),신림,8,44
20250510,서울대입구(관악구청),신림,9,55
20250510,서울대입구(관악구청),신림,10,102
20250510,서울대입구(관악구청),신림,11,99
20250510,서울대입구(관악구청),신림,12,118
20250510,서울대입구(관악구청),신림,13,143
20250510,서울대입구(관악구청),신림,14,125
20250510,서울대입구(관악구청),신림,15,157
20250510,서울대입구(관악구청),신림,16,163
20250510,서울대입구(관악구청),신림,17,139
20250510,서울대입구(관악구청),신림,18,168
20250510,서울대입구(관악구청),신림,19,118
20250510,서울대입구(관악구청),신림,20,104
20250510,서울대입구(관악구청),신림,21,140
20250510,서울대입구(관악구청),신림,22,117
20250510,서울대입구(관악구청),신림,23,49
20250510,서울대입구(관악구청),신촌,5,2
20250510,서울대입구(관악구청),신촌,6,5
20250510,서울대입구(관악구청),신촌,7,13
20250510,서울대입구(관악구청),신촌,8,21
20250510,서울대입구(관악구청),신촌,9,16
20250510,서울대입구(관악구청),신촌,10,24
20250510,서울대입구(관악구청),신촌,11,14
20250510,서울대입구(관악구청),신촌,12,36
20250510,서울대입구(관악구청),신촌,13,35
20250510,서울대입구(관악구청),신촌,14,32
20250510,서울대입구(관악구청),신촌,15,26
20250510,서울대입구(관악구청),신촌,16,31
20250510,서울대입구(관악구청),신촌,17,27
20250510,서울대입구(관악구청),신촌,18,25
20250510,서울대입구(관악구청),신촌,19,11
20250510,서울대입구(관악구청),신촌,20,11
20250510,서울대입구(관악구청),신촌,21,16
20250510,서울대입구(관악구청),신촌,22,10
20250510,서울대입구(관악구청),신촌,23,6
20250510,서울대입구(관악구청),아현,7,3
20250510,서울대입구(관악구청),아현,8,2
20250510,서울대입구(관악구청),아현,9,2
20250510,서울대입구(관악구청),아현,10,1
20250510,서울대입구(관악구청),아현,11,2
20250510,서울대입구(관악구청),아현,12,2
20250510,서울대입구(관악구청),아현,13,6
20250510,서울대입구(관악구청),아현,14,4
20250510,서울대입구(관악구청),아현,15,2
20250510,서울대입구(관악구청),아현,16,3
20250510,서울대입구(관악구청),아현,17,8
20250510,서울대입구(관악구청),아현,18,2
20250510,서울대입구(관악구청),아현,19,8
20250510,서울대입구(관악구청),아현,20,2
20250510,서울대입구(관악구청),아현,21,4
20250510,서울대입구(관악구청),아현,22,8
20250510,서울대입구(관악구청),아현,23,1
20250510,서울대입구(관악구청),역삼,4,7
20250510,서울대입구(관악구청),역삼,5,17
20250510,서울대입구(관악구청),역삼,6,25
20250510,서울대입구(관악구청),역삼,7,37
20250510,서울대입구(관악구청),역삼,8,70
20250510,서울대입구(관악구청),역삼,9,86
20250510,서울대입구(관악구청),역삼,10,56
20250510,서울대입구(관악구청),역삼,11,75
20250510,서울대입구(관악구청),역삼,12,62
20250510,서울대입구(관악구청),역삼,13,60
20250510,서울대입구(관악구청),역삼,14,37
20250510,서울대입구(관악구청),역삼,15,28
20250510,서울대입구(관악구청),역삼,16,31
20250510,서울대입구(관악구청),역삼,17,33
20250510,서울대입구(관악구청),역삼,18,26
20250510,서울대입구(관악구청),역삼,19,8
20250510,서울대입구(관악구청),역삼,20,16
20250510,서울대입구(관악구청),역삼,21,12
20250510,서울대입구(관악구청),역삼,22,6
20250510,서울대입구(관악구청),역삼,23,5
20250510,서울대입구(관악구청),영등포구청,5,4
20250510,서울대입구(관악구청),영등포구청,6,3
20250510,서울대입구(관악구청),영등포구청,7,8
20250510,서울대입구(관악구청),영등포구청,8,8
20250510,서울대입구(관악구청),영등포구청,9,17
20250510,서울대입구(관악구청),영등포구청,10,16
20250510,서울대입구(관악구청),영등포구청,11,18
20250510,서울대입구(관악구청),영등포구청,12,18
20250510,서울대입구(관악구청),영등포구청,13,15
20250510,서울대입구(관악구청),영등포구청,14,14
20250510,서울대입구(관악구청),영등포구청,15,18
20250510,서울대입구(관악구청),영등포구청,16,18
20250510,서울대입구(관악구청),영등포구청,17,14
20250510,서울대입구(관악구청),영등포구청,18,7
20250510,서울대입구(관악구청),영등포구청,19,13
20250510,서울대입구(관악구청),영등포구청,20,10
20250510,서울대입구(관악구청),영등포구청,21,4
20250510,서울대입구(관악구청),영등포구청,22,4
20250510,서울대입구(관악구청),영등포구청,23,10
20250510,서울대입구(관악구청),왕십리(성동구청),5,2
20250510,서울대입구(관악구청),왕십리(성동구청),6,2
20250510,서울대입구(관악구청),왕십리(성동구청),8,2
20250510,서울대입구(관악구청),왕십리(성동구청),9,4
20250510,서울대입구(관악구청),왕십리(성동구청),10,2
20250510,서울대입구(관악구청),왕십리(성동구청),11,7
20250510,서울대입구(관악구청),왕십리(성동구청),12,2
20250510,서울대입구(관악구청),왕십리(성동구청),13,4
20250510,서울대입구(관악구청),왕십리(성동구청),14,4
20250510,서울대입구(관악구청),왕십리(성동구청),15,4
20250510,서울대입구(관악구청),왕십리(성동구청),16,1
20250510,서울대입구(관악구청),왕십리(성동구청),17,1
20250510,서울대입구(관악구청),왕십리(성동구청),19,2
20250510,서울대입구(관악구청),왕십리(성동구청),22,2
20250510,서울대입구(관악구청),왕십리(성동구청),23,1
20250510,서울대입구(관악구청),용두(동대문구청),5,2
20250510,서울대입구(관악구청),용두(동대문구청),7,1
20250510,서울대입구(관악구청),용두(동대문구청),8,1
20250510,서울대입구(관악구청),용두(동대문구청),11,1
20250510,서울대입구(관악구청),용두(동대문구청),12,2
20250510,서울대입구(관악구청),용두(동대문구청),13,2
20250510,서울대입구(관악구청),용두(동대문구청),16,1
20250510,서울대입구(관악구청),용두(동대문구청),17,1
20250510,서울대입구(관악구청),용두(동대문구청),19,1
20250510,서울대입구(관악구청),용두(동대문구청),21,1
20250510,서울대입구(관악구청),을지로3가,5,3
20250510,서울대입구(관악구청),을지로3가,6,1
20250510,서울대입구(관악구청),을지로3가,7,1
20250510,서울대입구(관악구청),을지로3가,8,4
20250510,서울대입구(관악구청),을지로3가,9,5
20250510,서울대입구(관악구청),을지로3가,10,8
20250510,서울대입구(관악구청),을지로3가,11,3
20250510,서울대입구(관악구청),을지로3가,12,3
20250510,서울대입구(관악구청),을지로3가,13,12
20250510,서울대입구(관악구청),을지로3가,14,8
20250510,서울대입구(관악구청),을지로3가,15,8
20250510,서울대입구(관악구청),을지로3가,16,8
20250510,서울대입구(관악구청),을지로3가,17,10
20250510,서울대입구(관악구청),을지로3가,18,1
20250510,서울대입구(관악구청),을지로3가,19,4
20250510,서울대입구(관악구청),을지로3가,20,2
20250510,서울대입구(관악구청),을지로3가,21,3
20250510,서울대입구(관악구청),을지로3가,22,1
20250510,서울대입구(관악구청),을지로4가,5,2
20250510,서울대입구(관악구청),을지로4가,6,3
20250510,서울대입구(관악구청),을지로4가,7,1
20250510,서울대입구(관악구청),을지로4가,8,1
20250510,서울대입구(관악구청),을지로4가,9,4
20250510,서울대입구(관악구청),을지로4가,10,5
20250510,서울대입구(관악구청),을지로4가,11,3
20250510,서울대입구(관악구청),을지로4가,12,11
20250510,서울대입구(관악구청),을지로4가,13,9
20250510,서울대입구(관악구청),을지로4가,14,6
20250510,서울대입구(관악구청),을지로4가,15,3
20250510,서울대입구(관악구청),을지로4가,16,6
20250510,서울대입구(관악구청),을지로4가,17,4
20250510,서울대입구(관악구청),을지로4가,18,4
20250510,서울대입구(관악구청),을지로4가,19,1
20250510,서울대입구(관악구청),을지로4가,20,1
20250510,서울대입구(관악구청),을지로4가,21,1
20250510,서울대입구(관악구청),을지로입구,4,1
20250510,서울대입구(관악구청),을지로입구,6,2
20250510,서울대입구(관악구청),을지로입구,7,8
20250510,서울대입구(관악구청),을지로입구,8,14
20250510,서울대입구(관악구청),을지로입구,9,13
20250510,서울대입구(관악구청),을지로입구,10,18
20250510,서울대입구(관악구청),을지로입구,11,10
20250510,서울대입구(관악구청),을지로입구,12,12
20250510,서울대입구(관악구청),을지로입구,13,14
20250510,서울대입구(관악구청),을지로입구,14,8
20250510,서울대입구(관악구청),을지로입구,15,12
20250510,서울대입구(관악구청),을지로입구,16,14
20250510,서울대입구(관악구청),을지로입구,17,11
20250510,서울대입구(관악구청),을지로입구,18,2
20250510,서울대입구(관악구청),을지로입구,19,2
20250510,서울대입구(관악구청),을지로입구,21,1
20250510,서울대입구(관악구청),을지로입구,22,2
20250510,서울대입구(관악구청),이대,5,1
20250510,서울대입구(관악구청),이대,7,1
20250510,서울대입구(관악구청),이대,8,6
20250510,서울대입구(관악구청),이대,9,11
20250510,서울대입구(관악구청),이대,10,11
20250510,서울대입구(관악구청),이대,11,18
20250510,서울대입구(관악구청),이대,12,19
20250510,서울대입구(관악구청),이대,13,10
20250510,서울대입구(관악구청),이대,14,23
20250510,서울대입구(관악구청),이대,15,9
20250510,서울대입구(관악구청),이대,16,5
20250510,서울대입구(관악구청),이대,17,24
20250510,서울대입구(관악구청),이대,18,11
20250510,서울대입구(관악구청),이대,19,5
20250510,서울대입구(관악구청),이대,20,6
20250510,서울대입구(관악구청),이대,21,11
20250510,서울대입구(관악구청),이대,22,7
20250510,서울대입구(관악구청),이대,23,5
20250510,서울대입구(관악구청),잠실(송파구청),4,1
20250510,서울대입구(관악구청),잠실(송파구청),5,18
20250510,서울대입구(관악구청),잠실(송파구청),6,30
20250510,서울대입구(관악구청),잠실(송파구청),7,44
20250510,서울대입구(관악구청),잠실(송파구청),8,65
20250510,서울대입구(관악구청),잠실(송파구청),9,111
20250510,서울대입구(관악구청),잠실(송파구청),10,68
20250510,서울대입구(관악구청),잠실(송파구청),11,113
20250510,서울대입구(관악구청),잠실(송파구청),12,132
20250510,서울대입구(관악구청),잠실(송파구청),13,118
20250510,서울대입구(관악구청),잠실(송파구청),14,101
20250510,서울대입구(관악구청),잠실(송파구청),15,125
20250510,서울대입구(관악구청),잠실(송파구청),16,88
20250510,서울대입구(관악구청),잠실(송파구청),17,87
20250510,서울대입구(관악구청),잠실(송파구청),18,67
20250510,서울대입구(관악구청),잠실(송파구청),19,37
20250510,서울대입구(관악구청),잠실(송파구청),20,44
20250510,서울대입구(관악구청),잠실(송파구청),21,32
20250510,서울대입구(관악구청),잠실(송파구청),22,49
20250510,서울대입구(관악구청),잠실(송파구청),23,22
20250510,서울대입구(관악구청),잠실나루,4,2
20250510,서울대입구(관악구청),잠실나루,5,10
20250510,서울대입구(관악구청),잠실나루,6,7
20250510,서울대입구(관악구청),잠실나루,7,2
20250510,서울대입구(관악구청),잠실나루,8,3
20250510,서울대입구(관악구청),잠실나루,9,7
20250510,서울대입구(관악구청),잠실나루,10,1
20250510,서울대입구(관악구청),잠실나루,11,5
20250510,서울대입구(관악구청),잠실나루,12,3
20250510,서울대입구(관악구청),잠실나루,13,10
20250510,서울대입구(관악구청),잠실나루,14,5
20250510,서울대입구(관악구청),잠실나루,15,4
20250510,서울대입구(관악구청),잠실나루,16,4
20250510,서울대입구(관악구청),잠실나루,17,1
20250510,서울대입구(관악구청),잠실나루,18,3
20250510,서울대입구(관악구청),잠실나루,19,2
20250510,서울대입구(관악구청),잠실나루,20,2
20250510,서울대입구(관악구청),잠실나루,21,4
20250510,서울대입구(관악구청),잠실나루,22,5
20250510,서울대입구(관악구청),잠실나루,23,1
20250510,서울대입구(관악구청),잠실새내,5,2
20250510,서울대입구(관악구청),잠실새내,6,9
20250510,서울대입구(관악구청),잠실새내,7,11
20250510,서울대입구(관악구청),잠실새내,8,17
20250510,서울대입구(관악구청),잠실새내,9,20
20250510,서울대입구(관악구청),잠실새내,10,17
20250510,서울대입구(관악구청),잠실새내,11,16
20250510,서울대입구(관악구청),잠실새내,12,15
20250510,서울대입구(관악구청),잠실새내,13,24
20250510,서울대입구(관악구청),잠실새내,14,19
20250510,서울대입구(관악구청),잠실새내,15,21
20250510,서울대입구(관악구청),잠실새내,16,18
20250510,서울대입구(관악구청),잠실새내,17,21
20250510,서울대입구(관악구청),잠실새내,18,17
20250510,서울대입구(관악구청),잠실새내,19,7
20250510,서울대입구(관악구청),잠실새내,20,11
20250510,서울대입구(관악구청),잠실새내,21,8
20250510,서울대입구(관악구청),잠실새내,22,9
20250510,서울대입구(관악구청),잠실새내,23,7
20250510,서울대입구(관악구청),종합운동장,4,2
20250510,서울대입구(관악구청),종합운동장,5,14
20250510,서울대입구(관악구청),종합운동장,6,5
20250510,서울대입구(관악구청),종합운동장,7,17
20250510,서울대입구(관악구청),종합운동장,8,15
20250510,서울대입구(관악구청),종합운동장,9,7
20250510,서울대입구(관악구청),종합운동장,10,12
20250510,서울대입구(관악구청),종합운동장,11,10
20250510,서울대입구(관악구청),종합운동장,12,9
20250510,서울대입구(관악구청),종합운동장,13,7
20250510,서울대입구(관악구청),종합운동장,14,31
20250510,서울대입구(관악구청),종합운동장,15,67
20250510,서울대입구(관악구청),종합운동장,16,54
20250510,서울대입구(관악구청),종합운동장,17,15
20250510,서울대입구(관악구청),종합운동장,18,4
20250510,서울대입구(관악구청),종합운동장,19,1
20250510,서울대입구(관악구청),종합운동장,20,1
20250510,서울대입구(관악구청),종합운동장,21,3
20250510,서울대입구(관악구청),종합운동장,22,4
20250510,서울대입구(관악구청),종합운동장,23,2
20250510,서울대입구(관악구청),충정로(경기대입구),6,1
20250510,서울대입구(관악구청),충정로(경기대입구),7,1
20250510,서울대입구(관악구청),충정로(경기대입구),8,6
20250510,서울대입구(관악구청),충정로(경기대입구),9,5
20250510,서울대입구(관악구청),충정로(경기대입구),10,1
20250510,서울대입구(관악구청),충정로(경기대입구),11,2
20250510,서울대입구(관악구청),충정로(경기대입구),12,5
20250510,서울대입구(관악구청),충정로(경기대입구),13,7
20250510,서울대입구(관악구청),충정로(경기대입구),14,3
20250510,서울대입구(관악구청),충정로(경기대입구),17,1
20250510,서울대입구(관악구청),충정로(경기대입구),18,1
20250510,서울대입구(관악구청),충정로(경기대입구),20,3
20250510,서울대입구(관악구청),충정로(경기대입구),21,1
20250510,서울대입구(관악구청),충정로(경기대입구),23,1
20250510,서울대입구(관악구청),한양대,5,5
20250510,서울대입구(관악구청),한양대,7,1
20250510,서울대입구(관악구청),한양대,8,1
20250510,서울대입구(관악구청),한양대,9,4
20250510,서울대입구(관악구청),한양대,11,1
20250510,서울대입구(관악구청),한양대,12,6
20250510,서울대입구(관악구청),한양대,13,5
20250510,서울대입구(관악구청),한양대,14,4
20250510,서울대입구(관악구청),한양대,15,4
20250510,서울대입구(관악구청),한양대,16,4
20250510,서울대입구(관악구청),한양대,17,3
20250510,서울대입구(관악구청),한양대,18,1
20250510,서울대입구(관악구청),한양대,19,1
20250510,서울대입구(관악구청),한양대,20,1
20250510,서울대입구(관악구청),한양대,22,1
20250510,서울대입구(관악구청),합정,5,6
20250510,서울대입구(관악구청),합정,6,8
20250510,서울대입구(관악구청),합정,7,17
20250510,서울대입구(관악구청),합정,8,21
20250510,서울대입구(관악구청),합정,9,19
20250510,서울대입구(관악구청),합정,10,31
20250510,서울대입구(관악구청),합정,11,33
20250510,서울대입구(관악구청),합정,12,52
20250510,서울대입구(관악구청),합정,13,57
20250510,서울대입구(관악구청),합정,14,56
20250510,서울대입구(관악구청),합정,15,46
20250510,서울대입구(관악구청),합정,16,54
20250510,서울대입구(관악구청),합정,17,50
20250510,서울대입구(관악구청),합정,18,55
20250510,서울대입구(관악구청),합정,19,24
20250510,서울대입구(관악구청),합정,20,20
20250510,서울대입구(관악구청),합정,21,21
20250510,서울대입구(관악구청),합정,22,25
20250510,서울대입구(관악구청),합정,23,26
20250510,서울대입구(관악구청),홍대입구,4,1
20250510,서울대입구(관악구청),홍대입구,5,2
20250510,서울대입구(관악구청),홍대입구,6,9
20250510,서울대입구(관악구청),홍대입구,7,19
20250510,서울대입구(관악구청),홍대입구,8,24
20250510,서울대입구(관악구청),홍대입구,9,49
20250510,서울대입구(관악구청),홍대입구,10,64
20250510,서울대입구(관악구청),홍대입구,11,85
20250510,서울대입구(관악구청),홍대입구,12,103
20250510,서울대입구(관악구청),홍대입구,13,85
20250510,서울대입구(관악구청),홍대입구,14,106
20250510,서울대입구(관악구청),홍대입구,15,95
20250510,서울대입구(관악구청),홍대입구,16,93
20250510,서울대입구(관악구청),홍대입구,17,76
20250510,서울대입구(관악구청),홍대입구,18,59
20250510,서울대입구(관악구청),홍대입구,19,36
20250510,서울대입구(관악구청),홍대입구,20,31
20250510,서울대입구(관악구청),홍대입구,21,36
20250510,서울대입구(관악구청),홍대입구,22,19
20250510,서울대입구(관악구청),홍대입구,23,21
20250510,서초,강남,5,2
20250510,서초,강남,6,3
20250510,서초,강남,7,14
20250510,서초,강남,8,52
20250510,서초,강남,9,65
20250510,서초,강남,10,60
20250510,서초,강남,11,68
20250510,서초,강남,12,132
20250510,서초,강남,13,106
20250510,서초,강남,14,70
20250510,서초,강남,15,48
20250510,서초,강남,16,61
20250510,서초,강남,17,120
20250510,서초,강남,18,94
20250510,서초,강남,19,52
20250510,서초,강남,20,51
20250510,서초,강남,21,32
20250510,서초,강남,22,21
20250510,서초,강남,23,4
20250510,서초,강변(동서울터미널),5,2
20250510,서초,강변(동서울터미널),6,6
20250510,서초,강변(동서울터미널),7,6
20250510,서초,강변(동서울터미널),8,7
20250510,서초,강변(동서울터미널),9,6
20250510,서초,강변(동서울터미널),10,18
20250510,서초,강변(동서울터미널),11,10
20250510,서초,강변(동서울터미널),12,12
20250510,서초,강변(동서울터미널),13,7
20250510,서초,강변(동서울터미널),14,13
20250510,서초,강변(동서울터미널),15,9
20250510,서초,강변(동서울터미널),16,12
20250510,서초,강변(동서울터미널),17,17
20250510,서초,강변(동서울터미널),18,8
20250510,서초,강변(동서울터미널),19,7
20250510,서초,강변(동서울터미널),20,11
20250510,서초,강변(동서울터미널),21,17
20250510,서초,강변(동서울터미널),22,3
20250510,서초,강변(동서울터미널),23,3
20250510,서초,건대입구,7,1
20250510,서초,건대입구,8,5
20250510,서초,건대입구,9,8
20250510,서초,건대입구,10,5
20250510,서초,건대입구,11,7
20250510,서초,건대입구,12,24
20250510,서초,건대입구,13,11
20250510,서초,건대입구,14,8
20250510,서초,건대입구,15,10
20250510,서초,건대입구,16,15
20250510,서초,건대입구,17,23
20250510,서초,건대입구,18,14
20250510,서초,건대입구,19,6
20250510,서초,건대입구,20,12
20250510,서초,건대입구,21,5
20250510,서초,건대입구,22,10
20250510,서초,교대(법원.검찰청),5,1
20250510,서초,교대(법원.검찰청),6,3
20250510,서초,교대(법원.검찰청),7,8
20250510,서초,교대(법원.검찰청),8,27
20250510,서초,교대(법원.검찰청),9,28
20250510,서초,교대(법원.검찰청),10,24
20250510,서초,교대(법원.검찰청),11,34
20250510,서초,교대(법원.검찰청),12,26
20250510,서초,교대(법원.검찰청),13,24
20250510,서초,교대(법원.검찰청),14,18
20250510,서초,교대(법원.검찰청),15,19
20250510,서초,교대(법원.검찰청),16,53
20250510,서초,교대(법원.검찰청),17,75
20250510,서초,교대(법원.검찰청),18,22
20250510,서초,교대(법원.검찰청),19,17
20250510,서초,교대(법원.검찰청),20,20
20250510,서초,교대(법원.검찰청),21,14
20250510,서초,교대(법원.검찰청),22,2
20250510,서초,구로디지털단지,6,3
20250510,서초,구로디지털단지,7,3
20250510,서초,구로디지털단지,8,11
20250510,서초,구로디지털단지,9,8
20250510,서초,구로디지털단지,10,4
20250510,서초,구로디지털단지,11,18
20250510,서초,구로디지털단지,12,15
20250510,서초,구로디지털단지,13,23
20250510,서초,구로디지털단지,14,13
20250510,서초,구로디지털단지,15,19
20250510,서초,구로디지털단지,16,23
20250510,서초,구로디지털단지,17,33
20250510,서초,구로디지털단지,18,27
20250510,서초,구로디지털단지,19,19
20250510,서초,구로디지털단지,20,29
20250510,서초,구로디지털단지,21,30
20250510,서초,구로디지털단지,22,11
20250510,서초,구로디지털단지,23,1
20250510,서초,구의(광진구청),6,1
20250510,서초,구의(광진구청),7,4
20250510,서초,구의(광진구청),8,3
20250510,서초,구의(광진구청),9,7
20250510,서초,구의(광진구청),10,5
20250510,서초,구의(광진구청),11,12
20250510,서초,구의(광진구청),12,7
20250510,서초,구의(광진구청),13,5
20250510,서초,구의(광진구청),14,3
20250510,서초,구의(광진구청),15,5
20250510,서초,구의(광진구청),16,16
20250510,서초,구의(광진구청),17,13
20250510,서초,구의(광진구청),18,8
20250510,서초,구의(광진구청),19,8
20250510,서초,구의(광진구청),20,12
20250510,서초,구의(광진구청),21,7
20250510,서초,구의(광진구청),22,9
20250510,서초,구의(광진구청),23,3
20250510,서초,낙성대,5,1
20250510,서초,낙성대,6,5
20250510,서초,낙성대,7,8
20250510,서초,낙성대,8,12
20250510,서초,낙성대,9,11
20250510,서초,낙성대,10,10
20250510,서초,낙성대,11,12
20250510,서초,낙성대,12,13
20250510,서초,낙성대,13,15
20250510,서초,낙성대,14,22
20250510,서초,낙성대,15,15
20250510,서초,낙성대,16,18
20250510,서초,낙성대,17,22
20250510,서초,낙성대,18,22
20250510,서초,낙성대,19,24
20250510,서초,낙성대,20,22
20250510,서초,낙성대,21,18
20250510,서초,낙성대,22,9
20250510,서초,낙성대,23,14
20250510,서초,당산,7,3
20250510,서초,당산,8,2
20250510,서초,당산,10,2
20250510,서초,당산,11,2
20250510,서초,당산,12,4
20250510,서초,당산,13,4
20250510,서초,당산,14,4
20250510,서초,당산,15,7
20250510,서초,당산,16,9
20250510,서초,당산,17,20
20250510,서초,당산,18,12
20250510,서초,당산,19,12
20250510,서초,당산,20,10
20250510,서초,당산,21,4
20250510,서초,당산,22,6
20250510,서초,대림(구로구청),5,1
20250510,서초,대림(구로구청),6,1
20250510,서초,대림(구로구청),7,4
20250510,서초,대림(구로구청),8,2
20250510,서초,대림(구로구청),9,6
20250510,서초,대림(구로구청),10,3
20250510,서초,대림(구로구청),11,9
20250510,서초,대림(구로구청),12,10
20250510,서초,대림(구로구청),13,4
20250510,서초,대림(구로구청),14,9
20250510,서초,대림(구로구청),15,10
20250510,서초,대림(구로구청),16,16
20250510,서초,대림(구로구청),17,14
20250510,서초,대림(구로구청),18,8
20250510,서초,대림(구로구청),19,9
20250510,서초,대림(구로구청),20,20
20250510,서초,대림(구로구청),21,18
20250510,서초,대림(구로구청),22,3
20250510,서초,대림(구로구청),23,2
20250510,서초,동대문역사문화공원,5,1
20250510,서초,동대문역사문화공원,10,3
20250510,서초,동대문역사문화공원,11,6
20250510,서초,동대문역사문화공원,12,1
20250510,서초,동대문역사문화공원,15,5
20250510,서초,동대문역사문화공원,16,1
20250510,서초,동대문역사문화공원,17,1
20250510,서초,동대문역사문화공원,18,2
20250510,서초,동대문역사문화공원,20,2
20250510,서초,뚝섬,5,2
20250510,서초,뚝섬,8,4
20250510,서초,뚝섬,9,7
20250510,서초,뚝섬,10,9
20250510,서초,뚝섬,11,2
20250510,서초,뚝섬,12,5
20250510,서초,뚝섬,13,3
20250510,서초,뚝섬,14,7
20250510,서초,뚝섬,15,2
20250510,서초,뚝섬,17,4
20250510,서초,뚝섬,18,1
20250510,서초,뚝섬,19,1
20250510,서초,뚝섬,20,1
20250510,서초,뚝섬,21,3
20250510,서초,문래,6,1
20250510,서초,문래,8,1
20250510,서초,문래,9,2
20250510,서초,문래,10,2
20250510,서초,문래,11,4
20250510,서초,문래,12,7
20250510,서초,문래,13,5
20250510,서초,문래,14,3
20250510,서초,문래,15,8
20250510,서초,문래,16,7
20250510,서초,문래,17,10
20250510,서초,문래,18,3
20250510,서초,문래,19,3
20250510,서초,문래,20,6
20250510,서초,문래,21,1
20250510,서초,문래,22,2
20250510,서초,방배,6,3
20250510,서초,방배,7,4
20250510,서초,방배,8,25
20250510,서초,방배,9,24
20250510,서초,방배,10,21
20250510,서초,방배,11,22
20250510,서초,방배,12,16
20250510,서초,방배,13,15
20250510,서초,방배,14,20
20250510,서초,방배,15,15
20250510,서초,방배,16,16
20250510,서초,방배,17,32
20250510,서초,방배,18,19
20250510,서초,방배,19,12
20250510,서초,방배,20,11
20250510,서초,방배,21,4
20250510,서초,방배,22,2
20250510,서초,방배,23,3
20250510,서초,봉천,5,1
20250510,서초,봉천,6,2
20250510,서초,봉천,7,6
20250510,서초,봉천,8,11
20250510,서초,봉천,9,12
20250510,서초,봉천,10,8
20250510,서초,봉천,11,15
20250510,서초,봉천,12,11
20250510,서초,봉천,13,15
20250510,서초,봉천,14,14
20250510,서초,봉천,15,21
20250510,서초,봉천,16,18
20250510,서초,봉천,17,24
20250510,서초,봉천,18,16
20250510,서초,봉천,19,6
20250510,서초,봉천,20,8
20250510,서초,봉천,21,25
20250510,서초,봉천,22,15
20250510,서초,봉천,23,1
20250510,서초,사당,5,1
20250510,서초,사당,6,7
20250510,서초,사당,7,15
20250510,서초,사당,8,32
20250510,서초,사당,9,24
20250510,서초,사당,10,19
20250510,서초,사당,11,30
20250510,서초,사당,12,31
20250510,서초,사당,13,42
20250510,서초,사당,14,34
20250510,서초,사당,15,37
20250510,서초,사당,16,53
20250510,서초,사당,17,121
20250510,서초,사당,18,68
20250510,서초,사당,19,45
20250510,서초,사당,20,57
20250510,서초,사당,21,29
20250510,서초,사당,22,20
20250510,서초,사당,23,4
20250510,서초,삼성(무역센터),5,2
20250510,서초,삼성(무역센터),6,12
20250510,서초,삼성(무역센터),7,11
20250510,서초,삼성(무역센터),8,27
20250510,서초,삼성(무역센터),9,45
20250510,서초,삼성(무역센터),10,43
20250510,서초,삼성(무역센터),11,43
20250510,서초,삼성(무역센터),12,57
20250510,서초,삼성(무역센터),13,51
20250510,서초,삼성(무역센터),14,38
20250510,서초,삼성(무역센터),15,51
20250510,서초,삼성(무역센터),16,38
20250510,서초,삼성(무역센터),17,34
20250510,서초,삼성(무역센터),18,24
20250510,서초,삼성(무역센터),19,5
20250510,서초,삼성(무역센터),20,10
20250510,서초,삼성(무역센터),21,6
20250510,서초,삼성(무역센터),23,2
20250510,서초,상왕십리,8,3
20250510,서초,상왕십리,10,1
20250510,서초,상왕십리,11,1
20250510,서초,상왕십리,12,2
20250510,서초,상왕십리,13,1
20250510,서초,상왕십리,15,1
20250510,서초,상왕십리,16,4
20250510,서초,상왕십리,17,4
20250510,서초,상왕십리,18,3
20250510,서초,상왕십리,19,3
20250510,서초,상왕십리,20,2
20250510,서초,상왕십리,21,3
20250510,서초,서울대입구(관악구청),5,2
20250510,서초,서울대입구(관악구청),6,4
20250510,서초,서울대입구(관악구청),7,5
20250510,서초,서울대입구(관악구청),8,30
20250510,서초,서울대입구(관악구청),9,15
20250510,서초,서울대입구(관악구청),10,17
20250510,서초,서울대입구(관악구청),11,30
20250510,서초,서울대입구(관악구청),12,28
20250510,서초,서울대입구(관악구청),13,23
20250510,서초,서울대입구(관악구청),14,24
20250510,서초,서울대입구(관악구청),15,28
20250510,서초,서울대입구(관악구청),16,31
20250510,서초,서울대입구(관악구청),17,55
20250510,서초,서울대입구(관악구청),18,49
20250510,서초,서울대입구(관악구청),19,23
20250510,서초,서울대입구(관악구청),20,40
20250510,서초,서울대입구(관악구청),21,40
20250510,서초,서울대입구(관악구청),22,22
20250510,서초,서울대입구(관악구청),23,11
20250510,서초,서초,5,2
20250510,서초,서초,6,2
20250510,서초,서초,7,5
20250510,서초,서초,8,3
20250510,서초,서초,9,6
20250510,서초,서초,10,4
20250510,서초,서초,11,17
20250510,서초,서초,12,7
20250510,서초,서초,13,13
20250510,서초,서초,14,14
20250510,서초,서초,15,13
20250510,서초,서초,16,33
20250510,서초,서초,17,33
20250510,서초,서초,18,30
20250510,서초,서초,19,14
20250510,서초,서초,20,15
20250510,서초,서초,22,8
20250510,서초,서초,23,3
20250510,서초,선릉,6,4
20250510,서초,선릉,7,5
20250510,서초,선릉,8,29
20250510,서초,선릉,9,37
20250510,서초,선릉,10,32
20250510,서초,선릉,11,28
20250510,서초,선릉,12,49
20250510,서초,선릉,13,36
20250510,서초,선릉,14,20
20250510,서초,선릉,15,29
20250510,서초,선릉,16,26
20250510,서초,선릉,17,39
20250510,서초,선릉,18,15
20250510,서초,선릉,19,19
20250510,서초,선릉,20,20
20250510,서초,선릉,21,6
20250510,서초,선릉,22,4
20250510,서초,선릉,23,3
20250510,서초,성수,5,4
20250510,서초,성수,6,2
20250510,서초,성수,8,1
20250510,서초,성수,9,3
20250510,서초,성수,10,12
20250510,서초,성수,11,15
20250510,서초,성수,12,12
20250510,서초,성수,13,18
20250510,서초,성수,14,17
20250510,서초,성수,15,9
20250510,서초,성수,16,9
20250510,서초,성수,17,11
20250510,서초,성수,18,9
20250510,서초,성수,19,2
20250510,서초,성수,20,3
20250510,서초,성수,21,1
20250510,서초,성수,22,1
20250510,서초,시청,7,1
20250510,서초,시청,9,4
20250510,서초,시청,10,1
20250510,서초,시청,17,1
20250510,서초,시청,18,2
20250510,서초,신당,11,1
20250510,서초,신당,12,1
20250510,서초,신당,13,1
20250510,서초,신당,14,2
20250510,서초,신당,15,1
20250510,서초,신당,17,7
20250510,서초,신당,20,2
20250510,서초,신당,21,3
20250510,서초,신당,22,1
20250510,서초,신대방,6,1
20250510,서초,신대방,7,4
20250510,서초,신대방,8,4
20250510,서초,신대방,9,1
20250510,서초,신대방,10,3
20250510,서초,신대방,11,7
20250510,서초,신대방,12,9
20250510,서초,신대방,13,7
20250510,서초,신대방,14,9
20250510,서초,신대방,15,13
20250510,서초,신대방,16,13
20250510,서초,신대방,17,12
20250510,서초,신대방,18,8
20250510,서초,신대방,19,15
20250510,서초,신대방,20,16
20250510,서초,신대방,21,21
20250510,서초,신대방,22,7
20250510,서초,신대방,23,1
20250510,서초,신도림,5,1
20250510,서초,신도림,6,6
20250510,서초,신도림,7,1
20250510,서초,신도림,8,5
20250510,서초,신도림,9,9
20250510,서초,신도림,10,11
20250510,서초,신도림,11,8
20250510,서초,신도림,12,16
20250510,서초,신도림,13,13
20250510,서초,신도림,14,18
20250510,서초,신도림,15,19
20250510,서초,신도림,16,20
20250510,서초,신도림,17,25
20250510,서초,신도림,18,32
20250510,서초,신도림,19,19
20250510,서초,신도림,20,8
20250510,서초,신도림,21,9
20250510,서초,신도림,22,8
20250510,서초,신도림,23,4
20250510,서초,신림,5,1
20250510,서초,신림,6,14
20250510,서초,신림,7,9
20250510,서초,신림,8,7
20250510,서초,신림,9,10
20250510,서초,신림,10,9
20250510,서초,신림,11,13
20250510,서초,신림,12,19
20250510,서초,신림,13,34
20250510,서초,신림,14,20
20250510,서초,신림,15,27
20250510,서초,신림,16,34
20250510,서초,신림,17,55
20250510,서초,신림,18,35
20250510,서초,신림,19,28
20250510,서초,신림,20,51
20250510,서초,신림,21,58
20250510,서초,신림,22,25
20250510,서초,신림,23,8
20250510,서초,신촌,5,1
20250510,서초,신촌,7,3
20250510,서초,신촌,8,4
20250510,서초,신촌,9,2
20250510,서초,신촌,10,3
20250510,서초,신촌,11,7
20250510,서초,신촌,12,3
20250510,서초,신촌,13,7
20250510,서초,신촌,14,7
20250510,서초,신촌,15,3
20250510,서초,신촌,16,10
20250510,서초,신촌,17,16
20250510,서초,신촌,18,10
20250510,서초,신촌,20,5
20250510,서초,신촌,21,10
20250510,서초,신촌,22,1
20250510,서초,신촌,23,1
20250510,서초,아현,8,1
20250510,서초,아현,9,1
20250510,서초,아현,11,2
20250510,서초,아현,14,2
20250510,서초,아현,15,1
20250510,서초,아현,17,1
20250510,서초,아현,18,6
20250510,서초,아현,19,2
20250510,서초,아현,20,2
20250510,서초,아현,21,2
20250510,서초,아현,23,1
20250510,서초,역삼,5,1
20250510,서초,역삼,6,1
20250510,서초,역삼,7,2
20250510,서초,역삼,8,17
20250510,서초,역삼,9,10
20250510,서초,역삼,10,33
20250510,서초,역삼,11,27
20250510,서초,역삼,12,32
20250510,서초,역삼,13,31
20250510,서초,역삼,14,22
20250510,서초,역삼,15,17
20250510,서초,역삼,16,27
20250510,서초,역삼,17,30
20250510,서초,역삼,18,14
20250510,서초,역삼,19,13
20250510,서초,역삼,20,5
20250510,서초,역삼,21,7
20250510,서초,역삼,22,2
20250510,서초,역삼,23,1
20250510,서초,영등포구청,6,2
20250510,서초,영등포구청,7,2
20250510,서초,영등포구청,8,4
20250510,서초,영등포구청,10,8
20250510,서초,영등포구청,12,4
20250510,서초,영등포구청,13,9
20250510,서초,영등포구청,14,5
20250510,서초,영등포구청,15,6
20250510,서초,영등포구청,16,6
20250510,서초,영등포구청,17,5
20250510,서초,영등포구청,18,5
20250510,서초,영등포구청,19,5
20250510,서초,영등포구청,20,3
20250510,서초,영등포구청,21,5
20250510,서초,영등포구청,22,1
20250510,서초,영등포구청,23,1
20250510,서초,왕십리(성동구청),8,3
20250510,서초,왕십리(성동구청),11,3
20250510,서초,왕십리(성동구청),12,1
20250510,서초,왕십리(성동구청),13,1
20250510,서초,왕십리(성동구청),14,4
20250510,서초,왕십리(성동구청),15,4
20250510,서초,왕십리(성동구청),16,5
20250510,서초,왕십리(성동구청),17,4
20250510,서초,왕십리(성동구청),18,4
20250510,서초,왕십리(성동구청),19,1
20250510,서초,왕십리(성동구청),20,1
20250510,서초,왕십리(성동구청),21,3
20250510,서초,용두(동대문구청),14,1
20250510,서초,용두(동대문구청),15,1
20250510,서초,용두(동대문구청),16,1
20250510,서초,용두(동대문구청),19,1
20250510,서초,용두(동대문구청),20,1
20250510,서초,용두(동대문구청),21,1
20250510,서초,을지로4가,8,1
20250510,서초,을지로4가,14,5
20250510,서초,을지로4가,15,2
20250510,서초,을지로입구,9,1
20250510,서초,을지로입구,10,3
20250510,서초,을지로입구,11,2
20250510,서초,을지로입구,12,1
20250510,서초,을지로입구,14,2
20250510,서초,을지로입구,15,1
20250510,서초,을지로입구,16,1
20250510,서초,을지로입구,17,1
20250510,서초,을지로입구,18,3
20250510,서초,을지로입구,19,2
20250510,서초,이대,7,4
20250510,서초,이대,8,3
20250510,서초,이대,9,2
20250510,서초,이대,10,2
20250510,서초,이대,11,3
20250510,서초,이대,12,6
20250510,서초,이대,13,1
20250510,서초,이대,14,1
20250510,서초,이대,16,2
20250510,서초,이대,17,10
20250510,서초,이대,18,2
20250510,서초,이대,19,1
20250510,서초,이대,20,6
20250510,서초,이대,21,1
20250510,서초,이대,22,5
20250510,서초,잠실(송파구청),6,19
20250510,서초,잠실(송파구청),7,17
20250510,서초,잠실(송파구청),8,31
20250510,서초,잠실(송파구청),9,48
20250510,서초,잠실(송파구청),10,56
20250510,서초,잠실(송파구청),11,76
20250510,서초,잠실(송파구청),12,93
20250510,서초,잠실(송파구청),13,78
20250510,서초,잠실(송파구청),14,72
20250510,서초,잠실(송파구청),15,66
20250510,서초,잠실(송파구청),16,72
20250510,서초,잠실(송파구청),17,118
20250510,서초,잠실(송파구청),18,57
20250510,서초,잠실(송파구청),19,30
20250510,서초,잠실(송파구청),20,37
20250510,서초,잠실(송파구청),21,34
20250510,서초,잠실(송파구청),22,15
20250510,서초,잠실(송파구청),23,11
20250510,서초,잠실나루,6,2
20250510,서초,잠실나루,8,4
20250510,서초,잠실나루,9,3
20250510,서초,잠실나루,10,6
20250510,서초,잠실나루,11,1
20250510,서초,잠실나루,12,5
20250510,서초,잠실나루,13,4
20250510,서초,잠실나루,14,1
20250510,서초,잠실나루,15,7
20250510,서초,잠실나루,16,5
20250510,서초,잠실나루,17,5
20250510,서초,잠실나루,18,5
20250510,서초,잠실나루,19,5
20250510,서초,잠실나루,20,10
20250510,서초,잠실나루,21,3
20250510,서초,잠실나루,22,3
20250510,서초,잠실나루,23,3
20250510,서초,잠실새내,7,4
20250510,서초,잠실새내,8,16
20250510,서초,잠실새내,9,11
20250510,서초,잠실새내,10,10
20250510,서초,잠실새내,11,15
20250510,서초,잠실새내,12,11
20250510,서초,잠실새내,13,19
20250510,서초,잠실새내,14,18
20250510,서초,잠실새내,15,14
20250510,서초,잠실새내,16,16
20250510,서초,잠실새내,17,25
20250510,서초,잠실새내,18,18
20250510,서초,잠실새내,19,13
20250510,서초,잠실새내,20,25
20250510,서초,잠실새내,21,13
20250510,서초,잠실새내,22,10
20250510,서초,잠실새내,23,1
20250510,서초,종합운동장,5,1
20250510,서초,종합운동장,6,4
20250510,서초,종합운동장,7,5
20250510,서초,종합운동장,8,6
20250510,서초,종합운동장,9,2
20250510,서초,종합운동장,10,8
20250510,서초,종합운동장,11,2
20250510,서초,종합운동장,12,10
20250510,서초,종합운동장,13,11
20250510,서초,종합운동장,14,17
20250510,서초,종합운동장,15,23
20250510,서초,종합운동장,16,42
20250510,서초,종합운동장,17,21
20250510,서초,종합운동장,18,4
20250510,서초,종합운동장,19,5
20250510,서초,종합운동장,20,7
20250510,서초,종합운동장,22,2
20250510,서초,종합운동장,23,1
20250510,서초,충정로(경기대입구),12,1
20250510,서초,충정로(경기대입구),14,1
20250510,서초,충정로(경기대입구),17,1
20250510,서초,충정로(경기대입구),18,1
20250510,서초,충정로(경기대입구),21,1
20250510,서초,충정로(경기대입구),22,1
20250510,서초,충정로(경기대입구),23,1
20250510,서초,한양대,8,3
20250510,서초,한양대,9,1
20250510,서초,한양대,13,1
20250510,서초,한양대,14,3
20250510,서초,한양대,15,2
20250510,서초,한양대,16,4
20250510,서초,한양대,17,2
20250510,서초,한양대,18,3
20250510,서초,합정,6,3
20250510,서초,합정,8,5
20250510,서초,합정,9,1
20250510,서초,합정,10,3
20250510,서초,합정,11,9
20250510,서초,합정,12,23
20250510,서초,합정,13,13
20250510,서초,합정,14,8
20250510,서초,합정,15,6
20250510,서초,합정,16,13
20250510,서초,합정,17,34
20250510,서초,합정,18,8
20250510,서초,합정,19,7
20250510,서초,합정,20,4
20250510,서초,합정,21,3
20250510,서초,합정,22,3
20250510,서초,홍대입구,7,1
20250510,서초,홍대입구,8,5
20250510,서초,홍대입구,9,4
20250510,서초,홍대입구,10,11
20250510,서초,홍대입구,11,16
20250510,서초,홍대입구,12,16
20250510,서초,홍대입구,13,31
20250510,서초,홍대입구,14,20
20250510,서초,홍대입구,15,18
20250510,서초,홍대입구,16,15
20250510,서초,홍대입구,17,23
20250510,서초,홍대입구,18,17
20250510,서초,홍대입구,19,16
20250510,서초,홍대입구,20,10
20250510,서초,홍대입구,21,4
20250510,서초,홍대입구,22,3
20250510,서초,홍대입구,23,1
20250510,선릉,강남,4,1
20250510,선릉,강남,6,9
20250510,선릉,강남,7,9
20250510,선릉,강남,8,38
20250510,선릉,강남,9,83
20250510,선릉,강남,10,80
20250510,선릉,강남,11,94
20250510,선릉,강남,12,150
20250510,선릉,강남,13,161
20250510,선릉,강남,14,124
20250510,선릉,강남,15,130
20250510,선릉,강남,16,130
20250510,선릉,강남,17,173
20250510,선릉,강남,18,125
20250510,선릉,강남,19,97
20250510,선릉,강남,20,110
20250510,선릉,강남,21,85
20250510,선릉,강남,22,105
20250510,선릉,강남,23,38
20250510,선릉,강변(동서울터미널),5,1
20250510,선릉,강변(동서울터미널),6,12
20250510,선릉,강변(동서울터미널),7,6
20250510,선릉,강변(동서울터미널),8,13
20250510,선릉,강변(동서울터미널),9,13
20250510,선릉,강변(동서울터미널),10,8
20250510,선릉,강변(동서울터미널),11,23
20250510,선릉,강변(동서울터미널),12,33
20250510,선릉,강변(동서울터미널),13,31
20250510,선릉,강변(동서울터미널),14,28
20250510,선릉,강변(동서울터미널),15,40
20250510,선릉,강변(동서울터미널),16,34
20250510,선릉,강변(동서울터미널),17,42
20250510,선릉,강변(동서울터미널),18,37
20250510,선릉,강변(동서울터미널),19,30
20250510,선릉,강변(동서울터미널),20,36
20250510,선릉,강변(동서울터미널),21,18
20250510,선릉,강변(동서울터미널),22,36
20250510,선릉,강변(동서울터미널),23,9
20250510,선릉,건대입구,5,1
20250510,선릉,건대입구,6,1
20250510,선릉,건대입구,7,3
20250510,선릉,건대입구,8,7
20250510,선릉,건대입구,9,11
20250510,선릉,건대입구,10,11
20250510,선릉,건대입구,11,18
20250510,선릉,건대입구,12,22
20250510,선릉,건대입구,13,26
20250510,선릉,건대입구,14,27
20250510,선릉,건대입구,15,32
20250510,선릉,건대입구,16,28
20250510,선릉,건대입구,17,32
20250510,선릉,건대입구,18,43
20250510,선릉,건대입구,19,38
20250510,선릉,건대입구,20,32
20250510,선릉,건대입구,21,27
20250510,선릉,건대입구,22,27
20250510,선릉,건대입구,23,8
20250510,선릉,교대(법원.검찰청),5,4
20250510,선릉,교대(법원.검찰청),6,3
20250510,선릉,교대(법원.검찰청),7,9
20250510,선릉,교대(법원.검찰청),8,12
20250510,선릉,교대(법원.검찰청),9,18
20250510,선릉,교대(법원.검찰청),10,14
20250510,선릉,교대(법원.검찰청),11,17
20250510,선릉,교대(법원.검찰청),12,38
20250510,선릉,교대(법원.검찰청),13,62
20250510,선릉,교대(법원.검찰청),14,28
20250510,선릉,교대(법원.검찰청),15,39
20250510,선릉,교대(법원.검찰청),16,38
20250510,선릉,교대(법원.검찰청),17,64
20250510,선릉,교대(법원.검찰청),18,55
20250510,선릉,교대(법원.검찰청),19,23
20250510,선릉,교대(법원.검찰청),20,21
20250510,선릉,교대(법원.검찰청),21,27
20250510,선릉,교대(법원.검찰청),22,29
20250510,선릉,교대(법원.검찰청),23,9
20250510,선릉,구로디지털단지,5,4
20250510,선릉,구로디지털단지,6,9
20250510,선릉,구로디지털단지,7,10
20250510,선릉,구로디지털단지,8,11
20250510,선릉,구로디지털단지,9,10
20250510,선릉,구로디지털단지,10,22
20250510,선릉,구로디지털단지,11,32
20250510,선릉,구로디지털단지,12,56
20250510,선릉,구로디지털단지,13,41
20250510,선릉,구로디지털단지,14,49
20250510,선릉,구로디지털단지,15,55
20250510,선릉,구로디지털단지,16,68
20250510,선릉,구로디지털단지,17,54
20250510,선릉,구로디지털단지,18,30
20250510,선릉,구로디지털단지,19,44
20250510,선릉,구로디지털단지,20,46
20250510,선릉,구로디지털단지,21,52
20250510,선릉,구로디지털단지,22,47
20250510,선릉,구로디지털단지,23,18
20250510,선릉,구의(광진구청),6,6
20250510,선릉,구의(광진구청),7,4
20250510,선릉,구의(광진구청),8,5
20250510,선릉,구의(광진구청),9,10
20250510,선릉,구의(광진구청),10,8
20250510,선릉,구의(광진구청),11,11
20250510,선릉,구의(광진구청),12,22
20250510,선릉,구의(광진구청),13,22
20250510,선릉,구의(광진구청),14,28
20250510,선릉,구의(광진구청),15,27
20250510,선릉,구의(광진구청),16,36
20250510,선릉,구의(광진구청),17,32
20250510,선릉,구의(광진구청),18,38
20250510,선릉,구의(광진구청),19,19
20250510,선릉,구의(광진구청),20,28
20250510,선릉,구의(광진구청),21,25
20250510,선릉,구의(광진구청),22,36
20250510,선릉,구의(광진구청),23,11
20250510,선릉,낙성대,5,3
20250510,선릉,낙성대,6,13
20250510,선릉,낙성대,7,6
20250510,선릉,낙성대,8,16
20250510,선릉,낙성대,9,12
20250510,선릉,낙성대,10,14
20250510,선릉,낙성대,11,17
20250510,선릉,낙성대,12,22
20250510,선릉,낙성대,13,28
20250510,선릉,낙성대,14,27
20250510,선릉,낙성대,15,33
20250510,선릉,낙성대,16,36
20250510,선릉,낙성대,17,31
20250510,선릉,낙성대,18,31
20250510,선릉,낙성대,19,33
20250510,선릉,낙성대,20,25
20250510,선릉,낙성대,21,36
20250510,선릉,낙성대,22,51
20250510,선릉,낙성대,23,10
20250510,선릉,당산,6,1
20250510,선릉,당산,9,2
20250510,선릉,당산,10,1
20250510,선릉,당산,11,1
20250510,선릉,당산,12,5
20250510,선릉,당산,13,3
20250510,선릉,당산,14,3
20250510,선릉,당산,15,5
20250510,선릉,당산,16,9
20250510,선릉,당산,17,10
20250510,선릉,당산,18,5
20250510,선릉,당산,19,8
20250510,선릉,당산,20,2
20250510,선릉,당산,21,6
20250510,선릉,당산,22,8
20250510,선릉,당산,23,4
20250510,선릉,대림(구로구청),5,1
20250510,선릉,대림(구로구청),6,4
20250510,선릉,대림(구로구청),7,2
20250510,선릉,대림(구로구청),8,5
20250510,선릉,대림(구로구청),9,6
20250510,선릉,대림(구로구청),10,4
20250510,선릉,대림(구로구청),11,9
20250510,선릉,대림(구로구청),12,28
20250510,선릉,대림(구로구청),13,16
20250510,선릉,대림(구로구청),14,17
20250510,선릉,대림(구로구청),15,34
20250510,선릉,대림(구로구청),16,24
20250510,선릉,대림(구로구청),17,10
20250510,선릉,대림(구로구청),18,19
20250510,선릉,대림(구로구청),19,15
20250510,선릉,대림(구로구청),20,35
20250510,선릉,대림(구로구청),21,36
20250510,선릉,대림(구로구청),22,27
20250510,선릉,대림(구로구청),23,5
20250510,선릉,동대문역사문화공원,6,1
20250510,선릉,동대문역사문화공원,8,1
20250510,선릉,동대문역사문화공원,9,3
20250510,선릉,동대문역사문화공원,10,1
20250510,선릉,동대문역사문화공원,11,9
20250510,선릉,동대문역사문화공원,12,9
20250510,선릉,동대문역사문화공원,13,6
20250510,선릉,동대문역사문화공원,14,11
20250510,선릉,동대문역사문화공원,15,6
20250510,선릉,동대문역사문화공원,16,1
20250510,선릉,동대문역사문화공원,17,4
20250510,선릉,동대문역사문화공원,18,2
20250510,선릉,동대문역사문화공원,19,4
20250510,선릉,동대문역사문화공원,20,2
20250510,선릉,동대문역사문화공원,21,2
20250510,선릉,동대문역사문화공원,22,1
20250510,선릉,동대문역사문화공원,23,2
20250510,선릉,뚝섬,8,1
20250510,선릉,뚝섬,9,1
20250510,선릉,뚝섬,10,5
20250510,선릉,뚝섬,11,3
20250510,선릉,뚝섬,12,9
20250510,선릉,뚝섬,13,4
20250510,선릉,뚝섬,14,3
20250510,선릉,뚝섬,15,6
20250510,선릉,뚝섬,16,5
20250510,선릉,뚝섬,17,4
20250510,선릉,뚝섬,18,3
20250510,선릉,뚝섬,19,1
20250510,선릉,뚝섬,20,7
20250510,선릉,뚝섬,21,5
20250510,선릉,뚝섬,22,3
20250510,선릉,문래,7,2
20250510,선릉,문래,8,3
20250510,선릉,문래,9,4
20250510,선릉,문래,10,1
20250510,선릉,문래,11,7
20250510,선릉,문래,12,10
20250510,선릉,문래,13,3
20250510,선릉,문래,14,11
20250510,선릉,문래,15,16
20250510,선릉,문래,16,7
20250510,선릉,문래,17,7
20250510,선릉,문래,18,12
20250510,선릉,문래,19,10
20250510,선릉,문래,20,4
20250510,선릉,문래,21,5
20250510,선릉,문래,22,3
20250510,선릉,방배,5,2
20250510,선릉,방배,6,1
20250510,선릉,방배,7,2
20250510,선릉,방배,8,10
20250510,선릉,방배,9,7
20250510,선릉,방배,10,13
20250510,선릉,방배,11,13
20250510,선릉,방배,12,28
20250510,선릉,방배,13,16
20250510,선릉,방배,14,13
20250510,선릉,방배,15,12
20250510,선릉,방배,16,16
20250510,선릉,방배,17,15
20250510,선릉,방배,18,21
20250510,선릉,방배,19,17
20250510,선릉,방배,20,14
20250510,선릉,방배,21,8
20250510,선릉,방배,22,25
20250510,선릉,방배,23,5
20250510,선릉,봉천,5,5
20250510,선릉,봉천,6,5
20250510,선릉,봉천,7,4
20250510,선릉,봉천,8,5
20250510,선릉,봉천,9,7
20250510,선릉,봉천,10,13
20250510,선릉,봉천,11,22
20250510,선릉,봉천,12,24
20250510,선릉,봉천,13,34
20250510,선릉,봉천,14,17
20250510,선릉,봉천,15,44
20250510,선릉,봉천,16,33
20250510,선릉,봉천,17,24
20250510,선릉,봉천,18,31
20250510,선릉,봉천,19,23
20250510,선릉,봉천,20,18
20250510,선릉,봉천,21,38
20250510,선릉,봉천,22,30
20250510,선릉,봉천,23,11
20250510,선릉,사당,5,10
20250510,선릉,사당,6,12
20250510,선릉,사당,7,11
20250510,선릉,사당,8,15
20250510,선릉,사당,9,21
20250510,선릉,사당,10,39
20250510,선릉,사당,11,51
20250510,선릉,사당,12,67
20250510,선릉,사당,13,52
20250510,선릉,사당,14,72
20250510,선릉,사당,15,90
20250510,선릉,사당,16,90
20250510,선릉,사당,17,91
20250510,선릉,사당,18,104
20250510,선릉,사당,19,67
20250510,선릉,사당,20,51
20250510,선릉,사당,21,62
20250510,선릉,사당,22,75
20250510,선릉,사당,23,27
20250510,선릉,삼성(무역센터),5,1
20250510,선릉,삼성(무역센터),6,6
20250510,선릉,삼성(무역센터),7,6
20250510,선릉,삼성(무역센터),8,21
20250510,선릉,삼성(무역센터),9,40
20250510,선릉,삼성(무역센터),10,69
20250510,선릉,삼성(무역센터),11,77
20250510,선릉,삼성(무역센터),12,93
20250510,선릉,삼성(무역센터),13,117
20250510,선릉,삼성(무역센터),14,76
20250510,선릉,삼성(무역센터),15,63
20250510,선릉,삼성(무역센터),16,74
20250510,선릉,삼성(무역센터),17,78
20250510,선릉,삼성(무역센터),18,60
20250510,선릉,삼성(무역센터),19,34
20250510,선릉,삼성(무역센터),20,19
20250510,선릉,삼성(무역센터),21,14
20250510,선릉,삼성(무역센터),22,12
20250510,선릉,삼성(무역센터),23,5
20250510,선릉,상왕십리,7,2
20250510,선릉,상왕십리,9,2
20250510,선릉,상왕십리,10,2
20250510,선릉,상왕십리,11,3
20250510,선릉,상왕십리,12,8
20250510,선릉,상왕십리,13,6
20250510,선릉,상왕십리,14,2
20250510,선릉,상왕십리,15,3
20250510,선릉,상왕십리,16,3
20250510,선릉,상왕십리,17,7
20250510,선릉,상왕십리,18,2
20250510,선릉,상왕십리,19,4
20250510,선릉,상왕십리,20,4
20250510,선릉,상왕십리,21,4
20250510,선릉,상왕십리,22,2
20250510,선릉,서울대입구(관악구청),5,3
20250510,선릉,서울대입구(관악구청),6,10
20250510,선릉,서울대입구(관악구청),7,12
20250510,선릉,서울대입구(관악구청),8,16
20250510,선릉,서울대입구(관악구청),9,22
20250510,선릉,서울대입구(관악구청),10,22
20250510,선릉,서울대입구(관악구청),11,26
20250510,선릉,서울대입구(관악구청),12,50
20250510,선릉,서울대입구(관악구청),13,54
20250510,선릉,서울대입구(관악구청),14,50
20250510,선릉,서울대입구(관악구청),15,67
20250510,선릉,서울대입구(관악구청),16,70
20250510,선릉,서울대입구(관악구청),17,78
20250510,선릉,서울대입구(관악구청),18,72
20250510,선릉,서울대입구(관악구청),19,63
20250510,선릉,서울대입구(관악구청),20,69
20250510,선릉,서울대입구(관악구청),21,74
20250510,선릉,서울대입구(관악구청),22,71
20250510,선릉,서울대입구(관악구청),23,49
20250510,선릉,서초,5,7
20250510,선릉,서초,6,9
20250510,선릉,서초,7,3
20250510,선릉,서초,8,17
20250510,선릉,서초,9,14
20250510,선릉,서초,10,6
20250510,선릉,서초,11,16
20250510,선릉,서초,12,22
20250510,선릉,서초,13,27
20250510,선릉,서초,14,24
20250510,선릉,서초,15,36
20250510,선릉,서초,16,29
20250510,선릉,서초,17,27
20250510,선릉,서초,18,18
20250510,선릉,서초,19,11
20250510,선릉,서초,20,7
20250510,선릉,서초,21,7
20250510,선릉,서초,22,14
20250510,선릉,서초,23,8
20250510,선릉,선릉,6,7
20250510,선릉,선릉,7,4
20250510,선릉,선릉,8,5
20250510,선릉,선릉,9,12
20250510,선릉,선릉,10,31
20250510,선릉,선릉,11,24
20250510,선릉,선릉,12,51
20250510,선릉,선릉,13,61
20250510,선릉,선릉,14,47
20250510,선릉,선릉,15,56
20250510,선릉,선릉,16,55
20250510,선릉,선릉,17,56
20250510,선릉,선릉,18,49
20250510,선릉,선릉,19,40
20250510,선릉,선릉,20,33
20250510,선릉,선릉,21,29
20250510,선릉,선릉,22,42
20250510,선릉,선릉,23,17
20250510,선릉,성수,5,1
20250510,선릉,성수,6,1
20250510,선릉,성수,7,1
20250510,선릉,성수,8,5
20250510,선릉,성수,9,12
20250510,선릉,성수,10,14
20250510,선릉,성수,11,22
20250510,선릉,성수,12,46
20250510,선릉,성수,13,37
20250510,선릉,성수,14,40
20250510,선릉,성수,15,20
20250510,선릉,성수,16,25
20250510,선릉,성수,17,27
20250510,선릉,성수,18,20
20250510,선릉,성수,19,13
20250510,선릉,성수,20,12
20250510,선릉,성수,21,3
20250510,선릉,성수,22,3
20250510,선릉,시청,9,2
20250510,선릉,시청,10,5
20250510,선릉,시청,11,5
20250510,선릉,시청,12,1
20250510,선릉,시청,13,7
20250510,선릉,시청,14,3
20250510,선릉,시청,15,3
20250510,선릉,시청,16,8
20250510,선릉,시청,17,3
20250510,선릉,시청,19,5
20250510,선릉,시청,22,2
20250510,선릉,시청,23,1
20250510,선릉,신당,7,1
20250510,선릉,신당,9,4
20250510,선릉,신당,10,5
20250510,선릉,신당,11,3
20250510,선릉,신당,12,4
20250510,선릉,신당,14,8
20250510,선릉,신당,15,8
20250510,선릉,신당,16,6
20250510,선릉,신당,17,5
20250510,선릉,신당,18,5
20250510,선릉,신당,19,2
20250510,선릉,신당,20,2
20250510,선릉,신당,21,3
20250510,선릉,신당,22,9
20250510,선릉,신당,23,1
20250510,선릉,신대방,5,2
20250510,선릉,신대방,6,1
20250510,선릉,신대방,7,7
20250510,선릉,신대방,8,8
20250510,선릉,신대방,9,1
20250510,선릉,신대방,10,7
20250510,선릉,신대방,11,5
20250510,선릉,신대방,12,16
20250510,선릉,신대방,13,14
20250510,선릉,신대방,14,15
20250510,선릉,신대방,15,30
20250510,선릉,신대방,16,19
20250510,선릉,신대방,17,24
20250510,선릉,신대방,18,19
20250510,선릉,신대방,19,24
20250510,선릉,신대방,20,28
20250510,선릉,신대방,21,43
20250510,선릉,신대방,22,30
20250510,선릉,신대방,23,7
20250510,선릉,신도림,5,2
20250510,선릉,신도림,6,2
20250510,선릉,신도림,7,4
20250510,선릉,신도림,8,5
20250510,선릉,신도림,9,6
20250510,선릉,신도림,10,8
20250510,선릉,신도림,11,14
20250510,선릉,신도림,12,27
20250510,선릉,신도림,13,28
20250510,선릉,신도림,14,30
20250510,선릉,신도림,15,19
20250510,선릉,신도림,16,33
20250510,선릉,신도림,17,32
20250510,선릉,신도림,18,36
20250510,선릉,신도림,19,15
20250510,선릉,신도림,20,33
20250510,선릉,신도림,21,20
20250510,선릉,신도림,22,28
20250510,선릉,신도림,23,28
20250510,선릉,신림,5,5
20250510,선릉,신림,6,7
20250510,선릉,신림,7,12
20250510,선릉,신림,8,13
20250510,선릉,신림,9,15
20250510,선릉,신림,10,26
20250510,선릉,신림,11,26
20250510,선릉,신림,12,46
20250510,선릉,신림,13,33
20250510,선릉,신림,14,48
20250510,선릉,신림,15,62
20250510,선릉,신림,16,54
20250510,선릉,신림,17,77
20250510,선릉,신림,18,53
20250510,선릉,신림,19,69
20250510,선릉,신림,20,61
20250510,선릉,신림,21,86
20250510,선릉,신림,22,65
20250510,선릉,신림,23,28
20250510,선릉,신촌,7,1
20250510,선릉,신촌,8,2
20250510,선릉,신촌,9,3
20250510,선릉,신촌,10,5
20250510,선릉,신촌,11,10
20250510,선릉,신촌,12,10
20250510,선릉,신촌,13,14
20250510,선릉,신촌,14,13
20250510,선릉,신촌,15,12
20250510,선릉,신촌,16,6
20250510,선릉,신촌,17,6
20250510,선릉,신촌,18,7
20250510,선릉,신촌,19,7
20250510,선릉,신촌,20,8
20250510,선릉,신촌,21,7
20250510,선릉,신촌,22,12
20250510,선릉,신촌,23,1
20250510,선릉,아현,8,1
20250510,선릉,아현,9,1
20250510,선릉,아현,10,2
20250510,선릉,아현,12,3
20250510,선릉,아현,13,1
20250510,선릉,아현,14,3
20250510,선릉,아현,15,4
20250510,선릉,아현,16,5
20250510,선릉,아현,18,5
20250510,선릉,아현,19,9
20250510,선릉,아현,20,5
20250510,선릉,아현,21,2
20250510,선릉,아현,22,2
20250510,선릉,역삼,5,1
20250510,선릉,역삼,6,6
20250510,선릉,역삼,7,11
20250510,선릉,역삼,8,13
20250510,선릉,역삼,9,34
20250510,선릉,역삼,10,37
20250510,선릉,역삼,11,54
20250510,선릉,역삼,12,55
20250510,선릉,역삼,13,77
20250510,선릉,역삼,14,74
20250510,선릉,역삼,15,64
20250510,선릉,역삼,16,51
20250510,선릉,역삼,17,45
20250510,선릉,역삼,18,49
20250510,선릉,역삼,19,28
20250510,선릉,역삼,20,20
20250510,선릉,역삼,21,19
20250510,선릉,역삼,22,19
20250510,선릉,역삼,23,8
20250510,선릉,영등포구청,8,4
20250510,선릉,영등포구청,9,2
20250510,선릉,영등포구청,10,1
20250510,선릉,영등포구청,11,4
20250510,선릉,영등포구청,12,4
20250510,선릉,영등포구청,13,10
20250510,선릉,영등포구청,14,6
20250510,선릉,영등포구청,15,8
20250510,선릉,영등포구청,16,10
20250510,선릉,영등포구청,17,9
20250510,선릉,영등포구청,18,5
20250510,선릉,영등포구청,19,7
20250510,선릉,영등포구청,20,4
20250510,선릉,영등포구청,21,5
20250510,선릉,영등포구청,22,6
20250510,선릉,영등포구청,23,4
20250510,선릉,왕십리(성동구청),5,1
20250510,선릉,왕십리(성동구청),6,3
20250510,선릉,왕십리(성동구청),7,1
20250510,선릉,왕십리(성동구청),8,1
20250510,선릉,왕십리(성동구청),10,1
20250510,선릉,왕십리(성동구청),12,2
20250510,선릉,왕십리(성동구청),13,5
20250510,선릉,왕십리(성동구청),14,2
20250510,선릉,왕십리(성동구청),15,1
20250510,선릉,왕십리(성동구청),16,5
20250510,선릉,왕십리(성동구청),17,4
20250510,선릉,왕십리(성동구청),18,3
20250510,선릉,왕십리(성동구청),19,2
20250510,선릉,왕십리(성동구청),20,2
20250510,선릉,왕십리(성동구청),21,2
20250510,선릉,왕십리(성동구청),22,1
20250510,선릉,용두(동대문구청),10,1
20250510,선릉,용두(동대문구청),11,1
20250510,선릉,용두(동대문구청),12,1
20250510,선릉,용두(동대문구청),13,1
20250510,선릉,용두(동대문구청),14,2
20250510,선릉,용두(동대문구청),15,3
20250510,선릉,용두(동대문구청),16,1
20250510,선릉,용두(동대문구청),17,4
20250510,선릉,용두(동대문구청),18,1
20250510,선릉,용두(동대문구청),19,2
20250510,선릉,용두(동대문구청),20,1
20250510,선릉,용두(동대문구청),21,1
20250510,선릉,용두(동대문구청),22,1
20250510,선릉,을지로3가,7,2
20250510,선릉,을지로3가,10,2
20250510,선릉,을지로3가,11,6
20250510,선릉,을지로3가,12,4
20250510,선릉,을지로3가,13,4
20250510,선릉,을지로3가,14,4
20250510,선릉,을지로3가,15,4
20250510,선릉,을지로3가,16,2
20250510,선릉,을지로3가,17,4
20250510,선릉,을지로3가,18,5
20250510,선릉,을지로3가,19,1
20250510,선릉,을지로3가,20,1
20250510,선릉,을지로3가,21,1
20250510,선릉,을지로3가,22,3
20250510,선릉,을지로3가,23,3
20250510,선릉,을지로4가,7,1
20250510,선릉,을지로4가,8,4
20250510,선릉,을지로4가,9,1
20250510,선릉,을지로4가,11,4
20250510,선릉,을지로4가,12,5
20250510,선릉,을지로4가,13,5
20250510,선릉,을지로4가,14,6
20250510,선릉,을지로4가,15,2
20250510,선릉,을지로4가,16,7
20250510,선릉,을지로4가,17,2
20250510,선릉,을지로4가,19,1
20250510,선릉,을지로4가,20,5
20250510,선릉,을지로입구,7,1
20250510,선릉,을지로입구,9,3
20250510,선릉,을지로입구,10,7
20250510,선릉,을지로입구,11,10
20250510,선릉,을지로입구,12,5
20250510,선릉,을지로입구,13,8
20250510,선릉,을지로입구,14,10
20250510,선릉,을지로입구,15,2
20250510,선릉,을지로입구,16,8
20250510,선릉,을지로입구,17,4
20250510,선릉,을지로입구,18,5
20250510,선릉,을지로입구,19,2
20250510,선릉,을지로입구,21,2
20250510,선릉,을지로입구,23,1
20250510,선릉,이대,7,1
20250510,선릉,이대,8,1
20250510,선릉,이대,9,2
20250510,선릉,이대,11,3
20250510,선릉,이대,12,3
20250510,선릉,이대,13,6
20250510,선릉,이대,14,3
20250510,선릉,이대,15,5
20250510,선릉,이대,16,5
20250510,선릉,이대,17,5
20250510,선릉,이대,18,3
20250510,선릉,이대,20,3
20250510,선릉,이대,21,1
20250510,선릉,이대,22,4
20250510,선릉,이대,23,1
20250510,선릉,잠실(송파구청),5,9
20250510,선릉,잠실(송파구청),6,18
20250510,선릉,잠실(송파구청),7,15
20250510,선릉,잠실(송파구청),8,17
20250510,선릉,잠실(송파구청),9,48
20250510,선릉,잠실(송파구청),10,70
20250510,선릉,잠실(송파구청),11,93
20250510,선릉,잠실(송파구청),12,138
20250510,선릉,잠실(송파구청),13,153
20250510,선릉,잠실(송파구청),14,124
20250510,선릉,잠실(송파구청),15,159
20250510,선릉,잠실(송파구청),16,172
20250510,선릉,잠실(송파구청),17,177
20250510,선릉,잠실(송파구청),18,151
20250510,선릉,잠실(송파구청),19,106
20250510,선릉,잠실(송파구청),20,92
20250510,선릉,잠실(송파구청),21,78
20250510,선릉,잠실(송파구청),22,100
20250510,선릉,잠실(송파구청),23,29
20250510,선릉,잠실나루,5,1
20250510,선릉,잠실나루,6,2
20250510,선릉,잠실나루,7,2
20250510,선릉,잠실나루,8,3
20250510,선릉,잠실나루,9,3
20250510,선릉,잠실나루,10,6
20250510,선릉,잠실나루,11,2
20250510,선릉,잠실나루,12,11
20250510,선릉,잠실나루,13,17
20250510,선릉,잠실나루,14,12
20250510,선릉,잠실나루,15,9
20250510,선릉,잠실나루,16,10
20250510,선릉,잠실나루,17,18
20250510,선릉,잠실나루,18,23
20250510,선릉,잠실나루,19,11
20250510,선릉,잠실나루,20,8
20250510,선릉,잠실나루,21,13
20250510,선릉,잠실나루,22,17
20250510,선릉,잠실나루,23,6
20250510,선릉,잠실새내,5,1
20250510,선릉,잠실새내,6,6
20250510,선릉,잠실새내,7,5
20250510,선릉,잠실새내,8,8
20250510,선릉,잠실새내,9,16
20250510,선릉,잠실새내,10,11
20250510,선릉,잠실새내,11,25
20250510,선릉,잠실새내,12,27
20250510,선릉,잠실새내,13,44
20250510,선릉,잠실새내,14,38
20250510,선릉,잠실새내,15,33
20250510,선릉,잠실새내,16,52
20250510,선릉,잠실새내,17,46
20250510,선릉,잠실새내,18,42
20250510,선릉,잠실새내,19,34
20250510,선릉,잠실새내,20,51
20250510,선릉,잠실새내,21,21
20250510,선릉,잠실새내,22,42
20250510,선릉,잠실새내,23,11
20250510,선릉,종합운동장,5,2
20250510,선릉,종합운동장,6,4
20250510,선릉,종합운동장,7,5
20250510,선릉,종합운동장,8,4
20250510,선릉,종합운동장,9,4
20250510,선릉,종합운동장,10,4
20250510,선릉,종합운동장,11,3
20250510,선릉,종합운동장,12,11
20250510,선릉,종합운동장,13,17
20250510,선릉,종합운동장,14,26
20250510,선릉,종합운동장,15,33
20250510,선릉,종합운동장,16,78
20250510,선릉,종합운동장,17,21
20250510,선릉,종합운동장,18,11
20250510,선릉,종합운동장,19,4
20250510,선릉,종합운동장,20,10
20250510,선릉,종합운동장,21,15
20250510,선릉,종합운동장,22,18
20250510,선릉,종합운동장,23,2
20250510,선릉,충정로(경기대입구),8,2
20250510,선릉,충정로(경기대입구),10,1
20250510,선릉,충정로(경기대입구),11,3
20250510,선릉,충정로(경기대입구),12,1
20250510,선릉,충정로(경기대입구),13,1
20250510,선릉,충정로(경기대입구),15,2
20250510,선릉,충정로(경기대입구),16,2
20250510,선릉,충정로(경기대입구),17,2
20250510,선릉,충정로(경기대입구),18,3
20250510,선릉,충정로(경기대입구),19,3
20250510,선릉,충정로(경기대입구),20,4
20250510,선릉,충정로(경기대입구),21,1
20250510,선릉,충정로(경기대입구),22,2
20250510,선릉,한양대,7,1
20250510,선릉,한양대,8,2
20250510,선릉,한양대,9,4
20250510,선릉,한양대,10,2
20250510,선릉,한양대,11,1
20250510,선릉,한양대,12,3
20250510,선릉,한양대,13,2
20250510,선릉,한양대,14,2
20250510,선릉,한양대,16,1
20250510,선릉,한양대,17,1
20250510,선릉,한양대,18,3
20250510,선릉,한양대,19,1
20250510,선릉,한양대,20,1
20250510,선릉,한양대,21,2
20250510,선릉,한양대,22,1
20250510,선릉,합정,5,1
20250510,선릉,합정,6,2
20250510,선릉,합정,7,1
20250510,선릉,합정,8,4
20250510,선릉,합정,9,4
20250510,선릉,합정,10,9
20250510,선릉,합정,11,5
20250510,선릉,합정,12,4
20250510,선릉,합정,13,29
20250510,선릉,합정,14,12
20250510,선릉,합정,15,25
20250510,선릉,합정,16,12
20250510,선릉,합정,17,22
20250510,선릉,합정,18,21
20250510,선릉,합정,19,10
20250510,선릉,합정,20,12
20250510,선릉,합정,21,7
20250510,선릉,합정,22,9
20250510,선릉,합정,23,3
20250510,선릉,홍대입구,5,2
20250510,선릉,홍대입구,6,2
20250510,선릉,홍대입구,7,5
20250510,선릉,홍대입구,8,6
20250510,선릉,홍대입구,9,8
20250510,선릉,홍대입구,10,15
20250510,선릉,홍대입구,11,21
20250510,선릉,홍대입구,12,23
20250510,선릉,홍대입구,13,25
20250510,선릉,홍대입구,14,26
20250510,선릉,홍대입구,15,33
20250510,선릉,홍대입구,16,29
20250510,선릉,홍대입구,17,29
20250510,선릉,홍대입구,18,24
20250510,선릉,홍대입구,19,22
20250510,선릉,홍대입구,20,29
20250510,선릉,홍대입구,21,13
20250510,선릉,홍대입구,22,12
20250510,선릉,홍대입구,23,4
20250510,성수,강남,5,2
20250510,성수,강남,6,7
20250510,성수,강남,7,6
20250510,성수,강남,8,10
20250510,성수,강남,9,25
20250510,성수,강남,10,17
20250510,성수,강남,11,20
20250510,성수,강남,12,32
20250510,성수,강남,13,38
20250510,성수,강남,14,54
20250510,성수,강남,15,76
20250510,성수,강남,16,104
20250510,성수,강남,17,94
20250510,성수,강남,18,99
20250510,성수,강남,19,138
20250510,성수,강남,20,105
20250510,성수,강남,21,74
20250510,성수,강남,22,52
20250510,성수,강남,23,13
20250510,성수,강변(동서울터미널),5,6
20250510,성수,강변(동서울터미널),6,10
20250510,성수,강변(동서울터미널),7,10
20250510,성수,강변(동서울터미널),8,12
20250510,성수,강변(동서울터미널),9,12
20250510,성수,강변(동서울터미널),10,15
20250510,성수,강변(동서울터미널),11,18
20250510,성수,강변(동서울터미널),12,30
20250510,성수,강변(동서울터미널),13,28
20250510,성수,강변(동서울터미널),14,48
20250510,성수,강변(동서울터미널),15,62
20250510,성수,강변(동서울터미널),16,87
20250510,성수,강변(동서울터미널),17,73
20250510,성수,강변(동서울터미널),18,102
20250510,성수,강변(동서울터미널),19,133
20250510,성수,강변(동서울터미널),20,121
20250510,성수,강변(동서울터미널),21,59
20250510,성수,강변(동서울터미널),22,42
20250510,성수,강변(동서울터미널),23,13
20250510,성수,건대입구,5,1
20250510,성수,건대입구,6,4
20250510,성수,건대입구,7,2
20250510,성수,건대입구,8,16
20250510,성수,건대입구,9,21
20250510,성수,건대입구,10,39
20250510,성수,건대입구,11,45
20250510,성수,건대입구,12,81
20250510,성수,건대입구,13,84
20250510,성수,건대입구,14,79
20250510,성수,건대입구,15,168
20250510,성수,건대입구,16,172
20250510,성수,건대입구,17,213
20250510,성수,건대입구,18,236
20250510,성수,건대입구,19,164
20250510,성수,건대입구,20,140
20250510,성수,건대입구,21,106
20250510,성수,건대입구,22,97
20250510,성수,건대입구,23,32
20250510,성수,교대(법원.검찰청),5,2
20250510,성수,교대(법원.검찰청),6,4
20250510,성수,교대(법원.검찰청),7,2
20250510,성수,교대(법원.검찰청),8,4
20250510,성수,교대(법원.검찰청),9,7
20250510,성수,교대(법원.검찰청),10,4
20250510,성수,교대(법원.검찰청),11,2
20250510,성수,교대(법원.검찰청),12,5
20250510,성수,교대(법원.검찰청),13,8
20250510,성수,교대(법원.검찰청),14,7
20250510,성수,교대(법원.검찰청),15,5
20250510,성수,교대(법원.검찰청),16,21
20250510,성수,교대(법원.검찰청),17,20
20250510,성수,교대(법원.검찰청),18,21
20250510,성수,교대(법원.검찰청),19,14
20250510,성수,교대(법원.검찰청),20,18
20250510,성수,교대(법원.검찰청),21,9
20250510,성수,교대(법원.검찰청),22,5
20250510,성수,교대(법원.검찰청),23,3
20250510,성수,구로디지털단지,5,1
20250510,성수,구로디지털단지,8,4
20250510,성수,구로디지털단지,9,1
20250510,성수,구로디지털단지,10,1
20250510,성수,구로디지털단지,11,7
20250510,성수,구로디지털단지,12,4
20250510,성수,구로디지털단지,13,5
20250510,성수,구로디지털단지,14,14
20250510,성수,구로디지털단지,15,12
20250510,성수,구로디지털단지,16,35
20250510,성수,구로디지털단지,17,29
20250510,성수,구로디지털단지,18,18
20250510,성수,구로디지털단지,19,16
20250510,성수,구로디지털단지,20,44
20250510,성수,구로디지털단지,21,31
20250510,성수,구로디지털단지,22,24
20250510,성수,구로디지털단지,23,1
20250510,성수,구의(광진구청),6,5
20250510,성수,구의(광진구청),7,10
20250510,성수,구의(광진구청),8,13
20250510,성수,구의(광진구청),9,9
20250510,성수,구의(광진구청),10,19
20250510,성수,구의(광진구청),11,23
20250510,성수,구의(광진구청),12,32
20250510,성수,구의(광진구청),13,29
20250510,성수,구의(광진구청),14,30
20250510,성수,구의(광진구청),15,65
20250510,성수,구의(광진구청),16,71
20250510,성수,구의(광진구청),17,82
20250510,성수,구의(광진구청),18,61
20250510,성수,구의(광진구청),19,71
20250510,성수,구의(광진구청),20,69
20250510,성수,구의(광진구청),21,57
20250510,성수,구의(광진구청),22,68
20250510,성수,구의(광진구청),23,31
20250510,성수,낙성대,5,1
20250510,성수,낙성대,7,1
20250510,성수,낙성대,8,1
20250510,성수,낙성대,9,2
20250510,성수,낙성대,10,1
20250510,성수,낙성대,11,1
20250510,성수,낙성대,12,7
20250510,성수,낙성대,13,8
20250510,성수,낙성대,14,7
20250510,성수,낙성대,15,8
20250510,성수,낙성대,16,14
20250510,성수,낙성대,17,8
20250510,성수,낙성대,18,13
20250510,성수,낙성대,19,14
20250510,성수,낙성대,20,25
20250510,성수,낙성대,21,24
20250510,성수,낙성대,22,23
20250510,성수,낙성대,23,4
20250510,성수,당산,5,1
20250510,성수,당산,6,1
20250510,성수,당산,7,1
20250510,성수,당산,8,3
20250510,성수,당산,9,2
20250510,성수,당산,10,2
20250510,성수,당산,11,2
20250510,성수,당산,12,2
20250510,성수,당산,13,8
20250510,성수,당산,14,6
20250510,성수,당산,15,13
20250510,성수,당산,16,8
20250510,성수,당산,17,13
20250510,성수,당산,18,15
20250510,성수,당산,19,16
20250510,성수,당산,20,22
20250510,성수,당산,21,10
20250510,성수,당산,22,22
20250510,성수,당산,23,5
20250510,성수,대림(구로구청),8,2
20250510,성수,대림(구로구청),9,2
20250510,성수,대림(구로구청),10,3
20250510,성수,대림(구로구청),11,5
20250510,성수,대림(구로구청),12,2
20250510,성수,대림(구로구청),14,6
20250510,성수,대림(구로구청),15,5
20250510,성수,대림(구로구청),16,20
20250510,성수,대림(구로구청),17,10
20250510,성수,대림(구로구청),18,2
20250510,성수,대림(구로구청),19,5
20250510,성수,대림(구로구청),20,6
20250510,성수,대림(구로구청),21,9
20250510,성수,대림(구로구청),22,7
20250510,성수,동대문역사문화공원,5,2
20250510,성수,동대문역사문화공원,6,2
20250510,성수,동대문역사문화공원,8,4
20250510,성수,동대문역사문화공원,9,4
20250510,성수,동대문역사문화공원,10,8
20250510,성수,동대문역사문화공원,11,20
20250510,성수,동대문역사문화공원,12,33
20250510,성수,동대문역사문화공원,13,41
20250510,성수,동대문역사문화공원,14,55
20250510,성수,동대문역사문화공원,15,55
20250510,성수,동대문역사문화공원,16,90
20250510,성수,동대문역사문화공원,17,87
20250510,성수,동대문역사문화공원,18,86
20250510,성수,동대문역사문화공원,19,72
20250510,성수,동대문역사문화공원,20,98
20250510,성수,동대문역사문화공원,21,41
20250510,성수,동대문역사문화공원,22,25
20250510,성수,동대문역사문화공원,23,8
20250510,성수,뚝섬,6,4
20250510,성수,뚝섬,7,2
20250510,성수,뚝섬,8,7
20250510,성수,뚝섬,9,13
20250510,성수,뚝섬,10,15
20250510,성수,뚝섬,11,38
20250510,성수,뚝섬,12,92
20250510,성수,뚝섬,13,56
20250510,성수,뚝섬,14,82
20250510,성수,뚝섬,15,100
20250510,성수,뚝섬,16,108
20250510,성수,뚝섬,17,120
20250510,성수,뚝섬,18,78
20250510,성수,뚝섬,19,69
20250510,성수,뚝섬,20,39
20250510,성수,뚝섬,21,11
20250510,성수,뚝섬,22,11
20250510,성수,뚝섬,23,4
20250510,성수,문래,7,3
20250510,성수,문래,9,2
20250510,성수,문래,11,2
20250510,성수,문래,12,3
20250510,성수,문래,13,5
20250510,성수,문래,14,6
20250510,성수,문래,15,4
20250510,성수,문래,16,14
20250510,성수,문래,17,10
20250510,성수,문래,18,9
20250510,성수,문래,19,10
20250510,성수,문래,20,8
20250510,성수,문래,21,7
20250510,성수,문래,22,4
20250510,성수,문래,23,1
20250510,성수,방배,6,1
20250510,성수,방배,7,1
20250510,성수,방배,8,1
20250510,성수,방배,11,2
20250510,성수,방배,12,2
20250510,성수,방배,14,4
20250510,성수,방배,15,7
20250510,성수,방배,16,8
20250510,성수,방배,17,3
20250510,성수,방배,18,4
20250510,성수,방배,19,4
20250510,성수,방배,20,6
20250510,성수,방배,21,3
20250510,성수,방배,22,2
20250510,성수,봉천,5,1
20250510,성수,봉천,8,1
20250510,성수,봉천,9,3
20250510,성수,봉천,10,3
20250510,성수,봉천,11,1
20250510,성수,봉천,12,1
20250510,성수,봉천,13,2
20250510,성수,봉천,14,11
20250510,성수,봉천,15,6
20250510,성수,봉천,16,13
20250510,성수,봉천,17,23
20250510,성수,봉천,18,12
20250510,성수,봉천,19,8
20250510,성수,봉천,20,14
20250510,성수,봉천,21,8
20250510,성수,봉천,22,16
20250510,성수,봉천,23,1
20250510,성수,사당,5,3
20250510,성수,사당,6,8
20250510,성수,사당,7,4
20250510,성수,사당,8,6
20250510,성수,사당,9,5
20250510,성수,사당,10,9
20250510,성수,사당,11,6
20250510,성수,사당,12,10
20250510,성수,사당,13,18
20250510,성수,사당,14,35
20250510,성수,사당,15,26
20250510,성수,사당,16,59
20250510,성수,사당,17,37
20250510,성수,사당,18,34
20250510,성수,사당,19,60
20250510,성수,사당,20,56
20250510,성수,사당,21,54
20250510,성수,사당,22,43
20250510,성수,사당,23,9
20250510,성수,삼성(무역센터),6,2
20250510,성수,삼성(무역센터),7,4
20250510,성수,삼성(무역센터),8,3
20250510,성수,삼성(무역센터),9,9
20250510,성수,삼성(무역센터),10,24
20250510,성수,삼성(무역센터),11,23
20250510,성수,삼성(무역센터),12,44
20250510,성수,삼성(무역센터),13,43
20250510,성수,삼성(무역센터),14,28
20250510,성수,삼성(무역센터),15,39
20250510,성수,삼성(무역센터),16,50
20250510,성수,삼성(무역센터),17,52
20250510,성수,삼성(무역센터),18,23
20250510,성수,삼성(무역센터),19,17
20250510,성수,삼성(무역센터),20,23
20250510,성수,삼성(무역센터),21,15
20250510,성수,삼성(무역센터),22,13
20250510,성수,삼성(무역센터),23,18
20250510,성수,상왕십리,5,1
20250510,성수,상왕십리,6,3
20250510,성수,상왕십리,7,5
20250510,성수,상왕십리,8,3
20250510,성수,상왕십리,9,4
20250510,성수,상왕십리,10,12
20250510,성수,상왕십리,11,9
20250510,성수,상왕십리,12,7
20250510,성수,상왕십리,13,12
20250510,성수,상왕십리,14,13
20250510,성수,상왕십리,15,26
20250510,성수,상왕십리,16,32
20250510,성수,상왕십리,17,22
20250510,성수,상왕십리,18,19
20250510,성수,상왕십리,19,25
20250510,성수,상왕십리,20,34
20250510,성수,상왕십리,21,24
20250510,성수,상왕십리,22,22
20250510,성수,상왕십리,23,7
20250510,성수,서울대입구(관악구청),6,1
20250510,성수,서울대입구(관악구청),7,1
20250510,성수,서울대입구(관악구청),8,1
20250510,성수,서울대입구(관악구청),10,3
20250510,성수,서울대입구(관악구청),11,4
20250510,성수,서울대입구(관악구청),12,6
20250510,성수,서울대입구(관악구청),13,7
20250510,성수,서울대입구(관악구청),14,7
20250510,성수,서울대입구(관악구청),15,17
20250510,성수,서울대입구(관악구청),16,21
20250510,성수,서울대입구(관악구청),17,22
20250510,성수,서울대입구(관악구청),18,25
20250510,성수,서울대입구(관악구청),19,37
20250510,성수,서울대입구(관악구청),20,22
20250510,성수,서울대입구(관악구청),21,25
20250510,성수,서울대입구(관악구청),22,26
20250510,성수,서울대입구(관악구청),23,10
20250510,성수,서초,5,1
20250510,성수,서초,8,4
20250510,성수,서초,9,1
20250510,성수,서초,10,8
20250510,성수,서초,11,3
20250510,성수,서초,12,8
20250510,성수,서초,14,6
20250510,성수,서초,15,7
20250510,성수,서초,16,9
20250510,성수,서초,17,17
20250510,성수,서초,18,5
20250510,성수,서초,19,4
20250510,성수,서초,20,2
20250510,성수,서초,21,7
20250510,성수,서초,22,5
20250510,성수,서초,23,2
20250510,성수,선릉,5,2
20250510,성수,선릉,6,5
20250510,성수,선릉,7,3
20250510,성수,선릉,8,7
20250510,성수,선릉,9,10
20250510,성수,선릉,10,11
20250510,성수,선릉,11,5
20250510,성수,선릉,12,8
20250510,성수,선릉,13,3
20250510,성수,선릉,14,4
20250510,성수,선릉,15,12
20250510,성수,선릉,16,17
20250510,성수,선릉,17,18
20250510,성수,선릉,18,19
20250510,성수,선릉,19,18
20250510,성수,선릉,20,30
20250510,성수,선릉,21,26
20250510,성수,선릉,22,11
20250510,성수,선릉,23,3
20250510,성수,성수,0,1
20250510,성수,성수,5,1
20250510,성수,성수,6,5
20250510,성수,성수,7,2
20250510,성수,성수,8,3
20250510,성수,성수,9,7
20250510,성수,성수,10,21
20250510,성수,성수,11,15
20250510,성수,성수,12,19
20250510,성수,성수,13,20
20250510,성수,성수,14,22
20250510,성수,성수,15,27
20250510,성수,성수,16,21
20250510,성수,성수,17,29
20250510,성수,성수,18,34
20250510,성수,성수,19,31
20250510,성수,성수,20,31
20250510,성수,성수,21,19
20250510,성수,성수,22,32
20250510,성수,성수,23,22
20250510,성수,시청,5,3
20250510,성수,시청,8,4
20250510,성수,시청,9,6
20250510,성수,시청,10,7
20250510,성수,시청,11,4
20250510,성수,시청,12,12
20250510,성수,시청,13,8
20250510,성수,시청,14,18
20250510,성수,시청,15,25
20250510,성수,시청,16,26
20250510,성수,시청,17,17
20250510,성수,시청,18,11
20250510,성수,시청,19,17
20250510,성수,시청,20,25
20250510,성수,시청,21,19
20250510,성수,시청,22,7
20250510,성수,시청,23,2
20250510,성수,신당,6,3
20250510,성수,신당,7,1
20250510,성수,신당,8,5
20250510,성수,신당,9,6
20250510,성수,신당,10,11
20250510,성수,신당,11,11
20250510,성수,신당,12,5
20250510,성수,신당,13,16
20250510,성수,신당,14,12
20250510,성수,신당,15,24
20250510,성수,신당,16,40
20250510,성수,신당,17,18
20250510,성수,신당,18,30
20250510,성수,신당,19,30
20250510,성수,신당,20,38
20250510,성수,신당,21,15
20250510,성수,신당,22,16
20250510,성수,신당,23,7
20250510,성수,신대방,9,2
20250510,성수,신대방,10,3
20250510,성수,신대방,11,1
20250510,성수,신대방,12,1
20250510,성수,신대방,13,1
20250510,성수,신대방,14,4
20250510,성수,신대방,15,6
20250510,성수,신대방,16,9
20250510,성수,신대방,17,9
20250510,성수,신대방,18,12
20250510,성수,신대방,19,11
20250510,성수,신대방,20,25
20250510,성수,신대방,21,14
20250510,성수,신대방,22,11
20250510,성수,신대방,23,1
20250510,성수,신도림,6,2
20250510,성수,신도림,7,1
20250510,성수,신도림,8,1
20250510,성수,신도림,10,5
20250510,성수,신도림,11,4
20250510,성수,신도림,12,9
20250510,성수,신도림,13,12
20250510,성수,신도림,14,11
20250510,성수,신도림,15,11
20250510,성수,신도림,16,26
20250510,성수,신도림,17,17
20250510,성수,신도림,18,24
20250510,성수,신도림,19,8
20250510,성수,신도림,20,32
20250510,성수,신도림,21,27
20250510,성수,신도림,22,19
20250510,성수,신도림,23,12
20250510,성수,신림,6,4
20250510,성수,신림,8,1
20250510,성수,신림,9,5
20250510,성수,신림,10,4
20250510,성수,신림,11,3
20250510,성수,신림,12,8
20250510,성수,신림,13,6
20250510,성수,신림,14,12
20250510,성수,신림,15,14
20250510,성수,신림,16,30
20250510,성수,신림,17,30
20250510,성수,신림,18,32
20250510,성수,신림,19,33
20250510,성수,신림,20,54
20250510,성수,신림,21,44
20250510,성수,신림,22,35
20250510,성수,신림,23,13
20250510,성수,신촌,6,2
20250510,성수,신촌,8,4
20250510,성수,신촌,9,13
20250510,성수,신촌,10,10
20250510,성수,신촌,11,11
20250510,성수,신촌,12,14
20250510,성수,신촌,13,20
20250510,성수,신촌,14,16
20250510,성수,신촌,15,31
20250510,성수,신촌,16,35
20250510,성수,신촌,17,69
20250510,성수,신촌,18,51
20250510,성수,신촌,19,52
20250510,성수,신촌,20,63
20250510,성수,신촌,21,43
20250510,성수,신촌,22,39
20250510,성수,신촌,23,8
20250510,성수,아현,7,1
20250510,성수,아현,8,3
20250510,성수,아현,10,1
20250510,성수,아현,11,4
20250510,성수,아현,12,7
20250510,성수,아현,13,1
20250510,성수,아현,14,5
20250510,성수,아현,15,4
20250510,성수,아현,16,9
20250510,성수,아현,17,15
20250510,성수,아현,18,12
20250510,성수,아현,19,7
20250510,성수,아현,20,9
20250510,성수,아현,21,9
20250510,성수,아현,22,12
20250510,성수,아현,23,4
20250510,성수,역삼,6,1
20250510,성수,역삼,7,1
20250510,성수,역삼,8,4
20250510,성수,역삼,9,8
20250510,성수,역삼,10,1
20250510,성수,역삼,11,7
20250510,성수,역삼,12,4
20250510,성수,역삼,13,13
20250510,성수,역삼,14,18
20250510,성수,역삼,15,17
20250510,성수,역삼,16,22
20250510,성수,역삼,17,16
20250510,성수,역삼,18,31
20250510,성수,역삼,19,25
20250510,성수,역삼,20,19
20250510,성수,역삼,21,16
20250510,성수,역삼,22,10
20250510,성수,역삼,23,2
20250510,성수,영등포구청,5,1
20250510,성수,영등포구청,6,1
20250510,성수,영등포구청,9,2
20250510,성수,영등포구청,10,1
20250510,성수,영등포구청,11,2
20250510,성수,영등포구청,12,2
20250510,성수,영등포구청,13,3
20250510,성수,영등포구청,14,8
20250510,성수,영등포구청,15,7
20250510,성수,영등포구청,16,7
20250510,성수,영등포구청,17,19
20250510,성수,영등포구청,18,9
20250510,성수,영등포구청,19,7
20250510,성수,영등포구청,20,8
20250510,성수,영등포구청,21,9
20250510,성수,영등포구청,22,4
20250510,성수,영등포구청,23,3
20250510,성수,왕십리(성동구청),5,1
20250510,성수,왕십리(성동구청),6,1
20250510,성수,왕십리(성동구청),7,4
20250510,성수,왕십리(성동구청),8,8
20250510,성수,왕십리(성동구청),9,10
20250510,성수,왕십리(성동구청),10,12
20250510,성수,왕십리(성동구청),11,10
20250510,성수,왕십리(성동구청),12,13
20250510,성수,왕십리(성동구청),13,21
20250510,성수,왕십리(성동구청),14,35
20250510,성수,왕십리(성동구청),15,26
20250510,성수,왕십리(성동구청),16,56
20250510,성수,왕십리(성동구청),17,64
20250510,성수,왕십리(성동구청),18,61
20250510,성수,왕십리(성동구청),19,49
20250510,성수,왕십리(성동구청),20,48
20250510,성수,왕십리(성동구청),21,59
20250510,성수,왕십리(성동구청),22,37
20250510,성수,왕십리(성동구청),23,26
20250510,성수,용두(동대문구청),5,2
20250510,성수,용두(동대문구청),6,3
20250510,성수,용두(동대문구청),7,4
20250510,성수,용두(동대문구청),8,3
20250510,성수,용두(동대문구청),9,4
20250510,성수,용두(동대문구청),10,15
20250510,성수,용두(동대문구청),11,9
20250510,성수,용두(동대문구청),12,13
20250510,성수,용두(동대문구청),13,12
20250510,성수,용두(동대문구청),14,24
20250510,성수,용두(동대문구청),15,15
20250510,성수,용두(동대문구청),16,21
20250510,성수,용두(동대문구청),17,22
20250510,성수,용두(동대문구청),18,7
20250510,성수,용두(동대문구청),19,14
20250510,성수,용두(동대문구청),20,20
20250510,성수,용두(동대문구청),21,16
20250510,성수,용두(동대문구청),22,15
20250510,성수,용두(동대문구청),23,14
20250510,성수,을지로3가,5,1
20250510,성수,을지로3가,6,1
20250510,성수,을지로3가,7,2
20250510,성수,을지로3가,8,2
20250510,성수,을지로3가,9,4
20250510,성수,을지로3가,10,7
20250510,성수,을지로3가,11,12
20250510,성수,을지로3가,12,14
20250510,성수,을지로3가,13,20
20250510,성수,을지로3가,14,16
20250510,성수,을지로3가,15,40
20250510,성수,을지로3가,16,70
20250510,성수,을지로3가,17,75
20250510,성수,을지로3가,18,63
20250510,성수,을지로3가,19,63
20250510,성수,을지로3가,20,47
20250510,성수,을지로3가,21,46
20250510,성수,을지로3가,22,27
20250510,성수,을지로3가,23,14
20250510,성수,을지로4가,5,1
20250510,성수,을지로4가,6,5
20250510,성수,을지로4가,7,4
20250510,성수,을지로4가,8,5
20250510,성수,을지로4가,9,6
20250510,성수,을지로4가,10,8
20250510,성수,을지로4가,11,5
20250510,성수,을지로4가,12,17
20250510,성수,을지로4가,13,28
20250510,성수,을지로4가,14,38
20250510,성수,을지로4가,15,46
20250510,성수,을지로4가,16,61
20250510,성수,을지로4가,17,36
20250510,성수,을지로4가,18,35
20250510,성수,을지로4가,19,55
20250510,성수,을지로4가,20,27
20250510,성수,을지로4가,21,17
20250510,성수,을지로4가,22,19
20250510,성수,을지로4가,23,2
20250510,성수,을지로입구,5,2
20250510,성수,을지로입구,6,3
20250510,성수,을지로입구,7,3
20250510,성수,을지로입구,8,2
20250510,성수,을지로입구,9,20
20250510,성수,을지로입구,10,9
20250510,성수,을지로입구,11,23
20250510,성수,을지로입구,12,47
20250510,성수,을지로입구,13,48
20250510,성수,을지로입구,14,61
20250510,성수,을지로입구,15,93
20250510,성수,을지로입구,16,100
20250510,성수,을지로입구,17,176
20250510,성수,을지로입구,18,135
20250510,성수,을지로입구,19,102
20250510,성수,을지로입구,20,98
20250510,성수,을지로입구,21,43
20250510,성수,을지로입구,22,35
20250510,성수,을지로입구,23,14
20250510,성수,이대,5,1
20250510,성수,이대,7,1
20250510,성수,이대,8,3
20250510,성수,이대,9,1
20250510,성수,이대,11,4
20250510,성수,이대,12,6
20250510,성수,이대,13,5
20250510,성수,이대,14,9
20250510,성수,이대,15,11
20250510,성수,이대,16,15
20250510,성수,이대,17,8
20250510,성수,이대,18,9
20250510,성수,이대,19,17
20250510,성수,이대,20,17
20250510,성수,이대,21,28
20250510,성수,이대,22,11
20250510,성수,이대,23,4
20250510,성수,잠실(송파구청),5,6
20250510,성수,잠실(송파구청),6,16
20250510,성수,잠실(송파구청),7,9
20250510,성수,잠실(송파구청),8,22
20250510,성수,잠실(송파구청),9,24
20250510,성수,잠실(송파구청),10,27
20250510,성수,잠실(송파구청),11,43
20250510,성수,잠실(송파구청),12,79
20250510,성수,잠실(송파구청),13,114
20250510,성수,잠실(송파구청),14,139
20250510,성수,잠실(송파구청),15,198
20250510,성수,잠실(송파구청),16,289
20250510,성수,잠실(송파구청),17,242
20250510,성수,잠실(송파구청),18,229
20250510,성수,잠실(송파구청),19,214
20250510,성수,잠실(송파구청),20,183
20250510,성수,잠실(송파구청),21,161
20250510,성수,잠실(송파구청),22,98
20250510,성수,잠실(송파구청),23,31
20250510,성수,잠실나루,5,3
20250510,성수,잠실나루,6,2
20250510,성수,잠실나루,7,1
20250510,성수,잠실나루,8,1
20250510,성수,잠실나루,9,4
20250510,성수,잠실나루,10,3
20250510,성수,잠실나루,11,2
20250510,성수,잠실나루,12,3
20250510,성수,잠실나루,13,8
20250510,성수,잠실나루,14,10
20250510,성수,잠실나루,15,9
20250510,성수,잠실나루,16,18
20250510,성수,잠실나루,17,19
20250510,성수,잠실나루,18,17
20250510,성수,잠실나루,19,10
20250510,성수,잠실나루,20,13
20250510,성수,잠실나루,21,19
20250510,성수,잠실나루,22,11
20250510,성수,잠실나루,23,5
20250510,성수,잠실새내,4,1
20250510,성수,잠실새내,5,1
20250510,성수,잠실새내,6,2
20250510,성수,잠실새내,7,1
20250510,성수,잠실새내,8,5
20250510,성수,잠실새내,9,8
20250510,성수,잠실새내,10,5
20250510,성수,잠실새내,11,7
20250510,성수,잠실새내,12,12
20250510,성수,잠실새내,13,12
20250510,성수,잠실새내,14,18
20250510,성수,잠실새내,15,34
20250510,성수,잠실새내,16,36
20250510,성수,잠실새내,17,28
20250510,성수,잠실새내,18,33
20250510,성수,잠실새내,19,32
20250510,성수,잠실새내,20,28
20250510,성수,잠실새내,21,29
20250510,성수,잠실새내,22,23
20250510,성수,잠실새내,23,4
20250510,성수,종합운동장,5,2
20250510,성수,종합운동장,6,1
20250510,성수,종합운동장,7,4
20250510,성수,종합운동장,8,2
20250510,성수,종합운동장,9,1
20250510,성수,종합운동장,10,2
20250510,성수,종합운동장,11,1
20250510,성수,종합운동장,12,4
20250510,성수,종합운동장,13,4
20250510,성수,종합운동장,14,19
20250510,성수,종합운동장,15,39
20250510,성수,종합운동장,16,68
20250510,성수,종합운동장,17,26
20250510,성수,종합운동장,18,8
20250510,성수,종합운동장,19,3
20250510,성수,종합운동장,20,3
20250510,성수,종합운동장,21,1
20250510,성수,종합운동장,22,4
20250510,성수,종합운동장,23,4
20250510,성수,충정로(경기대입구),7,1
20250510,성수,충정로(경기대입구),8,1
20250510,성수,충정로(경기대입구),9,2
20250510,성수,충정로(경기대입구),10,2
20250510,성수,충정로(경기대입구),12,4
20250510,성수,충정로(경기대입구),14,3
20250510,성수,충정로(경기대입구),15,8
20250510,성수,충정로(경기대입구),16,6
20250510,성수,충정로(경기대입구),17,5
20250510,성수,충정로(경기대입구),18,4
20250510,성수,충정로(경기대입구),19,5
20250510,성수,충정로(경기대입구),20,9
20250510,성수,충정로(경기대입구),21,5
20250510,성수,충정로(경기대입구),22,6
20250510,성수,충정로(경기대입구),23,5
20250510,성수,한양대,6,1
20250510,성수,한양대,7,3
20250510,성수,한양대,8,5
20250510,성수,한양대,9,9
20250510,성수,한양대,10,4
20250510,성수,한양대,11,4
20250510,성수,한양대,12,10
20250510,성수,한양대,13,10
20250510,성수,한양대,14,13
20250510,성수,한양대,15,21
20250510,성수,한양대,16,21
20250510,성수,한양대,17,19
20250510,성수,한양대,18,18
20250510,성수,한양대,19,16
20250510,성수,한양대,20,16
20250510,성수,한양대,21,17
20250510,성수,한양대,22,7
20250510,성수,한양대,23,1
20250510,성수,합정,5,3
20250510,성수,합정,6,1
20250510,성수,합정,7,1
20250510,성수,합정,8,1
20250510,성수,합정,9,6
20250510,성수,합정,10,7
20250510,성수,합정,11,12
20250510,성수,합정,12,15
20250510,성수,합정,13,9
20250510,성수,합정,14,20
20250510,성수,합정,15,30
20250510,성수,합정,16,40
20250510,성수,합정,17,35
20250510,성수,합정,18,37
20250510,성수,합정,19,27
20250510,성수,합정,20,30
20250510,성수,합정,21,23
20250510,성수,합정,22,22
20250510,성수,합정,23,6
20250510,성수,홍대입구,6,1
20250510,성수,홍대입구,7,3
20250510,성수,홍대입구,8,3
20250510,성수,홍대입구,9,8
20250510,성수,홍대입구,10,19
20250510,성수,홍대입구,11,29
20250510,성수,홍대입구,12,76
20250510,성수,홍대입구,13,98
20250510,성수,홍대입구,14,104
20250510,성수,홍대입구,15,201
20250510,성수,홍대입구,16,228
20250510,성수,홍대입구,17,202
20250510,성수,홍대입구,18,249
20250510,성수,홍대입구,19,194
20250510,성수,홍대입구,20,177
20250510,성수,홍대입구,21,130
20250510,성수,홍대입구,22,98
20250510,성수,홍대입구,23,31
20250510,시청,강남,7,1
20250510,시청,강남,8,4
20250510,시청,강남,9,3
20250510,시청,강남,10,7
20250510,시청,강남,11,3
20250510,시청,강남,12,2
20250510,시청,강남,13,6
20250510,시청,강남,14,7
20250510,시청,강남,15,5
20250510,시청,강남,16,11
20250510,시청,강남,17,7
20250510,시청,강남,18,3
20250510,시청,강남,19,6
20250510,시청,강남,20,5
20250510,시청,강남,21,3
20250510,시청,강변(동서울터미널),6,2
20250510,시청,강변(동서울터미널),8,2
20250510,시청,강변(동서울터미널),9,2
20250510,시청,강변(동서울터미널),10,4
20250510,시청,강변(동서울터미널),11,5
20250510,시청,강변(동서울터미널),12,10
20250510,시청,강변(동서울터미널),13,7
20250510,시청,강변(동서울터미널),14,12
20250510,시청,강변(동서울터미널),15,11
20250510,시청,강변(동서울터미널),16,22
20250510,시청,강변(동서울터미널),17,13
20250510,시청,강변(동서울터미널),18,21
20250510,시청,강변(동서울터미널),19,8
20250510,시청,강변(동서울터미널),20,6
20250510,시청,강변(동서울터미널),21,8
20250510,시청,강변(동서울터미널),22,3
20250510,시청,건대입구,6,1
20250510,시청,건대입구,7,1
20250510,시청,건대입구,8,3
20250510,시청,건대입구,9,7
20250510,시청,건대입구,10,8
20250510,시청,건대입구,11,18
20250510,시청,건대입구,12,7
20250510,시청,건대입구,13,11
20250510,시청,건대입구,14,13
20250510,시청,건대입구,15,19
20250510,시청,건대입구,16,37
20250510,시청,건대입구,17,21
20250510,시청,건대입구,18,13
20250510,시청,건대입구,19,17
20250510,시청,건대입구,20,15
20250510,시청,건대입구,21,12
20250510,시청,건대입구,22,9
20250510,시청,교대(법원.검찰청),8,1
20250510,시청,교대(법원.검찰청),11,2
20250510,시청,교대(법원.검찰청),12,3
20250510,시청,교대(법원.검찰청),13,7
20250510,시청,교대(법원.검찰청),14,7
20250510,시청,교대(법원.검찰청),15,6
20250510,시청,교대(법원.검찰청),16,3
20250510,시청,교대(법원.검찰청),17,1
20250510,시청,교대(법원.검찰청),18,1
20250510,시청,교대(법원.검찰청),19,3
20250510,시청,교대(법원.검찰청),20,1
20250510,시청,교대(법원.검찰청),22,1
20250510,시청,교대(법원.검찰청),23,1
20250510,시청,구로디지털단지,5,1
20250510,시청,구로디지털단지,6,2
20250510,시청,구로디지털단지,7,3
20250510,시청,구로디지털단지,8,3
20250510,시청,구로디지털단지,9,1
20250510,시청,구로디지털단지,10,3
20250510,시청,구로디지털단지,11,4
20250510,시청,구로디지털단지,12,6
20250510,시청,구로디지털단지,13,11
20250510,시청,구로디지털단지,14,11
20250510,시청,구로디지털단지,15,21
20250510,시청,구로디지털단지,16,36
20250510,시청,구로디지털단지,17,27
20250510,시청,구로디지털단지,18,18
20250510,시청,구로디지털단지,19,13
20250510,시청,구로디지털단지,20,20
20250510,시청,구로디지털단지,21,24
20250510,시청,구로디지털단지,22,14
20250510,시청,구로디지털단지,23,5
20250510,시청,구의(광진구청),5,1
20250510,시청,구의(광진구청),7,3
20250510,시청,구의(광진구청),9,1
20250510,시청,구의(광진구청),10,1
20250510,시청,구의(광진구청),11,4
20250510,시청,구의(광진구청),12,7
20250510,시청,구의(광진구청),13,11
20250510,시청,구의(광진구청),14,10
20250510,시청,구의(광진구청),15,16
20250510,시청,구의(광진구청),16,12
20250510,시청,구의(광진구청),17,17
20250510,시청,구의(광진구청),18,9
20250510,시청,구의(광진구청),19,9
20250510,시청,구의(광진구청),20,11
20250510,시청,구의(광진구청),21,12
20250510,시청,구의(광진구청),22,8
20250510,시청,구의(광진구청),23,2
20250510,시청,낙성대,5,1
20250510,시청,낙성대,9,1
20250510,시청,낙성대,10,1
20250510,시청,낙성대,12,1
20250510,시청,낙성대,13,1
20250510,시청,낙성대,14,4
20250510,시청,낙성대,15,6
20250510,시청,낙성대,16,7
20250510,시청,낙성대,17,6
20250510,시청,낙성대,18,6
20250510,시청,낙성대,19,5
20250510,시청,낙성대,20,4
20250510,시청,낙성대,21,3
20250510,시청,낙성대,22,7
20250510,시청,당산,6,2
20250510,시청,당산,8,8
20250510,시청,당산,9,5
20250510,시청,당산,10,3
20250510,시청,당산,11,4
20250510,시청,당산,12,8
20250510,시청,당산,13,14
20250510,시청,당산,14,23
20250510,시청,당산,15,19
20250510,시청,당산,16,37
20250510,시청,당산,17,18
20250510,시청,당산,18,21
20250510,시청,당산,19,12
20250510,시청,당산,20,18
20250510,시청,당산,21,16
20250510,시청,당산,22,16
20250510,시청,당산,23,7
20250510,시청,대림(구로구청),6,2
20250510,시청,대림(구로구청),7,2
20250510,시청,대림(구로구청),8,2
20250510,시청,대림(구로구청),10,1
20250510,시청,대림(구로구청),11,1
20250510,시청,대림(구로구청),12,3
20250510,시청,대림(구로구청),13,2
20250510,시청,대림(구로구청),14,9
20250510,시청,대림(구로구청),15,7
20250510,시청,대림(구로구청),16,10
20250510,시청,대림(구로구청),17,7
20250510,시청,대림(구로구청),18,8
20250510,시청,대림(구로구청),19,13
20250510,시청,대림(구로구청),20,12
20250510,시청,대림(구로구청),21,14
20250510,시청,대림(구로구청),22,14
20250510,시청,대림(구로구청),23,1
20250510,시청,동대문역사문화공원,6,1
20250510,시청,동대문역사문화공원,8,4
20250510,시청,동대문역사문화공원,9,5
20250510,시청,동대문역사문화공원,10,30
20250510,시청,동대문역사문화공원,11,18
20250510,시청,동대문역사문화공원,12,7
20250510,시청,동대문역사문화공원,13,20
20250510,시청,동대문역사문화공원,14,14
20250510,시청,동대문역사문화공원,15,12
20250510,시청,동대문역사문화공원,16,11
20250510,시청,동대문역사문화공원,17,30
20250510,시청,동대문역사문화공원,18,5
20250510,시청,동대문역사문화공원,19,14
20250510,시청,동대문역사문화공원,20,18
20250510,시청,동대문역사문화공원,21,10
20250510,시청,동대문역사문화공원,22,14
20250510,시청,동대문역사문화공원,23,6
20250510,시청,뚝섬,7,1
20250510,시청,뚝섬,8,5
20250510,시청,뚝섬,9,13
20250510,시청,뚝섬,10,9
20250510,시청,뚝섬,11,15
20250510,시청,뚝섬,12,17
20250510,시청,뚝섬,13,21
20250510,시청,뚝섬,14,8
20250510,시청,뚝섬,15,9
20250510,시청,뚝섬,16,19
20250510,시청,뚝섬,17,13
20250510,시청,뚝섬,18,7
20250510,시청,뚝섬,19,6
20250510,시청,뚝섬,20,4
20250510,시청,뚝섬,21,3
20250510,시청,뚝섬,22,4
20250510,시청,뚝섬,23,2
20250510,시청,문래,7,3
20250510,시청,문래,8,3
20250510,시청,문래,9,2
20250510,시청,문래,10,3
20250510,시청,문래,11,7
20250510,시청,문래,12,7
20250510,시청,문래,13,12
20250510,시청,문래,14,13
20250510,시청,문래,15,7
20250510,시청,문래,16,13
20250510,시청,문래,17,17
20250510,시청,문래,18,9
20250510,시청,문래,19,9
20250510,시청,문래,20,12
20250510,시청,문래,21,6
20250510,시청,문래,22,4
20250510,시청,문래,23,2
20250510,시청,방배,9,2
20250510,시청,방배,11,1
20250510,시청,방배,12,2
20250510,시청,방배,14,1
20250510,시청,방배,18,2
20250510,시청,방배,19,2
20250510,시청,방배,22,1
20250510,시청,방배,23,1
20250510,시청,봉천,9,1
20250510,시청,봉천,10,1
20250510,시청,봉천,11,2
20250510,시청,봉천,13,2
20250510,시청,봉천,14,6
20250510,시청,봉천,15,6
20250510,시청,봉천,16,21
20250510,시청,봉천,17,4
20250510,시청,봉천,18,3
20250510,시청,봉천,19,10
20250510,시청,봉천,20,7
20250510,시청,봉천,21,5
20250510,시청,봉천,22,8
20250510,시청,사당,14,1
20250510,시청,사당,15,4
20250510,시청,사당,16,6
20250510,시청,사당,18,3
20250510,시청,사당,19,1
20250510,시청,사당,20,3
20250510,시청,사당,21,1
20250510,시청,사당,22,2
20250510,시청,사당,23,1
20250510,시청,삼성(무역센터),7,1
20250510,시청,삼성(무역센터),8,1
20250510,시청,삼성(무역센터),9,13
20250510,시청,삼성(무역센터),10,23
20250510,시청,삼성(무역센터),11,30
20250510,시청,삼성(무역센터),12,12
20250510,시청,삼성(무역센터),13,22
20250510,시청,삼성(무역센터),14,16
20250510,시청,삼성(무역센터),15,18
20250510,시청,삼성(무역센터),16,15
20250510,시청,삼성(무역센터),17,4
20250510,시청,삼성(무역센터),18,10
20250510,시청,삼성(무역센터),19,3
20250510,시청,삼성(무역센터),21,1
20250510,시청,삼성(무역센터),22,5
20250510,시청,삼성(무역센터),23,1
20250510,시청,상왕십리,4,1
20250510,시청,상왕십리,9,2
20250510,시청,상왕십리,10,3
20250510,시청,상왕십리,11,4
20250510,시청,상왕십리,12,5
20250510,시청,상왕십리,13,5
20250510,시청,상왕십리,14,11
20250510,시청,상왕십리,15,14
20250510,시청,상왕십리,16,11
20250510,시청,상왕십리,17,7
20250510,시청,상왕십리,18,10
20250510,시청,상왕십리,19,8
20250510,시청,상왕십리,20,7
20250510,시청,상왕십리,21,12
20250510,시청,상왕십리,22,8
20250510,시청,상왕십리,23,2
20250510,시청,서울대입구(관악구청),5,1
20250510,시청,서울대입구(관악구청),7,1
20250510,시청,서울대입구(관악구청),9,2
20250510,시청,서울대입구(관악구청),11,3
20250510,시청,서울대입구(관악구청),12,3
20250510,시청,서울대입구(관악구청),13,2
20250510,시청,서울대입구(관악구청),14,9
20250510,시청,서울대입구(관악구청),15,10
20250510,시청,서울대입구(관악구청),16,13
20250510,시청,서울대입구(관악구청),17,13
20250510,시청,서울대입구(관악구청),18,6
20250510,시청,서울대입구(관악구청),19,7
20250510,시청,서울대입구(관악구청),20,12
20250510,시청,서울대입구(관악구청),21,7
20250510,시청,서울대입구(관악구청),22,3
20250510,시청,서울대입구(관악구청),23,4
20250510,시청,서초,11,1
20250510,시청,서초,13,15
20250510,시청,서초,14,23
20250510,시청,서초,15,11
20250510,시청,서초,16,13
20250510,시청,서초,17,1
20250510,시청,서초,20,1
20250510,시청,서초,23,1
20250510,시청,선릉,6,1
20250510,시청,선릉,10,1
20250510,시청,선릉,11,3
20250510,시청,선릉,12,1
20250510,시청,선릉,13,3
20250510,시청,선릉,14,1
20250510,시청,선릉,15,7
20250510,시청,선릉,16,5
20250510,시청,선릉,17,3
20250510,시청,선릉,18,2
20250510,시청,선릉,20,1
20250510,시청,선릉,21,2
20250510,시청,성수,5,3
20250510,시청,성수,6,5
20250510,시청,성수,7,2
20250510,시청,성수,8,16
20250510,시청,성수,9,36
20250510,시청,성수,10,94
20250510,시청,성수,11,69
20250510,시청,성수,12,30
20250510,시청,성수,13,47
20250510,시청,성수,14,49
20250510,시청,성수,15,30
20250510,시청,성수,16,34
20250510,시청,성수,17,30
20250510,시청,성수,18,12
20250510,시청,성수,19,4
20250510,시청,성수,20,4
20250510,시청,성수,22,2
20250510,시청,성수,23,1
20250510,시청,시청,0,1
20250510,시청,시청,5,2
20250510,시청,시청,6,1
20250510,시청,시청,7,4
20250510,시청,시청,8,3
20250510,시청,시청,9,5
20250510,시청,시청,10,7
20250510,시청,시청,11,6
20250510,시청,시청,12,4
20250510,시청,시청,13,15
20250510,시청,시청,14,5
20250510,시청,시청,15,7
20250510,시청,시청,16,9
20250510,시청,시청,17,9
20250510,시청,시청,18,5
20250510,시청,시청,19,5
20250510,시청,시청,20,3
20250510,시청,시청,21,4
20250510,시청,시청,22,6
20250510,시청,시청,23,2
20250510,시청,신당,6,1
20250510,시청,신당,7,3
20250510,시청,신당,8,2
20250510,시청,신당,9,1
20250510,시청,신당,10,6
20250510,시청,신당,11,8
20250510,시청,신당,12,6
20250510,시청,신당,13,9
20250510,시청,신당,14,18
20250510,시청,신당,15,10
20250510,시청,신당,16,24
20250510,시청,신당,17,16
20250510,시청,신당,18,11
20250510,시청,신당,19,14
20250510,시청,신당,20,9
20250510,시청,신당,21,12
20250510,시청,신당,22,6
20250510,시청,신당,23,2
20250510,시청,신대방,7,1
20250510,시청,신대방,8,4
20250510,시청,신대방,11,5
20250510,시청,신대방,12,5
20250510,시청,신대방,13,4
20250510,시청,신대방,14,12
20250510,시청,신대방,15,14
20250510,시청,신대방,16,16
20250510,시청,신대방,17,15
20250510,시청,신대방,18,5
20250510,시청,신대방,19,7
20250510,시청,신대방,20,19
20250510,시청,신대방,21,10
20250510,시청,신대방,22,1
20250510,시청,신도림,5,1
20250510,시청,신도림,6,1
20250510,시청,신도림,8,1
20250510,시청,신도림,9,3
20250510,시청,신도림,10,2
20250510,시청,신도림,11,5
20250510,시청,신도림,12,3
20250510,시청,신도림,13,7
20250510,시청,신도림,14,9
20250510,시청,신도림,15,9
20250510,시청,신도림,16,7
20250510,시청,신도림,17,16
20250510,시청,신도림,18,14
20250510,시청,신도림,19,21
20250510,시청,신도림,20,17
20250510,시청,신도림,21,3
20250510,시청,신도림,22,7
20250510,시청,신도림,23,10
20250510,시청,신림,5,2
20250510,시청,신림,6,2
20250510,시청,신림,7,2
20250510,시청,신림,8,2
20250510,시청,신림,9,6
20250510,시청,신림,10,1
20250510,시청,신림,11,4
20250510,시청,신림,12,6
20250510,시청,신림,13,8
20250510,시청,신림,14,18
20250510,시청,신림,15,23
20250510,시청,신림,16,28
20250510,시청,신림,17,24
20250510,시청,신림,18,10
20250510,시청,신림,19,21
20250510,시청,신림,20,24
20250510,시청,신림,21,18
20250510,시청,신림,22,8
20250510,시청,신림,23,2
20250510,시청,신촌,5,1
20250510,시청,신촌,6,3
20250510,시청,신촌,7,5
20250510,시청,신촌,8,3
20250510,시청,신촌,9,10
20250510,시청,신촌,10,16
20250510,시청,신촌,11,18
20250510,시청,신촌,12,38
20250510,시청,신촌,13,31
20250510,시청,신촌,14,54
20250510,시청,신촌,15,52
20250510,시청,신촌,16,57
20250510,시청,신촌,17,48
20250510,시청,신촌,18,54
20250510,시청,신촌,19,31
20250510,시청,신촌,20,22
20250510,시청,신촌,21,11
20250510,시청,신촌,22,13
20250510,시청,신촌,23,5
20250510,시청,아현,7,2
20250510,시청,아현,8,4
20250510,시청,아현,9,2
20250510,시청,아현,10,4
20250510,시청,아현,11,10
20250510,시청,아현,12,13
20250510,시청,아현,13,8
20250510,시청,아현,14,12
20250510,시청,아현,15,14
20250510,시청,아현,16,21
20250510,시청,아현,17,17
20250510,시청,아현,18,7
20250510,시청,아현,19,17
20250510,시청,아현,20,9
20250510,시청,아현,21,8
20250510,시청,아현,22,9
20250510,시청,아현,23,1
20250510,시청,역삼,7,1
20250510,시청,역삼,9,4
20250510,시청,역삼,10,1
20250510,시청,역삼,11,2
20250510,시청,역삼,12,3
20250510,시청,역삼,13,5
20250510,시청,역삼,14,13
20250510,시청,역삼,15,7
20250510,시청,역삼,16,3
20250510,시청,역삼,17,3
20250510,시청,역삼,18,4
20250510,시청,역삼,21,1
20250510,시청,역삼,22,11
20250510,시청,영등포구청,7,2
20250510,시청,영등포구청,8,3
20250510,시청,영등포구청,9,4
20250510,시청,영등포구청,11,2
20250510,시청,영등포구청,12,3
20250510,시청,영등포구청,13,9
20250510,시청,영등포구청,14,13
20250510,시청,영등포구청,15,15
20250510,시청,영등포구청,16,14
20250510,시청,영등포구청,17,13
20250510,시청,영등포구청,18,4
20250510,시청,영등포구청,19,15
20250510,시청,영등포구청,20,8
20250510,시청,영등포구청,21,6
20250510,시청,영등포구청,22,4
20250510,시청,영등포구청,23,2
20250510,시청,왕십리(성동구청),7,2
20250510,시청,왕십리(성동구청),10,4
20250510,시청,왕십리(성동구청),11,1
20250510,시청,왕십리(성동구청),12,8
20250510,시청,왕십리(성동구청),13,14
20250510,시청,왕십리(성동구청),14,18
20250510,시청,왕십리(성동구청),15,9
20250510,시청,왕십리(성동구청),16,6
20250510,시청,왕십리(성동구청),17,15
20250510,시청,왕십리(성동구청),18,7
20250510,시청,왕십리(성동구청),19,8
20250510,시청,왕십리(성동구청),20,19
20250510,시청,왕십리(성동구청),21,3
20250510,시청,왕십리(성동구청),22,5
20250510,시청,왕십리(성동구청),23,1
20250510,시청,을지로3가,6,2
20250510,시청,을지로3가,8,9
20250510,시청,을지로3가,9,10
20250510,시청,을지로3가,10,4
20250510,시청,을지로3가,11,5
20250510,시청,을지로3가,12,12
20250510,시청,을지로3가,13,7
20250510,시청,을지로3가,14,23
20250510,시청,을지로3가,15,13
20250510,시청,을지로3가,16,37
20250510,시청,을지로3가,17,42
20250510,시청,을지로3가,18,23
20250510,시청,을지로3가,19,18
20250510,시청,을지로3가,20,18
20250510,시청,을지로3가,21,14
20250510,시청,을지로3가,22,11
20250510,시청,을지로3가,23,4
20250510,시청,을지로4가,8,3
20250510,시청,을지로4가,9,10
20250510,시청,을지로4가,10,12
20250510,시청,을지로4가,11,10
20250510,시청,을지로4가,12,7
20250510,시청,을지로4가,13,17
20250510,시청,을지로4가,14,10
20250510,시청,을지로4가,15,22
20250510,시청,을지로4가,16,23
20250510,시청,을지로4가,17,13
20250510,시청,을지로4가,18,13
20250510,시청,을지로4가,19,9
20250510,시청,을지로4가,20,16
20250510,시청,을지로4가,21,12
20250510,시청,을지로4가,22,14
20250510,시청,을지로4가,23,5
20250510,시청,을지로입구,5,1
20250510,시청,을지로입구,6,2
20250510,시청,을지로입구,8,7
20250510,시청,을지로입구,9,14
20250510,시청,을지로입구,10,15
20250510,시청,을지로입구,11,23
20250510,시청,을지로입구,12,21
20250510,시청,을지로입구,13,35
20250510,시청,을지로입구,14,32
20250510,시청,을지로입구,15,11
20250510,시청,을지로입구,16,46
20250510,시청,을지로입구,17,44
20250510,시청,을지로입구,18,25
20250510,시청,을지로입구,19,14
20250510,시청,을지로입구,20,12
20250510,시청,을지로입구,21,19
20250510,시청,을지로입구,22,3
20250510,시청,을지로입구,23,3
20250510,시청,이대,7,2
20250510,시청,이대,8,10
20250510,시청,이대,9,9
20250510,시청,이대,10,8
20250510,시청,이대,11,14
20250510,시청,이대,12,16
20250510,시청,이대,13,14
20250510,시청,이대,14,13
20250510,시청,이대,15,12
20250510,시청,이대,16,20
20250510,시청,이대,17,17
20250510,시청,이대,18,25
20250510,시청,이대,19,18
20250510,시청,이대,20,17
20250510,시청,이대,21,15
20250510,시청,이대,22,7
20250510,시청,이대,23,4
20250510,시청,잠실(송파구청),5,5
20250510,시청,잠실(송파구청),6,4
20250510,시청,잠실(송파구청),7,3
20250510,시청,잠실(송파구청),8,7
20250510,시청,잠실(송파구청),9,15
20250510,시청,잠실(송파구청),10,45
20250510,시청,잠실(송파구청),11,27
20250510,시청,잠실(송파구청),12,53
20250510,시청,잠실(송파구청),13,41
20250510,시청,잠실(송파구청),14,48
20250510,시청,잠실(송파구청),15,40
20250510,시청,잠실(송파구청),16,51
20250510,시청,잠실(송파구청),17,29
20250510,시청,잠실(송파구청),18,17
20250510,시청,잠실(송파구청),19,13
20250510,시청,잠실(송파구청),20,44
20250510,시청,잠실(송파구청),21,15
20250510,시청,잠실(송파구청),22,12
20250510,시청,잠실(송파구청),23,10
20250510,시청,잠실나루,5,2
20250510,시청,잠실나루,6,1
20250510,시청,잠실나루,9,1
20250510,시청,잠실나루,11,4
20250510,시청,잠실나루,12,2
20250510,시청,잠실나루,13,4
20250510,시청,잠실나루,14,5
20250510,시청,잠실나루,15,3
20250510,시청,잠실나루,16,16
20250510,시청,잠실나루,17,7
20250510,시청,잠실나루,18,3
20250510,시청,잠실나루,19,5
20250510,시청,잠실나루,20,8
20250510,시청,잠실나루,21,1
20250510,시청,잠실나루,22,3
20250510,시청,잠실새내,7,1
20250510,시청,잠실새내,8,2
20250510,시청,잠실새내,9,2
20250510,시청,잠실새내,10,1
20250510,시청,잠실새내,11,3
20250510,시청,잠실새내,12,4
20250510,시청,잠실새내,13,9
20250510,시청,잠실새내,14,15
20250510,시청,잠실새내,15,8
20250510,시청,잠실새내,16,18
20250510,시청,잠실새내,17,14
20250510,시청,잠실새내,18,4
20250510,시청,잠실새내,19,3
20250510,시청,잠실새내,20,11
20250510,시청,잠실새내,21,6
20250510,시청,잠실새내,22,7
20250510,시청,종합운동장,6,1
20250510,시청,종합운동장,7,2
20250510,시청,종합운동장,8,1
20250510,시청,종합운동장,9,3
20250510,시청,종합운동장,12,1
20250510,시청,종합운동장,13,6
20250510,시청,종합운동장,14,2
20250510,시청,종합운동장,15,12
20250510,시청,종합운동장,16,11
20250510,시청,종합운동장,18,2
20250510,시청,종합운동장,19,4
20250510,시청,종합운동장,20,1
20250510,시청,충정로(경기대입구),7,3
20250510,시청,충정로(경기대입구),8,1
20250510,시청,충정로(경기대입구),9,3
20250510,시청,충정로(경기대입구),10,10
20250510,시청,충정로(경기대입구),11,8
20250510,시청,충정로(경기대입구),12,22
20250510,시청,충정로(경기대입구),13,9
20250510,시청,충정로(경기대입구),14,7
20250510,시청,충정로(경기대입구),15,14
20250510,시청,충정로(경기대입구),16,19
20250510,시청,충정로(경기대입구),17,7
20250510,시청,충정로(경기대입구),18,8
20250510,시청,충정로(경기대입구),19,5
20250510,시청,충정로(경기대입구),20,14
20250510,시청,충정로(경기대입구),21,4
20250510,시청,충정로(경기대입구),22,4
20250510,시청,충정로(경기대입구),23,3
20250510,시청,한양대,5,1
20250510,시청,한양대,6,1
20250510,시청,한양대,8,3
20250510,시청,한양대,9,4
20250510,시청,한양대,10,1
20250510,시청,한양대,12,5
20250510,시청,한양대,13,3
20250510,시청,한양대,14,5
20250510,시청,한양대,15,1
20250510,시청,한양대,16,6
20250510,시청,한양대,18,1
20250510,시청,한양대,19,3
20250510,시청,한양대,20,5
20250510,시청,한양대,21,4
20250510,시청,한양대,22,3
20250510,시청,합정,6,1
20250510,시청,합정,9,3
20250510,시청,합정,10,9
20250510,시청,합정,11,15
20250510,시청,합정,12,33
20250510,시청,합정,13,22
20250510,시청,합정,14,22
20250510,시청,합정,15,31
20250510,시청,합정,16,35
20250510,시청,합정,17,19
20250510,시청,합정,18,52
20250510,시청,합정,19,19
20250510,시청,합정,20,17
20250510,시청,합정,21,11
20250510,시청,합정,22,16
20250510,시청,합정,23,3
20250510,시청,홍대입구,6,3
20250510,시청,홍대입구,7,5
20250510,시청,홍대입구,8,13
20250510,시청,홍대입구,9,35
20250510,시청,홍대입구,10,49
20250510,시청,홍대입구,11,72
20250510,시청,홍대입구,12,82
20250510,시청,홍대입구,13,85
20250510,시청,홍대입구,14,106
20250510,시청,홍대입구,15,117
20250510,시청,홍대입구,16,150
20250510,시청,홍대입구,17,92
20250510,시청,홍대입구,18,120
20250510,시청,홍대입구,19,87
20250510,시청,홍대입구,20,89
20250510,시청,홍대입구,21,60
20250510,시청,홍대입구,22,26
20250510,시청,홍대입구,23,11
20250510,신당,강남,5,2
20250510,신당,강남,7,4
20250510,신당,강남,8,14
20250510,신당,강남,9,13
20250510,신당,강남,10,9
20250510,신당,강남,11,5
20250510,신당,강남,12,12
20250510,신당,강남,13,13
20250510,신당,강남,14,4
20250510,신당,강남,15,4
20250510,신당,강남,16,8
20250510,신당,강남,17,9
20250510,신당,강남,18,4
20250510,신당,강남,19,5
20250510,신당,강남,20,5
20250510,신당,강남,21,5
20250510,신당,강남,22,3
20250510,신당,강변(동서울터미널),5,2
20250510,신당,강변(동서울터미널),6,2
20250510,신당,강변(동서울터미널),7,5
20250510,신당,강변(동서울터미널),8,10
20250510,신당,강변(동서울터미널),9,7
20250510,신당,강변(동서울터미널),10,10
20250510,신당,강변(동서울터미널),11,5
20250510,신당,강변(동서울터미널),12,11
20250510,신당,강변(동서울터미널),13,9
20250510,신당,강변(동서울터미널),14,14
20250510,신당,강변(동서울터미널),15,10
20250510,신당,강변(동서울터미널),16,13
20250510,신당,강변(동서울터미널),17,4
20250510,신당,강변(동서울터미널),18,5
20250510,신당,강변(동서울터미널),19,4
20250510,신당,강변(동서울터미널),20,7
20250510,신당,강변(동서울터미널),21,3
20250510,신당,강변(동서울터미널),22,8
20250510,신당,강변(동서울터미널),23,3
20250510,신당,건대입구,5,6
20250510,신당,건대입구,6,3
20250510,신당,건대입구,7,6
20250510,신당,건대입구,8,9
20250510,신당,건대입구,9,14
20250510,신당,건대입구,10,16
20250510,신당,건대입구,11,18
20250510,신당,건대입구,12,14
20250510,신당,건대입구,13,30
20250510,신당,건대입구,14,30
20250510,신당,건대입구,15,22
20250510,신당,건대입구,16,22
20250510,신당,건대입구,17,25
20250510,신당,건대입구,18,16
20250510,신당,건대입구,19,12
20250510,신당,건대입구,20,18
20250510,신당,건대입구,21,19
20250510,신당,건대입구,22,18
20250510,신당,건대입구,23,8
20250510,신당,교대(법원.검찰청),5,3
20250510,신당,교대(법원.검찰청),7,1
20250510,신당,교대(법원.검찰청),8,3
20250510,신당,교대(법원.검찰청),9,2
20250510,신당,교대(법원.검찰청),10,1
20250510,신당,교대(법원.검찰청),11,1
20250510,신당,교대(법원.검찰청),12,1
20250510,신당,교대(법원.검찰청),13,1
20250510,신당,교대(법원.검찰청),14,2
20250510,신당,교대(법원.검찰청),15,4
20250510,신당,교대(법원.검찰청),16,1
20250510,신당,교대(법원.검찰청),17,4
20250510,신당,교대(법원.검찰청),19,3
20250510,신당,교대(법원.검찰청),20,1
20250510,신당,교대(법원.검찰청),21,1
20250510,신당,교대(법원.검찰청),22,3
20250510,신당,구로디지털단지,5,7
20250510,신당,구로디지털단지,6,1
20250510,신당,구로디지털단지,7,5
20250510,신당,구로디지털단지,8,5
20250510,신당,구로디지털단지,9,2
20250510,신당,구로디지털단지,10,12
20250510,신당,구로디지털단지,11,6
20250510,신당,구로디지털단지,12,2
20250510,신당,구로디지털단지,13,7
20250510,신당,구로디지털단지,14,6
20250510,신당,구로디지털단지,15,9
20250510,신당,구로디지털단지,16,11
20250510,신당,구로디지털단지,17,6
20250510,신당,구로디지털단지,18,18
20250510,신당,구로디지털단지,19,4
20250510,신당,구로디지털단지,20,3
20250510,신당,구로디지털단지,21,9
20250510,신당,구로디지털단지,22,1
20250510,신당,구로디지털단지,23,3
20250510,신당,구의(광진구청),5,1
20250510,신당,구의(광진구청),6,7
20250510,신당,구의(광진구청),7,3
20250510,신당,구의(광진구청),8,6
20250510,신당,구의(광진구청),9,3
20250510,신당,구의(광진구청),10,4
20250510,신당,구의(광진구청),11,7
20250510,신당,구의(광진구청),12,4
20250510,신당,구의(광진구청),13,10
20250510,신당,구의(광진구청),14,9
20250510,신당,구의(광진구청),15,11
20250510,신당,구의(광진구청),16,21
20250510,신당,구의(광진구청),17,8
20250510,신당,구의(광진구청),18,14
20250510,신당,구의(광진구청),19,9
20250510,신당,구의(광진구청),20,6
20250510,신당,구의(광진구청),21,5
20250510,신당,구의(광진구청),22,9
20250510,신당,구의(광진구청),23,8
20250510,신당,낙성대,7,2
20250510,신당,낙성대,9,1
20250510,신당,낙성대,11,1
20250510,신당,낙성대,12,1
20250510,신당,낙성대,15,3
20250510,신당,낙성대,16,1
20250510,신당,낙성대,21,3
20250510,신당,낙성대,22,7
20250510,신당,당산,6,1
20250510,신당,당산,7,1
20250510,신당,당산,8,3
20250510,신당,당산,9,7
20250510,신당,당산,10,2
20250510,신당,당산,11,7
20250510,신당,당산,12,3
20250510,신당,당산,13,1
20250510,신당,당산,14,1
20250510,신당,당산,15,5
20250510,신당,당산,16,6
20250510,신당,당산,17,4
20250510,신당,당산,18,3
20250510,신당,당산,19,4
20250510,신당,당산,20,7
20250510,신당,당산,21,3
20250510,신당,당산,22,6
20250510,신당,당산,23,5
20250510,신당,대림(구로구청),7,1
20250510,신당,대림(구로구청),8,2
20250510,신당,대림(구로구청),9,2
20250510,신당,대림(구로구청),10,4
20250510,신당,대림(구로구청),11,6
20250510,신당,대림(구로구청),12,3
20250510,신당,대림(구로구청),14,3
20250510,신당,대림(구로구청),15,15
20250510,신당,대림(구로구청),16,8
20250510,신당,대림(구로구청),17,6
20250510,신당,대림(구로구청),18,8
20250510,신당,대림(구로구청),19,4
20250510,신당,대림(구로구청),20,2
20250510,신당,대림(구로구청),21,2
20250510,신당,대림(구로구청),22,2
20250510,신당,대림(구로구청),23,4
20250510,신당,동대문역사문화공원,5,2
20250510,신당,동대문역사문화공원,6,4
20250510,신당,동대문역사문화공원,7,8
20250510,신당,동대문역사문화공원,8,8
20250510,신당,동대문역사문화공원,9,12
20250510,신당,동대문역사문화공원,10,36
20250510,신당,동대문역사문화공원,11,24
20250510,신당,동대문역사문화공원,12,26
20250510,신당,동대문역사문화공원,13,25
20250510,신당,동대문역사문화공원,14,20
20250510,신당,동대문역사문화공원,15,20
20250510,신당,동대문역사문화공원,16,10
20250510,신당,동대문역사문화공원,17,29
20250510,신당,동대문역사문화공원,18,15
20250510,신당,동대문역사문화공원,19,4
20250510,신당,동대문역사문화공원,20,5
20250510,신당,동대문역사문화공원,21,5
20250510,신당,동대문역사문화공원,22,3
20250510,신당,동대문역사문화공원,23,4
20250510,신당,뚝섬,5,1
20250510,신당,뚝섬,6,1
20250510,신당,뚝섬,7,2
20250510,신당,뚝섬,8,6
20250510,신당,뚝섬,9,10
20250510,신당,뚝섬,10,4
20250510,신당,뚝섬,11,14
20250510,신당,뚝섬,12,13
20250510,신당,뚝섬,13,12
20250510,신당,뚝섬,14,21
20250510,신당,뚝섬,15,15
20250510,신당,뚝섬,16,16
20250510,신당,뚝섬,17,17
20250510,신당,뚝섬,18,11
20250510,신당,뚝섬,19,9
20250510,신당,뚝섬,20,5
20250510,신당,뚝섬,21,8
20250510,신당,뚝섬,22,1
20250510,신당,뚝섬,23,5
20250510,신당,문래,5,1
20250510,신당,문래,7,2
20250510,신당,문래,8,3
20250510,신당,문래,9,1
20250510,신당,문래,10,2
20250510,신당,문래,11,1
20250510,신당,문래,12,5
20250510,신당,문래,13,3
20250510,신당,문래,14,4
20250510,신당,문래,16,4
20250510,신당,문래,17,4
20250510,신당,문래,19,2
20250510,신당,문래,20,1
20250510,신당,문래,22,2
20250510,신당,문래,23,1
20250510,신당,방배,5,1
20250510,신당,방배,9,3
20250510,신당,방배,10,1
20250510,신당,방배,11,2
20250510,신당,방배,12,2
20250510,신당,방배,13,1
20250510,신당,방배,14,2
20250510,신당,방배,16,1
20250510,신당,방배,17,1
20250510,신당,봉천,6,1
20250510,신당,봉천,7,1
20250510,신당,봉천,9,1
20250510,신당,봉천,10,2
20250510,신당,봉천,11,3
20250510,신당,봉천,12,2
20250510,신당,봉천,13,1
20250510,신당,봉천,15,1
20250510,신당,봉천,17,1
20250510,신당,봉천,19,2
20250510,신당,봉천,21,3
20250510,신당,봉천,22,5
20250510,신당,사당,5,5
20250510,신당,사당,6,2
20250510,신당,사당,8,1
20250510,신당,사당,9,3
20250510,신당,사당,10,2
20250510,신당,사당,11,2
20250510,신당,사당,12,4
20250510,신당,사당,13,7
20250510,신당,사당,14,2
20250510,신당,사당,15,2
20250510,신당,사당,16,2
20250510,신당,사당,17,2
20250510,신당,사당,18,1
20250510,신당,사당,19,6
20250510,신당,사당,20,3
20250510,신당,사당,21,3
20250510,신당,사당,22,3
20250510,신당,삼성(무역센터),5,5
20250510,신당,삼성(무역센터),6,12
20250510,신당,삼성(무역센터),7,5
20250510,신당,삼성(무역센터),8,6
20250510,신당,삼성(무역센터),9,18
20250510,신당,삼성(무역센터),10,17
20250510,신당,삼성(무역센터),11,11
20250510,신당,삼성(무역센터),12,9
20250510,신당,삼성(무역센터),13,18
20250510,신당,삼성(무역센터),14,13
20250510,신당,삼성(무역센터),15,14
20250510,신당,삼성(무역센터),16,6
20250510,신당,삼성(무역센터),17,8
20250510,신당,삼성(무역센터),18,6
20250510,신당,삼성(무역센터),21,2
20250510,신당,삼성(무역센터),23,3
20250510,신당,상왕십리,6,2
20250510,신당,상왕십리,7,4
20250510,신당,상왕십리,8,4
20250510,신당,상왕십리,9,8
20250510,신당,상왕십리,10,15
20250510,신당,상왕십리,11,19
20250510,신당,상왕십리,12,18
20250510,신당,상왕십리,13,17
20250510,신당,상왕십리,14,12
20250510,신당,상왕십리,15,6
20250510,신당,상왕십리,16,24
20250510,신당,상왕십리,17,15
20250510,신당,상왕십리,18,11
20250510,신당,상왕십리,19,13
20250510,신당,상왕십리,20,8
20250510,신당,상왕십리,21,4
20250510,신당,상왕십리,22,8
20250510,신당,상왕십리,23,1
20250510,신당,서울대입구(관악구청),5,2
20250510,신당,서울대입구(관악구청),7,2
20250510,신당,서울대입구(관악구청),9,1
20250510,신당,서울대입구(관악구청),10,2
20250510,신당,서울대입구(관악구청),11,6
20250510,신당,서울대입구(관악구청),12,1
20250510,신당,서울대입구(관악구청),13,3
20250510,신당,서울대입구(관악구청),14,2
20250510,신당,서울대입구(관악구청),15,1
20250510,신당,서울대입구(관악구청),16,6
20250510,신당,서울대입구(관악구청),17,7
20250510,신당,서울대입구(관악구청),18,4
20250510,신당,서울대입구(관악구청),19,4
20250510,신당,서울대입구(관악구청),20,3
20250510,신당,서울대입구(관악구청),21,2
20250510,신당,서울대입구(관악구청),22,2
20250510,신당,서울대입구(관악구청),23,1
20250510,신당,서초,6,1
20250510,신당,서초,9,2
20250510,신당,서초,10,1
20250510,신당,서초,11,1
20250510,신당,서초,13,1
20250510,신당,서초,14,1
20250510,신당,서초,15,1
20250510,신당,서초,16,5
20250510,신당,서초,20,1
20250510,신당,서초,21,1
20250510,신당,선릉,5,2
20250510,신당,선릉,6,2
20250510,신당,선릉,7,2
20250510,신당,선릉,8,7
20250510,신당,선릉,9,4
20250510,신당,선릉,10,4
20250510,신당,선릉,11,1
20250510,신당,선릉,12,1
20250510,신당,선릉,13,6
20250510,신당,선릉,14,5
20250510,신당,선릉,15,1
20250510,신당,선릉,16,1
20250510,신당,선릉,17,4
20250510,신당,선릉,18,2
20250510,신당,선릉,19,1
20250510,신당,선릉,20,1
20250510,신당,성수,5,7
20250510,신당,성수,6,5
20250510,신당,성수,7,8
20250510,신당,성수,8,14
20250510,신당,성수,9,12
20250510,신당,성수,10,14
20250510,신당,성수,11,27
20250510,신당,성수,12,25
20250510,신당,성수,13,21
20250510,신당,성수,14,20
20250510,신당,성수,15,19
20250510,신당,성수,16,22
20250510,신당,성수,17,17
20250510,신당,성수,18,26
20250510,신당,성수,19,5
20250510,신당,성수,20,11
20250510,신당,성수,21,4
20250510,신당,성수,22,9
20250510,신당,성수,23,6
20250510,신당,시청,5,1
20250510,신당,시청,6,6
20250510,신당,시청,7,7
20250510,신당,시청,8,10
20250510,신당,시청,9,11
20250510,신당,시청,10,17
20250510,신당,시청,11,12
20250510,신당,시청,12,10
20250510,신당,시청,13,5
20250510,신당,시청,14,7
20250510,신당,시청,15,8
20250510,신당,시청,16,2
20250510,신당,시청,17,6
20250510,신당,시청,18,4
20250510,신당,시청,19,4
20250510,신당,시청,20,3
20250510,신당,시청,21,5
20250510,신당,시청,22,4
20250510,신당,시청,23,2
20250510,신당,신당,5,2
20250510,신당,신당,7,3
20250510,신당,신당,8,11
20250510,신당,신당,9,13
20250510,신당,신당,10,7
20250510,신당,신당,11,18
20250510,신당,신당,12,13
20250510,신당,신당,13,15
20250510,신당,신당,14,15
20250510,신당,신당,15,15
20250510,신당,신당,16,22
20250510,신당,신당,17,11
20250510,신당,신당,18,15
20250510,신당,신당,19,10
20250510,신당,신당,20,20
20250510,신당,신당,21,9
20250510,신당,신당,22,23
20250510,신당,신당,23,14
20250510,신당,신대방,5,1
20250510,신당,신대방,7,1
20250510,신당,신대방,8,1
20250510,신당,신대방,9,1
20250510,신당,신대방,10,1
20250510,신당,신대방,11,1
20250510,신당,신대방,13,2
20250510,신당,신대방,14,10
20250510,신당,신대방,15,2
20250510,신당,신대방,16,4
20250510,신당,신대방,17,3
20250510,신당,신대방,18,4
20250510,신당,신대방,19,2
20250510,신당,신대방,20,1
20250510,신당,신대방,21,3
20250510,신당,신대방,22,2
20250510,신당,신도림,5,2
20250510,신당,신도림,6,1
20250510,신당,신도림,7,2
20250510,신당,신도림,8,3
20250510,신당,신도림,9,6
20250510,신당,신도림,10,7
20250510,신당,신도림,11,8
20250510,신당,신도림,12,5
20250510,신당,신도림,13,4
20250510,신당,신도림,14,6
20250510,신당,신도림,15,10
20250510,신당,신도림,16,7
20250510,신당,신도림,17,6
20250510,신당,신도림,18,8
20250510,신당,신도림,19,6
20250510,신당,신도림,20,4
20250510,신당,신도림,21,6
20250510,신당,신도림,22,7
20250510,신당,신도림,23,23
20250510,신당,신림,5,1
20250510,신당,신림,6,1
20250510,신당,신림,9,1
20250510,신당,신림,10,5
20250510,신당,신림,11,4
20250510,신당,신림,12,1
20250510,신당,신림,13,3
20250510,신당,신림,14,2
20250510,신당,신림,16,3
20250510,신당,신림,17,5
20250510,신당,신림,18,5
20250510,신당,신림,19,7
20250510,신당,신림,20,5
20250510,신당,신림,21,11
20250510,신당,신림,22,5
20250510,신당,신림,23,3
20250510,신당,신촌,5,1
20250510,신당,신촌,6,2
20250510,신당,신촌,7,6
20250510,신당,신촌,8,14
20250510,신당,신촌,9,17
20250510,신당,신촌,10,15
20250510,신당,신촌,11,17
20250510,신당,신촌,12,23
20250510,신당,신촌,13,21
20250510,신당,신촌,14,18
20250510,신당,신촌,15,17
20250510,신당,신촌,16,17
20250510,신당,신촌,17,17
20250510,신당,신촌,18,8
20250510,신당,신촌,19,10
20250510,신당,신촌,20,9
20250510,신당,신촌,21,6
20250510,신당,신촌,22,8
20250510,신당,신촌,23,9
20250510,신당,아현,5,1
20250510,신당,아현,6,1
20250510,신당,아현,7,2
20250510,신당,아현,9,6
20250510,신당,아현,10,1
20250510,신당,아현,11,10
20250510,신당,아현,12,3
20250510,신당,아현,13,11
20250510,신당,아현,14,9
20250510,신당,아현,15,7
20250510,신당,아현,16,6
20250510,신당,아현,17,7
20250510,신당,아현,18,12
20250510,신당,아현,19,6
20250510,신당,아현,20,4
20250510,신당,아현,21,8
20250510,신당,아현,22,3
20250510,신당,역삼,6,2
20250510,신당,역삼,7,4
20250510,신당,역삼,8,7
20250510,신당,역삼,9,5
20250510,신당,역삼,10,3
20250510,신당,역삼,11,3
20250510,신당,역삼,12,3
20250510,신당,역삼,13,6
20250510,신당,역삼,14,2
20250510,신당,역삼,15,1
20250510,신당,역삼,16,1
20250510,신당,역삼,17,3
20250510,신당,역삼,18,2
20250510,신당,역삼,19,1
20250510,신당,역삼,20,2
20250510,신당,역삼,21,1
20250510,신당,영등포구청,7,2
20250510,신당,영등포구청,8,4
20250510,신당,영등포구청,9,3
20250510,신당,영등포구청,10,4
20250510,신당,영등포구청,11,4
20250510,신당,영등포구청,12,1
20250510,신당,영등포구청,13,1
20250510,신당,영등포구청,14,2
20250510,신당,영등포구청,15,3
20250510,신당,영등포구청,16,5
20250510,신당,영등포구청,17,4
20250510,신당,영등포구청,18,3
20250510,신당,영등포구청,19,1
20250510,신당,영등포구청,20,1
20250510,신당,영등포구청,21,2
20250510,신당,영등포구청,22,2
20250510,신당,영등포구청,23,3
20250510,신당,왕십리(성동구청),6,1
20250510,신당,왕십리(성동구청),7,2
20250510,신당,왕십리(성동구청),8,8
20250510,신당,왕십리(성동구청),9,10
20250510,신당,왕십리(성동구청),10,18
20250510,신당,왕십리(성동구청),11,12
20250510,신당,왕십리(성동구청),12,22
20250510,신당,왕십리(성동구청),13,25
20250510,신당,왕십리(성동구청),14,15
20250510,신당,왕십리(성동구청),15,20
20250510,신당,왕십리(성동구청),16,26
20250510,신당,왕십리(성동구청),17,28
20250510,신당,왕십리(성동구청),18,30
20250510,신당,왕십리(성동구청),19,20
20250510,신당,왕십리(성동구청),20,18
20250510,신당,왕십리(성동구청),21,20
20250510,신당,왕십리(성동구청),22,10
20250510,신당,왕십리(성동구청),23,7
20250510,신당,용두(동대문구청),12,1
20250510,신당,용두(동대문구청),15,1
20250510,신당,용두(동대문구청),18,1
20250510,신당,을지로3가,5,6
20250510,신당,을지로3가,6,7
20250510,신당,을지로3가,7,15
20250510,신당,을지로3가,8,8
20250510,신당,을지로3가,9,25
20250510,신당,을지로3가,10,14
20250510,신당,을지로3가,11,8
20250510,신당,을지로3가,12,15
20250510,신당,을지로3가,13,10
20250510,신당,을지로3가,14,23
20250510,신당,을지로3가,15,13
20250510,신당,을지로3가,16,22
20250510,신당,을지로3가,17,21
20250510,신당,을지로3가,18,15
20250510,신당,을지로3가,19,5
20250510,신당,을지로3가,20,15
20250510,신당,을지로3가,21,3
20250510,신당,을지로3가,22,1
20250510,신당,을지로3가,23,9
20250510,신당,을지로4가,5,2
20250510,신당,을지로4가,6,6
20250510,신당,을지로4가,7,8
20250510,신당,을지로4가,8,11
20250510,신당,을지로4가,9,10
20250510,신당,을지로4가,10,7
20250510,신당,을지로4가,11,13
20250510,신당,을지로4가,12,13
20250510,신당,을지로4가,13,13
20250510,신당,을지로4가,14,17
20250510,신당,을지로4가,15,11
20250510,신당,을지로4가,16,15
20250510,신당,을지로4가,17,13
20250510,신당,을지로4가,18,12
20250510,신당,을지로4가,19,5
20250510,신당,을지로4가,20,6
20250510,신당,을지로4가,21,12
20250510,신당,을지로4가,22,2
20250510,신당,을지로4가,23,3
20250510,신당,을지로입구,5,1
20250510,신당,을지로입구,6,6
20250510,신당,을지로입구,7,15
20250510,신당,을지로입구,8,29
20250510,신당,을지로입구,9,39
20250510,신당,을지로입구,10,34
20250510,신당,을지로입구,11,30
20250510,신당,을지로입구,12,33
20250510,신당,을지로입구,13,38
20250510,신당,을지로입구,14,35
20250510,신당,을지로입구,15,25
20250510,신당,을지로입구,16,31
20250510,신당,을지로입구,17,20
20250510,신당,을지로입구,18,9
20250510,신당,을지로입구,19,13
20250510,신당,을지로입구,20,6
20250510,신당,을지로입구,21,4
20250510,신당,을지로입구,22,10
20250510,신당,을지로입구,23,3
20250510,신당,이대,7,4
20250510,신당,이대,8,9
20250510,신당,이대,9,7
20250510,신당,이대,10,5
20250510,신당,이대,11,9
20250510,신당,이대,12,14
20250510,신당,이대,13,5
20250510,신당,이대,14,8
20250510,신당,이대,15,7
20250510,신당,이대,16,3
20250510,신당,이대,17,11
20250510,신당,이대,18,4
20250510,신당,이대,19,4
20250510,신당,이대,20,5
20250510,신당,이대,21,9
20250510,신당,이대,22,4
20250510,신당,이대,23,3
20250510,신당,잠실(송파구청),5,1
20250510,신당,잠실(송파구청),6,15
20250510,신당,잠실(송파구청),7,8
20250510,신당,잠실(송파구청),8,14
20250510,신당,잠실(송파구청),9,17
20250510,신당,잠실(송파구청),10,19
20250510,신당,잠실(송파구청),11,22
20250510,신당,잠실(송파구청),12,39
20250510,신당,잠실(송파구청),13,24
20250510,신당,잠실(송파구청),14,40
20250510,신당,잠실(송파구청),15,23
20250510,신당,잠실(송파구청),16,20
20250510,신당,잠실(송파구청),17,27
20250510,신당,잠실(송파구청),18,19
20250510,신당,잠실(송파구청),19,17
20250510,신당,잠실(송파구청),20,13
20250510,신당,잠실(송파구청),21,19
20250510,신당,잠실(송파구청),22,12
20250510,신당,잠실(송파구청),23,12
20250510,신당,잠실나루,5,4
20250510,신당,잠실나루,6,1
20250510,신당,잠실나루,7,2
20250510,신당,잠실나루,8,3
20250510,신당,잠실나루,9,3
20250510,신당,잠실나루,10,5
20250510,신당,잠실나루,11,6
20250510,신당,잠실나루,12,2
20250510,신당,잠실나루,13,2
20250510,신당,잠실나루,14,2
20250510,신당,잠실나루,15,2
20250510,신당,잠실나루,16,8
20250510,신당,잠실나루,17,2
20250510,신당,잠실나루,18,4
20250510,신당,잠실나루,19,1
20250510,신당,잠실나루,20,1
20250510,신당,잠실나루,21,4
20250510,신당,잠실나루,22,1
20250510,신당,잠실새내,5,4
20250510,신당,잠실새내,6,1
20250510,신당,잠실새내,7,1
20250510,신당,잠실새내,8,5
20250510,신당,잠실새내,9,9
20250510,신당,잠실새내,10,1
20250510,신당,잠실새내,11,6
20250510,신당,잠실새내,12,6
20250510,신당,잠실새내,13,5
20250510,신당,잠실새내,14,9
20250510,신당,잠실새내,15,6
20250510,신당,잠실새내,16,7
20250510,신당,잠실새내,17,2
20250510,신당,잠실새내,19,1
20250510,신당,잠실새내,20,1
20250510,신당,잠실새내,21,5
20250510,신당,잠실새내,22,3
20250510,신당,종합운동장,5,1
20250510,신당,종합운동장,6,1
20250510,신당,종합운동장,7,9
20250510,신당,종합운동장,10,1
20250510,신당,종합운동장,11,2
20250510,신당,종합운동장,12,2
20250510,신당,종합운동장,13,2
20250510,신당,종합운동장,14,2
20250510,신당,종합운동장,15,16
20250510,신당,종합운동장,16,15
20250510,신당,종합운동장,17,5
20250510,신당,종합운동장,20,1
20250510,신당,종합운동장,22,2
20250510,신당,충정로(경기대입구),5,2
20250510,신당,충정로(경기대입구),6,1
20250510,신당,충정로(경기대입구),7,3
20250510,신당,충정로(경기대입구),8,6
20250510,신당,충정로(경기대입구),9,13
20250510,신당,충정로(경기대입구),10,5
20250510,신당,충정로(경기대입구),11,5
20250510,신당,충정로(경기대입구),12,4
20250510,신당,충정로(경기대입구),13,1
20250510,신당,충정로(경기대입구),14,2
20250510,신당,충정로(경기대입구),15,5
20250510,신당,충정로(경기대입구),16,11
20250510,신당,충정로(경기대입구),17,5
20250510,신당,충정로(경기대입구),18,5
20250510,신당,충정로(경기대입구),19,3
20250510,신당,충정로(경기대입구),20,4
20250510,신당,충정로(경기대입구),21,6
20250510,신당,충정로(경기대입구),22,11
20250510,신당,한양대,5,1
20250510,신당,한양대,6,5
20250510,신당,한양대,8,9
20250510,신당,한양대,9,7
20250510,신당,한양대,10,2
20250510,신당,한양대,11,10
20250510,신당,한양대,12,2
20250510,신당,한양대,13,9
20250510,신당,한양대,14,5
20250510,신당,한양대,16,5
20250510,신당,한양대,17,3
20250510,신당,한양대,18,7
20250510,신당,한양대,19,1
20250510,신당,한양대,20,2
20250510,신당,한양대,21,3
20250510,신당,한양대,22,2
20250510,신당,한양대,23,1
20250510,신당,합정,6,2
20250510,신당,합정,7,3
20250510,신당,합정,8,4
20250510,신당,합정,9,11
20250510,신당,합정,10,7
20250510,신당,합정,11,8
20250510,신당,합정,12,11
20250510,신당,합정,13,13
20250510,신당,합정,14,6
20250510,신당,합정,15,8
20250510,신당,합정,16,17
20250510,신당,합정,17,10
20250510,신당,합정,18,4
20250510,신당,합정,19,12
20250510,신당,합정,20,7
20250510,신당,합정,21,3
20250510,신당,합정,22,1
20250510,신당,합정,23,3
20250510,신당,홍대입구,5,6
20250510,신당,홍대입구,7,4
20250510,신당,홍대입구,8,10
20250510,신당,홍대입구,9,13
20250510,신당,홍대입구,10,22
20250510,신당,홍대입구,11,31
20250510,신당,홍대입구,12,40
20250510,신당,홍대입구,13,30
20250510,신당,홍대입구,14,45
20250510,신당,홍대입구,15,31
20250510,신당,홍대입구,16,46
20250510,신당,홍대입구,17,29
20250510,신당,홍대입구,18,35
20250510,신당,홍대입구,19,27
20250510,신당,홍대입구,20,27
20250510,신당,홍대입구,21,17
20250510,신당,홍대입구,22,22
20250510,신당,홍대입구,23,11
20250510,신대방,강남,5,23
20250510,신대방,강남,6,29
20250510,신대방,강남,7,48
20250510,신대방,강남,8,124
20250510,신대방,강남,9,147
20250510,신대방,강남,10,84
20250510,신대방,강남,11,62
20250510,신대방,강남,12,39
20250510,신대방,강남,13,49
20250510,신대방,강남,14,42
20250510,신대방,강남,15,53
20250510,신대방,강남,16,40
20250510,신대방,강남,17,40
20250510,신대방,강남,18,20
20250510,신대방,강남,19,14
20250510,신대방,강남,20,9
20250510,신대방,강남,21,10
20250510,신대방,강남,22,12
20250510,신대방,강남,23,3
20250510,신대방,강변(동서울터미널),5,4
20250510,신대방,강변(동서울터미널),6,6
20250510,신대방,강변(동서울터미널),7,5
20250510,신대방,강변(동서울터미널),8,7
20250510,신대방,강변(동서울터미널),9,9
20250510,신대방,강변(동서울터미널),10,3
20250510,신대방,강변(동서울터미널),11,3
20250510,신대방,강변(동서울터미널),12,6
20250510,신대방,강변(동서울터미널),13,6
20250510,신대방,강변(동서울터미널),14,6
20250510,신대방,강변(동서울터미널),15,5
20250510,신대방,강변(동서울터미널),16,4
20250510,신대방,강변(동서울터미널),17,4
20250510,신대방,강변(동서울터미널),18,6
20250510,신대방,강변(동서울터미널),19,5
20250510,신대방,강변(동서울터미널),21,2
20250510,신대방,강변(동서울터미널),22,3
20250510,신대방,강변(동서울터미널),23,1
20250510,신대방,건대입구,5,8
20250510,신대방,건대입구,6,7
20250510,신대방,건대입구,7,4
20250510,신대방,건대입구,8,5
20250510,신대방,건대입구,9,10
20250510,신대방,건대입구,10,5
20250510,신대방,건대입구,11,2
20250510,신대방,건대입구,12,8
20250510,신대방,건대입구,13,2
20250510,신대방,건대입구,14,8
20250510,신대방,건대입구,15,9
20250510,신대방,건대입구,16,4
20250510,신대방,건대입구,17,9
20250510,신대방,건대입구,18,3
20250510,신대방,건대입구,19,4
20250510,신대방,건대입구,20,1
20250510,신대방,건대입구,21,3
20250510,신대방,건대입구,22,1
20250510,신대방,건대입구,23,1
20250510,신대방,교대(법원.검찰청),5,21
20250510,신대방,교대(법원.검찰청),6,23
20250510,신대방,교대(법원.검찰청),7,23
20250510,신대방,교대(법원.검찰청),8,38
20250510,신대방,교대(법원.검찰청),9,39
20250510,신대방,교대(법원.검찰청),10,30
20250510,신대방,교대(법원.검찰청),11,19
20250510,신대방,교대(법원.검찰청),12,14
20250510,신대방,교대(법원.검찰청),13,9
20250510,신대방,교대(법원.검찰청),14,8
20250510,신대방,교대(법원.검찰청),15,14
20250510,신대방,교대(법원.검찰청),16,13
20250510,신대방,교대(법원.검찰청),17,2
20250510,신대방,교대(법원.검찰청),18,4
20250510,신대방,교대(법원.검찰청),19,5
20250510,신대방,교대(법원.검찰청),20,3
20250510,신대방,교대(법원.검찰청),22,3
20250510,신대방,구로디지털단지,5,5
20250510,신대방,구로디지털단지,6,12
20250510,신대방,구로디지털단지,7,9
20250510,신대방,구로디지털단지,8,15
20250510,신대방,구로디지털단지,9,34
20250510,신대방,구로디지털단지,10,36
20250510,신대방,구로디지털단지,11,29
20250510,신대방,구로디지털단지,12,18
20250510,신대방,구로디지털단지,13,33
20250510,신대방,구로디지털단지,14,41
20250510,신대방,구로디지털단지,15,31
20250510,신대방,구로디지털단지,16,39
20250510,신대방,구로디지털단지,17,21
20250510,신대방,구로디지털단지,18,26
20250510,신대방,구로디지털단지,19,14
20250510,신대방,구로디지털단지,20,26
20250510,신대방,구로디지털단지,21,21
20250510,신대방,구로디지털단지,22,8
20250510,신대방,구로디지털단지,23,9
20250510,신대방,구의(광진구청),5,4
20250510,신대방,구의(광진구청),7,3
20250510,신대방,구의(광진구청),8,2
20250510,신대방,구의(광진구청),9,3
20250510,신대방,구의(광진구청),10,1
20250510,신대방,구의(광진구청),11,3
20250510,신대방,구의(광진구청),12,1
20250510,신대방,구의(광진구청),13,5
20250510,신대방,구의(광진구청),14,1
20250510,신대방,구의(광진구청),16,3
20250510,신대방,구의(광진구청),17,2
20250510,신대방,구의(광진구청),18,2
20250510,신대방,구의(광진구청),19,2
20250510,신대방,구의(광진구청),21,2
20250510,신대방,구의(광진구청),22,1
20250510,신대방,구의(광진구청),23,1
20250510,신대방,낙성대,5,6
20250510,신대방,낙성대,6,9
20250510,신대방,낙성대,7,10
20250510,신대방,낙성대,8,24
20250510,신대방,낙성대,9,20
20250510,신대방,낙성대,10,19
20250510,신대방,낙성대,11,16
20250510,신대방,낙성대,12,19
20250510,신대방,낙성대,13,25
20250510,신대방,낙성대,14,11
20250510,신대방,낙성대,15,14
20250510,신대방,낙성대,16,14
20250510,신대방,낙성대,17,15
20250510,신대방,낙성대,18,9
20250510,신대방,낙성대,19,7
20250510,신대방,낙성대,20,8
20250510,신대방,낙성대,21,4
20250510,신대방,낙성대,22,1
20250510,신대방,낙성대,23,4
20250510,신대방,당산,5,12
20250510,신대방,당산,6,13
20250510,신대방,당산,7,10
20250510,신대방,당산,8,30
20250510,신대방,당산,9,16
20250510,신대방,당산,10,13
20250510,신대방,당산,11,10
20250510,신대방,당산,12,16
20250510,신대방,당산,13,13
20250510,신대방,당산,14,16
20250510,신대방,당산,15,15
20250510,신대방,당산,16,12
20250510,신대방,당산,17,15
20250510,신대방,당산,18,9
20250510,신대방,당산,19,7
20250510,신대방,당산,20,2
20250510,신대방,당산,21,2
20250510,신대방,당산,22,3
20250510,신대방,당산,23,2
20250510,신대방,대림(구로구청),5,8
20250510,신대방,대림(구로구청),6,7
20250510,신대방,대림(구로구청),7,21
20250510,신대방,대림(구로구청),8,48
20250510,신대방,대림(구로구청),9,33
20250510,신대방,대림(구로구청),10,45
20250510,신대방,대림(구로구청),11,44
20250510,신대방,대림(구로구청),12,39
20250510,신대방,대림(구로구청),13,27
20250510,신대방,대림(구로구청),14,27
20250510,신대방,대림(구로구청),15,29
20250510,신대방,대림(구로구청),16,44
20250510,신대방,대림(구로구청),17,38
20250510,신대방,대림(구로구청),18,14
20250510,신대방,대림(구로구청),19,19
20250510,신대방,대림(구로구청),20,8
20250510,신대방,대림(구로구청),21,6
20250510,신대방,대림(구로구청),22,10
20250510,신대방,대림(구로구청),23,12
20250510,신대방,동대문역사문화공원,5,2
20250510,신대방,동대문역사문화공원,6,7
20250510,신대방,동대문역사문화공원,7,2
20250510,신대방,동대문역사문화공원,8,2
20250510,신대방,동대문역사문화공원,9,19
20250510,신대방,동대문역사문화공원,10,7
20250510,신대방,동대문역사문화공원,11,18
20250510,신대방,동대문역사문화공원,12,11
20250510,신대방,동대문역사문화공원,13,8
20250510,신대방,동대문역사문화공원,14,6
20250510,신대방,동대문역사문화공원,15,4
20250510,신대방,동대문역사문화공원,16,3
20250510,신대방,동대문역사문화공원,17,5
20250510,신대방,동대문역사문화공원,19,2
20250510,신대방,뚝섬,5,2
20250510,신대방,뚝섬,7,1
20250510,신대방,뚝섬,8,5
20250510,신대방,뚝섬,9,10
20250510,신대방,뚝섬,10,5
20250510,신대방,뚝섬,12,7
20250510,신대방,뚝섬,13,1
20250510,신대방,뚝섬,14,1
20250510,신대방,뚝섬,15,1
20250510,신대방,뚝섬,16,4
20250510,신대방,뚝섬,19,1
20250510,신대방,뚝섬,21,1
20250510,신대방,문래,5,4
20250510,신대방,문래,6,10
20250510,신대방,문래,7,11
20250510,신대방,문래,8,22
20250510,신대방,문래,9,21
20250510,신대방,문래,10,15
20250510,신대방,문래,11,26
20250510,신대방,문래,12,15
20250510,신대방,문래,13,22
20250510,신대방,문래,14,20
20250510,신대방,문래,15,19
20250510,신대방,문래,16,19
20250510,신대방,문래,17,22
20250510,신대방,문래,18,9
20250510,신대방,문래,19,10
20250510,신대방,문래,20,5
20250510,신대방,문래,21,8
20250510,신대방,문래,22,1
20250510,신대방,문래,23,3
20250510,신대방,방배,5,12
20250510,신대방,방배,6,8
20250510,신대방,방배,7,14
20250510,신대방,방배,8,28
20250510,신대방,방배,9,37
20250510,신대방,방배,10,12
20250510,신대방,방배,11,9
20250510,신대방,방배,12,6
20250510,신대방,방배,13,9
20250510,신대방,방배,14,7
20250510,신대방,방배,15,11
20250510,신대방,방배,16,14
20250510,신대방,방배,17,6
20250510,신대방,방배,18,3
20250510,신대방,방배,19,3
20250510,신대방,방배,20,4
20250510,신대방,방배,21,2
20250510,신대방,방배,22,2
20250510,신대방,봉천,5,2
20250510,신대방,봉천,6,6
20250510,신대방,봉천,7,12
20250510,신대방,봉천,8,25
20250510,신대방,봉천,9,25
20250510,신대방,봉천,10,22
20250510,신대방,봉천,11,31
20250510,신대방,봉천,12,22
20250510,신대방,봉천,13,26
20250510,신대방,봉천,14,19
20250510,신대방,봉천,15,22
20250510,신대방,봉천,16,33
20250510,신대방,봉천,17,20
20250510,신대방,봉천,18,13
20250510,신대방,봉천,19,12
20250510,신대방,봉천,20,10
20250510,신대방,봉천,21,9
20250510,신대방,봉천,22,9
20250510,신대방,봉천,23,3
20250510,신대방,사당,5,14
20250510,신대방,사당,6,22
20250510,신대방,사당,7,22
20250510,신대방,사당,8,28
20250510,신대방,사당,9,43
20250510,신대방,사당,10,33
20250510,신대방,사당,11,38
20250510,신대방,사당,12,31
20250510,신대방,사당,13,24
20250510,신대방,사당,14,16
20250510,신대방,사당,15,26
20250510,신대방,사당,16,29
20250510,신대방,사당,17,28
20250510,신대방,사당,18,16
20250510,신대방,사당,19,24
20250510,신대방,사당,20,5
20250510,신대방,사당,21,8
20250510,신대방,사당,22,7
20250510,신대방,사당,23,10
20250510,신대방,삼성(무역센터),5,29
20250510,신대방,삼성(무역센터),6,22
20250510,신대방,삼성(무역센터),7,35
20250510,신대방,삼성(무역센터),8,48
20250510,신대방,삼성(무역센터),9,50
20250510,신대방,삼성(무역센터),10,40
20250510,신대방,삼성(무역센터),11,36
20250510,신대방,삼성(무역센터),12,28
20250510,신대방,삼성(무역센터),13,22
20250510,신대방,삼성(무역센터),14,12
20250510,신대방,삼성(무역센터),15,19
20250510,신대방,삼성(무역센터),16,17
20250510,신대방,삼성(무역센터),17,11
20250510,신대방,삼성(무역센터),18,8
20250510,신대방,삼성(무역센터),19,6
20250510,신대방,삼성(무역센터),20,6
20250510,신대방,삼성(무역센터),21,2
20250510,신대방,삼성(무역센터),22,2
20250510,신대방,삼성(무역센터),23,2
20250510,신대방,상왕십리,5,2
20250510,신대방,상왕십리,6,1
20250510,신대방,상왕십리,7,2
20250510,신대방,상왕십리,8,4
20250510,신대방,상왕십리,9,1
20250510,신대방,상왕십리,10,2
20250510,신대방,상왕십리,11,2
20250510,신대방,상왕십리,13,2
20250510,신대방,상왕십리,14,1
20250510,신대방,상왕십리,16,3
20250510,신대방,상왕십리,17,2
20250510,신대방,상왕십리,18,2
20250510,신대방,상왕십리,19,3
20250510,신대방,상왕십리,20,1
20250510,신대방,상왕십리,21,1
20250510,신대방,상왕십리,23,1
20250510,신대방,서울대입구(관악구청),5,5
20250510,신대방,서울대입구(관악구청),6,10
20250510,신대방,서울대입구(관악구청),7,16
20250510,신대방,서울대입구(관악구청),8,36
20250510,신대방,서울대입구(관악구청),9,56
20250510,신대방,서울대입구(관악구청),10,34
20250510,신대방,서울대입구(관악구청),11,31
20250510,신대방,서울대입구(관악구청),12,30
20250510,신대방,서울대입구(관악구청),13,38
20250510,신대방,서울대입구(관악구청),14,32
20250510,신대방,서울대입구(관악구청),15,32
20250510,신대방,서울대입구(관악구청),16,31
20250510,신대방,서울대입구(관악구청),17,39
20250510,신대방,서울대입구(관악구청),18,26
20250510,신대방,서울대입구(관악구청),19,18
20250510,신대방,서울대입구(관악구청),20,16
20250510,신대방,서울대입구(관악구청),21,16
20250510,신대방,서울대입구(관악구청),22,13
20250510,신대방,서울대입구(관악구청),23,9
20250510,신대방,서초,5,14
20250510,신대방,서초,6,10
20250510,신대방,서초,7,24
20250510,신대방,서초,8,22
20250510,신대방,서초,9,19
20250510,신대방,서초,10,10
20250510,신대방,서초,11,9
20250510,신대방,서초,12,5
20250510,신대방,서초,13,6
20250510,신대방,서초,14,15
20250510,신대방,서초,15,13
20250510,신대방,서초,16,9
20250510,신대방,서초,17,5
20250510,신대방,서초,18,3
20250510,신대방,서초,19,2
20250510,신대방,서초,20,4
20250510,신대방,서초,21,1
20250510,신대방,서초,22,1
20250510,신대방,선릉,5,10
20250510,신대방,선릉,6,14
20250510,신대방,선릉,7,23
20250510,신대방,선릉,8,47
20250510,신대방,선릉,9,51
20250510,신대방,선릉,10,32
20250510,신대방,선릉,11,16
20250510,신대방,선릉,12,23
20250510,신대방,선릉,13,18
20250510,신대방,선릉,14,8
20250510,신대방,선릉,15,17
20250510,신대방,선릉,16,16
20250510,신대방,선릉,17,15
20250510,신대방,선릉,18,14
20250510,신대방,선릉,19,4
20250510,신대방,선릉,20,6
20250510,신대방,선릉,21,1
20250510,신대방,선릉,22,1
20250510,신대방,성수,5,6
20250510,신대방,성수,6,4
20250510,신대방,성수,7,5
20250510,신대방,성수,8,7
20250510,신대방,성수,9,7
20250510,신대방,성수,10,7
20250510,신대방,성수,11,11
20250510,신대방,성수,12,11
20250510,신대방,성수,13,16
20250510,신대방,성수,14,10
20250510,신대방,성수,15,12
20250510,신대방,성수,16,7
20250510,신대방,성수,17,2
20250510,신대방,성수,18,3
20250510,신대방,성수,19,3
20250510,신대방,시청,5,3
20250510,신대방,시청,6,4
20250510,신대방,시청,7,13
20250510,신대방,시청,8,16
20250510,신대방,시청,9,10
20250510,신대방,시청,10,11
20250510,신대방,시청,11,2
20250510,신대방,시청,12,13
20250510,신대방,시청,13,16
20250510,신대방,시청,14,4
20250510,신대방,시청,15,3
20250510,신대방,시청,16,1
20250510,신대방,시청,17,4
20250510,신대방,시청,18,1
20250510,신대방,시청,19,1
20250510,신대방,시청,20,2
20250510,신대방,신당,5,1
20250510,신대방,신당,6,1
20250510,신대방,신당,7,2
20250510,신대방,신당,8,6
20250510,신대방,신당,9,6
20250510,신대방,신당,10,5
20250510,신대방,신당,11,9
20250510,신대방,신당,12,2
20250510,신대방,신당,13,4
20250510,신대방,신당,14,2
20250510,신대방,신당,15,7
20250510,신대방,신당,16,3
20250510,신대방,신당,17,4
20250510,신대방,신당,18,1
20250510,신대방,신당,19,3
20250510,신대방,신당,20,1
20250510,신대방,신당,23,1
20250510,신대방,신대방,0,1
20250510,신대방,신대방,5,12
20250510,신대방,신대방,6,4
20250510,신대방,신대방,7,8
20250510,신대방,신대방,8,13
20250510,신대방,신대방,9,16
20250510,신대방,신대방,10,18
20250510,신대방,신대방,11,33
20250510,신대방,신대방,12,19
20250510,신대방,신대방,13,37
20250510,신대방,신대방,14,22
20250510,신대방,신대방,15,25
20250510,신대방,신대방,16,18
20250510,신대방,신대방,17,20
20250510,신대방,신대방,18,23
20250510,신대방,신대방,19,21
20250510,신대방,신대방,20,21
20250510,신대방,신대방,21,12
20250510,신대방,신대방,22,13
20250510,신대방,신대방,23,12
20250510,신대방,신도림,5,13
20250510,신대방,신도림,6,11
20250510,신대방,신도림,7,25
20250510,신대방,신도림,8,45
20250510,신대방,신도림,9,59
20250510,신대방,신도림,10,42
20250510,신대방,신도림,11,46
20250510,신대방,신도림,12,52
20250510,신대방,신도림,13,50
20250510,신대방,신도림,14,56
20250510,신대방,신도림,15,40
20250510,신대방,신도림,16,52
20250510,신대방,신도림,17,24
20250510,신대방,신도림,18,29
20250510,신대방,신도림,19,17
20250510,신대방,신도림,20,17
20250510,신대방,신도림,21,8
20250510,신대방,신도림,22,9
20250510,신대방,신도림,23,9
20250510,신대방,신림,5,3
20250510,신대방,신림,6,12
20250510,신대방,신림,7,9
20250510,신대방,신림,8,24
20250510,신대방,신림,9,45
20250510,신대방,신림,10,52
20250510,신대방,신림,11,52
20250510,신대방,신림,12,58
20250510,신대방,신림,13,50
20250510,신대방,신림,14,64
20250510,신대방,신림,15,63
20250510,신대방,신림,16,42
20250510,신대방,신림,17,72
20250510,신대방,신림,18,55
20250510,신대방,신림,19,24
20250510,신대방,신림,20,38
20250510,신대방,신림,21,30
20250510,신대방,신림,22,17
20250510,신대방,신림,23,20
20250510,신대방,신촌,5,3
20250510,신대방,신촌,6,6
20250510,신대방,신촌,7,10
20250510,신대방,신촌,8,15
20250510,신대방,신촌,9,41
20250510,신대방,신촌,10,24
20250510,신대방,신촌,11,31
20250510,신대방,신촌,12,29
20250510,신대방,신촌,13,30
20250510,신대방,신촌,14,26
20250510,신대방,신촌,15,5
20250510,신대방,신촌,16,21
20250510,신대방,신촌,17,29
20250510,신대방,신촌,18,11
20250510,신대방,신촌,19,6
20250510,신대방,신촌,20,6
20250510,신대방,신촌,21,2
20250510,신대방,신촌,22,5
20250510,신대방,신촌,23,3
20250510,신대방,아현,5,2
20250510,신대방,아현,6,2
20250510,신대방,아현,7,10
20250510,신대방,아현,8,9
20250510,신대방,아현,9,4
20250510,신대방,아현,11,3
20250510,신대방,아현,12,2
20250510,신대방,아현,13,6
20250510,신대방,아현,14,2
20250510,신대방,아현,15,1
20250510,신대방,아현,16,4
20250510,신대방,아현,17,1
20250510,신대방,아현,18,7
20250510,신대방,아현,19,4
20250510,신대방,아현,21,1
20250510,신대방,아현,23,1
20250510,신대방,역삼,5,7
20250510,신대방,역삼,6,25
20250510,신대방,역삼,7,25
20250510,신대방,역삼,8,46
20250510,신대방,역삼,9,48
20250510,신대방,역삼,10,19
20250510,신대방,역삼,11,15
20250510,신대방,역삼,12,15
20250510,신대방,역삼,13,10
20250510,신대방,역삼,14,15
20250510,신대방,역삼,15,12
20250510,신대방,역삼,16,11
20250510,신대방,역삼,17,8
20250510,신대방,역삼,18,6
20250510,신대방,역삼,19,5
20250510,신대방,역삼,20,4
20250510,신대방,역삼,21,4
20250510,신대방,역삼,22,4
20250510,신대방,영등포구청,5,3
20250510,신대방,영등포구청,6,7
20250510,신대방,영등포구청,7,15
20250510,신대방,영등포구청,8,18
20250510,신대방,영등포구청,9,28
20250510,신대방,영등포구청,10,25
20250510,신대방,영등포구청,11,17
20250510,신대방,영등포구청,12,14
20250510,신대방,영등포구청,13,23
20250510,신대방,영등포구청,14,20
20250510,신대방,영등포구청,15,17
20250510,신대방,영등포구청,16,20
20250510,신대방,영등포구청,17,11
20250510,신대방,영등포구청,18,7
20250510,신대방,영등포구청,19,6
20250510,신대방,영등포구청,20,7
20250510,신대방,영등포구청,21,4
20250510,신대방,영등포구청,22,3
20250510,신대방,영등포구청,23,3
20250510,신대방,왕십리(성동구청),5,1
20250510,신대방,왕십리(성동구청),6,2
20250510,신대방,왕십리(성동구청),7,3
20250510,신대방,왕십리(성동구청),9,2
20250510,신대방,왕십리(성동구청),10,8
20250510,신대방,왕십리(성동구청),11,4
20250510,신대방,왕십리(성동구청),12,3
20250510,신대방,왕십리(성동구청),13,1
20250510,신대방,왕십리(성동구청),15,1
20250510,신대방,왕십리(성동구청),16,2
20250510,신대방,왕십리(성동구청),17,3
20250510,신대방,왕십리(성동구청),18,2
20250510,신대방,왕십리(성동구청),19,1
20250510,신대방,왕십리(성동구청),20,1
20250510,신대방,왕십리(성동구청),21,1
20250510,신대방,왕십리(성동구청),23,1
20250510,신대방,용두(동대문구청),8,1
20250510,신대방,용두(동대문구청),9,1
20250510,신대방,을지로3가,5,2
20250510,신대방,을지로3가,6,3
20250510,신대방,을지로3가,7,4
20250510,신대방,을지로3가,8,8
20250510,신대방,을지로3가,9,5
20250510,신대방,을지로3가,10,2
20250510,신대방,을지로3가,11,6
20250510,신대방,을지로3가,12,9
20250510,신대방,을지로3가,13,4
20250510,신대방,을지로3가,14,5
20250510,신대방,을지로3가,15,9
20250510,신대방,을지로3가,16,3
20250510,신대방,을지로3가,17,9
20250510,신대방,을지로3가,18,4
20250510,신대방,을지로3가,19,4
20250510,신대방,을지로3가,20,1
20250510,신대방,을지로3가,22,1
20250510,신대방,을지로4가,4,1
20250510,신대방,을지로4가,5,2
20250510,신대방,을지로4가,6,4
20250510,신대방,을지로4가,7,6
20250510,신대방,을지로4가,8,2
20250510,신대방,을지로4가,9,7
20250510,신대방,을지로4가,10,10
20250510,신대방,을지로4가,11,3
20250510,신대방,을지로4가,12,9
20250510,신대방,을지로4가,13,6
20250510,신대방,을지로4가,14,8
20250510,신대방,을지로4가,15,5
20250510,신대방,을지로4가,16,4
20250510,신대방,을지로4가,17,2
20250510,신대방,을지로4가,20,1
20250510,신대방,을지로4가,21,1
20250510,신대방,을지로4가,22,1
20250510,신대방,을지로입구,5,1
20250510,신대방,을지로입구,6,10
20250510,신대방,을지로입구,7,19
20250510,신대방,을지로입구,8,38
20250510,신대방,을지로입구,9,35
20250510,신대방,을지로입구,10,27
20250510,신대방,을지로입구,11,20
20250510,신대방,을지로입구,12,18
20250510,신대방,을지로입구,13,12
20250510,신대방,을지로입구,14,11
20250510,신대방,을지로입구,15,9
20250510,신대방,을지로입구,16,12
20250510,신대방,을지로입구,17,7
20250510,신대방,을지로입구,18,5
20250510,신대방,을지로입구,19,1
20250510,신대방,을지로입구,20,1
20250510,신대방,을지로입구,22,1
20250510,신대방,을지로입구,23,1
20250510,신대방,이대,6,2
20250510,신대방,이대,7,2
20250510,신대방,이대,8,8
20250510,신대방,이대,9,6
20250510,신대방,이대,10,8
20250510,신대방,이대,11,7
20250510,신대방,이대,12,8
20250510,신대방,이대,13,3
20250510,신대방,이대,14,6
20250510,신대방,이대,15,5
20250510,신대방,이대,16,7
20250510,신대방,이대,17,4
20250510,신대방,이대,18,2
20250510,신대방,이대,19,1
20250510,신대방,이대,20,1
20250510,신대방,이대,21,2
20250510,신대방,이대,22,2
20250510,신대방,이대,23,4
20250510,신대방,잠실(송파구청),5,9
20250510,신대방,잠실(송파구청),6,20
20250510,신대방,잠실(송파구청),7,27
20250510,신대방,잠실(송파구청),8,50
20250510,신대방,잠실(송파구청),9,29
20250510,신대방,잠실(송파구청),10,32
20250510,신대방,잠실(송파구청),11,31
20250510,신대방,잠실(송파구청),12,35
20250510,신대방,잠실(송파구청),13,30
20250510,신대방,잠실(송파구청),14,27
20250510,신대방,잠실(송파구청),15,24
20250510,신대방,잠실(송파구청),16,23
20250510,신대방,잠실(송파구청),17,24
20250510,신대방,잠실(송파구청),18,13
20250510,신대방,잠실(송파구청),19,16
20250510,신대방,잠실(송파구청),20,6
20250510,신대방,잠실(송파구청),21,4
20250510,신대방,잠실(송파구청),22,7
20250510,신대방,잠실(송파구청),23,2
20250510,신대방,잠실나루,5,10
20250510,신대방,잠실나루,6,2
20250510,신대방,잠실나루,7,2
20250510,신대방,잠실나루,8,4
20250510,신대방,잠실나루,9,3
20250510,신대방,잠실나루,12,1
20250510,신대방,잠실나루,13,3
20250510,신대방,잠실나루,14,2
20250510,신대방,잠실나루,15,1
20250510,신대방,잠실나루,16,1
20250510,신대방,잠실나루,19,3
20250510,신대방,잠실나루,23,1
20250510,신대방,잠실새내,5,1
20250510,신대방,잠실새내,6,3
20250510,신대방,잠실새내,7,4
20250510,신대방,잠실새내,8,11
20250510,신대방,잠실새내,9,4
20250510,신대방,잠실새내,10,7
20250510,신대방,잠실새내,11,5
20250510,신대방,잠실새내,12,6
20250510,신대방,잠실새내,13,6
20250510,신대방,잠실새내,14,8
20250510,신대방,잠실새내,15,4
20250510,신대방,잠실새내,16,5
20250510,신대방,잠실새내,17,1
20250510,신대방,잠실새내,18,2
20250510,신대방,잠실새내,19,4
20250510,신대방,잠실새내,22,6
20250510,신대방,종합운동장,5,9
20250510,신대방,종합운동장,6,4
20250510,신대방,종합운동장,7,6
20250510,신대방,종합운동장,8,4
20250510,신대방,종합운동장,9,5
20250510,신대방,종합운동장,10,3
20250510,신대방,종합운동장,11,6
20250510,신대방,종합운동장,12,3
20250510,신대방,종합운동장,13,1
20250510,신대방,종합운동장,14,14
20250510,신대방,종합운동장,15,13
20250510,신대방,종합운동장,16,17
20250510,신대방,종합운동장,17,2
20250510,신대방,종합운동장,18,1
20250510,신대방,충정로(경기대입구),6,1
20250510,신대방,충정로(경기대입구),7,1
20250510,신대방,충정로(경기대입구),8,5
20250510,신대방,충정로(경기대입구),9,1
20250510,신대방,충정로(경기대입구),10,3
20250510,신대방,충정로(경기대입구),11,1
20250510,신대방,충정로(경기대입구),12,4
20250510,신대방,충정로(경기대입구),13,1
20250510,신대방,충정로(경기대입구),14,2
20250510,신대방,충정로(경기대입구),15,1
20250510,신대방,충정로(경기대입구),16,1
20250510,신대방,충정로(경기대입구),17,5
20250510,신대방,충정로(경기대입구),18,1
20250510,신대방,충정로(경기대입구),19,3
20250510,신대방,충정로(경기대입구),23,1
20250510,신대방,한양대,5,4
20250510,신대방,한양대,7,4
20250510,신대방,한양대,8,6
20250510,신대방,한양대,9,1
20250510,신대방,한양대,10,1
20250510,신대방,한양대,11,1
20250510,신대방,한양대,12,2
20250510,신대방,한양대,15,1
20250510,신대방,한양대,17,1
20250510,신대방,합정,5,12
20250510,신대방,합정,6,15
20250510,신대방,합정,7,10
20250510,신대방,합정,8,37
20250510,신대방,합정,9,41
20250510,신대방,합정,10,42
20250510,신대방,합정,11,37
20250510,신대방,합정,12,54
20250510,신대방,합정,13,31
20250510,신대방,합정,14,36
20250510,신대방,합정,15,28
20250510,신대방,합정,16,32
20250510,신대방,합정,17,43
20250510,신대방,합정,18,28
20250510,신대방,합정,19,10
20250510,신대방,합정,20,16
20250510,신대방,합정,21,21
20250510,신대방,합정,22,14
20250510,신대방,합정,23,8
20250510,신대방,홍대입구,5,5
20250510,신대방,홍대입구,6,7
20250510,신대방,홍대입구,7,14
20250510,신대방,홍대입구,8,39
20250510,신대방,홍대입구,9,70
20250510,신대방,홍대입구,10,63
20250510,신대방,홍대입구,11,62
20250510,신대방,홍대입구,12,76
20250510,신대방,홍대입구,13,77
20250510,신대방,홍대입구,14,71
20250510,신대방,홍대입구,15,58
20250510,신대방,홍대입구,16,53
20250510,신대방,홍대입구,17,69
20250510,신대방,홍대입구,18,32
20250510,신대방,홍대입구,19,29
20250510,신대방,홍대입구,20,17
20250510,신대방,홍대입구,21,14
20250510,신대방,홍대입구,22,13
20250510,신대방,홍대입구,23,11
20250510,신도림,강남,4,6
20250510,신도림,강남,5,37
20250510,신도림,강남,6,19
20250510,신도림,강남,7,29
20250510,신도림,강남,8,80
20250510,신도림,강남,9,97
20250510,신도림,강남,10,58
20250510,신도림,강남,11,62
20250510,신도림,강남,12,66
20250510,신도림,강남,13,72
20250510,신도림,강남,14,70
20250510,신도림,강남,15,58
20250510,신도림,강남,16,65
20250510,신도림,강남,17,88
20250510,신도림,강남,18,37
20250510,신도림,강남,19,30
20250510,신도림,강남,20,22
20250510,신도림,강남,21,13
20250510,신도림,강남,22,16
20250510,신도림,강남,23,6
20250510,신도림,강변(동서울터미널),4,1
20250510,신도림,강변(동서울터미널),5,5
20250510,신도림,강변(동서울터미널),6,9
20250510,신도림,강변(동서울터미널),7,7
20250510,신도림,강변(동서울터미널),8,13
20250510,신도림,강변(동서울터미널),9,5
20250510,신도림,강변(동서울터미널),10,15
20250510,신도림,강변(동서울터미널),11,3
20250510,신도림,강변(동서울터미널),12,10
20250510,신도림,강변(동서울터미널),13,9
20250510,신도림,강변(동서울터미널),14,20
20250510,신도림,강변(동서울터미널),15,10
20250510,신도림,강변(동서울터미널),16,13
20250510,신도림,강변(동서울터미널),17,9
20250510,신도림,강변(동서울터미널),18,7
20250510,신도림,강변(동서울터미널),19,7
20250510,신도림,강변(동서울터미널),20,7
20250510,신도림,강변(동서울터미널),21,3
20250510,신도림,강변(동서울터미널),22,2
20250510,신도림,강변(동서울터미널),23,1
20250510,신도림,건대입구,4,1
20250510,신도림,건대입구,5,2
20250510,신도림,건대입구,6,3
20250510,신도림,건대입구,7,3
20250510,신도림,건대입구,8,7
20250510,신도림,건대입구,9,6
20250510,신도림,건대입구,10,13
20250510,신도림,건대입구,11,10
20250510,신도림,건대입구,12,15
20250510,신도림,건대입구,13,16
20250510,신도림,건대입구,14,10
20250510,신도림,건대입구,15,12
20250510,신도림,건대입구,16,22
20250510,신도림,건대입구,17,18
20250510,신도림,건대입구,18,16
20250510,신도림,건대입구,19,9
20250510,신도림,건대입구,20,9
20250510,신도림,건대입구,21,9
20250510,신도림,건대입구,22,8
20250510,신도림,건대입구,23,3
20250510,신도림,교대(법원.검찰청),4,1
20250510,신도림,교대(법원.검찰청),5,13
20250510,신도림,교대(법원.검찰청),6,11
20250510,신도림,교대(법원.검찰청),7,21
20250510,신도림,교대(법원.검찰청),8,21
20250510,신도림,교대(법원.검찰청),9,27
20250510,신도림,교대(법원.검찰청),10,16
20250510,신도림,교대(법원.검찰청),11,22
20250510,신도림,교대(법원.검찰청),12,18
20250510,신도림,교대(법원.검찰청),13,24
20250510,신도림,교대(법원.검찰청),14,9
20250510,신도림,교대(법원.검찰청),15,25
20250510,신도림,교대(법원.검찰청),16,13
20250510,신도림,교대(법원.검찰청),17,20
20250510,신도림,교대(법원.검찰청),18,9
20250510,신도림,교대(법원.검찰청),19,6
20250510,신도림,교대(법원.검찰청),20,11
20250510,신도림,교대(법원.검찰청),21,8
20250510,신도림,교대(법원.검찰청),22,4
20250510,신도림,교대(법원.검찰청),23,1
20250510,신도림,구로디지털단지,4,2
20250510,신도림,구로디지털단지,5,10
20250510,신도림,구로디지털단지,6,13
20250510,신도림,구로디지털단지,7,18
20250510,신도림,구로디지털단지,8,56
20250510,신도림,구로디지털단지,9,45
20250510,신도림,구로디지털단지,10,55
20250510,신도림,구로디지털단지,11,38
20250510,신도림,구로디지털단지,12,63
20250510,신도림,구로디지털단지,13,73
20250510,신도림,구로디지털단지,14,94
20250510,신도림,구로디지털단지,15,109
20250510,신도림,구로디지털단지,16,103
20250510,신도림,구로디지털단지,17,123
20250510,신도림,구로디지털단지,18,99
20250510,신도림,구로디지털단지,19,82
20250510,신도림,구로디지털단지,20,111
20250510,신도림,구로디지털단지,21,69
20250510,신도림,구로디지털단지,22,61
20250510,신도림,구로디지털단지,23,51
20250510,신도림,구의(광진구청),5,3
20250510,신도림,구의(광진구청),6,1
20250510,신도림,구의(광진구청),7,4
20250510,신도림,구의(광진구청),8,3
20250510,신도림,구의(광진구청),9,4
20250510,신도림,구의(광진구청),10,6
20250510,신도림,구의(광진구청),11,2
20250510,신도림,구의(광진구청),12,4
20250510,신도림,구의(광진구청),13,5
20250510,신도림,구의(광진구청),14,1
20250510,신도림,구의(광진구청),15,9
20250510,신도림,구의(광진구청),16,11
20250510,신도림,구의(광진구청),17,9
20250510,신도림,구의(광진구청),18,9
20250510,신도림,구의(광진구청),19,11
20250510,신도림,구의(광진구청),20,9
20250510,신도림,구의(광진구청),21,3
20250510,신도림,구의(광진구청),22,6
20250510,신도림,구의(광진구청),23,1
20250510,신도림,낙성대,5,4
20250510,신도림,낙성대,6,5
20250510,신도림,낙성대,7,6
20250510,신도림,낙성대,8,12
20250510,신도림,낙성대,9,13
20250510,신도림,낙성대,10,10
20250510,신도림,낙성대,11,13
20250510,신도림,낙성대,12,25
20250510,신도림,낙성대,13,25
20250510,신도림,낙성대,14,30
20250510,신도림,낙성대,15,19
20250510,신도림,낙성대,16,22
20250510,신도림,낙성대,17,43
20250510,신도림,낙성대,18,30
20250510,신도림,낙성대,19,14
20250510,신도림,낙성대,20,15
20250510,신도림,낙성대,21,14
20250510,신도림,낙성대,22,17
20250510,신도림,낙성대,23,6
20250510,신도림,당산,4,1
20250510,신도림,당산,5,11
20250510,신도림,당산,6,10
20250510,신도림,당산,7,13
20250510,신도림,당산,8,23
20250510,신도림,당산,9,25
20250510,신도림,당산,10,23
20250510,신도림,당산,11,26
20250510,신도림,당산,12,20
20250510,신도림,당산,13,34
20250510,신도림,당산,14,28
20250510,신도림,당산,15,32
20250510,신도림,당산,16,45
20250510,신도림,당산,17,45
20250510,신도림,당산,18,34
20250510,신도림,당산,19,34
20250510,신도림,당산,20,33
20250510,신도림,당산,21,32
20250510,신도림,당산,22,20
20250510,신도림,당산,23,18
20250510,신도림,대림(구로구청),5,6
20250510,신도림,대림(구로구청),6,7
20250510,신도림,대림(구로구청),7,10
20250510,신도림,대림(구로구청),8,20
20250510,신도림,대림(구로구청),9,23
20250510,신도림,대림(구로구청),10,28
20250510,신도림,대림(구로구청),11,40
20250510,신도림,대림(구로구청),12,34
20250510,신도림,대림(구로구청),13,46
20250510,신도림,대림(구로구청),14,48
20250510,신도림,대림(구로구청),15,54
20250510,신도림,대림(구로구청),16,51
20250510,신도림,대림(구로구청),17,80
20250510,신도림,대림(구로구청),18,37
20250510,신도림,대림(구로구청),19,43
20250510,신도림,대림(구로구청),20,30
20250510,신도림,대림(구로구청),21,36
20250510,신도림,대림(구로구청),22,31
20250510,신도림,대림(구로구청),23,15
20250510,신도림,동대문역사문화공원,5,1
20250510,신도림,동대문역사문화공원,6,5
20250510,신도림,동대문역사문화공원,7,4
20250510,신도림,동대문역사문화공원,8,6
20250510,신도림,동대문역사문화공원,9,17
20250510,신도림,동대문역사문화공원,10,20
20250510,신도림,동대문역사문화공원,11,14
20250510,신도림,동대문역사문화공원,12,14
20250510,신도림,동대문역사문화공원,13,18
20250510,신도림,동대문역사문화공원,14,15
20250510,신도림,동대문역사문화공원,15,14
20250510,신도림,동대문역사문화공원,16,13
20250510,신도림,동대문역사문화공원,17,3
20250510,신도림,동대문역사문화공원,18,1
20250510,신도림,동대문역사문화공원,19,2
20250510,신도림,동대문역사문화공원,20,1
20250510,신도림,동대문역사문화공원,21,4
20250510,신도림,동대문역사문화공원,22,3
20250510,신도림,동대문역사문화공원,23,1
20250510,신도림,뚝섬,4,4
20250510,신도림,뚝섬,5,7
20250510,신도림,뚝섬,6,3
20250510,신도림,뚝섬,7,5
20250510,신도림,뚝섬,8,4
20250510,신도림,뚝섬,9,10
20250510,신도림,뚝섬,10,16
20250510,신도림,뚝섬,11,18
20250510,신도림,뚝섬,12,14
20250510,신도림,뚝섬,13,12
20250510,신도림,뚝섬,14,16
20250510,신도림,뚝섬,15,6
20250510,신도림,뚝섬,16,9
20250510,신도림,뚝섬,17,3
20250510,신도림,뚝섬,18,4
20250510,신도림,뚝섬,19,4
20250510,신도림,뚝섬,20,3
20250510,신도림,뚝섬,21,3
20250510,신도림,뚝섬,22,3
20250510,신도림,뚝섬,23,1
20250510,신도림,문래,4,1
20250510,신도림,문래,5,10
20250510,신도림,문래,6,8
20250510,신도림,문래,7,7
20250510,신도림,문래,8,13
20250510,신도림,문래,9,17
20250510,신도림,문래,10,31
20250510,신도림,문래,11,23
20250510,신도림,문래,12,52
20250510,신도림,문래,13,44
20250510,신도림,문래,14,36
20250510,신도림,문래,15,43
20250510,신도림,문래,16,57
20250510,신도림,문래,17,55
20250510,신도림,문래,18,31
20250510,신도림,문래,19,31
20250510,신도림,문래,20,17
20250510,신도림,문래,21,13
20250510,신도림,문래,22,6
20250510,신도림,문래,23,1
20250510,신도림,방배,5,8
20250510,신도림,방배,6,5
20250510,신도림,방배,7,6
20250510,신도림,방배,8,17
20250510,신도림,방배,9,12
20250510,신도림,방배,10,9
20250510,신도림,방배,11,12
20250510,신도림,방배,12,14
20250510,신도림,방배,13,20
20250510,신도림,방배,14,14
20250510,신도림,방배,15,13
20250510,신도림,방배,16,12
20250510,신도림,방배,17,10
20250510,신도림,방배,18,7
20250510,신도림,방배,19,7
20250510,신도림,방배,20,6
20250510,신도림,방배,21,5
20250510,신도림,방배,23,3
20250510,신도림,봉천,5,4
20250510,신도림,봉천,6,4
20250510,신도림,봉천,7,6
20250510,신도림,봉천,8,14
20250510,신도림,봉천,9,11
20250510,신도림,봉천,10,12
20250510,신도림,봉천,11,10
20250510,신도림,봉천,12,15
20250510,신도림,봉천,13,24
20250510,신도림,봉천,14,22
20250510,신도림,봉천,15,27
20250510,신도림,봉천,16,46
20250510,신도림,봉천,17,44
20250510,신도림,봉천,18,36
20250510,신도림,봉천,19,24
20250510,신도림,봉천,20,30
20250510,신도림,봉천,21,29
20250510,신도림,봉천,22,23
20250510,신도림,봉천,23,12
20250510,신도림,사당,4,1
20250510,신도림,사당,5,19
20250510,신도림,사당,6,32
20250510,신도림,사당,7,16
20250510,신도림,사당,8,15
20250510,신도림,사당,9,15
20250510,신도림,사당,10,38
20250510,신도림,사당,11,33
20250510,신도림,사당,12,40
20250510,신도림,사당,13,51
20250510,신도림,사당,14,39
20250510,신도림,사당,15,56
20250510,신도림,사당,16,62
20250510,신도림,사당,17,61
20250510,신도림,사당,18,72
20250510,신도림,사당,19,44
20250510,신도림,사당,20,24
20250510,신도림,사당,21,30
20250510,신도림,사당,22,32
20250510,신도림,사당,23,13
20250510,신도림,삼성(무역센터),4,2
20250510,신도림,삼성(무역센터),5,28
20250510,신도림,삼성(무역센터),6,15
20250510,신도림,삼성(무역센터),7,24
20250510,신도림,삼성(무역센터),8,23
20250510,신도림,삼성(무역센터),9,47
20250510,신도림,삼성(무역센터),10,50
20250510,신도림,삼성(무역센터),11,44
20250510,신도림,삼성(무역센터),12,66
20250510,신도림,삼성(무역센터),13,43
20250510,신도림,삼성(무역센터),14,27
20250510,신도림,삼성(무역센터),15,23
20250510,신도림,삼성(무역센터),16,21
20250510,신도림,삼성(무역센터),17,21
20250510,신도림,삼성(무역센터),18,8
20250510,신도림,삼성(무역센터),19,4
20250510,신도림,삼성(무역센터),20,7
20250510,신도림,삼성(무역센터),21,5
20250510,신도림,삼성(무역센터),22,3
20250510,신도림,삼성(무역센터),23,4
20250510,신도림,상왕십리,5,2
20250510,신도림,상왕십리,6,1
20250510,신도림,상왕십리,7,1
20250510,신도림,상왕십리,8,8
20250510,신도림,상왕십리,9,2
20250510,신도림,상왕십리,10,2
20250510,신도림,상왕십리,11,1
20250510,신도림,상왕십리,12,3
20250510,신도림,상왕십리,13,3
20250510,신도림,상왕십리,14,8
20250510,신도림,상왕십리,15,8
20250510,신도림,상왕십리,16,9
20250510,신도림,상왕십리,17,5
20250510,신도림,상왕십리,18,5
20250510,신도림,상왕십리,19,5
20250510,신도림,상왕십리,20,7
20250510,신도림,상왕십리,21,2
20250510,신도림,상왕십리,22,1
20250510,신도림,서울대입구(관악구청),5,10
20250510,신도림,서울대입구(관악구청),6,9
20250510,신도림,서울대입구(관악구청),7,16
20250510,신도림,서울대입구(관악구청),8,45
20250510,신도림,서울대입구(관악구청),9,33
20250510,신도림,서울대입구(관악구청),10,22
20250510,신도림,서울대입구(관악구청),11,21
20250510,신도림,서울대입구(관악구청),12,47
20250510,신도림,서울대입구(관악구청),13,38
20250510,신도림,서울대입구(관악구청),14,25
20250510,신도림,서울대입구(관악구청),15,48
20250510,신도림,서울대입구(관악구청),16,46
20250510,신도림,서울대입구(관악구청),17,68
20250510,신도림,서울대입구(관악구청),18,55
20250510,신도림,서울대입구(관악구청),19,32
20250510,신도림,서울대입구(관악구청),20,41
20250510,신도림,서울대입구(관악구청),21,34
20250510,신도림,서울대입구(관악구청),22,25
20250510,신도림,서울대입구(관악구청),23,31
20250510,신도림,서초,4,3
20250510,신도림,서초,5,20
20250510,신도림,서초,6,14
20250510,신도림,서초,7,11
20250510,신도림,서초,8,13
20250510,신도림,서초,9,12
20250510,신도림,서초,10,16
20250510,신도림,서초,11,10
20250510,신도림,서초,12,19
20250510,신도림,서초,13,21
20250510,신도림,서초,14,20
20250510,신도림,서초,15,23
20250510,신도림,서초,16,17
20250510,신도림,서초,17,9
20250510,신도림,서초,18,9
20250510,신도림,서초,19,4
20250510,신도림,서초,20,2
20250510,신도림,서초,21,8
20250510,신도림,서초,22,2
20250510,신도림,선릉,4,3
20250510,신도림,선릉,5,19
20250510,신도림,선릉,6,9
20250510,신도림,선릉,7,12
20250510,신도림,선릉,8,30
20250510,신도림,선릉,9,31
20250510,신도림,선릉,10,23
20250510,신도림,선릉,11,27
20250510,신도림,선릉,12,26
20250510,신도림,선릉,13,30
20250510,신도림,선릉,14,23
20250510,신도림,선릉,15,22
20250510,신도림,선릉,16,20
20250510,신도림,선릉,17,14
20250510,신도림,선릉,18,9
20250510,신도림,선릉,19,12
20250510,신도림,선릉,20,10
20250510,신도림,선릉,21,6
20250510,신도림,선릉,22,5
20250510,신도림,선릉,23,3
20250510,신도림,성수,4,1
20250510,신도림,성수,5,20
20250510,신도림,성수,6,8
20250510,신도림,성수,7,12
20250510,신도림,성수,8,7
20250510,신도림,성수,9,19
20250510,신도림,성수,10,15
20250510,신도림,성수,11,19
20250510,신도림,성수,12,13
20250510,신도림,성수,13,22
20250510,신도림,성수,14,15
20250510,신도림,성수,15,25
20250510,신도림,성수,16,13
20250510,신도림,성수,17,13
20250510,신도림,성수,18,8
20250510,신도림,성수,19,2
20250510,신도림,성수,20,5
20250510,신도림,성수,21,2
20250510,신도림,성수,22,5
20250510,신도림,시청,4,3
20250510,신도림,시청,5,5
20250510,신도림,시청,6,14
20250510,신도림,시청,7,9
20250510,신도림,시청,8,12
20250510,신도림,시청,9,18
20250510,신도림,시청,10,13
20250510,신도림,시청,11,7
20250510,신도림,시청,12,18
20250510,신도림,시청,13,8
20250510,신도림,시청,14,7
20250510,신도림,시청,15,20
20250510,신도림,시청,16,8
20250510,신도림,시청,17,5
20250510,신도림,시청,18,2
20250510,신도림,시청,19,1
20250510,신도림,시청,20,2
20250510,신도림,시청,21,3
20250510,신도림,시청,22,1
20250510,신도림,신당,5,2
20250510,신도림,신당,6,5
20250510,신도림,신당,7,9
20250510,신도림,신당,8,6
20250510,신도림,신당,9,5
20250510,신도림,신당,10,6
20250510,신도림,신당,11,5
20250510,신도림,신당,12,5
20250510,신도림,신당,13,6
20250510,신도림,신당,14,8
20250510,신도림,신당,15,13
20250510,신도림,신당,16,10
20250510,신도림,신당,17,4
20250510,신도림,신당,18,11
20250510,신도림,신당,19,7
20250510,신도림,신당,20,5
20250510,신도림,신당,21,4
20250510,신도림,신당,22,2
20250510,신도림,신당,23,1
20250510,신도림,신대방,4,1
20250510,신도림,신대방,5,3
20250510,신도림,신대방,6,13
20250510,신도림,신대방,7,11
20250510,신도림,신대방,8,11
20250510,신도림,신대방,9,20
20250510,신도림,신대방,10,15
20250510,신도림,신대방,11,22
20250510,신도림,신대방,12,26
20250510,신도림,신대방,13,30
20250510,신도림,신대방,14,45
20250510,신도림,신대방,15,66
20250510,신도림,신대방,16,53
20250510,신도림,신대방,17,51
20250510,신도림,신대방,18,61
20250510,신도림,신대방,19,62
20250510,신도림,신대방,20,43
20250510,신도림,신대방,21,43
20250510,신도림,신대방,22,35
20250510,신도림,신대방,23,15
20250510,신도림,신도림,5,13
20250510,신도림,신도림,6,17
20250510,신도림,신도림,7,10
20250510,신도림,신도림,8,18
20250510,신도림,신도림,9,33
20250510,신도림,신도림,10,34
20250510,신도림,신도림,11,37
20250510,신도림,신도림,12,48
20250510,신도림,신도림,13,47
20250510,신도림,신도림,14,47
20250510,신도림,신도림,15,56
20250510,신도림,신도림,16,62
20250510,신도림,신도림,17,54
20250510,신도림,신도림,18,47
20250510,신도림,신도림,19,41
20250510,신도림,신도림,20,38
20250510,신도림,신도림,21,51
20250510,신도림,신도림,22,35
20250510,신도림,신도림,23,40
20250510,신도림,신림,4,1
20250510,신도림,신림,5,9
20250510,신도림,신림,6,7
20250510,신도림,신림,7,17
20250510,신도림,신림,8,22
20250510,신도림,신림,9,35
20250510,신도림,신림,10,30
20250510,신도림,신림,11,47
20250510,신도림,신림,12,42
20250510,신도림,신림,13,71
20250510,신도림,신림,14,54
20250510,신도림,신림,15,79
20250510,신도림,신림,16,96
20250510,신도림,신림,17,104
20250510,신도림,신림,18,116
20250510,신도림,신림,19,87
20250510,신도림,신림,20,102
20250510,신도림,신림,21,77
20250510,신도림,신림,22,68
20250510,신도림,신림,23,38
20250510,신도림,신촌,5,6
20250510,신도림,신촌,6,10
20250510,신도림,신촌,7,30
20250510,신도림,신촌,8,55
20250510,신도림,신촌,9,78
20250510,신도림,신촌,10,52
20250510,신도림,신촌,11,66
20250510,신도림,신촌,12,63
20250510,신도림,신촌,13,53
20250510,신도림,신촌,14,51
20250510,신도림,신촌,15,66
20250510,신도림,신촌,16,69
20250510,신도림,신촌,17,77
20250510,신도림,신촌,18,53
20250510,신도림,신촌,19,25
20250510,신도림,신촌,20,28
20250510,신도림,신촌,21,19
20250510,신도림,신촌,22,7
20250510,신도림,신촌,23,4
20250510,신도림,아현,5,6
20250510,신도림,아현,6,3
20250510,신도림,아현,7,5
20250510,신도림,아현,8,8
20250510,신도림,아현,9,13
20250510,신도림,아현,10,5
20250510,신도림,아현,11,7
20250510,신도림,아현,12,6
20250510,신도림,아현,13,13
20250510,신도림,아현,14,5
20250510,신도림,아현,15,3
20250510,신도림,아현,16,7
20250510,신도림,아현,17,12
20250510,신도림,아현,18,8
20250510,신도림,아현,19,6
20250510,신도림,아현,20,6
20250510,신도림,아현,21,6
20250510,신도림,아현,22,7
20250510,신도림,아현,23,4
20250510,신도림,역삼,4,1
20250510,신도림,역삼,5,18
20250510,신도림,역삼,6,16
20250510,신도림,역삼,7,10
20250510,신도림,역삼,8,28
20250510,신도림,역삼,9,28
20250510,신도림,역삼,10,19
20250510,신도림,역삼,11,23
20250510,신도림,역삼,12,26
20250510,신도림,역삼,13,22
20250510,신도림,역삼,14,23
20250510,신도림,역삼,15,22
20250510,신도림,역삼,16,8
20250510,신도림,역삼,17,19
20250510,신도림,역삼,18,7
20250510,신도림,역삼,19,11
20250510,신도림,역삼,20,9
20250510,신도림,역삼,21,10
20250510,신도림,역삼,22,8
20250510,신도림,역삼,23,2
20250510,신도림,영등포구청,5,12
20250510,신도림,영등포구청,6,16
20250510,신도림,영등포구청,7,19
20250510,신도림,영등포구청,8,10
20250510,신도림,영등포구청,9,39
20250510,신도림,영등포구청,10,33
20250510,신도림,영등포구청,11,22
20250510,신도림,영등포구청,12,45
20250510,신도림,영등포구청,13,45
20250510,신도림,영등포구청,14,39
20250510,신도림,영등포구청,15,35
20250510,신도림,영등포구청,16,47
20250510,신도림,영등포구청,17,33
20250510,신도림,영등포구청,18,24
20250510,신도림,영등포구청,19,19
20250510,신도림,영등포구청,20,19
20250510,신도림,영등포구청,21,16
20250510,신도림,영등포구청,22,13
20250510,신도림,영등포구청,23,8
20250510,신도림,왕십리(성동구청),5,5
20250510,신도림,왕십리(성동구청),6,4
20250510,신도림,왕십리(성동구청),7,6
20250510,신도림,왕십리(성동구청),8,4
20250510,신도림,왕십리(성동구청),9,6
20250510,신도림,왕십리(성동구청),10,5
20250510,신도림,왕십리(성동구청),11,14
20250510,신도림,왕십리(성동구청),12,8
20250510,신도림,왕십리(성동구청),13,9
20250510,신도림,왕십리(성동구청),14,11
20250510,신도림,왕십리(성동구청),15,8
20250510,신도림,왕십리(성동구청),16,10
20250510,신도림,왕십리(성동구청),17,18
20250510,신도림,왕십리(성동구청),18,10
20250510,신도림,왕십리(성동구청),19,7
20250510,신도림,왕십리(성동구청),20,5
20250510,신도림,왕십리(성동구청),21,2
20250510,신도림,왕십리(성동구청),22,3
20250510,신도림,왕십리(성동구청),23,2
20250510,신도림,용두(동대문구청),13,1
20250510,신도림,용두(동대문구청),14,1
20250510,신도림,을지로3가,4,1
20250510,신도림,을지로3가,5,14
20250510,신도림,을지로3가,6,10
20250510,신도림,을지로3가,7,8
20250510,신도림,을지로3가,8,10
20250510,신도림,을지로3가,9,16
20250510,신도림,을지로3가,10,8
20250510,신도림,을지로3가,11,6
20250510,신도림,을지로3가,12,17
20250510,신도림,을지로3가,13,14
20250510,신도림,을지로3가,14,14
20250510,신도림,을지로3가,15,15
20250510,신도림,을지로3가,16,24
20250510,신도림,을지로3가,17,23
20250510,신도림,을지로3가,18,17
20250510,신도림,을지로3가,19,5
20250510,신도림,을지로3가,20,6
20250510,신도림,을지로3가,21,6
20250510,신도림,을지로3가,22,1
20250510,신도림,을지로4가,4,1
20250510,신도림,을지로4가,5,9
20250510,신도림,을지로4가,6,2
20250510,신도림,을지로4가,7,10
20250510,신도림,을지로4가,8,9
20250510,신도림,을지로4가,9,22
20250510,신도림,을지로4가,10,29
20250510,신도림,을지로4가,11,5
20250510,신도림,을지로4가,12,10
20250510,신도림,을지로4가,13,6
20250510,신도림,을지로4가,14,8
20250510,신도림,을지로4가,15,10
20250510,신도림,을지로4가,16,10
20250510,신도림,을지로4가,17,1
20250510,신도림,을지로4가,18,11
20250510,신도림,을지로4가,19,1
20250510,신도림,을지로4가,20,2
20250510,신도림,을지로4가,21,1
20250510,신도림,을지로4가,23,1
20250510,신도림,을지로입구,5,5
20250510,신도림,을지로입구,6,16
20250510,신도림,을지로입구,7,16
20250510,신도림,을지로입구,8,51
20250510,신도림,을지로입구,9,53
20250510,신도림,을지로입구,10,54
20250510,신도림,을지로입구,11,30
20250510,신도림,을지로입구,12,51
20250510,신도림,을지로입구,13,31
20250510,신도림,을지로입구,14,32
20250510,신도림,을지로입구,15,37
20250510,신도림,을지로입구,16,30
20250510,신도림,을지로입구,17,13
20250510,신도림,을지로입구,18,15
20250510,신도림,을지로입구,19,8
20250510,신도림,을지로입구,20,6
20250510,신도림,을지로입구,21,1
20250510,신도림,을지로입구,22,1
20250510,신도림,을지로입구,23,5
20250510,신도림,이대,5,2
20250510,신도림,이대,6,3
20250510,신도림,이대,7,5
20250510,신도림,이대,8,16
20250510,신도림,이대,9,22
20250510,신도림,이대,10,19
20250510,신도림,이대,11,13
20250510,신도림,이대,12,20
20250510,신도림,이대,13,18
20250510,신도림,이대,14,24
20250510,신도림,이대,15,16
20250510,신도림,이대,16,12
20250510,신도림,이대,17,13
20250510,신도림,이대,18,16
20250510,신도림,이대,19,9
20250510,신도림,이대,20,8
20250510,신도림,이대,21,10
20250510,신도림,이대,22,8
20250510,신도림,이대,23,3
20250510,신도림,잠실(송파구청),4,1
20250510,신도림,잠실(송파구청),5,19
20250510,신도림,잠실(송파구청),6,19
20250510,신도림,잠실(송파구청),7,50
20250510,신도림,잠실(송파구청),8,30
20250510,신도림,잠실(송파구청),9,45
20250510,신도림,잠실(송파구청),10,44
20250510,신도림,잠실(송파구청),11,46
20250510,신도림,잠실(송파구청),12,43
20250510,신도림,잠실(송파구청),13,48
20250510,신도림,잠실(송파구청),14,55
20250510,신도림,잠실(송파구청),15,59
20250510,신도림,잠실(송파구청),16,43
20250510,신도림,잠실(송파구청),17,47
20250510,신도림,잠실(송파구청),18,43
20250510,신도림,잠실(송파구청),19,21
20250510,신도림,잠실(송파구청),20,26
20250510,신도림,잠실(송파구청),21,18
20250510,신도림,잠실(송파구청),22,12
20250510,신도림,잠실(송파구청),23,4
20250510,신도림,잠실나루,4,4
20250510,신도림,잠실나루,5,21
20250510,신도림,잠실나루,6,1
20250510,신도림,잠실나루,7,2
20250510,신도림,잠실나루,8,1
20250510,신도림,잠실나루,9,2
20250510,신도림,잠실나루,10,2
20250510,신도림,잠실나루,11,4
20250510,신도림,잠실나루,13,2
20250510,신도림,잠실나루,14,1
20250510,신도림,잠실나루,15,4
20250510,신도림,잠실나루,16,6
20250510,신도림,잠실나루,17,4
20250510,신도림,잠실나루,19,3
20250510,신도림,잠실나루,20,4
20250510,신도림,잠실나루,22,1
20250510,신도림,잠실새내,4,2
20250510,신도림,잠실새내,5,5
20250510,신도림,잠실새내,6,3
20250510,신도림,잠실새내,7,3
20250510,신도림,잠실새내,8,8
20250510,신도림,잠실새내,9,9
20250510,신도림,잠실새내,10,8
20250510,신도림,잠실새내,11,5
20250510,신도림,잠실새내,12,5
20250510,신도림,잠실새내,13,16
20250510,신도림,잠실새내,14,11
20250510,신도림,잠실새내,15,15
20250510,신도림,잠실새내,16,12
20250510,신도림,잠실새내,17,10
20250510,신도림,잠실새내,18,21
20250510,신도림,잠실새내,19,2
20250510,신도림,잠실새내,20,4
20250510,신도림,잠실새내,21,4
20250510,신도림,잠실새내,22,2
20250510,신도림,잠실새내,23,1
20250510,신도림,종합운동장,5,15
20250510,신도림,종합운동장,6,6
20250510,신도림,종합운동장,7,5
20250510,신도림,종합운동장,8,5
20250510,신도림,종합운동장,9,6
20250510,신도림,종합운동장,10,5
20250510,신도림,종합운동장,11,6
20250510,신도림,종합운동장,12,5
20250510,신도림,종합운동장,13,11
20250510,신도림,종합운동장,14,16
20250510,신도림,종합운동장,15,41
20250510,신도림,종합운동장,16,17
20250510,신도림,종합운동장,17,10
20250510,신도림,종합운동장,18,4
20250510,신도림,종합운동장,19,2
20250510,신도림,종합운동장,20,4
20250510,신도림,종합운동장,21,3
20250510,신도림,종합운동장,22,1
20250510,신도림,충정로(경기대입구),5,5
20250510,신도림,충정로(경기대입구),7,3
20250510,신도림,충정로(경기대입구),8,8
20250510,신도림,충정로(경기대입구),9,5
20250510,신도림,충정로(경기대입구),10,8
20250510,신도림,충정로(경기대입구),11,13
20250510,신도림,충정로(경기대입구),12,9
20250510,신도림,충정로(경기대입구),13,9
20250510,신도림,충정로(경기대입구),14,2
20250510,신도림,충정로(경기대입구),15,4
20250510,신도림,충정로(경기대입구),16,7
20250510,신도림,충정로(경기대입구),17,5
20250510,신도림,충정로(경기대입구),18,3
20250510,신도림,충정로(경기대입구),19,3
20250510,신도림,충정로(경기대입구),20,6
20250510,신도림,충정로(경기대입구),21,3
20250510,신도림,충정로(경기대입구),22,1
20250510,신도림,한양대,5,4
20250510,신도림,한양대,6,2
20250510,신도림,한양대,7,3
20250510,신도림,한양대,8,4
20250510,신도림,한양대,9,3
20250510,신도림,한양대,10,3
20250510,신도림,한양대,11,5
20250510,신도림,한양대,12,7
20250510,신도림,한양대,13,4
20250510,신도림,한양대,14,6
20250510,신도림,한양대,16,3
20250510,신도림,한양대,17,2
20250510,신도림,한양대,18,5
20250510,신도림,한양대,19,3
20250510,신도림,한양대,22,1
20250510,신도림,합정,5,16
20250510,신도림,합정,6,17
20250510,신도림,합정,7,20
20250510,신도림,합정,8,35
20250510,신도림,합정,9,57
20250510,신도림,합정,10,77
20250510,신도림,합정,11,56
20250510,신도림,합정,12,82
20250510,신도림,합정,13,102
20250510,신도림,합정,14,83
20250510,신도림,합정,15,104
20250510,신도림,합정,16,100
20250510,신도림,합정,17,97
20250510,신도림,합정,18,90
20250510,신도림,합정,19,62
20250510,신도림,합정,20,41
20250510,신도림,합정,21,34
20250510,신도림,합정,22,27
20250510,신도림,합정,23,38
20250510,신도림,홍대입구,5,10
20250510,신도림,홍대입구,6,19
20250510,신도림,홍대입구,7,25
20250510,신도림,홍대입구,8,48
20250510,신도림,홍대입구,9,105
20250510,신도림,홍대입구,10,101
20250510,신도림,홍대입구,11,136
20250510,신도림,홍대입구,12,160
20250510,신도림,홍대입구,13,232
20250510,신도림,홍대입구,14,205
20250510,신도림,홍대입구,15,177
20250510,신도림,홍대입구,16,170
20250510,신도림,홍대입구,17,159
20250510,신도림,홍대입구,18,152
20250510,신도림,홍대입구,19,74
20250510,신도림,홍대입구,20,67
20250510,신도림,홍대입구,21,46
20250510,신도림,홍대입구,22,31
20250510,신도림,홍대입구,23,28
20250510,신림,강남,5,49
20250510,신림,강남,6,84
20250510,신림,강남,7,135
20250510,신림,강남,8,343
20250510,신림,강남,9,389
20250510,신림,강남,10,219
20250510,신림,강남,11,172
20250510,신림,강남,12,174
20250510,신림,강남,13,179
20250510,신림,강남,14,143
20250510,신림,강남,15,142
20250510,신림,강남,16,137
20250510,신림,강남,17,152
20250510,신림,강남,18,119
20250510,신림,강남,19,65
20250510,신림,강남,20,61
20250510,신림,강남,21,56
20250510,신림,강남,22,41
20250510,신림,강남,23,39
20250510,신림,강변(동서울터미널),5,6
20250510,신림,강변(동서울터미널),6,20
20250510,신림,강변(동서울터미널),7,18
20250510,신림,강변(동서울터미널),8,22
20250510,신림,강변(동서울터미널),9,21
20250510,신림,강변(동서울터미널),10,16
20250510,신림,강변(동서울터미널),11,18
20250510,신림,강변(동서울터미널),12,20
20250510,신림,강변(동서울터미널),13,13
20250510,신림,강변(동서울터미널),14,15
20250510,신림,강변(동서울터미널),15,17
20250510,신림,강변(동서울터미널),16,16
20250510,신림,강변(동서울터미널),17,11
20250510,신림,강변(동서울터미널),18,12
20250510,신림,강변(동서울터미널),19,3
20250510,신림,강변(동서울터미널),20,14
20250510,신림,강변(동서울터미널),21,5
20250510,신림,강변(동서울터미널),22,8
20250510,신림,강변(동서울터미널),23,4
20250510,신림,건대입구,5,7
20250510,신림,건대입구,6,3
20250510,신림,건대입구,7,16
20250510,신림,건대입구,8,12
20250510,신림,건대입구,9,27
20250510,신림,건대입구,10,21
20250510,신림,건대입구,11,19
20250510,신림,건대입구,12,23
20250510,신림,건대입구,13,22
20250510,신림,건대입구,14,23
20250510,신림,건대입구,15,33
20250510,신림,건대입구,16,15
20250510,신림,건대입구,17,24
20250510,신림,건대입구,18,13
20250510,신림,건대입구,19,13
20250510,신림,건대입구,20,9
20250510,신림,건대입구,21,9
20250510,신림,건대입구,22,7
20250510,신림,건대입구,23,12
20250510,신림,교대(법원.검찰청),5,28
20250510,신림,교대(법원.검찰청),6,42
20250510,신림,교대(법원.검찰청),7,59
20250510,신림,교대(법원.검찰청),8,122
20250510,신림,교대(법원.검찰청),9,80
20250510,신림,교대(법원.검찰청),10,49
20250510,신림,교대(법원.검찰청),11,45
20250510,신림,교대(법원.검찰청),12,36
20250510,신림,교대(법원.검찰청),13,34
20250510,신림,교대(법원.검찰청),14,24
20250510,신림,교대(법원.검찰청),15,32
20250510,신림,교대(법원.검찰청),16,27
20250510,신림,교대(법원.검찰청),17,19
20250510,신림,교대(법원.검찰청),18,11
20250510,신림,교대(법원.검찰청),19,15
20250510,신림,교대(법원.검찰청),20,17
20250510,신림,교대(법원.검찰청),21,8
20250510,신림,교대(법원.검찰청),22,11
20250510,신림,교대(법원.검찰청),23,6
20250510,신림,구로디지털단지,5,7
20250510,신림,구로디지털단지,6,22
20250510,신림,구로디지털단지,7,37
20250510,신림,구로디지털단지,8,57
20250510,신림,구로디지털단지,9,62
20250510,신림,구로디지털단지,10,54
20250510,신림,구로디지털단지,11,46
20250510,신림,구로디지털단지,12,68
20250510,신림,구로디지털단지,13,106
20250510,신림,구로디지털단지,14,77
20250510,신림,구로디지털단지,15,80
20250510,신림,구로디지털단지,16,93
20250510,신림,구로디지털단지,17,101
20250510,신림,구로디지털단지,18,90
20250510,신림,구로디지털단지,19,86
20250510,신림,구로디지털단지,20,55
20250510,신림,구로디지털단지,21,71
20250510,신림,구로디지털단지,22,52
20250510,신림,구로디지털단지,23,35
20250510,신림,구의(광진구청),5,5
20250510,신림,구의(광진구청),6,5
20250510,신림,구의(광진구청),7,5
20250510,신림,구의(광진구청),8,7
20250510,신림,구의(광진구청),9,10
20250510,신림,구의(광진구청),10,11
20250510,신림,구의(광진구청),11,15
20250510,신림,구의(광진구청),12,9
20250510,신림,구의(광진구청),13,8
20250510,신림,구의(광진구청),14,9
20250510,신림,구의(광진구청),15,9
20250510,신림,구의(광진구청),16,7
20250510,신림,구의(광진구청),17,7
20250510,신림,구의(광진구청),18,10
20250510,신림,구의(광진구청),19,7
20250510,신림,구의(광진구청),20,4
20250510,신림,구의(광진구청),21,13
20250510,신림,구의(광진구청),22,7
20250510,신림,구의(광진구청),23,5
20250510,신림,낙성대,5,9
20250510,신림,낙성대,6,19
20250510,신림,낙성대,7,29
20250510,신림,낙성대,8,49
20250510,신림,낙성대,9,37
20250510,신림,낙성대,10,61
20250510,신림,낙성대,11,56
20250510,신림,낙성대,12,59
20250510,신림,낙성대,13,61
20250510,신림,낙성대,14,44
20250510,신림,낙성대,15,57
20250510,신림,낙성대,16,36
20250510,신림,낙성대,17,60
20250510,신림,낙성대,18,48
20250510,신림,낙성대,19,54
20250510,신림,낙성대,20,47
20250510,신림,낙성대,21,42
20250510,신림,낙성대,22,40
20250510,신림,낙성대,23,22
20250510,신림,당산,5,10
20250510,신림,당산,6,7
20250510,신림,당산,7,14
20250510,신림,당산,8,33
20250510,신림,당산,9,29
20250510,신림,당산,10,20
20250510,신림,당산,11,23
20250510,신림,당산,12,28
20250510,신림,당산,13,26
20250510,신림,당산,14,34
20250510,신림,당산,15,22
20250510,신림,당산,16,23
20250510,신림,당산,17,25
20250510,신림,당산,18,16
20250510,신림,당산,19,21
20250510,신림,당산,20,14
20250510,신림,당산,21,17
20250510,신림,당산,22,18
20250510,신림,당산,23,12
20250510,신림,대림(구로구청),5,13
20250510,신림,대림(구로구청),6,9
20250510,신림,대림(구로구청),7,22
20250510,신림,대림(구로구청),8,37
20250510,신림,대림(구로구청),9,31
20250510,신림,대림(구로구청),10,29
20250510,신림,대림(구로구청),11,46
20250510,신림,대림(구로구청),12,32
20250510,신림,대림(구로구청),13,27
20250510,신림,대림(구로구청),14,42
20250510,신림,대림(구로구청),15,35
20250510,신림,대림(구로구청),16,48
20250510,신림,대림(구로구청),17,59
20250510,신림,대림(구로구청),18,46
20250510,신림,대림(구로구청),19,29
20250510,신림,대림(구로구청),20,40
20250510,신림,대림(구로구청),21,28
20250510,신림,대림(구로구청),22,31
20250510,신림,대림(구로구청),23,24
20250510,신림,동대문역사문화공원,5,2
20250510,신림,동대문역사문화공원,6,7
20250510,신림,동대문역사문화공원,7,7
20250510,신림,동대문역사문화공원,8,8
20250510,신림,동대문역사문화공원,9,12
20250510,신림,동대문역사문화공원,10,17
20250510,신림,동대문역사문화공원,11,13
20250510,신림,동대문역사문화공원,12,10
20250510,신림,동대문역사문화공원,13,13
20250510,신림,동대문역사문화공원,14,24
20250510,신림,동대문역사문화공원,15,7
20250510,신림,동대문역사문화공원,16,5
20250510,신림,동대문역사문화공원,17,4
20250510,신림,동대문역사문화공원,18,3
20250510,신림,동대문역사문화공원,19,5
20250510,신림,동대문역사문화공원,20,2
20250510,신림,동대문역사문화공원,21,3
20250510,신림,동대문역사문화공원,22,1
20250510,신림,뚝섬,5,4
20250510,신림,뚝섬,6,3
20250510,신림,뚝섬,7,4
20250510,신림,뚝섬,8,9
20250510,신림,뚝섬,9,10
20250510,신림,뚝섬,10,12
20250510,신림,뚝섬,11,18
20250510,신림,뚝섬,12,19
20250510,신림,뚝섬,13,5
20250510,신림,뚝섬,14,7
20250510,신림,뚝섬,15,9
20250510,신림,뚝섬,16,5
20250510,신림,뚝섬,17,3
20250510,신림,뚝섬,18,3
20250510,신림,뚝섬,19,2
20250510,신림,뚝섬,20,3
20250510,신림,뚝섬,21,1
20250510,신림,문래,5,10
20250510,신림,문래,6,8
20250510,신림,문래,7,14
20250510,신림,문래,8,24
20250510,신림,문래,9,41
20250510,신림,문래,10,33
20250510,신림,문래,11,29
20250510,신림,문래,12,35
20250510,신림,문래,13,44
20250510,신림,문래,14,28
20250510,신림,문래,15,37
20250510,신림,문래,16,38
20250510,신림,문래,17,39
20250510,신림,문래,18,28
20250510,신림,문래,19,23
20250510,신림,문래,20,13
20250510,신림,문래,21,6
20250510,신림,문래,22,9
20250510,신림,문래,23,5
20250510,신림,방배,4,1
20250510,신림,방배,5,11
20250510,신림,방배,6,25
20250510,신림,방배,7,36
20250510,신림,방배,8,56
20250510,신림,방배,9,67
20250510,신림,방배,10,43
20250510,신림,방배,11,24
20250510,신림,방배,12,44
20250510,신림,방배,13,17
20250510,신림,방배,14,16
20250510,신림,방배,15,21
20250510,신림,방배,16,25
20250510,신림,방배,17,18
20250510,신림,방배,18,17
20250510,신림,방배,19,16
20250510,신림,방배,20,11
20250510,신림,방배,21,23
20250510,신림,방배,22,7
20250510,신림,방배,23,5
20250510,신림,봉천,5,2
20250510,신림,봉천,6,14
20250510,신림,봉천,7,13
20250510,신림,봉천,8,36
20250510,신림,봉천,9,41
20250510,신림,봉천,10,71
20250510,신림,봉천,11,75
20250510,신림,봉천,12,74
20250510,신림,봉천,13,73
20250510,신림,봉천,14,57
20250510,신림,봉천,15,53
20250510,신림,봉천,16,96
20250510,신림,봉천,17,97
20250510,신림,봉천,18,64
20250510,신림,봉천,19,40
20250510,신림,봉천,20,47
20250510,신림,봉천,21,33
20250510,신림,봉천,22,34
20250510,신림,봉천,23,22
20250510,신림,사당,4,1
20250510,신림,사당,5,12
20250510,신림,사당,6,60
20250510,신림,사당,7,40
20250510,신림,사당,8,63
20250510,신림,사당,9,99
20250510,신림,사당,10,90
20250510,신림,사당,11,101
20250510,신림,사당,12,105
20250510,신림,사당,13,100
20250510,신림,사당,14,83
20250510,신림,사당,15,71
20250510,신림,사당,16,98
20250510,신림,사당,17,131
20250510,신림,사당,18,81
20250510,신림,사당,19,55
20250510,신림,사당,20,48
20250510,신림,사당,21,55
20250510,신림,사당,22,29
20250510,신림,사당,23,34
20250510,신림,삼성(무역센터),4,1
20250510,신림,삼성(무역센터),5,49
20250510,신림,삼성(무역센터),6,69
20250510,신림,삼성(무역센터),7,76
20250510,신림,삼성(무역센터),8,111
20250510,신림,삼성(무역센터),9,120
20250510,신림,삼성(무역센터),10,92
20250510,신림,삼성(무역센터),11,66
20250510,신림,삼성(무역센터),12,93
20250510,신림,삼성(무역센터),13,63
20250510,신림,삼성(무역센터),14,77
20250510,신림,삼성(무역센터),15,54
20250510,신림,삼성(무역센터),16,33
20250510,신림,삼성(무역센터),17,34
20250510,신림,삼성(무역센터),18,19
20250510,신림,삼성(무역센터),19,11
20250510,신림,삼성(무역센터),20,13
20250510,신림,삼성(무역센터),21,12
20250510,신림,삼성(무역센터),22,4
20250510,신림,삼성(무역센터),23,11
20250510,신림,상왕십리,5,4
20250510,신림,상왕십리,6,1
20250510,신림,상왕십리,7,5
20250510,신림,상왕십리,8,3
20250510,신림,상왕십리,9,5
20250510,신림,상왕십리,11,1
20250510,신림,상왕십리,12,4
20250510,신림,상왕십리,13,2
20250510,신림,상왕십리,14,1
20250510,신림,상왕십리,16,1
20250510,신림,상왕십리,17,5
20250510,신림,상왕십리,18,3
20250510,신림,상왕십리,20,7
20250510,신림,상왕십리,21,7
20250510,신림,상왕십리,22,2
20250510,신림,서울대입구(관악구청),0,2
20250510,신림,서울대입구(관악구청),5,5
20250510,신림,서울대입구(관악구청),6,20
20250510,신림,서울대입구(관악구청),7,31
20250510,신림,서울대입구(관악구청),8,90
20250510,신림,서울대입구(관악구청),9,115
20250510,신림,서울대입구(관악구청),10,92
20250510,신림,서울대입구(관악구청),11,102
20250510,신림,서울대입구(관악구청),12,112
20250510,신림,서울대입구(관악구청),13,110
20250510,신림,서울대입구(관악구청),14,125
20250510,신림,서울대입구(관악구청),15,132
20250510,신림,서울대입구(관악구청),16,119
20250510,신림,서울대입구(관악구청),17,120
20250510,신림,서울대입구(관악구청),18,107
20250510,신림,서울대입구(관악구청),19,96
20250510,신림,서울대입구(관악구청),20,78
20250510,신림,서울대입구(관악구청),21,89
20250510,신림,서울대입구(관악구청),22,74
20250510,신림,서울대입구(관악구청),23,90
20250510,신림,서초,5,23
20250510,신림,서초,6,29
20250510,신림,서초,7,40
20250510,신림,서초,8,67
20250510,신림,서초,9,49
20250510,신림,서초,10,28
20250510,신림,서초,11,28
20250510,신림,서초,12,22
20250510,신림,서초,13,34
20250510,신림,서초,14,42
20250510,신림,서초,15,36
20250510,신림,서초,16,46
20250510,신림,서초,17,26
20250510,신림,서초,18,12
20250510,신림,서초,19,8
20250510,신림,서초,20,8
20250510,신림,서초,21,10
20250510,신림,서초,22,8
20250510,신림,서초,23,2
20250510,신림,선릉,5,36
20250510,신림,선릉,6,55
20250510,신림,선릉,7,52
20250510,신림,선릉,8,90
20250510,신림,선릉,9,108
20250510,신림,선릉,10,87
20250510,신림,선릉,11,60
20250510,신림,선릉,12,60
20250510,신림,선릉,13,49
20250510,신림,선릉,14,43
20250510,신림,선릉,15,35
20250510,신림,선릉,16,30
20250510,신림,선릉,17,21
20250510,신림,선릉,18,11
20250510,신림,선릉,19,21
20250510,신림,선릉,20,11
20250510,신림,선릉,21,9
20250510,신림,선릉,22,12
20250510,신림,선릉,23,8
20250510,신림,성수,5,20
20250510,신림,성수,6,7
20250510,신림,성수,7,10
20250510,신림,성수,8,16
20250510,신림,성수,9,26
20250510,신림,성수,10,22
20250510,신림,성수,11,19
20250510,신림,성수,12,43
20250510,신림,성수,13,33
20250510,신림,성수,14,23
20250510,신림,성수,15,25
20250510,신림,성수,16,25
20250510,신림,성수,17,15
20250510,신림,성수,18,8
20250510,신림,성수,19,7
20250510,신림,성수,20,1
20250510,신림,성수,21,4
20250510,신림,성수,22,4
20250510,신림,성수,23,1
20250510,신림,시청,5,8
20250510,신림,시청,6,5
20250510,신림,시청,7,13
20250510,신림,시청,8,18
20250510,신림,시청,9,27
20250510,신림,시청,10,13
20250510,신림,시청,11,7
20250510,신림,시청,12,23
20250510,신림,시청,13,21
20250510,신림,시청,14,5
20250510,신림,시청,15,9
20250510,신림,시청,16,8
20250510,신림,시청,17,6
20250510,신림,시청,18,5
20250510,신림,시청,20,1
20250510,신림,시청,23,1
20250510,신림,신당,6,1
20250510,신림,신당,7,4
20250510,신림,신당,8,5
20250510,신림,신당,9,4
20250510,신림,신당,10,5
20250510,신림,신당,11,3
20250510,신림,신당,12,3
20250510,신림,신당,13,6
20250510,신림,신당,14,6
20250510,신림,신당,15,7
20250510,신림,신당,16,7
20250510,신림,신당,17,6
20250510,신림,신당,18,5
20250510,신림,신당,19,1
20250510,신림,신당,20,2
20250510,신림,신당,22,3
20250510,신림,신대방,5,4
20250510,신림,신대방,6,9
20250510,신림,신대방,7,18
20250510,신림,신대방,8,28
20250510,신림,신대방,9,26
20250510,신림,신대방,10,31
20250510,신림,신대방,11,37
20250510,신림,신대방,12,51
20250510,신림,신대방,13,46
20250510,신림,신대방,14,38
20250510,신림,신대방,15,45
20250510,신림,신대방,16,58
20250510,신림,신대방,17,59
20250510,신림,신대방,18,55
20250510,신림,신대방,19,37
20250510,신림,신대방,20,54
20250510,신림,신대방,21,52
20250510,신림,신대방,22,42
20250510,신림,신대방,23,34
20250510,신림,신도림,5,13
20250510,신림,신도림,6,29
20250510,신림,신도림,7,27
20250510,신림,신도림,8,56
20250510,신림,신도림,9,63
20250510,신림,신도림,10,69
20250510,신림,신도림,11,55
20250510,신림,신도림,12,90
20250510,신림,신도림,13,91
20250510,신림,신도림,14,77
20250510,신림,신도림,15,85
20250510,신림,신도림,16,66
20250510,신림,신도림,17,83
20250510,신림,신도림,18,59
20250510,신림,신도림,19,36
20250510,신림,신도림,20,32
20250510,신림,신도림,21,46
20250510,신림,신도림,22,47
20250510,신림,신도림,23,35
20250510,신림,신림,0,5
20250510,신림,신림,4,1
20250510,신림,신림,5,17
20250510,신림,신림,6,20
20250510,신림,신림,7,10
20250510,신림,신림,8,12
20250510,신림,신림,9,23
20250510,신림,신림,10,26
20250510,신림,신림,11,38
20250510,신림,신림,12,39
20250510,신림,신림,13,38
20250510,신림,신림,14,44
20250510,신림,신림,15,49
20250510,신림,신림,16,41
20250510,신림,신림,17,47
20250510,신림,신림,18,42
20250510,신림,신림,19,19
20250510,신림,신림,20,37
20250510,신림,신림,21,42
20250510,신림,신림,22,56
20250510,신림,신림,23,34
20250510,신림,신촌,5,1
20250510,신림,신촌,6,11
20250510,신림,신촌,7,24
20250510,신림,신촌,8,37
20250510,신림,신촌,9,54
20250510,신림,신촌,10,39
20250510,신림,신촌,11,48
20250510,신림,신촌,12,56
20250510,신림,신촌,13,51
20250510,신림,신촌,14,25
20250510,신림,신촌,15,26
20250510,신림,신촌,16,42
20250510,신림,신촌,17,30
20250510,신림,신촌,18,27
20250510,신림,신촌,19,11
20250510,신림,신촌,20,21
20250510,신림,신촌,21,17
20250510,신림,신촌,22,9
20250510,신림,신촌,23,11
20250510,신림,아현,5,3
20250510,신림,아현,6,4
20250510,신림,아현,7,9
20250510,신림,아현,8,4
20250510,신림,아현,9,7
20250510,신림,아현,10,6
20250510,신림,아현,11,6
20250510,신림,아현,12,3
20250510,신림,아현,13,7
20250510,신림,아현,14,1
20250510,신림,아현,15,6
20250510,신림,아현,16,3
20250510,신림,아현,17,6
20250510,신림,아현,19,7
20250510,신림,아현,20,3
20250510,신림,아현,21,1
20250510,신림,아현,22,2
20250510,신림,역삼,5,24
20250510,신림,역삼,6,36
20250510,신림,역삼,7,62
20250510,신림,역삼,8,101
20250510,신림,역삼,9,96
20250510,신림,역삼,10,59
20250510,신림,역삼,11,39
20250510,신림,역삼,12,63
20250510,신림,역삼,13,41
20250510,신림,역삼,14,31
20250510,신림,역삼,15,36
20250510,신림,역삼,16,34
20250510,신림,역삼,17,25
20250510,신림,역삼,18,18
20250510,신림,역삼,19,10
20250510,신림,역삼,20,10
20250510,신림,역삼,21,16
20250510,신림,역삼,22,7
20250510,신림,역삼,23,6
20250510,신림,영등포구청,5,12
20250510,신림,영등포구청,6,10
20250510,신림,영등포구청,7,13
20250510,신림,영등포구청,8,28
20250510,신림,영등포구청,9,24
20250510,신림,영등포구청,10,24
20250510,신림,영등포구청,11,22
20250510,신림,영등포구청,12,22
20250510,신림,영등포구청,13,25
20250510,신림,영등포구청,14,30
20250510,신림,영등포구청,15,20
20250510,신림,영등포구청,16,31
20250510,신림,영등포구청,17,24
20250510,신림,영등포구청,18,18
20250510,신림,영등포구청,19,14
20250510,신림,영등포구청,20,15
20250510,신림,영등포구청,21,6
20250510,신림,영등포구청,22,7
20250510,신림,영등포구청,23,8
20250510,신림,왕십리(성동구청),5,1
20250510,신림,왕십리(성동구청),6,1
20250510,신림,왕십리(성동구청),7,1
20250510,신림,왕십리(성동구청),8,3
20250510,신림,왕십리(성동구청),9,1
20250510,신림,왕십리(성동구청),10,5
20250510,신림,왕십리(성동구청),11,7
20250510,신림,왕십리(성동구청),12,8
20250510,신림,왕십리(성동구청),13,3
20250510,신림,왕십리(성동구청),14,3
20250510,신림,왕십리(성동구청),15,2
20250510,신림,왕십리(성동구청),16,7
20250510,신림,왕십리(성동구청),17,4
20250510,신림,왕십리(성동구청),20,1
20250510,신림,왕십리(성동구청),21,2
20250510,신림,왕십리(성동구청),22,3
20250510,신림,왕십리(성동구청),23,1
20250510,신림,용두(동대문구청),8,1
20250510,신림,용두(동대문구청),14,1
20250510,신림,용두(동대문구청),17,1
20250510,신림,용두(동대문구청),18,1
20250510,신림,을지로3가,5,5
20250510,신림,을지로3가,6,4
20250510,신림,을지로3가,7,7
20250510,신림,을지로3가,8,4
20250510,신림,을지로3가,9,9
20250510,신림,을지로3가,10,7
20250510,신림,을지로3가,11,11
20250510,신림,을지로3가,12,18
20250510,신림,을지로3가,13,14
20250510,신림,을지로3가,14,8
20250510,신림,을지로3가,15,11
20250510,신림,을지로3가,16,9
20250510,신림,을지로3가,17,21
20250510,신림,을지로3가,18,8
20250510,신림,을지로3가,19,5
20250510,신림,을지로3가,20,2
20250510,신림,을지로3가,22,1
20250510,신림,을지로4가,5,5
20250510,신림,을지로4가,6,3
20250510,신림,을지로4가,7,7
20250510,신림,을지로4가,8,5
20250510,신림,을지로4가,9,9
20250510,신림,을지로4가,10,7
20250510,신림,을지로4가,11,10
20250510,신림,을지로4가,12,10
20250510,신림,을지로4가,13,8
20250510,신림,을지로4가,14,7
20250510,신림,을지로4가,15,13
20250510,신림,을지로4가,16,9
20250510,신림,을지로4가,17,4
20250510,신림,을지로4가,18,6
20250510,신림,을지로4가,19,3
20250510,신림,을지로4가,20,2
20250510,신림,을지로4가,21,3
20250510,신림,을지로4가,22,1
20250510,신림,을지로4가,23,1
20250510,신림,을지로입구,5,4
20250510,신림,을지로입구,6,11
20250510,신림,을지로입구,7,13
20250510,신림,을지로입구,8,41
20250510,신림,을지로입구,9,41
20250510,신림,을지로입구,10,28
20250510,신림,을지로입구,11,33
20250510,신림,을지로입구,12,31
20250510,신림,을지로입구,13,28
20250510,신림,을지로입구,14,14
20250510,신림,을지로입구,15,23
20250510,신림,을지로입구,16,10
20250510,신림,을지로입구,17,21
20250510,신림,을지로입구,18,4
20250510,신림,을지로입구,19,1
20250510,신림,을지로입구,20,7
20250510,신림,을지로입구,21,1
20250510,신림,을지로입구,22,1
20250510,신림,을지로입구,23,2
20250510,신림,이대,5,1
20250510,신림,이대,6,2
20250510,신림,이대,7,4
20250510,신림,이대,8,11
20250510,신림,이대,9,12
20250510,신림,이대,10,9
20250510,신림,이대,11,12
20250510,신림,이대,12,5
20250510,신림,이대,13,9
20250510,신림,이대,14,12
20250510,신림,이대,15,15
20250510,신림,이대,16,10
20250510,신림,이대,17,5
20250510,신림,이대,18,6
20250510,신림,이대,19,4
20250510,신림,이대,20,2
20250510,신림,이대,21,4
20250510,신림,이대,22,9
20250510,신림,이대,23,4
20250510,신림,잠실(송파구청),4,1
20250510,신림,잠실(송파구청),5,39
20250510,신림,잠실(송파구청),6,56
20250510,신림,잠실(송파구청),7,61
20250510,신림,잠실(송파구청),8,93
20250510,신림,잠실(송파구청),9,136
20250510,신림,잠실(송파구청),10,123
20250510,신림,잠실(송파구청),11,106
20250510,신림,잠실(송파구청),12,115
20250510,신림,잠실(송파구청),13,117
20250510,신림,잠실(송파구청),14,111
20250510,신림,잠실(송파구청),15,66
20250510,신림,잠실(송파구청),16,80
20250510,신림,잠실(송파구청),17,81
20250510,신림,잠실(송파구청),18,52
20250510,신림,잠실(송파구청),19,32
20250510,신림,잠실(송파구청),20,39
20250510,신림,잠실(송파구청),21,36
20250510,신림,잠실(송파구청),22,42
20250510,신림,잠실(송파구청),23,16
20250510,신림,잠실나루,5,16
20250510,신림,잠실나루,6,1
20250510,신림,잠실나루,7,9
20250510,신림,잠실나루,8,2
20250510,신림,잠실나루,9,3
20250510,신림,잠실나루,10,4
20250510,신림,잠실나루,11,3
20250510,신림,잠실나루,12,6
20250510,신림,잠실나루,13,1
20250510,신림,잠실나루,14,1
20250510,신림,잠실나루,15,6
20250510,신림,잠실나루,16,2
20250510,신림,잠실나루,17,4
20250510,신림,잠실나루,18,7
20250510,신림,잠실나루,19,1
20250510,신림,잠실나루,20,9
20250510,신림,잠실나루,21,1
20250510,신림,잠실나루,22,1
20250510,신림,잠실나루,23,2
20250510,신림,잠실새내,4,1
20250510,신림,잠실새내,5,1
20250510,신림,잠실새내,6,7
20250510,신림,잠실새내,7,10
20250510,신림,잠실새내,8,21
20250510,신림,잠실새내,9,26
20250510,신림,잠실새내,10,16
20250510,신림,잠실새내,11,15
20250510,신림,잠실새내,12,8
20250510,신림,잠실새내,13,13
20250510,신림,잠실새내,14,18
20250510,신림,잠실새내,15,26
20250510,신림,잠실새내,16,23
20250510,신림,잠실새내,17,14
20250510,신림,잠실새내,18,8
20250510,신림,잠실새내,19,6
20250510,신림,잠실새내,20,4
20250510,신림,잠실새내,21,4
20250510,신림,잠실새내,22,7
20250510,신림,잠실새내,23,5
20250510,신림,종합운동장,5,12
20250510,신림,종합운동장,6,13
20250510,신림,종합운동장,7,27
20250510,신림,종합운동장,8,6
20250510,신림,종합운동장,9,17
20250510,신림,종합운동장,10,9
20250510,신림,종합운동장,11,3
20250510,신림,종합운동장,12,9
20250510,신림,종합운동장,13,11
20250510,신림,종합운동장,14,25
20250510,신림,종합운동장,15,84
20250510,신림,종합운동장,16,61
20250510,신림,종합운동장,17,6
20250510,신림,종합운동장,18,4
20250510,신림,종합운동장,19,1
20250510,신림,종합운동장,20,2
20250510,신림,종합운동장,21,4
20250510,신림,종합운동장,22,5
20250510,신림,종합운동장,23,3
20250510,신림,충정로(경기대입구),5,4
20250510,신림,충정로(경기대입구),6,2
20250510,신림,충정로(경기대입구),7,5
20250510,신림,충정로(경기대입구),8,7
20250510,신림,충정로(경기대입구),9,3
20250510,신림,충정로(경기대입구),10,3
20250510,신림,충정로(경기대입구),11,10
20250510,신림,충정로(경기대입구),13,5
20250510,신림,충정로(경기대입구),14,6
20250510,신림,충정로(경기대입구),15,4
20250510,신림,충정로(경기대입구),16,2
20250510,신림,충정로(경기대입구),17,4
20250510,신림,충정로(경기대입구),18,1
20250510,신림,충정로(경기대입구),19,2
20250510,신림,충정로(경기대입구),20,2
20250510,신림,충정로(경기대입구),21,1
20250510,신림,한양대,5,2
20250510,신림,한양대,6,6
20250510,신림,한양대,7,4
20250510,신림,한양대,8,3
20250510,신림,한양대,9,3
20250510,신림,한양대,10,4
20250510,신림,한양대,11,2
20250510,신림,한양대,12,3
20250510,신림,한양대,13,4
20250510,신림,한양대,14,3
20250510,신림,한양대,15,2
20250510,신림,한양대,16,1
20250510,신림,한양대,17,1
20250510,신림,한양대,18,3
20250510,신림,한양대,20,1
20250510,신림,합정,5,9
20250510,신림,합정,6,12
20250510,신림,합정,7,23
20250510,신림,합정,8,55
20250510,신림,합정,9,62
20250510,신림,합정,10,82
20250510,신림,합정,11,82
20250510,신림,합정,12,92
20250510,신림,합정,13,79
20250510,신림,합정,14,69
20250510,신림,합정,15,86
20250510,신림,합정,16,74
20250510,신림,합정,17,86
20250510,신림,합정,18,80
20250510,신림,합정,19,51
20250510,신림,합정,20,30
20250510,신림,합정,21,64
20250510,신림,합정,22,19
20250510,신림,합정,23,45
20250510,신림,홍대입구,5,7
20250510,신림,홍대입구,6,11
20250510,신림,홍대입구,7,41
20250510,신림,홍대입구,8,49
20250510,신림,홍대입구,9,114
20250510,신림,홍대입구,10,113
20250510,신림,홍대입구,11,120
20250510,신림,홍대입구,12,166
20250510,신림,홍대입구,13,172
20250510,신림,홍대입구,14,141
20250510,신림,홍대입구,15,132
20250510,신림,홍대입구,16,123
20250510,신림,홍대입구,17,129
20250510,신림,홍대입구,18,89
20250510,신림,홍대입구,19,77
20250510,신림,홍대입구,20,65
20250510,신림,홍대입구,21,48
20250510,신림,홍대입구,22,58
20250510,신림,홍대입구,23,43
20250510,신촌,강남,6,1
20250510,신촌,강남,7,6
20250510,신촌,강남,8,15
20250510,신촌,강남,9,15
20250510,신촌,강남,10,18
20250510,신촌,강남,11,16
20250510,신촌,강남,12,18
20250510,신촌,강남,13,37
20250510,신촌,강남,14,19
20250510,신촌,강남,15,26
20250510,신촌,강남,16,30
20250510,신촌,강남,17,37
20250510,신촌,강남,18,16
20250510,신촌,강남,19,10
20250510,신촌,강남,20,10
20250510,신촌,강남,21,10
20250510,신촌,강남,22,12
20250510,신촌,강남,23,2
20250510,신촌,강변(동서울터미널),5,6
20250510,신촌,강변(동서울터미널),6,13
20250510,신촌,강변(동서울터미널),7,9
20250510,신촌,강변(동서울터미널),8,14
20250510,신촌,강변(동서울터미널),9,22
20250510,신촌,강변(동서울터미널),10,10
20250510,신촌,강변(동서울터미널),11,13
20250510,신촌,강변(동서울터미널),12,20
20250510,신촌,강변(동서울터미널),13,22
20250510,신촌,강변(동서울터미널),14,15
20250510,신촌,강변(동서울터미널),15,23
20250510,신촌,강변(동서울터미널),16,16
20250510,신촌,강변(동서울터미널),17,16
20250510,신촌,강변(동서울터미널),18,14
20250510,신촌,강변(동서울터미널),19,26
20250510,신촌,강변(동서울터미널),20,12
20250510,신촌,강변(동서울터미널),21,28
20250510,신촌,강변(동서울터미널),22,14
20250510,신촌,강변(동서울터미널),23,12
20250510,신촌,건대입구,4,1
20250510,신촌,건대입구,5,2
20250510,신촌,건대입구,6,6
20250510,신촌,건대입구,7,8
20250510,신촌,건대입구,8,8
20250510,신촌,건대입구,9,16
20250510,신촌,건대입구,10,26
20250510,신촌,건대입구,11,18
20250510,신촌,건대입구,12,32
20250510,신촌,건대입구,13,30
20250510,신촌,건대입구,14,31
20250510,신촌,건대입구,15,22
20250510,신촌,건대입구,16,36
20250510,신촌,건대입구,17,32
20250510,신촌,건대입구,18,34
20250510,신촌,건대입구,19,31
20250510,신촌,건대입구,20,34
20250510,신촌,건대입구,21,21
20250510,신촌,건대입구,22,52
20250510,신촌,건대입구,23,9
20250510,신촌,교대(법원.검찰청),5,1
20250510,신촌,교대(법원.검찰청),6,1
20250510,신촌,교대(법원.검찰청),8,5
20250510,신촌,교대(법원.검찰청),10,5
20250510,신촌,교대(법원.검찰청),11,4
20250510,신촌,교대(법원.검찰청),12,5
20250510,신촌,교대(법원.검찰청),13,5
20250510,신촌,교대(법원.검찰청),14,3
20250510,신촌,교대(법원.검찰청),15,3
20250510,신촌,교대(법원.검찰청),16,6
20250510,신촌,교대(법원.검찰청),17,5
20250510,신촌,교대(법원.검찰청),18,10
20250510,신촌,교대(법원.검찰청),19,5
20250510,신촌,교대(법원.검찰청),20,8
20250510,신촌,교대(법원.검찰청),21,6
20250510,신촌,교대(법원.검찰청),22,4
20250510,신촌,교대(법원.검찰청),23,4
20250510,신촌,구로디지털단지,5,8
20250510,신촌,구로디지털단지,6,1
20250510,신촌,구로디지털단지,7,10
20250510,신촌,구로디지털단지,8,13
20250510,신촌,구로디지털단지,9,17
20250510,신촌,구로디지털단지,10,16
20250510,신촌,구로디지털단지,11,15
20250510,신촌,구로디지털단지,12,28
20250510,신촌,구로디지털단지,13,35
20250510,신촌,구로디지털단지,14,34
20250510,신촌,구로디지털단지,15,53
20250510,신촌,구로디지털단지,16,58
20250510,신촌,구로디지털단지,17,46
20250510,신촌,구로디지털단지,18,66
20250510,신촌,구로디지털단지,19,45
20250510,신촌,구로디지털단지,20,64
20250510,신촌,구로디지털단지,21,44
20250510,신촌,구로디지털단지,22,68
20250510,신촌,구로디지털단지,23,48
20250510,신촌,구의(광진구청),5,4
20250510,신촌,구의(광진구청),6,1
20250510,신촌,구의(광진구청),7,1
20250510,신촌,구의(광진구청),8,3
20250510,신촌,구의(광진구청),9,3
20250510,신촌,구의(광진구청),10,3
20250510,신촌,구의(광진구청),11,6
20250510,신촌,구의(광진구청),12,11
20250510,신촌,구의(광진구청),13,10
20250510,신촌,구의(광진구청),14,10
20250510,신촌,구의(광진구청),15,10
20250510,신촌,구의(광진구청),16,12
20250510,신촌,구의(광진구청),17,13
20250510,신촌,구의(광진구청),18,18
20250510,신촌,구의(광진구청),19,11
20250510,신촌,구의(광진구청),20,10
20250510,신촌,구의(광진구청),21,9
20250510,신촌,구의(광진구청),22,17
20250510,신촌,구의(광진구청),23,8
20250510,신촌,낙성대,5,3
20250510,신촌,낙성대,6,1
20250510,신촌,낙성대,7,1
20250510,신촌,낙성대,8,4
20250510,신촌,낙성대,9,2
20250510,신촌,낙성대,10,13
20250510,신촌,낙성대,11,8
20250510,신촌,낙성대,12,7
20250510,신촌,낙성대,13,9
20250510,신촌,낙성대,14,16
20250510,신촌,낙성대,15,21
20250510,신촌,낙성대,16,14
20250510,신촌,낙성대,17,16
20250510,신촌,낙성대,18,13
20250510,신촌,낙성대,19,18
20250510,신촌,낙성대,20,16
20250510,신촌,낙성대,21,17
20250510,신촌,낙성대,22,25
20250510,신촌,낙성대,23,11
20250510,신촌,당산,5,4
20250510,신촌,당산,6,1
20250510,신촌,당산,7,4
20250510,신촌,당산,8,7
20250510,신촌,당산,9,8
20250510,신촌,당산,10,5
20250510,신촌,당산,11,13
20250510,신촌,당산,12,22
20250510,신촌,당산,13,19
20250510,신촌,당산,14,25
20250510,신촌,당산,15,20
20250510,신촌,당산,16,19
20250510,신촌,당산,17,24
20250510,신촌,당산,18,31
20250510,신촌,당산,19,24
20250510,신촌,당산,20,30
20250510,신촌,당산,21,41
20250510,신촌,당산,22,27
20250510,신촌,당산,23,28
20250510,신촌,대림(구로구청),5,1
20250510,신촌,대림(구로구청),6,1
20250510,신촌,대림(구로구청),7,2
20250510,신촌,대림(구로구청),8,4
20250510,신촌,대림(구로구청),9,5
20250510,신촌,대림(구로구청),10,8
20250510,신촌,대림(구로구청),11,9
20250510,신촌,대림(구로구청),12,7
20250510,신촌,대림(구로구청),13,6
20250510,신촌,대림(구로구청),14,12
20250510,신촌,대림(구로구청),15,15
20250510,신촌,대림(구로구청),16,22
20250510,신촌,대림(구로구청),17,24
20250510,신촌,대림(구로구청),18,28
20250510,신촌,대림(구로구청),19,17
20250510,신촌,대림(구로구청),20,20
20250510,신촌,대림(구로구청),21,24
20250510,신촌,대림(구로구청),22,26
20250510,신촌,대림(구로구청),23,17
20250510,신촌,동대문역사문화공원,5,1
20250510,신촌,동대문역사문화공원,6,6
20250510,신촌,동대문역사문화공원,7,2
20250510,신촌,동대문역사문화공원,8,9
20250510,신촌,동대문역사문화공원,9,20
20250510,신촌,동대문역사문화공원,10,17
20250510,신촌,동대문역사문화공원,11,26
20250510,신촌,동대문역사문화공원,12,14
20250510,신촌,동대문역사문화공원,13,30
20250510,신촌,동대문역사문화공원,14,21
20250510,신촌,동대문역사문화공원,15,37
20250510,신촌,동대문역사문화공원,16,24
20250510,신촌,동대문역사문화공원,17,23
20250510,신촌,동대문역사문화공원,18,12
20250510,신촌,동대문역사문화공원,19,22
20250510,신촌,동대문역사문화공원,20,12
20250510,신촌,동대문역사문화공원,21,13
20250510,신촌,동대문역사문화공원,22,9
20250510,신촌,동대문역사문화공원,23,9
20250510,신촌,뚝섬,5,2
20250510,신촌,뚝섬,7,4
20250510,신촌,뚝섬,8,4
20250510,신촌,뚝섬,9,12
20250510,신촌,뚝섬,10,17
20250510,신촌,뚝섬,11,29
20250510,신촌,뚝섬,12,30
20250510,신촌,뚝섬,13,38
20250510,신촌,뚝섬,14,35
20250510,신촌,뚝섬,15,25
20250510,신촌,뚝섬,16,31
20250510,신촌,뚝섬,17,14
20250510,신촌,뚝섬,18,20
20250510,신촌,뚝섬,19,6
20250510,신촌,뚝섬,20,5
20250510,신촌,뚝섬,21,6
20250510,신촌,뚝섬,22,3
20250510,신촌,뚝섬,23,6
20250510,신촌,문래,5,3
20250510,신촌,문래,6,4
20250510,신촌,문래,7,2
20250510,신촌,문래,8,10
20250510,신촌,문래,9,9
20250510,신촌,문래,10,15
20250510,신촌,문래,11,16
20250510,신촌,문래,12,23
20250510,신촌,문래,13,25
20250510,신촌,문래,14,24
20250510,신촌,문래,15,23
20250510,신촌,문래,16,43
20250510,신촌,문래,17,28
20250510,신촌,문래,18,23
20250510,신촌,문래,19,20
20250510,신촌,문래,20,27
20250510,신촌,문래,21,20
20250510,신촌,문래,22,22
20250510,신촌,문래,23,15
20250510,신촌,방배,5,2
20250510,신촌,방배,6,2
20250510,신촌,방배,7,1
20250510,신촌,방배,8,8
20250510,신촌,방배,9,1
20250510,신촌,방배,11,6
20250510,신촌,방배,12,4
20250510,신촌,방배,13,1
20250510,신촌,방배,14,7
20250510,신촌,방배,15,9
20250510,신촌,방배,16,5
20250510,신촌,방배,17,3
20250510,신촌,방배,18,9
20250510,신촌,방배,19,7
20250510,신촌,방배,20,9
20250510,신촌,방배,21,3
20250510,신촌,방배,22,9
20250510,신촌,방배,23,6
20250510,신촌,봉천,5,2
20250510,신촌,봉천,6,3
20250510,신촌,봉천,8,5
20250510,신촌,봉천,9,6
20250510,신촌,봉천,10,2
20250510,신촌,봉천,11,4
20250510,신촌,봉천,12,8
20250510,신촌,봉천,13,7
20250510,신촌,봉천,14,7
20250510,신촌,봉천,15,16
20250510,신촌,봉천,16,11
20250510,신촌,봉천,17,16
20250510,신촌,봉천,18,12
20250510,신촌,봉천,19,7
20250510,신촌,봉천,20,34
20250510,신촌,봉천,21,18
20250510,신촌,봉천,22,15
20250510,신촌,봉천,23,11
20250510,신촌,사당,5,7
20250510,신촌,사당,6,2
20250510,신촌,사당,7,3
20250510,신촌,사당,8,3
20250510,신촌,사당,9,7
20250510,신촌,사당,10,5
20250510,신촌,사당,11,12
20250510,신촌,사당,12,11
20250510,신촌,사당,13,14
20250510,신촌,사당,14,17
20250510,신촌,사당,15,28
20250510,신촌,사당,16,21
20250510,신촌,사당,17,28
20250510,신촌,사당,18,21
20250510,신촌,사당,19,25
20250510,신촌,사당,20,16
20250510,신촌,사당,21,24
20250510,신촌,사당,22,28
20250510,신촌,사당,23,11
20250510,신촌,삼성(무역센터),6,4
20250510,신촌,삼성(무역센터),7,6
20250510,신촌,삼성(무역센터),8,5
20250510,신촌,삼성(무역센터),9,11
20250510,신촌,삼성(무역센터),10,12
20250510,신촌,삼성(무역센터),11,15
20250510,신촌,삼성(무역센터),12,26
20250510,신촌,삼성(무역센터),13,18
20250510,신촌,삼성(무역센터),14,26
20250510,신촌,삼성(무역센터),15,14
20250510,신촌,삼성(무역센터),16,12
20250510,신촌,삼성(무역센터),17,17
20250510,신촌,삼성(무역센터),18,3
20250510,신촌,삼성(무역센터),19,4
20250510,신촌,삼성(무역센터),20,2
20250510,신촌,삼성(무역센터),21,4
20250510,신촌,삼성(무역센터),22,2
20250510,신촌,삼성(무역센터),23,5
20250510,신촌,상왕십리,5,3
20250510,신촌,상왕십리,6,2
20250510,신촌,상왕십리,7,1
20250510,신촌,상왕십리,8,2
20250510,신촌,상왕십리,9,5
20250510,신촌,상왕십리,10,8
20250510,신촌,상왕십리,11,7
20250510,신촌,상왕십리,12,8
20250510,신촌,상왕십리,13,8
20250510,신촌,상왕십리,14,10
20250510,신촌,상왕십리,15,10
20250510,신촌,상왕십리,16,10
20250510,신촌,상왕십리,17,16
20250510,신촌,상왕십리,18,21
20250510,신촌,상왕십리,19,10
20250510,신촌,상왕십리,20,20
20250510,신촌,상왕십리,21,18
20250510,신촌,상왕십리,22,12
20250510,신촌,상왕십리,23,26
20250510,신촌,서울대입구(관악구청),5,2
20250510,신촌,서울대입구(관악구청),6,3
20250510,신촌,서울대입구(관악구청),7,2
20250510,신촌,서울대입구(관악구청),8,11
20250510,신촌,서울대입구(관악구청),9,11
20250510,신촌,서울대입구(관악구청),10,11
20250510,신촌,서울대입구(관악구청),11,11
20250510,신촌,서울대입구(관악구청),12,12
20250510,신촌,서울대입구(관악구청),13,16
20250510,신촌,서울대입구(관악구청),14,18
20250510,신촌,서울대입구(관악구청),15,13
20250510,신촌,서울대입구(관악구청),16,22
20250510,신촌,서울대입구(관악구청),17,25
20250510,신촌,서울대입구(관악구청),18,24
20250510,신촌,서울대입구(관악구청),19,34
20250510,신촌,서울대입구(관악구청),20,38
20250510,신촌,서울대입구(관악구청),21,31
20250510,신촌,서울대입구(관악구청),22,34
20250510,신촌,서울대입구(관악구청),23,43
20250510,신촌,서초,6,1
20250510,신촌,서초,7,2
20250510,신촌,서초,8,1
20250510,신촌,서초,9,5
20250510,신촌,서초,10,2
20250510,신촌,서초,11,2
20250510,신촌,서초,12,4
20250510,신촌,서초,13,6
20250510,신촌,서초,14,7
20250510,신촌,서초,15,6
20250510,신촌,서초,16,16
20250510,신촌,서초,18,3
20250510,신촌,서초,19,5
20250510,신촌,서초,20,1
20250510,신촌,서초,21,7
20250510,신촌,서초,22,6
20250510,신촌,서초,23,2
20250510,신촌,선릉,6,2
20250510,신촌,선릉,7,1
20250510,신촌,선릉,8,4
20250510,신촌,선릉,9,6
20250510,신촌,선릉,10,11
20250510,신촌,선릉,11,5
20250510,신촌,선릉,12,12
20250510,신촌,선릉,13,10
20250510,신촌,선릉,14,3
20250510,신촌,선릉,15,1
20250510,신촌,선릉,16,14
20250510,신촌,선릉,17,7
20250510,신촌,선릉,18,6
20250510,신촌,선릉,19,6
20250510,신촌,선릉,20,4
20250510,신촌,선릉,21,5
20250510,신촌,선릉,22,3
20250510,신촌,선릉,23,4
20250510,신촌,성수,5,3
20250510,신촌,성수,6,3
20250510,신촌,성수,7,4
20250510,신촌,성수,8,6
20250510,신촌,성수,9,27
20250510,신촌,성수,10,44
20250510,신촌,성수,11,36
20250510,신촌,성수,12,50
20250510,신촌,성수,13,53
20250510,신촌,성수,14,65
20250510,신촌,성수,15,65
20250510,신촌,성수,16,54
20250510,신촌,성수,17,30
20250510,신촌,성수,18,23
20250510,신촌,성수,19,10
20250510,신촌,성수,20,6
20250510,신촌,성수,21,9
20250510,신촌,성수,22,6
20250510,신촌,성수,23,32
20250510,신촌,시청,5,3
20250510,신촌,시청,6,6
20250510,신촌,시청,7,2
20250510,신촌,시청,8,12
20250510,신촌,시청,9,19
20250510,신촌,시청,10,18
20250510,신촌,시청,11,33
20250510,신촌,시청,12,33
20250510,신촌,시청,13,37
20250510,신촌,시청,14,33
20250510,신촌,시청,15,28
20250510,신촌,시청,16,24
20250510,신촌,시청,17,29
20250510,신촌,시청,18,14
20250510,신촌,시청,19,14
20250510,신촌,시청,20,5
20250510,신촌,시청,21,10
20250510,신촌,시청,22,18
20250510,신촌,시청,23,16
20250510,신촌,신당,5,8
20250510,신촌,신당,7,6
20250510,신촌,신당,8,6
20250510,신촌,신당,9,11
20250510,신촌,신당,10,12
20250510,신촌,신당,11,11
20250510,신촌,신당,12,15
20250510,신촌,신당,13,19
20250510,신촌,신당,14,12
20250510,신촌,신당,15,18
20250510,신촌,신당,16,13
20250510,신촌,신당,17,29
20250510,신촌,신당,18,18
20250510,신촌,신당,19,12
20250510,신촌,신당,20,15
20250510,신촌,신당,21,9
20250510,신촌,신당,22,20
20250510,신촌,신당,23,9
20250510,신촌,신대방,5,1
20250510,신촌,신대방,7,4
20250510,신촌,신대방,8,10
20250510,신촌,신대방,9,4
20250510,신촌,신대방,10,7
20250510,신촌,신대방,11,7
20250510,신촌,신대방,12,10
20250510,신촌,신대방,13,19
20250510,신촌,신대방,14,14
20250510,신촌,신대방,15,23
20250510,신촌,신대방,16,26
20250510,신촌,신대방,17,22
20250510,신촌,신대방,18,29
20250510,신촌,신대방,19,24
20250510,신촌,신대방,20,25
20250510,신촌,신대방,21,39
20250510,신촌,신대방,22,29
20250510,신촌,신대방,23,19
20250510,신촌,신도림,5,5
20250510,신촌,신도림,6,3
20250510,신촌,신도림,7,14
20250510,신촌,신도림,8,17
20250510,신촌,신도림,9,22
20250510,신촌,신도림,10,18
20250510,신촌,신도림,11,31
20250510,신촌,신도림,12,43
20250510,신촌,신도림,13,47
20250510,신촌,신도림,14,68
20250510,신촌,신도림,15,67
20250510,신촌,신도림,16,52
20250510,신촌,신도림,17,54
20250510,신촌,신도림,18,51
20250510,신촌,신도림,19,52
20250510,신촌,신도림,20,64
20250510,신촌,신도림,21,54
20250510,신촌,신도림,22,79
20250510,신촌,신도림,23,110
20250510,신촌,신림,5,6
20250510,신촌,신림,6,7
20250510,신촌,신림,7,4
20250510,신촌,신림,8,5
20250510,신촌,신림,9,8
20250510,신촌,신림,10,12
20250510,신촌,신림,11,18
20250510,신촌,신림,12,17
20250510,신촌,신림,13,18
20250510,신촌,신림,14,18
20250510,신촌,신림,15,31
20250510,신촌,신림,16,49
20250510,신촌,신림,17,49
20250510,신촌,신림,18,34
20250510,신촌,신림,19,44
20250510,신촌,신림,20,58
20250510,신촌,신림,21,49
20250510,신촌,신림,22,62
20250510,신촌,신림,23,38
20250510,신촌,신촌,0,5
20250510,신촌,신촌,5,7
20250510,신촌,신촌,6,5
20250510,신촌,신촌,7,6
20250510,신촌,신촌,8,13
20250510,신촌,신촌,9,23
20250510,신촌,신촌,10,37
20250510,신촌,신촌,11,40
20250510,신촌,신촌,12,49
20250510,신촌,신촌,13,60
20250510,신촌,신촌,14,55
20250510,신촌,신촌,15,60
20250510,신촌,신촌,16,67
20250510,신촌,신촌,17,48
20250510,신촌,신촌,18,62
20250510,신촌,신촌,19,59
20250510,신촌,신촌,20,67
20250510,신촌,신촌,21,63
20250510,신촌,신촌,22,81
20250510,신촌,신촌,23,47
20250510,신촌,아현,5,4
20250510,신촌,아현,6,7
20250510,신촌,아현,7,3
20250510,신촌,아현,8,16
20250510,신촌,아현,9,29
20250510,신촌,아현,10,13
20250510,신촌,아현,11,22
20250510,신촌,아현,12,37
20250510,신촌,아현,13,35
20250510,신촌,아현,14,29
20250510,신촌,아현,15,36
20250510,신촌,아현,16,48
20250510,신촌,아현,17,41
20250510,신촌,아현,18,56
20250510,신촌,아현,19,33
20250510,신촌,아현,20,37
20250510,신촌,아현,21,24
20250510,신촌,아현,22,20
20250510,신촌,아현,23,14
20250510,신촌,역삼,5,3
20250510,신촌,역삼,6,1
20250510,신촌,역삼,8,5
20250510,신촌,역삼,9,8
20250510,신촌,역삼,10,6
20250510,신촌,역삼,11,9
20250510,신촌,역삼,12,8
20250510,신촌,역삼,13,5
20250510,신촌,역삼,14,1
20250510,신촌,역삼,15,7
20250510,신촌,역삼,16,5
20250510,신촌,역삼,17,12
20250510,신촌,역삼,18,7
20250510,신촌,역삼,19,2
20250510,신촌,역삼,20,7
20250510,신촌,역삼,21,1
20250510,신촌,역삼,22,3
20250510,신촌,영등포구청,5,3
20250510,신촌,영등포구청,6,2
20250510,신촌,영등포구청,7,6
20250510,신촌,영등포구청,8,8
20250510,신촌,영등포구청,9,14
20250510,신촌,영등포구청,10,3
20250510,신촌,영등포구청,11,13
20250510,신촌,영등포구청,12,39
20250510,신촌,영등포구청,13,29
20250510,신촌,영등포구청,14,19
20250510,신촌,영등포구청,15,34
20250510,신촌,영등포구청,16,35
20250510,신촌,영등포구청,17,25
20250510,신촌,영등포구청,18,22
20250510,신촌,영등포구청,19,17
20250510,신촌,영등포구청,20,13
20250510,신촌,영등포구청,21,16
20250510,신촌,영등포구청,22,30
20250510,신촌,영등포구청,23,20
20250510,신촌,왕십리(성동구청),5,2
20250510,신촌,왕십리(성동구청),6,2
20250510,신촌,왕십리(성동구청),7,7
20250510,신촌,왕십리(성동구청),8,6
20250510,신촌,왕십리(성동구청),9,7
20250510,신촌,왕십리(성동구청),10,11
20250510,신촌,왕십리(성동구청),11,7
20250510,신촌,왕십리(성동구청),12,18
20250510,신촌,왕십리(성동구청),13,9
20250510,신촌,왕십리(성동구청),14,15
20250510,신촌,왕십리(성동구청),15,19
20250510,신촌,왕십리(성동구청),16,24
20250510,신촌,왕십리(성동구청),17,27
20250510,신촌,왕십리(성동구청),18,22
20250510,신촌,왕십리(성동구청),19,26
20250510,신촌,왕십리(성동구청),20,22
20250510,신촌,왕십리(성동구청),21,19
20250510,신촌,왕십리(성동구청),22,28
20250510,신촌,왕십리(성동구청),23,20
20250510,신촌,용두(동대문구청),8,1
20250510,신촌,용두(동대문구청),14,1
20250510,신촌,용두(동대문구청),15,1
20250510,신촌,용두(동대문구청),18,1
20250510,신촌,을지로3가,5,4
20250510,신촌,을지로3가,6,9
20250510,신촌,을지로3가,7,11
20250510,신촌,을지로3가,8,10
20250510,신촌,을지로3가,9,16
20250510,신촌,을지로3가,10,14
20250510,신촌,을지로3가,11,18
20250510,신촌,을지로3가,12,19
20250510,신촌,을지로3가,13,38
20250510,신촌,을지로3가,14,30
20250510,신촌,을지로3가,15,50
20250510,신촌,을지로3가,16,46
20250510,신촌,을지로3가,17,43
20250510,신촌,을지로3가,18,27
20250510,신촌,을지로3가,19,21
20250510,신촌,을지로3가,20,27
20250510,신촌,을지로3가,21,27
20250510,신촌,을지로3가,22,17
20250510,신촌,을지로3가,23,12
20250510,신촌,을지로4가,6,12
20250510,신촌,을지로4가,7,7
20250510,신촌,을지로4가,8,7
20250510,신촌,을지로4가,9,11
20250510,신촌,을지로4가,10,18
20250510,신촌,을지로4가,11,16
20250510,신촌,을지로4가,12,22
20250510,신촌,을지로4가,13,25
20250510,신촌,을지로4가,14,11
20250510,신촌,을지로4가,15,19
20250510,신촌,을지로4가,16,17
20250510,신촌,을지로4가,17,22
20250510,신촌,을지로4가,18,17
20250510,신촌,을지로4가,19,14
20250510,신촌,을지로4가,20,18
20250510,신촌,을지로4가,21,6
20250510,신촌,을지로4가,22,9
20250510,신촌,을지로4가,23,10
20250510,신촌,을지로입구,4,1
20250510,신촌,을지로입구,5,11
20250510,신촌,을지로입구,6,10
20250510,신촌,을지로입구,7,22
20250510,신촌,을지로입구,8,41
20250510,신촌,을지로입구,9,85
20250510,신촌,을지로입구,10,71
20250510,신촌,을지로입구,11,82
20250510,신촌,을지로입구,12,79
20250510,신촌,을지로입구,13,105
20250510,신촌,을지로입구,14,111
20250510,신촌,을지로입구,15,104
20250510,신촌,을지로입구,16,104
20250510,신촌,을지로입구,17,98
20250510,신촌,을지로입구,18,95
20250510,신촌,을지로입구,19,48
20250510,신촌,을지로입구,20,70
20250510,신촌,을지로입구,21,65
20250510,신촌,을지로입구,22,54
20250510,신촌,을지로입구,23,45
20250510,신촌,이대,6,1
20250510,신촌,이대,7,3
20250510,신촌,이대,8,13
20250510,신촌,이대,9,20
20250510,신촌,이대,10,21
20250510,신촌,이대,11,30
20250510,신촌,이대,12,45
20250510,신촌,이대,13,20
20250510,신촌,이대,14,46
20250510,신촌,이대,15,34
20250510,신촌,이대,16,59
20250510,신촌,이대,17,47
20250510,신촌,이대,18,38
20250510,신촌,이대,19,48
20250510,신촌,이대,20,41
20250510,신촌,이대,21,30
20250510,신촌,이대,22,38
20250510,신촌,이대,23,11
20250510,신촌,잠실(송파구청),5,16
20250510,신촌,잠실(송파구청),6,5
20250510,신촌,잠실(송파구청),7,12
20250510,신촌,잠실(송파구청),8,18
20250510,신촌,잠실(송파구청),9,28
20250510,신촌,잠실(송파구청),10,36
20250510,신촌,잠실(송파구청),11,50
20250510,신촌,잠실(송파구청),12,64
20250510,신촌,잠실(송파구청),13,87
20250510,신촌,잠실(송파구청),14,42
20250510,신촌,잠실(송파구청),15,51
20250510,신촌,잠실(송파구청),16,62
20250510,신촌,잠실(송파구청),17,37
20250510,신촌,잠실(송파구청),18,41
20250510,신촌,잠실(송파구청),19,30
20250510,신촌,잠실(송파구청),20,43
20250510,신촌,잠실(송파구청),21,40
20250510,신촌,잠실(송파구청),22,45
20250510,신촌,잠실(송파구청),23,22
20250510,신촌,잠실나루,5,7
20250510,신촌,잠실나루,7,1
20250510,신촌,잠실나루,9,1
20250510,신촌,잠실나루,10,3
20250510,신촌,잠실나루,11,4
20250510,신촌,잠실나루,12,6
20250510,신촌,잠실나루,13,4
20250510,신촌,잠실나루,14,6
20250510,신촌,잠실나루,15,4
20250510,신촌,잠실나루,16,3
20250510,신촌,잠실나루,17,2
20250510,신촌,잠실나루,18,9
20250510,신촌,잠실나루,19,3
20250510,신촌,잠실나루,20,6
20250510,신촌,잠실나루,21,12
20250510,신촌,잠실나루,22,10
20250510,신촌,잠실나루,23,5
20250510,신촌,잠실새내,6,1
20250510,신촌,잠실새내,7,2
20250510,신촌,잠실새내,8,3
20250510,신촌,잠실새내,9,2
20250510,신촌,잠실새내,10,6
20250510,신촌,잠실새내,11,8
20250510,신촌,잠실새내,12,11
20250510,신촌,잠실새내,13,13
20250510,신촌,잠실새내,14,7
20250510,신촌,잠실새내,15,18
20250510,신촌,잠실새내,16,16
20250510,신촌,잠실새내,17,16
20250510,신촌,잠실새내,18,11
20250510,신촌,잠실새내,19,10
20250510,신촌,잠실새내,20,8
20250510,신촌,잠실새내,21,15
20250510,신촌,잠실새내,22,20
20250510,신촌,잠실새내,23,6
20250510,신촌,종합운동장,6,1
20250510,신촌,종합운동장,7,5
20250510,신촌,종합운동장,9,4
20250510,신촌,종합운동장,10,4
20250510,신촌,종합운동장,11,3
20250510,신촌,종합운동장,12,2
20250510,신촌,종합운동장,13,3
20250510,신촌,종합운동장,14,32
20250510,신촌,종합운동장,15,70
20250510,신촌,종합운동장,16,37
20250510,신촌,종합운동장,17,5
20250510,신촌,종합운동장,19,1
20250510,신촌,종합운동장,20,3
20250510,신촌,종합운동장,21,3
20250510,신촌,종합운동장,22,1
20250510,신촌,종합운동장,23,1
20250510,신촌,충정로(경기대입구),5,1
20250510,신촌,충정로(경기대입구),6,2
20250510,신촌,충정로(경기대입구),7,2
20250510,신촌,충정로(경기대입구),8,5
20250510,신촌,충정로(경기대입구),9,8
20250510,신촌,충정로(경기대입구),10,8
20250510,신촌,충정로(경기대입구),11,17
20250510,신촌,충정로(경기대입구),12,18
20250510,신촌,충정로(경기대입구),13,25
20250510,신촌,충정로(경기대입구),14,15
20250510,신촌,충정로(경기대입구),15,10
20250510,신촌,충정로(경기대입구),16,24
20250510,신촌,충정로(경기대입구),17,18
20250510,신촌,충정로(경기대입구),18,15
20250510,신촌,충정로(경기대입구),19,23
20250510,신촌,충정로(경기대입구),20,19
20250510,신촌,충정로(경기대입구),21,21
20250510,신촌,충정로(경기대입구),22,16
20250510,신촌,충정로(경기대입구),23,13
20250510,신촌,한양대,5,2
20250510,신촌,한양대,6,3
20250510,신촌,한양대,7,4
20250510,신촌,한양대,8,6
20250510,신촌,한양대,9,11
20250510,신촌,한양대,10,8
20250510,신촌,한양대,11,7
20250510,신촌,한양대,12,11
20250510,신촌,한양대,13,15
20250510,신촌,한양대,14,14
20250510,신촌,한양대,15,4
20250510,신촌,한양대,16,8
20250510,신촌,한양대,17,4
20250510,신촌,한양대,18,2
20250510,신촌,한양대,19,7
20250510,신촌,한양대,20,9
20250510,신촌,한양대,21,4
20250510,신촌,한양대,22,5
20250510,신촌,한양대,23,4
20250510,신촌,합정,5,2
20250510,신촌,합정,6,10
20250510,신촌,합정,7,7
20250510,신촌,합정,8,9
20250510,신촌,합정,9,24
20250510,신촌,합정,10,44
20250510,신촌,합정,11,40
20250510,신촌,합정,12,59
20250510,신촌,합정,13,70
20250510,신촌,합정,14,79
20250510,신촌,합정,15,70
20250510,신촌,합정,16,102
20250510,신촌,합정,17,103
20250510,신촌,합정,18,98
20250510,신촌,합정,19,76
20250510,신촌,합정,20,64
20250510,신촌,합정,21,42
20250510,신촌,합정,22,56
20250510,신촌,합정,23,10
20250510,신촌,홍대입구,0,3
20250510,신촌,홍대입구,4,1
20250510,신촌,홍대입구,5,4
20250510,신촌,홍대입구,6,12
20250510,신촌,홍대입구,7,8
20250510,신촌,홍대입구,8,20
20250510,신촌,홍대입구,9,50
20250510,신촌,홍대입구,10,96
20250510,신촌,홍대입구,11,141
20250510,신촌,홍대입구,12,164
20250510,신촌,홍대입구,13,202
20250510,신촌,홍대입구,14,223
20250510,신촌,홍대입구,15,226
20250510,신촌,홍대입구,16,266
20250510,신촌,홍대입구,17,267
20250510,신촌,홍대입구,18,261
20250510,신촌,홍대입구,19,206
20250510,신촌,홍대입구,20,187
20250510,신촌,홍대입구,21,126
20250510,신촌,홍대입구,22,127
20250510,신촌,홍대입구,23,53
20250510,아현,강남,6,4
20250510,아현,강남,7,2
20250510,아현,강남,8,9
20250510,아현,강남,9,6
20250510,아현,강남,10,6
20250510,아현,강남,11,4
20250510,아현,강남,12,10
20250510,아현,강남,13,3
20250510,아현,강남,14,1
20250510,아현,강남,15,1
20250510,아현,강남,16,3
20250510,아현,강남,17,5
20250510,아현,강남,18,1
20250510,아현,강남,20,2
20250510,아현,강남,23,1
20250510,아현,강변(동서울터미널),5,4
20250510,아현,강변(동서울터미널),6,3
20250510,아현,강변(동서울터미널),7,3
20250510,아현,강변(동서울터미널),8,4
20250510,아현,강변(동서울터미널),9,10
20250510,아현,강변(동서울터미널),10,8
20250510,아현,강변(동서울터미널),11,1
20250510,아현,강변(동서울터미널),12,3
20250510,아현,강변(동서울터미널),13,6
20250510,아현,강변(동서울터미널),14,11
20250510,아현,강변(동서울터미널),15,2
20250510,아현,강변(동서울터미널),17,1
20250510,아현,강변(동서울터미널),20,1
20250510,아현,강변(동서울터미널),22,1
20250510,아현,건대입구,5,3
20250510,아현,건대입구,6,1
20250510,아현,건대입구,7,3
20250510,아현,건대입구,8,2
20250510,아현,건대입구,9,13
20250510,아현,건대입구,10,10
20250510,아현,건대입구,11,3
20250510,아현,건대입구,12,5
20250510,아현,건대입구,13,14
20250510,아현,건대입구,14,2
20250510,아현,건대입구,15,5
20250510,아현,건대입구,16,9
20250510,아현,건대입구,17,11
20250510,아현,건대입구,18,5
20250510,아현,건대입구,19,3
20250510,아현,건대입구,21,2
20250510,아현,건대입구,22,4
20250510,아현,건대입구,23,1
20250510,아현,교대(법원.검찰청),7,1
20250510,아현,교대(법원.검찰청),8,1
20250510,아현,교대(법원.검찰청),9,2
20250510,아현,교대(법원.검찰청),10,1
20250510,아현,교대(법원.검찰청),12,1
20250510,아현,교대(법원.검찰청),13,1
20250510,아현,교대(법원.검찰청),15,2
20250510,아현,교대(법원.검찰청),17,1
20250510,아현,교대(법원.검찰청),19,1
20250510,아현,구로디지털단지,6,4
20250510,아현,구로디지털단지,7,5
20250510,아현,구로디지털단지,8,13
20250510,아현,구로디지털단지,9,14
20250510,아현,구로디지털단지,10,11
20250510,아현,구로디지털단지,11,11
20250510,아현,구로디지털단지,12,13
20250510,아현,구로디지털단지,13,6
20250510,아현,구로디지털단지,14,8
20250510,아현,구로디지털단지,15,16
20250510,아현,구로디지털단지,16,7
20250510,아현,구로디지털단지,17,7
20250510,아현,구로디지털단지,18,3
20250510,아현,구로디지털단지,19,8
20250510,아현,구로디지털단지,20,2
20250510,아현,구로디지털단지,21,3
20250510,아현,구로디지털단지,22,6
20250510,아현,구의(광진구청),7,2
20250510,아현,구의(광진구청),8,4
20250510,아현,구의(광진구청),9,4
20250510,아현,구의(광진구청),10,3
20250510,아현,구의(광진구청),11,3
20250510,아현,구의(광진구청),13,1
20250510,아현,구의(광진구청),14,3
20250510,아현,구의(광진구청),15,3
20250510,아현,구의(광진구청),17,2
20250510,아현,구의(광진구청),18,1
20250510,아현,구의(광진구청),21,1
20250510,아현,구의(광진구청),22,1
20250510,아현,구의(광진구청),23,1
20250510,아현,낙성대,6,1
20250510,아현,낙성대,8,2
20250510,아현,낙성대,9,6
20250510,아현,낙성대,10,4
20250510,아현,낙성대,11,2
20250510,아현,낙성대,12,4
20250510,아현,낙성대,13,4
20250510,아현,낙성대,15,4
20250510,아현,낙성대,16,5
20250510,아현,낙성대,17,2
20250510,아현,낙성대,19,2
20250510,아현,낙성대,20,2
20250510,아현,낙성대,22,1
20250510,아현,낙성대,23,1
20250510,아현,당산,5,3
20250510,아현,당산,6,2
20250510,아현,당산,7,5
20250510,아현,당산,8,5
20250510,아현,당산,9,4
20250510,아현,당산,10,9
20250510,아현,당산,11,8
20250510,아현,당산,12,7
20250510,아현,당산,13,10
20250510,아현,당산,14,5
20250510,아현,당산,15,5
20250510,아현,당산,16,12
20250510,아현,당산,17,6
20250510,아현,당산,18,6
20250510,아현,당산,19,3
20250510,아현,당산,20,2
20250510,아현,당산,21,3
20250510,아현,당산,22,2
20250510,아현,당산,23,1
20250510,아현,대림(구로구청),5,2
20250510,아현,대림(구로구청),6,3
20250510,아현,대림(구로구청),7,5
20250510,아현,대림(구로구청),8,3
20250510,아현,대림(구로구청),9,6
20250510,아현,대림(구로구청),10,8
20250510,아현,대림(구로구청),11,2
20250510,아현,대림(구로구청),12,6
20250510,아현,대림(구로구청),13,6
20250510,아현,대림(구로구청),14,8
20250510,아현,대림(구로구청),15,4
20250510,아현,대림(구로구청),16,15
20250510,아현,대림(구로구청),17,5
20250510,아현,대림(구로구청),18,4
20250510,아현,대림(구로구청),19,3
20250510,아현,대림(구로구청),20,3
20250510,아현,대림(구로구청),21,1
20250510,아현,대림(구로구청),22,3
20250510,아현,대림(구로구청),23,2
20250510,아현,동대문역사문화공원,5,1
20250510,아현,동대문역사문화공원,6,3
20250510,아현,동대문역사문화공원,7,4
20250510,아현,동대문역사문화공원,8,6
20250510,아현,동대문역사문화공원,9,11
20250510,아현,동대문역사문화공원,10,9
20250510,아현,동대문역사문화공원,11,12
20250510,아현,동대문역사문화공원,12,6
20250510,아현,동대문역사문화공원,13,9
20250510,아현,동대문역사문화공원,14,7
20250510,아현,동대문역사문화공원,15,4
20250510,아현,동대문역사문화공원,16,6
20250510,아현,동대문역사문화공원,17,8
20250510,아현,동대문역사문화공원,18,9
20250510,아현,동대문역사문화공원,19,2
20250510,아현,동대문역사문화공원,21,1
20250510,아현,뚝섬,5,3
20250510,아현,뚝섬,6,3
20250510,아현,뚝섬,7,1
20250510,아현,뚝섬,8,5
20250510,아현,뚝섬,9,10
20250510,아현,뚝섬,10,7
20250510,아현,뚝섬,11,2
20250510,아현,뚝섬,12,6
20250510,아현,뚝섬,13,5
20250510,아현,뚝섬,14,8
20250510,아현,뚝섬,15,7
20250510,아현,뚝섬,16,4
20250510,아현,뚝섬,17,8
20250510,아현,뚝섬,18,4
20250510,아현,뚝섬,20,1
20250510,아현,뚝섬,21,2
20250510,아현,뚝섬,22,1
20250510,아현,뚝섬,23,1
20250510,아현,문래,6,2
20250510,아현,문래,7,3
20250510,아현,문래,8,3
20250510,아현,문래,9,6
20250510,아현,문래,10,3
20250510,아현,문래,11,5
20250510,아현,문래,12,7
20250510,아현,문래,13,8
20250510,아현,문래,14,1
20250510,아현,문래,15,9
20250510,아현,문래,16,3
20250510,아현,문래,17,5
20250510,아현,문래,18,1
20250510,아현,문래,19,1
20250510,아현,문래,20,3
20250510,아현,문래,21,3
20250510,아현,방배,8,1
20250510,아현,방배,9,3
20250510,아현,방배,10,2
20250510,아현,방배,11,2
20250510,아현,방배,12,1
20250510,아현,방배,13,1
20250510,아현,방배,14,1
20250510,아현,방배,15,1
20250510,아현,방배,18,2
20250510,아현,방배,19,1
20250510,아현,봉천,6,4
20250510,아현,봉천,7,2
20250510,아현,봉천,11,1
20250510,아현,봉천,12,4
20250510,아현,봉천,13,3
20250510,아현,봉천,14,2
20250510,아현,봉천,15,1
20250510,아현,봉천,16,4
20250510,아현,봉천,17,1
20250510,아현,봉천,18,2
20250510,아현,봉천,19,3
20250510,아현,봉천,20,3
20250510,아현,봉천,21,2
20250510,아현,봉천,22,2
20250510,아현,사당,5,4
20250510,아현,사당,6,1
20250510,아현,사당,7,2
20250510,아현,사당,8,1
20250510,아현,사당,9,5
20250510,아현,사당,10,5
20250510,아현,사당,11,3
20250510,아현,사당,12,3
20250510,아현,사당,13,5
20250510,아현,사당,14,11
20250510,아현,사당,15,3
20250510,아현,사당,16,3
20250510,아현,사당,17,3
20250510,아현,사당,18,1
20250510,아현,사당,19,2
20250510,아현,사당,22,1
20250510,아현,삼성(무역센터),5,2
20250510,아현,삼성(무역센터),6,5
20250510,아현,삼성(무역센터),7,1
20250510,아현,삼성(무역센터),8,5
20250510,아현,삼성(무역센터),9,15
20250510,아현,삼성(무역센터),10,13
20250510,아현,삼성(무역센터),11,12
20250510,아현,삼성(무역센터),12,20
20250510,아현,삼성(무역센터),13,7
20250510,아현,삼성(무역센터),14,9
20250510,아현,삼성(무역센터),15,6
20250510,아현,삼성(무역센터),16,4
20250510,아현,삼성(무역센터),17,1
20250510,아현,삼성(무역센터),18,1
20250510,아현,삼성(무역센터),20,1
20250510,아현,삼성(무역센터),21,1
20250510,아현,상왕십리,7,2
20250510,아현,상왕십리,8,5
20250510,아현,상왕십리,9,5
20250510,아현,상왕십리,10,6
20250510,아현,상왕십리,11,4
20250510,아현,상왕십리,12,6
20250510,아현,상왕십리,13,3
20250510,아현,상왕십리,14,8
20250510,아현,상왕십리,15,3
20250510,아현,상왕십리,16,3
20250510,아현,상왕십리,17,3
20250510,아현,상왕십리,18,1
20250510,아현,상왕십리,19,3
20250510,아현,상왕십리,20,2
20250510,아현,상왕십리,22,4
20250510,아현,상왕십리,23,1
20250510,아현,서울대입구(관악구청),6,1
20250510,아현,서울대입구(관악구청),7,4
20250510,아현,서울대입구(관악구청),8,4
20250510,아현,서울대입구(관악구청),9,5
20250510,아현,서울대입구(관악구청),10,6
20250510,아현,서울대입구(관악구청),11,3
20250510,아현,서울대입구(관악구청),12,3
20250510,아현,서울대입구(관악구청),13,3
20250510,아현,서울대입구(관악구청),14,5
20250510,아현,서울대입구(관악구청),15,8
20250510,아현,서울대입구(관악구청),16,3
20250510,아현,서울대입구(관악구청),17,10
20250510,아현,서울대입구(관악구청),18,4
20250510,아현,서울대입구(관악구청),19,1
20250510,아현,서울대입구(관악구청),20,4
20250510,아현,서울대입구(관악구청),21,2
20250510,아현,서울대입구(관악구청),22,3
20250510,아현,서울대입구(관악구청),23,3
20250510,아현,서초,5,1
20250510,아현,서초,6,1
20250510,아현,서초,7,3
20250510,아현,서초,10,1
20250510,아현,서초,11,1
20250510,아현,서초,12,1
20250510,아현,서초,13,3
20250510,아현,서초,14,2
20250510,아현,서초,15,12
20250510,아현,서초,16,2
20250510,아현,서초,17,1
20250510,아현,서초,18,1
20250510,아현,선릉,5,2
20250510,아현,선릉,6,2
20250510,아현,선릉,8,4
20250510,아현,선릉,9,4
20250510,아현,선릉,10,3
20250510,아현,선릉,11,5
20250510,아현,선릉,13,1
20250510,아현,선릉,14,1
20250510,아현,선릉,15,3
20250510,아현,선릉,17,2
20250510,아현,선릉,19,1
20250510,아현,선릉,21,2
20250510,아현,성수,5,2
20250510,아현,성수,6,8
20250510,아현,성수,7,2
20250510,아현,성수,8,9
20250510,아현,성수,9,2
20250510,아현,성수,10,6
20250510,아현,성수,11,13
20250510,아현,성수,12,10
20250510,아현,성수,13,7
20250510,아현,성수,14,16
20250510,아현,성수,15,5
20250510,아현,성수,16,7
20250510,아현,성수,17,10
20250510,아현,성수,18,5
20250510,아현,성수,19,1
20250510,아현,성수,20,1
20250510,아현,성수,21,2
20250510,아현,성수,23,1
20250510,아현,시청,5,3
20250510,아현,시청,6,4
20250510,아현,시청,7,5
20250510,아현,시청,8,8
20250510,아현,시청,9,12
20250510,아현,시청,10,20
20250510,아현,시청,11,17
20250510,아현,시청,12,19
20250510,아현,시청,13,14
20250510,아현,시청,14,12
20250510,아현,시청,15,4
20250510,아현,시청,16,9
20250510,아현,시청,17,16
20250510,아현,시청,18,4
20250510,아현,시청,19,7
20250510,아현,시청,20,2
20250510,아현,시청,22,4
20250510,아현,신당,5,1
20250510,아현,신당,6,5
20250510,아현,신당,7,7
20250510,아현,신당,8,10
20250510,아현,신당,9,11
20250510,아현,신당,10,8
20250510,아현,신당,11,4
20250510,아현,신당,12,10
20250510,아현,신당,13,10
20250510,아현,신당,14,7
20250510,아현,신당,15,14
20250510,아현,신당,16,7
20250510,아현,신당,17,18
20250510,아현,신당,18,4
20250510,아현,신당,19,1
20250510,아현,신당,20,4
20250510,아현,신당,21,2
20250510,아현,신당,22,1
20250510,아현,신당,23,1
20250510,아현,신대방,6,1
20250510,아현,신대방,7,1
20250510,아현,신대방,8,5
20250510,아현,신대방,9,6
20250510,아현,신대방,10,5
20250510,아현,신대방,11,2
20250510,아현,신대방,12,5
20250510,아현,신대방,13,3
20250510,아현,신대방,14,4
20250510,아현,신대방,15,3
20250510,아현,신대방,16,4
20250510,아현,신대방,17,1
20250510,아현,신대방,18,2
20250510,아현,신대방,19,3
20250510,아현,신대방,20,3
20250510,아현,신대방,21,1
20250510,아현,신도림,6,2
20250510,아현,신도림,7,1
20250510,아현,신도림,8,16
20250510,아현,신도림,9,4
20250510,아현,신도림,10,8
20250510,아현,신도림,11,13
20250510,아현,신도림,12,13
20250510,아현,신도림,13,14
20250510,아현,신도림,14,10
20250510,아현,신도림,15,5
20250510,아현,신도림,16,10
20250510,아현,신도림,17,8
20250510,아현,신도림,18,6
20250510,아현,신도림,19,3
20250510,아현,신도림,20,8
20250510,아현,신도림,21,3
20250510,아현,신도림,22,3
20250510,아현,신도림,23,2
20250510,아현,신림,5,1
20250510,아현,신림,6,3
20250510,아현,신림,7,2
20250510,아현,신림,8,3
20250510,아현,신림,9,4
20250510,아현,신림,10,6
20250510,아현,신림,11,2
20250510,아현,신림,12,7
20250510,아현,신림,13,4
20250510,아현,신림,14,8
20250510,아현,신림,15,5
20250510,아현,신림,16,6
20250510,아현,신림,17,3
20250510,아현,신림,18,2
20250510,아현,신림,19,14
20250510,아현,신림,20,6
20250510,아현,신림,21,5
20250510,아현,신림,22,1
20250510,아현,신림,23,1
20250510,아현,신촌,5,7
20250510,아현,신촌,6,3
20250510,아현,신촌,7,6
20250510,아현,신촌,8,21
20250510,아현,신촌,9,32
20250510,아현,신촌,10,40
20250510,아현,신촌,11,59
20250510,아현,신촌,12,66
20250510,아현,신촌,13,44
20250510,아현,신촌,14,26
20250510,아현,신촌,15,38
20250510,아현,신촌,16,49
20250510,아현,신촌,17,45
20250510,아현,신촌,18,20
20250510,아현,신촌,19,25
20250510,아현,신촌,20,17
20250510,아현,신촌,21,5
20250510,아현,신촌,22,6
20250510,아현,아현,6,4
20250510,아현,아현,7,3
20250510,아현,아현,8,4
20250510,아현,아현,9,6
20250510,아현,아현,10,5
20250510,아현,아현,11,2
20250510,아현,아현,12,17
20250510,아현,아현,13,13
20250510,아현,아현,14,6
20250510,아현,아현,15,9
20250510,아현,아현,16,11
20250510,아현,아현,17,10
20250510,아현,아현,18,6
20250510,아현,아현,19,3
20250510,아현,아현,20,5
20250510,아현,아현,21,5
20250510,아현,아현,22,6
20250510,아현,아현,23,2
20250510,아현,역삼,6,1
20250510,아현,역삼,7,2
20250510,아현,역삼,8,1
20250510,아현,역삼,10,5
20250510,아현,역삼,11,3
20250510,아현,역삼,12,5
20250510,아현,역삼,13,1
20250510,아현,역삼,14,3
20250510,아현,역삼,15,2
20250510,아현,역삼,17,4
20250510,아현,영등포구청,5,1
20250510,아현,영등포구청,6,2
20250510,아현,영등포구청,7,1
20250510,아현,영등포구청,8,3
20250510,아현,영등포구청,9,7
20250510,아현,영등포구청,10,1
20250510,아현,영등포구청,11,12
20250510,아현,영등포구청,12,5
20250510,아현,영등포구청,13,11
20250510,아현,영등포구청,14,10
20250510,아현,영등포구청,15,10
20250510,아현,영등포구청,16,11
20250510,아현,영등포구청,17,4
20250510,아현,영등포구청,18,1
20250510,아현,영등포구청,19,3
20250510,아현,영등포구청,20,2
20250510,아현,영등포구청,21,1
20250510,아현,영등포구청,22,1
20250510,아현,왕십리(성동구청),5,1
20250510,아현,왕십리(성동구청),6,1
20250510,아현,왕십리(성동구청),8,3
20250510,아현,왕십리(성동구청),9,6
20250510,아현,왕십리(성동구청),10,3
20250510,아현,왕십리(성동구청),11,5
20250510,아현,왕십리(성동구청),12,3
20250510,아현,왕십리(성동구청),13,5
20250510,아현,왕십리(성동구청),14,9
20250510,아현,왕십리(성동구청),15,3
20250510,아현,왕십리(성동구청),16,2
20250510,아현,왕십리(성동구청),17,7
20250510,아현,왕십리(성동구청),18,2
20250510,아현,왕십리(성동구청),19,3
20250510,아현,왕십리(성동구청),20,1
20250510,아현,왕십리(성동구청),21,1
20250510,아현,왕십리(성동구청),22,2
20250510,아현,용두(동대문구청),9,1
20250510,아현,용두(동대문구청),13,1
20250510,아현,을지로3가,5,2
20250510,아현,을지로3가,6,4
20250510,아현,을지로3가,7,8
20250510,아현,을지로3가,8,11
20250510,아현,을지로3가,9,8
20250510,아현,을지로3가,10,11
20250510,아현,을지로3가,11,12
20250510,아현,을지로3가,12,14
20250510,아현,을지로3가,13,15
20250510,아현,을지로3가,14,2
20250510,아현,을지로3가,15,7
20250510,아현,을지로3가,16,5
20250510,아현,을지로3가,17,13
20250510,아현,을지로3가,18,19
20250510,아현,을지로3가,19,8
20250510,아현,을지로3가,20,3
20250510,아현,을지로3가,22,4
20250510,아현,을지로4가,6,3
20250510,아현,을지로4가,7,9
20250510,아현,을지로4가,8,7
20250510,아현,을지로4가,9,14
20250510,아현,을지로4가,10,10
20250510,아현,을지로4가,11,4
20250510,아현,을지로4가,12,6
20250510,아현,을지로4가,13,10
20250510,아현,을지로4가,14,5
20250510,아현,을지로4가,15,6
20250510,아현,을지로4가,16,4
20250510,아현,을지로4가,17,6
20250510,아현,을지로4가,18,9
20250510,아현,을지로4가,19,4
20250510,아현,을지로4가,23,2
20250510,아현,을지로입구,5,3
20250510,아현,을지로입구,6,10
20250510,아현,을지로입구,7,20
20250510,아현,을지로입구,8,26
20250510,아현,을지로입구,9,36
20250510,아현,을지로입구,10,36
20250510,아현,을지로입구,11,42
20250510,아현,을지로입구,12,30
20250510,아현,을지로입구,13,39
20250510,아현,을지로입구,14,34
20250510,아현,을지로입구,15,28
20250510,아현,을지로입구,16,27
20250510,아현,을지로입구,17,26
20250510,아현,을지로입구,18,8
20250510,아현,을지로입구,19,7
20250510,아현,을지로입구,20,8
20250510,아현,을지로입구,21,3
20250510,아현,을지로입구,22,4
20250510,아현,이대,5,2
20250510,아현,이대,6,2
20250510,아현,이대,7,3
20250510,아현,이대,8,3
20250510,아현,이대,9,10
20250510,아현,이대,10,17
20250510,아현,이대,11,20
20250510,아현,이대,12,17
20250510,아현,이대,13,16
20250510,아현,이대,14,19
20250510,아현,이대,15,14
20250510,아현,이대,16,13
20250510,아현,이대,17,14
20250510,아현,이대,18,11
20250510,아현,이대,19,7
20250510,아현,이대,20,18
20250510,아현,이대,21,7
20250510,아현,이대,22,6
20250510,아현,이대,23,4
20250510,아현,잠실(송파구청),5,4
20250510,아현,잠실(송파구청),6,3
20250510,아현,잠실(송파구청),7,11
20250510,아현,잠실(송파구청),8,4
20250510,아현,잠실(송파구청),9,18
20250510,아현,잠실(송파구청),10,12
20250510,아현,잠실(송파구청),11,9
20250510,아현,잠실(송파구청),12,17
20250510,아현,잠실(송파구청),13,13
20250510,아현,잠실(송파구청),14,8
20250510,아현,잠실(송파구청),15,10
20250510,아현,잠실(송파구청),16,13
20250510,아현,잠실(송파구청),17,9
20250510,아현,잠실(송파구청),18,12
20250510,아현,잠실(송파구청),19,1
20250510,아현,잠실(송파구청),20,4
20250510,아현,잠실(송파구청),21,5
20250510,아현,잠실(송파구청),22,4
20250510,아현,잠실(송파구청),23,1
20250510,아현,잠실나루,5,2
20250510,아현,잠실나루,6,1
20250510,아현,잠실나루,7,6
20250510,아현,잠실나루,8,3
20250510,아현,잠실나루,10,2
20250510,아현,잠실나루,11,1
20250510,아현,잠실나루,12,1
20250510,아현,잠실나루,13,3
20250510,아현,잠실나루,16,1
20250510,아현,잠실나루,17,3
20250510,아현,잠실나루,18,1
20250510,아현,잠실나루,20,1
20250510,아현,잠실새내,6,1
20250510,아현,잠실새내,7,4
20250510,아현,잠실새내,8,3
20250510,아현,잠실새내,9,2
20250510,아현,잠실새내,11,2
20250510,아현,잠실새내,12,2
20250510,아현,잠실새내,13,5
20250510,아현,잠실새내,14,3
20250510,아현,잠실새내,15,4
20250510,아현,잠실새내,17,2
20250510,아현,잠실새내,18,1
20250510,아현,잠실새내,19,2
20250510,아현,잠실새내,21,2
20250510,아현,잠실새내,22,1
20250510,아현,종합운동장,5,1
20250510,아현,종합운동장,6,4
20250510,아현,종합운동장,7,3
20250510,아현,종합운동장,9,1
20250510,아현,종합운동장,14,4
20250510,아현,종합운동장,15,20
20250510,아현,종합운동장,16,8
20250510,아현,종합운동장,17,3
20250510,아현,충정로(경기대입구),5,3
20250510,아현,충정로(경기대입구),6,1
20250510,아현,충정로(경기대입구),7,4
20250510,아현,충정로(경기대입구),8,5
20250510,아현,충정로(경기대입구),9,8
20250510,아현,충정로(경기대입구),10,15
20250510,아현,충정로(경기대입구),11,22
20250510,아현,충정로(경기대입구),12,11
20250510,아현,충정로(경기대입구),13,17
20250510,아현,충정로(경기대입구),14,10
20250510,아현,충정로(경기대입구),15,3
20250510,아현,충정로(경기대입구),16,11
20250510,아현,충정로(경기대입구),17,16
20250510,아현,충정로(경기대입구),18,7
20250510,아현,충정로(경기대입구),19,7
20250510,아현,충정로(경기대입구),20,6
20250510,아현,충정로(경기대입구),21,1
20250510,아현,충정로(경기대입구),22,1
20250510,아현,한양대,7,1
20250510,아현,한양대,8,4
20250510,아현,한양대,9,8
20250510,아현,한양대,10,2
20250510,아현,한양대,11,6
20250510,아현,한양대,12,6
20250510,아현,한양대,13,4
20250510,아현,한양대,14,2
20250510,아현,한양대,15,6
20250510,아현,한양대,16,2
20250510,아현,한양대,18,3
20250510,아현,한양대,19,1
20250510,아현,한양대,21,1
20250510,아현,합정,5,5
20250510,아현,합정,6,9
20250510,아현,합정,7,6
20250510,아현,합정,8,9
20250510,아현,합정,9,21
20250510,아현,합정,10,28
20250510,아현,합정,11,27
20250510,아현,합정,12,20
20250510,아현,합정,13,25
20250510,아현,합정,14,32
20250510,아현,합정,15,14
20250510,아현,합정,16,35
20250510,아현,합정,17,24
20250510,아현,합정,18,29
20250510,아현,합정,19,15
20250510,아현,합정,20,8
20250510,아현,합정,21,5
20250510,아현,합정,22,6
20250510,아현,합정,23,1
20250510,아현,홍대입구,5,4
20250510,아현,홍대입구,6,4
20250510,아현,홍대입구,7,2
20250510,아현,홍대입구,8,15
20250510,아현,홍대입구,9,24
20250510,아현,홍대입구,10,36
20250510,아현,홍대입구,11,35
20250510,아현,홍대입구,12,62
20250510,아현,홍대입구,13,57
20250510,아현,홍대입구,14,50
20250510,아현,홍대입구,15,57
20250510,아현,홍대입구,16,56
20250510,아현,홍대입구,17,45
20250510,아현,홍대입구,18,54
20250510,아현,홍대입구,19,18
20250510,아현,홍대입구,20,24
20250510,아현,홍대입구,21,17
20250510,아현,홍대입구,22,13
20250510,아현,홍대입구,23,5
20250510,역삼,강남,5,1
20250510,역삼,강남,6,5
20250510,역삼,강남,7,9
20250510,역삼,강남,8,26
20250510,역삼,강남,9,50
20250510,역삼,강남,10,54
20250510,역삼,강남,11,65
20250510,역삼,강남,12,72
20250510,역삼,강남,13,94
20250510,역삼,강남,14,52
20250510,역삼,강남,15,67
20250510,역삼,강남,16,102
20250510,역삼,강남,17,109
20250510,역삼,강남,18,93
20250510,역삼,강남,19,53
20250510,역삼,강남,20,53
20250510,역삼,강남,21,37
20250510,역삼,강남,22,29
20250510,역삼,강남,23,10
20250510,역삼,강변(동서울터미널),5,1
20250510,역삼,강변(동서울터미널),6,5
20250510,역삼,강변(동서울터미널),7,3
20250510,역삼,강변(동서울터미널),8,12
20250510,역삼,강변(동서울터미널),9,11
20250510,역삼,강변(동서울터미널),10,8
20250510,역삼,강변(동서울터미널),11,18
20250510,역삼,강변(동서울터미널),12,21
20250510,역삼,강변(동서울터미널),13,15
20250510,역삼,강변(동서울터미널),14,25
20250510,역삼,강변(동서울터미널),15,12
20250510,역삼,강변(동서울터미널),16,26
20250510,역삼,강변(동서울터미널),17,28
20250510,역삼,강변(동서울터미널),18,20
20250510,역삼,강변(동서울터미널),19,31
20250510,역삼,강변(동서울터미널),20,15
20250510,역삼,강변(동서울터미널),21,10
20250510,역삼,강변(동서울터미널),22,16
20250510,역삼,강변(동서울터미널),23,4
20250510,역삼,건대입구,6,1
20250510,역삼,건대입구,7,6
20250510,역삼,건대입구,8,4
20250510,역삼,건대입구,9,9
20250510,역삼,건대입구,10,5
20250510,역삼,건대입구,11,8
20250510,역삼,건대입구,12,12
20250510,역삼,건대입구,13,21
20250510,역삼,건대입구,14,15
20250510,역삼,건대입구,15,20
20250510,역삼,건대입구,16,25
20250510,역삼,건대입구,17,32
20250510,역삼,건대입구,18,35
20250510,역삼,건대입구,19,26
20250510,역삼,건대입구,20,18
20250510,역삼,건대입구,21,22
20250510,역삼,건대입구,22,11
20250510,역삼,건대입구,23,14
20250510,역삼,교대(법원.검찰청),5,2
20250510,역삼,교대(법원.검찰청),6,13
20250510,역삼,교대(법원.검찰청),7,4
20250510,역삼,교대(법원.검찰청),8,5
20250510,역삼,교대(법원.검찰청),9,14
20250510,역삼,교대(법원.검찰청),10,16
20250510,역삼,교대(법원.검찰청),11,24
20250510,역삼,교대(법원.검찰청),12,23
20250510,역삼,교대(법원.검찰청),13,14
20250510,역삼,교대(법원.검찰청),14,24
20250510,역삼,교대(법원.검찰청),15,29
20250510,역삼,교대(법원.검찰청),16,33
20250510,역삼,교대(법원.검찰청),17,38
20250510,역삼,교대(법원.검찰청),18,26
20250510,역삼,교대(법원.검찰청),19,18
20250510,역삼,교대(법원.검찰청),20,17
20250510,역삼,교대(법원.검찰청),21,9
20250510,역삼,교대(법원.검찰청),22,8
20250510,역삼,교대(법원.검찰청),23,3
20250510,역삼,구로디지털단지,5,5
20250510,역삼,구로디지털단지,6,10
20250510,역삼,구로디지털단지,7,5
20250510,역삼,구로디지털단지,8,9
20250510,역삼,구로디지털단지,9,3
20250510,역삼,구로디지털단지,10,13
20250510,역삼,구로디지털단지,11,17
20250510,역삼,구로디지털단지,12,20
20250510,역삼,구로디지털단지,13,24
20250510,역삼,구로디지털단지,14,22
20250510,역삼,구로디지털단지,15,30
20250510,역삼,구로디지털단지,16,33
20250510,역삼,구로디지털단지,17,28
20250510,역삼,구로디지털단지,18,41
20250510,역삼,구로디지털단지,19,27
20250510,역삼,구로디지털단지,20,34
20250510,역삼,구로디지털단지,21,41
20250510,역삼,구로디지털단지,22,30
20250510,역삼,구로디지털단지,23,11
20250510,역삼,구의(광진구청),6,4
20250510,역삼,구의(광진구청),8,9
20250510,역삼,구의(광진구청),9,4
20250510,역삼,구의(광진구청),10,5
20250510,역삼,구의(광진구청),11,12
20250510,역삼,구의(광진구청),12,4
20250510,역삼,구의(광진구청),13,12
20250510,역삼,구의(광진구청),14,18
20250510,역삼,구의(광진구청),15,22
20250510,역삼,구의(광진구청),16,19
20250510,역삼,구의(광진구청),17,26
20250510,역삼,구의(광진구청),18,16
20250510,역삼,구의(광진구청),19,22
20250510,역삼,구의(광진구청),20,21
20250510,역삼,구의(광진구청),21,17
20250510,역삼,구의(광진구청),22,7
20250510,역삼,구의(광진구청),23,8
20250510,역삼,낙성대,5,2
20250510,역삼,낙성대,6,1
20250510,역삼,낙성대,7,6
20250510,역삼,낙성대,8,9
20250510,역삼,낙성대,9,10
20250510,역삼,낙성대,10,12
20250510,역삼,낙성대,11,6
20250510,역삼,낙성대,12,15
20250510,역삼,낙성대,13,19
20250510,역삼,낙성대,14,23
20250510,역삼,낙성대,15,23
20250510,역삼,낙성대,16,29
20250510,역삼,낙성대,17,23
20250510,역삼,낙성대,18,31
20250510,역삼,낙성대,19,25
20250510,역삼,낙성대,20,29
20250510,역삼,낙성대,21,24
20250510,역삼,낙성대,22,25
20250510,역삼,낙성대,23,12
20250510,역삼,당산,6,2
20250510,역삼,당산,8,1
20250510,역삼,당산,10,1
20250510,역삼,당산,11,1
20250510,역삼,당산,12,6
20250510,역삼,당산,13,4
20250510,역삼,당산,14,5
20250510,역삼,당산,15,8
20250510,역삼,당산,16,9
20250510,역삼,당산,17,16
20250510,역삼,당산,18,11
20250510,역삼,당산,19,7
20250510,역삼,당산,20,8
20250510,역삼,당산,21,3
20250510,역삼,당산,22,8
20250510,역삼,당산,23,4
20250510,역삼,대림(구로구청),5,1
20250510,역삼,대림(구로구청),6,4
20250510,역삼,대림(구로구청),7,2
20250510,역삼,대림(구로구청),8,7
20250510,역삼,대림(구로구청),9,7
20250510,역삼,대림(구로구청),10,6
20250510,역삼,대림(구로구청),11,3
20250510,역삼,대림(구로구청),12,7
20250510,역삼,대림(구로구청),13,5
20250510,역삼,대림(구로구청),14,12
20250510,역삼,대림(구로구청),15,12
20250510,역삼,대림(구로구청),16,9
20250510,역삼,대림(구로구청),17,16
20250510,역삼,대림(구로구청),18,6
20250510,역삼,대림(구로구청),19,14
20250510,역삼,대림(구로구청),20,28
20250510,역삼,대림(구로구청),21,29
20250510,역삼,대림(구로구청),22,18
20250510,역삼,대림(구로구청),23,2
20250510,역삼,동대문역사문화공원,8,1
20250510,역삼,동대문역사문화공원,9,1
20250510,역삼,동대문역사문화공원,10,2
20250510,역삼,동대문역사문화공원,11,6
20250510,역삼,동대문역사문화공원,12,3
20250510,역삼,동대문역사문화공원,13,6
20250510,역삼,동대문역사문화공원,14,6
20250510,역삼,동대문역사문화공원,15,5
20250510,역삼,동대문역사문화공원,16,7
20250510,역삼,동대문역사문화공원,17,6
20250510,역삼,동대문역사문화공원,18,1
20250510,역삼,동대문역사문화공원,19,5
20250510,역삼,동대문역사문화공원,20,1
20250510,역삼,동대문역사문화공원,21,2
20250510,역삼,동대문역사문화공원,22,2
20250510,역삼,동대문역사문화공원,23,1
20250510,역삼,뚝섬,5,1
20250510,역삼,뚝섬,7,1
20250510,역삼,뚝섬,9,2
20250510,역삼,뚝섬,10,3
20250510,역삼,뚝섬,11,6
20250510,역삼,뚝섬,12,9
20250510,역삼,뚝섬,13,5
20250510,역삼,뚝섬,14,12
20250510,역삼,뚝섬,15,2
20250510,역삼,뚝섬,16,12
20250510,역삼,뚝섬,17,8
20250510,역삼,뚝섬,18,2
20250510,역삼,뚝섬,20,4
20250510,역삼,뚝섬,21,2
20250510,역삼,뚝섬,22,2
20250510,역삼,문래,5,1
20250510,역삼,문래,7,6
20250510,역삼,문래,8,1
20250510,역삼,문래,9,2
20250510,역삼,문래,10,9
20250510,역삼,문래,11,2
20250510,역삼,문래,12,4
20250510,역삼,문래,13,3
20250510,역삼,문래,14,9
20250510,역삼,문래,15,9
20250510,역삼,문래,16,9
20250510,역삼,문래,17,9
20250510,역삼,문래,18,9
20250510,역삼,문래,19,3
20250510,역삼,문래,20,3
20250510,역삼,문래,21,3
20250510,역삼,문래,22,2
20250510,역삼,문래,23,1
20250510,역삼,방배,6,4
20250510,역삼,방배,7,4
20250510,역삼,방배,8,3
20250510,역삼,방배,9,7
20250510,역삼,방배,10,7
20250510,역삼,방배,11,11
20250510,역삼,방배,12,9
20250510,역삼,방배,13,8
20250510,역삼,방배,14,13
20250510,역삼,방배,15,10
20250510,역삼,방배,16,14
20250510,역삼,방배,17,16
20250510,역삼,방배,18,14
20250510,역삼,방배,19,12
20250510,역삼,방배,20,13
20250510,역삼,방배,21,2
20250510,역삼,방배,22,12
20250510,역삼,방배,23,5
20250510,역삼,봉천,5,2
20250510,역삼,봉천,6,4
20250510,역삼,봉천,7,6
20250510,역삼,봉천,8,4
20250510,역삼,봉천,9,8
20250510,역삼,봉천,10,10
20250510,역삼,봉천,11,10
20250510,역삼,봉천,12,8
20250510,역삼,봉천,13,18
20250510,역삼,봉천,14,12
20250510,역삼,봉천,15,10
20250510,역삼,봉천,16,24
20250510,역삼,봉천,17,31
20250510,역삼,봉천,18,19
20250510,역삼,봉천,19,17
20250510,역삼,봉천,20,25
20250510,역삼,봉천,21,14
20250510,역삼,봉천,22,26
20250510,역삼,봉천,23,6
20250510,역삼,사당,5,6
20250510,역삼,사당,6,10
20250510,역삼,사당,7,6
20250510,역삼,사당,8,9
20250510,역삼,사당,9,23
20250510,역삼,사당,10,21
20250510,역삼,사당,11,35
20250510,역삼,사당,12,51
20250510,역삼,사당,13,66
20250510,역삼,사당,14,57
20250510,역삼,사당,15,51
20250510,역삼,사당,16,62
20250510,역삼,사당,17,69
20250510,역삼,사당,18,63
20250510,역삼,사당,19,55
20250510,역삼,사당,20,52
20250510,역삼,사당,21,38
20250510,역삼,사당,22,32
20250510,역삼,사당,23,19
20250510,역삼,삼성(무역센터),6,9
20250510,역삼,삼성(무역센터),7,11
20250510,역삼,삼성(무역센터),8,9
20250510,역삼,삼성(무역센터),9,25
20250510,역삼,삼성(무역센터),10,55
20250510,역삼,삼성(무역센터),11,47
20250510,역삼,삼성(무역센터),12,66
20250510,역삼,삼성(무역센터),13,86
20250510,역삼,삼성(무역센터),14,64
20250510,역삼,삼성(무역센터),15,94
20250510,역삼,삼성(무역센터),16,54
20250510,역삼,삼성(무역센터),17,63
20250510,역삼,삼성(무역센터),18,48
20250510,역삼,삼성(무역센터),19,16
20250510,역삼,삼성(무역센터),20,20
20250510,역삼,삼성(무역센터),21,6
20250510,역삼,삼성(무역센터),22,13
20250510,역삼,삼성(무역센터),23,5
20250510,역삼,상왕십리,6,1
20250510,역삼,상왕십리,8,2
20250510,역삼,상왕십리,9,3
20250510,역삼,상왕십리,10,1
20250510,역삼,상왕십리,12,2
20250510,역삼,상왕십리,13,3
20250510,역삼,상왕십리,14,1
20250510,역삼,상왕십리,15,3
20250510,역삼,상왕십리,16,4
20250510,역삼,상왕십리,17,6
20250510,역삼,상왕십리,19,4
20250510,역삼,상왕십리,20,4
20250510,역삼,상왕십리,21,2
20250510,역삼,서울대입구(관악구청),5,5
20250510,역삼,서울대입구(관악구청),6,14
20250510,역삼,서울대입구(관악구청),7,14
20250510,역삼,서울대입구(관악구청),8,12
20250510,역삼,서울대입구(관악구청),9,12
20250510,역삼,서울대입구(관악구청),10,13
20250510,역삼,서울대입구(관악구청),11,24
20250510,역삼,서울대입구(관악구청),12,21
20250510,역삼,서울대입구(관악구청),13,36
20250510,역삼,서울대입구(관악구청),14,38
20250510,역삼,서울대입구(관악구청),15,44
20250510,역삼,서울대입구(관악구청),16,52
20250510,역삼,서울대입구(관악구청),17,63
20250510,역삼,서울대입구(관악구청),18,53
20250510,역삼,서울대입구(관악구청),19,35
20250510,역삼,서울대입구(관악구청),20,47
20250510,역삼,서울대입구(관악구청),21,41
20250510,역삼,서울대입구(관악구청),22,45
20250510,역삼,서울대입구(관악구청),23,38
20250510,역삼,서초,5,3
20250510,역삼,서초,6,9
20250510,역삼,서초,7,3
20250510,역삼,서초,8,8
20250510,역삼,서초,9,8
20250510,역삼,서초,10,11
20250510,역삼,서초,11,11
20250510,역삼,서초,12,15
20250510,역삼,서초,13,18
20250510,역삼,서초,14,17
20250510,역삼,서초,15,24
20250510,역삼,서초,16,27
20250510,역삼,서초,17,11
20250510,역삼,서초,18,6
20250510,역삼,서초,19,7
20250510,역삼,서초,20,12
20250510,역삼,서초,21,2
20250510,역삼,서초,22,8
20250510,역삼,서초,23,4
20250510,역삼,선릉,6,6
20250510,역삼,선릉,7,8
20250510,역삼,선릉,8,16
20250510,역삼,선릉,9,33
20250510,역삼,선릉,10,41
20250510,역삼,선릉,11,43
20250510,역삼,선릉,12,55
20250510,역삼,선릉,13,74
20250510,역삼,선릉,14,67
20250510,역삼,선릉,15,71
20250510,역삼,선릉,16,58
20250510,역삼,선릉,17,61
20250510,역삼,선릉,18,41
20250510,역삼,선릉,19,22
20250510,역삼,선릉,20,28
20250510,역삼,선릉,21,16
20250510,역삼,선릉,22,13
20250510,역삼,선릉,23,4
20250510,역삼,성수,5,1
20250510,역삼,성수,6,1
20250510,역삼,성수,7,2
20250510,역삼,성수,8,5
20250510,역삼,성수,9,13
20250510,역삼,성수,10,16
20250510,역삼,성수,11,15
20250510,역삼,성수,12,32
20250510,역삼,성수,13,22
20250510,역삼,성수,14,30
20250510,역삼,성수,15,25
20250510,역삼,성수,16,22
20250510,역삼,성수,17,17
20250510,역삼,성수,18,15
20250510,역삼,성수,19,12
20250510,역삼,성수,20,6
20250510,역삼,성수,21,5
20250510,역삼,성수,22,4
20250510,역삼,성수,23,5
20250510,역삼,시청,9,1
20250510,역삼,시청,10,2
20250510,역삼,시청,11,2
20250510,역삼,시청,12,4
20250510,역삼,시청,13,1
20250510,역삼,시청,14,9
20250510,역삼,시청,15,1
20250510,역삼,시청,16,1
20250510,역삼,시청,17,6
20250510,역삼,시청,18,2
20250510,역삼,신당,7,1
20250510,역삼,신당,11,1
20250510,역삼,신당,12,5
20250510,역삼,신당,13,3
20250510,역삼,신당,14,3
20250510,역삼,신당,15,3
20250510,역삼,신당,16,5
20250510,역삼,신당,17,4
20250510,역삼,신당,18,5
20250510,역삼,신당,19,1
20250510,역삼,신당,21,2
20250510,역삼,신대방,5,1
20250510,역삼,신대방,6,5
20250510,역삼,신대방,7,6
20250510,역삼,신대방,8,4
20250510,역삼,신대방,9,7
20250510,역삼,신대방,10,2
20250510,역삼,신대방,11,6
20250510,역삼,신대방,12,8
20250510,역삼,신대방,13,11
20250510,역삼,신대방,14,16
20250510,역삼,신대방,15,18
20250510,역삼,신대방,16,11
20250510,역삼,신대방,17,20
20250510,역삼,신대방,18,26
20250510,역삼,신대방,19,17
20250510,역삼,신대방,20,16
20250510,역삼,신대방,21,45
20250510,역삼,신대방,22,22
20250510,역삼,신대방,23,8
20250510,역삼,신도림,5,2
20250510,역삼,신도림,6,5
20250510,역삼,신도림,7,4
20250510,역삼,신도림,8,5
20250510,역삼,신도림,9,3
20250510,역삼,신도림,10,8
20250510,역삼,신도림,11,12
20250510,역삼,신도림,12,13
20250510,역삼,신도림,13,13
20250510,역삼,신도림,14,27
20250510,역삼,신도림,15,23
20250510,역삼,신도림,16,20
20250510,역삼,신도림,17,25
20250510,역삼,신도림,18,13
20250510,역삼,신도림,19,16
20250510,역삼,신도림,20,20
20250510,역삼,신도림,21,15
20250510,역삼,신도림,22,17
20250510,역삼,신도림,23,14
20250510,역삼,신림,5,7
20250510,역삼,신림,6,10
20250510,역삼,신림,7,17
20250510,역삼,신림,8,12
20250510,역삼,신림,9,9
20250510,역삼,신림,10,15
20250510,역삼,신림,11,20
20250510,역삼,신림,12,29
20250510,역삼,신림,13,37
20250510,역삼,신림,14,41
20250510,역삼,신림,15,49
20250510,역삼,신림,16,46
20250510,역삼,신림,17,62
20250510,역삼,신림,18,51
20250510,역삼,신림,19,54
20250510,역삼,신림,20,59
20250510,역삼,신림,21,76
20250510,역삼,신림,22,56
20250510,역삼,신림,23,13
20250510,역삼,신촌,6,1
20250510,역삼,신촌,7,1
20250510,역삼,신촌,8,1
20250510,역삼,신촌,9,7
20250510,역삼,신촌,10,1
20250510,역삼,신촌,11,6
20250510,역삼,신촌,12,14
20250510,역삼,신촌,13,4
20250510,역삼,신촌,14,5
20250510,역삼,신촌,15,11
20250510,역삼,신촌,16,11
20250510,역삼,신촌,17,15
20250510,역삼,신촌,18,10
20250510,역삼,신촌,19,3
20250510,역삼,신촌,20,10
20250510,역삼,신촌,21,3
20250510,역삼,신촌,22,12
20250510,역삼,신촌,23,2
20250510,역삼,아현,10,1
20250510,역삼,아현,11,4
20250510,역삼,아현,14,2
20250510,역삼,아현,15,1
20250510,역삼,아현,16,4
20250510,역삼,아현,17,1
20250510,역삼,아현,18,1
20250510,역삼,아현,19,1
20250510,역삼,아현,20,7
20250510,역삼,아현,21,2
20250510,역삼,아현,23,1
20250510,역삼,역삼,5,2
20250510,역삼,역삼,6,2
20250510,역삼,역삼,7,2
20250510,역삼,역삼,8,3
20250510,역삼,역삼,9,12
20250510,역삼,역삼,10,24
20250510,역삼,역삼,11,16
20250510,역삼,역삼,12,26
20250510,역삼,역삼,13,28
20250510,역삼,역삼,14,15
20250510,역삼,역삼,15,46
20250510,역삼,역삼,16,33
20250510,역삼,역삼,17,33
20250510,역삼,역삼,18,23
20250510,역삼,역삼,19,16
20250510,역삼,역삼,20,22
20250510,역삼,역삼,21,13
20250510,역삼,역삼,22,15
20250510,역삼,역삼,23,14
20250510,역삼,영등포구청,5,1
20250510,역삼,영등포구청,7,1
20250510,역삼,영등포구청,9,1
20250510,역삼,영등포구청,11,5
20250510,역삼,영등포구청,12,4
20250510,역삼,영등포구청,13,9
20250510,역삼,영등포구청,14,3
20250510,역삼,영등포구청,15,13
20250510,역삼,영등포구청,16,6
20250510,역삼,영등포구청,17,9
20250510,역삼,영등포구청,18,10
20250510,역삼,영등포구청,19,8
20250510,역삼,영등포구청,20,5
20250510,역삼,영등포구청,21,1
20250510,역삼,영등포구청,22,4
20250510,역삼,왕십리(성동구청),9,2
20250510,역삼,왕십리(성동구청),12,2
20250510,역삼,왕십리(성동구청),13,4
20250510,역삼,왕십리(성동구청),14,4
20250510,역삼,왕십리(성동구청),15,1
20250510,역삼,왕십리(성동구청),16,1
20250510,역삼,왕십리(성동구청),17,4
20250510,역삼,왕십리(성동구청),18,3
20250510,역삼,왕십리(성동구청),19,2
20250510,역삼,왕십리(성동구청),20,2
20250510,역삼,왕십리(성동구청),21,3
20250510,역삼,왕십리(성동구청),22,2
20250510,역삼,용두(동대문구청),9,1
20250510,역삼,용두(동대문구청),10,2
20250510,역삼,용두(동대문구청),12,1
20250510,역삼,용두(동대문구청),14,3
20250510,역삼,용두(동대문구청),15,7
20250510,역삼,용두(동대문구청),16,2
20250510,역삼,용두(동대문구청),17,2
20250510,역삼,을지로3가,8,1
20250510,역삼,을지로3가,9,1
20250510,역삼,을지로3가,10,1
20250510,역삼,을지로3가,11,7
20250510,역삼,을지로3가,13,3
20250510,역삼,을지로3가,14,1
20250510,역삼,을지로3가,15,1
20250510,역삼,을지로3가,16,4
20250510,역삼,을지로3가,17,5
20250510,역삼,을지로3가,19,2
20250510,역삼,을지로3가,20,3
20250510,역삼,을지로3가,21,1
20250510,역삼,을지로4가,10,2
20250510,역삼,을지로4가,12,8
20250510,역삼,을지로4가,13,1
20250510,역삼,을지로4가,14,4
20250510,역삼,을지로4가,15,1
20250510,역삼,을지로4가,16,5
20250510,역삼,을지로4가,17,8
20250510,역삼,을지로4가,18,2
20250510,역삼,을지로입구,7,1
20250510,역삼,을지로입구,8,3
20250510,역삼,을지로입구,9,3
20250510,역삼,을지로입구,10,2
20250510,역삼,을지로입구,11,3
20250510,역삼,을지로입구,12,2
20250510,역삼,을지로입구,13,5
20250510,역삼,을지로입구,14,3
20250510,역삼,을지로입구,15,3
20250510,역삼,을지로입구,16,13
20250510,역삼,을지로입구,17,3
20250510,역삼,을지로입구,18,2
20250510,역삼,을지로입구,19,2
20250510,역삼,이대,7,1
20250510,역삼,이대,8,3
20250510,역삼,이대,9,1
20250510,역삼,이대,10,3
20250510,역삼,이대,11,2
20250510,역삼,이대,12,7
20250510,역삼,이대,13,9
20250510,역삼,이대,14,3
20250510,역삼,이대,15,5
20250510,역삼,이대,16,4
20250510,역삼,이대,17,6
20250510,역삼,이대,18,5
20250510,역삼,이대,19,1
20250510,역삼,이대,20,2
20250510,역삼,이대,21,1
20250510,역삼,이대,22,3
20250510,역삼,이대,23,1
20250510,역삼,잠실(송파구청),5,4
20250510,역삼,잠실(송파구청),6,13
20250510,역삼,잠실(송파구청),7,6
20250510,역삼,잠실(송파구청),8,21
20250510,역삼,잠실(송파구청),9,26
20250510,역삼,잠실(송파구청),10,51
20250510,역삼,잠실(송파구청),11,37
20250510,역삼,잠실(송파구청),12,72
20250510,역삼,잠실(송파구청),13,98
20250510,역삼,잠실(송파구청),14,92
20250510,역삼,잠실(송파구청),15,104
20250510,역삼,잠실(송파구청),16,101
20250510,역삼,잠실(송파구청),17,107
20250510,역삼,잠실(송파구청),18,96
20250510,역삼,잠실(송파구청),19,72
20250510,역삼,잠실(송파구청),20,62
20250510,역삼,잠실(송파구청),21,58
20250510,역삼,잠실(송파구청),22,55
20250510,역삼,잠실(송파구청),23,22
20250510,역삼,잠실나루,5,3
20250510,역삼,잠실나루,6,3
20250510,역삼,잠실나루,7,3
20250510,역삼,잠실나루,8,2
20250510,역삼,잠실나루,9,2
20250510,역삼,잠실나루,10,3
20250510,역삼,잠실나루,11,2
20250510,역삼,잠실나루,12,6
20250510,역삼,잠실나루,13,6
20250510,역삼,잠실나루,14,11
20250510,역삼,잠실나루,15,8
20250510,역삼,잠실나루,16,7
20250510,역삼,잠실나루,17,6
20250510,역삼,잠실나루,18,12
20250510,역삼,잠실나루,19,7
20250510,역삼,잠실나루,20,5
20250510,역삼,잠실나루,21,2
20250510,역삼,잠실나루,22,4
20250510,역삼,잠실나루,23,2
20250510,역삼,잠실새내,6,1
20250510,역삼,잠실새내,7,2
20250510,역삼,잠실새내,8,6
20250510,역삼,잠실새내,9,8
20250510,역삼,잠실새내,10,8
20250510,역삼,잠실새내,11,12
20250510,역삼,잠실새내,12,13
20250510,역삼,잠실새내,13,27
20250510,역삼,잠실새내,14,14
20250510,역삼,잠실새내,15,20
20250510,역삼,잠실새내,16,14
20250510,역삼,잠실새내,17,32
20250510,역삼,잠실새내,18,24
20250510,역삼,잠실새내,19,22
20250510,역삼,잠실새내,20,18
20250510,역삼,잠실새내,21,10
20250510,역삼,잠실새내,22,15
20250510,역삼,잠실새내,23,5
20250510,역삼,종합운동장,5,1
20250510,역삼,종합운동장,6,5
20250510,역삼,종합운동장,7,5
20250510,역삼,종합운동장,8,4
20250510,역삼,종합운동장,9,3
20250510,역삼,종합운동장,10,8
20250510,역삼,종합운동장,11,10
20250510,역삼,종합운동장,12,3
20250510,역삼,종합운동장,13,10
20250510,역삼,종합운동장,14,5
20250510,역삼,종합운동장,15,26
20250510,역삼,종합운동장,16,33
20250510,역삼,종합운동장,17,23
20250510,역삼,종합운동장,18,10
20250510,역삼,종합운동장,19,7
20250510,역삼,종합운동장,20,10
20250510,역삼,종합운동장,21,3
20250510,역삼,종합운동장,22,6
20250510,역삼,종합운동장,23,1
20250510,역삼,충정로(경기대입구),9,1
20250510,역삼,충정로(경기대입구),10,1
20250510,역삼,충정로(경기대입구),11,2
20250510,역삼,충정로(경기대입구),12,1
20250510,역삼,충정로(경기대입구),14,4
20250510,역삼,충정로(경기대입구),15,4
20250510,역삼,충정로(경기대입구),18,2
20250510,역삼,충정로(경기대입구),19,1
20250510,역삼,충정로(경기대입구),20,1
20250510,역삼,충정로(경기대입구),21,1
20250510,역삼,한양대,7,1
20250510,역삼,한양대,8,2
20250510,역삼,한양대,9,2
20250510,역삼,한양대,11,1
20250510,역삼,한양대,12,2
20250510,역삼,한양대,13,5
20250510,역삼,한양대,14,4
20250510,역삼,한양대,15,2
20250510,역삼,한양대,16,3
20250510,역삼,한양대,17,6
20250510,역삼,한양대,20,2
20250510,역삼,한양대,22,2
20250510,역삼,한양대,23,1
20250510,역삼,합정,5,2
20250510,역삼,합정,6,1
20250510,역삼,합정,7,2
20250510,역삼,합정,9,4
20250510,역삼,합정,10,4
20250510,역삼,합정,11,4
20250510,역삼,합정,12,9
20250510,역삼,합정,13,11
20250510,역삼,합정,14,8
20250510,역삼,합정,15,19
20250510,역삼,합정,16,16
20250510,역삼,합정,17,19
20250510,역삼,합정,18,19
20250510,역삼,합정,19,6
20250510,역삼,합정,20,7
20250510,역삼,합정,21,5
20250510,역삼,합정,22,9
20250510,역삼,합정,23,3
20250510,역삼,홍대입구,6,1
20250510,역삼,홍대입구,8,8
20250510,역삼,홍대입구,9,7
20250510,역삼,홍대입구,10,12
20250510,역삼,홍대입구,11,14
20250510,역삼,홍대입구,12,23
20250510,역삼,홍대입구,13,27
20250510,역삼,홍대입구,14,24
20250510,역삼,홍대입구,15,26
20250510,역삼,홍대입구,16,35
20250510,역삼,홍대입구,17,22
20250510,역삼,홍대입구,18,17
20250510,역삼,홍대입구,19,14
20250510,역삼,홍대입구,20,22
20250510,역삼,홍대입구,21,12
20250510,역삼,홍대입구,22,4
20250510,역삼,홍대입구,23,2
20250510,영등포구청,강남,6,3
20250510,영등포구청,강남,7,5
20250510,영등포구청,강남,8,19
20250510,영등포구청,강남,9,19
20250510,영등포구청,강남,10,10
20250510,영등포구청,강남,11,14
20250510,영등포구청,강남,12,18
20250510,영등포구청,강남,13,15
20250510,영등포구청,강남,14,18
20250510,영등포구청,강남,15,3
20250510,영등포구청,강남,16,20
20250510,영등포구청,강남,17,15
20250510,영등포구청,강남,18,10
20250510,영등포구청,강남,19,7
20250510,영등포구청,강남,20,3
20250510,영등포구청,강남,21,6
20250510,영등포구청,강남,22,1
20250510,영등포구청,강남,23,3
20250510,영등포구청,강변(동서울터미널),6,2
20250510,영등포구청,강변(동서울터미널),7,3
20250510,영등포구청,강변(동서울터미널),8,2
20250510,영등포구청,강변(동서울터미널),9,1
20250510,영등포구청,강변(동서울터미널),10,1
20250510,영등포구청,강변(동서울터미널),11,4
20250510,영등포구청,강변(동서울터미널),12,6
20250510,영등포구청,강변(동서울터미널),13,6
20250510,영등포구청,강변(동서울터미널),14,1
20250510,영등포구청,강변(동서울터미널),16,3
20250510,영등포구청,강변(동서울터미널),17,1
20250510,영등포구청,강변(동서울터미널),18,4
20250510,영등포구청,강변(동서울터미널),19,3
20250510,영등포구청,강변(동서울터미널),20,1
20250510,영등포구청,강변(동서울터미널),21,2
20250510,영등포구청,건대입구,6,1
20250510,영등포구청,건대입구,7,1
20250510,영등포구청,건대입구,8,2
20250510,영등포구청,건대입구,9,5
20250510,영등포구청,건대입구,10,7
20250510,영등포구청,건대입구,11,5
20250510,영등포구청,건대입구,12,6
20250510,영등포구청,건대입구,13,8
20250510,영등포구청,건대입구,14,5
20250510,영등포구청,건대입구,15,3
20250510,영등포구청,건대입구,16,5
20250510,영등포구청,건대입구,17,7
20250510,영등포구청,건대입구,18,6
20250510,영등포구청,건대입구,19,3
20250510,영등포구청,건대입구,20,1
20250510,영등포구청,건대입구,21,1
20250510,영등포구청,건대입구,22,1
20250510,영등포구청,교대(법원.검찰청),7,3
20250510,영등포구청,교대(법원.검찰청),8,5
20250510,영등포구청,교대(법원.검찰청),9,5
20250510,영등포구청,교대(법원.검찰청),10,9
20250510,영등포구청,교대(법원.검찰청),11,4
20250510,영등포구청,교대(법원.검찰청),12,3
20250510,영등포구청,교대(법원.검찰청),13,5
20250510,영등포구청,교대(법원.검찰청),14,2
20250510,영등포구청,교대(법원.검찰청),15,3
20250510,영등포구청,교대(법원.검찰청),16,4
20250510,영등포구청,교대(법원.검찰청),17,5
20250510,영등포구청,교대(법원.검찰청),18,1
20250510,영등포구청,교대(법원.검찰청),19,4
20250510,영등포구청,교대(법원.검찰청),20,2
20250510,영등포구청,교대(법원.검찰청),21,3
20250510,영등포구청,교대(법원.검찰청),22,1
20250510,영등포구청,구로디지털단지,5,5
20250510,영등포구청,구로디지털단지,6,9
20250510,영등포구청,구로디지털단지,7,8
20250510,영등포구청,구로디지털단지,8,21
20250510,영등포구청,구로디지털단지,9,15
20250510,영등포구청,구로디지털단지,10,15
20250510,영등포구청,구로디지털단지,11,18
20250510,영등포구청,구로디지털단지,12,20
20250510,영등포구청,구로디지털단지,13,35
20250510,영등포구청,구로디지털단지,14,29
20250510,영등포구청,구로디지털단지,15,24
20250510,영등포구청,구로디지털단지,16,36
20250510,영등포구청,구로디지털단지,17,38
20250510,영등포구청,구로디지털단지,18,34
20250510,영등포구청,구로디지털단지,19,37
20250510,영등포구청,구로디지털단지,20,22
20250510,영등포구청,구로디지털단지,21,37
20250510,영등포구청,구로디지털단지,22,23
20250510,영등포구청,구로디지털단지,23,22
20250510,영등포구청,구의(광진구청),10,2
20250510,영등포구청,구의(광진구청),11,3
20250510,영등포구청,구의(광진구청),12,2
20250510,영등포구청,구의(광진구청),14,8
20250510,영등포구청,구의(광진구청),15,3
20250510,영등포구청,구의(광진구청),16,1
20250510,영등포구청,구의(광진구청),17,5
20250510,영등포구청,구의(광진구청),18,4
20250510,영등포구청,구의(광진구청),20,1
20250510,영등포구청,구의(광진구청),21,3
20250510,영등포구청,낙성대,6,1
20250510,영등포구청,낙성대,8,1
20250510,영등포구청,낙성대,9,8
20250510,영등포구청,낙성대,10,8
20250510,영등포구청,낙성대,11,6
20250510,영등포구청,낙성대,12,5
20250510,영등포구청,낙성대,13,6
20250510,영등포구청,낙성대,14,4
20250510,영등포구청,낙성대,15,6
20250510,영등포구청,낙성대,16,12
20250510,영등포구청,낙성대,17,8
20250510,영등포구청,낙성대,18,12
20250510,영등포구청,낙성대,19,10
20250510,영등포구청,낙성대,20,5
20250510,영등포구청,낙성대,21,5
20250510,영등포구청,낙성대,22,5
20250510,영등포구청,낙성대,23,1
20250510,영등포구청,당산,5,2
20250510,영등포구청,당산,6,4
20250510,영등포구청,당산,7,5
20250510,영등포구청,당산,8,10
20250510,영등포구청,당산,9,14
20250510,영등포구청,당산,10,7
20250510,영등포구청,당산,11,10
20250510,영등포구청,당산,12,14
20250510,영등포구청,당산,13,18
20250510,영등포구청,당산,14,10
20250510,영등포구청,당산,15,12
20250510,영등포구청,당산,16,6
20250510,영등포구청,당산,17,11
20250510,영등포구청,당산,18,19
20250510,영등포구청,당산,19,19
20250510,영등포구청,당산,20,17
20250510,영등포구청,당산,21,7
20250510,영등포구청,당산,22,6
20250510,영등포구청,당산,23,6
20250510,영등포구청,대림(구로구청),5,5
20250510,영등포구청,대림(구로구청),6,4
20250510,영등포구청,대림(구로구청),7,2
20250510,영등포구청,대림(구로구청),8,6
20250510,영등포구청,대림(구로구청),9,13
20250510,영등포구청,대림(구로구청),10,17
20250510,영등포구청,대림(구로구청),11,16
20250510,영등포구청,대림(구로구청),12,13
20250510,영등포구청,대림(구로구청),13,16
20250510,영등포구청,대림(구로구청),14,23
20250510,영등포구청,대림(구로구청),15,19
20250510,영등포구청,대림(구로구청),16,21
20250510,영등포구청,대림(구로구청),17,26
20250510,영등포구청,대림(구로구청),18,24
20250510,영등포구청,대림(구로구청),19,14
20250510,영등포구청,대림(구로구청),20,20
20250510,영등포구청,대림(구로구청),21,25
20250510,영등포구청,대림(구로구청),22,10
20250510,영등포구청,대림(구로구청),23,11
20250510,영등포구청,동대문역사문화공원,5,1
20250510,영등포구청,동대문역사문화공원,6,2
20250510,영등포구청,동대문역사문화공원,7,2
20250510,영등포구청,동대문역사문화공원,8,2
20250510,영등포구청,동대문역사문화공원,9,1
20250510,영등포구청,동대문역사문화공원,10,3
20250510,영등포구청,동대문역사문화공원,11,2
20250510,영등포구청,동대문역사문화공원,12,4
20250510,영등포구청,동대문역사문화공원,13,14
20250510,영등포구청,동대문역사문화공원,14,6
20250510,영등포구청,동대문역사문화공원,15,7
20250510,영등포구청,동대문역사문화공원,16,4
20250510,영등포구청,동대문역사문화공원,17,1
20250510,영등포구청,동대문역사문화공원,18,4
20250510,영등포구청,동대문역사문화공원,19,7
20250510,영등포구청,동대문역사문화공원,20,5
20250510,영등포구청,동대문역사문화공원,21,1
20250510,영등포구청,뚝섬,5,1
20250510,영등포구청,뚝섬,7,1
20250510,영등포구청,뚝섬,8,1
20250510,영등포구청,뚝섬,9,7
20250510,영등포구청,뚝섬,10,2
20250510,영등포구청,뚝섬,11,2
20250510,영등포구청,뚝섬,12,3
20250510,영등포구청,뚝섬,13,9
20250510,영등포구청,뚝섬,14,4
20250510,영등포구청,뚝섬,15,6
20250510,영등포구청,뚝섬,16,3
20250510,영등포구청,뚝섬,17,2
20250510,영등포구청,뚝섬,18,4
20250510,영등포구청,뚝섬,19,1
20250510,영등포구청,뚝섬,20,3
20250510,영등포구청,뚝섬,21,1
20250510,영등포구청,뚝섬,22,2
20250510,영등포구청,뚝섬,23,2
20250510,영등포구청,문래,5,1
20250510,영등포구청,문래,6,4
20250510,영등포구청,문래,7,7
20250510,영등포구청,문래,8,5
20250510,영등포구청,문래,9,10
20250510,영등포구청,문래,10,17
20250510,영등포구청,문래,11,28
20250510,영등포구청,문래,12,19
20250510,영등포구청,문래,13,26
20250510,영등포구청,문래,14,25
20250510,영등포구청,문래,15,16
20250510,영등포구청,문래,16,27
20250510,영등포구청,문래,17,27
20250510,영등포구청,문래,18,23
20250510,영등포구청,문래,19,8
20250510,영등포구청,문래,20,10
20250510,영등포구청,문래,21,7
20250510,영등포구청,문래,22,2
20250510,영등포구청,문래,23,6
20250510,영등포구청,방배,7,1
20250510,영등포구청,방배,8,1
20250510,영등포구청,방배,9,2
20250510,영등포구청,방배,10,1
20250510,영등포구청,방배,12,6
20250510,영등포구청,방배,13,8
20250510,영등포구청,방배,14,5
20250510,영등포구청,방배,15,1
20250510,영등포구청,방배,16,1
20250510,영등포구청,방배,17,6
20250510,영등포구청,방배,18,5
20250510,영등포구청,방배,19,3
20250510,영등포구청,방배,21,3
20250510,영등포구청,방배,22,1
20250510,영등포구청,봉천,5,2
20250510,영등포구청,봉천,6,2
20250510,영등포구청,봉천,7,5
20250510,영등포구청,봉천,8,5
20250510,영등포구청,봉천,10,6
20250510,영등포구청,봉천,11,6
20250510,영등포구청,봉천,12,14
20250510,영등포구청,봉천,13,7
20250510,영등포구청,봉천,14,9
20250510,영등포구청,봉천,15,13
20250510,영등포구청,봉천,16,11
20250510,영등포구청,봉천,17,12
20250510,영등포구청,봉천,18,4
20250510,영등포구청,봉천,19,3
20250510,영등포구청,봉천,20,6
20250510,영등포구청,봉천,21,9
20250510,영등포구청,봉천,22,5
20250510,영등포구청,봉천,23,8
20250510,영등포구청,사당,5,5
20250510,영등포구청,사당,6,12
20250510,영등포구청,사당,7,8
20250510,영등포구청,사당,8,9
20250510,영등포구청,사당,9,6
20250510,영등포구청,사당,10,13
20250510,영등포구청,사당,11,6
20250510,영등포구청,사당,12,15
20250510,영등포구청,사당,13,17
20250510,영등포구청,사당,14,17
20250510,영등포구청,사당,15,31
20250510,영등포구청,사당,16,16
20250510,영등포구청,사당,17,26
20250510,영등포구청,사당,18,12
20250510,영등포구청,사당,19,15
20250510,영등포구청,사당,20,14
20250510,영등포구청,사당,21,7
20250510,영등포구청,사당,22,8
20250510,영등포구청,사당,23,5
20250510,영등포구청,삼성(무역센터),5,3
20250510,영등포구청,삼성(무역센터),6,3
20250510,영등포구청,삼성(무역센터),7,3
20250510,영등포구청,삼성(무역센터),8,5
20250510,영등포구청,삼성(무역센터),9,1
20250510,영등포구청,삼성(무역센터),10,10
20250510,영등포구청,삼성(무역센터),11,9
20250510,영등포구청,삼성(무역센터),12,37
20250510,영등포구청,삼성(무역센터),13,7
20250510,영등포구청,삼성(무역센터),14,10
20250510,영등포구청,삼성(무역센터),15,6
20250510,영등포구청,삼성(무역센터),16,2
20250510,영등포구청,삼성(무역센터),17,2
20250510,영등포구청,삼성(무역센터),19,2
20250510,영등포구청,삼성(무역센터),20,3
20250510,영등포구청,삼성(무역센터),21,2
20250510,영등포구청,상왕십리,7,4
20250510,영등포구청,상왕십리,8,4
20250510,영등포구청,상왕십리,9,1
20250510,영등포구청,상왕십리,11,1
20250510,영등포구청,상왕십리,12,4
20250510,영등포구청,상왕십리,13,6
20250510,영등포구청,상왕십리,14,3
20250510,영등포구청,상왕십리,15,4
20250510,영등포구청,상왕십리,16,3
20250510,영등포구청,상왕십리,18,2
20250510,영등포구청,상왕십리,19,6
20250510,영등포구청,상왕십리,20,2
20250510,영등포구청,상왕십리,21,1
20250510,영등포구청,상왕십리,22,1
20250510,영등포구청,상왕십리,23,1
20250510,영등포구청,서울대입구(관악구청),5,2
20250510,영등포구청,서울대입구(관악구청),6,3
20250510,영등포구청,서울대입구(관악구청),7,3
20250510,영등포구청,서울대입구(관악구청),8,11
20250510,영등포구청,서울대입구(관악구청),9,8
20250510,영등포구청,서울대입구(관악구청),10,10
20250510,영등포구청,서울대입구(관악구청),11,9
20250510,영등포구청,서울대입구(관악구청),12,11
20250510,영등포구청,서울대입구(관악구청),13,9
20250510,영등포구청,서울대입구(관악구청),14,16
20250510,영등포구청,서울대입구(관악구청),15,14
20250510,영등포구청,서울대입구(관악구청),16,15
20250510,영등포구청,서울대입구(관악구청),17,22
20250510,영등포구청,서울대입구(관악구청),18,19
20250510,영등포구청,서울대입구(관악구청),19,14
20250510,영등포구청,서울대입구(관악구청),20,11
20250510,영등포구청,서울대입구(관악구청),21,19
20250510,영등포구청,서울대입구(관악구청),22,17
20250510,영등포구청,서울대입구(관악구청),23,16
20250510,영등포구청,서초,5,1
20250510,영등포구청,서초,6,2
20250510,영등포구청,서초,7,7
20250510,영등포구청,서초,8,4
20250510,영등포구청,서초,9,5
20250510,영등포구청,서초,10,4
20250510,영등포구청,서초,11,3
20250510,영등포구청,서초,12,4
20250510,영등포구청,서초,13,7
20250510,영등포구청,서초,14,4
20250510,영등포구청,서초,15,7
20250510,영등포구청,서초,16,1
20250510,영등포구청,서초,17,9
20250510,영등포구청,서초,18,2
20250510,영등포구청,서초,19,3
20250510,영등포구청,서초,20,1
20250510,영등포구청,서초,21,1
20250510,영등포구청,선릉,5,2
20250510,영등포구청,선릉,6,1
20250510,영등포구청,선릉,7,4
20250510,영등포구청,선릉,8,7
20250510,영등포구청,선릉,9,3
20250510,영등포구청,선릉,10,12
20250510,영등포구청,선릉,11,9
20250510,영등포구청,선릉,12,9
20250510,영등포구청,선릉,13,8
20250510,영등포구청,선릉,14,7
20250510,영등포구청,선릉,15,4
20250510,영등포구청,선릉,16,2
20250510,영등포구청,선릉,17,3
20250510,영등포구청,선릉,18,2
20250510,영등포구청,선릉,19,2
20250510,영등포구청,선릉,20,2
20250510,영등포구청,선릉,21,2
20250510,영등포구청,선릉,22,1
20250510,영등포구청,성수,5,1
20250510,영등포구청,성수,6,2
20250510,영등포구청,성수,7,1
20250510,영등포구청,성수,8,4
20250510,영등포구청,성수,9,9
20250510,영등포구청,성수,10,7
20250510,영등포구청,성수,11,11
20250510,영등포구청,성수,12,9
20250510,영등포구청,성수,13,6
20250510,영등포구청,성수,14,9
20250510,영등포구청,성수,15,2
20250510,영등포구청,성수,16,12
20250510,영등포구청,성수,17,2
20250510,영등포구청,성수,18,1
20250510,영등포구청,성수,20,2
20250510,영등포구청,성수,21,1
20250510,영등포구청,성수,22,1
20250510,영등포구청,성수,23,6
20250510,영등포구청,시청,5,1
20250510,영등포구청,시청,6,5
20250510,영등포구청,시청,7,3
20250510,영등포구청,시청,8,8
20250510,영등포구청,시청,9,9
20250510,영등포구청,시청,10,7
20250510,영등포구청,시청,11,14
20250510,영등포구청,시청,12,14
20250510,영등포구청,시청,13,17
20250510,영등포구청,시청,14,8
20250510,영등포구청,시청,15,3
20250510,영등포구청,시청,16,4
20250510,영등포구청,시청,17,4
20250510,영등포구청,시청,18,3
20250510,영등포구청,시청,19,3
20250510,영등포구청,시청,23,3
20250510,영등포구청,신당,5,1
20250510,영등포구청,신당,6,1
20250510,영등포구청,신당,7,3
20250510,영등포구청,신당,8,2
20250510,영등포구청,신당,9,1
20250510,영등포구청,신당,10,1
20250510,영등포구청,신당,11,3
20250510,영등포구청,신당,12,3
20250510,영등포구청,신당,13,4
20250510,영등포구청,신당,14,3
20250510,영등포구청,신당,15,3
20250510,영등포구청,신당,16,4
20250510,영등포구청,신당,17,2
20250510,영등포구청,신당,18,3
20250510,영등포구청,신당,19,5
20250510,영등포구청,신당,20,6
20250510,영등포구청,신당,22,2
20250510,영등포구청,신당,23,1
20250510,영등포구청,신대방,5,1
20250510,영등포구청,신대방,6,3
20250510,영등포구청,신대방,8,8
20250510,영등포구청,신대방,9,3
20250510,영등포구청,신대방,10,6
20250510,영등포구청,신대방,11,12
20250510,영등포구청,신대방,12,9
20250510,영등포구청,신대방,13,7
20250510,영등포구청,신대방,14,13
20250510,영등포구청,신대방,15,20
20250510,영등포구청,신대방,16,12
20250510,영등포구청,신대방,17,13
20250510,영등포구청,신대방,18,19
20250510,영등포구청,신대방,19,17
20250510,영등포구청,신대방,20,19
20250510,영등포구청,신대방,21,22
20250510,영등포구청,신대방,22,10
20250510,영등포구청,신대방,23,10
20250510,영등포구청,신도림,5,2
20250510,영등포구청,신도림,6,7
20250510,영등포구청,신도림,7,5
20250510,영등포구청,신도림,8,7
20250510,영등포구청,신도림,9,17
20250510,영등포구청,신도림,10,21
20250510,영등포구청,신도림,11,31
20250510,영등포구청,신도림,12,40
20250510,영등포구청,신도림,13,38
20250510,영등포구청,신도림,14,39
20250510,영등포구청,신도림,15,34
20250510,영등포구청,신도림,16,51
20250510,영등포구청,신도림,17,39
20250510,영등포구청,신도림,18,27
20250510,영등포구청,신도림,19,28
20250510,영등포구청,신도림,20,22
20250510,영등포구청,신도림,21,26
20250510,영등포구청,신도림,22,12
20250510,영등포구청,신도림,23,26
20250510,영등포구청,신림,6,2
20250510,영등포구청,신림,7,7
20250510,영등포구청,신림,8,16
20250510,영등포구청,신림,9,10
20250510,영등포구청,신림,10,11
20250510,영등포구청,신림,11,14
20250510,영등포구청,신림,12,15
20250510,영등포구청,신림,13,20
20250510,영등포구청,신림,14,27
20250510,영등포구청,신림,15,31
20250510,영등포구청,신림,16,37
20250510,영등포구청,신림,17,21
20250510,영등포구청,신림,18,29
20250510,영등포구청,신림,19,27
20250510,영등포구청,신림,20,43
20250510,영등포구청,신림,21,32
20250510,영등포구청,신림,22,16
20250510,영등포구청,신림,23,19
20250510,영등포구청,신촌,5,1
20250510,영등포구청,신촌,6,1
20250510,영등포구청,신촌,7,8
20250510,영등포구청,신촌,8,17
20250510,영등포구청,신촌,9,26
20250510,영등포구청,신촌,10,21
20250510,영등포구청,신촌,11,15
20250510,영등포구청,신촌,12,27
20250510,영등포구청,신촌,13,20
20250510,영등포구청,신촌,14,27
20250510,영등포구청,신촌,15,10
20250510,영등포구청,신촌,16,18
20250510,영등포구청,신촌,17,16
20250510,영등포구청,신촌,18,19
20250510,영등포구청,신촌,19,15
20250510,영등포구청,신촌,20,10
20250510,영등포구청,신촌,21,9
20250510,영등포구청,신촌,22,6
20250510,영등포구청,신촌,23,7
20250510,영등포구청,아현,5,1
20250510,영등포구청,아현,7,2
20250510,영등포구청,아현,8,4
20250510,영등포구청,아현,9,3
20250510,영등포구청,아현,10,2
20250510,영등포구청,아현,11,5
20250510,영등포구청,아현,12,4
20250510,영등포구청,아현,13,2
20250510,영등포구청,아현,14,4
20250510,영등포구청,아현,15,6
20250510,영등포구청,아현,16,4
20250510,영등포구청,아현,17,8
20250510,영등포구청,아현,18,6
20250510,영등포구청,아현,19,4
20250510,영등포구청,아현,20,5
20250510,영등포구청,아현,21,3
20250510,영등포구청,아현,22,6
20250510,영등포구청,아현,23,1
20250510,영등포구청,역삼,7,3
20250510,영등포구청,역삼,8,6
20250510,영등포구청,역삼,9,13
20250510,영등포구청,역삼,10,7
20250510,영등포구청,역삼,11,3
20250510,영등포구청,역삼,12,11
20250510,영등포구청,역삼,13,12
20250510,영등포구청,역삼,14,5
20250510,영등포구청,역삼,15,5
20250510,영등포구청,역삼,16,7
20250510,영등포구청,역삼,17,5
20250510,영등포구청,역삼,18,10
20250510,영등포구청,역삼,19,2
20250510,영등포구청,역삼,20,7
20250510,영등포구청,역삼,21,3
20250510,영등포구청,영등포구청,0,2
20250510,영등포구청,영등포구청,5,10
20250510,영등포구청,영등포구청,6,11
20250510,영등포구청,영등포구청,7,12
20250510,영등포구청,영등포구청,8,9
20250510,영등포구청,영등포구청,9,11
20250510,영등포구청,영등포구청,10,33
20250510,영등포구청,영등포구청,11,18
20250510,영등포구청,영등포구청,12,28
20250510,영등포구청,영등포구청,13,29
20250510,영등포구청,영등포구청,14,42
20250510,영등포구청,영등포구청,15,17
20250510,영등포구청,영등포구청,16,32
20250510,영등포구청,영등포구청,17,31
20250510,영등포구청,영등포구청,18,25
20250510,영등포구청,영등포구청,19,19
20250510,영등포구청,영등포구청,20,20
20250510,영등포구청,영등포구청,21,14
20250510,영등포구청,영등포구청,22,6
20250510,영등포구청,영등포구청,23,19
20250510,영등포구청,왕십리(성동구청),7,3
20250510,영등포구청,왕십리(성동구청),8,1
20250510,영등포구청,왕십리(성동구청),9,5
20250510,영등포구청,왕십리(성동구청),10,2
20250510,영등포구청,왕십리(성동구청),11,1
20250510,영등포구청,왕십리(성동구청),12,4
20250510,영등포구청,왕십리(성동구청),13,5
20250510,영등포구청,왕십리(성동구청),14,1
20250510,영등포구청,왕십리(성동구청),15,4
20250510,영등포구청,왕십리(성동구청),16,6
20250510,영등포구청,왕십리(성동구청),17,3
20250510,영등포구청,왕십리(성동구청),18,4
20250510,영등포구청,왕십리(성동구청),19,1
20250510,영등포구청,왕십리(성동구청),20,6
20250510,영등포구청,왕십리(성동구청),21,1
20250510,영등포구청,왕십리(성동구청),23,2
20250510,영등포구청,용두(동대문구청),9,1
20250510,영등포구청,용두(동대문구청),16,1
20250510,영등포구청,을지로3가,7,4
20250510,영등포구청,을지로3가,8,2
20250510,영등포구청,을지로3가,9,4
20250510,영등포구청,을지로3가,10,2
20250510,영등포구청,을지로3가,11,5
20250510,영등포구청,을지로3가,12,10
20250510,영등포구청,을지로3가,13,8
20250510,영등포구청,을지로3가,14,4
20250510,영등포구청,을지로3가,15,8
20250510,영등포구청,을지로3가,16,5
20250510,영등포구청,을지로3가,17,13
20250510,영등포구청,을지로3가,18,1
20250510,영등포구청,을지로3가,19,10
20250510,영등포구청,을지로3가,20,3
20250510,영등포구청,을지로3가,22,3
20250510,영등포구청,을지로3가,23,1
20250510,영등포구청,을지로4가,5,1
20250510,영등포구청,을지로4가,6,5
20250510,영등포구청,을지로4가,7,2
20250510,영등포구청,을지로4가,8,3
20250510,영등포구청,을지로4가,9,2
20250510,영등포구청,을지로4가,10,5
20250510,영등포구청,을지로4가,11,8
20250510,영등포구청,을지로4가,12,3
20250510,영등포구청,을지로4가,13,8
20250510,영등포구청,을지로4가,14,2
20250510,영등포구청,을지로4가,15,9
20250510,영등포구청,을지로4가,16,5
20250510,영등포구청,을지로4가,18,1
20250510,영등포구청,을지로4가,20,2
20250510,영등포구청,을지로입구,5,5
20250510,영등포구청,을지로입구,6,8
20250510,영등포구청,을지로입구,7,7
20250510,영등포구청,을지로입구,8,15
20250510,영등포구청,을지로입구,9,23
20250510,영등포구청,을지로입구,10,22
20250510,영등포구청,을지로입구,11,19
20250510,영등포구청,을지로입구,12,24
20250510,영등포구청,을지로입구,13,35
20250510,영등포구청,을지로입구,14,8
20250510,영등포구청,을지로입구,15,16
20250510,영등포구청,을지로입구,16,15
20250510,영등포구청,을지로입구,17,12
20250510,영등포구청,을지로입구,18,10
20250510,영등포구청,을지로입구,19,4
20250510,영등포구청,을지로입구,20,3
20250510,영등포구청,을지로입구,21,6
20250510,영등포구청,을지로입구,22,6
20250510,영등포구청,을지로입구,23,6
20250510,영등포구청,이대,5,1
20250510,영등포구청,이대,6,3
20250510,영등포구청,이대,7,1
20250510,영등포구청,이대,8,8
20250510,영등포구청,이대,9,8
20250510,영등포구청,이대,10,9
20250510,영등포구청,이대,11,6
20250510,영등포구청,이대,12,8
20250510,영등포구청,이대,13,7
20250510,영등포구청,이대,14,5
20250510,영등포구청,이대,15,4
20250510,영등포구청,이대,16,4
20250510,영등포구청,이대,17,10
20250510,영등포구청,이대,18,7
20250510,영등포구청,이대,19,4
20250510,영등포구청,이대,20,3
20250510,영등포구청,이대,21,3
20250510,영등포구청,이대,22,9
20250510,영등포구청,이대,23,1
20250510,영등포구청,잠실(송파구청),4,1
20250510,영등포구청,잠실(송파구청),6,1
20250510,영등포구청,잠실(송파구청),7,5
20250510,영등포구청,잠실(송파구청),8,6
20250510,영등포구청,잠실(송파구청),9,8
20250510,영등포구청,잠실(송파구청),10,7
20250510,영등포구청,잠실(송파구청),11,10
20250510,영등포구청,잠실(송파구청),12,22
20250510,영등포구청,잠실(송파구청),13,13
20250510,영등포구청,잠실(송파구청),14,8
20250510,영등포구청,잠실(송파구청),15,11
20250510,영등포구청,잠실(송파구청),16,12
20250510,영등포구청,잠실(송파구청),17,16
20250510,영등포구청,잠실(송파구청),18,10
20250510,영등포구청,잠실(송파구청),19,2
20250510,영등포구청,잠실(송파구청),20,8
20250510,영등포구청,잠실(송파구청),21,3
20250510,영등포구청,잠실(송파구청),22,4
20250510,영등포구청,잠실(송파구청),23,1
20250510,영등포구청,잠실나루,5,1
20250510,영등포구청,잠실나루,6,1
20250510,영등포구청,잠실나루,13,1
20250510,영등포구청,잠실나루,14,1
20250510,영등포구청,잠실나루,16,1
20250510,영등포구청,잠실나루,19,2
20250510,영등포구청,잠실나루,20,1
20250510,영등포구청,잠실나루,22,1
20250510,영등포구청,잠실나루,23,1
20250510,영등포구청,잠실새내,5,1
20250510,영등포구청,잠실새내,7,4
20250510,영등포구청,잠실새내,10,1
20250510,영등포구청,잠실새내,11,3
20250510,영등포구청,잠실새내,12,2
20250510,영등포구청,잠실새내,15,3
20250510,영등포구청,잠실새내,16,3
20250510,영등포구청,잠실새내,17,1
20250510,영등포구청,잠실새내,18,2
20250510,영등포구청,잠실새내,19,1
20250510,영등포구청,잠실새내,20,2
20250510,영등포구청,잠실새내,21,3
20250510,영등포구청,종합운동장,5,2
20250510,영등포구청,종합운동장,6,2
20250510,영등포구청,종합운동장,7,2
20250510,영등포구청,종합운동장,8,1
20250510,영등포구청,종합운동장,9,1
20250510,영등포구청,종합운동장,10,3
20250510,영등포구청,종합운동장,11,1
20250510,영등포구청,종합운동장,12,2
20250510,영등포구청,종합운동장,14,2
20250510,영등포구청,종합운동장,15,9
20250510,영등포구청,종합운동장,16,1
20250510,영등포구청,종합운동장,17,2
20250510,영등포구청,종합운동장,18,3
20250510,영등포구청,종합운동장,19,1
20250510,영등포구청,종합운동장,22,1
20250510,영등포구청,충정로(경기대입구),5,2
20250510,영등포구청,충정로(경기대입구),6,1
20250510,영등포구청,충정로(경기대입구),7,1
20250510,영등포구청,충정로(경기대입구),8,1
20250510,영등포구청,충정로(경기대입구),9,3
20250510,영등포구청,충정로(경기대입구),10,1
20250510,영등포구청,충정로(경기대입구),12,2
20250510,영등포구청,충정로(경기대입구),13,3
20250510,영등포구청,충정로(경기대입구),14,4
20250510,영등포구청,충정로(경기대입구),15,2
20250510,영등포구청,충정로(경기대입구),16,3
20250510,영등포구청,충정로(경기대입구),17,6
20250510,영등포구청,충정로(경기대입구),18,4
20250510,영등포구청,충정로(경기대입구),19,1
20250510,영등포구청,충정로(경기대입구),20,5
20250510,영등포구청,충정로(경기대입구),21,1
20250510,영등포구청,충정로(경기대입구),22,2
20250510,영등포구청,충정로(경기대입구),23,1
20250510,영등포구청,한양대,8,2
20250510,영등포구청,한양대,10,2
20250510,영등포구청,한양대,12,1
20250510,영등포구청,한양대,13,2
20250510,영등포구청,한양대,15,2
20250510,영등포구청,한양대,16,3
20250510,영등포구청,한양대,18,1
20250510,영등포구청,한양대,21,2
20250510,영등포구청,합정,5,3
20250510,영등포구청,합정,6,1
20250510,영등포구청,합정,7,6
20250510,영등포구청,합정,8,14
20250510,영등포구청,합정,9,22
20250510,영등포구청,합정,10,15
20250510,영등포구청,합정,11,32
20250510,영등포구청,합정,12,26
20250510,영등포구청,합정,13,44
20250510,영등포구청,합정,14,29
20250510,영등포구청,합정,15,47
20250510,영등포구청,합정,16,46
20250510,영등포구청,합정,17,28
20250510,영등포구청,합정,18,41
20250510,영등포구청,합정,19,41
20250510,영등포구청,합정,20,21
20250510,영등포구청,합정,21,10
20250510,영등포구청,합정,22,15
20250510,영등포구청,합정,23,12
20250510,영등포구청,홍대입구,6,3
20250510,영등포구청,홍대입구,7,11
20250510,영등포구청,홍대입구,8,13
20250510,영등포구청,홍대입구,9,29
20250510,영등포구청,홍대입구,10,24
20250510,영등포구청,홍대입구,11,36
20250510,영등포구청,홍대입구,12,53
20250510,영등포구청,홍대입구,13,43
20250510,영등포구청,홍대입구,14,52
20250510,영등포구청,홍대입구,15,41
20250510,영등포구청,홍대입구,16,40
20250510,영등포구청,홍대입구,17,50
20250510,영등포구청,홍대입구,18,43
20250510,영등포구청,홍대입구,19,30
20250510,영등포구청,홍대입구,20,33
20250510,영등포구청,홍대입구,21,14
20250510,영등포구청,홍대입구,22,13
20250510,영등포구청,홍대입구,23,14
20250510,왕십리(성동구청),강남,6,1
20250510,왕십리(성동구청),강남,7,3
20250510,왕십리(성동구청),강남,8,14
20250510,왕십리(성동구청),강남,9,17
20250510,왕십리(성동구청),강남,10,12
20250510,왕십리(성동구청),강남,11,17
20250510,왕십리(성동구청),강남,12,10
20250510,왕십리(성동구청),강남,13,13
20250510,왕십리(성동구청),강남,14,13
20250510,왕십리(성동구청),강남,15,14
20250510,왕십리(성동구청),강남,16,13
20250510,왕십리(성동구청),강남,17,20
20250510,왕십리(성동구청),강남,18,11
20250510,왕십리(성동구청),강남,19,3
20250510,왕십리(성동구청),강남,20,11
20250510,왕십리(성동구청),강남,21,3
20250510,왕십리(성동구청),강남,22,5
20250510,왕십리(성동구청),강변(동서울터미널),5,9
20250510,왕십리(성동구청),강변(동서울터미널),6,9
20250510,왕십리(성동구청),강변(동서울터미널),7,12
20250510,왕십리(성동구청),강변(동서울터미널),8,17
20250510,왕십리(성동구청),강변(동서울터미널),9,15
20250510,왕십리(성동구청),강변(동서울터미널),10,7
20250510,왕십리(성동구청),강변(동서울터미널),11,9
20250510,왕십리(성동구청),강변(동서울터미널),12,9
20250510,왕십리(성동구청),강변(동서울터미널),13,14
20250510,왕십리(성동구청),강변(동서울터미널),14,19
20250510,왕십리(성동구청),강변(동서울터미널),15,16
20250510,왕십리(성동구청),강변(동서울터미널),16,17
20250510,왕십리(성동구청),강변(동서울터미널),17,21
20250510,왕십리(성동구청),강변(동서울터미널),18,10
20250510,왕십리(성동구청),강변(동서울터미널),19,9
20250510,왕십리(성동구청),강변(동서울터미널),20,13
20250510,왕십리(성동구청),강변(동서울터미널),21,10
20250510,왕십리(성동구청),강변(동서울터미널),22,11
20250510,왕십리(성동구청),강변(동서울터미널),23,9
20250510,왕십리(성동구청),건대입구,5,3
20250510,왕십리(성동구청),건대입구,7,4
20250510,왕십리(성동구청),건대입구,8,10
20250510,왕십리(성동구청),건대입구,9,12
20250510,왕십리(성동구청),건대입구,10,24
20250510,왕십리(성동구청),건대입구,11,26
20250510,왕십리(성동구청),건대입구,12,20
20250510,왕십리(성동구청),건대입구,13,38
20250510,왕십리(성동구청),건대입구,14,21
20250510,왕십리(성동구청),건대입구,15,55
20250510,왕십리(성동구청),건대입구,16,41
20250510,왕십리(성동구청),건대입구,17,25
20250510,왕십리(성동구청),건대입구,18,30
20250510,왕십리(성동구청),건대입구,19,39
20250510,왕십리(성동구청),건대입구,20,22
20250510,왕십리(성동구청),건대입구,21,40
20250510,왕십리(성동구청),건대입구,22,26
20250510,왕십리(성동구청),건대입구,23,22
20250510,왕십리(성동구청),교대(법원.검찰청),8,3
20250510,왕십리(성동구청),교대(법원.검찰청),9,4
20250510,왕십리(성동구청),교대(법원.검찰청),10,2
20250510,왕십리(성동구청),교대(법원.검찰청),11,2
20250510,왕십리(성동구청),교대(법원.검찰청),12,3
20250510,왕십리(성동구청),교대(법원.검찰청),13,1
20250510,왕십리(성동구청),교대(법원.검찰청),14,5
20250510,왕십리(성동구청),교대(법원.검찰청),15,2
20250510,왕십리(성동구청),교대(법원.검찰청),16,2
20250510,왕십리(성동구청),교대(법원.검찰청),17,1
20250510,왕십리(성동구청),교대(법원.검찰청),18,2
20250510,왕십리(성동구청),교대(법원.검찰청),19,3
20250510,왕십리(성동구청),교대(법원.검찰청),21,4
20250510,왕십리(성동구청),교대(법원.검찰청),22,1
20250510,왕십리(성동구청),구로디지털단지,5,1
20250510,왕십리(성동구청),구로디지털단지,6,3
20250510,왕십리(성동구청),구로디지털단지,7,2
20250510,왕십리(성동구청),구로디지털단지,8,9
20250510,왕십리(성동구청),구로디지털단지,9,1
20250510,왕십리(성동구청),구로디지털단지,10,4
20250510,왕십리(성동구청),구로디지털단지,11,6
20250510,왕십리(성동구청),구로디지털단지,12,4
20250510,왕십리(성동구청),구로디지털단지,13,8
20250510,왕십리(성동구청),구로디지털단지,14,9
20250510,왕십리(성동구청),구로디지털단지,15,3
20250510,왕십리(성동구청),구로디지털단지,16,5
20250510,왕십리(성동구청),구로디지털단지,17,4
20250510,왕십리(성동구청),구로디지털단지,18,5
20250510,왕십리(성동구청),구로디지털단지,19,7
20250510,왕십리(성동구청),구로디지털단지,20,11
20250510,왕십리(성동구청),구로디지털단지,21,5
20250510,왕십리(성동구청),구로디지털단지,22,12
20250510,왕십리(성동구청),구로디지털단지,23,2
20250510,왕십리(성동구청),구의(광진구청),5,3
20250510,왕십리(성동구청),구의(광진구청),6,2
20250510,왕십리(성동구청),구의(광진구청),7,9
20250510,왕십리(성동구청),구의(광진구청),8,8
20250510,왕십리(성동구청),구의(광진구청),9,6
20250510,왕십리(성동구청),구의(광진구청),10,8
20250510,왕십리(성동구청),구의(광진구청),11,4
20250510,왕십리(성동구청),구의(광진구청),12,15
20250510,왕십리(성동구청),구의(광진구청),13,16
20250510,왕십리(성동구청),구의(광진구청),14,25
20250510,왕십리(성동구청),구의(광진구청),15,20
20250510,왕십리(성동구청),구의(광진구청),16,20
20250510,왕십리(성동구청),구의(광진구청),17,22
20250510,왕십리(성동구청),구의(광진구청),18,19
20250510,왕십리(성동구청),구의(광진구청),19,9
20250510,왕십리(성동구청),구의(광진구청),20,14
20250510,왕십리(성동구청),구의(광진구청),21,15
20250510,왕십리(성동구청),구의(광진구청),22,19
20250510,왕십리(성동구청),구의(광진구청),23,5
20250510,왕십리(성동구청),낙성대,9,2
20250510,왕십리(성동구청),낙성대,10,2
20250510,왕십리(성동구청),낙성대,12,2
20250510,왕십리(성동구청),낙성대,13,4
20250510,왕십리(성동구청),낙성대,14,3
20250510,왕십리(성동구청),낙성대,16,6
20250510,왕십리(성동구청),낙성대,17,2
20250510,왕십리(성동구청),낙성대,18,2
20250510,왕십리(성동구청),낙성대,19,2
20250510,왕십리(성동구청),낙성대,20,4
20250510,왕십리(성동구청),낙성대,21,1
20250510,왕십리(성동구청),낙성대,22,3
20250510,왕십리(성동구청),낙성대,23,2
20250510,왕십리(성동구청),당산,5,3
20250510,왕십리(성동구청),당산,6,1
20250510,왕십리(성동구청),당산,8,5
20250510,왕십리(성동구청),당산,9,3
20250510,왕십리(성동구청),당산,10,3
20250510,왕십리(성동구청),당산,11,2
20250510,왕십리(성동구청),당산,12,2
20250510,왕십리(성동구청),당산,13,6
20250510,왕십리(성동구청),당산,14,3
20250510,왕십리(성동구청),당산,15,6
20250510,왕십리(성동구청),당산,16,6
20250510,왕십리(성동구청),당산,17,5
20250510,왕십리(성동구청),당산,18,1
20250510,왕십리(성동구청),당산,19,1
20250510,왕십리(성동구청),당산,20,2
20250510,왕십리(성동구청),당산,21,5
20250510,왕십리(성동구청),당산,22,11
20250510,왕십리(성동구청),당산,23,7
20250510,왕십리(성동구청),대림(구로구청),7,1
20250510,왕십리(성동구청),대림(구로구청),8,1
20250510,왕십리(성동구청),대림(구로구청),9,6
20250510,왕십리(성동구청),대림(구로구청),10,2
20250510,왕십리(성동구청),대림(구로구청),11,3
20250510,왕십리(성동구청),대림(구로구청),12,1
20250510,왕십리(성동구청),대림(구로구청),13,3
20250510,왕십리(성동구청),대림(구로구청),14,3
20250510,왕십리(성동구청),대림(구로구청),15,7
20250510,왕십리(성동구청),대림(구로구청),16,5
20250510,왕십리(성동구청),대림(구로구청),17,1
20250510,왕십리(성동구청),대림(구로구청),18,1
20250510,왕십리(성동구청),대림(구로구청),19,3
20250510,왕십리(성동구청),대림(구로구청),20,3
20250510,왕십리(성동구청),대림(구로구청),21,4
20250510,왕십리(성동구청),대림(구로구청),22,3
20250510,왕십리(성동구청),동대문역사문화공원,5,1
20250510,왕십리(성동구청),동대문역사문화공원,6,4
20250510,왕십리(성동구청),동대문역사문화공원,8,12
20250510,왕십리(성동구청),동대문역사문화공원,9,10
20250510,왕십리(성동구청),동대문역사문화공원,10,11
20250510,왕십리(성동구청),동대문역사문화공원,11,19
20250510,왕십리(성동구청),동대문역사문화공원,12,14
20250510,왕십리(성동구청),동대문역사문화공원,13,13
20250510,왕십리(성동구청),동대문역사문화공원,14,13
20250510,왕십리(성동구청),동대문역사문화공원,15,24
20250510,왕십리(성동구청),동대문역사문화공원,16,13
20250510,왕십리(성동구청),동대문역사문화공원,17,24
20250510,왕십리(성동구청),동대문역사문화공원,18,12
20250510,왕십리(성동구청),동대문역사문화공원,19,2
20250510,왕십리(성동구청),동대문역사문화공원,20,5
20250510,왕십리(성동구청),동대문역사문화공원,21,6
20250510,왕십리(성동구청),동대문역사문화공원,22,5
20250510,왕십리(성동구청),동대문역사문화공원,23,4
20250510,왕십리(성동구청),뚝섬,5,5
20250510,왕십리(성동구청),뚝섬,6,2
20250510,왕십리(성동구청),뚝섬,7,4
20250510,왕십리(성동구청),뚝섬,8,9
20250510,왕십리(성동구청),뚝섬,9,15
20250510,왕십리(성동구청),뚝섬,10,18
20250510,왕십리(성동구청),뚝섬,11,23
20250510,왕십리(성동구청),뚝섬,12,30
20250510,왕십리(성동구청),뚝섬,13,44
20250510,왕십리(성동구청),뚝섬,14,27
20250510,왕십리(성동구청),뚝섬,15,37
20250510,왕십리(성동구청),뚝섬,16,44
20250510,왕십리(성동구청),뚝섬,17,31
20250510,왕십리(성동구청),뚝섬,18,18
20250510,왕십리(성동구청),뚝섬,19,21
20250510,왕십리(성동구청),뚝섬,20,13
20250510,왕십리(성동구청),뚝섬,21,8
20250510,왕십리(성동구청),뚝섬,22,7
20250510,왕십리(성동구청),뚝섬,23,2
20250510,왕십리(성동구청),문래,5,1
20250510,왕십리(성동구청),문래,7,3
20250510,왕십리(성동구청),문래,8,2
20250510,왕십리(성동구청),문래,9,1
20250510,왕십리(성동구청),문래,10,3
20250510,왕십리(성동구청),문래,11,9
20250510,왕십리(성동구청),문래,12,3
20250510,왕십리(성동구청),문래,13,2
20250510,왕십리(성동구청),문래,15,5
20250510,왕십리(성동구청),문래,16,8
20250510,왕십리(성동구청),문래,17,7
20250510,왕십리(성동구청),문래,18,2
20250510,왕십리(성동구청),문래,20,1
20250510,왕십리(성동구청),문래,21,2
20250510,왕십리(성동구청),문래,22,1
20250510,왕십리(성동구청),문래,23,1
20250510,왕십리(성동구청),방배,7,1
20250510,왕십리(성동구청),방배,8,2
20250510,왕십리(성동구청),방배,9,1
20250510,왕십리(성동구청),방배,11,2
20250510,왕십리(성동구청),방배,12,1
20250510,왕십리(성동구청),방배,13,1
20250510,왕십리(성동구청),방배,14,2
20250510,왕십리(성동구청),방배,15,1
20250510,왕십리(성동구청),방배,16,1
20250510,왕십리(성동구청),방배,17,1
20250510,왕십리(성동구청),방배,18,1
20250510,왕십리(성동구청),방배,20,1
20250510,왕십리(성동구청),방배,22,1
20250510,왕십리(성동구청),방배,23,1
20250510,왕십리(성동구청),봉천,5,2
20250510,왕십리(성동구청),봉천,7,2
20250510,왕십리(성동구청),봉천,9,1
20250510,왕십리(성동구청),봉천,12,1
20250510,왕십리(성동구청),봉천,14,1
20250510,왕십리(성동구청),봉천,16,3
20250510,왕십리(성동구청),봉천,17,4
20250510,왕십리(성동구청),봉천,19,1
20250510,왕십리(성동구청),봉천,20,4
20250510,왕십리(성동구청),봉천,21,3
20250510,왕십리(성동구청),봉천,22,5
20250510,왕십리(성동구청),봉천,23,1
20250510,왕십리(성동구청),사당,5,1
20250510,왕십리(성동구청),사당,6,1
20250510,왕십리(성동구청),사당,7,1
20250510,왕십리(성동구청),사당,8,2
20250510,왕십리(성동구청),사당,9,4
20250510,왕십리(성동구청),사당,10,3
20250510,왕십리(성동구청),사당,11,1
20250510,왕십리(성동구청),사당,12,7
20250510,왕십리(성동구청),사당,13,3
20250510,왕십리(성동구청),사당,14,4
20250510,왕십리(성동구청),사당,15,6
20250510,왕십리(성동구청),사당,16,16
20250510,왕십리(성동구청),사당,17,6
20250510,왕십리(성동구청),사당,18,10
20250510,왕십리(성동구청),사당,19,5
20250510,왕십리(성동구청),사당,20,1
20250510,왕십리(성동구청),사당,21,3
20250510,왕십리(성동구청),사당,22,8
20250510,왕십리(성동구청),사당,23,2
20250510,왕십리(성동구청),삼성(무역센터),5,5
20250510,왕십리(성동구청),삼성(무역센터),6,4
20250510,왕십리(성동구청),삼성(무역센터),7,2
20250510,왕십리(성동구청),삼성(무역센터),8,5
20250510,왕십리(성동구청),삼성(무역센터),9,12
20250510,왕십리(성동구청),삼성(무역센터),10,17
20250510,왕십리(성동구청),삼성(무역센터),11,12
20250510,왕십리(성동구청),삼성(무역센터),12,13
20250510,왕십리(성동구청),삼성(무역센터),13,8
20250510,왕십리(성동구청),삼성(무역센터),14,19
20250510,왕십리(성동구청),삼성(무역센터),15,13
20250510,왕십리(성동구청),삼성(무역센터),16,7
20250510,왕십리(성동구청),삼성(무역센터),17,5
20250510,왕십리(성동구청),삼성(무역센터),18,4
20250510,왕십리(성동구청),삼성(무역센터),19,5
20250510,왕십리(성동구청),삼성(무역센터),22,1
20250510,왕십리(성동구청),삼성(무역센터),23,1
20250510,왕십리(성동구청),상왕십리,5,1
20250510,왕십리(성동구청),상왕십리,6,1
20250510,왕십리(성동구청),상왕십리,7,6
20250510,왕십리(성동구청),상왕십리,8,8
20250510,왕십리(성동구청),상왕십리,9,14
20250510,왕십리(성동구청),상왕십리,10,19
20250510,왕십리(성동구청),상왕십리,11,11
20250510,왕십리(성동구청),상왕십리,12,27
20250510,왕십리(성동구청),상왕십리,13,16
20250510,왕십리(성동구청),상왕십리,14,28
20250510,왕십리(성동구청),상왕십리,15,20
20250510,왕십리(성동구청),상왕십리,16,29
20250510,왕십리(성동구청),상왕십리,17,27
20250510,왕십리(성동구청),상왕십리,18,18
20250510,왕십리(성동구청),상왕십리,19,13
20250510,왕십리(성동구청),상왕십리,20,14
20250510,왕십리(성동구청),상왕십리,21,12
20250510,왕십리(성동구청),상왕십리,22,9
20250510,왕십리(성동구청),상왕십리,23,10
20250510,왕십리(성동구청),서울대입구(관악구청),6,1
20250510,왕십리(성동구청),서울대입구(관악구청),8,7
20250510,왕십리(성동구청),서울대입구(관악구청),9,4
20250510,왕십리(성동구청),서울대입구(관악구청),10,1
20250510,왕십리(성동구청),서울대입구(관악구청),11,2
20250510,왕십리(성동구청),서울대입구(관악구청),12,8
20250510,왕십리(성동구청),서울대입구(관악구청),13,1
20250510,왕십리(성동구청),서울대입구(관악구청),14,4
20250510,왕십리(성동구청),서울대입구(관악구청),15,1
20250510,왕십리(성동구청),서울대입구(관악구청),16,8
20250510,왕십리(성동구청),서울대입구(관악구청),17,5
20250510,왕십리(성동구청),서울대입구(관악구청),18,4
20250510,왕십리(성동구청),서울대입구(관악구청),19,2
20250510,왕십리(성동구청),서울대입구(관악구청),20,5
20250510,왕십리(성동구청),서울대입구(관악구청),21,4
20250510,왕십리(성동구청),서울대입구(관악구청),22,5
20250510,왕십리(성동구청),서울대입구(관악구청),23,8
20250510,왕십리(성동구청),서초,5,2
20250510,왕십리(성동구청),서초,6,2
20250510,왕십리(성동구청),서초,8,3
20250510,왕십리(성동구청),서초,9,5
20250510,왕십리(성동구청),서초,10,2
20250510,왕십리(성동구청),서초,11,1
20250510,왕십리(성동구청),서초,12,1
20250510,왕십리(성동구청),서초,13,2
20250510,왕십리(성동구청),서초,14,6
20250510,왕십리(성동구청),서초,15,3
20250510,왕십리(성동구청),서초,16,2
20250510,왕십리(성동구청),서초,17,1
20250510,왕십리(성동구청),서초,20,1
20250510,왕십리(성동구청),서초,21,1
20250510,왕십리(성동구청),서초,22,2
20250510,왕십리(성동구청),선릉,5,1
20250510,왕십리(성동구청),선릉,7,2
20250510,왕십리(성동구청),선릉,8,4
20250510,왕십리(성동구청),선릉,9,1
20250510,왕십리(성동구청),선릉,10,4
20250510,왕십리(성동구청),선릉,13,3
20250510,왕십리(성동구청),선릉,15,1
20250510,왕십리(성동구청),선릉,16,3
20250510,왕십리(성동구청),선릉,17,3
20250510,왕십리(성동구청),선릉,18,4
20250510,왕십리(성동구청),선릉,20,1
20250510,왕십리(성동구청),선릉,21,1
20250510,왕십리(성동구청),선릉,23,2
20250510,왕십리(성동구청),성수,5,3
20250510,왕십리(성동구청),성수,6,2
20250510,왕십리(성동구청),성수,7,16
20250510,왕십리(성동구청),성수,8,14
20250510,왕십리(성동구청),성수,9,20
20250510,왕십리(성동구청),성수,10,34
20250510,왕십리(성동구청),성수,11,35
20250510,왕십리(성동구청),성수,12,47
20250510,왕십리(성동구청),성수,13,49
20250510,왕십리(성동구청),성수,14,51
20250510,왕십리(성동구청),성수,15,57
20250510,왕십리(성동구청),성수,16,44
20250510,왕십리(성동구청),성수,17,43
20250510,왕십리(성동구청),성수,18,35
20250510,왕십리(성동구청),성수,19,27
20250510,왕십리(성동구청),성수,20,16
20250510,왕십리(성동구청),성수,21,6
20250510,왕십리(성동구청),성수,22,7
20250510,왕십리(성동구청),성수,23,14
20250510,왕십리(성동구청),시청,5,1
20250510,왕십리(성동구청),시청,6,3
20250510,왕십리(성동구청),시청,7,3
20250510,왕십리(성동구청),시청,8,4
20250510,왕십리(성동구청),시청,9,6
20250510,왕십리(성동구청),시청,10,4
20250510,왕십리(성동구청),시청,11,7
20250510,왕십리(성동구청),시청,12,10
20250510,왕십리(성동구청),시청,13,4
20250510,왕십리(성동구청),시청,14,5
20250510,왕십리(성동구청),시청,15,3
20250510,왕십리(성동구청),시청,16,2
20250510,왕십리(성동구청),시청,17,4
20250510,왕십리(성동구청),시청,18,4
20250510,왕십리(성동구청),시청,19,11
20250510,왕십리(성동구청),시청,20,1
20250510,왕십리(성동구청),시청,21,2
20250510,왕십리(성동구청),시청,22,2
20250510,왕십리(성동구청),시청,23,4
20250510,왕십리(성동구청),신당,5,1
20250510,왕십리(성동구청),신당,7,5
20250510,왕십리(성동구청),신당,8,3
20250510,왕십리(성동구청),신당,9,7
20250510,왕십리(성동구청),신당,10,17
20250510,왕십리(성동구청),신당,11,21
20250510,왕십리(성동구청),신당,12,21
20250510,왕십리(성동구청),신당,13,18
20250510,왕십리(성동구청),신당,14,20
20250510,왕십리(성동구청),신당,15,14
20250510,왕십리(성동구청),신당,16,23
20250510,왕십리(성동구청),신당,17,28
20250510,왕십리(성동구청),신당,18,16
20250510,왕십리(성동구청),신당,19,9
20250510,왕십리(성동구청),신당,20,9
20250510,왕십리(성동구청),신당,21,9
20250510,왕십리(성동구청),신당,22,7
20250510,왕십리(성동구청),신당,23,10
20250510,왕십리(성동구청),신대방,5,1
20250510,왕십리(성동구청),신대방,7,1
20250510,왕십리(성동구청),신대방,12,2
20250510,왕십리(성동구청),신대방,13,1
20250510,왕십리(성동구청),신대방,15,2
20250510,왕십리(성동구청),신대방,16,4
20250510,왕십리(성동구청),신대방,17,1
20250510,왕십리(성동구청),신대방,18,4
20250510,왕십리(성동구청),신대방,19,5
20250510,왕십리(성동구청),신대방,20,7
20250510,왕십리(성동구청),신대방,21,7
20250510,왕십리(성동구청),신대방,22,5
20250510,왕십리(성동구청),신대방,23,1
20250510,왕십리(성동구청),신도림,5,1
20250510,왕십리(성동구청),신도림,6,3
20250510,왕십리(성동구청),신도림,7,2
20250510,왕십리(성동구청),신도림,8,7
20250510,왕십리(성동구청),신도림,9,7
20250510,왕십리(성동구청),신도림,10,8
20250510,왕십리(성동구청),신도림,11,6
20250510,왕십리(성동구청),신도림,12,3
20250510,왕십리(성동구청),신도림,13,4
20250510,왕십리(성동구청),신도림,15,13
20250510,왕십리(성동구청),신도림,16,7
20250510,왕십리(성동구청),신도림,17,7
20250510,왕십리(성동구청),신도림,18,8
20250510,왕십리(성동구청),신도림,19,8
20250510,왕십리(성동구청),신도림,20,2
20250510,왕십리(성동구청),신도림,21,12
20250510,왕십리(성동구청),신도림,22,8
20250510,왕십리(성동구청),신도림,23,14
20250510,왕십리(성동구청),신림,6,1
20250510,왕십리(성동구청),신림,7,1
20250510,왕십리(성동구청),신림,8,2
20250510,왕십리(성동구청),신림,9,2
20250510,왕십리(성동구청),신림,10,4
20250510,왕십리(성동구청),신림,11,2
20250510,왕십리(성동구청),신림,12,3
20250510,왕십리(성동구청),신림,13,9
20250510,왕십리(성동구청),신림,14,2
20250510,왕십리(성동구청),신림,15,8
20250510,왕십리(성동구청),신림,16,8
20250510,왕십리(성동구청),신림,17,4
20250510,왕십리(성동구청),신림,18,6
20250510,왕십리(성동구청),신림,19,5
20250510,왕십리(성동구청),신림,20,8
20250510,왕십리(성동구청),신림,21,7
20250510,왕십리(성동구청),신림,22,6
20250510,왕십리(성동구청),신촌,4,1
20250510,왕십리(성동구청),신촌,5,3
20250510,왕십리(성동구청),신촌,6,2
20250510,왕십리(성동구청),신촌,7,4
20250510,왕십리(성동구청),신촌,8,6
20250510,왕십리(성동구청),신촌,9,15
20250510,왕십리(성동구청),신촌,10,10
20250510,왕십리(성동구청),신촌,11,17
20250510,왕십리(성동구청),신촌,12,24
20250510,왕십리(성동구청),신촌,13,23
20250510,왕십리(성동구청),신촌,14,24
20250510,왕십리(성동구청),신촌,15,12
20250510,왕십리(성동구청),신촌,16,25
20250510,왕십리(성동구청),신촌,17,15
20250510,왕십리(성동구청),신촌,18,13
20250510,왕십리(성동구청),신촌,19,8
20250510,왕십리(성동구청),신촌,20,9
20250510,왕십리(성동구청),신촌,21,8
20250510,왕십리(성동구청),신촌,22,14
20250510,왕십리(성동구청),신촌,23,10
20250510,왕십리(성동구청),아현,5,1
20250510,왕십리(성동구청),아현,7,4
20250510,왕십리(성동구청),아현,8,5
20250510,왕십리(성동구청),아현,9,2
20250510,왕십리(성동구청),아현,10,1
20250510,왕십리(성동구청),아현,11,4
20250510,왕십리(성동구청),아현,12,4
20250510,왕십리(성동구청),아현,13,1
20250510,왕십리(성동구청),아현,14,2
20250510,왕십리(성동구청),아현,15,1
20250510,왕십리(성동구청),아현,16,7
20250510,왕십리(성동구청),아현,17,4
20250510,왕십리(성동구청),아현,18,3
20250510,왕십리(성동구청),아현,19,1
20250510,왕십리(성동구청),아현,20,4
20250510,왕십리(성동구청),아현,21,5
20250510,왕십리(성동구청),아현,22,4
20250510,왕십리(성동구청),아현,23,5
20250510,왕십리(성동구청),역삼,5,2
20250510,왕십리(성동구청),역삼,6,1
20250510,왕십리(성동구청),역삼,7,3
20250510,왕십리(성동구청),역삼,8,1
20250510,왕십리(성동구청),역삼,9,1
20250510,왕십리(성동구청),역삼,10,6
20250510,왕십리(성동구청),역삼,11,1
20250510,왕십리(성동구청),역삼,12,8
20250510,왕십리(성동구청),역삼,13,1
20250510,왕십리(성동구청),역삼,14,1
20250510,왕십리(성동구청),역삼,15,4
20250510,왕십리(성동구청),역삼,17,4
20250510,왕십리(성동구청),역삼,18,2
20250510,왕십리(성동구청),역삼,19,1
20250510,왕십리(성동구청),역삼,22,3
20250510,왕십리(성동구청),영등포구청,5,1
20250510,왕십리(성동구청),영등포구청,7,1
20250510,왕십리(성동구청),영등포구청,8,2
20250510,왕십리(성동구청),영등포구청,10,4
20250510,왕십리(성동구청),영등포구청,11,2
20250510,왕십리(성동구청),영등포구청,12,4
20250510,왕십리(성동구청),영등포구청,13,2
20250510,왕십리(성동구청),영등포구청,14,2
20250510,왕십리(성동구청),영등포구청,16,2
20250510,왕십리(성동구청),영등포구청,17,4
20250510,왕십리(성동구청),영등포구청,18,2
20250510,왕십리(성동구청),영등포구청,19,1
20250510,왕십리(성동구청),영등포구청,20,1
20250510,왕십리(성동구청),영등포구청,21,3
20250510,왕십리(성동구청),영등포구청,22,3
20250510,왕십리(성동구청),영등포구청,23,2
20250510,왕십리(성동구청),왕십리(성동구청),4,1
20250510,왕십리(성동구청),왕십리(성동구청),5,3
20250510,왕십리(성동구청),왕십리(성동구청),6,5
20250510,왕십리(성동구청),왕십리(성동구청),7,6
20250510,왕십리(성동구청),왕십리(성동구청),8,4
20250510,왕십리(성동구청),왕십리(성동구청),9,11
20250510,왕십리(성동구청),왕십리(성동구청),10,9
20250510,왕십리(성동구청),왕십리(성동구청),11,19
20250510,왕십리(성동구청),왕십리(성동구청),12,19
20250510,왕십리(성동구청),왕십리(성동구청),13,25
20250510,왕십리(성동구청),왕십리(성동구청),14,18
20250510,왕십리(성동구청),왕십리(성동구청),15,32
20250510,왕십리(성동구청),왕십리(성동구청),16,17
20250510,왕십리(성동구청),왕십리(성동구청),17,54
20250510,왕십리(성동구청),왕십리(성동구청),18,25
20250510,왕십리(성동구청),왕십리(성동구청),19,35
20250510,왕십리(성동구청),왕십리(성동구청),20,28
20250510,왕십리(성동구청),왕십리(성동구청),21,34
20250510,왕십리(성동구청),왕십리(성동구청),22,21
20250510,왕십리(성동구청),왕십리(성동구청),23,31
20250510,왕십리(성동구청),용두(동대문구청),9,1
20250510,왕십리(성동구청),용두(동대문구청),14,2
20250510,왕십리(성동구청),용두(동대문구청),16,2
20250510,왕십리(성동구청),용두(동대문구청),17,2
20250510,왕십리(성동구청),용두(동대문구청),18,2
20250510,왕십리(성동구청),용두(동대문구청),19,2
20250510,왕십리(성동구청),용두(동대문구청),20,1
20250510,왕십리(성동구청),용두(동대문구청),21,1
20250510,왕십리(성동구청),용두(동대문구청),23,1
20250510,왕십리(성동구청),을지로3가,5,1
20250510,왕십리(성동구청),을지로3가,6,4
20250510,왕십리(성동구청),을지로3가,7,5
20250510,왕십리(성동구청),을지로3가,8,11
20250510,왕십리(성동구청),을지로3가,9,10
20250510,왕십리(성동구청),을지로3가,10,11
20250510,왕십리(성동구청),을지로3가,11,12
20250510,왕십리(성동구청),을지로3가,12,12
20250510,왕십리(성동구청),을지로3가,13,15
20250510,왕십리(성동구청),을지로3가,14,12
20250510,왕십리(성동구청),을지로3가,15,16
20250510,왕십리(성동구청),을지로3가,16,12
20250510,왕십리(성동구청),을지로3가,17,28
20250510,왕십리(성동구청),을지로3가,18,9
20250510,왕십리(성동구청),을지로3가,19,11
20250510,왕십리(성동구청),을지로3가,20,7
20250510,왕십리(성동구청),을지로3가,21,8
20250510,왕십리(성동구청),을지로3가,22,7
20250510,왕십리(성동구청),을지로3가,23,4
20250510,왕십리(성동구청),을지로4가,5,2
20250510,왕십리(성동구청),을지로4가,6,2
20250510,왕십리(성동구청),을지로4가,7,3
20250510,왕십리(성동구청),을지로4가,8,5
20250510,왕십리(성동구청),을지로4가,9,8
20250510,왕십리(성동구청),을지로4가,10,11
20250510,왕십리(성동구청),을지로4가,11,11
20250510,왕십리(성동구청),을지로4가,12,1
20250510,왕십리(성동구청),을지로4가,13,9
20250510,왕십리(성동구청),을지로4가,14,7
20250510,왕십리(성동구청),을지로4가,15,13
20250510,왕십리(성동구청),을지로4가,16,14
20250510,왕십리(성동구청),을지로4가,17,5
20250510,왕십리(성동구청),을지로4가,18,2
20250510,왕십리(성동구청),을지로4가,19,9
20250510,왕십리(성동구청),을지로4가,20,2
20250510,왕십리(성동구청),을지로4가,21,3
20250510,왕십리(성동구청),을지로4가,22,7
20250510,왕십리(성동구청),을지로4가,23,4
20250510,왕십리(성동구청),을지로입구,5,2
20250510,왕십리(성동구청),을지로입구,6,2
20250510,왕십리(성동구청),을지로입구,7,9
20250510,왕십리(성동구청),을지로입구,8,24
20250510,왕십리(성동구청),을지로입구,9,27
20250510,왕십리(성동구청),을지로입구,10,16
20250510,왕십리(성동구청),을지로입구,11,33
20250510,왕십리(성동구청),을지로입구,12,40
20250510,왕십리(성동구청),을지로입구,13,20
20250510,왕십리(성동구청),을지로입구,14,22
20250510,왕십리(성동구청),을지로입구,15,21
20250510,왕십리(성동구청),을지로입구,16,29
20250510,왕십리(성동구청),을지로입구,17,22
20250510,왕십리(성동구청),을지로입구,18,12
20250510,왕십리(성동구청),을지로입구,19,14
20250510,왕십리(성동구청),을지로입구,20,10
20250510,왕십리(성동구청),을지로입구,21,12
20250510,왕십리(성동구청),을지로입구,22,10
20250510,왕십리(성동구청),을지로입구,23,6
20250510,왕십리(성동구청),이대,5,1
20250510,왕십리(성동구청),이대,6,1
20250510,왕십리(성동구청),이대,7,3
20250510,왕십리(성동구청),이대,8,4
20250510,왕십리(성동구청),이대,9,6
20250510,왕십리(성동구청),이대,10,8
20250510,왕십리(성동구청),이대,11,12
20250510,왕십리(성동구청),이대,12,8
20250510,왕십리(성동구청),이대,13,9
20250510,왕십리(성동구청),이대,14,8
20250510,왕십리(성동구청),이대,15,5
20250510,왕십리(성동구청),이대,16,1
20250510,왕십리(성동구청),이대,17,4
20250510,왕십리(성동구청),이대,18,3
20250510,왕십리(성동구청),이대,19,3
20250510,왕십리(성동구청),이대,20,4
20250510,왕십리(성동구청),이대,21,7
20250510,왕십리(성동구청),이대,22,4
20250510,왕십리(성동구청),이대,23,2
20250510,왕십리(성동구청),잠실(송파구청),5,3
20250510,왕십리(성동구청),잠실(송파구청),6,19
20250510,왕십리(성동구청),잠실(송파구청),7,17
20250510,왕십리(성동구청),잠실(송파구청),8,22
20250510,왕십리(성동구청),잠실(송파구청),9,31
20250510,왕십리(성동구청),잠실(송파구청),10,26
20250510,왕십리(성동구청),잠실(송파구청),11,35
20250510,왕십리(성동구청),잠실(송파구청),12,39
20250510,왕십리(성동구청),잠실(송파구청),13,63
20250510,왕십리(성동구청),잠실(송파구청),14,44
20250510,왕십리(성동구청),잠실(송파구청),15,48
20250510,왕십리(성동구청),잠실(송파구청),16,37
20250510,왕십리(성동구청),잠실(송파구청),17,50
20250510,왕십리(성동구청),잠실(송파구청),18,31
20250510,왕십리(성동구청),잠실(송파구청),19,14
20250510,왕십리(성동구청),잠실(송파구청),20,12
20250510,왕십리(성동구청),잠실(송파구청),21,23
20250510,왕십리(성동구청),잠실(송파구청),22,18
20250510,왕십리(성동구청),잠실(송파구청),23,6
20250510,왕십리(성동구청),잠실나루,5,13
20250510,왕십리(성동구청),잠실나루,6,2
20250510,왕십리(성동구청),잠실나루,7,2
20250510,왕십리(성동구청),잠실나루,8,4
20250510,왕십리(성동구청),잠실나루,9,1
20250510,왕십리(성동구청),잠실나루,10,1
20250510,왕십리(성동구청),잠실나루,11,4
20250510,왕십리(성동구청),잠실나루,12,3
20250510,왕십리(성동구청),잠실나루,13,5
20250510,왕십리(성동구청),잠실나루,14,4
20250510,왕십리(성동구청),잠실나루,15,2
20250510,왕십리(성동구청),잠실나루,16,2
20250510,왕십리(성동구청),잠실나루,17,6
20250510,왕십리(성동구청),잠실나루,18,12
20250510,왕십리(성동구청),잠실나루,19,3
20250510,왕십리(성동구청),잠실나루,20,4
20250510,왕십리(성동구청),잠실나루,21,8
20250510,왕십리(성동구청),잠실나루,22,6
20250510,왕십리(성동구청),잠실나루,23,4
20250510,왕십리(성동구청),잠실새내,5,3
20250510,왕십리(성동구청),잠실새내,6,2
20250510,왕십리(성동구청),잠실새내,7,3
20250510,왕십리(성동구청),잠실새내,8,6
20250510,왕십리(성동구청),잠실새내,9,12
20250510,왕십리(성동구청),잠실새내,10,10
20250510,왕십리(성동구청),잠실새내,11,2
20250510,왕십리(성동구청),잠실새내,12,5
20250510,왕십리(성동구청),잠실새내,13,9
20250510,왕십리(성동구청),잠실새내,14,8
20250510,왕십리(성동구청),잠실새내,15,8
20250510,왕십리(성동구청),잠실새내,16,17
20250510,왕십리(성동구청),잠실새내,17,11
20250510,왕십리(성동구청),잠실새내,18,6
20250510,왕십리(성동구청),잠실새내,19,4
20250510,왕십리(성동구청),잠실새내,20,7
20250510,왕십리(성동구청),잠실새내,21,4
20250510,왕십리(성동구청),잠실새내,22,9
20250510,왕십리(성동구청),잠실새내,23,4
20250510,왕십리(성동구청),종합운동장,5,4
20250510,왕십리(성동구청),종합운동장,6,4
20250510,왕십리(성동구청),종합운동장,7,2
20250510,왕십리(성동구청),종합운동장,8,1
20250510,왕십리(성동구청),종합운동장,9,4
20250510,왕십리(성동구청),종합운동장,10,3
20250510,왕십리(성동구청),종합운동장,11,3
20250510,왕십리(성동구청),종합운동장,12,4
20250510,왕십리(성동구청),종합운동장,13,2
20250510,왕십리(성동구청),종합운동장,14,8
20250510,왕십리(성동구청),종합운동장,15,30
20250510,왕십리(성동구청),종합운동장,16,23
20250510,왕십리(성동구청),종합운동장,17,3
20250510,왕십리(성동구청),종합운동장,18,1
20250510,왕십리(성동구청),종합운동장,19,3
20250510,왕십리(성동구청),종합운동장,20,3
20250510,왕십리(성동구청),종합운동장,21,2
20250510,왕십리(성동구청),종합운동장,22,1
20250510,왕십리(성동구청),종합운동장,23,3
20250510,왕십리(성동구청),충정로(경기대입구),4,1
20250510,왕십리(성동구청),충정로(경기대입구),5,3
20250510,왕십리(성동구청),충정로(경기대입구),6,2
20250510,왕십리(성동구청),충정로(경기대입구),9,6
20250510,왕십리(성동구청),충정로(경기대입구),10,1
20250510,왕십리(성동구청),충정로(경기대입구),11,1
20250510,왕십리(성동구청),충정로(경기대입구),12,4
20250510,왕십리(성동구청),충정로(경기대입구),13,1
20250510,왕십리(성동구청),충정로(경기대입구),15,2
20250510,왕십리(성동구청),충정로(경기대입구),16,8
20250510,왕십리(성동구청),충정로(경기대입구),17,3
20250510,왕십리(성동구청),충정로(경기대입구),18,6
20250510,왕십리(성동구청),충정로(경기대입구),19,3
20250510,왕십리(성동구청),충정로(경기대입구),20,4
20250510,왕십리(성동구청),충정로(경기대입구),21,3
20250510,왕십리(성동구청),충정로(경기대입구),22,5
20250510,왕십리(성동구청),충정로(경기대입구),23,3
20250510,왕십리(성동구청),한양대,6,1
20250510,왕십리(성동구청),한양대,7,2
20250510,왕십리(성동구청),한양대,8,11
20250510,왕십리(성동구청),한양대,9,10
20250510,왕십리(성동구청),한양대,10,7
20250510,왕십리(성동구청),한양대,11,9
20250510,왕십리(성동구청),한양대,12,17
20250510,왕십리(성동구청),한양대,13,14
20250510,왕십리(성동구청),한양대,14,9
20250510,왕십리(성동구청),한양대,15,4
20250510,왕십리(성동구청),한양대,16,9
20250510,왕십리(성동구청),한양대,17,9
20250510,왕십리(성동구청),한양대,18,6
20250510,왕십리(성동구청),한양대,19,4
20250510,왕십리(성동구청),한양대,20,6
20250510,왕십리(성동구청),한양대,21,8
20250510,왕십리(성동구청),한양대,22,4
20250510,왕십리(성동구청),한양대,23,4
20250510,왕십리(성동구청),합정,5,1
20250510,왕십리(성동구청),합정,6,1
20250510,왕십리(성동구청),합정,7,3
20250510,왕십리(성동구청),합정,8,4
20250510,왕십리(성동구청),합정,9,6
20250510,왕십리(성동구청),합정,10,12
20250510,왕십리(성동구청),합정,11,15
20250510,왕십리(성동구청),합정,12,16
20250510,왕십리(성동구청),합정,13,20
20250510,왕십리(성동구청),합정,14,15
20250510,왕십리(성동구청),합정,15,12
20250510,왕십리(성동구청),합정,16,16
20250510,왕십리(성동구청),합정,17,11
20250510,왕십리(성동구청),합정,18,11
20250510,왕십리(성동구청),합정,19,8
20250510,왕십리(성동구청),합정,20,1
20250510,왕십리(성동구청),합정,21,5
20250510,왕십리(성동구청),합정,22,10
20250510,왕십리(성동구청),합정,23,9
20250510,왕십리(성동구청),홍대입구,5,1
20250510,왕십리(성동구청),홍대입구,6,3
20250510,왕십리(성동구청),홍대입구,7,7
20250510,왕십리(성동구청),홍대입구,8,9
20250510,왕십리(성동구청),홍대입구,9,15
20250510,왕십리(성동구청),홍대입구,10,21
20250510,왕십리(성동구청),홍대입구,11,38
20250510,왕십리(성동구청),홍대입구,12,38
20250510,왕십리(성동구청),홍대입구,13,50
20250510,왕십리(성동구청),홍대입구,14,43
20250510,왕십리(성동구청),홍대입구,15,41
20250510,왕십리(성동구청),홍대입구,16,34
20250510,왕십리(성동구청),홍대입구,17,33
20250510,왕십리(성동구청),홍대입구,18,33
20250510,왕십리(성동구청),홍대입구,19,23
20250510,왕십리(성동구청),홍대입구,20,14
20250510,왕십리(성동구청),홍대입구,21,14
20250510,왕십리(성동구청),홍대입구,22,20
20250510,왕십리(성동구청),홍대입구,23,27
20250510,용두(동대문구청),강남,5,2
20250510,용두(동대문구청),강남,7,1
20250510,용두(동대문구청),강남,8,7
20250510,용두(동대문구청),강남,9,6
20250510,용두(동대문구청),강남,11,7
20250510,용두(동대문구청),강남,12,2
20250510,용두(동대문구청),강남,13,7
20250510,용두(동대문구청),강남,14,4
20250510,용두(동대문구청),강남,15,5
20250510,용두(동대문구청),강남,16,4
20250510,용두(동대문구청),강남,17,2
20250510,용두(동대문구청),강남,18,2
20250510,용두(동대문구청),강남,21,1
20250510,용두(동대문구청),강변(동서울터미널),5,5
20250510,용두(동대문구청),강변(동서울터미널),6,1
20250510,용두(동대문구청),강변(동서울터미널),7,1
20250510,용두(동대문구청),강변(동서울터미널),9,8
20250510,용두(동대문구청),강변(동서울터미널),10,7
20250510,용두(동대문구청),강변(동서울터미널),11,1
20250510,용두(동대문구청),강변(동서울터미널),12,1
20250510,용두(동대문구청),강변(동서울터미널),14,4
20250510,용두(동대문구청),강변(동서울터미널),15,2
20250510,용두(동대문구청),강변(동서울터미널),16,5
20250510,용두(동대문구청),강변(동서울터미널),17,3
20250510,용두(동대문구청),강변(동서울터미널),18,3
20250510,용두(동대문구청),강변(동서울터미널),19,1
20250510,용두(동대문구청),강변(동서울터미널),21,1
20250510,용두(동대문구청),건대입구,6,1
20250510,용두(동대문구청),건대입구,7,1
20250510,용두(동대문구청),건대입구,8,2
20250510,용두(동대문구청),건대입구,9,3
20250510,용두(동대문구청),건대입구,10,4
20250510,용두(동대문구청),건대입구,11,8
20250510,용두(동대문구청),건대입구,12,3
20250510,용두(동대문구청),건대입구,13,7
20250510,용두(동대문구청),건대입구,14,3
20250510,용두(동대문구청),건대입구,15,7
20250510,용두(동대문구청),건대입구,16,12
20250510,용두(동대문구청),건대입구,17,11
20250510,용두(동대문구청),건대입구,18,5
20250510,용두(동대문구청),건대입구,19,11
20250510,용두(동대문구청),건대입구,20,8
20250510,용두(동대문구청),건대입구,21,7
20250510,용두(동대문구청),건대입구,22,2
20250510,용두(동대문구청),건대입구,23,1
20250510,용두(동대문구청),교대(법원.검찰청),6,1
20250510,용두(동대문구청),교대(법원.검찰청),10,1
20250510,용두(동대문구청),교대(법원.검찰청),11,3
20250510,용두(동대문구청),교대(법원.검찰청),12,1
20250510,용두(동대문구청),교대(법원.검찰청),13,1
20250510,용두(동대문구청),교대(법원.검찰청),15,1
20250510,용두(동대문구청),구로디지털단지,8,1
20250510,용두(동대문구청),구로디지털단지,14,1
20250510,용두(동대문구청),구로디지털단지,15,1
20250510,용두(동대문구청),구로디지털단지,17,1
20250510,용두(동대문구청),구의(광진구청),8,2
20250510,용두(동대문구청),구의(광진구청),9,2
20250510,용두(동대문구청),구의(광진구청),10,4
20250510,용두(동대문구청),구의(광진구청),11,3
20250510,용두(동대문구청),구의(광진구청),12,5
20250510,용두(동대문구청),구의(광진구청),13,2
20250510,용두(동대문구청),구의(광진구청),14,7
20250510,용두(동대문구청),구의(광진구청),15,5
20250510,용두(동대문구청),구의(광진구청),16,1
20250510,용두(동대문구청),구의(광진구청),18,1
20250510,용두(동대문구청),구의(광진구청),19,3
20250510,용두(동대문구청),구의(광진구청),20,1
20250510,용두(동대문구청),구의(광진구청),23,1
20250510,용두(동대문구청),낙성대,7,1
20250510,용두(동대문구청),낙성대,10,1
20250510,용두(동대문구청),낙성대,15,1
20250510,용두(동대문구청),낙성대,20,1
20250510,용두(동대문구청),낙성대,21,2
20250510,용두(동대문구청),대림(구로구청),9,3
20250510,용두(동대문구청),대림(구로구청),10,1
20250510,용두(동대문구청),대림(구로구청),15,3
20250510,용두(동대문구청),대림(구로구청),20,1
20250510,용두(동대문구청),동대문역사문화공원,11,1
20250510,용두(동대문구청),동대문역사문화공원,16,4
20250510,용두(동대문구청),동대문역사문화공원,20,2
20250510,용두(동대문구청),뚝섬,7,2
20250510,용두(동대문구청),뚝섬,8,1
20250510,용두(동대문구청),뚝섬,9,10
20250510,용두(동대문구청),뚝섬,10,11
20250510,용두(동대문구청),뚝섬,11,2
20250510,용두(동대문구청),뚝섬,12,3
20250510,용두(동대문구청),뚝섬,13,3
20250510,용두(동대문구청),뚝섬,14,6
20250510,용두(동대문구청),뚝섬,15,12
20250510,용두(동대문구청),뚝섬,16,7
20250510,용두(동대문구청),뚝섬,17,4
20250510,용두(동대문구청),뚝섬,18,5
20250510,용두(동대문구청),뚝섬,19,1
20250510,용두(동대문구청),뚝섬,20,1
20250510,용두(동대문구청),뚝섬,21,1
20250510,용두(동대문구청),뚝섬,23,1
20250510,용두(동대문구청),문래,11,9
20250510,용두(동대문구청),문래,12,1
20250510,용두(동대문구청),문래,16,1
20250510,용두(동대문구청),문래,17,1
20250510,용두(동대문구청),문래,20,1
20250510,용두(동대문구청),방배,7,1
20250510,용두(동대문구청),방배,15,1
20250510,용두(동대문구청),방배,21,1
20250510,용두(동대문구청),봉천,14,1
20250510,용두(동대문구청),봉천,15,1
20250510,용두(동대문구청),봉천,18,1
20250510,용두(동대문구청),사당,5,1
20250510,용두(동대문구청),사당,7,1
20250510,용두(동대문구청),사당,9,1
20250510,용두(동대문구청),사당,12,1
20250510,용두(동대문구청),사당,15,5
20250510,용두(동대문구청),사당,16,1
20250510,용두(동대문구청),사당,21,4
20250510,용두(동대문구청),삼성(무역센터),6,2
20250510,용두(동대문구청),삼성(무역센터),7,4
20250510,용두(동대문구청),삼성(무역센터),8,4
20250510,용두(동대문구청),삼성(무역센터),9,7
20250510,용두(동대문구청),삼성(무역센터),10,7
20250510,용두(동대문구청),삼성(무역센터),11,8
20250510,용두(동대문구청),삼성(무역센터),12,11
20250510,용두(동대문구청),삼성(무역센터),13,1
20250510,용두(동대문구청),삼성(무역센터),14,4
20250510,용두(동대문구청),삼성(무역센터),15,4
20250510,용두(동대문구청),삼성(무역센터),16,5
20250510,용두(동대문구청),삼성(무역센터),17,1
20250510,용두(동대문구청),삼성(무역센터),19,1
20250510,용두(동대문구청),삼성(무역센터),20,1
20250510,용두(동대문구청),상왕십리,12,1
20250510,용두(동대문구청),상왕십리,16,1
20250510,용두(동대문구청),서울대입구(관악구청),5,1
20250510,용두(동대문구청),서울대입구(관악구청),7,1
20250510,용두(동대문구청),서울대입구(관악구청),10,1
20250510,용두(동대문구청),서울대입구(관악구청),11,3
20250510,용두(동대문구청),서울대입구(관악구청),13,1
20250510,용두(동대문구청),서울대입구(관악구청),14,1
20250510,용두(동대문구청),서울대입구(관악구청),19,4
20250510,용두(동대문구청),서울대입구(관악구청),20,1
20250510,용두(동대문구청),서초,8,1
20250510,용두(동대문구청),서초,9,1
20250510,용두(동대문구청),서초,10,1
20250510,용두(동대문구청),서초,11,2
20250510,용두(동대문구청),서초,13,3
20250510,용두(동대문구청),서초,16,2
20250510,용두(동대문구청),선릉,6,1
20250510,용두(동대문구청),선릉,7,1
20250510,용두(동대문구청),선릉,8,3
20250510,용두(동대문구청),선릉,9,4
20250510,용두(동대문구청),선릉,10,1
20250510,용두(동대문구청),선릉,11,3
20250510,용두(동대문구청),선릉,12,1
20250510,용두(동대문구청),선릉,13,7
20250510,용두(동대문구청),선릉,14,1
20250510,용두(동대문구청),선릉,15,2
20250510,용두(동대문구청),선릉,16,1
20250510,용두(동대문구청),선릉,17,1
20250510,용두(동대문구청),선릉,18,1
20250510,용두(동대문구청),성수,5,11
20250510,용두(동대문구청),성수,6,2
20250510,용두(동대문구청),성수,7,10
20250510,용두(동대문구청),성수,8,24
20250510,용두(동대문구청),성수,9,16
20250510,용두(동대문구청),성수,10,29
20250510,용두(동대문구청),성수,11,27
20250510,용두(동대문구청),성수,12,26
20250510,용두(동대문구청),성수,13,25
20250510,용두(동대문구청),성수,14,28
20250510,용두(동대문구청),성수,15,27
20250510,용두(동대문구청),성수,16,26
20250510,용두(동대문구청),성수,17,19
20250510,용두(동대문구청),성수,18,12
20250510,용두(동대문구청),성수,19,9
20250510,용두(동대문구청),성수,20,9
20250510,용두(동대문구청),성수,21,4
20250510,용두(동대문구청),성수,22,3
20250510,용두(동대문구청),성수,23,4
20250510,용두(동대문구청),시청,12,1
20250510,용두(동대문구청),신당,9,2
20250510,용두(동대문구청),신당,10,2
20250510,용두(동대문구청),신당,13,3
20250510,용두(동대문구청),신당,16,2
20250510,용두(동대문구청),신당,17,1
20250510,용두(동대문구청),신당,19,1
20250510,용두(동대문구청),신대방,12,1
20250510,용두(동대문구청),신대방,20,2
20250510,용두(동대문구청),신도림,12,1
20250510,용두(동대문구청),신도림,15,1
20250510,용두(동대문구청),신림,11,1
20250510,용두(동대문구청),신림,12,1
20250510,용두(동대문구청),신림,13,1
20250510,용두(동대문구청),신림,20,1
20250510,용두(동대문구청),신림,21,2
20250510,용두(동대문구청),신촌,7,1
20250510,용두(동대문구청),신촌,11,2
20250510,용두(동대문구청),아현,11,2
20250510,용두(동대문구청),아현,14,1
20250510,용두(동대문구청),역삼,10,2
20250510,용두(동대문구청),역삼,12,2
20250510,용두(동대문구청),영등포구청,9,1
20250510,용두(동대문구청),영등포구청,14,1
20250510,용두(동대문구청),왕십리(성동구청),9,2
20250510,용두(동대문구청),왕십리(성동구청),13,1
20250510,용두(동대문구청),왕십리(성동구청),14,1
20250510,용두(동대문구청),왕십리(성동구청),15,1
20250510,용두(동대문구청),왕십리(성동구청),16,4
20250510,용두(동대문구청),왕십리(성동구청),17,2
20250510,용두(동대문구청),용두(동대문구청),10,3
20250510,용두(동대문구청),용두(동대문구청),11,8
20250510,용두(동대문구청),용두(동대문구청),12,6
20250510,용두(동대문구청),용두(동대문구청),13,4
20250510,용두(동대문구청),용두(동대문구청),14,2
20250510,용두(동대문구청),용두(동대문구청),15,3
20250510,용두(동대문구청),용두(동대문구청),16,6
20250510,용두(동대문구청),용두(동대문구청),17,3
20250510,용두(동대문구청),용두(동대문구청),18,4
20250510,용두(동대문구청),용두(동대문구청),19,3
20250510,용두(동대문구청),용두(동대문구청),20,2
20250510,용두(동대문구청),용두(동대문구청),21,3
20250510,용두(동대문구청),용두(동대문구청),22,1
20250510,용두(동대문구청),용두(동대문구청),23,1
20250510,용두(동대문구청),을지로3가,13,2
20250510,용두(동대문구청),을지로4가,13,2
20250510,용두(동대문구청),을지로4가,14,2
20250510,용두(동대문구청),을지로4가,15,1
20250510,용두(동대문구청),을지로입구,8,1
20250510,용두(동대문구청),을지로입구,9,1
20250510,용두(동대문구청),을지로입구,11,1
20250510,용두(동대문구청),을지로입구,13,1
20250510,용두(동대문구청),을지로입구,14,2
20250510,용두(동대문구청),을지로입구,15,4
20250510,용두(동대문구청),을지로입구,16,1
20250510,용두(동대문구청),이대,12,1
20250510,용두(동대문구청),잠실(송파구청),5,1
20250510,용두(동대문구청),잠실(송파구청),6,3
20250510,용두(동대문구청),잠실(송파구청),7,3
20250510,용두(동대문구청),잠실(송파구청),8,3
20250510,용두(동대문구청),잠실(송파구청),9,9
20250510,용두(동대문구청),잠실(송파구청),10,7
20250510,용두(동대문구청),잠실(송파구청),11,4
20250510,용두(동대문구청),잠실(송파구청),12,8
20250510,용두(동대문구청),잠실(송파구청),13,18
20250510,용두(동대문구청),잠실(송파구청),14,10
20250510,용두(동대문구청),잠실(송파구청),15,9
20250510,용두(동대문구청),잠실(송파구청),16,6
20250510,용두(동대문구청),잠실(송파구청),17,8
20250510,용두(동대문구청),잠실(송파구청),18,4
20250510,용두(동대문구청),잠실(송파구청),19,1
20250510,용두(동대문구청),잠실(송파구청),20,3
20250510,용두(동대문구청),잠실(송파구청),21,3
20250510,용두(동대문구청),잠실(송파구청),22,1
20250510,용두(동대문구청),잠실나루,5,1
20250510,용두(동대문구청),잠실나루,8,1
20250510,용두(동대문구청),잠실나루,11,3
20250510,용두(동대문구청),잠실나루,12,3
20250510,용두(동대문구청),잠실나루,13,1
20250510,용두(동대문구청),잠실나루,14,2
20250510,용두(동대문구청),잠실나루,16,1
20250510,용두(동대문구청),잠실나루,17,2
20250510,용두(동대문구청),잠실나루,18,1
20250510,용두(동대문구청),잠실나루,20,2
20250510,용두(동대문구청),잠실새내,6,1
20250510,용두(동대문구청),잠실새내,7,1
20250510,용두(동대문구청),잠실새내,8,2
20250510,용두(동대문구청),잠실새내,9,1
20250510,용두(동대문구청),잠실새내,10,4
20250510,용두(동대문구청),잠실새내,11,4
20250510,용두(동대문구청),잠실새내,12,2
20250510,용두(동대문구청),잠실새내,13,2
20250510,용두(동대문구청),잠실새내,14,8
20250510,용두(동대문구청),잠실새내,15,8
20250510,용두(동대문구청),잠실새내,16,4
20250510,용두(동대문구청),잠실새내,17,2
20250510,용두(동대문구청),잠실새내,19,2
20250510,용두(동대문구청),잠실새내,20,1
20250510,용두(동대문구청),잠실새내,21,1
20250510,용두(동대문구청),잠실새내,22,1
20250510,용두(동대문구청),종합운동장,5,1
20250510,용두(동대문구청),종합운동장,7,1
20250510,용두(동대문구청),종합운동장,10,3
20250510,용두(동대문구청),종합운동장,14,1
20250510,용두(동대문구청),종합운동장,15,1
20250510,용두(동대문구청),종합운동장,16,9
20250510,용두(동대문구청),종합운동장,17,2
20250510,용두(동대문구청),종합운동장,18,1
20250510,용두(동대문구청),종합운동장,19,2
20250510,용두(동대문구청),종합운동장,21,1
20250510,용두(동대문구청),충정로(경기대입구),11,1
20250510,용두(동대문구청),한양대,5,1
20250510,용두(동대문구청),한양대,12,2
20250510,용두(동대문구청),한양대,13,1
20250510,용두(동대문구청),한양대,17,2
20250510,용두(동대문구청),합정,12,1
20250510,용두(동대문구청),합정,13,1
20250510,용두(동대문구청),합정,15,1
20250510,용두(동대문구청),합정,17,1
20250510,용두(동대문구청),합정,21,1
20250510,용두(동대문구청),홍대입구,6,1
20250510,용두(동대문구청),홍대입구,9,1
20250510,용두(동대문구청),홍대입구,12,1
20250510,용두(동대문구청),홍대입구,14,1
20250510,용두(동대문구청),홍대입구,16,1
20250510,용두(동대문구청),홍대입구,18,2
20250510,용두(동대문구청),홍대입구,21,1
20250510,을지로3가,강남,9,2
20250510,을지로3가,강남,10,5
20250510,을지로3가,강남,11,1
20250510,을지로3가,강남,12,1
20250510,을지로3가,강남,13,3
20250510,을지로3가,강남,14,2
20250510,을지로3가,강남,16,4
20250510,을지로3가,강남,17,5
20250510,을지로3가,강남,18,3
20250510,을지로3가,강남,19,1
20250510,을지로3가,강남,20,9
20250510,을지로3가,강남,21,9
20250510,을지로3가,강남,22,2
20250510,을지로3가,강변(동서울터미널),5,1
20250510,을지로3가,강변(동서울터미널),6,1
20250510,을지로3가,강변(동서울터미널),7,4
20250510,을지로3가,강변(동서울터미널),8,1
20250510,을지로3가,강변(동서울터미널),9,4
20250510,을지로3가,강변(동서울터미널),10,6
20250510,을지로3가,강변(동서울터미널),11,4
20250510,을지로3가,강변(동서울터미널),12,6
20250510,을지로3가,강변(동서울터미널),13,11
20250510,을지로3가,강변(동서울터미널),14,6
20250510,을지로3가,강변(동서울터미널),15,13
20250510,을지로3가,강변(동서울터미널),16,9
20250510,을지로3가,강변(동서울터미널),17,19
20250510,을지로3가,강변(동서울터미널),18,13
20250510,을지로3가,강변(동서울터미널),19,21
20250510,을지로3가,강변(동서울터미널),20,18
20250510,을지로3가,강변(동서울터미널),21,9
20250510,을지로3가,강변(동서울터미널),22,14
20250510,을지로3가,강변(동서울터미널),23,8
20250510,을지로3가,건대입구,7,2
20250510,을지로3가,건대입구,8,10
20250510,을지로3가,건대입구,9,6
20250510,을지로3가,건대입구,10,3
20250510,을지로3가,건대입구,11,17
20250510,을지로3가,건대입구,12,10
20250510,을지로3가,건대입구,13,26
20250510,을지로3가,건대입구,14,15
20250510,을지로3가,건대입구,15,16
20250510,을지로3가,건대입구,16,31
20250510,을지로3가,건대입구,17,19
20250510,을지로3가,건대입구,18,28
20250510,을지로3가,건대입구,19,26
20250510,을지로3가,건대입구,20,28
20250510,을지로3가,건대입구,21,42
20250510,을지로3가,건대입구,22,26
20250510,을지로3가,건대입구,23,15
20250510,을지로3가,교대(법원.검찰청),5,1
20250510,을지로3가,교대(법원.검찰청),10,1
20250510,을지로3가,교대(법원.검찰청),12,1
20250510,을지로3가,교대(법원.검찰청),13,1
20250510,을지로3가,교대(법원.검찰청),15,1
20250510,을지로3가,교대(법원.검찰청),16,6
20250510,을지로3가,교대(법원.검찰청),17,6
20250510,을지로3가,교대(법원.검찰청),19,2
20250510,을지로3가,교대(법원.검찰청),20,1
20250510,을지로3가,교대(법원.검찰청),21,3
20250510,을지로3가,구로디지털단지,5,1
20250510,을지로3가,구로디지털단지,6,1
20250510,을지로3가,구로디지털단지,7,4
20250510,을지로3가,구로디지털단지,8,1
20250510,을지로3가,구로디지털단지,9,2
20250510,을지로3가,구로디지털단지,10,3
20250510,을지로3가,구로디지털단지,11,9
20250510,을지로3가,구로디지털단지,12,4
20250510,을지로3가,구로디지털단지,13,1
20250510,을지로3가,구로디지털단지,14,10
20250510,을지로3가,구로디지털단지,15,15
20250510,을지로3가,구로디지털단지,16,21
20250510,을지로3가,구로디지털단지,17,20
20250510,을지로3가,구로디지털단지,18,18
20250510,을지로3가,구로디지털단지,19,25
20250510,을지로3가,구로디지털단지,20,17
20250510,을지로3가,구로디지털단지,21,25
20250510,을지로3가,구로디지털단지,22,36
20250510,을지로3가,구로디지털단지,23,17
20250510,을지로3가,구의(광진구청),5,1
20250510,을지로3가,구의(광진구청),6,2
20250510,을지로3가,구의(광진구청),8,3
20250510,을지로3가,구의(광진구청),9,8
20250510,을지로3가,구의(광진구청),10,4
20250510,을지로3가,구의(광진구청),11,4
20250510,을지로3가,구의(광진구청),12,5
20250510,을지로3가,구의(광진구청),13,6
20250510,을지로3가,구의(광진구청),14,3
20250510,을지로3가,구의(광진구청),15,6
20250510,을지로3가,구의(광진구청),16,9
20250510,을지로3가,구의(광진구청),17,10
20250510,을지로3가,구의(광진구청),18,10
20250510,을지로3가,구의(광진구청),19,10
20250510,을지로3가,구의(광진구청),20,10
20250510,을지로3가,구의(광진구청),21,14
20250510,을지로3가,구의(광진구청),22,17
20250510,을지로3가,구의(광진구청),23,16
20250510,을지로3가,낙성대,5,1
20250510,을지로3가,낙성대,7,1
20250510,을지로3가,낙성대,11,1
20250510,을지로3가,낙성대,14,2
20250510,을지로3가,낙성대,15,3
20250510,을지로3가,낙성대,16,1
20250510,을지로3가,낙성대,17,2
20250510,을지로3가,낙성대,18,2
20250510,을지로3가,낙성대,19,2
20250510,을지로3가,낙성대,20,6
20250510,을지로3가,낙성대,21,1
20250510,을지로3가,낙성대,22,4
20250510,을지로3가,당산,8,3
20250510,을지로3가,당산,9,1
20250510,을지로3가,당산,10,8
20250510,을지로3가,당산,11,8
20250510,을지로3가,당산,12,5
20250510,을지로3가,당산,13,7
20250510,을지로3가,당산,14,12
20250510,을지로3가,당산,15,8
20250510,을지로3가,당산,16,10
20250510,을지로3가,당산,17,12
20250510,을지로3가,당산,18,23
20250510,을지로3가,당산,19,12
20250510,을지로3가,당산,20,24
20250510,을지로3가,당산,21,16
20250510,을지로3가,당산,22,25
20250510,을지로3가,당산,23,19
20250510,을지로3가,대림(구로구청),5,1
20250510,을지로3가,대림(구로구청),9,3
20250510,을지로3가,대림(구로구청),11,6
20250510,을지로3가,대림(구로구청),12,4
20250510,을지로3가,대림(구로구청),13,5
20250510,을지로3가,대림(구로구청),14,2
20250510,을지로3가,대림(구로구청),15,7
20250510,을지로3가,대림(구로구청),16,8
20250510,을지로3가,대림(구로구청),17,10
20250510,을지로3가,대림(구로구청),18,3
20250510,을지로3가,대림(구로구청),19,8
20250510,을지로3가,대림(구로구청),20,1
20250510,을지로3가,대림(구로구청),21,8
20250510,을지로3가,대림(구로구청),22,12
20250510,을지로3가,대림(구로구청),23,6
20250510,을지로3가,동대문역사문화공원,6,1
20250510,을지로3가,동대문역사문화공원,7,6
20250510,을지로3가,동대문역사문화공원,8,7
20250510,을지로3가,동대문역사문화공원,9,7
20250510,을지로3가,동대문역사문화공원,10,20
20250510,을지로3가,동대문역사문화공원,11,30
20250510,을지로3가,동대문역사문화공원,12,29
20250510,을지로3가,동대문역사문화공원,13,19
20250510,을지로3가,동대문역사문화공원,14,19
20250510,을지로3가,동대문역사문화공원,15,16
20250510,을지로3가,동대문역사문화공원,16,27
20250510,을지로3가,동대문역사문화공원,17,34
20250510,을지로3가,동대문역사문화공원,18,21
20250510,을지로3가,동대문역사문화공원,19,12
20250510,을지로3가,동대문역사문화공원,20,20
20250510,을지로3가,동대문역사문화공원,21,25
20250510,을지로3가,동대문역사문화공원,22,19
20250510,을지로3가,동대문역사문화공원,23,7
20250510,을지로3가,뚝섬,6,2
20250510,을지로3가,뚝섬,7,3
20250510,을지로3가,뚝섬,8,5
20250510,을지로3가,뚝섬,9,7
20250510,을지로3가,뚝섬,10,11
20250510,을지로3가,뚝섬,11,17
20250510,을지로3가,뚝섬,12,7
20250510,을지로3가,뚝섬,13,23
20250510,을지로3가,뚝섬,14,18
20250510,을지로3가,뚝섬,15,16
20250510,을지로3가,뚝섬,16,24
20250510,을지로3가,뚝섬,17,16
20250510,을지로3가,뚝섬,18,9
20250510,을지로3가,뚝섬,19,11
20250510,을지로3가,뚝섬,20,10
20250510,을지로3가,뚝섬,21,8
20250510,을지로3가,뚝섬,22,13
20250510,을지로3가,뚝섬,23,8
20250510,을지로3가,문래,7,2
20250510,을지로3가,문래,8,2
20250510,을지로3가,문래,9,2
20250510,을지로3가,문래,10,3
20250510,을지로3가,문래,11,1
20250510,을지로3가,문래,12,5
20250510,을지로3가,문래,13,6
20250510,을지로3가,문래,14,9
20250510,을지로3가,문래,15,8
20250510,을지로3가,문래,16,8
20250510,을지로3가,문래,17,7
20250510,을지로3가,문래,18,12
20250510,을지로3가,문래,19,6
20250510,을지로3가,문래,20,9
20250510,을지로3가,문래,21,6
20250510,을지로3가,문래,22,11
20250510,을지로3가,문래,23,7
20250510,을지로3가,방배,15,1
20250510,을지로3가,방배,16,2
20250510,을지로3가,방배,19,1
20250510,을지로3가,방배,22,1
20250510,을지로3가,봉천,7,2
20250510,을지로3가,봉천,11,1
20250510,을지로3가,봉천,12,2
20250510,을지로3가,봉천,13,4
20250510,을지로3가,봉천,14,2
20250510,을지로3가,봉천,15,3
20250510,을지로3가,봉천,16,5
20250510,을지로3가,봉천,17,8
20250510,을지로3가,봉천,18,3
20250510,을지로3가,봉천,19,4
20250510,을지로3가,봉천,20,12
20250510,을지로3가,봉천,21,3
20250510,을지로3가,봉천,22,11
20250510,을지로3가,봉천,23,5
20250510,을지로3가,사당,8,1
20250510,을지로3가,사당,9,1
20250510,을지로3가,사당,11,2
20250510,을지로3가,사당,13,1
20250510,을지로3가,사당,15,1
20250510,을지로3가,사당,16,2
20250510,을지로3가,사당,17,1
20250510,을지로3가,사당,18,1
20250510,을지로3가,사당,19,2
20250510,을지로3가,사당,20,2
20250510,을지로3가,사당,21,1
20250510,을지로3가,사당,22,3
20250510,을지로3가,사당,23,2
20250510,을지로3가,삼성(무역센터),7,1
20250510,을지로3가,삼성(무역센터),8,3
20250510,을지로3가,삼성(무역센터),9,10
20250510,을지로3가,삼성(무역센터),10,17
20250510,을지로3가,삼성(무역센터),11,20
20250510,을지로3가,삼성(무역센터),12,14
20250510,을지로3가,삼성(무역센터),13,10
20250510,을지로3가,삼성(무역센터),14,18
20250510,을지로3가,삼성(무역센터),15,7
20250510,을지로3가,삼성(무역센터),16,6
20250510,을지로3가,삼성(무역센터),17,5
20250510,을지로3가,삼성(무역센터),18,3
20250510,을지로3가,삼성(무역센터),19,4
20250510,을지로3가,삼성(무역센터),20,10
20250510,을지로3가,삼성(무역센터),21,1
20250510,을지로3가,삼성(무역센터),22,1
20250510,을지로3가,삼성(무역센터),23,4
20250510,을지로3가,상왕십리,5,1
20250510,을지로3가,상왕십리,6,1
20250510,을지로3가,상왕십리,7,4
20250510,을지로3가,상왕십리,8,6
20250510,을지로3가,상왕십리,9,6
20250510,을지로3가,상왕십리,10,5
20250510,을지로3가,상왕십리,11,11
20250510,을지로3가,상왕십리,12,7
20250510,을지로3가,상왕십리,13,10
20250510,을지로3가,상왕십리,14,8
20250510,을지로3가,상왕십리,15,14
20250510,을지로3가,상왕십리,16,12
20250510,을지로3가,상왕십리,17,25
20250510,을지로3가,상왕십리,18,11
20250510,을지로3가,상왕십리,19,26
20250510,을지로3가,상왕십리,20,15
20250510,을지로3가,상왕십리,21,25
20250510,을지로3가,상왕십리,22,13
20250510,을지로3가,상왕십리,23,7
20250510,을지로3가,서울대입구(관악구청),6,1
20250510,을지로3가,서울대입구(관악구청),7,2
20250510,을지로3가,서울대입구(관악구청),8,1
20250510,을지로3가,서울대입구(관악구청),9,1
20250510,을지로3가,서울대입구(관악구청),11,2
20250510,을지로3가,서울대입구(관악구청),12,3
20250510,을지로3가,서울대입구(관악구청),13,3
20250510,을지로3가,서울대입구(관악구청),14,2
20250510,을지로3가,서울대입구(관악구청),15,2
20250510,을지로3가,서울대입구(관악구청),16,13
20250510,을지로3가,서울대입구(관악구청),17,9
20250510,을지로3가,서울대입구(관악구청),18,5
20250510,을지로3가,서울대입구(관악구청),19,10
20250510,을지로3가,서울대입구(관악구청),20,12
20250510,을지로3가,서울대입구(관악구청),21,9
20250510,을지로3가,서울대입구(관악구청),22,15
20250510,을지로3가,서울대입구(관악구청),23,7
20250510,을지로3가,서초,8,1
20250510,을지로3가,서초,12,1
20250510,을지로3가,서초,13,1
20250510,을지로3가,서초,14,1
20250510,을지로3가,서초,16,1
20250510,을지로3가,서초,19,1
20250510,을지로3가,서초,21,1
20250510,을지로3가,선릉,9,2
20250510,을지로3가,선릉,10,1
20250510,을지로3가,선릉,11,1
20250510,을지로3가,선릉,12,2
20250510,을지로3가,선릉,14,1
20250510,을지로3가,선릉,15,1
20250510,을지로3가,선릉,16,6
20250510,을지로3가,선릉,17,1
20250510,을지로3가,선릉,19,3
20250510,을지로3가,선릉,20,5
20250510,을지로3가,선릉,21,2
20250510,을지로3가,선릉,22,5
20250510,을지로3가,성수,5,2
20250510,을지로3가,성수,6,2
20250510,을지로3가,성수,7,2
20250510,을지로3가,성수,8,13
20250510,을지로3가,성수,9,54
20250510,을지로3가,성수,10,68
20250510,을지로3가,성수,11,75
20250510,을지로3가,성수,12,86
20250510,을지로3가,성수,13,63
20250510,을지로3가,성수,14,63
20250510,을지로3가,성수,15,65
20250510,을지로3가,성수,16,57
20250510,을지로3가,성수,17,39
20250510,을지로3가,성수,18,20
20250510,을지로3가,성수,19,16
20250510,을지로3가,성수,20,8
20250510,을지로3가,성수,21,10
20250510,을지로3가,성수,22,2
20250510,을지로3가,성수,23,14
20250510,을지로3가,시청,5,1
20250510,을지로3가,시청,6,1
20250510,을지로3가,시청,8,4
20250510,을지로3가,시청,9,3
20250510,을지로3가,시청,10,8
20250510,을지로3가,시청,11,16
20250510,을지로3가,시청,12,18
20250510,을지로3가,시청,13,14
20250510,을지로3가,시청,14,15
20250510,을지로3가,시청,15,8
20250510,을지로3가,시청,16,18
20250510,을지로3가,시청,17,11
20250510,을지로3가,시청,18,7
20250510,을지로3가,시청,19,12
20250510,을지로3가,시청,20,10
20250510,을지로3가,시청,21,10
20250510,을지로3가,시청,22,5
20250510,을지로3가,시청,23,5
20250510,을지로3가,신당,5,1
20250510,을지로3가,신당,6,2
20250510,을지로3가,신당,7,11
20250510,을지로3가,신당,8,5
20250510,을지로3가,신당,9,8
20250510,을지로3가,신당,10,8
20250510,을지로3가,신당,11,14
20250510,을지로3가,신당,12,19
20250510,을지로3가,신당,13,6
20250510,을지로3가,신당,14,19
20250510,을지로3가,신당,15,18
20250510,을지로3가,신당,16,27
20250510,을지로3가,신당,17,22
20250510,을지로3가,신당,18,11
20250510,을지로3가,신당,19,30
20250510,을지로3가,신당,20,14
20250510,을지로3가,신당,21,16
20250510,을지로3가,신당,22,26
20250510,을지로3가,신당,23,9
20250510,을지로3가,신대방,5,1
20250510,을지로3가,신대방,6,2
20250510,을지로3가,신대방,7,1
20250510,을지로3가,신대방,9,1
20250510,을지로3가,신대방,10,1
20250510,을지로3가,신대방,11,1
20250510,을지로3가,신대방,13,4
20250510,을지로3가,신대방,14,6
20250510,을지로3가,신대방,15,6
20250510,을지로3가,신대방,16,5
20250510,을지로3가,신대방,17,1
20250510,을지로3가,신대방,18,7
20250510,을지로3가,신대방,19,8
20250510,을지로3가,신대방,20,4
20250510,을지로3가,신대방,21,5
20250510,을지로3가,신대방,22,11
20250510,을지로3가,신대방,23,10
20250510,을지로3가,신도림,4,1
20250510,을지로3가,신도림,7,1
20250510,을지로3가,신도림,8,2
20250510,을지로3가,신도림,9,1
20250510,을지로3가,신도림,10,6
20250510,을지로3가,신도림,11,4
20250510,을지로3가,신도림,12,9
20250510,을지로3가,신도림,13,8
20250510,을지로3가,신도림,14,13
20250510,을지로3가,신도림,15,15
20250510,을지로3가,신도림,16,16
20250510,을지로3가,신도림,17,14
20250510,을지로3가,신도림,18,15
20250510,을지로3가,신도림,19,16
20250510,을지로3가,신도림,20,13
20250510,을지로3가,신도림,21,29
20250510,을지로3가,신도림,22,37
20250510,을지로3가,신도림,23,50
20250510,을지로3가,신림,6,1
20250510,을지로3가,신림,9,3
20250510,을지로3가,신림,10,2
20250510,을지로3가,신림,11,3
20250510,을지로3가,신림,12,6
20250510,을지로3가,신림,13,5
20250510,을지로3가,신림,14,8
20250510,을지로3가,신림,15,11
20250510,을지로3가,신림,16,6
20250510,을지로3가,신림,17,11
20250510,을지로3가,신림,18,9
20250510,을지로3가,신림,19,18
20250510,을지로3가,신림,20,24
20250510,을지로3가,신림,21,21
20250510,을지로3가,신림,22,27
20250510,을지로3가,신림,23,20
20250510,을지로3가,신촌,7,3
20250510,을지로3가,신촌,8,10
20250510,을지로3가,신촌,9,29
20250510,을지로3가,신촌,10,16
20250510,을지로3가,신촌,11,29
20250510,을지로3가,신촌,12,34
20250510,을지로3가,신촌,13,41
20250510,을지로3가,신촌,14,29
20250510,을지로3가,신촌,15,41
20250510,을지로3가,신촌,16,72
20250510,을지로3가,신촌,17,51
20250510,을지로3가,신촌,18,47
20250510,을지로3가,신촌,19,41
20250510,을지로3가,신촌,20,33
20250510,을지로3가,신촌,21,47
20250510,을지로3가,신촌,22,37
20250510,을지로3가,신촌,23,23
20250510,을지로3가,아현,7,2
20250510,을지로3가,아현,8,3
20250510,을지로3가,아현,9,7
20250510,을지로3가,아현,10,13
20250510,을지로3가,아현,11,2
20250510,을지로3가,아현,12,4
20250510,을지로3가,아현,13,2
20250510,을지로3가,아현,14,11
20250510,을지로3가,아현,15,13
20250510,을지로3가,아현,16,11
20250510,을지로3가,아현,17,13
20250510,을지로3가,아현,18,10
20250510,을지로3가,아현,19,15
20250510,을지로3가,아현,20,7
20250510,을지로3가,아현,21,8
20250510,을지로3가,아현,22,12
20250510,을지로3가,아현,23,11
20250510,을지로3가,역삼,9,1
20250510,을지로3가,역삼,10,1
20250510,을지로3가,역삼,11,1
20250510,을지로3가,역삼,12,1
20250510,을지로3가,역삼,14,1
20250510,을지로3가,역삼,15,2
20250510,을지로3가,역삼,16,6
20250510,을지로3가,역삼,17,1
20250510,을지로3가,역삼,18,4
20250510,을지로3가,영등포구청,7,1
20250510,을지로3가,영등포구청,8,4
20250510,을지로3가,영등포구청,9,7
20250510,을지로3가,영등포구청,10,2
20250510,을지로3가,영등포구청,11,5
20250510,을지로3가,영등포구청,12,4
20250510,을지로3가,영등포구청,13,7
20250510,을지로3가,영등포구청,14,3
20250510,을지로3가,영등포구청,15,9
20250510,을지로3가,영등포구청,16,4
20250510,을지로3가,영등포구청,17,9
20250510,을지로3가,영등포구청,18,9
20250510,을지로3가,영등포구청,19,4
20250510,을지로3가,영등포구청,20,7
20250510,을지로3가,영등포구청,21,10
20250510,을지로3가,영등포구청,22,14
20250510,을지로3가,영등포구청,23,8
20250510,을지로3가,왕십리(성동구청),6,3
20250510,을지로3가,왕십리(성동구청),7,1
20250510,을지로3가,왕십리(성동구청),8,3
20250510,을지로3가,왕십리(성동구청),9,1
20250510,을지로3가,왕십리(성동구청),10,7
20250510,을지로3가,왕십리(성동구청),11,13
20250510,을지로3가,왕십리(성동구청),12,11
20250510,을지로3가,왕십리(성동구청),13,16
20250510,을지로3가,왕십리(성동구청),14,20
20250510,을지로3가,왕십리(성동구청),15,16
20250510,을지로3가,왕십리(성동구청),16,12
20250510,을지로3가,왕십리(성동구청),17,29
20250510,을지로3가,왕십리(성동구청),18,15
20250510,을지로3가,왕십리(성동구청),19,25
20250510,을지로3가,왕십리(성동구청),20,17
20250510,을지로3가,왕십리(성동구청),21,25
20250510,을지로3가,왕십리(성동구청),22,16
20250510,을지로3가,왕십리(성동구청),23,16
20250510,을지로3가,용두(동대문구청),15,3
20250510,을지로3가,을지로3가,0,5
20250510,을지로3가,을지로3가,5,3
20250510,을지로3가,을지로3가,7,1
20250510,을지로3가,을지로3가,8,7
20250510,을지로3가,을지로3가,9,18
20250510,을지로3가,을지로3가,10,47
20250510,을지로3가,을지로3가,11,46
20250510,을지로3가,을지로3가,12,43
20250510,을지로3가,을지로3가,13,40
20250510,을지로3가,을지로3가,14,35
20250510,을지로3가,을지로3가,15,28
20250510,을지로3가,을지로3가,16,42
20250510,을지로3가,을지로3가,17,43
20250510,을지로3가,을지로3가,18,32
20250510,을지로3가,을지로3가,19,23
20250510,을지로3가,을지로3가,20,36
20250510,을지로3가,을지로3가,21,31
20250510,을지로3가,을지로3가,22,58
20250510,을지로3가,을지로3가,23,34
20250510,을지로3가,을지로4가,7,2
20250510,을지로3가,을지로4가,9,7
20250510,을지로3가,을지로4가,10,32
20250510,을지로3가,을지로4가,11,23
20250510,을지로3가,을지로4가,12,24
20250510,을지로3가,을지로4가,13,16
20250510,을지로3가,을지로4가,14,14
20250510,을지로3가,을지로4가,15,26
20250510,을지로3가,을지로4가,16,16
20250510,을지로3가,을지로4가,17,17
20250510,을지로3가,을지로4가,18,18
20250510,을지로3가,을지로4가,19,11
20250510,을지로3가,을지로4가,20,11
20250510,을지로3가,을지로4가,21,5
20250510,을지로3가,을지로4가,22,3
20250510,을지로3가,을지로4가,23,6
20250510,을지로3가,을지로입구,0,2
20250510,을지로3가,을지로입구,6,1
20250510,을지로3가,을지로입구,7,6
20250510,을지로3가,을지로입구,8,5
20250510,을지로3가,을지로입구,9,11
20250510,을지로3가,을지로입구,10,47
20250510,을지로3가,을지로입구,11,53
20250510,을지로3가,을지로입구,12,58
20250510,을지로3가,을지로입구,13,46
20250510,을지로3가,을지로입구,14,49
20250510,을지로3가,을지로입구,15,35
20250510,을지로3가,을지로입구,16,65
20250510,을지로3가,을지로입구,17,96
20250510,을지로3가,을지로입구,18,65
20250510,을지로3가,을지로입구,19,49
20250510,을지로3가,을지로입구,20,40
20250510,을지로3가,을지로입구,21,26
20250510,을지로3가,을지로입구,22,12
20250510,을지로3가,을지로입구,23,8
20250510,을지로3가,이대,5,1
20250510,을지로3가,이대,7,3
20250510,을지로3가,이대,8,4
20250510,을지로3가,이대,9,8
20250510,을지로3가,이대,10,15
20250510,을지로3가,이대,11,9
20250510,을지로3가,이대,12,14
20250510,을지로3가,이대,13,14
20250510,을지로3가,이대,14,24
20250510,을지로3가,이대,15,12
20250510,을지로3가,이대,16,18
20250510,을지로3가,이대,17,28
20250510,을지로3가,이대,18,14
20250510,을지로3가,이대,19,13
20250510,을지로3가,이대,20,19
20250510,을지로3가,이대,21,16
20250510,을지로3가,이대,22,15
20250510,을지로3가,이대,23,7
20250510,을지로3가,잠실(송파구청),4,1
20250510,을지로3가,잠실(송파구청),6,2
20250510,을지로3가,잠실(송파구청),7,5
20250510,을지로3가,잠실(송파구청),8,10
20250510,을지로3가,잠실(송파구청),9,17
20250510,을지로3가,잠실(송파구청),10,26
20250510,을지로3가,잠실(송파구청),11,33
20250510,을지로3가,잠실(송파구청),12,36
20250510,을지로3가,잠실(송파구청),13,28
20250510,을지로3가,잠실(송파구청),14,32
20250510,을지로3가,잠실(송파구청),15,40
20250510,을지로3가,잠실(송파구청),16,43
20250510,을지로3가,잠실(송파구청),17,26
20250510,을지로3가,잠실(송파구청),18,22
20250510,을지로3가,잠실(송파구청),19,35
20250510,을지로3가,잠실(송파구청),20,18
20250510,을지로3가,잠실(송파구청),21,37
20250510,을지로3가,잠실(송파구청),22,36
20250510,을지로3가,잠실(송파구청),23,14
20250510,을지로3가,잠실나루,5,3
20250510,을지로3가,잠실나루,7,6
20250510,을지로3가,잠실나루,10,1
20250510,을지로3가,잠실나루,11,2
20250510,을지로3가,잠실나루,12,2
20250510,을지로3가,잠실나루,13,1
20250510,을지로3가,잠실나루,14,3
20250510,을지로3가,잠실나루,15,5
20250510,을지로3가,잠실나루,16,9
20250510,을지로3가,잠실나루,17,2
20250510,을지로3가,잠실나루,18,5
20250510,을지로3가,잠실나루,19,12
20250510,을지로3가,잠실나루,20,5
20250510,을지로3가,잠실나루,21,7
20250510,을지로3가,잠실나루,22,10
20250510,을지로3가,잠실나루,23,5
20250510,을지로3가,잠실새내,7,1
20250510,을지로3가,잠실새내,9,3
20250510,을지로3가,잠실새내,11,3
20250510,을지로3가,잠실새내,12,7
20250510,을지로3가,잠실새내,13,5
20250510,을지로3가,잠실새내,14,4
20250510,을지로3가,잠실새내,15,10
20250510,을지로3가,잠실새내,16,7
20250510,을지로3가,잠실새내,17,16
20250510,을지로3가,잠실새내,18,3
20250510,을지로3가,잠실새내,19,3
20250510,을지로3가,잠실새내,20,8
20250510,을지로3가,잠실새내,21,9
20250510,을지로3가,잠실새내,22,16
20250510,을지로3가,잠실새내,23,4
20250510,을지로3가,종합운동장,5,1
20250510,을지로3가,종합운동장,6,1
20250510,을지로3가,종합운동장,8,1
20250510,을지로3가,종합운동장,10,2
20250510,을지로3가,종합운동장,14,2
20250510,을지로3가,종합운동장,15,16
20250510,을지로3가,종합운동장,16,21
20250510,을지로3가,종합운동장,17,4
20250510,을지로3가,종합운동장,19,4
20250510,을지로3가,종합운동장,21,2
20250510,을지로3가,종합운동장,22,4
20250510,을지로3가,종합운동장,23,1
20250510,을지로3가,충정로(경기대입구),7,5
20250510,을지로3가,충정로(경기대입구),8,1
20250510,을지로3가,충정로(경기대입구),9,4
20250510,을지로3가,충정로(경기대입구),10,5
20250510,을지로3가,충정로(경기대입구),11,5
20250510,을지로3가,충정로(경기대입구),12,4
20250510,을지로3가,충정로(경기대입구),13,5
20250510,을지로3가,충정로(경기대입구),14,10
20250510,을지로3가,충정로(경기대입구),15,10
20250510,을지로3가,충정로(경기대입구),16,9
20250510,을지로3가,충정로(경기대입구),17,8
20250510,을지로3가,충정로(경기대입구),18,8
20250510,을지로3가,충정로(경기대입구),19,6
20250510,을지로3가,충정로(경기대입구),20,3
20250510,을지로3가,충정로(경기대입구),21,9
20250510,을지로3가,충정로(경기대입구),22,10
20250510,을지로3가,충정로(경기대입구),23,8
20250510,을지로3가,한양대,7,2
20250510,을지로3가,한양대,8,8
20250510,을지로3가,한양대,9,7
20250510,을지로3가,한양대,10,3
20250510,을지로3가,한양대,11,7
20250510,을지로3가,한양대,12,4
20250510,을지로3가,한양대,13,7
20250510,을지로3가,한양대,14,6
20250510,을지로3가,한양대,15,1
20250510,을지로3가,한양대,16,5
20250510,을지로3가,한양대,17,13
20250510,을지로3가,한양대,18,1
20250510,을지로3가,한양대,19,2
20250510,을지로3가,한양대,20,1
20250510,을지로3가,한양대,21,6
20250510,을지로3가,한양대,22,8
20250510,을지로3가,한양대,23,9
20250510,을지로3가,합정,5,6
20250510,을지로3가,합정,6,1
20250510,을지로3가,합정,7,1
20250510,을지로3가,합정,8,8
20250510,을지로3가,합정,9,15
20250510,을지로3가,합정,10,32
20250510,을지로3가,합정,11,21
20250510,을지로3가,합정,12,22
20250510,을지로3가,합정,13,42
20250510,을지로3가,합정,14,36
20250510,을지로3가,합정,15,31
20250510,을지로3가,합정,16,26
20250510,을지로3가,합정,17,25
20250510,을지로3가,합정,18,33
20250510,을지로3가,합정,19,14
20250510,을지로3가,합정,20,20
20250510,을지로3가,합정,21,30
20250510,을지로3가,합정,22,30
20250510,을지로3가,합정,23,22
20250510,을지로3가,홍대입구,5,3
20250510,을지로3가,홍대입구,6,3
20250510,을지로3가,홍대입구,7,7
20250510,을지로3가,홍대입구,8,11
20250510,을지로3가,홍대입구,9,62
20250510,을지로3가,홍대입구,10,98
20250510,을지로3가,홍대입구,11,121
20250510,을지로3가,홍대입구,12,130
20250510,을지로3가,홍대입구,13,136
20250510,을지로3가,홍대입구,14,134
20250510,을지로3가,홍대입구,15,117
20250510,을지로3가,홍대입구,16,138
20250510,을지로3가,홍대입구,17,131
20250510,을지로3가,홍대입구,18,111
20250510,을지로3가,홍대입구,19,91
20250510,을지로3가,홍대입구,20,116
20250510,을지로3가,홍대입구,21,88
20250510,을지로3가,홍대입구,22,87
20250510,을지로3가,홍대입구,23,72
20250510,을지로4가,강남,5,1
20250510,을지로4가,강남,6,1
20250510,을지로4가,강남,8,5
20250510,을지로4가,강남,9,2
20250510,을지로4가,강남,10,7
20250510,을지로4가,강남,11,4
20250510,을지로4가,강남,12,3
20250510,을지로4가,강남,13,8
20250510,을지로4가,강남,14,3
20250510,을지로4가,강남,15,8
20250510,을지로4가,강남,16,4
20250510,을지로4가,강남,17,6
20250510,을지로4가,강남,21,2
20250510,을지로4가,강남,23,2
20250510,을지로4가,강변(동서울터미널),7,7
20250510,을지로4가,강변(동서울터미널),8,2
20250510,을지로4가,강변(동서울터미널),9,9
20250510,을지로4가,강변(동서울터미널),10,4
20250510,을지로4가,강변(동서울터미널),11,6
20250510,을지로4가,강변(동서울터미널),12,7
20250510,을지로4가,강변(동서울터미널),13,5
20250510,을지로4가,강변(동서울터미널),14,14
20250510,을지로4가,강변(동서울터미널),15,10
20250510,을지로4가,강변(동서울터미널),16,13
20250510,을지로4가,강변(동서울터미널),17,12
20250510,을지로4가,강변(동서울터미널),18,12
20250510,을지로4가,강변(동서울터미널),19,9
20250510,을지로4가,강변(동서울터미널),20,6
20250510,을지로4가,강변(동서울터미널),21,6
20250510,을지로4가,강변(동서울터미널),22,5
20250510,을지로4가,강변(동서울터미널),23,2
20250510,을지로4가,건대입구,5,1
20250510,을지로4가,건대입구,7,1
20250510,을지로4가,건대입구,8,6
20250510,을지로4가,건대입구,9,4
20250510,을지로4가,건대입구,10,2
20250510,을지로4가,건대입구,11,10
20250510,을지로4가,건대입구,12,16
20250510,을지로4가,건대입구,13,14
20250510,을지로4가,건대입구,14,25
20250510,을지로4가,건대입구,15,27
20250510,을지로4가,건대입구,16,20
20250510,을지로4가,건대입구,17,16
20250510,을지로4가,건대입구,18,13
20250510,을지로4가,건대입구,19,20
20250510,을지로4가,건대입구,20,17
20250510,을지로4가,건대입구,21,13
20250510,을지로4가,건대입구,22,10
20250510,을지로4가,건대입구,23,6
20250510,을지로4가,교대(법원.검찰청),9,1
20250510,을지로4가,교대(법원.검찰청),12,2
20250510,을지로4가,교대(법원.검찰청),13,2
20250510,을지로4가,교대(법원.검찰청),16,2
20250510,을지로4가,교대(법원.검찰청),17,3
20250510,을지로4가,교대(법원.검찰청),19,2
20250510,을지로4가,교대(법원.검찰청),20,1
20250510,을지로4가,구로디지털단지,6,2
20250510,을지로4가,구로디지털단지,7,1
20250510,을지로4가,구로디지털단지,8,1
20250510,을지로4가,구로디지털단지,9,2
20250510,을지로4가,구로디지털단지,10,3
20250510,을지로4가,구로디지털단지,11,3
20250510,을지로4가,구로디지털단지,12,3
20250510,을지로4가,구로디지털단지,13,10
20250510,을지로4가,구로디지털단지,14,13
20250510,을지로4가,구로디지털단지,15,12
20250510,을지로4가,구로디지털단지,16,12
20250510,을지로4가,구로디지털단지,17,8
20250510,을지로4가,구로디지털단지,18,4
20250510,을지로4가,구로디지털단지,19,1
20250510,을지로4가,구로디지털단지,20,8
20250510,을지로4가,구로디지털단지,21,9
20250510,을지로4가,구로디지털단지,22,7
20250510,을지로4가,구로디지털단지,23,2
20250510,을지로4가,구의(광진구청),5,1
20250510,을지로4가,구의(광진구청),6,1
20250510,을지로4가,구의(광진구청),7,4
20250510,을지로4가,구의(광진구청),8,2
20250510,을지로4가,구의(광진구청),9,2
20250510,을지로4가,구의(광진구청),10,5
20250510,을지로4가,구의(광진구청),11,4
20250510,을지로4가,구의(광진구청),12,12
20250510,을지로4가,구의(광진구청),13,4
20250510,을지로4가,구의(광진구청),14,7
20250510,을지로4가,구의(광진구청),15,7
20250510,을지로4가,구의(광진구청),16,22
20250510,을지로4가,구의(광진구청),17,16
20250510,을지로4가,구의(광진구청),18,11
20250510,을지로4가,구의(광진구청),19,8
20250510,을지로4가,구의(광진구청),20,9
20250510,을지로4가,구의(광진구청),21,5
20250510,을지로4가,구의(광진구청),22,4
20250510,을지로4가,구의(광진구청),23,4
20250510,을지로4가,낙성대,12,3
20250510,을지로4가,낙성대,13,2
20250510,을지로4가,낙성대,14,1
20250510,을지로4가,낙성대,15,1
20250510,을지로4가,낙성대,16,3
20250510,을지로4가,낙성대,17,1
20250510,을지로4가,낙성대,18,6
20250510,을지로4가,낙성대,20,1
20250510,을지로4가,낙성대,22,1
20250510,을지로4가,낙성대,23,1
20250510,을지로4가,당산,5,1
20250510,을지로4가,당산,6,1
20250510,을지로4가,당산,8,3
20250510,을지로4가,당산,9,1
20250510,을지로4가,당산,10,1
20250510,을지로4가,당산,11,5
20250510,을지로4가,당산,12,4
20250510,을지로4가,당산,13,3
20250510,을지로4가,당산,14,5
20250510,을지로4가,당산,15,15
20250510,을지로4가,당산,16,6
20250510,을지로4가,당산,17,8
20250510,을지로4가,당산,18,5
20250510,을지로4가,당산,19,7
20250510,을지로4가,당산,20,7
20250510,을지로4가,당산,21,4
20250510,을지로4가,당산,22,6
20250510,을지로4가,대림(구로구청),7,1
20250510,을지로4가,대림(구로구청),8,3
20250510,을지로4가,대림(구로구청),9,1
20250510,을지로4가,대림(구로구청),10,1
20250510,을지로4가,대림(구로구청),11,4
20250510,을지로4가,대림(구로구청),12,4
20250510,을지로4가,대림(구로구청),13,8
20250510,을지로4가,대림(구로구청),14,6
20250510,을지로4가,대림(구로구청),15,6
20250510,을지로4가,대림(구로구청),16,10
20250510,을지로4가,대림(구로구청),17,3
20250510,을지로4가,대림(구로구청),18,3
20250510,을지로4가,대림(구로구청),19,1
20250510,을지로4가,대림(구로구청),20,7
20250510,을지로4가,대림(구로구청),21,4
20250510,을지로4가,대림(구로구청),22,2
20250510,을지로4가,대림(구로구청),23,1
20250510,을지로4가,동대문역사문화공원,7,1
20250510,을지로4가,동대문역사문화공원,8,5
20250510,을지로4가,동대문역사문화공원,10,11
20250510,을지로4가,동대문역사문화공원,11,23
20250510,을지로4가,동대문역사문화공원,12,26
20250510,을지로4가,동대문역사문화공원,13,13
20250510,을지로4가,동대문역사문화공원,14,22
20250510,을지로4가,동대문역사문화공원,15,19
20250510,을지로4가,동대문역사문화공원,16,18
20250510,을지로4가,동대문역사문화공원,17,16
20250510,을지로4가,동대문역사문화공원,18,13
20250510,을지로4가,동대문역사문화공원,19,13
20250510,을지로4가,동대문역사문화공원,20,11
20250510,을지로4가,동대문역사문화공원,21,7
20250510,을지로4가,동대문역사문화공원,22,7
20250510,을지로4가,동대문역사문화공원,23,5
20250510,을지로4가,뚝섬,7,3
20250510,을지로4가,뚝섬,8,1
20250510,을지로4가,뚝섬,9,7
20250510,을지로4가,뚝섬,10,16
20250510,을지로4가,뚝섬,11,15
20250510,을지로4가,뚝섬,12,16
20250510,을지로4가,뚝섬,13,17
20250510,을지로4가,뚝섬,14,13
20250510,을지로4가,뚝섬,15,18
20250510,을지로4가,뚝섬,16,10
20250510,을지로4가,뚝섬,17,14
20250510,을지로4가,뚝섬,18,16
20250510,을지로4가,뚝섬,19,8
20250510,을지로4가,뚝섬,20,6
20250510,을지로4가,뚝섬,21,3
20250510,을지로4가,뚝섬,22,2
20250510,을지로4가,뚝섬,23,1
20250510,을지로4가,문래,5,1
20250510,을지로4가,문래,7,1
20250510,을지로4가,문래,8,3
20250510,을지로4가,문래,10,3
20250510,을지로4가,문래,11,2
20250510,을지로4가,문래,12,3
20250510,을지로4가,문래,13,4
20250510,을지로4가,문래,14,4
20250510,을지로4가,문래,15,7
20250510,을지로4가,문래,16,5
20250510,을지로4가,문래,17,6
20250510,을지로4가,문래,18,2
20250510,을지로4가,문래,19,2
20250510,을지로4가,문래,22,1
20250510,을지로4가,방배,8,1
20250510,을지로4가,방배,10,1
20250510,을지로4가,방배,16,1
20250510,을지로4가,방배,19,2
20250510,을지로4가,봉천,10,3
20250510,을지로4가,봉천,11,1
20250510,을지로4가,봉천,13,2
20250510,을지로4가,봉천,14,3
20250510,을지로4가,봉천,15,3
20250510,을지로4가,봉천,16,3
20250510,을지로4가,봉천,17,3
20250510,을지로4가,봉천,18,1
20250510,을지로4가,봉천,19,1
20250510,을지로4가,봉천,20,1
20250510,을지로4가,봉천,21,3
20250510,을지로4가,봉천,22,5
20250510,을지로4가,봉천,23,1
20250510,을지로4가,사당,8,2
20250510,을지로4가,사당,10,2
20250510,을지로4가,사당,12,1
20250510,을지로4가,사당,13,1
20250510,을지로4가,사당,15,2
20250510,을지로4가,사당,16,2
20250510,을지로4가,사당,17,3
20250510,을지로4가,사당,18,3
20250510,을지로4가,사당,19,1
20250510,을지로4가,사당,20,3
20250510,을지로4가,삼성(무역센터),7,2
20250510,을지로4가,삼성(무역센터),8,3
20250510,을지로4가,삼성(무역센터),9,13
20250510,을지로4가,삼성(무역센터),10,10
20250510,을지로4가,삼성(무역센터),11,14
20250510,을지로4가,삼성(무역센터),12,36
20250510,을지로4가,삼성(무역센터),13,21
20250510,을지로4가,삼성(무역센터),14,12
20250510,을지로4가,삼성(무역센터),15,6
20250510,을지로4가,삼성(무역센터),16,16
20250510,을지로4가,삼성(무역센터),17,5
20250510,을지로4가,삼성(무역센터),18,6
20250510,을지로4가,삼성(무역센터),19,11
20250510,을지로4가,삼성(무역센터),20,1
20250510,을지로4가,삼성(무역센터),21,1
20250510,을지로4가,삼성(무역센터),22,3
20250510,을지로4가,삼성(무역센터),23,2
20250510,을지로4가,상왕십리,6,1
20250510,을지로4가,상왕십리,7,4
20250510,을지로4가,상왕십리,8,3
20250510,을지로4가,상왕십리,9,11
20250510,을지로4가,상왕십리,10,2
20250510,을지로4가,상왕십리,11,1
20250510,을지로4가,상왕십리,12,10
20250510,을지로4가,상왕십리,13,9
20250510,을지로4가,상왕십리,14,8
20250510,을지로4가,상왕십리,15,14
20250510,을지로4가,상왕십리,16,13
20250510,을지로4가,상왕십리,17,10
20250510,을지로4가,상왕십리,18,11
20250510,을지로4가,상왕십리,19,8
20250510,을지로4가,상왕십리,20,10
20250510,을지로4가,상왕십리,21,3
20250510,을지로4가,상왕십리,22,3
20250510,을지로4가,상왕십리,23,3
20250510,을지로4가,서울대입구(관악구청),8,2
20250510,을지로4가,서울대입구(관악구청),10,1
20250510,을지로4가,서울대입구(관악구청),12,4
20250510,을지로4가,서울대입구(관악구청),13,2
20250510,을지로4가,서울대입구(관악구청),14,5
20250510,을지로4가,서울대입구(관악구청),15,4
20250510,을지로4가,서울대입구(관악구청),16,4
20250510,을지로4가,서울대입구(관악구청),17,6
20250510,을지로4가,서울대입구(관악구청),18,5
20250510,을지로4가,서울대입구(관악구청),19,1
20250510,을지로4가,서울대입구(관악구청),20,4
20250510,을지로4가,서울대입구(관악구청),21,7
20250510,을지로4가,서울대입구(관악구청),22,6
20250510,을지로4가,서울대입구(관악구청),23,5
20250510,을지로4가,서초,6,1
20250510,을지로4가,서초,11,1
20250510,을지로4가,서초,14,3
20250510,을지로4가,서초,19,3
20250510,을지로4가,선릉,7,1
20250510,을지로4가,선릉,8,3
20250510,을지로4가,선릉,9,4
20250510,을지로4가,선릉,10,4
20250510,을지로4가,선릉,11,2
20250510,을지로4가,선릉,12,1
20250510,을지로4가,선릉,13,3
20250510,을지로4가,선릉,14,4
20250510,을지로4가,선릉,15,8
20250510,을지로4가,선릉,17,3
20250510,을지로4가,선릉,18,2
20250510,을지로4가,선릉,19,3
20250510,을지로4가,선릉,21,4
20250510,을지로4가,선릉,23,1
20250510,을지로4가,성수,5,2
20250510,을지로4가,성수,6,1
20250510,을지로4가,성수,7,3
20250510,을지로4가,성수,8,26
20250510,을지로4가,성수,9,56
20250510,을지로4가,성수,10,70
20250510,을지로4가,성수,11,45
20250510,을지로4가,성수,12,59
20250510,을지로4가,성수,13,59
20250510,을지로4가,성수,14,42
20250510,을지로4가,성수,15,47
20250510,을지로4가,성수,16,42
20250510,을지로4가,성수,17,38
20250510,을지로4가,성수,18,18
20250510,을지로4가,성수,19,12
20250510,을지로4가,성수,20,3
20250510,을지로4가,성수,21,7
20250510,을지로4가,성수,22,1
20250510,을지로4가,성수,23,1
20250510,을지로4가,시청,6,1
20250510,을지로4가,시청,7,2
20250510,을지로4가,시청,9,4
20250510,을지로4가,시청,10,13
20250510,을지로4가,시청,11,8
20250510,을지로4가,시청,12,8
20250510,을지로4가,시청,13,12
20250510,을지로4가,시청,14,6
20250510,을지로4가,시청,15,14
20250510,을지로4가,시청,16,10
20250510,을지로4가,시청,17,2
20250510,을지로4가,시청,18,10
20250510,을지로4가,시청,19,6
20250510,을지로4가,시청,20,3
20250510,을지로4가,시청,21,3
20250510,을지로4가,시청,22,6
20250510,을지로4가,시청,23,1
20250510,을지로4가,신당,5,1
20250510,을지로4가,신당,6,1
20250510,을지로4가,신당,7,3
20250510,을지로4가,신당,8,9
20250510,을지로4가,신당,9,6
20250510,을지로4가,신당,10,5
20250510,을지로4가,신당,11,13
20250510,을지로4가,신당,12,11
20250510,을지로4가,신당,13,24
20250510,을지로4가,신당,14,22
20250510,을지로4가,신당,15,19
20250510,을지로4가,신당,16,18
20250510,을지로4가,신당,17,19
20250510,을지로4가,신당,18,16
20250510,을지로4가,신당,19,13
20250510,을지로4가,신당,20,10
20250510,을지로4가,신당,21,8
20250510,을지로4가,신당,22,6
20250510,을지로4가,신대방,6,1
20250510,을지로4가,신대방,9,1
20250510,을지로4가,신대방,10,3
20250510,을지로4가,신대방,11,4
20250510,을지로4가,신대방,12,1
20250510,을지로4가,신대방,13,4
20250510,을지로4가,신대방,14,1
20250510,을지로4가,신대방,15,10
20250510,을지로4가,신대방,16,5
20250510,을지로4가,신대방,17,7
20250510,을지로4가,신대방,18,2
20250510,을지로4가,신대방,19,9
20250510,을지로4가,신대방,20,1
20250510,을지로4가,신대방,21,1
20250510,을지로4가,신대방,22,3
20250510,을지로4가,신도림,5,1
20250510,을지로4가,신도림,6,1
20250510,을지로4가,신도림,7,1
20250510,을지로4가,신도림,8,1
20250510,을지로4가,신도림,9,2
20250510,을지로4가,신도림,10,8
20250510,을지로4가,신도림,11,7
20250510,을지로4가,신도림,12,37
20250510,을지로4가,신도림,13,6
20250510,을지로4가,신도림,14,12
20250510,을지로4가,신도림,15,9
20250510,을지로4가,신도림,16,6
20250510,을지로4가,신도림,17,5
20250510,을지로4가,신도림,18,13
20250510,을지로4가,신도림,19,4
20250510,을지로4가,신도림,20,7
20250510,을지로4가,신도림,21,3
20250510,을지로4가,신도림,22,7
20250510,을지로4가,신도림,23,7
20250510,을지로4가,신림,10,5
20250510,을지로4가,신림,11,4
20250510,을지로4가,신림,12,5
20250510,을지로4가,신림,13,7
20250510,을지로4가,신림,14,5
20250510,을지로4가,신림,15,5
20250510,을지로4가,신림,16,13
20250510,을지로4가,신림,17,18
20250510,을지로4가,신림,18,4
20250510,을지로4가,신림,19,2
20250510,을지로4가,신림,20,7
20250510,을지로4가,신림,21,3
20250510,을지로4가,신림,22,4
20250510,을지로4가,신림,23,3
20250510,을지로4가,신촌,5,1
20250510,을지로4가,신촌,6,2
20250510,을지로4가,신촌,7,3
20250510,을지로4가,신촌,8,6
20250510,을지로4가,신촌,9,8
20250510,을지로4가,신촌,10,7
20250510,을지로4가,신촌,11,8
20250510,을지로4가,신촌,12,18
20250510,을지로4가,신촌,13,19
20250510,을지로4가,신촌,14,21
20250510,을지로4가,신촌,15,18
20250510,을지로4가,신촌,16,26
20250510,을지로4가,신촌,17,34
20250510,을지로4가,신촌,18,20
20250510,을지로4가,신촌,19,12
20250510,을지로4가,신촌,20,7
20250510,을지로4가,신촌,21,11
20250510,을지로4가,신촌,22,6
20250510,을지로4가,신촌,23,5
20250510,을지로4가,아현,9,1
20250510,을지로4가,아현,10,4
20250510,을지로4가,아현,11,7
20250510,을지로4가,아현,12,12
20250510,을지로4가,아현,13,11
20250510,을지로4가,아현,14,9
20250510,을지로4가,아현,15,10
20250510,을지로4가,아현,16,4
20250510,을지로4가,아현,17,7
20250510,을지로4가,아현,18,3
20250510,을지로4가,아현,19,2
20250510,을지로4가,아현,21,5
20250510,을지로4가,아현,22,1
20250510,을지로4가,역삼,7,2
20250510,을지로4가,역삼,8,1
20250510,을지로4가,역삼,9,2
20250510,을지로4가,역삼,10,3
20250510,을지로4가,역삼,11,1
20250510,을지로4가,역삼,12,1
20250510,을지로4가,역삼,13,1
20250510,을지로4가,역삼,14,2
20250510,을지로4가,역삼,15,1
20250510,을지로4가,역삼,16,2
20250510,을지로4가,역삼,17,5
20250510,을지로4가,역삼,18,2
20250510,을지로4가,역삼,20,1
20250510,을지로4가,역삼,21,2
20250510,을지로4가,영등포구청,5,1
20250510,을지로4가,영등포구청,6,2
20250510,을지로4가,영등포구청,7,1
20250510,을지로4가,영등포구청,8,1
20250510,을지로4가,영등포구청,10,5
20250510,을지로4가,영등포구청,11,4
20250510,을지로4가,영등포구청,12,1
20250510,을지로4가,영등포구청,13,3
20250510,을지로4가,영등포구청,14,2
20250510,을지로4가,영등포구청,15,6
20250510,을지로4가,영등포구청,16,1
20250510,을지로4가,영등포구청,17,1
20250510,을지로4가,영등포구청,18,3
20250510,을지로4가,영등포구청,19,5
20250510,을지로4가,영등포구청,20,1
20250510,을지로4가,영등포구청,21,3
20250510,을지로4가,영등포구청,23,8
20250510,을지로4가,왕십리(성동구청),5,1
20250510,을지로4가,왕십리(성동구청),6,1
20250510,을지로4가,왕십리(성동구청),7,3
20250510,을지로4가,왕십리(성동구청),8,2
20250510,을지로4가,왕십리(성동구청),9,5
20250510,을지로4가,왕십리(성동구청),10,5
20250510,을지로4가,왕십리(성동구청),11,2
20250510,을지로4가,왕십리(성동구청),12,8
20250510,을지로4가,왕십리(성동구청),13,5
20250510,을지로4가,왕십리(성동구청),14,7
20250510,을지로4가,왕십리(성동구청),15,10
20250510,을지로4가,왕십리(성동구청),16,16
20250510,을지로4가,왕십리(성동구청),17,18
20250510,을지로4가,왕십리(성동구청),18,6
20250510,을지로4가,왕십리(성동구청),19,13
20250510,을지로4가,왕십리(성동구청),20,1
20250510,을지로4가,왕십리(성동구청),21,9
20250510,을지로4가,왕십리(성동구청),22,3
20250510,을지로4가,왕십리(성동구청),23,2
20250510,을지로4가,용두(동대문구청),16,2
20250510,을지로4가,용두(동대문구청),22,2
20250510,을지로4가,을지로3가,7,2
20250510,을지로4가,을지로3가,8,5
20250510,을지로4가,을지로3가,9,14
20250510,을지로4가,을지로3가,10,5
20250510,을지로4가,을지로3가,11,14
20250510,을지로4가,을지로3가,12,11
20250510,을지로4가,을지로3가,13,24
20250510,을지로4가,을지로3가,14,6
20250510,을지로4가,을지로3가,15,16
20250510,을지로4가,을지로3가,16,18
20250510,을지로4가,을지로3가,17,23
20250510,을지로4가,을지로3가,18,13
20250510,을지로4가,을지로3가,19,19
20250510,을지로4가,을지로3가,20,9
20250510,을지로4가,을지로3가,21,3
20250510,을지로4가,을지로3가,22,8
20250510,을지로4가,을지로3가,23,5
20250510,을지로4가,을지로4가,5,2
20250510,을지로4가,을지로4가,6,2
20250510,을지로4가,을지로4가,7,8
20250510,을지로4가,을지로4가,8,11
20250510,을지로4가,을지로4가,9,28
20250510,을지로4가,을지로4가,10,29
20250510,을지로4가,을지로4가,11,22
20250510,을지로4가,을지로4가,12,27
20250510,을지로4가,을지로4가,13,24
20250510,을지로4가,을지로4가,14,31
20250510,을지로4가,을지로4가,15,15
20250510,을지로4가,을지로4가,16,23
20250510,을지로4가,을지로4가,17,28
20250510,을지로4가,을지로4가,18,24
20250510,을지로4가,을지로4가,19,14
20250510,을지로4가,을지로4가,20,10
20250510,을지로4가,을지로4가,21,7
20250510,을지로4가,을지로4가,22,11
20250510,을지로4가,을지로4가,23,4
20250510,을지로4가,을지로입구,6,4
20250510,을지로4가,을지로입구,7,4
20250510,을지로4가,을지로입구,8,19
20250510,을지로4가,을지로입구,9,35
20250510,을지로4가,을지로입구,10,69
20250510,을지로4가,을지로입구,11,50
20250510,을지로4가,을지로입구,12,51
20250510,을지로4가,을지로입구,13,69
20250510,을지로4가,을지로입구,14,41
20250510,을지로4가,을지로입구,15,51
20250510,을지로4가,을지로입구,16,55
20250510,을지로4가,을지로입구,17,82
20250510,을지로4가,을지로입구,18,39
20250510,을지로4가,을지로입구,19,48
20250510,을지로4가,을지로입구,20,33
20250510,을지로4가,을지로입구,21,15
20250510,을지로4가,을지로입구,22,7
20250510,을지로4가,을지로입구,23,1
20250510,을지로4가,이대,7,1
20250510,을지로4가,이대,8,7
20250510,을지로4가,이대,9,17
20250510,을지로4가,이대,10,3
20250510,을지로4가,이대,11,12
20250510,을지로4가,이대,12,2
20250510,을지로4가,이대,13,9
20250510,을지로4가,이대,14,9
20250510,을지로4가,이대,15,5
20250510,을지로4가,이대,16,17
20250510,을지로4가,이대,17,9
20250510,을지로4가,이대,18,6
20250510,을지로4가,이대,19,8
20250510,을지로4가,이대,20,2
20250510,을지로4가,이대,21,6
20250510,을지로4가,이대,22,5
20250510,을지로4가,이대,23,7
20250510,을지로4가,잠실(송파구청),5,3
20250510,을지로4가,잠실(송파구청),6,1
20250510,을지로4가,잠실(송파구청),7,1
20250510,을지로4가,잠실(송파구청),8,18
20250510,을지로4가,잠실(송파구청),9,25
20250510,을지로4가,잠실(송파구청),10,19
20250510,을지로4가,잠실(송파구청),11,26
20250510,을지로4가,잠실(송파구청),12,33
20250510,을지로4가,잠실(송파구청),13,34
20250510,을지로4가,잠실(송파구청),14,31
20250510,을지로4가,잠실(송파구청),15,37
20250510,을지로4가,잠실(송파구청),16,41
20250510,을지로4가,잠실(송파구청),17,32
20250510,을지로4가,잠실(송파구청),18,23
20250510,을지로4가,잠실(송파구청),19,36
20250510,을지로4가,잠실(송파구청),20,12
20250510,을지로4가,잠실(송파구청),21,12
20250510,을지로4가,잠실(송파구청),22,13
20250510,을지로4가,잠실(송파구청),23,8
20250510,을지로4가,잠실나루,5,5
20250510,을지로4가,잠실나루,8,2
20250510,을지로4가,잠실나루,9,3
20250510,을지로4가,잠실나루,10,2
20250510,을지로4가,잠실나루,11,2
20250510,을지로4가,잠실나루,12,4
20250510,을지로4가,잠실나루,13,1
20250510,을지로4가,잠실나루,14,3
20250510,을지로4가,잠실나루,15,5
20250510,을지로4가,잠실나루,16,8
20250510,을지로4가,잠실나루,17,7
20250510,을지로4가,잠실나루,18,3
20250510,을지로4가,잠실나루,19,3
20250510,을지로4가,잠실나루,20,2
20250510,을지로4가,잠실나루,21,2
20250510,을지로4가,잠실나루,22,1
20250510,을지로4가,잠실새내,5,1
20250510,을지로4가,잠실새내,8,2
20250510,을지로4가,잠실새내,9,3
20250510,을지로4가,잠실새내,10,4
20250510,을지로4가,잠실새내,11,4
20250510,을지로4가,잠실새내,12,2
20250510,을지로4가,잠실새내,13,1
20250510,을지로4가,잠실새내,14,8
20250510,을지로4가,잠실새내,15,15
20250510,을지로4가,잠실새내,16,11
20250510,을지로4가,잠실새내,17,5
20250510,을지로4가,잠실새내,18,9
20250510,을지로4가,잠실새내,19,6
20250510,을지로4가,잠실새내,20,5
20250510,을지로4가,잠실새내,21,6
20250510,을지로4가,잠실새내,22,2
20250510,을지로4가,잠실새내,23,1
20250510,을지로4가,종합운동장,5,2
20250510,을지로4가,종합운동장,7,3
20250510,을지로4가,종합운동장,8,2
20250510,을지로4가,종합운동장,10,1
20250510,을지로4가,종합운동장,11,1
20250510,을지로4가,종합운동장,12,1
20250510,을지로4가,종합운동장,13,4
20250510,을지로4가,종합운동장,14,9
20250510,을지로4가,종합운동장,15,24
20250510,을지로4가,종합운동장,16,16
20250510,을지로4가,종합운동장,17,1
20250510,을지로4가,종합운동장,18,1
20250510,을지로4가,종합운동장,19,1
20250510,을지로4가,종합운동장,20,3
20250510,을지로4가,종합운동장,21,2
20250510,을지로4가,종합운동장,22,1
20250510,을지로4가,충정로(경기대입구),5,1
20250510,을지로4가,충정로(경기대입구),7,1
20250510,을지로4가,충정로(경기대입구),8,1
20250510,을지로4가,충정로(경기대입구),9,3
20250510,을지로4가,충정로(경기대입구),10,4
20250510,을지로4가,충정로(경기대입구),11,4
20250510,을지로4가,충정로(경기대입구),12,5
20250510,을지로4가,충정로(경기대입구),13,2
20250510,을지로4가,충정로(경기대입구),14,10
20250510,을지로4가,충정로(경기대입구),15,5
20250510,을지로4가,충정로(경기대입구),16,9
20250510,을지로4가,충정로(경기대입구),17,11
20250510,을지로4가,충정로(경기대입구),18,4
20250510,을지로4가,충정로(경기대입구),19,2
20250510,을지로4가,충정로(경기대입구),20,4
20250510,을지로4가,충정로(경기대입구),21,5
20250510,을지로4가,충정로(경기대입구),22,3
20250510,을지로4가,충정로(경기대입구),23,3
20250510,을지로4가,한양대,5,1
20250510,을지로4가,한양대,8,1
20250510,을지로4가,한양대,9,3
20250510,을지로4가,한양대,10,2
20250510,을지로4가,한양대,11,2
20250510,을지로4가,한양대,12,2
20250510,을지로4가,한양대,13,2
20250510,을지로4가,한양대,14,7
20250510,을지로4가,한양대,15,8
20250510,을지로4가,한양대,16,4
20250510,을지로4가,한양대,17,1
20250510,을지로4가,한양대,18,2
20250510,을지로4가,한양대,19,2
20250510,을지로4가,한양대,20,8
20250510,을지로4가,한양대,21,4
20250510,을지로4가,합정,5,3
20250510,을지로4가,합정,6,1
20250510,을지로4가,합정,7,2
20250510,을지로4가,합정,8,6
20250510,을지로4가,합정,9,12
20250510,을지로4가,합정,10,11
20250510,을지로4가,합정,11,9
20250510,을지로4가,합정,12,21
20250510,을지로4가,합정,13,16
20250510,을지로4가,합정,14,21
20250510,을지로4가,합정,15,26
20250510,을지로4가,합정,16,13
20250510,을지로4가,합정,17,20
20250510,을지로4가,합정,18,8
20250510,을지로4가,합정,19,13
20250510,을지로4가,합정,20,13
20250510,을지로4가,합정,21,8
20250510,을지로4가,합정,22,6
20250510,을지로4가,합정,23,3
20250510,을지로4가,홍대입구,5,1
20250510,을지로4가,홍대입구,7,1
20250510,을지로4가,홍대입구,8,11
20250510,을지로4가,홍대입구,9,43
20250510,을지로4가,홍대입구,10,65
20250510,을지로4가,홍대입구,11,57
20250510,을지로4가,홍대입구,12,94
20250510,을지로4가,홍대입구,13,59
20250510,을지로4가,홍대입구,14,64
20250510,을지로4가,홍대입구,15,85
20250510,을지로4가,홍대입구,16,85
20250510,을지로4가,홍대입구,17,64
20250510,을지로4가,홍대입구,18,78
20250510,을지로4가,홍대입구,19,56
20250510,을지로4가,홍대입구,20,45
20250510,을지로4가,홍대입구,21,26
20250510,을지로4가,홍대입구,22,35
20250510,을지로4가,홍대입구,23,26
20250510,을지로입구,강남,7,2
20250510,을지로입구,강남,8,2
20250510,을지로입구,강남,9,5
20250510,을지로입구,강남,10,8
20250510,을지로입구,강남,11,9
20250510,을지로입구,강남,12,13
20250510,을지로입구,강남,13,9
20250510,을지로입구,강남,14,5
20250510,을지로입구,강남,15,8
20250510,을지로입구,강남,16,13
20250510,을지로입구,강남,17,12
20250510,을지로입구,강남,18,5
20250510,을지로입구,강남,19,1
20250510,을지로입구,강남,20,7
20250510,을지로입구,강남,21,3
20250510,을지로입구,강남,22,5
20250510,을지로입구,강변(동서울터미널),5,3
20250510,을지로입구,강변(동서울터미널),6,1
20250510,을지로입구,강변(동서울터미널),7,2
20250510,을지로입구,강변(동서울터미널),8,1
20250510,을지로입구,강변(동서울터미널),9,3
20250510,을지로입구,강변(동서울터미널),10,2
20250510,을지로입구,강변(동서울터미널),11,15
20250510,을지로입구,강변(동서울터미널),12,7
20250510,을지로입구,강변(동서울터미널),13,15
20250510,을지로입구,강변(동서울터미널),14,23
20250510,을지로입구,강변(동서울터미널),15,22
20250510,을지로입구,강변(동서울터미널),16,31
20250510,을지로입구,강변(동서울터미널),17,28
20250510,을지로입구,강변(동서울터미널),18,21
20250510,을지로입구,강변(동서울터미널),19,10
20250510,을지로입구,강변(동서울터미널),20,27
20250510,을지로입구,강변(동서울터미널),21,8
20250510,을지로입구,강변(동서울터미널),22,6
20250510,을지로입구,강변(동서울터미널),23,3
20250510,을지로입구,건대입구,5,2
20250510,을지로입구,건대입구,6,1
20250510,을지로입구,건대입구,7,2
20250510,을지로입구,건대입구,8,3
20250510,을지로입구,건대입구,9,6
20250510,을지로입구,건대입구,10,11
20250510,을지로입구,건대입구,11,10
20250510,을지로입구,건대입구,12,15
20250510,을지로입구,건대입구,13,25
20250510,을지로입구,건대입구,14,33
20250510,을지로입구,건대입구,15,35
20250510,을지로입구,건대입구,16,44
20250510,을지로입구,건대입구,17,45
20250510,을지로입구,건대입구,18,31
20250510,을지로입구,건대입구,19,57
20250510,을지로입구,건대입구,20,61
20250510,을지로입구,건대입구,21,51
20250510,을지로입구,건대입구,22,48
20250510,을지로입구,건대입구,23,35
20250510,을지로입구,교대(법원.검찰청),10,2
20250510,을지로입구,교대(법원.검찰청),12,2
20250510,을지로입구,교대(법원.검찰청),13,5
20250510,을지로입구,교대(법원.검찰청),14,3
20250510,을지로입구,교대(법원.검찰청),15,5
20250510,을지로입구,교대(법원.검찰청),16,8
20250510,을지로입구,교대(법원.검찰청),17,8
20250510,을지로입구,교대(법원.검찰청),18,1
20250510,을지로입구,교대(법원.검찰청),19,2
20250510,을지로입구,교대(법원.검찰청),21,1
20250510,을지로입구,구로디지털단지,5,2
20250510,을지로입구,구로디지털단지,6,3
20250510,을지로입구,구로디지털단지,7,1
20250510,을지로입구,구로디지털단지,8,3
20250510,을지로입구,구로디지털단지,9,2
20250510,을지로입구,구로디지털단지,10,2
20250510,을지로입구,구로디지털단지,11,6
20250510,을지로입구,구로디지털단지,12,6
20250510,을지로입구,구로디지털단지,13,9
20250510,을지로입구,구로디지털단지,14,25
20250510,을지로입구,구로디지털단지,15,23
20250510,을지로입구,구로디지털단지,16,44
20250510,을지로입구,구로디지털단지,17,29
20250510,을지로입구,구로디지털단지,18,56
20250510,을지로입구,구로디지털단지,19,44
20250510,을지로입구,구로디지털단지,20,69
20250510,을지로입구,구로디지털단지,21,59
20250510,을지로입구,구로디지털단지,22,46
20250510,을지로입구,구로디지털단지,23,27
20250510,을지로입구,구의(광진구청),5,2
20250510,을지로입구,구의(광진구청),6,1
20250510,을지로입구,구의(광진구청),7,4
20250510,을지로입구,구의(광진구청),8,1
20250510,을지로입구,구의(광진구청),9,2
20250510,을지로입구,구의(광진구청),10,2
20250510,을지로입구,구의(광진구청),11,3
20250510,을지로입구,구의(광진구청),12,7
20250510,을지로입구,구의(광진구청),13,14
20250510,을지로입구,구의(광진구청),14,11
20250510,을지로입구,구의(광진구청),15,16
20250510,을지로입구,구의(광진구청),16,16
20250510,을지로입구,구의(광진구청),17,25
20250510,을지로입구,구의(광진구청),18,22
20250510,을지로입구,구의(광진구청),19,28
20250510,을지로입구,구의(광진구청),20,44
20250510,을지로입구,구의(광진구청),21,23
20250510,을지로입구,구의(광진구청),22,36
20250510,을지로입구,구의(광진구청),23,4
20250510,을지로입구,낙성대,8,1
20250510,을지로입구,낙성대,10,1
20250510,을지로입구,낙성대,11,2
20250510,을지로입구,낙성대,12,1
20250510,을지로입구,낙성대,13,2
20250510,을지로입구,낙성대,14,4
20250510,을지로입구,낙성대,15,5
20250510,을지로입구,낙성대,16,9
20250510,을지로입구,낙성대,17,8
20250510,을지로입구,낙성대,18,7
20250510,을지로입구,낙성대,19,5
20250510,을지로입구,낙성대,20,15
20250510,을지로입구,낙성대,21,5
20250510,을지로입구,낙성대,22,11
20250510,을지로입구,당산,5,4
20250510,을지로입구,당산,6,3
20250510,을지로입구,당산,7,2
20250510,을지로입구,당산,8,4
20250510,을지로입구,당산,9,8
20250510,을지로입구,당산,10,3
20250510,을지로입구,당산,11,5
20250510,을지로입구,당산,12,9
20250510,을지로입구,당산,13,22
20250510,을지로입구,당산,14,26
20250510,을지로입구,당산,15,28
20250510,을지로입구,당산,16,37
20250510,을지로입구,당산,17,38
20250510,을지로입구,당산,18,34
20250510,을지로입구,당산,19,35
20250510,을지로입구,당산,20,54
20250510,을지로입구,당산,21,38
20250510,을지로입구,당산,22,25
20250510,을지로입구,당산,23,16
20250510,을지로입구,대림(구로구청),5,3
20250510,을지로입구,대림(구로구청),6,3
20250510,을지로입구,대림(구로구청),8,2
20250510,을지로입구,대림(구로구청),9,2
20250510,을지로입구,대림(구로구청),10,6
20250510,을지로입구,대림(구로구청),11,1
20250510,을지로입구,대림(구로구청),12,5
20250510,을지로입구,대림(구로구청),13,3
20250510,을지로입구,대림(구로구청),14,9
20250510,을지로입구,대림(구로구청),15,14
20250510,을지로입구,대림(구로구청),16,13
20250510,을지로입구,대림(구로구청),17,28
20250510,을지로입구,대림(구로구청),18,36
20250510,을지로입구,대림(구로구청),19,41
20250510,을지로입구,대림(구로구청),20,59
20250510,을지로입구,대림(구로구청),21,30
20250510,을지로입구,대림(구로구청),22,42
20250510,을지로입구,대림(구로구청),23,24
20250510,을지로입구,동대문역사문화공원,5,2
20250510,을지로입구,동대문역사문화공원,7,6
20250510,을지로입구,동대문역사문화공원,8,20
20250510,을지로입구,동대문역사문화공원,9,7
20250510,을지로입구,동대문역사문화공원,10,11
20250510,을지로입구,동대문역사문화공원,11,27
20250510,을지로입구,동대문역사문화공원,12,41
20250510,을지로입구,동대문역사문화공원,13,26
20250510,을지로입구,동대문역사문화공원,14,51
20250510,을지로입구,동대문역사문화공원,15,59
20250510,을지로입구,동대문역사문화공원,16,59
20250510,을지로입구,동대문역사문화공원,17,63
20250510,을지로입구,동대문역사문화공원,18,55
20250510,을지로입구,동대문역사문화공원,19,61
20250510,을지로입구,동대문역사문화공원,20,61
20250510,을지로입구,동대문역사문화공원,21,49
20250510,을지로입구,동대문역사문화공원,22,52
20250510,을지로입구,동대문역사문화공원,23,14
20250510,을지로입구,뚝섬,5,1
20250510,을지로입구,뚝섬,7,2
20250510,을지로입구,뚝섬,8,3
20250510,을지로입구,뚝섬,9,12
20250510,을지로입구,뚝섬,10,23
20250510,을지로입구,뚝섬,11,14
20250510,을지로입구,뚝섬,12,22
20250510,을지로입구,뚝섬,13,18
20250510,을지로입구,뚝섬,14,37
20250510,을지로입구,뚝섬,15,31
20250510,을지로입구,뚝섬,16,22
20250510,을지로입구,뚝섬,17,36
20250510,을지로입구,뚝섬,18,19
20250510,을지로입구,뚝섬,19,9
20250510,을지로입구,뚝섬,20,16
20250510,을지로입구,뚝섬,21,6
20250510,을지로입구,뚝섬,22,2
20250510,을지로입구,뚝섬,23,4
20250510,을지로입구,문래,7,2
20250510,을지로입구,문래,8,8
20250510,을지로입구,문래,9,6
20250510,을지로입구,문래,10,6
20250510,을지로입구,문래,11,5
20250510,을지로입구,문래,12,20
20250510,을지로입구,문래,13,10
20250510,을지로입구,문래,14,15
20250510,을지로입구,문래,15,19
20250510,을지로입구,문래,16,11
20250510,을지로입구,문래,17,22
20250510,을지로입구,문래,18,10
20250510,을지로입구,문래,19,17
20250510,을지로입구,문래,20,21
20250510,을지로입구,문래,21,11
20250510,을지로입구,문래,22,8
20250510,을지로입구,문래,23,6
20250510,을지로입구,방배,7,1
20250510,을지로입구,방배,8,1
20250510,을지로입구,방배,11,1
20250510,을지로입구,방배,14,3
20250510,을지로입구,방배,16,1
20250510,을지로입구,방배,17,2
20250510,을지로입구,방배,18,3
20250510,을지로입구,방배,19,1
20250510,을지로입구,방배,20,1
20250510,을지로입구,방배,21,2
20250510,을지로입구,방배,22,2
20250510,을지로입구,봉천,7,1
20250510,을지로입구,봉천,8,1
20250510,을지로입구,봉천,10,3
20250510,을지로입구,봉천,11,3
20250510,을지로입구,봉천,12,5
20250510,을지로입구,봉천,13,2
20250510,을지로입구,봉천,14,6
20250510,을지로입구,봉천,15,6
20250510,을지로입구,봉천,16,4
20250510,을지로입구,봉천,17,10
20250510,을지로입구,봉천,18,16
20250510,을지로입구,봉천,19,12
20250510,을지로입구,봉천,20,14
20250510,을지로입구,봉천,21,8
20250510,을지로입구,봉천,22,11
20250510,을지로입구,봉천,23,3
20250510,을지로입구,사당,9,2
20250510,을지로입구,사당,14,2
20250510,을지로입구,사당,15,5
20250510,을지로입구,사당,17,8
20250510,을지로입구,사당,18,5
20250510,을지로입구,사당,19,3
20250510,을지로입구,사당,20,5
20250510,을지로입구,사당,21,4
20250510,을지로입구,사당,22,3
20250510,을지로입구,삼성(무역센터),5,1
20250510,을지로입구,삼성(무역센터),6,1
20250510,을지로입구,삼성(무역센터),8,1
20250510,을지로입구,삼성(무역센터),9,14
20250510,을지로입구,삼성(무역센터),10,30
20250510,을지로입구,삼성(무역센터),11,25
20250510,을지로입구,삼성(무역센터),12,23
20250510,을지로입구,삼성(무역센터),13,36
20250510,을지로입구,삼성(무역센터),14,32
20250510,을지로입구,삼성(무역센터),15,30
20250510,을지로입구,삼성(무역센터),16,14
20250510,을지로입구,삼성(무역센터),17,31
20250510,을지로입구,삼성(무역센터),18,14
20250510,을지로입구,삼성(무역센터),19,8
20250510,을지로입구,삼성(무역센터),20,6
20250510,을지로입구,삼성(무역센터),21,4
20250510,을지로입구,삼성(무역센터),22,5
20250510,을지로입구,삼성(무역센터),23,2
20250510,을지로입구,상왕십리,7,2
20250510,을지로입구,상왕십리,8,2
20250510,을지로입구,상왕십리,9,3
20250510,을지로입구,상왕십리,10,5
20250510,을지로입구,상왕십리,11,10
20250510,을지로입구,상왕십리,12,11
20250510,을지로입구,상왕십리,13,24
20250510,을지로입구,상왕십리,14,21
20250510,을지로입구,상왕십리,15,23
20250510,을지로입구,상왕십리,16,28
20250510,을지로입구,상왕십리,17,30
20250510,을지로입구,상왕십리,18,32
20250510,을지로입구,상왕십리,19,38
20250510,을지로입구,상왕십리,20,34
20250510,을지로입구,상왕십리,21,22
20250510,을지로입구,상왕십리,22,24
20250510,을지로입구,상왕십리,23,14
20250510,을지로입구,서울대입구(관악구청),8,3
20250510,을지로입구,서울대입구(관악구청),9,1
20250510,을지로입구,서울대입구(관악구청),11,4
20250510,을지로입구,서울대입구(관악구청),12,6
20250510,을지로입구,서울대입구(관악구청),13,7
20250510,을지로입구,서울대입구(관악구청),14,4
20250510,을지로입구,서울대입구(관악구청),15,7
20250510,을지로입구,서울대입구(관악구청),16,12
20250510,을지로입구,서울대입구(관악구청),17,18
20250510,을지로입구,서울대입구(관악구청),18,15
20250510,을지로입구,서울대입구(관악구청),19,13
20250510,을지로입구,서울대입구(관악구청),20,15
20250510,을지로입구,서울대입구(관악구청),21,12
20250510,을지로입구,서울대입구(관악구청),22,18
20250510,을지로입구,서울대입구(관악구청),23,5
20250510,을지로입구,서초,7,1
20250510,을지로입구,서초,13,2
20250510,을지로입구,서초,14,4
20250510,을지로입구,서초,15,1
20250510,을지로입구,서초,17,1
20250510,을지로입구,서초,22,1
20250510,을지로입구,선릉,9,5
20250510,을지로입구,선릉,11,4
20250510,을지로입구,선릉,12,1
20250510,을지로입구,선릉,13,1
20250510,을지로입구,선릉,14,8
20250510,을지로입구,선릉,15,5
20250510,을지로입구,선릉,16,6
20250510,을지로입구,선릉,17,3
20250510,을지로입구,선릉,18,3
20250510,을지로입구,선릉,19,4
20250510,을지로입구,선릉,20,8
20250510,을지로입구,선릉,21,5
20250510,을지로입구,선릉,22,4
20250510,을지로입구,성수,5,3
20250510,을지로입구,성수,6,2
20250510,을지로입구,성수,7,8
20250510,을지로입구,성수,8,20
20250510,을지로입구,성수,9,50
20250510,을지로입구,성수,10,73
20250510,을지로입구,성수,11,78
20250510,을지로입구,성수,12,54
20250510,을지로입구,성수,13,83
20250510,을지로입구,성수,14,112
20250510,을지로입구,성수,15,77
20250510,을지로입구,성수,16,80
20250510,을지로입구,성수,17,54
20250510,을지로입구,성수,18,53
20250510,을지로입구,성수,19,34
20250510,을지로입구,성수,20,16
20250510,을지로입구,성수,21,12
20250510,을지로입구,성수,22,14
20250510,을지로입구,성수,23,27
20250510,을지로입구,시청,6,1
20250510,을지로입구,시청,9,4
20250510,을지로입구,시청,10,12
20250510,을지로입구,시청,11,15
20250510,을지로입구,시청,12,20
20250510,을지로입구,시청,13,15
20250510,을지로입구,시청,14,13
20250510,을지로입구,시청,15,27
20250510,을지로입구,시청,16,22
20250510,을지로입구,시청,17,23
20250510,을지로입구,시청,18,23
20250510,을지로입구,시청,19,11
20250510,을지로입구,시청,20,22
20250510,을지로입구,시청,21,11
20250510,을지로입구,시청,22,3
20250510,을지로입구,시청,23,6
20250510,을지로입구,신당,6,1
20250510,을지로입구,신당,7,2
20250510,을지로입구,신당,8,5
20250510,을지로입구,신당,9,11
20250510,을지로입구,신당,10,16
20250510,을지로입구,신당,11,10
20250510,을지로입구,신당,12,17
20250510,을지로입구,신당,13,29
20250510,을지로입구,신당,14,29
20250510,을지로입구,신당,15,37
20250510,을지로입구,신당,16,60
20250510,을지로입구,신당,17,31
20250510,을지로입구,신당,18,43
20250510,을지로입구,신당,19,42
20250510,을지로입구,신당,20,75
20250510,을지로입구,신당,21,34
20250510,을지로입구,신당,22,36
20250510,을지로입구,신당,23,10
20250510,을지로입구,신대방,6,1
20250510,을지로입구,신대방,7,1
20250510,을지로입구,신대방,8,3
20250510,을지로입구,신대방,9,1
20250510,을지로입구,신대방,11,6
20250510,을지로입구,신대방,12,2
20250510,을지로입구,신대방,13,9
20250510,을지로입구,신대방,14,6
20250510,을지로입구,신대방,15,20
20250510,을지로입구,신대방,16,16
20250510,을지로입구,신대방,17,15
20250510,을지로입구,신대방,18,15
20250510,을지로입구,신대방,19,24
20250510,을지로입구,신대방,20,46
20250510,을지로입구,신대방,21,21
20250510,을지로입구,신대방,22,29
20250510,을지로입구,신대방,23,8
20250510,을지로입구,신도림,5,1
20250510,을지로입구,신도림,6,2
20250510,을지로입구,신도림,7,1
20250510,을지로입구,신도림,9,4
20250510,을지로입구,신도림,10,1
20250510,을지로입구,신도림,11,15
20250510,을지로입구,신도림,12,11
20250510,을지로입구,신도림,13,29
20250510,을지로입구,신도림,14,21
20250510,을지로입구,신도림,15,32
20250510,을지로입구,신도림,16,51
20250510,을지로입구,신도림,17,35
20250510,을지로입구,신도림,18,40
20250510,을지로입구,신도림,19,44
20250510,을지로입구,신도림,20,61
20250510,을지로입구,신도림,21,36
20250510,을지로입구,신도림,22,37
20250510,을지로입구,신도림,23,34
20250510,을지로입구,신림,4,1
20250510,을지로입구,신림,6,3
20250510,을지로입구,신림,7,7
20250510,을지로입구,신림,8,6
20250510,을지로입구,신림,9,1
20250510,을지로입구,신림,11,5
20250510,을지로입구,신림,12,10
20250510,을지로입구,신림,13,11
20250510,을지로입구,신림,14,10
20250510,을지로입구,신림,15,20
20250510,을지로입구,신림,16,22
20250510,을지로입구,신림,17,28
20250510,을지로입구,신림,18,26
20250510,을지로입구,신림,19,33
20250510,을지로입구,신림,20,59
20250510,을지로입구,신림,21,28
20250510,을지로입구,신림,22,34
20250510,을지로입구,신림,23,15
20250510,을지로입구,신촌,5,1
20250510,을지로입구,신촌,6,4
20250510,을지로입구,신촌,7,7
20250510,을지로입구,신촌,8,28
20250510,을지로입구,신촌,9,30
20250510,을지로입구,신촌,10,51
20250510,을지로입구,신촌,11,46
20250510,을지로입구,신촌,12,60
20250510,을지로입구,신촌,13,76
20250510,을지로입구,신촌,14,94
20250510,을지로입구,신촌,15,99
20250510,을지로입구,신촌,16,114
20250510,을지로입구,신촌,17,145
20250510,을지로입구,신촌,18,96
20250510,을지로입구,신촌,19,104
20250510,을지로입구,신촌,20,89
20250510,을지로입구,신촌,21,67
20250510,을지로입구,신촌,22,84
20250510,을지로입구,신촌,23,43
20250510,을지로입구,아현,6,4
20250510,을지로입구,아현,8,9
20250510,을지로입구,아현,9,1
20250510,을지로입구,아현,10,10
20250510,을지로입구,아현,11,17
20250510,을지로입구,아현,12,18
20250510,을지로입구,아현,13,21
20250510,을지로입구,아현,14,35
20250510,을지로입구,아현,15,34
20250510,을지로입구,아현,16,43
20250510,을지로입구,아현,17,41
20250510,을지로입구,아현,18,32
20250510,을지로입구,아현,19,33
20250510,을지로입구,아현,20,22
20250510,을지로입구,아현,21,29
20250510,을지로입구,아현,22,24
20250510,을지로입구,아현,23,11
20250510,을지로입구,역삼,11,2
20250510,을지로입구,역삼,12,3
20250510,을지로입구,역삼,13,2
20250510,을지로입구,역삼,14,5
20250510,을지로입구,역삼,15,3
20250510,을지로입구,역삼,16,8
20250510,을지로입구,역삼,17,3
20250510,을지로입구,역삼,18,3
20250510,을지로입구,역삼,19,5
20250510,을지로입구,역삼,20,11
20250510,을지로입구,역삼,21,2
20250510,을지로입구,역삼,22,3
20250510,을지로입구,영등포구청,6,2
20250510,을지로입구,영등포구청,7,3
20250510,을지로입구,영등포구청,8,4
20250510,을지로입구,영등포구청,9,3
20250510,을지로입구,영등포구청,10,10
20250510,을지로입구,영등포구청,11,12
20250510,을지로입구,영등포구청,12,10
20250510,을지로입구,영등포구청,13,14
20250510,을지로입구,영등포구청,14,19
20250510,을지로입구,영등포구청,15,22
20250510,을지로입구,영등포구청,16,23
20250510,을지로입구,영등포구청,17,19
20250510,을지로입구,영등포구청,18,15
20250510,을지로입구,영등포구청,19,12
20250510,을지로입구,영등포구청,20,22
20250510,을지로입구,영등포구청,21,16
20250510,을지로입구,영등포구청,22,25
20250510,을지로입구,영등포구청,23,11
20250510,을지로입구,왕십리(성동구청),5,1
20250510,을지로입구,왕십리(성동구청),6,1
20250510,을지로입구,왕십리(성동구청),7,1
20250510,을지로입구,왕십리(성동구청),8,5
20250510,을지로입구,왕십리(성동구청),9,4
20250510,을지로입구,왕십리(성동구청),10,3
20250510,을지로입구,왕십리(성동구청),11,10
20250510,을지로입구,왕십리(성동구청),12,9
20250510,을지로입구,왕십리(성동구청),13,17
20250510,을지로입구,왕십리(성동구청),14,24
20250510,을지로입구,왕십리(성동구청),15,24
20250510,을지로입구,왕십리(성동구청),16,37
20250510,을지로입구,왕십리(성동구청),17,32
20250510,을지로입구,왕십리(성동구청),18,32
20250510,을지로입구,왕십리(성동구청),19,41
20250510,을지로입구,왕십리(성동구청),20,36
20250510,을지로입구,왕십리(성동구청),21,18
20250510,을지로입구,왕십리(성동구청),22,35
20250510,을지로입구,왕십리(성동구청),23,14
20250510,을지로입구,용두(동대문구청),12,1
20250510,을지로입구,용두(동대문구청),13,1
20250510,을지로입구,용두(동대문구청),19,2
20250510,을지로입구,용두(동대문구청),20,2
20250510,을지로입구,을지로3가,6,1
20250510,을지로입구,을지로3가,7,4
20250510,을지로입구,을지로3가,8,2
20250510,을지로입구,을지로3가,9,17
20250510,을지로입구,을지로3가,10,10
20250510,을지로입구,을지로3가,11,18
20250510,을지로입구,을지로3가,12,22
20250510,을지로입구,을지로3가,13,26
20250510,을지로입구,을지로3가,14,41
20250510,을지로입구,을지로3가,15,29
20250510,을지로입구,을지로3가,16,74
20250510,을지로입구,을지로3가,17,73
20250510,을지로입구,을지로3가,18,65
20250510,을지로입구,을지로3가,19,66
20250510,을지로입구,을지로3가,20,60
20250510,을지로입구,을지로3가,21,46
20250510,을지로입구,을지로3가,22,28
20250510,을지로입구,을지로3가,23,13
20250510,을지로입구,을지로4가,5,1
20250510,을지로입구,을지로4가,6,2
20250510,을지로입구,을지로4가,7,4
20250510,을지로입구,을지로4가,8,5
20250510,을지로입구,을지로4가,9,31
20250510,을지로입구,을지로4가,10,28
20250510,을지로입구,을지로4가,11,44
20250510,을지로입구,을지로4가,12,54
20250510,을지로입구,을지로4가,13,29
20250510,을지로입구,을지로4가,14,52
20250510,을지로입구,을지로4가,15,35
20250510,을지로입구,을지로4가,16,47
20250510,을지로입구,을지로4가,17,58
20250510,을지로입구,을지로4가,18,24
20250510,을지로입구,을지로4가,19,47
20250510,을지로입구,을지로4가,20,51
20250510,을지로입구,을지로4가,21,48
20250510,을지로입구,을지로4가,22,47
20250510,을지로입구,을지로4가,23,17
20250510,을지로입구,을지로입구,0,6
20250510,을지로입구,을지로입구,6,1
20250510,을지로입구,을지로입구,7,4
20250510,을지로입구,을지로입구,8,11
20250510,을지로입구,을지로입구,9,22
20250510,을지로입구,을지로입구,10,29
20250510,을지로입구,을지로입구,11,47
20250510,을지로입구,을지로입구,12,80
20250510,을지로입구,을지로입구,13,60
20250510,을지로입구,을지로입구,14,60
20250510,을지로입구,을지로입구,15,77
20250510,을지로입구,을지로입구,16,86
20250510,을지로입구,을지로입구,17,90
20250510,을지로입구,을지로입구,18,82
20250510,을지로입구,을지로입구,19,65
20250510,을지로입구,을지로입구,20,75
20250510,을지로입구,을지로입구,21,57
20250510,을지로입구,을지로입구,22,56
20250510,을지로입구,을지로입구,23,27
20250510,을지로입구,이대,5,1
20250510,을지로입구,이대,6,1
20250510,을지로입구,이대,7,9
20250510,을지로입구,이대,8,14
20250510,을지로입구,이대,9,20
20250510,을지로입구,이대,10,21
20250510,을지로입구,이대,11,25
20250510,을지로입구,이대,12,36
20250510,을지로입구,이대,13,50
20250510,을지로입구,이대,14,37
20250510,을지로입구,이대,15,49
20250510,을지로입구,이대,16,64
20250510,을지로입구,이대,17,40
20250510,을지로입구,이대,18,32
20250510,을지로입구,이대,19,46
20250510,을지로입구,이대,20,52
20250510,을지로입구,이대,21,36
20250510,을지로입구,이대,22,34
20250510,을지로입구,이대,23,32
20250510,을지로입구,잠실(송파구청),5,4
20250510,을지로입구,잠실(송파구청),6,2
20250510,을지로입구,잠실(송파구청),7,7
20250510,을지로입구,잠실(송파구청),8,21
20250510,을지로입구,잠실(송파구청),9,40
20250510,을지로입구,잠실(송파구청),10,45
20250510,을지로입구,잠실(송파구청),11,56
20250510,을지로입구,잠실(송파구청),12,46
20250510,을지로입구,잠실(송파구청),13,50
20250510,을지로입구,잠실(송파구청),14,78
20250510,을지로입구,잠실(송파구청),15,113
20250510,을지로입구,잠실(송파구청),16,99
20250510,을지로입구,잠실(송파구청),17,90
20250510,을지로입구,잠실(송파구청),18,70
20250510,을지로입구,잠실(송파구청),19,43
20250510,을지로입구,잠실(송파구청),20,70
20250510,을지로입구,잠실(송파구청),21,30
20250510,을지로입구,잠실(송파구청),22,28
20250510,을지로입구,잠실(송파구청),23,12
20250510,을지로입구,잠실나루,5,3
20250510,을지로입구,잠실나루,6,1
20250510,을지로입구,잠실나루,8,2
20250510,을지로입구,잠실나루,9,1
20250510,을지로입구,잠실나루,10,2
20250510,을지로입구,잠실나루,11,5
20250510,을지로입구,잠실나루,12,7
20250510,을지로입구,잠실나루,13,8
20250510,을지로입구,잠실나루,14,11
20250510,을지로입구,잠실나루,15,10
20250510,을지로입구,잠실나루,16,6
20250510,을지로입구,잠실나루,17,21
20250510,을지로입구,잠실나루,18,9
20250510,을지로입구,잠실나루,19,9
20250510,을지로입구,잠실나루,20,13
20250510,을지로입구,잠실나루,21,10
20250510,을지로입구,잠실나루,22,7
20250510,을지로입구,잠실새내,5,1
20250510,을지로입구,잠실새내,6,1
20250510,을지로입구,잠실새내,8,2
20250510,을지로입구,잠실새내,10,2
20250510,을지로입구,잠실새내,11,3
20250510,을지로입구,잠실새내,12,4
20250510,을지로입구,잠실새내,13,2
20250510,을지로입구,잠실새내,14,17
20250510,을지로입구,잠실새내,15,16
20250510,을지로입구,잠실새내,16,13
20250510,을지로입구,잠실새내,17,14
20250510,을지로입구,잠실새내,18,24
20250510,을지로입구,잠실새내,19,14
20250510,을지로입구,잠실새내,20,18
20250510,을지로입구,잠실새내,21,9
20250510,을지로입구,잠실새내,22,6
20250510,을지로입구,잠실새내,23,3
20250510,을지로입구,종합운동장,5,1
20250510,을지로입구,종합운동장,7,1
20250510,을지로입구,종합운동장,10,1
20250510,을지로입구,종합운동장,11,2
20250510,을지로입구,종합운동장,12,1
20250510,을지로입구,종합운동장,13,7
20250510,을지로입구,종합운동장,14,6
20250510,을지로입구,종합운동장,15,32
20250510,을지로입구,종합운동장,16,17
20250510,을지로입구,종합운동장,17,11
20250510,을지로입구,종합운동장,18,1
20250510,을지로입구,종합운동장,19,4
20250510,을지로입구,종합운동장,21,3
20250510,을지로입구,종합운동장,22,3
20250510,을지로입구,종합운동장,23,2
20250510,을지로입구,충정로(경기대입구),5,1
20250510,을지로입구,충정로(경기대입구),6,1
20250510,을지로입구,충정로(경기대입구),7,3
20250510,을지로입구,충정로(경기대입구),8,7
20250510,을지로입구,충정로(경기대입구),9,4
20250510,을지로입구,충정로(경기대입구),10,9
20250510,을지로입구,충정로(경기대입구),11,14
20250510,을지로입구,충정로(경기대입구),12,19
20250510,을지로입구,충정로(경기대입구),13,12
20250510,을지로입구,충정로(경기대입구),14,26
20250510,을지로입구,충정로(경기대입구),15,26
20250510,을지로입구,충정로(경기대입구),16,30
20250510,을지로입구,충정로(경기대입구),17,23
20250510,을지로입구,충정로(경기대입구),18,26
20250510,을지로입구,충정로(경기대입구),19,10
20250510,을지로입구,충정로(경기대입구),20,28
20250510,을지로입구,충정로(경기대입구),21,19
20250510,을지로입구,충정로(경기대입구),22,8
20250510,을지로입구,충정로(경기대입구),23,14
20250510,을지로입구,한양대,5,1
20250510,을지로입구,한양대,6,3
20250510,을지로입구,한양대,7,3
20250510,을지로입구,한양대,8,5
20250510,을지로입구,한양대,9,4
20250510,을지로입구,한양대,10,3
20250510,을지로입구,한양대,11,6
20250510,을지로입구,한양대,12,9
20250510,을지로입구,한양대,13,12
20250510,을지로입구,한양대,14,6
20250510,을지로입구,한양대,15,10
20250510,을지로입구,한양대,16,8
20250510,을지로입구,한양대,17,5
20250510,을지로입구,한양대,18,8
20250510,을지로입구,한양대,19,8
20250510,을지로입구,한양대,20,9
20250510,을지로입구,한양대,21,7
20250510,을지로입구,한양대,22,7
20250510,을지로입구,한양대,23,6
20250510,을지로입구,합정,5,2
20250510,을지로입구,합정,6,2
20250510,을지로입구,합정,7,4
20250510,을지로입구,합정,8,10
20250510,을지로입구,합정,9,29
20250510,을지로입구,합정,10,39
20250510,을지로입구,합정,11,39
20250510,을지로입구,합정,12,66
20250510,을지로입구,합정,13,64
20250510,을지로입구,합정,14,55
20250510,을지로입구,합정,15,62
20250510,을지로입구,합정,16,95
20250510,을지로입구,합정,17,80
20250510,을지로입구,합정,18,90
20250510,을지로입구,합정,19,62
20250510,을지로입구,합정,20,67
20250510,을지로입구,합정,21,41
20250510,을지로입구,합정,22,37
20250510,을지로입구,합정,23,17
20250510,을지로입구,홍대입구,5,5
20250510,을지로입구,홍대입구,6,4
20250510,을지로입구,홍대입구,7,3
20250510,을지로입구,홍대입구,8,24
20250510,을지로입구,홍대입구,9,78
20250510,을지로입구,홍대입구,10,138
20250510,을지로입구,홍대입구,11,158
20250510,을지로입구,홍대입구,12,220
20250510,을지로입구,홍대입구,13,240
20250510,을지로입구,홍대입구,14,287
20250510,을지로입구,홍대입구,15,326
20250510,을지로입구,홍대입구,16,326
20250510,을지로입구,홍대입구,17,267
20250510,을지로입구,홍대입구,18,264
20250510,을지로입구,홍대입구,19,235
20250510,을지로입구,홍대입구,20,269
20250510,을지로입구,홍대입구,21,196
20250510,을지로입구,홍대입구,22,194
20250510,을지로입구,홍대입구,23,104
20250510,이대,강남,5,2
20250510,이대,강남,6,2
20250510,이대,강남,7,6
20250510,이대,강남,8,10
20250510,이대,강남,9,15
20250510,이대,강남,10,7
20250510,이대,강남,11,12
20250510,이대,강남,12,9
20250510,이대,강남,13,11
20250510,이대,강남,14,11
20250510,이대,강남,15,7
20250510,이대,강남,16,13
20250510,이대,강남,17,17
20250510,이대,강남,18,6
20250510,이대,강남,20,10
20250510,이대,강남,21,2
20250510,이대,강남,22,4
20250510,이대,강변(동서울터미널),5,3
20250510,이대,강변(동서울터미널),6,2
20250510,이대,강변(동서울터미널),7,7
20250510,이대,강변(동서울터미널),8,4
20250510,이대,강변(동서울터미널),9,8
20250510,이대,강변(동서울터미널),10,2
20250510,이대,강변(동서울터미널),11,6
20250510,이대,강변(동서울터미널),12,6
20250510,이대,강변(동서울터미널),13,7
20250510,이대,강변(동서울터미널),14,5
20250510,이대,강변(동서울터미널),15,6
20250510,이대,강변(동서울터미널),16,12
20250510,이대,강변(동서울터미널),17,6
20250510,이대,강변(동서울터미널),18,7
20250510,이대,강변(동서울터미널),19,4
20250510,이대,강변(동서울터미널),20,6
20250510,이대,강변(동서울터미널),21,3
20250510,이대,강변(동서울터미널),22,4
20250510,이대,건대입구,5,1
20250510,이대,건대입구,7,2
20250510,이대,건대입구,8,6
20250510,이대,건대입구,9,12
20250510,이대,건대입구,10,14
20250510,이대,건대입구,11,8
20250510,이대,건대입구,12,14
20250510,이대,건대입구,13,15
20250510,이대,건대입구,14,19
20250510,이대,건대입구,15,16
20250510,이대,건대입구,16,12
20250510,이대,건대입구,17,18
20250510,이대,건대입구,18,17
20250510,이대,건대입구,19,7
20250510,이대,건대입구,20,2
20250510,이대,건대입구,21,10
20250510,이대,건대입구,22,3
20250510,이대,건대입구,23,1
20250510,이대,교대(법원.검찰청),7,2
20250510,이대,교대(법원.검찰청),8,3
20250510,이대,교대(법원.검찰청),9,2
20250510,이대,교대(법원.검찰청),11,2
20250510,이대,교대(법원.검찰청),12,5
20250510,이대,교대(법원.검찰청),13,4
20250510,이대,교대(법원.검찰청),14,3
20250510,이대,교대(법원.검찰청),15,4
20250510,이대,교대(법원.검찰청),16,2
20250510,이대,교대(법원.검찰청),17,6
20250510,이대,교대(법원.검찰청),18,5
20250510,이대,교대(법원.검찰청),20,4
20250510,이대,교대(법원.검찰청),21,2
20250510,이대,교대(법원.검찰청),22,2
20250510,이대,구로디지털단지,5,1
20250510,이대,구로디지털단지,6,1
20250510,이대,구로디지털단지,7,1
20250510,이대,구로디지털단지,8,6
20250510,이대,구로디지털단지,9,16
20250510,이대,구로디지털단지,10,7
20250510,이대,구로디지털단지,11,10
20250510,이대,구로디지털단지,12,13
20250510,이대,구로디지털단지,13,15
20250510,이대,구로디지털단지,14,8
20250510,이대,구로디지털단지,15,9
20250510,이대,구로디지털단지,16,22
20250510,이대,구로디지털단지,17,36
20250510,이대,구로디지털단지,18,18
20250510,이대,구로디지털단지,19,17
20250510,이대,구로디지털단지,20,22
20250510,이대,구로디지털단지,21,17
20250510,이대,구로디지털단지,22,13
20250510,이대,구로디지털단지,23,6
20250510,이대,구의(광진구청),7,1
20250510,이대,구의(광진구청),8,1
20250510,이대,구의(광진구청),9,2
20250510,이대,구의(광진구청),10,1
20250510,이대,구의(광진구청),11,1
20250510,이대,구의(광진구청),12,5
20250510,이대,구의(광진구청),13,7
20250510,이대,구의(광진구청),14,4
20250510,이대,구의(광진구청),15,3
20250510,이대,구의(광진구청),16,3
20250510,이대,구의(광진구청),17,7
20250510,이대,구의(광진구청),18,5
20250510,이대,구의(광진구청),19,5
20250510,이대,구의(광진구청),20,4
20250510,이대,구의(광진구청),21,4
20250510,이대,구의(광진구청),22,3
20250510,이대,낙성대,8,3
20250510,이대,낙성대,9,3
20250510,이대,낙성대,10,3
20250510,이대,낙성대,11,3
20250510,이대,낙성대,12,4
20250510,이대,낙성대,13,5
20250510,이대,낙성대,14,4
20250510,이대,낙성대,15,6
20250510,이대,낙성대,16,7
20250510,이대,낙성대,17,5
20250510,이대,낙성대,18,3
20250510,이대,낙성대,19,6
20250510,이대,낙성대,20,7
20250510,이대,낙성대,21,1
20250510,이대,낙성대,22,5
20250510,이대,낙성대,23,2
20250510,이대,당산,5,1
20250510,이대,당산,6,3
20250510,이대,당산,7,3
20250510,이대,당산,8,4
20250510,이대,당산,9,5
20250510,이대,당산,10,10
20250510,이대,당산,11,4
20250510,이대,당산,12,10
20250510,이대,당산,13,13
20250510,이대,당산,14,4
20250510,이대,당산,15,12
20250510,이대,당산,16,19
20250510,이대,당산,17,24
20250510,이대,당산,18,11
20250510,이대,당산,19,9
20250510,이대,당산,20,9
20250510,이대,당산,21,3
20250510,이대,당산,22,14
20250510,이대,당산,23,3
20250510,이대,대림(구로구청),5,1
20250510,이대,대림(구로구청),6,1
20250510,이대,대림(구로구청),7,2
20250510,이대,대림(구로구청),8,3
20250510,이대,대림(구로구청),9,4
20250510,이대,대림(구로구청),10,8
20250510,이대,대림(구로구청),11,1
20250510,이대,대림(구로구청),12,1
20250510,이대,대림(구로구청),13,3
20250510,이대,대림(구로구청),14,5
20250510,이대,대림(구로구청),15,5
20250510,이대,대림(구로구청),16,5
20250510,이대,대림(구로구청),17,12
20250510,이대,대림(구로구청),18,7
20250510,이대,대림(구로구청),19,7
20250510,이대,대림(구로구청),20,7
20250510,이대,대림(구로구청),21,10
20250510,이대,대림(구로구청),22,5
20250510,이대,대림(구로구청),23,2
20250510,이대,동대문역사문화공원,5,1
20250510,이대,동대문역사문화공원,6,2
20250510,이대,동대문역사문화공원,7,2
20250510,이대,동대문역사문화공원,8,2
20250510,이대,동대문역사문화공원,9,10
20250510,이대,동대문역사문화공원,10,15
20250510,이대,동대문역사문화공원,11,13
20250510,이대,동대문역사문화공원,12,6
20250510,이대,동대문역사문화공원,13,16
20250510,이대,동대문역사문화공원,14,14
20250510,이대,동대문역사문화공원,15,8
20250510,이대,동대문역사문화공원,16,12
20250510,이대,동대문역사문화공원,17,13
20250510,이대,동대문역사문화공원,18,7
20250510,이대,동대문역사문화공원,19,7
20250510,이대,동대문역사문화공원,20,5
20250510,이대,동대문역사문화공원,21,3
20250510,이대,동대문역사문화공원,22,1
20250510,이대,동대문역사문화공원,23,4
20250510,이대,뚝섬,5,2
20250510,이대,뚝섬,7,3
20250510,이대,뚝섬,8,3
20250510,이대,뚝섬,9,7
20250510,이대,뚝섬,10,8
20250510,이대,뚝섬,11,4
20250510,이대,뚝섬,12,12
20250510,이대,뚝섬,13,16
20250510,이대,뚝섬,14,13
20250510,이대,뚝섬,15,8
20250510,이대,뚝섬,16,9
20250510,이대,뚝섬,17,8
20250510,이대,뚝섬,18,1
20250510,이대,뚝섬,19,4
20250510,이대,뚝섬,20,1
20250510,이대,뚝섬,21,2
20250510,이대,뚝섬,22,1
20250510,이대,문래,5,2
20250510,이대,문래,7,3
20250510,이대,문래,8,4
20250510,이대,문래,9,3
20250510,이대,문래,10,4
20250510,이대,문래,11,11
20250510,이대,문래,12,10
20250510,이대,문래,13,7
20250510,이대,문래,14,3
20250510,이대,문래,15,12
20250510,이대,문래,16,11
20250510,이대,문래,17,8
20250510,이대,문래,18,8
20250510,이대,문래,19,5
20250510,이대,문래,20,2
20250510,이대,문래,21,3
20250510,이대,문래,22,2
20250510,이대,문래,23,1
20250510,이대,방배,6,1
20250510,이대,방배,8,3
20250510,이대,방배,9,1
20250510,이대,방배,10,3
20250510,이대,방배,11,2
20250510,이대,방배,12,1
20250510,이대,방배,13,9
20250510,이대,방배,14,3
20250510,이대,방배,15,3
20250510,이대,방배,16,4
20250510,이대,방배,17,5
20250510,이대,방배,18,3
20250510,이대,방배,19,2
20250510,이대,방배,20,2
20250510,이대,방배,21,2
20250510,이대,방배,22,2
20250510,이대,봉천,7,1
20250510,이대,봉천,8,2
20250510,이대,봉천,9,1
20250510,이대,봉천,11,7
20250510,이대,봉천,12,2
20250510,이대,봉천,13,2
20250510,이대,봉천,14,6
20250510,이대,봉천,15,5
20250510,이대,봉천,16,3
20250510,이대,봉천,17,4
20250510,이대,봉천,18,5
20250510,이대,봉천,20,4
20250510,이대,봉천,21,2
20250510,이대,봉천,22,5
20250510,이대,봉천,23,1
20250510,이대,사당,5,3
20250510,이대,사당,6,1
20250510,이대,사당,7,1
20250510,이대,사당,8,2
20250510,이대,사당,9,5
20250510,이대,사당,10,7
20250510,이대,사당,11,9
20250510,이대,사당,12,6
20250510,이대,사당,13,10
20250510,이대,사당,14,9
20250510,이대,사당,15,17
20250510,이대,사당,16,5
20250510,이대,사당,17,18
20250510,이대,사당,18,8
20250510,이대,사당,19,12
20250510,이대,사당,20,9
20250510,이대,사당,21,6
20250510,이대,사당,22,10
20250510,이대,삼성(무역센터),5,3
20250510,이대,삼성(무역센터),6,1
20250510,이대,삼성(무역센터),7,2
20250510,이대,삼성(무역센터),8,7
20250510,이대,삼성(무역센터),9,7
20250510,이대,삼성(무역센터),10,10
20250510,이대,삼성(무역센터),11,11
20250510,이대,삼성(무역센터),12,13
20250510,이대,삼성(무역센터),13,16
20250510,이대,삼성(무역센터),14,9
20250510,이대,삼성(무역센터),15,13
20250510,이대,삼성(무역센터),16,8
20250510,이대,삼성(무역센터),17,10
20250510,이대,삼성(무역센터),18,2
20250510,이대,삼성(무역센터),19,4
20250510,이대,삼성(무역센터),22,1
20250510,이대,상왕십리,6,1
20250510,이대,상왕십리,7,1
20250510,이대,상왕십리,8,3
20250510,이대,상왕십리,9,6
20250510,이대,상왕십리,10,4
20250510,이대,상왕십리,12,3
20250510,이대,상왕십리,13,7
20250510,이대,상왕십리,14,5
20250510,이대,상왕십리,15,5
20250510,이대,상왕십리,16,15
20250510,이대,상왕십리,17,11
20250510,이대,상왕십리,18,4
20250510,이대,상왕십리,19,2
20250510,이대,상왕십리,20,2
20250510,이대,상왕십리,21,5
20250510,이대,상왕십리,22,6
20250510,이대,상왕십리,23,1
20250510,이대,서울대입구(관악구청),6,2
20250510,이대,서울대입구(관악구청),7,2
20250510,이대,서울대입구(관악구청),8,6
20250510,이대,서울대입구(관악구청),9,5
20250510,이대,서울대입구(관악구청),10,8
20250510,이대,서울대입구(관악구청),11,7
20250510,이대,서울대입구(관악구청),12,10
20250510,이대,서울대입구(관악구청),13,10
20250510,이대,서울대입구(관악구청),14,4
20250510,이대,서울대입구(관악구청),15,7
20250510,이대,서울대입구(관악구청),16,16
20250510,이대,서울대입구(관악구청),17,14
20250510,이대,서울대입구(관악구청),18,13
20250510,이대,서울대입구(관악구청),19,7
20250510,이대,서울대입구(관악구청),20,4
20250510,이대,서울대입구(관악구청),21,9
20250510,이대,서울대입구(관악구청),22,16
20250510,이대,서울대입구(관악구청),23,4
20250510,이대,서초,5,1
20250510,이대,서초,7,1
20250510,이대,서초,8,1
20250510,이대,서초,9,1
20250510,이대,서초,10,7
20250510,이대,서초,12,4
20250510,이대,서초,13,4
20250510,이대,서초,14,1
20250510,이대,서초,15,2
20250510,이대,서초,16,5
20250510,이대,서초,17,5
20250510,이대,서초,18,6
20250510,이대,서초,19,2
20250510,이대,서초,20,1
20250510,이대,서초,21,3
20250510,이대,선릉,5,1
20250510,이대,선릉,6,1
20250510,이대,선릉,8,1
20250510,이대,선릉,9,3
20250510,이대,선릉,10,6
20250510,이대,선릉,11,4
20250510,이대,선릉,12,3
20250510,이대,선릉,13,1
20250510,이대,선릉,14,1
20250510,이대,선릉,15,1
20250510,이대,선릉,16,3
20250510,이대,선릉,17,2
20250510,이대,선릉,18,2
20250510,이대,선릉,19,1
20250510,이대,선릉,20,2
20250510,이대,선릉,21,2
20250510,이대,선릉,22,1
20250510,이대,성수,5,2
20250510,이대,성수,6,1
20250510,이대,성수,7,1
20250510,이대,성수,8,2
20250510,이대,성수,9,10
20250510,이대,성수,10,22
20250510,이대,성수,11,20
20250510,이대,성수,12,23
20250510,이대,성수,13,17
20250510,이대,성수,14,24
20250510,이대,성수,15,30
20250510,이대,성수,16,21
20250510,이대,성수,17,10
20250510,이대,성수,18,5
20250510,이대,성수,19,11
20250510,이대,성수,20,10
20250510,이대,성수,21,2
20250510,이대,성수,22,5
20250510,이대,성수,23,5
20250510,이대,시청,6,8
20250510,이대,시청,7,2
20250510,이대,시청,8,13
20250510,이대,시청,9,11
20250510,이대,시청,10,15
20250510,이대,시청,11,14
20250510,이대,시청,12,16
20250510,이대,시청,13,12
20250510,이대,시청,14,18
20250510,이대,시청,15,14
20250510,이대,시청,16,12
20250510,이대,시청,17,21
20250510,이대,시청,18,10
20250510,이대,시청,19,5
20250510,이대,시청,20,2
20250510,이대,시청,21,4
20250510,이대,시청,22,3
20250510,이대,시청,23,3
20250510,이대,신당,7,4
20250510,이대,신당,8,4
20250510,이대,신당,9,4
20250510,이대,신당,10,9
20250510,이대,신당,11,7
20250510,이대,신당,12,12
20250510,이대,신당,13,13
20250510,이대,신당,14,4
20250510,이대,신당,15,7
20250510,이대,신당,16,6
20250510,이대,신당,17,11
20250510,이대,신당,18,4
20250510,이대,신당,19,6
20250510,이대,신당,20,2
20250510,이대,신당,21,3
20250510,이대,신당,22,5
20250510,이대,신당,23,2
20250510,이대,신대방,9,1
20250510,이대,신대방,10,3
20250510,이대,신대방,11,2
20250510,이대,신대방,12,1
20250510,이대,신대방,13,6
20250510,이대,신대방,14,3
20250510,이대,신대방,15,7
20250510,이대,신대방,16,9
20250510,이대,신대방,17,9
20250510,이대,신대방,18,5
20250510,이대,신대방,19,5
20250510,이대,신대방,20,4
20250510,이대,신대방,21,9
20250510,이대,신대방,22,6
20250510,이대,신대방,23,3
20250510,이대,신도림,5,1
20250510,이대,신도림,6,3
20250510,이대,신도림,7,5
20250510,이대,신도림,8,5
20250510,이대,신도림,9,3
20250510,이대,신도림,10,12
20250510,이대,신도림,11,13
20250510,이대,신도림,12,18
20250510,이대,신도림,13,20
20250510,이대,신도림,14,10
20250510,이대,신도림,15,19
20250510,이대,신도림,16,21
20250510,이대,신도림,17,21
20250510,이대,신도림,18,17
20250510,이대,신도림,19,11
20250510,이대,신도림,20,15
20250510,이대,신도림,21,10
20250510,이대,신도림,22,10
20250510,이대,신도림,23,20
20250510,이대,신림,5,2
20250510,이대,신림,6,1
20250510,이대,신림,7,8
20250510,이대,신림,8,5
20250510,이대,신림,9,4
20250510,이대,신림,10,2
20250510,이대,신림,11,5
20250510,이대,신림,12,4
20250510,이대,신림,13,8
20250510,이대,신림,14,11
20250510,이대,신림,15,6
20250510,이대,신림,16,6
20250510,이대,신림,17,8
20250510,이대,신림,18,16
20250510,이대,신림,19,16
20250510,이대,신림,20,14
20250510,이대,신림,21,6
20250510,이대,신림,22,9
20250510,이대,신림,23,5
20250510,이대,신촌,5,1
20250510,이대,신촌,7,8
20250510,이대,신촌,8,8
20250510,이대,신촌,9,13
20250510,이대,신촌,10,35
20250510,이대,신촌,11,34
20250510,이대,신촌,12,37
20250510,이대,신촌,13,29
20250510,이대,신촌,14,29
20250510,이대,신촌,15,23
20250510,이대,신촌,16,34
20250510,이대,신촌,17,47
20250510,이대,신촌,18,22
20250510,이대,신촌,19,23
20250510,이대,신촌,20,12
20250510,이대,신촌,21,20
20250510,이대,신촌,22,9
20250510,이대,신촌,23,11
20250510,이대,아현,6,1
20250510,이대,아현,7,1
20250510,이대,아현,8,5
20250510,이대,아현,9,8
20250510,이대,아현,10,17
20250510,이대,아현,11,21
20250510,이대,아현,12,15
20250510,이대,아현,13,13
20250510,이대,아현,14,7
20250510,이대,아현,15,14
20250510,이대,아현,16,13
20250510,이대,아현,17,18
20250510,이대,아현,18,12
20250510,이대,아현,19,10
20250510,이대,아현,20,7
20250510,이대,아현,21,6
20250510,이대,아현,22,4
20250510,이대,역삼,7,2
20250510,이대,역삼,8,2
20250510,이대,역삼,9,5
20250510,이대,역삼,10,1
20250510,이대,역삼,11,2
20250510,이대,역삼,12,6
20250510,이대,역삼,13,4
20250510,이대,역삼,14,3
20250510,이대,역삼,15,2
20250510,이대,역삼,16,4
20250510,이대,역삼,17,5
20250510,이대,역삼,20,1
20250510,이대,역삼,21,1
20250510,이대,영등포구청,5,1
20250510,이대,영등포구청,6,1
20250510,이대,영등포구청,7,2
20250510,이대,영등포구청,8,2
20250510,이대,영등포구청,9,6
20250510,이대,영등포구청,10,6
20250510,이대,영등포구청,11,3
20250510,이대,영등포구청,12,5
20250510,이대,영등포구청,13,5
20250510,이대,영등포구청,14,9
20250510,이대,영등포구청,15,7
20250510,이대,영등포구청,16,8
20250510,이대,영등포구청,17,14
20250510,이대,영등포구청,18,6
20250510,이대,영등포구청,19,6
20250510,이대,영등포구청,20,2
20250510,이대,영등포구청,21,6
20250510,이대,영등포구청,22,4
20250510,이대,영등포구청,23,5
20250510,이대,왕십리(성동구청),7,2
20250510,이대,왕십리(성동구청),8,3
20250510,이대,왕십리(성동구청),9,4
20250510,이대,왕십리(성동구청),10,3
20250510,이대,왕십리(성동구청),11,4
20250510,이대,왕십리(성동구청),12,9
20250510,이대,왕십리(성동구청),13,8
20250510,이대,왕십리(성동구청),14,10
20250510,이대,왕십리(성동구청),15,8
20250510,이대,왕십리(성동구청),16,7
20250510,이대,왕십리(성동구청),17,9
20250510,이대,왕십리(성동구청),18,13
20250510,이대,왕십리(성동구청),19,6
20250510,이대,왕십리(성동구청),20,6
20250510,이대,왕십리(성동구청),21,7
20250510,이대,왕십리(성동구청),22,11
20250510,이대,왕십리(성동구청),23,6
20250510,이대,용두(동대문구청),14,1
20250510,이대,을지로3가,5,2
20250510,이대,을지로3가,6,5
20250510,이대,을지로3가,7,6
20250510,이대,을지로3가,8,4
20250510,이대,을지로3가,9,8
20250510,이대,을지로3가,10,15
20250510,이대,을지로3가,11,12
20250510,이대,을지로3가,12,20
20250510,이대,을지로3가,13,15
20250510,이대,을지로3가,14,12
20250510,이대,을지로3가,15,15
20250510,이대,을지로3가,16,17
20250510,이대,을지로3가,17,34
20250510,이대,을지로3가,18,11
20250510,이대,을지로3가,19,11
20250510,이대,을지로3가,20,10
20250510,이대,을지로3가,21,5
20250510,이대,을지로3가,22,3
20250510,이대,을지로4가,5,1
20250510,이대,을지로4가,6,5
20250510,이대,을지로4가,7,1
20250510,이대,을지로4가,8,11
20250510,이대,을지로4가,9,5
20250510,이대,을지로4가,10,9
20250510,이대,을지로4가,11,6
20250510,이대,을지로4가,12,11
20250510,이대,을지로4가,13,3
20250510,이대,을지로4가,14,11
20250510,이대,을지로4가,15,5
20250510,이대,을지로4가,16,9
20250510,이대,을지로4가,17,6
20250510,이대,을지로4가,18,11
20250510,이대,을지로4가,19,2
20250510,이대,을지로4가,20,1
20250510,이대,을지로4가,21,3
20250510,이대,을지로4가,22,9
20250510,이대,을지로입구,5,3
20250510,이대,을지로입구,6,7
20250510,이대,을지로입구,7,18
20250510,이대,을지로입구,8,28
20250510,이대,을지로입구,9,38
20250510,이대,을지로입구,10,48
20250510,이대,을지로입구,11,39
20250510,이대,을지로입구,12,37
20250510,이대,을지로입구,13,57
20250510,이대,을지로입구,14,44
20250510,이대,을지로입구,15,66
20250510,이대,을지로입구,16,46
20250510,이대,을지로입구,17,53
20250510,이대,을지로입구,18,35
20250510,이대,을지로입구,19,29
20250510,이대,을지로입구,20,21
20250510,이대,을지로입구,21,11
20250510,이대,을지로입구,22,15
20250510,이대,을지로입구,23,5
20250510,이대,이대,5,1
20250510,이대,이대,6,5
20250510,이대,이대,7,1
20250510,이대,이대,8,4
20250510,이대,이대,9,1
20250510,이대,이대,10,6
20250510,이대,이대,11,13
20250510,이대,이대,12,9
20250510,이대,이대,13,13
20250510,이대,이대,14,10
20250510,이대,이대,15,4
20250510,이대,이대,16,17
20250510,이대,이대,17,6
20250510,이대,이대,18,7
20250510,이대,이대,19,4
20250510,이대,이대,20,6
20250510,이대,이대,21,5
20250510,이대,이대,22,11
20250510,이대,이대,23,4
20250510,이대,잠실(송파구청),5,1
20250510,이대,잠실(송파구청),6,1
20250510,이대,잠실(송파구청),7,6
20250510,이대,잠실(송파구청),8,9
20250510,이대,잠실(송파구청),9,17
20250510,이대,잠실(송파구청),10,19
20250510,이대,잠실(송파구청),11,16
20250510,이대,잠실(송파구청),12,21
20250510,이대,잠실(송파구청),13,23
20250510,이대,잠실(송파구청),14,30
20250510,이대,잠실(송파구청),15,25
20250510,이대,잠실(송파구청),16,23
20250510,이대,잠실(송파구청),17,18
20250510,이대,잠실(송파구청),18,19
20250510,이대,잠실(송파구청),19,5
20250510,이대,잠실(송파구청),20,11
20250510,이대,잠실(송파구청),21,9
20250510,이대,잠실(송파구청),22,7
20250510,이대,잠실(송파구청),23,3
20250510,이대,잠실나루,8,1
20250510,이대,잠실나루,9,2
20250510,이대,잠실나루,10,2
20250510,이대,잠실나루,11,1
20250510,이대,잠실나루,12,7
20250510,이대,잠실나루,13,2
20250510,이대,잠실나루,14,1
20250510,이대,잠실나루,15,3
20250510,이대,잠실나루,16,3
20250510,이대,잠실나루,17,3
20250510,이대,잠실나루,18,5
20250510,이대,잠실나루,19,1
20250510,이대,잠실나루,20,1
20250510,이대,잠실나루,21,2
20250510,이대,잠실나루,22,2
20250510,이대,잠실나루,23,1
20250510,이대,잠실새내,5,1
20250510,이대,잠실새내,6,1
20250510,이대,잠실새내,7,1
20250510,이대,잠실새내,8,2
20250510,이대,잠실새내,9,3
20250510,이대,잠실새내,10,3
20250510,이대,잠실새내,11,5
20250510,이대,잠실새내,12,8
20250510,이대,잠실새내,13,3
20250510,이대,잠실새내,14,7
20250510,이대,잠실새내,15,11
20250510,이대,잠실새내,16,9
20250510,이대,잠실새내,17,5
20250510,이대,잠실새내,18,3
20250510,이대,잠실새내,19,1
20250510,이대,잠실새내,20,4
20250510,이대,잠실새내,21,5
20250510,이대,잠실새내,22,5
20250510,이대,잠실새내,23,2
20250510,이대,종합운동장,7,4
20250510,이대,종합운동장,11,3
20250510,이대,종합운동장,12,1
20250510,이대,종합운동장,13,1
20250510,이대,종합운동장,14,6
20250510,이대,종합운동장,15,20
20250510,이대,종합운동장,16,15
20250510,이대,종합운동장,17,2
20250510,이대,종합운동장,18,1
20250510,이대,종합운동장,19,3
20250510,이대,충정로(경기대입구),5,3
20250510,이대,충정로(경기대입구),6,2
20250510,이대,충정로(경기대입구),7,1
20250510,이대,충정로(경기대입구),8,2
20250510,이대,충정로(경기대입구),9,4
20250510,이대,충정로(경기대입구),10,6
20250510,이대,충정로(경기대입구),11,8
20250510,이대,충정로(경기대입구),12,6
20250510,이대,충정로(경기대입구),13,5
20250510,이대,충정로(경기대입구),14,9
20250510,이대,충정로(경기대입구),15,10
20250510,이대,충정로(경기대입구),16,9
20250510,이대,충정로(경기대입구),17,7
20250510,이대,충정로(경기대입구),18,8
20250510,이대,충정로(경기대입구),19,4
20250510,이대,충정로(경기대입구),20,12
20250510,이대,충정로(경기대입구),21,5
20250510,이대,충정로(경기대입구),22,3
20250510,이대,충정로(경기대입구),23,3
20250510,이대,한양대,6,1
20250510,이대,한양대,7,1
20250510,이대,한양대,8,3
20250510,이대,한양대,9,5
20250510,이대,한양대,10,2
20250510,이대,한양대,11,5
20250510,이대,한양대,12,1
20250510,이대,한양대,13,6
20250510,이대,한양대,14,3
20250510,이대,한양대,15,2
20250510,이대,한양대,16,4
20250510,이대,한양대,17,8
20250510,이대,한양대,18,1
20250510,이대,한양대,19,1
20250510,이대,한양대,21,1
20250510,이대,한양대,22,2
20250510,이대,한양대,23,2
20250510,이대,합정,5,1
20250510,이대,합정,6,5
20250510,이대,합정,7,6
20250510,이대,합정,8,6
20250510,이대,합정,9,18
20250510,이대,합정,10,25
20250510,이대,합정,11,20
20250510,이대,합정,12,32
20250510,이대,합정,13,29
20250510,이대,합정,14,36
20250510,이대,합정,15,36
20250510,이대,합정,16,33
20250510,이대,합정,17,53
20250510,이대,합정,18,33
20250510,이대,합정,19,19
20250510,이대,합정,20,16
20250510,이대,합정,21,5
20250510,이대,합정,22,9
20250510,이대,합정,23,5
20250510,이대,홍대입구,5,1
20250510,이대,홍대입구,6,5
20250510,이대,홍대입구,7,15
20250510,이대,홍대입구,8,16
20250510,이대,홍대입구,9,38
20250510,이대,홍대입구,10,57
20250510,이대,홍대입구,11,83
20250510,이대,홍대입구,12,100
20250510,이대,홍대입구,13,78
20250510,이대,홍대입구,14,92
20250510,이대,홍대입구,15,96
20250510,이대,홍대입구,16,98
20250510,이대,홍대입구,17,89
20250510,이대,홍대입구,18,88
20250510,이대,홍대입구,19,72
20250510,이대,홍대입구,20,54
20250510,이대,홍대입구,21,29
20250510,이대,홍대입구,22,15
20250510,이대,홍대입구,23,26
20250510,잠실(송파구청),강남,5,20
20250510,잠실(송파구청),강남,6,66
20250510,잠실(송파구청),강남,7,87
20250510,잠실(송파구청),강남,8,242
20250510,잠실(송파구청),강남,9,344
20250510,잠실(송파구청),강남,10,280
20250510,잠실(송파구청),강남,11,297
20250510,잠실(송파구청),강남,12,310
20250510,잠실(송파구청),강남,13,293
20250510,잠실(송파구청),강남,14,284
20250510,잠실(송파구청),강남,15,268
20250510,잠실(송파구청),강남,16,344
20250510,잠실(송파구청),강남,17,399
20250510,잠실(송파구청),강남,18,330
20250510,잠실(송파구청),강남,19,277
20250510,잠실(송파구청),강남,20,280
20250510,잠실(송파구청),강남,21,323
20250510,잠실(송파구청),강남,22,175
20250510,잠실(송파구청),강남,23,69
20250510,잠실(송파구청),강변(동서울터미널),5,13
20250510,잠실(송파구청),강변(동서울터미널),6,38
20250510,잠실(송파구청),강변(동서울터미널),7,59
20250510,잠실(송파구청),강변(동서울터미널),8,69
20250510,잠실(송파구청),강변(동서울터미널),9,80
20250510,잠실(송파구청),강변(동서울터미널),10,99
20250510,잠실(송파구청),강변(동서울터미널),11,101
20250510,잠실(송파구청),강변(동서울터미널),12,119
20250510,잠실(송파구청),강변(동서울터미널),13,131
20250510,잠실(송파구청),강변(동서울터미널),14,175
20250510,잠실(송파구청),강변(동서울터미널),15,201
20250510,잠실(송파구청),강변(동서울터미널),16,226
20250510,잠실(송파구청),강변(동서울터미널),17,266
20250510,잠실(송파구청),강변(동서울터미널),18,258
20250510,잠실(송파구청),강변(동서울터미널),19,242
20250510,잠실(송파구청),강변(동서울터미널),20,217
20250510,잠실(송파구청),강변(동서울터미널),21,158
20250510,잠실(송파구청),강변(동서울터미널),22,76
20250510,잠실(송파구청),강변(동서울터미널),23,33
20250510,잠실(송파구청),건대입구,5,4
20250510,잠실(송파구청),건대입구,6,17
20250510,잠실(송파구청),건대입구,7,29
20250510,잠실(송파구청),건대입구,8,63
20250510,잠실(송파구청),건대입구,9,58
20250510,잠실(송파구청),건대입구,10,72
20250510,잠실(송파구청),건대입구,11,114
20250510,잠실(송파구청),건대입구,12,138
20250510,잠실(송파구청),건대입구,13,178
20250510,잠실(송파구청),건대입구,14,186
20250510,잠실(송파구청),건대입구,15,224
20250510,잠실(송파구청),건대입구,16,277
20250510,잠실(송파구청),건대입구,17,288
20250510,잠실(송파구청),건대입구,18,273
20250510,잠실(송파구청),건대입구,19,229
20250510,잠실(송파구청),건대입구,20,212
20250510,잠실(송파구청),건대입구,21,183
20250510,잠실(송파구청),건대입구,22,158
20250510,잠실(송파구청),건대입구,23,87
20250510,잠실(송파구청),교대(법원.검찰청),5,9
20250510,잠실(송파구청),교대(법원.검찰청),6,39
20250510,잠실(송파구청),교대(법원.검찰청),7,46
20250510,잠실(송파구청),교대(법원.검찰청),8,49
20250510,잠실(송파구청),교대(법원.검찰청),9,57
20250510,잠실(송파구청),교대(법원.검찰청),10,36
20250510,잠실(송파구청),교대(법원.검찰청),11,46
20250510,잠실(송파구청),교대(법원.검찰청),12,47
20250510,잠실(송파구청),교대(법원.검찰청),13,62
20250510,잠실(송파구청),교대(법원.검찰청),14,41
20250510,잠실(송파구청),교대(법원.검찰청),15,50
20250510,잠실(송파구청),교대(법원.검찰청),16,75
20250510,잠실(송파구청),교대(법원.검찰청),17,63
20250510,잠실(송파구청),교대(법원.검찰청),18,58
20250510,잠실(송파구청),교대(법원.검찰청),19,63
20250510,잠실(송파구청),교대(법원.검찰청),20,53
20250510,잠실(송파구청),교대(법원.검찰청),21,55
20250510,잠실(송파구청),교대(법원.검찰청),22,40
20250510,잠실(송파구청),교대(법원.검찰청),23,13
20250510,잠실(송파구청),구로디지털단지,5,3
20250510,잠실(송파구청),구로디지털단지,6,8
20250510,잠실(송파구청),구로디지털단지,7,18
20250510,잠실(송파구청),구로디지털단지,8,17
20250510,잠실(송파구청),구로디지털단지,9,25
20250510,잠실(송파구청),구로디지털단지,10,17
20250510,잠실(송파구청),구로디지털단지,11,28
20250510,잠실(송파구청),구로디지털단지,12,31
20250510,잠실(송파구청),구로디지털단지,13,46
20250510,잠실(송파구청),구로디지털단지,14,53
20250510,잠실(송파구청),구로디지털단지,15,66
20250510,잠실(송파구청),구로디지털단지,16,72
20250510,잠실(송파구청),구로디지털단지,17,78
20250510,잠실(송파구청),구로디지털단지,18,84
20250510,잠실(송파구청),구로디지털단지,19,81
20250510,잠실(송파구청),구로디지털단지,20,87
20250510,잠실(송파구청),구로디지털단지,21,93
20250510,잠실(송파구청),구로디지털단지,22,85
20250510,잠실(송파구청),구로디지털단지,23,17
20250510,잠실(송파구청),구의(광진구청),5,3
20250510,잠실(송파구청),구의(광진구청),6,14
20250510,잠실(송파구청),구의(광진구청),7,14
20250510,잠실(송파구청),구의(광진구청),8,22
20250510,잠실(송파구청),구의(광진구청),9,20
20250510,잠실(송파구청),구의(광진구청),10,41
20250510,잠실(송파구청),구의(광진구청),11,45
20250510,잠실(송파구청),구의(광진구청),12,40
20250510,잠실(송파구청),구의(광진구청),13,54
20250510,잠실(송파구청),구의(광진구청),14,68
20250510,잠실(송파구청),구의(광진구청),15,95
20250510,잠실(송파구청),구의(광진구청),16,93
20250510,잠실(송파구청),구의(광진구청),17,103
20250510,잠실(송파구청),구의(광진구청),18,98
20250510,잠실(송파구청),구의(광진구청),19,104
20250510,잠실(송파구청),구의(광진구청),20,99
20250510,잠실(송파구청),구의(광진구청),21,90
20250510,잠실(송파구청),구의(광진구청),22,68
20250510,잠실(송파구청),구의(광진구청),23,22
20250510,잠실(송파구청),낙성대,5,5
20250510,잠실(송파구청),낙성대,6,26
20250510,잠실(송파구청),낙성대,7,17
20250510,잠실(송파구청),낙성대,8,10
20250510,잠실(송파구청),낙성대,9,11
20250510,잠실(송파구청),낙성대,10,17
20250510,잠실(송파구청),낙성대,11,16
20250510,잠실(송파구청),낙성대,12,35
20250510,잠실(송파구청),낙성대,13,40
20250510,잠실(송파구청),낙성대,14,31
20250510,잠실(송파구청),낙성대,15,49
20250510,잠실(송파구청),낙성대,16,47
20250510,잠실(송파구청),낙성대,17,54
20250510,잠실(송파구청),낙성대,18,57
20250510,잠실(송파구청),낙성대,19,49
20250510,잠실(송파구청),낙성대,20,71
20250510,잠실(송파구청),낙성대,21,73
20250510,잠실(송파구청),낙성대,22,74
20250510,잠실(송파구청),낙성대,23,26
20250510,잠실(송파구청),당산,6,4
20250510,잠실(송파구청),당산,7,2
20250510,잠실(송파구청),당산,8,2
20250510,잠실(송파구청),당산,9,1
20250510,잠실(송파구청),당산,10,4
20250510,잠실(송파구청),당산,11,3
20250510,잠실(송파구청),당산,12,3
20250510,잠실(송파구청),당산,13,8
20250510,잠실(송파구청),당산,14,6
20250510,잠실(송파구청),당산,15,7
20250510,잠실(송파구청),당산,16,12
20250510,잠실(송파구청),당산,17,19
20250510,잠실(송파구청),당산,18,13
20250510,잠실(송파구청),당산,19,14
20250510,잠실(송파구청),당산,20,15
20250510,잠실(송파구청),당산,21,30
20250510,잠실(송파구청),당산,22,13
20250510,잠실(송파구청),당산,23,4
20250510,잠실(송파구청),대림(구로구청),5,4
20250510,잠실(송파구청),대림(구로구청),6,2
20250510,잠실(송파구청),대림(구로구청),7,8
20250510,잠실(송파구청),대림(구로구청),8,4
20250510,잠실(송파구청),대림(구로구청),9,7
20250510,잠실(송파구청),대림(구로구청),10,14
20250510,잠실(송파구청),대림(구로구청),11,20
20250510,잠실(송파구청),대림(구로구청),12,12
20250510,잠실(송파구청),대림(구로구청),13,13
20250510,잠실(송파구청),대림(구로구청),14,20
20250510,잠실(송파구청),대림(구로구청),15,28
20250510,잠실(송파구청),대림(구로구청),16,41
20250510,잠실(송파구청),대림(구로구청),17,15
20250510,잠실(송파구청),대림(구로구청),18,21
20250510,잠실(송파구청),대림(구로구청),19,28
20250510,잠실(송파구청),대림(구로구청),20,35
20250510,잠실(송파구청),대림(구로구청),21,40
20250510,잠실(송파구청),대림(구로구청),22,40
20250510,잠실(송파구청),대림(구로구청),23,13
20250510,잠실(송파구청),동대문역사문화공원,5,2
20250510,잠실(송파구청),동대문역사문화공원,6,3
20250510,잠실(송파구청),동대문역사문화공원,7,9
20250510,잠실(송파구청),동대문역사문화공원,8,12
20250510,잠실(송파구청),동대문역사문화공원,9,17
20250510,잠실(송파구청),동대문역사문화공원,10,45
20250510,잠실(송파구청),동대문역사문화공원,11,36
20250510,잠실(송파구청),동대문역사문화공원,12,57
20250510,잠실(송파구청),동대문역사문화공원,13,38
20250510,잠실(송파구청),동대문역사문화공원,14,57
20250510,잠실(송파구청),동대문역사문화공원,15,51
20250510,잠실(송파구청),동대문역사문화공원,16,56
20250510,잠실(송파구청),동대문역사문화공원,17,76
20250510,잠실(송파구청),동대문역사문화공원,18,56
20250510,잠실(송파구청),동대문역사문화공원,19,44
20250510,잠실(송파구청),동대문역사문화공원,20,27
20250510,잠실(송파구청),동대문역사문화공원,21,38
20250510,잠실(송파구청),동대문역사문화공원,22,12
20250510,잠실(송파구청),동대문역사문화공원,23,27
20250510,잠실(송파구청),뚝섬,5,3
20250510,잠실(송파구청),뚝섬,6,10
20250510,잠실(송파구청),뚝섬,7,11
20250510,잠실(송파구청),뚝섬,8,21
20250510,잠실(송파구청),뚝섬,9,45
20250510,잠실(송파구청),뚝섬,10,48
20250510,잠실(송파구청),뚝섬,11,72
20250510,잠실(송파구청),뚝섬,12,65
20250510,잠실(송파구청),뚝섬,13,65
20250510,잠실(송파구청),뚝섬,14,84
20250510,잠실(송파구청),뚝섬,15,68
20250510,잠실(송파구청),뚝섬,16,88
20250510,잠실(송파구청),뚝섬,17,85
20250510,잠실(송파구청),뚝섬,18,44
20250510,잠실(송파구청),뚝섬,19,25
20250510,잠실(송파구청),뚝섬,20,30
20250510,잠실(송파구청),뚝섬,21,20
20250510,잠실(송파구청),뚝섬,22,12
20250510,잠실(송파구청),뚝섬,23,5
20250510,잠실(송파구청),문래,6,5
20250510,잠실(송파구청),문래,7,5
20250510,잠실(송파구청),문래,8,5
20250510,잠실(송파구청),문래,9,4
20250510,잠실(송파구청),문래,10,16
20250510,잠실(송파구청),문래,11,11
20250510,잠실(송파구청),문래,12,16
20250510,잠실(송파구청),문래,13,11
20250510,잠실(송파구청),문래,14,20
20250510,잠실(송파구청),문래,15,21
20250510,잠실(송파구청),문래,16,12
20250510,잠실(송파구청),문래,17,12
20250510,잠실(송파구청),문래,18,12
20250510,잠실(송파구청),문래,19,12
20250510,잠실(송파구청),문래,20,9
20250510,잠실(송파구청),문래,21,14
20250510,잠실(송파구청),문래,22,5
20250510,잠실(송파구청),문래,23,3
20250510,잠실(송파구청),방배,5,8
20250510,잠실(송파구청),방배,6,13
20250510,잠실(송파구청),방배,7,11
20250510,잠실(송파구청),방배,8,18
20250510,잠실(송파구청),방배,9,30
20250510,잠실(송파구청),방배,10,21
20250510,잠실(송파구청),방배,11,18
20250510,잠실(송파구청),방배,12,32
20250510,잠실(송파구청),방배,13,24
20250510,잠실(송파구청),방배,14,31
20250510,잠실(송파구청),방배,15,30
20250510,잠실(송파구청),방배,16,35
20250510,잠실(송파구청),방배,17,32
20250510,잠실(송파구청),방배,18,32
20250510,잠실(송파구청),방배,19,26
20250510,잠실(송파구청),방배,20,28
20250510,잠실(송파구청),방배,21,31
20250510,잠실(송파구청),방배,22,25
20250510,잠실(송파구청),방배,23,12
20250510,잠실(송파구청),봉천,5,1
20250510,잠실(송파구청),봉천,6,3
20250510,잠실(송파구청),봉천,7,5
20250510,잠실(송파구청),봉천,8,10
20250510,잠실(송파구청),봉천,9,3
20250510,잠실(송파구청),봉천,10,18
20250510,잠실(송파구청),봉천,11,17
20250510,잠실(송파구청),봉천,12,14
20250510,잠실(송파구청),봉천,13,33
20250510,잠실(송파구청),봉천,14,31
20250510,잠실(송파구청),봉천,15,25
20250510,잠실(송파구청),봉천,16,51
20250510,잠실(송파구청),봉천,17,49
20250510,잠실(송파구청),봉천,18,49
20250510,잠실(송파구청),봉천,19,52
20250510,잠실(송파구청),봉천,20,54
20250510,잠실(송파구청),봉천,21,69
20250510,잠실(송파구청),봉천,22,50
20250510,잠실(송파구청),봉천,23,7
20250510,잠실(송파구청),사당,5,41
20250510,잠실(송파구청),사당,6,72
20250510,잠실(송파구청),사당,7,37
20250510,잠실(송파구청),사당,8,33
20250510,잠실(송파구청),사당,9,45
20250510,잠실(송파구청),사당,10,64
20250510,잠실(송파구청),사당,11,74
20250510,잠실(송파구청),사당,12,92
20250510,잠실(송파구청),사당,13,90
20250510,잠실(송파구청),사당,14,103
20250510,잠실(송파구청),사당,15,115
20250510,잠실(송파구청),사당,16,173
20250510,잠실(송파구청),사당,17,151
20250510,잠실(송파구청),사당,18,180
20250510,잠실(송파구청),사당,19,185
20250510,잠실(송파구청),사당,20,176
20250510,잠실(송파구청),사당,21,188
20250510,잠실(송파구청),사당,22,157
20250510,잠실(송파구청),사당,23,62
20250510,잠실(송파구청),삼성(무역센터),5,15
20250510,잠실(송파구청),삼성(무역센터),6,58
20250510,잠실(송파구청),삼성(무역센터),7,73
20250510,잠실(송파구청),삼성(무역센터),8,134
20250510,잠실(송파구청),삼성(무역센터),9,184
20250510,잠실(송파구청),삼성(무역센터),10,239
20250510,잠실(송파구청),삼성(무역센터),11,217
20250510,잠실(송파구청),삼성(무역센터),12,270
20250510,잠실(송파구청),삼성(무역센터),13,277
20250510,잠실(송파구청),삼성(무역센터),14,206
20250510,잠실(송파구청),삼성(무역센터),15,249
20250510,잠실(송파구청),삼성(무역센터),16,250
20250510,잠실(송파구청),삼성(무역센터),17,238
20250510,잠실(송파구청),삼성(무역센터),18,120
20250510,잠실(송파구청),삼성(무역센터),19,86
20250510,잠실(송파구청),삼성(무역센터),20,71
20250510,잠실(송파구청),삼성(무역센터),21,64
20250510,잠실(송파구청),삼성(무역센터),22,32
20250510,잠실(송파구청),삼성(무역센터),23,51
20250510,잠실(송파구청),상왕십리,5,2
20250510,잠실(송파구청),상왕십리,6,3
20250510,잠실(송파구청),상왕십리,7,4
20250510,잠실(송파구청),상왕십리,8,11
20250510,잠실(송파구청),상왕십리,9,7
20250510,잠실(송파구청),상왕십리,10,12
20250510,잠실(송파구청),상왕십리,11,10
20250510,잠실(송파구청),상왕십리,12,12
20250510,잠실(송파구청),상왕십리,13,15
20250510,잠실(송파구청),상왕십리,14,20
20250510,잠실(송파구청),상왕십리,15,29
20250510,잠실(송파구청),상왕십리,16,27
20250510,잠실(송파구청),상왕십리,17,25
20250510,잠실(송파구청),상왕십리,18,35
20250510,잠실(송파구청),상왕십리,19,44
20250510,잠실(송파구청),상왕십리,20,50
20250510,잠실(송파구청),상왕십리,21,25
20250510,잠실(송파구청),상왕십리,22,36
20250510,잠실(송파구청),상왕십리,23,11
20250510,잠실(송파구청),서울대입구(관악구청),5,7
20250510,잠실(송파구청),서울대입구(관악구청),6,16
20250510,잠실(송파구청),서울대입구(관악구청),7,29
20250510,잠실(송파구청),서울대입구(관악구청),8,48
20250510,잠실(송파구청),서울대입구(관악구청),9,29
20250510,잠실(송파구청),서울대입구(관악구청),10,23
20250510,잠실(송파구청),서울대입구(관악구청),11,39
20250510,잠실(송파구청),서울대입구(관악구청),12,52
20250510,잠실(송파구청),서울대입구(관악구청),13,68
20250510,잠실(송파구청),서울대입구(관악구청),14,65
20250510,잠실(송파구청),서울대입구(관악구청),15,65
20250510,잠실(송파구청),서울대입구(관악구청),16,96
20250510,잠실(송파구청),서울대입구(관악구청),17,111
20250510,잠실(송파구청),서울대입구(관악구청),18,116
20250510,잠실(송파구청),서울대입구(관악구청),19,115
20250510,잠실(송파구청),서울대입구(관악구청),20,134
20250510,잠실(송파구청),서울대입구(관악구청),21,161
20250510,잠실(송파구청),서울대입구(관악구청),22,118
20250510,잠실(송파구청),서울대입구(관악구청),23,74
20250510,잠실(송파구청),서초,5,22
20250510,잠실(송파구청),서초,6,40
20250510,잠실(송파구청),서초,7,38
20250510,잠실(송파구청),서초,8,32
20250510,잠실(송파구청),서초,9,23
20250510,잠실(송파구청),서초,10,36
20250510,잠실(송파구청),서초,11,32
20250510,잠실(송파구청),서초,12,56
20250510,잠실(송파구청),서초,13,59
20250510,잠실(송파구청),서초,14,63
20250510,잠실(송파구청),서초,15,81
20250510,잠실(송파구청),서초,16,51
20250510,잠실(송파구청),서초,17,56
20250510,잠실(송파구청),서초,18,24
20250510,잠실(송파구청),서초,19,22
20250510,잠실(송파구청),서초,20,23
20250510,잠실(송파구청),서초,21,28
20250510,잠실(송파구청),서초,22,25
20250510,잠실(송파구청),서초,23,12
20250510,잠실(송파구청),선릉,5,12
20250510,잠실(송파구청),선릉,6,48
20250510,잠실(송파구청),선릉,7,63
20250510,잠실(송파구청),선릉,8,102
20250510,잠실(송파구청),선릉,9,140
20250510,잠실(송파구청),선릉,10,131
20250510,잠실(송파구청),선릉,11,103
20250510,잠실(송파구청),선릉,12,152
20250510,잠실(송파구청),선릉,13,129
20250510,잠실(송파구청),선릉,14,127
20250510,잠실(송파구청),선릉,15,100
20250510,잠실(송파구청),선릉,16,99
20250510,잠실(송파구청),선릉,17,105
20250510,잠실(송파구청),선릉,18,95
20250510,잠실(송파구청),선릉,19,65
20250510,잠실(송파구청),선릉,20,79
20250510,잠실(송파구청),선릉,21,58
20250510,잠실(송파구청),선릉,22,49
20250510,잠실(송파구청),선릉,23,28
20250510,잠실(송파구청),성수,5,13
20250510,잠실(송파구청),성수,6,25
20250510,잠실(송파구청),성수,7,23
20250510,잠실(송파구청),성수,8,56
20250510,잠실(송파구청),성수,9,72
20250510,잠실(송파구청),성수,10,111
20250510,잠실(송파구청),성수,11,137
20250510,잠실(송파구청),성수,12,185
20250510,잠실(송파구청),성수,13,229
20250510,잠실(송파구청),성수,14,256
20250510,잠실(송파구청),성수,15,249
20250510,잠실(송파구청),성수,16,241
20250510,잠실(송파구청),성수,17,157
20250510,잠실(송파구청),성수,18,134
20250510,잠실(송파구청),성수,19,79
20250510,잠실(송파구청),성수,20,55
20250510,잠실(송파구청),성수,21,38
20250510,잠실(송파구청),성수,22,37
20250510,잠실(송파구청),성수,23,21
20250510,잠실(송파구청),시청,5,3
20250510,잠실(송파구청),시청,6,6
20250510,잠실(송파구청),시청,7,8
20250510,잠실(송파구청),시청,8,32
20250510,잠실(송파구청),시청,9,15
20250510,잠실(송파구청),시청,10,24
20250510,잠실(송파구청),시청,11,18
20250510,잠실(송파구청),시청,12,33
20250510,잠실(송파구청),시청,13,22
20250510,잠실(송파구청),시청,14,32
20250510,잠실(송파구청),시청,15,12
20250510,잠실(송파구청),시청,16,23
20250510,잠실(송파구청),시청,17,20
20250510,잠실(송파구청),시청,18,22
20250510,잠실(송파구청),시청,19,19
20250510,잠실(송파구청),시청,20,26
20250510,잠실(송파구청),시청,21,27
20250510,잠실(송파구청),시청,22,14
20250510,잠실(송파구청),시청,23,7
20250510,잠실(송파구청),신당,5,1
20250510,잠실(송파구청),신당,6,5
20250510,잠실(송파구청),신당,7,8
20250510,잠실(송파구청),신당,8,9
20250510,잠실(송파구청),신당,9,11
20250510,잠실(송파구청),신당,10,10
20250510,잠실(송파구청),신당,11,12
20250510,잠실(송파구청),신당,12,37
20250510,잠실(송파구청),신당,13,25
20250510,잠실(송파구청),신당,14,21
20250510,잠실(송파구청),신당,15,29
20250510,잠실(송파구청),신당,16,30
20250510,잠실(송파구청),신당,17,36
20250510,잠실(송파구청),신당,18,51
20250510,잠실(송파구청),신당,19,29
20250510,잠실(송파구청),신당,20,21
20250510,잠실(송파구청),신당,21,40
20250510,잠실(송파구청),신당,22,30
20250510,잠실(송파구청),신당,23,9
20250510,잠실(송파구청),신대방,5,2
20250510,잠실(송파구청),신대방,6,8
20250510,잠실(송파구청),신대방,7,5
20250510,잠실(송파구청),신대방,8,6
20250510,잠실(송파구청),신대방,9,6
20250510,잠실(송파구청),신대방,10,6
20250510,잠실(송파구청),신대방,11,21
20250510,잠실(송파구청),신대방,12,19
20250510,잠실(송파구청),신대방,13,10
20250510,잠실(송파구청),신대방,14,24
20250510,잠실(송파구청),신대방,15,25
20250510,잠실(송파구청),신대방,16,35
20250510,잠실(송파구청),신대방,17,31
20250510,잠실(송파구청),신대방,18,38
20250510,잠실(송파구청),신대방,19,38
20250510,잠실(송파구청),신대방,20,46
20250510,잠실(송파구청),신대방,21,61
20250510,잠실(송파구청),신대방,22,33
20250510,잠실(송파구청),신대방,23,19
20250510,잠실(송파구청),신도림,5,4
20250510,잠실(송파구청),신도림,6,5
20250510,잠실(송파구청),신도림,7,17
20250510,잠실(송파구청),신도림,8,10
20250510,잠실(송파구청),신도림,9,11
20250510,잠실(송파구청),신도림,10,26
20250510,잠실(송파구청),신도림,11,40
20250510,잠실(송파구청),신도림,12,45
20250510,잠실(송파구청),신도림,13,33
20250510,잠실(송파구청),신도림,14,34
20250510,잠실(송파구청),신도림,15,41
20250510,잠실(송파구청),신도림,16,50
20250510,잠실(송파구청),신도림,17,58
20250510,잠실(송파구청),신도림,18,47
20250510,잠실(송파구청),신도림,19,47
20250510,잠실(송파구청),신도림,20,78
20250510,잠실(송파구청),신도림,21,65
20250510,잠실(송파구청),신도림,22,63
20250510,잠실(송파구청),신도림,23,29
20250510,잠실(송파구청),신림,5,6
20250510,잠실(송파구청),신림,6,16
20250510,잠실(송파구청),신림,7,19
20250510,잠실(송파구청),신림,8,26
20250510,잠실(송파구청),신림,9,44
20250510,잠실(송파구청),신림,10,31
20250510,잠실(송파구청),신림,11,39
20250510,잠실(송파구청),신림,12,46
20250510,잠실(송파구청),신림,13,49
20250510,잠실(송파구청),신림,14,66
20250510,잠실(송파구청),신림,15,71
20250510,잠실(송파구청),신림,16,103
20250510,잠실(송파구청),신림,17,119
20250510,잠실(송파구청),신림,18,140
20250510,잠실(송파구청),신림,19,130
20250510,잠실(송파구청),신림,20,165
20250510,잠실(송파구청),신림,21,155
20250510,잠실(송파구청),신림,22,167
20250510,잠실(송파구청),신림,23,39
20250510,잠실(송파구청),신촌,5,1
20250510,잠실(송파구청),신촌,6,9
20250510,잠실(송파구청),신촌,7,21
20250510,잠실(송파구청),신촌,8,25
20250510,잠실(송파구청),신촌,9,20
20250510,잠실(송파구청),신촌,10,22
20250510,잠실(송파구청),신촌,11,38
20250510,잠실(송파구청),신촌,12,41
20250510,잠실(송파구청),신촌,13,59
20250510,잠실(송파구청),신촌,14,47
20250510,잠실(송파구청),신촌,15,64
20250510,잠실(송파구청),신촌,16,93
20250510,잠실(송파구청),신촌,17,43
20250510,잠실(송파구청),신촌,18,70
20250510,잠실(송파구청),신촌,19,43
20250510,잠실(송파구청),신촌,20,53
20250510,잠실(송파구청),신촌,21,43
20250510,잠실(송파구청),신촌,22,47
20250510,잠실(송파구청),신촌,23,6
20250510,잠실(송파구청),아현,7,4
20250510,잠실(송파구청),아현,8,6
20250510,잠실(송파구청),아현,9,3
20250510,잠실(송파구청),아현,10,5
20250510,잠실(송파구청),아현,11,2
20250510,잠실(송파구청),아현,12,3
20250510,잠실(송파구청),아현,13,7
20250510,잠실(송파구청),아현,14,9
20250510,잠실(송파구청),아현,15,5
20250510,잠실(송파구청),아현,16,6
20250510,잠실(송파구청),아현,17,7
20250510,잠실(송파구청),아현,18,15
20250510,잠실(송파구청),아현,19,15
20250510,잠실(송파구청),아현,20,18
20250510,잠실(송파구청),아현,21,17
20250510,잠실(송파구청),아현,22,17
20250510,잠실(송파구청),아현,23,2
20250510,잠실(송파구청),역삼,5,10
20250510,잠실(송파구청),역삼,6,30
20250510,잠실(송파구청),역삼,7,56
20250510,잠실(송파구청),역삼,8,70
20250510,잠실(송파구청),역삼,9,73
20250510,잠실(송파구청),역삼,10,79
20250510,잠실(송파구청),역삼,11,91
20250510,잠실(송파구청),역삼,12,113
20250510,잠실(송파구청),역삼,13,102
20250510,잠실(송파구청),역삼,14,87
20250510,잠실(송파구청),역삼,15,70
20250510,잠실(송파구청),역삼,16,86
20250510,잠실(송파구청),역삼,17,59
20250510,잠실(송파구청),역삼,18,59
20250510,잠실(송파구청),역삼,19,58
20250510,잠실(송파구청),역삼,20,69
20250510,잠실(송파구청),역삼,21,51
20250510,잠실(송파구청),역삼,22,48
20250510,잠실(송파구청),역삼,23,8
20250510,잠실(송파구청),영등포구청,6,3
20250510,잠실(송파구청),영등포구청,7,3
20250510,잠실(송파구청),영등포구청,8,2
20250510,잠실(송파구청),영등포구청,9,4
20250510,잠실(송파구청),영등포구청,10,7
20250510,잠실(송파구청),영등포구청,11,11
20250510,잠실(송파구청),영등포구청,12,5
20250510,잠실(송파구청),영등포구청,13,7
20250510,잠실(송파구청),영등포구청,14,14
20250510,잠실(송파구청),영등포구청,15,2
20250510,잠실(송파구청),영등포구청,16,8
20250510,잠실(송파구청),영등포구청,17,12
20250510,잠실(송파구청),영등포구청,18,16
20250510,잠실(송파구청),영등포구청,19,13
20250510,잠실(송파구청),영등포구청,20,6
20250510,잠실(송파구청),영등포구청,21,7
20250510,잠실(송파구청),영등포구청,22,14
20250510,잠실(송파구청),영등포구청,23,2
20250510,잠실(송파구청),왕십리(성동구청),5,1
20250510,잠실(송파구청),왕십리(성동구청),6,5
20250510,잠실(송파구청),왕십리(성동구청),7,8
20250510,잠실(송파구청),왕십리(성동구청),8,6
20250510,잠실(송파구청),왕십리(성동구청),9,7
20250510,잠실(송파구청),왕십리(성동구청),10,15
20250510,잠실(송파구청),왕십리(성동구청),11,23
20250510,잠실(송파구청),왕십리(성동구청),12,24
20250510,잠실(송파구청),왕십리(성동구청),13,40
20250510,잠실(송파구청),왕십리(성동구청),14,23
20250510,잠실(송파구청),왕십리(성동구청),15,48
20250510,잠실(송파구청),왕십리(성동구청),16,55
20250510,잠실(송파구청),왕십리(성동구청),17,59
20250510,잠실(송파구청),왕십리(성동구청),18,32
20250510,잠실(송파구청),왕십리(성동구청),19,74
20250510,잠실(송파구청),왕십리(성동구청),20,24
20250510,잠실(송파구청),왕십리(성동구청),21,47
20250510,잠실(송파구청),왕십리(성동구청),22,15
20250510,잠실(송파구청),왕십리(성동구청),23,22
20250510,잠실(송파구청),용두(동대문구청),6,2
20250510,잠실(송파구청),용두(동대문구청),7,1
20250510,잠실(송파구청),용두(동대문구청),8,3
20250510,잠실(송파구청),용두(동대문구청),9,4
20250510,잠실(송파구청),용두(동대문구청),10,8
20250510,잠실(송파구청),용두(동대문구청),11,3
20250510,잠실(송파구청),용두(동대문구청),12,8
20250510,잠실(송파구청),용두(동대문구청),13,10
20250510,잠실(송파구청),용두(동대문구청),14,9
20250510,잠실(송파구청),용두(동대문구청),15,4
20250510,잠실(송파구청),용두(동대문구청),16,9
20250510,잠실(송파구청),용두(동대문구청),17,8
20250510,잠실(송파구청),용두(동대문구청),18,7
20250510,잠실(송파구청),용두(동대문구청),19,12
20250510,잠실(송파구청),용두(동대문구청),20,9
20250510,잠실(송파구청),용두(동대문구청),21,10
20250510,잠실(송파구청),용두(동대문구청),22,5
20250510,잠실(송파구청),용두(동대문구청),23,4
20250510,잠실(송파구청),을지로3가,5,2
20250510,잠실(송파구청),을지로3가,6,6
20250510,잠실(송파구청),을지로3가,7,8
20250510,잠실(송파구청),을지로3가,8,15
20250510,잠실(송파구청),을지로3가,9,22
20250510,잠실(송파구청),을지로3가,10,25
20250510,잠실(송파구청),을지로3가,11,22
20250510,잠실(송파구청),을지로3가,12,34
20250510,잠실(송파구청),을지로3가,13,23
20250510,잠실(송파구청),을지로3가,14,27
20250510,잠실(송파구청),을지로3가,15,38
20250510,잠실(송파구청),을지로3가,16,45
20250510,잠실(송파구청),을지로3가,17,46
20250510,잠실(송파구청),을지로3가,18,39
20250510,잠실(송파구청),을지로3가,19,37
20250510,잠실(송파구청),을지로3가,20,35
20250510,잠실(송파구청),을지로3가,21,27
20250510,잠실(송파구청),을지로3가,22,19
20250510,잠실(송파구청),을지로3가,23,8
20250510,잠실(송파구청),을지로4가,5,2
20250510,잠실(송파구청),을지로4가,6,5
20250510,잠실(송파구청),을지로4가,7,9
20250510,잠실(송파구청),을지로4가,8,16
20250510,잠실(송파구청),을지로4가,9,18
20250510,잠실(송파구청),을지로4가,10,14
20250510,잠실(송파구청),을지로4가,11,19
20250510,잠실(송파구청),을지로4가,12,15
20250510,잠실(송파구청),을지로4가,13,24
20250510,잠실(송파구청),을지로4가,14,41
20250510,잠실(송파구청),을지로4가,15,38
20250510,잠실(송파구청),을지로4가,16,42
20250510,잠실(송파구청),을지로4가,17,44
20250510,잠실(송파구청),을지로4가,18,32
20250510,잠실(송파구청),을지로4가,19,16
20250510,잠실(송파구청),을지로4가,20,22
20250510,잠실(송파구청),을지로4가,21,18
20250510,잠실(송파구청),을지로4가,22,12
20250510,잠실(송파구청),을지로4가,23,1
20250510,잠실(송파구청),을지로입구,5,5
20250510,잠실(송파구청),을지로입구,6,13
20250510,잠실(송파구청),을지로입구,7,23
20250510,잠실(송파구청),을지로입구,8,25
20250510,잠실(송파구청),을지로입구,9,37
20250510,잠실(송파구청),을지로입구,10,44
20250510,잠실(송파구청),을지로입구,11,64
20250510,잠실(송파구청),을지로입구,12,63
20250510,잠실(송파구청),을지로입구,13,68
20250510,잠실(송파구청),을지로입구,14,63
20250510,잠실(송파구청),을지로입구,15,83
20250510,잠실(송파구청),을지로입구,16,84
20250510,잠실(송파구청),을지로입구,17,67
20250510,잠실(송파구청),을지로입구,18,67
20250510,잠실(송파구청),을지로입구,19,49
20250510,잠실(송파구청),을지로입구,20,32
20250510,잠실(송파구청),을지로입구,21,28
20250510,잠실(송파구청),을지로입구,22,35
20250510,잠실(송파구청),을지로입구,23,12
20250510,잠실(송파구청),이대,6,3
20250510,잠실(송파구청),이대,7,7
20250510,잠실(송파구청),이대,8,11
20250510,잠실(송파구청),이대,9,8
20250510,잠실(송파구청),이대,10,13
20250510,잠실(송파구청),이대,11,22
20250510,잠실(송파구청),이대,12,25
20250510,잠실(송파구청),이대,13,25
20250510,잠실(송파구청),이대,14,22
20250510,잠실(송파구청),이대,15,10
20250510,잠실(송파구청),이대,16,19
20250510,잠실(송파구청),이대,17,31
20250510,잠실(송파구청),이대,18,23
20250510,잠실(송파구청),이대,19,13
20250510,잠실(송파구청),이대,20,17
20250510,잠실(송파구청),이대,21,34
20250510,잠실(송파구청),이대,22,26
20250510,잠실(송파구청),이대,23,5
20250510,잠실(송파구청),잠실(송파구청),4,1
20250510,잠실(송파구청),잠실(송파구청),5,10
20250510,잠실(송파구청),잠실(송파구청),6,17
20250510,잠실(송파구청),잠실(송파구청),7,20
20250510,잠실(송파구청),잠실(송파구청),8,40
20250510,잠실(송파구청),잠실(송파구청),9,55
20250510,잠실(송파구청),잠실(송파구청),10,67
20250510,잠실(송파구청),잠실(송파구청),11,143
20250510,잠실(송파구청),잠실(송파구청),12,120
20250510,잠실(송파구청),잠실(송파구청),13,197
20250510,잠실(송파구청),잠실(송파구청),14,192
20250510,잠실(송파구청),잠실(송파구청),15,234
20250510,잠실(송파구청),잠실(송파구청),16,321
20250510,잠실(송파구청),잠실(송파구청),17,264
20250510,잠실(송파구청),잠실(송파구청),18,247
20250510,잠실(송파구청),잠실(송파구청),19,220
20250510,잠실(송파구청),잠실(송파구청),20,245
20250510,잠실(송파구청),잠실(송파구청),21,297
20250510,잠실(송파구청),잠실(송파구청),22,147
20250510,잠실(송파구청),잠실(송파구청),23,54
20250510,잠실(송파구청),잠실나루,6,8
20250510,잠실(송파구청),잠실나루,7,15
20250510,잠실(송파구청),잠실나루,8,20
20250510,잠실(송파구청),잠실나루,9,18
20250510,잠실(송파구청),잠실나루,10,21
20250510,잠실(송파구청),잠실나루,11,39
20250510,잠실(송파구청),잠실나루,12,50
20250510,잠실(송파구청),잠실나루,13,58
20250510,잠실(송파구청),잠실나루,14,57
20250510,잠실(송파구청),잠실나루,15,65
20250510,잠실(송파구청),잠실나루,16,66
20250510,잠실(송파구청),잠실나루,17,64
20250510,잠실(송파구청),잠실나루,18,58
20250510,잠실(송파구청),잠실나루,19,57
20250510,잠실(송파구청),잠실나루,20,47
20250510,잠실(송파구청),잠실나루,21,27
20250510,잠실(송파구청),잠실나루,22,19
20250510,잠실(송파구청),잠실나루,23,7
20250510,잠실(송파구청),잠실새내,5,3
20250510,잠실(송파구청),잠실새내,6,19
20250510,잠실(송파구청),잠실새내,7,25
20250510,잠실(송파구청),잠실새내,8,81
20250510,잠실(송파구청),잠실새내,9,98
20250510,잠실(송파구청),잠실새내,10,107
20250510,잠실(송파구청),잠실새내,11,151
20250510,잠실(송파구청),잠실새내,12,195
20250510,잠실(송파구청),잠실새내,13,230
20250510,잠실(송파구청),잠실새내,14,280
20250510,잠실(송파구청),잠실새내,15,300
20250510,잠실(송파구청),잠실새내,16,369
20250510,잠실(송파구청),잠실새내,17,357
20250510,잠실(송파구청),잠실새내,18,272
20250510,잠실(송파구청),잠실새내,19,226
20250510,잠실(송파구청),잠실새내,20,198
20250510,잠실(송파구청),잠실새내,21,173
20250510,잠실(송파구청),잠실새내,22,72
20250510,잠실(송파구청),잠실새내,23,35
20250510,잠실(송파구청),종합운동장,5,2
20250510,잠실(송파구청),종합운동장,6,21
20250510,잠실(송파구청),종합운동장,7,42
20250510,잠실(송파구청),종합운동장,8,31
20250510,잠실(송파구청),종합운동장,9,17
20250510,잠실(송파구청),종합운동장,10,26
20250510,잠실(송파구청),종합운동장,11,27
20250510,잠실(송파구청),종합운동장,12,37
20250510,잠실(송파구청),종합운동장,13,77
20250510,잠실(송파구청),종합운동장,14,170
20250510,잠실(송파구청),종합운동장,15,559
20250510,잠실(송파구청),종합운동장,16,738
20250510,잠실(송파구청),종합운동장,17,212
20250510,잠실(송파구청),종합운동장,18,33
20250510,잠실(송파구청),종합운동장,19,45
20250510,잠실(송파구청),종합운동장,20,37
20250510,잠실(송파구청),종합운동장,21,46
20250510,잠실(송파구청),종합운동장,22,20
20250510,잠실(송파구청),종합운동장,23,8
20250510,잠실(송파구청),충정로(경기대입구),5,1
20250510,잠실(송파구청),충정로(경기대입구),7,3
20250510,잠실(송파구청),충정로(경기대입구),8,7
20250510,잠실(송파구청),충정로(경기대입구),9,10
20250510,잠실(송파구청),충정로(경기대입구),10,10
20250510,잠실(송파구청),충정로(경기대입구),11,9
20250510,잠실(송파구청),충정로(경기대입구),12,17
20250510,잠실(송파구청),충정로(경기대입구),13,8
20250510,잠실(송파구청),충정로(경기대입구),14,11
20250510,잠실(송파구청),충정로(경기대입구),15,8
20250510,잠실(송파구청),충정로(경기대입구),16,12
20250510,잠실(송파구청),충정로(경기대입구),17,7
20250510,잠실(송파구청),충정로(경기대입구),18,7
20250510,잠실(송파구청),충정로(경기대입구),19,12
20250510,잠실(송파구청),충정로(경기대입구),20,11
20250510,잠실(송파구청),충정로(경기대입구),21,11
20250510,잠실(송파구청),충정로(경기대입구),22,13
20250510,잠실(송파구청),충정로(경기대입구),23,3
20250510,잠실(송파구청),한양대,5,2
20250510,잠실(송파구청),한양대,6,9
20250510,잠실(송파구청),한양대,7,8
20250510,잠실(송파구청),한양대,8,20
20250510,잠실(송파구청),한양대,9,13
20250510,잠실(송파구청),한양대,10,17
20250510,잠실(송파구청),한양대,11,16
20250510,잠실(송파구청),한양대,12,18
20250510,잠실(송파구청),한양대,13,28
20250510,잠실(송파구청),한양대,14,12
20250510,잠실(송파구청),한양대,15,17
20250510,잠실(송파구청),한양대,16,21
20250510,잠실(송파구청),한양대,17,9
20250510,잠실(송파구청),한양대,18,13
20250510,잠실(송파구청),한양대,19,13
20250510,잠실(송파구청),한양대,20,6
20250510,잠실(송파구청),한양대,21,20
20250510,잠실(송파구청),한양대,22,8
20250510,잠실(송파구청),한양대,23,4
20250510,잠실(송파구청),합정,5,4
20250510,잠실(송파구청),합정,6,3
20250510,잠실(송파구청),합정,7,4
20250510,잠실(송파구청),합정,8,13
20250510,잠실(송파구청),합정,9,23
20250510,잠실(송파구청),합정,10,14
20250510,잠실(송파구청),합정,11,24
20250510,잠실(송파구청),합정,12,24
20250510,잠실(송파구청),합정,13,29
20250510,잠실(송파구청),합정,14,31
20250510,잠실(송파구청),합정,15,37
20250510,잠실(송파구청),합정,16,50
20250510,잠실(송파구청),합정,17,56
20250510,잠실(송파구청),합정,18,27
20250510,잠실(송파구청),합정,19,33
20250510,잠실(송파구청),합정,20,36
20250510,잠실(송파구청),합정,21,34
20250510,잠실(송파구청),합정,22,30
20250510,잠실(송파구청),합정,23,8
20250510,잠실(송파구청),홍대입구,5,1
20250510,잠실(송파구청),홍대입구,6,10
20250510,잠실(송파구청),홍대입구,7,10
20250510,잠실(송파구청),홍대입구,8,22
20250510,잠실(송파구청),홍대입구,9,45
20250510,잠실(송파구청),홍대입구,10,71
20250510,잠실(송파구청),홍대입구,11,107
20250510,잠실(송파구청),홍대입구,12,149
20250510,잠실(송파구청),홍대입구,13,151
20250510,잠실(송파구청),홍대입구,14,159
20250510,잠실(송파구청),홍대입구,15,170
20250510,잠실(송파구청),홍대입구,16,162
20250510,잠실(송파구청),홍대입구,17,156
20250510,잠실(송파구청),홍대입구,18,130
20250510,잠실(송파구청),홍대입구,19,103
20250510,잠실(송파구청),홍대입구,20,104
20250510,잠실(송파구청),홍대입구,21,106
20250510,잠실(송파구청),홍대입구,22,73
20250510,잠실(송파구청),홍대입구,23,15
20250510,잠실나루,강남,5,8
20250510,잠실나루,강남,6,8
20250510,잠실나루,강남,7,20
20250510,잠실나루,강남,8,27
20250510,잠실나루,강남,9,40
20250510,잠실나루,강남,10,30
20250510,잠실나루,강남,11,17
20250510,잠실나루,강남,12,16
20250510,잠실나루,강남,13,38
20250510,잠실나루,강남,14,30
20250510,잠실나루,강남,15,16
20250510,잠실나루,강남,16,35
20250510,잠실나루,강남,17,25
20250510,잠실나루,강남,18,17
20250510,잠실나루,강남,19,10
20250510,잠실나루,강남,20,9
20250510,잠실나루,강남,21,5
20250510,잠실나루,강남,22,7
20250510,잠실나루,강남,23,1
20250510,잠실나루,강변(동서울터미널),6,11
20250510,잠실나루,강변(동서울터미널),7,13
20250510,잠실나루,강변(동서울터미널),8,21
20250510,잠실나루,강변(동서울터미널),9,17
20250510,잠실나루,강변(동서울터미널),10,32
20250510,잠실나루,강변(동서울터미널),11,30
20250510,잠실나루,강변(동서울터미널),12,24
20250510,잠실나루,강변(동서울터미널),13,13
20250510,잠실나루,강변(동서울터미널),14,19
20250510,잠실나루,강변(동서울터미널),15,36
20250510,잠실나루,강변(동서울터미널),16,20
20250510,잠실나루,강변(동서울터미널),17,26
20250510,잠실나루,강변(동서울터미널),18,26
20250510,잠실나루,강변(동서울터미널),19,15
20250510,잠실나루,강변(동서울터미널),20,15
20250510,잠실나루,강변(동서울터미널),21,11
20250510,잠실나루,강변(동서울터미널),22,7
20250510,잠실나루,강변(동서울터미널),23,3
20250510,잠실나루,건대입구,6,5
20250510,잠실나루,건대입구,7,2
20250510,잠실나루,건대입구,8,9
20250510,잠실나루,건대입구,9,14
20250510,잠실나루,건대입구,10,9
20250510,잠실나루,건대입구,11,12
20250510,잠실나루,건대입구,12,14
20250510,잠실나루,건대입구,13,23
20250510,잠실나루,건대입구,14,23
20250510,잠실나루,건대입구,15,21
20250510,잠실나루,건대입구,16,23
20250510,잠실나루,건대입구,17,21
20250510,잠실나루,건대입구,18,27
20250510,잠실나루,건대입구,19,17
20250510,잠실나루,건대입구,20,16
20250510,잠실나루,건대입구,21,8
20250510,잠실나루,건대입구,22,8
20250510,잠실나루,건대입구,23,2
20250510,잠실나루,교대(법원.검찰청),6,2
20250510,잠실나루,교대(법원.검찰청),7,4
20250510,잠실나루,교대(법원.검찰청),8,17
20250510,잠실나루,교대(법원.검찰청),9,9
20250510,잠실나루,교대(법원.검찰청),10,15
20250510,잠실나루,교대(법원.검찰청),11,9
20250510,잠실나루,교대(법원.검찰청),12,14
20250510,잠실나루,교대(법원.검찰청),13,12
20250510,잠실나루,교대(법원.검찰청),14,5
20250510,잠실나루,교대(법원.검찰청),15,6
20250510,잠실나루,교대(법원.검찰청),16,10
20250510,잠실나루,교대(법원.검찰청),17,9
20250510,잠실나루,교대(법원.검찰청),18,4
20250510,잠실나루,교대(법원.검찰청),19,1
20250510,잠실나루,교대(법원.검찰청),20,4
20250510,잠실나루,구로디지털단지,6,2
20250510,잠실나루,구로디지털단지,7,1
20250510,잠실나루,구로디지털단지,8,4
20250510,잠실나루,구로디지털단지,9,2
20250510,잠실나루,구로디지털단지,10,4
20250510,잠실나루,구로디지털단지,11,2
20250510,잠실나루,구로디지털단지,12,7
20250510,잠실나루,구로디지털단지,13,1
20250510,잠실나루,구로디지털단지,14,10
20250510,잠실나루,구로디지털단지,15,9
20250510,잠실나루,구로디지털단지,16,15
20250510,잠실나루,구로디지털단지,17,4
20250510,잠실나루,구로디지털단지,18,2
20250510,잠실나루,구로디지털단지,19,1
20250510,잠실나루,구로디지털단지,20,3
20250510,잠실나루,구로디지털단지,21,1
20250510,잠실나루,구로디지털단지,22,2
20250510,잠실나루,구의(광진구청),5,1
20250510,잠실나루,구의(광진구청),6,3
20250510,잠실나루,구의(광진구청),7,5
20250510,잠실나루,구의(광진구청),8,13
20250510,잠실나루,구의(광진구청),9,8
20250510,잠실나루,구의(광진구청),10,12
20250510,잠실나루,구의(광진구청),11,13
20250510,잠실나루,구의(광진구청),12,27
20250510,잠실나루,구의(광진구청),13,9
20250510,잠실나루,구의(광진구청),14,18
20250510,잠실나루,구의(광진구청),15,17
20250510,잠실나루,구의(광진구청),16,21
20250510,잠실나루,구의(광진구청),17,12
20250510,잠실나루,구의(광진구청),18,14
20250510,잠실나루,구의(광진구청),19,11
20250510,잠실나루,구의(광진구청),20,8
20250510,잠실나루,구의(광진구청),21,4
20250510,잠실나루,구의(광진구청),22,3
20250510,잠실나루,구의(광진구청),23,5
20250510,잠실나루,낙성대,5,2
20250510,잠실나루,낙성대,6,1
20250510,잠실나루,낙성대,7,5
20250510,잠실나루,낙성대,8,4
20250510,잠실나루,낙성대,9,6
20250510,잠실나루,낙성대,10,3
20250510,잠실나루,낙성대,11,2
20250510,잠실나루,낙성대,12,3
20250510,잠실나루,낙성대,13,2
20250510,잠실나루,낙성대,14,5
20250510,잠실나루,낙성대,15,3
20250510,잠실나루,낙성대,16,8
20250510,잠실나루,낙성대,17,2
20250510,잠실나루,낙성대,18,4
20250510,잠실나루,낙성대,20,5
20250510,잠실나루,낙성대,22,1
20250510,잠실나루,당산,6,1
20250510,잠실나루,당산,7,2
20250510,잠실나루,당산,9,1
20250510,잠실나루,당산,10,2
20250510,잠실나루,당산,11,2
20250510,잠실나루,당산,13,1
20250510,잠실나루,당산,14,3
20250510,잠실나루,당산,15,3
20250510,잠실나루,당산,16,3
20250510,잠실나루,당산,17,3
20250510,잠실나루,당산,18,2
20250510,잠실나루,당산,22,3
20250510,잠실나루,당산,23,1
20250510,잠실나루,대림(구로구청),5,1
20250510,잠실나루,대림(구로구청),7,2
20250510,잠실나루,대림(구로구청),8,1
20250510,잠실나루,대림(구로구청),9,2
20250510,잠실나루,대림(구로구청),11,1
20250510,잠실나루,대림(구로구청),12,4
20250510,잠실나루,대림(구로구청),13,1
20250510,잠실나루,대림(구로구청),14,3
20250510,잠실나루,대림(구로구청),15,5
20250510,잠실나루,대림(구로구청),16,23
20250510,잠실나루,대림(구로구청),17,2
20250510,잠실나루,대림(구로구청),18,2
20250510,잠실나루,대림(구로구청),19,1
20250510,잠실나루,대림(구로구청),20,2
20250510,잠실나루,대림(구로구청),22,3
20250510,잠실나루,대림(구로구청),23,1
20250510,잠실나루,동대문역사문화공원,5,1
20250510,잠실나루,동대문역사문화공원,7,3
20250510,잠실나루,동대문역사문화공원,8,2
20250510,잠실나루,동대문역사문화공원,9,2
20250510,잠실나루,동대문역사문화공원,10,6
20250510,잠실나루,동대문역사문화공원,11,4
20250510,잠실나루,동대문역사문화공원,12,1
20250510,잠실나루,동대문역사문화공원,13,5
20250510,잠실나루,동대문역사문화공원,14,8
20250510,잠실나루,동대문역사문화공원,15,8
20250510,잠실나루,동대문역사문화공원,16,4
20250510,잠실나루,동대문역사문화공원,17,2
20250510,잠실나루,동대문역사문화공원,18,3
20250510,잠실나루,동대문역사문화공원,23,4
20250510,잠실나루,뚝섬,6,1
20250510,잠실나루,뚝섬,7,2
20250510,잠실나루,뚝섬,8,2
20250510,잠실나루,뚝섬,9,9
20250510,잠실나루,뚝섬,10,14
20250510,잠실나루,뚝섬,11,9
20250510,잠실나루,뚝섬,12,16
20250510,잠실나루,뚝섬,13,4
20250510,잠실나루,뚝섬,14,9
20250510,잠실나루,뚝섬,15,4
20250510,잠실나루,뚝섬,16,7
20250510,잠실나루,뚝섬,17,6
20250510,잠실나루,뚝섬,18,4
20250510,잠실나루,뚝섬,19,1
20250510,잠실나루,뚝섬,22,1
20250510,잠실나루,문래,6,2
20250510,잠실나루,문래,8,1
20250510,잠실나루,문래,12,1
20250510,잠실나루,문래,13,5
20250510,잠실나루,문래,14,1
20250510,잠실나루,문래,15,2
20250510,잠실나루,문래,17,3
20250510,잠실나루,문래,18,1
20250510,잠실나루,문래,20,1
20250510,잠실나루,방배,5,1
20250510,잠실나루,방배,8,3
20250510,잠실나루,방배,9,4
20250510,잠실나루,방배,10,1
20250510,잠실나루,방배,11,6
20250510,잠실나루,방배,12,6
20250510,잠실나루,방배,13,5
20250510,잠실나루,방배,14,3
20250510,잠실나루,방배,15,3
20250510,잠실나루,방배,16,6
20250510,잠실나루,방배,18,2
20250510,잠실나루,방배,20,1
20250510,잠실나루,봉천,5,1
20250510,잠실나루,봉천,7,2
20250510,잠실나루,봉천,8,3
20250510,잠실나루,봉천,10,1
20250510,잠실나루,봉천,11,5
20250510,잠실나루,봉천,12,2
20250510,잠실나루,봉천,13,2
20250510,잠실나루,봉천,15,2
20250510,잠실나루,봉천,16,5
20250510,잠실나루,봉천,17,5
20250510,잠실나루,봉천,18,2
20250510,잠실나루,봉천,19,1
20250510,잠실나루,봉천,21,2
20250510,잠실나루,봉천,22,1
20250510,잠실나루,봉천,23,2
20250510,잠실나루,사당,6,11
20250510,잠실나루,사당,7,5
20250510,잠실나루,사당,8,8
20250510,잠실나루,사당,9,5
20250510,잠실나루,사당,10,5
20250510,잠실나루,사당,11,11
20250510,잠실나루,사당,12,13
20250510,잠실나루,사당,13,5
20250510,잠실나루,사당,14,10
20250510,잠실나루,사당,15,10
20250510,잠실나루,사당,16,15
20250510,잠실나루,사당,17,17
20250510,잠실나루,사당,18,11
20250510,잠실나루,사당,19,4
20250510,잠실나루,사당,20,5
20250510,잠실나루,사당,21,6
20250510,잠실나루,사당,22,3
20250510,잠실나루,사당,23,2
20250510,잠실나루,삼성(무역센터),5,2
20250510,잠실나루,삼성(무역센터),6,3
20250510,잠실나루,삼성(무역센터),7,8
20250510,잠실나루,삼성(무역센터),8,17
20250510,잠실나루,삼성(무역센터),9,24
20250510,잠실나루,삼성(무역센터),10,28
20250510,잠실나루,삼성(무역센터),11,32
20250510,잠실나루,삼성(무역센터),12,32
20250510,잠실나루,삼성(무역센터),13,32
20250510,잠실나루,삼성(무역센터),14,30
20250510,잠실나루,삼성(무역센터),15,26
20250510,잠실나루,삼성(무역센터),16,17
20250510,잠실나루,삼성(무역센터),17,24
20250510,잠실나루,삼성(무역센터),18,6
20250510,잠실나루,삼성(무역센터),19,3
20250510,잠실나루,삼성(무역센터),20,4
20250510,잠실나루,삼성(무역센터),21,1
20250510,잠실나루,삼성(무역센터),22,1
20250510,잠실나루,삼성(무역센터),23,2
20250510,잠실나루,상왕십리,6,2
20250510,잠실나루,상왕십리,7,4
20250510,잠실나루,상왕십리,8,2
20250510,잠실나루,상왕십리,9,2
20250510,잠실나루,상왕십리,10,2
20250510,잠실나루,상왕십리,11,1
20250510,잠실나루,상왕십리,12,10
20250510,잠실나루,상왕십리,13,1
20250510,잠실나루,상왕십리,15,2
20250510,잠실나루,상왕십리,16,2
20250510,잠실나루,상왕십리,17,6
20250510,잠실나루,상왕십리,18,3
20250510,잠실나루,상왕십리,19,3
20250510,잠실나루,상왕십리,20,4
20250510,잠실나루,상왕십리,22,2
20250510,잠실나루,상왕십리,23,1
20250510,잠실나루,서울대입구(관악구청),5,1
20250510,잠실나루,서울대입구(관악구청),7,3
20250510,잠실나루,서울대입구(관악구청),8,10
20250510,잠실나루,서울대입구(관악구청),9,8
20250510,잠실나루,서울대입구(관악구청),10,3
20250510,잠실나루,서울대입구(관악구청),11,6
20250510,잠실나루,서울대입구(관악구청),12,7
20250510,잠실나루,서울대입구(관악구청),13,4
20250510,잠실나루,서울대입구(관악구청),14,7
20250510,잠실나루,서울대입구(관악구청),15,10
20250510,잠실나루,서울대입구(관악구청),16,8
20250510,잠실나루,서울대입구(관악구청),17,7
20250510,잠실나루,서울대입구(관악구청),18,2
20250510,잠실나루,서울대입구(관악구청),20,2
20250510,잠실나루,서울대입구(관악구청),21,5
20250510,잠실나루,서울대입구(관악구청),22,4
20250510,잠실나루,서울대입구(관악구청),23,4
20250510,잠실나루,서초,5,4
20250510,잠실나루,서초,6,1
20250510,잠실나루,서초,7,7
20250510,잠실나루,서초,8,5
20250510,잠실나루,서초,9,8
20250510,잠실나루,서초,10,2
20250510,잠실나루,서초,11,5
20250510,잠실나루,서초,12,7
20250510,잠실나루,서초,13,7
20250510,잠실나루,서초,14,8
20250510,잠실나루,서초,15,3
20250510,잠실나루,서초,16,4
20250510,잠실나루,서초,17,4
20250510,잠실나루,서초,18,1
20250510,잠실나루,서초,19,2
20250510,잠실나루,서초,20,4
20250510,잠실나루,서초,23,1
20250510,잠실나루,선릉,5,1
20250510,잠실나루,선릉,6,3
20250510,잠실나루,선릉,7,6
20250510,잠실나루,선릉,8,14
20250510,잠실나루,선릉,9,19
20250510,잠실나루,선릉,10,20
20250510,잠실나루,선릉,11,10
20250510,잠실나루,선릉,12,17
20250510,잠실나루,선릉,13,16
20250510,잠실나루,선릉,14,18
20250510,잠실나루,선릉,15,12
20250510,잠실나루,선릉,16,11
20250510,잠실나루,선릉,17,12
20250510,잠실나루,선릉,18,4
20250510,잠실나루,선릉,19,5
20250510,잠실나루,선릉,21,3
20250510,잠실나루,선릉,22,5
20250510,잠실나루,선릉,23,1
20250510,잠실나루,성수,6,3
20250510,잠실나루,성수,7,3
20250510,잠실나루,성수,8,8
20250510,잠실나루,성수,9,14
20250510,잠실나루,성수,10,12
20250510,잠실나루,성수,11,14
20250510,잠실나루,성수,12,12
20250510,잠실나루,성수,13,16
20250510,잠실나루,성수,14,9
20250510,잠실나루,성수,15,8
20250510,잠실나루,성수,16,11
20250510,잠실나루,성수,17,12
20250510,잠실나루,성수,18,3
20250510,잠실나루,성수,19,2
20250510,잠실나루,성수,20,4
20250510,잠실나루,성수,21,2
20250510,잠실나루,성수,22,2
20250510,잠실나루,시청,5,1
20250510,잠실나루,시청,7,2
20250510,잠실나루,시청,8,2
20250510,잠실나루,시청,9,10
20250510,잠실나루,시청,10,1
20250510,잠실나루,시청,11,5
20250510,잠실나루,시청,12,2
20250510,잠실나루,시청,13,10
20250510,잠실나루,시청,14,3
20250510,잠실나루,시청,16,2
20250510,잠실나루,시청,17,2
20250510,잠실나루,시청,18,1
20250510,잠실나루,신당,7,1
20250510,잠실나루,신당,8,9
20250510,잠실나루,신당,9,2
20250510,잠실나루,신당,10,3
20250510,잠실나루,신당,11,3
20250510,잠실나루,신당,12,3
20250510,잠실나루,신당,13,6
20250510,잠실나루,신당,15,1
20250510,잠실나루,신당,17,3
20250510,잠실나루,신당,18,6
20250510,잠실나루,신당,20,2
20250510,잠실나루,신당,21,1
20250510,잠실나루,신당,23,2
20250510,잠실나루,신대방,7,1
20250510,잠실나루,신대방,8,1
20250510,잠실나루,신대방,9,2
20250510,잠실나루,신대방,11,1
20250510,잠실나루,신대방,12,3
20250510,잠실나루,신대방,14,3
20250510,잠실나루,신대방,15,1
20250510,잠실나루,신대방,16,4
20250510,잠실나루,신대방,17,4
20250510,잠실나루,신대방,19,1
20250510,잠실나루,신대방,20,2
20250510,잠실나루,신대방,21,5
20250510,잠실나루,신대방,22,1
20250510,잠실나루,신도림,8,1
20250510,잠실나루,신도림,9,3
20250510,잠실나루,신도림,10,5
20250510,잠실나루,신도림,11,5
20250510,잠실나루,신도림,12,4
20250510,잠실나루,신도림,13,8
20250510,잠실나루,신도림,14,2
20250510,잠실나루,신도림,15,1
20250510,잠실나루,신도림,16,9
20250510,잠실나루,신도림,17,6
20250510,잠실나루,신도림,18,2
20250510,잠실나루,신도림,19,1
20250510,잠실나루,신도림,20,3
20250510,잠실나루,신도림,22,4
20250510,잠실나루,신도림,23,2
20250510,잠실나루,신림,6,1
20250510,잠실나루,신림,7,5
20250510,잠실나루,신림,8,5
20250510,잠실나루,신림,9,2
20250510,잠실나루,신림,10,3
20250510,잠실나루,신림,11,5
20250510,잠실나루,신림,12,1
20250510,잠실나루,신림,13,5
20250510,잠실나루,신림,14,3
20250510,잠실나루,신림,15,8
20250510,잠실나루,신림,16,6
20250510,잠실나루,신림,17,8
20250510,잠실나루,신림,18,4
20250510,잠실나루,신림,19,10
20250510,잠실나루,신림,20,5
20250510,잠실나루,신림,21,2
20250510,잠실나루,신림,22,5
20250510,잠실나루,신촌,7,3
20250510,잠실나루,신촌,8,10
20250510,잠실나루,신촌,9,6
20250510,잠실나루,신촌,10,5
20250510,잠실나루,신촌,11,6
20250510,잠실나루,신촌,12,4
20250510,잠실나루,신촌,13,6
20250510,잠실나루,신촌,14,11
20250510,잠실나루,신촌,15,4
20250510,잠실나루,신촌,16,11
20250510,잠실나루,신촌,17,9
20250510,잠실나루,신촌,18,5
20250510,잠실나루,신촌,19,3
20250510,잠실나루,신촌,20,2
20250510,잠실나루,신촌,21,6
20250510,잠실나루,신촌,22,1
20250510,잠실나루,신촌,23,2
20250510,잠실나루,아현,8,2
20250510,잠실나루,아현,9,1
20250510,잠실나루,아현,11,1
20250510,잠실나루,아현,13,1
20250510,잠실나루,아현,15,2
20250510,잠실나루,아현,16,2
20250510,잠실나루,아현,17,2
20250510,잠실나루,아현,20,1
20250510,잠실나루,아현,21,1
20250510,잠실나루,아현,22,1
20250510,잠실나루,역삼,5,2
20250510,잠실나루,역삼,6,3
20250510,잠실나루,역삼,7,3
20250510,잠실나루,역삼,8,13
20250510,잠실나루,역삼,9,8
20250510,잠실나루,역삼,10,9
20250510,잠실나루,역삼,11,17
20250510,잠실나루,역삼,12,14
20250510,잠실나루,역삼,13,18
20250510,잠실나루,역삼,14,6
20250510,잠실나루,역삼,15,6
20250510,잠실나루,역삼,16,12
20250510,잠실나루,역삼,17,8
20250510,잠실나루,역삼,18,9
20250510,잠실나루,역삼,19,4
20250510,잠실나루,역삼,21,1
20250510,잠실나루,역삼,22,4
20250510,잠실나루,역삼,23,1
20250510,잠실나루,영등포구청,8,1
20250510,잠실나루,영등포구청,11,1
20250510,잠실나루,영등포구청,12,1
20250510,잠실나루,영등포구청,14,3
20250510,잠실나루,영등포구청,15,2
20250510,잠실나루,영등포구청,17,2
20250510,잠실나루,영등포구청,19,2
20250510,잠실나루,영등포구청,23,1
20250510,잠실나루,왕십리(성동구청),5,2
20250510,잠실나루,왕십리(성동구청),6,1
20250510,잠실나루,왕십리(성동구청),8,5
20250510,잠실나루,왕십리(성동구청),9,6
20250510,잠실나루,왕십리(성동구청),10,4
20250510,잠실나루,왕십리(성동구청),11,11
20250510,잠실나루,왕십리(성동구청),12,5
20250510,잠실나루,왕십리(성동구청),13,1
20250510,잠실나루,왕십리(성동구청),14,3
20250510,잠실나루,왕십리(성동구청),15,2
20250510,잠실나루,왕십리(성동구청),16,9
20250510,잠실나루,왕십리(성동구청),17,7
20250510,잠실나루,왕십리(성동구청),18,2
20250510,잠실나루,왕십리(성동구청),20,1
20250510,잠실나루,왕십리(성동구청),21,1
20250510,잠실나루,용두(동대문구청),7,1
20250510,잠실나루,용두(동대문구청),9,4
20250510,잠실나루,용두(동대문구청),10,2
20250510,잠실나루,용두(동대문구청),11,2
20250510,잠실나루,용두(동대문구청),12,3
20250510,잠실나루,용두(동대문구청),13,2
20250510,잠실나루,용두(동대문구청),14,1
20250510,잠실나루,용두(동대문구청),15,1
20250510,잠실나루,용두(동대문구청),16,7
20250510,잠실나루,용두(동대문구청),17,2
20250510,잠실나루,용두(동대문구청),19,3
20250510,잠실나루,용두(동대문구청),20,1
20250510,잠실나루,을지로3가,6,3
20250510,잠실나루,을지로3가,7,1
20250510,잠실나루,을지로3가,8,2
20250510,잠실나루,을지로3가,9,8
20250510,잠실나루,을지로3가,10,1
20250510,잠실나루,을지로3가,11,7
20250510,잠실나루,을지로3가,12,4
20250510,잠실나루,을지로3가,13,4
20250510,잠실나루,을지로3가,14,5
20250510,잠실나루,을지로3가,15,11
20250510,잠실나루,을지로3가,16,4
20250510,잠실나루,을지로3가,17,11
20250510,잠실나루,을지로3가,18,2
20250510,잠실나루,을지로3가,21,2
20250510,잠실나루,을지로3가,23,1
20250510,잠실나루,을지로4가,5,1
20250510,잠실나루,을지로4가,7,2
20250510,잠실나루,을지로4가,8,3
20250510,잠실나루,을지로4가,9,11
20250510,잠실나루,을지로4가,10,3
20250510,잠실나루,을지로4가,11,5
20250510,잠실나루,을지로4가,12,7
20250510,잠실나루,을지로4가,13,4
20250510,잠실나루,을지로4가,14,3
20250510,잠실나루,을지로4가,15,1
20250510,잠실나루,을지로4가,16,5
20250510,잠실나루,을지로4가,17,2
20250510,잠실나루,을지로4가,18,1
20250510,잠실나루,을지로입구,5,1
20250510,잠실나루,을지로입구,6,1
20250510,잠실나루,을지로입구,7,7
20250510,잠실나루,을지로입구,8,12
20250510,잠실나루,을지로입구,9,18
20250510,잠실나루,을지로입구,10,23
20250510,잠실나루,을지로입구,11,9
20250510,잠실나루,을지로입구,12,10
20250510,잠실나루,을지로입구,13,8
20250510,잠실나루,을지로입구,14,6
20250510,잠실나루,을지로입구,15,3
20250510,잠실나루,을지로입구,16,12
20250510,잠실나루,을지로입구,17,7
20250510,잠실나루,을지로입구,18,4
20250510,잠실나루,을지로입구,19,5
20250510,잠실나루,을지로입구,20,1
20250510,잠실나루,을지로입구,23,1
20250510,잠실나루,이대,7,1
20250510,잠실나루,이대,8,4
20250510,잠실나루,이대,9,3
20250510,잠실나루,이대,11,4
20250510,잠실나루,이대,13,1
20250510,잠실나루,이대,14,1
20250510,잠실나루,이대,15,3
20250510,잠실나루,이대,16,1
20250510,잠실나루,이대,18,1
20250510,잠실나루,잠실(송파구청),5,4
20250510,잠실나루,잠실(송파구청),6,11
20250510,잠실나루,잠실(송파구청),7,11
20250510,잠실나루,잠실(송파구청),8,13
20250510,잠실나루,잠실(송파구청),9,20
20250510,잠실나루,잠실(송파구청),10,62
20250510,잠실나루,잠실(송파구청),11,82
20250510,잠실나루,잠실(송파구청),12,73
20250510,잠실나루,잠실(송파구청),13,67
20250510,잠실나루,잠실(송파구청),14,61
20250510,잠실나루,잠실(송파구청),15,63
20250510,잠실나루,잠실(송파구청),16,63
20250510,잠실나루,잠실(송파구청),17,44
20250510,잠실나루,잠실(송파구청),18,35
20250510,잠실나루,잠실(송파구청),19,17
20250510,잠실나루,잠실(송파구청),20,13
20250510,잠실나루,잠실(송파구청),21,9
20250510,잠실나루,잠실(송파구청),22,9
20250510,잠실나루,잠실(송파구청),23,1
20250510,잠실나루,잠실나루,5,3
20250510,잠실나루,잠실나루,6,2
20250510,잠실나루,잠실나루,7,2
20250510,잠실나루,잠실나루,8,4
20250510,잠실나루,잠실나루,9,8
20250510,잠실나루,잠실나루,10,4
20250510,잠실나루,잠실나루,11,3
20250510,잠실나루,잠실나루,12,3
20250510,잠실나루,잠실나루,13,3
20250510,잠실나루,잠실나루,14,5
20250510,잠실나루,잠실나루,15,4
20250510,잠실나루,잠실나루,16,3
20250510,잠실나루,잠실나루,17,4
20250510,잠실나루,잠실나루,18,3
20250510,잠실나루,잠실나루,19,3
20250510,잠실나루,잠실나루,20,2
20250510,잠실나루,잠실나루,21,2
20250510,잠실나루,잠실나루,22,7
20250510,잠실나루,잠실나루,23,4
20250510,잠실나루,잠실새내,5,2
20250510,잠실나루,잠실새내,6,5
20250510,잠실나루,잠실새내,7,7
20250510,잠실나루,잠실새내,8,18
20250510,잠실나루,잠실새내,9,32
20250510,잠실나루,잠실새내,10,40
20250510,잠실나루,잠실새내,11,40
20250510,잠실나루,잠실새내,12,31
20250510,잠실나루,잠실새내,13,44
20250510,잠실나루,잠실새내,14,25
20250510,잠실나루,잠실새내,15,32
20250510,잠실나루,잠실새내,16,30
20250510,잠실나루,잠실새내,17,16
20250510,잠실나루,잠실새내,18,13
20250510,잠실나루,잠실새내,19,17
20250510,잠실나루,잠실새내,20,10
20250510,잠실나루,잠실새내,21,2
20250510,잠실나루,잠실새내,22,5
20250510,잠실나루,잠실새내,23,1
20250510,잠실나루,종합운동장,6,4
20250510,잠실나루,종합운동장,7,5
20250510,잠실나루,종합운동장,8,12
20250510,잠실나루,종합운동장,9,9
20250510,잠실나루,종합운동장,10,4
20250510,잠실나루,종합운동장,11,7
20250510,잠실나루,종합운동장,12,2
20250510,잠실나루,종합운동장,13,5
20250510,잠실나루,종합운동장,14,3
20250510,잠실나루,종합운동장,15,16
20250510,잠실나루,종합운동장,16,25
20250510,잠실나루,종합운동장,17,7
20250510,잠실나루,종합운동장,18,2
20250510,잠실나루,종합운동장,19,2
20250510,잠실나루,종합운동장,20,3
20250510,잠실나루,종합운동장,21,1
20250510,잠실나루,충정로(경기대입구),9,8
20250510,잠실나루,충정로(경기대입구),10,3
20250510,잠실나루,충정로(경기대입구),12,2
20250510,잠실나루,충정로(경기대입구),15,6
20250510,잠실나루,충정로(경기대입구),21,1
20250510,잠실나루,한양대,5,1
20250510,잠실나루,한양대,6,2
20250510,잠실나루,한양대,7,2
20250510,잠실나루,한양대,8,3
20250510,잠실나루,한양대,9,4
20250510,잠실나루,한양대,10,4
20250510,잠실나루,한양대,11,7
20250510,잠실나루,한양대,12,10
20250510,잠실나루,한양대,13,7
20250510,잠실나루,한양대,14,1
20250510,잠실나루,한양대,15,2
20250510,잠실나루,한양대,16,1
20250510,잠실나루,한양대,17,1
20250510,잠실나루,한양대,18,1
20250510,잠실나루,한양대,20,1
20250510,잠실나루,한양대,23,1
20250510,잠실나루,합정,7,2
20250510,잠실나루,합정,9,2
20250510,잠실나루,합정,10,3
20250510,잠실나루,합정,11,6
20250510,잠실나루,합정,12,4
20250510,잠실나루,합정,13,4
20250510,잠실나루,합정,14,4
20250510,잠실나루,합정,15,3
20250510,잠실나루,합정,16,8
20250510,잠실나루,합정,17,6
20250510,잠실나루,합정,18,3
20250510,잠실나루,합정,19,2
20250510,잠실나루,합정,20,1
20250510,잠실나루,합정,23,1
20250510,잠실나루,홍대입구,7,3
20250510,잠실나루,홍대입구,8,4
20250510,잠실나루,홍대입구,9,2
20250510,잠실나루,홍대입구,10,8
20250510,잠실나루,홍대입구,11,9
20250510,잠실나루,홍대입구,12,16
20250510,잠실나루,홍대입구,13,10
20250510,잠실나루,홍대입구,14,8
20250510,잠실나루,홍대입구,15,12
20250510,잠실나루,홍대입구,16,10
20250510,잠실나루,홍대입구,17,6
20250510,잠실나루,홍대입구,18,9
20250510,잠실나루,홍대입구,19,3
20250510,잠실나루,홍대입구,20,7
20250510,잠실나루,홍대입구,21,1
20250510,잠실나루,홍대입구,22,2
20250510,잠실나루,홍대입구,23,2
20250510,잠실새내,강남,5,8
20250510,잠실새내,강남,6,11
20250510,잠실새내,강남,7,28
20250510,잠실새내,강남,8,52
20250510,잠실새내,강남,9,96
20250510,잠실새내,강남,10,70
20250510,잠실새내,강남,11,58
20250510,잠실새내,강남,12,76
20250510,잠실새내,강남,13,77
20250510,잠실새내,강남,14,89
20250510,잠실새내,강남,15,66
20250510,잠실새내,강남,16,65
20250510,잠실새내,강남,17,71
20250510,잠실새내,강남,18,55
20250510,잠실새내,강남,19,38
20250510,잠실새내,강남,20,36
20250510,잠실새내,강남,21,36
20250510,잠실새내,강남,22,51
20250510,잠실새내,강남,23,22
20250510,잠실새내,강변(동서울터미널),5,1
20250510,잠실새내,강변(동서울터미널),6,13
20250510,잠실새내,강변(동서울터미널),7,15
20250510,잠실새내,강변(동서울터미널),8,20
20250510,잠실새내,강변(동서울터미널),9,24
20250510,잠실새내,강변(동서울터미널),10,15
20250510,잠실새내,강변(동서울터미널),11,38
20250510,잠실새내,강변(동서울터미널),12,28
20250510,잠실새내,강변(동서울터미널),13,44
20250510,잠실새내,강변(동서울터미널),14,40
20250510,잠실새내,강변(동서울터미널),15,47
20250510,잠실새내,강변(동서울터미널),16,40
20250510,잠실새내,강변(동서울터미널),17,31
20250510,잠실새내,강변(동서울터미널),18,24
20250510,잠실새내,강변(동서울터미널),19,30
20250510,잠실새내,강변(동서울터미널),20,21
20250510,잠실새내,강변(동서울터미널),21,22
20250510,잠실새내,강변(동서울터미널),22,26
20250510,잠실새내,강변(동서울터미널),23,19
20250510,잠실새내,건대입구,5,5
20250510,잠실새내,건대입구,6,3
20250510,잠실새내,건대입구,7,8
20250510,잠실새내,건대입구,8,10
20250510,잠실새내,건대입구,9,24
20250510,잠실새내,건대입구,10,20
20250510,잠실새내,건대입구,11,32
20250510,잠실새내,건대입구,12,23
20250510,잠실새내,건대입구,13,36
20250510,잠실새내,건대입구,14,29
20250510,잠실새내,건대입구,15,42
20250510,잠실새내,건대입구,16,45
20250510,잠실새내,건대입구,17,38
20250510,잠실새내,건대입구,18,56
20250510,잠실새내,건대입구,19,37
20250510,잠실새내,건대입구,20,16
20250510,잠실새내,건대입구,21,20
20250510,잠실새내,건대입구,22,47
20250510,잠실새내,건대입구,23,41
20250510,잠실새내,교대(법원.검찰청),5,2
20250510,잠실새내,교대(법원.검찰청),6,10
20250510,잠실새내,교대(법원.검찰청),7,9
20250510,잠실새내,교대(법원.검찰청),8,20
20250510,잠실새내,교대(법원.검찰청),9,23
20250510,잠실새내,교대(법원.검찰청),10,15
20250510,잠실새내,교대(법원.검찰청),11,17
20250510,잠실새내,교대(법원.검찰청),12,28
20250510,잠실새내,교대(법원.검찰청),13,25
20250510,잠실새내,교대(법원.검찰청),14,10
20250510,잠실새내,교대(법원.검찰청),15,9
20250510,잠실새내,교대(법원.검찰청),16,21
20250510,잠실새내,교대(법원.검찰청),17,17
20250510,잠실새내,교대(법원.검찰청),18,4
20250510,잠실새내,교대(법원.검찰청),19,13
20250510,잠실새내,교대(법원.검찰청),20,14
20250510,잠실새내,교대(법원.검찰청),21,7
20250510,잠실새내,교대(법원.검찰청),22,16
20250510,잠실새내,교대(법원.검찰청),23,7
20250510,잠실새내,구로디지털단지,5,2
20250510,잠실새내,구로디지털단지,6,3
20250510,잠실새내,구로디지털단지,7,6
20250510,잠실새내,구로디지털단지,8,7
20250510,잠실새내,구로디지털단지,9,6
20250510,잠실새내,구로디지털단지,10,7
20250510,잠실새내,구로디지털단지,11,11
20250510,잠실새내,구로디지털단지,12,8
20250510,잠실새내,구로디지털단지,13,17
20250510,잠실새내,구로디지털단지,14,10
20250510,잠실새내,구로디지털단지,15,4
20250510,잠실새내,구로디지털단지,16,5
20250510,잠실새내,구로디지털단지,17,10
20250510,잠실새내,구로디지털단지,18,8
20250510,잠실새내,구로디지털단지,19,5
20250510,잠실새내,구로디지털단지,20,13
20250510,잠실새내,구로디지털단지,21,27
20250510,잠실새내,구로디지털단지,22,15
20250510,잠실새내,구로디지털단지,23,14
20250510,잠실새내,구의(광진구청),6,6
20250510,잠실새내,구의(광진구청),7,8
20250510,잠실새내,구의(광진구청),8,19
20250510,잠실새내,구의(광진구청),9,8
20250510,잠실새내,구의(광진구청),10,11
20250510,잠실새내,구의(광진구청),11,25
20250510,잠실새내,구의(광진구청),12,12
20250510,잠실새내,구의(광진구청),13,25
20250510,잠실새내,구의(광진구청),14,26
20250510,잠실새내,구의(광진구청),15,23
20250510,잠실새내,구의(광진구청),16,17
20250510,잠실새내,구의(광진구청),17,17
20250510,잠실새내,구의(광진구청),18,25
20250510,잠실새내,구의(광진구청),19,18
20250510,잠실새내,구의(광진구청),20,20
20250510,잠실새내,구의(광진구청),21,24
20250510,잠실새내,구의(광진구청),22,23
20250510,잠실새내,구의(광진구청),23,11
20250510,잠실새내,낙성대,5,2
20250510,잠실새내,낙성대,6,1
20250510,잠실새내,낙성대,7,7
20250510,잠실새내,낙성대,8,1
20250510,잠실새내,낙성대,9,9
20250510,잠실새내,낙성대,10,8
20250510,잠실새내,낙성대,11,13
20250510,잠실새내,낙성대,12,9
20250510,잠실새내,낙성대,13,10
20250510,잠실새내,낙성대,14,11
20250510,잠실새내,낙성대,15,10
20250510,잠실새내,낙성대,16,12
20250510,잠실새내,낙성대,17,8
20250510,잠실새내,낙성대,18,7
20250510,잠실새내,낙성대,19,7
20250510,잠실새내,낙성대,20,9
20250510,잠실새내,낙성대,21,9
20250510,잠실새내,낙성대,22,18
20250510,잠실새내,낙성대,23,6
20250510,잠실새내,당산,7,1
20250510,잠실새내,당산,8,1
20250510,잠실새내,당산,10,1
20250510,잠실새내,당산,11,2
20250510,잠실새내,당산,13,2
20250510,잠실새내,당산,14,1
20250510,잠실새내,당산,17,5
20250510,잠실새내,당산,18,5
20250510,잠실새내,당산,21,1
20250510,잠실새내,당산,22,5
20250510,잠실새내,당산,23,3
20250510,잠실새내,대림(구로구청),6,2
20250510,잠실새내,대림(구로구청),8,5
20250510,잠실새내,대림(구로구청),10,3
20250510,잠실새내,대림(구로구청),11,7
20250510,잠실새내,대림(구로구청),12,6
20250510,잠실새내,대림(구로구청),13,6
20250510,잠실새내,대림(구로구청),14,5
20250510,잠실새내,대림(구로구청),15,4
20250510,잠실새내,대림(구로구청),16,9
20250510,잠실새내,대림(구로구청),17,7
20250510,잠실새내,대림(구로구청),18,3
20250510,잠실새내,대림(구로구청),19,3
20250510,잠실새내,대림(구로구청),20,4
20250510,잠실새내,대림(구로구청),21,5
20250510,잠실새내,대림(구로구청),22,17
20250510,잠실새내,대림(구로구청),23,4
20250510,잠실새내,동대문역사문화공원,5,1
20250510,잠실새내,동대문역사문화공원,6,1
20250510,잠실새내,동대문역사문화공원,7,3
20250510,잠실새내,동대문역사문화공원,8,1
20250510,잠실새내,동대문역사문화공원,9,7
20250510,잠실새내,동대문역사문화공원,10,11
20250510,잠실새내,동대문역사문화공원,11,13
20250510,잠실새내,동대문역사문화공원,12,8
20250510,잠실새내,동대문역사문화공원,13,14
20250510,잠실새내,동대문역사문화공원,14,12
20250510,잠실새내,동대문역사문화공원,15,5
20250510,잠실새내,동대문역사문화공원,16,4
20250510,잠실새내,동대문역사문화공원,17,9
20250510,잠실새내,동대문역사문화공원,18,2
20250510,잠실새내,동대문역사문화공원,19,6
20250510,잠실새내,동대문역사문화공원,20,5
20250510,잠실새내,동대문역사문화공원,21,9
20250510,잠실새내,동대문역사문화공원,22,3
20250510,잠실새내,동대문역사문화공원,23,9
20250510,잠실새내,뚝섬,5,1
20250510,잠실새내,뚝섬,6,3
20250510,잠실새내,뚝섬,7,4
20250510,잠실새내,뚝섬,8,4
20250510,잠실새내,뚝섬,9,5
20250510,잠실새내,뚝섬,10,14
20250510,잠실새내,뚝섬,11,28
20250510,잠실새내,뚝섬,12,9
20250510,잠실새내,뚝섬,13,18
20250510,잠실새내,뚝섬,14,14
20250510,잠실새내,뚝섬,15,6
20250510,잠실새내,뚝섬,16,17
20250510,잠실새내,뚝섬,17,15
20250510,잠실새내,뚝섬,18,6
20250510,잠실새내,뚝섬,19,5
20250510,잠실새내,뚝섬,20,6
20250510,잠실새내,뚝섬,22,3
20250510,잠실새내,뚝섬,23,4
20250510,잠실새내,문래,6,1
20250510,잠실새내,문래,7,1
20250510,잠실새내,문래,8,3
20250510,잠실새내,문래,9,2
20250510,잠실새내,문래,10,3
20250510,잠실새내,문래,11,5
20250510,잠실새내,문래,12,3
20250510,잠실새내,문래,13,1
20250510,잠실새내,문래,14,4
20250510,잠실새내,문래,15,2
20250510,잠실새내,문래,16,1
20250510,잠실새내,문래,17,6
20250510,잠실새내,문래,18,1
20250510,잠실새내,문래,19,1
20250510,잠실새내,문래,20,2
20250510,잠실새내,문래,21,4
20250510,잠실새내,문래,22,2
20250510,잠실새내,문래,23,2
20250510,잠실새내,방배,5,4
20250510,잠실새내,방배,6,2
20250510,잠실새내,방배,8,8
20250510,잠실새내,방배,9,5
20250510,잠실새내,방배,10,8
20250510,잠실새내,방배,11,11
20250510,잠실새내,방배,12,20
20250510,잠실새내,방배,13,11
20250510,잠실새내,방배,14,14
20250510,잠실새내,방배,15,7
20250510,잠실새내,방배,16,5
20250510,잠실새내,방배,17,11
20250510,잠실새내,방배,18,4
20250510,잠실새내,방배,19,6
20250510,잠실새내,방배,20,1
20250510,잠실새내,방배,21,5
20250510,잠실새내,방배,22,8
20250510,잠실새내,방배,23,3
20250510,잠실새내,봉천,6,1
20250510,잠실새내,봉천,7,1
20250510,잠실새내,봉천,8,6
20250510,잠실새내,봉천,9,2
20250510,잠실새내,봉천,10,6
20250510,잠실새내,봉천,11,7
20250510,잠실새내,봉천,12,2
20250510,잠실새내,봉천,13,8
20250510,잠실새내,봉천,14,9
20250510,잠실새내,봉천,15,8
20250510,잠실새내,봉천,16,3
20250510,잠실새내,봉천,17,7
20250510,잠실새내,봉천,18,3
20250510,잠실새내,봉천,19,4
20250510,잠실새내,봉천,20,11
20250510,잠실새내,봉천,21,15
20250510,잠실새내,봉천,22,13
20250510,잠실새내,봉천,23,1
20250510,잠실새내,사당,5,7
20250510,잠실새내,사당,6,11
20250510,잠실새내,사당,7,14
20250510,잠실새내,사당,8,12
20250510,잠실새내,사당,9,22
20250510,잠실새내,사당,10,23
20250510,잠실새내,사당,11,31
20250510,잠실새내,사당,12,27
20250510,잠실새내,사당,13,22
20250510,잠실새내,사당,14,35
20250510,잠실새내,사당,15,29
20250510,잠실새내,사당,16,42
20250510,잠실새내,사당,17,31
20250510,잠실새내,사당,18,21
20250510,잠실새내,사당,19,24
20250510,잠실새내,사당,20,26
20250510,잠실새내,사당,21,40
20250510,잠실새내,사당,22,55
20250510,잠실새내,사당,23,26
20250510,잠실새내,삼성(무역센터),5,4
20250510,잠실새내,삼성(무역센터),6,9
20250510,잠실새내,삼성(무역센터),7,20
20250510,잠실새내,삼성(무역센터),8,23
20250510,잠실새내,삼성(무역센터),9,53
20250510,잠실새내,삼성(무역센터),10,70
20250510,잠실새내,삼성(무역센터),11,54
20250510,잠실새내,삼성(무역센터),12,89
20250510,잠실새내,삼성(무역센터),13,83
20250510,잠실새내,삼성(무역센터),14,65
20250510,잠실새내,삼성(무역센터),15,55
20250510,잠실새내,삼성(무역센터),16,49
20250510,잠실새내,삼성(무역센터),17,22
20250510,잠실새내,삼성(무역센터),18,43
20250510,잠실새내,삼성(무역센터),19,18
20250510,잠실새내,삼성(무역센터),20,9
20250510,잠실새내,삼성(무역센터),21,5
20250510,잠실새내,삼성(무역센터),22,15
20250510,잠실새내,삼성(무역센터),23,17
20250510,잠실새내,상왕십리,5,1
20250510,잠실새내,상왕십리,6,1
20250510,잠실새내,상왕십리,7,1
20250510,잠실새내,상왕십리,8,1
20250510,잠실새내,상왕십리,9,5
20250510,잠실새내,상왕십리,10,7
20250510,잠실새내,상왕십리,11,7
20250510,잠실새내,상왕십리,12,4
20250510,잠실새내,상왕십리,13,3
20250510,잠실새내,상왕십리,14,7
20250510,잠실새내,상왕십리,15,10
20250510,잠실새내,상왕십리,16,4
20250510,잠실새내,상왕십리,17,10
20250510,잠실새내,상왕십리,18,6
20250510,잠실새내,상왕십리,19,4
20250510,잠실새내,상왕십리,20,7
20250510,잠실새내,상왕십리,21,12
20250510,잠실새내,상왕십리,22,11
20250510,잠실새내,상왕십리,23,5
20250510,잠실새내,서울대입구(관악구청),5,1
20250510,잠실새내,서울대입구(관악구청),6,1
20250510,잠실새내,서울대입구(관악구청),7,6
20250510,잠실새내,서울대입구(관악구청),8,14
20250510,잠실새내,서울대입구(관악구청),9,11
20250510,잠실새내,서울대입구(관악구청),10,16
20250510,잠실새내,서울대입구(관악구청),11,19
20250510,잠실새내,서울대입구(관악구청),12,12
20250510,잠실새내,서울대입구(관악구청),13,10
20250510,잠실새내,서울대입구(관악구청),14,15
20250510,잠실새내,서울대입구(관악구청),15,19
20250510,잠실새내,서울대입구(관악구청),16,17
20250510,잠실새내,서울대입구(관악구청),17,22
20250510,잠실새내,서울대입구(관악구청),18,17
20250510,잠실새내,서울대입구(관악구청),19,16
20250510,잠실새내,서울대입구(관악구청),20,21
20250510,잠실새내,서울대입구(관악구청),21,31
20250510,잠실새내,서울대입구(관악구청),22,16
20250510,잠실새내,서울대입구(관악구청),23,25
20250510,잠실새내,서초,5,6
20250510,잠실새내,서초,6,21
20250510,잠실새내,서초,7,14
20250510,잠실새내,서초,8,11
20250510,잠실새내,서초,9,13
20250510,잠실새내,서초,10,16
20250510,잠실새내,서초,11,14
20250510,잠실새내,서초,12,21
20250510,잠실새내,서초,13,15
20250510,잠실새내,서초,14,15
20250510,잠실새내,서초,15,15
20250510,잠실새내,서초,16,19
20250510,잠실새내,서초,17,13
20250510,잠실새내,서초,18,8
20250510,잠실새내,서초,20,3
20250510,잠실새내,서초,21,7
20250510,잠실새내,서초,22,7
20250510,잠실새내,서초,23,1
20250510,잠실새내,선릉,5,4
20250510,잠실새내,선릉,6,5
20250510,잠실새내,선릉,7,15
20250510,잠실새내,선릉,8,32
20250510,잠실새내,선릉,9,44
20250510,잠실새내,선릉,10,51
20250510,잠실새내,선릉,11,34
20250510,잠실새내,선릉,12,35
20250510,잠실새내,선릉,13,52
20250510,잠실새내,선릉,14,40
20250510,잠실새내,선릉,15,21
20250510,잠실새내,선릉,16,34
20250510,잠실새내,선릉,17,21
20250510,잠실새내,선릉,18,46
20250510,잠실새내,선릉,19,6
20250510,잠실새내,선릉,20,14
20250510,잠실새내,선릉,21,12
20250510,잠실새내,선릉,22,8
20250510,잠실새내,선릉,23,4
20250510,잠실새내,성수,6,2
20250510,잠실새내,성수,7,5
20250510,잠실새내,성수,8,8
20250510,잠실새내,성수,9,14
20250510,잠실새내,성수,10,22
20250510,잠실새내,성수,11,27
20250510,잠실새내,성수,12,29
20250510,잠실새내,성수,13,24
20250510,잠실새내,성수,14,25
20250510,잠실새내,성수,15,15
20250510,잠실새내,성수,16,39
20250510,잠실새내,성수,17,31
20250510,잠실새내,성수,18,19
20250510,잠실새내,성수,19,10
20250510,잠실새내,성수,20,11
20250510,잠실새내,성수,21,12
20250510,잠실새내,성수,22,7
20250510,잠실새내,성수,23,9
20250510,잠실새내,시청,5,1
20250510,잠실새내,시청,6,3
20250510,잠실새내,시청,7,1
20250510,잠실새내,시청,8,4
20250510,잠실새내,시청,9,4
20250510,잠실새내,시청,10,12
20250510,잠실새내,시청,11,15
20250510,잠실새내,시청,12,12
20250510,잠실새내,시청,13,7
20250510,잠실새내,시청,14,5
20250510,잠실새내,시청,15,6
20250510,잠실새내,시청,16,9
20250510,잠실새내,시청,17,2
20250510,잠실새내,시청,18,4
20250510,잠실새내,시청,21,1
20250510,잠실새내,시청,22,4
20250510,잠실새내,시청,23,3
20250510,잠실새내,신당,5,1
20250510,잠실새내,신당,6,1
20250510,잠실새내,신당,8,3
20250510,잠실새내,신당,9,5
20250510,잠실새내,신당,10,3
20250510,잠실새내,신당,11,11
20250510,잠실새내,신당,12,1
20250510,잠실새내,신당,13,5
20250510,잠실새내,신당,14,2
20250510,잠실새내,신당,15,7
20250510,잠실새내,신당,16,8
20250510,잠실새내,신당,17,6
20250510,잠실새내,신당,18,3
20250510,잠실새내,신당,19,3
20250510,잠실새내,신당,20,1
20250510,잠실새내,신당,21,4
20250510,잠실새내,신당,22,6
20250510,잠실새내,신당,23,5
20250510,잠실새내,신대방,5,1
20250510,잠실새내,신대방,7,5
20250510,잠실새내,신대방,8,3
20250510,잠실새내,신대방,9,4
20250510,잠실새내,신대방,10,2
20250510,잠실새내,신대방,11,2
20250510,잠실새내,신대방,12,4
20250510,잠실새내,신대방,13,6
20250510,잠실새내,신대방,14,4
20250510,잠실새내,신대방,15,2
20250510,잠실새내,신대방,16,2
20250510,잠실새내,신대방,17,4
20250510,잠실새내,신대방,18,7
20250510,잠실새내,신대방,19,1
20250510,잠실새내,신대방,20,6
20250510,잠실새내,신대방,21,7
20250510,잠실새내,신대방,22,6
20250510,잠실새내,신대방,23,3
20250510,잠실새내,신도림,6,2
20250510,잠실새내,신도림,7,6
20250510,잠실새내,신도림,8,5
20250510,잠실새내,신도림,9,1
20250510,잠실새내,신도림,10,10
20250510,잠실새내,신도림,11,10
20250510,잠실새내,신도림,12,14
20250510,잠실새내,신도림,13,7
20250510,잠실새내,신도림,14,12
20250510,잠실새내,신도림,15,14
20250510,잠실새내,신도림,16,15
20250510,잠실새내,신도림,17,6
20250510,잠실새내,신도림,18,5
20250510,잠실새내,신도림,19,7
20250510,잠실새내,신도림,20,4
20250510,잠실새내,신도림,21,9
20250510,잠실새내,신도림,22,11
20250510,잠실새내,신도림,23,25
20250510,잠실새내,신림,4,1
20250510,잠실새내,신림,5,2
20250510,잠실새내,신림,6,4
20250510,잠실새내,신림,7,6
20250510,잠실새내,신림,8,5
20250510,잠실새내,신림,9,8
20250510,잠실새내,신림,10,5
20250510,잠실새내,신림,11,10
20250510,잠실새내,신림,12,11
20250510,잠실새내,신림,13,17
20250510,잠실새내,신림,14,10
20250510,잠실새내,신림,15,10
20250510,잠실새내,신림,16,14
20250510,잠실새내,신림,17,22
20250510,잠실새내,신림,18,19
20250510,잠실새내,신림,19,13
20250510,잠실새내,신림,20,25
20250510,잠실새내,신림,21,27
20250510,잠실새내,신림,22,29
20250510,잠실새내,신림,23,23
20250510,잠실새내,신촌,5,3
20250510,잠실새내,신촌,6,4
20250510,잠실새내,신촌,7,3
20250510,잠실새내,신촌,8,10
20250510,잠실새내,신촌,9,15
20250510,잠실새내,신촌,10,17
20250510,잠실새내,신촌,11,9
20250510,잠실새내,신촌,12,13
20250510,잠실새내,신촌,13,11
20250510,잠실새내,신촌,14,20
20250510,잠실새내,신촌,15,19
20250510,잠실새내,신촌,16,14
20250510,잠실새내,신촌,17,10
20250510,잠실새내,신촌,18,6
20250510,잠실새내,신촌,19,7
20250510,잠실새내,신촌,20,4
20250510,잠실새내,신촌,21,9
20250510,잠실새내,신촌,22,20
20250510,잠실새내,신촌,23,15
20250510,잠실새내,아현,7,4
20250510,잠실새내,아현,8,1
20250510,잠실새내,아현,9,1
20250510,잠실새내,아현,11,2
20250510,잠실새내,아현,12,3
20250510,잠실새내,아현,13,3
20250510,잠실새내,아현,14,6
20250510,잠실새내,아현,15,1
20250510,잠실새내,아현,16,4
20250510,잠실새내,아현,17,1
20250510,잠실새내,아현,18,2
20250510,잠실새내,아현,19,3
20250510,잠실새내,아현,20,2
20250510,잠실새내,아현,21,2
20250510,잠실새내,아현,22,5
20250510,잠실새내,아현,23,2
20250510,잠실새내,역삼,5,3
20250510,잠실새내,역삼,6,5
20250510,잠실새내,역삼,7,9
20250510,잠실새내,역삼,8,26
20250510,잠실새내,역삼,9,23
20250510,잠실새내,역삼,10,30
20250510,잠실새내,역삼,11,21
20250510,잠실새내,역삼,12,25
20250510,잠실새내,역삼,13,39
20250510,잠실새내,역삼,14,22
20250510,잠실새내,역삼,15,14
20250510,잠실새내,역삼,16,20
20250510,잠실새내,역삼,17,10
20250510,잠실새내,역삼,18,21
20250510,잠실새내,역삼,19,6
20250510,잠실새내,역삼,20,14
20250510,잠실새내,역삼,21,15
20250510,잠실새내,역삼,22,14
20250510,잠실새내,역삼,23,8
20250510,잠실새내,영등포구청,9,1
20250510,잠실새내,영등포구청,10,4
20250510,잠실새내,영등포구청,11,1
20250510,잠실새내,영등포구청,12,2
20250510,잠실새내,영등포구청,13,1
20250510,잠실새내,영등포구청,14,2
20250510,잠실새내,영등포구청,15,5
20250510,잠실새내,영등포구청,16,1
20250510,잠실새내,영등포구청,17,2
20250510,잠실새내,영등포구청,19,1
20250510,잠실새내,영등포구청,21,2
20250510,잠실새내,영등포구청,22,2
20250510,잠실새내,영등포구청,23,2
20250510,잠실새내,왕십리(성동구청),5,4
20250510,잠실새내,왕십리(성동구청),6,1
20250510,잠실새내,왕십리(성동구청),7,2
20250510,잠실새내,왕십리(성동구청),8,6
20250510,잠실새내,왕십리(성동구청),9,8
20250510,잠실새내,왕십리(성동구청),10,6
20250510,잠실새내,왕십리(성동구청),11,8
20250510,잠실새내,왕십리(성동구청),12,8
20250510,잠실새내,왕십리(성동구청),13,11
20250510,잠실새내,왕십리(성동구청),14,20
20250510,잠실새내,왕십리(성동구청),15,9
20250510,잠실새내,왕십리(성동구청),16,15
20250510,잠실새내,왕십리(성동구청),17,8
20250510,잠실새내,왕십리(성동구청),18,5
20250510,잠실새내,왕십리(성동구청),19,2
20250510,잠실새내,왕십리(성동구청),20,7
20250510,잠실새내,왕십리(성동구청),21,2
20250510,잠실새내,왕십리(성동구청),22,5
20250510,잠실새내,왕십리(성동구청),23,6
20250510,잠실새내,용두(동대문구청),6,2
20250510,잠실새내,용두(동대문구청),8,1
20250510,잠실새내,용두(동대문구청),9,5
20250510,잠실새내,용두(동대문구청),10,9
20250510,잠실새내,용두(동대문구청),11,3
20250510,잠실새내,용두(동대문구청),12,1
20250510,잠실새내,용두(동대문구청),13,8
20250510,잠실새내,용두(동대문구청),14,5
20250510,잠실새내,용두(동대문구청),15,5
20250510,잠실새내,용두(동대문구청),16,3
20250510,잠실새내,용두(동대문구청),17,3
20250510,잠실새내,용두(동대문구청),18,4
20250510,잠실새내,용두(동대문구청),19,2
20250510,잠실새내,용두(동대문구청),22,2
20250510,잠실새내,용두(동대문구청),23,1
20250510,잠실새내,을지로3가,5,2
20250510,잠실새내,을지로3가,6,3
20250510,잠실새내,을지로3가,8,4
20250510,잠실새내,을지로3가,9,7
20250510,잠실새내,을지로3가,10,8
20250510,잠실새내,을지로3가,11,14
20250510,잠실새내,을지로3가,12,14
20250510,잠실새내,을지로3가,13,8
20250510,잠실새내,을지로3가,14,18
20250510,잠실새내,을지로3가,15,13
20250510,잠실새내,을지로3가,16,7
20250510,잠실새내,을지로3가,17,10
20250510,잠실새내,을지로3가,18,8
20250510,잠실새내,을지로3가,19,1
20250510,잠실새내,을지로3가,21,5
20250510,잠실새내,을지로3가,22,4
20250510,잠실새내,을지로3가,23,4
20250510,잠실새내,을지로4가,6,3
20250510,잠실새내,을지로4가,7,5
20250510,잠실새내,을지로4가,8,6
20250510,잠실새내,을지로4가,9,11
20250510,잠실새내,을지로4가,10,7
20250510,잠실새내,을지로4가,11,6
20250510,잠실새내,을지로4가,12,11
20250510,잠실새내,을지로4가,13,10
20250510,잠실새내,을지로4가,14,13
20250510,잠실새내,을지로4가,15,3
20250510,잠실새내,을지로4가,16,8
20250510,잠실새내,을지로4가,17,5
20250510,잠실새내,을지로4가,18,7
20250510,잠실새내,을지로4가,19,7
20250510,잠실새내,을지로4가,20,2
20250510,잠실새내,을지로4가,23,3
20250510,잠실새내,을지로입구,6,4
20250510,잠실새내,을지로입구,7,9
20250510,잠실새내,을지로입구,8,13
20250510,잠실새내,을지로입구,9,13
20250510,잠실새내,을지로입구,10,12
20250510,잠실새내,을지로입구,11,10
20250510,잠실새내,을지로입구,12,18
20250510,잠실새내,을지로입구,13,11
20250510,잠실새내,을지로입구,14,8
20250510,잠실새내,을지로입구,15,7
20250510,잠실새내,을지로입구,16,17
20250510,잠실새내,을지로입구,17,13
20250510,잠실새내,을지로입구,18,1
20250510,잠실새내,을지로입구,19,5
20250510,잠실새내,을지로입구,20,1
20250510,잠실새내,을지로입구,21,1
20250510,잠실새내,을지로입구,23,4
20250510,잠실새내,이대,5,1
20250510,잠실새내,이대,6,1
20250510,잠실새내,이대,7,3
20250510,잠실새내,이대,8,7
20250510,잠실새내,이대,9,8
20250510,잠실새내,이대,10,1
20250510,잠실새내,이대,11,5
20250510,잠실새내,이대,12,4
20250510,잠실새내,이대,13,6
20250510,잠실새내,이대,14,2
20250510,잠실새내,이대,15,6
20250510,잠실새내,이대,16,8
20250510,잠실새내,이대,17,6
20250510,잠실새내,이대,18,3
20250510,잠실새내,이대,19,2
20250510,잠실새내,이대,20,4
20250510,잠실새내,이대,21,7
20250510,잠실새내,이대,22,9
20250510,잠실새내,이대,23,3
20250510,잠실새내,잠실(송파구청),4,1
20250510,잠실새내,잠실(송파구청),5,13
20250510,잠실새내,잠실(송파구청),6,31
20250510,잠실새내,잠실(송파구청),7,27
20250510,잠실새내,잠실(송파구청),8,54
20250510,잠실새내,잠실(송파구청),9,89
20250510,잠실새내,잠실(송파구청),10,153
20250510,잠실새내,잠실(송파구청),11,253
20250510,잠실새내,잠실(송파구청),12,237
20250510,잠실새내,잠실(송파구청),13,284
20250510,잠실새내,잠실(송파구청),14,251
20250510,잠실새내,잠실(송파구청),15,239
20250510,잠실새내,잠실(송파구청),16,225
20250510,잠실새내,잠실(송파구청),17,221
20250510,잠실새내,잠실(송파구청),18,176
20250510,잠실새내,잠실(송파구청),19,122
20250510,잠실새내,잠실(송파구청),20,98
20250510,잠실새내,잠실(송파구청),21,123
20250510,잠실새내,잠실(송파구청),22,129
20250510,잠실새내,잠실(송파구청),23,70
20250510,잠실새내,잠실나루,5,1
20250510,잠실새내,잠실나루,6,4
20250510,잠실새내,잠실나루,7,3
20250510,잠실새내,잠실나루,8,7
20250510,잠실새내,잠실나루,9,11
20250510,잠실새내,잠실나루,10,15
20250510,잠실새내,잠실나루,11,36
20250510,잠실새내,잠실나루,12,35
20250510,잠실새내,잠실나루,13,25
20250510,잠실새내,잠실나루,14,31
20250510,잠실새내,잠실나루,15,34
20250510,잠실새내,잠실나루,16,36
20250510,잠실새내,잠실나루,17,24
20250510,잠실새내,잠실나루,18,27
20250510,잠실새내,잠실나루,19,16
20250510,잠실새내,잠실나루,20,16
20250510,잠실새내,잠실나루,21,15
20250510,잠실새내,잠실나루,22,6
20250510,잠실새내,잠실나루,23,9
20250510,잠실새내,잠실새내,5,3
20250510,잠실새내,잠실새내,6,4
20250510,잠실새내,잠실새내,7,5
20250510,잠실새내,잠실새내,8,8
20250510,잠실새내,잠실새내,9,11
20250510,잠실새내,잠실새내,10,15
20250510,잠실새내,잠실새내,11,19
20250510,잠실새내,잠실새내,12,25
20250510,잠실새내,잠실새내,13,17
20250510,잠실새내,잠실새내,14,17
20250510,잠실새내,잠실새내,15,20
20250510,잠실새내,잠실새내,16,22
20250510,잠실새내,잠실새내,17,18
20250510,잠실새내,잠실새내,18,16
20250510,잠실새내,잠실새내,19,24
20250510,잠실새내,잠실새내,20,10
20250510,잠실새내,잠실새내,21,10
20250510,잠실새내,잠실새내,22,15
20250510,잠실새내,잠실새내,23,30
20250510,잠실새내,종합운동장,6,9
20250510,잠실새내,종합운동장,7,5
20250510,잠실새내,종합운동장,8,15
20250510,잠실새내,종합운동장,9,11
20250510,잠실새내,종합운동장,10,18
20250510,잠실새내,종합운동장,11,16
20250510,잠실새내,종합운동장,12,24
20250510,잠실새내,종합운동장,13,23
20250510,잠실새내,종합운동장,14,43
20250510,잠실새내,종합운동장,15,92
20250510,잠실새내,종합운동장,16,182
20250510,잠실새내,종합운동장,17,51
20250510,잠실새내,종합운동장,18,11
20250510,잠실새내,종합운동장,19,9
20250510,잠실새내,종합운동장,20,6
20250510,잠실새내,종합운동장,21,2
20250510,잠실새내,종합운동장,22,15
20250510,잠실새내,종합운동장,23,2
20250510,잠실새내,충정로(경기대입구),8,1
20250510,잠실새내,충정로(경기대입구),9,5
20250510,잠실새내,충정로(경기대입구),10,2
20250510,잠실새내,충정로(경기대입구),11,1
20250510,잠실새내,충정로(경기대입구),12,4
20250510,잠실새내,충정로(경기대입구),13,5
20250510,잠실새내,충정로(경기대입구),14,4
20250510,잠실새내,충정로(경기대입구),15,1
20250510,잠실새내,충정로(경기대입구),16,2
20250510,잠실새내,충정로(경기대입구),17,6
20250510,잠실새내,충정로(경기대입구),18,1
20250510,잠실새내,충정로(경기대입구),19,2
20250510,잠실새내,충정로(경기대입구),23,2
20250510,잠실새내,한양대,6,2
20250510,잠실새내,한양대,7,1
20250510,잠실새내,한양대,8,6
20250510,잠실새내,한양대,9,11
20250510,잠실새내,한양대,10,5
20250510,잠실새내,한양대,11,8
20250510,잠실새내,한양대,12,9
20250510,잠실새내,한양대,13,7
20250510,잠실새내,한양대,14,3
20250510,잠실새내,한양대,15,1
20250510,잠실새내,한양대,16,3
20250510,잠실새내,한양대,17,4
20250510,잠실새내,한양대,18,2
20250510,잠실새내,한양대,19,2
20250510,잠실새내,한양대,21,2
20250510,잠실새내,한양대,23,3
20250510,잠실새내,합정,6,1
20250510,잠실새내,합정,7,2
20250510,잠실새내,합정,8,1
20250510,잠실새내,합정,9,7
20250510,잠실새내,합정,10,8
20250510,잠실새내,합정,11,10
20250510,잠실새내,합정,12,4
20250510,잠실새내,합정,13,6
20250510,잠실새내,합정,14,6
20250510,잠실새내,합정,15,9
20250510,잠실새내,합정,16,10
20250510,잠실새내,합정,17,6
20250510,잠실새내,합정,18,4
20250510,잠실새내,합정,19,7
20250510,잠실새내,합정,20,2
20250510,잠실새내,합정,21,5
20250510,잠실새내,합정,22,5
20250510,잠실새내,합정,23,5
20250510,잠실새내,홍대입구,5,3
20250510,잠실새내,홍대입구,6,1
20250510,잠실새내,홍대입구,7,1
20250510,잠실새내,홍대입구,8,8
20250510,잠실새내,홍대입구,9,8
20250510,잠실새내,홍대입구,10,15
20250510,잠실새내,홍대입구,11,20
20250510,잠실새내,홍대입구,12,21
20250510,잠실새내,홍대입구,13,26
20250510,잠실새내,홍대입구,14,22
20250510,잠실새내,홍대입구,15,19
20250510,잠실새내,홍대입구,16,20
20250510,잠실새내,홍대입구,17,13
20250510,잠실새내,홍대입구,18,18
20250510,잠실새내,홍대입구,19,10
20250510,잠실새내,홍대입구,20,10
20250510,잠실새내,홍대입구,21,11
20250510,잠실새내,홍대입구,22,14
20250510,잠실새내,홍대입구,23,5
20250510,종합운동장,강남,5,1
20250510,종합운동장,강남,6,2
20250510,종합운동장,강남,7,5
20250510,종합운동장,강남,8,26
20250510,종합운동장,강남,9,36
20250510,종합운동장,강남,10,14
20250510,종합운동장,강남,11,20
20250510,종합운동장,강남,12,24
20250510,종합운동장,강남,13,29
20250510,종합운동장,강남,14,23
20250510,종합운동장,강남,15,16
20250510,종합운동장,강남,16,14
20250510,종합운동장,강남,17,18
20250510,종합운동장,강남,18,19
20250510,종합운동장,강남,19,32
20250510,종합운동장,강남,20,436
20250510,종합운동장,강남,21,66
20250510,종합운동장,강남,22,10
20250510,종합운동장,강남,23,2
20250510,종합운동장,강변(동서울터미널),6,7
20250510,종합운동장,강변(동서울터미널),7,2
20250510,종합운동장,강변(동서울터미널),8,3
20250510,종합운동장,강변(동서울터미널),9,3
20250510,종합운동장,강변(동서울터미널),10,4
20250510,종합운동장,강변(동서울터미널),11,4
20250510,종합운동장,강변(동서울터미널),12,6
20250510,종합운동장,강변(동서울터미널),13,3
20250510,종합운동장,강변(동서울터미널),14,8
20250510,종합운동장,강변(동서울터미널),15,13
20250510,종합운동장,강변(동서울터미널),16,7
20250510,종합운동장,강변(동서울터미널),17,3
20250510,종합운동장,강변(동서울터미널),18,15
20250510,종합운동장,강변(동서울터미널),19,21
20250510,종합운동장,강변(동서울터미널),20,226
20250510,종합운동장,강변(동서울터미널),21,35
20250510,종합운동장,강변(동서울터미널),22,6
20250510,종합운동장,강변(동서울터미널),23,2
20250510,종합운동장,건대입구,5,1
20250510,종합운동장,건대입구,6,2
20250510,종합운동장,건대입구,7,1
20250510,종합운동장,건대입구,8,4
20250510,종합운동장,건대입구,9,6
20250510,종합운동장,건대입구,10,6
20250510,종합운동장,건대입구,11,9
20250510,종합운동장,건대입구,12,19
20250510,종합운동장,건대입구,13,13
20250510,종합운동장,건대입구,14,8
20250510,종합운동장,건대입구,15,8
20250510,종합운동장,건대입구,16,7
20250510,종합운동장,건대입구,17,12
20250510,종합운동장,건대입구,18,8
20250510,종합운동장,건대입구,19,20
20250510,종합운동장,건대입구,20,142
20250510,종합운동장,건대입구,21,27
20250510,종합운동장,건대입구,22,6
20250510,종합운동장,건대입구,23,4
20250510,종합운동장,교대(법원.검찰청),6,5
20250510,종합운동장,교대(법원.검찰청),7,5
20250510,종합운동장,교대(법원.검찰청),8,8
20250510,종합운동장,교대(법원.검찰청),9,18
20250510,종합운동장,교대(법원.검찰청),10,3
20250510,종합운동장,교대(법원.검찰청),11,8
20250510,종합운동장,교대(법원.검찰청),12,6
20250510,종합운동장,교대(법원.검찰청),13,9
20250510,종합운동장,교대(법원.검찰청),14,8
20250510,종합운동장,교대(법원.검찰청),15,7
20250510,종합운동장,교대(법원.검찰청),16,6
20250510,종합운동장,교대(법원.검찰청),17,7
20250510,종합운동장,교대(법원.검찰청),18,3
20250510,종합운동장,교대(법원.검찰청),19,10
20250510,종합운동장,교대(법원.검찰청),20,77
20250510,종합운동장,교대(법원.검찰청),21,8
20250510,종합운동장,교대(법원.검찰청),22,4
20250510,종합운동장,구로디지털단지,6,3
20250510,종합운동장,구로디지털단지,7,1
20250510,종합운동장,구로디지털단지,8,4
20250510,종합운동장,구로디지털단지,9,4
20250510,종합운동장,구로디지털단지,10,10
20250510,종합운동장,구로디지털단지,11,2
20250510,종합운동장,구로디지털단지,12,14
20250510,종합운동장,구로디지털단지,13,3
20250510,종합운동장,구로디지털단지,14,1
20250510,종합운동장,구로디지털단지,15,2
20250510,종합운동장,구로디지털단지,16,7
20250510,종합운동장,구로디지털단지,17,7
20250510,종합운동장,구로디지털단지,18,5
20250510,종합운동장,구로디지털단지,19,6
20250510,종합운동장,구로디지털단지,20,171
20250510,종합운동장,구로디지털단지,21,11
20250510,종합운동장,구로디지털단지,22,8
20250510,종합운동장,구의(광진구청),5,1
20250510,종합운동장,구의(광진구청),6,3
20250510,종합운동장,구의(광진구청),8,4
20250510,종합운동장,구의(광진구청),9,2
20250510,종합운동장,구의(광진구청),10,3
20250510,종합운동장,구의(광진구청),11,5
20250510,종합운동장,구의(광진구청),12,2
20250510,종합운동장,구의(광진구청),13,4
20250510,종합운동장,구의(광진구청),14,2
20250510,종합운동장,구의(광진구청),15,6
20250510,종합운동장,구의(광진구청),16,6
20250510,종합운동장,구의(광진구청),17,6
20250510,종합운동장,구의(광진구청),18,4
20250510,종합운동장,구의(광진구청),19,11
20250510,종합운동장,구의(광진구청),20,91
20250510,종합운동장,구의(광진구청),21,10
20250510,종합운동장,구의(광진구청),22,1
20250510,종합운동장,구의(광진구청),23,1
20250510,종합운동장,낙성대,6,1
20250510,종합운동장,낙성대,7,2
20250510,종합운동장,낙성대,9,1
20250510,종합운동장,낙성대,10,6
20250510,종합운동장,낙성대,11,5
20250510,종합운동장,낙성대,12,1
20250510,종합운동장,낙성대,13,6
20250510,종합운동장,낙성대,14,2
20250510,종합운동장,낙성대,15,4
20250510,종합운동장,낙성대,16,3
20250510,종합운동장,낙성대,17,7
20250510,종합운동장,낙성대,18,3
20250510,종합운동장,낙성대,19,7
20250510,종합운동장,낙성대,20,101
20250510,종합운동장,낙성대,21,4
20250510,종합운동장,낙성대,22,4
20250510,종합운동장,당산,6,1
20250510,종합운동장,당산,8,1
20250510,종합운동장,당산,13,4
20250510,종합운동장,당산,20,20
20250510,종합운동장,당산,21,1
20250510,종합운동장,당산,22,2
20250510,종합운동장,대림(구로구청),6,2
20250510,종합운동장,대림(구로구청),7,1
20250510,종합운동장,대림(구로구청),8,2
20250510,종합운동장,대림(구로구청),9,2
20250510,종합운동장,대림(구로구청),10,16
20250510,종합운동장,대림(구로구청),11,6
20250510,종합운동장,대림(구로구청),12,11
20250510,종합운동장,대림(구로구청),15,4
20250510,종합운동장,대림(구로구청),16,2
20250510,종합운동장,대림(구로구청),17,1
20250510,종합운동장,대림(구로구청),18,3
20250510,종합운동장,대림(구로구청),19,3
20250510,종합운동장,대림(구로구청),20,18
20250510,종합운동장,대림(구로구청),21,6
20250510,종합운동장,대림(구로구청),22,1
20250510,종합운동장,동대문역사문화공원,9,1
20250510,종합운동장,동대문역사문화공원,10,2
20250510,종합운동장,동대문역사문화공원,11,3
20250510,종합운동장,동대문역사문화공원,12,4
20250510,종합운동장,동대문역사문화공원,13,3
20250510,종합운동장,동대문역사문화공원,16,4
20250510,종합운동장,동대문역사문화공원,17,7
20250510,종합운동장,동대문역사문화공원,18,2
20250510,종합운동장,동대문역사문화공원,19,2
20250510,종합운동장,동대문역사문화공원,20,18
20250510,종합운동장,동대문역사문화공원,21,4
20250510,종합운동장,뚝섬,7,1
20250510,종합운동장,뚝섬,8,3
20250510,종합운동장,뚝섬,9,5
20250510,종합운동장,뚝섬,10,1
20250510,종합운동장,뚝섬,11,5
20250510,종합운동장,뚝섬,12,1
20250510,종합운동장,뚝섬,13,1
20250510,종합운동장,뚝섬,14,1
20250510,종합운동장,뚝섬,15,4
20250510,종합운동장,뚝섬,16,1
20250510,종합운동장,뚝섬,17,4
20250510,종합운동장,뚝섬,18,2
20250510,종합운동장,뚝섬,19,1
20250510,종합운동장,뚝섬,20,23
20250510,종합운동장,뚝섬,21,1
20250510,종합운동장,문래,7,2
20250510,종합운동장,문래,8,1
20250510,종합운동장,문래,10,2
20250510,종합운동장,문래,11,1
20250510,종합운동장,문래,13,1
20250510,종합운동장,문래,15,1
20250510,종합운동장,문래,18,3
20250510,종합운동장,문래,20,22
20250510,종합운동장,문래,21,3
20250510,종합운동장,방배,7,2
20250510,종합운동장,방배,8,3
20250510,종합운동장,방배,9,9
20250510,종합운동장,방배,10,4
20250510,종합운동장,방배,11,1
20250510,종합운동장,방배,14,4
20250510,종합운동장,방배,15,1
20250510,종합운동장,방배,16,5
20250510,종합운동장,방배,17,3
20250510,종합운동장,방배,18,2
20250510,종합운동장,방배,19,4
20250510,종합운동장,방배,20,33
20250510,종합운동장,방배,21,4
20250510,종합운동장,봉천,5,1
20250510,종합운동장,봉천,6,1
20250510,종합운동장,봉천,7,1
20250510,종합운동장,봉천,8,4
20250510,종합운동장,봉천,9,1
20250510,종합운동장,봉천,11,1
20250510,종합운동장,봉천,12,1
20250510,종합운동장,봉천,13,1
20250510,종합운동장,봉천,14,5
20250510,종합운동장,봉천,15,8
20250510,종합운동장,봉천,16,5
20250510,종합운동장,봉천,17,4
20250510,종합운동장,봉천,18,4
20250510,종합운동장,봉천,19,5
20250510,종합운동장,봉천,20,52
20250510,종합운동장,봉천,21,7
20250510,종합운동장,봉천,22,3
20250510,종합운동장,사당,5,1
20250510,종합운동장,사당,6,2
20250510,종합운동장,사당,7,3
20250510,종합운동장,사당,8,5
20250510,종합운동장,사당,9,5
20250510,종합운동장,사당,10,6
20250510,종합운동장,사당,11,10
20250510,종합운동장,사당,12,13
20250510,종합운동장,사당,13,13
20250510,종합운동장,사당,14,14
20250510,종합운동장,사당,15,16
20250510,종합운동장,사당,16,12
20250510,종합운동장,사당,17,15
20250510,종합운동장,사당,18,12
20250510,종합운동장,사당,19,12
20250510,종합운동장,사당,20,355
20250510,종합운동장,사당,21,32
20250510,종합운동장,사당,22,11
20250510,종합운동장,사당,23,2
20250510,종합운동장,삼성(무역센터),6,2
20250510,종합운동장,삼성(무역센터),7,11
20250510,종합운동장,삼성(무역센터),8,9
20250510,종합운동장,삼성(무역센터),9,23
20250510,종합운동장,삼성(무역센터),10,39
20250510,종합운동장,삼성(무역센터),11,35
20250510,종합운동장,삼성(무역센터),12,62
20250510,종합운동장,삼성(무역센터),13,37
20250510,종합운동장,삼성(무역센터),14,32
20250510,종합운동장,삼성(무역센터),15,50
20250510,종합운동장,삼성(무역센터),16,22
20250510,종합운동장,삼성(무역센터),17,27
20250510,종합운동장,삼성(무역센터),18,19
20250510,종합운동장,삼성(무역센터),19,16
20250510,종합운동장,삼성(무역센터),20,107
20250510,종합운동장,삼성(무역센터),21,20
20250510,종합운동장,삼성(무역센터),22,2
20250510,종합운동장,삼성(무역센터),23,3
20250510,종합운동장,상왕십리,8,1
20250510,종합운동장,상왕십리,11,3
20250510,종합운동장,상왕십리,12,2
20250510,종합운동장,상왕십리,13,2
20250510,종합운동장,상왕십리,14,1
20250510,종합운동장,상왕십리,15,1
20250510,종합운동장,상왕십리,17,3
20250510,종합운동장,상왕십리,18,1
20250510,종합운동장,상왕십리,19,2
20250510,종합운동장,상왕십리,20,51
20250510,종합운동장,상왕십리,21,4
20250510,종합운동장,서울대입구(관악구청),5,1
20250510,종합운동장,서울대입구(관악구청),6,2
20250510,종합운동장,서울대입구(관악구청),7,1
20250510,종합운동장,서울대입구(관악구청),8,9
20250510,종합운동장,서울대입구(관악구청),9,8
20250510,종합운동장,서울대입구(관악구청),10,4
20250510,종합운동장,서울대입구(관악구청),11,7
20250510,종합운동장,서울대입구(관악구청),12,6
20250510,종합운동장,서울대입구(관악구청),13,13
20250510,종합운동장,서울대입구(관악구청),14,3
20250510,종합운동장,서울대입구(관악구청),15,3
20250510,종합운동장,서울대입구(관악구청),16,10
20250510,종합운동장,서울대입구(관악구청),17,7
20250510,종합운동장,서울대입구(관악구청),18,6
20250510,종합운동장,서울대입구(관악구청),19,11
20250510,종합운동장,서울대입구(관악구청),20,131
20250510,종합운동장,서울대입구(관악구청),21,16
20250510,종합운동장,서울대입구(관악구청),22,9
20250510,종합운동장,서울대입구(관악구청),23,4
20250510,종합운동장,서초,5,4
20250510,종합운동장,서초,6,5
20250510,종합운동장,서초,7,5
20250510,종합운동장,서초,8,5
20250510,종합운동장,서초,9,5
20250510,종합운동장,서초,10,5
20250510,종합운동장,서초,11,2
20250510,종합운동장,서초,12,5
20250510,종합운동장,서초,13,5
20250510,종합운동장,서초,14,5
20250510,종합운동장,서초,15,4
20250510,종합운동장,서초,16,2
20250510,종합운동장,서초,17,4
20250510,종합운동장,서초,18,10
20250510,종합운동장,서초,19,3
20250510,종합운동장,서초,20,54
20250510,종합운동장,서초,21,2
20250510,종합운동장,선릉,5,1
20250510,종합운동장,선릉,6,2
20250510,종합운동장,선릉,7,5
20250510,종합운동장,선릉,8,8
20250510,종합운동장,선릉,9,16
20250510,종합운동장,선릉,10,16
20250510,종합운동장,선릉,11,16
20250510,종합운동장,선릉,12,19
20250510,종합운동장,선릉,13,10
20250510,종합운동장,선릉,14,13
20250510,종합운동장,선릉,15,8
20250510,종합운동장,선릉,16,10
20250510,종합운동장,선릉,17,15
20250510,종합운동장,선릉,18,4
20250510,종합운동장,선릉,19,7
20250510,종합운동장,선릉,20,86
20250510,종합운동장,선릉,21,21
20250510,종합운동장,선릉,22,2
20250510,종합운동장,선릉,23,1
20250510,종합운동장,성수,5,1
20250510,종합운동장,성수,6,1
20250510,종합운동장,성수,7,1
20250510,종합운동장,성수,8,3
20250510,종합운동장,성수,9,2
20250510,종합운동장,성수,10,5
20250510,종합운동장,성수,11,7
20250510,종합운동장,성수,12,16
20250510,종합운동장,성수,13,3
20250510,종합운동장,성수,14,8
20250510,종합운동장,성수,15,12
20250510,종합운동장,성수,16,4
20250510,종합운동장,성수,17,5
20250510,종합운동장,성수,18,4
20250510,종합운동장,성수,19,3
20250510,종합운동장,성수,20,27
20250510,종합운동장,성수,21,2
20250510,종합운동장,성수,22,3
20250510,종합운동장,시청,6,1
20250510,종합운동장,시청,7,1
20250510,종합운동장,시청,8,1
20250510,종합운동장,시청,10,2
20250510,종합운동장,시청,11,4
20250510,종합운동장,시청,13,2
20250510,종합운동장,시청,14,1
20250510,종합운동장,시청,16,1
20250510,종합운동장,시청,17,1
20250510,종합운동장,시청,19,4
20250510,종합운동장,시청,20,10
20250510,종합운동장,시청,21,3
20250510,종합운동장,시청,22,1
20250510,종합운동장,신당,10,2
20250510,종합운동장,신당,11,5
20250510,종합운동장,신당,13,1
20250510,종합운동장,신당,16,2
20250510,종합운동장,신당,17,3
20250510,종합운동장,신당,20,25
20250510,종합운동장,신당,22,2
20250510,종합운동장,신대방,9,1
20250510,종합운동장,신대방,10,6
20250510,종합운동장,신대방,13,3
20250510,종합운동장,신대방,14,4
20250510,종합운동장,신대방,15,2
20250510,종합운동장,신대방,16,1
20250510,종합운동장,신대방,17,4
20250510,종합운동장,신대방,18,1
20250510,종합운동장,신대방,19,6
20250510,종합운동장,신대방,20,49
20250510,종합운동장,신대방,21,8
20250510,종합운동장,신대방,22,3
20250510,종합운동장,신도림,5,1
20250510,종합운동장,신도림,6,1
20250510,종합운동장,신도림,8,1
20250510,종합운동장,신도림,9,4
20250510,종합운동장,신도림,10,6
20250510,종합운동장,신도림,11,16
20250510,종합운동장,신도림,12,8
20250510,종합운동장,신도림,13,3
20250510,종합운동장,신도림,14,3
20250510,종합운동장,신도림,15,1
20250510,종합운동장,신도림,16,2
20250510,종합운동장,신도림,17,2
20250510,종합운동장,신도림,18,4
20250510,종합운동장,신도림,19,3
20250510,종합운동장,신도림,20,80
20250510,종합운동장,신도림,21,5
20250510,종합운동장,신도림,22,5
20250510,종합운동장,신림,6,4
20250510,종합운동장,신림,7,2
20250510,종합운동장,신림,8,8
20250510,종합운동장,신림,9,4
20250510,종합운동장,신림,10,5
20250510,종합운동장,신림,11,3
20250510,종합운동장,신림,12,9
20250510,종합운동장,신림,13,6
20250510,종합운동장,신림,14,8
20250510,종합운동장,신림,15,2
20250510,종합운동장,신림,16,11
20250510,종합운동장,신림,17,7
20250510,종합운동장,신림,18,7
20250510,종합운동장,신림,19,11
20250510,종합운동장,신림,20,190
20250510,종합운동장,신림,21,19
20250510,종합운동장,신림,22,19
20250510,종합운동장,신림,23,1
20250510,종합운동장,신촌,7,1
20250510,종합운동장,신촌,8,2
20250510,종합운동장,신촌,9,1
20250510,종합운동장,신촌,10,4
20250510,종합운동장,신촌,11,6
20250510,종합운동장,신촌,12,1
20250510,종합운동장,신촌,13,4
20250510,종합운동장,신촌,14,1
20250510,종합운동장,신촌,15,1
20250510,종합운동장,신촌,16,5
20250510,종합운동장,신촌,17,3
20250510,종합운동장,신촌,18,6
20250510,종합운동장,신촌,19,10
20250510,종합운동장,신촌,20,108
20250510,종합운동장,신촌,21,9
20250510,종합운동장,신촌,22,1
20250510,종합운동장,아현,9,1
20250510,종합운동장,아현,12,2
20250510,종합운동장,아현,14,1
20250510,종합운동장,아현,15,1
20250510,종합운동장,아현,17,1
20250510,종합운동장,아현,18,2
20250510,종합운동장,아현,20,14
20250510,종합운동장,아현,21,1
20250510,종합운동장,아현,22,1
20250510,종합운동장,아현,23,1
20250510,종합운동장,역삼,6,2
20250510,종합운동장,역삼,7,3
20250510,종합운동장,역삼,8,4
20250510,종합운동장,역삼,9,11
20250510,종합운동장,역삼,10,13
20250510,종합운동장,역삼,11,7
20250510,종합운동장,역삼,12,11
20250510,종합운동장,역삼,13,7
20250510,종합운동장,역삼,14,6
20250510,종합운동장,역삼,15,3
20250510,종합운동장,역삼,16,4
20250510,종합운동장,역삼,17,12
20250510,종합운동장,역삼,18,3
20250510,종합운동장,역삼,19,4
20250510,종합운동장,역삼,20,46
20250510,종합운동장,역삼,21,4
20250510,종합운동장,역삼,22,1
20250510,종합운동장,역삼,23,1
20250510,종합운동장,영등포구청,9,1
20250510,종합운동장,영등포구청,10,1
20250510,종합운동장,영등포구청,12,1
20250510,종합운동장,영등포구청,13,1
20250510,종합운동장,영등포구청,15,2
20250510,종합운동장,영등포구청,16,3
20250510,종합운동장,영등포구청,18,1
20250510,종합운동장,영등포구청,19,1
20250510,종합운동장,영등포구청,20,11
20250510,종합운동장,영등포구청,21,2
20250510,종합운동장,왕십리(성동구청),8,1
20250510,종합운동장,왕십리(성동구청),10,1
20250510,종합운동장,왕십리(성동구청),11,4
20250510,종합운동장,왕십리(성동구청),12,3
20250510,종합운동장,왕십리(성동구청),13,2
20250510,종합운동장,왕십리(성동구청),14,2
20250510,종합운동장,왕십리(성동구청),16,1
20250510,종합운동장,왕십리(성동구청),17,2
20250510,종합운동장,왕십리(성동구청),18,2
20250510,종합운동장,왕십리(성동구청),19,8
20250510,종합운동장,왕십리(성동구청),20,67
20250510,종합운동장,왕십리(성동구청),21,2
20250510,종합운동장,용두(동대문구청),8,2
20250510,종합운동장,용두(동대문구청),9,1
20250510,종합운동장,용두(동대문구청),13,1
20250510,종합운동장,용두(동대문구청),16,1
20250510,종합운동장,용두(동대문구청),17,2
20250510,종합운동장,용두(동대문구청),18,1
20250510,종합운동장,용두(동대문구청),19,3
20250510,종합운동장,용두(동대문구청),20,6
20250510,종합운동장,용두(동대문구청),22,1
20250510,종합운동장,을지로3가,8,2
20250510,종합운동장,을지로3가,9,1
20250510,종합운동장,을지로3가,10,2
20250510,종합운동장,을지로3가,11,1
20250510,종합운동장,을지로3가,12,1
20250510,종합운동장,을지로3가,13,2
20250510,종합운동장,을지로3가,14,1
20250510,종합운동장,을지로3가,15,3
20250510,종합운동장,을지로3가,16,1
20250510,종합운동장,을지로3가,18,2
20250510,종합운동장,을지로3가,19,4
20250510,종합운동장,을지로3가,20,27
20250510,종합운동장,을지로3가,21,2
20250510,종합운동장,을지로4가,8,1
20250510,종합운동장,을지로4가,9,5
20250510,종합운동장,을지로4가,10,1
20250510,종합운동장,을지로4가,11,1
20250510,종합운동장,을지로4가,12,3
20250510,종합운동장,을지로4가,13,2
20250510,종합운동장,을지로4가,14,1
20250510,종합운동장,을지로4가,15,2
20250510,종합운동장,을지로4가,16,1
20250510,종합운동장,을지로4가,17,2
20250510,종합운동장,을지로4가,20,20
20250510,종합운동장,을지로4가,21,3
20250510,종합운동장,을지로입구,7,3
20250510,종합운동장,을지로입구,8,2
20250510,종합운동장,을지로입구,9,3
20250510,종합운동장,을지로입구,10,4
20250510,종합운동장,을지로입구,11,2
20250510,종합운동장,을지로입구,12,10
20250510,종합운동장,을지로입구,13,1
20250510,종합운동장,을지로입구,14,4
20250510,종합운동장,을지로입구,15,1
20250510,종합운동장,을지로입구,16,6
20250510,종합운동장,을지로입구,17,3
20250510,종합운동장,을지로입구,18,2
20250510,종합운동장,을지로입구,19,7
20250510,종합운동장,을지로입구,20,22
20250510,종합운동장,을지로입구,21,1
20250510,종합운동장,이대,7,2
20250510,종합운동장,이대,8,1
20250510,종합운동장,이대,9,2
20250510,종합운동장,이대,11,2
20250510,종합운동장,이대,12,1
20250510,종합운동장,이대,13,4
20250510,종합운동장,이대,14,1
20250510,종합운동장,이대,15,1
20250510,종합운동장,이대,16,1
20250510,종합운동장,이대,17,1
20250510,종합운동장,이대,18,1
20250510,종합운동장,이대,19,3
20250510,종합운동장,이대,20,39
20250510,종합운동장,이대,21,3
20250510,종합운동장,이대,23,1
20250510,종합운동장,잠실(송파구청),6,5
20250510,종합운동장,잠실(송파구청),7,17
20250510,종합운동장,잠실(송파구청),8,17
20250510,종합운동장,잠실(송파구청),9,17
20250510,종합운동장,잠실(송파구청),10,34
20250510,종합운동장,잠실(송파구청),11,56
20250510,종합운동장,잠실(송파구청),12,75
20250510,종합운동장,잠실(송파구청),13,51
20250510,종합운동장,잠실(송파구청),14,54
20250510,종합운동장,잠실(송파구청),15,60
20250510,종합운동장,잠실(송파구청),16,39
20250510,종합운동장,잠실(송파구청),17,44
20250510,종합운동장,잠실(송파구청),18,35
20250510,종합운동장,잠실(송파구청),19,68
20250510,종합운동장,잠실(송파구청),20,803
20250510,종합운동장,잠실(송파구청),21,77
20250510,종합운동장,잠실(송파구청),22,27
20250510,종합운동장,잠실나루,6,5
20250510,종합운동장,잠실나루,7,4
20250510,종합운동장,잠실나루,8,3
20250510,종합운동장,잠실나루,9,4
20250510,종합운동장,잠실나루,10,3
20250510,종합운동장,잠실나루,11,6
20250510,종합운동장,잠실나루,12,3
20250510,종합운동장,잠실나루,13,7
20250510,종합운동장,잠실나루,14,6
20250510,종합운동장,잠실나루,15,5
20250510,종합운동장,잠실나루,16,5
20250510,종합운동장,잠실나루,17,4
20250510,종합운동장,잠실나루,18,3
20250510,종합운동장,잠실나루,19,4
20250510,종합운동장,잠실나루,20,37
20250510,종합운동장,잠실나루,21,2
20250510,종합운동장,잠실나루,22,2
20250510,종합운동장,잠실새내,6,1
20250510,종합운동장,잠실새내,8,4
20250510,종합운동장,잠실새내,9,9
20250510,종합운동장,잠실새내,10,19
20250510,종합운동장,잠실새내,11,38
20250510,종합운동장,잠실새내,12,43
20250510,종합운동장,잠실새내,13,16
20250510,종합운동장,잠실새내,14,21
20250510,종합운동장,잠실새내,15,43
20250510,종합운동장,잠실새내,16,17
20250510,종합운동장,잠실새내,17,19
20250510,종합운동장,잠실새내,18,12
20250510,종합운동장,잠실새내,19,33
20250510,종합운동장,잠실새내,20,174
20250510,종합운동장,잠실새내,21,12
20250510,종합운동장,잠실새내,22,6
20250510,종합운동장,잠실새내,23,1
20250510,종합운동장,종합운동장,6,5
20250510,종합운동장,종합운동장,7,2
20250510,종합운동장,종합운동장,8,12
20250510,종합운동장,종합운동장,9,6
20250510,종합운동장,종합운동장,10,7
20250510,종합운동장,종합운동장,11,10
20250510,종합운동장,종합운동장,12,23
20250510,종합운동장,종합운동장,13,23
20250510,종합운동장,종합운동장,14,16
20250510,종합운동장,종합운동장,15,26
20250510,종합운동장,종합운동장,16,37
20250510,종합운동장,종합운동장,17,24
20250510,종합운동장,종합운동장,18,19
20250510,종합운동장,종합운동장,19,24
20250510,종합운동장,종합운동장,20,333
20250510,종합운동장,종합운동장,21,45
20250510,종합운동장,종합운동장,22,10
20250510,종합운동장,종합운동장,23,1
20250510,종합운동장,충정로(경기대입구),10,1
20250510,종합운동장,충정로(경기대입구),11,1
20250510,종합운동장,충정로(경기대입구),12,1
20250510,종합운동장,충정로(경기대입구),16,1
20250510,종합운동장,충정로(경기대입구),20,2
20250510,종합운동장,한양대,7,1
20250510,종합운동장,한양대,8,2
20250510,종합운동장,한양대,9,2
20250510,종합운동장,한양대,10,1
20250510,종합운동장,한양대,11,2
20250510,종합운동장,한양대,12,1
20250510,종합운동장,한양대,13,2
20250510,종합운동장,한양대,14,1
20250510,종합운동장,한양대,15,3
20250510,종합운동장,한양대,16,3
20250510,종합운동장,한양대,17,1
20250510,종합운동장,한양대,18,1
20250510,종합운동장,한양대,20,20
20250510,종합운동장,합정,10,3
20250510,종합운동장,합정,11,2
20250510,종합운동장,합정,12,10
20250510,종합운동장,합정,14,8
20250510,종합운동장,합정,15,4
20250510,종합운동장,합정,17,3
20250510,종합운동장,합정,18,1
20250510,종합운동장,합정,19,4
20250510,종합운동장,합정,20,51
20250510,종합운동장,합정,21,6
20250510,종합운동장,합정,22,2
20250510,종합운동장,홍대입구,8,3
20250510,종합운동장,홍대입구,10,4
20250510,종합운동장,홍대입구,11,4
20250510,종합운동장,홍대입구,12,2
20250510,종합운동장,홍대입구,13,4
20250510,종합운동장,홍대입구,14,4
20250510,종합운동장,홍대입구,15,3
20250510,종합운동장,홍대입구,16,5
20250510,종합운동장,홍대입구,17,8
20250510,종합운동장,홍대입구,18,3
20250510,종합운동장,홍대입구,19,2
20250510,종합운동장,홍대입구,20,113
20250510,종합운동장,홍대입구,21,22
20250510,종합운동장,홍대입구,22,3
20250510,충정로(경기대입구),강남,7,3
20250510,충정로(경기대입구),강남,8,5
20250510,충정로(경기대입구),강남,9,6
20250510,충정로(경기대입구),강남,10,2
20250510,충정로(경기대입구),강남,11,2
20250510,충정로(경기대입구),강남,12,4
20250510,충정로(경기대입구),강남,13,6
20250510,충정로(경기대입구),강남,14,3
20250510,충정로(경기대입구),강남,15,2
20250510,충정로(경기대입구),강남,16,1
20250510,충정로(경기대입구),강남,17,2
20250510,충정로(경기대입구),강남,18,1
20250510,충정로(경기대입구),강남,21,1
20250510,충정로(경기대입구),강변(동서울터미널),5,3
20250510,충정로(경기대입구),강변(동서울터미널),6,1
20250510,충정로(경기대입구),강변(동서울터미널),7,2
20250510,충정로(경기대입구),강변(동서울터미널),8,3
20250510,충정로(경기대입구),강변(동서울터미널),9,2
20250510,충정로(경기대입구),강변(동서울터미널),10,4
20250510,충정로(경기대입구),강변(동서울터미널),11,5
20250510,충정로(경기대입구),강변(동서울터미널),12,1
20250510,충정로(경기대입구),강변(동서울터미널),13,7
20250510,충정로(경기대입구),강변(동서울터미널),15,1
20250510,충정로(경기대입구),강변(동서울터미널),16,2
20250510,충정로(경기대입구),강변(동서울터미널),17,4
20250510,충정로(경기대입구),강변(동서울터미널),18,4
20250510,충정로(경기대입구),강변(동서울터미널),19,2
20250510,충정로(경기대입구),강변(동서울터미널),20,2
20250510,충정로(경기대입구),강변(동서울터미널),21,1
20250510,충정로(경기대입구),강변(동서울터미널),22,2
20250510,충정로(경기대입구),건대입구,6,2
20250510,충정로(경기대입구),건대입구,7,1
20250510,충정로(경기대입구),건대입구,8,1
20250510,충정로(경기대입구),건대입구,9,2
20250510,충정로(경기대입구),건대입구,10,5
20250510,충정로(경기대입구),건대입구,11,4
20250510,충정로(경기대입구),건대입구,12,4
20250510,충정로(경기대입구),건대입구,13,7
20250510,충정로(경기대입구),건대입구,14,3
20250510,충정로(경기대입구),건대입구,15,7
20250510,충정로(경기대입구),건대입구,16,6
20250510,충정로(경기대입구),건대입구,17,10
20250510,충정로(경기대입구),건대입구,18,7
20250510,충정로(경기대입구),건대입구,19,4
20250510,충정로(경기대입구),건대입구,20,3
20250510,충정로(경기대입구),건대입구,21,4
20250510,충정로(경기대입구),건대입구,22,3
20250510,충정로(경기대입구),건대입구,23,1
20250510,충정로(경기대입구),교대(법원.검찰청),5,1
20250510,충정로(경기대입구),교대(법원.검찰청),9,1
20250510,충정로(경기대입구),교대(법원.검찰청),10,1
20250510,충정로(경기대입구),교대(법원.검찰청),11,1
20250510,충정로(경기대입구),교대(법원.검찰청),12,1
20250510,충정로(경기대입구),교대(법원.검찰청),13,1
20250510,충정로(경기대입구),교대(법원.검찰청),14,1
20250510,충정로(경기대입구),교대(법원.검찰청),16,1
20250510,충정로(경기대입구),교대(법원.검찰청),17,3
20250510,충정로(경기대입구),구로디지털단지,6,1
20250510,충정로(경기대입구),구로디지털단지,7,2
20250510,충정로(경기대입구),구로디지털단지,8,2
20250510,충정로(경기대입구),구로디지털단지,9,2
20250510,충정로(경기대입구),구로디지털단지,10,1
20250510,충정로(경기대입구),구로디지털단지,11,1
20250510,충정로(경기대입구),구로디지털단지,12,1
20250510,충정로(경기대입구),구로디지털단지,13,3
20250510,충정로(경기대입구),구로디지털단지,14,8
20250510,충정로(경기대입구),구로디지털단지,15,8
20250510,충정로(경기대입구),구로디지털단지,16,3
20250510,충정로(경기대입구),구로디지털단지,17,4
20250510,충정로(경기대입구),구로디지털단지,18,7
20250510,충정로(경기대입구),구로디지털단지,19,5
20250510,충정로(경기대입구),구로디지털단지,20,8
20250510,충정로(경기대입구),구로디지털단지,21,6
20250510,충정로(경기대입구),구로디지털단지,22,6
20250510,충정로(경기대입구),구로디지털단지,23,2
20250510,충정로(경기대입구),구의(광진구청),5,1
20250510,충정로(경기대입구),구의(광진구청),6,1
20250510,충정로(경기대입구),구의(광진구청),7,1
20250510,충정로(경기대입구),구의(광진구청),10,2
20250510,충정로(경기대입구),구의(광진구청),11,3
20250510,충정로(경기대입구),구의(광진구청),14,3
20250510,충정로(경기대입구),구의(광진구청),16,4
20250510,충정로(경기대입구),구의(광진구청),17,11
20250510,충정로(경기대입구),구의(광진구청),18,3
20250510,충정로(경기대입구),구의(광진구청),21,1
20250510,충정로(경기대입구),구의(광진구청),22,3
20250510,충정로(경기대입구),구의(광진구청),23,1
20250510,충정로(경기대입구),낙성대,9,1
20250510,충정로(경기대입구),낙성대,10,2
20250510,충정로(경기대입구),낙성대,11,2
20250510,충정로(경기대입구),낙성대,12,1
20250510,충정로(경기대입구),낙성대,13,6
20250510,충정로(경기대입구),낙성대,14,1
20250510,충정로(경기대입구),낙성대,15,1
20250510,충정로(경기대입구),낙성대,17,1
20250510,충정로(경기대입구),낙성대,18,2
20250510,충정로(경기대입구),낙성대,19,1
20250510,충정로(경기대입구),낙성대,23,1
20250510,충정로(경기대입구),당산,6,1
20250510,충정로(경기대입구),당산,7,1
20250510,충정로(경기대입구),당산,8,2
20250510,충정로(경기대입구),당산,9,2
20250510,충정로(경기대입구),당산,10,3
20250510,충정로(경기대입구),당산,11,1
20250510,충정로(경기대입구),당산,13,2
20250510,충정로(경기대입구),당산,14,2
20250510,충정로(경기대입구),당산,15,7
20250510,충정로(경기대입구),당산,16,5
20250510,충정로(경기대입구),당산,17,8
20250510,충정로(경기대입구),당산,18,4
20250510,충정로(경기대입구),당산,19,2
20250510,충정로(경기대입구),당산,20,4
20250510,충정로(경기대입구),당산,21,2
20250510,충정로(경기대입구),당산,22,4
20250510,충정로(경기대입구),당산,23,1
20250510,충정로(경기대입구),대림(구로구청),5,1
20250510,충정로(경기대입구),대림(구로구청),7,2
20250510,충정로(경기대입구),대림(구로구청),8,1
20250510,충정로(경기대입구),대림(구로구청),9,5
20250510,충정로(경기대입구),대림(구로구청),10,2
20250510,충정로(경기대입구),대림(구로구청),11,1
20250510,충정로(경기대입구),대림(구로구청),12,4
20250510,충정로(경기대입구),대림(구로구청),13,2
20250510,충정로(경기대입구),대림(구로구청),14,1
20250510,충정로(경기대입구),대림(구로구청),15,3
20250510,충정로(경기대입구),대림(구로구청),16,2
20250510,충정로(경기대입구),대림(구로구청),17,11
20250510,충정로(경기대입구),대림(구로구청),18,2
20250510,충정로(경기대입구),대림(구로구청),19,1
20250510,충정로(경기대입구),대림(구로구청),20,1
20250510,충정로(경기대입구),대림(구로구청),21,6
20250510,충정로(경기대입구),동대문역사문화공원,5,1
20250510,충정로(경기대입구),동대문역사문화공원,6,3
20250510,충정로(경기대입구),동대문역사문화공원,7,3
20250510,충정로(경기대입구),동대문역사문화공원,8,4
20250510,충정로(경기대입구),동대문역사문화공원,9,3
20250510,충정로(경기대입구),동대문역사문화공원,10,7
20250510,충정로(경기대입구),동대문역사문화공원,11,6
20250510,충정로(경기대입구),동대문역사문화공원,12,6
20250510,충정로(경기대입구),동대문역사문화공원,13,6
20250510,충정로(경기대입구),동대문역사문화공원,14,6
20250510,충정로(경기대입구),동대문역사문화공원,15,7
20250510,충정로(경기대입구),동대문역사문화공원,16,10
20250510,충정로(경기대입구),동대문역사문화공원,17,4
20250510,충정로(경기대입구),동대문역사문화공원,18,4
20250510,충정로(경기대입구),동대문역사문화공원,20,1
20250510,충정로(경기대입구),동대문역사문화공원,21,2
20250510,충정로(경기대입구),동대문역사문화공원,22,1
20250510,충정로(경기대입구),동대문역사문화공원,23,2
20250510,충정로(경기대입구),뚝섬,6,2
20250510,충정로(경기대입구),뚝섬,7,2
20250510,충정로(경기대입구),뚝섬,8,4
20250510,충정로(경기대입구),뚝섬,9,9
20250510,충정로(경기대입구),뚝섬,10,4
20250510,충정로(경기대입구),뚝섬,11,6
20250510,충정로(경기대입구),뚝섬,12,6
20250510,충정로(경기대입구),뚝섬,13,5
20250510,충정로(경기대입구),뚝섬,14,4
20250510,충정로(경기대입구),뚝섬,15,7
20250510,충정로(경기대입구),뚝섬,16,6
20250510,충정로(경기대입구),뚝섬,18,6
20250510,충정로(경기대입구),뚝섬,19,1
20250510,충정로(경기대입구),뚝섬,21,4
20250510,충정로(경기대입구),문래,7,1
20250510,충정로(경기대입구),문래,9,1
20250510,충정로(경기대입구),문래,10,1
20250510,충정로(경기대입구),문래,11,4
20250510,충정로(경기대입구),문래,12,3
20250510,충정로(경기대입구),문래,13,3
20250510,충정로(경기대입구),문래,14,2
20250510,충정로(경기대입구),문래,15,2
20250510,충정로(경기대입구),문래,16,5
20250510,충정로(경기대입구),문래,17,1
20250510,충정로(경기대입구),문래,18,13
20250510,충정로(경기대입구),문래,20,2
20250510,충정로(경기대입구),문래,21,2
20250510,충정로(경기대입구),방배,8,1
20250510,충정로(경기대입구),방배,9,1
20250510,충정로(경기대입구),방배,12,1
20250510,충정로(경기대입구),방배,13,1
20250510,충정로(경기대입구),방배,14,1
20250510,충정로(경기대입구),방배,15,1
20250510,충정로(경기대입구),방배,17,1
20250510,충정로(경기대입구),방배,21,1
20250510,충정로(경기대입구),봉천,6,1
20250510,충정로(경기대입구),봉천,9,1
20250510,충정로(경기대입구),봉천,10,1
20250510,충정로(경기대입구),봉천,12,1
20250510,충정로(경기대입구),봉천,13,1
20250510,충정로(경기대입구),봉천,15,3
20250510,충정로(경기대입구),봉천,16,6
20250510,충정로(경기대입구),봉천,18,1
20250510,충정로(경기대입구),봉천,19,1
20250510,충정로(경기대입구),봉천,20,1
20250510,충정로(경기대입구),봉천,22,1
20250510,충정로(경기대입구),사당,6,1
20250510,충정로(경기대입구),사당,9,1
20250510,충정로(경기대입구),사당,10,1
20250510,충정로(경기대입구),사당,11,1
20250510,충정로(경기대입구),사당,12,1
20250510,충정로(경기대입구),사당,13,4
20250510,충정로(경기대입구),사당,14,3
20250510,충정로(경기대입구),사당,15,2
20250510,충정로(경기대입구),사당,16,4
20250510,충정로(경기대입구),사당,17,4
20250510,충정로(경기대입구),사당,19,2
20250510,충정로(경기대입구),사당,20,2
20250510,충정로(경기대입구),삼성(무역센터),5,2
20250510,충정로(경기대입구),삼성(무역센터),6,2
20250510,충정로(경기대입구),삼성(무역센터),7,2
20250510,충정로(경기대입구),삼성(무역센터),8,4
20250510,충정로(경기대입구),삼성(무역센터),9,4
20250510,충정로(경기대입구),삼성(무역센터),10,4
20250510,충정로(경기대입구),삼성(무역센터),11,2
20250510,충정로(경기대입구),삼성(무역센터),12,6
20250510,충정로(경기대입구),삼성(무역센터),13,4
20250510,충정로(경기대입구),삼성(무역센터),14,4
20250510,충정로(경기대입구),삼성(무역센터),15,4
20250510,충정로(경기대입구),삼성(무역센터),18,5
20250510,충정로(경기대입구),삼성(무역센터),19,1
20250510,충정로(경기대입구),삼성(무역센터),21,1
20250510,충정로(경기대입구),삼성(무역센터),23,2
20250510,충정로(경기대입구),상왕십리,5,1
20250510,충정로(경기대입구),상왕십리,6,2
20250510,충정로(경기대입구),상왕십리,8,1
20250510,충정로(경기대입구),상왕십리,9,4
20250510,충정로(경기대입구),상왕십리,11,2
20250510,충정로(경기대입구),상왕십리,12,4
20250510,충정로(경기대입구),상왕십리,13,2
20250510,충정로(경기대입구),상왕십리,14,3
20250510,충정로(경기대입구),상왕십리,15,4
20250510,충정로(경기대입구),상왕십리,16,1
20250510,충정로(경기대입구),상왕십리,18,4
20250510,충정로(경기대입구),상왕십리,19,3
20250510,충정로(경기대입구),상왕십리,20,1
20250510,충정로(경기대입구),상왕십리,21,6
20250510,충정로(경기대입구),서울대입구(관악구청),8,1
20250510,충정로(경기대입구),서울대입구(관악구청),9,5
20250510,충정로(경기대입구),서울대입구(관악구청),11,3
20250510,충정로(경기대입구),서울대입구(관악구청),12,1
20250510,충정로(경기대입구),서울대입구(관악구청),13,4
20250510,충정로(경기대입구),서울대입구(관악구청),14,1
20250510,충정로(경기대입구),서울대입구(관악구청),15,2
20250510,충정로(경기대입구),서울대입구(관악구청),16,2
20250510,충정로(경기대입구),서울대입구(관악구청),17,4
20250510,충정로(경기대입구),서울대입구(관악구청),18,1
20250510,충정로(경기대입구),서울대입구(관악구청),19,2
20250510,충정로(경기대입구),서울대입구(관악구청),20,5
20250510,충정로(경기대입구),서울대입구(관악구청),22,3
20250510,충정로(경기대입구),서초,4,1
20250510,충정로(경기대입구),서초,11,1
20250510,충정로(경기대입구),서초,13,2
20250510,충정로(경기대입구),서초,14,2
20250510,충정로(경기대입구),서초,15,2
20250510,충정로(경기대입구),선릉,6,2
20250510,충정로(경기대입구),선릉,8,1
20250510,충정로(경기대입구),선릉,9,4
20250510,충정로(경기대입구),선릉,10,3
20250510,충정로(경기대입구),선릉,11,2
20250510,충정로(경기대입구),선릉,13,4
20250510,충정로(경기대입구),선릉,14,5
20250510,충정로(경기대입구),선릉,15,4
20250510,충정로(경기대입구),선릉,16,3
20250510,충정로(경기대입구),선릉,17,1
20250510,충정로(경기대입구),선릉,18,2
20250510,충정로(경기대입구),성수,5,3
20250510,충정로(경기대입구),성수,6,4
20250510,충정로(경기대입구),성수,7,3
20250510,충정로(경기대입구),성수,8,4
20250510,충정로(경기대입구),성수,9,5
20250510,충정로(경기대입구),성수,10,9
20250510,충정로(경기대입구),성수,11,5
20250510,충정로(경기대입구),성수,12,5
20250510,충정로(경기대입구),성수,13,8
20250510,충정로(경기대입구),성수,14,14
20250510,충정로(경기대입구),성수,15,7
20250510,충정로(경기대입구),성수,16,1
20250510,충정로(경기대입구),성수,17,1
20250510,충정로(경기대입구),성수,18,2
20250510,충정로(경기대입구),성수,19,3
20250510,충정로(경기대입구),성수,20,1
20250510,충정로(경기대입구),성수,22,3
20250510,충정로(경기대입구),성수,23,4
20250510,충정로(경기대입구),시청,5,2
20250510,충정로(경기대입구),시청,6,1
20250510,충정로(경기대입구),시청,7,3
20250510,충정로(경기대입구),시청,8,5
20250510,충정로(경기대입구),시청,9,6
20250510,충정로(경기대입구),시청,10,10
20250510,충정로(경기대입구),시청,11,20
20250510,충정로(경기대입구),시청,12,6
20250510,충정로(경기대입구),시청,13,8
20250510,충정로(경기대입구),시청,14,3
20250510,충정로(경기대입구),시청,15,2
20250510,충정로(경기대입구),시청,16,7
20250510,충정로(경기대입구),시청,17,7
20250510,충정로(경기대입구),시청,18,2
20250510,충정로(경기대입구),시청,21,1
20250510,충정로(경기대입구),시청,23,2
20250510,충정로(경기대입구),신당,5,4
20250510,충정로(경기대입구),신당,6,6
20250510,충정로(경기대입구),신당,7,9
20250510,충정로(경기대입구),신당,8,9
20250510,충정로(경기대입구),신당,9,3
20250510,충정로(경기대입구),신당,10,11
20250510,충정로(경기대입구),신당,11,9
20250510,충정로(경기대입구),신당,12,4
20250510,충정로(경기대입구),신당,13,8
20250510,충정로(경기대입구),신당,14,7
20250510,충정로(경기대입구),신당,15,4
20250510,충정로(경기대입구),신당,16,3
20250510,충정로(경기대입구),신당,17,5
20250510,충정로(경기대입구),신당,18,4
20250510,충정로(경기대입구),신당,19,9
20250510,충정로(경기대입구),신당,21,3
20250510,충정로(경기대입구),신당,22,7
20250510,충정로(경기대입구),신당,23,1
20250510,충정로(경기대입구),신대방,7,2
20250510,충정로(경기대입구),신대방,12,1
20250510,충정로(경기대입구),신대방,13,1
20250510,충정로(경기대입구),신대방,14,1
20250510,충정로(경기대입구),신대방,16,2
20250510,충정로(경기대입구),신대방,17,5
20250510,충정로(경기대입구),신대방,18,1
20250510,충정로(경기대입구),신대방,21,5
20250510,충정로(경기대입구),신대방,22,1
20250510,충정로(경기대입구),신도림,6,4
20250510,충정로(경기대입구),신도림,7,1
20250510,충정로(경기대입구),신도림,8,2
20250510,충정로(경기대입구),신도림,9,2
20250510,충정로(경기대입구),신도림,10,10
20250510,충정로(경기대입구),신도림,11,3
20250510,충정로(경기대입구),신도림,12,11
20250510,충정로(경기대입구),신도림,13,5
20250510,충정로(경기대입구),신도림,14,9
20250510,충정로(경기대입구),신도림,15,6
20250510,충정로(경기대입구),신도림,16,8
20250510,충정로(경기대입구),신도림,17,1
20250510,충정로(경기대입구),신도림,18,4
20250510,충정로(경기대입구),신도림,19,3
20250510,충정로(경기대입구),신도림,20,4
20250510,충정로(경기대입구),신도림,21,3
20250510,충정로(경기대입구),신도림,22,1
20250510,충정로(경기대입구),신도림,23,3
20250510,충정로(경기대입구),신림,6,1
20250510,충정로(경기대입구),신림,7,4
20250510,충정로(경기대입구),신림,9,2
20250510,충정로(경기대입구),신림,10,3
20250510,충정로(경기대입구),신림,11,4
20250510,충정로(경기대입구),신림,12,5
20250510,충정로(경기대입구),신림,13,4
20250510,충정로(경기대입구),신림,14,3
20250510,충정로(경기대입구),신림,15,2
20250510,충정로(경기대입구),신림,16,4
20250510,충정로(경기대입구),신림,17,3
20250510,충정로(경기대입구),신림,18,7
20250510,충정로(경기대입구),신림,19,4
20250510,충정로(경기대입구),신림,20,2
20250510,충정로(경기대입구),신림,21,3
20250510,충정로(경기대입구),신림,22,3
20250510,충정로(경기대입구),신림,23,3
20250510,충정로(경기대입구),신촌,7,4
20250510,충정로(경기대입구),신촌,8,10
20250510,충정로(경기대입구),신촌,9,8
20250510,충정로(경기대입구),신촌,10,15
20250510,충정로(경기대입구),신촌,11,21
20250510,충정로(경기대입구),신촌,12,24
20250510,충정로(경기대입구),신촌,13,23
20250510,충정로(경기대입구),신촌,14,23
20250510,충정로(경기대입구),신촌,15,18
20250510,충정로(경기대입구),신촌,16,20
20250510,충정로(경기대입구),신촌,17,12
20250510,충정로(경기대입구),신촌,18,21
20250510,충정로(경기대입구),신촌,19,12
20250510,충정로(경기대입구),신촌,20,10
20250510,충정로(경기대입구),신촌,21,7
20250510,충정로(경기대입구),신촌,22,3
20250510,충정로(경기대입구),신촌,23,4
20250510,충정로(경기대입구),아현,5,4
20250510,충정로(경기대입구),아현,6,2
20250510,충정로(경기대입구),아현,7,5
20250510,충정로(경기대입구),아현,8,6
20250510,충정로(경기대입구),아현,9,7
20250510,충정로(경기대입구),아현,10,9
20250510,충정로(경기대입구),아현,11,17
20250510,충정로(경기대입구),아현,12,15
20250510,충정로(경기대입구),아현,13,12
20250510,충정로(경기대입구),아현,14,13
20250510,충정로(경기대입구),아현,15,7
20250510,충정로(경기대입구),아현,16,13
20250510,충정로(경기대입구),아현,17,9
20250510,충정로(경기대입구),아현,18,5
20250510,충정로(경기대입구),아현,19,7
20250510,충정로(경기대입구),아현,20,7
20250510,충정로(경기대입구),아현,21,5
20250510,충정로(경기대입구),역삼,6,1
20250510,충정로(경기대입구),역삼,7,1
20250510,충정로(경기대입구),역삼,8,2
20250510,충정로(경기대입구),역삼,10,2
20250510,충정로(경기대입구),역삼,12,3
20250510,충정로(경기대입구),역삼,13,1
20250510,충정로(경기대입구),역삼,15,6
20250510,충정로(경기대입구),영등포구청,5,1
20250510,충정로(경기대입구),영등포구청,8,1
20250510,충정로(경기대입구),영등포구청,9,4
20250510,충정로(경기대입구),영등포구청,10,5
20250510,충정로(경기대입구),영등포구청,11,1
20250510,충정로(경기대입구),영등포구청,12,3
20250510,충정로(경기대입구),영등포구청,13,3
20250510,충정로(경기대입구),영등포구청,14,2
20250510,충정로(경기대입구),영등포구청,15,10
20250510,충정로(경기대입구),영등포구청,16,7
20250510,충정로(경기대입구),영등포구청,17,1
20250510,충정로(경기대입구),영등포구청,18,2
20250510,충정로(경기대입구),영등포구청,20,1
20250510,충정로(경기대입구),영등포구청,21,1
20250510,충정로(경기대입구),영등포구청,22,1
20250510,충정로(경기대입구),왕십리(성동구청),5,1
20250510,충정로(경기대입구),왕십리(성동구청),7,1
20250510,충정로(경기대입구),왕십리(성동구청),8,1
20250510,충정로(경기대입구),왕십리(성동구청),9,3
20250510,충정로(경기대입구),왕십리(성동구청),10,4
20250510,충정로(경기대입구),왕십리(성동구청),11,1
20250510,충정로(경기대입구),왕십리(성동구청),12,8
20250510,충정로(경기대입구),왕십리(성동구청),13,6
20250510,충정로(경기대입구),왕십리(성동구청),14,6
20250510,충정로(경기대입구),왕십리(성동구청),15,2
20250510,충정로(경기대입구),왕십리(성동구청),16,4
20250510,충정로(경기대입구),왕십리(성동구청),17,8
20250510,충정로(경기대입구),왕십리(성동구청),18,2
20250510,충정로(경기대입구),왕십리(성동구청),19,2
20250510,충정로(경기대입구),왕십리(성동구청),20,3
20250510,충정로(경기대입구),왕십리(성동구청),21,3
20250510,충정로(경기대입구),왕십리(성동구청),22,1
20250510,충정로(경기대입구),을지로3가,5,2
20250510,충정로(경기대입구),을지로3가,6,3
20250510,충정로(경기대입구),을지로3가,7,3
20250510,충정로(경기대입구),을지로3가,8,3
20250510,충정로(경기대입구),을지로3가,9,3
20250510,충정로(경기대입구),을지로3가,10,3
20250510,충정로(경기대입구),을지로3가,11,4
20250510,충정로(경기대입구),을지로3가,12,9
20250510,충정로(경기대입구),을지로3가,13,13
20250510,충정로(경기대입구),을지로3가,14,10
20250510,충정로(경기대입구),을지로3가,15,15
20250510,충정로(경기대입구),을지로3가,16,8
20250510,충정로(경기대입구),을지로3가,17,15
20250510,충정로(경기대입구),을지로3가,18,10
20250510,충정로(경기대입구),을지로3가,19,12
20250510,충정로(경기대입구),을지로3가,20,1
20250510,충정로(경기대입구),을지로3가,23,1
20250510,충정로(경기대입구),을지로4가,5,2
20250510,충정로(경기대입구),을지로4가,6,7
20250510,충정로(경기대입구),을지로4가,7,7
20250510,충정로(경기대입구),을지로4가,8,3
20250510,충정로(경기대입구),을지로4가,9,6
20250510,충정로(경기대입구),을지로4가,10,7
20250510,충정로(경기대입구),을지로4가,11,10
20250510,충정로(경기대입구),을지로4가,12,9
20250510,충정로(경기대입구),을지로4가,13,6
20250510,충정로(경기대입구),을지로4가,14,10
20250510,충정로(경기대입구),을지로4가,15,7
20250510,충정로(경기대입구),을지로4가,16,4
20250510,충정로(경기대입구),을지로4가,17,3
20250510,충정로(경기대입구),을지로4가,18,7
20250510,충정로(경기대입구),을지로4가,20,2
20250510,충정로(경기대입구),을지로4가,21,2
20250510,충정로(경기대입구),을지로4가,22,3
20250510,충정로(경기대입구),을지로4가,23,1
20250510,충정로(경기대입구),을지로입구,5,2
20250510,충정로(경기대입구),을지로입구,6,5
20250510,충정로(경기대입구),을지로입구,7,6
20250510,충정로(경기대입구),을지로입구,8,16
20250510,충정로(경기대입구),을지로입구,9,24
20250510,충정로(경기대입구),을지로입구,10,28
20250510,충정로(경기대입구),을지로입구,11,24
20250510,충정로(경기대입구),을지로입구,12,25
20250510,충정로(경기대입구),을지로입구,13,32
20250510,충정로(경기대입구),을지로입구,14,28
20250510,충정로(경기대입구),을지로입구,15,48
20250510,충정로(경기대입구),을지로입구,16,17
20250510,충정로(경기대입구),을지로입구,17,26
20250510,충정로(경기대입구),을지로입구,18,26
20250510,충정로(경기대입구),을지로입구,19,7
20250510,충정로(경기대입구),을지로입구,20,2
20250510,충정로(경기대입구),을지로입구,21,5
20250510,충정로(경기대입구),을지로입구,22,3
20250510,충정로(경기대입구),을지로입구,23,1
20250510,충정로(경기대입구),이대,6,1
20250510,충정로(경기대입구),이대,7,1
20250510,충정로(경기대입구),이대,8,8
20250510,충정로(경기대입구),이대,9,5
20250510,충정로(경기대입구),이대,10,7
20250510,충정로(경기대입구),이대,11,5
20250510,충정로(경기대입구),이대,12,7
20250510,충정로(경기대입구),이대,13,9
20250510,충정로(경기대입구),이대,14,7
20250510,충정로(경기대입구),이대,15,7
20250510,충정로(경기대입구),이대,16,7
20250510,충정로(경기대입구),이대,17,5
20250510,충정로(경기대입구),이대,18,15
20250510,충정로(경기대입구),이대,19,2
20250510,충정로(경기대입구),이대,20,5
20250510,충정로(경기대입구),이대,22,3
20250510,충정로(경기대입구),잠실(송파구청),5,3
20250510,충정로(경기대입구),잠실(송파구청),6,2
20250510,충정로(경기대입구),잠실(송파구청),8,3
20250510,충정로(경기대입구),잠실(송파구청),9,11
20250510,충정로(경기대입구),잠실(송파구청),10,9
20250510,충정로(경기대입구),잠실(송파구청),11,7
20250510,충정로(경기대입구),잠실(송파구청),12,9
20250510,충정로(경기대입구),잠실(송파구청),13,15
20250510,충정로(경기대입구),잠실(송파구청),14,20
20250510,충정로(경기대입구),잠실(송파구청),15,15
20250510,충정로(경기대입구),잠실(송파구청),16,12
20250510,충정로(경기대입구),잠실(송파구청),17,11
20250510,충정로(경기대입구),잠실(송파구청),18,6
20250510,충정로(경기대입구),잠실(송파구청),19,2
20250510,충정로(경기대입구),잠실(송파구청),20,4
20250510,충정로(경기대입구),잠실(송파구청),21,3
20250510,충정로(경기대입구),잠실(송파구청),22,1
20250510,충정로(경기대입구),잠실나루,5,2
20250510,충정로(경기대입구),잠실나루,9,1
20250510,충정로(경기대입구),잠실나루,11,1
20250510,충정로(경기대입구),잠실나루,12,1
20250510,충정로(경기대입구),잠실나루,13,4
20250510,충정로(경기대입구),잠실나루,15,1
20250510,충정로(경기대입구),잠실나루,17,1
20250510,충정로(경기대입구),잠실나루,18,2
20250510,충정로(경기대입구),잠실나루,21,1
20250510,충정로(경기대입구),잠실새내,6,1
20250510,충정로(경기대입구),잠실새내,8,1
20250510,충정로(경기대입구),잠실새내,9,1
20250510,충정로(경기대입구),잠실새내,11,1
20250510,충정로(경기대입구),잠실새내,12,1
20250510,충정로(경기대입구),잠실새내,13,3
20250510,충정로(경기대입구),잠실새내,14,3
20250510,충정로(경기대입구),잠실새내,15,2
20250510,충정로(경기대입구),잠실새내,17,1
20250510,충정로(경기대입구),잠실새내,18,1
20250510,충정로(경기대입구),잠실새내,19,1
20250510,충정로(경기대입구),잠실새내,20,3
20250510,충정로(경기대입구),잠실새내,21,3
20250510,충정로(경기대입구),잠실새내,23,2
20250510,충정로(경기대입구),종합운동장,5,2
20250510,충정로(경기대입구),종합운동장,6,2
20250510,충정로(경기대입구),종합운동장,8,2
20250510,충정로(경기대입구),종합운동장,10,2
20250510,충정로(경기대입구),종합운동장,11,1
20250510,충정로(경기대입구),종합운동장,12,1
20250510,충정로(경기대입구),종합운동장,13,2
20250510,충정로(경기대입구),종합운동장,14,4
20250510,충정로(경기대입구),종합운동장,15,3
20250510,충정로(경기대입구),종합운동장,16,3
20250510,충정로(경기대입구),종합운동장,21,1
20250510,충정로(경기대입구),충정로(경기대입구),5,2
20250510,충정로(경기대입구),충정로(경기대입구),6,1
20250510,충정로(경기대입구),충정로(경기대입구),7,3
20250510,충정로(경기대입구),충정로(경기대입구),8,3
20250510,충정로(경기대입구),충정로(경기대입구),9,3
20250510,충정로(경기대입구),충정로(경기대입구),10,4
20250510,충정로(경기대입구),충정로(경기대입구),11,7
20250510,충정로(경기대입구),충정로(경기대입구),12,5
20250510,충정로(경기대입구),충정로(경기대입구),13,2
20250510,충정로(경기대입구),충정로(경기대입구),14,4
20250510,충정로(경기대입구),충정로(경기대입구),15,6
20250510,충정로(경기대입구),충정로(경기대입구),16,6
20250510,충정로(경기대입구),충정로(경기대입구),17,5
20250510,충정로(경기대입구),충정로(경기대입구),18,5
20250510,충정로(경기대입구),충정로(경기대입구),19,1
20250510,충정로(경기대입구),충정로(경기대입구),22,2
20250510,충정로(경기대입구),한양대,6,1
20250510,충정로(경기대입구),한양대,7,2
20250510,충정로(경기대입구),한양대,8,6
20250510,충정로(경기대입구),한양대,9,2
20250510,충정로(경기대입구),한양대,10,1
20250510,충정로(경기대입구),한양대,13,2
20250510,충정로(경기대입구),한양대,14,1
20250510,충정로(경기대입구),한양대,15,1
20250510,충정로(경기대입구),한양대,17,2
20250510,충정로(경기대입구),한양대,18,1
20250510,충정로(경기대입구),한양대,21,2
20250510,충정로(경기대입구),합정,6,5
20250510,충정로(경기대입구),합정,7,2
20250510,충정로(경기대입구),합정,8,4
20250510,충정로(경기대입구),합정,9,4
20250510,충정로(경기대입구),합정,10,5
20250510,충정로(경기대입구),합정,11,12
20250510,충정로(경기대입구),합정,12,9
20250510,충정로(경기대입구),합정,13,15
20250510,충정로(경기대입구),합정,14,7
20250510,충정로(경기대입구),합정,15,7
20250510,충정로(경기대입구),합정,16,15
20250510,충정로(경기대입구),합정,17,16
20250510,충정로(경기대입구),합정,18,18
20250510,충정로(경기대입구),합정,20,3
20250510,충정로(경기대입구),합정,21,3
20250510,충정로(경기대입구),합정,22,1
20250510,충정로(경기대입구),합정,23,2
20250510,충정로(경기대입구),홍대입구,5,6
20250510,충정로(경기대입구),홍대입구,6,7
20250510,충정로(경기대입구),홍대입구,7,3
20250510,충정로(경기대입구),홍대입구,9,20
20250510,충정로(경기대입구),홍대입구,10,24
20250510,충정로(경기대입구),홍대입구,11,7
20250510,충정로(경기대입구),홍대입구,12,47
20250510,충정로(경기대입구),홍대입구,13,30
20250510,충정로(경기대입구),홍대입구,14,30
20250510,충정로(경기대입구),홍대입구,15,24
20250510,충정로(경기대입구),홍대입구,16,23
20250510,충정로(경기대입구),홍대입구,17,29
20250510,충정로(경기대입구),홍대입구,18,24
20250510,충정로(경기대입구),홍대입구,19,8
20250510,충정로(경기대입구),홍대입구,20,5
20250510,충정로(경기대입구),홍대입구,21,9
20250510,충정로(경기대입구),홍대입구,22,6
20250510,충정로(경기대입구),홍대입구,23,5
20250510,한양대,강남,6,1
20250510,한양대,강남,7,1
20250510,한양대,강남,8,6
20250510,한양대,강남,9,4
20250510,한양대,강남,10,8
20250510,한양대,강남,11,8
20250510,한양대,강남,12,19
20250510,한양대,강남,13,5
20250510,한양대,강남,14,9
20250510,한양대,강남,15,15
20250510,한양대,강남,16,5
20250510,한양대,강남,17,30
20250510,한양대,강남,18,14
20250510,한양대,강남,19,3
20250510,한양대,강남,20,2
20250510,한양대,강남,21,1
20250510,한양대,강남,22,4
20250510,한양대,강남,23,1
20250510,한양대,강변(동서울터미널),6,1
20250510,한양대,강변(동서울터미널),7,5
20250510,한양대,강변(동서울터미널),8,6
20250510,한양대,강변(동서울터미널),9,5
20250510,한양대,강변(동서울터미널),10,10
20250510,한양대,강변(동서울터미널),11,10
20250510,한양대,강변(동서울터미널),12,11
20250510,한양대,강변(동서울터미널),13,14
20250510,한양대,강변(동서울터미널),14,8
20250510,한양대,강변(동서울터미널),15,14
20250510,한양대,강변(동서울터미널),16,16
20250510,한양대,강변(동서울터미널),17,11
20250510,한양대,강변(동서울터미널),18,12
20250510,한양대,강변(동서울터미널),19,9
20250510,한양대,강변(동서울터미널),20,4
20250510,한양대,강변(동서울터미널),21,1
20250510,한양대,강변(동서울터미널),22,8
20250510,한양대,강변(동서울터미널),23,1
20250510,한양대,건대입구,5,1
20250510,한양대,건대입구,6,1
20250510,한양대,건대입구,7,3
20250510,한양대,건대입구,8,2
20250510,한양대,건대입구,9,2
20250510,한양대,건대입구,10,6
20250510,한양대,건대입구,11,17
20250510,한양대,건대입구,12,25
20250510,한양대,건대입구,13,15
20250510,한양대,건대입구,14,20
20250510,한양대,건대입구,15,19
20250510,한양대,건대입구,16,21
20250510,한양대,건대입구,17,32
20250510,한양대,건대입구,18,30
20250510,한양대,건대입구,19,16
20250510,한양대,건대입구,20,19
20250510,한양대,건대입구,21,12
20250510,한양대,건대입구,22,20
20250510,한양대,건대입구,23,9
20250510,한양대,교대(법원.검찰청),7,1
20250510,한양대,교대(법원.검찰청),9,1
20250510,한양대,교대(법원.검찰청),10,1
20250510,한양대,교대(법원.검찰청),12,3
20250510,한양대,교대(법원.검찰청),13,3
20250510,한양대,교대(법원.검찰청),14,3
20250510,한양대,교대(법원.검찰청),15,2
20250510,한양대,교대(법원.검찰청),16,2
20250510,한양대,교대(법원.검찰청),17,4
20250510,한양대,교대(법원.검찰청),18,1
20250510,한양대,교대(법원.검찰청),19,2
20250510,한양대,교대(법원.검찰청),20,1
20250510,한양대,교대(법원.검찰청),21,2
20250510,한양대,구로디지털단지,6,1
20250510,한양대,구로디지털단지,7,1
20250510,한양대,구로디지털단지,10,2
20250510,한양대,구로디지털단지,11,2
20250510,한양대,구로디지털단지,12,1
20250510,한양대,구로디지털단지,13,5
20250510,한양대,구로디지털단지,14,3
20250510,한양대,구로디지털단지,15,8
20250510,한양대,구로디지털단지,16,9
20250510,한양대,구로디지털단지,17,3
20250510,한양대,구로디지털단지,18,5
20250510,한양대,구로디지털단지,19,1
20250510,한양대,구로디지털단지,20,1
20250510,한양대,구로디지털단지,21,7
20250510,한양대,구로디지털단지,22,1
20250510,한양대,구의(광진구청),6,1
20250510,한양대,구의(광진구청),7,2
20250510,한양대,구의(광진구청),8,1
20250510,한양대,구의(광진구청),9,1
20250510,한양대,구의(광진구청),10,6
20250510,한양대,구의(광진구청),11,5
20250510,한양대,구의(광진구청),12,5
20250510,한양대,구의(광진구청),13,7
20250510,한양대,구의(광진구청),14,4
20250510,한양대,구의(광진구청),15,8
20250510,한양대,구의(광진구청),16,9
20250510,한양대,구의(광진구청),17,7
20250510,한양대,구의(광진구청),18,2
20250510,한양대,구의(광진구청),19,8
20250510,한양대,구의(광진구청),20,4
20250510,한양대,구의(광진구청),21,5
20250510,한양대,구의(광진구청),22,3
20250510,한양대,구의(광진구청),23,8
20250510,한양대,낙성대,10,1
20250510,한양대,낙성대,13,4
20250510,한양대,낙성대,15,1
20250510,한양대,낙성대,16,2
20250510,한양대,낙성대,17,2
20250510,한양대,낙성대,18,3
20250510,한양대,낙성대,21,1
20250510,한양대,낙성대,22,2
20250510,한양대,낙성대,23,1
20250510,한양대,당산,8,3
20250510,한양대,당산,9,3
20250510,한양대,당산,10,4
20250510,한양대,당산,11,3
20250510,한양대,당산,12,2
20250510,한양대,당산,13,2
20250510,한양대,당산,14,4
20250510,한양대,당산,15,6
20250510,한양대,당산,16,9
20250510,한양대,당산,17,1
20250510,한양대,당산,18,4
20250510,한양대,당산,20,1
20250510,한양대,당산,22,2
20250510,한양대,당산,23,2
20250510,한양대,대림(구로구청),7,1
20250510,한양대,대림(구로구청),10,2
20250510,한양대,대림(구로구청),12,1
20250510,한양대,대림(구로구청),13,2
20250510,한양대,대림(구로구청),15,3
20250510,한양대,대림(구로구청),16,4
20250510,한양대,대림(구로구청),19,2
20250510,한양대,대림(구로구청),20,1
20250510,한양대,대림(구로구청),22,1
20250510,한양대,동대문역사문화공원,7,1
20250510,한양대,동대문역사문화공원,8,3
20250510,한양대,동대문역사문화공원,10,4
20250510,한양대,동대문역사문화공원,11,3
20250510,한양대,동대문역사문화공원,12,5
20250510,한양대,동대문역사문화공원,13,9
20250510,한양대,동대문역사문화공원,14,4
20250510,한양대,동대문역사문화공원,15,7
20250510,한양대,동대문역사문화공원,16,7
20250510,한양대,동대문역사문화공원,17,16
20250510,한양대,동대문역사문화공원,18,3
20250510,한양대,동대문역사문화공원,19,7
20250510,한양대,뚝섬,5,1
20250510,한양대,뚝섬,7,1
20250510,한양대,뚝섬,8,3
20250510,한양대,뚝섬,9,5
20250510,한양대,뚝섬,10,5
20250510,한양대,뚝섬,11,13
20250510,한양대,뚝섬,12,10
20250510,한양대,뚝섬,13,18
20250510,한양대,뚝섬,14,13
20250510,한양대,뚝섬,15,13
20250510,한양대,뚝섬,16,19
20250510,한양대,뚝섬,17,10
20250510,한양대,뚝섬,18,14
20250510,한양대,뚝섬,19,8
20250510,한양대,뚝섬,20,3
20250510,한양대,뚝섬,21,4
20250510,한양대,뚝섬,22,1
20250510,한양대,뚝섬,23,1
20250510,한양대,문래,6,1
20250510,한양대,문래,9,2
20250510,한양대,문래,10,1
20250510,한양대,문래,11,1
20250510,한양대,문래,12,1
20250510,한양대,문래,13,1
20250510,한양대,문래,14,1
20250510,한양대,문래,15,3
20250510,한양대,문래,16,4
20250510,한양대,문래,19,2
20250510,한양대,문래,20,3
20250510,한양대,문래,21,1
20250510,한양대,방배,10,1
20250510,한양대,방배,11,1
20250510,한양대,방배,12,2
20250510,한양대,방배,13,1
20250510,한양대,방배,14,2
20250510,한양대,방배,15,1
20250510,한양대,방배,16,2
20250510,한양대,방배,17,3
20250510,한양대,방배,19,2
20250510,한양대,방배,21,1
20250510,한양대,방배,22,1
20250510,한양대,봉천,11,1
20250510,한양대,봉천,12,4
20250510,한양대,봉천,13,1
20250510,한양대,봉천,14,2
20250510,한양대,봉천,15,2
20250510,한양대,봉천,16,4
20250510,한양대,봉천,17,1
20250510,한양대,봉천,20,1
20250510,한양대,봉천,21,1
20250510,한양대,봉천,22,2
20250510,한양대,사당,5,1
20250510,한양대,사당,10,1
20250510,한양대,사당,11,4
20250510,한양대,사당,12,3
20250510,한양대,사당,13,4
20250510,한양대,사당,14,1
20250510,한양대,사당,15,6
20250510,한양대,사당,16,9
20250510,한양대,사당,17,6
20250510,한양대,사당,18,9
20250510,한양대,사당,19,2
20250510,한양대,사당,20,2
20250510,한양대,사당,21,2
20250510,한양대,사당,22,2
20250510,한양대,사당,23,3
20250510,한양대,삼성(무역센터),7,1
20250510,한양대,삼성(무역센터),8,3
20250510,한양대,삼성(무역센터),9,1
20250510,한양대,삼성(무역센터),10,7
20250510,한양대,삼성(무역센터),11,7
20250510,한양대,삼성(무역센터),12,10
20250510,한양대,삼성(무역센터),13,8
20250510,한양대,삼성(무역센터),14,3
20250510,한양대,삼성(무역센터),15,3
20250510,한양대,삼성(무역센터),16,6
20250510,한양대,삼성(무역센터),17,6
20250510,한양대,삼성(무역센터),18,4
20250510,한양대,삼성(무역센터),20,6
20250510,한양대,삼성(무역센터),21,1
20250510,한양대,삼성(무역센터),22,3
20250510,한양대,삼성(무역센터),23,6
20250510,한양대,상왕십리,5,1
20250510,한양대,상왕십리,7,1
20250510,한양대,상왕십리,8,1
20250510,한양대,상왕십리,9,3
20250510,한양대,상왕십리,10,1
20250510,한양대,상왕십리,11,3
20250510,한양대,상왕십리,12,3
20250510,한양대,상왕십리,13,5
20250510,한양대,상왕십리,14,6
20250510,한양대,상왕십리,15,6
20250510,한양대,상왕십리,16,9
20250510,한양대,상왕십리,17,17
20250510,한양대,상왕십리,18,8
20250510,한양대,상왕십리,19,10
20250510,한양대,상왕십리,20,3
20250510,한양대,상왕십리,21,2
20250510,한양대,상왕십리,22,4
20250510,한양대,상왕십리,23,6
20250510,한양대,서울대입구(관악구청),10,1
20250510,한양대,서울대입구(관악구청),11,1
20250510,한양대,서울대입구(관악구청),12,2
20250510,한양대,서울대입구(관악구청),13,1
20250510,한양대,서울대입구(관악구청),14,1
20250510,한양대,서울대입구(관악구청),15,5
20250510,한양대,서울대입구(관악구청),16,5
20250510,한양대,서울대입구(관악구청),17,7
20250510,한양대,서울대입구(관악구청),18,2
20250510,한양대,서울대입구(관악구청),20,4
20250510,한양대,서울대입구(관악구청),21,4
20250510,한양대,서울대입구(관악구청),22,4
20250510,한양대,서초,11,1
20250510,한양대,서초,12,1
20250510,한양대,서초,14,2
20250510,한양대,서초,16,3
20250510,한양대,서초,17,1
20250510,한양대,서초,18,3
20250510,한양대,서초,21,1
20250510,한양대,서초,22,1
20250510,한양대,서초,23,1
20250510,한양대,선릉,8,2
20250510,한양대,선릉,10,1
20250510,한양대,선릉,11,1
20250510,한양대,선릉,12,2
20250510,한양대,선릉,14,2
20250510,한양대,선릉,15,3
20250510,한양대,선릉,16,3
20250510,한양대,선릉,17,1
20250510,한양대,선릉,18,1
20250510,한양대,선릉,19,1
20250510,한양대,선릉,21,4
20250510,한양대,성수,5,1
20250510,한양대,성수,6,1
20250510,한양대,성수,7,2
20250510,한양대,성수,8,7
20250510,한양대,성수,9,4
20250510,한양대,성수,10,13
20250510,한양대,성수,11,12
20250510,한양대,성수,12,12
20250510,한양대,성수,13,11
20250510,한양대,성수,14,21
20250510,한양대,성수,15,21
20250510,한양대,성수,16,19
20250510,한양대,성수,17,30
20250510,한양대,성수,18,6
20250510,한양대,성수,19,13
20250510,한양대,성수,20,6
20250510,한양대,성수,21,1
20250510,한양대,성수,22,3
20250510,한양대,성수,23,6
20250510,한양대,시청,7,1
20250510,한양대,시청,8,1
20250510,한양대,시청,9,4
20250510,한양대,시청,11,1
20250510,한양대,시청,12,5
20250510,한양대,시청,13,5
20250510,한양대,시청,14,2
20250510,한양대,시청,15,3
20250510,한양대,시청,16,4
20250510,한양대,시청,17,7
20250510,한양대,시청,20,1
20250510,한양대,시청,22,1
20250510,한양대,신당,5,1
20250510,한양대,신당,6,1
20250510,한양대,신당,8,1
20250510,한양대,신당,9,1
20250510,한양대,신당,10,1
20250510,한양대,신당,11,1
20250510,한양대,신당,12,2
20250510,한양대,신당,13,1
20250510,한양대,신당,14,5
20250510,한양대,신당,15,10
20250510,한양대,신당,16,4
20250510,한양대,신당,17,8
20250510,한양대,신당,18,7
20250510,한양대,신당,20,5
20250510,한양대,신당,21,3
20250510,한양대,신당,22,2
20250510,한양대,신당,23,2
20250510,한양대,신대방,11,1
20250510,한양대,신대방,12,1
20250510,한양대,신대방,14,2
20250510,한양대,신대방,15,2
20250510,한양대,신대방,16,1
20250510,한양대,신대방,18,1
20250510,한양대,신대방,19,1
20250510,한양대,신대방,21,1
20250510,한양대,신도림,5,1
20250510,한양대,신도림,7,5
20250510,한양대,신도림,8,2
20250510,한양대,신도림,9,3
20250510,한양대,신도림,10,2
20250510,한양대,신도림,11,5
20250510,한양대,신도림,12,4
20250510,한양대,신도림,13,7
20250510,한양대,신도림,14,5
20250510,한양대,신도림,15,6
20250510,한양대,신도림,16,5
20250510,한양대,신도림,17,9
20250510,한양대,신도림,19,3
20250510,한양대,신도림,20,2
20250510,한양대,신도림,22,3
20250510,한양대,신도림,23,2
20250510,한양대,신림,10,2
20250510,한양대,신림,11,2
20250510,한양대,신림,12,5
20250510,한양대,신림,13,6
20250510,한양대,신림,14,4
20250510,한양대,신림,15,5
20250510,한양대,신림,16,3
20250510,한양대,신림,17,3
20250510,한양대,신림,19,2
20250510,한양대,신림,21,2
20250510,한양대,신림,23,1
20250510,한양대,신촌,7,3
20250510,한양대,신촌,8,3
20250510,한양대,신촌,9,5
20250510,한양대,신촌,10,8
20250510,한양대,신촌,11,6
20250510,한양대,신촌,12,15
20250510,한양대,신촌,13,5
20250510,한양대,신촌,14,15
20250510,한양대,신촌,15,11
20250510,한양대,신촌,16,13
20250510,한양대,신촌,17,12
20250510,한양대,신촌,18,11
20250510,한양대,신촌,19,9
20250510,한양대,신촌,20,8
20250510,한양대,신촌,22,6
20250510,한양대,아현,7,1
20250510,한양대,아현,8,2
20250510,한양대,아현,9,2
20250510,한양대,아현,10,1
20250510,한양대,아현,13,9
20250510,한양대,아현,15,1
20250510,한양대,아현,16,1
20250510,한양대,아현,18,1
20250510,한양대,아현,21,1
20250510,한양대,아현,22,3
20250510,한양대,역삼,8,3
20250510,한양대,역삼,9,2
20250510,한양대,역삼,10,5
20250510,한양대,역삼,11,1
20250510,한양대,역삼,12,4
20250510,한양대,역삼,13,3
20250510,한양대,역삼,14,2
20250510,한양대,역삼,15,1
20250510,한양대,역삼,17,5
20250510,한양대,역삼,18,5
20250510,한양대,역삼,21,1
20250510,한양대,역삼,22,1
20250510,한양대,영등포구청,5,2
20250510,한양대,영등포구청,9,3
20250510,한양대,영등포구청,12,1
20250510,한양대,영등포구청,15,2
20250510,한양대,영등포구청,16,3
20250510,한양대,영등포구청,17,3
20250510,한양대,영등포구청,20,1
20250510,한양대,왕십리(성동구청),5,1
20250510,한양대,왕십리(성동구청),6,1
20250510,한양대,왕십리(성동구청),8,2
20250510,한양대,왕십리(성동구청),9,3
20250510,한양대,왕십리(성동구청),10,4
20250510,한양대,왕십리(성동구청),11,7
20250510,한양대,왕십리(성동구청),12,8
20250510,한양대,왕십리(성동구청),13,10
20250510,한양대,왕십리(성동구청),14,8
20250510,한양대,왕십리(성동구청),15,16
20250510,한양대,왕십리(성동구청),16,12
20250510,한양대,왕십리(성동구청),17,19
20250510,한양대,왕십리(성동구청),18,6
20250510,한양대,왕십리(성동구청),19,7
20250510,한양대,왕십리(성동구청),20,6
20250510,한양대,왕십리(성동구청),21,7
20250510,한양대,왕십리(성동구청),22,6
20250510,한양대,용두(동대문구청),9,1
20250510,한양대,용두(동대문구청),15,1
20250510,한양대,을지로3가,5,1
20250510,한양대,을지로3가,6,1
20250510,한양대,을지로3가,7,2
20250510,한양대,을지로3가,8,1
20250510,한양대,을지로3가,9,4
20250510,한양대,을지로3가,10,3
20250510,한양대,을지로3가,11,5
20250510,한양대,을지로3가,12,8
20250510,한양대,을지로3가,13,8
20250510,한양대,을지로3가,14,2
20250510,한양대,을지로3가,15,7
20250510,한양대,을지로3가,16,4
20250510,한양대,을지로3가,17,12
20250510,한양대,을지로3가,18,5
20250510,한양대,을지로3가,19,3
20250510,한양대,을지로3가,20,2
20250510,한양대,을지로3가,21,15
20250510,한양대,을지로3가,22,2
20250510,한양대,을지로3가,23,2
20250510,한양대,을지로4가,6,1
20250510,한양대,을지로4가,7,3
20250510,한양대,을지로4가,8,3
20250510,한양대,을지로4가,9,3
20250510,한양대,을지로4가,10,1
20250510,한양대,을지로4가,11,3
20250510,한양대,을지로4가,12,3
20250510,한양대,을지로4가,13,5
20250510,한양대,을지로4가,14,6
20250510,한양대,을지로4가,15,7
20250510,한양대,을지로4가,16,4
20250510,한양대,을지로4가,17,5
20250510,한양대,을지로4가,18,2
20250510,한양대,을지로4가,19,1
20250510,한양대,을지로4가,20,3
20250510,한양대,을지로4가,22,1
20250510,한양대,을지로입구,6,5
20250510,한양대,을지로입구,7,3
20250510,한양대,을지로입구,8,6
20250510,한양대,을지로입구,9,5
20250510,한양대,을지로입구,10,6
20250510,한양대,을지로입구,11,6
20250510,한양대,을지로입구,12,13
20250510,한양대,을지로입구,13,7
20250510,한양대,을지로입구,14,8
20250510,한양대,을지로입구,15,14
20250510,한양대,을지로입구,16,9
20250510,한양대,을지로입구,17,20
20250510,한양대,을지로입구,18,12
20250510,한양대,을지로입구,19,7
20250510,한양대,을지로입구,20,4
20250510,한양대,을지로입구,21,1
20250510,한양대,을지로입구,22,2
20250510,한양대,을지로입구,23,3
20250510,한양대,이대,7,1
20250510,한양대,이대,8,1
20250510,한양대,이대,11,3
20250510,한양대,이대,12,3
20250510,한양대,이대,13,6
20250510,한양대,이대,14,3
20250510,한양대,이대,15,2
20250510,한양대,이대,16,2
20250510,한양대,이대,17,3
20250510,한양대,이대,18,1
20250510,한양대,이대,19,3
20250510,한양대,이대,20,1
20250510,한양대,이대,21,2
20250510,한양대,이대,22,2
20250510,한양대,이대,23,3
20250510,한양대,잠실(송파구청),6,3
20250510,한양대,잠실(송파구청),7,1
20250510,한양대,잠실(송파구청),8,4
20250510,한양대,잠실(송파구청),9,5
20250510,한양대,잠실(송파구청),10,7
20250510,한양대,잠실(송파구청),11,17
20250510,한양대,잠실(송파구청),12,22
20250510,한양대,잠실(송파구청),13,29
20250510,한양대,잠실(송파구청),14,29
20250510,한양대,잠실(송파구청),15,30
20250510,한양대,잠실(송파구청),16,18
20250510,한양대,잠실(송파구청),17,18
20250510,한양대,잠실(송파구청),18,30
20250510,한양대,잠실(송파구청),19,18
20250510,한양대,잠실(송파구청),20,7
20250510,한양대,잠실(송파구청),21,4
20250510,한양대,잠실(송파구청),22,11
20250510,한양대,잠실(송파구청),23,2
20250510,한양대,잠실나루,6,1
20250510,한양대,잠실나루,8,1
20250510,한양대,잠실나루,9,1
20250510,한양대,잠실나루,10,1
20250510,한양대,잠실나루,12,4
20250510,한양대,잠실나루,13,3
20250510,한양대,잠실나루,14,4
20250510,한양대,잠실나루,15,2
20250510,한양대,잠실나루,16,1
20250510,한양대,잠실나루,18,3
20250510,한양대,잠실나루,19,3
20250510,한양대,잠실나루,20,1
20250510,한양대,잠실나루,21,4
20250510,한양대,잠실나루,22,3
20250510,한양대,잠실나루,23,3
20250510,한양대,잠실새내,6,1
20250510,한양대,잠실새내,7,2
20250510,한양대,잠실새내,8,1
20250510,한양대,잠실새내,9,2
20250510,한양대,잠실새내,10,5
20250510,한양대,잠실새내,11,2
20250510,한양대,잠실새내,12,5
20250510,한양대,잠실새내,13,4
20250510,한양대,잠실새내,14,6
20250510,한양대,잠실새내,15,10
20250510,한양대,잠실새내,16,3
20250510,한양대,잠실새내,17,7
20250510,한양대,잠실새내,18,7
20250510,한양대,잠실새내,19,2
20250510,한양대,잠실새내,20,3
20250510,한양대,잠실새내,21,4
20250510,한양대,잠실새내,22,2
20250510,한양대,종합운동장,5,1
20250510,한양대,종합운동장,9,1
20250510,한양대,종합운동장,10,1
20250510,한양대,종합운동장,12,2
20250510,한양대,종합운동장,13,3
20250510,한양대,종합운동장,14,4
20250510,한양대,종합운동장,15,6
20250510,한양대,종합운동장,16,15
20250510,한양대,종합운동장,18,3
20250510,한양대,종합운동장,19,3
20250510,한양대,종합운동장,22,2
20250510,한양대,충정로(경기대입구),9,2
20250510,한양대,충정로(경기대입구),11,4
20250510,한양대,충정로(경기대입구),12,2
20250510,한양대,충정로(경기대입구),13,3
20250510,한양대,충정로(경기대입구),14,3
20250510,한양대,충정로(경기대입구),15,2
20250510,한양대,충정로(경기대입구),16,1
20250510,한양대,충정로(경기대입구),17,2
20250510,한양대,충정로(경기대입구),18,2
20250510,한양대,충정로(경기대입구),21,1
20250510,한양대,충정로(경기대입구),22,2
20250510,한양대,한양대,0,1
20250510,한양대,한양대,5,1
20250510,한양대,한양대,7,1
20250510,한양대,한양대,8,1
20250510,한양대,한양대,9,3
20250510,한양대,한양대,10,5
20250510,한양대,한양대,11,3
20250510,한양대,한양대,12,10
20250510,한양대,한양대,13,6
20250510,한양대,한양대,14,3
20250510,한양대,한양대,15,7
20250510,한양대,한양대,16,7
20250510,한양대,한양대,17,12
20250510,한양대,한양대,18,8
20250510,한양대,한양대,19,4
20250510,한양대,한양대,20,4
20250510,한양대,한양대,21,13
20250510,한양대,한양대,22,5
20250510,한양대,한양대,23,4
20250510,한양대,합정,8,2
20250510,한양대,합정,9,2
20250510,한양대,합정,10,4
20250510,한양대,합정,11,2
20250510,한양대,합정,12,6
20250510,한양대,합정,13,11
20250510,한양대,합정,14,1
20250510,한양대,합정,15,6
20250510,한양대,합정,16,7
20250510,한양대,합정,17,6
20250510,한양대,합정,18,5
20250510,한양대,합정,19,1
20250510,한양대,합정,20,3
20250510,한양대,합정,21,6
20250510,한양대,합정,23,3
20250510,한양대,홍대입구,5,2
20250510,한양대,홍대입구,6,1
20250510,한양대,홍대입구,7,3
20250510,한양대,홍대입구,9,4
20250510,한양대,홍대입구,10,13
20250510,한양대,홍대입구,11,15
20250510,한양대,홍대입구,12,20
20250510,한양대,홍대입구,13,29
20250510,한양대,홍대입구,14,12
20250510,한양대,홍대입구,15,25
20250510,한양대,홍대입구,16,22
20250510,한양대,홍대입구,17,21
20250510,한양대,홍대입구,18,24
20250510,한양대,홍대입구,19,13
20250510,한양대,홍대입구,20,3
20250510,한양대,홍대입구,21,11
20250510,한양대,홍대입구,22,7
20250510,한양대,홍대입구,23,5
20250510,합정,강남,4,1
20250510,합정,강남,5,11
20250510,합정,강남,6,5
20250510,합정,강남,7,9
20250510,합정,강남,8,20
20250510,합정,강남,9,19
20250510,합정,강남,10,12
20250510,합정,강남,11,20
20250510,합정,강남,12,29
20250510,합정,강남,13,32
20250510,합정,강남,14,27
20250510,합정,강남,15,32
20250510,합정,강남,16,20
20250510,합정,강남,17,41
20250510,합정,강남,18,23
20250510,합정,강남,19,13
20250510,합정,강남,20,16
20250510,합정,강남,21,37
20250510,합정,강남,22,22
20250510,합정,강남,23,10
20250510,합정,강변(동서울터미널),5,4
20250510,합정,강변(동서울터미널),6,10
20250510,합정,강변(동서울터미널),7,6
20250510,합정,강변(동서울터미널),8,8
20250510,합정,강변(동서울터미널),9,5
20250510,합정,강변(동서울터미널),10,4
20250510,합정,강변(동서울터미널),11,4
20250510,합정,강변(동서울터미널),12,9
20250510,합정,강변(동서울터미널),13,8
20250510,합정,강변(동서울터미널),14,4
20250510,합정,강변(동서울터미널),15,7
20250510,합정,강변(동서울터미널),16,13
20250510,합정,강변(동서울터미널),17,13
20250510,합정,강변(동서울터미널),18,8
20250510,합정,강변(동서울터미널),19,18
20250510,합정,강변(동서울터미널),20,10
20250510,합정,강변(동서울터미널),21,10
20250510,합정,강변(동서울터미널),22,11
20250510,합정,건대입구,5,5
20250510,합정,건대입구,7,3
20250510,합정,건대입구,8,3
20250510,합정,건대입구,9,7
20250510,합정,건대입구,10,16
20250510,합정,건대입구,11,11
20250510,합정,건대입구,12,16
20250510,합정,건대입구,13,35
20250510,합정,건대입구,14,14
20250510,합정,건대입구,15,16
20250510,합정,건대입구,16,24
20250510,합정,건대입구,17,25
20250510,합정,건대입구,18,20
20250510,합정,건대입구,19,17
20250510,합정,건대입구,20,20
20250510,합정,건대입구,21,41
20250510,합정,건대입구,22,23
20250510,합정,건대입구,23,3
20250510,합정,교대(법원.검찰청),5,4
20250510,합정,교대(법원.검찰청),6,3
20250510,합정,교대(법원.검찰청),7,1
20250510,합정,교대(법원.검찰청),8,2
20250510,합정,교대(법원.검찰청),9,6
20250510,합정,교대(법원.검찰청),10,5
20250510,합정,교대(법원.검찰청),11,5
20250510,합정,교대(법원.검찰청),12,1
20250510,합정,교대(법원.검찰청),13,3
20250510,합정,교대(법원.검찰청),14,5
20250510,합정,교대(법원.검찰청),15,8
20250510,합정,교대(법원.검찰청),16,10
20250510,합정,교대(법원.검찰청),17,9
20250510,합정,교대(법원.검찰청),18,7
20250510,합정,교대(법원.검찰청),19,7
20250510,합정,교대(법원.검찰청),20,7
20250510,합정,교대(법원.검찰청),21,3
20250510,합정,교대(법원.검찰청),22,3
20250510,합정,교대(법원.검찰청),23,1
20250510,합정,구로디지털단지,5,13
20250510,합정,구로디지털단지,6,16
20250510,합정,구로디지털단지,7,14
20250510,합정,구로디지털단지,8,22
20250510,합정,구로디지털단지,9,20
20250510,합정,구로디지털단지,10,14
20250510,합정,구로디지털단지,11,26
20250510,합정,구로디지털단지,12,23
20250510,합정,구로디지털단지,13,36
20250510,합정,구로디지털단지,14,47
20250510,합정,구로디지털단지,15,62
20250510,합정,구로디지털단지,16,62
20250510,합정,구로디지털단지,17,79
20250510,합정,구로디지털단지,18,72
20250510,합정,구로디지털단지,19,81
20250510,합정,구로디지털단지,20,94
20250510,합정,구로디지털단지,21,124
20250510,합정,구로디지털단지,22,121
20250510,합정,구로디지털단지,23,70
20250510,합정,구의(광진구청),5,1
20250510,합정,구의(광진구청),6,4
20250510,합정,구의(광진구청),7,6
20250510,합정,구의(광진구청),8,3
20250510,합정,구의(광진구청),9,6
20250510,합정,구의(광진구청),10,1
20250510,합정,구의(광진구청),11,2
20250510,합정,구의(광진구청),12,6
20250510,합정,구의(광진구청),13,7
20250510,합정,구의(광진구청),14,7
20250510,합정,구의(광진구청),15,5
20250510,합정,구의(광진구청),16,13
20250510,합정,구의(광진구청),17,7
20250510,합정,구의(광진구청),18,8
20250510,합정,구의(광진구청),19,12
20250510,합정,구의(광진구청),20,7
20250510,합정,구의(광진구청),21,8
20250510,합정,구의(광진구청),22,14
20250510,합정,구의(광진구청),23,5
20250510,합정,낙성대,5,3
20250510,합정,낙성대,6,1
20250510,합정,낙성대,7,4
20250510,합정,낙성대,8,8
20250510,합정,낙성대,9,8
20250510,합정,낙성대,10,5
20250510,합정,낙성대,11,6
20250510,합정,낙성대,12,11
20250510,합정,낙성대,13,6
20250510,합정,낙성대,14,13
20250510,합정,낙성대,15,33
20250510,합정,낙성대,16,9
20250510,합정,낙성대,17,20
20250510,합정,낙성대,18,18
20250510,합정,낙성대,19,23
20250510,합정,낙성대,20,27
20250510,합정,낙성대,21,27
20250510,합정,낙성대,22,30
20250510,합정,낙성대,23,7
20250510,합정,당산,5,6
20250510,합정,당산,6,6
20250510,합정,당산,7,2
20250510,합정,당산,8,8
20250510,합정,당산,9,10
20250510,합정,당산,10,14
20250510,합정,당산,11,15
20250510,합정,당산,12,22
20250510,합정,당산,13,26
20250510,합정,당산,14,28
20250510,합정,당산,15,18
20250510,합정,당산,16,39
20250510,합정,당산,17,41
20250510,합정,당산,18,44
20250510,합정,당산,19,51
20250510,합정,당산,20,50
20250510,합정,당산,21,55
20250510,합정,당산,22,43
20250510,합정,당산,23,40
20250510,합정,대림(구로구청),5,2
20250510,합정,대림(구로구청),6,2
20250510,합정,대림(구로구청),7,8
20250510,합정,대림(구로구청),8,10
20250510,합정,대림(구로구청),9,7
20250510,합정,대림(구로구청),10,5
20250510,합정,대림(구로구청),11,19
20250510,합정,대림(구로구청),12,8
20250510,합정,대림(구로구청),13,18
20250510,합정,대림(구로구청),14,13
20250510,합정,대림(구로구청),15,6
20250510,합정,대림(구로구청),16,16
20250510,합정,대림(구로구청),17,14
20250510,합정,대림(구로구청),18,24
20250510,합정,대림(구로구청),19,13
20250510,합정,대림(구로구청),20,48
20250510,합정,대림(구로구청),21,52
20250510,합정,대림(구로구청),22,38
20250510,합정,대림(구로구청),23,26
20250510,합정,동대문역사문화공원,5,1
20250510,합정,동대문역사문화공원,6,2
20250510,합정,동대문역사문화공원,7,7
20250510,합정,동대문역사문화공원,8,4
20250510,합정,동대문역사문화공원,9,5
20250510,합정,동대문역사문화공원,10,15
20250510,합정,동대문역사문화공원,11,11
20250510,합정,동대문역사문화공원,12,11
20250510,합정,동대문역사문화공원,13,14
20250510,합정,동대문역사문화공원,14,19
20250510,합정,동대문역사문화공원,15,12
20250510,합정,동대문역사문화공원,16,21
20250510,합정,동대문역사문화공원,17,17
20250510,합정,동대문역사문화공원,18,23
20250510,합정,동대문역사문화공원,19,12
20250510,합정,동대문역사문화공원,20,16
20250510,합정,동대문역사문화공원,21,7
20250510,합정,동대문역사문화공원,22,5
20250510,합정,동대문역사문화공원,23,13
20250510,합정,뚝섬,5,4
20250510,합정,뚝섬,6,4
20250510,합정,뚝섬,7,4
20250510,합정,뚝섬,8,6
20250510,합정,뚝섬,9,10
20250510,합정,뚝섬,10,8
20250510,합정,뚝섬,11,7
20250510,합정,뚝섬,12,15
20250510,합정,뚝섬,13,15
20250510,합정,뚝섬,14,17
20250510,합정,뚝섬,15,14
20250510,합정,뚝섬,16,10
20250510,합정,뚝섬,17,14
20250510,합정,뚝섬,18,15
20250510,합정,뚝섬,19,6
20250510,합정,뚝섬,20,4
20250510,합정,뚝섬,21,3
20250510,합정,뚝섬,22,5
20250510,합정,뚝섬,23,3
20250510,합정,문래,5,3
20250510,합정,문래,6,7
20250510,합정,문래,7,4
20250510,합정,문래,8,11
20250510,합정,문래,9,16
20250510,합정,문래,10,12
20250510,합정,문래,11,26
20250510,합정,문래,12,8
20250510,합정,문래,13,23
20250510,합정,문래,14,26
20250510,합정,문래,15,25
20250510,합정,문래,16,31
20250510,합정,문래,17,41
20250510,합정,문래,18,30
20250510,합정,문래,19,23
20250510,합정,문래,20,26
20250510,합정,문래,21,21
20250510,합정,문래,22,25
20250510,합정,문래,23,30
20250510,합정,방배,5,1
20250510,합정,방배,6,2
20250510,합정,방배,7,2
20250510,합정,방배,8,4
20250510,합정,방배,9,6
20250510,합정,방배,10,2
20250510,합정,방배,11,3
20250510,합정,방배,12,6
20250510,합정,방배,13,13
20250510,합정,방배,14,5
20250510,합정,방배,15,1
20250510,합정,방배,16,4
20250510,합정,방배,17,7
20250510,합정,방배,18,6
20250510,합정,방배,20,11
20250510,합정,방배,21,2
20250510,합정,방배,22,3
20250510,합정,방배,23,2
20250510,합정,봉천,5,2
20250510,합정,봉천,6,3
20250510,합정,봉천,7,2
20250510,합정,봉천,8,3
20250510,합정,봉천,9,2
20250510,합정,봉천,10,6
20250510,합정,봉천,11,4
20250510,합정,봉천,12,3
20250510,합정,봉천,13,5
20250510,합정,봉천,14,12
20250510,합정,봉천,15,12
20250510,합정,봉천,16,10
20250510,합정,봉천,17,20
20250510,합정,봉천,18,16
20250510,합정,봉천,19,24
20250510,합정,봉천,20,25
20250510,합정,봉천,21,37
20250510,합정,봉천,22,29
20250510,합정,봉천,23,17
20250510,합정,사당,5,16
20250510,합정,사당,6,8
20250510,합정,사당,7,6
20250510,합정,사당,8,8
20250510,합정,사당,9,5
20250510,합정,사당,10,8
20250510,합정,사당,11,12
20250510,합정,사당,12,12
20250510,합정,사당,13,21
20250510,합정,사당,14,22
20250510,합정,사당,15,21
20250510,합정,사당,16,30
20250510,합정,사당,17,19
20250510,합정,사당,18,30
20250510,합정,사당,19,33
20250510,합정,사당,20,35
20250510,합정,사당,21,46
20250510,합정,사당,22,48
20250510,합정,사당,23,11
20250510,합정,삼성(무역센터),5,1
20250510,합정,삼성(무역센터),6,2
20250510,합정,삼성(무역센터),7,5
20250510,합정,삼성(무역센터),8,13
20250510,합정,삼성(무역센터),9,14
20250510,합정,삼성(무역센터),10,12
20250510,합정,삼성(무역센터),11,6
20250510,합정,삼성(무역센터),12,12
20250510,합정,삼성(무역센터),13,5
20250510,합정,삼성(무역센터),14,12
20250510,합정,삼성(무역센터),15,9
20250510,합정,삼성(무역센터),16,13
20250510,합정,삼성(무역센터),17,7
20250510,합정,삼성(무역센터),18,10
20250510,합정,삼성(무역센터),19,1
20250510,합정,삼성(무역센터),20,3
20250510,합정,삼성(무역센터),21,3
20250510,합정,삼성(무역센터),22,6
20250510,합정,삼성(무역센터),23,5
20250510,합정,상왕십리,5,4
20250510,합정,상왕십리,6,2
20250510,합정,상왕십리,7,1
20250510,합정,상왕십리,8,1
20250510,합정,상왕십리,9,2
20250510,합정,상왕십리,10,3
20250510,합정,상왕십리,11,1
20250510,합정,상왕십리,12,3
20250510,합정,상왕십리,13,3
20250510,합정,상왕십리,14,6
20250510,합정,상왕십리,15,8
20250510,합정,상왕십리,16,21
20250510,합정,상왕십리,17,17
20250510,합정,상왕십리,18,6
20250510,합정,상왕십리,19,6
20250510,합정,상왕십리,20,11
20250510,합정,상왕십리,21,6
20250510,합정,상왕십리,22,18
20250510,합정,상왕십리,23,5
20250510,합정,서울대입구(관악구청),5,5
20250510,합정,서울대입구(관악구청),6,6
20250510,합정,서울대입구(관악구청),7,3
20250510,합정,서울대입구(관악구청),8,12
20250510,합정,서울대입구(관악구청),9,9
20250510,합정,서울대입구(관악구청),10,12
20250510,합정,서울대입구(관악구청),11,22
20250510,합정,서울대입구(관악구청),12,15
20250510,합정,서울대입구(관악구청),13,11
20250510,합정,서울대입구(관악구청),14,22
20250510,합정,서울대입구(관악구청),15,30
20250510,합정,서울대입구(관악구청),16,26
20250510,합정,서울대입구(관악구청),17,42
20250510,합정,서울대입구(관악구청),18,39
20250510,합정,서울대입구(관악구청),19,39
20250510,합정,서울대입구(관악구청),20,46
20250510,합정,서울대입구(관악구청),21,61
20250510,합정,서울대입구(관악구청),22,51
20250510,합정,서울대입구(관악구청),23,53
20250510,합정,서초,5,2
20250510,합정,서초,6,5
20250510,합정,서초,7,2
20250510,합정,서초,8,2
20250510,합정,서초,9,1
20250510,합정,서초,10,1
20250510,합정,서초,11,3
20250510,합정,서초,12,9
20250510,합정,서초,13,8
20250510,합정,서초,14,7
20250510,합정,서초,15,11
20250510,합정,서초,16,2
20250510,합정,서초,17,11
20250510,합정,서초,18,1
20250510,합정,서초,19,5
20250510,합정,서초,20,6
20250510,합정,서초,21,5
20250510,합정,서초,22,2
20250510,합정,서초,23,2
20250510,합정,선릉,5,2
20250510,합정,선릉,6,3
20250510,합정,선릉,7,6
20250510,합정,선릉,8,4
20250510,합정,선릉,9,7
20250510,합정,선릉,10,13
20250510,합정,선릉,11,3
20250510,합정,선릉,12,11
20250510,합정,선릉,13,8
20250510,합정,선릉,14,4
20250510,합정,선릉,15,4
20250510,합정,선릉,16,9
20250510,합정,선릉,17,6
20250510,합정,선릉,18,4
20250510,합정,선릉,19,10
20250510,합정,선릉,20,2
20250510,합정,선릉,21,5
20250510,합정,선릉,22,5
20250510,합정,선릉,23,3
20250510,합정,성수,5,3
20250510,합정,성수,6,7
20250510,합정,성수,7,7
20250510,합정,성수,8,6
20250510,합정,성수,9,13
20250510,합정,성수,10,16
20250510,합정,성수,11,24
20250510,합정,성수,12,23
20250510,합정,성수,13,22
20250510,합정,성수,14,35
20250510,합정,성수,15,31
20250510,합정,성수,16,31
20250510,합정,성수,17,22
20250510,합정,성수,18,21
20250510,합정,성수,19,9
20250510,합정,성수,20,3
20250510,합정,성수,21,9
20250510,합정,성수,22,11
20250510,합정,성수,23,19
20250510,합정,시청,5,2
20250510,합정,시청,6,8
20250510,합정,시청,7,4
20250510,합정,시청,8,6
20250510,합정,시청,9,12
20250510,합정,시청,10,11
20250510,합정,시청,11,14
20250510,합정,시청,12,12
20250510,합정,시청,13,20
20250510,합정,시청,14,15
20250510,합정,시청,15,14
20250510,합정,시청,16,9
20250510,합정,시청,17,12
20250510,합정,시청,18,11
20250510,합정,시청,19,7
20250510,합정,시청,20,3
20250510,합정,시청,21,24
20250510,합정,시청,22,9
20250510,합정,시청,23,7
20250510,합정,신당,5,1
20250510,합정,신당,6,3
20250510,합정,신당,7,4
20250510,합정,신당,8,2
20250510,합정,신당,9,7
20250510,합정,신당,10,1
20250510,합정,신당,11,7
20250510,합정,신당,12,8
20250510,합정,신당,13,4
20250510,합정,신당,14,8
20250510,합정,신당,15,9
20250510,합정,신당,16,12
20250510,합정,신당,17,7
20250510,합정,신당,18,8
20250510,합정,신당,19,6
20250510,합정,신당,20,14
20250510,합정,신당,21,10
20250510,합정,신당,22,9
20250510,합정,신당,23,2
20250510,합정,신대방,5,6
20250510,합정,신대방,6,11
20250510,합정,신대방,7,3
20250510,합정,신대방,8,7
20250510,합정,신대방,9,4
20250510,합정,신대방,10,5
20250510,합정,신대방,11,4
20250510,합정,신대방,12,14
20250510,합정,신대방,13,18
20250510,합정,신대방,14,14
20250510,합정,신대방,15,10
20250510,합정,신대방,16,16
20250510,합정,신대방,17,23
20250510,합정,신대방,18,24
20250510,합정,신대방,19,39
20250510,합정,신대방,20,45
20250510,합정,신대방,21,49
20250510,합정,신대방,22,60
20250510,합정,신대방,23,29
20250510,합정,신도림,5,9
20250510,합정,신도림,6,8
20250510,합정,신도림,7,12
20250510,합정,신도림,8,12
20250510,합정,신도림,9,16
20250510,합정,신도림,10,22
20250510,합정,신도림,11,37
20250510,합정,신도림,12,38
20250510,합정,신도림,13,55
20250510,합정,신도림,14,45
20250510,합정,신도림,15,67
20250510,합정,신도림,16,80
20250510,합정,신도림,17,88
20250510,합정,신도림,18,73
20250510,합정,신도림,19,57
20250510,합정,신도림,20,70
20250510,합정,신도림,21,93
20250510,합정,신도림,22,103
20250510,합정,신도림,23,144
20250510,합정,신림,5,12
20250510,합정,신림,6,13
20250510,합정,신림,7,6
20250510,합정,신림,8,15
20250510,합정,신림,9,14
20250510,합정,신림,10,12
20250510,합정,신림,11,20
20250510,합정,신림,12,22
20250510,합정,신림,13,30
20250510,합정,신림,14,33
20250510,합정,신림,15,37
20250510,합정,신림,16,50
20250510,합정,신림,17,60
20250510,합정,신림,18,63
20250510,합정,신림,19,80
20250510,합정,신림,20,90
20250510,합정,신림,21,103
20250510,합정,신림,22,118
20250510,합정,신림,23,81
20250510,합정,신촌,5,4
20250510,합정,신촌,6,7
20250510,합정,신촌,7,11
20250510,합정,신촌,8,25
20250510,합정,신촌,9,48
20250510,합정,신촌,10,38
20250510,합정,신촌,11,40
20250510,합정,신촌,12,61
20250510,합정,신촌,13,49
20250510,합정,신촌,14,65
20250510,합정,신촌,15,67
20250510,합정,신촌,16,91
20250510,합정,신촌,17,94
20250510,합정,신촌,18,73
20250510,합정,신촌,19,74
20250510,합정,신촌,20,66
20250510,합정,신촌,21,65
20250510,합정,신촌,22,43
20250510,합정,신촌,23,28
20250510,합정,아현,6,4
20250510,합정,아현,7,3
20250510,합정,아현,8,14
20250510,합정,아현,9,13
20250510,합정,아현,10,9
20250510,합정,아현,11,18
20250510,합정,아현,12,20
20250510,합정,아현,13,9
20250510,합정,아현,14,8
20250510,합정,아현,15,8
20250510,합정,아현,16,19
20250510,합정,아현,17,22
20250510,합정,아현,18,10
20250510,합정,아현,19,16
20250510,합정,아현,20,17
20250510,합정,아현,21,18
20250510,합정,아현,22,21
20250510,합정,아현,23,12
20250510,합정,역삼,5,3
20250510,합정,역삼,6,1
20250510,합정,역삼,7,4
20250510,합정,역삼,8,5
20250510,합정,역삼,9,8
20250510,합정,역삼,10,6
20250510,합정,역삼,11,5
20250510,합정,역삼,12,9
20250510,합정,역삼,13,11
20250510,합정,역삼,14,6
20250510,합정,역삼,15,6
20250510,합정,역삼,16,6
20250510,합정,역삼,17,12
20250510,합정,역삼,18,7
20250510,합정,역삼,19,9
20250510,합정,역삼,20,9
20250510,합정,역삼,21,12
20250510,합정,역삼,22,2
20250510,합정,역삼,23,2
20250510,합정,영등포구청,5,3
20250510,합정,영등포구청,6,8
20250510,합정,영등포구청,7,2
20250510,합정,영등포구청,8,11
20250510,합정,영등포구청,9,11
20250510,합정,영등포구청,10,15
20250510,합정,영등포구청,11,29
20250510,합정,영등포구청,12,18
20250510,합정,영등포구청,13,21
20250510,합정,영등포구청,14,17
20250510,합정,영등포구청,15,26
20250510,합정,영등포구청,16,32
20250510,합정,영등포구청,17,36
20250510,합정,영등포구청,18,33
20250510,합정,영등포구청,19,28
20250510,합정,영등포구청,20,24
20250510,합정,영등포구청,21,39
20250510,합정,영등포구청,22,39
20250510,합정,영등포구청,23,27
20250510,합정,왕십리(성동구청),5,6
20250510,합정,왕십리(성동구청),6,4
20250510,합정,왕십리(성동구청),7,2
20250510,합정,왕십리(성동구청),8,4
20250510,합정,왕십리(성동구청),9,5
20250510,합정,왕십리(성동구청),10,2
20250510,합정,왕십리(성동구청),11,3
20250510,합정,왕십리(성동구청),12,9
20250510,합정,왕십리(성동구청),13,6
20250510,합정,왕십리(성동구청),14,9
20250510,합정,왕십리(성동구청),15,16
20250510,합정,왕십리(성동구청),16,6
20250510,합정,왕십리(성동구청),17,13
20250510,합정,왕십리(성동구청),18,10
20250510,합정,왕십리(성동구청),19,18
20250510,합정,왕십리(성동구청),20,17
20250510,합정,왕십리(성동구청),21,18
20250510,합정,왕십리(성동구청),22,18
20250510,합정,왕십리(성동구청),23,6
20250510,합정,용두(동대문구청),5,1
20250510,합정,용두(동대문구청),18,3
20250510,합정,용두(동대문구청),20,1
20250510,합정,용두(동대문구청),21,1
20250510,합정,을지로3가,5,4
20250510,합정,을지로3가,6,7
20250510,합정,을지로3가,7,3
20250510,합정,을지로3가,8,1
20250510,합정,을지로3가,9,9
20250510,합정,을지로3가,10,11
20250510,합정,을지로3가,11,19
20250510,합정,을지로3가,12,9
20250510,합정,을지로3가,13,18
20250510,합정,을지로3가,14,11
20250510,합정,을지로3가,15,18
20250510,합정,을지로3가,16,31
20250510,합정,을지로3가,17,14
20250510,합정,을지로3가,18,13
20250510,합정,을지로3가,19,32
20250510,합정,을지로3가,20,26
20250510,합정,을지로3가,21,20
20250510,합정,을지로3가,22,8
20250510,합정,을지로3가,23,10
20250510,합정,을지로4가,5,5
20250510,합정,을지로4가,6,3
20250510,합정,을지로4가,7,4
20250510,합정,을지로4가,8,10
20250510,합정,을지로4가,9,9
20250510,합정,을지로4가,10,12
20250510,합정,을지로4가,11,5
20250510,합정,을지로4가,12,8
20250510,합정,을지로4가,13,23
20250510,합정,을지로4가,14,17
20250510,합정,을지로4가,15,10
20250510,합정,을지로4가,16,19
20250510,합정,을지로4가,17,10
20250510,합정,을지로4가,18,6
20250510,합정,을지로4가,19,6
20250510,합정,을지로4가,20,7
20250510,합정,을지로4가,21,9
20250510,합정,을지로4가,22,17
20250510,합정,을지로4가,23,4
20250510,합정,을지로입구,5,6
20250510,합정,을지로입구,6,13
20250510,합정,을지로입구,7,14
20250510,합정,을지로입구,8,19
20250510,합정,을지로입구,9,37
20250510,합정,을지로입구,10,34
20250510,합정,을지로입구,11,48
20250510,합정,을지로입구,12,38
20250510,합정,을지로입구,13,56
20250510,합정,을지로입구,14,67
20250510,합정,을지로입구,15,54
20250510,합정,을지로입구,16,71
20250510,합정,을지로입구,17,70
20250510,합정,을지로입구,18,55
20250510,합정,을지로입구,19,48
20250510,합정,을지로입구,20,53
20250510,합정,을지로입구,21,51
20250510,합정,을지로입구,22,54
20250510,합정,을지로입구,23,62
20250510,합정,이대,5,4
20250510,합정,이대,6,5
20250510,합정,이대,7,1
20250510,합정,이대,8,10
20250510,합정,이대,9,16
20250510,합정,이대,10,10
20250510,합정,이대,11,14
20250510,합정,이대,12,15
20250510,합정,이대,13,18
20250510,합정,이대,14,15
20250510,합정,이대,15,17
20250510,합정,이대,16,26
20250510,합정,이대,17,33
20250510,합정,이대,18,12
20250510,합정,이대,19,29
20250510,합정,이대,20,21
20250510,합정,이대,21,27
20250510,합정,이대,22,36
20250510,합정,이대,23,15
20250510,합정,잠실(송파구청),5,5
20250510,합정,잠실(송파구청),6,6
20250510,합정,잠실(송파구청),7,7
20250510,합정,잠실(송파구청),8,19
20250510,합정,잠실(송파구청),9,22
20250510,합정,잠실(송파구청),10,16
20250510,합정,잠실(송파구청),11,27
20250510,합정,잠실(송파구청),12,20
20250510,합정,잠실(송파구청),13,27
20250510,합정,잠실(송파구청),14,36
20250510,합정,잠실(송파구청),15,18
20250510,합정,잠실(송파구청),16,27
20250510,합정,잠실(송파구청),17,33
20250510,합정,잠실(송파구청),18,31
20250510,합정,잠실(송파구청),19,23
20250510,합정,잠실(송파구청),20,24
20250510,합정,잠실(송파구청),21,33
20250510,합정,잠실(송파구청),22,33
20250510,합정,잠실(송파구청),23,6
20250510,합정,잠실나루,5,1
20250510,합정,잠실나루,7,2
20250510,합정,잠실나루,12,1
20250510,합정,잠실나루,14,3
20250510,합정,잠실나루,15,3
20250510,합정,잠실나루,16,2
20250510,합정,잠실나루,17,4
20250510,합정,잠실나루,18,6
20250510,합정,잠실나루,19,3
20250510,합정,잠실나루,20,3
20250510,합정,잠실나루,21,9
20250510,합정,잠실나루,22,6
20250510,합정,잠실새내,6,1
20250510,합정,잠실새내,8,4
20250510,합정,잠실새내,9,3
20250510,합정,잠실새내,10,3
20250510,합정,잠실새내,11,4
20250510,합정,잠실새내,12,5
20250510,합정,잠실새내,13,4
20250510,합정,잠실새내,14,10
20250510,합정,잠실새내,15,8
20250510,합정,잠실새내,16,9
20250510,합정,잠실새내,17,3
20250510,합정,잠실새내,18,1
20250510,합정,잠실새내,19,1
20250510,합정,잠실새내,20,7
20250510,합정,잠실새내,21,10
20250510,합정,잠실새내,22,10
20250510,합정,잠실새내,23,3
20250510,합정,종합운동장,5,4
20250510,합정,종합운동장,6,2
20250510,합정,종합운동장,7,14
20250510,합정,종합운동장,9,2
20250510,합정,종합운동장,11,1
20250510,합정,종합운동장,13,1
20250510,합정,종합운동장,14,9
20250510,합정,종합운동장,15,26
20250510,합정,종합운동장,16,17
20250510,합정,종합운동장,17,5
20250510,합정,종합운동장,18,7
20250510,합정,종합운동장,19,2
20250510,합정,종합운동장,20,1
20250510,합정,종합운동장,21,2
20250510,합정,종합운동장,22,5
20250510,합정,종합운동장,23,1
20250510,합정,충정로(경기대입구),5,3
20250510,합정,충정로(경기대입구),6,1
20250510,합정,충정로(경기대입구),7,1
20250510,합정,충정로(경기대입구),8,4
20250510,합정,충정로(경기대입구),9,6
20250510,합정,충정로(경기대입구),10,4
20250510,합정,충정로(경기대입구),11,3
20250510,합정,충정로(경기대입구),12,2
20250510,합정,충정로(경기대입구),13,6
20250510,합정,충정로(경기대입구),14,8
20250510,합정,충정로(경기대입구),15,4
20250510,합정,충정로(경기대입구),16,13
20250510,합정,충정로(경기대입구),17,14
20250510,합정,충정로(경기대입구),18,10
20250510,합정,충정로(경기대입구),19,13
20250510,합정,충정로(경기대입구),20,8
20250510,합정,충정로(경기대입구),21,4
20250510,합정,충정로(경기대입구),22,9
20250510,합정,충정로(경기대입구),23,8
20250510,합정,한양대,6,3
20250510,합정,한양대,7,2
20250510,합정,한양대,8,4
20250510,합정,한양대,9,1
20250510,합정,한양대,10,5
20250510,합정,한양대,11,2
20250510,합정,한양대,12,5
20250510,합정,한양대,13,1
20250510,합정,한양대,14,5
20250510,합정,한양대,15,3
20250510,합정,한양대,16,1
20250510,합정,한양대,17,10
20250510,합정,한양대,18,6
20250510,합정,한양대,19,4
20250510,합정,한양대,21,2
20250510,합정,한양대,22,4
20250510,합정,한양대,23,1
20250510,합정,합정,5,7
20250510,합정,합정,6,15
20250510,합정,합정,7,8
20250510,합정,합정,8,7
20250510,합정,합정,9,14
20250510,합정,합정,10,23
20250510,합정,합정,11,26
20250510,합정,합정,12,30
20250510,합정,합정,13,52
20250510,합정,합정,14,37
20250510,합정,합정,15,49
20250510,합정,합정,16,70
20250510,합정,합정,17,67
20250510,합정,합정,18,66
20250510,합정,합정,19,66
20250510,합정,합정,20,57
20250510,합정,합정,21,63
20250510,합정,합정,22,80
20250510,합정,합정,23,61
20250510,합정,홍대입구,5,6
20250510,합정,홍대입구,6,6
20250510,합정,홍대입구,7,9
20250510,합정,홍대입구,8,9
20250510,합정,홍대입구,9,60
20250510,합정,홍대입구,10,56
20250510,합정,홍대입구,11,81
20250510,합정,홍대입구,12,130
20250510,합정,홍대입구,13,148
20250510,합정,홍대입구,14,148
20250510,합정,홍대입구,15,135
20250510,합정,홍대입구,16,166
20250510,합정,홍대입구,17,187
20250510,합정,홍대입구,18,157
20250510,합정,홍대입구,19,133
20250510,합정,홍대입구,20,104
20250510,합정,홍대입구,21,92
20250510,합정,홍대입구,22,86
20250510,합정,홍대입구,23,57
20250510,홍대입구,강남,4,1
20250510,홍대입구,강남,5,6
20250510,홍대입구,강남,6,12
20250510,홍대입구,강남,7,14
20250510,홍대입구,강남,8,33
20250510,홍대입구,강남,9,43
20250510,홍대입구,강남,10,54
20250510,홍대입구,강남,11,39
20250510,홍대입구,강남,12,39
20250510,홍대입구,강남,13,63
20250510,홍대입구,강남,14,45
20250510,홍대입구,강남,15,48
20250510,홍대입구,강남,16,92
20250510,홍대입구,강남,17,77
20250510,홍대입구,강남,18,64
20250510,홍대입구,강남,19,68
20250510,홍대입구,강남,20,54
20250510,홍대입구,강남,21,85
20250510,홍대입구,강남,22,54
20250510,홍대입구,강남,23,21
20250510,홍대입구,강변(동서울터미널),4,1
20250510,홍대입구,강변(동서울터미널),5,17
20250510,홍대입구,강변(동서울터미널),6,9
20250510,홍대입구,강변(동서울터미널),7,19
20250510,홍대입구,강변(동서울터미널),8,14
20250510,홍대입구,강변(동서울터미널),9,17
20250510,홍대입구,강변(동서울터미널),10,22
20250510,홍대입구,강변(동서울터미널),11,7
20250510,홍대입구,강변(동서울터미널),12,15
20250510,홍대입구,강변(동서울터미널),13,15
20250510,홍대입구,강변(동서울터미널),14,23
20250510,홍대입구,강변(동서울터미널),15,34
20250510,홍대입구,강변(동서울터미널),16,62
20250510,홍대입구,강변(동서울터미널),17,66
20250510,홍대입구,강변(동서울터미널),18,65
20250510,홍대입구,강변(동서울터미널),19,88
20250510,홍대입구,강변(동서울터미널),20,35
20250510,홍대입구,강변(동서울터미널),21,46
20250510,홍대입구,강변(동서울터미널),22,40
20250510,홍대입구,강변(동서울터미널),23,8
20250510,홍대입구,건대입구,5,14
20250510,홍대입구,건대입구,6,9
20250510,홍대입구,건대입구,7,10
20250510,홍대입구,건대입구,8,8
20250510,홍대입구,건대입구,9,29
20250510,홍대입구,건대입구,10,22
20250510,홍대입구,건대입구,11,17
20250510,홍대입구,건대입구,12,44
20250510,홍대입구,건대입구,13,40
20250510,홍대입구,건대입구,14,39
20250510,홍대입구,건대입구,15,56
20250510,홍대입구,건대입구,16,65
20250510,홍대입구,건대입구,17,78
20250510,홍대입구,건대입구,18,74
20250510,홍대입구,건대입구,19,64
20250510,홍대입구,건대입구,20,63
20250510,홍대입구,건대입구,21,108
20250510,홍대입구,건대입구,22,101
20250510,홍대입구,건대입구,23,30
20250510,홍대입구,교대(법원.검찰청),5,2
20250510,홍대입구,교대(법원.검찰청),6,5
20250510,홍대입구,교대(법원.검찰청),7,9
20250510,홍대입구,교대(법원.검찰청),8,6
20250510,홍대입구,교대(법원.검찰청),9,5
20250510,홍대입구,교대(법원.검찰청),10,4
20250510,홍대입구,교대(법원.검찰청),11,8
20250510,홍대입구,교대(법원.검찰청),12,1
20250510,홍대입구,교대(법원.검찰청),13,16
20250510,홍대입구,교대(법원.검찰청),14,12
20250510,홍대입구,교대(법원.검찰청),15,6
20250510,홍대입구,교대(법원.검찰청),16,20
20250510,홍대입구,교대(법원.검찰청),17,8
20250510,홍대입구,교대(법원.검찰청),18,5
20250510,홍대입구,교대(법원.검찰청),19,24
20250510,홍대입구,교대(법원.검찰청),20,18
20250510,홍대입구,교대(법원.검찰청),21,7
20250510,홍대입구,교대(법원.검찰청),22,12
20250510,홍대입구,교대(법원.검찰청),23,8
20250510,홍대입구,구로디지털단지,4,2
20250510,홍대입구,구로디지털단지,5,27
20250510,홍대입구,구로디지털단지,6,16
20250510,홍대입구,구로디지털단지,7,33
20250510,홍대입구,구로디지털단지,8,36
20250510,홍대입구,구로디지털단지,9,21
20250510,홍대입구,구로디지털단지,10,25
20250510,홍대입구,구로디지털단지,11,32
20250510,홍대입구,구로디지털단지,12,53
20250510,홍대입구,구로디지털단지,13,55
20250510,홍대입구,구로디지털단지,14,60
20250510,홍대입구,구로디지털단지,15,100
20250510,홍대입구,구로디지털단지,16,151
20250510,홍대입구,구로디지털단지,17,159
20250510,홍대입구,구로디지털단지,18,148
20250510,홍대입구,구로디지털단지,19,168
20250510,홍대입구,구로디지털단지,20,226
20250510,홍대입구,구로디지털단지,21,279
20250510,홍대입구,구로디지털단지,22,216
20250510,홍대입구,구로디지털단지,23,134
20250510,홍대입구,구의(광진구청),4,1
20250510,홍대입구,구의(광진구청),5,5
20250510,홍대입구,구의(광진구청),6,5
20250510,홍대입구,구의(광진구청),7,1
20250510,홍대입구,구의(광진구청),8,6
20250510,홍대입구,구의(광진구청),9,6
20250510,홍대입구,구의(광진구청),10,3
20250510,홍대입구,구의(광진구청),11,7
20250510,홍대입구,구의(광진구청),12,5
20250510,홍대입구,구의(광진구청),13,17
20250510,홍대입구,구의(광진구청),14,15
20250510,홍대입구,구의(광진구청),15,20
20250510,홍대입구,구의(광진구청),16,27
20250510,홍대입구,구의(광진구청),17,18
20250510,홍대입구,구의(광진구청),18,28
20250510,홍대입구,구의(광진구청),19,26
20250510,홍대입구,구의(광진구청),20,35
20250510,홍대입구,구의(광진구청),21,46
20250510,홍대입구,구의(광진구청),22,47
20250510,홍대입구,구의(광진구청),23,19
20250510,홍대입구,낙성대,5,10
20250510,홍대입구,낙성대,6,3
20250510,홍대입구,낙성대,7,2
20250510,홍대입구,낙성대,8,7
20250510,홍대입구,낙성대,9,19
20250510,홍대입구,낙성대,10,14
20250510,홍대입구,낙성대,11,14
20250510,홍대입구,낙성대,12,16
20250510,홍대입구,낙성대,13,17
20250510,홍대입구,낙성대,14,29
20250510,홍대입구,낙성대,15,28
20250510,홍대입구,낙성대,16,36
20250510,홍대입구,낙성대,17,35
20250510,홍대입구,낙성대,18,31
20250510,홍대입구,낙성대,19,48
20250510,홍대입구,낙성대,20,56
20250510,홍대입구,낙성대,21,58
20250510,홍대입구,낙성대,22,64
20250510,홍대입구,낙성대,23,26
20250510,홍대입구,당산,5,4
20250510,홍대입구,당산,6,7
20250510,홍대입구,당산,7,8
20250510,홍대입구,당산,8,8
20250510,홍대입구,당산,9,13
20250510,홍대입구,당산,10,8
20250510,홍대입구,당산,11,16
20250510,홍대입구,당산,12,24
20250510,홍대입구,당산,13,23
20250510,홍대입구,당산,14,25
20250510,홍대입구,당산,15,38
20250510,홍대입구,당산,16,67
20250510,홍대입구,당산,17,50
20250510,홍대입구,당산,18,73
20250510,홍대입구,당산,19,66
20250510,홍대입구,당산,20,64
20250510,홍대입구,당산,21,65
20250510,홍대입구,당산,22,74
20250510,홍대입구,당산,23,64
20250510,홍대입구,대림(구로구청),5,8
20250510,홍대입구,대림(구로구청),6,6
20250510,홍대입구,대림(구로구청),7,6
20250510,홍대입구,대림(구로구청),8,10
20250510,홍대입구,대림(구로구청),9,10
20250510,홍대입구,대림(구로구청),10,14
20250510,홍대입구,대림(구로구청),11,18
20250510,홍대입구,대림(구로구청),12,17
20250510,홍대입구,대림(구로구청),13,16
20250510,홍대입구,대림(구로구청),14,23
20250510,홍대입구,대림(구로구청),15,30
20250510,홍대입구,대림(구로구청),16,47
20250510,홍대입구,대림(구로구청),17,40
20250510,홍대입구,대림(구로구청),18,41
20250510,홍대입구,대림(구로구청),19,39
20250510,홍대입구,대림(구로구청),20,53
20250510,홍대입구,대림(구로구청),21,73
20250510,홍대입구,대림(구로구청),22,81
20250510,홍대입구,대림(구로구청),23,46
20250510,홍대입구,동대문역사문화공원,4,2
20250510,홍대입구,동대문역사문화공원,5,2
20250510,홍대입구,동대문역사문화공원,6,8
20250510,홍대입구,동대문역사문화공원,7,10
20250510,홍대입구,동대문역사문화공원,8,13
20250510,홍대입구,동대문역사문화공원,9,26
20250510,홍대입구,동대문역사문화공원,10,25
20250510,홍대입구,동대문역사문화공원,11,38
20250510,홍대입구,동대문역사문화공원,12,63
20250510,홍대입구,동대문역사문화공원,13,62
20250510,홍대입구,동대문역사문화공원,14,91
20250510,홍대입구,동대문역사문화공원,15,68
20250510,홍대입구,동대문역사문화공원,16,98
20250510,홍대입구,동대문역사문화공원,17,65
20250510,홍대입구,동대문역사문화공원,18,69
20250510,홍대입구,동대문역사문화공원,19,54
20250510,홍대입구,동대문역사문화공원,20,93
20250510,홍대입구,동대문역사문화공원,21,69
20250510,홍대입구,동대문역사문화공원,22,90
20250510,홍대입구,동대문역사문화공원,23,72
20250510,홍대입구,뚝섬,5,4
20250510,홍대입구,뚝섬,6,6
20250510,홍대입구,뚝섬,7,7
20250510,홍대입구,뚝섬,8,6
20250510,홍대입구,뚝섬,9,26
20250510,홍대입구,뚝섬,10,28
20250510,홍대입구,뚝섬,11,39
20250510,홍대입구,뚝섬,12,44
20250510,홍대입구,뚝섬,13,43
20250510,홍대입구,뚝섬,14,51
20250510,홍대입구,뚝섬,15,49
20250510,홍대입구,뚝섬,16,69
20250510,홍대입구,뚝섬,17,27
20250510,홍대입구,뚝섬,18,15
20250510,홍대입구,뚝섬,19,21
20250510,홍대입구,뚝섬,20,19
20250510,홍대입구,뚝섬,21,8
20250510,홍대입구,뚝섬,22,18
20250510,홍대입구,뚝섬,23,12
20250510,홍대입구,문래,5,9
20250510,홍대입구,문래,6,8
20250510,홍대입구,문래,7,4
20250510,홍대입구,문래,8,18
20250510,홍대입구,문래,9,18
20250510,홍대입구,문래,10,15
20250510,홍대입구,문래,11,23
20250510,홍대입구,문래,12,27
20250510,홍대입구,문래,13,35
20250510,홍대입구,문래,14,40
20250510,홍대입구,문래,15,39
20250510,홍대입구,문래,16,76
20250510,홍대입구,문래,17,63
20250510,홍대입구,문래,18,59
20250510,홍대입구,문래,19,59
20250510,홍대입구,문래,20,50
20250510,홍대입구,문래,21,51
20250510,홍대입구,문래,22,27
20250510,홍대입구,문래,23,28
20250510,홍대입구,방배,4,1
20250510,홍대입구,방배,5,3
20250510,홍대입구,방배,6,2
20250510,홍대입구,방배,7,4
20250510,홍대입구,방배,8,6
20250510,홍대입구,방배,9,11
20250510,홍대입구,방배,10,5
20250510,홍대입구,방배,11,4
20250510,홍대입구,방배,12,9
20250510,홍대입구,방배,13,11
20250510,홍대입구,방배,14,15
20250510,홍대입구,방배,15,11
20250510,홍대입구,방배,16,8
20250510,홍대입구,방배,17,21
20250510,홍대입구,방배,18,11
20250510,홍대입구,방배,19,11
20250510,홍대입구,방배,20,17
20250510,홍대입구,방배,21,28
20250510,홍대입구,방배,22,17
20250510,홍대입구,방배,23,4
20250510,홍대입구,봉천,4,2
20250510,홍대입구,봉천,5,9
20250510,홍대입구,봉천,6,5
20250510,홍대입구,봉천,7,5
20250510,홍대입구,봉천,8,2
20250510,홍대입구,봉천,9,3
20250510,홍대입구,봉천,10,6
20250510,홍대입구,봉천,11,9
20250510,홍대입구,봉천,12,9
20250510,홍대입구,봉천,13,14
20250510,홍대입구,봉천,14,16
20250510,홍대입구,봉천,15,21
20250510,홍대입구,봉천,16,34
20250510,홍대입구,봉천,17,32
20250510,홍대입구,봉천,18,39
20250510,홍대입구,봉천,19,39
20250510,홍대입구,봉천,20,55
20250510,홍대입구,봉천,21,66
20250510,홍대입구,봉천,22,63
20250510,홍대입구,봉천,23,42
20250510,홍대입구,사당,5,19
20250510,홍대입구,사당,6,20
20250510,홍대입구,사당,7,9
20250510,홍대입구,사당,8,16
20250510,홍대입구,사당,9,10
20250510,홍대입구,사당,10,16
20250510,홍대입구,사당,11,16
20250510,홍대입구,사당,12,11
20250510,홍대입구,사당,13,36
20250510,홍대입구,사당,14,35
20250510,홍대입구,사당,15,56
20250510,홍대입구,사당,16,85
20250510,홍대입구,사당,17,86
20250510,홍대입구,사당,18,91
20250510,홍대입구,사당,19,82
20250510,홍대입구,사당,20,151
20250510,홍대입구,사당,21,91
20250510,홍대입구,사당,22,123
20250510,홍대입구,사당,23,19
20250510,홍대입구,삼성(무역센터),5,8
20250510,홍대입구,삼성(무역센터),6,9
20250510,홍대입구,삼성(무역센터),7,8
20250510,홍대입구,삼성(무역센터),8,12
20250510,홍대입구,삼성(무역센터),9,20
20250510,홍대입구,삼성(무역센터),10,31
20250510,홍대입구,삼성(무역센터),11,38
20250510,홍대입구,삼성(무역센터),12,34
20250510,홍대입구,삼성(무역센터),13,37
20250510,홍대입구,삼성(무역센터),14,27
20250510,홍대입구,삼성(무역센터),15,35
20250510,홍대입구,삼성(무역센터),16,43
20250510,홍대입구,삼성(무역센터),17,27
20250510,홍대입구,삼성(무역센터),18,10
20250510,홍대입구,삼성(무역센터),19,14
20250510,홍대입구,삼성(무역센터),20,14
20250510,홍대입구,삼성(무역센터),21,18
20250510,홍대입구,삼성(무역센터),22,11
20250510,홍대입구,삼성(무역센터),23,6
20250510,홍대입구,상왕십리,5,6
20250510,홍대입구,상왕십리,6,1
20250510,홍대입구,상왕십리,7,7
20250510,홍대입구,상왕십리,8,8
20250510,홍대입구,상왕십리,9,3
20250510,홍대입구,상왕십리,10,10
20250510,홍대입구,상왕십리,11,8
20250510,홍대입구,상왕십리,12,8
20250510,홍대입구,상왕십리,13,14
20250510,홍대입구,상왕십리,14,7
20250510,홍대입구,상왕십리,15,17
20250510,홍대입구,상왕십리,16,31
20250510,홍대입구,상왕십리,17,29
20250510,홍대입구,상왕십리,18,28
20250510,홍대입구,상왕십리,19,18
20250510,홍대입구,상왕십리,20,20
20250510,홍대입구,상왕십리,21,33
20250510,홍대입구,상왕십리,22,30
20250510,홍대입구,상왕십리,23,23
20250510,홍대입구,서울대입구(관악구청),5,13
20250510,홍대입구,서울대입구(관악구청),6,3
20250510,홍대입구,서울대입구(관악구청),7,15
20250510,홍대입구,서울대입구(관악구청),8,18
20250510,홍대입구,서울대입구(관악구청),9,17
20250510,홍대입구,서울대입구(관악구청),10,16
20250510,홍대입구,서울대입구(관악구청),11,12
20250510,홍대입구,서울대입구(관악구청),12,30
20250510,홍대입구,서울대입구(관악구청),13,31
20250510,홍대입구,서울대입구(관악구청),14,34
20250510,홍대입구,서울대입구(관악구청),15,55
20250510,홍대입구,서울대입구(관악구청),16,83
20250510,홍대입구,서울대입구(관악구청),17,92
20250510,홍대입구,서울대입구(관악구청),18,72
20250510,홍대입구,서울대입구(관악구청),19,78
20250510,홍대입구,서울대입구(관악구청),20,101
20250510,홍대입구,서울대입구(관악구청),21,121
20250510,홍대입구,서울대입구(관악구청),22,106
20250510,홍대입구,서울대입구(관악구청),23,102
20250510,홍대입구,서초,5,8
20250510,홍대입구,서초,6,2
20250510,홍대입구,서초,7,2
20250510,홍대입구,서초,8,2
20250510,홍대입구,서초,9,5
20250510,홍대입구,서초,10,8
20250510,홍대입구,서초,11,8
20250510,홍대입구,서초,12,6
20250510,홍대입구,서초,13,13
20250510,홍대입구,서초,14,11
20250510,홍대입구,서초,15,26
20250510,홍대입구,서초,16,8
20250510,홍대입구,서초,17,8
20250510,홍대입구,서초,18,10
20250510,홍대입구,서초,19,15
20250510,홍대입구,서초,20,7
20250510,홍대입구,서초,21,21
20250510,홍대입구,서초,22,15
20250510,홍대입구,서초,23,4
20250510,홍대입구,선릉,5,8
20250510,홍대입구,선릉,6,8
20250510,홍대입구,선릉,7,5
20250510,홍대입구,선릉,8,14
20250510,홍대입구,선릉,9,13
20250510,홍대입구,선릉,10,7
20250510,홍대입구,선릉,11,12
20250510,홍대입구,선릉,12,11
20250510,홍대입구,선릉,13,13
20250510,홍대입구,선릉,14,15
20250510,홍대입구,선릉,15,19
20250510,홍대입구,선릉,16,39
20250510,홍대입구,선릉,17,14
20250510,홍대입구,선릉,18,21
20250510,홍대입구,선릉,19,10
20250510,홍대입구,선릉,20,16
20250510,홍대입구,선릉,21,14
20250510,홍대입구,선릉,22,22
20250510,홍대입구,선릉,23,11
20250510,홍대입구,성수,5,4
20250510,홍대입구,성수,6,5
20250510,홍대입구,성수,7,9
20250510,홍대입구,성수,8,19
20250510,홍대입구,성수,9,84
20250510,홍대입구,성수,10,112
20250510,홍대입구,성수,11,82
20250510,홍대입구,성수,12,109
20250510,홍대입구,성수,13,143
20250510,홍대입구,성수,14,135
20250510,홍대입구,성수,15,142
20250510,홍대입구,성수,16,124
20250510,홍대입구,성수,17,68
20250510,홍대입구,성수,18,54
20250510,홍대입구,성수,19,44
20250510,홍대입구,성수,20,22
20250510,홍대입구,성수,21,23
20250510,홍대입구,성수,22,24
20250510,홍대입구,성수,23,78
20250510,홍대입구,시청,4,1
20250510,홍대입구,시청,5,12
20250510,홍대입구,시청,6,8
20250510,홍대입구,시청,7,7
20250510,홍대입구,시청,8,12
20250510,홍대입구,시청,9,39
20250510,홍대입구,시청,10,40
20250510,홍대입구,시청,11,42
20250510,홍대입구,시청,12,36
20250510,홍대입구,시청,13,43
20250510,홍대입구,시청,14,46
20250510,홍대입구,시청,15,64
20250510,홍대입구,시청,16,53
20250510,홍대입구,시청,17,66
20250510,홍대입구,시청,18,45
20250510,홍대입구,시청,19,30
20250510,홍대입구,시청,20,42
20250510,홍대입구,시청,21,74
20250510,홍대입구,시청,22,49
20250510,홍대입구,시청,23,59
20250510,홍대입구,신당,4,1
20250510,홍대입구,신당,5,7
20250510,홍대입구,신당,6,6
20250510,홍대입구,신당,7,5
20250510,홍대입구,신당,8,7
20250510,홍대입구,신당,9,6
20250510,홍대입구,신당,10,7
20250510,홍대입구,신당,11,12
20250510,홍대입구,신당,12,17
20250510,홍대입구,신당,13,15
20250510,홍대입구,신당,14,24
20250510,홍대입구,신당,15,19
20250510,홍대입구,신당,16,41
20250510,홍대입구,신당,17,57
20250510,홍대입구,신당,18,37
20250510,홍대입구,신당,19,31
20250510,홍대입구,신당,20,44
20250510,홍대입구,신당,21,41
20250510,홍대입구,신당,22,45
20250510,홍대입구,신당,23,24
20250510,홍대입구,신대방,5,3
20250510,홍대입구,신대방,6,4
20250510,홍대입구,신대방,7,7
20250510,홍대입구,신대방,8,8
20250510,홍대입구,신대방,9,4
20250510,홍대입구,신대방,10,8
20250510,홍대입구,신대방,11,15
20250510,홍대입구,신대방,12,15
20250510,홍대입구,신대방,13,40
20250510,홍대입구,신대방,14,22
20250510,홍대입구,신대방,15,30
20250510,홍대입구,신대방,16,59
20250510,홍대입구,신대방,17,41
20250510,홍대입구,신대방,18,80
20250510,홍대입구,신대방,19,56
20250510,홍대입구,신대방,20,64
20250510,홍대입구,신대방,21,98
20250510,홍대입구,신대방,22,108
20250510,홍대입구,신대방,23,65
20250510,홍대입구,신도림,4,1
20250510,홍대입구,신도림,5,16
20250510,홍대입구,신도림,6,13
20250510,홍대입구,신도림,7,16
20250510,홍대입구,신도림,8,20
20250510,홍대입구,신도림,9,21
20250510,홍대입구,신도림,10,30
20250510,홍대입구,신도림,11,55
20250510,홍대입구,신도림,12,75
20250510,홍대입구,신도림,13,62
20250510,홍대입구,신도림,14,105
20250510,홍대입구,신도림,15,114
20250510,홍대입구,신도림,16,159
20250510,홍대입구,신도림,17,203
20250510,홍대입구,신도림,18,164
20250510,홍대입구,신도림,19,163
20250510,홍대입구,신도림,20,155
20250510,홍대입구,신도림,21,190
20250510,홍대입구,신도림,22,229
20250510,홍대입구,신도림,23,285
20250510,홍대입구,신림,4,3
20250510,홍대입구,신림,5,17
20250510,홍대입구,신림,6,18
20250510,홍대입구,신림,7,15
20250510,홍대입구,신림,8,7
20250510,홍대입구,신림,9,13
20250510,홍대입구,신림,10,19
20250510,홍대입구,신림,11,25
20250510,홍대입구,신림,12,46
20250510,홍대입구,신림,13,41
20250510,홍대입구,신림,14,55
20250510,홍대입구,신림,15,88
20250510,홍대입구,신림,16,123
20250510,홍대입구,신림,17,136
20250510,홍대입구,신림,18,123
20250510,홍대입구,신림,19,147
20250510,홍대입구,신림,20,172
20250510,홍대입구,신림,21,206
20250510,홍대입구,신림,22,226
20250510,홍대입구,신림,23,142
20250510,홍대입구,신촌,5,10
20250510,홍대입구,신촌,6,9
20250510,홍대입구,신촌,7,12
20250510,홍대입구,신촌,8,24
20250510,홍대입구,신촌,9,41
20250510,홍대입구,신촌,10,46
20250510,홍대입구,신촌,11,81
20250510,홍대입구,신촌,12,120
20250510,홍대입구,신촌,13,129
20250510,홍대입구,신촌,14,176
20250510,홍대입구,신촌,15,168
20250510,홍대입구,신촌,16,266
20250510,홍대입구,신촌,17,257
20250510,홍대입구,신촌,18,211
20250510,홍대입구,신촌,19,188
20250510,홍대입구,신촌,20,212
20250510,홍대입구,신촌,21,243
20250510,홍대입구,신촌,22,195
20250510,홍대입구,신촌,23,95
20250510,홍대입구,아현,5,3
20250510,홍대입구,아현,6,10
20250510,홍대입구,아현,7,8
20250510,홍대입구,아현,8,12
20250510,홍대입구,아현,9,6
20250510,홍대입구,아현,10,8
20250510,홍대입구,아현,11,18
20250510,홍대입구,아현,12,16
20250510,홍대입구,아현,13,17
20250510,홍대입구,아현,14,17
20250510,홍대입구,아현,15,38
20250510,홍대입구,아현,16,51
20250510,홍대입구,아현,17,45
20250510,홍대입구,아현,18,25
20250510,홍대입구,아현,19,39
20250510,홍대입구,아현,20,43
20250510,홍대입구,아현,21,44
20250510,홍대입구,아현,22,48
20250510,홍대입구,아현,23,29
20250510,홍대입구,역삼,5,4
20250510,홍대입구,역삼,6,8
20250510,홍대입구,역삼,7,7
20250510,홍대입구,역삼,8,12
20250510,홍대입구,역삼,9,10
20250510,홍대입구,역삼,10,14
20250510,홍대입구,역삼,11,18
20250510,홍대입구,역삼,12,27
20250510,홍대입구,역삼,13,18
20250510,홍대입구,역삼,14,18
20250510,홍대입구,역삼,15,14
20250510,홍대입구,역삼,16,17
20250510,홍대입구,역삼,17,16
20250510,홍대입구,역삼,18,12
20250510,홍대입구,역삼,19,16
20250510,홍대입구,역삼,20,20
20250510,홍대입구,역삼,21,17
20250510,홍대입구,역삼,22,23
20250510,홍대입구,역삼,23,6
20250510,홍대입구,영등포구청,5,3
20250510,홍대입구,영등포구청,6,9
20250510,홍대입구,영등포구청,7,7
20250510,홍대입구,영등포구청,8,9
20250510,홍대입구,영등포구청,9,7
20250510,홍대입구,영등포구청,10,19
20250510,홍대입구,영등포구청,11,16
20250510,홍대입구,영등포구청,12,15
20250510,홍대입구,영등포구청,13,19
20250510,홍대입구,영등포구청,14,29
20250510,홍대입구,영등포구청,15,28
20250510,홍대입구,영등포구청,16,46
20250510,홍대입구,영등포구청,17,66
20250510,홍대입구,영등포구청,18,38
20250510,홍대입구,영등포구청,19,36
20250510,홍대입구,영등포구청,20,40
20250510,홍대입구,영등포구청,21,53
20250510,홍대입구,영등포구청,22,41
20250510,홍대입구,영등포구청,23,61
20250510,홍대입구,왕십리(성동구청),5,11
20250510,홍대입구,왕십리(성동구청),6,9
20250510,홍대입구,왕십리(성동구청),7,9
20250510,홍대입구,왕십리(성동구청),8,5
20250510,홍대입구,왕십리(성동구청),9,14
20250510,홍대입구,왕십리(성동구청),10,4
20250510,홍대입구,왕십리(성동구청),11,15
20250510,홍대입구,왕십리(성동구청),12,19
20250510,홍대입구,왕십리(성동구청),13,21
20250510,홍대입구,왕십리(성동구청),14,21
20250510,홍대입구,왕십리(성동구청),15,26
20250510,홍대입구,왕십리(성동구청),16,37
20250510,홍대입구,왕십리(성동구청),17,47
20250510,홍대입구,왕십리(성동구청),18,48
20250510,홍대입구,왕십리(성동구청),19,40
20250510,홍대입구,왕십리(성동구청),20,65
20250510,홍대입구,왕십리(성동구청),21,44
20250510,홍대입구,왕십리(성동구청),22,55
20250510,홍대입구,왕십리(성동구청),23,39
20250510,홍대입구,용두(동대문구청),10,1
20250510,홍대입구,용두(동대문구청),15,3
20250510,홍대입구,용두(동대문구청),17,2
20250510,홍대입구,용두(동대문구청),21,1
20250510,홍대입구,용두(동대문구청),22,1
20250510,홍대입구,을지로3가,5,10
20250510,홍대입구,을지로3가,6,10
20250510,홍대입구,을지로3가,7,14
20250510,홍대입구,을지로3가,8,15
20250510,홍대입구,을지로3가,9,19
20250510,홍대입구,을지로3가,10,24
20250510,홍대입구,을지로3가,11,44
20250510,홍대입구,을지로3가,12,39
20250510,홍대입구,을지로3가,13,50
20250510,홍대입구,을지로3가,14,69
20250510,홍대입구,을지로3가,15,92
20250510,홍대입구,을지로3가,16,115
20250510,홍대입구,을지로3가,17,124
20250510,홍대입구,을지로3가,18,113
20250510,홍대입구,을지로3가,19,146
20250510,홍대입구,을지로3가,20,93
20250510,홍대입구,을지로3가,21,122
20250510,홍대입구,을지로3가,22,127
20250510,홍대입구,을지로3가,23,75
20250510,홍대입구,을지로4가,5,8
20250510,홍대입구,을지로4가,6,7
20250510,홍대입구,을지로4가,7,13
20250510,홍대입구,을지로4가,8,17
20250510,홍대입구,을지로4가,9,35
20250510,홍대입구,을지로4가,10,50
20250510,홍대입구,을지로4가,11,41
20250510,홍대입구,을지로4가,12,44
20250510,홍대입구,을지로4가,13,59
20250510,홍대입구,을지로4가,14,70
20250510,홍대입구,을지로4가,15,43
20250510,홍대입구,을지로4가,16,52
20250510,홍대입구,을지로4가,17,67
20250510,홍대입구,을지로4가,18,39
20250510,홍대입구,을지로4가,19,42
20250510,홍대입구,을지로4가,20,61
20250510,홍대입구,을지로4가,21,61
20250510,홍대입구,을지로4가,22,84
20250510,홍대입구,을지로4가,23,54
20250510,홍대입구,을지로입구,5,19
20250510,홍대입구,을지로입구,6,23
20250510,홍대입구,을지로입구,7,25
20250510,홍대입구,을지로입구,8,50
20250510,홍대입구,을지로입구,9,75
20250510,홍대입구,을지로입구,10,136
20250510,홍대입구,을지로입구,11,107
20250510,홍대입구,을지로입구,12,157
20250510,홍대입구,을지로입구,13,162
20250510,홍대입구,을지로입구,14,211
20250510,홍대입구,을지로입구,15,221
20250510,홍대입구,을지로입구,16,311
20250510,홍대입구,을지로입구,17,277
20250510,홍대입구,을지로입구,18,308
20250510,홍대입구,을지로입구,19,333
20250510,홍대입구,을지로입구,20,270
20250510,홍대입구,을지로입구,21,285
20250510,홍대입구,을지로입구,22,274
20250510,홍대입구,을지로입구,23,259
20250510,홍대입구,이대,5,4
20250510,홍대입구,이대,6,7
20250510,홍대입구,이대,7,9
20250510,홍대입구,이대,8,13
20250510,홍대입구,이대,9,29
20250510,홍대입구,이대,10,16
20250510,홍대입구,이대,11,30
20250510,홍대입구,이대,12,51
20250510,홍대입구,이대,13,34
20250510,홍대입구,이대,14,59
20250510,홍대입구,이대,15,58
20250510,홍대입구,이대,16,74
20250510,홍대입구,이대,17,96
20250510,홍대입구,이대,18,67
20250510,홍대입구,이대,19,80
20250510,홍대입구,이대,20,71
20250510,홍대입구,이대,21,89
20250510,홍대입구,이대,22,82
20250510,홍대입구,이대,23,60
20250510,홍대입구,잠실(송파구청),5,17
20250510,홍대입구,잠실(송파구청),6,20
20250510,홍대입구,잠실(송파구청),7,22
20250510,홍대입구,잠실(송파구청),8,25
20250510,홍대입구,잠실(송파구청),9,50
20250510,홍대입구,잠실(송파구청),10,53
20250510,홍대입구,잠실(송파구청),11,87
20250510,홍대입구,잠실(송파구청),12,94
20250510,홍대입구,잠실(송파구청),13,104
20250510,홍대입구,잠실(송파구청),14,81
20250510,홍대입구,잠실(송파구청),15,100
20250510,홍대입구,잠실(송파구청),16,114
20250510,홍대입구,잠실(송파구청),17,115
20250510,홍대입구,잠실(송파구청),18,105
20250510,홍대입구,잠실(송파구청),19,120
20250510,홍대입구,잠실(송파구청),20,108
20250510,홍대입구,잠실(송파구청),21,119
20250510,홍대입구,잠실(송파구청),22,100
20250510,홍대입구,잠실(송파구청),23,30
20250510,홍대입구,잠실나루,5,6
20250510,홍대입구,잠실나루,8,3
20250510,홍대입구,잠실나루,9,2
20250510,홍대입구,잠실나루,10,2
20250510,홍대입구,잠실나루,11,4
20250510,홍대입구,잠실나루,12,2
20250510,홍대입구,잠실나루,13,2
20250510,홍대입구,잠실나루,14,3
20250510,홍대입구,잠실나루,15,8
20250510,홍대입구,잠실나루,16,13
20250510,홍대입구,잠실나루,17,2
20250510,홍대입구,잠실나루,18,4
20250510,홍대입구,잠실나루,19,12
20250510,홍대입구,잠실나루,20,5
20250510,홍대입구,잠실나루,21,7
20250510,홍대입구,잠실나루,22,16
20250510,홍대입구,잠실나루,23,3
20250510,홍대입구,잠실새내,5,4
20250510,홍대입구,잠실새내,6,3
20250510,홍대입구,잠실새내,7,2
20250510,홍대입구,잠실새내,8,2
20250510,홍대입구,잠실새내,9,6
20250510,홍대입구,잠실새내,10,3
20250510,홍대입구,잠실새내,11,7
20250510,홍대입구,잠실새내,12,8
20250510,홍대입구,잠실새내,13,11
20250510,홍대입구,잠실새내,14,24
20250510,홍대입구,잠실새내,15,17
20250510,홍대입구,잠실새내,16,20
20250510,홍대입구,잠실새내,17,29
20250510,홍대입구,잠실새내,18,12
20250510,홍대입구,잠실새내,19,11
20250510,홍대입구,잠실새내,20,17
20250510,홍대입구,잠실새내,21,17
20250510,홍대입구,잠실새내,22,23
20250510,홍대입구,잠실새내,23,6
20250510,홍대입구,종합운동장,5,3
20250510,홍대입구,종합운동장,6,10
20250510,홍대입구,종합운동장,7,6
20250510,홍대입구,종합운동장,8,2
20250510,홍대입구,종합운동장,9,3
20250510,홍대입구,종합운동장,10,3
20250510,홍대입구,종합운동장,11,1
20250510,홍대입구,종합운동장,12,2
20250510,홍대입구,종합운동장,13,8
20250510,홍대입구,종합운동장,14,20
20250510,홍대입구,종합운동장,15,88
20250510,홍대입구,종합운동장,16,44
20250510,홍대입구,종합운동장,17,5
20250510,홍대입구,종합운동장,18,2
20250510,홍대입구,종합운동장,19,4
20250510,홍대입구,종합운동장,20,3
20250510,홍대입구,종합운동장,21,6
20250510,홍대입구,종합운동장,22,3
20250510,홍대입구,종합운동장,23,4
20250510,홍대입구,충정로(경기대입구),5,6
20250510,홍대입구,충정로(경기대입구),6,5
20250510,홍대입구,충정로(경기대입구),7,4
20250510,홍대입구,충정로(경기대입구),8,7
20250510,홍대입구,충정로(경기대입구),9,6
20250510,홍대입구,충정로(경기대입구),10,10
20250510,홍대입구,충정로(경기대입구),11,7
20250510,홍대입구,충정로(경기대입구),12,13
20250510,홍대입구,충정로(경기대입구),13,15
20250510,홍대입구,충정로(경기대입구),14,10
20250510,홍대입구,충정로(경기대입구),15,16
20250510,홍대입구,충정로(경기대입구),16,13
20250510,홍대입구,충정로(경기대입구),17,22
20250510,홍대입구,충정로(경기대입구),18,24
20250510,홍대입구,충정로(경기대입구),19,8
20250510,홍대입구,충정로(경기대입구),20,22
20250510,홍대입구,충정로(경기대입구),21,30
20250510,홍대입구,충정로(경기대입구),22,26
20250510,홍대입구,충정로(경기대입구),23,20
20250510,홍대입구,한양대,4,1
20250510,홍대입구,한양대,5,7
20250510,홍대입구,한양대,6,3
20250510,홍대입구,한양대,7,2
20250510,홍대입구,한양대,8,6
20250510,홍대입구,한양대,9,4
20250510,홍대입구,한양대,10,6
20250510,홍대입구,한양대,11,6
20250510,홍대입구,한양대,12,13
20250510,홍대입구,한양대,13,12
20250510,홍대입구,한양대,14,11
20250510,홍대입구,한양대,15,11
20250510,홍대입구,한양대,16,7
20250510,홍대입구,한양대,17,16
20250510,홍대입구,한양대,18,14
20250510,홍대입구,한양대,19,13
20250510,홍대입구,한양대,20,19
20250510,홍대입구,한양대,21,16
20250510,홍대입구,한양대,22,18
20250510,홍대입구,한양대,23,11
20250510,홍대입구,합정,5,5
20250510,홍대입구,합정,6,11
20250510,홍대입구,합정,7,6
20250510,홍대입구,합정,8,18
20250510,홍대입구,합정,9,22
20250510,홍대입구,합정,10,44
20250510,홍대입구,합정,11,54
20250510,홍대입구,합정,12,99
20250510,홍대입구,합정,13,106
20250510,홍대입구,합정,14,113
20250510,홍대입구,합정,15,113
20250510,홍대입구,합정,16,235
20250510,홍대입구,합정,17,171
20250510,홍대입구,합정,18,176
20250510,홍대입구,합정,19,103
20250510,홍대입구,합정,20,125
20250510,홍대입구,합정,21,115
20250510,홍대입구,합정,22,81
20250510,홍대입구,합정,23,56
20250510,홍대입구,홍대입구,0,7
20250510,홍대입구,홍대입구,4,3
20250510,홍대입구,홍대입구,5,19
20250510,홍대입구,홍대입구,6,17
20250510,홍대입구,홍대입구,7,12
20250510,홍대입구,홍대입구,8,6
20250510,홍대입구,홍대입구,9,18
20250510,홍대입구,홍대입구,10,34
20250510,홍대입구,홍대입구,11,44
20250510,홍대입구,홍대입구,12,51
20250510,홍대입구,홍대입구,13,57
20250510,홍대입구,홍대입구,14,51
20250510,홍대입구,홍대입구,15,75
20250510,홍대입구,홍대입구,16,97
20250510,홍대입구,홍대입구,17,88
20250510,홍대입구,홍대입구,18,93
20250510,홍대입구,홍대입구,19,71
20250510,홍대입구,홍대입구,20,78
20250510,홍대입구,홍대입구,21,101
20250510,홍대입구,홍대입구,22,121
20250510,홍대입구,홍대입구,23,120
